mtllib LFinger23.mtl
o LFinger23
usemtl nao_texture
v 0.02300781 -0.0001979064 0.01400613
v 0.003007813 -0.0001979064 0.01400611
v 0.003007813 0.003274994 0.03370227
v 0.02300781 0.003274994 0.03370227
v 0.04260162 0.07179527 0.01852537
v 0.04728241 0.07310692 0.02008385
v 0.04503296 0.0670311 0.02919322
v 0.03960602 0.06688965 0.02754887
v 0.02723755 0.0611306 0.03214188
v 0.0259848 0.05184151 0.03788698
v 0.0241275 0.05887199 0.03227815
v 0.03240173 0.0621698 0.02856899
v 0.02966125 0.06135124 0.03162888
v 0.03052734 0.06026947 0.02657921
v 0.04323578 0.05737526 0.03728475
v 0.03870178 0.05817314 0.03675179
v 0.03753632 0.05740433 0.03575685
v 0.05792297 0.0740802 0.0138251
v 0.06053223 0.06771507 0.02350993
v 0.04850403 0.07598717 0.004201555
v 0.05388458 0.07748863 0.004275017
v 0.0378772 0.06266281 0.02555595
v 0.03572205 0.0642775 0.02253693
v 0.03361694 0.06245789 0.02102247
v 0.04094513 0.06644997 0.0173983
v 0.03536621 0.05596352 0.03392187
v 0.04662323 0.07004066 0.003581376
v 0.03751099 0.06739731 0.0144622
v 0.03531952 0.06565903 0.01363797
v 0.03680939 0.07027 0.006038056
v 0.03473938 0.06857445 0.006046376
v 0.0354834 0.07129883 0.001980705
v 0.03355652 0.06961456 0.002452473
v 0.05010315 0.07121124 -0.004755216
v 0.03841553 0.07189667 -0.006323214
v 0.08192383 0.07380615 0.003455725
v 0.08180817 0.06871887 0.01676997
v 0.02944 0.06780609 -0.003009853
v 0.0295636 0.06885483 -0.004856353
v 0.03258362 0.03658791 0.04435257
v 0.02735138 0.0412336 0.04333077
v 0.05455536 0.07641418 -0.01020197
v 0.05956665 0.07772537 -0.009533444
v 0.0353006 0.03379349 0.04878773
v 0.03047699 0.06583771 -0.001330313
v 0.03170288 0.06912567 -0.009429007
v 0.0294632 0.02127686 0.05097376
v 0.02501984 0.01580612 0.04281692
v 0.02547943 0.04061806 0.03959084
v 0.02722748 0.06206337 -0.003572564
v 0.02665131 0.06166313 -0.005953927
v 0.06055267 0.07207954 -0.02413197
v 0.06512176 0.07344513 -0.0230585
v 0.02309967 0.03982719 0.03482635
v 0.01981689 0.04024773 0.03696937
v 0.01626373 0.0385643 0.02693835
v 0.04053528 0.03634392 0.04730928
v 0.08324555 0.05549973 0.02696719
v 0.06300079 0.05668404 0.03089565
v 0.03093872 0.03512474 0.008410685
v 0.02697693 0.05893105 -0.002975397
v 0.006043701 0.04037697 0.0364822
v 0.005487976 0.0380619 0.02307631
v 0.02641571 0.05868935 -0.005384007
v 0.02884491 0.06184059 -0.01058941
v 0.02815155 0.05774773 -0.009053197
v 0.1261282 0.06792816 0.0127867
v 0.1222406 0.06912544 0.01344698
v 0.1187381 0.07243988 -0.0007068538
v 0.1219888 0.07082481 -0.001207466
v 0.001696166 0.05800735 -0.01023716
v 0.008703003 0.05781334 -0.01270721
v 0.009832153 0.058489 -0.007053347
v 0.004317932 0.0589003 -0.005175285
v 0.04013672 0.06416733 -0.02847116
v 0.04644501 0.06720955 -0.02687293
v 0.05732391 0.06845947 -0.02124618
v 0.02399872 0.05783226 -0.01125933
v 0.02183197 0.05849945 -0.005921936
v 0.01591553 0.05834373 -0.007345247
v 0.01645142 0.0576284 -0.01307627
v 0.01930542 0.01554413 0.04080903
v 0.005818482 0.01567131 0.04034537
v 0.08256775 0.07149879 -0.01632858
v 0.08210846 0.07363846 -0.002892866
v 0.1172589 0.07164803 -0.005004373
v 0.1188657 0.06779289 -0.01200052
v 0.03250488 0.03770065 0.02340481
v 0.08874421 0.03013504 0.03806777
v 0.05864929 0.03362923 0.0418825
v 0.1273099 0.06587845 0.008774285
v 0.1229239 0.06820671 -0.003255725
v 0.1285477 0.05372284 0.02457904
v 0.1244995 0.05419815 0.02581721
v 0.023302 0.03691627 0.01804859
v -0.004497986 0.03893555 0.02721713
v -0.00648468 0.0365834 0.01344875
v 0.005872498 0.03610153 0.01178862
v 0.1301187 0.05423737 0.022544
v 0.06615478 0.06274712 -0.03657336
v 0.07045624 0.06416298 -0.03582806
v 0.03675568 0.05797478 -0.0272164
v 0.03480926 0.05114403 -0.02300715
v -0.004497376 0.0142675 0.03127977
v 0.1340268 0.06448112 0.009043274
v 0.1345984 0.06641571 -0.004065223
v 0.1459463 0.05379257 0.02092377
v 0.004136963 0.03417541 0.0005281734
v 0.0007559204 0.03446358 0.001902046
v -0.007566834 0.04934273 -0.02680991
v 0.005454712 0.05110687 -0.02783025
v 0.01790375 0.05081039 -0.02842617
v 0.01899445 0.03366837 -0.001039934
v 0.01687592 0.03538345 0.008682976
v -0.006445923 0.01196175 0.01781372
v 0.08296418 0.06609596 -0.02905465
v 0.1150644 0.06390938 -0.0224393
v 0.1117349 0.06679291 -0.02091018
v 0.03868347 0.006678619 0.05579807
v 0.03476929 0.006765595 0.0560604
v 0.03002777 0.05112778 -0.02550677
v 0.0313559 0.006474991 0.05405903
v 0.02990173 0.006554337 0.0543062
v 0.1079465 0.06043808 -0.03178244
v 0.1300473 0.03900864 0.03121881
v 0.1260953 0.02961212 0.03621158
v 0.1642972 0.05376305 0.01224601
v 0.1625333 0.05072441 0.02059809
v 0.006789551 0.0151873 0.02590173
v 0.01535431 0.01558197 0.02898007
v 0.01567657 0.03627762 0.02538902
v 0.007116089 0.03587006 0.02231446
v 0.005107422 0.01343307 0.02734565
v 0.01588348 0.01393539 0.03120766
v 0.1455121 0.04001846 0.02999147
v 0.1616354 0.0407943 0.02951458
v 0.02515076 0.00474884 0.04484564
v 0.1666827 0.04800644 0.02106611
v 0.1183411 0.06619392 -0.01593414
v 0.1349527 0.06284386 -0.01595962
v 0.1715845 0.04393806 0.01912013
v 0.007091675 0.0136277 0.01692399
v 0.005460205 0.01442009 0.02136709
v 0.007416382 0.03431908 0.01334161
v 0.05138611 0.05866882 -0.03962874
v 0.04527801 0.05599968 -0.03998147
v 0.003433838 0.01246826 0.02163712
v 0.111293 0.05759315 -0.03240601
v 0.03720612 0.04677757 -0.02799674
v 0.04151947 0.05122887 -0.03718988
v 0.0006265258 0.009894638 0.006525717
v 0.07245697 0.05915359 -0.04050419
v 0.08326172 0.05635841 -0.04005877
v 0.1670416 0.04024673 0.02810587
v 0.02095367 0.01426865 0.02190972
v 0.02127563 0.03496437 0.0183187
v 0.02292175 0.01228729 0.02231797
v 0.1309228 0.0292572 0.03448331
v 0.1135931 0.06031853 -0.02741745
v 0.1153979 0.06325317 -0.02225409
v 0.01584717 0.01305984 0.01446048
v 0.01617187 0.03375114 0.01087814
v 0.1186658 0.05938606 -0.02766952
v 0.005482788 0.01146996 0.01605927
v 0.05739899 0.01369507 0.03356957
v 0.05824615 0.01317612 0.03062881
v 0.01649567 0.01075462 0.01295234
v -0.01243744 0.03861397 -0.03401865
v 0.002685852 0.03809929 -0.03883376
v 0.01897797 0.03770676 -0.03961906
v 0.1451251 0.02222801 0.03685492
v 0.1611203 0.02476036 0.03665174
v 0.05781647 0.005297165 0.04965967
v 0.08825226 0.004087448 0.04525204
v 0.1352557 0.05569458 -0.02654482
v 0.053862 0.05032677 -0.04634786
v 0.07064484 0.04709908 -0.04640462
v 0.06433166 0.06023682 -0.03571963
v 0.1668274 0.02422264 0.03547697
v 0.04787323 0.04830765 -0.04586947
v 0.04394104 0.044963 -0.04219675
v 0.03482819 0.038125 -0.03579593
v 0.003852844 0.009483337 0.004449325
v 0.1715076 0.03094444 0.02965588
v 0.1743393 0.01540894 0.03229092
v 0.03982605 0.009889755 0.01005496
v 0.04209351 0.01062881 0.01450022
v 0.04006439 0.03764954 -0.03389329
v 0.1049457 0.05184746 -0.04003652
v 0.07497559 0.049935 -0.04615631
v 0.1660483 0.04776161 -0.01565539
v 0.1659375 0.04928337 -0.01224445
v 0.1093521 0.05126656 -0.03774965
v 0.118898 0.04919868 -0.03745097
v 0.1788678 0.02957375 0.02170926
v 0.1656232 0.05209007 -0.002568126
v 0.1745664 0.04079742 -0.0004195928
v 0.0007348632 0.02034897 -0.04441376
v -0.01645599 0.02162689 -0.03845018
v 0.03991608 0.008412094 0.001536483
v 0.02443298 0.008479157 0.0005083036
v 0.1052887 0.03847801 -0.04540203
v 0.01733887 0.007753983 -0.004303403
v 0.07273437 0.03874863 -0.04956232
v 0.07612976 0.0434166 -0.04834978
v 0.102301 0.03933907 -0.04621564
v 0.1354523 0.04553566 -0.03513357
v 0.1741788 0.03923141 -0.01033154
v 0.04596893 0.03356163 -0.04629492
v 0.05000549 0.03479919 -0.050599
v 0.08339905 0.04195724 -0.04791864
v 0.166246 0.03938011 -0.02359068
v 0.1325665 0.002734909 0.04161942
v 0.1447885 0.002539826 0.04156631
v 0.05586884 0.03560867 -0.05178817
v 0.01953033 0.01989174 -0.04532462
v 0.1607233 0.002383041 0.04211103
v 0.1662616 0.002001953 0.04078534
v 0.1746454 0.00087471 0.03456486
v 0.1815418 0.01404167 0.0243436
v 0.1817532 0.02643959 0.002164907
v -0.01785461 0.001299438 -0.03788897
v -0.0001641845 -2.197265e-05 -0.04388599
v 0.03781921 0.02037308 -0.04090775
v 0.04249115 0.02065491 -0.03875097
v 0.1017545 0.03556885 -0.04719254
v 0.1045172 0.03453964 -0.046842
v 0.1814642 -0.0006249237 0.026529
v 0.180806 0.02488434 -0.007759867
v 0.1355151 0.03250648 -0.04047872
v 0.07613373 0.008133316 -0.05362219
v 0.07869873 0.02510468 -0.0526245
v 0.1769806 0.02342834 -0.0173215
v 0.170531 0.03778137 -0.01988159
v 0.1662982 0.02155731 -0.0299135
v 0.09968445 0.02006241 -0.050494
v 0.08338562 0.02445183 -0.05221036
v 0.1854596 0.01089905 0.004832435
v -0.0178598 -0.001743087 -0.03738329
v 0.01220367 -0.003470688 -0.04461265
v 0.1038504 0.01858971 -0.04857292
v 0.13543 0.01787178 -0.04224249
v 0.04655212 0.008971253 -0.04714288
v 0.05061859 0.008526917 -0.05151664
v 0.01949829 -0.0004919433 -0.04483563
v 0.03863342 1.487731e-05 -0.04022389
v 0.04254639 0.0002473449 -0.03851809
v 0.1839023 0.009341583 -0.005120783
v 0.056409 0.007394333 -0.05268304
v -0.01380005 -0.0004453277 -0.02951736
v 0.01218079 -0.001938552 -0.03579573
v 0.038508 -0.001366195 -0.03011425
v 0.04240875 -0.002822037 -0.03819759
v 0.1858298 -0.004018784 0.007332244
v 0.07366455 0.006603623 -0.0511051
v 0.1798547 0.007890473 -0.01468785
v 0.1661459 0.005710831 -0.02979084
v 0.08016449 0.005828171 -0.05380104
v 0.08325531 0.005614166 -0.05368014
v 0.09815949 0.003776779 -0.05175358
v 0.1839719 -0.005964127 -0.004019976
v 0.04197693 -0.009490967 -0.03717122
v 0.04550568 -0.01083466 -0.04459686
v 0.1013092 0.003273697 -0.05062842
v 0.1028076 0.01914795 -0.04964103
v 0.05006958 -0.01147697 -0.04786781
v 0.05545593 -0.01195984 -0.05022116
v 0.1800342 -0.00729866 -0.01206573
v 0.0741391 -0.01217285 -0.04975008
v 0.07492828 -0.01239899 -0.05096361
v 0.08456025 -0.01275871 -0.05216417
v 0.08073334 -0.01280441 -0.0527689
v 0.09740967 -0.01268372 -0.05057601
v 0.1659576 -0.009964829 -0.02872654
v 0.09878754 -0.01265175 -0.0503056
v 0.004767151 -0.008245468 0.03109889
v 0.01554352 -0.007738953 0.03497442
v 0.02101715 -0.006192856 0.04436811
v 0.00548584 -0.005996018 0.04410223
v 0.02258118 -0.009391174 0.02607117
v 0.03444214 -0.0211026 0.05830101
v 0.03161316 -0.02514412 0.05505375
v 0.03957764 -0.02416084 0.05784749
v 0.01495575 -0.01002975 0.03341161
v 0.006393433 -0.01042877 0.03034192
v 0.02055481 -0.011343 0.02634123
v -0.006786194 -0.009716721 0.02156692
v 0.005142212 -0.01020851 0.0198125
v -0.00483551 -0.00741539 0.03504168
v 0.006695252 -0.01198837 0.02136418
v 0.04175384 -0.01104553 0.01826694
v 0.05068665 -0.00915123 0.02996778
v 0.02623871 -0.02969673 0.05562882
v 0.0289975 -0.008406677 0.05611927
v -0.005608826 -0.03200325 0.03951025
v 0.004942322 -0.03055923 0.04877411
v 0.01871582 -0.03068855 0.04926126
v 0.08791962 -0.02289398 0.04726493
v 0.05774353 -0.02398521 0.05187064
v 0.01544128 -0.01255882 0.01890193
v 0.01615326 -0.01091537 0.01671041
v 0.02492249 -0.006015167 0.04684542
v 0.02436859 -0.03032082 0.05188404
v 0.0002859497 -0.0117839 0.01027901
v 0.003512268 -0.01219513 0.008202536
v -0.00759552 -0.03435547 0.02574193
v 0.01515137 -0.03236603 0.0392364
v 0.02198883 -0.03111168 0.04711954
v 0.006068726 -0.03112007 0.03392431
v 0.01463196 -0.03071686 0.03700752
v 0.00637146 -0.03267548 0.02496007
v 0.004386597 -0.0328743 0.03536823
v 0.03888824 -0.01255608 0.009267144
v 0.05785431 -0.04865509 0.05115922
v 0.04160675 -0.04740379 0.05544785
v 0.01699646 -0.01391594 -0.0005453348
v 0.02409241 -0.01319939 0.004261513
v 0.02310486 -0.0514595 0.05223618
v 0.03376678 -0.04697693 0.05175553
v -0.0003564453 -0.03646667 0.01420011
v 0.03958496 -0.01326378 0.005288386
v 0.02023102 -0.03203018 0.0299371
v 0.01512451 -0.03323891 0.02248792
v 0.03140381 -0.03323563 0.03569667
v 0.02220062 -0.03402 0.0303405
v 0.1661301 -0.02056671 0.04323924
v 0.1604187 -0.02049843 0.04449923
v 0.004761963 -0.03483742 0.0240818
v 0.03589203 -0.04777641 0.05398497
v 0.03704315 -0.04820541 0.05519316
v 0.02243408 -0.04992172 0.05113752
v 0.02468109 -0.05070572 0.04980149
v 0.1288766 -0.03534943 0.04392137
v 0.1252185 -0.02435822 0.04548576
v 0.1300183 -0.02455368 0.04356915
v 0.1738898 -0.01356789 0.03730732
v 0.1810901 -0.01516983 0.02940258
v 0.02546661 -0.05218697 0.05178801
v 0.003026123 -0.03676346 0.01282136
v 0.03057404 -0.0545285 0.04880506
v 0.122858 -0.05074379 0.04401621
v 0.08059449 -0.05040337 0.04516328
v 0.03712585 -0.05858177 0.043448
v 0.02983765 -0.03581154 0.02070259
v 0.01789154 -0.03725929 0.01125684
v 0.01577301 -0.0355442 0.02097972
v -0.01401093 -0.01374825 -0.02721124
v -0.01806122 -0.01504333 -0.03507845
v 0.01199097 -0.01676506 -0.04230166
v 0.01197937 -0.01523888 -0.03349088
v 0.04297791 -0.05941177 0.05127964
v 0.03762665 -0.05953331 0.0494625
v 0.05850891 -0.06230515 0.04604979
v 0.165809 -0.03835258 0.04159634
v 0.160397 -0.03800499 0.04317049
v 0.03175171 -0.05737679 0.04179457
v 0.02874542 -0.05335976 0.04627727
v 0.0338031 -0.05863747 0.04384353
v 0.1705692 -0.02899063 0.04004027
v -0.01815857 -0.01807137 -0.03452826
v -0.0004678344 -0.01939278 -0.04052527
v 0.1849979 -0.01890053 0.009998605
v 0.04220734 -0.01612228 -0.03589276
v 0.03815338 -0.01467255 -0.02787395
v 0.05579315 -0.01527184 -0.0297285
v 0.05611969 -0.01626038 -0.03540231
v 0.01919434 -0.01986275 -0.04147488
v 0.03832977 -0.01935585 -0.03686316
v 0.1779297 -0.03060043 0.03214486
v 0.1701953 -0.04475922 0.03449201
v 0.03331299 -0.06292877 0.035922
v 0.03542267 -0.0645327 0.03707375
v 0.0403894 -0.06433601 0.03658357
v 0.1259531 -0.05098068 0.04349967
v 0.128483 -0.05059639 0.04139823
v 0.1442868 -0.05265182 0.03937799
v 0.1443164 -0.0366349 0.04327468
v 0.04506714 -0.06812851 0.04456881
v 0.05497681 -0.07098892 0.03956115
v 0.01402344 -0.06250946 0.01360789
v 0.007940064 -0.0623642 0.01389981
v 0.007479858 -0.06296677 0.01164897
v 0.001724548 -0.06233276 0.01444804
v 0.002425842 -0.0619529 0.01577785
v 0.1651456 -0.04823807 0.03736486
v 0.1607733 -0.04814278 0.03952817
v 0.01993988 -0.06235367 0.01503122
v 0.02508667 -0.06193069 0.01797291
v 0.01424377 -0.06312927 0.01132145
v -0.01725677 -0.03871361 -0.02765176
v -0.0001409912 -0.03962173 -0.03371783
v 0.01855835 -0.04006836 -0.03461983
v 0.034133 -0.07084351 0.02890864
v 0.03217865 -0.06913261 0.02850878
v -0.01305237 -0.0535022 -0.01647898
v 0.001455383 -0.05480949 -0.02159785
v 0.02081818 -0.06296082 0.01291586
v 0.02482697 -0.06256645 0.01496702
v 0.04440277 -0.0709462 0.02807901
v 0.004109802 -0.06295204 -0.005777893
v -0.00650238 -0.06175949 -0.002052273
v 0.02523773 -0.06508797 0.01846915
v 0.02838776 -0.06798668 0.02186337
v 0.0313681 -0.07035912 0.02671869
v 0.1319797 -0.06636002 0.03172544
v 0.02916595 -0.07146698 0.02323519
v 0.04593292 -0.03135109 -0.0400462
v 0.04224274 -0.01912346 -0.03515739
v 0.04998047 -0.03256355 -0.04428664
v 0.03676147 -0.03959068 -0.03022726
v 0.02791656 -0.07101402 0.02166158
v 0.03323822 -0.07215858 0.0268537
v 0.1807983 -0.03430534 0.0126953
v 0.02823303 -0.07278229 0.02050836
v 0.02467133 -0.06548546 0.0160865
v 0.03000092 -0.07338058 0.02252321
v 0.01742249 -0.05519371 -0.0223697
v 0.07970245 -0.06615845 0.04014732
v 0.0784494 -0.07182365 0.03552925
v 0.1618002 -0.05468452 0.03393415
v 0.02791412 -0.06797897 0.009598425
v 0.04082275 -0.06759544 0.04291807
v 0.04612701 -0.0762207 0.03058511
v 0.05097931 -0.07614349 0.03187026
v 0.0478302 -0.07479454 0.02054678
v 0.03506103 -0.07435051 0.02202405
v 0.05581573 -0.03296036 -0.04554068
v 0.07305084 -0.03107666 -0.04448735
v 0.04146271 -0.03961784 -0.02794731
v 0.0448584 -0.05138672 -0.03228867
v 0.1201123 -0.06879074 0.03744091
v 0.1240036 -0.06809669 0.0363695
v 0.01590912 -0.06323173 -0.006346955
v 0.02738922 -0.06293335 -0.003582573
v 0.03295074 -0.05478493 -0.01862401
v 0.03865265 -0.0527018 -0.01822672
v 0.03536468 -0.05946617 -0.009158225
v 0.1252283 -0.06755531 0.03189942
v 0.1656763 -0.02515526 -0.02486681
v 0.1793744 -0.02247116 -0.009422155
v 0.03061401 -0.07454842 0.01278028
v 0.07956909 -0.07546532 0.0293209
v 0.08269654 -0.03052071 -0.04742144
v 0.09793976 -0.02831573 -0.04533935
v 0.1008224 -0.0278334 -0.04524439
v 0.1027399 -0.02647469 -0.0430459
v 0.1029501 -0.01191032 -0.0456212
v 0.1625833 -0.05610786 0.03128926
v 0.1029074 -0.04163727 -0.0381282
v 0.03718079 -0.07646568 0.01652671
v 0.1731647 -0.04848343 0.01505086
v 0.08226136 -0.04775917 -0.0396959
v 0.07938171 -0.03042427 -0.04696201
v 0.03210571 -0.06222275 -0.001219053
v 0.03300507 -0.06958717 -0.001229367
v 0.04884796 -0.05390732 -0.0360132
v 0.1182458 -0.07275352 0.03124864
v 0.1219543 -0.07314621 0.03069056
v 0.08019776 -0.07993919 0.009914305
v 0.05459686 -0.08105973 0.0240865
v 0.165329 -0.04004646 -0.01917031
v 0.1760306 -0.0378862 -0.006690397
v 0.1798554 -0.03615395 0.002816095
v 0.172778 -0.05032577 0.005194173
v 0.03607605 -0.07607521 0.0002947235
v 0.05467346 -0.05511307 -0.03691447
v 0.1638785 -0.05992851 0.01685524
v 0.09874115 -0.04337929 -0.03932056
v 0.04235229 -0.07848434 0.003199415
v 0.05008484 -0.07629051 0.01546721
v 0.05503509 -0.07797249 0.004143124
v 0.04301422 -0.06050438 -0.02575993
v 0.03953766 -0.06679146 -0.0164067
v 0.07208374 -0.05083725 -0.03738243
v 0.1209363 -0.07348351 0.02182431
v 0.1194019 -0.0758046 0.02427942
v 0.04689423 -0.06449882 -0.02853003
v 0.1642291 -0.06029137 0.006751986
v 0.1164181 -0.07666359 0.02514199
v 0.07549499 -0.03265709 -0.04655105
v 0.07730194 -0.04816826 -0.03928154
v 0.05814331 -0.08244912 0.002647915
v 0.05208618 -0.08165551 0.01720239
v 0.06306457 -0.08366539 0.003171806
v 0.07293945 -0.05145905 -0.03783333
v 0.1324249 -0.07259933 0.02003902
v 0.1691232 -0.05206337 -0.004304247
v 0.1647791 -0.05535828 -0.007617474
v 0.05272461 -0.0667083 -0.02844174
v 0.04312225 -0.07237228 -0.0173491
v 0.06958862 -0.06506523 -0.02831076
v 0.07420135 -0.0635038 -0.02906956
v 0.110986 -0.07724426 0.008503225
v 0.132829 -0.07325531 0.007631226
v 0.049151 -0.07496025 -0.01602869
v 0.1161233 -0.07589874 0.008703265
v 0.08176178 -0.06279579 -0.02976305
v 0.1004987 -0.05665558 -0.03051379
v 0.1032117 -0.05595848 -0.03100226
v 0.1341794 -0.0529702 -0.02566215
v 0.134527 -0.03978424 -0.03224174
v 0.13375 -0.06343811 -0.01624801
v 0.06395325 -0.0780162 -0.01217494
v 0.06262146 -0.0750135 -0.01312838
v 0.101597 -0.0649015 -0.02504951
v 0.1644138 -0.05977676 0.001423063
v 0.1332938 -0.07009193 -0.004738746
v 0.08069367 -0.07915138 -0.003874793
v 0.064823 -0.08179688 -0.001739745
v 0.1061319 -0.07582787 -0.007252083
v 0.06805878 -0.07837715 -0.01073322
v 0.1056882 -0.06559898 -0.02223729
v 0.1165933 -0.07344688 -0.004633203
v 0.1114899 -0.07408089 -0.004120445
v 0.07073364 -0.07553955 -0.01817975
v 0.08122559 -0.07368866 -0.01751747
v 0.1036652 -0.06988899 -0.01691665
v 0.1170801 -0.06715477 -0.01728435
v 0.1074771 -0.06891296 -0.01690805
v 0.05037292 0.01238861 0.02542286
v 0.05616638 -0.008485489 0.03432919
v 0.05697845 -0.008536911 0.0341125
v 0.1819138 -0.02105904 -0.0006019353
v 0.1032492 0.00269249 -0.0479238
v 0.1267691 0.003277893 0.04415224
v 0.04910675 -0.07893814 0.02389374
v 0.04941681 -0.001477432 -0.02979518
v 0.05237488 -0.00260376 -0.03603757
v 0.144538 -0.01824821 0.04247285
v 0.1350119 -0.01130569 -0.03926918
v 0.1352209 0.003283005 -0.04075582
v 0.1347693 -0.02554497 -0.03575546
vt 0.0596835 0.726138
vt 0.0596835 0.7199695
vt 0.05351501 0.7199695
vt 0.1234232 0.7513499
vt 0.1235516 0.7522132
vt 0.1254985 0.752212
vt 0.127415 0.7496329
vt 0.129238 0.7496266
vt 0.1278041 0.7495258
vt 0.127231 0.749749
vt 0.127415 0.7496329
vt 0.1265118 0.7492684
vt 0.1277974 0.7517296
vt 0.125398 0.7512727
vt 0.1254985 0.752212
vt 0.1277974 0.7517296
vt 0.1277585 0.7515004
vt 0.125398 0.7512727
vt 0.1235516 0.7522132
vt 0.1224004 0.7538218
vt 0.1242407 0.7545057
vt 0.1235516 0.7522132
vt 0.1234232 0.7513499
vt 0.1204773 0.7521424
vt 0.1256069 0.7504613
vt 0.1265763 0.7498482
vt 0.1250435 0.7497286
vt 0.1265763 0.7498482
vt 0.1265118 0.7492684
vt 0.1250307 0.7490518
vt 0.1265118 0.7492684
vt 0.127415 0.7496329
vt 0.1278041 0.7495258
vt 0.1234731 0.7502425
vt 0.1234232 0.7513499
vt 0.125398 0.7512727
vt 0.1277585 0.7515004
vt 0.1278541 0.7510298
vt 0.1256069 0.7504613
vt 0.127415 0.7496329
vt 0.1278541 0.7510298
vt 0.129238 0.7496266
vt 0.127231 0.749749
vt 0.1278541 0.7510298
vt 0.127415 0.7496329
vt 0.1234232 0.7513499
vt 0.1234731 0.7502425
vt 0.1201413 0.7509617
vt 0.1234731 0.7502425
vt 0.1256069 0.7504613
vt 0.1250435 0.7497286
vt 0.1250435 0.7497286
vt 0.1250307 0.7490518
vt 0.1229681 0.7486918
vt 0.1228874 0.7493511
vt 0.1229681 0.7486918
vt 0.1207747 0.7480091
vt 0.1205822 0.748696
vt 0.1207747 0.7480091
vt 0.1193574 0.7475278
vt 0.1205822 0.748696
vt 0.1201413 0.7509617
vt 0.1234731 0.7502425
vt 0.1205822 0.748696
vt 0.1193272 0.7482662
vt 0.1174822 0.7492735
vt 0.1224004 0.7538218
vt 0.1211612 0.7570852
vt 0.1230941 0.757171
vt 0.1206022 0.7530951
vt 0.1211612 0.7570852
vt 0.1224004 0.7538218
vt 0.1193574 0.7475278
vt 0.1176621 0.7464809
vt 0.1173063 0.7468642
vt 0.1324815 0.7519351
vt 0.1316817 0.750127
vt 0.129238 0.7496266
vt 0.1206022 0.7530951
vt 0.1204773 0.7521424
vt 0.1181126 0.7534285
vt 0.1324815 0.7519351
vt 0.1278541 0.7510298
vt 0.1277585 0.7515004
vt 0.1182078 0.7459574
vt 0.1176621 0.7464809
vt 0.1193574 0.7475278
vt 0.1205822 0.748696
vt 0.1184154 0.7518516
vt 0.1201413 0.7509617
vt 0.1184154 0.7518516
vt 0.1181126 0.7534285
vt 0.1204773 0.7521424
vt 0.1174822 0.7492735
vt 0.1193272 0.7482662
vt 0.1173063 0.7468642
vt 0.1324815 0.7519351
vt 0.1367996 0.7542092
vt 0.1316817 0.750127
vt 0.1315726 0.7488979
vt 0.1316817 0.750127
vt 0.1367996 0.7542092
vt 0.1172233 0.744658
vt 0.1176621 0.7464809
vt 0.1182078 0.7459574
vt 0.1172233 0.744658
vt 0.1162357 0.7446433
vt 0.1173063 0.7468642
vt 0.1184874 0.754174
vt 0.1181126 0.7534285
vt 0.1159437 0.7550141
vt 0.129238 0.7496266
vt 0.1315726 0.7488979
vt 0.1306899 0.7473263
vt 0.1321116 0.7471653
vt 0.1308835 0.7447302
vt 0.1306899 0.7473263
vt 0.1322741 0.7543006
vt 0.1331767 0.7536212
vt 0.1277585 0.7515004
vt 0.1251927 0.7578918
vt 0.1261853 0.7555475
vt 0.1242407 0.7545057
vt 0.1182078 0.7459574
vt 0.1258683 0.7437659
vt 0.1176796 0.743434
vt 0.1334795 0.7446268
vt 0.1320118 0.7425092
vt 0.1308835 0.7447302
vt 0.1172233 0.744658
vt 0.1176796 0.743434
vt 0.1161845 0.7432219
vt 0.1145438 0.7458155
vt 0.1161962 0.7476694
vt 0.1173063 0.7468642
vt 0.1162357 0.7446433
vt 0.1161845 0.7432219
vt 0.1139965 0.7440353
vt 0.122682 0.7603016
vt 0.1215143 0.7600676
vt 0.1215886 0.7602612
vt 0.1096348 0.7261603
vt 0.1096985 0.7324981
vt 0.1147153 0.7325701
vt 0.1132222 0.7527076
vt 0.1174822 0.7492735
vt 0.1161962 0.7476694
vt 0.1132222 0.7527076
vt 0.1154578 0.7541554
vt 0.1184154 0.7518516
vt 0.1127639 0.741947
vt 0.1139965 0.7440353
vt 0.1161845 0.7432219
vt 0.1147153 0.7325701
vt 0.1096985 0.7324981
vt 0.1108493 0.7378149
vt 0.1158901 0.7405019
vt 0.1148344 0.7368812
vt 0.1108493 0.7378149
vt 0.1402613 0.7513793
vt 0.1393539 0.7486882
vt 0.1321116 0.7471653
vt 0.1181126 0.7534285
vt 0.1184154 0.7518516
vt 0.1154578 0.7541554
vt 0.1393539 0.7486882
vt 0.1382685 0.7455149
vt 0.1334795 0.7446268
vt 0.118358 0.7574933
vt 0.1201526 0.7570681
vt 0.1184874 0.754174
vt 0.1211313 0.7600521
vt 0.1206087 0.7603879
vt 0.1215886 0.7602612
vt 0.1306899 0.7473263
vt 0.1279228 0.7457606
vt 0.1265118 0.7492684
vt 0.1301716 0.7572584
vt 0.1261853 0.7555475
vt 0.1251927 0.7578918
vt 0.1215886 0.7602612
vt 0.1225568 0.7605858
vt 0.1227226 0.7604667
vt 0.1214897 0.7603903
vt 0.1225568 0.7605858
vt 0.1215886 0.7602612
vt 0.1240759 0.7608875
vt 0.122682 0.7603016
vt 0.1227226 0.7604667
vt 0.1279228 0.7457606
vt 0.1306899 0.7473263
vt 0.1308835 0.7447302
vt 0.1320118 0.7425092
vt 0.1338377 0.7424127
vt 0.1335444 0.7399636
vt 0.1239829 0.760968
vt 0.1240479 0.7610226
vt 0.1227226 0.7604667
vt 0.1147532 0.7573563
vt 0.1165544 0.7555302
vt 0.1159437 0.7550141
vt 0.1145438 0.7458155
vt 0.1100012 0.7507107
vt 0.1117472 0.7517506
vt 0.1145438 0.7458155
vt 0.1139965 0.7440353
vt 0.1079506 0.7486871
vt 0.1334795 0.7446268
vt 0.1382685 0.7455149
vt 0.1381896 0.7431881
vt 0.1225568 0.7605858
vt 0.1214897 0.7603903
vt 0.121791 0.7611301
vt 0.1239829 0.760968
vt 0.1225568 0.7605858
vt 0.1227397 0.7610055
vt 0.1309005 0.7398445
vt 0.1335444 0.7399636
vt 0.1322427 0.7364753
vt 0.09747707 0.7356273
vt 0.1096985 0.7324981
vt 0.1096348 0.7261603
vt 0.1016111 0.7424414
vt 0.1108493 0.7378149
vt 0.1096985 0.7324981
vt 0.1147153 0.7325701
vt 0.1148344 0.7368812
vt 0.1253902 0.740149
vt 0.1290749 0.7353904
vt 0.1253902 0.740149
vt 0.127986 0.7412028
vt 0.1229681 0.7486918
vt 0.1279228 0.7457606
vt 0.1258683 0.7437659
vt 0.1193574 0.7475278
vt 0.1258683 0.7437659
vt 0.1182078 0.7459574
vt 0.1176796 0.743434
vt 0.1258683 0.7437659
vt 0.1253902 0.740149
vt 0.1338377 0.7424127
vt 0.1381896 0.7431881
vt 0.1385818 0.7409681
vt 0.1165544 0.7555302
vt 0.1147532 0.7573563
vt 0.1166812 0.7582905
vt 0.1206087 0.7603879
vt 0.1211313 0.7600521
vt 0.1194779 0.7602181
vt 0.137537 0.7601133
vt 0.1386907 0.7596596
vt 0.1331767 0.7536212
vt 0.1059731 0.7471872
vt 0.1127639 0.741947
vt 0.1108493 0.7378149
vt 0.1399372 0.7591549
vt 0.1404499 0.7589451
vt 0.1367996 0.7542092
vt 0.1166812 0.7582905
vt 0.1182042 0.760672
vt 0.1194779 0.7602181
vt 0.1399372 0.7591549
vt 0.1324815 0.7519351
vt 0.1331767 0.7536212
vt 0.1250975 0.7615854
vt 0.1257231 0.7620339
vt 0.1240759 0.7608875
vt 0.1236639 0.7621309
vt 0.1239914 0.7621722
vt 0.1238597 0.7616976
vt 0.1158901 0.7405019
vt 0.1253902 0.740149
vt 0.1148344 0.7368812
vt 0.127986 0.7412028
vt 0.1253902 0.740149
vt 0.1258683 0.7437659
vt 0.1413242 0.7449124
vt 0.1415706 0.7436829
vt 0.1414123 0.7434721
vt 0.1382685 0.7455149
vt 0.1393539 0.7486882
vt 0.1408789 0.7459614
vt 0.1399855 0.7437208
vt 0.1408789 0.7459614
vt 0.1413242 0.7449124
vt 0.1239829 0.760968
vt 0.1238597 0.7616976
vt 0.1247324 0.7620746
vt 0.1238597 0.7616976
vt 0.1239914 0.7621722
vt 0.1244987 0.7624081
vt 0.1402613 0.7513793
vt 0.1367996 0.7542092
vt 0.1404499 0.7589451
vt 0.1239914 0.7621722
vt 0.1236639 0.7621309
vt 0.1241045 0.7622633
vt 0.1214897 0.7603903
vt 0.1202925 0.7604308
vt 0.1209817 0.7614274
vt 0.1236639 0.7621309
vt 0.1241534 0.7623759
vt 0.1241045 0.7622633
vt 0.1407922 0.7427725
vt 0.1414123 0.7434721
vt 0.1415349 0.7432689
vt 0.1110231 0.7554769
vt 0.1132222 0.7527076
vt 0.1117472 0.7517506
vt 0.1401774 0.7423803
vt 0.1399855 0.7437208
vt 0.1406261 0.7437368
vt 0.1194917 0.7605757
vt 0.1194779 0.7602181
vt 0.1182042 0.760672
vt 0.1059196 0.7511062
vt 0.1080902 0.7541453
vt 0.1100012 0.7507107
vt 0.1335444 0.7399636
vt 0.1385818 0.7409681
vt 0.1399298 0.7382056
vt 0.1401774 0.7423803
vt 0.1385818 0.7409681
vt 0.1381896 0.7431881
vt 0.1147532 0.7573563
vt 0.1140653 0.758274
vt 0.1150725 0.7595572
vt 0.1244987 0.7624081
vt 0.1239914 0.7621722
vt 0.1241045 0.7622633
vt 0.1427845 0.7443576
vt 0.1417912 0.7436045
vt 0.1415706 0.7436829
vt 0.1408789 0.7459614
vt 0.1436497 0.7450661
vt 0.1427845 0.7443576
vt 0.1257231 0.7620339
vt 0.1250975 0.7615854
vt 0.125635 0.7620733
vt 0.1189767 0.7607562
vt 0.1195288 0.7605844
vt 0.1194917 0.7605757
vt 0.1414053 0.7421213
vt 0.1415349 0.7432689
vt 0.1417778 0.7433492
vt 0.1100012 0.7507107
vt 0.1080902 0.7541453
vt 0.1096506 0.7548443
vt 0.1140653 0.758274
vt 0.1147532 0.7573563
vt 0.1140105 0.7569606
vt 0.1408789 0.7459614
vt 0.1393539 0.7486882
vt 0.1402613 0.7513793
vt 0.1195288 0.7605844
vt 0.1189767 0.7607562
vt 0.1192737 0.7610733
vt 0.140935 0.7412283
vt 0.1401774 0.7423803
vt 0.1407922 0.7427725
vt 0.1402613 0.7513793
vt 0.1511555 0.7545711
vt 0.1519374 0.7538786
vt 0.1427845 0.7443576
vt 0.1427428 0.7426318
vt 0.1417778 0.7433492
vt 0.1436497 0.7450661
vt 0.1434971 0.7419056
vt 0.1427428 0.7426318
vt 0.08702313 0.7420268
vt 0.09747707 0.7356273
vt 0.09096175 0.7271233
vt 0.09433126 0.7490328
vt 0.1016111 0.7424414
vt 0.09747707 0.7356273
vt 0.1434971 0.7419056
vt 0.140935 0.7412283
vt 0.1414053 0.7421213
vt 0.1247324 0.7620746
vt 0.125504 0.7627567
vt 0.125635 0.7620733
vt 0.1247324 0.7620746
vt 0.1244987 0.7624081
vt 0.1251155 0.7628754
vt 0.133471 0.7616951
vt 0.1301716 0.7572584
vt 0.1276077 0.7602551
vt 0.140935 0.7412283
vt 0.1399298 0.7382056
vt 0.1385818 0.7409681
vt 0.1209817 0.7614274
vt 0.1202925 0.7604308
vt 0.1192737 0.7610733
vt 0.1097592 0.7574466
vt 0.1121322 0.7598077
vt 0.1133797 0.7568009
vt 0.1251615 0.7627893
vt 0.1251155 0.7628754
vt 0.1244987 0.7624081
vt 0.1096506 0.7548443
vt 0.1084263 0.7568937
vt 0.1097592 0.7574466
vt 0.1080902 0.7541453
vt 0.1069071 0.7562578
vt 0.1084263 0.7568937
vt 0.1059731 0.7471872
vt 0.1016111 0.7424414
vt 0.09433126 0.7490328
vt 0.141392 0.7380518
vt 0.1399298 0.7382056
vt 0.140935 0.7412283
vt 0.124832 0.7625934
vt 0.1253765 0.762984
vt 0.1251615 0.7627893
vt 0.1501201 0.7445617
vt 0.1434971 0.7419056
vt 0.1436497 0.7450661
vt 0.1010587 0.7535792
vt 0.1029932 0.7549503
vt 0.1059196 0.7511062
vt 0.1029932 0.7549503
vt 0.1069071 0.7562578
vt 0.1080902 0.7541453
vt 0.1150725 0.7595572
vt 0.1170803 0.7613918
vt 0.1182042 0.760672
vt 0.1140653 0.758274
vt 0.1140105 0.7569606
vt 0.1121322 0.7598077
vt 0.1202802 0.7618882
vt 0.122489 0.7623222
vt 0.1226789 0.7624029
vt 0.1176289 0.7615389
vt 0.1184574 0.7620336
vt 0.1183447 0.7610009
vt 0.124832 0.7625934
vt 0.1244755 0.7624163
vt 0.1241534 0.7623759
vt 0.1236639 0.7621309
vt 0.1230778 0.7622591
vt 0.1235466 0.7625452
vt 0.1183447 0.7610009
vt 0.1184574 0.7620336
vt 0.1192737 0.7610733
vt 0.07812505 0.7520884
vt 0.08702313 0.7420268
vt 0.078781 0.732147
vt 0.1473733 0.7397241
vt 0.1434971 0.7419056
vt 0.1501201 0.7445617
vt 0.1176289 0.7615389
vt 0.1183447 0.7610009
vt 0.1182042 0.760672
vt 0.1163532 0.7627334
vt 0.1184574 0.7620336
vt 0.1176289 0.7615389
vt 0.141392 0.7380518
vt 0.140935 0.7412283
vt 0.1434971 0.7419056
vt 0.146106 0.7374921
vt 0.1434971 0.7419056
vt 0.1473733 0.7397241
vt 0.1121322 0.7598077
vt 0.1115455 0.7612738
vt 0.1125794 0.7608183
vt 0.1163532 0.7627334
vt 0.1176289 0.7615389
vt 0.1170803 0.7613918
vt 0.1202802 0.7618882
vt 0.1192737 0.7610733
vt 0.1184574 0.7620336
vt 0.1235466 0.7625452
vt 0.1230778 0.7622591
vt 0.1226789 0.7624029
vt 0.122489 0.7623222
vt 0.1230893 0.7626198
vt 0.1226789 0.7624029
vt 0.1069071 0.7562578
vt 0.1050283 0.7594991
vt 0.106556 0.760052
vt 0.1131251 0.7598045
vt 0.1125794 0.7608183
vt 0.1136029 0.7613938
vt 0.1170803 0.7613918
vt 0.1150725 0.7595572
vt 0.1136029 0.7613938
vt 0.1221423 0.7626997
vt 0.122489 0.7623222
vt 0.1202802 0.7618882
vt 0.1266168 0.7637365
vt 0.125635 0.7620733
vt 0.125504 0.7627567
vt 0.1079291 0.7605122
vt 0.1097592 0.7574466
vt 0.1084263 0.7568937
vt 0.09433126 0.7490328
vt 0.08702313 0.7420268
vt 0.07812505 0.7520884
vt 0.1121322 0.7598077
vt 0.1097592 0.7574466
vt 0.1079291 0.7605122
vt 0.1257608 0.7637656
vt 0.1261537 0.7637885
vt 0.125504 0.7627567
vt 0.1257608 0.7637656
vt 0.1251155 0.7628754
vt 0.1251615 0.7627893
vt 0.1253765 0.762984
vt 0.1257925 0.7634534
vt 0.1258571 0.7635912
vt 0.1197643 0.7624948
vt 0.1184574 0.7620336
vt 0.1163532 0.7627334
vt 0.1253765 0.762984
vt 0.124832 0.7625934
vt 0.1246823 0.7626815
vt 0.1246823 0.7626815
vt 0.1241534 0.7623759
vt 0.1235466 0.7625452
vt 0.05604511 0.7607531
vt 0.07147675 0.765786
vt 0.07812505 0.7520884
vt 0.09740126 0.7611254
vt 0.1010587 0.7535792
vt 0.09433126 0.7490328
vt 0.1029932 0.7549503
vt 0.1010587 0.7535792
vt 0.09740126 0.7611254
vt 0.115656 0.7629324
vt 0.1159587 0.7630863
vt 0.1163532 0.7627334
vt 0.1253296 0.7629098
vt 0.1259322 0.7631695
vt 0.1257925 0.7634534
vt 0.1235466 0.7625452
vt 0.1230893 0.7626198
vt 0.1237093 0.7629209
vt 0.1163532 0.7627334
vt 0.1159587 0.7630863
vt 0.119376 0.763328
vt 0.1117571 0.7636169
vt 0.1125794 0.7608183
vt 0.1115455 0.7612738
vt 0.1225405 0.7627274
vt 0.1221423 0.7626997
vt 0.121996 0.763557
vt 0.115656 0.7629324
vt 0.1136029 0.7613938
vt 0.1125341 0.7637722
vt 0.1136029 0.7613938
vt 0.1125794 0.7608183
vt 0.1117571 0.7636169
vt 0.1230893 0.7626198
vt 0.1225405 0.7627274
vt 0.1231006 0.763156
vt 0.1253296 0.7629098
vt 0.1246823 0.7626815
vt 0.1242188 0.7627595
vt 0.05399441 0.7660081
vt 0.08017522 0.7693915
vt 0.07147675 0.765786
vt 0.1159587 0.7630863
vt 0.1155191 0.7646839
vt 0.119185 0.764332
vt 0.1050283 0.7594991
vt 0.101258 0.7667711
vt 0.1033501 0.7667406
vt 0.07147675 0.765786
vt 0.08460241 0.76869
vt 0.08856433 0.7577019
vt 0.09470111 0.7705398
vt 0.09740126 0.7611254
vt 0.08856433 0.7577019
vt 0.0967338 0.7704636
vt 0.09960359 0.7615589
vt 0.09740126 0.7611254
vt 0.1242188 0.7627595
vt 0.1237093 0.7629209
vt 0.124524 0.7630253
vt 0.1079291 0.7605122
vt 0.106556 0.760052
vt 0.1033501 0.7667406
vt 0.05399441 0.7660081
vt 0.05351501 0.7768915
vt 0.07902461 0.77519
vt 0.09395575 0.7739156
vt 0.09650748 0.77212
vt 0.08017522 0.7693915
vt 0.08460241 0.76869
vt 0.08017522 0.7693915
vt 0.09650748 0.77212
vt 0.09650748 0.77212
vt 0.101258 0.7667711
vt 0.0967338 0.7704636
vt 0.1252712 0.7626825
vt 0.1272703 0.7618101
vt 0.1259322 0.7631695
vt 0.1079291 0.7605122
vt 0.1051912 0.7669018
vt 0.1092622 0.7670734
vt 0.1237093 0.7629209
vt 0.1231006 0.763156
vt 0.1237177 0.7635051
vt 0.1221373 0.7642151
vt 0.1237177 0.7635051
vt 0.1231006 0.763156
vt 0.1111156 0.766727
vt 0.1117571 0.7636169
vt 0.1102073 0.7665349
vt 0.1118618 0.7665747
vt 0.1142327 0.7665945
vt 0.1147368 0.7646772
vt 0.1111156 0.766727
vt 0.1118618 0.7665747
vt 0.1125341 0.7637722
vt 0.124524 0.7630253
vt 0.1253061 0.7631981
vt 0.1272703 0.7618101
vt 0.1006522 0.773754
vt 0.101258 0.7667711
vt 0.09650748 0.77212
vt 0.1142327 0.7665945
vt 0.1148189 0.7664876
vt 0.1152211 0.7647248
vt 0.1030626 0.7728897
vt 0.1033501 0.7667406
vt 0.101258 0.7667711
vt 0.1051912 0.7669018
vt 0.1033501 0.7667406
vt 0.1030626 0.7728897
vt 0.1237177 0.7635051
vt 0.1241769 0.7639055
vt 0.1253061 0.7631981
vt 0.105247 0.7720832
vt 0.1097486 0.7704602
vt 0.1092622 0.7670734
vt 0.1092622 0.7670734
vt 0.1097486 0.7704602
vt 0.110318 0.770183
vt 0.1118618 0.7665747
vt 0.1111156 0.766727
vt 0.1115777 0.7696798
vt 0.1142327 0.7665945
vt 0.1118618 0.7665747
vt 0.1123998 0.7693272
vt 0.1221373 0.7642151
vt 0.1223271 0.7649229
vt 0.1241769 0.7639055
vt 0.1148189 0.7664876
vt 0.1142327 0.7665945
vt 0.1144125 0.7685677
vt 0.151626 0.7691276
vt 0.1482493 0.7674169
vt 0.1500244 0.7713397
vt 0.1482493 0.7674169
vt 0.151626 0.7691276
vt 0.1540163 0.7680839
vt 0.1392374 0.7681236
vt 0.1400832 0.7700019
vt 0.1399372 0.7591549
vt 0.137537 0.7601133
vt 0.1379688 0.7681795
vt 0.1392374 0.7681236
vt 0.152639 0.7696481
vt 0.151626 0.7691276
vt 0.1526202 0.771554
vt 0.1540163 0.7680839
vt 0.151626 0.7691276
vt 0.152639 0.7696481
vt 0.1534097 0.7745758
vt 0.1547996 0.7725832
vt 0.1526202 0.771554
vt 0.153078 0.7710511
vt 0.1526202 0.771554
vt 0.1547996 0.7725832
vt 0.1540163 0.7680839
vt 0.157556 0.7631368
vt 0.1546884 0.7596039
vt 0.1400832 0.7700019
vt 0.1408929 0.7721153
vt 0.1415129 0.765056
vt 0.1515395 0.7731929
vt 0.1500244 0.7713397
vt 0.146753 0.7753817
vt 0.1436859 0.7742396
vt 0.146753 0.7753817
vt 0.1500244 0.7713397
vt 0.133471 0.7616951
vt 0.1294535 0.7630848
vt 0.1299735 0.7665052
vt 0.1560061 0.7702815
vt 0.1540163 0.7680839
vt 0.1539251 0.7690971
vt 0.1543771 0.7715378
vt 0.1547996 0.7725832
vt 0.1560061 0.7702815
vt 0.1418483 0.7732319
vt 0.1436859 0.7742396
vt 0.1482493 0.7674169
vt 0.1418483 0.7732319
vt 0.146038 0.7644076
vt 0.1415129 0.765056
vt 0.1547996 0.7725832
vt 0.1534097 0.7745758
vt 0.1564503 0.775515
vt 0.1503584 0.7791098
vt 0.1534097 0.7745758
vt 0.1515395 0.7731929
vt 0.1445419 0.7772053
vt 0.1436859 0.7742396
vt 0.1424224 0.7751505
vt 0.153078 0.7710511
vt 0.1536914 0.7704347
vt 0.1536399 0.7702237
vt 0.153078 0.7710511
vt 0.1543771 0.7715378
vt 0.1538919 0.7704969
vt 0.146753 0.7753817
vt 0.1436859 0.7742396
vt 0.1445419 0.7772053
vt 0.1598714 0.7647046
vt 0.157556 0.7631368
vt 0.1540163 0.7680839
vt 0.1341356 0.767311
vt 0.1329396 0.7716274
vt 0.135838 0.7728117
vt 0.160094 0.7692235
vt 0.1547996 0.7725832
vt 0.1575379 0.7744138
vt 0.1408929 0.7721153
vt 0.1381119 0.7757862
vt 0.1418483 0.7732319
vt 0.1371736 0.774077
vt 0.1381119 0.7757862
vt 0.1408929 0.7721153
vt 0.1564503 0.775515
vt 0.1534097 0.7745758
vt 0.1503584 0.7791098
vt 0.160094 0.7692235
vt 0.1610513 0.764833
vt 0.1598714 0.7647046
vt 0.152639 0.7696481
vt 0.1536399 0.7702237
vt 0.1538246 0.770148
vt 0.1550057 0.7702849
vt 0.1539781 0.7703142
vt 0.1538919 0.7704969
vt 0.1445419 0.7772053
vt 0.1424224 0.7751505
vt 0.1413944 0.7786242
vt 0.1258571 0.7635912
vt 0.1259087 0.7647777
vt 0.1258745 0.7649537
vt 0.1503584 0.7791098
vt 0.1487146 0.7769325
vt 0.1471729 0.7782195
vt 0.1539781 0.7703142
vt 0.1550057 0.7702849
vt 0.1539251 0.7690971
vt 0.1366583 0.773826
vt 0.1392374 0.7681236
vt 0.1379688 0.7681795
vt 0.1364725 0.773558
vt 0.1379688 0.7681795
vt 0.135838 0.7728117
vt 0.1400832 0.7700019
vt 0.1392374 0.7681236
vt 0.1366583 0.773826
vt 0.1424224 0.7751505
vt 0.138272 0.7756511
vt 0.1380814 0.7758145
vt 0.1268852 0.7665191
vt 0.1270986 0.7658768
vt 0.1269748 0.7657112
vt 0.1418483 0.7732319
vt 0.1381119 0.7757862
vt 0.1424224 0.7751505
vt 0.1258364 0.7642066
vt 0.1259087 0.7647777
vt 0.1258571 0.7635912
vt 0.1257925 0.7634534
vt 0.1259322 0.7631695
vt 0.1257462 0.7640468
vt 0.1380814 0.7758145
vt 0.138272 0.7756511
vt 0.1381119 0.7757862
vt 0.1520755 0.7828364
vt 0.1503584 0.7791098
vt 0.1483793 0.7812481
vt 0.1369406 0.7760563
vt 0.1379814 0.7757028
vt 0.1371736 0.774077
vt 0.1265598 0.7680256
vt 0.129796 0.7701878
vt 0.1299735 0.7665052
vt 0.1366583 0.773826
vt 0.1351239 0.7770625
vt 0.1369406 0.7760563
vt 0.141259 0.7819406
vt 0.1436768 0.785324
vt 0.1450141 0.7824227
vt 0.1505215 0.7862905
vt 0.1483793 0.7812481
vt 0.1450141 0.7824227
vt 0.05457895 0.8082552
vt 0.0835011 0.7902542
vt 0.08059525 0.7849003
vt 0.1342175 0.7748238
vt 0.1348351 0.7757212
vt 0.1364725 0.773558
vt 0.1342175 0.7748238
vt 0.135838 0.7728117
vt 0.1329396 0.7716274
vt 0.1259087 0.7647777
vt 0.1256344 0.7656793
vt 0.1256964 0.7657922
vt 0.1366583 0.773826
vt 0.1364725 0.773558
vt 0.1348351 0.7757212
vt 0.1362611 0.7780062
vt 0.1373558 0.7766982
vt 0.1369406 0.7760563
vt 0.1369406 0.7760563
vt 0.1351239 0.7770625
vt 0.135762 0.7774049
vt 0.1259087 0.7647777
vt 0.1258364 0.7642066
vt 0.1257575 0.765089
vt 0.141259 0.7819406
vt 0.1413944 0.7786242
vt 0.1362611 0.7780062
vt 0.05457895 0.8082552
vt 0.05627906 0.8171974
vt 0.07396161 0.7990878
vt 0.1256535 0.7637729
vt 0.1257462 0.7640468
vt 0.1259322 0.7631695
vt 0.0835011 0.7902542
vt 0.09794908 0.7775946
vt 0.09485131 0.7774349
vt 0.09692704 0.7759214
vt 0.09485131 0.7774349
vt 0.09794908 0.7775946
vt 0.09794908 0.7775946
vt 0.0835011 0.7902542
vt 0.08761084 0.7879273
vt 0.1258364 0.7642066
vt 0.1257462 0.7640468
vt 0.1255066 0.7649783
vt 0.1257575 0.765089
vt 0.1255066 0.7649783
vt 0.1253874 0.7658398
vt 0.1348353 0.7798389
vt 0.1362611 0.7780062
vt 0.135762 0.7774049
vt 0.1351239 0.7770625
vt 0.1333832 0.7786054
vt 0.1343039 0.7793591
vt 0.1265531 0.7678553
vt 0.1265598 0.7680256
vt 0.1270986 0.7658768
vt 0.1265531 0.7678553
vt 0.1270986 0.7658768
vt 0.1268852 0.7665191
vt 0.1264853 0.7676744
vt 0.1268852 0.7665191
vt 0.1261745 0.766153
vt 0.1326469 0.7762233
vt 0.1342175 0.7748238
vt 0.131497 0.7737617
vt 0.1436768 0.785324
vt 0.1377125 0.7966186
vt 0.1411085 0.8004604
vt 0.1443927 0.8061297
vt 0.1450394 0.8033069
vt 0.1411085 0.8004604
vt 0.1256344 0.7656793
vt 0.1253978 0.7660801
vt 0.1254492 0.7662109
vt 0.1357278 0.7925163
vt 0.1377125 0.7966186
vt 0.1436768 0.785324
vt 0.1348763 0.7884701
vt 0.1357278 0.7925163
vt 0.1436768 0.785324
vt 0.1377125 0.7966186
vt 0.1359291 0.7977388
vt 0.139258 0.802555
vt 0.09134101 0.8104605
vt 0.07396161 0.7990878
vt 0.05627906 0.8171974
vt 0.09855282 0.79705
vt 0.08761084 0.7879273
vt 0.07396161 0.7990878
vt 0.1332725 0.7825043
vt 0.1348353 0.7798389
vt 0.1343039 0.7793591
vt 0.1332725 0.7825043
vt 0.141259 0.7819406
vt 0.1348353 0.7798389
vt 0.1254492 0.7662109
vt 0.1256933 0.7670589
vt 0.1261745 0.766153
vt 0.08499675 0.8300305
vt 0.1098212 0.8300305
vt 0.1088106 0.8139217
vt 0.1359291 0.7977388
vt 0.1377125 0.7966186
vt 0.1357278 0.7925163
vt 0.1333543 0.7901155
vt 0.1341485 0.7930512
vt 0.1357278 0.7925163
vt 0.1333832 0.7786054
vt 0.1308812 0.7798242
vt 0.1326827 0.781898
vt 0.1297288 0.821811
vt 0.1443927 0.8061297
vt 0.139258 0.802555
vt 0.1348763 0.7884701
vt 0.141259 0.7819406
vt 0.1333838 0.7855149
vt 0.1333838 0.7855149
vt 0.141259 0.7819406
vt 0.1332725 0.7825043
vt 0.1254068 0.7686825
vt 0.1264853 0.7676744
vt 0.1256933 0.7670589
vt 0.1324222 0.7844318
vt 0.1333838 0.7855149
vt 0.1329216 0.7831136
vt 0.1006522 0.773754
vt 0.09776967 0.7747214
vt 0.09794908 0.7775946
vt 0.09794908 0.7775946
vt 0.09870225 0.7789203
vt 0.1050817 0.7795139
vt 0.1030626 0.7728897
vt 0.1006522 0.773754
vt 0.1050817 0.7795139
vt 0.08761084 0.7879273
vt 0.09855282 0.79705
vt 0.1048484 0.7876516
vt 0.133539 0.7876007
vt 0.1333838 0.7855149
vt 0.1323856 0.7850987
vt 0.1329216 0.7831136
vt 0.1332725 0.7825043
vt 0.1326827 0.781898
vt 0.1257462 0.7640468
vt 0.1256535 0.7637729
vt 0.125006 0.7650355
vt 0.1326608 0.7883739
vt 0.133539 0.7876007
vt 0.1323856 0.7850987
vt 0.1323856 0.7850987
vt 0.1333838 0.7855149
vt 0.1324222 0.7844318
vt 0.1318386 0.7842042
vt 0.1324222 0.7844318
vt 0.1329216 0.7831136
vt 0.1318033 0.784993
vt 0.1323856 0.7850987
vt 0.1324222 0.7844318
vt 0.1297288 0.821811
vt 0.1249001 0.8112913
vt 0.1088106 0.8139217
vt 0.09855282 0.79705
vt 0.09134101 0.8104605
vt 0.1088106 0.8139217
vt 0.131497 0.7737617
vt 0.1285941 0.7722105
vt 0.1279764 0.7732613
vt 0.1251988 0.7664245
vt 0.1254492 0.7662109
vt 0.1253978 0.7660801
vt 0.1333543 0.7901155
vt 0.1326608 0.7883739
vt 0.1292987 0.7884785
vt 0.130314 0.7785464
vt 0.1308812 0.7798242
vt 0.1333832 0.7786054
vt 0.1326469 0.7762233
vt 0.1298885 0.7775675
vt 0.130314 0.7785464
vt 0.1322834 0.782619
vt 0.128826 0.7803052
vt 0.1308495 0.7830703
vt 0.1322834 0.782619
vt 0.1308495 0.7830703
vt 0.1318386 0.7842042
vt 0.105247 0.7720832
vt 0.1084327 0.7767338
vt 0.111437 0.7736752
vt 0.106759 0.7856462
vt 0.1116057 0.7832501
vt 0.1050817 0.7795139
vt 0.129796 0.7701878
vt 0.1265598 0.7680256
vt 0.1259396 0.7695193
vt 0.1258394 0.7693103
vt 0.1259396 0.7695193
vt 0.1265598 0.7680256
vt 0.1230891 0.8020053
vt 0.1249001 0.8112913
vt 0.139258 0.802555
vt 0.1333543 0.7901155
vt 0.1231088 0.7943854
vt 0.1341485 0.7930512
vt 0.1359291 0.7977388
vt 0.1341485 0.7930512
vt 0.1231088 0.7943854
vt 0.110581 0.80147
vt 0.1135345 0.7922162
vt 0.1048484 0.7876516
vt 0.1230891 0.8020053
vt 0.110581 0.80147
vt 0.1088106 0.8139217
vt 0.1308812 0.7798242
vt 0.128826 0.7803052
vt 0.1322834 0.782619
vt 0.1318386 0.7842042
vt 0.1308495 0.7830703
vt 0.1318033 0.784993
vt 0.113579 0.789099
vt 0.106759 0.7856462
vt 0.1048484 0.7876516
vt 0.110581 0.80147
vt 0.1230891 0.8020053
vt 0.1231088 0.7943854
vt 0.1135345 0.7922162
vt 0.1231088 0.7943854
vt 0.119095 0.790562
vt 0.1264853 0.7676744
vt 0.1256047 0.7692306
vt 0.1258394 0.7693103
vt 0.122576 0.7656513
vt 0.1240972 0.764718
vt 0.1241769 0.7639055
vt 0.1292648 0.7857304
vt 0.1292987 0.7884785
vt 0.1326608 0.7883739
vt 0.1251988 0.7664245
vt 0.1254068 0.7686825
vt 0.1256933 0.7670589
vt 0.1271809 0.7740015
vt 0.1298885 0.7775675
vt 0.1306746 0.7757205
vt 0.1123998 0.7693272
vt 0.113518 0.7719088
vt 0.1154445 0.770239
vt 0.1144125 0.7685677
vt 0.1154445 0.770239
vt 0.1158916 0.7698839
vt 0.1158916 0.7698839
vt 0.1163458 0.7694906
vt 0.1156966 0.7680035
vt 0.1252571 0.766563
vt 0.1251988 0.7664245
vt 0.1253978 0.7660801
vt 0.1174489 0.7708954
vt 0.1163458 0.7694906
vt 0.1158916 0.7698839
vt 0.1308495 0.7830703
vt 0.1291763 0.7834005
vt 0.1292648 0.7857304
vt 0.1255066 0.7649783
vt 0.125006 0.7650355
vt 0.1247441 0.7660302
vt 0.1156587 0.7739295
vt 0.113518 0.7719088
vt 0.1128438 0.7723982
vt 0.1254068 0.7686825
vt 0.1256047 0.7692306
vt 0.1264853 0.7676744
vt 0.1235851 0.7914084
vt 0.1333543 0.7901155
vt 0.1292987 0.7884785
vt 0.1068423 0.7780476
vt 0.1050817 0.7795139
vt 0.1116057 0.7832501
vt 0.1256918 0.7700093
vt 0.1279764 0.7732613
vt 0.1285941 0.7722105
vt 0.1255463 0.7697878
vt 0.1256918 0.7700093
vt 0.1259396 0.7695193
vt 0.1271809 0.7740015
vt 0.1247101 0.775302
vt 0.1282119 0.7780964
vt 0.1256047 0.7692306
vt 0.1255463 0.7697878
vt 0.1258394 0.7693103
vt 0.122576 0.7656513
vt 0.122915 0.7663649
vt 0.1239531 0.7656784
vt 0.1247441 0.7660302
vt 0.125006 0.7650355
vt 0.1245256 0.7653158
vt 0.1248975 0.7856526
vt 0.1242252 0.7881202
vt 0.1292987 0.7884785
vt 0.1125894 0.7815706
vt 0.1134976 0.7800953
vt 0.1084327 0.7767338
vt 0.1252571 0.766563
vt 0.1253874 0.7658398
vt 0.1247441 0.7660302
vt 0.1154445 0.770239
vt 0.1169815 0.7715454
vt 0.1174489 0.7708954
vt 0.113518 0.7719088
vt 0.1156587 0.7739295
vt 0.1169815 0.7715454
vt 0.1253193 0.7835427
vt 0.1248975 0.7856526
vt 0.1292648 0.7857304
vt 0.1275279 0.7805074
vt 0.1248043 0.7804857
vt 0.1253193 0.7835427
vt 0.113579 0.789099
vt 0.119095 0.790562
vt 0.1186969 0.786196
vt 0.1146233 0.7761299
vt 0.111437 0.7736752
vt 0.1084327 0.7767338
vt 0.1250009 0.770118
vt 0.1252034 0.7702626
vt 0.1255463 0.7697878
vt 0.1125894 0.7815706
vt 0.1116057 0.7832501
vt 0.1151154 0.7846597
vt 0.1247441 0.7660302
vt 0.1243641 0.7662768
vt 0.1242365 0.7669693
vt 0.1256918 0.7700093
vt 0.1255463 0.7697878
vt 0.1252034 0.7702626
vt 0.1256918 0.7700093
vt 0.1253154 0.7705007
vt 0.1271809 0.7740015
vt 0.1123169 0.7732449
vt 0.1150767 0.774777
vt 0.1156587 0.7739295
vt 0.1248043 0.7804857
vt 0.1275279 0.7805074
vt 0.127367 0.7792088
vt 0.127367 0.7792088
vt 0.1282119 0.7780964
vt 0.1245118 0.7783901
vt 0.1123169 0.7732449
vt 0.1149808 0.7758768
vt 0.1150767 0.774777
vt 0.1256047 0.7692306
vt 0.1254068 0.7686825
vt 0.1246241 0.7692542
vt 0.1243641 0.7662768
vt 0.1245256 0.7653158
vt 0.1239531 0.7656784
vt 0.1239032 0.7666277
vt 0.1239531 0.7656784
vt 0.122915 0.7663649
vt 0.1134976 0.7800953
vt 0.1125894 0.7815706
vt 0.1159557 0.7829592
vt 0.1195445 0.7843174
vt 0.1186969 0.786196
vt 0.1242252 0.7881202
vt 0.1159557 0.7829592
vt 0.1151154 0.7846597
vt 0.1186969 0.786196
vt 0.1176906 0.7766897
vt 0.1150767 0.774777
vt 0.1149808 0.7758768
vt 0.1239689 0.7716426
vt 0.1247101 0.775302
vt 0.1271809 0.7740015
vt 0.1246484 0.766841
vt 0.1242365 0.7669693
vt 0.1237913 0.7695773
vt 0.120255 0.7826555
vt 0.1195445 0.7843174
vt 0.1248975 0.7856526
vt 0.1250009 0.770118
vt 0.1246241 0.7692542
vt 0.1237913 0.7695773
vt 0.1187816 0.772363
vt 0.1169815 0.7715454
vt 0.1156587 0.7739295
vt 0.1167855 0.7814745
vt 0.1159557 0.7829592
vt 0.1195445 0.7843174
vt 0.1189591 0.7719146
vt 0.1212067 0.768927
vt 0.1204293 0.7682038
vt 0.1212067 0.768927
vt 0.1220428 0.7694511
vt 0.1236718 0.7670459
vt 0.1209272 0.7795823
vt 0.1248043 0.7804857
vt 0.124575 0.779346
vt 0.1175572 0.7777533
vt 0.1146233 0.7761299
vt 0.1134976 0.7800953
vt 0.1199005 0.7726849
vt 0.1187816 0.772363
vt 0.1181174 0.7753082
vt 0.1229159 0.7696627
vt 0.1237913 0.7695773
vt 0.1242365 0.7669693
vt 0.1236718 0.7670459
vt 0.1220428 0.7694511
vt 0.1229159 0.7696627
vt 0.1247101 0.775302
vt 0.1227681 0.7758525
vt 0.1235675 0.7783231
vt 0.1247101 0.775302
vt 0.1239689 0.7716426
vt 0.1223554 0.7724869
vt 0.1235675 0.7783231
vt 0.1218044 0.7780809
vt 0.1215026 0.7789793
vt 0.1199005 0.7726849
vt 0.1204111 0.7722258
vt 0.1189591 0.7719146
vt 0.1227639 0.7712301
vt 0.1239902 0.7710518
vt 0.1237913 0.7695773
vt 0.1227196 0.771804
vt 0.1239902 0.7710518
vt 0.1227639 0.7712301
vt 0.1218044 0.7780809
vt 0.1227681 0.7758525
vt 0.1205707 0.7758952
vt 0.1199005 0.7726849
vt 0.1181174 0.7753082
vt 0.1205707 0.7758952
vt 0.1227196 0.771804
vt 0.1223554 0.7724869
vt 0.1239689 0.7716426
vt 0.1214675 0.7711243
vt 0.1220428 0.7694511
vt 0.1212067 0.768927
vt 0.1214675 0.7711243
vt 0.1227639 0.7712301
vt 0.1229159 0.7696627
vt 0.1212107 0.7721787
vt 0.1210944 0.7726731
vt 0.1223554 0.7724869
vt 0.1205707 0.7758952
vt 0.1227681 0.7758525
vt 0.1223554 0.7724869
vt 0.1407922 0.7427725
vt 0.1406261 0.7437368
vt 0.1414123 0.7434721
vt 0.1240479 0.7610226
vt 0.1239829 0.760968
vt 0.1250975 0.7615854
vt 0.1278398 0.7525605
vt 0.1322741 0.7543006
vt 0.1277974 0.7517296
vt 0.1399855 0.7437208
vt 0.1381896 0.7431881
vt 0.1382685 0.7455149
vt 0.150632 0.7508348
vt 0.1436497 0.7450661
vt 0.1519374 0.7538786
vt 0.1501603 0.7462131
vt 0.1436497 0.7450661
vt 0.150632 0.7508348
vt 0.1279228 0.7457606
vt 0.1229681 0.7486918
vt 0.1250307 0.7490518
vt 0.1265118 0.7492684
vt 0.1279228 0.7457606
vt 0.1250307 0.7490518
vt 0.1155117 0.7283549
vt 0.1147153 0.7325701
vt 0.1290749 0.7353904
vt 0.1059731 0.7471872
vt 0.1059196 0.7511062
vt 0.1079506 0.7486871
vt 0.1161845 0.7432219
vt 0.1176796 0.743434
vt 0.1158901 0.7405019
vt 0.08017522 0.7693915
vt 0.08460241 0.76869
vt 0.07147675 0.765786
vt 0.0967338 0.7704636
vt 0.09470111 0.7705398
vt 0.09650748 0.77212
vt 0.1320118 0.7425092
vt 0.1334795 0.7446268
vt 0.1338377 0.7424127
vt 0.1315726 0.7488979
vt 0.1321116 0.7471653
vt 0.1306899 0.7473263
vt 0.1284607 0.7438823
vt 0.1258683 0.7437659
vt 0.1279228 0.7457606
vt 0.1140105 0.7569606
vt 0.1133797 0.7568009
vt 0.1121322 0.7598077
vt 0.1150725 0.7595572
vt 0.1140653 0.758274
vt 0.1131251 0.7598045
vt 0.1136029 0.7613938
vt 0.115656 0.7629324
vt 0.1159389 0.7625846
vt 0.1224004 0.7538218
vt 0.1235516 0.7522132
vt 0.1206022 0.7530951
vt 0.1152211 0.7647248
vt 0.1155191 0.7646839
vt 0.1159587 0.7630863
vt 0.1192737 0.7610733
vt 0.1189767 0.7607562
vt 0.1183447 0.7610009
vt 0.1244755 0.7624163
vt 0.1241045 0.7622633
vt 0.1241534 0.7623759
vt 0.129238 0.7496266
vt 0.1316817 0.750127
vt 0.1315726 0.7488979
vt 0.09870225 0.7789203
vt 0.09794908 0.7775946
vt 0.09661179 0.7800055
vt 0.08761084 0.7879273
vt 0.0835011 0.7902542
vt 0.07396161 0.7990878
vt 0.1333543 0.7901155
vt 0.1357278 0.7925163
vt 0.1348763 0.7884701
vt 0.1231088 0.7943854
vt 0.1235851 0.7914084
vt 0.119095 0.790562
vt 0.1231088 0.7943854
vt 0.1333543 0.7901155
vt 0.1235851 0.7914084
vt 0.1450394 0.8033069
vt 0.1505215 0.7862905
vt 0.1411085 0.8004604
vt 0.1362611 0.7780062
vt 0.1413944 0.7786242
vt 0.1373558 0.7766982
vt 0.1348353 0.7798389
vt 0.141259 0.7819406
vt 0.1362611 0.7780062
vt 0.1413944 0.7786242
vt 0.1380814 0.7758145
vt 0.1373558 0.7766982
vt 0.1424224 0.7751505
vt 0.1436859 0.7742396
vt 0.1418483 0.7732319
vt 0.1471729 0.7782195
vt 0.1487146 0.7769325
vt 0.146753 0.7753817
vt 0.143315 0.7797595
vt 0.1413944 0.7786242
vt 0.141259 0.7819406
vt 0.1546884 0.7596039
vt 0.1537563 0.7576653
vt 0.1482493 0.7674169
vt 0.153879 0.7574389
vt 0.1537563 0.7576653
vt 0.1546884 0.7596039
vt 0.1515395 0.7731929
vt 0.1526202 0.771554
vt 0.1500244 0.7713397
vt 0.1560061 0.7702815
vt 0.1547996 0.7725832
vt 0.160094 0.7692235
vt 0.1381119 0.7757862
vt 0.1371736 0.774077
vt 0.1379814 0.7757028
vt 0.1424224 0.7751505
vt 0.1381119 0.7757862
vt 0.138272 0.7756511
vt 0.1214675 0.7711243
vt 0.1189591 0.7719146
vt 0.1204111 0.7722258
vt 0.1214675 0.7711243
vt 0.1204111 0.7722258
vt 0.1212107 0.7721787
vt 0.1252571 0.766563
vt 0.1254068 0.7686825
vt 0.1251988 0.7664245
vt 0.1253978 0.7660801
vt 0.1256344 0.7656793
vt 0.1253874 0.7658398
vt 0.1243641 0.7662768
vt 0.1241117 0.7670815
vt 0.1242365 0.7669693
vt 0.1235675 0.7783231
vt 0.1227681 0.7758525
vt 0.1218044 0.7780809
vt 0.1326469 0.7762233
vt 0.1306746 0.7757205
vt 0.1298885 0.7775675
vt 0.1215026 0.7789793
vt 0.1218044 0.7780809
vt 0.1204132 0.7776813
vt 0.124575 0.779346
vt 0.1245118 0.7783901
vt 0.1235675 0.7783231
vt 0.1146233 0.7761299
vt 0.1175572 0.7777533
vt 0.1149808 0.7758768
vt 0.1215026 0.7789793
vt 0.1175572 0.7777533
vt 0.1209272 0.7795823
vt 0.1240972 0.764718
vt 0.1248398 0.7642583
vt 0.1253061 0.7631981
vt 0.1253061 0.7631981
vt 0.1248398 0.7642583
vt 0.1256535 0.7637729
vt 0.125006 0.7650355
vt 0.1256535 0.7637729
vt 0.1248398 0.7642583
vt 0.1245256 0.7653158
vt 0.1248398 0.7642583
vt 0.1240972 0.764718
vt 0.1201526 0.7570681
vt 0.118358 0.7574933
vt 0.1194779 0.7602181
vt 0.129796 0.7701878
vt 0.1285941 0.7722105
vt 0.131497 0.7737617
vt 0.131497 0.7737617
vt 0.1329396 0.7716274
vt 0.129796 0.7701878
vt 0.105247 0.7720832
vt 0.1030626 0.7728897
vt 0.1068423 0.7780476
vt 0.1148189 0.7664876
vt 0.1147938 0.7683694
vt 0.1156966 0.7680035
vt 0.1148189 0.7664876
vt 0.1154052 0.7664087
vt 0.1155191 0.7646839
vt 0.1210944 0.7726731
vt 0.1212107 0.7721787
vt 0.1204111 0.7722258
vt 0.125635 0.7620733
vt 0.1266168 0.7637365
vt 0.1267564 0.7637944
vt 0.1269748 0.7657112
vt 0.1270986 0.7658768
vt 0.1267564 0.7637944
vt 0.1147368 0.7646772
vt 0.1152211 0.7647248
vt 0.1159587 0.7630863
vt 0.1169815 0.7715454
vt 0.1187816 0.772363
vt 0.1189591 0.7719146
vt 0.119376 0.763328
vt 0.121996 0.763557
vt 0.1221423 0.7626997
vt 0.111437 0.7736752
vt 0.1123169 0.7732449
vt 0.110318 0.770183
vt 0.110318 0.770183
vt 0.1123169 0.7732449
vt 0.1128438 0.7723982
vt 0.110318 0.770183
vt 0.1115777 0.7696798
vt 0.1111156 0.766727
vt 0.113518 0.7719088
vt 0.1123998 0.7693272
vt 0.1115777 0.7696798
vt 0.1150767 0.774777
vt 0.1176906 0.7766897
vt 0.1181174 0.7753082
vt 0.1204132 0.7776813
vt 0.1176906 0.7766897
vt 0.1175572 0.7777533
vt 0.1176906 0.7766897
vt 0.1204132 0.7776813
vt 0.1205707 0.7758952
vt 0.122682 0.7603016
vt 0.1240759 0.7608875
vt 0.1251927 0.7578918
vt 0.1159437 0.7550141
vt 0.1154578 0.7541554
vt 0.1133797 0.7568009
vt 0.1048484 0.7876516
vt 0.106759 0.7856462
vt 0.09870225 0.7789203
vt 0.1308812 0.7798242
vt 0.130314 0.7785464
vt 0.128848 0.779023
vt 0.1298885 0.7775675
vt 0.1282119 0.7780964
vt 0.128848 0.779023
vt 0.128826 0.7803052
vt 0.128848 0.779023
vt 0.127367 0.7792088
vt 0.1282119 0.7780964
vt 0.127367 0.7792088
vt 0.128848 0.779023
vt 0.133103 0.7769888
vt 0.1333832 0.7786054
vt 0.1351239 0.7770625
vt 0.1278398 0.7525605
vt 0.1261853 0.7555475
vt 0.1301716 0.7572584
vt 0.133471 0.7616951
vt 0.1341356 0.767311
vt 0.1379688 0.7681795
vt 0.133471 0.7616951
vt 0.137537 0.7601133
vt 0.1322741 0.7543006
vt 0.1240759 0.7608875
vt 0.1257231 0.7620339
vt 0.1276077 0.7602551
vt 0.1123169 0.7732449
vt 0.111437 0.7736752
vt 0.1146233 0.7761299
vt 0.09579718 0.7745999
vt 0.09649926 0.7744458
vt 0.09650748 0.77212
vt 0.1348763 0.7884701
vt 0.133539 0.7876007
vt 0.1326608 0.7883739
vt 0.1265763 0.7498482
vt 0.1256069 0.7504613
vt 0.1278541 0.7510298
vt 0.1415129 0.765056
vt 0.1404499 0.7589451
vt 0.1399372 0.7591549
vt 0.1404499 0.7589451
vt 0.1415129 0.765056
vt 0.146038 0.7644076
vt 0.1133797 0.7568009
vt 0.1154578 0.7541554
vt 0.1132222 0.7527076
vt 0.113579 0.789099
vt 0.1151154 0.7846597
vt 0.1116057 0.7832501
vt 0.1247101 0.775302
vt 0.1245118 0.7783901
vt 0.1282119 0.7780964
vt 0.1258683 0.7437659
vt 0.1193574 0.7475278
vt 0.1207747 0.7480091
vt 0.1211612 0.7570852
vt 0.1206022 0.7530951
vt 0.1184874 0.754174
vt 0.1115455 0.7612738
vt 0.1092622 0.7670734
vt 0.1102073 0.7665349
vt 0.1257231 0.7620339
vt 0.1267564 0.7637944
vt 0.1294535 0.7630848
vt 0.1294535 0.7630848
vt 0.1267564 0.7637944
vt 0.1270986 0.7658768
vt 0.1263492 0.76508
vt 0.1261537 0.7637885
vt 0.1257608 0.7637656
vt 0.1266168 0.7637365
vt 0.1261537 0.7637885
vt 0.1263492 0.76508
vt 0.1269748 0.7657112
vt 0.1263492 0.76508
vt 0.1261745 0.766153
vt 0.1261745 0.766153
vt 0.1263492 0.76508
vt 0.1258745 0.7649537
vt 0.1225405 0.7627274
vt 0.1230893 0.7626198
vt 0.122489 0.7623222
vt 0.1239032 0.7666277
vt 0.1236718 0.7670459
vt 0.1241117 0.7670815
vt 0.129796 0.7701878
vt 0.1329396 0.7716274
vt 0.1341356 0.767311
vt 0.1215143 0.7600676
vt 0.122682 0.7603016
vt 0.1230941 0.757171
vt 0.1379814 0.7757028
vt 0.1369406 0.7760563
vt 0.1373558 0.7766982
vt 0.1209272 0.7795823
vt 0.1175572 0.7777533
vt 0.1167855 0.7814745
vt 0.120255 0.7826555
vt 0.1253193 0.7835427
vt 0.1248043 0.7804857
vt 0.1242252 0.7881202
vt 0.1186969 0.786196
vt 0.119095 0.790562
vt 0.101258 0.7667711
vt 0.1050283 0.7594991
vt 0.09960359 0.7615589
vt 0.1029932 0.7549503
vt 0.09960359 0.7615589
vt 0.1050283 0.7594991
vt 0.128826 0.7803052
vt 0.1275279 0.7805074
vt 0.1291763 0.7834005
vt 0.1194917 0.7605757
vt 0.1195288 0.7605844
vt 0.1202925 0.7604308
vt 0.1206087 0.7603879
vt 0.1202925 0.7604308
vt 0.1214897 0.7603903
vt 0.1214675 0.7711243
vt 0.1212107 0.7721787
vt 0.1227196 0.771804
vt 0.1211612 0.7570852
vt 0.1201526 0.7570681
vt 0.1211313 0.7600521
vt 0.1271809 0.7740015
vt 0.1253154 0.7705007
vt 0.1239689 0.7716426
vt 0.1252034 0.7702626
vt 0.1250009 0.770118
vt 0.1239902 0.7710518
vt 0.1253154 0.7705007
vt 0.1252034 0.7702626
vt 0.1239902 0.7710518
vt 0.1261853 0.7555475
vt 0.1278398 0.7525605
vt 0.1254985 0.752212
vt 0.1194317 0.7663659
vt 0.1192255 0.765347
vt 0.1154052 0.7664087
vt 0.1192255 0.765347
vt 0.1194317 0.7663659
vt 0.1223271 0.7649229
vt 0.1163458 0.7694906
vt 0.1198555 0.7673232
vt 0.1194317 0.7663659
vt 0.1223271 0.7649229
vt 0.1194317 0.7663659
vt 0.1198555 0.7673232
vt 0.1212067 0.768927
vt 0.122915 0.7663649
vt 0.1204293 0.7682038
vt 0.119376 0.763328
vt 0.119185 0.764332
vt 0.121996 0.763557
vt 0.1221373 0.7642151
vt 0.121996 0.763557
vt 0.119185 0.764332
vt 0.1192255 0.765347
vt 0.119185 0.764332
vt 0.1155191 0.7646839
vt 0.1204293 0.7682038
vt 0.122915 0.7663649
vt 0.122576 0.7656513
vt 0.1174489 0.7708954
vt 0.1204293 0.7682038
vt 0.1198555 0.7673232
vt 0.1230778 0.7622591
vt 0.121791 0.7611301
vt 0.1209817 0.7614274
vt 0.1227397 0.7610055
vt 0.121791 0.7611301
vt 0.1230778 0.7622591
vt 0.1246484 0.766841
vt 0.1246241 0.7692542
vt 0.1254068 0.7686825
vt 0.1127639 0.741947
vt 0.1059731 0.7471872
vt 0.1079506 0.7486871
vt 0.133103 0.7769888
vt 0.1348351 0.7757212
vt 0.1342175 0.7748238
vt 0.05409395 0.7937485
vt 0.08059525 0.7849003
vt 0.07902461 0.77519
vt 0.07902461 0.77519
vt 0.08059525 0.7849003
vt 0.09485131 0.7774349
vt 0.09485131 0.7774349
vt 0.09692704 0.7759214
vt 0.09579718 0.7745999
vt 0.05351501 0.726138
vt 0.0596835 0.726138
vt 0.05351501 0.7199695
vt 0.125398 0.7512727
vt 0.1234232 0.7513499
vt 0.1254985 0.752212
vt 0.1265763 0.7498482
vt 0.127231 0.749749
vt 0.1265118 0.7492684
vt 0.1278398 0.7525605
vt 0.1277974 0.7517296
vt 0.1254985 0.752212
vt 0.1254985 0.752212
vt 0.1235516 0.7522132
vt 0.1242407 0.7545057
vt 0.1206022 0.7530951
vt 0.1235516 0.7522132
vt 0.1204773 0.7521424
vt 0.1250435 0.7497286
vt 0.1265763 0.7498482
vt 0.1250307 0.7490518
vt 0.1256069 0.7504613
vt 0.1234731 0.7502425
vt 0.125398 0.7512727
vt 0.125398 0.7512727
vt 0.1277585 0.7515004
vt 0.1256069 0.7504613
vt 0.1204773 0.7521424
vt 0.1234232 0.7513499
vt 0.1201413 0.7509617
vt 0.1228874 0.7493511
vt 0.1234731 0.7502425
vt 0.1250435 0.7497286
vt 0.1228874 0.7493511
vt 0.1250435 0.7497286
vt 0.1229681 0.7486918
vt 0.1205822 0.748696
vt 0.1228874 0.7493511
vt 0.1207747 0.7480091
vt 0.1193272 0.7482662
vt 0.1205822 0.748696
vt 0.1193574 0.7475278
vt 0.1228874 0.7493511
vt 0.1205822 0.748696
vt 0.1234731 0.7502425
vt 0.1184154 0.7518516
vt 0.1205822 0.748696
vt 0.1174822 0.7492735
vt 0.1242407 0.7545057
vt 0.1224004 0.7538218
vt 0.1230941 0.757171
vt 0.1193272 0.7482662
vt 0.1193574 0.7475278
vt 0.1173063 0.7468642
vt 0.1278541 0.7510298
vt 0.1324815 0.7519351
vt 0.129238 0.7496266
vt 0.1184874 0.754174
vt 0.1206022 0.7530951
vt 0.1181126 0.7534285
vt 0.1331767 0.7536212
vt 0.1324815 0.7519351
vt 0.1277585 0.7515004
vt 0.1201413 0.7509617
vt 0.1184154 0.7518516
vt 0.1204773 0.7521424
vt 0.1161962 0.7476694
vt 0.1174822 0.7492735
vt 0.1173063 0.7468642
vt 0.1402613 0.7513793
vt 0.1315726 0.7488979
vt 0.1367996 0.7542092
vt 0.1176621 0.7464809
vt 0.1172233 0.744658
vt 0.1173063 0.7468642
vt 0.1165544 0.7555302
vt 0.1184874 0.754174
vt 0.1159437 0.7550141
vt 0.1278041 0.7495258
vt 0.129238 0.7496266
vt 0.1306899 0.7473263
vt 0.1277974 0.7517296
vt 0.1322741 0.7543006
vt 0.1277585 0.7515004
vt 0.1230941 0.757171
vt 0.1251927 0.7578918
vt 0.1242407 0.7545057
vt 0.1172233 0.744658
vt 0.1182078 0.7459574
vt 0.1176796 0.743434
vt 0.1321116 0.7471653
vt 0.1334795 0.7446268
vt 0.1308835 0.7447302
vt 0.1162357 0.7446433
vt 0.1172233 0.744658
vt 0.1161845 0.7432219
vt 0.1162357 0.7446433
vt 0.1145438 0.7458155
vt 0.1173063 0.7468642
vt 0.1145438 0.7458155
vt 0.1162357 0.7446433
vt 0.1139965 0.7440353
vt 0.1227226 0.7604667
vt 0.122682 0.7603016
vt 0.1215886 0.7602612
vt 0.1155117 0.7283549
vt 0.1096348 0.7261603
vt 0.1147153 0.7325701
vt 0.1117472 0.7517506
vt 0.1132222 0.7527076
vt 0.1161962 0.7476694
vt 0.1174822 0.7492735
vt 0.1132222 0.7527076
vt 0.1184154 0.7518516
vt 0.1158901 0.7405019
vt 0.1127639 0.741947
vt 0.1161845 0.7432219
vt 0.1148344 0.7368812
vt 0.1147153 0.7325701
vt 0.1108493 0.7378149
vt 0.1127639 0.741947
vt 0.1158901 0.7405019
vt 0.1108493 0.7378149
vt 0.1315726 0.7488979
vt 0.1402613 0.7513793
vt 0.1321116 0.7471653
vt 0.1159437 0.7550141
vt 0.1181126 0.7534285
vt 0.1154578 0.7541554
vt 0.1321116 0.7471653
vt 0.1393539 0.7486882
vt 0.1334795 0.7446268
vt 0.1165544 0.7555302
vt 0.118358 0.7574933
vt 0.1184874 0.754174
vt 0.1215143 0.7600676
vt 0.1211313 0.7600521
vt 0.1215886 0.7602612
vt 0.1278041 0.7495258
vt 0.1306899 0.7473263
vt 0.1265118 0.7492684
vt 0.1276077 0.7602551
vt 0.1301716 0.7572584
vt 0.1251927 0.7578918
vt 0.1240479 0.7610226
vt 0.1240759 0.7608875
vt 0.1227226 0.7604667
vt 0.1284607 0.7438823
vt 0.1279228 0.7457606
vt 0.1308835 0.7447302
vt 0.1309005 0.7398445
vt 0.1320118 0.7425092
vt 0.1335444 0.7399636
vt 0.1225568 0.7605858
vt 0.1239829 0.760968
vt 0.1227226 0.7604667
vt 0.1140105 0.7569606
vt 0.1147532 0.7573563
vt 0.1159437 0.7550141
vt 0.1161962 0.7476694
vt 0.1145438 0.7458155
vt 0.1117472 0.7517506
vt 0.1100012 0.7507107
vt 0.1145438 0.7458155
vt 0.1079506 0.7486871
vt 0.1338377 0.7424127
vt 0.1334795 0.7446268
vt 0.1381896 0.7431881
vt 0.1227397 0.7610055
vt 0.1225568 0.7605858
vt 0.121791 0.7611301
vt 0.1238597 0.7616976
vt 0.1239829 0.760968
vt 0.1227397 0.7610055
vt 0.1290749 0.7353904
vt 0.1309005 0.7398445
vt 0.1322427 0.7364753
vt 0.09096175 0.7271233
vt 0.09747707 0.7356273
vt 0.1096348 0.7261603
vt 0.09747707 0.7356273
vt 0.1016111 0.7424414
vt 0.1096985 0.7324981
vt 0.1290749 0.7353904
vt 0.1147153 0.7325701
vt 0.1253902 0.740149
vt 0.1309005 0.7398445
vt 0.1290749 0.7353904
vt 0.127986 0.7412028
vt 0.1207747 0.7480091
vt 0.1229681 0.7486918
vt 0.1258683 0.7437659
vt 0.1158901 0.7405019
vt 0.1176796 0.743434
vt 0.1253902 0.740149
vt 0.1335444 0.7399636
vt 0.1338377 0.7424127
vt 0.1385818 0.7409681
vt 0.118358 0.7574933
vt 0.1165544 0.7555302
vt 0.1166812 0.7582905
vt 0.1194917 0.7605757
vt 0.1206087 0.7603879
vt 0.1194779 0.7602181
vt 0.1322741 0.7543006
vt 0.137537 0.7601133
vt 0.1331767 0.7536212
vt 0.1016111 0.7424414
vt 0.1059731 0.7471872
vt 0.1108493 0.7378149
vt 0.1324815 0.7519351
vt 0.1399372 0.7591549
vt 0.1367996 0.7542092
vt 0.118358 0.7574933
vt 0.1166812 0.7582905
vt 0.1194779 0.7602181
vt 0.1386907 0.7596596
vt 0.1399372 0.7591549
vt 0.1331767 0.7536212
vt 0.1240479 0.7610226
vt 0.1250975 0.7615854
vt 0.1240759 0.7608875
vt 0.1227397 0.7610055
vt 0.1236639 0.7621309
vt 0.1238597 0.7616976
vt 0.1284607 0.7438823
vt 0.127986 0.7412028
vt 0.1258683 0.7437659
vt 0.1406261 0.7437368
vt 0.1413242 0.7449124
vt 0.1414123 0.7434721
vt 0.1399855 0.7437208
vt 0.1382685 0.7455149
vt 0.1408789 0.7459614
vt 0.1406261 0.7437368
vt 0.1399855 0.7437208
vt 0.1413242 0.7449124
vt 0.1250975 0.7615854
vt 0.1239829 0.760968
vt 0.1247324 0.7620746
vt 0.1247324 0.7620746
vt 0.1238597 0.7616976
vt 0.1244987 0.7624081
vt 0.1450138 0.7570547
vt 0.1402613 0.7513793
vt 0.1404499 0.7589451
vt 0.121791 0.7611301
vt 0.1214897 0.7603903
vt 0.1209817 0.7614274
vt 0.1414053 0.7421213
vt 0.1407922 0.7427725
vt 0.1415349 0.7432689
vt 0.1096506 0.7548443
vt 0.1110231 0.7554769
vt 0.1117472 0.7517506
vt 0.1407922 0.7427725
vt 0.1401774 0.7423803
vt 0.1406261 0.7437368
vt 0.1183447 0.7610009
vt 0.1194917 0.7605757
vt 0.1182042 0.760672
vt 0.1079506 0.7486871
vt 0.1059196 0.7511062
vt 0.1100012 0.7507107
vt 0.1322427 0.7364753
vt 0.1335444 0.7399636
vt 0.1399298 0.7382056
vt 0.1399855 0.7437208
vt 0.1401774 0.7423803
vt 0.1381896 0.7431881
vt 0.1166812 0.7582905
vt 0.1147532 0.7573563
vt 0.1150725 0.7595572
vt 0.1244755 0.7624163
vt 0.1244987 0.7624081
vt 0.1241045 0.7622633
vt 0.1413242 0.7449124
vt 0.1427845 0.7443576
vt 0.1415706 0.7436829
vt 0.1413242 0.7449124
vt 0.1408789 0.7459614
vt 0.1427845 0.7443576
vt 0.1183447 0.7610009
vt 0.1189767 0.7607562
vt 0.1194917 0.7605757
vt 0.1427428 0.7426318
vt 0.1414053 0.7421213
vt 0.1417778 0.7433492
vt 0.1117472 0.7517506
vt 0.1100012 0.7507107
vt 0.1096506 0.7548443
vt 0.1436497 0.7450661
vt 0.1408789 0.7459614
vt 0.1402613 0.7513793
vt 0.1202925 0.7604308
vt 0.1195288 0.7605844
vt 0.1192737 0.7610733
vt 0.1414053 0.7421213
vt 0.140935 0.7412283
vt 0.1407922 0.7427725
vt 0.1436497 0.7450661
vt 0.1402613 0.7513793
vt 0.1519374 0.7538786
vt 0.1417912 0.7436045
vt 0.1427845 0.7443576
vt 0.1417778 0.7433492
vt 0.1427845 0.7443576
vt 0.1436497 0.7450661
vt 0.1427428 0.7426318
vt 0.078781 0.732147
vt 0.08702313 0.7420268
vt 0.09096175 0.7271233
vt 0.08702313 0.7420268
vt 0.09433126 0.7490328
vt 0.09747707 0.7356273
vt 0.1427428 0.7426318
vt 0.1434971 0.7419056
vt 0.1414053 0.7421213
vt 0.1250975 0.7615854
vt 0.1247324 0.7620746
vt 0.125635 0.7620733
vt 0.125504 0.7627567
vt 0.1247324 0.7620746
vt 0.1251155 0.7628754
vt 0.1294535 0.7630848
vt 0.133471 0.7616951
vt 0.1276077 0.7602551
vt 0.1401774 0.7423803
vt 0.140935 0.7412283
vt 0.1385818 0.7409681
vt 0.1202802 0.7618882
vt 0.1209817 0.7614274
vt 0.1192737 0.7610733
vt 0.1110231 0.7554769
vt 0.1097592 0.7574466
vt 0.1133797 0.7568009
vt 0.1244755 0.7624163
vt 0.1251615 0.7627893
vt 0.1244987 0.7624081
vt 0.1110231 0.7554769
vt 0.1096506 0.7548443
vt 0.1097592 0.7574466
vt 0.1096506 0.7548443
vt 0.1080902 0.7541453
vt 0.1084263 0.7568937
vt 0.1010587 0.7535792
vt 0.1059731 0.7471872
vt 0.09433126 0.7490328
vt 0.1244755 0.7624163
vt 0.124832 0.7625934
vt 0.1251615 0.7627893
vt 0.1501603 0.7462131
vt 0.1501201 0.7445617
vt 0.1436497 0.7450661
vt 0.1059731 0.7471872
vt 0.1010587 0.7535792
vt 0.1059196 0.7511062
vt 0.1059196 0.7511062
vt 0.1029932 0.7549503
vt 0.1080902 0.7541453
vt 0.1166812 0.7582905
vt 0.1150725 0.7595572
vt 0.1182042 0.760672
vt 0.1131251 0.7598045
vt 0.1140653 0.758274
vt 0.1121322 0.7598077
vt 0.1209817 0.7614274
vt 0.1202802 0.7618882
vt 0.1226789 0.7624029
vt 0.1246823 0.7626815
vt 0.124832 0.7625934
vt 0.1241534 0.7623759
vt 0.1241534 0.7623759
vt 0.1236639 0.7621309
vt 0.1235466 0.7625452
vt 0.06592112 0.7433224
vt 0.07812505 0.7520884
vt 0.078781 0.732147
vt 0.151401 0.7422447
vt 0.1473733 0.7397241
vt 0.1501201 0.7445617
vt 0.1170803 0.7613918
vt 0.1176289 0.7615389
vt 0.1182042 0.760672
vt 0.146106 0.7374921
vt 0.141392 0.7380518
vt 0.1434971 0.7419056
vt 0.1131251 0.7598045
vt 0.1121322 0.7598077
vt 0.1125794 0.7608183
vt 0.1159389 0.7625846
vt 0.1163532 0.7627334
vt 0.1170803 0.7613918
vt 0.1197643 0.7624948
vt 0.1202802 0.7618882
vt 0.1184574 0.7620336
vt 0.1230893 0.7626198
vt 0.1235466 0.7625452
vt 0.1226789 0.7624029
vt 0.1084263 0.7568937
vt 0.1069071 0.7562578
vt 0.106556 0.760052
vt 0.1150725 0.7595572
vt 0.1131251 0.7598045
vt 0.1136029 0.7613938
vt 0.1159389 0.7625846
vt 0.1170803 0.7613918
vt 0.1136029 0.7613938
vt 0.1197643 0.7624948
vt 0.1221423 0.7626997
vt 0.1202802 0.7618882
vt 0.1261537 0.7637885
vt 0.1266168 0.7637365
vt 0.125504 0.7627567
vt 0.106556 0.760052
vt 0.1079291 0.7605122
vt 0.1084263 0.7568937
vt 0.08856433 0.7577019
vt 0.09433126 0.7490328
vt 0.07812505 0.7520884
vt 0.1115455 0.7612738
vt 0.1121322 0.7598077
vt 0.1079291 0.7605122
vt 0.1251155 0.7628754
vt 0.1257608 0.7637656
vt 0.125504 0.7627567
vt 0.1258571 0.7635912
vt 0.1257608 0.7637656
vt 0.1251615 0.7627893
vt 0.1251615 0.7627893
vt 0.1253765 0.762984
vt 0.1258571 0.7635912
vt 0.1253296 0.7629098
vt 0.1253765 0.762984
vt 0.1246823 0.7626815
vt 0.1242188 0.7627595
vt 0.1246823 0.7626815
vt 0.1235466 0.7625452
vt 0.06592112 0.7433224
vt 0.05604511 0.7607531
vt 0.07812505 0.7520884
vt 0.08856433 0.7577019
vt 0.09740126 0.7611254
vt 0.09433126 0.7490328
vt 0.09960359 0.7615589
vt 0.1029932 0.7549503
vt 0.09740126 0.7611254
vt 0.1159389 0.7625846
vt 0.115656 0.7629324
vt 0.1163532 0.7627334
vt 0.1253765 0.762984
vt 0.1253296 0.7629098
vt 0.1257925 0.7634534
vt 0.1242188 0.7627595
vt 0.1235466 0.7625452
vt 0.1237093 0.7629209
vt 0.1197643 0.7624948
vt 0.1163532 0.7627334
vt 0.119376 0.763328
vt 0.1102073 0.7665349
vt 0.1117571 0.7636169
vt 0.1115455 0.7612738
vt 0.1231006 0.763156
vt 0.1225405 0.7627274
vt 0.121996 0.763557
vt 0.1147368 0.7646772
vt 0.115656 0.7629324
vt 0.1125341 0.7637722
vt 0.1125341 0.7637722
vt 0.1136029 0.7613938
vt 0.1117571 0.7636169
vt 0.1237093 0.7629209
vt 0.1230893 0.7626198
vt 0.1231006 0.763156
vt 0.1252712 0.7626825
vt 0.1253296 0.7629098
vt 0.1242188 0.7627595
vt 0.05604511 0.7607531
vt 0.05399441 0.7660081
vt 0.07147675 0.765786
vt 0.119376 0.763328
vt 0.1159587 0.7630863
vt 0.119185 0.764332
vt 0.106556 0.760052
vt 0.1050283 0.7594991
vt 0.1033501 0.7667406
vt 0.07812505 0.7520884
vt 0.07147675 0.765786
vt 0.08856433 0.7577019
vt 0.08460241 0.76869
vt 0.09470111 0.7705398
vt 0.08856433 0.7577019
vt 0.09470111 0.7705398
vt 0.0967338 0.7704636
vt 0.09740126 0.7611254
vt 0.1252712 0.7626825
vt 0.1242188 0.7627595
vt 0.124524 0.7630253
vt 0.1051912 0.7669018
vt 0.1079291 0.7605122
vt 0.1033501 0.7667406
vt 0.08017522 0.7693915
vt 0.05399441 0.7660081
vt 0.07902461 0.77519
vt 0.07902461 0.77519
vt 0.09395575 0.7739156
vt 0.08017522 0.7693915
vt 0.09470111 0.7705398
vt 0.08460241 0.76869
vt 0.09650748 0.77212
vt 0.1253296 0.7629098
vt 0.1252712 0.7626825
vt 0.1259322 0.7631695
vt 0.1115455 0.7612738
vt 0.1079291 0.7605122
vt 0.1092622 0.7670734
vt 0.124524 0.7630253
vt 0.1237093 0.7629209
vt 0.1237177 0.7635051
vt 0.121996 0.763557
vt 0.1221373 0.7642151
vt 0.1231006 0.763156
vt 0.1125341 0.7637722
vt 0.1118618 0.7665747
vt 0.1147368 0.7646772
vt 0.1117571 0.7636169
vt 0.1111156 0.766727
vt 0.1125341 0.7637722
vt 0.1252712 0.7626825
vt 0.124524 0.7630253
vt 0.1272703 0.7618101
vt 0.09776967 0.7747214
vt 0.1006522 0.773754
vt 0.09650748 0.77212
vt 0.1147368 0.7646772
vt 0.1142327 0.7665945
vt 0.1152211 0.7647248
vt 0.1006522 0.773754
vt 0.1030626 0.7728897
vt 0.101258 0.7667711
vt 0.105247 0.7720832
vt 0.1051912 0.7669018
vt 0.1030626 0.7728897
vt 0.124524 0.7630253
vt 0.1237177 0.7635051
vt 0.1253061 0.7631981
vt 0.1051912 0.7669018
vt 0.105247 0.7720832
vt 0.1092622 0.7670734
vt 0.1102073 0.7665349
vt 0.1092622 0.7670734
vt 0.110318 0.770183
vt 0.1123998 0.7693272
vt 0.1118618 0.7665747
vt 0.1115777 0.7696798
vt 0.1144125 0.7685677
vt 0.1142327 0.7665945
vt 0.1123998 0.7693272
vt 0.1237177 0.7635051
vt 0.1221373 0.7642151
vt 0.1241769 0.7639055
vt 0.1147938 0.7683694
vt 0.1148189 0.7664876
vt 0.1144125 0.7685677
vt 0.1526202 0.771554
vt 0.151626 0.7691276
vt 0.1500244 0.7713397
vt 0.1386907 0.7596596
vt 0.1392374 0.7681236
vt 0.1399372 0.7591549
vt 0.1386907 0.7596596
vt 0.137537 0.7601133
vt 0.1392374 0.7681236
vt 0.153078 0.7710511
vt 0.152639 0.7696481
vt 0.1526202 0.771554
vt 0.1539251 0.7690971
vt 0.1540163 0.7680839
vt 0.152639 0.7696481
vt 0.1515395 0.7731929
vt 0.1534097 0.7745758
vt 0.1526202 0.771554
vt 0.1543771 0.7715378
vt 0.153078 0.7710511
vt 0.1547996 0.7725832
vt 0.1482493 0.7674169
vt 0.1540163 0.7680839
vt 0.1546884 0.7596039
vt 0.1487146 0.7769325
vt 0.1515395 0.7731929
vt 0.146753 0.7753817
vt 0.1482493 0.7674169
vt 0.1436859 0.7742396
vt 0.1500244 0.7713397
vt 0.1341356 0.767311
vt 0.133471 0.7616951
vt 0.1299735 0.7665052
vt 0.1550057 0.7702849
vt 0.1560061 0.7702815
vt 0.1539251 0.7690971
vt 0.1550057 0.7702849
vt 0.1543771 0.7715378
vt 0.1560061 0.7702815
vt 0.146038 0.7644076
vt 0.1418483 0.7732319
vt 0.1482493 0.7674169
vt 0.1408929 0.7721153
vt 0.1418483 0.7732319
vt 0.1415129 0.765056
vt 0.1575379 0.7744138
vt 0.1547996 0.7725832
vt 0.1564503 0.775515
vt 0.1487146 0.7769325
vt 0.1503584 0.7791098
vt 0.1515395 0.7731929
vt 0.152639 0.7696481
vt 0.153078 0.7710511
vt 0.1536399 0.7702237
vt 0.1536914 0.7704347
vt 0.153078 0.7710511
vt 0.1538919 0.7704969
vt 0.1471729 0.7782195
vt 0.146753 0.7753817
vt 0.1445419 0.7772053
vt 0.1560061 0.7702815
vt 0.1598714 0.7647046
vt 0.1540163 0.7680839
vt 0.1379688 0.7681795
vt 0.1341356 0.767311
vt 0.135838 0.7728117
vt 0.1608788 0.7714619
vt 0.160094 0.7692235
vt 0.1575379 0.7744138
vt 0.1400832 0.7700019
vt 0.1371736 0.774077
vt 0.1408929 0.7721153
vt 0.1520755 0.7828364
vt 0.1564503 0.775515
vt 0.1503584 0.7791098
vt 0.1560061 0.7702815
vt 0.160094 0.7692235
vt 0.1598714 0.7647046
vt 0.1539251 0.7690971
vt 0.152639 0.7696481
vt 0.1538246 0.770148
vt 0.1543771 0.7715378
vt 0.1550057 0.7702849
vt 0.1538919 0.7704969
vt 0.143315 0.7797595
vt 0.1445419 0.7772053
vt 0.1413944 0.7786242
vt 0.1257608 0.7637656
vt 0.1258571 0.7635912
vt 0.1258745 0.7649537
vt 0.1483793 0.7812481
vt 0.1503584 0.7791098
vt 0.1471729 0.7782195
vt 0.1538246 0.770148
vt 0.1539781 0.7703142
vt 0.1539251 0.7690971
vt 0.1364725 0.773558
vt 0.1366583 0.773826
vt 0.1379688 0.7681795
vt 0.1371736 0.774077
vt 0.1400832 0.7700019
vt 0.1366583 0.773826
vt 0.1413944 0.7786242
vt 0.1424224 0.7751505
vt 0.1380814 0.7758145
vt 0.1257925 0.7634534
vt 0.1258364 0.7642066
vt 0.1258571 0.7635912
vt 0.1258364 0.7642066
vt 0.1257925 0.7634534
vt 0.1257462 0.7640468
vt 0.1379814 0.7757028
vt 0.1380814 0.7758145
vt 0.1381119 0.7757862
vt 0.1505215 0.7862905
vt 0.1520755 0.7828364
vt 0.1483793 0.7812481
vt 0.1270986 0.7658768
vt 0.1265598 0.7680256
vt 0.1299735 0.7665052
vt 0.1371736 0.774077
vt 0.1366583 0.773826
vt 0.1369406 0.7760563
vt 0.143315 0.7797595
vt 0.141259 0.7819406
vt 0.1450141 0.7824227
vt 0.1436768 0.785324
vt 0.1505215 0.7862905
vt 0.1450141 0.7824227
vt 0.05409395 0.7937485
vt 0.05457895 0.8082552
vt 0.08059525 0.7849003
vt 0.135838 0.7728117
vt 0.1342175 0.7748238
vt 0.1364725 0.773558
vt 0.131497 0.7737617
vt 0.1342175 0.7748238
vt 0.1329396 0.7716274
vt 0.1258745 0.7649537
vt 0.1259087 0.7647777
vt 0.1256964 0.7657922
vt 0.1351239 0.7770625
vt 0.1366583 0.773826
vt 0.1348351 0.7757212
vt 0.135762 0.7774049
vt 0.1362611 0.7780062
vt 0.1369406 0.7760563
vt 0.1256344 0.7656793
vt 0.1259087 0.7647777
vt 0.1257575 0.765089
vt 0.0835011 0.7902542
vt 0.05457895 0.8082552
vt 0.07396161 0.7990878
vt 0.1272703 0.7618101
vt 0.1256535 0.7637729
vt 0.1259322 0.7631695
vt 0.08059525 0.7849003
vt 0.0835011 0.7902542
vt 0.09485131 0.7774349
vt 0.09699529 0.7759115
vt 0.09692704 0.7759214
vt 0.09794908 0.7775946
vt 0.09661179 0.7800055
vt 0.09794908 0.7775946
vt 0.08761084 0.7879273
vt 0.1257575 0.765089
vt 0.1258364 0.7642066
vt 0.1255066 0.7649783
vt 0.1256344 0.7656793
vt 0.1257575 0.765089
vt 0.1253874 0.7658398
vt 0.1343039 0.7793591
vt 0.1348353 0.7798389
vt 0.135762 0.7774049
vt 0.135762 0.7774049
vt 0.1351239 0.7770625
vt 0.1343039 0.7793591
vt 0.1264853 0.7676744
vt 0.1265531 0.7678553
vt 0.1268852 0.7665191
vt 0.1256933 0.7670589
vt 0.1264853 0.7676744
vt 0.1261745 0.766153
vt 0.1306746 0.7757205
vt 0.1326469 0.7762233
vt 0.131497 0.7737617
vt 0.1505215 0.7862905
vt 0.1436768 0.785324
vt 0.1411085 0.8004604
vt 0.139258 0.802555
vt 0.1443927 0.8061297
vt 0.1411085 0.8004604
vt 0.1256964 0.7657922
vt 0.1256344 0.7656793
vt 0.1254492 0.7662109
vt 0.141259 0.7819406
vt 0.1348763 0.7884701
vt 0.1436768 0.785324
vt 0.1411085 0.8004604
vt 0.1377125 0.7966186
vt 0.139258 0.802555
vt 0.08499675 0.8300305
vt 0.09134101 0.8104605
vt 0.05627906 0.8171974
vt 0.09134101 0.8104605
vt 0.09855282 0.79705
vt 0.07396161 0.7990878
vt 0.1326827 0.781898
vt 0.1332725 0.7825043
vt 0.1343039 0.7793591
vt 0.1256964 0.7657922
vt 0.1254492 0.7662109
vt 0.1261745 0.766153
vt 0.09134101 0.8104605
vt 0.08499675 0.8300305
vt 0.1088106 0.8139217
vt 0.1341485 0.7930512
vt 0.1359291 0.7977388
vt 0.1357278 0.7925163
vt 0.1343039 0.7793591
vt 0.1333832 0.7786054
vt 0.1326827 0.781898
vt 0.1249001 0.8112913
vt 0.1297288 0.821811
vt 0.139258 0.802555
vt 0.133539 0.7876007
vt 0.1348763 0.7884701
vt 0.1333838 0.7855149
vt 0.1329216 0.7831136
vt 0.1333838 0.7855149
vt 0.1332725 0.7825043
vt 0.1050817 0.7795139
vt 0.1006522 0.773754
vt 0.09794908 0.7775946
vt 0.1068423 0.7780476
vt 0.1030626 0.7728897
vt 0.1050817 0.7795139
vt 0.09661179 0.7800055
vt 0.08761084 0.7879273
vt 0.1048484 0.7876516
vt 0.1322834 0.782619
vt 0.1329216 0.7831136
vt 0.1326827 0.781898
vt 0.1255066 0.7649783
vt 0.1257462 0.7640468
vt 0.125006 0.7650355
vt 0.1318033 0.784993
vt 0.1326608 0.7883739
vt 0.1323856 0.7850987
vt 0.1322834 0.782619
vt 0.1318386 0.7842042
vt 0.1329216 0.7831136
vt 0.1318386 0.7842042
vt 0.1318033 0.784993
vt 0.1324222 0.7844318
vt 0.1098212 0.8300305
vt 0.1297288 0.821811
vt 0.1088106 0.8139217
vt 0.110581 0.80147
vt 0.09855282 0.79705
vt 0.1088106 0.8139217
vt 0.1306746 0.7757205
vt 0.131497 0.7737617
vt 0.1279764 0.7732613
vt 0.133103 0.7769888
vt 0.130314 0.7785464
vt 0.1333832 0.7786054
vt 0.133103 0.7769888
vt 0.1326469 0.7762233
vt 0.130314 0.7785464
vt 0.1097486 0.7704602
vt 0.105247 0.7720832
vt 0.111437 0.7736752
vt 0.09870225 0.7789203
vt 0.106759 0.7856462
vt 0.1050817 0.7795139
vt 0.1285941 0.7722105
vt 0.129796 0.7701878
vt 0.1259396 0.7695193
vt 0.1265531 0.7678553
vt 0.1258394 0.7693103
vt 0.1265598 0.7680256
vt 0.1359291 0.7977388
vt 0.1230891 0.8020053
vt 0.139258 0.802555
vt 0.1230891 0.8020053
vt 0.1359291 0.7977388
vt 0.1231088 0.7943854
vt 0.09855282 0.79705
vt 0.110581 0.80147
vt 0.1048484 0.7876516
vt 0.1249001 0.8112913
vt 0.1230891 0.8020053
vt 0.1088106 0.8139217
vt 0.1326827 0.781898
vt 0.1308812 0.7798242
vt 0.1322834 0.782619
vt 0.1135345 0.7922162
vt 0.113579 0.789099
vt 0.1048484 0.7876516
vt 0.1135345 0.7922162
vt 0.110581 0.80147
vt 0.1231088 0.7943854
vt 0.113579 0.789099
vt 0.1135345 0.7922162
vt 0.119095 0.790562
vt 0.1265531 0.7678553
vt 0.1264853 0.7676744
vt 0.1258394 0.7693103
vt 0.1223271 0.7649229
vt 0.122576 0.7656513
vt 0.1241769 0.7639055
vt 0.1318033 0.784993
vt 0.1292648 0.7857304
vt 0.1326608 0.7883739
vt 0.1254492 0.7662109
vt 0.1251988 0.7664245
vt 0.1256933 0.7670589
vt 0.1279764 0.7732613
vt 0.1271809 0.7740015
vt 0.1306746 0.7757205
vt 0.1144125 0.7685677
vt 0.1123998 0.7693272
vt 0.1154445 0.770239
vt 0.1147938 0.7683694
vt 0.1144125 0.7685677
vt 0.1158916 0.7698839
vt 0.1147938 0.7683694
vt 0.1158916 0.7698839
vt 0.1156966 0.7680035
vt 0.1253874 0.7658398
vt 0.1252571 0.766563
vt 0.1253978 0.7660801
vt 0.1318033 0.784993
vt 0.1308495 0.7830703
vt 0.1292648 0.7857304
vt 0.1253874 0.7658398
vt 0.1255066 0.7649783
vt 0.1247441 0.7660302
vt 0.1242252 0.7881202
vt 0.1235851 0.7914084
vt 0.1292987 0.7884785
vt 0.1125894 0.7815706
vt 0.1068423 0.7780476
vt 0.1116057 0.7832501
vt 0.1259396 0.7695193
vt 0.1256918 0.7700093
vt 0.1285941 0.7722105
vt 0.1258394 0.7693103
vt 0.1255463 0.7697878
vt 0.1259396 0.7695193
vt 0.1298885 0.7775675
vt 0.1271809 0.7740015
vt 0.1282119 0.7780964
vt 0.1240972 0.764718
vt 0.122576 0.7656513
vt 0.1239531 0.7656784
vt 0.1243641 0.7662768
vt 0.1247441 0.7660302
vt 0.1245256 0.7653158
vt 0.1292648 0.7857304
vt 0.1248975 0.7856526
vt 0.1292987 0.7884785
vt 0.1068423 0.7780476
vt 0.1125894 0.7815706
vt 0.1084327 0.7767338
vt 0.1246484 0.766841
vt 0.1252571 0.766563
vt 0.1247441 0.7660302
vt 0.1158916 0.7698839
vt 0.1154445 0.770239
vt 0.1174489 0.7708954
vt 0.1154445 0.770239
vt 0.113518 0.7719088
vt 0.1169815 0.7715454
vt 0.1291763 0.7834005
vt 0.1253193 0.7835427
vt 0.1292648 0.7857304
vt 0.1291763 0.7834005
vt 0.1275279 0.7805074
vt 0.1253193 0.7835427
vt 0.1151154 0.7846597
vt 0.113579 0.789099
vt 0.1186969 0.786196
vt 0.1134976 0.7800953
vt 0.1146233 0.7761299
vt 0.1084327 0.7767338
vt 0.1256047 0.7692306
vt 0.1250009 0.770118
vt 0.1255463 0.7697878
vt 0.1159557 0.7829592
vt 0.1125894 0.7815706
vt 0.1151154 0.7846597
vt 0.1246484 0.766841
vt 0.1247441 0.7660302
vt 0.1242365 0.7669693
vt 0.1253154 0.7705007
vt 0.1256918 0.7700093
vt 0.1252034 0.7702626
vt 0.1279764 0.7732613
vt 0.1256918 0.7700093
vt 0.1271809 0.7740015
vt 0.1128438 0.7723982
vt 0.1123169 0.7732449
vt 0.1156587 0.7739295
vt 0.124575 0.779346
vt 0.1248043 0.7804857
vt 0.127367 0.7792088
vt 0.124575 0.779346
vt 0.127367 0.7792088
vt 0.1245118 0.7783901
vt 0.1250009 0.770118
vt 0.1256047 0.7692306
vt 0.1246241 0.7692542
vt 0.1239032 0.7666277
vt 0.1243641 0.7662768
vt 0.1239531 0.7656784
vt 0.1236718 0.7670459
vt 0.1239032 0.7666277
vt 0.122915 0.7663649
vt 0.1167855 0.7814745
vt 0.1134976 0.7800953
vt 0.1159557 0.7829592
vt 0.1248975 0.7856526
vt 0.1195445 0.7843174
vt 0.1242252 0.7881202
vt 0.1195445 0.7843174
vt 0.1159557 0.7829592
vt 0.1186969 0.786196
vt 0.1175572 0.7777533
vt 0.1176906 0.7766897
vt 0.1149808 0.7758768
vt 0.1246241 0.7692542
vt 0.1246484 0.766841
vt 0.1237913 0.7695773
vt 0.1253193 0.7835427
vt 0.120255 0.7826555
vt 0.1248975 0.7856526
vt 0.1239902 0.7710518
vt 0.1250009 0.770118
vt 0.1237913 0.7695773
vt 0.1181174 0.7753082
vt 0.1187816 0.772363
vt 0.1156587 0.7739295
vt 0.120255 0.7826555
vt 0.1167855 0.7814745
vt 0.1195445 0.7843174
vt 0.1174489 0.7708954
vt 0.1189591 0.7719146
vt 0.1204293 0.7682038
vt 0.122915 0.7663649
vt 0.1212067 0.768927
vt 0.1236718 0.7670459
vt 0.1215026 0.7789793
vt 0.1209272 0.7795823
vt 0.124575 0.779346
vt 0.1167855 0.7814745
vt 0.1175572 0.7777533
vt 0.1134976 0.7800953
vt 0.1241117 0.7670815
vt 0.1229159 0.7696627
vt 0.1242365 0.7669693
vt 0.1241117 0.7670815
vt 0.1236718 0.7670459
vt 0.1229159 0.7696627
vt 0.1245118 0.7783901
vt 0.1247101 0.775302
vt 0.1235675 0.7783231
vt 0.1227681 0.7758525
vt 0.1247101 0.775302
vt 0.1223554 0.7724869
vt 0.124575 0.779346
vt 0.1235675 0.7783231
vt 0.1215026 0.7789793
vt 0.1187816 0.772363
vt 0.1199005 0.7726849
vt 0.1189591 0.7719146
vt 0.1229159 0.7696627
vt 0.1227639 0.7712301
vt 0.1237913 0.7695773
vt 0.1204132 0.7776813
vt 0.1218044 0.7780809
vt 0.1205707 0.7758952
vt 0.1210944 0.7726731
vt 0.1199005 0.7726849
vt 0.1205707 0.7758952
vt 0.1239902 0.7710518
vt 0.1227196 0.771804
vt 0.1239689 0.7716426
vt 0.1189591 0.7719146
vt 0.1214675 0.7711243
vt 0.1212067 0.768927
vt 0.1220428 0.7694511
vt 0.1214675 0.7711243
vt 0.1229159 0.7696627
vt 0.1227196 0.771804
vt 0.1212107 0.7721787
vt 0.1223554 0.7724869
vt 0.1210944 0.7726731
vt 0.1205707 0.7758952
vt 0.1223554 0.7724869
vt 0.1241769 0.7639055
vt 0.1240972 0.764718
vt 0.1253061 0.7631981
vt 0.1272703 0.7618101
vt 0.1253061 0.7631981
vt 0.1256535 0.7637729
vt 0.1245256 0.7653158
vt 0.125006 0.7650355
vt 0.1248398 0.7642583
vt 0.1239531 0.7656784
vt 0.1245256 0.7653158
vt 0.1240972 0.764718
vt 0.1211313 0.7600521
vt 0.1201526 0.7570681
vt 0.1194779 0.7602181
vt 0.1084327 0.7767338
vt 0.105247 0.7720832
vt 0.1068423 0.7780476
vt 0.1154052 0.7664087
vt 0.1148189 0.7664876
vt 0.1156966 0.7680035
vt 0.1152211 0.7647248
vt 0.1148189 0.7664876
vt 0.1155191 0.7646839
vt 0.1199005 0.7726849
vt 0.1210944 0.7726731
vt 0.1204111 0.7722258
vt 0.1257231 0.7620339
vt 0.125635 0.7620733
vt 0.1267564 0.7637944
vt 0.1266168 0.7637365
vt 0.1269748 0.7657112
vt 0.1267564 0.7637944
vt 0.115656 0.7629324
vt 0.1147368 0.7646772
vt 0.1159587 0.7630863
vt 0.1174489 0.7708954
vt 0.1169815 0.7715454
vt 0.1189591 0.7719146
vt 0.1197643 0.7624948
vt 0.119376 0.763328
vt 0.1221423 0.7626997
vt 0.1097486 0.7704602
vt 0.111437 0.7736752
vt 0.110318 0.770183
vt 0.1115777 0.7696798
vt 0.110318 0.770183
vt 0.1128438 0.7723982
vt 0.1102073 0.7665349
vt 0.110318 0.770183
vt 0.1111156 0.766727
vt 0.1128438 0.7723982
vt 0.113518 0.7719088
vt 0.1115777 0.7696798
vt 0.1156587 0.7739295
vt 0.1150767 0.774777
vt 0.1181174 0.7753082
vt 0.1215026 0.7789793
vt 0.1204132 0.7776813
vt 0.1175572 0.7777533
vt 0.1181174 0.7753082
vt 0.1176906 0.7766897
vt 0.1205707 0.7758952
vt 0.1230941 0.757171
vt 0.122682 0.7603016
vt 0.1251927 0.7578918
vt 0.1140105 0.7569606
vt 0.1159437 0.7550141
vt 0.1133797 0.7568009
vt 0.09661179 0.7800055
vt 0.1048484 0.7876516
vt 0.09870225 0.7789203
vt 0.128826 0.7803052
vt 0.1308812 0.7798242
vt 0.128848 0.779023
vt 0.130314 0.7785464
vt 0.1298885 0.7775675
vt 0.128848 0.779023
vt 0.1275279 0.7805074
vt 0.128826 0.7803052
vt 0.127367 0.7792088
vt 0.1348351 0.7757212
vt 0.133103 0.7769888
vt 0.1351239 0.7770625
vt 0.1322741 0.7543006
vt 0.1278398 0.7525605
vt 0.1301716 0.7572584
vt 0.137537 0.7601133
vt 0.133471 0.7616951
vt 0.1379688 0.7681795
vt 0.1301716 0.7572584
vt 0.133471 0.7616951
vt 0.1322741 0.7543006
vt 0.1251927 0.7578918
vt 0.1240759 0.7608875
vt 0.1276077 0.7602551
vt 0.1149808 0.7758768
vt 0.1123169 0.7732449
vt 0.1146233 0.7761299
vt 0.09395575 0.7739156
vt 0.09579718 0.7745999
vt 0.09650748 0.77212
vt 0.1333543 0.7901155
vt 0.1348763 0.7884701
vt 0.1326608 0.7883739
vt 0.127231 0.749749
vt 0.1265763 0.7498482
vt 0.1278541 0.7510298
vt 0.1400832 0.7700019
vt 0.1415129 0.765056
vt 0.1399372 0.7591549
vt 0.1450138 0.7570547
vt 0.1404499 0.7589451
vt 0.146038 0.7644076
vt 0.1110231 0.7554769
vt 0.1133797 0.7568009
vt 0.1132222 0.7527076
vt 0.106759 0.7856462
vt 0.113579 0.789099
vt 0.1116057 0.7832501
vt 0.1201526 0.7570681
vt 0.1211612 0.7570852
vt 0.1184874 0.754174
vt 0.1276077 0.7602551
vt 0.1257231 0.7620339
vt 0.1294535 0.7630848
vt 0.1299735 0.7665052
vt 0.1294535 0.7630848
vt 0.1270986 0.7658768
vt 0.1258745 0.7649537
vt 0.1263492 0.76508
vt 0.1257608 0.7637656
vt 0.1269748 0.7657112
vt 0.1266168 0.7637365
vt 0.1263492 0.76508
vt 0.1268852 0.7665191
vt 0.1269748 0.7657112
vt 0.1261745 0.766153
vt 0.1256964 0.7657922
vt 0.1261745 0.766153
vt 0.1258745 0.7649537
vt 0.1221423 0.7626997
vt 0.1225405 0.7627274
vt 0.122489 0.7623222
vt 0.1243641 0.7662768
vt 0.1239032 0.7666277
vt 0.1241117 0.7670815
vt 0.1299735 0.7665052
vt 0.129796 0.7701878
vt 0.1341356 0.767311
vt 0.1211612 0.7570852
vt 0.1215143 0.7600676
vt 0.1230941 0.757171
vt 0.1380814 0.7758145
vt 0.1379814 0.7757028
vt 0.1373558 0.7766982
vt 0.120255 0.7826555
vt 0.1209272 0.7795823
vt 0.1167855 0.7814745
vt 0.1209272 0.7795823
vt 0.120255 0.7826555
vt 0.1248043 0.7804857
vt 0.1235851 0.7914084
vt 0.1242252 0.7881202
vt 0.119095 0.790562
vt 0.0967338 0.7704636
vt 0.101258 0.7667711
vt 0.09960359 0.7615589
vt 0.1069071 0.7562578
vt 0.1029932 0.7549503
vt 0.1050283 0.7594991
vt 0.1308495 0.7830703
vt 0.128826 0.7803052
vt 0.1291763 0.7834005
vt 0.1206087 0.7603879
vt 0.1194917 0.7605757
vt 0.1202925 0.7604308
vt 0.1215886 0.7602612
vt 0.1206087 0.7603879
vt 0.1214897 0.7603903
vt 0.1227639 0.7712301
vt 0.1214675 0.7711243
vt 0.1227196 0.771804
vt 0.1215143 0.7600676
vt 0.1211612 0.7570852
vt 0.1211313 0.7600521
vt 0.1239689 0.7716426
vt 0.1253154 0.7705007
vt 0.1239902 0.7710518
vt 0.1242407 0.7545057
vt 0.1261853 0.7555475
vt 0.1254985 0.752212
vt 0.1156966 0.7680035
vt 0.1194317 0.7663659
vt 0.1154052 0.7664087
vt 0.1221373 0.7642151
vt 0.1192255 0.765347
vt 0.1223271 0.7649229
vt 0.1156966 0.7680035
vt 0.1163458 0.7694906
vt 0.1194317 0.7663659
vt 0.122576 0.7656513
vt 0.1223271 0.7649229
vt 0.1198555 0.7673232
vt 0.1192255 0.765347
vt 0.1221373 0.7642151
vt 0.119185 0.764332
vt 0.1154052 0.7664087
vt 0.1192255 0.765347
vt 0.1155191 0.7646839
vt 0.1198555 0.7673232
vt 0.1204293 0.7682038
vt 0.122576 0.7656513
vt 0.1163458 0.7694906
vt 0.1174489 0.7708954
vt 0.1198555 0.7673232
vt 0.1226789 0.7624029
vt 0.1230778 0.7622591
vt 0.1209817 0.7614274
vt 0.1236639 0.7621309
vt 0.1227397 0.7610055
vt 0.1230778 0.7622591
vt 0.1252571 0.766563
vt 0.1246484 0.766841
vt 0.1254068 0.7686825
vt 0.1139965 0.7440353
vt 0.1127639 0.741947
vt 0.1079506 0.7486871
vt 0.1326469 0.7762233
vt 0.133103 0.7769888
vt 0.1342175 0.7748238
vt 0.05351501 0.7768915
vt 0.05409395 0.7937485
vt 0.07902461 0.77519
vt 0.09395575 0.7739156
vt 0.07902461 0.77519
vt 0.09485131 0.7774349
vt 0.09395575 0.7739156
vt 0.09485131 0.7774349
vt 0.09579718 0.7745999
usemtl LFinger23UV
f 1/1 2/2 3/3
f 5/4 6/5 7/6
f 9/7 10/8 11/9
f 13/10 9/11 14/12
f 16/13 8/14 7/15
f 16/16 17/17 8/18
f 6/19 18/20 19/21
f 6/22 5/23 20/24
f 22/25 12/26 23/27
f 12/28 14/29 24/30
f 14/31 9/32 11/33
f 25/34 5/35 8/36
f 17/37 26/38 22/39
f 9/40 26/41 10/42
f 13/43 26/44 9/45
f 5/46 25/47 27/48
f 25/49 22/50 23/51
f 23/52 24/53 29/54
f 28/55 29/56 31/57
f 30/58 31/59 33/60
f 30/61 27/62 25/63
f 30/64 32/65 35/66
f 18/67 36/68 37/69
f 21/70 36/71 18/72
f 33/73 38/74 39/75
f 40/76 41/77 10/78
f 21/79 20/80 42/81
f 40/82 26/83 17/84
f 45/85 38/86 33/87
f 30/88 34/89 27/90
f 34/91 42/92 20/93
f 35/94 32/95 39/96
f 40/97 47/98 41/99
f 49/100 41/101 47/102
f 50/103 38/104 45/105
f 50/106 51/107 39/108
f 43/109 42/110 52/111
f 10/112 49/113 54/114
f 55/115 56/116 54/117
f 57/118 44/119 17/120
f 58/121 59/122 19/123
f 45/124 60/125 61/126
f 62/127 63/128 56/129
f 50/130 61/131 64/132
f 65/133 46/134 39/135
f 51/136 64/137 66/138
f 68/139 69/140 70/141
f 71/142 72/143 73/144
f 76/145 35/146 46/147
f 76/148 77/149 34/150
f 78/151 66/152 64/153
f 73/154 72/155 81/156
f 79/157 80/158 81/159
f 48/160 82/161 55/162
f 42/163 34/164 77/165
f 82/166 83/167 62/168
f 84/169 85/170 43/171
f 86/172 87/173 70/174
f 54/175 88/176 14/177
f 90/178 59/179 58/180
f 70/181 91/182 67/183
f 92/184 91/185 70/186
f 94/187 68/188 67/189
f 88/190 54/191 56/192
f 63/193 96/194 97/195
f 99/196 93/197 67/198
f 101/199 53/200 52/201
f 65/202 102/203 75/204
f 65/205 66/206 103/207
f 62/208 83/209 104/210
f 91/211 92/212 106/213
f 99/214 91/215 105/216
f 98/217 97/218 109/219
f 111/220 72/221 71/222
f 112/223 81/224 72/225
f 73/226 80/227 113/228
f 108/229 113/230 114/231
f 29/232 88/233 60/234
f 33/235 60/236 45/237
f 61/238 60/239 113/240
f 96/241 104/242 115/243
f 53/244 101/245 116/246
f 87/247 86/248 118/249
f 119/250 120/251 44/252
f 121/253 78/254 81/255
f 122/256 123/257 47/258
f 116/259 124/260 118/261
f 122/262 40/263 44/264
f 125/265 126/266 94/267
f 127/268 128/269 107/270
f 79/271 113/272 80/273
f 114/274 113/275 60/276
f 130/277 131/278 132/279
f 83/280 82/281 134/282
f 133/283 134/284 130/285
f 99/286 107/287 135/288
f 107/289 128/290 136/291
f 48/292 47/293 123/294
f 128/295 127/296 138/297
f 92/298 139/299 140/300
f 127/301 141/302 138/303
f 143/304 132/305 144/306
f 145/307 76/308 75/309
f 147/310 133/311 129/312
f 117/313 118/314 124/315
f 149/316 150/317 102/318
f 97/319 115/320 151/321
f 147/322 115/323 104/324
f 101/325 152/326 153/327
f 136/328 128/329 138/330
f 155/331 156/332 131/333
f 134/334 157/335 155/336
f 126/337 125/338 158/339
f 159/340 160/341 117/342
f 142/343 144/344 162/345
f 102/346 150/347 146/348
f 152/349 101/350 100/351
f 134/352 82/353 48/354
f 160/355 159/356 163/357
f 164/358 147/359 143/360
f 48/361 165/362 166/363
f 155/364 161/365 162/366
f 157/367 167/368 161/369
f 169/370 111/371 110/372
f 170/373 112/374 111/375
f 167/376 164/377 142/378
f 135/379 171/380 158/381
f 135/382 136/383 172/384
f 173/385 90/386 89/387
f 164/388 151/389 115/390
f 140/391 139/392 163/393
f 176/394 177/395 178/396
f 179/397 172/398 136/399
f 146/400 180/401 176/402
f 150/403 181/404 180/405
f 121/406 112/407 170/408
f 183/409 151/410 164/411
f 184/412 185/413 179/414
f 186/415 167/416 157/417
f 182/418 188/419 149/420
f 188/421 181/422 150/423
f 153/424 189/425 124/426
f 152/427 100/428 177/429
f 175/430 191/431 192/432
f 193/433 194/434 148/435
f 184/436 154/437 141/438
f 127/439 196/440 197/441
f 148/442 194/443 163/444
f 198/445 169/446 168/447
f 201/448 167/449 186/450
f 193/451 148/452 124/453
f 202/454 194/455 193/456
f 183/457 164/458 167/459
f 203/460 167/461 201/462
f 177/463 204/464 205/465
f 202/466 193/467 189/468
f 175/469 163/470 194/471
f 197/472 196/473 192/474
f 191/475 208/476 192/477
f 181/478 209/479 210/480
f 190/481 205/482 211/483
f 189/484 153/485 211/486
f 212/487 191/488 175/489
f 213/490 158/491 171/492
f 215/493 176/494 180/495
f 170/496 169/497 198/498
f 177/499 176/500 215/501
f 217/502 214/503 171/504
f 217/505 172/506 179/507
f 185/508 219/509 218/510
f 207/511 194/512 202/513
f 185/514 184/515 195/516
f 195/517 141/518 197/519
f 222/520 223/521 198/522
f 224/523 182/524 170/525
f 188/526 182/527 224/528
f 226/529 227/530 202/531
f 220/532 228/533 219/534
f 197/535 208/536 229/537
f 202/538 227/539 230/540
f 232/541 205/542 204/543
f 234/544 212/545 235/546
f 226/547 211/548 237/549
f 211/550 205/551 232/552
f 208/553 234/554 233/555
f 220/556 195/557 221/558
f 239/559 240/560 223/561
f 227/562 241/563 242/564
f 209/565 243/566 244/567
f 223/568 245/569 216/570
f 246/571 224/572 216/573
f 247/574 225/575 224/576
f 221/577 229/578 248/579
f 215/580 210/581 244/582
f 239/583 250/584 251/585
f 252/586 253/587 240/588
f 245/589 240/590 253/591
f 253/592 243/593 247/594
f 238/595 254/596 228/597
f 215/598 249/599 255/600
f 229/601 233/602 256/603
f 257/604 256/605 233/606
f 258/607 232/608 231/609
f 259/610 260/611 236/612
f 258/613 259/614 237/615
f 248/616 261/617 254/618
f 263/619 243/620 253/621
f 260/622 264/623 265/624
f 266/625 244/626 243/627
f 249/628 244/629 266/630
f 256/631 268/632 261/633
f 267/634 269/635 255/636
f 255/637 269/638 270/639
f 259/640 258/641 272/642
f 260/643 259/644 271/645
f 257/646 274/647 268/648
f 264/649 260/650 273/651
f 277/652 278/653 279/654
f 278/655 277/656 280/657
f 281/658 282/659 122/660
f 119/661 283/662 281/663
f 284/664 277/665 276/666
f 280/667 277/668 284/669
f 287/670 288/671 276/672
f 285/673 276/674 288/675
f 280/676 291/677 292/678
f 282/679 293/680 294/681
f 289/682 279/683 296/684
f 297/685 296/686 279/687
f 173/688 174/689 298/690
f 301/691 280/692 286/693
f 290/694 288/695 301/696
f 303/697 297/698 278/699
f 303/700 302/701 294/702
f 288/703 287/704 304/705
f 306/706 287/707 289/708
f 307/709 297/710 308/711
f 285/712 309/713 310/714
f 285/715 290/716 311/717
f 296/718 297/719 307/720
f 313/721 291/722 280/723
f 299/724 314/725 315/726
f 317/727 288/728 305/729
f 293/730 318/731 303/732
f 319/733 318/734 293/735
f 304/736 287/737 306/738
f 317/739 321/740 313/741
f 284/742 310/743 322/744
f 300/745 323/746 311/747
f 307/748 308/749 324/750
f 218/751 326/752 327/753
f 306/754 295/755 312/756
f 323/757 300/758 286/759
f 329/760 281/761 283/762
f 330/763 283/764 315/765
f 282/766 281/767 329/768
f 308/769 331/770 332/771
f 333/772 334/773 335/774
f 303/775 318/776 308/777
f 336/778 326/779 218/780
f 219/781 228/782 337/783
f 332/784 331/785 318/786
f 320/787 306/788 328/789
f 340/790 338/791 319/792
f 341/793 342/794 298/795
f 329/796 343/797 340/798
f 344/799 345/800 346/801
f 339/802 328/803 346/804
f 348/805 349/806 350/807
f 351/808 352/809 330/810
f 351/811 315/812 314/813
f 326/814 354/815 355/816
f 329/817 330/818 352/819
f 356/820 357/821 340/822
f 340/823 343/824 358/825
f 326/826 336/827 359/828
f 344/829 324/830 356/831
f 348/832 360/833 361/834
f 362/835 337/836 228/837
f 349/838 363/839 364/840
f 365/841 364/842 363/843
f 363/844 349/845 367/846
f 336/847 337/848 369/849
f 359/850 369/851 370/852
f 371/853 356/854 358/855
f 343/856 373/857 372/858
f 374/859 341/860 334/861
f 374/862 334/863 333/864
f 375/865 333/866 377/867
f 378/868 351/869 353/870
f 345/871 380/872 381/873
f 383/874 384/875 381/876
f 354/877 385/878 386/879
f 387/880 380/881 345/882
f 388/883 387/884 345/885
f 380/886 389/887 382/888
f 391/889 361/890 360/891
f 392/892 367/893 361/894
f 394/895 371/896 372/897
f 394/898 344/899 371/900
f 386/901 376/902 377/903
f 390/904 395/905 396/906
f 389/907 380/908 387/909
f 398/910 397/911 387/912
f 373/913 399/914 393/915
f 401/916 383/917 382/918
f 388/919 344/920 403/921
f 403/922 344/923 394/924
f 405/925 375/926 376/927
f 406/928 403/929 404/930
f 263/931 262/932 363/933
f 363/934 408/935 407/936
f 266/937 263/938 407/939
f 367/940 392/941 410/942
f 402/943 403/944 411/945
f 404/946 394/947 393/948
f 337/949 362/950 413/951
f 415/952 402/953 411/954
f 411/955 403/956 406/957
f 416/958 406/959 404/960
f 414/961 411/962 406/963
f 401/964 400/965 396/966
f 392/967 391/968 396/969
f 353/970 418/971 419/972
f 420/973 386/974 385/975
f 398/976 415/977 421/978
f 423/979 399/980 373/981
f 378/982 424/983 423/984
f 412/985 425/986 426/987
f 412/988 426/989 416/990
f 267/991 427/992 428/993
f 429/994 430/995 407/996
f 342/997 341/998 431/999
f 432/1000 431/1001 341/1002
f 433/1003 400/1004 382/1005
f 398/1006 434/1007 397/1008
f 389/1009 397/1010 434/1011
f 417/1012 435/1013 410/1014
f 433/1015 417/1016 396/1017
f 399/1018 425/1019 412/1020
f 416/1021 426/1022 414/1023
f 436/1024 429/1025 410/1026
f 417/1027 433/1028 434/1029
f 435/1030 434/1031 437/1032
f 375/1033 438/1034 432/1035
f 439/1036 440/1037 268/1038
f 441/1039 421/1040 415/1041
f 420/1042 405/1043 376/1044
f 442/1045 424/1046 379/1047
f 271/1048 443/1049 444/1050
f 273/1051 444/1052 445/1053
f 445/1054 446/1055 447/1056
f 448/1057 420/1058 385/1059
f 449/1060 446/1061 445/1062
f 426/1063 450/1064 441/1065
f 369/1066 413/1067 451/1068
f 452/1069 443/1070 453/1071
f 405/1072 438/1073 375/1074
f 454/1075 398/1076 421/1077
f 409/1078 407/1079 430/1080
f 457/1081 419/1082 418/1083
f 458/1084 457/1085 431/1086
f 442/1087 459/1088 460/1089
f 438/1090 458/1091 432/1092
f 439/1093 461/1094 462/1095
f 451/1096 413/1097 463/1098
f 465/1099 455/1100 421/1101
f 456/1102 466/1103 427/1104
f 448/1105 370/1106 451/1107
f 444/1108 468/1109 449/1110
f 443/1111 452/1112 468/1113
f 469/1114 465/1115 441/1116
f 470/1117 471/1118 469/1119
f 436/1120 437/1121 473/1122
f 474/1123 428/1124 427/1125
f 475/1126 476/1127 458/1128
f 456/1129 430/1130 472/1131
f 451/1132 464/1133 478/1134
f 457/1135 458/1136 476/1137
f 457/1138 479/1139 442/1140
f 480/1141 481/1142 452/1143
f 471/1144 470/1145 483/1146
f 483/1147 460/1148 484/1149
f 480/1150 485/1151 481/1152
f 438/1153 405/1154 486/1155
f 464/1156 463/1157 462/1158
f 487/1159 462/1160 461/1161
f 466/1162 456/1163 477/1164
f 490/1165 473/1166 455/1167
f 477/1168 472/1169 473/1170
f 492/1171 481/1172 485/1173
f 493/1174 459/1175 442/1176
f 467/1177 478/1178 494/1179
f 495/1180 490/1181 465/1182
f 475/1183 486/1184 494/1185
f 498/1186 468/1187 452/1188
f 489/1189 477/1190 490/1191
f 499/1192 500/1193 501/1194
f 500/1195 502/1196 488/1197
f 504/1198 471/1199 482/1200
f 491/1201 474/1202 466/1203
f 505/1204 498/1205 497/1206
f 507/1207 494/1208 478/1209
f 488/1210 502/1211 507/1212
f 459/1213 508/1214 509/1215
f 459/1216 493/1217 510/1218
f 509/1219 511/1220 503/1221
f 505/1222 512/1223 499/1224
f 513/1225 496/1226 494/1227
f 514/1228 496/1229 513/1230
f 511/1231 508/1232 516/1233
f 505/1234 497/1235 516/1236
f 514/1237 510/1238 493/1239
f 518/1240 502/1241 500/1242
f 518/1243 513/1244 507/1245
f 519/1246 517/1247 510/1248
f 516/1249 508/1250 510/1251
f 143/1252 129/1253 132/1254
f 93/1255 99/1256 125/1257
f 15/1258 57/1259 16/1260
f 133/1261 104/1262 83/1263
f 520/1264 157/1265 166/1266
f 187/1267 157/1268 520/1269
f 88/1270 29/1271 24/1272
f 14/1273 88/1274 24/1275
f 74/1276 73/1277 108/1278
f 121/1279 149/1280 103/1281
f 64/1282 61/1283 79/1284
f 240/1285 245/1286 223/1287
f 247/1288 246/1289 253/1290
f 63/1291 62/1292 96/1293
f 49/1294 55/1295 54/1296
f 95/1297 60/1298 88/1299
f 100/1300 178/1301 177/1302
f 153/1303 152/1304 190/1305
f 211/1306 226/1307 206/1308
f 18/1309 6/1310 21/1311
f 265/1312 241/1313 227/1314
f 163/1315 159/1316 148/1317
f 154/1318 138/1319 141/1320
f 10/1321 41/1322 49/1323
f 408/1324 363/1325 368/1326
f 367/1327 349/1328 361/1329
f 398/1330 387/1331 388/1332
f 434/1333 454/1334 437/1335
f 434/1336 398/1337 454/1338
f 384/1339 339/1340 381/1341
f 356/1342 324/1343 357/1344
f 371/1345 344/1346 356/1347
f 324/1348 332/1349 357/1350
f 308/1351 297/1352 303/1353
f 312/1354 295/1355 296/1356
f 325/1357 324/1358 344/1359
f 292/1360 521/1361 278/1362
f 522/1363 521/1364 292/1365
f 289/1366 276/1367 279/1368
f 301/1369 288/1370 317/1371
f 318/1372 319/1373 338/1374
f 308/1375 318/1376 331/1377
f 518/1378 499/1379 512/1380
f 518/1381 512/1382 519/1383
f 448/1384 405/1385 420/1386
f 385/1387 354/1388 370/1389
f 464/1390 506/1391 478/1392
f 509/1393 508/1394 511/1395
f 378/1396 379/1397 424/1398
f 503/1399 511/1400 515/1401
f 482/1402 484/1403 509/1404
f 474/1405 491/1406 485/1407
f 503/1408 491/1409 504/1410
f 440/1411 523/1412 261/1413
f 261/1414 523/1415 362/1416
f 413/1417 362/1418 523/1419
f 463/1420 523/1421 440/1422
f 85/1423 84/1424 118/1425
f 342/1426 418/1427 353/1428
f 353/1429 314/1430 342/1431
f 267/1432 266/1433 409/1434
f 264/1435 275/1436 447/1437
f 264/1438 524/1439 241/1440
f 517/1441 519/1442 512/1443
f 158/1444 213/1445 525/1446
f 335/1447 334/1448 525/1449
f 236/1450 265/1451 227/1452
f 468/1453 498/1454 499/1455
f 230/1456 235/1457 212/1458
f 428/1459 480/1460 270/1461
f 270/1462 480/1463 453/1464
f 270/1465 272/1466 258/1467
f 443/1468 271/1469 272/1470
f 481/1471 492/1472 497/1473
f 515/1474 492/1475 491/1476
f 492/1477 515/1478 516/1479
f 68/1480 94/1481 58/1482
f 52/1483 77/1484 178/1485
f 410/1486 429/1487 408/1488
f 399/1489 423/1490 526/1491
f 424/1492 460/1493 526/1494
f 425/1495 526/1496 483/1497
f 460/1498 483/1499 526/1500
f 422/1501 373/1502 343/1503
f 15/1504 59/1505 90/1506
f 173/1507 299/1508 283/1509
f 173/1510 119/1511 57/1512
f 94/1513 126/1514 89/1515
f 480/1516 428/1517 474/1518
f 527/1519 528/1520 253/1521
f 388/1522 402/1523 415/1524
f 12/1525 22/1526 26/1527
f 294/1528 123/1529 122/1530
f 123/1531 294/1532 302/1533
f 178/1534 77/1535 76/1536
f 436/1537 472/1538 430/1539
f 459/1540 484/1541 460/1542
f 60/1543 33/1544 31/1545
f 36/1546 21/1547 43/1548
f 204/1549 255/1550 231/1551
f 126/1552 525/1553 174/1554
f 174/1555 525/1556 334/1557
f 529/1558 214/1559 217/1560
f 213/1561 214/1562 529/1563
f 335/1564 529/1565 377/1566
f 377/1567 529/1568 327/1569
f 234/1570 208/1571 191/1572
f 487/1573 488/1574 506/1575
f 342/1576 314/1577 299/1578
f 69/1579 68/1580 37/1581
f 338/1582 340/1583 357/1584
f 504/1585 491/1586 489/1587
f 495/1588 469/1589 471/1590
f 455/1591 473/1592 437/1593
f 243/1594 209/1595 225/1596
f 188/1597 225/1598 209/1599
f 425/1600 470/1601 450/1602
f 117/1603 160/1604 139/1605
f 87/1606 139/1607 92/1608
f 518/1609 519/1610 514/1611
f 36/1612 85/1613 86/1614
f 442/1615 479/1616 493/1617
f 476/1618 475/1619 496/1620
f 479/1621 476/1622 496/1623
f 59/1624 15/1625 7/1626
f 530/1627 531/1628 524/1629
f 531/1630 530/1631 274/1632
f 446/1633 532/1634 530/1635
f 274/1636 530/1637 532/1638
f 500/1639 461/1640 501/1641
f 230/1642 242/1643 235/1644
f 257/1645 235/1646 242/1647
f 531/1648 242/1649 241/1650
f 501/1651 461/1652 439/1653
f 449/1654 501/1655 532/1656
f 196/1657 106/1658 140/1659
f 105/1660 106/1661 196/1662
f 467/1663 486/1664 405/1665
f 78/1666 121/1667 103/1668
f 422/1669 352/1670 351/1671
f 347/1672 350/1673 251/1674
f 251/1675 350/1676 364/1677
f 364/1678 365/1679 527/1680
f 4/1681 1/1682 3/1683
f 8/1684 5/1685 7/1686
f 12/1687 13/1688 14/1689
f 15/1690 16/1691 7/1692
f 7/1693 6/1694 19/1695
f 21/1696 6/1697 20/1698
f 23/1699 12/1700 24/1701
f 22/1702 25/1703 8/1704
f 8/1705 17/1706 22/1707
f 20/1708 5/1709 27/1710
f 28/1711 25/1712 23/1713
f 28/1714 23/1715 29/1716
f 30/1717 28/1718 31/1719
f 32/1720 30/1721 33/1722
f 28/1723 30/1724 25/1725
f 34/1726 30/1727 35/1728
f 19/1729 18/1730 37/1731
f 32/1732 33/1733 39/1734
f 26/1735 40/1736 10/1737
f 43/1738 21/1739 42/1740
f 44/1741 40/1742 17/1743
f 27/1744 34/1745 20/1746
f 46/1747 35/1748 39/1749
f 48/1750 49/1751 47/1752
f 38/1753 50/1754 39/1755
f 53/1756 43/1757 52/1758
f 11/1759 10/1760 54/1761
f 16/1762 57/1763 17/1764
f 37/1765 58/1766 19/1767
f 50/1768 45/1769 61/1770
f 55/1771 62/1772 56/1773
f 51/1774 50/1775 64/1776
f 51/1777 65/1778 39/1779
f 65/1780 51/1781 66/1782
f 67/1783 68/1784 70/1785
f 74/1786 71/1787 73/1788
f 75/1789 76/1790 46/1791
f 35/1792 76/1793 34/1794
f 79/1795 78/1796 64/1797
f 80/1798 73/1799 81/1800
f 78/1801 79/1802 81/1803
f 49/1804 48/1805 55/1806
f 52/1807 42/1808 77/1809
f 55/1810 82/1811 62/1812
f 53/1813 84/1814 43/1815
f 69/1816 86/1817 70/1818
f 11/1819 54/1820 14/1821
f 89/1822 90/1823 58/1824
f 93/1825 94/1826 67/1827
f 95/1828 88/1829 56/1830
f 98/1831 63/1832 97/1833
f 91/1834 99/1835 67/1836
f 100/1837 101/1838 52/1839
f 46/1840 65/1841 75/1842
f 102/1843 65/1844 103/1845
f 96/1846 62/1847 104/1848
f 105/1849 91/1850 106/1851
f 107/1852 99/1853 105/1854
f 108/1855 98/1856 109/1857
f 110/1858 111/1859 71/1860
f 111/1861 112/1862 72/1863
f 108/1864 73/1865 113/1866
f 98/1867 108/1868 114/1869
f 31/1870 29/1871 60/1872
f 79/1873 61/1874 113/1875
f 97/1876 96/1877 115/1878
f 84/1879 53/1880 116/1881
f 117/1882 87/1883 118/1884
f 57/1885 119/1886 44/1887
f 112/1888 121/1889 81/1890
f 40/1891 122/1892 47/1893
f 84/1894 116/1895 118/1896
f 120/1897 122/1898 44/1899
f 93/1900 125/1901 94/1902
f 105/1903 127/1904 107/1905
f 95/1906 114/1907 60/1908
f 129/1909 130/1910 132/1911
f 133/1912 83/1913 134/1914
f 129/1915 133/1916 130/1917
f 125/1918 99/1919 135/1920
f 135/1921 107/1922 136/1923
f 137/1924 48/1925 123/1926
f 106/1927 92/1928 140/1929
f 142/1930 143/1931 144/1932
f 146/1933 145/1934 75/1935
f 143/1936 147/1937 129/1938
f 148/1939 117/1940 124/1941
f 103/1942 149/1943 102/1944
f 109/1945 97/1946 151/1947
f 133/1948 147/1949 104/1950
f 116/1951 101/1952 153/1953
f 154/1954 136/1955 138/1956
f 130/1957 155/1958 131/1959
f 130/1960 134/1961 155/1962
f 148/1963 159/1964 117/1965
f 161/1966 142/1967 162/1968
f 75/1969 102/1970 146/1971
f 157/1972 134/1973 48/1974
f 139/1975 160/1976 163/1977
f 142/1978 164/1979 143/1980
f 157/1981 48/1982 166/1983
f 156/1984 155/1985 162/1986
f 155/1987 157/1988 161/1989
f 168/1990 169/1991 110/1992
f 169/1993 170/1994 111/1995
f 161/1996 167/1997 142/1998
f 125/1999 135/2000 158/2001
f 171/2002 135/2003 172/2004
f 174/2005 173/2006 89/2007
f 147/2008 164/2009 115/2010
f 175/2011 140/2012 163/2013
f 145/2014 176/2015 178/2016
f 154/2017 179/2018 136/2019
f 145/2020 146/2021 176/2022
f 146/2023 150/2024 180/2025
f 182/2026 121/2027 170/2028
f 154/2029 184/2030 179/2031
f 187/2032 186/2033 157/2034
f 121/2035 182/2036 149/2037
f 149/2038 188/2039 150/2040
f 116/2041 153/2042 124/2043
f 190/2044 152/2045 177/2046
f 140/2047 175/2048 192/2049
f 195/2050 184/2051 141/2052
f 141/2053 127/2054 197/2055
f 199/2056 198/2057 168/2058
f 200/2059 201/2060 186/2061
f 189/2062 193/2063 124/2064
f 203/2065 183/2066 167/2067
f 190/2068 177/2069 205/2070
f 206/2071 202/2072 189/2073
f 207/2074 175/2075 194/2076
f 208/2077 197/2078 192/2079
f 180/2080 181/2081 210/2082
f 153/2083 190/2084 211/2085
f 206/2086 189/2087 211/2088
f 207/2089 212/2090 175/2091
f 214/2092 213/2093 171/2094
f 210/2095 215/2096 180/2097
f 216/2098 170/2099 198/2100
f 204/2101 177/2102 215/2103
f 172/2104 217/2105 171/2106
f 218/2107 217/2108 179/2109
f 179/2110 185/2111 218/2112
f 220/2113 185/2114 195/2115
f 221/2116 195/2117 197/2118
f 199/2119 222/2120 198/2121
f 216/2122 224/2123 170/2124
f 225/2125 188/2126 224/2127
f 206/2128 226/2129 202/2130
f 185/2131 220/2132 219/2133
f 221/2134 197/2135 229/2136
f 207/2137 202/2138 230/2139
f 231/2140 232/2141 204/2142
f 233/2143 234/2144 235/2145
f 236/2146 226/2147 237/2148
f 237/2149 211/2150 232/2151
f 229/2152 208/2153 233/2154
f 238/2155 220/2156 221/2157
f 222/2158 239/2159 223/2160
f 230/2161 227/2162 242/2163
f 210/2164 209/2165 244/2166
f 198/2167 223/2168 216/2169
f 245/2170 246/2171 216/2172
f 246/2173 247/2174 224/2175
f 238/2176 221/2177 248/2178
f 249/2179 215/2180 244/2181
f 240/2182 239/2183 251/2184
f 251/2185 252/2186 240/2187
f 246/2188 245/2189 253/2190
f 220/2191 238/2192 228/2193
f 204/2194 215/2195 255/2196
f 248/2197 229/2198 256/2199
f 235/2200 257/2201 233/2202
f 237/2203 259/2204 236/2205
f 232/2206 258/2207 237/2208
f 238/2209 248/2210 254/2211
f 262/2212 263/2213 253/2214
f 236/2215 260/2216 265/2217
f 263/2218 266/2219 243/2220
f 267/2221 249/2222 266/2223
f 248/2224 256/2225 261/2226
f 249/2227 267/2228 255/2229
f 231/2230 255/2231 270/2232
f 271/2233 259/2234 272/2235
f 273/2236 260/2237 271/2238
f 256/2239 257/2240 268/2241
f 275/2242 264/2243 273/2244
f 276/2245 277/2246 279/2247
f 120/2248 281/2249 122/2250
f 120/2251 119/2252 281/2253
f 285/2254 284/2255 276/2256
f 286/2257 280/2258 284/2259
f 289/2260 287/2261 276/2262
f 290/2263 285/2264 288/2265
f 278/2266 280/2267 292/2268
f 295/2269 289/2270 296/2271
f 278/2272 297/2273 279/2274
f 299/2275 173/2276 298/2277
f 300/2278 301/2279 286/2280
f 300/2281 290/2282 301/2283
f 302/2284 303/2285 278/2286
f 293/2287 303/2288 294/2289
f 305/2290 288/2291 304/2292
f 295/2293 306/2294 289/2295
f 284/2296 285/2297 310/2298
f 309/2299 285/2300 311/2301
f 312/2302 296/2303 307/2304
f 301/2305 313/2306 280/2307
f 283/2308 299/2309 315/2310
f 316/2311 317/2312 305/2313
f 282/2314 319/2315 293/2316
f 320/2317 304/2318 306/2319
f 301/2320 317/2321 313/2322
f 286/2323 284/2324 322/2325
f 290/2326 300/2327 311/2328
f 325/2329 307/2330 324/2331
f 217/2332 218/2333 327/2334
f 328/2335 306/2336 312/2337
f 322/2338 323/2339 286/2340
f 330/2341 329/2342 283/2343
f 319/2344 282/2345 329/2346
f 324/2347 308/2348 332/2349
f 219/2350 336/2351 218/2352
f 336/2353 219/2354 337/2355
f 338/2356 332/2357 318/2358
f 339/2359 320/2360 328/2361
f 334/2362 341/2363 298/2364
f 319/2365 329/2366 340/2367
f 325/2368 344/2369 346/2370
f 345/2371 339/2372 346/2373
f 347/2374 348/2375 350/2376
f 315/2377 351/2378 330/2379
f 353/2380 351/2381 314/2382
f 327/2383 326/2384 355/2385
f 343/2386 329/2387 352/2388
f 358/2389 356/2390 340/2391
f 354/2392 326/2393 359/2394
f 349/2395 348/2396 361/2397
f 254/2398 362/2399 228/2400
f 350/2401 349/2402 364/2403
f 366/2404 365/2405 363/2406
f 368/2407 363/2408 367/2409
f 359/2410 336/2411 369/2412
f 354/2413 359/2414 370/2415
f 372/2416 371/2417 358/2418
f 358/2419 343/2420 372/2421
f 375/2422 374/2423 333/2424
f 376/2425 375/2426 377/2427
f 379/2428 378/2429 353/2430
f 339/2431 345/2432 381/2433
f 382/2434 383/2435 381/2436
f 355/2437 354/2438 386/2439
f 344/2440 388/2441 345/2442
f 381/2443 380/2444 382/2445
f 390/2446 391/2447 360/2448
f 391/2449 392/2450 361/2451
f 393/2452 394/2453 372/2454
f 355/2455 386/2456 377/2457
f 391/2458 390/2459 396/2460
f 397/2461 389/2462 387/2463
f 372/2464 373/2465 393/2466
f 400/2467 401/2468 382/2469
f 402/2470 388/2471 403/2472
f 404/2473 403/2474 394/2475
f 407/2476 263/2477 363/2478
f 409/2479 266/2480 407/2481
f 368/2482 367/2483 410/2484
f 412/2485 404/2486 393/2487
f 369/2488 337/2489 413/2490
f 414/2491 415/2492 411/2493
f 412/2494 416/2495 404/2496
f 416/2497 414/2498 406/2499
f 395/2500 401/2501 396/2502
f 417/2503 392/2504 396/2505
f 379/2506 353/2507 419/2508
f 422/2509 423/2510 373/2511
f 422/2512 378/2513 423/2514
f 269/2515 267/2516 428/2517
f 408/2518 429/2519 407/2520
f 418/2521 342/2522 431/2523
f 374/2524 432/2525 341/2526
f 389/2527 433/2528 382/2529
f 433/2530 389/2531 434/2532
f 392/2533 417/2534 410/2535
f 400/2536 433/2537 396/2538
f 393/2539 399/2540 412/2541
f 435/2542 436/2543 410/2544
f 435/2545 417/2546 434/2547
f 436/2548 435/2549 437/2550
f 374/2551 375/2552 432/2553
f 274/2554 439/2555 268/2556
f 414/2557 441/2558 415/2559
f 386/2560 420/2561 376/2562
f 419/2563 442/2564 379/2565
f 273/2566 271/2567 444/2568
f 275/2569 273/2570 445/2571
f 275/2572 445/2573 447/2574
f 370/2575 448/2576 385/2577
f 414/2578 426/2579 441/2580
f 370/2581 369/2582 451/2583
f 455/2584 454/2585 421/2586
f 456/2587 409/2588 430/2589
f 431/2590 457/2591 418/2592
f 432/2593 458/2594 431/2595
f 424/2596 442/2597 460/2598
f 440/2599 439/2600 462/2601
f 464/2602 451/2603 463/2604
f 441/2605 465/2606 421/2607
f 409/2608 456/2609 427/2610
f 467/2611 448/2612 451/2613
f 445/2614 444/2615 449/2616
f 444/2617 443/2618 468/2619
f 450/2620 469/2621 441/2622
f 450/2623 470/2624 469/2625
f 472/2626 436/2627 473/2628
f 466/2629 474/2630 427/2631
f 438/2632 475/2633 458/2634
f 477/2635 456/2636 472/2637
f 467/2638 451/2639 478/2640
f 479/2641 457/2642 476/2643
f 419/2644 457/2645 442/2646
f 453/2647 480/2648 452/2649
f 482/2650 471/2651 483/2652
f 482/2653 483/2654 484/2655
f 475/2656 438/2657 486/2658
f 487/2659 464/2660 462/2661
f 488/2662 487/2663 461/2664
f 489/2665 466/2666 477/2667
f 465/2668 490/2669 455/2670
f 490/2671 477/2672 473/2673
f 491/2674 492/2675 485/2676
f 486/2677 467/2678 494/2679
f 469/2680 495/2681 465/2682
f 496/2683 475/2684 494/2685
f 497/2686 498/2687 452/2688
f 495/2689 489/2690 490/2691
f 449/2692 499/2693 501/2694
f 461/2695 500/2696 488/2697
f 503/2698 504/2699 482/2700
f 489/2701 491/2702 466/2703
f 506/2704 507/2705 478/2706
f 506/2707 488/2708 507/2709
f 484/2710 459/2711 509/2712
f 508/2713 459/2714 510/2715
f 482/2716 509/2717 503/2718
f 498/2719 505/2720 499/2721
f 507/2722 513/2723 494/2724
f 515/2725 511/2726 516/2727
f 517/2728 505/2729 516/2730
f 496/2731 514/2732 493/2733
f 499/2734 518/2735 500/2736
f 502/2737 518/2738 507/2739
f 514/2740 519/2741 510/2742
f 517/2743 516/2744 510/2745
f 268/2746 440/2747 261/2748
f 254/2749 261/2750 362/2751
f 463/2752 413/2753 523/2754
f 462/2755 463/2756 440/2757
f 86/2758 85/2759 118/2760
f 427/2761 267/2762 409/2763
f 524/2764 264/2765 447/2766
f 265/2767 264/2768 241/2769
f 505/2770 517/2771 512/2772
f 126/2773 158/2774 525/2775
f 213/2776 335/2777 525/2778
f 226/2779 236/2780 227/2781
f 449/2782 468/2783 499/2784
f 207/2785 230/2786 212/2787
f 269/2788 428/2789 270/2790
f 272/2791 270/2792 453/2793
f 231/2794 270/2795 258/2796
f 453/2797 443/2798 272/2799
f 452/2800 481/2801 497/2802
f 503/2803 515/2804 491/2805
f 497/2806 492/2807 516/2808
f 37/2809 68/2810 58/2811
f 100/2812 52/2813 178/2814
f 368/2815 410/2816 408/2817
f 425/2818 399/2819 526/2820
f 423/2821 424/2822 526/2823
f 470/2824 425/2825 483/2826
f 352/2827 422/2828 343/2829
f 57/2830 15/2831 90/2832
f 119/2833 173/2834 283/2835
f 90/2836 173/2837 57/2838
f 58/2839 94/2840 89/2841
f 485/2842 480/2843 474/2844
f 252/2845 527/2846 253/2847
f 398/2848 388/2849 415/2850
f 13/2851 12/2852 26/2853
f 282/2854 294/2855 122/2856
f 137/2857 123/2858 302/2859
f 145/2860 178/2861 76/2862
f 429/2863 436/2864 430/2865
f 85/2866 36/2867 43/2868
f 89/2869 126/2870 174/2871
f 298/2872 174/2873 334/2874
f 327/2875 529/2876 217/2877
f 335/2878 213/2879 529/2880
f 333/2881 335/2882 377/2883
f 355/2884 377/2885 327/2886
f 212/2887 234/2888 191/2889
f 464/2890 487/2891 506/2892
f 298/2893 342/2894 299/2895
f 36/2896 69/2897 37/2898
f 332/2899 338/2900 357/2901
f 495/2902 504/2903 489/2904
f 504/2905 495/2906 471/2907
f 454/2908 455/2909 437/2910
f 247/2911 243/2912 225/2913
f 181/2914 188/2915 209/2916
f 426/2917 425/2918 450/2919
f 87/2920 117/2921 139/2922
f 70/2923 87/2924 92/2925
f 513/2926 518/2927 514/2928
f 69/2929 36/2930 86/2931
f 493/2932 479/2933 496/2934
f 19/2935 59/2936 7/2937
f 447/2938 530/2939 524/2940
f 257/2941 531/2942 274/2943
f 447/2944 446/2945 530/2946
f 439/2947 274/2948 532/2949
f 531/2950 257/2951 242/2952
f 524/2953 531/2954 241/2955
f 532/2956 501/2957 439/2958
f 446/2959 449/2960 532/2961
f 192/2962 196/2963 140/2964
f 127/2965 105/2966 196/2967
f 448/2968 467/2969 405/2970
f 66/2971 78/2972 103/2973
f 378/2974 422/2975 351/2976
f 250/2977 347/2978 251/2979
f 252/2980 251/2981 364/2982
f 252/2983 364/2984 527/2985
