mtllib LFinger13.mtl
o LFinger13
usemtl nao_texture
v 0.02221161 -0.006858215 0.01116865
v 0.002211608 -0.006858215 0.01116865
v 0.002211608 -0.01033112 0.0308648
v 0.02221161 -0.01033112 0.0308648
v 0.04180542 0.05924759 0.04003849
v 0.04648651 0.05994713 0.04195158
v 0.04423706 0.05112221 0.04843354
v 0.03881012 0.05155167 0.04683997
v 0.02644165 0.04456902 0.04918628
v 0.0251886 0.03387512 0.05140785
v 0.0233313 0.04239998 0.04854184
v 0.03160583 0.04676758 0.04618431
v 0.02886536 0.04495178 0.04877966
v 0.02973145 0.04566238 0.04366456
v 0.04243957 0.03928116 0.05273459
v 0.03790588 0.04021317 0.05250666
v 0.03674011 0.03983108 0.05130878
v 0.05712707 0.0630024 0.03640317
v 0.05973602 0.05370865 0.04332693
v 0.04770813 0.06808578 0.02801221
v 0.05308838 0.06947151 0.02859476
v 0.0370813 0.04826126 0.04352157
v 0.03492584 0.05081116 0.04123687
v 0.03282104 0.04961929 0.03919142
v 0.04014923 0.05461021 0.03715117
v 0.03457001 0.03910469 0.04909167
v 0.04582703 0.06270996 0.0253956
v 0.03671509 0.05650459 0.03471616
v 0.03452362 0.05515305 0.03334711
v 0.03601349 0.06208527 0.02778257
v 0.03394348 0.06048904 0.02721045
v 0.0346875 0.06443977 0.0243218
v 0.03276062 0.06269569 0.02418905
v 0.04930695 0.0666613 0.01796214
v 0.03761963 0.06784164 0.01672312
v 0.08112763 0.06629135 0.02656542
v 0.08101227 0.05695717 0.03733675
v 0.0286441 0.06286446 0.0184376
v 0.02876739 0.06448151 0.01706115
v 0.03178772 0.01733009 0.05226649
v 0.02655518 0.02204514 0.05289524
v 0.05375916 0.07341331 0.01462337
v 0.05877045 0.07441673 0.01570003
v 0.0345047 0.01318726 0.05547842
v 0.02968079 0.06044037 0.01934262
v 0.03090698 0.06629997 0.01285691
v 0.0286673 0.0006778717 0.05325168
v 0.02422394 -0.001673202 0.04371563
v 0.02468353 0.02274582 0.04917032
v 0.02643127 0.05766052 0.0159447
v 0.0258551 0.05809898 0.01357007
v 0.05975677 0.07410439 5.091667e-05
v 0.06432587 0.07502052 0.001526703
v 0.02230377 0.0236322 0.04442265
v 0.019021 0.02329437 0.04658026
v 0.01546783 0.02514336 0.03657843
v 0.03973938 0.01608963 0.05496145
v 0.08244965 0.04104759 0.04239779
v 0.06220459 0.0408168 0.04649438
v 0.03014282 0.02824799 0.01799172
v 0.02618103 0.05451286 0.01543454
v 0.005247803 0.02358253 0.04616669
v 0.004691773 0.02599213 0.03277749
v 0.02561981 0.05510956 0.01308853
v 0.02804901 0.05985115 0.009274826
v 0.02735535 0.05547966 0.009318547
v 0.1253323 0.05757645 0.03332324
v 0.1214447 0.05847572 0.03435323
v 0.1179419 0.06643112 0.02218656
v 0.1211929 0.06508469 0.02116376
v 0.0009002685 0.05612862 0.008294807
v 0.007907105 0.05679108 0.005907335
v 0.009036255 0.05549225 0.01145133
v 0.003522034 0.05523643 0.01335682
v 0.03934051 0.06815353 -0.006732726
v 0.0456488 0.07046555 -0.004190374
v 0.05652771 0.06971573 0.001524558
v 0.02320282 0.05631363 0.007274375
v 0.02103607 0.05511513 0.0125181
v 0.01511932 0.05545563 0.01112735
v 0.01565521 0.05674347 0.005497284
v 0.01850922 -0.001232604 0.04173923
v 0.005022278 -0.0009545135 0.04134705
v 0.08177155 0.07088974 0.007185054
v 0.08131257 0.06830513 0.02054233
v 0.116463 0.06715691 0.01787739
v 0.1180698 0.06592705 0.009984617
v 0.03170898 0.02554031 0.03296258
v 0.08794831 0.01341598 0.04415369
v 0.05785309 0.01539467 0.04893342
v 0.1265137 0.0570227 0.02885177
v 0.1221277 0.06332504 0.01834359
v 0.1277515 0.04019463 0.03954594
v 0.1237033 0.04021782 0.04087201
v 0.0225061 0.02663513 0.02766113
v -0.005293884 0.02539688 0.03696738
v -0.007280579 0.02789566 0.02322484
v 0.005076599 0.02801056 0.02150002
v 0.1293225 0.04137413 0.03780961
v 0.06535889 0.06959 -0.01483204
v 0.06966034 0.07066559 -0.01364743
v 0.03595947 0.06190521 -0.007671604
v 0.03401337 0.05404671 -0.006052485
v -0.005293579 0.00082695 0.03234804
v 0.1332309 0.0556176 0.02862663
v 0.1338025 0.06191895 0.01697036
v 0.1451504 0.04151031 0.03613496
v 0.003340759 0.03005196 0.0102599
v -3.997802e-05 0.02985283 0.01164947
v -0.008362732 0.05365471 -0.01024198
v 0.004658508 0.05566147 -0.01059742
v 0.01710754 0.0555867 -0.01125879
v 0.01819855 0.03011177 0.008612928
v 0.01607971 0.02839806 0.01833609
v -0.007241821 0.003265915 0.01890547
v 0.08216797 0.07016533 -0.006621394
v 0.1142685 0.06584808 -0.001152853
v 0.110939 0.06803467 0.001270265
v 0.03788757 -0.01469002 0.05279217
v 0.03397308 -0.01469803 0.05306839
v 0.02923157 0.0548864 -0.008406916
v 0.03056 -0.01428658 0.05108836
v 0.02910553 -0.01429649 0.05134776
v 0.1071503 0.06578163 -0.01111979
v 0.1292511 0.02409683 0.04075272
v 0.1252991 0.01355934 0.04223058
v 0.163501 0.04445053 0.02797042
v 0.1617371 0.03873863 0.03477956
v 0.005993652 0.003530655 0.02760894
v 0.01455841 0.002848663 0.0306366
v 0.01488068 0.02352447 0.03434045
v 0.006319885 0.02419304 0.03131191
v 0.004311524 0.001388397 0.02836578
v 0.01508728 0.0005395507 0.0321667
v 0.1447162 0.02546562 0.0399448
v 0.1608395 0.02635773 0.03976201
v 0.02435486 -0.01275749 0.04184021
v 0.1658865 0.03602447 0.03428975
v 0.1175449 0.06576996 0.005741358
v 0.1341568 0.06263062 0.004571638
v 0.1707883 0.03286697 0.03106963
v 0.006295776 0.005135727 0.01863921
v 0.004664307 0.004360657 0.02308536
v 0.006620178 0.02580444 0.02234971
v 0.05059021 0.06680267 -0.01909801
v 0.04448212 0.06441513 -0.02034238
v 0.00263794 0.002434158 0.02267153
v 0.1104971 0.06332161 -0.01267877
v 0.03641022 0.05165016 -0.01223455
v 0.04072357 0.05897728 -0.01935085
v -0.0001693725 0.005184174 0.007591224
v 0.07166077 0.06755768 -0.01975486
v 0.08246582 0.06477867 -0.02029234
v 0.1662454 0.02632492 0.03825096
v 0.02015747 0.004032745 0.02354345
v 0.02047974 0.02470856 0.02724735
v 0.02212555 0.002031326 0.02324944
v 0.130127 0.01381699 0.04048516
v 0.1127972 0.06417641 -0.007058926
v 0.114602 0.06516808 -0.001203255
v 0.01505096 0.005444718 0.01613005
v 0.01537567 0.02611336 0.01984059
v 0.1178699 0.06338638 -0.007614703
v 0.004686585 0.003403778 0.01708863
v 0.05660309 -0.0004940795 0.03430397
v 0.05744995 2.403259e-05 0.03136308
v 0.01569946 0.003794251 0.0139244
v -0.01323334 0.04603851 -0.02068542
v 0.001889648 0.04720169 -0.02538619
v 0.01818207 0.04710152 -0.02625836
v 0.1443292 0.006400528 0.04030961
v 0.1603244 0.00884964 0.04098481
v 0.05702026 -0.0138887 0.04655146
v 0.08745606 -0.01351799 0.04199589
v 0.1344598 0.05953285 -0.007820425
v 0.0530658 0.06126175 -0.02826509
v 0.06984863 0.05824814 -0.02942236
v 0.06353546 0.06693909 -0.01488837
v 0.1660315 0.008746185 0.03969697
v 0.04707733 0.05920082 -0.0285061
v 0.04314484 0.05480171 -0.02619884
v 0.03403229 0.0461869 -0.02252277
v 0.003056641 0.005507889 0.005499396
v 0.1707114 0.01705353 0.03652593
v 0.1735434 0.001553726 0.03368859
v 0.03903015 0.00397255 0.01090596
v 0.04129761 0.003146668 0.01533591
v 0.03926819 0.04508942 -0.02089748
v 0.1041495 0.06053215 -0.02181426
v 0.07417938 0.06082809 -0.02821908
v 0.1652521 0.04835388 -0.0003009223
v 0.1651416 0.04861725 0.003424788
v 0.1085559 0.0592041 -0.01986398
v 0.1181021 0.05715881 -0.02029056
v 0.1780716 0.01848343 0.02858973
v 0.164827 0.04794517 0.0134775
v 0.1737701 0.03659874 0.01163414
v -6.103515e-05 0.03243034 -0.03670064
v -0.01725189 0.03159157 -0.03065961
v 0.03911987 0.005497437 0.002395815
v 0.02363708 0.005912094 0.001452584
v 0.1044928 0.04980408 -0.03142882
v 0.01654266 0.006876373 -0.003316965
v 0.07193817 0.05148132 -0.03524562
v 0.07533386 0.05545303 -0.03250968
v 0.1015051 0.05089149 -0.03189885
v 0.1346564 0.05292412 -0.01936574
v 0.1733826 0.03851723 0.001784358
v 0.04517273 0.04548958 -0.03394935
v 0.04920929 0.04812462 -0.03757058
v 0.08260315 0.05393425 -0.03260368
v 0.1654498 0.04319191 -0.0106243
v 0.1317706 -0.01354652 0.03811974
v 0.1439923 -0.01371162 0.03800313
v 0.05507294 0.04929199 -0.03841119
v 0.01873413 0.03231224 -0.03771293
v 0.1599271 -0.01404526 0.03846138
v 0.1654657 -0.01395004 0.03708527
v 0.1738492 -0.01288177 0.03085441
v 0.1807456 0.002986984 0.02575292
v 0.180957 0.02222282 0.009152117
v -0.01865082 0.01229805 -0.03708466
v -0.000960083 0.01310745 -0.04317196
v 0.03702332 0.03125389 -0.03339781
v 0.04169525 0.03078102 -0.03127471
v 0.1009582 0.0476828 -0.03410634
v 0.103721 0.04659576 -0.03412893
v 0.1806683 -0.01154251 0.02279028
v 0.1800098 0.02415581 -0.0007060432
v 0.1347189 0.04250885 -0.02884479
v 0.07533752 0.02410088 -0.04953172
v 0.07790283 0.03970749 -0.04278966
v 0.1761844 0.02605789 -0.01018902
v 0.1697351 0.04042099 -0.007685685
v 0.1655023 0.02860641 -0.02266156
v 0.09888855 0.03424065 -0.0425122
v 0.08258973 0.03895233 -0.04262379
v 0.1846637 0.006707153 0.006343584
v -0.0186557 0.009266052 -0.03765007
v 0.01140747 0.01011528 -0.04503432
v 0.1030545 0.03219971 -0.04121066
v 0.1346338 0.02935997 -0.03550755
v 0.04575592 0.02267227 -0.04315656
v 0.04982269 0.02375061 -0.04741854
v 0.01870209 0.01299057 -0.04422506
v 0.03783752 0.01188957 -0.0397181
v 0.04175049 0.01152458 -0.03803567
v 0.1831064 0.008647843 -0.003542056
v 0.05561279 0.02308525 -0.04890195
v -0.01459625 0.007795258 -0.02981466
v 0.01138458 0.008539429 -0.03622511
v 0.0377121 0.007134094 -0.03069049
v 0.04161255 0.008530731 -0.03878429
v 0.1850336 -0.00816597 0.003590455
v 0.07286865 0.02180252 -0.04768962
v 0.1790588 0.01055634 -0.01302847
v 0.1653497 0.01367371 -0.02796611
v 0.07936859 0.02199593 -0.05048818
v 0.08245942 0.02175346 -0.05044776
v 0.09736329 0.01936798 -0.04926584
v 0.183176 -0.006111374 -0.007742505
v 0.04118103 0.001912918 -0.04010072
v 0.04470978 0.003190003 -0.0475381
v 0.1005133 0.01851036 -0.04838061
v 0.1020114 0.03308968 -0.04202342
v 0.04927368 0.003705063 -0.0508315
v 0.05465973 0.004056244 -0.05320806
v 0.1792383 -0.004613571 -0.01575947
v 0.0733432 0.003694992 -0.05283824
v 0.07413208 0.003897553 -0.05405592
v 0.08376404 0.003970108 -0.05530713
v 0.07993713 0.004133988 -0.05589102
v 0.09661377 0.003497391 -0.0537891
v 0.1651614 -0.001420669 -0.03232742
v 0.09799164 0.003434906 -0.05352407
v 0.003970947 -0.02026649 0.02447818
v 0.01474762 -0.02111595 0.02829324
v 0.02022125 -0.02287598 0.0376492
v 0.004689636 -0.02260002 0.03746669
v 0.02178497 -0.01962349 0.01936182
v 0.03364593 -0.04165184 0.0456424
v 0.03081696 -0.04433907 0.04120871
v 0.03878143 -0.04437057 0.04417026
v 0.01415985 -0.02273407 0.02604118
v 0.005597534 -0.02205917 0.02302011
v 0.01975891 -0.02154999 0.01894802
v -0.007582398 -0.0183889 0.01501785
v 0.004346314 -0.01825096 0.01320104
v -0.005631714 -0.02083496 0.02846709
v 0.005899353 -0.02045418 0.0140504
v 0.04095764 -0.01850883 0.01146241
v 0.04989075 -0.02073074 0.02310548
v 0.02544281 -0.04881378 0.04019201
v 0.0282016 -0.02897545 0.04793449
v -0.006404724 -0.04546837 0.02425662
v 0.004146423 -0.04727982 0.03345571
v 0.01791992 -0.0475679 0.03386925
v 0.08712342 -0.0395607 0.03465919
v 0.05694733 -0.04216133 0.03861393
v 0.01464539 -0.02014809 0.01154153
v 0.01535706 -0.01785423 0.01004426
v 0.02412659 -0.02355629 0.04003787
v 0.02357269 -0.04811943 0.03645961
v -0.0005099487 -0.01647064 0.003703685
v 0.00271637 -0.01614693 0.001611776
v -0.008391419 -0.04296967 0.01051414
v 0.01435516 -0.04571556 0.0238752
v 0.02119293 -0.04723305 0.03171195
v 0.005272827 -0.04272797 0.01930963
v 0.01383575 -0.04340355 0.0223448
v 0.005575562 -0.04112358 0.01035402
v 0.003590698 -0.04487022 0.02006648
v 0.03809204 -0.0168502 0.002488737
v 0.05705811 -0.0651001 0.02950783
v 0.04081085 -0.06539108 0.0339658
v 0.01620056 -0.01477196 -0.007197075
v 0.02329651 -0.01574265 -0.002435045
v 0.02230896 -0.06810379 0.02956065
v 0.03297058 -0.06372711 0.03064215
v -0.001152648 -0.04100601 -0.001053724
v 0.03878906 -0.0161544 -0.001492123
v 0.01943481 -0.04221939 0.01525161
v 0.01432831 -0.04080749 0.007838245
v 0.0306076 -0.04532204 0.02025155
v 0.02140472 -0.04422722 0.01495012
v 0.1653339 -0.03599693 0.03167226
v 0.1596225 -0.0363636 0.03287962
v 0.003965759 -0.04285469 0.008789296
v 0.03509582 -0.06524094 0.03246366
v 0.03624725 -0.06605728 0.03345228
v 0.02163788 -0.06628296 0.02905421
v 0.02388519 -0.06656273 0.02753062
v 0.1280807 -0.05012138 0.02725727
v 0.1244226 -0.04032814 0.03248651
v 0.1292224 -0.03985626 0.03061865
v 0.1730936 -0.02739128 0.02849184
v 0.1802939 -0.02619308 0.02051589
v 0.02467041 -0.06863403 0.0288907
v 0.002229919 -0.04081329 -0.002450804
v 0.02977814 -0.06981415 0.02528679
v 0.1220618 -0.06461983 0.02208122
v 0.07979828 -0.06469231 0.02327553
v 0.03632996 -0.07179069 0.01886653
v 0.02904144 -0.04261429 0.005280705
v 0.01709534 -0.04074417 -0.004090576
v 0.01497681 -0.04245789 0.005632558
v -0.01480713 -0.005494156 -0.03219749
v -0.01885712 -0.004020386 -0.0400332
v 0.01119507 -0.003167801 -0.04740963
v 0.01118347 -0.004747086 -0.03860823
v 0.0421817 -0.07524933 0.02594197
v 0.03683044 -0.07474205 0.02419285
v 0.05771301 -0.0761795 0.02003792
v 0.1650128 -0.05214821 0.02404531
v 0.1596011 -0.05235992 0.02564342
v 0.03095581 -0.07009293 0.01772492
v 0.02794922 -0.06785133 0.02331118
v 0.0330072 -0.07197838 0.01921913
v 0.169773 -0.04281868 0.02578508
v -0.01895447 -0.007053986 -0.04055183
v -0.001264038 -0.006244583 -0.04663911
v 0.1842017 -0.02306221 0.001006145
v 0.04141144 -0.004755783 -0.04116741
v 0.03735718 -0.006136017 -0.03313636
v 0.05499695 -0.006064911 -0.03508403
v 0.05532379 -0.005053253 -0.04075376
v 0.01839844 -0.006361389 -0.04769219
v 0.03753357 -0.007462463 -0.04318523
v 0.1771335 -0.04163101 0.01781521
v 0.1693991 -0.05573868 0.01517822
v 0.03251678 -0.07330154 0.01030764
v 0.03462677 -0.07520264 0.01084134
v 0.0395932 -0.07485016 0.010448
v 0.1251569 -0.06466576 0.0215148
v 0.1276871 -0.06358589 0.01967153
v 0.1434909 -0.06482635 0.01707014
v 0.1435202 -0.05110817 0.02620993
v 0.04427124 -0.0811451 0.01665456
v 0.0541806 -0.08212029 0.01097059
v 0.01322723 -0.06527565 -0.01051736
v 0.007144165 -0.06523903 -0.01019336
v 0.00668396 -0.0650354 -0.01251455
v 0.0009283447 -0.06539696 -0.009667454
v 0.001629943 -0.06549484 -0.008287916
v 0.1643497 -0.05999031 0.01668801
v 0.1599774 -0.06064064 0.01875343
v 0.01914398 -0.06561607 -0.009126592
v 0.02429047 -0.06622475 -0.006217642
v 0.01344757 -0.06507614 -0.01287791
v -0.01805298 -0.02880318 -0.0411501
v -0.0009368896 -0.02758186 -0.04716094
v 0.01776215 -0.0276931 -0.04816129
v 0.0333371 -0.07834022 0.001010236
v 0.03138245 -0.07659584 0.001219625
v -0.01384827 -0.04652122 -0.0357091
v 0.0006591796 -0.04599899 -0.04096641
v 0.02002228 -0.0654631 -0.01132205
v 0.02403076 -0.06579407 -0.009259672
v 0.04360687 -0.078153 0.0001955175
v 0.003313904 -0.0590612 -0.02888542
v -0.007298279 -0.05921478 -0.02497659
v 0.02444183 -0.06936134 -0.006831193
v 0.02759186 -0.07324608 -0.004633064
v 0.0305722 -0.07713608 -0.0008819723
v 0.1311838 -0.07509056 0.005190597
v 0.02836975 -0.0769857 -0.004534302
v 0.04513702 -0.01764557 -0.05027892
v 0.04144653 -0.007827454 -0.04150285
v 0.04918457 -0.01733459 -0.05467831
v 0.03596527 -0.02874657 -0.04387025
v 0.02712067 -0.07602188 -0.005858092
v 0.03244232 -0.07887321 -0.001370553
v 0.1800021 -0.03846031 -0.001728534
v 0.02743683 -0.07728905 -0.007546563
v 0.02387543 -0.06891998 -0.009206095
v 0.02920471 -0.07854042 -0.005857854
v 0.01662628 -0.04609604 -0.04182311
v 0.07890625 -0.0777816 0.01317352
v 0.0776535 -0.08152565 0.006896324
v 0.161004 -0.06487465 0.01125936
v 0.02711822 -0.06904404 -0.01615572
v 0.04002655 -0.08007958 0.01528568
v 0.04533112 -0.0839666 0.0007464647
v 0.05018311 -0.08433358 0.001980524
v 0.0470343 -0.07919304 -0.008198676
v 0.03426514 -0.07928108 -0.006658645
v 0.05501953 -0.01727859 -0.05599246
v 0.07225494 -0.01586876 -0.05435837
v 0.0406665 -0.02955185 -0.04173707
v 0.04406219 -0.03912621 -0.04984183
v 0.1193161 -0.07932953 0.009730015
v 0.1232074 -0.07831093 0.008960595
v 0.01511291 -0.05912941 -0.02951583
v 0.02659332 -0.05979446 -0.0268161
v 0.03215485 -0.04699303 -0.03816349
v 0.03785645 -0.04517136 -0.0370777
v 0.03456848 -0.05462944 -0.03086966
v 0.1244324 -0.07627335 0.004945254
v 0.1648801 -0.01701508 -0.03389587
v 0.1785785 -0.01977524 -0.01846462
v 0.02981781 -0.07630554 -0.01541265
v 0.07877319 -0.08282433 -0.0001831245
v 0.08190033 -0.0143428 -0.05692537
v 0.09714356 -0.01298294 -0.05421471
v 0.1000262 -0.01256218 -0.05396051
v 0.1019437 -0.01203728 -0.05142989
v 0.1021539 0.002529526 -0.04886857
v 0.1617871 -0.06530754 0.008287158
v 0.1021112 -0.02796745 -0.05199467
v 0.03638458 -0.0793885 -0.01254788
v 0.1723688 -0.05258903 -0.004364233
v 0.08146546 -0.03318397 -0.05556166
v 0.07858551 -0.01440933 -0.05646066
v 0.03130951 -0.05993515 -0.02435208
v 0.03220886 -0.06685188 -0.02688054
v 0.04805176 -0.04022087 -0.05420383
v 0.1174499 -0.08093537 0.002555847
v 0.1211584 -0.08111351 0.001897106
v 0.07940186 -0.08039101 -0.01994952
v 0.05380096 -0.08629105 -0.007015243
v 0.1645328 -0.03295654 -0.03363602
v 0.1752344 -0.03519493 -0.02116986
v 0.1790595 -0.03681862 -0.01164423
v 0.1719818 -0.0509491 -0.01425662
v 0.03527985 -0.07346992 -0.02766741
v 0.05387726 -0.04104568 -0.05546315
v 0.1630826 -0.06396103 -0.006583114
v 0.09794495 -0.02919655 -0.05371092
v 0.0415564 -0.07672722 -0.02576188
v 0.04928894 -0.07886154 -0.01348356
v 0.0542392 -0.07656898 -0.0247
v 0.04221832 -0.04992691 -0.04682522
v 0.03874145 -0.05903381 -0.04018639
v 0.07128754 -0.0368676 -0.05444046
v 0.1201404 -0.07839806 -0.006549792
v 0.118606 -0.08141892 -0.005036616
v 0.04609833 -0.052733 -0.05079446
v 0.1634332 -0.06084648 -0.01620119
v 0.1156223 -0.08252106 -0.004519844
v 0.0746991 -0.01664803 -0.05683815
v 0.07650574 -0.0337101 -0.05531219
v 0.05734711 -0.08026429 -0.02763612
v 0.05129028 -0.08449646 -0.01368797
v 0.06226868 -0.08158638 -0.02755982
v 0.07214325 -0.03729767 -0.05507683
v 0.1316287 -0.07695663 -0.007925024
v 0.168327 -0.04933319 -0.02377647
v 0.1639832 -0.05129623 -0.02801684
v 0.05192871 -0.05483948 -0.05146718
v 0.04232605 -0.06395576 -0.04298071
v 0.06879242 -0.0533403 -0.05078214
v 0.07340546 -0.05161354 -0.05096114
v 0.1101898 -0.07737595 -0.02035378
v 0.1320328 -0.07332931 -0.01980889
v 0.0483548 -0.06683929 -0.04262506
v 0.1153275 -0.07617996 -0.01970561
v 0.08096589 -0.05071098 -0.05137065
v 0.09970276 -0.0446843 -0.04997603
v 0.1024155 -0.04386215 -0.05019662
v 0.1333835 -0.04288055 -0.04415653
v 0.1337308 -0.02823944 -0.04582944
v 0.1329538 -0.05593697 -0.03889035
v 0.06315704 -0.07102898 -0.04004891
v 0.06182526 -0.06788124 -0.03991786
v 0.1008011 -0.05430183 -0.04766158
v 0.1636179 -0.05854027 -0.02103271
v 0.1324979 -0.06612595 -0.03035091
v 0.07989777 -0.07493454 -0.03263759
v 0.0640271 -0.07815071 -0.03153611
v 0.1053357 -0.07065636 -0.0346745
v 0.06726257 -0.07186127 -0.03881761
v 0.104892 -0.05591904 -0.04525749
v 0.1157974 -0.06931465 -0.03139921
v 0.110694 -0.07008575 -0.0311342
v 0.06993744 -0.06664795 -0.04484454
v 0.08042939 -0.06513512 -0.04358913
v 0.1028693 -0.0617701 -0.04172499
v 0.1162842 -0.05907509 -0.04113536
v 0.1066809 -0.06085594 -0.04138312
v 0.04957672 0.001064605 0.02620175
v 0.05537048 -0.02159683 0.02743158
v 0.05618256 -0.02157104 0.02721037
v 0.1811176 -0.021465 -0.009693356
v 0.1024533 0.01703918 -0.04603787
v 0.1259729 -0.01390259 0.04068552
v 0.04831055 -0.08423157 -0.006470766
v 0.04862091 0.006920395 -0.03042874
v 0.05157867 0.007997055 -0.03667987
v 0.1437418 -0.03355606 0.03174508
v 0.1342157 0.0009251403 -0.04269285
v 0.1344247 0.01514259 -0.03910019
v 0.1339734 -0.01365715 -0.04426114
vt 0.03615319 0.7701879
vt 0.03615319 0.7613745
vt 0.02733987 0.7613745
vt 0.1272227 0.8062098
vt 0.127406 0.8074433
vt 0.1301877 0.8074416
vt 0.1329259 0.8037566
vt 0.1355306 0.8037476
vt 0.133482 0.8036037
vt 0.1326631 0.8039226
vt 0.1329259 0.8037566
vt 0.1316356 0.8032359
vt 0.1334722 0.8067524
vt 0.1300442 0.8060995
vt 0.1301877 0.8074416
vt 0.1334722 0.8067524
vt 0.1334166 0.8064249
vt 0.1300442 0.8060995
vt 0.127406 0.8074433
vt 0.125761 0.8097417
vt 0.1283906 0.8107188
vt 0.127406 0.8074433
vt 0.1272227 0.8062098
vt 0.1230135 0.8073421
vt 0.1303427 0.8049402
vt 0.1317277 0.8040643
vt 0.1295377 0.8038933
vt 0.1317277 0.8040643
vt 0.1316356 0.8032359
vt 0.1295194 0.8029265
vt 0.1316356 0.8032359
vt 0.1329259 0.8037566
vt 0.133482 0.8036037
vt 0.1272938 0.8046276
vt 0.1272227 0.8062098
vt 0.1300442 0.8060995
vt 0.1334166 0.8064249
vt 0.1335534 0.8057524
vt 0.1303427 0.8049402
vt 0.1329259 0.8037566
vt 0.1335534 0.8057524
vt 0.1355306 0.8037476
vt 0.1326631 0.8039226
vt 0.1335534 0.8057524
vt 0.1329259 0.8037566
vt 0.1272227 0.8062098
vt 0.1272938 0.8046276
vt 0.1225334 0.8056552
vt 0.1272938 0.8046276
vt 0.1303427 0.8049402
vt 0.1295377 0.8038933
vt 0.1295377 0.8038933
vt 0.1295194 0.8029265
vt 0.1265725 0.8024121
vt 0.1264572 0.803354
vt 0.1265725 0.8024121
vt 0.1234384 0.8014367
vt 0.1231635 0.8024181
vt 0.1234384 0.8014367
vt 0.1214134 0.800749
vt 0.1231635 0.8024181
vt 0.1225334 0.8056552
vt 0.1272938 0.8046276
vt 0.1231635 0.8024181
vt 0.1213702 0.801804
vt 0.1187342 0.8032433
vt 0.125761 0.8097417
vt 0.1239905 0.8144042
vt 0.1267521 0.814527
vt 0.123192 0.8087033
vt 0.1239905 0.8144042
vt 0.125761 0.8097417
vt 0.1214134 0.800749
vt 0.1189912 0.7992532
vt 0.1184829 0.7998008
vt 0.1401649 0.8070459
vt 0.1390221 0.8044625
vt 0.1355306 0.8037476
vt 0.123192 0.8087033
vt 0.1230135 0.8073421
vt 0.119635 0.8091796
vt 0.1401649 0.8070459
vt 0.1335534 0.8057524
vt 0.1334166 0.8064249
vt 0.1197707 0.7985053
vt 0.1189912 0.7992532
vt 0.1214134 0.800749
vt 0.1231635 0.8024181
vt 0.1200675 0.8069266
vt 0.1225334 0.8056552
vt 0.1200675 0.8069266
vt 0.119635 0.8091796
vt 0.1230135 0.8073421
vt 0.1187342 0.8032433
vt 0.1213702 0.801804
vt 0.1184829 0.7998008
vt 0.1401649 0.8070459
vt 0.1463344 0.8102951
vt 0.1390221 0.8044625
vt 0.1388663 0.8027066
vt 0.1390221 0.8044625
vt 0.1463344 0.8102951
vt 0.1183643 0.7966488
vt 0.1189912 0.7992532
vt 0.1197707 0.7985053
vt 0.1183643 0.7966488
vt 0.1169531 0.7966278
vt 0.1184829 0.7998008
vt 0.1201704 0.8102447
vt 0.119635 0.8091796
vt 0.116536 0.8114451
vt 0.1355306 0.8037476
vt 0.1388663 0.8027066
vt 0.137605 0.8004611
vt 0.1396362 0.800231
vt 0.1378816 0.7967518
vt 0.137605 0.8004611
vt 0.1398684 0.8104258
vt 0.1411579 0.809455
vt 0.1334166 0.8064249
vt 0.1297502 0.8155569
vt 0.1311689 0.8122073
vt 0.1283906 0.8107188
vt 0.1197707 0.7985053
vt 0.1307159 0.7953741
vt 0.1190162 0.7949001
vt 0.1415908 0.796604
vt 0.1394939 0.7935786
vt 0.1378816 0.7967518
vt 0.1183643 0.7966488
vt 0.1190162 0.7949001
vt 0.1168801 0.794597
vt 0.1145359 0.7983026
vt 0.116897 0.8009513
vt 0.1184829 0.7998008
vt 0.1169531 0.7966278
vt 0.1168801 0.794597
vt 0.1137539 0.795759
vt 0.1261632 0.8189999
vt 0.1244948 0.8186655
vt 0.1246011 0.8189423
vt 0.107522 0.7702199
vt 0.1076132 0.7792751
vt 0.1147811 0.7793779
vt 0.1126477 0.8081496
vt 0.1187342 0.8032433
vt 0.116897 0.8009513
vt 0.1126477 0.8081496
vt 0.1158418 0.8102181
vt 0.1200675 0.8069266
vt 0.1119928 0.7927754
vt 0.1137539 0.795759
vt 0.1168801 0.794597
vt 0.1147811 0.7793779
vt 0.1076132 0.7792751
vt 0.1092572 0.7868714
vt 0.1164594 0.7907107
vt 0.1149511 0.7855373
vt 0.1092572 0.7868714
vt 0.1512806 0.8062518
vt 0.1499841 0.8024068
vt 0.1396362 0.800231
vt 0.119635 0.8091796
vt 0.1200675 0.8069266
vt 0.1158418 0.8102181
vt 0.1499841 0.8024068
vt 0.1484333 0.7978728
vt 0.1415908 0.796604
vt 0.1199854 0.8149874
vt 0.1225494 0.8143799
vt 0.1201704 0.8102447
vt 0.1239477 0.8186434
vt 0.123201 0.8191231
vt 0.1246011 0.8189423
vt 0.137605 0.8004611
vt 0.1336513 0.798224
vt 0.1316356 0.8032359
vt 0.1368643 0.8146519
vt 0.1311689 0.8122073
vt 0.1297502 0.8155569
vt 0.1246011 0.8189423
vt 0.1259841 0.8194061
vt 0.1262211 0.8192359
vt 0.1244596 0.8191267
vt 0.1259841 0.8194061
vt 0.1246011 0.8189423
vt 0.1281547 0.819837
vt 0.1261632 0.8189999
vt 0.1262211 0.8192359
vt 0.1336513 0.798224
vt 0.137605 0.8004611
vt 0.1378816 0.7967518
vt 0.1394939 0.7935786
vt 0.1421025 0.7934406
vt 0.1416835 0.7899415
vt 0.1280218 0.8199521
vt 0.1281147 0.8200301
vt 0.1262211 0.8192359
vt 0.1148349 0.8147917
vt 0.1174086 0.8121825
vt 0.116536 0.8114451
vt 0.1145359 0.7983026
vt 0.1080456 0.8052965
vt 0.11054 0.8067822
vt 0.1145359 0.7983026
vt 0.1137539 0.795759
vt 0.1051157 0.8024055
vt 0.1415908 0.796604
vt 0.1484333 0.7978728
vt 0.1483203 0.7945484
vt 0.1259841 0.8194061
vt 0.1244596 0.8191267
vt 0.1248901 0.8201837
vt 0.1280218 0.8199521
vt 0.1259841 0.8194061
vt 0.1262456 0.8200056
vt 0.1379057 0.7897713
vt 0.1416835 0.7899415
vt 0.1398234 0.7849576
vt 0.0901513 0.7837458
vt 0.1076132 0.7792751
vt 0.107522 0.7702199
vt 0.09605783 0.7934815
vt 0.1092572 0.7868714
vt 0.1076132 0.7792751
vt 0.1147811 0.7793779
vt 0.1149511 0.7855373
vt 0.130033 0.7902064
vt 0.1352977 0.7834073
vt 0.130033 0.7902064
vt 0.1337417 0.7917119
vt 0.1265725 0.8024121
vt 0.1336513 0.798224
vt 0.1307159 0.7953741
vt 0.1214134 0.800749
vt 0.1307159 0.7953741
vt 0.1197707 0.7985053
vt 0.1190162 0.7949001
vt 0.1307159 0.7953741
vt 0.130033 0.7902064
vt 0.1421025 0.7934406
vt 0.1483203 0.7945484
vt 0.1488806 0.7913765
vt 0.1174086 0.8121825
vt 0.1148349 0.8147917
vt 0.1175896 0.8161264
vt 0.123201 0.8191231
vt 0.1239477 0.8186434
vt 0.1215852 0.8188805
vt 0.1473878 0.8187309
vt 0.1490365 0.8180825
vt 0.1411579 0.809455
vt 0.1022902 0.8002623
vt 0.1119928 0.7927754
vt 0.1092572 0.7868714
vt 0.1508173 0.8173615
vt 0.15155 0.8170616
vt 0.1463344 0.8102951
vt 0.1175896 0.8161264
vt 0.1197656 0.8195292
vt 0.1215852 0.8188805
vt 0.1508173 0.8173615
vt 0.1401649 0.8070459
vt 0.1411579 0.809455
vt 0.1296143 0.8208343
vt 0.1305082 0.8214751
vt 0.1281547 0.819837
vt 0.1275658 0.8216138
vt 0.1280337 0.8216728
vt 0.1278458 0.8209947
vt 0.1164594 0.7907107
vt 0.130033 0.7902064
vt 0.1149511 0.7855373
vt 0.1337417 0.7917119
vt 0.130033 0.7902064
vt 0.1307159 0.7953741
vt 0.1527993 0.797012
vt 0.1531512 0.7952555
vt 0.1529248 0.7949542
vt 0.1484333 0.7978728
vt 0.1499841 0.8024068
vt 0.1521629 0.7985107
vt 0.1508865 0.7953095
vt 0.1521629 0.7985107
vt 0.1527993 0.797012
vt 0.1280218 0.8199521
vt 0.1278458 0.8209947
vt 0.1290926 0.8215334
vt 0.1278458 0.8209947
vt 0.1280337 0.8216728
vt 0.1287584 0.82201
vt 0.1512806 0.8062518
vt 0.1463344 0.8102951
vt 0.15155 0.8170616
vt 0.1280337 0.8216728
vt 0.1275658 0.8216138
vt 0.1281952 0.821803
vt 0.1244596 0.8191267
vt 0.1227492 0.8191845
vt 0.1237338 0.8206084
vt 0.1275658 0.8216138
vt 0.1282653 0.8219639
vt 0.1281952 0.821803
vt 0.1520391 0.7939546
vt 0.1529248 0.7949542
vt 0.1531001 0.7946638
vt 0.1095057 0.8121064
vt 0.1126477 0.8081496
vt 0.11054 0.8067822
vt 0.1511606 0.7933941
vt 0.1508865 0.7953095
vt 0.1518017 0.7953324
vt 0.121605 0.8193915
vt 0.1215852 0.8188805
vt 0.1197656 0.8195292
vt 0.1022139 0.8058617
vt 0.1053151 0.8102038
vt 0.1080456 0.8052965
vt 0.1416835 0.7899415
vt 0.1488806 0.7913765
vt 0.1508067 0.7874295
vt 0.1511606 0.7933941
vt 0.1488806 0.7913765
vt 0.1483203 0.7945484
vt 0.1148349 0.8147917
vt 0.113852 0.8161029
vt 0.1152911 0.8179363
vt 0.1287584 0.82201
vt 0.1280337 0.8216728
vt 0.1281952 0.821803
vt 0.1548856 0.7962193
vt 0.1534664 0.7951434
vt 0.1531512 0.7952555
vt 0.1521629 0.7985107
vt 0.1561218 0.7972315
vt 0.1548856 0.7962193
vt 0.1305082 0.8214751
vt 0.1296143 0.8208343
vt 0.1303821 0.8215314
vt 0.1208692 0.8196495
vt 0.1216581 0.8194039
vt 0.121605 0.8193915
vt 0.152915 0.7930241
vt 0.1531001 0.7946638
vt 0.1534472 0.7947786
vt 0.1080456 0.8052965
vt 0.1053151 0.8102038
vt 0.1075446 0.8112025
vt 0.113852 0.8161029
vt 0.1148349 0.8147917
vt 0.1137738 0.8142263
vt 0.1521629 0.7985107
vt 0.1499841 0.8024068
vt 0.1512806 0.8062518
vt 0.1216581 0.8194039
vt 0.1208692 0.8196495
vt 0.1212936 0.8201024
vt 0.1522427 0.7917483
vt 0.1511606 0.7933941
vt 0.1520391 0.7939546
vt 0.1512806 0.8062518
vt 0.166846 0.8108122
vt 0.167963 0.8098229
vt 0.1548856 0.7962193
vt 0.154826 0.7937534
vt 0.1534472 0.7947786
vt 0.1561218 0.7972315
vt 0.1559038 0.7927158
vt 0.154826 0.7937534
vt 0.07521498 0.7928892
vt 0.0901513 0.7837458
vt 0.08084255 0.7715956
vt 0.08565688 0.8028995
vt 0.09605783 0.7934815
vt 0.0901513 0.7837458
vt 0.1559038 0.7927158
vt 0.1522427 0.7917483
vt 0.152915 0.7930241
vt 0.1290926 0.8215334
vt 0.130195 0.822508
vt 0.1303821 0.8215314
vt 0.1290926 0.8215334
vt 0.1287584 0.82201
vt 0.1296396 0.8226777
vt 0.1415784 0.8209909
vt 0.1368643 0.8146519
vt 0.1332008 0.8189335
vt 0.1522427 0.7917483
vt 0.1508067 0.7874295
vt 0.1488806 0.7913765
vt 0.1237338 0.8206084
vt 0.1227492 0.8191845
vt 0.1212936 0.8201024
vt 0.1076996 0.8149207
vt 0.1110901 0.8182942
vt 0.1128726 0.813998
vt 0.1297055 0.8225546
vt 0.1296396 0.8226777
vt 0.1287584 0.82201
vt 0.1075446 0.8112025
vt 0.1057953 0.8141308
vt 0.1076996 0.8149207
vt 0.1053151 0.8102038
vt 0.1036247 0.8132221
vt 0.1057953 0.8141308
vt 0.1022902 0.8002623
vt 0.09605783 0.7934815
vt 0.08565688 0.8028995
vt 0.1528958 0.7872096
vt 0.1508067 0.7874295
vt 0.1522427 0.7917483
vt 0.1292347 0.8222747
vt 0.1300125 0.8228329
vt 0.1297055 0.8225546
vt 0.1653668 0.796511
vt 0.1559038 0.7927158
vt 0.1561218 0.7972315
vt 0.09526884 0.8093951
vt 0.09803265 0.811354
vt 0.1022139 0.8058617
vt 0.09803265 0.811354
vt 0.1036247 0.8132221
vt 0.1053151 0.8102038
vt 0.1152911 0.8179363
vt 0.1181597 0.8205575
vt 0.1197656 0.8195292
vt 0.113852 0.8161029
vt 0.1137738 0.8142263
vt 0.1110901 0.8182942
vt 0.1227315 0.8212668
vt 0.1258872 0.8218872
vt 0.1261585 0.8220023
vt 0.1189436 0.8207676
vt 0.1201273 0.8214746
vt 0.1199662 0.819999
vt 0.1292347 0.8222747
vt 0.1287253 0.8220217
vt 0.1282653 0.8219639
vt 0.1275658 0.8216138
vt 0.1267282 0.821797
vt 0.1273982 0.8222057
vt 0.1199662 0.819999
vt 0.1201273 0.8214746
vt 0.1212936 0.8201024
vt 0.06250202 0.807265
vt 0.07521498 0.7928892
vt 0.06343895 0.7787735
vt 0.1614421 0.7895991
vt 0.1559038 0.7927158
vt 0.1653668 0.796511
vt 0.1189436 0.8207676
vt 0.1199662 0.819999
vt 0.1197656 0.8195292
vt 0.1171209 0.8224744
vt 0.1201273 0.8214746
vt 0.1189436 0.8207676
vt 0.1528958 0.7872096
vt 0.1522427 0.7917483
vt 0.1559038 0.7927158
vt 0.1596311 0.7864098
vt 0.1559038 0.7927158
vt 0.1614421 0.7895991
vt 0.1110901 0.8182942
vt 0.1102517 0.8203888
vt 0.111729 0.819738
vt 0.1171209 0.8224744
vt 0.1189436 0.8207676
vt 0.1181597 0.8205575
vt 0.1227315 0.8212668
vt 0.1212936 0.8201024
vt 0.1201273 0.8214746
vt 0.1273982 0.8222057
vt 0.1267282 0.821797
vt 0.1261585 0.8220023
vt 0.1258872 0.8218872
vt 0.1267448 0.8223123
vt 0.1261585 0.8220023
vt 0.1036247 0.8132221
vt 0.1009404 0.8178531
vt 0.103123 0.8186431
vt 0.1125087 0.8182896
vt 0.111729 0.819738
vt 0.1131914 0.8205603
vt 0.1181597 0.8205575
vt 0.1152911 0.8179363
vt 0.1131914 0.8205603
vt 0.1253919 0.8224265
vt 0.1258872 0.8218872
vt 0.1227315 0.8212668
vt 0.131785 0.8239078
vt 0.1303821 0.8215314
vt 0.130195 0.822508
vt 0.105085 0.8193006
vt 0.1076996 0.8149207
vt 0.1057953 0.8141308
vt 0.08565688 0.8028995
vt 0.07521498 0.7928892
vt 0.06250202 0.807265
vt 0.1110901 0.8182942
vt 0.1076996 0.8149207
vt 0.105085 0.8193006
vt 0.1305617 0.8239494
vt 0.131123 0.8239822
vt 0.130195 0.822508
vt 0.1305617 0.8239494
vt 0.1296396 0.8226777
vt 0.1297055 0.8225546
vt 0.1300125 0.8228329
vt 0.1306068 0.8235035
vt 0.1306992 0.8237005
vt 0.1219944 0.8221335
vt 0.1201273 0.8214746
vt 0.1171209 0.8224744
vt 0.1300125 0.8228329
vt 0.1292347 0.8222747
vt 0.1290206 0.8224006
vt 0.1290206 0.8224006
vt 0.1282653 0.8219639
vt 0.1273982 0.8222057
vt 0.03095465 0.819645
vt 0.05300313 0.8268358
vt 0.06250202 0.807265
vt 0.09004312 0.8201768
vt 0.09526884 0.8093951
vt 0.08565688 0.8028995
vt 0.09803265 0.811354
vt 0.09526884 0.8093951
vt 0.09004312 0.8201768
vt 0.1161247 0.8227587
vt 0.1165571 0.8229786
vt 0.1171209 0.8224744
vt 0.1299453 0.822727
vt 0.1308062 0.8230981
vt 0.1306068 0.8235035
vt 0.1273982 0.8222057
vt 0.1267448 0.8223123
vt 0.1276307 0.8227427
vt 0.1171209 0.8224744
vt 0.1165571 0.8229786
vt 0.1214395 0.8233241
vt 0.1105541 0.8237366
vt 0.111729 0.819738
vt 0.1102517 0.8203888
vt 0.1259607 0.8224661
vt 0.1253919 0.8224265
vt 0.1251825 0.8236514
vt 0.1161247 0.8227587
vt 0.1131914 0.8205603
vt 0.1116642 0.8239586
vt 0.1131914 0.8205603
vt 0.111729 0.819738
vt 0.1105541 0.8237366
vt 0.1267448 0.8223123
vt 0.1259607 0.8224661
vt 0.1267609 0.8230786
vt 0.1299453 0.822727
vt 0.1290206 0.8224006
vt 0.1283584 0.822512
vt 0.02802509 0.8271531
vt 0.06543087 0.831987
vt 0.05300313 0.8268358
vt 0.1165571 0.8229786
vt 0.115929 0.8252612
vt 0.1211666 0.8247585
vt 0.1009404 0.8178531
vt 0.09555345 0.8282431
vt 0.09854257 0.8281996
vt 0.05300313 0.8268358
vt 0.07175636 0.8309849
vt 0.07741701 0.8152854
vt 0.08618521 0.8336277
vt 0.09004312 0.8201768
vt 0.07741701 0.8152854
vt 0.08908957 0.8335189
vt 0.09318965 0.8207961
vt 0.09004312 0.8201768
vt 0.1283584 0.822512
vt 0.1276307 0.8227427
vt 0.1287941 0.8228919
vt 0.105085 0.8193006
vt 0.103123 0.8186431
vt 0.09854257 0.8281996
vt 0.02802509 0.8271531
vt 0.02733987 0.8427027
vt 0.06378704 0.8402718
vt 0.0851202 0.838451
vt 0.08876603 0.8358853
vt 0.06543087 0.831987
vt 0.07175636 0.8309849
vt 0.06543087 0.831987
vt 0.08876603 0.8358853
vt 0.08876603 0.8358853
vt 0.09555345 0.8282431
vt 0.08908957 0.8335189
vt 0.1298617 0.8224023
vt 0.1327174 0.8211561
vt 0.1308062 0.8230981
vt 0.105085 0.8193006
vt 0.1011729 0.8284299
vt 0.1069896 0.8286751
vt 0.1276307 0.8227427
vt 0.1267609 0.8230786
vt 0.1276423 0.8235773
vt 0.1253845 0.8245917
vt 0.1276423 0.8235773
vt 0.1267609 0.8230786
vt 0.1096376 0.8281803
vt 0.1105541 0.8237366
vt 0.1083397 0.8279057
vt 0.1107037 0.8279627
vt 0.1140909 0.8279911
vt 0.1148114 0.8252516
vt 0.1096376 0.8281803
vt 0.1107037 0.8279627
vt 0.1116642 0.8239586
vt 0.1287941 0.8228919
vt 0.1299114 0.8231389
vt 0.1327174 0.8211561
vt 0.0946877 0.8382201
vt 0.09555345 0.8282431
vt 0.08876603 0.8358853
vt 0.1140909 0.8279911
vt 0.1149286 0.8278384
vt 0.1155033 0.8253196
vt 0.09813177 0.8369852
vt 0.09854257 0.8281996
vt 0.09555345 0.8282431
vt 0.1011729 0.8284299
vt 0.09854257 0.8281996
vt 0.09813177 0.8369852
vt 0.1276423 0.8235773
vt 0.1282984 0.8241495
vt 0.1299114 0.8231389
vt 0.1012526 0.8358329
vt 0.1076846 0.833514
vt 0.1069896 0.8286751
vt 0.1069896 0.8286751
vt 0.1076846 0.833514
vt 0.1084978 0.833118
vt 0.1107037 0.8279627
vt 0.1096376 0.8281803
vt 0.1102977 0.8323992
vt 0.1140909 0.8279911
vt 0.1107037 0.8279627
vt 0.1114723 0.8318953
vt 0.1253845 0.8245917
vt 0.1256557 0.825603
vt 0.1282984 0.8241495
vt 0.1149286 0.8278384
vt 0.1140909 0.8279911
vt 0.1143479 0.8308102
vt 0.1675181 0.8316104
vt 0.1626934 0.8291662
vt 0.1652296 0.8347711
vt 0.1626934 0.8291662
vt 0.1675181 0.8316104
vt 0.1709331 0.8301192
vt 0.1498173 0.8301759
vt 0.1510256 0.8328596
vt 0.1508173 0.8173615
vt 0.1473878 0.8187309
vt 0.1480047 0.8302558
vt 0.1498173 0.8301759
vt 0.1689655 0.8323541
vt 0.1675181 0.8316104
vt 0.1689385 0.8350773
vt 0.1709331 0.8301192
vt 0.1675181 0.8316104
vt 0.1689655 0.8323541
vt 0.1700663 0.8393949
vt 0.1720523 0.8365477
vt 0.1689385 0.8350773
vt 0.1695927 0.8343586
vt 0.1689385 0.8350773
vt 0.1720523 0.8365477
vt 0.1709331 0.8301192
vt 0.1759908 0.8230508
vt 0.1718936 0.8180029
vt 0.1510256 0.8328596
vt 0.1521825 0.8358792
vt 0.1530684 0.8257929
vt 0.1673942 0.8374189
vt 0.1652296 0.8347711
vt 0.1605552 0.8405462
vt 0.1561731 0.8389143
vt 0.1605552 0.8405462
vt 0.1652296 0.8347711
vt 0.1415784 0.8209909
vt 0.1358382 0.8229765
vt 0.136581 0.8278635
vt 0.1737764 0.8332592
vt 0.1709331 0.8301192
vt 0.170803 0.8315669
vt 0.1714488 0.8350541
vt 0.1720523 0.8365477
vt 0.1737764 0.8332592
vt 0.1535475 0.8374745
vt 0.1561731 0.8389143
vt 0.1626934 0.8291662
vt 0.1535475 0.8374745
vt 0.159534 0.8248666
vt 0.1530684 0.8257929
vt 0.1720523 0.8365477
vt 0.1700663 0.8393949
vt 0.1744109 0.8407369
vt 0.1657067 0.8458731
vt 0.1700663 0.8393949
vt 0.1673942 0.8374189
vt 0.1573963 0.8431517
vt 0.1561731 0.8389143
vt 0.1543679 0.8402159
vt 0.1695927 0.8343586
vt 0.1704691 0.8334779
vt 0.1703955 0.8331765
vt 0.1695927 0.8343586
vt 0.1714488 0.8350541
vt 0.1707555 0.833567
vt 0.1605552 0.8405462
vt 0.1561731 0.8389143
vt 0.1573963 0.8431517
vt 0.1792991 0.8252907
vt 0.1759908 0.8230508
vt 0.1709331 0.8301192
vt 0.1425278 0.829015
vt 0.1408189 0.8351821
vt 0.1449602 0.8368741
vt 0.1796172 0.8317474
vt 0.1720523 0.8365477
vt 0.175965 0.8391635
vt 0.1521825 0.8358792
vt 0.148209 0.8411241
vt 0.1535475 0.8374745
vt 0.1468684 0.838682
vt 0.148209 0.8411241
vt 0.1521825 0.8358792
vt 0.1744109 0.8407369
vt 0.1700663 0.8393949
vt 0.1657067 0.8458731
vt 0.1796172 0.8317474
vt 0.180985 0.8254741
vt 0.1792991 0.8252907
vt 0.1689655 0.8323541
vt 0.1703955 0.8331765
vt 0.1706596 0.8330685
vt 0.172347 0.833264
vt 0.1708787 0.8333058
vt 0.1707555 0.833567
vt 0.1573963 0.8431517
vt 0.1543679 0.8402159
vt 0.152899 0.845179
vt 0.1306992 0.8237005
vt 0.130773 0.8253956
vt 0.1307241 0.8256469
vt 0.1657067 0.8458731
vt 0.163358 0.8427621
vt 0.1611551 0.8446009
vt 0.1708787 0.8333058
vt 0.172347 0.833264
vt 0.170803 0.8315669
vt 0.1461322 0.8383233
vt 0.1498173 0.8301759
vt 0.1480047 0.8302558
vt 0.1458667 0.8379404
vt 0.1480047 0.8302558
vt 0.1449602 0.8368741
vt 0.1510256 0.8328596
vt 0.1498173 0.8301759
vt 0.1461322 0.8383233
vt 0.1543679 0.8402159
vt 0.1484377 0.8409311
vt 0.1481655 0.8411645
vt 0.1321684 0.8278835
vt 0.1324734 0.8269657
vt 0.1322963 0.8267292
vt 0.1535475 0.8374745
vt 0.148209 0.8411241
vt 0.1543679 0.8402159
vt 0.1306694 0.8245797
vt 0.130773 0.8253956
vt 0.1306992 0.8237005
vt 0.1306068 0.8235035
vt 0.1308062 0.8230981
vt 0.1305405 0.8243514
vt 0.1481655 0.8411645
vt 0.1484377 0.8409311
vt 0.148209 0.8411241
vt 0.1681599 0.8511977
vt 0.1657067 0.8458731
vt 0.1628788 0.8489281
vt 0.1465354 0.8415099
vt 0.1480225 0.841005
vt 0.1468684 0.838682
vt 0.1317034 0.830036
vt 0.1363275 0.8331253
vt 0.136581 0.8278635
vt 0.1461322 0.8383233
vt 0.1439397 0.8429476
vt 0.1465354 0.8415099
vt 0.1527054 0.8499174
vt 0.1561598 0.8547515
vt 0.1580706 0.8506063
vt 0.1659393 0.8561326
vt 0.1628788 0.8489281
vt 0.1580706 0.8506063
vt 0.02886062 0.8875134
vt 0.07018309 0.8617948
vt 0.06603139 0.8541453
vt 0.1426446 0.839749
vt 0.1435272 0.8410312
vt 0.1458667 0.8379404
vt 0.1426446 0.839749
vt 0.1449602 0.8368741
vt 0.1408189 0.8351821
vt 0.130773 0.8253956
vt 0.1303809 0.8266838
vt 0.1304696 0.826845
vt 0.1461322 0.8383233
vt 0.1458667 0.8379404
vt 0.1435272 0.8410312
vt 0.1455644 0.844296
vt 0.1471287 0.8424271
vt 0.1465354 0.8415099
vt 0.1465354 0.8415099
vt 0.1439397 0.8429476
vt 0.1448515 0.8434368
vt 0.130773 0.8253956
vt 0.1306694 0.8245797
vt 0.1305568 0.8258404
vt 0.1527054 0.8499174
vt 0.152899 0.845179
vt 0.1455644 0.844296
vt 0.02886062 0.8875134
vt 0.03128957 0.9002896
vt 0.05655318 0.8744159
vt 0.1304079 0.8239603
vt 0.1305405 0.8243514
vt 0.1308062 0.8230981
vt 0.07018309 0.8617948
vt 0.09082573 0.8437074
vt 0.08639949 0.8434794
vt 0.08936536 0.8413168
vt 0.08639949 0.8434794
vt 0.09082573 0.8437074
vt 0.09082573 0.8437074
vt 0.07018309 0.8617948
vt 0.07605481 0.8584703
vt 0.1306694 0.8245797
vt 0.1305405 0.8243514
vt 0.1301984 0.8256823
vt 0.1305568 0.8258404
vt 0.1301984 0.8256823
vt 0.1300281 0.826913
vt 0.1435275 0.8469145
vt 0.1455644 0.844296
vt 0.1448515 0.8434368
vt 0.1439397 0.8429476
vt 0.1414525 0.8451521
vt 0.142768 0.8462289
vt 0.1316937 0.8297927
vt 0.1317034 0.830036
vt 0.1324734 0.8269657
vt 0.1316937 0.8297927
vt 0.1324734 0.8269657
vt 0.1321684 0.8278835
vt 0.1315968 0.8295342
vt 0.1321684 0.8278835
vt 0.1311528 0.8273606
vt 0.1404006 0.8417486
vt 0.1426446 0.839749
vt 0.1387577 0.8382314
vt 0.1561598 0.8547515
vt 0.1476379 0.8708888
vt 0.1524898 0.8763776
vt 0.1571819 0.8844784
vt 0.158106 0.8804449
vt 0.1524898 0.8763776
vt 0.1303809 0.8266838
vt 0.130043 0.8272563
vt 0.1301165 0.8274433
vt 0.144802 0.8650274
vt 0.1476379 0.8708888
vt 0.1561598 0.8547515
vt 0.1435858 0.8592465
vt 0.144802 0.8650274
vt 0.1561598 0.8547515
vt 0.1476379 0.8708888
vt 0.1450896 0.8724893
vt 0.1498457 0.8793704
vt 0.08138412 0.8906645
vt 0.05655318 0.8744159
vt 0.03128957 0.9002896
vt 0.09168803 0.8715047
vt 0.07605481 0.8584703
vt 0.05655318 0.8744159
vt 0.1412944 0.8507227
vt 0.1435275 0.8469145
vt 0.142768 0.8462289
vt 0.1412944 0.8507227
vt 0.1527054 0.8499174
vt 0.1435275 0.8469145
vt 0.1301165 0.8274433
vt 0.1304654 0.8286548
vt 0.1311528 0.8273606
vt 0.07231932 0.91862536
vt 0.1077873 0.9186253
vt 0.1063438 0.8956104
vt 0.1450896 0.8724893
vt 0.1476379 0.8708888
vt 0.144802 0.8650274
vt 0.1414113 0.8615973
vt 0.1425457 0.8657916
vt 0.144802 0.8650274
vt 0.1414525 0.8451521
vt 0.1378778 0.8468934
vt 0.1404517 0.8498563
vt 0.1362305 0.90688199
vt 0.1571819 0.8844784
vt 0.1498457 0.8793704
vt 0.1435858 0.8592465
vt 0.1527054 0.8499174
vt 0.1414533 0.8550241
vt 0.1414533 0.8550241
vt 0.1527054 0.8499174
vt 0.1412944 0.8507227
vt 0.130056 0.8309745
vt 0.1315968 0.8295342
vt 0.1304654 0.8286548
vt 0.1400793 0.8534766
vt 0.1414533 0.8550241
vt 0.140793 0.8515932
vt 0.0946877 0.8382201
vt 0.09056937 0.8396021
vt 0.09082573 0.8437074
vt 0.09082573 0.8437074
vt 0.0919016 0.8456016
vt 0.1010164 0.8464497
vt 0.09813177 0.8369852
vt 0.0946877 0.8382201
vt 0.1010164 0.8464497
vt 0.07605481 0.8584703
vt 0.09168803 0.8715047
vt 0.100683 0.8580767
vt 0.1416751 0.8580043
vt 0.1414533 0.8550241
vt 0.1400271 0.8544294
vt 0.140793 0.8515932
vt 0.1412944 0.8507227
vt 0.1404517 0.8498563
vt 0.1305405 0.8243514
vt 0.1304079 0.8239603
vt 0.129483 0.8257641
vt 0.1404203 0.859109
vt 0.1416751 0.8580043
vt 0.1400271 0.8544294
vt 0.1400271 0.8544294
vt 0.1414533 0.8550241
vt 0.1400793 0.8534766
vt 0.1392455 0.8531515
vt 0.1400793 0.8534766
vt 0.140793 0.8515932
vt 0.1391952 0.8542784
vt 0.1400271 0.8544294
vt 0.1400793 0.8534766
vt 0.1362305 0.90688199
vt 0.1293316 0.891852
vt 0.1063438 0.8956104
vt 0.09168803 0.8715047
vt 0.08138412 0.8906645
vt 0.1063438 0.8956104
vt 0.1387577 0.8382314
vt 0.1346101 0.8360152
vt 0.1337274 0.8375165
vt 0.1297587 0.8277485
vt 0.1301165 0.8274433
vt 0.130043 0.8272563
vt 0.1414113 0.8615973
vt 0.1404203 0.859109
vt 0.1356166 0.8592584
vt 0.1370674 0.8450677
vt 0.1378778 0.8468934
vt 0.1414525 0.8451521
vt 0.1404006 0.8417486
vt 0.1364594 0.8436691
vt 0.1370674 0.8450677
vt 0.1398812 0.8508865
vt 0.1349412 0.8475806
vt 0.1378324 0.8515312
vt 0.1398812 0.8508865
vt 0.1378324 0.8515312
vt 0.1392455 0.8531515
vt 0.1012526 0.8358329
vt 0.1058042 0.8424777
vt 0.1100968 0.8381076
vt 0.1034127 0.8552114
vt 0.1103375 0.851788
vt 0.1010164 0.8464497
vt 0.1363275 0.8331253
vt 0.1317034 0.830036
vt 0.1308172 0.8321701
vt 0.130674 0.8318716
vt 0.1308172 0.8321701
vt 0.1317034 0.830036
vt 0.1267445 0.8785849
vt 0.1293316 0.891852
vt 0.1498457 0.8793704
vt 0.1414113 0.8615973
vt 0.1267725 0.8676976
vt 0.1425457 0.8657916
vt 0.1450896 0.8724893
vt 0.1425457 0.8657916
vt 0.1267725 0.8676976
vt 0.1088734 0.8778199
vt 0.1130933 0.8645983
vt 0.100683 0.8580767
vt 0.1267445 0.8785849
vt 0.1088734 0.8778199
vt 0.1063438 0.8956104
vt 0.1378778 0.8468934
vt 0.1349412 0.8475806
vt 0.1398812 0.8508865
vt 0.1392455 0.8531515
vt 0.1378324 0.8515312
vt 0.1391952 0.8542784
vt 0.1131569 0.8601446
vt 0.1034127 0.8552114
vt 0.100683 0.8580767
vt 0.1088734 0.8778199
vt 0.1267445 0.8785849
vt 0.1267725 0.8676976
vt 0.1130933 0.8645983
vt 0.1267725 0.8676976
vt 0.1210379 0.8622351
vt 0.1315968 0.8295342
vt 0.1303388 0.8317576
vt 0.130674 0.8318716
vt 0.1260112 0.8266438
vt 0.1281845 0.8253105
vt 0.1282984 0.8241495
vt 0.1355683 0.8553321
vt 0.1356166 0.8592584
vt 0.1404203 0.859109
vt 0.1297587 0.8277485
vt 0.130056 0.8309745
vt 0.1304654 0.8286548
vt 0.1325909 0.8385741
vt 0.1364594 0.8436691
vt 0.1375826 0.8410302
vt 0.1114723 0.8318953
vt 0.1130698 0.8355839
vt 0.1158222 0.8331982
vt 0.1143479 0.8308102
vt 0.1158222 0.8331982
vt 0.1164612 0.8326909
vt 0.1164612 0.8326909
vt 0.1171098 0.832129
vt 0.1161824 0.8300042
vt 0.129842 0.8279464
vt 0.1297587 0.8277485
vt 0.130043 0.8272563
vt 0.1186861 0.8341361
vt 0.1171098 0.832129
vt 0.1164612 0.8326909
vt 0.1378324 0.8515312
vt 0.1354418 0.8520031
vt 0.1355683 0.8553321
vt 0.1301984 0.8256823
vt 0.129483 0.8257641
vt 0.1291089 0.8271851
vt 0.1161282 0.838471
vt 0.1130698 0.8355839
vt 0.1121065 0.8362831
vt 0.130056 0.8309745
vt 0.1303388 0.8317576
vt 0.1315968 0.8295342
vt 0.1274533 0.8634444
vt 0.1414113 0.8615973
vt 0.1356166 0.8592584
vt 0.1035318 0.8443547
vt 0.1010164 0.8464497
vt 0.1103375 0.851788
vt 0.1304632 0.8328701
vt 0.1337274 0.8375165
vt 0.1346101 0.8360152
vt 0.1302554 0.8325537
vt 0.1304632 0.8328701
vt 0.1308172 0.8321701
vt 0.1325909 0.8385741
vt 0.1290607 0.8404322
vt 0.1340639 0.8444247
vt 0.1303388 0.8317576
vt 0.1302554 0.8325537
vt 0.130674 0.8318716
vt 0.1260112 0.8266438
vt 0.1264955 0.8276632
vt 0.1279787 0.8266824
vt 0.1291089 0.8271851
vt 0.129483 0.8257641
vt 0.1287966 0.8261645
vt 0.1293283 0.8552208
vt 0.1283677 0.8587465
vt 0.1356166 0.8592584
vt 0.111743 0.8493884
vt 0.1130405 0.8472806
vt 0.1058042 0.8424777
vt 0.129842 0.8279464
vt 0.1300281 0.826913
vt 0.1291089 0.8271851
vt 0.1158222 0.8331982
vt 0.1180183 0.8350648
vt 0.1186861 0.8341361
vt 0.1130698 0.8355839
vt 0.1161282 0.838471
vt 0.1180183 0.8350648
vt 0.1299309 0.8522063
vt 0.1293283 0.8552208
vt 0.1355683 0.8553321
vt 0.1330866 0.8478694
vt 0.1291951 0.8478385
vt 0.1299309 0.8522063
vt 0.1131569 0.8601446
vt 0.1210379 0.8622351
vt 0.1204691 0.8559972
vt 0.1146488 0.841615
vt 0.1100968 0.8381076
vt 0.1058042 0.8424777
vt 0.129476 0.8330256
vt 0.1297652 0.8332322
vt 0.1302554 0.8325537
vt 0.111743 0.8493884
vt 0.1103375 0.851788
vt 0.115352 0.853802
vt 0.1291089 0.8271851
vt 0.128566 0.8275375
vt 0.1283836 0.8285269
vt 0.1304632 0.8328701
vt 0.1302554 0.8325537
vt 0.1297652 0.8332322
vt 0.1304632 0.8328701
vt 0.1299254 0.8335723
vt 0.1325909 0.8385741
vt 0.1113537 0.8374929
vt 0.1152967 0.8396821
vt 0.1161282 0.838471
vt 0.1291951 0.8478385
vt 0.1330866 0.8478694
vt 0.1328568 0.846014
vt 0.1328568 0.846014
vt 0.1340639 0.8444247
vt 0.1287772 0.8448443
vt 0.1113537 0.8374929
vt 0.1151597 0.8412533
vt 0.1152967 0.8396821
vt 0.1303388 0.8317576
vt 0.130056 0.8309745
vt 0.1289376 0.8317914
vt 0.128566 0.8275375
vt 0.1287966 0.8261645
vt 0.1279787 0.8266824
vt 0.1279075 0.8280389
vt 0.1279787 0.8266824
vt 0.1264955 0.8276632
vt 0.1130405 0.8472806
vt 0.111743 0.8493884
vt 0.1165527 0.8513724
vt 0.1216801 0.853313
vt 0.1204691 0.8559972
vt 0.1283677 0.8587465
vt 0.1165527 0.8513724
vt 0.115352 0.853802
vt 0.1204691 0.8559972
vt 0.1190313 0.8424148
vt 0.1152967 0.8396821
vt 0.1151597 0.8412533
vt 0.1280014 0.8352039
vt 0.1290607 0.8404322
vt 0.1325909 0.8385741
vt 0.1289721 0.8283436
vt 0.1283836 0.8285269
vt 0.1277479 0.8322529
vt 0.1226953 0.8509387
vt 0.1216801 0.853313
vt 0.1293283 0.8552208
vt 0.129476 0.8330256
vt 0.1289376 0.8317914
vt 0.1277479 0.8322529
vt 0.1205902 0.836233
vt 0.1180183 0.8350648
vt 0.1161282 0.838471
vt 0.1177382 0.8492511
vt 0.1165527 0.8513724
vt 0.1216801 0.853313
vt 0.1208438 0.8355923
vt 0.124055 0.8313239
vt 0.1229441 0.8302906
vt 0.124055 0.8313239
vt 0.1252495 0.8320726
vt 0.127577 0.8286362
vt 0.1236556 0.8465478
vt 0.1291951 0.8478385
vt 0.1288675 0.8462101
vt 0.1188409 0.8439345
vt 0.1146488 0.841615
vt 0.1130405 0.8472806
vt 0.1221888 0.8366929
vt 0.1205902 0.836233
vt 0.1196411 0.840441
vt 0.126497 0.8323749
vt 0.1277479 0.8322529
vt 0.1283836 0.8285269
vt 0.127577 0.8286362
vt 0.1252495 0.8320726
vt 0.126497 0.8323749
vt 0.1290607 0.8404322
vt 0.1262858 0.8412187
vt 0.127428 0.8447486
vt 0.1290607 0.8404322
vt 0.1280014 0.8352039
vt 0.1256961 0.8364101
vt 0.127428 0.8447486
vt 0.1249091 0.8444027
vt 0.1244777 0.8456862
vt 0.1221888 0.8366929
vt 0.1229183 0.8360371
vt 0.1208438 0.8355923
vt 0.1262797 0.8346144
vt 0.1280319 0.8343597
vt 0.1277479 0.8322529
vt 0.1262165 0.8354343
vt 0.1280319 0.8343597
vt 0.1262797 0.8346144
vt 0.1249091 0.8444027
vt 0.1262858 0.8412187
vt 0.1231464 0.8412798
vt 0.1221888 0.8366929
vt 0.1196411 0.840441
vt 0.1231464 0.8412798
vt 0.1262165 0.8354343
vt 0.1256961 0.8364101
vt 0.1280014 0.8352039
vt 0.1244275 0.8344632
vt 0.1252495 0.8320726
vt 0.124055 0.8313239
vt 0.1244275 0.8344632
vt 0.1262797 0.8346144
vt 0.126497 0.8323749
vt 0.1240607 0.8359698
vt 0.1238945 0.8366761
vt 0.1256961 0.8364101
vt 0.1231464 0.8412798
vt 0.1262858 0.8412187
vt 0.1256961 0.8364101
vt 0.1520391 0.7939546
vt 0.1518017 0.7953324
vt 0.1529248 0.7949542
vt 0.1281147 0.8200301
vt 0.1280218 0.8199521
vt 0.1296143 0.8208343
vt 0.1335328 0.8079396
vt 0.1398684 0.8104258
vt 0.1334722 0.8067524
vt 0.1508865 0.7953095
vt 0.1483203 0.7945484
vt 0.1484333 0.7978728
vt 0.166098 0.8054739
vt 0.1561218 0.7972315
vt 0.167963 0.8098229
vt 0.1654241 0.7988706
vt 0.1561218 0.7972315
vt 0.166098 0.8054739
vt 0.1336513 0.798224
vt 0.1265725 0.8024121
vt 0.1295194 0.8029265
vt 0.1316356 0.8032359
vt 0.1336513 0.798224
vt 0.1295194 0.8029265
vt 0.1159189 0.7733552
vt 0.1147811 0.7793779
vt 0.1352977 0.7834073
vt 0.1022902 0.8002623
vt 0.1022139 0.8058617
vt 0.1051157 0.8024055
vt 0.1168801 0.794597
vt 0.1190162 0.7949001
vt 0.1164594 0.7907107
vt 0.06543087 0.831987
vt 0.07175636 0.8309849
vt 0.05300313 0.8268358
vt 0.08908957 0.8335189
vt 0.08618521 0.8336277
vt 0.08876603 0.8358853
vt 0.1394939 0.7935786
vt 0.1415908 0.796604
vt 0.1421025 0.7934406
vt 0.1388663 0.8027066
vt 0.1396362 0.800231
vt 0.137605 0.8004611
vt 0.1344199 0.7955405
vt 0.1307159 0.7953741
vt 0.1336513 0.798224
vt 0.1137738 0.8142263
vt 0.1128726 0.813998
vt 0.1110901 0.8182942
vt 0.1152911 0.8179363
vt 0.113852 0.8161029
vt 0.1125087 0.8182896
vt 0.1131914 0.8205603
vt 0.1161247 0.8227587
vt 0.1165288 0.8222617
vt 0.125761 0.8097417
vt 0.127406 0.8074433
vt 0.123192 0.8087033
vt 0.1155033 0.8253196
vt 0.115929 0.8252612
vt 0.1165571 0.8229786
vt 0.1212936 0.8201024
vt 0.1208692 0.8196495
vt 0.1199662 0.819999
vt 0.1287253 0.8220217
vt 0.1281952 0.821803
vt 0.1282653 0.8219639
vt 0.1355306 0.8037476
vt 0.1390221 0.8044625
vt 0.1388663 0.8027066
vt 0.0919016 0.8456016
vt 0.09082573 0.8437074
vt 0.08891481 0.8471521
vt 0.07605481 0.8584703
vt 0.07018309 0.8617948
vt 0.05655318 0.8744159
vt 0.1414113 0.8615973
vt 0.144802 0.8650274
vt 0.1435858 0.8592465
vt 0.1267725 0.8676976
vt 0.1274533 0.8634444
vt 0.1210379 0.8622351
vt 0.1267725 0.8676976
vt 0.1414113 0.8615973
vt 0.1274533 0.8634444
vt 0.158106 0.8804449
vt 0.1659393 0.8561326
vt 0.1524898 0.8763776
vt 0.1455644 0.844296
vt 0.152899 0.845179
vt 0.1471287 0.8424271
vt 0.1435275 0.8469145
vt 0.1527054 0.8499174
vt 0.1455644 0.844296
vt 0.152899 0.845179
vt 0.1481655 0.8411645
vt 0.1471287 0.8424271
vt 0.1543679 0.8402159
vt 0.1561731 0.8389143
vt 0.1535475 0.8374745
vt 0.1611551 0.8446009
vt 0.163358 0.8427621
vt 0.1605552 0.8405462
vt 0.1556431 0.8468011
vt 0.152899 0.845179
vt 0.1527054 0.8499174
vt 0.1718936 0.8180029
vt 0.1705616 0.815233
vt 0.1626934 0.8291662
vt 0.170737 0.8149095
vt 0.1705616 0.815233
vt 0.1718936 0.8180029
vt 0.1673942 0.8374189
vt 0.1689385 0.8350773
vt 0.1652296 0.8347711
vt 0.1737764 0.8332592
vt 0.1720523 0.8365477
vt 0.1796172 0.8317474
vt 0.148209 0.8411241
vt 0.1468684 0.838682
vt 0.1480225 0.841005
vt 0.1543679 0.8402159
vt 0.148209 0.8411241
vt 0.1484377 0.8409311
vt 0.1244275 0.8344632
vt 0.1208438 0.8355923
vt 0.1229183 0.8360371
vt 0.1244275 0.8344632
vt 0.1229183 0.8360371
vt 0.1240607 0.8359698
vt 0.129842 0.8279464
vt 0.130056 0.8309745
vt 0.1297587 0.8277485
vt 0.130043 0.8272563
vt 0.1303809 0.8266838
vt 0.1300281 0.826913
vt 0.128566 0.8275375
vt 0.1282052 0.8286871
vt 0.1283836 0.8285269
vt 0.127428 0.8447486
vt 0.1262858 0.8412187
vt 0.1249091 0.8444027
vt 0.1404006 0.8417486
vt 0.1375826 0.8410302
vt 0.1364594 0.8436691
vt 0.1244777 0.8456862
vt 0.1249091 0.8444027
vt 0.1229212 0.8438316
vt 0.1288675 0.8462101
vt 0.1287772 0.8448443
vt 0.127428 0.8447486
vt 0.1146488 0.841615
vt 0.1188409 0.8439345
vt 0.1151597 0.8412533
vt 0.1244777 0.8456862
vt 0.1188409 0.8439345
vt 0.1236556 0.8465478
vt 0.1281845 0.8253105
vt 0.1292454 0.8246536
vt 0.1299114 0.8231389
vt 0.1299114 0.8231389
vt 0.1292454 0.8246536
vt 0.1304079 0.8239603
vt 0.129483 0.8257641
vt 0.1304079 0.8239603
vt 0.1292454 0.8246536
vt 0.1287966 0.8261645
vt 0.1292454 0.8246536
vt 0.1281845 0.8253105
vt 0.1225494 0.8143799
vt 0.1199854 0.8149874
vt 0.1215852 0.8188805
vt 0.1363275 0.8331253
vt 0.1346101 0.8360152
vt 0.1387577 0.8382314
vt 0.1387577 0.8382314
vt 0.1408189 0.8351821
vt 0.1363275 0.8331253
vt 0.1012526 0.8358329
vt 0.09813177 0.8369852
vt 0.1035318 0.8443547
vt 0.1149286 0.8278384
vt 0.1148927 0.8305269
vt 0.1161824 0.8300042
vt 0.1149286 0.8278384
vt 0.1157662 0.8277256
vt 0.115929 0.8252612
vt 0.1238945 0.8366761
vt 0.1240607 0.8359698
vt 0.1229183 0.8360371
vt 0.1303821 0.8215314
vt 0.131785 0.8239078
vt 0.1319845 0.8239905
vt 0.1322963 0.8267292
vt 0.1324734 0.8269657
vt 0.1319845 0.8239905
vt 0.1148114 0.8252516
vt 0.1155033 0.8253196
vt 0.1165571 0.8229786
vt 0.1180183 0.8350648
vt 0.1205902 0.836233
vt 0.1208438 0.8355923
vt 0.1214395 0.8233241
vt 0.1251825 0.8236514
vt 0.1253919 0.8224265
vt 0.1100968 0.8381076
vt 0.1113537 0.8374929
vt 0.1084978 0.833118
vt 0.1084978 0.833118
vt 0.1113537 0.8374929
vt 0.1121065 0.8362831
vt 0.1084978 0.833118
vt 0.1102977 0.8323992
vt 0.1096376 0.8281803
vt 0.1130698 0.8355839
vt 0.1114723 0.8318953
vt 0.1102977 0.8323992
vt 0.1152967 0.8396821
vt 0.1190313 0.8424148
vt 0.1196411 0.840441
vt 0.1229212 0.8438316
vt 0.1190313 0.8424148
vt 0.1188409 0.8439345
vt 0.1190313 0.8424148
vt 0.1229212 0.8438316
vt 0.1231464 0.8412798
vt 0.1261632 0.8189999
vt 0.1281547 0.819837
vt 0.1297502 0.8155569
vt 0.116536 0.8114451
vt 0.1158418 0.8102181
vt 0.1128726 0.813998
vt 0.100683 0.8580767
vt 0.1034127 0.8552114
vt 0.0919016 0.8456016
vt 0.1378778 0.8468934
vt 0.1370674 0.8450677
vt 0.1349728 0.8457487
vt 0.1364594 0.8436691
vt 0.1340639 0.8444247
vt 0.1349728 0.8457487
vt 0.1349412 0.8475806
vt 0.1349728 0.8457487
vt 0.1328568 0.846014
vt 0.1340639 0.8444247
vt 0.1328568 0.846014
vt 0.1349728 0.8457487
vt 0.1410521 0.8428423
vt 0.1414525 0.8451521
vt 0.1439397 0.8429476
vt 0.1335328 0.8079396
vt 0.1311689 0.8122073
vt 0.1368643 0.8146519
vt 0.1415784 0.8209909
vt 0.1425278 0.829015
vt 0.1480047 0.8302558
vt 0.1415784 0.8209909
vt 0.1473878 0.8187309
vt 0.1398684 0.8104258
vt 0.1281547 0.819837
vt 0.1305082 0.8214751
vt 0.1332008 0.8189335
vt 0.1113537 0.8374929
vt 0.1100968 0.8381076
vt 0.1146488 0.841615
vt 0.08775115 0.8394287
vt 0.08875423 0.8392085
vt 0.08876603 0.8358853
vt 0.1435858 0.8592465
vt 0.1416751 0.8580043
vt 0.1404203 0.859109
vt 0.1317277 0.8040643
vt 0.1303427 0.8049402
vt 0.1335534 0.8057524
vt 0.1530684 0.8257929
vt 0.15155 0.8170616
vt 0.1508173 0.8173615
vt 0.15155 0.8170616
vt 0.1530684 0.8257929
vt 0.159534 0.8248666
vt 0.1128726 0.813998
vt 0.1158418 0.8102181
vt 0.1126477 0.8081496
vt 0.1131569 0.8601446
vt 0.115352 0.853802
vt 0.1103375 0.851788
vt 0.1290607 0.8404322
vt 0.1287772 0.8448443
vt 0.1340639 0.8444247
vt 0.1307159 0.7953741
vt 0.1214134 0.800749
vt 0.1234384 0.8014367
vt 0.1239905 0.8144042
vt 0.123192 0.8087033
vt 0.1201704 0.8102447
vt 0.1102517 0.8203888
vt 0.1069896 0.8286751
vt 0.1083397 0.8279057
vt 0.1305082 0.8214751
vt 0.1319845 0.8239905
vt 0.1358382 0.8229765
vt 0.1358382 0.8229765
vt 0.1319845 0.8239905
vt 0.1324734 0.8269657
vt 0.1314024 0.8258274
vt 0.131123 0.8239822
vt 0.1305617 0.8239494
vt 0.131785 0.8239078
vt 0.131123 0.8239822
vt 0.1314024 0.8258274
vt 0.1322963 0.8267292
vt 0.1314024 0.8258274
vt 0.1311528 0.8273606
vt 0.1311528 0.8273606
vt 0.1314024 0.8258274
vt 0.1307241 0.8256469
vt 0.1259607 0.8224661
vt 0.1267448 0.8223123
vt 0.1258872 0.8218872
vt 0.1279075 0.8280389
vt 0.127577 0.8286362
vt 0.1282052 0.8286871
vt 0.1363275 0.8331253
vt 0.1408189 0.8351821
vt 0.1425278 0.829015
vt 0.1244948 0.8186655
vt 0.1261632 0.8189999
vt 0.1267521 0.814527
vt 0.1480225 0.841005
vt 0.1465354 0.8415099
vt 0.1471287 0.8424271
vt 0.1236556 0.8465478
vt 0.1188409 0.8439345
vt 0.1177382 0.8492511
vt 0.1226953 0.8509387
vt 0.1299309 0.8522063
vt 0.1291951 0.8478385
vt 0.1283677 0.8587465
vt 0.1204691 0.8559972
vt 0.1210379 0.8622351
vt 0.09555345 0.8282431
vt 0.1009404 0.8178531
vt 0.09318965 0.8207961
vt 0.09803265 0.811354
vt 0.09318965 0.8207961
vt 0.1009404 0.8178531
vt 0.1349412 0.8475806
vt 0.1330866 0.8478694
vt 0.1354418 0.8520031
vt 0.121605 0.8193915
vt 0.1216581 0.8194039
vt 0.1227492 0.8191845
vt 0.123201 0.8191231
vt 0.1227492 0.8191845
vt 0.1244596 0.8191267
vt 0.1244275 0.8344632
vt 0.1240607 0.8359698
vt 0.1262165 0.8354343
vt 0.1239905 0.8144042
vt 0.1225494 0.8143799
vt 0.1239477 0.8186434
vt 0.1325909 0.8385741
vt 0.1299254 0.8335723
vt 0.1280014 0.8352039
vt 0.1297652 0.8332322
vt 0.129476 0.8330256
vt 0.1280319 0.8343597
vt 0.1299254 0.8335723
vt 0.1297652 0.8332322
vt 0.1280319 0.8343597
vt 0.1311689 0.8122073
vt 0.1335328 0.8079396
vt 0.1301877 0.8074416
vt 0.1215188 0.8276646
vt 0.1212243 0.8262088
vt 0.1157662 0.8277256
vt 0.1212243 0.8262088
vt 0.1215188 0.8276646
vt 0.1256557 0.825603
vt 0.1171098 0.832129
vt 0.1221243 0.8290324
vt 0.1215188 0.8276646
vt 0.1256557 0.825603
vt 0.1215188 0.8276646
vt 0.1221243 0.8290324
vt 0.124055 0.8313239
vt 0.1264955 0.8276632
vt 0.1229441 0.8302906
vt 0.1214395 0.8233241
vt 0.1211666 0.8247585
vt 0.1251825 0.8236514
vt 0.1253845 0.8245917
vt 0.1251825 0.8236514
vt 0.1211666 0.8247585
vt 0.1212243 0.8262088
vt 0.1211666 0.8247585
vt 0.115929 0.8252612
vt 0.1229441 0.8302906
vt 0.1264955 0.8276632
vt 0.1260112 0.8266438
vt 0.1186861 0.8341361
vt 0.1229441 0.8302906
vt 0.1221243 0.8290324
vt 0.1267282 0.821797
vt 0.1248901 0.8201837
vt 0.1237338 0.8206084
vt 0.1262456 0.8200056
vt 0.1248901 0.8201837
vt 0.1267282 0.821797
vt 0.1289721 0.8283436
vt 0.1289376 0.8317914
vt 0.130056 0.8309745
vt 0.1119928 0.7927754
vt 0.1022902 0.8002623
vt 0.1051157 0.8024055
vt 0.1410521 0.8428423
vt 0.1435272 0.8410312
vt 0.1426446 0.839749
vt 0.02816724 0.8667874
vt 0.06603139 0.8541453
vt 0.06378704 0.8402718
vt 0.06378704 0.8402718
vt 0.06603139 0.8541453
vt 0.08639949 0.8434794
vt 0.08639949 0.8434794
vt 0.08936536 0.8413168
vt 0.08775115 0.8394287
vt 0.02733987 0.7701879
vt 0.03615319 0.7701879
vt 0.02733987 0.7613745
vt 0.1300442 0.8060995
vt 0.1272227 0.8062098
vt 0.1301877 0.8074416
vt 0.1317277 0.8040643
vt 0.1326631 0.8039226
vt 0.1316356 0.8032359
vt 0.1335328 0.8079396
vt 0.1334722 0.8067524
vt 0.1301877 0.8074416
vt 0.1301877 0.8074416
vt 0.127406 0.8074433
vt 0.1283906 0.8107188
vt 0.123192 0.8087033
vt 0.127406 0.8074433
vt 0.1230135 0.8073421
vt 0.1295377 0.8038933
vt 0.1317277 0.8040643
vt 0.1295194 0.8029265
vt 0.1303427 0.8049402
vt 0.1272938 0.8046276
vt 0.1300442 0.8060995
vt 0.1300442 0.8060995
vt 0.1334166 0.8064249
vt 0.1303427 0.8049402
vt 0.1230135 0.8073421
vt 0.1272227 0.8062098
vt 0.1225334 0.8056552
vt 0.1264572 0.803354
vt 0.1272938 0.8046276
vt 0.1295377 0.8038933
vt 0.1264572 0.803354
vt 0.1295377 0.8038933
vt 0.1265725 0.8024121
vt 0.1231635 0.8024181
vt 0.1264572 0.803354
vt 0.1234384 0.8014367
vt 0.1213702 0.801804
vt 0.1231635 0.8024181
vt 0.1214134 0.800749
vt 0.1264572 0.803354
vt 0.1231635 0.8024181
vt 0.1272938 0.8046276
vt 0.1200675 0.8069266
vt 0.1231635 0.8024181
vt 0.1187342 0.8032433
vt 0.1283906 0.8107188
vt 0.125761 0.8097417
vt 0.1267521 0.814527
vt 0.1213702 0.801804
vt 0.1214134 0.800749
vt 0.1184829 0.7998008
vt 0.1335534 0.8057524
vt 0.1401649 0.8070459
vt 0.1355306 0.8037476
vt 0.1201704 0.8102447
vt 0.123192 0.8087033
vt 0.119635 0.8091796
vt 0.1411579 0.809455
vt 0.1401649 0.8070459
vt 0.1334166 0.8064249
vt 0.1225334 0.8056552
vt 0.1200675 0.8069266
vt 0.1230135 0.8073421
vt 0.116897 0.8009513
vt 0.1187342 0.8032433
vt 0.1184829 0.7998008
vt 0.1512806 0.8062518
vt 0.1388663 0.8027066
vt 0.1463344 0.8102951
vt 0.1189912 0.7992532
vt 0.1183643 0.7966488
vt 0.1184829 0.7998008
vt 0.1174086 0.8121825
vt 0.1201704 0.8102447
vt 0.116536 0.8114451
vt 0.133482 0.8036037
vt 0.1355306 0.8037476
vt 0.137605 0.8004611
vt 0.1334722 0.8067524
vt 0.1398684 0.8104258
vt 0.1334166 0.8064249
vt 0.1267521 0.814527
vt 0.1297502 0.8155569
vt 0.1283906 0.8107188
vt 0.1183643 0.7966488
vt 0.1197707 0.7985053
vt 0.1190162 0.7949001
vt 0.1396362 0.800231
vt 0.1415908 0.796604
vt 0.1378816 0.7967518
vt 0.1169531 0.7966278
vt 0.1183643 0.7966488
vt 0.1168801 0.794597
vt 0.1169531 0.7966278
vt 0.1145359 0.7983026
vt 0.1184829 0.7998008
vt 0.1145359 0.7983026
vt 0.1169531 0.7966278
vt 0.1137539 0.795759
vt 0.1262211 0.8192359
vt 0.1261632 0.8189999
vt 0.1246011 0.8189423
vt 0.1159189 0.7733552
vt 0.107522 0.7702199
vt 0.1147811 0.7793779
vt 0.11054 0.8067822
vt 0.1126477 0.8081496
vt 0.116897 0.8009513
vt 0.1187342 0.8032433
vt 0.1126477 0.8081496
vt 0.1200675 0.8069266
vt 0.1164594 0.7907107
vt 0.1119928 0.7927754
vt 0.1168801 0.794597
vt 0.1149511 0.7855373
vt 0.1147811 0.7793779
vt 0.1092572 0.7868714
vt 0.1119928 0.7927754
vt 0.1164594 0.7907107
vt 0.1092572 0.7868714
vt 0.1388663 0.8027066
vt 0.1512806 0.8062518
vt 0.1396362 0.800231
vt 0.116536 0.8114451
vt 0.119635 0.8091796
vt 0.1158418 0.8102181
vt 0.1396362 0.800231
vt 0.1499841 0.8024068
vt 0.1415908 0.796604
vt 0.1174086 0.8121825
vt 0.1199854 0.8149874
vt 0.1201704 0.8102447
vt 0.1244948 0.8186655
vt 0.1239477 0.8186434
vt 0.1246011 0.8189423
vt 0.133482 0.8036037
vt 0.137605 0.8004611
vt 0.1316356 0.8032359
vt 0.1332008 0.8189335
vt 0.1368643 0.8146519
vt 0.1297502 0.8155569
vt 0.1281147 0.8200301
vt 0.1281547 0.819837
vt 0.1262211 0.8192359
vt 0.1344199 0.7955405
vt 0.1336513 0.798224
vt 0.1378816 0.7967518
vt 0.1379057 0.7897713
vt 0.1394939 0.7935786
vt 0.1416835 0.7899415
vt 0.1259841 0.8194061
vt 0.1280218 0.8199521
vt 0.1262211 0.8192359
vt 0.1137738 0.8142263
vt 0.1148349 0.8147917
vt 0.116536 0.8114451
vt 0.116897 0.8009513
vt 0.1145359 0.7983026
vt 0.11054 0.8067822
vt 0.1080456 0.8052965
vt 0.1145359 0.7983026
vt 0.1051157 0.8024055
vt 0.1421025 0.7934406
vt 0.1415908 0.796604
vt 0.1483203 0.7945484
vt 0.1262456 0.8200056
vt 0.1259841 0.8194061
vt 0.1248901 0.8201837
vt 0.1278458 0.8209947
vt 0.1280218 0.8199521
vt 0.1262456 0.8200056
vt 0.1352977 0.7834073
vt 0.1379057 0.7897713
vt 0.1398234 0.7849576
vt 0.08084255 0.7715956
vt 0.0901513 0.7837458
vt 0.107522 0.7702199
vt 0.0901513 0.7837458
vt 0.09605783 0.7934815
vt 0.1076132 0.7792751
vt 0.1352977 0.7834073
vt 0.1147811 0.7793779
vt 0.130033 0.7902064
vt 0.1379057 0.7897713
vt 0.1352977 0.7834073
vt 0.1337417 0.7917119
vt 0.1234384 0.8014367
vt 0.1265725 0.8024121
vt 0.1307159 0.7953741
vt 0.1164594 0.7907107
vt 0.1190162 0.7949001
vt 0.130033 0.7902064
vt 0.1416835 0.7899415
vt 0.1421025 0.7934406
vt 0.1488806 0.7913765
vt 0.1199854 0.8149874
vt 0.1174086 0.8121825
vt 0.1175896 0.8161264
vt 0.121605 0.8193915
vt 0.123201 0.8191231
vt 0.1215852 0.8188805
vt 0.1398684 0.8104258
vt 0.1473878 0.8187309
vt 0.1411579 0.809455
vt 0.09605783 0.7934815
vt 0.1022902 0.8002623
vt 0.1092572 0.7868714
vt 0.1401649 0.8070459
vt 0.1508173 0.8173615
vt 0.1463344 0.8102951
vt 0.1199854 0.8149874
vt 0.1175896 0.8161264
vt 0.1215852 0.8188805
vt 0.1490365 0.8180825
vt 0.1508173 0.8173615
vt 0.1411579 0.809455
vt 0.1281147 0.8200301
vt 0.1296143 0.8208343
vt 0.1281547 0.819837
vt 0.1262456 0.8200056
vt 0.1275658 0.8216138
vt 0.1278458 0.8209947
vt 0.1344199 0.7955405
vt 0.1337417 0.7917119
vt 0.1307159 0.7953741
vt 0.1518017 0.7953324
vt 0.1527993 0.797012
vt 0.1529248 0.7949542
vt 0.1508865 0.7953095
vt 0.1484333 0.7978728
vt 0.1521629 0.7985107
vt 0.1518017 0.7953324
vt 0.1508865 0.7953095
vt 0.1527993 0.797012
vt 0.1296143 0.8208343
vt 0.1280218 0.8199521
vt 0.1290926 0.8215334
vt 0.1290926 0.8215334
vt 0.1278458 0.8209947
vt 0.1287584 0.82201
vt 0.1580709 0.8143608
vt 0.1512806 0.8062518
vt 0.15155 0.8170616
vt 0.1248901 0.8201837
vt 0.1244596 0.8191267
vt 0.1237338 0.8206084
vt 0.152915 0.7930241
vt 0.1520391 0.7939546
vt 0.1531001 0.7946638
vt 0.1075446 0.8112025
vt 0.1095057 0.8121064
vt 0.11054 0.8067822
vt 0.1520391 0.7939546
vt 0.1511606 0.7933941
vt 0.1518017 0.7953324
vt 0.1199662 0.819999
vt 0.121605 0.8193915
vt 0.1197656 0.8195292
vt 0.1051157 0.8024055
vt 0.1022139 0.8058617
vt 0.1080456 0.8052965
vt 0.1398234 0.7849576
vt 0.1416835 0.7899415
vt 0.1508067 0.7874295
vt 0.1508865 0.7953095
vt 0.1511606 0.7933941
vt 0.1483203 0.7945484
vt 0.1175896 0.8161264
vt 0.1148349 0.8147917
vt 0.1152911 0.8179363
vt 0.1287253 0.8220217
vt 0.1287584 0.82201
vt 0.1281952 0.821803
vt 0.1527993 0.797012
vt 0.1548856 0.7962193
vt 0.1531512 0.7952555
vt 0.1527993 0.797012
vt 0.1521629 0.7985107
vt 0.1548856 0.7962193
vt 0.1199662 0.819999
vt 0.1208692 0.8196495
vt 0.121605 0.8193915
vt 0.154826 0.7937534
vt 0.152915 0.7930241
vt 0.1534472 0.7947786
vt 0.11054 0.8067822
vt 0.1080456 0.8052965
vt 0.1075446 0.8112025
vt 0.1561218 0.7972315
vt 0.1521629 0.7985107
vt 0.1512806 0.8062518
vt 0.1227492 0.8191845
vt 0.1216581 0.8194039
vt 0.1212936 0.8201024
vt 0.152915 0.7930241
vt 0.1522427 0.7917483
vt 0.1520391 0.7939546
vt 0.1561218 0.7972315
vt 0.1512806 0.8062518
vt 0.167963 0.8098229
vt 0.1534664 0.7951434
vt 0.1548856 0.7962193
vt 0.1534472 0.7947786
vt 0.1548856 0.7962193
vt 0.1561218 0.7972315
vt 0.154826 0.7937534
vt 0.06343895 0.7787735
vt 0.07521498 0.7928892
vt 0.08084255 0.7715956
vt 0.07521498 0.7928892
vt 0.08565688 0.8028995
vt 0.0901513 0.7837458
vt 0.154826 0.7937534
vt 0.1559038 0.7927158
vt 0.152915 0.7930241
vt 0.1296143 0.8208343
vt 0.1290926 0.8215334
vt 0.1303821 0.8215314
vt 0.130195 0.822508
vt 0.1290926 0.8215334
vt 0.1296396 0.8226777
vt 0.1358382 0.8229765
vt 0.1415784 0.8209909
vt 0.1332008 0.8189335
vt 0.1511606 0.7933941
vt 0.1522427 0.7917483
vt 0.1488806 0.7913765
vt 0.1227315 0.8212668
vt 0.1237338 0.8206084
vt 0.1212936 0.8201024
vt 0.1095057 0.8121064
vt 0.1076996 0.8149207
vt 0.1128726 0.813998
vt 0.1287253 0.8220217
vt 0.1297055 0.8225546
vt 0.1287584 0.82201
vt 0.1095057 0.8121064
vt 0.1075446 0.8112025
vt 0.1076996 0.8149207
vt 0.1075446 0.8112025
vt 0.1053151 0.8102038
vt 0.1057953 0.8141308
vt 0.09526884 0.8093951
vt 0.1022902 0.8002623
vt 0.08565688 0.8028995
vt 0.1287253 0.8220217
vt 0.1292347 0.8222747
vt 0.1297055 0.8225546
vt 0.1654241 0.7988706
vt 0.1653668 0.796511
vt 0.1561218 0.7972315
vt 0.1022902 0.8002623
vt 0.09526884 0.8093951
vt 0.1022139 0.8058617
vt 0.1022139 0.8058617
vt 0.09803265 0.811354
vt 0.1053151 0.8102038
vt 0.1175896 0.8161264
vt 0.1152911 0.8179363
vt 0.1197656 0.8195292
vt 0.1125087 0.8182896
vt 0.113852 0.8161029
vt 0.1110901 0.8182942
vt 0.1237338 0.8206084
vt 0.1227315 0.8212668
vt 0.1261585 0.8220023
vt 0.1290206 0.8224006
vt 0.1292347 0.8222747
vt 0.1282653 0.8219639
vt 0.1282653 0.8219639
vt 0.1275658 0.8216138
vt 0.1273982 0.8222057
vt 0.04506546 0.7947406
vt 0.06250202 0.807265
vt 0.06343895 0.7787735
vt 0.1671968 0.7932004
vt 0.1614421 0.7895991
vt 0.1653668 0.796511
vt 0.1181597 0.8205575
vt 0.1189436 0.8207676
vt 0.1197656 0.8195292
vt 0.1596311 0.7864098
vt 0.1528958 0.7872096
vt 0.1559038 0.7927158
vt 0.1125087 0.8182896
vt 0.1110901 0.8182942
vt 0.111729 0.819738
vt 0.1165288 0.8222617
vt 0.1171209 0.8224744
vt 0.1181597 0.8205575
vt 0.1219944 0.8221335
vt 0.1227315 0.8212668
vt 0.1201273 0.8214746
vt 0.1267448 0.8223123
vt 0.1273982 0.8222057
vt 0.1261585 0.8220023
vt 0.1057953 0.8141308
vt 0.1036247 0.8132221
vt 0.103123 0.8186431
vt 0.1152911 0.8179363
vt 0.1125087 0.8182896
vt 0.1131914 0.8205603
vt 0.1165288 0.8222617
vt 0.1181597 0.8205575
vt 0.1131914 0.8205603
vt 0.1219944 0.8221335
vt 0.1253919 0.8224265
vt 0.1227315 0.8212668
vt 0.131123 0.8239822
vt 0.131785 0.8239078
vt 0.130195 0.822508
vt 0.103123 0.8186431
vt 0.105085 0.8193006
vt 0.1057953 0.8141308
vt 0.07741701 0.8152854
vt 0.08565688 0.8028995
vt 0.06250202 0.807265
vt 0.1102517 0.8203888
vt 0.1110901 0.8182942
vt 0.105085 0.8193006
vt 0.1296396 0.8226777
vt 0.1305617 0.8239494
vt 0.130195 0.822508
vt 0.1306992 0.8237005
vt 0.1305617 0.8239494
vt 0.1297055 0.8225546
vt 0.1297055 0.8225546
vt 0.1300125 0.8228329
vt 0.1306992 0.8237005
vt 0.1299453 0.822727
vt 0.1300125 0.8228329
vt 0.1290206 0.8224006
vt 0.1283584 0.822512
vt 0.1290206 0.8224006
vt 0.1273982 0.8222057
vt 0.04506546 0.7947406
vt 0.03095465 0.819645
vt 0.06250202 0.807265
vt 0.07741701 0.8152854
vt 0.09004312 0.8201768
vt 0.08565688 0.8028995
vt 0.09318965 0.8207961
vt 0.09803265 0.811354
vt 0.09004312 0.8201768
vt 0.1165288 0.8222617
vt 0.1161247 0.8227587
vt 0.1171209 0.8224744
vt 0.1300125 0.8228329
vt 0.1299453 0.822727
vt 0.1306068 0.8235035
vt 0.1283584 0.822512
vt 0.1273982 0.8222057
vt 0.1276307 0.8227427
vt 0.1219944 0.8221335
vt 0.1171209 0.8224744
vt 0.1214395 0.8233241
vt 0.1083397 0.8279057
vt 0.1105541 0.8237366
vt 0.1102517 0.8203888
vt 0.1267609 0.8230786
vt 0.1259607 0.8224661
vt 0.1251825 0.8236514
vt 0.1148114 0.8252516
vt 0.1161247 0.8227587
vt 0.1116642 0.8239586
vt 0.1116642 0.8239586
vt 0.1131914 0.8205603
vt 0.1105541 0.8237366
vt 0.1276307 0.8227427
vt 0.1267448 0.8223123
vt 0.1267609 0.8230786
vt 0.1298617 0.8224023
vt 0.1299453 0.822727
vt 0.1283584 0.822512
vt 0.03095465 0.819645
vt 0.02802509 0.8271531
vt 0.05300313 0.8268358
vt 0.1214395 0.8233241
vt 0.1165571 0.8229786
vt 0.1211666 0.8247585
vt 0.103123 0.8186431
vt 0.1009404 0.8178531
vt 0.09854257 0.8281996
vt 0.06250202 0.807265
vt 0.05300313 0.8268358
vt 0.07741701 0.8152854
vt 0.07175636 0.8309849
vt 0.08618521 0.8336277
vt 0.07741701 0.8152854
vt 0.08618521 0.8336277
vt 0.08908957 0.8335189
vt 0.09004312 0.8201768
vt 0.1298617 0.8224023
vt 0.1283584 0.822512
vt 0.1287941 0.8228919
vt 0.1011729 0.8284299
vt 0.105085 0.8193006
vt 0.09854257 0.8281996
vt 0.06543087 0.831987
vt 0.02802509 0.8271531
vt 0.06378704 0.8402718
vt 0.06378704 0.8402718
vt 0.0851202 0.838451
vt 0.06543087 0.831987
vt 0.08618521 0.8336277
vt 0.07175636 0.8309849
vt 0.08876603 0.8358853
vt 0.1299453 0.822727
vt 0.1298617 0.8224023
vt 0.1308062 0.8230981
vt 0.1102517 0.8203888
vt 0.105085 0.8193006
vt 0.1069896 0.8286751
vt 0.1287941 0.8228919
vt 0.1276307 0.8227427
vt 0.1276423 0.8235773
vt 0.1251825 0.8236514
vt 0.1253845 0.8245917
vt 0.1267609 0.8230786
vt 0.1116642 0.8239586
vt 0.1107037 0.8279627
vt 0.1148114 0.8252516
vt 0.1105541 0.8237366
vt 0.1096376 0.8281803
vt 0.1116642 0.8239586
vt 0.1298617 0.8224023
vt 0.1287941 0.8228919
vt 0.1327174 0.8211561
vt 0.09056937 0.8396021
vt 0.0946877 0.8382201
vt 0.08876603 0.8358853
vt 0.1148114 0.8252516
vt 0.1140909 0.8279911
vt 0.1155033 0.8253196
vt 0.0946877 0.8382201
vt 0.09813177 0.8369852
vt 0.09555345 0.8282431
vt 0.1012526 0.8358329
vt 0.1011729 0.8284299
vt 0.09813177 0.8369852
vt 0.1287941 0.8228919
vt 0.1276423 0.8235773
vt 0.1299114 0.8231389
vt 0.1011729 0.8284299
vt 0.1012526 0.8358329
vt 0.1069896 0.8286751
vt 0.1083397 0.8279057
vt 0.1069896 0.8286751
vt 0.1084978 0.833118
vt 0.1114723 0.8318953
vt 0.1107037 0.8279627
vt 0.1102977 0.8323992
vt 0.1143479 0.8308102
vt 0.1140909 0.8279911
vt 0.1114723 0.8318953
vt 0.1276423 0.8235773
vt 0.1253845 0.8245917
vt 0.1282984 0.8241495
vt 0.1148927 0.8305269
vt 0.1149286 0.8278384
vt 0.1143479 0.8308102
vt 0.1689385 0.8350773
vt 0.1675181 0.8316104
vt 0.1652296 0.8347711
vt 0.1490365 0.8180825
vt 0.1498173 0.8301759
vt 0.1508173 0.8173615
vt 0.1490365 0.8180825
vt 0.1473878 0.8187309
vt 0.1498173 0.8301759
vt 0.1695927 0.8343586
vt 0.1689655 0.8323541
vt 0.1689385 0.8350773
vt 0.170803 0.8315669
vt 0.1709331 0.8301192
vt 0.1689655 0.8323541
vt 0.1673942 0.8374189
vt 0.1700663 0.8393949
vt 0.1689385 0.8350773
vt 0.1714488 0.8350541
vt 0.1695927 0.8343586
vt 0.1720523 0.8365477
vt 0.1626934 0.8291662
vt 0.1709331 0.8301192
vt 0.1718936 0.8180029
vt 0.163358 0.8427621
vt 0.1673942 0.8374189
vt 0.1605552 0.8405462
vt 0.1626934 0.8291662
vt 0.1561731 0.8389143
vt 0.1652296 0.8347711
vt 0.1425278 0.829015
vt 0.1415784 0.8209909
vt 0.136581 0.8278635
vt 0.172347 0.833264
vt 0.1737764 0.8332592
vt 0.170803 0.8315669
vt 0.172347 0.833264
vt 0.1714488 0.8350541
vt 0.1737764 0.8332592
vt 0.159534 0.8248666
vt 0.1535475 0.8374745
vt 0.1626934 0.8291662
vt 0.1521825 0.8358792
vt 0.1535475 0.8374745
vt 0.1530684 0.8257929
vt 0.175965 0.8391635
vt 0.1720523 0.8365477
vt 0.1744109 0.8407369
vt 0.163358 0.8427621
vt 0.1657067 0.8458731
vt 0.1673942 0.8374189
vt 0.1689655 0.8323541
vt 0.1695927 0.8343586
vt 0.1703955 0.8331765
vt 0.1704691 0.8334779
vt 0.1695927 0.8343586
vt 0.1707555 0.833567
vt 0.1611551 0.8446009
vt 0.1605552 0.8405462
vt 0.1573963 0.8431517
vt 0.1737764 0.8332592
vt 0.1792991 0.8252907
vt 0.1709331 0.8301192
vt 0.1480047 0.8302558
vt 0.1425278 0.829015
vt 0.1449602 0.8368741
vt 0.1807387 0.8349457
vt 0.1796172 0.8317474
vt 0.175965 0.8391635
vt 0.1510256 0.8328596
vt 0.1468684 0.838682
vt 0.1521825 0.8358792
vt 0.1681599 0.8511977
vt 0.1744109 0.8407369
vt 0.1657067 0.8458731
vt 0.1737764 0.8332592
vt 0.1796172 0.8317474
vt 0.1792991 0.8252907
vt 0.170803 0.8315669
vt 0.1689655 0.8323541
vt 0.1706596 0.8330685
vt 0.1714488 0.8350541
vt 0.172347 0.833264
vt 0.1707555 0.833567
vt 0.1556431 0.8468011
vt 0.1573963 0.8431517
vt 0.152899 0.845179
vt 0.1305617 0.8239494
vt 0.1306992 0.8237005
vt 0.1307241 0.8256469
vt 0.1628788 0.8489281
vt 0.1657067 0.8458731
vt 0.1611551 0.8446009
vt 0.1706596 0.8330685
vt 0.1708787 0.8333058
vt 0.170803 0.8315669
vt 0.1458667 0.8379404
vt 0.1461322 0.8383233
vt 0.1480047 0.8302558
vt 0.1468684 0.838682
vt 0.1510256 0.8328596
vt 0.1461322 0.8383233
vt 0.152899 0.845179
vt 0.1543679 0.8402159
vt 0.1481655 0.8411645
vt 0.1306068 0.8235035
vt 0.1306694 0.8245797
vt 0.1306992 0.8237005
vt 0.1306694 0.8245797
vt 0.1306068 0.8235035
vt 0.1305405 0.8243514
vt 0.1480225 0.841005
vt 0.1481655 0.8411645
vt 0.148209 0.8411241
vt 0.1659393 0.8561326
vt 0.1681599 0.8511977
vt 0.1628788 0.8489281
vt 0.1324734 0.8269657
vt 0.1317034 0.830036
vt 0.136581 0.8278635
vt 0.1468684 0.838682
vt 0.1461322 0.8383233
vt 0.1465354 0.8415099
vt 0.1556431 0.8468011
vt 0.1527054 0.8499174
vt 0.1580706 0.8506063
vt 0.1561598 0.8547515
vt 0.1659393 0.8561326
vt 0.1580706 0.8506063
vt 0.02816724 0.8667874
vt 0.02886062 0.8875134
vt 0.06603139 0.8541453
vt 0.1449602 0.8368741
vt 0.1426446 0.839749
vt 0.1458667 0.8379404
vt 0.1387577 0.8382314
vt 0.1426446 0.839749
vt 0.1408189 0.8351821
vt 0.1307241 0.8256469
vt 0.130773 0.8253956
vt 0.1304696 0.826845
vt 0.1439397 0.8429476
vt 0.1461322 0.8383233
vt 0.1435272 0.8410312
vt 0.1448515 0.8434368
vt 0.1455644 0.844296
vt 0.1465354 0.8415099
vt 0.1303809 0.8266838
vt 0.130773 0.8253956
vt 0.1305568 0.8258404
vt 0.07018309 0.8617948
vt 0.02886062 0.8875134
vt 0.05655318 0.8744159
vt 0.1327174 0.8211561
vt 0.1304079 0.8239603
vt 0.1308062 0.8230981
vt 0.06603139 0.8541453
vt 0.07018309 0.8617948
vt 0.08639949 0.8434794
vt 0.08946299 0.8413027
vt 0.08936536 0.8413168
vt 0.09082573 0.8437074
vt 0.08891481 0.8471521
vt 0.09082573 0.8437074
vt 0.07605481 0.8584703
vt 0.1305568 0.8258404
vt 0.1306694 0.8245797
vt 0.1301984 0.8256823
vt 0.1303809 0.8266838
vt 0.1305568 0.8258404
vt 0.1300281 0.826913
vt 0.142768 0.8462289
vt 0.1435275 0.8469145
vt 0.1448515 0.8434368
vt 0.1448515 0.8434368
vt 0.1439397 0.8429476
vt 0.142768 0.8462289
vt 0.1315968 0.8295342
vt 0.1316937 0.8297927
vt 0.1321684 0.8278835
vt 0.1304654 0.8286548
vt 0.1315968 0.8295342
vt 0.1311528 0.8273606
vt 0.1375826 0.8410302
vt 0.1404006 0.8417486
vt 0.1387577 0.8382314
vt 0.1659393 0.8561326
vt 0.1561598 0.8547515
vt 0.1524898 0.8763776
vt 0.1498457 0.8793704
vt 0.1571819 0.8844784
vt 0.1524898 0.8763776
vt 0.1304696 0.826845
vt 0.1303809 0.8266838
vt 0.1301165 0.8274433
vt 0.1527054 0.8499174
vt 0.1435858 0.8592465
vt 0.1561598 0.8547515
vt 0.1524898 0.8763776
vt 0.1476379 0.8708888
vt 0.1498457 0.8793704
vt 0.07231932 0.91862536
vt 0.08138412 0.8906645
vt 0.03128957 0.9002896
vt 0.08138412 0.8906645
vt 0.09168803 0.8715047
vt 0.05655318 0.8744159
vt 0.1404517 0.8498563
vt 0.1412944 0.8507227
vt 0.142768 0.8462289
vt 0.1304696 0.826845
vt 0.1301165 0.8274433
vt 0.1311528 0.8273606
vt 0.08138412 0.8906645
vt 0.07231932 0.91862536
vt 0.1063438 0.8956104
vt 0.1425457 0.8657916
vt 0.1450896 0.8724893
vt 0.144802 0.8650274
vt 0.142768 0.8462289
vt 0.1414525 0.8451521
vt 0.1404517 0.8498563
vt 0.1293316 0.891852
vt 0.1362305 0.90688199
vt 0.1498457 0.8793704
vt 0.1416751 0.8580043
vt 0.1435858 0.8592465
vt 0.1414533 0.8550241
vt 0.140793 0.8515932
vt 0.1414533 0.8550241
vt 0.1412944 0.8507227
vt 0.1010164 0.8464497
vt 0.0946877 0.8382201
vt 0.09082573 0.8437074
vt 0.1035318 0.8443547
vt 0.09813177 0.8369852
vt 0.1010164 0.8464497
vt 0.08891481 0.8471521
vt 0.07605481 0.8584703
vt 0.100683 0.8580767
vt 0.1398812 0.8508865
vt 0.140793 0.8515932
vt 0.1404517 0.8498563
vt 0.1301984 0.8256823
vt 0.1305405 0.8243514
vt 0.129483 0.8257641
vt 0.1391952 0.8542784
vt 0.1404203 0.859109
vt 0.1400271 0.8544294
vt 0.1398812 0.8508865
vt 0.1392455 0.8531515
vt 0.140793 0.8515932
vt 0.1392455 0.8531515
vt 0.1391952 0.8542784
vt 0.1400793 0.8534766
vt 0.1077873 0.9186253
vt 0.1362305 0.90688199
vt 0.1063438 0.8956104
vt 0.1088734 0.8778199
vt 0.09168803 0.8715047
vt 0.1063438 0.8956104
vt 0.1375826 0.8410302
vt 0.1387577 0.8382314
vt 0.1337274 0.8375165
vt 0.1410521 0.8428423
vt 0.1370674 0.8450677
vt 0.1414525 0.8451521
vt 0.1410521 0.8428423
vt 0.1404006 0.8417486
vt 0.1370674 0.8450677
vt 0.1076846 0.833514
vt 0.1012526 0.8358329
vt 0.1100968 0.8381076
vt 0.0919016 0.8456016
vt 0.1034127 0.8552114
vt 0.1010164 0.8464497
vt 0.1346101 0.8360152
vt 0.1363275 0.8331253
vt 0.1308172 0.8321701
vt 0.1316937 0.8297927
vt 0.130674 0.8318716
vt 0.1317034 0.830036
vt 0.1450896 0.8724893
vt 0.1267445 0.8785849
vt 0.1498457 0.8793704
vt 0.1267445 0.8785849
vt 0.1450896 0.8724893
vt 0.1267725 0.8676976
vt 0.09168803 0.8715047
vt 0.1088734 0.8778199
vt 0.100683 0.8580767
vt 0.1293316 0.891852
vt 0.1267445 0.8785849
vt 0.1063438 0.8956104
vt 0.1404517 0.8498563
vt 0.1378778 0.8468934
vt 0.1398812 0.8508865
vt 0.1130933 0.8645983
vt 0.1131569 0.8601446
vt 0.100683 0.8580767
vt 0.1130933 0.8645983
vt 0.1088734 0.8778199
vt 0.1267725 0.8676976
vt 0.1131569 0.8601446
vt 0.1130933 0.8645983
vt 0.1210379 0.8622351
vt 0.1316937 0.8297927
vt 0.1315968 0.8295342
vt 0.130674 0.8318716
vt 0.1256557 0.825603
vt 0.1260112 0.8266438
vt 0.1282984 0.8241495
vt 0.1391952 0.8542784
vt 0.1355683 0.8553321
vt 0.1404203 0.859109
vt 0.1301165 0.8274433
vt 0.1297587 0.8277485
vt 0.1304654 0.8286548
vt 0.1337274 0.8375165
vt 0.1325909 0.8385741
vt 0.1375826 0.8410302
vt 0.1143479 0.8308102
vt 0.1114723 0.8318953
vt 0.1158222 0.8331982
vt 0.1148927 0.8305269
vt 0.1143479 0.8308102
vt 0.1164612 0.8326909
vt 0.1148927 0.8305269
vt 0.1164612 0.8326909
vt 0.1161824 0.8300042
vt 0.1300281 0.826913
vt 0.129842 0.8279464
vt 0.130043 0.8272563
vt 0.1391952 0.8542784
vt 0.1378324 0.8515312
vt 0.1355683 0.8553321
vt 0.1300281 0.826913
vt 0.1301984 0.8256823
vt 0.1291089 0.8271851
vt 0.1283677 0.8587465
vt 0.1274533 0.8634444
vt 0.1356166 0.8592584
vt 0.111743 0.8493884
vt 0.1035318 0.8443547
vt 0.1103375 0.851788
vt 0.1308172 0.8321701
vt 0.1304632 0.8328701
vt 0.1346101 0.8360152
vt 0.130674 0.8318716
vt 0.1302554 0.8325537
vt 0.1308172 0.8321701
vt 0.1364594 0.8436691
vt 0.1325909 0.8385741
vt 0.1340639 0.8444247
vt 0.1281845 0.8253105
vt 0.1260112 0.8266438
vt 0.1279787 0.8266824
vt 0.128566 0.8275375
vt 0.1291089 0.8271851
vt 0.1287966 0.8261645
vt 0.1355683 0.8553321
vt 0.1293283 0.8552208
vt 0.1356166 0.8592584
vt 0.1035318 0.8443547
vt 0.111743 0.8493884
vt 0.1058042 0.8424777
vt 0.1289721 0.8283436
vt 0.129842 0.8279464
vt 0.1291089 0.8271851
vt 0.1164612 0.8326909
vt 0.1158222 0.8331982
vt 0.1186861 0.8341361
vt 0.1158222 0.8331982
vt 0.1130698 0.8355839
vt 0.1180183 0.8350648
vt 0.1354418 0.8520031
vt 0.1299309 0.8522063
vt 0.1355683 0.8553321
vt 0.1354418 0.8520031
vt 0.1330866 0.8478694
vt 0.1299309 0.8522063
vt 0.115352 0.853802
vt 0.1131569 0.8601446
vt 0.1204691 0.8559972
vt 0.1130405 0.8472806
vt 0.1146488 0.841615
vt 0.1058042 0.8424777
vt 0.1303388 0.8317576
vt 0.129476 0.8330256
vt 0.1302554 0.8325537
vt 0.1165527 0.8513724
vt 0.111743 0.8493884
vt 0.115352 0.853802
vt 0.1289721 0.8283436
vt 0.1291089 0.8271851
vt 0.1283836 0.8285269
vt 0.1299254 0.8335723
vt 0.1304632 0.8328701
vt 0.1297652 0.8332322
vt 0.1337274 0.8375165
vt 0.1304632 0.8328701
vt 0.1325909 0.8385741
vt 0.1121065 0.8362831
vt 0.1113537 0.8374929
vt 0.1161282 0.838471
vt 0.1288675 0.8462101
vt 0.1291951 0.8478385
vt 0.1328568 0.846014
vt 0.1288675 0.8462101
vt 0.1328568 0.846014
vt 0.1287772 0.8448443
vt 0.129476 0.8330256
vt 0.1303388 0.8317576
vt 0.1289376 0.8317914
vt 0.1279075 0.8280389
vt 0.128566 0.8275375
vt 0.1279787 0.8266824
vt 0.127577 0.8286362
vt 0.1279075 0.8280389
vt 0.1264955 0.8276632
vt 0.1177382 0.8492511
vt 0.1130405 0.8472806
vt 0.1165527 0.8513724
vt 0.1293283 0.8552208
vt 0.1216801 0.853313
vt 0.1283677 0.8587465
vt 0.1216801 0.853313
vt 0.1165527 0.8513724
vt 0.1204691 0.8559972
vt 0.1188409 0.8439345
vt 0.1190313 0.8424148
vt 0.1151597 0.8412533
vt 0.1289376 0.8317914
vt 0.1289721 0.8283436
vt 0.1277479 0.8322529
vt 0.1299309 0.8522063
vt 0.1226953 0.8509387
vt 0.1293283 0.8552208
vt 0.1280319 0.8343597
vt 0.129476 0.8330256
vt 0.1277479 0.8322529
vt 0.1196411 0.840441
vt 0.1205902 0.836233
vt 0.1161282 0.838471
vt 0.1226953 0.8509387
vt 0.1177382 0.8492511
vt 0.1216801 0.853313
vt 0.1186861 0.8341361
vt 0.1208438 0.8355923
vt 0.1229441 0.8302906
vt 0.1264955 0.8276632
vt 0.124055 0.8313239
vt 0.127577 0.8286362
vt 0.1244777 0.8456862
vt 0.1236556 0.8465478
vt 0.1288675 0.8462101
vt 0.1177382 0.8492511
vt 0.1188409 0.8439345
vt 0.1130405 0.8472806
vt 0.1282052 0.8286871
vt 0.126497 0.8323749
vt 0.1283836 0.8285269
vt 0.1282052 0.8286871
vt 0.127577 0.8286362
vt 0.126497 0.8323749
vt 0.1287772 0.8448443
vt 0.1290607 0.8404322
vt 0.127428 0.8447486
vt 0.1262858 0.8412187
vt 0.1290607 0.8404322
vt 0.1256961 0.8364101
vt 0.1288675 0.8462101
vt 0.127428 0.8447486
vt 0.1244777 0.8456862
vt 0.1205902 0.836233
vt 0.1221888 0.8366929
vt 0.1208438 0.8355923
vt 0.126497 0.8323749
vt 0.1262797 0.8346144
vt 0.1277479 0.8322529
vt 0.1229212 0.8438316
vt 0.1249091 0.8444027
vt 0.1231464 0.8412798
vt 0.1238945 0.8366761
vt 0.1221888 0.8366929
vt 0.1231464 0.8412798
vt 0.1280319 0.8343597
vt 0.1262165 0.8354343
vt 0.1280014 0.8352039
vt 0.1208438 0.8355923
vt 0.1244275 0.8344632
vt 0.124055 0.8313239
vt 0.1252495 0.8320726
vt 0.1244275 0.8344632
vt 0.126497 0.8323749
vt 0.1262165 0.8354343
vt 0.1240607 0.8359698
vt 0.1256961 0.8364101
vt 0.1238945 0.8366761
vt 0.1231464 0.8412798
vt 0.1256961 0.8364101
vt 0.1282984 0.8241495
vt 0.1281845 0.8253105
vt 0.1299114 0.8231389
vt 0.1327174 0.8211561
vt 0.1299114 0.8231389
vt 0.1304079 0.8239603
vt 0.1287966 0.8261645
vt 0.129483 0.8257641
vt 0.1292454 0.8246536
vt 0.1279787 0.8266824
vt 0.1287966 0.8261645
vt 0.1281845 0.8253105
vt 0.1239477 0.8186434
vt 0.1225494 0.8143799
vt 0.1215852 0.8188805
vt 0.1058042 0.8424777
vt 0.1012526 0.8358329
vt 0.1035318 0.8443547
vt 0.1157662 0.8277256
vt 0.1149286 0.8278384
vt 0.1161824 0.8300042
vt 0.1155033 0.8253196
vt 0.1149286 0.8278384
vt 0.115929 0.8252612
vt 0.1221888 0.8366929
vt 0.1238945 0.8366761
vt 0.1229183 0.8360371
vt 0.1305082 0.8214751
vt 0.1303821 0.8215314
vt 0.1319845 0.8239905
vt 0.131785 0.8239078
vt 0.1322963 0.8267292
vt 0.1319845 0.8239905
vt 0.1161247 0.8227587
vt 0.1148114 0.8252516
vt 0.1165571 0.8229786
vt 0.1186861 0.8341361
vt 0.1180183 0.8350648
vt 0.1208438 0.8355923
vt 0.1219944 0.8221335
vt 0.1214395 0.8233241
vt 0.1253919 0.8224265
vt 0.1076846 0.833514
vt 0.1100968 0.8381076
vt 0.1084978 0.833118
vt 0.1102977 0.8323992
vt 0.1084978 0.833118
vt 0.1121065 0.8362831
vt 0.1083397 0.8279057
vt 0.1084978 0.833118
vt 0.1096376 0.8281803
vt 0.1121065 0.8362831
vt 0.1130698 0.8355839
vt 0.1102977 0.8323992
vt 0.1161282 0.838471
vt 0.1152967 0.8396821
vt 0.1196411 0.840441
vt 0.1244777 0.8456862
vt 0.1229212 0.8438316
vt 0.1188409 0.8439345
vt 0.1196411 0.840441
vt 0.1190313 0.8424148
vt 0.1231464 0.8412798
vt 0.1267521 0.814527
vt 0.1261632 0.8189999
vt 0.1297502 0.8155569
vt 0.1137738 0.8142263
vt 0.116536 0.8114451
vt 0.1128726 0.813998
vt 0.08891481 0.8471521
vt 0.100683 0.8580767
vt 0.0919016 0.8456016
vt 0.1349412 0.8475806
vt 0.1378778 0.8468934
vt 0.1349728 0.8457487
vt 0.1370674 0.8450677
vt 0.1364594 0.8436691
vt 0.1349728 0.8457487
vt 0.1330866 0.8478694
vt 0.1349412 0.8475806
vt 0.1328568 0.846014
vt 0.1435272 0.8410312
vt 0.1410521 0.8428423
vt 0.1439397 0.8429476
vt 0.1398684 0.8104258
vt 0.1335328 0.8079396
vt 0.1368643 0.8146519
vt 0.1473878 0.8187309
vt 0.1415784 0.8209909
vt 0.1480047 0.8302558
vt 0.1368643 0.8146519
vt 0.1415784 0.8209909
vt 0.1398684 0.8104258
vt 0.1297502 0.8155569
vt 0.1281547 0.819837
vt 0.1332008 0.8189335
vt 0.1151597 0.8412533
vt 0.1113537 0.8374929
vt 0.1146488 0.841615
vt 0.0851202 0.838451
vt 0.08775115 0.8394287
vt 0.08876603 0.8358853
vt 0.1414113 0.8615973
vt 0.1435858 0.8592465
vt 0.1404203 0.859109
vt 0.1326631 0.8039226
vt 0.1317277 0.8040643
vt 0.1335534 0.8057524
vt 0.1510256 0.8328596
vt 0.1530684 0.8257929
vt 0.1508173 0.8173615
vt 0.1580709 0.8143608
vt 0.15155 0.8170616
vt 0.159534 0.8248666
vt 0.1095057 0.8121064
vt 0.1128726 0.813998
vt 0.1126477 0.8081496
vt 0.1034127 0.8552114
vt 0.1131569 0.8601446
vt 0.1103375 0.851788
vt 0.1225494 0.8143799
vt 0.1239905 0.8144042
vt 0.1201704 0.8102447
vt 0.1332008 0.8189335
vt 0.1305082 0.8214751
vt 0.1358382 0.8229765
vt 0.136581 0.8278635
vt 0.1358382 0.8229765
vt 0.1324734 0.8269657
vt 0.1307241 0.8256469
vt 0.1314024 0.8258274
vt 0.1305617 0.8239494
vt 0.1322963 0.8267292
vt 0.131785 0.8239078
vt 0.1314024 0.8258274
vt 0.1321684 0.8278835
vt 0.1322963 0.8267292
vt 0.1311528 0.8273606
vt 0.1304696 0.826845
vt 0.1311528 0.8273606
vt 0.1307241 0.8256469
vt 0.1253919 0.8224265
vt 0.1259607 0.8224661
vt 0.1258872 0.8218872
vt 0.128566 0.8275375
vt 0.1279075 0.8280389
vt 0.1282052 0.8286871
vt 0.136581 0.8278635
vt 0.1363275 0.8331253
vt 0.1425278 0.829015
vt 0.1239905 0.8144042
vt 0.1244948 0.8186655
vt 0.1267521 0.814527
vt 0.1481655 0.8411645
vt 0.1480225 0.841005
vt 0.1471287 0.8424271
vt 0.1226953 0.8509387
vt 0.1236556 0.8465478
vt 0.1177382 0.8492511
vt 0.1236556 0.8465478
vt 0.1226953 0.8509387
vt 0.1291951 0.8478385
vt 0.1274533 0.8634444
vt 0.1283677 0.8587465
vt 0.1210379 0.8622351
vt 0.08908957 0.8335189
vt 0.09555345 0.8282431
vt 0.09318965 0.8207961
vt 0.1036247 0.8132221
vt 0.09803265 0.811354
vt 0.1009404 0.8178531
vt 0.1378324 0.8515312
vt 0.1349412 0.8475806
vt 0.1354418 0.8520031
vt 0.123201 0.8191231
vt 0.121605 0.8193915
vt 0.1227492 0.8191845
vt 0.1246011 0.8189423
vt 0.123201 0.8191231
vt 0.1244596 0.8191267
vt 0.1262797 0.8346144
vt 0.1244275 0.8344632
vt 0.1262165 0.8354343
vt 0.1244948 0.8186655
vt 0.1239905 0.8144042
vt 0.1239477 0.8186434
vt 0.1280014 0.8352039
vt 0.1299254 0.8335723
vt 0.1280319 0.8343597
vt 0.1283906 0.8107188
vt 0.1311689 0.8122073
vt 0.1301877 0.8074416
vt 0.1161824 0.8300042
vt 0.1215188 0.8276646
vt 0.1157662 0.8277256
vt 0.1253845 0.8245917
vt 0.1212243 0.8262088
vt 0.1256557 0.825603
vt 0.1161824 0.8300042
vt 0.1171098 0.832129
vt 0.1215188 0.8276646
vt 0.1260112 0.8266438
vt 0.1256557 0.825603
vt 0.1221243 0.8290324
vt 0.1212243 0.8262088
vt 0.1253845 0.8245917
vt 0.1211666 0.8247585
vt 0.1157662 0.8277256
vt 0.1212243 0.8262088
vt 0.115929 0.8252612
vt 0.1221243 0.8290324
vt 0.1229441 0.8302906
vt 0.1260112 0.8266438
vt 0.1171098 0.832129
vt 0.1186861 0.8341361
vt 0.1221243 0.8290324
vt 0.1261585 0.8220023
vt 0.1267282 0.821797
vt 0.1237338 0.8206084
vt 0.1275658 0.8216138
vt 0.1262456 0.8200056
vt 0.1267282 0.821797
vt 0.129842 0.8279464
vt 0.1289721 0.8283436
vt 0.130056 0.8309745
vt 0.1137539 0.795759
vt 0.1119928 0.7927754
vt 0.1051157 0.8024055
vt 0.1404006 0.8417486
vt 0.1410521 0.8428423
vt 0.1426446 0.839749
vt 0.02733987 0.8427027
vt 0.02816724 0.8667874
vt 0.06378704 0.8402718
vt 0.0851202 0.838451
vt 0.06378704 0.8402718
vt 0.08639949 0.8434794
vt 0.0851202 0.838451
vt 0.08639949 0.8434794
vt 0.08775115 0.8394287
usemtl Lfindger13UV
f 1/1 2/2 3/3
f 5/4 6/5 7/6
f 9/7 10/8 11/9
f 13/10 9/11 14/12
f 16/13 8/14 7/15
f 16/16 17/17 8/18
f 6/19 18/20 19/21
f 6/22 5/23 20/24
f 22/25 12/26 23/27
f 12/28 14/29 24/30
f 14/31 9/32 11/33
f 25/34 5/35 8/36
f 17/37 26/38 22/39
f 9/40 26/41 10/42
f 13/43 26/44 9/45
f 5/46 25/47 27/48
f 25/49 22/50 23/51
f 23/52 24/53 29/54
f 28/55 29/56 31/57
f 30/58 31/59 33/60
f 30/61 27/62 25/63
f 30/64 32/65 35/66
f 18/67 36/68 37/69
f 21/70 36/71 18/72
f 33/73 38/74 39/75
f 40/76 41/77 10/78
f 21/79 20/80 42/81
f 40/82 26/83 17/84
f 45/85 38/86 33/87
f 30/88 34/89 27/90
f 34/91 42/92 20/93
f 35/94 32/95 39/96
f 40/97 47/98 41/99
f 49/100 41/101 47/102
f 50/103 38/104 45/105
f 50/106 51/107 39/108
f 43/109 42/110 52/111
f 10/112 49/113 54/114
f 55/115 56/116 54/117
f 57/118 44/119 17/120
f 58/121 59/122 19/123
f 45/124 60/125 61/126
f 62/127 63/128 56/129
f 50/130 61/131 64/132
f 65/133 46/134 39/135
f 51/136 64/137 66/138
f 68/139 69/140 70/141
f 71/142 72/143 73/144
f 76/145 35/146 46/147
f 76/148 77/149 34/150
f 78/151 66/152 64/153
f 73/154 72/155 81/156
f 79/157 80/158 81/159
f 48/160 82/161 55/162
f 42/163 34/164 77/165
f 82/166 83/167 62/168
f 84/169 85/170 43/171
f 86/172 87/173 70/174
f 54/175 88/176 14/177
f 90/178 59/179 58/180
f 70/181 91/182 67/183
f 92/184 91/185 70/186
f 94/187 68/188 67/189
f 88/190 54/191 56/192
f 63/193 96/194 97/195
f 99/196 93/197 67/198
f 101/199 53/200 52/201
f 65/202 102/203 75/204
f 65/205 66/206 103/207
f 62/208 83/209 104/210
f 91/211 92/212 106/213
f 99/214 91/215 105/216
f 98/217 97/218 109/219
f 111/220 72/221 71/222
f 112/223 81/224 72/225
f 73/226 80/227 113/228
f 108/229 113/230 114/231
f 29/232 88/233 60/234
f 33/235 60/236 45/237
f 61/238 60/239 113/240
f 96/241 104/242 115/243
f 53/244 101/245 116/246
f 87/247 86/248 118/249
f 119/250 120/251 44/252
f 121/253 78/254 81/255
f 122/256 123/257 47/258
f 116/259 124/260 118/261
f 122/262 40/263 44/264
f 125/265 126/266 94/267
f 127/268 128/269 107/270
f 79/271 113/272 80/273
f 114/274 113/275 60/276
f 130/277 131/278 132/279
f 83/280 82/281 134/282
f 133/283 134/284 130/285
f 99/286 107/287 135/288
f 107/289 128/290 136/291
f 48/292 47/293 123/294
f 128/295 127/296 138/297
f 92/298 139/299 140/300
f 127/301 141/302 138/303
f 143/304 132/305 144/306
f 145/307 76/308 75/309
f 147/310 133/311 129/312
f 117/313 118/314 124/315
f 149/316 150/317 102/318
f 97/319 115/320 151/321
f 147/322 115/323 104/324
f 101/325 152/326 153/327
f 136/328 128/329 138/330
f 155/331 156/332 131/333
f 134/334 157/335 155/336
f 126/337 125/338 158/339
f 159/340 160/341 117/342
f 142/343 144/344 162/345
f 102/346 150/347 146/348
f 152/349 101/350 100/351
f 134/352 82/353 48/354
f 160/355 159/356 163/357
f 164/358 147/359 143/360
f 48/361 165/362 166/363
f 155/364 161/365 162/366
f 157/367 167/368 161/369
f 169/370 111/371 110/372
f 170/373 112/374 111/375
f 167/376 164/377 142/378
f 135/379 171/380 158/381
f 135/382 136/383 172/384
f 173/385 90/386 89/387
f 164/388 151/389 115/390
f 140/391 139/392 163/393
f 176/394 177/395 178/396
f 179/397 172/398 136/399
f 146/400 180/401 176/402
f 150/403 181/404 180/405
f 121/406 112/407 170/408
f 183/409 151/410 164/411
f 184/412 185/413 179/414
f 186/415 167/416 157/417
f 182/418 188/419 149/420
f 188/421 181/422 150/423
f 153/424 189/425 124/426
f 152/427 100/428 177/429
f 175/430 191/431 192/432
f 193/433 194/434 148/435
f 184/436 154/437 141/438
f 127/439 196/440 197/441
f 148/442 194/443 163/444
f 198/445 169/446 168/447
f 201/448 167/449 186/450
f 193/451 148/452 124/453
f 202/454 194/455 193/456
f 183/457 164/458 167/459
f 203/460 167/461 201/462
f 177/463 204/464 205/465
f 202/466 193/467 189/468
f 175/469 163/470 194/471
f 197/472 196/473 192/474
f 191/475 208/476 192/477
f 181/478 209/479 210/480
f 190/481 205/482 211/483
f 189/484 153/485 211/486
f 212/487 191/488 175/489
f 213/490 158/491 171/492
f 215/493 176/494 180/495
f 170/496 169/497 198/498
f 177/499 176/500 215/501
f 217/502 214/503 171/504
f 217/505 172/506 179/507
f 185/508 219/509 218/510
f 207/511 194/512 202/513
f 185/514 184/515 195/516
f 195/517 141/518 197/519
f 222/520 223/521 198/522
f 224/523 182/524 170/525
f 188/526 182/527 224/528
f 226/529 227/530 202/531
f 220/532 228/533 219/534
f 197/535 208/536 229/537
f 202/538 227/539 230/540
f 232/541 205/542 204/543
f 234/544 212/545 235/546
f 226/547 211/548 237/549
f 211/550 205/551 232/552
f 208/553 234/554 233/555
f 220/556 195/557 221/558
f 239/559 240/560 223/561
f 227/562 241/563 242/564
f 209/565 243/566 244/567
f 223/568 245/569 216/570
f 246/571 224/572 216/573
f 247/574 225/575 224/576
f 221/577 229/578 248/579
f 215/580 210/581 244/582
f 239/583 250/584 251/585
f 252/586 253/587 240/588
f 245/589 240/590 253/591
f 253/592 243/593 247/594
f 238/595 254/596 228/597
f 215/598 249/599 255/600
f 229/601 233/602 256/603
f 257/604 256/605 233/606
f 258/607 232/608 231/609
f 259/610 260/611 236/612
f 258/613 259/614 237/615
f 248/616 261/617 254/618
f 263/619 243/620 253/621
f 260/622 264/623 265/624
f 266/625 244/626 243/627
f 249/628 244/629 266/630
f 256/631 268/632 261/633
f 267/634 269/635 255/636
f 255/637 269/638 270/639
f 259/640 258/641 272/642
f 260/643 259/644 271/645
f 257/646 274/647 268/648
f 264/649 260/650 273/651
f 277/652 278/653 279/654
f 278/655 277/656 280/657
f 281/658 282/659 122/660
f 119/661 283/662 281/663
f 284/664 277/665 276/666
f 280/667 277/668 284/669
f 287/670 288/671 276/672
f 285/673 276/674 288/675
f 280/676 291/677 292/678
f 282/679 293/680 294/681
f 289/682 279/683 296/684
f 297/685 296/686 279/687
f 173/688 174/689 298/690
f 301/691 280/692 286/693
f 290/694 288/695 301/696
f 303/697 297/698 278/699
f 303/700 302/701 294/702
f 288/703 287/704 304/705
f 306/706 287/707 289/708
f 307/709 297/710 308/711
f 285/712 309/713 310/714
f 285/715 290/716 311/717
f 296/718 297/719 307/720
f 313/721 291/722 280/723
f 299/724 314/725 315/726
f 317/727 288/728 305/729
f 293/730 318/731 303/732
f 319/733 318/734 293/735
f 304/736 287/737 306/738
f 317/739 321/740 313/741
f 284/742 310/743 322/744
f 300/745 323/746 311/747
f 307/748 308/749 324/750
f 218/751 326/752 327/753
f 306/754 295/755 312/756
f 323/757 300/758 286/759
f 329/760 281/761 283/762
f 330/763 283/764 315/765
f 282/766 281/767 329/768
f 308/769 331/770 332/771
f 333/772 334/773 335/774
f 303/775 318/776 308/777
f 336/778 326/779 218/780
f 219/781 228/782 337/783
f 332/784 331/785 318/786
f 320/787 306/788 328/789
f 340/790 338/791 319/792
f 341/793 342/794 298/795
f 329/796 343/797 340/798
f 344/799 345/800 346/801
f 339/802 328/803 346/804
f 348/805 349/806 350/807
f 351/808 352/809 330/810
f 351/811 315/812 314/813
f 326/814 354/815 355/816
f 329/817 330/818 352/819
f 356/820 357/821 340/822
f 340/823 343/824 358/825
f 326/826 336/827 359/828
f 344/829 324/830 356/831
f 348/832 360/833 361/834
f 362/835 337/836 228/837
f 349/838 363/839 364/840
f 365/841 364/842 363/843
f 363/844 349/845 367/846
f 336/847 337/848 369/849
f 359/850 369/851 370/852
f 371/853 356/854 358/855
f 343/856 373/857 372/858
f 374/859 341/860 334/861
f 374/862 334/863 333/864
f 375/865 333/866 377/867
f 378/868 351/869 353/870
f 345/871 380/872 381/873
f 383/874 384/875 381/876
f 354/877 385/878 386/879
f 387/880 380/881 345/882
f 388/883 387/884 345/885
f 380/886 389/887 382/888
f 391/889 361/890 360/891
f 392/892 367/893 361/894
f 394/895 371/896 372/897
f 394/898 344/899 371/900
f 386/901 376/902 377/903
f 390/904 395/905 396/906
f 389/907 380/908 387/909
f 398/910 397/911 387/912
f 373/913 399/914 393/915
f 401/916 383/917 382/918
f 388/919 344/920 403/921
f 403/922 344/923 394/924
f 405/925 375/926 376/927
f 406/928 403/929 404/930
f 263/931 262/932 363/933
f 363/934 408/935 407/936
f 266/937 263/938 407/939
f 367/940 392/941 410/942
f 402/943 403/944 411/945
f 404/946 394/947 393/948
f 337/949 362/950 413/951
f 415/952 402/953 411/954
f 411/955 403/956 406/957
f 416/958 406/959 404/960
f 414/961 411/962 406/963
f 401/964 400/965 396/966
f 392/967 391/968 396/969
f 353/970 418/971 419/972
f 420/973 386/974 385/975
f 398/976 415/977 421/978
f 423/979 399/980 373/981
f 378/982 424/983 423/984
f 412/985 425/986 426/987
f 412/988 426/989 416/990
f 267/991 427/992 428/993
f 429/994 430/995 407/996
f 342/997 341/998 431/999
f 432/1000 431/1001 341/1002
f 433/1003 400/1004 382/1005
f 398/1006 434/1007 397/1008
f 389/1009 397/1010 434/1011
f 417/1012 435/1013 410/1014
f 433/1015 417/1016 396/1017
f 399/1018 425/1019 412/1020
f 416/1021 426/1022 414/1023
f 436/1024 429/1025 410/1026
f 417/1027 433/1028 434/1029
f 435/1030 434/1031 437/1032
f 375/1033 438/1034 432/1035
f 439/1036 440/1037 268/1038
f 441/1039 421/1040 415/1041
f 420/1042 405/1043 376/1044
f 442/1045 424/1046 379/1047
f 271/1048 443/1049 444/1050
f 273/1051 444/1052 445/1053
f 445/1054 446/1055 447/1056
f 448/1057 420/1058 385/1059
f 449/1060 446/1061 445/1062
f 426/1063 450/1064 441/1065
f 369/1066 413/1067 451/1068
f 452/1069 443/1070 453/1071
f 405/1072 438/1073 375/1074
f 454/1075 398/1076 421/1077
f 409/1078 407/1079 430/1080
f 457/1081 419/1082 418/1083
f 458/1084 457/1085 431/1086
f 442/1087 459/1088 460/1089
f 438/1090 458/1091 432/1092
f 439/1093 461/1094 462/1095
f 451/1096 413/1097 463/1098
f 465/1099 455/1100 421/1101
f 456/1102 466/1103 427/1104
f 448/1105 370/1106 451/1107
f 444/1108 468/1109 449/1110
f 443/1111 452/1112 468/1113
f 469/1114 465/1115 441/1116
f 470/1117 471/1118 469/1119
f 436/1120 437/1121 473/1122
f 474/1123 428/1124 427/1125
f 475/1126 476/1127 458/1128
f 456/1129 430/1130 472/1131
f 451/1132 464/1133 478/1134
f 457/1135 458/1136 476/1137
f 457/1138 479/1139 442/1140
f 480/1141 481/1142 452/1143
f 471/1144 470/1145 483/1146
f 483/1147 460/1148 484/1149
f 480/1150 485/1151 481/1152
f 438/1153 405/1154 486/1155
f 464/1156 463/1157 462/1158
f 487/1159 462/1160 461/1161
f 466/1162 456/1163 477/1164
f 490/1165 473/1166 455/1167
f 477/1168 472/1169 473/1170
f 492/1171 481/1172 485/1173
f 493/1174 459/1175 442/1176
f 467/1177 478/1178 494/1179
f 495/1180 490/1181 465/1182
f 475/1183 486/1184 494/1185
f 498/1186 468/1187 452/1188
f 489/1189 477/1190 490/1191
f 499/1192 500/1193 501/1194
f 500/1195 502/1196 488/1197
f 504/1198 471/1199 482/1200
f 491/1201 474/1202 466/1203
f 505/1204 498/1205 497/1206
f 507/1207 494/1208 478/1209
f 488/1210 502/1211 507/1212
f 459/1213 508/1214 509/1215
f 459/1216 493/1217 510/1218
f 509/1219 511/1220 503/1221
f 505/1222 512/1223 499/1224
f 513/1225 496/1226 494/1227
f 514/1228 496/1229 513/1230
f 511/1231 508/1232 516/1233
f 505/1234 497/1235 516/1236
f 514/1237 510/1238 493/1239
f 518/1240 502/1241 500/1242
f 518/1243 513/1244 507/1245
f 519/1246 517/1247 510/1248
f 516/1249 508/1250 510/1251
f 143/1252 129/1253 132/1254
f 93/1255 99/1256 125/1257
f 15/1258 57/1259 16/1260
f 133/1261 104/1262 83/1263
f 520/1264 157/1265 166/1266
f 187/1267 157/1268 520/1269
f 88/1270 29/1271 24/1272
f 14/1273 88/1274 24/1275
f 74/1276 73/1277 108/1278
f 121/1279 149/1280 103/1281
f 64/1282 61/1283 79/1284
f 240/1285 245/1286 223/1287
f 247/1288 246/1289 253/1290
f 63/1291 62/1292 96/1293
f 49/1294 55/1295 54/1296
f 95/1297 60/1298 88/1299
f 100/1300 178/1301 177/1302
f 153/1303 152/1304 190/1305
f 211/1306 226/1307 206/1308
f 18/1309 6/1310 21/1311
f 265/1312 241/1313 227/1314
f 163/1315 159/1316 148/1317
f 154/1318 138/1319 141/1320
f 10/1321 41/1322 49/1323
f 408/1324 363/1325 368/1326
f 367/1327 349/1328 361/1329
f 398/1330 387/1331 388/1332
f 434/1333 454/1334 437/1335
f 434/1336 398/1337 454/1338
f 384/1339 339/1340 381/1341
f 356/1342 324/1343 357/1344
f 371/1345 344/1346 356/1347
f 324/1348 332/1349 357/1350
f 308/1351 297/1352 303/1353
f 312/1354 295/1355 296/1356
f 325/1357 324/1358 344/1359
f 292/1360 521/1361 278/1362
f 522/1363 521/1364 292/1365
f 289/1366 276/1367 279/1368
f 301/1369 288/1370 317/1371
f 318/1372 319/1373 338/1374
f 308/1375 318/1376 331/1377
f 518/1378 499/1379 512/1380
f 518/1381 512/1382 519/1383
f 448/1384 405/1385 420/1386
f 385/1387 354/1388 370/1389
f 464/1390 506/1391 478/1392
f 509/1393 508/1394 511/1395
f 378/1396 379/1397 424/1398
f 503/1399 511/1400 515/1401
f 482/1402 484/1403 509/1404
f 474/1405 491/1406 485/1407
f 503/1408 491/1409 504/1410
f 440/1411 523/1412 261/1413
f 261/1414 523/1415 362/1416
f 413/1417 362/1418 523/1419
f 463/1420 523/1421 440/1422
f 85/1423 84/1424 118/1425
f 342/1426 418/1427 353/1428
f 353/1429 314/1430 342/1431
f 267/1432 266/1433 409/1434
f 264/1435 275/1436 447/1437
f 264/1438 524/1439 241/1440
f 517/1441 519/1442 512/1443
f 158/1444 213/1445 525/1446
f 335/1447 334/1448 525/1449
f 236/1450 265/1451 227/1452
f 468/1453 498/1454 499/1455
f 230/1456 235/1457 212/1458
f 428/1459 480/1460 270/1461
f 270/1462 480/1463 453/1464
f 270/1465 272/1466 258/1467
f 443/1468 271/1469 272/1470
f 481/1471 492/1472 497/1473
f 515/1474 492/1475 491/1476
f 492/1477 515/1478 516/1479
f 68/1480 94/1481 58/1482
f 52/1483 77/1484 178/1485
f 410/1486 429/1487 408/1488
f 399/1489 423/1490 526/1491
f 424/1492 460/1493 526/1494
f 425/1495 526/1496 483/1497
f 460/1498 483/1499 526/1500
f 422/1501 373/1502 343/1503
f 15/1504 59/1505 90/1506
f 173/1507 299/1508 283/1509
f 173/1510 119/1511 57/1512
f 94/1513 126/1514 89/1515
f 480/1516 428/1517 474/1518
f 527/1519 528/1520 253/1521
f 388/1522 402/1523 415/1524
f 12/1525 22/1526 26/1527
f 294/1528 123/1529 122/1530
f 123/1531 294/1532 302/1533
f 178/1534 77/1535 76/1536
f 436/1537 472/1538 430/1539
f 459/1540 484/1541 460/1542
f 60/1543 33/1544 31/1545
f 36/1546 21/1547 43/1548
f 204/1549 255/1550 231/1551
f 126/1552 525/1553 174/1554
f 174/1555 525/1556 334/1557
f 529/1558 214/1559 217/1560
f 213/1561 214/1562 529/1563
f 335/1564 529/1565 377/1566
f 377/1567 529/1568 327/1569
f 234/1570 208/1571 191/1572
f 487/1573 488/1574 506/1575
f 342/1576 314/1577 299/1578
f 69/1579 68/1580 37/1581
f 338/1582 340/1583 357/1584
f 504/1585 491/1586 489/1587
f 495/1588 469/1589 471/1590
f 455/1591 473/1592 437/1593
f 243/1594 209/1595 225/1596
f 188/1597 225/1598 209/1599
f 425/1600 470/1601 450/1602
f 117/1603 160/1604 139/1605
f 87/1606 139/1607 92/1608
f 518/1609 519/1610 514/1611
f 36/1612 85/1613 86/1614
f 442/1615 479/1616 493/1617
f 476/1618 475/1619 496/1620
f 479/1621 476/1622 496/1623
f 59/1624 15/1625 7/1626
f 530/1627 531/1628 524/1629
f 531/1630 530/1631 274/1632
f 446/1633 532/1634 530/1635
f 274/1636 530/1637 532/1638
f 500/1639 461/1640 501/1641
f 230/1642 242/1643 235/1644
f 257/1645 235/1646 242/1647
f 531/1648 242/1649 241/1650
f 501/1651 461/1652 439/1653
f 449/1654 501/1655 532/1656
f 196/1657 106/1658 140/1659
f 105/1660 106/1661 196/1662
f 467/1663 486/1664 405/1665
f 78/1666 121/1667 103/1668
f 422/1669 352/1670 351/1671
f 347/1672 350/1673 251/1674
f 251/1675 350/1676 364/1677
f 364/1678 365/1679 527/1680
f 4/1681 1/1682 3/1683
f 8/1684 5/1685 7/1686
f 12/1687 13/1688 14/1689
f 15/1690 16/1691 7/1692
f 7/1693 6/1694 19/1695
f 21/1696 6/1697 20/1698
f 23/1699 12/1700 24/1701
f 22/1702 25/1703 8/1704
f 8/1705 17/1706 22/1707
f 20/1708 5/1709 27/1710
f 28/1711 25/1712 23/1713
f 28/1714 23/1715 29/1716
f 30/1717 28/1718 31/1719
f 32/1720 30/1721 33/1722
f 28/1723 30/1724 25/1725
f 34/1726 30/1727 35/1728
f 19/1729 18/1730 37/1731
f 32/1732 33/1733 39/1734
f 26/1735 40/1736 10/1737
f 43/1738 21/1739 42/1740
f 44/1741 40/1742 17/1743
f 27/1744 34/1745 20/1746
f 46/1747 35/1748 39/1749
f 48/1750 49/1751 47/1752
f 38/1753 50/1754 39/1755
f 53/1756 43/1757 52/1758
f 11/1759 10/1760 54/1761
f 16/1762 57/1763 17/1764
f 37/1765 58/1766 19/1767
f 50/1768 45/1769 61/1770
f 55/1771 62/1772 56/1773
f 51/1774 50/1775 64/1776
f 51/1777 65/1778 39/1779
f 65/1780 51/1781 66/1782
f 67/1783 68/1784 70/1785
f 74/1786 71/1787 73/1788
f 75/1789 76/1790 46/1791
f 35/1792 76/1793 34/1794
f 79/1795 78/1796 64/1797
f 80/1798 73/1799 81/1800
f 78/1801 79/1802 81/1803
f 49/1804 48/1805 55/1806
f 52/1807 42/1808 77/1809
f 55/1810 82/1811 62/1812
f 53/1813 84/1814 43/1815
f 69/1816 86/1817 70/1818
f 11/1819 54/1820 14/1821
f 89/1822 90/1823 58/1824
f 93/1825 94/1826 67/1827
f 95/1828 88/1829 56/1830
f 98/1831 63/1832 97/1833
f 91/1834 99/1835 67/1836
f 100/1837 101/1838 52/1839
f 46/1840 65/1841 75/1842
f 102/1843 65/1844 103/1845
f 96/1846 62/1847 104/1848
f 105/1849 91/1850 106/1851
f 107/1852 99/1853 105/1854
f 108/1855 98/1856 109/1857
f 110/1858 111/1859 71/1860
f 111/1861 112/1862 72/1863
f 108/1864 73/1865 113/1866
f 98/1867 108/1868 114/1869
f 31/1870 29/1871 60/1872
f 79/1873 61/1874 113/1875
f 97/1876 96/1877 115/1878
f 84/1879 53/1880 116/1881
f 117/1882 87/1883 118/1884
f 57/1885 119/1886 44/1887
f 112/1888 121/1889 81/1890
f 40/1891 122/1892 47/1893
f 84/1894 116/1895 118/1896
f 120/1897 122/1898 44/1899
f 93/1900 125/1901 94/1902
f 105/1903 127/1904 107/1905
f 95/1906 114/1907 60/1908
f 129/1909 130/1910 132/1911
f 133/1912 83/1913 134/1914
f 129/1915 133/1916 130/1917
f 125/1918 99/1919 135/1920
f 135/1921 107/1922 136/1923
f 137/1924 48/1925 123/1926
f 106/1927 92/1928 140/1929
f 142/1930 143/1931 144/1932
f 146/1933 145/1934 75/1935
f 143/1936 147/1937 129/1938
f 148/1939 117/1940 124/1941
f 103/1942 149/1943 102/1944
f 109/1945 97/1946 151/1947
f 133/1948 147/1949 104/1950
f 116/1951 101/1952 153/1953
f 154/1954 136/1955 138/1956
f 130/1957 155/1958 131/1959
f 130/1960 134/1961 155/1962
f 148/1963 159/1964 117/1965
f 161/1966 142/1967 162/1968
f 75/1969 102/1970 146/1971
f 157/1972 134/1973 48/1974
f 139/1975 160/1976 163/1977
f 142/1978 164/1979 143/1980
f 157/1981 48/1982 166/1983
f 156/1984 155/1985 162/1986
f 155/1987 157/1988 161/1989
f 168/1990 169/1991 110/1992
f 169/1993 170/1994 111/1995
f 161/1996 167/1997 142/1998
f 125/1999 135/2000 158/2001
f 171/2002 135/2003 172/2004
f 174/2005 173/2006 89/2007
f 147/2008 164/2009 115/2010
f 175/2011 140/2012 163/2013
f 145/2014 176/2015 178/2016
f 154/2017 179/2018 136/2019
f 145/2020 146/2021 176/2022
f 146/2023 150/2024 180/2025
f 182/2026 121/2027 170/2028
f 154/2029 184/2030 179/2031
f 187/2032 186/2033 157/2034
f 121/2035 182/2036 149/2037
f 149/2038 188/2039 150/2040
f 116/2041 153/2042 124/2043
f 190/2044 152/2045 177/2046
f 140/2047 175/2048 192/2049
f 195/2050 184/2051 141/2052
f 141/2053 127/2054 197/2055
f 199/2056 198/2057 168/2058
f 200/2059 201/2060 186/2061
f 189/2062 193/2063 124/2064
f 203/2065 183/2066 167/2067
f 190/2068 177/2069 205/2070
f 206/2071 202/2072 189/2073
f 207/2074 175/2075 194/2076
f 208/2077 197/2078 192/2079
f 180/2080 181/2081 210/2082
f 153/2083 190/2084 211/2085
f 206/2086 189/2087 211/2088
f 207/2089 212/2090 175/2091
f 214/2092 213/2093 171/2094
f 210/2095 215/2096 180/2097
f 216/2098 170/2099 198/2100
f 204/2101 177/2102 215/2103
f 172/2104 217/2105 171/2106
f 218/2107 217/2108 179/2109
f 179/2110 185/2111 218/2112
f 220/2113 185/2114 195/2115
f 221/2116 195/2117 197/2118
f 199/2119 222/2120 198/2121
f 216/2122 224/2123 170/2124
f 225/2125 188/2126 224/2127
f 206/2128 226/2129 202/2130
f 185/2131 220/2132 219/2133
f 221/2134 197/2135 229/2136
f 207/2137 202/2138 230/2139
f 231/2140 232/2141 204/2142
f 233/2143 234/2144 235/2145
f 236/2146 226/2147 237/2148
f 237/2149 211/2150 232/2151
f 229/2152 208/2153 233/2154
f 238/2155 220/2156 221/2157
f 222/2158 239/2159 223/2160
f 230/2161 227/2162 242/2163
f 210/2164 209/2165 244/2166
f 198/2167 223/2168 216/2169
f 245/2170 246/2171 216/2172
f 246/2173 247/2174 224/2175
f 238/2176 221/2177 248/2178
f 249/2179 215/2180 244/2181
f 240/2182 239/2183 251/2184
f 251/2185 252/2186 240/2187
f 246/2188 245/2189 253/2190
f 220/2191 238/2192 228/2193
f 204/2194 215/2195 255/2196
f 248/2197 229/2198 256/2199
f 235/2200 257/2201 233/2202
f 237/2203 259/2204 236/2205
f 232/2206 258/2207 237/2208
f 238/2209 248/2210 254/2211
f 262/2212 263/2213 253/2214
f 236/2215 260/2216 265/2217
f 263/2218 266/2219 243/2220
f 267/2221 249/2222 266/2223
f 248/2224 256/2225 261/2226
f 249/2227 267/2228 255/2229
f 231/2230 255/2231 270/2232
f 271/2233 259/2234 272/2235
f 273/2236 260/2237 271/2238
f 256/2239 257/2240 268/2241
f 275/2242 264/2243 273/2244
f 276/2245 277/2246 279/2247
f 120/2248 281/2249 122/2250
f 120/2251 119/2252 281/2253
f 285/2254 284/2255 276/2256
f 286/2257 280/2258 284/2259
f 289/2260 287/2261 276/2262
f 290/2263 285/2264 288/2265
f 278/2266 280/2267 292/2268
f 295/2269 289/2270 296/2271
f 278/2272 297/2273 279/2274
f 299/2275 173/2276 298/2277
f 300/2278 301/2279 286/2280
f 300/2281 290/2282 301/2283
f 302/2284 303/2285 278/2286
f 293/2287 303/2288 294/2289
f 305/2290 288/2291 304/2292
f 295/2293 306/2294 289/2295
f 284/2296 285/2297 310/2298
f 309/2299 285/2300 311/2301
f 312/2302 296/2303 307/2304
f 301/2305 313/2306 280/2307
f 283/2308 299/2309 315/2310
f 316/2311 317/2312 305/2313
f 282/2314 319/2315 293/2316
f 320/2317 304/2318 306/2319
f 301/2320 317/2321 313/2322
f 286/2323 284/2324 322/2325
f 290/2326 300/2327 311/2328
f 325/2329 307/2330 324/2331
f 217/2332 218/2333 327/2334
f 328/2335 306/2336 312/2337
f 322/2338 323/2339 286/2340
f 330/2341 329/2342 283/2343
f 319/2344 282/2345 329/2346
f 324/2347 308/2348 332/2349
f 219/2350 336/2351 218/2352
f 336/2353 219/2354 337/2355
f 338/2356 332/2357 318/2358
f 339/2359 320/2360 328/2361
f 334/2362 341/2363 298/2364
f 319/2365 329/2366 340/2367
f 325/2368 344/2369 346/2370
f 345/2371 339/2372 346/2373
f 347/2374 348/2375 350/2376
f 315/2377 351/2378 330/2379
f 353/2380 351/2381 314/2382
f 327/2383 326/2384 355/2385
f 343/2386 329/2387 352/2388
f 358/2389 356/2390 340/2391
f 354/2392 326/2393 359/2394
f 349/2395 348/2396 361/2397
f 254/2398 362/2399 228/2400
f 350/2401 349/2402 364/2403
f 366/2404 365/2405 363/2406
f 368/2407 363/2408 367/2409
f 359/2410 336/2411 369/2412
f 354/2413 359/2414 370/2415
f 372/2416 371/2417 358/2418
f 358/2419 343/2420 372/2421
f 375/2422 374/2423 333/2424
f 376/2425 375/2426 377/2427
f 379/2428 378/2429 353/2430
f 339/2431 345/2432 381/2433
f 382/2434 383/2435 381/2436
f 355/2437 354/2438 386/2439
f 344/2440 388/2441 345/2442
f 381/2443 380/2444 382/2445
f 390/2446 391/2447 360/2448
f 391/2449 392/2450 361/2451
f 393/2452 394/2453 372/2454
f 355/2455 386/2456 377/2457
f 391/2458 390/2459 396/2460
f 397/2461 389/2462 387/2463
f 372/2464 373/2465 393/2466
f 400/2467 401/2468 382/2469
f 402/2470 388/2471 403/2472
f 404/2473 403/2474 394/2475
f 407/2476 263/2477 363/2478
f 409/2479 266/2480 407/2481
f 368/2482 367/2483 410/2484
f 412/2485 404/2486 393/2487
f 369/2488 337/2489 413/2490
f 414/2491 415/2492 411/2493
f 412/2494 416/2495 404/2496
f 416/2497 414/2498 406/2499
f 395/2500 401/2501 396/2502
f 417/2503 392/2504 396/2505
f 379/2506 353/2507 419/2508
f 422/2509 423/2510 373/2511
f 422/2512 378/2513 423/2514
f 269/2515 267/2516 428/2517
f 408/2518 429/2519 407/2520
f 418/2521 342/2522 431/2523
f 374/2524 432/2525 341/2526
f 389/2527 433/2528 382/2529
f 433/2530 389/2531 434/2532
f 392/2533 417/2534 410/2535
f 400/2536 433/2537 396/2538
f 393/2539 399/2540 412/2541
f 435/2542 436/2543 410/2544
f 435/2545 417/2546 434/2547
f 436/2548 435/2549 437/2550
f 374/2551 375/2552 432/2553
f 274/2554 439/2555 268/2556
f 414/2557 441/2558 415/2559
f 386/2560 420/2561 376/2562
f 419/2563 442/2564 379/2565
f 273/2566 271/2567 444/2568
f 275/2569 273/2570 445/2571
f 275/2572 445/2573 447/2574
f 370/2575 448/2576 385/2577
f 414/2578 426/2579 441/2580
f 370/2581 369/2582 451/2583
f 455/2584 454/2585 421/2586
f 456/2587 409/2588 430/2589
f 431/2590 457/2591 418/2592
f 432/2593 458/2594 431/2595
f 424/2596 442/2597 460/2598
f 440/2599 439/2600 462/2601
f 464/2602 451/2603 463/2604
f 441/2605 465/2606 421/2607
f 409/2608 456/2609 427/2610
f 467/2611 448/2612 451/2613
f 445/2614 444/2615 449/2616
f 444/2617 443/2618 468/2619
f 450/2620 469/2621 441/2622
f 450/2623 470/2624 469/2625
f 472/2626 436/2627 473/2628
f 466/2629 474/2630 427/2631
f 438/2632 475/2633 458/2634
f 477/2635 456/2636 472/2637
f 467/2638 451/2639 478/2640
f 479/2641 457/2642 476/2643
f 419/2644 457/2645 442/2646
f 453/2647 480/2648 452/2649
f 482/2650 471/2651 483/2652
f 482/2653 483/2654 484/2655
f 475/2656 438/2657 486/2658
f 487/2659 464/2660 462/2661
f 488/2662 487/2663 461/2664
f 489/2665 466/2666 477/2667
f 465/2668 490/2669 455/2670
f 490/2671 477/2672 473/2673
f 491/2674 492/2675 485/2676
f 486/2677 467/2678 494/2679
f 469/2680 495/2681 465/2682
f 496/2683 475/2684 494/2685
f 497/2686 498/2687 452/2688
f 495/2689 489/2690 490/2691
f 449/2692 499/2693 501/2694
f 461/2695 500/2696 488/2697
f 503/2698 504/2699 482/2700
f 489/2701 491/2702 466/2703
f 506/2704 507/2705 478/2706
f 506/2707 488/2708 507/2709
f 484/2710 459/2711 509/2712
f 508/2713 459/2714 510/2715
f 482/2716 509/2717 503/2718
f 498/2719 505/2720 499/2721
f 507/2722 513/2723 494/2724
f 515/2725 511/2726 516/2727
f 517/2728 505/2729 516/2730
f 496/2731 514/2732 493/2733
f 499/2734 518/2735 500/2736
f 502/2737 518/2738 507/2739
f 514/2740 519/2741 510/2742
f 517/2743 516/2744 510/2745
f 268/2746 440/2747 261/2748
f 254/2749 261/2750 362/2751
f 463/2752 413/2753 523/2754
f 462/2755 463/2756 440/2757
f 86/2758 85/2759 118/2760
f 427/2761 267/2762 409/2763
f 524/2764 264/2765 447/2766
f 265/2767 264/2768 241/2769
f 505/2770 517/2771 512/2772
f 126/2773 158/2774 525/2775
f 213/2776 335/2777 525/2778
f 226/2779 236/2780 227/2781
f 449/2782 468/2783 499/2784
f 207/2785 230/2786 212/2787
f 269/2788 428/2789 270/2790
f 272/2791 270/2792 453/2793
f 231/2794 270/2795 258/2796
f 453/2797 443/2798 272/2799
f 452/2800 481/2801 497/2802
f 503/2803 515/2804 491/2805
f 497/2806 492/2807 516/2808
f 37/2809 68/2810 58/2811
f 100/2812 52/2813 178/2814
f 368/2815 410/2816 408/2817
f 425/2818 399/2819 526/2820
f 423/2821 424/2822 526/2823
f 470/2824 425/2825 483/2826
f 352/2827 422/2828 343/2829
f 57/2830 15/2831 90/2832
f 119/2833 173/2834 283/2835
f 90/2836 173/2837 57/2838
f 58/2839 94/2840 89/2841
f 485/2842 480/2843 474/2844
f 252/2845 527/2846 253/2847
f 398/2848 388/2849 415/2850
f 13/2851 12/2852 26/2853
f 282/2854 294/2855 122/2856
f 137/2857 123/2858 302/2859
f 145/2860 178/2861 76/2862
f 429/2863 436/2864 430/2865
f 85/2866 36/2867 43/2868
f 89/2869 126/2870 174/2871
f 298/2872 174/2873 334/2874
f 327/2875 529/2876 217/2877
f 335/2878 213/2879 529/2880
f 333/2881 335/2882 377/2883
f 355/2884 377/2885 327/2886
f 212/2887 234/2888 191/2889
f 464/2890 487/2891 506/2892
f 298/2893 342/2894 299/2895
f 36/2896 69/2897 37/2898
f 332/2899 338/2900 357/2901
f 495/2902 504/2903 489/2904
f 504/2905 495/2906 471/2907
f 454/2908 455/2909 437/2910
f 247/2911 243/2912 225/2913
f 181/2914 188/2915 209/2916
f 426/2917 425/2918 450/2919
f 87/2920 117/2921 139/2922
f 70/2923 87/2924 92/2925
f 513/2926 518/2927 514/2928
f 69/2929 36/2930 86/2931
f 493/2932 479/2933 496/2934
f 19/2935 59/2936 7/2937
f 447/2938 530/2939 524/2940
f 257/2941 531/2942 274/2943
f 447/2944 446/2945 530/2946
f 439/2947 274/2948 532/2949
f 531/2950 257/2951 242/2952
f 524/2953 531/2954 241/2955
f 532/2956 501/2957 439/2958
f 446/2959 449/2960 532/2961
f 192/2962 196/2963 140/2964
f 127/2965 105/2966 196/2967
f 448/2968 467/2969 405/2970
f 66/2971 78/2972 103/2973
f 378/2974 422/2975 351/2976
f 250/2977 347/2978 251/2979
f 252/2980 251/2981 364/2982
f 252/2983 364/2984 527/2985
