mtllib LFinger22.mtl
o LFinger22
usemtl nao_texture
v 0.02256515 0.001502227 0.01279816
v 0.002565155 0.001502227 0.01279815
v 0.002565155 0.004975128 0.03249431
v 0.02256515 0.004975128 0.03249431
v 0.0314772 -0.06727478 0.03071793
v 0.03196259 -0.06368149 0.03723391
v 0.03549911 -0.06513069 0.03827103
v 0.03486176 -0.06892693 0.03049924
v 0.03467697 -0.06116524 0.04360863
v 0.03800812 -0.06097221 0.04314743
v 0.03989761 -0.06500221 0.03736506
v 0.002890778 -0.06014534 0.01584107
v 0.002688751 -0.03533646 0.01124549
v 0.00742569 -0.06049126 0.01428023
v 0.02822342 -0.07042175 0.0247972
v 0.02476288 -0.07060074 0.0203966
v 0.02273453 -0.06869774 0.01799658
v 0.01791275 -0.03566246 0.0105583
v 0.01806335 -0.06052612 0.01481084
v 0.01278198 -0.06063988 0.01384552
v 0.006178436 -0.01030159 0.02045862
v 0.005914459 -0.03095467 0.02425995
v 0.004395905 -0.03011421 0.02871759
v 0.00459198 -0.008526764 0.01891896
v -0.006222229 -0.00868515 0.01733402
v 0.003595123 -0.01073036 0.006907539
v 0.004499054 -0.006459351 0.03019843
v 0.003926087 -0.004186478 0.04249199
v -0.006212921 -0.006010056 0.03188397
v 0.01996231 -0.03120972 0.03488295
v 0.02131607 -0.02909737 0.04643149
v 0.03095978 -0.03129158 0.03519853
v 0.03340286 -0.02322876 0.053256
v 0.0245285 -0.0353566 0.05369465
v 0.02557739 -0.02768181 0.05443575
v 0.07788971 -0.04779541 0.04612002
v 0.09217118 -0.0480249 0.04632345
v 0.08439209 -0.06164124 0.04070453
v 0.1642066 -0.05131256 0.04912817
v 0.1643643 -0.04654045 0.04944816
v 0.1670038 -0.04940704 0.04829706
v 0.1511316 -0.06742645 0.02801913
v 0.1675861 -0.06707558 0.03006686
v 0.1573395 -0.06895279 0.02323083
v 0.1295734 -0.06579552 0.04756131
v 0.1318661 -0.05923637 0.04676143
v 0.1309759 -0.06203567 0.04409195
v 0.1382635 -0.03501228 0.02822194
v 0.1416565 -0.03268776 0.04140478
v 0.1388068 -0.04392067 0.03871539
v 0.1674124 -0.03075279 0.05237662
v 0.1676914 -0.03574547 0.05385427
v 0.1701071 -0.02324059 0.05617013
v 0.1677371 -0.02410629 0.05977997
v 0.1614642 -0.05321587 0.05312263
v 0.09348877 0.05762482 0.02688069
v 0.07921982 0.05768738 0.02670805
v 0.08603302 0.06853081 0.01674537
v 0.1528323 0.0678167 0.003138309
v 0.1510336 0.06766037 -0.0003363037
v 0.1590494 0.06737068 -0.001850743
v 0.02085022 0.03959221 0.02184892
v 0.03185287 0.03951706 0.02217573
v 0.02220383 0.04170464 0.03339746
v 0.01879257 0.03514557 -0.002475504
v 0.0100795 0.036996 0.006987958
v 0.003576508 0.03546555 -0.001788544
v 0.003259277 0.03874474 0.01603443
v -0.00603775 0.04024628 0.02353061
v -0.006042481 0.03750641 0.008670168
v 0.02654388 0.07112663 -0.005676193
v 0.02410004 0.06018692 -0.005662894
v 0.02457489 0.07014893 -0.006538973
v 0.004400635 0.06026863 -0.006319604
v 0.009030609 0.05991638 -0.007895403
v 0.01435562 0.05977562 -0.00831099
v 0.01961456 0.05989227 -0.007336593
v 0.000389862 0.0343856 -0.007856493
v 0.0007174682 0.05063049 -0.01123296
v 0.002344818 0.0597406 -0.01025973
v 0.004862061 0.01310249 0.01494439
v 0.003857727 0.01090614 0.002923308
v -0.005951538 0.01294533 0.01334956
v 0.00476181 0.01517715 0.02621421
v -0.00594223 0.01562035 0.02789951
v 0.004202728 0.01745186 0.03850888
v 0.03415024 0.03838409 0.04199854
v 0.03574203 0.05198631 0.03478625
v 0.03527542 0.04152222 0.04654127
v 0.1349036 0.05932053 0.03105256
v 0.1323541 0.06734207 0.03013348
v 0.1341641 0.0643306 0.02706462
v 0.165217 0.04167618 0.03806323
v 0.1683267 0.0418206 0.03902556
v 0.165343 0.04074837 0.03314944
v 0.1466949 0.03541458 0.002899747
v 0.1391782 0.03752647 0.014877
v 0.1493481 0.03700043 0.01189353
v 0.1664896 0.03799339 0.01752524
v 0.1743283 0.03881859 0.02220487
v 0.1723703 0.03635811 0.008250706
v 0.1399863 0.04995819 0.02145086
v 0.1389127 0.05736893 0.01290966
v 0.139433 0.05289696 0.01910949
v 0.1390466 0.05511467 0.0166807
v 0.1487366 0.06072678 -0.003347483
v 0.1467584 0.06096893 -0.002181892
v 0.169892 0.04169968 0.04211833
v 0.1708508 0.03608345 0.04525894
v 0.1685208 0.03822563 0.04830972
v 0.1631332 0.06338112 0.0318083
v 0.1656082 0.05994217 0.02864883
v 0.005238648 0.03675446 0.01641195
v 0.006749268 0.03592003 0.01195456
v 0.006493378 0.01526093 0.01575573
v -0.0133429 -0.05250824 -0.0172365
v -0.006963196 -0.06061859 -0.003366065
v 0.002972565 -0.06153984 -0.006107383
v -2.624511e-05 -0.05356056 -0.02195935
v -0.01748108 -0.0371141 -0.02833926
v -0.001884307 -0.03849136 -0.03419837
v 0.001407928 -0.06077217 0.01304576
v 0.006732483 -0.06137512 0.01125142
v 0.01381607 -0.0618457 -0.006989775
v 0.01464752 -0.05396439 -0.02315534
v 0.01531235 -0.03896805 -0.03559615
v 0.01293457 -0.06154694 0.01074647
v 0.02452011 -0.06161491 -0.005039592
v 0.02912857 -0.05365837 -0.02051172
v 0.02420486 -0.07194283 0.01580629
v 0.02549667 -0.07324326 0.0177384
v 0.02762115 -0.07378326 0.01945292
v 0.03504868 -0.07318321 0.01073176
v 0.02925095 -0.0734375 0.009474137
v 0.01906006 -0.06141769 0.01186827
v 0.0278186 -0.07223328 0.009106138
v 0.02913361 -0.0620681 0.00461628
v 0.02395767 -0.06081322 0.01405018
v -0.002338867 -0.01831795 -0.04120295
v -0.01857773 -0.01707008 -0.03551146
v 0.03493591 -0.07215027 -0.001595582
v 0.03350357 -0.070886 -0.001794714
v 0.03227234 -0.06068733 -0.001506271
v 0.02977936 -0.07333298 0.02115917
v 0.02712753 -0.07147942 0.02280171
v 0.02278183 -0.06099388 0.01716333
v 0.03149521 -0.07229057 0.02330334
v 0.03229034 -0.03861191 -0.03249504
v 0.0410376 -0.07302292 -0.001112322
v 0.04035004 -0.06810318 -0.01268882
v 0.03882324 -0.06669388 -0.01257345
v 0.0157402 -0.01881912 -0.04267885
v 0.04791367 -0.07170593 0.0114169
v 0.05199783 -0.07070435 -0.002434144
v 0.0447525 -0.06969933 0.02238813
v 0.0296788 -0.03403892 0.02020558
v 0.03607834 -0.05796829 -0.009159303
v 0.04566071 -0.06819214 -0.0114839
v 0.05301819 -0.07000236 -0.00883069
v 0.0544696 -0.07986504 0.009606218
v 0.04999756 -0.0792659 0.01148459
v 0.04561752 -0.07618874 0.02594586
v 0.04970642 -0.07605614 0.0255053
v 0.05893448 -0.07878685 -0.006543093
v 0.05440308 -0.07891632 -0.003697534
v 0.08464035 -0.0722596 0.01947797
v 0.08472153 -0.07466202 0.008318358
v 0.04246094 -0.06207306 -0.02028768
v 0.03916412 -0.05275192 -0.01596771
v 0.08488434 -0.07426811 -0.006401234
v 0.05577194 -0.0654039 -0.01586092
v 0.0492691 -0.06440735 -0.01959475
v 0.04103897 -0.04870056 -0.02028005
v 0.04371643 -0.03817741 -0.02737516
v 0.009186401 -0.03381264 0.02001076
v -0.006935577 -0.03330223 0.02169297
v -0.006931458 -0.03056351 0.03656322
v 0.00237152 -0.03205727 0.02906846
v 0.06156616 -0.07245827 -0.02110947
v 0.05862167 -0.0741497 -0.01902863
v 0.04182892 -0.07068993 0.04000352
v 0.04486206 -0.07090691 0.04127012
v 0.03357635 -0.01844551 -0.03942008
v 0.03926758 -0.06481239 0.04665512
v 0.04396835 -0.06762299 0.04504621
v 0.030811 -0.06007919 0.04111317
v 0.0484166 -0.053657 -0.02903957
v 0.04607193 -0.05309669 -0.02880432
v 0.04395294 -0.06332672 -0.02039184
v 0.04309937 -0.06418228 0.04861086
v 0.05295547 -0.05399673 -0.02942046
v 0.0843863 -0.06671921 0.03584476
v 0.08455903 -0.06985718 0.03063757
v 0.003433838 -0.0286982 0.04740274
v 0.009032288 -0.03044945 0.03824807
v 0.0326001 -0.054505 0.04826676
v 0.02866241 -0.05416161 0.0444951
v 0.0589328 -0.05493057 -0.02794821
v 0.06223801 -0.06365524 -0.0332749
v 0.02004868 -0.03328621 0.02361202
v 0.0418605 -0.05544044 0.05294038
v 0.03768341 -0.05575294 0.05155665
v 0.01460098 -0.03155655 0.02157915
v 0.01486481 -0.01090347 0.01777782
v 0.005840149 -0.02930489 0.03321843
v 0.006104126 -0.00865181 0.0294171
v 0.06476532 -0.04821617 -0.04450359
v 0.0609819 -0.04162605 -0.03672223
v 0.04840286 -0.04304268 -0.0351712
v 0.04988144 -0.04311157 -0.03765619
v 0.03444916 -0.02457298 0.05870013
v 0.03905823 -0.02540939 0.05953704
v 0.02373169 -0.0282988 0.05097254
v 0.02400345 -0.01597275 0.04843655
v 0.06802521 -0.04703766 -0.0458887
v 0.06572693 -0.06164581 -0.03460456
v 0.01989456 -0.03027527 0.02888566
v 0.02015259 -0.009630127 0.02508291
v 0.05511551 -0.04170219 -0.03633729
v 0.03640884 -0.05404694 0.04783796
v 0.01447906 -0.02888733 0.03607967
v 0.01474304 -0.008234253 0.03227826
v 0.05057816 -0.02328529 -0.04314954
v 0.04530899 -0.01766777 -0.03441042
v 0.05287949 -0.02405388 -0.04453046
v 0.05733902 -0.02628708 -0.04398456
v 0.08557816 -0.0455439 -0.04443922
v 0.08532181 -0.05954536 -0.03393037
v 0.06912521 -0.02956688 -0.05291235
v 0.0663829 -0.03066032 -0.05277603
v 0.015522 -0.009287033 0.01555384
v 0.02395065 -0.01121521 0.005659018
v 0.02649368 -0.02115623 0.05462428
v 0.07448532 -0.02423523 0.0484968
v 0.1047359 -0.06242203 -0.03465247
v 0.1034442 -0.04899605 -0.04372497
v 0.01536209 -0.005931702 0.03378982
v 0.02165985 -0.004199295 0.04363782
v 0.1117512 -0.07959343 -0.001941742
v 0.1151414 -0.07953796 -0.003273954
v 0.1105203 -0.0726931 -0.02005246
v 0.1081198 -0.07292259 -0.02081804
v 0.02218231 -0.007680435 0.02474335
v 0.0306778 -0.009412003 0.0159266
v 0.03196259 -0.009834213 0.01370568
v 0.1170581 -0.07400619 -0.003657961
v 0.1134938 -0.0694323 -0.01761964
v 0.1192038 -0.08003579 0.0119336
v 0.1209793 -0.07534348 0.01085275
v 0.1156483 -0.07988968 0.01311845
v 0.0539444 -0.01021164 -0.04759815
v 0.05074005 -0.01011162 -0.04607361
v 0.1193616 -0.0770784 0.02639622
v 0.1215668 -0.07540848 0.03428067
v 0.0243132 0.00690979 0.04340612
v 0.02914642 0.008510437 0.0524586
v 0.06246841 -0.02664185 -0.04383306
v 0.03249176 0.008363342 0.05184571
v 0.03343948 0.009413834 0.05759612
v 0.1082663 -0.06402168 -0.03292747
v 0.1063097 -0.04855843 -0.04413545
v 0.08584 -0.02930542 -0.05254477
v 0.1025401 -0.02996155 -0.05253238
v 0.1144121 -0.06653007 -0.0149358
v 0.1172263 -0.07128044 -0.003657713
v 0.1234045 -0.077034 0.02667885
v 0.1249588 -0.07107582 0.02429498
v 0.1103828 -0.06164131 -0.03067533
v 0.03232544 -0.007087936 0.02864013
v 0.06317627 -0.01049202 -0.04849911
v 0.05832367 -0.01049362 -0.04883807
v 0.06756699 -0.01224396 -0.05776102
v 0.06998505 -0.0124868 -0.0588785
v 0.1244885 -0.07195564 0.04197404
v 0.1118898 -0.05666428 -0.02634819
v 0.1226068 -0.06922356 -0.0106656
v 0.1287427 -0.07341736 0.003344469
v 0.1083752 -0.04601044 -0.04152285
v 0.1256262 -0.06568481 0.04914088
v 0.02336029 0.006719971 0.04230285
v 0.09608704 -0.02449257 0.04882913
v 0.127598 -0.07115524 0.0405029
v 0.1292468 -0.06602104 0.03866035
v 0.03498703 -0.00577179 0.03596531
v 0.02924164 -0.005073776 0.03937975
v 0.1343909 -0.07378387 0.002215275
v 0.1279382 -0.06901222 -0.01183524
v 0.03806976 0.009528885 0.05856067
v 0.1172791 -0.06008759 -0.02453585
v 0.08608536 -0.01252571 -0.05802138
v 0.131037 -0.06554649 -0.01140701
v 0.1374832 -0.06925133 0.001844587
v 0.1101474 -0.04275604 -0.03586487
v 0.1226471 -0.05901657 -0.02481087
v 0.1192218 -0.04455299 -0.03505317
v 0.1144385 -0.0449041 -0.03469348
v 0.1021674 -0.0128344 -0.05855091
v 0.07392593 0.007015305 0.04737011
v 0.1413266 -0.07444962 0.01621222
v 0.1452078 -0.06937851 0.01689621
v 0.1255844 -0.05665314 -0.02366947
v 0.1216632 -0.04326393 -0.03380188
v 0.1385464 -0.06464066 0.003010016
v 0.1318527 -0.05974556 -0.01090953
v 0.1073152 -0.02928078 -0.04920835
v 0.1052504 -0.03099251 -0.05241532
v 0.1090562 -0.027117 -0.04341294
v 0.1349216 -0.07515839 0.01668762
v 0.1423682 -0.07113586 0.03066343
v 0.1484286 -0.0718589 0.02970872
v 0.124429 -0.03816742 -0.02940036
v 0.1273868 -0.05068085 -0.02129158
v 0.1270642 -0.05635254 0.05382371
v 0.1310486 -0.05665436 0.05245534
v 0.1326584 -0.05521019 0.04906974
v 0.1304062 -0.02504204 0.06029077
v 0.1494131 -0.06706383 0.04376178
v 0.1521881 -0.06151825 0.05017702
v 0.1493176 -0.06848816 0.02471566
v 0.1553271 -0.0662532 0.04227838
v 0.1191849 -0.02747536 -0.04161164
v 0.1172623 -0.02810341 -0.04265841
v 0.1545813 -0.05291244 0.05440796
v 0.1471429 -0.06472275 0.01970729
v 0.1579337 -0.06530807 0.01779822
v 0.1087767 -0.01099396 -0.0481248
v 0.1065044 -0.0123922 -0.05588949
v 0.1387384 -0.0612606 0.02845849
v 0.1421521 -0.0622683 0.02321256
v 0.145788 -0.03712273 0.01625283
v 0.1375159 -0.05386284 0.03338203
v 0.1373288 -0.06015068 0.03441956
v 0.1597937 -0.03761627 0.01345378
v 0.1471716 -0.06303238 0.0194108
v 0.09732392 0.006793442 0.04773002
v 0.1350104 -0.02564957 0.05973206
v 0.1363086 -0.02437241 0.05470125
v 0.1588171 -0.06168922 0.04880098
v 0.1579715 -0.06245094 0.04030627
v 0.1691443 -0.06217148 0.04114144
v 0.1181152 -0.01086914 -0.04681946
v 0.1165985 -0.01094818 -0.04731923
v 0.1232281 -0.02586693 -0.03406204
v 0.123035 -0.0092276 -0.03757486
v 0.1714819 -0.06323975 0.02625039
v 0.1714633 -0.0361792 0.02160385
v 0.16116 -0.05812355 0.04561999
v 0.1598849 -0.02468437 0.06014904
v 0.1665476 -0.05624702 0.0470798
v 0.173551 -0.0580455 0.04003754
v 0.1321228 0.00852272 0.05953061
v 0.1360104 0.008280563 0.05846626
v 0.1644287 -0.03179039 0.04649437
v 0.1734137 -0.03372017 0.03554981
v 0.1478159 0.005688934 0.04519227
v 0.1476096 -0.03070839 0.05128476
v 0.1643027 -0.03089722 0.05141436
v 0.1647861 0.005514679 0.04541191
v 0.1678546 0.005654831 0.04636094
v 0.1402914 0.00488205 0.04030526
v 0.136629 -0.02617371 0.04084418
v 0.1626224 0.008095017 0.0592872
v 0.1379144 0.007298126 0.05326876
v 0.1685642 0.008020706 0.0593732
v 0.172854 0.007313538 0.05574394
v -0.01833801 0.002264785 -0.03906144
v -0.01677063 0.02317085 -0.039529
v -0.01320816 0.02013481 -0.03205201
v -0.01419205 0.00366539 -0.03119751
v -0.0008467102 0.02198143 -0.04549578
v -0.001775512 0.001000213 -0.04483533
v 0.01619415 0.0005169677 -0.04622516
v 0.01628571 0.02151665 -0.04682556
v 0.03392105 0.0008950805 -0.0429526
v 0.03318253 0.0218811 -0.04370837
v 0.001316375 0.04016975 -0.03967583
v -0.01272278 0.04026504 -0.03533783
v 0.01602097 0.03977142 -0.04081864
v 0.006419067 0.01691071 0.02471413
v 0.01579269 0.01234344 0.01156938
v 0.02432205 0.01043007 0.001733226
v 0.04554932 0.001668395 -0.03797029
v 0.04523453 0.01605293 -0.03917184
v 0.04534164 -0.0080336 -0.03638176
v 0.05092087 0.003683243 -0.04811316
v 0.05323349 0.003847885 -0.04966207
v 0.05782043 0.006062012 -0.0500289
v 0.01517975 0.01465912 0.01307485
v 0.01544388 0.03531212 0.009273517
v 0.01563873 0.01570663 0.0298067
v 0.01505859 0.01732956 0.02756548
v 0.02193649 0.01743896 0.0396547
v 0.03051941 0.0400824 -0.038133
v 0.006683045 0.03756378 0.0209128
v 0.022453 0.01395004 0.02075889
v 0.03242874 0.01482635 0.02619377
v 0.03116806 0.01222626 0.01195706
v 0.004326935 0.04211044 0.03437995
v -0.005520935 0.05411247 -0.02447839
v -0.003100891 0.04771782 -0.01808964
v -0.009571381 0.03539253 -0.02786381
v 0.004436188 0.05323647 -0.02810118
v 0.06684723 0.006754837 -0.05966668
v 0.06289749 0.005886841 -0.04987895
v 0.02047424 0.01594154 0.02037147
v 0.02073746 0.0365934 0.01658003
v 0.03234726 0.01183952 0.009925537
v 0.02457962 0.03008919 0.0399537
v 0.01532196 0.03798141 0.02377404
v 0.01542618 0.05294067 -0.0289528
v 0.05191833 0.01842644 -0.04931874
v 0.04993546 0.01801308 -0.04808201
v 0.04456329 0.0226429 -0.03874327
v 0.08627289 0.005095749 -0.05887667
v 0.06976013 0.005615234 -0.0601152
v 0.009919434 0.04035133 0.02522393
v 0.03483734 0.01607162 0.0331308
v 0.02628342 0.05317306 -0.02695237
v 0.02094238 0.03752365 0.01057934
v 0.03056457 0.03677689 0.0071732
v 0.06569962 0.02613724 -0.05819129
v 0.06180099 0.0228405 -0.04859585
v 0.05654098 0.02108765 -0.04930572
v 0.1027197 0.004711609 -0.05999793
v 0.02723145 0.03707474 0.0439023
v 0.0497464 0.03258499 -0.0472238
v 0.04803482 0.03197807 -0.04628623
v 0.06868027 0.0268499 -0.05834894
v 0.08644165 0.02315552 -0.05708541
v 0.0246254 0.04251106 0.03793985
v 0.04054993 0.04063293 -0.03356215
v 0.008092957 0.05952301 -0.01226281
v 0.01459503 0.05934944 -0.01275897
v 0.03662064 0.04999596 -0.02748054
v 0.03986343 0.04120377 0.04740977
v 0.07525177 0.03660484 0.03729769
v 0.02100159 0.05948311 -0.01157831
v 0.03321732 0.07152702 0.005173698
v 0.02894363 0.07274933 -0.003740802
v 0.03364929 0.07047462 0.01254252
v 0.03242889 0.06852592 0.01744576
v 0.0548082 0.03330673 -0.04720758
v 0.1094699 0.00573906 -0.04945009
v 0.1075838 0.005727463 -0.0562841
v 0.0635968 0.04462059 -0.05320199
v 0.06010849 0.03844299 -0.04513334
v 0.02397827 0.05057571 0.03094906
v 0.02731186 0.05205231 0.03648927
v 0.04482574 0.04491386 -0.04198387
v 0.04036499 0.05539909 -0.03505211
v 0.111969 -0.01106201 -0.0482936
v 0.1127315 0.005601502 -0.04974414
v 0.03015015 0.06425285 0.02270467
v 0.03192184 0.05630058 -0.01959036
v 0.08657288 0.03998871 -0.05224638
v 0.06719849 0.04232964 -0.05436308
v 0.1196133 0.006468811 -0.04784813
v 0.1177081 0.00673233 -0.04906768
v 0.02607285 0.05964745 -0.009227162
v 0.1042575 0.02635361 -0.05817696
v 0.1234241 0.003738022 -0.039773
v 0.03518829 0.06328407 -0.02648452
v 0.03923981 0.06802856 0.0287804
v 0.0434201 0.06812805 0.03020894
v 0.1072472 0.02558189 -0.05777832
v 0.1057268 0.006254425 -0.05926515
v 0.06029343 0.05958572 -0.04364108
v 0.05725739 0.05260681 -0.03757961
v 0.02958755 0.06857727 -0.01681687
v 0.02595596 0.07128494 -0.009782481
v 0.1091661 0.02420837 -0.05479575
v 0.03411392 0.06581398 0.02612498
v 0.03789902 0.06513916 0.02589963
v 0.09684296 0.03643341 0.03761952
v 0.1109642 0.02300987 -0.04798382
v 0.04644989 0.04581352 -0.04276003
v 0.05062561 0.05016235 -0.04053037
v 0.04744751 0.05757912 -0.03498177
v 0.04192245 0.05663452 -0.03564012
v 0.03665054 0.06449699 -0.02673816
v 0.03104385 0.06977509 -0.01688095
v 0.04491516 0.06241577 -0.03046418
v 0.03695908 0.07050781 -0.01583002
v 0.1200919 0.02475594 -0.04780623
v 0.1148636 0.02440399 -0.04850454
v 0.02689972 0.07219963 -0.009318051
v 0.1225088 0.02394249 -0.04616711
v 0.1252063 0.02089836 -0.04020972
v 0.03162308 0.0738208 -0.005922914
v 0.05367508 0.06243744 -0.026937
v 0.04967804 0.06841408 -0.01437875
v 0.06365097 0.06082077 -0.04311542
v 0.1059424 0.04192863 -0.05431135
v 0.03665146 0.07291252 0.004400277
v 0.1089131 0.05695091 -0.04528339
v 0.08662964 0.05390976 -0.04360877
v 0.1096289 0.04397507 -0.05279761
v 0.05626511 0.06959732 -0.0310263
v 0.111572 0.0413475 -0.05000696
v 0.03633362 0.07032982 0.0194081
v 0.03965378 0.06989037 0.01906077
v 0.1126721 0.037192 -0.04505389
v 0.03723022 0.07210602 0.01301974
v 0.04594589 0.07249321 -0.002439002
v 0.0597319 0.07074615 -0.03011052
v 0.04161468 0.07156509 0.01223305
v 0.04337952 0.07705124 0.01257079
v 0.04102295 0.07471085 0.02097783
v 0.05193939 0.07543137 -0.01698203
v 0.04497543 0.07515053 0.02254451
v 0.04754837 0.07780876 -0.002384791
v 0.1239218 0.04183449 -0.04336842
v 0.1178143 0.03994522 -0.04466351
v 0.04674316 0.07834999 0.01381119
v 0.05551208 0.07657989 -0.01586777
v 0.08612534 0.07154694 0.01039662
v 0.05117172 0.07877113 -0.001148724
v 0.1130264 0.05886192 -0.04324427
v 0.1159604 0.05272697 -0.03673055
v 0.1148889 0.05529396 -0.04119935
v 0.1485159 0.04187111 0.03793393
v 0.1373883 0.03417259 0.02974582
v 0.1312207 0.04018578 0.04828776
v 0.1188882 0.06095604 -0.02798943
v 0.1187408 0.06412544 -0.02925731
v 0.1170108 0.0688517 -0.03057702
v 0.1358429 0.04045349 0.04757449
v 0.1370087 0.03857895 0.04279659
v 0.1608264 0.03801125 0.04896538
v 0.1125798 0.06786346 -0.03303858
v 0.1225607 0.05397614 -0.03678439
v 0.1287314 0.06402512 -0.02552549
v 0.1425632 0.03985115 0.0280611
v 0.139053 0.06331604 0.01006101
v 0.138887 0.06361687 0.01164173
v 0.1227728 0.06951042 -0.01590759
v 0.1211429 0.07462448 -0.01652755
v 0.1560422 0.0635466 0.0329727
v 0.1390991 0.06067184 -0.02210622
v 0.1334174 0.05417557 -0.03175971
v 0.133277 0.04739334 -0.03048675
v 0.1390909 0.05589622 -0.02106444
v 0.1286163 0.06722321 0.03108261
v 0.1492572 0.0389389 0.02288754
v 0.1599911 0.03641525 0.008574808
v 0.160708 0.03492241 0.0001088571
v 0.1173694 0.07572723 -0.01625933
v 0.1273404 0.0741246 0.0232335
v 0.1212579 0.07807625 -0.00216886
v 0.08921708 0.07326874 -0.007189722
v 0.08892624 0.06913895 -0.01812453
v 0.1217084 0.07804459 -0.000498681
v 0.08634308 0.07259346 0.004400859
v 0.1595306 0.06201698 -0.005633121
v 0.1263654 0.07764626 0.01444594
v 0.1268173 0.0716468 -0.001712021
v 0.1253418 0.07697266 -0.001660423
v 0.1268097 0.07055138 -0.001502962
v 0.1234769 0.06819305 -0.01303571
v 0.1371713 0.07121971 -0.009443884
v 0.1361316 0.06495193 -0.02331681
v 0.1431418 0.07039589 -0.01044685
v 0.1459531 0.06544769 -0.009751711
v 0.1598431 0.03955315 0.02637104
v 0.1308154 0.07132103 0.01284635
v 0.1294418 0.07629929 0.01336671
v 0.1441544 0.07338219 0.004194718
v 0.1730628 0.06276108 0.003070235
v 0.1538077 0.07011101 0.0259502
v 0.132102 0.07001419 0.01781576
v 0.1511719 0.07309792 0.01797092
v 0.1313327 0.07374947 0.021887
v 0.1502457 0.07260468 0.003124318
v 0.1692801 0.06780807 0.005242648
v 0.1596042 0.06735908 0.0164235
v 0.1572287 0.07201096 0.01686048
v 0.1709241 0.06723022 0.01654182
v 0.1627072 0.0651284 0.02293999
v 0.1680551 0.06376343 0.0249908
v 0.1715537 0.0606282 0.0250021
v 0.1604706 0.0696508 0.02463184
v 0.175271 0.06281189 0.01701569
v 0.08652405 0.06541931 -0.02820982
v 0.1045374 -0.01259247 -0.05708881
v 0.1128076 -0.02831688 -0.04234182
v 0.1295114 0.05565956 -0.03477431
v 0.08507752 -0.06948196 -0.02090575
v 0.1452084 -0.06493355 0.01542858
v 0.1701224 -0.05340324 0.04597852
v 0.1266132 0.03910568 -0.0417364
v 0.128522 0.03537209 -0.03702089
v 0.1444241 0.05981461 -0.01154595
v 0.1364847 0.03991478 0.02651307
v 0.1355701 -0.03265869 0.03986419
v 0.1223465 0.04966309 -0.03623268
v 0.1223465 -0.05800682 -0.02487122
v 0.1443936 -0.069338 0.02028268
v 0.1503937 0.0688578 0.0009855079
v 0.1203467 0.01091011 -0.04515381
v 0.1203467 -0.02539085 -0.03874537
v 0.1503937 -0.02905418 0.05455618
v 0.1503937 0.05266335 0.03577788
v -0.0002581787 -0.01676979 -0.03531198
v -0.01536026 -0.01560936 -0.03001889
v 0.03314285 -0.0168885 -0.03365392
v 0.01655533 -0.01723587 -0.03668456
v 0.04405426 -0.01616516 -0.02899492
v 0.01697739 0.0007466125 -0.03998262
v 0.03346359 0.001098327 -0.03693915
v 0.0002656555 0.00119606 -0.0386901
v 0.04402252 0.002690811 -0.03217173
vt 0.1410712 0.7912007
vt 0.1410712 0.7865511
vt 0.1364216 0.7865511
vt 0.08013731 0.751956
vt 0.08073163 0.7515207
vt 0.08065217 0.7511739
vt 0.08113926 0.7506663
vt 0.08047384 0.7508256
vt 0.08065217 0.7511739
vt 0.07986104 0.7547662
vt 0.08145993 0.754199
vt 0.07980978 0.7545832
vt 0.0797168 0.7523647
vt 0.07952493 0.7527225
vt 0.07948231 0.7529381
vt 0.08111023 0.7535374
vt 0.0797733 0.7538685
vt 0.07976096 0.7542829
vt 0.08275157 0.7541765
vt 0.08291012 0.7541367
vt 0.08292889 0.7541356
vt 0.08262884 0.7542081
vt 0.08245509 0.7540531
vt 0.08222419 0.7543636
vt 0.08294117 0.7539357
vt 0.08309859 0.7535781
vt 0.08272987 0.7537985
vt 0.08200162 0.7528013
vt 0.08254361 0.7523894
vt 0.08176112 0.752494
vt 0.08404248 0.7514005
vt 0.08278799 0.7517546
vt 0.0832557 0.7518988
vt 0.08359438 0.7454262
vt 0.08393162 0.7430733
vt 0.08118486 0.7445817
vt 0.0869978 0.7231995
vt 0.08880507 0.722505
vt 0.08742308 0.7221198
vt 0.0767616 0.7247785
vt 0.08005076 0.7210577
vt 0.07667267 0.722111
vt 0.08153057 0.7349083
vt 0.08273577 0.7333817
vt 0.0814355 0.7335693
vt 0.06565999 0.7098645
vt 0.06018239 0.709232
vt 0.06173741 0.7137204
vt 0.09640771 0.7212233
vt 0.09399527 0.7226
vt 0.09874051 0.7242757
vt 0.09777945 0.725492
vt 0.09874051 0.7242757
vt 0.09399527 0.7226
vt 0.08703505 0.7247786
vt 0.09399527 0.7226
vt 0.08880507 0.722505
vt 0.09833437 0.7538984
vt 0.09565538 0.7545705
vt 0.0971269 0.7568428
vt 0.1219953 0.7542707
vt 0.1230566 0.7556543
vt 0.1242412 0.7529672
vt 0.08663988 0.7559633
vt 0.08710432 0.7561685
vt 0.08709961 0.755383
vt 0.08591276 0.7568864
vt 0.08568918 0.756379
vt 0.08497124 0.7566111
vt 0.08574062 0.7559653
vt 0.08561825 0.7556478
vt 0.08527374 0.7559948
vt 0.08789426 0.7582851
vt 0.08693379 0.7579731
vt 0.08772873 0.7582922
vt 0.08513593 0.757745
vt 0.08535456 0.7578013
vt 0.08497124 0.7566111
vt 0.08591276 0.7568864
vt 0.08577877 0.7578543
vt 0.08631521 0.75791
vt 0.08497124 0.7566111
vt 0.08432322 0.7568186
vt 0.08465534 0.7575006
vt 0.08513593 0.757745
vt 0.08465534 0.7575006
vt 0.08499008 0.7577872
vt 0.08437031 0.7551013
vt 0.08391308 0.755515
vt 0.08458 0.7553753
vt 0.08478349 0.7549043
vt 0.08497142 0.7551476
vt 0.08525198 0.754803
vt 0.08821898 0.7540585
vt 0.08901643 0.7550746
vt 0.08891785 0.753886
vt 0.1097437 0.7498956
vt 0.108712 0.751644
vt 0.1101621 0.7513598
vt 0.1207027 0.7408115
vt 0.1193795 0.7408516
vt 0.1221539 0.7424392
vt 0.1292173 0.7474837
vt 0.1314111 0.7448541
vt 0.1289348 0.7452367
vt 0.12583 0.745128
vt 0.1246742 0.7453991
vt 0.1260187 0.7467036
vt 0.1356824 0.7434173
vt 0.1359027 0.7488843
vt 0.1360985 0.7451988
vt 0.1360985 0.7451988
vt 0.1359027 0.7488843
vt 0.1362125 0.7467898
vt 0.1292173 0.7474837
vt 0.1279135 0.7558764
vt 0.1303848 0.7548368
vt 0.1178388 0.7407073
vt 0.1159111 0.7385911
vt 0.1147196 0.7393479
vt 0.1185627 0.7467719
vt 0.1204784 0.7464462
vt 0.1178388 0.7407073
vt 0.1185627 0.7467719
vt 0.1178388 0.7407073
vt 0.1147196 0.7393479
vt 0.08448398 0.7548342
vt 0.08447444 0.7548501
vt 0.08441972 0.7549847
vt 0.07892197 0.7557649
vt 0.07874453 0.755586
vt 0.07817274 0.7563431
vt 0.07827532 0.7564406
vt 0.07817274 0.7563431
vt 0.077757 0.7570239
vt 0.0796256 0.7549152
vt 0.07957977 0.7547207
vt 0.07874453 0.755586
vt 0.07874453 0.755586
vt 0.07856374 0.7553123
vt 0.07801282 0.7562156
vt 0.07817274 0.7563431
vt 0.07801282 0.7562156
vt 0.07787597 0.7571214
vt 0.07986104 0.7547662
vt 0.07980978 0.7545832
vt 0.07957977 0.7547207
vt 0.07957977 0.7547207
vt 0.07953143 0.7544055
vt 0.07856374 0.7553123
vt 0.07801282 0.7562156
vt 0.07856374 0.7553123
vt 0.07832247 0.7548781
vt 0.07957977 0.7547207
vt 0.07980978 0.7545832
vt 0.07976096 0.7542829
vt 0.08111023 0.7535374
vt 0.07976096 0.7542829
vt 0.07980978 0.7545832
vt 0.07925397 0.7528723
vt 0.07948231 0.7529381
vt 0.07952493 0.7527225
vt 0.07935351 0.7525694
vt 0.07859194 0.7526404
vt 0.078763 0.7529933
vt 0.0797733 0.7538685
vt 0.07949036 0.7540173
vt 0.07953143 0.7544055
vt 0.07856374 0.7553123
vt 0.07953143 0.7544055
vt 0.07949036 0.7540173
vt 0.07874947 0.7531103
vt 0.07864749 0.7540101
vt 0.07948154 0.7535794
vt 0.077757 0.7570239
vt 0.07771646 0.7574435
vt 0.07555341 0.7578031
vt 0.078763 0.7529933
vt 0.07791721 0.7534467
vt 0.07789891 0.7535875
vt 0.07864749 0.7540101
vt 0.07874947 0.7531103
vt 0.07789891 0.7535875
vt 0.07942295 0.7524081
vt 0.07935351 0.7525694
vt 0.07959419 0.7525046
vt 0.0797168 0.7523647
vt 0.07959419 0.7525046
vt 0.07952493 0.7527225
vt 0.0797168 0.7523647
vt 0.07948231 0.7529381
vt 0.07983738 0.7532902
vt 0.07950019 0.7522105
vt 0.07942295 0.7524081
vt 0.07959419 0.7525046
vt 0.07801282 0.7562156
vt 0.07763391 0.7559659
vt 0.0775609 0.7572988
vt 0.07859194 0.7526404
vt 0.0776214 0.7531059
vt 0.07791721 0.7534467
vt 0.07791721 0.7534467
vt 0.0770483 0.754159
vt 0.07708597 0.7543184
vt 0.07771646 0.7574435
vt 0.077757 0.7570239
vt 0.07787597 0.7571214
vt 0.07948154 0.7535794
vt 0.07864749 0.7540101
vt 0.07949036 0.7540173
vt 0.07832247 0.7548781
vt 0.07949036 0.7540173
vt 0.07864749 0.7540101
vt 0.0776214 0.7531059
vt 0.07859194 0.7526404
vt 0.07797443 0.7517568
vt 0.07898932 0.7512687
vt 0.07797443 0.7517568
vt 0.07942295 0.7524081
vt 0.07983738 0.7532902
vt 0.07949036 0.7540173
vt 0.0797733 0.7538685
vt 0.07983738 0.7532902
vt 0.0797733 0.7538685
vt 0.08111023 0.7535374
vt 0.0775597 0.7549382
vt 0.07832247 0.7548781
vt 0.07812482 0.7543705
vt 0.0797168 0.7523647
vt 0.08013731 0.751956
vt 0.07996922 0.7516636
vt 0.08013731 0.751956
vt 0.0797168 0.7523647
vt 0.07983738 0.7532902
vt 0.0776214 0.7531059
vt 0.07671397 0.7538348
vt 0.0770483 0.754159
vt 0.07675242 0.7526335
vt 0.07621783 0.7531865
vt 0.07671397 0.7538348
vt 0.07764601 0.7510568
vt 0.07905387 0.7505414
vt 0.0789442 0.7501779
vt 0.07622814 0.7519295
vt 0.07764601 0.7510568
vt 0.07730859 0.7507969
vt 0.08013731 0.751956
vt 0.08125954 0.7529572
vt 0.08073163 0.7515207
vt 0.07898932 0.7512687
vt 0.07950019 0.7522105
vt 0.07996922 0.7516636
vt 0.08047384 0.7508256
vt 0.07898932 0.7512687
vt 0.07996922 0.7516636
vt 0.07674407 0.746502
vt 0.07492309 0.7477213
vt 0.07730859 0.7507969
vt 0.07675242 0.7526335
vt 0.07797443 0.7517568
vt 0.07764601 0.7510568
vt 0.0765444 0.755048
vt 0.07715147 0.7556425
vt 0.0775597 0.7549382
vt 0.07797443 0.7517568
vt 0.07898932 0.7512687
vt 0.07905387 0.7505414
vt 0.07492309 0.7477213
vt 0.07291114 0.7497421
vt 0.0757355 0.7518582
vt 0.075639 0.7540871
vt 0.07614564 0.7546499
vt 0.07671397 0.7538348
vt 0.0775597 0.7549382
vt 0.07715147 0.7556425
vt 0.07763391 0.7559659
vt 0.07699471 0.7562438
vt 0.07763391 0.7559659
vt 0.07715147 0.7556425
vt 0.07699471 0.7562438
vt 0.07697039 0.7574698
vt 0.0775609 0.7572988
vt 0.08198779 0.7538088
vt 0.08230531 0.7534763
vt 0.08201283 0.7534538
vt 0.08160781 0.7536143
vt 0.08111023 0.7535374
vt 0.08145993 0.754199
vt 0.08145993 0.754199
vt 0.08222419 0.7543636
vt 0.08245509 0.7540531
vt 0.0757355 0.7518582
vt 0.07455074 0.7534815
vt 0.0748617 0.7533348
vt 0.07905387 0.7505414
vt 0.08042353 0.7502594
vt 0.08054006 0.7500101
vt 0.07787597 0.7571214
vt 0.0775609 0.7572988
vt 0.07834863 0.7585776
vt 0.0748617 0.7533348
vt 0.075639 0.7540871
vt 0.07621783 0.7531865
vt 0.08042353 0.7502594
vt 0.08111691 0.7502021
vt 0.080859 0.7499099
vt 0.08073163 0.7515207
vt 0.0811876 0.7513263
vt 0.08119589 0.7509425
vt 0.08073163 0.7515207
vt 0.08125954 0.7529572
vt 0.08176112 0.752494
vt 0.07611995 0.7563085
vt 0.0765444 0.755048
vt 0.0765205 0.7548993
vt 0.0765444 0.755048
vt 0.07611995 0.7563085
vt 0.07699471 0.7562438
vt 0.08245509 0.7540531
vt 0.08272987 0.7537985
vt 0.08230531 0.7534763
vt 0.080859 0.7499099
vt 0.08111691 0.7502021
vt 0.08121466 0.7498118
vt 0.07599407 0.7562604
vt 0.0765205 0.7548993
vt 0.07614564 0.7546499
vt 0.08054006 0.7500101
vt 0.080859 0.7499099
vt 0.07986789 0.7450549
vt 0.08230531 0.7534763
vt 0.08255171 0.7530579
vt 0.08223074 0.7530521
vt 0.0818088 0.7509165
vt 0.08119589 0.7509425
vt 0.0811876 0.7513263
vt 0.080859 0.7499099
vt 0.08121466 0.7498118
vt 0.08118486 0.7445817
vt 0.075639 0.7540871
vt 0.0748617 0.7533348
vt 0.07387763 0.7554535
vt 0.07614564 0.7546499
vt 0.075639 0.7540871
vt 0.075042 0.7560376
vt 0.08156037 0.7531515
vt 0.08125954 0.7529572
vt 0.08111023 0.7535374
vt 0.08121466 0.7498118
vt 0.08111691 0.7502021
vt 0.08194929 0.7501474
vt 0.08291786 0.7541593
vt 0.08291012 0.7541367
vt 0.08275157 0.7541765
vt 0.08293294 0.754005
vt 0.08275157 0.7541765
vt 0.08292889 0.7541356
vt 0.07378047 0.758236
vt 0.07517927 0.7581984
vt 0.075042 0.7560376
vt 0.07697039 0.7574698
vt 0.07699471 0.7562438
vt 0.07611995 0.7563085
vt 0.07599407 0.7562604
vt 0.07611924 0.7577481
vt 0.07616496 0.7576141
vt 0.08194929 0.7501474
vt 0.08445334 0.7508873
vt 0.08481717 0.7504375
vt 0.08223074 0.7530521
vt 0.08255171 0.7530579
vt 0.08254361 0.7523894
vt 0.08272987 0.7537985
vt 0.08309859 0.7535781
vt 0.08255171 0.7530579
vt 0.08255171 0.7530579
vt 0.08309859 0.7535781
vt 0.08361107 0.7526526
vt 0.07378047 0.758236
vt 0.07387763 0.7554535
vt 0.07351028 0.7556923
vt 0.08291786 0.7541593
vt 0.0827744 0.7543311
vt 0.08306258 0.7541717
vt 0.08278799 0.7517546
vt 0.0818088 0.7509165
vt 0.08165127 0.7512941
vt 0.075042 0.7560376
vt 0.07517927 0.7581984
vt 0.07572031 0.7579675
vt 0.08121466 0.7498118
vt 0.08206433 0.749682
vt 0.08359438 0.7454262
vt 0.08278799 0.7517546
vt 0.08404248 0.7514005
vt 0.08186316 0.7505638
vt 0.08176112 0.752494
vt 0.08125954 0.7529572
vt 0.08156037 0.7531515
vt 0.08296585 0.7541126
vt 0.0831393 0.7539685
vt 0.08293294 0.754005
vt 0.08254361 0.7523894
vt 0.08300578 0.7521936
vt 0.08278799 0.7517546
vt 0.08295452 0.7541397
vt 0.08306258 0.7541717
vt 0.0831393 0.7539685
vt 0.08278799 0.7517546
vt 0.08300578 0.7521936
vt 0.0832557 0.7518988
vt 0.08255171 0.7530579
vt 0.08300578 0.7521936
vt 0.08254361 0.7523894
vt 0.07715278 0.7599463
vt 0.07813227 0.7594038
vt 0.07697039 0.7574698
vt 0.08294117 0.7539357
vt 0.08272987 0.7537985
vt 0.08245509 0.7540531
vt 0.07611924 0.7577481
vt 0.077026 0.7600779
vt 0.07715278 0.7599463
vt 0.07611924 0.7577481
vt 0.07572031 0.7579675
vt 0.07654494 0.7601265
vt 0.07350867 0.7585699
vt 0.07351028 0.7556923
vt 0.07041198 0.7556373
vt 0.07481259 0.7612017
vt 0.07378047 0.758236
vt 0.07350867 0.7585699
vt 0.07813227 0.7594038
vt 0.07834863 0.7585776
vt 0.0775609 0.7572988
vt 0.08294117 0.7539357
vt 0.08262884 0.7542081
vt 0.08275157 0.7541765
vt 0.08275157 0.7541765
vt 0.08262884 0.7542081
vt 0.08258622 0.7545242
vt 0.08258622 0.7545242
vt 0.08262884 0.7542081
vt 0.08222419 0.7543636
vt 0.08300578 0.7521936
vt 0.08361107 0.7526526
vt 0.08370584 0.7520618
vt 0.08206433 0.749682
vt 0.08481717 0.7504375
vt 0.0868113 0.7466197
vt 0.0661053 0.759458
vt 0.07065111 0.7594453
vt 0.07041198 0.7556373
vt 0.08332353 0.7538147
vt 0.08294117 0.7539357
vt 0.08293294 0.754005
vt 0.08404248 0.7514005
vt 0.0832557 0.7518988
vt 0.08370584 0.7520618
vt 0.08332353 0.7538147
vt 0.08391135 0.7533541
vt 0.08309859 0.7535781
vt 0.06913089 0.7444316
vt 0.06826198 0.7439757
vt 0.06596541 0.7490267
vt 0.08258622 0.7545242
vt 0.08317834 0.7541741
vt 0.08306258 0.7541717
vt 0.08323109 0.7546563
vt 0.08258622 0.7545242
vt 0.08218413 0.75551
vt 0.08309859 0.7535781
vt 0.08391135 0.7533541
vt 0.08361107 0.7526526
vt 0.06826198 0.7439757
vt 0.06659722 0.7432877
vt 0.06458944 0.7482099
vt 0.07008993 0.7387377
vt 0.06659722 0.7432877
vt 0.06826198 0.7439757
vt 0.08317834 0.7541741
vt 0.08332353 0.7538147
vt 0.0831393 0.7539685
vt 0.06913089 0.7444316
vt 0.07204228 0.7409201
vt 0.07125782 0.7400432
vt 0.07839137 0.7611676
vt 0.07715278 0.7599463
vt 0.077026 0.7600779
vt 0.07204228 0.7409201
vt 0.07492309 0.7477213
vt 0.07674407 0.746502
vt 0.07532966 0.7386171
vt 0.07674407 0.746502
vt 0.07870888 0.7455845
vt 0.08577144 0.7528302
vt 0.08370584 0.7520618
vt 0.08361107 0.7526526
vt 0.07517927 0.7581984
vt 0.07378047 0.758236
vt 0.07481259 0.7612017
vt 0.08691674 0.7521968
vt 0.08445334 0.7508873
vt 0.08404248 0.7514005
vt 0.06582957 0.7545671
vt 0.06508105 0.7537065
vt 0.06531661 0.7597189
vt 0.07468408 0.7615647
vt 0.07350867 0.7585699
vt 0.07065111 0.7594453
vt 0.06841289 0.7654455
vt 0.07217997 0.763325
vt 0.07065111 0.7594453
vt 0.0634191 0.7473691
vt 0.06458944 0.7482099
vt 0.06659722 0.7432877
vt 0.07125782 0.7400432
vt 0.07204228 0.7409201
vt 0.07532966 0.7386171
vt 0.0752688 0.737451
vt 0.07447236 0.7356717
vt 0.07008993 0.7387377
vt 0.06596541 0.7490267
vt 0.06458944 0.7482099
vt 0.06400477 0.7535547
vt 0.08317834 0.7541741
vt 0.08258622 0.7545242
vt 0.08323109 0.7546563
vt 0.07808274 0.7619551
vt 0.07654494 0.7601265
vt 0.07608687 0.7604579
vt 0.07608687 0.7604579
vt 0.07481259 0.7612017
vt 0.07695966 0.7637646
vt 0.07695966 0.7637646
vt 0.07481259 0.7612017
vt 0.07468408 0.7615647
vt 0.07008993 0.7387377
vt 0.0657432 0.7429893
vt 0.06659722 0.7432877
vt 0.07986789 0.7450549
vt 0.07955294 0.7363744
vt 0.07743453 0.7375072
vt 0.06458944 0.7482099
vt 0.0634191 0.7473691
vt 0.06166166 0.7534532
vt 0.0657432 0.7429893
vt 0.07008993 0.7387377
vt 0.06583178 0.7371598
vt 0.06400477 0.7535547
vt 0.0641089 0.7601863
vt 0.06531661 0.7597189
vt 0.07743453 0.7375072
vt 0.0752688 0.737451
vt 0.07532966 0.7386171
vt 0.07955294 0.7363744
vt 0.07986789 0.7450549
vt 0.08118486 0.7445817
vt 0.08502703 0.7534972
vt 0.08361107 0.7526526
vt 0.08391135 0.7533541
vt 0.08359438 0.7454262
vt 0.0868113 0.7466197
vt 0.08834463 0.7434385
vt 0.07934576 0.7355423
vt 0.07937318 0.7339663
vt 0.07447236 0.7356717
vt 0.08396363 0.7537914
vt 0.08317834 0.7541741
vt 0.08367502 0.7541541
vt 0.07934576 0.7355423
vt 0.0752688 0.737451
vt 0.07743453 0.7375072
vt 0.06583178 0.7371598
vt 0.06415468 0.7349432
vt 0.05984973 0.7420886
vt 0.08749824 0.7518788
vt 0.08481717 0.7504375
vt 0.08445334 0.7508873
vt 0.05993467 0.7511246
vt 0.06166166 0.7534532
vt 0.0634191 0.7473691
vt 0.07681345 0.7640856
vt 0.07468408 0.7615647
vt 0.07217997 0.763325
vt 0.05761379 0.7411779
vt 0.05984973 0.7420886
vt 0.06415468 0.7349432
vt 0.06166166 0.7534532
vt 0.06166976 0.7606116
vt 0.0641089 0.7601863
vt 0.05742287 0.7599643
vt 0.05970573 0.7596632
vt 0.05993467 0.7511246
vt 0.07217997 0.763325
vt 0.06841289 0.7654455
vt 0.07229393 0.7698578
vt 0.09057813 0.7487462
vt 0.0868113 0.7466197
vt 0.08481717 0.7504375
vt 0.06192451 0.7329364
vt 0.06415468 0.7349432
vt 0.07022392 0.7295735
vt 0.07955294 0.7363744
vt 0.0817911 0.7358393
vt 0.08153057 0.7349083
vt 0.05761379 0.7411779
vt 0.0554521 0.750368
vt 0.05745661 0.7505665
vt 0.0554521 0.750368
vt 0.05589669 0.7603274
vt 0.05742287 0.7599643
vt 0.0598253 0.7305895
vt 0.05386275 0.7409117
vt 0.05761379 0.7411779
vt 0.06756615 0.7655815
vt 0.06531661 0.7597189
vt 0.0641089 0.7601863
vt 0.0641089 0.7601863
vt 0.06166976 0.7606116
vt 0.06440675 0.7676749
vt 0.07650059 0.7293005
vt 0.07653248 0.7268134
vt 0.07022392 0.7295735
vt 0.05589669 0.7603274
vt 0.0554521 0.750368
vt 0.05130892 0.7513119
vt 0.08393162 0.7430733
vt 0.08432781 0.7354149
vt 0.0817911 0.7358393
vt 0.08419579 0.7343411
vt 0.08153057 0.7349083
vt 0.0817911 0.7358393
vt 0.07937318 0.7339663
vt 0.07934576 0.7355423
vt 0.08153057 0.7349083
vt 0.08273577 0.7333817
vt 0.08153057 0.7349083
vt 0.08419579 0.7343411
vt 0.08432781 0.7354149
vt 0.08393162 0.7430733
vt 0.08834463 0.7434385
vt 0.08138394 0.7276792
vt 0.0814355 0.7335693
vt 0.08273577 0.7333817
vt 0.07653248 0.7268134
vt 0.0767616 0.7247785
vt 0.07471942 0.7246451
vt 0.08138394 0.7276792
vt 0.08160161 0.7259713
vt 0.07653248 0.7268134
vt 0.05589669 0.7603274
vt 0.05976307 0.7696298
vt 0.06073689 0.768985
vt 0.08400505 0.7273258
vt 0.08273577 0.7333817
vt 0.08426171 0.7332253
vt 0.07471942 0.7246451
vt 0.07667267 0.722111
vt 0.07564628 0.7202577
vt 0.06943041 0.7733867
vt 0.0714358 0.7710073
vt 0.06650054 0.7664425
vt 0.06644374 0.720318
vt 0.06896537 0.7205383
vt 0.07135146 0.710294
vt 0.06418991 0.7175344
vt 0.06397044 0.7200706
vt 0.06644374 0.720318
vt 0.07564628 0.7202577
vt 0.07705098 0.7105743
vt 0.07149082 0.7207298
vt 0.07471942 0.7246451
vt 0.0767616 0.7247785
vt 0.07667267 0.722111
vt 0.07135146 0.710294
vt 0.06896537 0.7205383
vt 0.07149082 0.7207298
vt 0.09332817 0.7459018
vt 0.08834463 0.7434385
vt 0.0868113 0.7466197
vt 0.09218966 0.7356262
vt 0.09305542 0.7345184
vt 0.08426171 0.7332253
vt 0.08160161 0.7259713
vt 0.08138394 0.7276792
vt 0.08400505 0.7273258
vt 0.0767616 0.7247785
vt 0.07653248 0.7268134
vt 0.08160161 0.7259713
vt 0.08179384 0.7246146
vt 0.08312088 0.7218251
vt 0.08005076 0.7210577
vt 0.05976307 0.7696298
vt 0.06655973 0.7767743
vt 0.06702488 0.7761907
vt 0.05976307 0.7696298
vt 0.05486792 0.771682
vt 0.06208872 0.7815033
vt 0.07667267 0.722111
vt 0.08005076 0.7210577
vt 0.08018714 0.7197699
vt 0.08018714 0.7197699
vt 0.08263981 0.7113668
vt 0.07705098 0.7105743
vt 0.08692526 0.7269855
vt 0.08703505 0.7247786
vt 0.08406317 0.725537
vt 0.06418991 0.7175344
vt 0.06565999 0.7098645
vt 0.06173741 0.7137204
vt 0.08406317 0.725537
vt 0.08423167 0.7241123
vt 0.08179384 0.7246146
vt 0.09305542 0.7345184
vt 0.09628719 0.7279763
vt 0.08692526 0.7269855
vt 0.08423167 0.7241123
vt 0.08523356 0.7226379
vt 0.08312088 0.7218251
vt 0.08423167 0.7241123
vt 0.08406317 0.725537
vt 0.08703505 0.7247786
vt 0.08005076 0.7210577
vt 0.08312088 0.7218251
vt 0.08388751 0.7206322
vt 0.09628719 0.7279763
vt 0.09777945 0.725492
vt 0.08703505 0.7247786
vt 0.08423167 0.7241123
vt 0.0869978 0.7231995
vt 0.08523356 0.7226379
vt 0.08703505 0.7247786
vt 0.09777945 0.725492
vt 0.09399527 0.7226
vt 0.08703505 0.7247786
vt 0.08880507 0.722505
vt 0.0869978 0.7231995
vt 0.09167635 0.7366363
vt 0.09855753 0.7401032
vt 0.09947562 0.7395264
vt 0.09410655 0.7176198
vt 0.08822518 0.7133511
vt 0.08742308 0.7221198
vt 0.1020663 0.7133927
vt 0.09701317 0.7195018
vt 0.1114444 0.7282671
vt 0.09410655 0.7176198
vt 0.08880507 0.722505
vt 0.09399527 0.7226
vt 0.09640771 0.7212233
vt 0.1105312 0.7286613
vt 0.1114444 0.7282671
vt 0.09640771 0.7212233
vt 0.09874051 0.7242757
vt 0.1105312 0.7286613
vt 0.1079564 0.7084828
vt 0.1020663 0.7133927
vt 0.1169045 0.7231676
vt 0.09628719 0.7279763
vt 0.09305542 0.7345184
vt 0.1006608 0.7386216
vt 0.09777945 0.725492
vt 0.09628719 0.7279763
vt 0.1054444 0.7331616
vt 0.106682 0.7321684
vt 0.1079126 0.7312173
vt 0.09874051 0.7242757
vt 0.1079126 0.7312173
vt 0.1105312 0.7286613
vt 0.09874051 0.7242757
vt 0.08056068 0.7572265
vt 0.081914 0.757718
vt 0.08176898 0.7575214
vt 0.08190089 0.7583389
vt 0.081914 0.757718
vt 0.08056068 0.7572265
vt 0.08203226 0.7591672
vt 0.08190089 0.7583389
vt 0.0804553 0.7579787
vt 0.08458 0.7553753
vt 0.08497142 0.7551476
vt 0.08478349 0.7549043
vt 0.08458 0.7553753
vt 0.08391308 0.755515
vt 0.08497124 0.7566111
vt 0.08039718 0.7598317
vt 0.08227002 0.7602786
vt 0.08203226 0.7591672
vt 0.08190089 0.7583389
vt 0.0831694 0.7584325
vt 0.08303934 0.7578699
vt 0.08346354 0.7591349
vt 0.0831694 0.7584325
vt 0.08190089 0.7583389
vt 0.08497142 0.7551476
vt 0.08458 0.7553753
vt 0.08527374 0.7559948
vt 0.08437031 0.7551013
vt 0.08478349 0.7549043
vt 0.08465331 0.7548795
vt 0.08400583 0.7548969
vt 0.08326667 0.7545094
vt 0.08391308 0.755515
vt 0.08039718 0.7598317
vt 0.07999902 0.760668
vt 0.08170628 0.7612648
vt 0.07999902 0.760668
vt 0.07895785 0.7602047
vt 0.07839137 0.7611676
vt 0.08001035 0.762061
vt 0.07839137 0.7611676
vt 0.07829558 0.7615006
vt 0.07808274 0.7619551
vt 0.08030956 0.7630516
vt 0.08007508 0.7623736
vt 0.08424019 0.7548746
vt 0.08400583 0.7548969
vt 0.08437031 0.7551013
vt 0.08444917 0.7548375
vt 0.08424019 0.7548746
vt 0.08441972 0.7549847
vt 0.08465331 0.7548795
vt 0.08478349 0.7549043
vt 0.08484792 0.7545728
vt 0.08484792 0.7545728
vt 0.08478349 0.7549043
vt 0.08525198 0.754803
vt 0.08402711 0.7600489
vt 0.08346354 0.7591349
vt 0.08203226 0.7591672
vt 0.08448398 0.7548342
vt 0.08441972 0.7549847
vt 0.08465331 0.7548795
vt 0.08440685 0.7547121
vt 0.08441257 0.7544008
vt 0.08406084 0.754625
vt 0.08525198 0.754803
vt 0.08497142 0.7551476
vt 0.08561825 0.7556478
vt 0.08410149 0.757907
vt 0.08417046 0.7576029
vt 0.08307999 0.7575406
vt 0.08410149 0.757907
vt 0.08303934 0.7578699
vt 0.0831694 0.7584325
vt 0.07695966 0.7637646
vt 0.07998687 0.765363
vt 0.08019936 0.7637073
vt 0.08443045 0.7547436
vt 0.08440685 0.7547121
vt 0.08400583 0.7548969
vt 0.08444917 0.7548375
vt 0.08447325 0.754816
vt 0.08443045 0.7547436
vt 0.08406084 0.754625
vt 0.08410638 0.7549234
vt 0.08326667 0.7545094
vt 0.08019936 0.7637073
vt 0.08030956 0.7630516
vt 0.07808274 0.7619551
vt 0.08467471 0.7547033
vt 0.08484792 0.7545728
vt 0.08440685 0.7547121
vt 0.08502703 0.7534972
vt 0.08481603 0.7535825
vt 0.08530145 0.754133
vt 0.08450174 0.7548389
vt 0.08465331 0.7548795
vt 0.08467471 0.7547033
vt 0.08466023 0.7587629
vt 0.0842812 0.7583083
vt 0.0831694 0.7584325
vt 0.08450573 0.7548152
vt 0.08467471 0.7547033
vt 0.08443045 0.7547436
vt 0.08193516 0.762508
vt 0.08001035 0.762061
vt 0.08007508 0.7623736
vt 0.08497124 0.7566111
vt 0.08465534 0.7575006
vt 0.08513593 0.757745
vt 0.08568918 0.756379
vt 0.08574062 0.7559653
vt 0.08527374 0.7559948
vt 0.08535456 0.7578013
vt 0.08577877 0.7578543
vt 0.08591276 0.7568864
vt 0.08525198 0.754803
vt 0.08647722 0.7543295
vt 0.08530145 0.754133
vt 0.08001035 0.762061
vt 0.08193516 0.762508
vt 0.08170628 0.7612648
vt 0.08258169 0.7613548
vt 0.08227002 0.7602786
vt 0.08170628 0.7612648
vt 0.07873082 0.7687793
vt 0.07978951 0.7657218
vt 0.07681345 0.7640856
vt 0.08622097 0.7557032
vt 0.08608525 0.7553998
vt 0.08561825 0.7556478
vt 0.08460855 0.7541807
vt 0.08441257 0.7544008
vt 0.08440685 0.7547121
vt 0.08534437 0.7592998
vt 0.08466023 0.7587629
vt 0.08346354 0.7591349
vt 0.08629792 0.7563825
vt 0.08568918 0.756379
vt 0.08591276 0.7568864
vt 0.08291476 0.7641384
vt 0.08019936 0.7637073
vt 0.07998687 0.765363
vt 0.08210492 0.7627591
vt 0.08007508 0.7623736
vt 0.08030956 0.7630516
vt 0.07229393 0.7698578
vt 0.07720744 0.7729996
vt 0.07873082 0.7687793
vt 0.08255785 0.7633912
vt 0.08030956 0.7630516
vt 0.08019936 0.7637073
vt 0.08577144 0.7528302
vt 0.08502703 0.7534972
vt 0.08647722 0.7543295
vt 0.083772 0.7624071
vt 0.08193516 0.762508
vt 0.08210492 0.7627591
vt 0.07978951 0.7657218
vt 0.07873082 0.7687793
vt 0.08315199 0.7696654
vt 0.08647722 0.7543295
vt 0.08525198 0.754803
vt 0.08608525 0.7553998
vt 0.08402711 0.7600489
vt 0.08227002 0.7602786
vt 0.08258169 0.7613548
vt 0.08622097 0.7557032
vt 0.08663988 0.7559633
vt 0.08709961 0.755383
vt 0.08709961 0.755383
vt 0.08727824 0.7549568
vt 0.08608525 0.7553998
vt 0.08410149 0.757907
vt 0.0842812 0.7583083
vt 0.08520674 0.7579463
vt 0.08466023 0.7587629
vt 0.08562886 0.7581174
vt 0.08520674 0.7579463
vt 0.08468723 0.7608969
vt 0.08568876 0.7601865
vt 0.08402711 0.7600489
vt 0.09057813 0.7487462
vt 0.08749824 0.7518788
vt 0.08956736 0.7536951
vt 0.08629792 0.7563825
vt 0.08662384 0.7566643
vt 0.08710432 0.7561685
vt 0.08619004 0.7582632
vt 0.08562886 0.7581174
vt 0.08466023 0.7587629
vt 0.08520674 0.7579463
vt 0.08535456 0.7578013
vt 0.08513593 0.757745
vt 0.08956736 0.7536951
vt 0.08749824 0.7518788
vt 0.08691674 0.7521968
vt 0.08591276 0.7568864
vt 0.08631521 0.75791
vt 0.08693379 0.7579731
vt 0.08864831 0.7576841
vt 0.08662384 0.7566643
vt 0.08693379 0.7579731
vt 0.08710432 0.7561685
vt 0.08662384 0.7566643
vt 0.08899283 0.7571742
vt 0.08864831 0.7576841
vt 0.08899283 0.7571742
vt 0.08662384 0.7566643
vt 0.08691674 0.7521968
vt 0.08627694 0.7525927
vt 0.08821898 0.7540585
vt 0.08255785 0.7633912
vt 0.08431398 0.7631988
vt 0.08400565 0.7626011
vt 0.08577877 0.7578543
vt 0.08535456 0.7578013
vt 0.08520674 0.7579463
vt 0.06943041 0.7733867
vt 0.07583212 0.7777044
vt 0.07685023 0.7751095
vt 0.08536809 0.7638138
vt 0.08291476 0.7641384
vt 0.08340609 0.7657936
vt 0.08291476 0.7641384
vt 0.08536809 0.7638138
vt 0.08431398 0.7631988
vt 0.08788979 0.7556258
vt 0.08709961 0.755383
vt 0.08710432 0.7561685
vt 0.08739161 0.7542832
vt 0.08647722 0.7543295
vt 0.08727824 0.7549568
vt 0.08643919 0.7609575
vt 0.08568876 0.7601865
vt 0.08468723 0.7608969
vt 0.06852871 0.7744741
vt 0.07529014 0.7790785
vt 0.07583212 0.7777044
vt 0.08908736 0.7568041
vt 0.08896452 0.7564086
vt 0.08788979 0.7556258
vt 0.08631521 0.75791
vt 0.08577877 0.7578543
vt 0.08562886 0.7581174
vt 0.08568876 0.7601865
vt 0.08633041 0.7593254
vt 0.08534437 0.7592998
vt 0.08737045 0.7692319
vt 0.0863884 0.7657495
vt 0.08372211 0.7662226
vt 0.07447385 0.7826989
vt 0.07499372 0.7816555
vt 0.06702488 0.7761907
vt 0.08693379 0.7579731
vt 0.08631521 0.75791
vt 0.08619004 0.7582632
vt 0.08619004 0.7582632
vt 0.08534437 0.7592998
vt 0.08633041 0.7593254
vt 0.07720744 0.7729996
vt 0.08411848 0.7746434
vt 0.08315199 0.7696654
vt 0.06655973 0.7767743
vt 0.06208872 0.7815033
vt 0.07024788 0.7870547
vt 0.08568876 0.7601865
vt 0.08643919 0.7609575
vt 0.08709532 0.7599768
vt 0.08891785 0.753886
vt 0.09030467 0.7561411
vt 0.09085154 0.7561362
vt 0.08411848 0.7746434
vt 0.07720744 0.7729996
vt 0.07741969 0.7740791
vt 0.08642953 0.7651347
vt 0.08859926 0.7635886
vt 0.08743751 0.7627659
vt 0.08633041 0.7593254
vt 0.08709532 0.7599768
vt 0.08752024 0.7590502
vt 0.08752024 0.7590502
vt 0.08775848 0.7584968
vt 0.08675879 0.7583498
vt 0.07741969 0.7740791
vt 0.07685023 0.7751095
vt 0.08384877 0.7769352
vt 0.08789426 0.7582851
vt 0.08815711 0.7582725
vt 0.08693379 0.7579731
vt 0.08824849 0.7552882
vt 0.08788979 0.7556258
vt 0.08896452 0.7564086
vt 0.08940273 0.7562235
vt 0.08980011 0.7561742
vt 0.08901643 0.7550746
vt 0.09366226 0.7517409
vt 0.09702825 0.7499226
vt 0.09332817 0.7459018
vt 0.07583212 0.7777044
vt 0.08372735 0.7798794
vt 0.08384877 0.7769352
vt 0.08650439 0.7622343
vt 0.08727079 0.7614545
vt 0.08675837 0.761057
vt 0.09030467 0.7561411
vt 0.08891785 0.753886
vt 0.08901643 0.7550746
vt 0.08773928 0.7590879
vt 0.08752024 0.7590502
vt 0.08709532 0.7599768
vt 0.08743751 0.7627659
vt 0.08727079 0.7614545
vt 0.08650439 0.7622343
vt 0.08825844 0.7592863
vt 0.08773928 0.7590879
vt 0.08735638 0.7600456
vt 0.08451008 0.7818183
vt 0.07529014 0.7790785
vt 0.07499372 0.7816555
vt 0.08775848 0.7584968
vt 0.08785659 0.7585074
vt 0.08789426 0.7582851
vt 0.08752024 0.7590502
vt 0.08773928 0.7590879
vt 0.08785659 0.7585074
vt 0.07447385 0.7826989
vt 0.07024788 0.7870547
vt 0.08284652 0.7912007
vt 0.07499372 0.7816555
vt 0.07447385 0.7826989
vt 0.08476775 0.7864332
vt 0.09366226 0.7517409
vt 0.08956736 0.7536951
vt 0.09085154 0.7561362
vt 0.08832132 0.7584546
vt 0.08815711 0.7582725
vt 0.08789426 0.7582851
vt 0.08773928 0.7590879
vt 0.08825844 0.7592863
vt 0.08832132 0.7584546
vt 0.08876216 0.7613725
vt 0.0877031 0.7608681
vt 0.08727079 0.7614545
vt 0.08946532 0.7599633
vt 0.08825844 0.7592863
vt 0.0877031 0.7608681
vt 0.08642953 0.7651347
vt 0.0863884 0.7657495
vt 0.08917683 0.7637836
vt 0.08737045 0.7692319
vt 0.08315199 0.7696654
vt 0.08411848 0.7746434
vt 0.08907979 0.7578651
vt 0.08864831 0.7576841
vt 0.08815711 0.7582725
vt 0.08825844 0.7592863
vt 0.08946532 0.7599633
vt 0.08832132 0.7584546
vt 0.08953505 0.7742253
vt 0.09509456 0.7723666
vt 0.09089595 0.7676144
vt 0.08405315 0.7756474
vt 0.09082829 0.7750292
vt 0.08953505 0.7742253
vt 0.08876216 0.7613725
vt 0.08743751 0.7627659
vt 0.08859926 0.7635886
vt 0.08405315 0.7756474
vt 0.08384877 0.7769352
vt 0.09089475 0.7764885
vt 0.08980011 0.7561742
vt 0.08940273 0.7562235
vt 0.08953851 0.7567697
vt 0.08384877 0.7769352
vt 0.08372735 0.7798794
vt 0.09084028 0.7792357
vt 0.08953851 0.7567697
vt 0.08908736 0.7568041
vt 0.08899283 0.7571742
vt 0.08942973 0.7572476
vt 0.08899283 0.7571742
vt 0.08864831 0.7576841
vt 0.08981478 0.7587341
vt 0.08907979 0.7578651
vt 0.08832132 0.7584546
vt 0.08917683 0.7637836
vt 0.09044045 0.762007
vt 0.08983349 0.7618921
vt 0.08988541 0.7568113
vt 0.08953851 0.7567697
vt 0.08942973 0.7572476
vt 0.08986973 0.7573905
vt 0.08942973 0.7572476
vt 0.08907979 0.7578651
vt 0.08986973 0.7573905
vt 0.09047216 0.757432
vt 0.09041863 0.756831
vt 0.09043556 0.7602422
vt 0.08946532 0.7599633
vt 0.08876216 0.7613725
vt 0.09030467 0.7561411
vt 0.09041863 0.756831
vt 0.09083431 0.7567859
vt 0.09043556 0.7602422
vt 0.08981478 0.7587341
vt 0.08946532 0.7599633
vt 0.09565538 0.7545705
vt 0.09833437 0.7538984
vt 0.09702825 0.7499226
vt 0.09054696 0.7587443
vt 0.08981478 0.7587341
vt 0.09043556 0.7602422
vt 0.09326702 0.7811127
vt 0.08451008 0.7818183
vt 0.08499139 0.7846684
vt 0.09041863 0.756831
vt 0.09047216 0.757432
vt 0.09089845 0.7573364
vt 0.09565538 0.7545705
vt 0.09085154 0.7561362
vt 0.09083431 0.7567859
vt 0.09043556 0.7602422
vt 0.08983349 0.7618921
vt 0.09044045 0.762007
vt 0.0971269 0.7568428
vt 0.09083431 0.7567859
vt 0.09089845 0.7573364
vt 0.09111917 0.7587041
vt 0.09089845 0.7573364
vt 0.09047216 0.757432
vt 0.09509456 0.7723666
vt 0.08953505 0.7742253
vt 0.09082829 0.7750292
vt 0.09906959 0.7759168
vt 0.09746032 0.7742951
vt 0.09089475 0.7764885
vt 0.09082829 0.7750292
vt 0.09089475 0.7764885
vt 0.09746032 0.7742951
vt 0.1169045 0.7231676
vt 0.1263837 0.7379093
vt 0.1315424 0.7332388
vt 0.1263837 0.7379093
vt 0.1169045 0.7231676
vt 0.1114444 0.7282671
vt 0.09332817 0.7459018
vt 0.09702825 0.7499226
vt 0.1038808 0.745528
vt 0.09906959 0.7759168
vt 0.1039604 0.7721366
vt 0.1029806 0.7710371
vt 0.09685909 0.7728196
vt 0.09746032 0.7742951
vt 0.1029806 0.7710371
vt 0.09947562 0.7395264
vt 0.09855753 0.7401032
vt 0.1038808 0.745528
vt 0.1006608 0.7386216
vt 0.09947562 0.7395264
vt 0.1053615 0.7452018
vt 0.1006608 0.7386216
vt 0.1069105 0.744738
vt 0.1121777 0.7401507
vt 0.09984976 0.7694757
vt 0.09509456 0.7723666
vt 0.09685909 0.7728196
vt 0.1079126 0.7312173
vt 0.1159111 0.7385911
vt 0.1105312 0.7286613
vt 0.1193795 0.7408516
vt 0.1207027 0.7408115
vt 0.1114444 0.7282671
vt 0.1159111 0.7385911
vt 0.1178388 0.7407073
vt 0.1193795 0.7408516
vt 0.1020653 0.7779233
vt 0.1097301 0.772479
vt 0.1039604 0.7721366
vt 0.1314111 0.7448541
vt 0.1359027 0.7488843
vt 0.1356824 0.7434173
vt 0.1356189 0.7520953
vt 0.1363979 0.7519606
vt 0.1359027 0.7488843
vt 0.1292173 0.7474837
vt 0.1303848 0.7548368
vt 0.1356189 0.7520953
vt 0.1017665 0.7695185
vt 0.1029806 0.7710371
vt 0.1071755 0.7663156
vt 0.1069105 0.744738
vt 0.1097437 0.7498956
vt 0.1161269 0.7474465
vt 0.1094495 0.7809123
vt 0.1089705 0.7866842
vt 0.120413 0.7781645
vt 0.1053615 0.7452018
vt 0.1038808 0.745528
vt 0.1072731 0.7518738
vt 0.1314111 0.7448541
vt 0.1312196 0.7393661
vt 0.1287643 0.7420349
vt 0.1292173 0.7474837
vt 0.1289348 0.7452367
vt 0.1272247 0.7462693
vt 0.1040323 0.7649503
vt 0.09984976 0.7694757
vt 0.1017665 0.7695185
vt 0.1072731 0.7518738
vt 0.1038808 0.745528
vt 0.09702825 0.7499226
vt 0.1078207 0.7542772
vt 0.1072731 0.7518738
vt 0.09833437 0.7538984
vt 0.09694731 0.7609308
vt 0.09585475 0.7630592
vt 0.1040323 0.7649503
vt 0.1147196 0.7393479
vt 0.106682 0.7321684
vt 0.1054444 0.7331616
vt 0.1065769 0.7604415
vt 0.09684735 0.7587359
vt 0.09694731 0.7609308
vt 0.1272247 0.7462693
vt 0.12583 0.745128
vt 0.1260187 0.7467036
vt 0.1279135 0.7558764
vt 0.1292173 0.7474837
vt 0.1272277 0.7476048
vt 0.09698468 0.7578525
vt 0.09684735 0.7587359
vt 0.1065769 0.7604415
vt 0.1053968 0.765351
vt 0.1071755 0.7663156
vt 0.1099174 0.7611256
vt 0.1105579 0.7609742
vt 0.1087285 0.7656368
vt 0.1156923 0.7634948
vt 0.1263837 0.7379093
vt 0.1207027 0.7408115
vt 0.1221539 0.7424392
vt 0.1053968 0.765351
vt 0.1079201 0.7607351
vt 0.1063348 0.7609099
vt 0.1156923 0.7634948
vt 0.1097301 0.772479
vt 0.1145662 0.7723108
vt 0.1178612 0.7743623
vt 0.1233162 0.7627863
vt 0.1192998 0.7630343
vt 0.1253551 0.7425971
vt 0.1221539 0.7424392
vt 0.1246742 0.7453991
vt 0.1105579 0.7609742
vt 0.1108535 0.7559317
vt 0.1099174 0.7611256
vt 0.1091244 0.7563124
vt 0.1079201 0.7607351
vt 0.1099174 0.7611256
vt 0.1105579 0.7609742
vt 0.1156923 0.7634948
vt 0.117065 0.7568136
vt 0.1272277 0.7476048
vt 0.1260187 0.7467036
vt 0.1252669 0.7499183
vt 0.1065769 0.7604415
vt 0.1063348 0.7609099
vt 0.1079201 0.7607351
vt 0.1091244 0.7563124
vt 0.1079869 0.7564199
vt 0.1065769 0.7604415
vt 0.1159111 0.7385911
vt 0.1079126 0.7312173
vt 0.106682 0.7321684
vt 0.1097437 0.7498956
vt 0.1101621 0.7513598
vt 0.1168839 0.7498163
vt 0.1185627 0.7467719
vt 0.1147196 0.7393479
vt 0.1121777 0.7401507
vt 0.1108477 0.754475
vt 0.1108535 0.7559317
vt 0.117065 0.7568136
vt 0.1091244 0.7563124
vt 0.1108535 0.7559317
vt 0.1108477 0.754475
vt 0.108712 0.751644
vt 0.1072731 0.7518738
vt 0.1078207 0.7542772
vt 0.1101621 0.7513598
vt 0.1108477 0.754475
vt 0.1172284 0.7520072
vt 0.1221539 0.7424392
vt 0.1204784 0.7464462
vt 0.1246742 0.7453991
vt 0.1090842 0.7541885
vt 0.1078207 0.7542772
vt 0.1079869 0.7564199
vt 0.1221539 0.7424392
vt 0.1193795 0.7408516
vt 0.1178388 0.7407073
vt 0.1192998 0.7630343
vt 0.1198956 0.7554938
vt 0.117065 0.7568136
vt 0.1230566 0.7556543
vt 0.1279135 0.7558764
vt 0.1258748 0.7525536
vt 0.1219953 0.7542707
vt 0.1198956 0.7554938
vt 0.1230566 0.7556543
vt 0.1243928 0.7505608
vt 0.1219953 0.7542707
vt 0.1242412 0.7529672
vt 0.1191457 0.7513134
vt 0.1198956 0.7554938
vt 0.1219953 0.7542707
vt 0.1207488 0.7506209
vt 0.1219953 0.7542707
vt 0.1243928 0.7505608
vt 0.1198956 0.7554938
vt 0.1191457 0.7513134
vt 0.1172284 0.7520072
vt 0.1204784 0.7464462
vt 0.1204705 0.7486825
vt 0.1218103 0.747621
vt 0.1230258 0.7469792
vt 0.1204784 0.7464462
vt 0.1218103 0.747621
vt 0.1161269 0.7474465
vt 0.1168839 0.7498163
vt 0.1188489 0.7492301
vt 0.1191457 0.7513134
vt 0.1188489 0.7492301
vt 0.1168839 0.7498163
vt 0.1207488 0.7506209
vt 0.1204705 0.7486825
vt 0.1188489 0.7492301
vt 0.1185627 0.7467719
vt 0.1188489 0.7492301
vt 0.1204705 0.7486825
vt 0.1242412 0.7529672
vt 0.1258748 0.7525536
vt 0.1252669 0.7499183
vt 0.1261708 0.7478531
vt 0.1238775 0.7489029
vt 0.1243928 0.7505608
vt 0.09044045 0.762007
vt 0.09409779 0.7647418
vt 0.09585475 0.7630592
vt 0.0789442 0.7501779
vt 0.08054006 0.7500101
vt 0.07870888 0.7455845
vt 0.06650054 0.7664425
vt 0.0714358 0.7710073
vt 0.07181084 0.770484
vt 0.07685023 0.7751095
vt 0.07741969 0.7740791
vt 0.07181084 0.770484
vt 0.07181084 0.770484
vt 0.07741969 0.7740791
vt 0.07720744 0.7729996
vt 0.06841289 0.7654455
vt 0.06756615 0.7655815
vt 0.07181084 0.770484
vt 0.0661053 0.759458
vt 0.06531661 0.7597189
vt 0.06756615 0.7655815
vt 0.06166976 0.7606116
vt 0.05970573 0.7596632
vt 0.0626015 0.7678803
vt 0.06440675 0.7676749
vt 0.0626015 0.7678803
vt 0.06852871 0.7744741
vt 0.06702488 0.7761907
vt 0.06852871 0.7744741
vt 0.0626015 0.7678803
vt 0.06702488 0.7761907
vt 0.07499372 0.7816555
vt 0.07529014 0.7790785
vt 0.08372735 0.7798794
vt 0.07583212 0.7777044
vt 0.07529014 0.7790785
vt 0.08451008 0.7818183
vt 0.09326702 0.7811127
vt 0.09084028 0.7792357
vt 0.09103429 0.760282
vt 0.09585475 0.7630592
vt 0.09694731 0.7609308
vt 0.09111917 0.7587041
vt 0.09684735 0.7587359
vt 0.09698468 0.7578525
vt 0.1079869 0.7564199
vt 0.1078207 0.7542772
vt 0.0971269 0.7568428
vt 0.09103429 0.760282
vt 0.09694731 0.7609308
vt 0.09684735 0.7587359
vt 0.09409779 0.7647418
vt 0.09044045 0.762007
vt 0.08917683 0.7637836
vt 0.0863884 0.7657495
vt 0.08642953 0.7651347
vt 0.08340609 0.7657936
vt 0.09326702 0.7811127
vt 0.1020653 0.7779233
vt 0.09906959 0.7759168
vt 0.1020653 0.7779233
vt 0.09326702 0.7811127
vt 0.09609943 0.7836929
vt 0.1063991 0.7792374
vt 0.1145662 0.7723108
vt 0.1097301 0.772479
vt 0.1145662 0.7723108
vt 0.1063991 0.7792374
vt 0.1094495 0.7809123
vt 0.08432781 0.7354149
vt 0.09167635 0.7366363
vt 0.09218966 0.7356262
vt 0.09167635 0.7366363
vt 0.08834463 0.7434385
vt 0.09332817 0.7459018
vt 0.09984976 0.7694757
vt 0.1040323 0.7649503
vt 0.09585475 0.7630592
vt 0.09054696 0.7587443
vt 0.09043556 0.7602422
vt 0.09103429 0.760282
vt 0.08400565 0.7626011
vt 0.08562827 0.7619985
vt 0.08534824 0.7618662
vt 0.08675837 0.761057
vt 0.08643919 0.7609575
vt 0.08534824 0.7618662
vt 0.07291114 0.7497421
vt 0.06913089 0.7444316
vt 0.06651943 0.7494975
vt 0.07492309 0.7477213
vt 0.07204228 0.7409201
vt 0.06913089 0.7444316
vt 0.06415468 0.7349432
vt 0.06583178 0.7371598
vt 0.07071208 0.7325485
vt 0.06992781 0.7260176
vt 0.06782269 0.72362
vt 0.0598253 0.7305895
vt 0.07175099 0.7224342
vt 0.07149082 0.7207298
vt 0.06782269 0.72362
vt 0.08583319 0.7214654
vt 0.08742308 0.7221198
vt 0.08822518 0.7133511
vt 0.08388751 0.7206322
vt 0.08583319 0.7214654
vt 0.08822518 0.7133511
vt 0.08523356 0.7226379
vt 0.0869978 0.7231995
vt 0.08742308 0.7221198
vt 0.08583319 0.7214654
vt 0.08388751 0.7206322
vt 0.08312088 0.7218251
vt 0.07291114 0.7497421
vt 0.07131892 0.7523455
vt 0.07455074 0.7534815
vt 0.07562536 0.7562553
vt 0.07572031 0.7579675
vt 0.07611924 0.7577481
vt 0.07654494 0.7601265
vt 0.07572031 0.7579675
vt 0.07517927 0.7581984
vt 0.077026 0.7600779
vt 0.07654494 0.7601265
vt 0.07808274 0.7619551
vt 0.07942295 0.7524081
vt 0.07797443 0.7517568
vt 0.07859194 0.7526404
vt 0.07671397 0.7538348
vt 0.07614564 0.7546499
vt 0.0765205 0.7548993
vt 0.0770483 0.754159
vt 0.0765205 0.7548993
vt 0.0765444 0.755048
vt 0.07925397 0.7528723
vt 0.07930868 0.7527239
vt 0.078763 0.7529933
vt 0.07812482 0.7543705
vt 0.07789891 0.7535875
vt 0.07708597 0.7543184
vt 0.08194929 0.7501474
vt 0.08111691 0.7502021
vt 0.08113926 0.7506663
vt 0.08119589 0.7509425
vt 0.0818088 0.7509165
vt 0.08186316 0.7505638
vt 0.1246742 0.7453991
vt 0.1204784 0.7464462
vt 0.1230258 0.7469792
vt 0.1246742 0.7453991
vt 0.1230258 0.7469792
vt 0.1261708 0.7478531
vt 0.05745661 0.7505665
vt 0.05993467 0.7511246
vt 0.0620023 0.7434345
vt 0.0814355 0.7335693
vt 0.08138394 0.7276792
vt 0.07650059 0.7293005
vt 0.07071208 0.7325485
vt 0.06583178 0.7371598
vt 0.07008993 0.7387377
vt 0.0620023 0.7434345
vt 0.05993467 0.7511246
vt 0.0634191 0.7473691
vt 0.07447236 0.7356717
vt 0.07937318 0.7339663
vt 0.07650059 0.7293005
vt 0.1090842 0.7541885
vt 0.1108477 0.754475
vt 0.1101621 0.7513598
vt 0.07952493 0.7527225
vt 0.07959419 0.7525046
vt 0.07935351 0.7525694
vt 0.07948154 0.7535794
vt 0.07983738 0.7532902
vt 0.07948231 0.7529381
vt 0.08431398 0.7631988
vt 0.08650439 0.7622343
vt 0.08562827 0.7619985
vt 0.0877031 0.7608681
vt 0.08735638 0.7600456
vt 0.08675837 0.761057
vt 0.08643919 0.7609575
vt 0.08675837 0.761057
vt 0.08735638 0.7600456
vt 0.08536809 0.7638138
vt 0.08743751 0.7627659
vt 0.08650439 0.7622343
vt 0.08675879 0.7583498
vt 0.08775848 0.7584968
vt 0.08772873 0.7582922
vt 0.08193516 0.762508
vt 0.083772 0.7624071
vt 0.08258169 0.7613548
vt 0.083772 0.7624071
vt 0.08534824 0.7618662
vt 0.08468723 0.7608969
vt 0.09089595 0.7676144
vt 0.08917683 0.7637836
vt 0.0863884 0.7657495
vt 0.07978951 0.7657218
vt 0.07998687 0.765363
vt 0.07695966 0.7637646
vt 0.08372211 0.7662226
vt 0.08340609 0.7657936
vt 0.07998687 0.765363
vt 0.05386275 0.7409117
vt 0.05130892 0.7513119
vt 0.0554521 0.750368
vt 0.05976307 0.7696298
vt 0.05589669 0.7603274
vt 0.05182915 0.7623993
vt 0.08499139 0.7846684
vt 0.08476775 0.7864332
vt 0.09609872 0.7863502
vt 0.08476775 0.7864332
vt 0.08284652 0.7912007
vt 0.09610837 0.7912007
vt 0.1089705 0.7866842
vt 0.1094495 0.7809123
vt 0.09609872 0.7863502
vt 0.1063991 0.7792374
vt 0.09609943 0.7836929
vt 0.09609872 0.7863502
vt 0.1271222 0.7667825
vt 0.1233162 0.7627863
vt 0.1178612 0.7743623
vt 0.08940273 0.7562235
vt 0.08896452 0.7564086
vt 0.08908736 0.7568041
vt 0.08627694 0.7525927
vt 0.08404248 0.7514005
vt 0.08370584 0.7520618
vt 0.08739161 0.7542832
vt 0.08821898 0.7540585
vt 0.08627694 0.7525927
vt 0.08821898 0.7540585
vt 0.08739161 0.7542832
vt 0.08824849 0.7552882
vt 0.07839137 0.7611676
vt 0.07895785 0.7602047
vt 0.07813227 0.7594038
vt 0.09410655 0.7176198
vt 0.09640771 0.7212233
vt 0.09701317 0.7195018
vt 0.09410655 0.7176198
vt 0.09701317 0.7195018
vt 0.1020663 0.7133927
vt 0.1204705 0.7486825
vt 0.1207488 0.7506209
vt 0.1238775 0.7489029
vt 0.081914 0.757718
vt 0.08303934 0.7578699
vt 0.08307999 0.7575406
vt 0.08465534 0.7575006
vt 0.08417046 0.7576029
vt 0.08410149 0.757907
vt 0.08988541 0.7568113
vt 0.09041863 0.756831
vt 0.09030467 0.7561411
vt 0.08530145 0.754133
vt 0.08460855 0.7541807
vt 0.08440685 0.7547121
vt 0.08332353 0.7538147
vt 0.08317834 0.7541741
vt 0.08396363 0.7537914
vt 0.08445334 0.7508873
vt 0.08194929 0.7501474
vt 0.08186316 0.7505638
vt 0.08263981 0.7113668
vt 0.08018714 0.7197699
vt 0.08388751 0.7206322
vt 0.1261708 0.7478531
vt 0.1252669 0.7499183
vt 0.1260187 0.7467036
vt 0.06073689 0.768985
vt 0.0626015 0.7678803
vt 0.05970573 0.7596632
vt 0.1097301 0.772479
vt 0.1156923 0.7634948
vt 0.1087285 0.7656368
vt 0.1039604 0.7721366
vt 0.1087285 0.7656368
vt 0.1071755 0.7663156
vt 0.1087285 0.7656368
vt 0.1105579 0.7609742
vt 0.1099174 0.7611256
vt 0.05970573 0.7596632
vt 0.06166976 0.7606116
vt 0.06166166 0.7534532
vt 0.08981478 0.7587341
vt 0.09054696 0.7587443
vt 0.09047216 0.757432
vt 0.1312196 0.7393661
vt 0.1221539 0.7424392
vt 0.1253551 0.7425971
vt 0.08165127 0.7512941
vt 0.0811876 0.7513263
vt 0.08176112 0.752494
vt 0.07455074 0.7534815
vt 0.07351028 0.7556923
vt 0.07387763 0.7554535
vt 0.06508105 0.7537065
vt 0.06582957 0.7545671
vt 0.06651943 0.7494975
vt 0.09409779 0.7647418
vt 0.09089595 0.7676144
vt 0.09509456 0.7723666
vt 0.07351028 0.7556923
vt 0.07455074 0.7534815
vt 0.07131892 0.7523455
vt 0.07131892 0.7523455
vt 0.06651943 0.7494975
vt 0.06582957 0.7545671
vt 0.09305542 0.7345184
vt 0.09218966 0.7356262
vt 0.09947562 0.7395264
vt 0.1238775 0.7489029
vt 0.1261708 0.7478531
vt 0.1230258 0.7469792
vt 0.1279135 0.7558764
vt 0.1230566 0.7556543
vt 0.1233162 0.7627863
vt 0.1230566 0.7556543
vt 0.1198956 0.7554938
vt 0.1192998 0.7630343
vt 0.07622814 0.7519295
vt 0.0748617 0.7533348
vt 0.07621783 0.7531865
vt 0.07622814 0.7519295
vt 0.07621783 0.7531865
vt 0.07675242 0.7526335
vt 0.08047384 0.7508256
vt 0.08113926 0.7506663
vt 0.08111691 0.7502021
vt 0.07905387 0.7505414
vt 0.07898932 0.7512687
vt 0.08047384 0.7508256
vt 0.1312196 0.7393661
vt 0.1353582 0.7367548
vt 0.1315424 0.7332388
vt 0.1079564 0.7084828
vt 0.1055582 0.705035
vt 0.1027789 0.7078683
vt 0.07471942 0.7246451
vt 0.06992781 0.7260176
vt 0.07022392 0.7295735
vt 0.06992781 0.7260176
vt 0.07471942 0.7246451
vt 0.07175099 0.7224342
vt 0.1053615 0.7452018
vt 0.108712 0.751644
vt 0.1097437 0.7498956
vt 0.08727824 0.7549568
vt 0.08709961 0.755383
vt 0.08788979 0.7556258
vt 0.05130892 0.6870754
vt 0.0514869 0.6990492
vt 0.08208644 0.6881903
vt 0.05130892 0.6870754
vt 0.07507926 0.6787993
vt 0.06582266 0.6787993
vt 0.08208644 0.6881903
vt 0.0514869 0.6990492
vt 0.06233084 0.7050112
vt 0.07771646 0.7574435
vt 0.07829225 0.7575796
vt 0.07761067 0.7567818
vt 0.07834863 0.7585776
vt 0.07866394 0.7589435
vt 0.07869672 0.758212
vt 0.07813227 0.7594038
vt 0.07848405 0.7594839
vt 0.07866394 0.7589435
vt 0.08039718 0.7598317
vt 0.08047026 0.7588332
vt 0.07996773 0.7586976
vt 0.08047026 0.7588332
vt 0.0804553 0.7579787
vt 0.07991111 0.7578345
vt 0.07835364 0.7578736
vt 0.07869672 0.758212
vt 0.07829225 0.7575796
vt 0.08012461 0.7568387
vt 0.07991111 0.7578345
vt 0.0804553 0.7579787
vt 0.07989042 0.7596478
vt 0.07970756 0.7602838
vt 0.07999902 0.760668
vt 0.07813227 0.7594038
vt 0.07895785 0.7602047
vt 0.07848405 0.7594839
vt 0.07895785 0.7602047
vt 0.07999902 0.760668
vt 0.07970756 0.7602838
vt 0.07761067 0.7567818
vt 0.07829225 0.7575796
vt 0.07991111 0.7578345
vt 0.07869672 0.758212
vt 0.07996773 0.7586976
vt 0.07991111 0.7578345
vt 0.07866394 0.7589435
vt 0.07989042 0.7596478
vt 0.07996773 0.7586976
vt 0.07848405 0.7594839
vt 0.07970756 0.7602838
vt 0.07989042 0.7596478
vt 0.1364216 0.7912007
vt 0.1410712 0.7912007
vt 0.1364216 0.7865511
vt 0.07996922 0.7516636
vt 0.08013731 0.751956
vt 0.08065217 0.7511739
vt 0.08119589 0.7509425
vt 0.08113926 0.7506663
vt 0.08065217 0.7511739
vt 0.07827532 0.7564406
vt 0.07892197 0.7557649
vt 0.07817274 0.7563431
vt 0.07738941 0.7570941
vt 0.07827532 0.7564406
vt 0.077757 0.7570239
vt 0.07892197 0.7557649
vt 0.0796256 0.7549152
vt 0.07874453 0.755586
vt 0.07817274 0.7563431
vt 0.07874453 0.755586
vt 0.07801282 0.7562156
vt 0.077757 0.7570239
vt 0.07817274 0.7563431
vt 0.07787597 0.7571214
vt 0.0796256 0.7549152
vt 0.07986104 0.7547662
vt 0.07957977 0.7547207
vt 0.07874453 0.755586
vt 0.07957977 0.7547207
vt 0.07856374 0.7553123
vt 0.07763391 0.7559659
vt 0.07801282 0.7562156
vt 0.07832247 0.7548781
vt 0.07953143 0.7544055
vt 0.07957977 0.7547207
vt 0.07976096 0.7542829
vt 0.08145993 0.754199
vt 0.08111023 0.7535374
vt 0.07980978 0.7545832
vt 0.07930868 0.7527239
vt 0.07925397 0.7528723
vt 0.07952493 0.7527225
vt 0.07930868 0.7527239
vt 0.07935351 0.7525694
vt 0.078763 0.7529933
vt 0.07976096 0.7542829
vt 0.0797733 0.7538685
vt 0.07953143 0.7544055
vt 0.07832247 0.7548781
vt 0.07856374 0.7553123
vt 0.07949036 0.7540173
vt 0.07925397 0.7528723
vt 0.07874947 0.7531103
vt 0.07948154 0.7535794
vt 0.07738941 0.7570941
vt 0.077757 0.7570239
vt 0.07555341 0.7578031
vt 0.07874947 0.7531103
vt 0.078763 0.7529933
vt 0.07789891 0.7535875
vt 0.07812482 0.7543705
vt 0.07864749 0.7540101
vt 0.07789891 0.7535875
vt 0.0797168 0.7523647
vt 0.07950019 0.7522105
vt 0.07959419 0.7525046
vt 0.07787597 0.7571214
vt 0.07801282 0.7562156
vt 0.0775609 0.7572988
vt 0.078763 0.7529933
vt 0.07859194 0.7526404
vt 0.07791721 0.7534467
vt 0.07789891 0.7535875
vt 0.07791721 0.7534467
vt 0.07708597 0.7543184
vt 0.07835364 0.7578736
vt 0.07771646 0.7574435
vt 0.07787597 0.7571214
vt 0.07983738 0.7532902
vt 0.07948154 0.7535794
vt 0.07949036 0.7540173
vt 0.07812482 0.7543705
vt 0.07832247 0.7548781
vt 0.07864749 0.7540101
vt 0.07675242 0.7526335
vt 0.0776214 0.7531059
vt 0.07797443 0.7517568
vt 0.07950019 0.7522105
vt 0.07898932 0.7512687
vt 0.07942295 0.7524081
vt 0.08125954 0.7529572
vt 0.07983738 0.7532902
vt 0.08111023 0.7535374
vt 0.07950019 0.7522105
vt 0.0797168 0.7523647
vt 0.07996922 0.7516636
vt 0.08125954 0.7529572
vt 0.08013731 0.751956
vt 0.07983738 0.7532902
vt 0.07791721 0.7534467
vt 0.0776214 0.7531059
vt 0.0770483 0.754159
vt 0.0776214 0.7531059
vt 0.07675242 0.7526335
vt 0.07671397 0.7538348
vt 0.07730859 0.7507969
vt 0.07764601 0.7510568
vt 0.0789442 0.7501779
vt 0.0757355 0.7518582
vt 0.07622814 0.7519295
vt 0.07730859 0.7507969
vt 0.08065217 0.7511739
vt 0.08047384 0.7508256
vt 0.07996922 0.7516636
vt 0.0789442 0.7501779
vt 0.07674407 0.746502
vt 0.07730859 0.7507969
vt 0.07622814 0.7519295
vt 0.07675242 0.7526335
vt 0.07764601 0.7510568
vt 0.07708597 0.7543184
vt 0.0765444 0.755048
vt 0.0775597 0.7549382
vt 0.07764601 0.7510568
vt 0.07797443 0.7517568
vt 0.07905387 0.7505414
vt 0.07730859 0.7507969
vt 0.07492309 0.7477213
vt 0.0757355 0.7518582
vt 0.07621783 0.7531865
vt 0.075639 0.7540871
vt 0.07671397 0.7538348
vt 0.07832247 0.7548781
vt 0.0775597 0.7549382
vt 0.07763391 0.7559659
vt 0.07763391 0.7559659
vt 0.07699471 0.7562438
vt 0.0775609 0.7572988
vt 0.08160781 0.7536143
vt 0.08198779 0.7538088
vt 0.08201283 0.7534538
vt 0.08198779 0.7538088
vt 0.08160781 0.7536143
vt 0.08145993 0.754199
vt 0.08198779 0.7538088
vt 0.08145993 0.754199
vt 0.08245509 0.7540531
vt 0.07622814 0.7519295
vt 0.0757355 0.7518582
vt 0.0748617 0.7533348
vt 0.0789442 0.7501779
vt 0.07905387 0.7505414
vt 0.08054006 0.7500101
vt 0.07835364 0.7578736
vt 0.07787597 0.7571214
vt 0.07834863 0.7585776
vt 0.08054006 0.7500101
vt 0.08042353 0.7502594
vt 0.080859 0.7499099
vt 0.08065217 0.7511739
vt 0.08073163 0.7515207
vt 0.08119589 0.7509425
vt 0.0811876 0.7513263
vt 0.08073163 0.7515207
vt 0.08176112 0.752494
vt 0.07599407 0.7562604
vt 0.07611995 0.7563085
vt 0.0765205 0.7548993
vt 0.07715147 0.7556425
vt 0.0765444 0.755048
vt 0.07699471 0.7562438
vt 0.08198779 0.7538088
vt 0.08245509 0.7540531
vt 0.08230531 0.7534763
vt 0.07562536 0.7562553
vt 0.07599407 0.7562604
vt 0.07614564 0.7546499
vt 0.07870888 0.7455845
vt 0.08054006 0.7500101
vt 0.07986789 0.7450549
vt 0.08201283 0.7534538
vt 0.08230531 0.7534763
vt 0.08223074 0.7530521
vt 0.08165127 0.7512941
vt 0.0818088 0.7509165
vt 0.0811876 0.7513263
vt 0.07986789 0.7450549
vt 0.080859 0.7499099
vt 0.08118486 0.7445817
vt 0.075042 0.7560376
vt 0.075639 0.7540871
vt 0.07387763 0.7554535
vt 0.07562536 0.7562553
vt 0.07614564 0.7546499
vt 0.075042 0.7560376
vt 0.08160781 0.7536143
vt 0.08156037 0.7531515
vt 0.08111023 0.7535374
vt 0.08206433 0.749682
vt 0.08121466 0.7498118
vt 0.08194929 0.7501474
vt 0.0827744 0.7543311
vt 0.08291786 0.7541593
vt 0.08275157 0.7541765
vt 0.08293789 0.7541193
vt 0.08293294 0.754005
vt 0.08292889 0.7541356
vt 0.07387763 0.7554535
vt 0.07378047 0.758236
vt 0.075042 0.7560376
vt 0.07616496 0.7576141
vt 0.07697039 0.7574698
vt 0.07611995 0.7563085
vt 0.07611995 0.7563085
vt 0.07599407 0.7562604
vt 0.07616496 0.7576141
vt 0.08206433 0.749682
vt 0.08194929 0.7501474
vt 0.08481717 0.7504375
vt 0.08200162 0.7528013
vt 0.08223074 0.7530521
vt 0.08254361 0.7523894
vt 0.08230531 0.7534763
vt 0.08272987 0.7537985
vt 0.08255171 0.7530579
vt 0.08300578 0.7521936
vt 0.08255171 0.7530579
vt 0.08361107 0.7526526
vt 0.07350867 0.7585699
vt 0.07378047 0.758236
vt 0.07351028 0.7556923
vt 0.08295452 0.7541397
vt 0.08291786 0.7541593
vt 0.08306258 0.7541717
vt 0.08254361 0.7523894
vt 0.08278799 0.7517546
vt 0.08165127 0.7512941
vt 0.07562536 0.7562553
vt 0.075042 0.7560376
vt 0.07572031 0.7579675
vt 0.08118486 0.7445817
vt 0.08121466 0.7498118
vt 0.08359438 0.7454262
vt 0.0818088 0.7509165
vt 0.08278799 0.7517546
vt 0.08186316 0.7505638
vt 0.08200162 0.7528013
vt 0.08176112 0.752494
vt 0.08156037 0.7531515
vt 0.08293789 0.7541193
vt 0.08296585 0.7541126
vt 0.08293294 0.754005
vt 0.08296585 0.7541126
vt 0.08295452 0.7541397
vt 0.0831393 0.7539685
vt 0.07616496 0.7576141
vt 0.07715278 0.7599463
vt 0.07697039 0.7574698
vt 0.08262884 0.7542081
vt 0.08294117 0.7539357
vt 0.08245509 0.7540531
vt 0.07616496 0.7576141
vt 0.07611924 0.7577481
vt 0.07715278 0.7599463
vt 0.077026 0.7600779
vt 0.07611924 0.7577481
vt 0.07654494 0.7601265
vt 0.07065111 0.7594453
vt 0.07350867 0.7585699
vt 0.07041198 0.7556373
vt 0.07468408 0.7615647
vt 0.07481259 0.7612017
vt 0.07350867 0.7585699
vt 0.07697039 0.7574698
vt 0.07813227 0.7594038
vt 0.0775609 0.7572988
vt 0.08293294 0.754005
vt 0.08294117 0.7539357
vt 0.08275157 0.7541765
vt 0.0827744 0.7543311
vt 0.08275157 0.7541765
vt 0.08258622 0.7545242
vt 0.08218413 0.75551
vt 0.08258622 0.7545242
vt 0.08222419 0.7543636
vt 0.0832557 0.7518988
vt 0.08300578 0.7521936
vt 0.08370584 0.7520618
vt 0.08359438 0.7454262
vt 0.08206433 0.749682
vt 0.0868113 0.7466197
vt 0.06582957 0.7545671
vt 0.0661053 0.759458
vt 0.07041198 0.7556373
vt 0.0831393 0.7539685
vt 0.08332353 0.7538147
vt 0.08293294 0.754005
vt 0.08294117 0.7539357
vt 0.08332353 0.7538147
vt 0.08309859 0.7535781
vt 0.06651943 0.7494975
vt 0.06913089 0.7444316
vt 0.06596541 0.7490267
vt 0.0827744 0.7543311
vt 0.08258622 0.7545242
vt 0.08306258 0.7541717
vt 0.08317774 0.7543687
vt 0.08323109 0.7546563
vt 0.08218413 0.75551
vt 0.06596541 0.7490267
vt 0.06826198 0.7439757
vt 0.06458944 0.7482099
vt 0.07125782 0.7400432
vt 0.07008993 0.7387377
vt 0.06826198 0.7439757
vt 0.08306258 0.7541717
vt 0.08317834 0.7541741
vt 0.0831393 0.7539685
vt 0.06826198 0.7439757
vt 0.06913089 0.7444316
vt 0.07125782 0.7400432
vt 0.07829558 0.7615006
vt 0.07839137 0.7611676
vt 0.077026 0.7600779
vt 0.07532966 0.7386171
vt 0.07204228 0.7409201
vt 0.07674407 0.746502
vt 0.07743453 0.7375072
vt 0.07532966 0.7386171
vt 0.07870888 0.7455845
vt 0.08502703 0.7534972
vt 0.08577144 0.7528302
vt 0.08361107 0.7526526
vt 0.07608687 0.7604579
vt 0.07517927 0.7581984
vt 0.07481259 0.7612017
vt 0.08627694 0.7525927
vt 0.08691674 0.7521968
vt 0.08404248 0.7514005
vt 0.0661053 0.759458
vt 0.06582957 0.7545671
vt 0.06531661 0.7597189
vt 0.07217997 0.763325
vt 0.07468408 0.7615647
vt 0.07065111 0.7594453
vt 0.0661053 0.759458
vt 0.06841289 0.7654455
vt 0.07065111 0.7594453
vt 0.0657432 0.7429893
vt 0.0634191 0.7473691
vt 0.06659722 0.7432877
vt 0.0752688 0.737451
vt 0.07125782 0.7400432
vt 0.07532966 0.7386171
vt 0.07125782 0.7400432
vt 0.0752688 0.737451
vt 0.07008993 0.7387377
vt 0.06508105 0.7537065
vt 0.06596541 0.7490267
vt 0.06400477 0.7535547
vt 0.08367502 0.7541541
vt 0.08317834 0.7541741
vt 0.08323109 0.7546563
vt 0.07781571 0.7624752
vt 0.07808274 0.7619551
vt 0.07608687 0.7604579
vt 0.07781571 0.7624752
vt 0.07608687 0.7604579
vt 0.07695966 0.7637646
vt 0.07681345 0.7640856
vt 0.07695966 0.7637646
vt 0.07468408 0.7615647
vt 0.07870888 0.7455845
vt 0.07986789 0.7450549
vt 0.07743453 0.7375072
vt 0.06400477 0.7535547
vt 0.06458944 0.7482099
vt 0.06166166 0.7534532
vt 0.0620023 0.7434345
vt 0.0657432 0.7429893
vt 0.06583178 0.7371598
vt 0.06508105 0.7537065
vt 0.06400477 0.7535547
vt 0.06531661 0.7597189
vt 0.0817911 0.7358393
vt 0.07955294 0.7363744
vt 0.08118486 0.7445817
vt 0.08481603 0.7535825
vt 0.08502703 0.7534972
vt 0.08391135 0.7533541
vt 0.08393162 0.7430733
vt 0.08359438 0.7454262
vt 0.08834463 0.7434385
vt 0.0752688 0.737451
vt 0.07934576 0.7355423
vt 0.07447236 0.7356717
vt 0.083893 0.7539784
vt 0.08396363 0.7537914
vt 0.08367502 0.7541541
vt 0.07955294 0.7363744
vt 0.07934576 0.7355423
vt 0.07743453 0.7375072
vt 0.0620023 0.7434345
vt 0.06583178 0.7371598
vt 0.05984973 0.7420886
vt 0.08691674 0.7521968
vt 0.08749824 0.7518788
vt 0.08445334 0.7508873
vt 0.07496303 0.7665567
vt 0.07681345 0.7640856
vt 0.07217997 0.763325
vt 0.06192451 0.7329364
vt 0.05761379 0.7411779
vt 0.06415468 0.7349432
vt 0.06400477 0.7535547
vt 0.06166166 0.7534532
vt 0.0641089 0.7601863
vt 0.05745661 0.7505665
vt 0.05742287 0.7599643
vt 0.05993467 0.7511246
vt 0.07496303 0.7665567
vt 0.07217997 0.763325
vt 0.07229393 0.7698578
vt 0.08749824 0.7518788
vt 0.09057813 0.7487462
vt 0.08481717 0.7504375
vt 0.06992781 0.7260176
vt 0.06192451 0.7329364
vt 0.07022392 0.7295735
vt 0.07934576 0.7355423
vt 0.07955294 0.7363744
vt 0.08153057 0.7349083
vt 0.05984973 0.7420886
vt 0.05761379 0.7411779
vt 0.05745661 0.7505665
vt 0.05745661 0.7505665
vt 0.0554521 0.750368
vt 0.05742287 0.7599643
vt 0.06192451 0.7329364
vt 0.0598253 0.7305895
vt 0.05761379 0.7411779
vt 0.06650054 0.7664425
vt 0.06756615 0.7655815
vt 0.0641089 0.7601863
vt 0.06650054 0.7664425
vt 0.0641089 0.7601863
vt 0.06440675 0.7676749
vt 0.07071208 0.7325485
vt 0.07650059 0.7293005
vt 0.07022392 0.7295735
vt 0.05182915 0.7623993
vt 0.05589669 0.7603274
vt 0.05130892 0.7513119
vt 0.08118486 0.7445817
vt 0.08393162 0.7430733
vt 0.0817911 0.7358393
vt 0.08432781 0.7354149
vt 0.08419579 0.7343411
vt 0.0817911 0.7358393
vt 0.0814355 0.7335693
vt 0.07937318 0.7339663
vt 0.08153057 0.7349083
vt 0.08426171 0.7332253
vt 0.08273577 0.7333817
vt 0.08419579 0.7343411
vt 0.09167635 0.7366363
vt 0.08432781 0.7354149
vt 0.08834463 0.7434385
vt 0.08400505 0.7273258
vt 0.08138394 0.7276792
vt 0.08273577 0.7333817
vt 0.07022392 0.7295735
vt 0.07653248 0.7268134
vt 0.07471942 0.7246451
vt 0.07650059 0.7293005
vt 0.08138394 0.7276792
vt 0.07653248 0.7268134
vt 0.05742287 0.7599643
vt 0.05589669 0.7603274
vt 0.06073689 0.768985
vt 0.08692526 0.7269855
vt 0.08400505 0.7273258
vt 0.08426171 0.7332253
vt 0.07175099 0.7224342
vt 0.07471942 0.7246451
vt 0.07564628 0.7202577
vt 0.06440675 0.7676749
vt 0.06943041 0.7733867
vt 0.06650054 0.7664425
vt 0.06565999 0.7098645
vt 0.06644374 0.720318
vt 0.07135146 0.710294
vt 0.06565999 0.7098645
vt 0.06418991 0.7175344
vt 0.06644374 0.720318
vt 0.07175099 0.7224342
vt 0.07564628 0.7202577
vt 0.07149082 0.7207298
vt 0.07705098 0.7105743
vt 0.07135146 0.710294
vt 0.07149082 0.7207298
vt 0.09057813 0.7487462
vt 0.09332817 0.7459018
vt 0.0868113 0.7466197
vt 0.08419579 0.7343411
vt 0.09218966 0.7356262
vt 0.08426171 0.7332253
vt 0.08406317 0.725537
vt 0.08160161 0.7259713
vt 0.08400505 0.7273258
vt 0.08179384 0.7246146
vt 0.0767616 0.7247785
vt 0.08160161 0.7259713
vt 0.0767616 0.7247785
vt 0.08179384 0.7246146
vt 0.08005076 0.7210577
vt 0.06073689 0.768985
vt 0.05976307 0.7696298
vt 0.06702488 0.7761907
vt 0.06655973 0.7767743
vt 0.05976307 0.7696298
vt 0.06208872 0.7815033
vt 0.07564628 0.7202577
vt 0.07667267 0.722111
vt 0.08018714 0.7197699
vt 0.07564628 0.7202577
vt 0.08018714 0.7197699
vt 0.07705098 0.7105743
vt 0.08400505 0.7273258
vt 0.08692526 0.7269855
vt 0.08406317 0.725537
vt 0.08160161 0.7259713
vt 0.08406317 0.725537
vt 0.08179384 0.7246146
vt 0.08426171 0.7332253
vt 0.09305542 0.7345184
vt 0.08692526 0.7269855
vt 0.08179384 0.7246146
vt 0.08423167 0.7241123
vt 0.08312088 0.7218251
vt 0.0869978 0.7231995
vt 0.08423167 0.7241123
vt 0.08703505 0.7247786
vt 0.08018714 0.7197699
vt 0.08005076 0.7210577
vt 0.08388751 0.7206322
vt 0.08692526 0.7269855
vt 0.09628719 0.7279763
vt 0.08703505 0.7247786
vt 0.09218966 0.7356262
vt 0.09167635 0.7366363
vt 0.09947562 0.7395264
vt 0.08880507 0.722505
vt 0.09410655 0.7176198
vt 0.08742308 0.7221198
vt 0.1169045 0.7231676
vt 0.1020663 0.7133927
vt 0.1114444 0.7282671
vt 0.09640771 0.7212233
vt 0.09410655 0.7176198
vt 0.09399527 0.7226
vt 0.09701317 0.7195018
vt 0.09640771 0.7212233
vt 0.1114444 0.7282671
vt 0.1201868 0.7200847
vt 0.1079564 0.7084828
vt 0.1169045 0.7231676
vt 0.1054444 0.7331616
vt 0.09628719 0.7279763
vt 0.1006608 0.7386216
vt 0.106682 0.7321684
vt 0.09777945 0.725492
vt 0.1054444 0.7331616
vt 0.09777945 0.725492
vt 0.106682 0.7321684
vt 0.09874051 0.7242757
vt 0.08012461 0.7568387
vt 0.08056068 0.7572265
vt 0.08176898 0.7575214
vt 0.0804553 0.7579787
vt 0.08190089 0.7583389
vt 0.08056068 0.7572265
vt 0.08047026 0.7588332
vt 0.08203226 0.7591672
vt 0.0804553 0.7579787
vt 0.08437031 0.7551013
vt 0.08458 0.7553753
vt 0.08478349 0.7549043
vt 0.08527374 0.7559948
vt 0.08458 0.7553753
vt 0.08497124 0.7566111
vt 0.08047026 0.7588332
vt 0.08039718 0.7598317
vt 0.08203226 0.7591672
vt 0.081914 0.757718
vt 0.08190089 0.7583389
vt 0.08303934 0.7578699
vt 0.08203226 0.7591672
vt 0.08346354 0.7591349
vt 0.08190089 0.7583389
vt 0.08561825 0.7556478
vt 0.08497142 0.7551476
vt 0.08527374 0.7559948
vt 0.08441972 0.7549847
vt 0.08437031 0.7551013
vt 0.08465331 0.7548795
vt 0.08437031 0.7551013
vt 0.08400583 0.7548969
vt 0.08391308 0.755515
vt 0.08227002 0.7602786
vt 0.08039718 0.7598317
vt 0.08170628 0.7612648
vt 0.08001035 0.762061
vt 0.07999902 0.760668
vt 0.07839137 0.7611676
vt 0.08007508 0.7623736
vt 0.08001035 0.762061
vt 0.07829558 0.7615006
vt 0.07829558 0.7615006
vt 0.07808274 0.7619551
vt 0.08007508 0.7623736
vt 0.08441972 0.7549847
vt 0.08424019 0.7548746
vt 0.08437031 0.7551013
vt 0.08447444 0.7548501
vt 0.08444917 0.7548375
vt 0.08441972 0.7549847
vt 0.08467471 0.7547033
vt 0.08465331 0.7548795
vt 0.08484792 0.7545728
vt 0.08530145 0.754133
vt 0.08484792 0.7545728
vt 0.08525198 0.754803
vt 0.08227002 0.7602786
vt 0.08402711 0.7600489
vt 0.08203226 0.7591672
vt 0.08450174 0.7548389
vt 0.08448398 0.7548342
vt 0.08465331 0.7548795
vt 0.08400583 0.7548969
vt 0.08440685 0.7547121
vt 0.08406084 0.754625
vt 0.08608525 0.7553998
vt 0.08525198 0.754803
vt 0.08561825 0.7556478
vt 0.08303934 0.7578699
vt 0.08410149 0.757907
vt 0.08307999 0.7575406
vt 0.0842812 0.7583083
vt 0.08410149 0.757907
vt 0.0831694 0.7584325
vt 0.07781571 0.7624752
vt 0.07695966 0.7637646
vt 0.08019936 0.7637073
vt 0.08424019 0.7548746
vt 0.08443045 0.7547436
vt 0.08400583 0.7548969
vt 0.08424019 0.7548746
vt 0.08444917 0.7548375
vt 0.08443045 0.7547436
vt 0.08400583 0.7548969
vt 0.08406084 0.754625
vt 0.08326667 0.7545094
vt 0.07781571 0.7624752
vt 0.08019936 0.7637073
vt 0.07808274 0.7619551
vt 0.08443045 0.7547436
vt 0.08467471 0.7547033
vt 0.08440685 0.7547121
vt 0.08647722 0.7543295
vt 0.08502703 0.7534972
vt 0.08530145 0.754133
vt 0.08450573 0.7548152
vt 0.08450174 0.7548389
vt 0.08467471 0.7547033
vt 0.08346354 0.7591349
vt 0.08466023 0.7587629
vt 0.0831694 0.7584325
vt 0.08447325 0.754816
vt 0.08450573 0.7548152
vt 0.08443045 0.7547436
vt 0.08210492 0.7627591
vt 0.08193516 0.762508
vt 0.08007508 0.7623736
vt 0.08497124 0.7566111
vt 0.08568918 0.756379
vt 0.08527374 0.7559948
vt 0.08497124 0.7566111
vt 0.08535456 0.7578013
vt 0.08591276 0.7568864
vt 0.07999902 0.760668
vt 0.08001035 0.762061
vt 0.08170628 0.7612648
vt 0.07496303 0.7665567
vt 0.07873082 0.7687793
vt 0.07681345 0.7640856
vt 0.08574062 0.7559653
vt 0.08622097 0.7557032
vt 0.08561825 0.7556478
vt 0.08402711 0.7600489
vt 0.08534437 0.7592998
vt 0.08346354 0.7591349
vt 0.08662384 0.7566643
vt 0.08629792 0.7563825
vt 0.08591276 0.7568864
vt 0.08340609 0.7657936
vt 0.08291476 0.7641384
vt 0.07998687 0.765363
vt 0.08255785 0.7633912
vt 0.08210492 0.7627591
vt 0.08030956 0.7630516
vt 0.07496303 0.7665567
vt 0.07229393 0.7698578
vt 0.07873082 0.7687793
vt 0.08291476 0.7641384
vt 0.08255785 0.7633912
vt 0.08019936 0.7637073
vt 0.08739161 0.7542832
vt 0.08577144 0.7528302
vt 0.08647722 0.7543295
vt 0.08400565 0.7626011
vt 0.083772 0.7624071
vt 0.08210492 0.7627591
vt 0.08372211 0.7662226
vt 0.07978951 0.7657218
vt 0.08315199 0.7696654
vt 0.08727824 0.7549568
vt 0.08647722 0.7543295
vt 0.08608525 0.7553998
vt 0.08468723 0.7608969
vt 0.08402711 0.7600489
vt 0.08258169 0.7613548
vt 0.08608525 0.7553998
vt 0.08622097 0.7557032
vt 0.08709961 0.755383
vt 0.08499008 0.7577872
vt 0.08410149 0.757907
vt 0.08520674 0.7579463
vt 0.0842812 0.7583083
vt 0.08466023 0.7587629
vt 0.08520674 0.7579463
vt 0.09366226 0.7517409
vt 0.09057813 0.7487462
vt 0.08956736 0.7536951
vt 0.08663988 0.7559633
vt 0.08629792 0.7563825
vt 0.08710432 0.7561685
vt 0.08534437 0.7592998
vt 0.08619004 0.7582632
vt 0.08466023 0.7587629
vt 0.08499008 0.7577872
vt 0.08520674 0.7579463
vt 0.08513593 0.757745
vt 0.08891785 0.753886
vt 0.08956736 0.7536951
vt 0.08691674 0.7521968
vt 0.08662384 0.7566643
vt 0.08591276 0.7568864
vt 0.08693379 0.7579731
vt 0.08815711 0.7582725
vt 0.08864831 0.7576841
vt 0.08693379 0.7579731
vt 0.08908736 0.7568041
vt 0.08710432 0.7561685
vt 0.08899283 0.7571742
vt 0.08891785 0.753886
vt 0.08691674 0.7521968
vt 0.08821898 0.7540585
vt 0.08210492 0.7627591
vt 0.08255785 0.7633912
vt 0.08400565 0.7626011
vt 0.08562886 0.7581174
vt 0.08577877 0.7578543
vt 0.08520674 0.7579463
vt 0.0714358 0.7710073
vt 0.06943041 0.7733867
vt 0.07685023 0.7751095
vt 0.08642953 0.7651347
vt 0.08536809 0.7638138
vt 0.08340609 0.7657936
vt 0.08255785 0.7633912
vt 0.08291476 0.7641384
vt 0.08431398 0.7631988
vt 0.08824849 0.7552882
vt 0.08739161 0.7542832
vt 0.08727824 0.7549568
vt 0.08534824 0.7618662
vt 0.08643919 0.7609575
vt 0.08468723 0.7608969
vt 0.06943041 0.7733867
vt 0.06852871 0.7744741
vt 0.07583212 0.7777044
vt 0.08710432 0.7561685
vt 0.08908736 0.7568041
vt 0.08788979 0.7556258
vt 0.08619004 0.7582632
vt 0.08631521 0.75791
vt 0.08562886 0.7581174
vt 0.08402711 0.7600489
vt 0.08568876 0.7601865
vt 0.08534437 0.7592998
vt 0.08315199 0.7696654
vt 0.08737045 0.7692319
vt 0.08372211 0.7662226
vt 0.06655973 0.7767743
vt 0.07447385 0.7826989
vt 0.06702488 0.7761907
vt 0.08675879 0.7583498
vt 0.08693379 0.7579731
vt 0.08619004 0.7582632
vt 0.08675879 0.7583498
vt 0.08619004 0.7582632
vt 0.08633041 0.7593254
vt 0.07873082 0.7687793
vt 0.07720744 0.7729996
vt 0.08315199 0.7696654
vt 0.07447385 0.7826989
vt 0.06655973 0.7767743
vt 0.07024788 0.7870547
vt 0.08633041 0.7593254
vt 0.08568876 0.7601865
vt 0.08709532 0.7599768
vt 0.08956736 0.7536951
vt 0.08891785 0.753886
vt 0.09085154 0.7561362
vt 0.08405315 0.7756474
vt 0.08411848 0.7746434
vt 0.07741969 0.7740791
vt 0.08536809 0.7638138
vt 0.08642953 0.7651347
vt 0.08743751 0.7627659
vt 0.08633041 0.7593254
vt 0.08752024 0.7590502
vt 0.08675879 0.7583498
vt 0.08405315 0.7756474
vt 0.07741969 0.7740791
vt 0.08384877 0.7769352
vt 0.08940273 0.7562235
vt 0.08824849 0.7552882
vt 0.08896452 0.7564086
vt 0.08824849 0.7552882
vt 0.08940273 0.7562235
vt 0.08901643 0.7550746
vt 0.09057813 0.7487462
vt 0.09366226 0.7517409
vt 0.09332817 0.7459018
vt 0.07685023 0.7751095
vt 0.07583212 0.7777044
vt 0.08384877 0.7769352
vt 0.08562827 0.7619985
vt 0.08650439 0.7622343
vt 0.08675837 0.761057
vt 0.08980011 0.7561742
vt 0.09030467 0.7561411
vt 0.08901643 0.7550746
vt 0.08735638 0.7600456
vt 0.08773928 0.7590879
vt 0.08709532 0.7599768
vt 0.0877031 0.7608681
vt 0.08825844 0.7592863
vt 0.08735638 0.7600456
vt 0.08499139 0.7846684
vt 0.08451008 0.7818183
vt 0.07499372 0.7816555
vt 0.08772873 0.7582922
vt 0.08775848 0.7584968
vt 0.08789426 0.7582851
vt 0.08775848 0.7584968
vt 0.08752024 0.7590502
vt 0.08785659 0.7585074
vt 0.08476775 0.7864332
vt 0.07447385 0.7826989
vt 0.08284652 0.7912007
vt 0.08499139 0.7846684
vt 0.07499372 0.7816555
vt 0.08476775 0.7864332
vt 0.09565538 0.7545705
vt 0.09366226 0.7517409
vt 0.09085154 0.7561362
vt 0.08785659 0.7585074
vt 0.08832132 0.7584546
vt 0.08789426 0.7582851
vt 0.08785659 0.7585074
vt 0.08773928 0.7590879
vt 0.08832132 0.7584546
vt 0.08743751 0.7627659
vt 0.08876216 0.7613725
vt 0.08727079 0.7614545
vt 0.08876216 0.7613725
vt 0.08946532 0.7599633
vt 0.0877031 0.7608681
vt 0.08859926 0.7635886
vt 0.08642953 0.7651347
vt 0.08917683 0.7637836
vt 0.08953505 0.7742253
vt 0.08737045 0.7692319
vt 0.08411848 0.7746434
vt 0.08832132 0.7584546
vt 0.08907979 0.7578651
vt 0.08815711 0.7582725
vt 0.08737045 0.7692319
vt 0.08953505 0.7742253
vt 0.09089595 0.7676144
vt 0.08411848 0.7746434
vt 0.08405315 0.7756474
vt 0.08953505 0.7742253
vt 0.08983349 0.7618921
vt 0.08876216 0.7613725
vt 0.08859926 0.7635886
vt 0.09082829 0.7750292
vt 0.08405315 0.7756474
vt 0.09089475 0.7764885
vt 0.08988541 0.7568113
vt 0.08980011 0.7561742
vt 0.08953851 0.7567697
vt 0.09089475 0.7764885
vt 0.08384877 0.7769352
vt 0.09084028 0.7792357
vt 0.08942973 0.7572476
vt 0.08953851 0.7567697
vt 0.08899283 0.7571742
vt 0.08907979 0.7578651
vt 0.08942973 0.7572476
vt 0.08864831 0.7576841
vt 0.08946532 0.7599633
vt 0.08981478 0.7587341
vt 0.08832132 0.7584546
vt 0.08859926 0.7635886
vt 0.08917683 0.7637836
vt 0.08983349 0.7618921
vt 0.08986973 0.7573905
vt 0.08988541 0.7568113
vt 0.08942973 0.7572476
vt 0.08981478 0.7587341
vt 0.08986973 0.7573905
vt 0.08907979 0.7578651
vt 0.08988541 0.7568113
vt 0.08986973 0.7573905
vt 0.09041863 0.756831
vt 0.08983349 0.7618921
vt 0.09043556 0.7602422
vt 0.08876216 0.7613725
vt 0.09085154 0.7561362
vt 0.09030467 0.7561411
vt 0.09083431 0.7567859
vt 0.09366226 0.7517409
vt 0.09565538 0.7545705
vt 0.09702825 0.7499226
vt 0.09609943 0.7836929
vt 0.09326702 0.7811127
vt 0.08499139 0.7846684
vt 0.09083431 0.7567859
vt 0.09041863 0.756831
vt 0.09089845 0.7573364
vt 0.0971269 0.7568428
vt 0.09565538 0.7545705
vt 0.09083431 0.7567859
vt 0.09103429 0.760282
vt 0.09043556 0.7602422
vt 0.09044045 0.762007
vt 0.09698468 0.7578525
vt 0.0971269 0.7568428
vt 0.09089845 0.7573364
vt 0.09054696 0.7587443
vt 0.09111917 0.7587041
vt 0.09047216 0.757432
vt 0.09685909 0.7728196
vt 0.09509456 0.7723666
vt 0.09082829 0.7750292
vt 0.09084028 0.7792357
vt 0.09906959 0.7759168
vt 0.09089475 0.7764885
vt 0.09685909 0.7728196
vt 0.09082829 0.7750292
vt 0.09746032 0.7742951
vt 0.1201868 0.7200847
vt 0.1169045 0.7231676
vt 0.1315424 0.7332388
vt 0.1207027 0.7408115
vt 0.1263837 0.7379093
vt 0.1114444 0.7282671
vt 0.09855753 0.7401032
vt 0.09332817 0.7459018
vt 0.1038808 0.745528
vt 0.09746032 0.7742951
vt 0.09906959 0.7759168
vt 0.1029806 0.7710371
vt 0.1017665 0.7695185
vt 0.09685909 0.7728196
vt 0.1029806 0.7710371
vt 0.1053615 0.7452018
vt 0.09947562 0.7395264
vt 0.1038808 0.745528
vt 0.1069105 0.744738
vt 0.1006608 0.7386216
vt 0.1053615 0.7452018
vt 0.1054444 0.7331616
vt 0.1006608 0.7386216
vt 0.1121777 0.7401507
vt 0.1017665 0.7695185
vt 0.09984976 0.7694757
vt 0.09685909 0.7728196
vt 0.1105312 0.7286613
vt 0.1193795 0.7408516
vt 0.1114444 0.7282671
vt 0.1105312 0.7286613
vt 0.1159111 0.7385911
vt 0.1193795 0.7408516
vt 0.09906959 0.7759168
vt 0.1020653 0.7779233
vt 0.1039604 0.7721366
vt 0.1312196 0.7393661
vt 0.1314111 0.7448541
vt 0.1356824 0.7434173
vt 0.1314111 0.7448541
vt 0.1356189 0.7520953
vt 0.1359027 0.7488843
vt 0.1314111 0.7448541
vt 0.1292173 0.7474837
vt 0.1356189 0.7520953
vt 0.1053968 0.765351
vt 0.1017665 0.7695185
vt 0.1071755 0.7663156
vt 0.1121777 0.7401507
vt 0.1069105 0.744738
vt 0.1161269 0.7474465
vt 0.1178612 0.7743623
vt 0.1094495 0.7809123
vt 0.120413 0.7781645
vt 0.108712 0.751644
vt 0.1053615 0.7452018
vt 0.1072731 0.7518738
vt 0.1289348 0.7452367
vt 0.1314111 0.7448541
vt 0.1287643 0.7420349
vt 0.1272277 0.7476048
vt 0.1292173 0.7474837
vt 0.1272247 0.7462693
vt 0.1053968 0.765351
vt 0.1040323 0.7649503
vt 0.1017665 0.7695185
vt 0.09833437 0.7538984
vt 0.1072731 0.7518738
vt 0.09702825 0.7499226
vt 0.0971269 0.7568428
vt 0.1078207 0.7542772
vt 0.09833437 0.7538984
vt 0.1063348 0.7609099
vt 0.09694731 0.7609308
vt 0.1040323 0.7649503
vt 0.1121777 0.7401507
vt 0.1147196 0.7393479
vt 0.1054444 0.7331616
vt 0.1063348 0.7609099
vt 0.1065769 0.7604415
vt 0.09694731 0.7609308
vt 0.1272277 0.7476048
vt 0.1272247 0.7462693
vt 0.1260187 0.7467036
vt 0.1258748 0.7525536
vt 0.1279135 0.7558764
vt 0.1272277 0.7476048
vt 0.1079869 0.7564199
vt 0.09698468 0.7578525
vt 0.1065769 0.7604415
vt 0.1079201 0.7607351
vt 0.1053968 0.765351
vt 0.1099174 0.7611256
vt 0.1312196 0.7393661
vt 0.1263837 0.7379093
vt 0.1221539 0.7424392
vt 0.1040323 0.7649503
vt 0.1053968 0.765351
vt 0.1063348 0.7609099
vt 0.1192998 0.7630343
vt 0.1156923 0.7634948
vt 0.1145662 0.7723108
vt 0.1145662 0.7723108
vt 0.1178612 0.7743623
vt 0.1192998 0.7630343
vt 0.12583 0.745128
vt 0.1253551 0.7425971
vt 0.1246742 0.7453991
vt 0.1108535 0.7559317
vt 0.1091244 0.7563124
vt 0.1099174 0.7611256
vt 0.1108535 0.7559317
vt 0.1105579 0.7609742
vt 0.117065 0.7568136
vt 0.1258748 0.7525536
vt 0.1272277 0.7476048
vt 0.1252669 0.7499183
vt 0.1079201 0.7607351
vt 0.1091244 0.7563124
vt 0.1065769 0.7604415
vt 0.1147196 0.7393479
vt 0.1159111 0.7385911
vt 0.106682 0.7321684
vt 0.1161269 0.7474465
vt 0.1097437 0.7498956
vt 0.1168839 0.7498163
vt 0.1161269 0.7474465
vt 0.1185627 0.7467719
vt 0.1121777 0.7401507
vt 0.1172284 0.7520072
vt 0.1108477 0.754475
vt 0.117065 0.7568136
vt 0.1090842 0.7541885
vt 0.1091244 0.7563124
vt 0.1108477 0.754475
vt 0.1090842 0.7541885
vt 0.108712 0.751644
vt 0.1078207 0.7542772
vt 0.1168839 0.7498163
vt 0.1101621 0.7513598
vt 0.1172284 0.7520072
vt 0.1091244 0.7563124
vt 0.1090842 0.7541885
vt 0.1079869 0.7564199
vt 0.1204784 0.7464462
vt 0.1221539 0.7424392
vt 0.1178388 0.7407073
vt 0.1156923 0.7634948
vt 0.1192998 0.7630343
vt 0.117065 0.7568136
vt 0.1242412 0.7529672
vt 0.1230566 0.7556543
vt 0.1258748 0.7525536
vt 0.1207488 0.7506209
vt 0.1191457 0.7513134
vt 0.1219953 0.7542707
vt 0.1238775 0.7489029
vt 0.1207488 0.7506209
vt 0.1243928 0.7505608
vt 0.117065 0.7568136
vt 0.1198956 0.7554938
vt 0.1172284 0.7520072
vt 0.1185627 0.7467719
vt 0.1161269 0.7474465
vt 0.1188489 0.7492301
vt 0.1172284 0.7520072
vt 0.1191457 0.7513134
vt 0.1168839 0.7498163
vt 0.1191457 0.7513134
vt 0.1207488 0.7506209
vt 0.1188489 0.7492301
vt 0.1204784 0.7464462
vt 0.1185627 0.7467719
vt 0.1204705 0.7486825
vt 0.1243928 0.7505608
vt 0.1242412 0.7529672
vt 0.1252669 0.7499183
vt 0.1252669 0.7499183
vt 0.1261708 0.7478531
vt 0.1243928 0.7505608
vt 0.09103429 0.760282
vt 0.09044045 0.762007
vt 0.09585475 0.7630592
vt 0.07674407 0.746502
vt 0.0789442 0.7501779
vt 0.07870888 0.7455845
vt 0.06756615 0.7655815
vt 0.06650054 0.7664425
vt 0.07181084 0.770484
vt 0.0714358 0.7710073
vt 0.07685023 0.7751095
vt 0.07181084 0.770484
vt 0.07229393 0.7698578
vt 0.07181084 0.770484
vt 0.07720744 0.7729996
vt 0.07229393 0.7698578
vt 0.06841289 0.7654455
vt 0.07181084 0.770484
vt 0.06841289 0.7654455
vt 0.0661053 0.759458
vt 0.06756615 0.7655815
vt 0.06440675 0.7676749
vt 0.06166976 0.7606116
vt 0.0626015 0.7678803
vt 0.06943041 0.7733867
vt 0.06440675 0.7676749
vt 0.06852871 0.7744741
vt 0.06073689 0.768985
vt 0.06702488 0.7761907
vt 0.0626015 0.7678803
vt 0.06852871 0.7744741
vt 0.06702488 0.7761907
vt 0.07529014 0.7790785
vt 0.08451008 0.7818183
vt 0.08372735 0.7798794
vt 0.07529014 0.7790785
vt 0.08372735 0.7798794
vt 0.08451008 0.7818183
vt 0.09084028 0.7792357
vt 0.09089845 0.7573364
vt 0.09111917 0.7587041
vt 0.09698468 0.7578525
vt 0.09698468 0.7578525
vt 0.1079869 0.7564199
vt 0.0971269 0.7568428
vt 0.09111917 0.7587041
vt 0.09103429 0.760282
vt 0.09684735 0.7587359
vt 0.09089595 0.7676144
vt 0.09409779 0.7647418
vt 0.08917683 0.7637836
vt 0.08372211 0.7662226
vt 0.0863884 0.7657495
vt 0.08340609 0.7657936
vt 0.09084028 0.7792357
vt 0.09326702 0.7811127
vt 0.09906959 0.7759168
vt 0.1063991 0.7792374
vt 0.1020653 0.7779233
vt 0.09609943 0.7836929
vt 0.1020653 0.7779233
vt 0.1063991 0.7792374
vt 0.1097301 0.772479
vt 0.1178612 0.7743623
vt 0.1145662 0.7723108
vt 0.1094495 0.7809123
vt 0.08419579 0.7343411
vt 0.08432781 0.7354149
vt 0.09218966 0.7356262
vt 0.09855753 0.7401032
vt 0.09167635 0.7366363
vt 0.09332817 0.7459018
vt 0.09409779 0.7647418
vt 0.09984976 0.7694757
vt 0.09585475 0.7630592
vt 0.09111917 0.7587041
vt 0.09054696 0.7587443
vt 0.09103429 0.760282
vt 0.083772 0.7624071
vt 0.08400565 0.7626011
vt 0.08534824 0.7618662
vt 0.08562827 0.7619985
vt 0.08675837 0.761057
vt 0.08534824 0.7618662
vt 0.07131892 0.7523455
vt 0.07291114 0.7497421
vt 0.06651943 0.7494975
vt 0.07291114 0.7497421
vt 0.07492309 0.7477213
vt 0.06913089 0.7444316
vt 0.07022392 0.7295735
vt 0.06415468 0.7349432
vt 0.07071208 0.7325485
vt 0.06192451 0.7329364
vt 0.06992781 0.7260176
vt 0.0598253 0.7305895
vt 0.06992781 0.7260176
vt 0.07175099 0.7224342
vt 0.06782269 0.72362
vt 0.08583319 0.7214654
vt 0.08523356 0.7226379
vt 0.08742308 0.7221198
vt 0.08523356 0.7226379
vt 0.08583319 0.7214654
vt 0.08312088 0.7218251
vt 0.0757355 0.7518582
vt 0.07291114 0.7497421
vt 0.07455074 0.7534815
vt 0.07599407 0.7562604
vt 0.07562536 0.7562553
vt 0.07611924 0.7577481
vt 0.07608687 0.7604579
vt 0.07654494 0.7601265
vt 0.07517927 0.7581984
vt 0.07829558 0.7615006
vt 0.077026 0.7600779
vt 0.07808274 0.7619551
vt 0.07935351 0.7525694
vt 0.07942295 0.7524081
vt 0.07859194 0.7526404
vt 0.0770483 0.754159
vt 0.07671397 0.7538348
vt 0.0765205 0.7548993
vt 0.07708597 0.7543184
vt 0.0770483 0.754159
vt 0.0765444 0.755048
vt 0.07874947 0.7531103
vt 0.07925397 0.7528723
vt 0.078763 0.7529933
vt 0.0775597 0.7549382
vt 0.07812482 0.7543705
vt 0.07708597 0.7543184
vt 0.08186316 0.7505638
vt 0.08194929 0.7501474
vt 0.08113926 0.7506663
vt 0.08113926 0.7506663
vt 0.08119589 0.7509425
vt 0.08186316 0.7505638
vt 0.05984973 0.7420886
vt 0.05745661 0.7505665
vt 0.0620023 0.7434345
vt 0.07937318 0.7339663
vt 0.0814355 0.7335693
vt 0.07650059 0.7293005
vt 0.07447236 0.7356717
vt 0.07071208 0.7325485
vt 0.07008993 0.7387377
vt 0.0657432 0.7429893
vt 0.0620023 0.7434345
vt 0.0634191 0.7473691
vt 0.07071208 0.7325485
vt 0.07447236 0.7356717
vt 0.07650059 0.7293005
vt 0.108712 0.751644
vt 0.1090842 0.7541885
vt 0.1101621 0.7513598
vt 0.07930868 0.7527239
vt 0.07952493 0.7527225
vt 0.07935351 0.7525694
vt 0.07925397 0.7528723
vt 0.07948154 0.7535794
vt 0.07948231 0.7529381
vt 0.08400565 0.7626011
vt 0.08431398 0.7631988
vt 0.08562827 0.7619985
vt 0.08727079 0.7614545
vt 0.0877031 0.7608681
vt 0.08675837 0.761057
vt 0.08709532 0.7599768
vt 0.08643919 0.7609575
vt 0.08735638 0.7600456
vt 0.08431398 0.7631988
vt 0.08536809 0.7638138
vt 0.08650439 0.7622343
vt 0.08693379 0.7579731
vt 0.08675879 0.7583498
vt 0.08772873 0.7582922
vt 0.08170628 0.7612648
vt 0.08193516 0.762508
vt 0.08258169 0.7613548
vt 0.08258169 0.7613548
vt 0.083772 0.7624071
vt 0.08468723 0.7608969
vt 0.08737045 0.7692319
vt 0.09089595 0.7676144
vt 0.0863884 0.7657495
vt 0.07681345 0.7640856
vt 0.07978951 0.7657218
vt 0.07695966 0.7637646
vt 0.07978951 0.7657218
vt 0.08372211 0.7662226
vt 0.07998687 0.765363
vt 0.05761379 0.7411779
vt 0.05386275 0.7409117
vt 0.0554521 0.750368
vt 0.05486792 0.771682
vt 0.05976307 0.7696298
vt 0.05182915 0.7623993
vt 0.09609943 0.7836929
vt 0.08499139 0.7846684
vt 0.09609872 0.7863502
vt 0.09609872 0.7863502
vt 0.08476775 0.7864332
vt 0.09610837 0.7912007
vt 0.09610837 0.7912007
vt 0.1089705 0.7866842
vt 0.09609872 0.7863502
vt 0.1094495 0.7809123
vt 0.1063991 0.7792374
vt 0.09609872 0.7863502
vt 0.120413 0.7781645
vt 0.1271222 0.7667825
vt 0.1178612 0.7743623
vt 0.08953851 0.7567697
vt 0.08940273 0.7562235
vt 0.08908736 0.7568041
vt 0.08577144 0.7528302
vt 0.08627694 0.7525927
vt 0.08370584 0.7520618
vt 0.08577144 0.7528302
vt 0.08739161 0.7542832
vt 0.08627694 0.7525927
vt 0.08901643 0.7550746
vt 0.08821898 0.7540585
vt 0.08824849 0.7552882
vt 0.07715278 0.7599463
vt 0.07839137 0.7611676
vt 0.07813227 0.7594038
vt 0.1027789 0.7078683
vt 0.09410655 0.7176198
vt 0.1020663 0.7133927
vt 0.1218103 0.747621
vt 0.1204705 0.7486825
vt 0.1238775 0.7489029
vt 0.08176898 0.7575214
vt 0.081914 0.757718
vt 0.08307999 0.7575406
vt 0.08499008 0.7577872
vt 0.08465534 0.7575006
vt 0.08410149 0.757907
vt 0.08980011 0.7561742
vt 0.08988541 0.7568113
vt 0.09030467 0.7561411
vt 0.08484792 0.7545728
vt 0.08530145 0.754133
vt 0.08440685 0.7547121
vt 0.08391135 0.7533541
vt 0.08332353 0.7538147
vt 0.08396363 0.7537914
vt 0.08404248 0.7514005
vt 0.08445334 0.7508873
vt 0.08186316 0.7505638
vt 0.08822518 0.7133511
vt 0.08263981 0.7113668
vt 0.08388751 0.7206322
vt 0.1246742 0.7453991
vt 0.1261708 0.7478531
vt 0.1260187 0.7467036
vt 0.05742287 0.7599643
vt 0.06073689 0.768985
vt 0.05970573 0.7596632
vt 0.1039604 0.7721366
vt 0.1097301 0.772479
vt 0.1087285 0.7656368
vt 0.1029806 0.7710371
vt 0.1039604 0.7721366
vt 0.1071755 0.7663156
vt 0.1071755 0.7663156
vt 0.1087285 0.7656368
vt 0.1099174 0.7611256
vt 0.05993467 0.7511246
vt 0.05970573 0.7596632
vt 0.06166166 0.7534532
vt 0.08986973 0.7573905
vt 0.08981478 0.7587341
vt 0.09047216 0.757432
vt 0.1287643 0.7420349
vt 0.1312196 0.7393661
vt 0.1253551 0.7425971
vt 0.08254361 0.7523894
vt 0.08165127 0.7512941
vt 0.08176112 0.752494
vt 0.0748617 0.7533348
vt 0.07455074 0.7534815
vt 0.07387763 0.7554535
vt 0.06596541 0.7490267
vt 0.06508105 0.7537065
vt 0.06651943 0.7494975
vt 0.09984976 0.7694757
vt 0.09409779 0.7647418
vt 0.09509456 0.7723666
vt 0.07041198 0.7556373
vt 0.07351028 0.7556923
vt 0.07131892 0.7523455
vt 0.07041198 0.7556373
vt 0.07131892 0.7523455
vt 0.06582957 0.7545671
vt 0.1006608 0.7386216
vt 0.09305542 0.7345184
vt 0.09947562 0.7395264
vt 0.1218103 0.747621
vt 0.1238775 0.7489029
vt 0.1230258 0.7469792
vt 0.1271222 0.7667825
vt 0.1279135 0.7558764
vt 0.1233162 0.7627863
vt 0.1233162 0.7627863
vt 0.1230566 0.7556543
vt 0.1192998 0.7630343
vt 0.08042353 0.7502594
vt 0.08047384 0.7508256
vt 0.08111691 0.7502021
vt 0.08042353 0.7502594
vt 0.07905387 0.7505414
vt 0.08047384 0.7508256
vt 0.1263837 0.7379093
vt 0.1312196 0.7393661
vt 0.1315424 0.7332388
vt 0.1020663 0.7133927
vt 0.1079564 0.7084828
vt 0.1027789 0.7078683
vt 0.1069105 0.744738
vt 0.1053615 0.7452018
vt 0.1097437 0.7498956
vt 0.08824849 0.7552882
vt 0.08727824 0.7549568
vt 0.08788979 0.7556258
vt 0.07507926 0.6787993
vt 0.05130892 0.6870754
vt 0.08208644 0.6881903
vt 0.05794072 0.6821628
vt 0.05130892 0.6870754
vt 0.06582266 0.6787993
vt 0.08004438 0.6968751
vt 0.08208644 0.6881903
vt 0.06233084 0.7050112
vt 0.07555341 0.7578031
vt 0.07771646 0.7574435
vt 0.07761067 0.7567818
vt 0.07835364 0.7578736
vt 0.07834863 0.7585776
vt 0.07869672 0.758212
vt 0.07834863 0.7585776
vt 0.07813227 0.7594038
vt 0.07866394 0.7589435
vt 0.07989042 0.7596478
vt 0.08039718 0.7598317
vt 0.07996773 0.7586976
vt 0.07996773 0.7586976
vt 0.08047026 0.7588332
vt 0.07991111 0.7578345
vt 0.07771646 0.7574435
vt 0.07835364 0.7578736
vt 0.07829225 0.7575796
vt 0.08056068 0.7572265
vt 0.08012461 0.7568387
vt 0.0804553 0.7579787
vt 0.08039718 0.7598317
vt 0.07989042 0.7596478
vt 0.07999902 0.760668
vt 0.07848405 0.7594839
vt 0.07895785 0.7602047
vt 0.07970756 0.7602838
vt 0.08012461 0.7568387
vt 0.07761067 0.7567818
vt 0.07991111 0.7578345
vt 0.07829225 0.7575796
vt 0.07869672 0.758212
vt 0.07991111 0.7578345
vt 0.07869672 0.758212
vt 0.07866394 0.7589435
vt 0.07996773 0.7586976
vt 0.07866394 0.7589435
vt 0.07848405 0.7594839
vt 0.07989042 0.7596478
usemtl LFinger22UV
f 1/1 2/2 3/3
f 5/4 6/5 7/6
f 10/7 11/8 7/9
f 12/10 13/11 14/12
f 15/13 16/14 17/15
f 18/16 19/17 20/18
f 21/19 22/20 23/21
f 24/22 25/23 26/24
f 27/25 28/26 29/27
f 30/28 31/29 32/30
f 33/31 34/32 35/33
f 36/34 37/35 38/36
f 39/37 40/38 41/39
f 42/40 43/41 44/42
f 45/43 46/44 47/45
f 48/46 49/47 50/48
f 51/49 52/50 53/51
f 54/52 53/53 52/54
f 55/55 52/56 40/57
f 56/58 57/59 58/60
f 59/61 60/62 61/63
f 62/64 63/65 64/66
f 65/67 66/68 67/69
f 68/70 69/71 70/72
f 71/73 72/74 73/75
f 74/76 75/77 67/78
f 65/79 76/80 77/81
f 67/82 78/83 79/84
f 74/85 79/86 80/87
f 81/88 82/89 83/90
f 84/91 85/92 86/93
f 87/94 88/95 89/96
f 90/97 91/98 92/99
f 93/100 94/101 95/102
f 96/103 97/104 98/105
f 99/106 100/107 101/108
f 102/109 103/110 104/111
f 104/112 103/113 105/114
f 96/115 106/116 107/117
f 108/118 109/119 110/120
f 111/121 112/122 108/123
f 111/124 108/125 110/126
f 113/127 114/128 115/129
f 117/130 118/131 119/132
f 116/133 119/134 121/135
f 122/136 123/137 118/138
f 118/139 124/140 125/141
f 119/142 125/143 126/144
f 12/145 14/146 123/147
f 123/148 127/149 124/150
f 125/151 124/152 128/153
f 123/154 14/155 20/156
f 18/157 20/158 14/159
f 130/160 17/161 16/162
f 132/163 133/164 134/165
f 19/166 135/167 127/168
f 124/169 127/170 135/171
f 136/172 137/173 138/174
f 121/175 139/176 140/177
f 134/178 141/179 142/180
f 137/181 136/182 142/183
f 144/184 132/185 145/186
f 15/187 145/188 16/189
f 15/190 17/191 146/192
f 147/193 144/194 145/195
f 125/196 129/197 148/198
f 133/199 149/200 141/201
f 141/202 150/203 151/204
f 139/205 121/206 126/207
f 138/208 137/209 135/210
f 128/211 135/212 137/213
f 149/214 133/215 153/216
f 155/217 153/218 144/219
f 146/220 135/221 19/222
f 146/223 19/224 18/225
f 157/226 128/227 143/228
f 15/229 5/230 8/231
f 5/232 15/233 146/234
f 149/235 158/236 150/237
f 154/238 159/239 158/240
f 161/241 162/242 163/243
f 165/244 161/245 160/246
f 5/247 156/248 6/249
f 155/250 147/251 8/252
f 11/253 155/254 8/255
f 166/256 167/257 160/258
f 154/259 153/260 161/261
f 168/262 169/263 157/264
f 153/265 155/266 162/267
f 167/268 170/269 164/270
f 171/271 172/272 158/273
f 157/274 169/275 129/276
f 173/277 129/278 169/279
f 173/280 174/281 148/282
f 176/283 177/284 178/285
f 175/286 18/287 13/288
f 13/289 26/290 25/291
f 164/292 179/293 180/294
f 162/295 181/296 182/297
f 126/298 148/299 183/300
f 180/301 171/302 159/303
f 181/304 184/305 185/306
f 6/307 186/308 9/309
f 6/310 156/311 32/312
f 188/313 168/314 189/315
f 168/316 188/317 173/318
f 25/319 29/320 177/321
f 185/322 184/323 190/324
f 187/325 189/326 172/327
f 182/328 185/329 192/330
f 177/331 194/332 195/333
f 196/334 9/335 186/336
f 185/337 190/338 38/339
f 171/340 180/341 199/342
f 172/343 171/344 198/345
f 200/346 156/347 18/348
f 190/349 184/350 202/351
f 203/352 22/353 21/354
f 206/355 21/356 23/357
f 207/358 208/359 198/360
f 174/361 173/362 188/363
f 187/364 210/365 209/366
f 202/367 211/368 212/369
f 195/370 194/371 31/372
f 29/373 28/374 194/375
f 194/376 28/377 214/378
f 207/379 199/380 216/381
f 203/382 204/383 218/384
f 34/385 196/386 197/387
f 198/388 208/389 219/390
f 190/391 201/392 36/393
f 34/394 33/395 220/396
f 32/397 156/398 200/399
f 221/400 222/401 206/402
f 31/403 213/404 34/405
f 217/406 218/407 222/408
f 34/409 213/410 35/411
f 194/412 213/413 31/414
f 223/415 224/416 174/417
f 27/418 29/419 25/420
f 210/421 225/422 223/423
f 210/424 219/425 226/426
f 215/427 216/428 228/429
f 230/430 207/431 215/432
f 224/433 183/434 148/435
f 27/436 24/437 21/438
f 21/439 24/440 231/441
f 231/442 24/443 26/444
f 213/445 214/446 233/447
f 201/448 212/449 234/450
f 236/451 227/452 228/453
f 237/454 27/455 206/456
f 33/457 35/458 233/459
f 237/460 238/461 28/462
f 239/463 240/464 241/465
f 231/466 243/467 218/468
f 244/469 231/470 232/471
f 28/472 238/473 214/474
f 240/475 246/476 247/477
f 249/478 246/479 240/480
f 243/481 237/482 222/483
f 239/484 250/485 248/486
f 252/487 223/488 225/489
f 250/490 167/491 166/492
f 253/493 166/494 193/495
f 256/496 233/497 214/498
f 208/499 207/500 230/501
f 259/502 211/503 33/504
f 235/505 260/506 261/507
f 229/508 215/509 227/510
f 263/511 262/512 227/513
f 264/514 247/515 246/516
f 248/517 250/518 253/519
f 266/520 267/521 249/522
f 241/523 247/524 268/525
f 243/526 231/527 244/528
f 271/529 226/530 257/531
f 257/532 230/533 272/534
f 272/535 230/536 229/537
f 249/538 265/539 246/540
f 192/541 274/542 254/543
f 247/544 264/545 275/546
f 265/547 249/548 277/549
f 268/550 278/551 261/552
f 254/553 266/554 253/555
f 274/556 192/557 38/558
f 255/559 214/560 238/561
f 36/562 234/563 281/564
f 282/565 283/566 267/567
f 285/568 243/569 269/570
f 282/571 266/572 254/573
f 277/574 286/575 287/576
f 288/577 212/578 211/579
f 289/580 275/581 264/582
f 273/583 229/584 262/585
f 291/586 287/587 286/588
f 275/589 293/590 278/591
f 295/592 296/593 289/594
f 262/595 263/596 297/597
f 298/598 234/599 212/600
f 292/601 286/602 299/603
f 274/604 279/605 45/606
f 291/607 301/608 294/609
f 301/610 302/611 295/612
f 303/613 304/614 291/615
f 306/616 261/617 278/618
f 278/619 293/620 307/621
f 309/622 310/623 299/624
f 302/625 301/626 312/627
f 37/628 313/629 279/630
f 314/631 45/632 279/633
f 283/634 282/635 45/636
f 46/637 45/638 314/639
f 313/640 37/641 281/642
f 317/643 47/644 46/645
f 310/646 42/647 319/648
f 317/649 320/650 310/651
f 302/652 321/653 322/654
f 318/655 46/656 315/657
f 319/658 44/659 325/660
f 326/661 327/662 305/663
f 328/664 329/665 330/666
f 331/667 332/668 328/669
f 325/670 333/671 334/672
f 319/673 42/674 44/675
f 330/676 329/677 334/678
f 335/679 281/680 234/681
f 336/682 337/683 315/684
f 320/685 317/686 318/687
f 42/688 310/689 320/690
f 339/691 340/692 43/693
f 321/694 341/695 342/696
f 321/697 343/698 344/699
f 44/700 43/701 345/702
f 345/703 346/704 333/705
f 323/706 55/707 338/708
f 331/709 48/710 50/711
f 338/712 347/713 339/714
f 337/715 348/716 323/717
f 347/718 349/719 340/720
f 347/721 338/722 55/723
f 43/724 340/725 350/726
f 348/727 54/728 55/729
f 347/730 39/731 349/732
f 55/733 54/734 52/735
f 55/736 40/737 39/738
f 316/739 351/740 352/741
f 353/742 354/743 41/744
f 356/745 357/746 358/747
f 353/748 40/749 52/750
f 51/751 359/752 358/753
f 51/754 53/755 359/756
f 361/757 356/758 355/759
f 348/760 337/761 363/762
f 54/763 348/764 362/765
f 364/766 365/767 53/768
f 365/769 359/770 53/771
f 366/772 367/773 368/774
f 370/775 367/776 366/777
f 373/778 370/779 371/780
f 83/781 85/782 84/783
f 83/784 82/785 67/786
f 374/787 375/788 373/789
f 370/790 376/791 377/792
f 378/793 376/794 370/795
f 85/796 83/797 70/798
f 81/799 84/800 379/801
f 380/802 381/803 82/804
f 374/805 382/806 383/807
f 382/808 384/809 252/810
f 385/811 252/812 251/813
f 271/814 387/815 386/816
f 388/817 380/818 81/819
f 389/820 388/821 115/822
f 379/823 84/824 390/825
f 390/826 84/827 86/828
f 393/829 378/830 373/831
f 113/832 115/833 379/834
f 395/835 396/836 397/837
f 86/838 85/839 69/840
f 399/841 400/842 401/843
f 399/844 377/845 376/846
f 272/847 403/848 404/849
f 405/850 395/851 380/852
f 389/853 406/854 405/855
f 397/856 407/857 381/858
f 404/859 387/860 271/861
f 391/862 390/863 395/864
f 255/865 280/866 392/867
f 394/868 379/869 391/870
f 410/871 402/872 376/873
f 409/874 391/875 405/876
f 412/877 385/878 386/879
f 67/880 79/881 74/882
f 66/883 68/884 70/885
f 75/886 76/887 65/888
f 86/889 408/890 392/891
f 385/892 412/893 383/894
f 413/895 375/896 383/897
f 414/898 415/899 273/900
f 416/901 398/902 69/903
f 417/904 396/905 395/906
f 418/907 410/908 378/909
f 419/910 66/911 65/912
f 422/913 404/914 403/915
f 411/916 386/917 387/918
f 297/919 424/920 414/921
f 423/922 387/923 404/924
f 256/925 255/926 408/927
f 427/928 412/929 411/930
f 415/931 414/932 429/933
f 408/934 86/935 398/936
f 393/937 375/938 413/939
f 416/940 62/941 64/942
f 64/943 430/944 398/945
f 399/946 402/947 432/948
f 410/949 433/950 432/951
f 431/952 434/953 393/954
f 298/955 288/956 435/957
f 419/958 420/959 63/960
f 437/961 433/962 410/963
f 432/964 75/965 74/966
f 435/967 288/968 259/969
f 65/970 77/971 72/972
f 438/973 420/974 72/975
f 63/976 420/977 440/978
f 438/979 440/980 420/981
f 259/982 258/983 87/984
f 423/985 442/986 426/987
f 76/988 75/989 432/990
f 326/991 443/992 444/993
f 446/994 422/995 421/996
f 422/997 446/998 442/999
f 447/1000 64/1001 63/1002
f 425/1003 408/1004 430/1005
f 450/1006 434/1007 431/1008
f 451/1009 452/1010 443/1011
f 441/1012 453/1013 447/1014
f 77/1015 76/1016 433/1017
f 434/1018 454/1019 418/1020
f 455/1021 456/1022 428/1023
f 457/1024 458/1025 342/1026
f 72/1027 77/1028 437/1029
f 437/1030 418/1031 454/1032
f 424/1033 460/1034 429/1035
f 341/1036 344/1037 461/1038
f 434/1039 450/1040 462/1041
f 89/1042 463/1043 464/1044
f 460/1045 424/1046 466/1047
f 445/1048 467/1049 468/1050
f 454/1051 462/1052 469/1053
f 469/1054 470/1055 459/1056
f 466/1057 444/1058 471/1059
f 71/1060 439/1061 72/1062
f 448/1063 447/1064 453/1065
f 472/1066 473/1067 88/1068
f 436/1069 474/1070 335/1071
f 443/1072 475/1073 471/1074
f 477/1075 478/1076 479/1077
f 463/1078 89/1079 88/1080
f 481/1081 469/1082 462/1083
f 468/1084 478/1085 477/1086
f 483/1087 481/1088 480/1089
f 485/1090 452/1091 458/1092
f 470/1093 486/1094 71/1095
f 469/1096 481/1097 486/1098
f 457/1099 461/1100 488/1101
f 458/1102 457/1103 487/1104
f 436/1105 435/1106 464/1107
f 489/1108 439/1109 71/1110
f 481/1111 483/1112 489/1113
f 490/1114 482/1115 478/1116
f 491/1117 483/1118 482/1119
f 445/1120 456/1121 492/1122
f 455/1123 429/1124 460/1125
f 494/1126 438/1127 439/1128
f 483/1129 491/1130 489/1131
f 493/1132 495/1133 496/1134
f 465/1135 497/1136 493/1137
f 490/1138 468/1139 467/1140
f 465/1141 471/1142 499/1143
f 473/1144 472/1145 500/1146
f 471/1147 475/1148 502/1149
f 500/1150 441/1151 440/1152
f 503/1153 440/1154 438/1155
f 504/1156 494/1157 489/1158
f 492/1159 505/1160 498/1161
f 501/1162 500/1163 503/1164
f 506/1165 503/1166 494/1167
f 506/1168 507/1169 508/1170
f 509/1171 491/1172 490/1173
f 463/1174 508/1175 510/1176
f 509/1177 504/1178 491/1179
f 57/1180 56/1181 474/1182
f 511/1183 504/1184 509/1185
f 513/1186 485/1187 484/1188
f 508/1189 507/1190 514/1191
f 57/1192 464/1193 510/1194
f 509/1195 498/1196 505/1197
f 58/1198 510/1199 514/1200
f 517/1201 514/1202 507/1203
f 495/1204 493/1205 497/1206
f 519/1207 520/1208 499/1209
f 497/1210 499/1211 520/1212
f 355/1213 521/1214 522/1215
f 521/1216 355/1217 358/1218
f 335/1219 474/1220 523/1221
f 519/1222 524/1223 525/1224
f 518/1225 520/1226 525/1227
f 352/1228 351/1229 523/1230
f 363/1231 352/1232 527/1233
f 363/1234 528/1235 529/1236
f 530/1237 495/1238 518/1239
f 365/1240 109/1241 359/1242
f 94/1243 93/1244 358/1245
f 109/1246 108/1247 94/1248
f 531/1249 532/1250 524/1251
f 97/1252 103/1253 102/1254
f 534/1255 535/1256 103/1257
f 96/1258 107/1259 534/1260
f 526/1261 525/1262 536/1263
f 528/1264 90/1265 538/1266
f 540/1267 541/1268 542/1269
f 527/1270 523/1271 543/1272
f 97/1273 533/1274 544/1275
f 96/1276 98/1277 545/1278
f 547/1279 530/1280 526/1281
f 543/1282 523/1283 474/1284
f 548/1285 543/1286 56/1287
f 550/1288 551/1289 547/1290
f 110/1291 364/1292 362/1293
f 552/1294 553/1295 550/1296
f 545/1297 99/1298 101/1299
f 106/1300 96/1301 546/1302
f 516/1303 553/1304 552/1305
f 537/1306 536/1307 556/1308
f 558/1309 559/1310 560/1311
f 521/1312 93/1313 95/1314
f 537/1315 557/1316 549/1317
f 560/1318 532/1319 561/1320
f 539/1321 563/1322 562/1323
f 564/1324 95/1325 100/1326
f 558/1327 565/1328 556/1329
f 566/1330 557/1331 556/1332
f 558/1333 560/1334 567/1335
f 546/1336 101/1337 568/1338
f 552/1339 549/1340 557/1341
f 566/1342 555/1343 552/1344
f 109/1345 365/1346 364/1347
f 90/1348 92/1349 569/1350
f 111/1351 110/1352 529/1353
f 570/1354 565/1355 567/1356
f 566/1357 565/1358 570/1359
f 91/1360 543/1361 548/1362
f 92/1363 570/1364 571/1365
f 95/1366 112/1367 100/1368
f 572/1369 548/1370 555/1371
f 95/1372 94/1373 108/1374
f 562/1375 573/1376 567/1377
f 60/1378 106/1379 554/1380
f 59/1381 573/1382 60/1383
f 574/1384 59/1385 61/1386
f 576/1387 573/1388 59/1389
f 575/1390 59/1391 574/1392
f 573/1393 576/1394 571/1395
f 112/1396 578/1397 579/1398
f 580/1399 112/1400 579/1401
f 538/1402 569/1403 581/1404
f 576/1405 581/1406 569/1407
f 575/1408 578/1409 581/1410
f 111/1411 581/1412 578/1413
f 61/1414 554/1415 568/1416
f 582/1417 577/1418 574/1419
f 505/1420 583/1421 551/1422
f 163/1423 182/1424 193/1425
f 305/1426 327/1427 584/1428
f 444/1429 466/1430 584/1431
f 584/1432 466/1433 424/1434
f 263/1435 306/1436 584/1437
f 236/1438 261/1439 306/1440
f 293/1441 296/1442 585/1443
f 307/1444 585/1445 451/1446
f 342/1447 451/1448 585/1449
f 342/1450 458/1451 452/1452
f 475/1453 443/1454 452/1455
f 485/1456 513/1457 502/1458
f 515/1459 551/1460 550/1461
f 517/1462 553/1463 516/1464
f 555/1465 548/1466 58/1467
f 515/1468 550/1469 553/1470
f 583/1471 505/1472 492/1473
f 456/1474 445/1475 421/1476
f 513/1477 531/1478 519/1479
f 531/1480 513/1481 512/1482
f 586/1483 561/1484 532/1485
f 561/1486 586/1487 540/1488
f 313/1489 316/1490 336/1491
f 316/1492 281/1493 335/1494
f 530/1495 547/1496 551/1497
f 511/1498 509/1499 515/1500
f 426/1501 476/1502 449/1503
f 479/1504 450/1505 449/1506
f 170/1507 239/1508 242/1509
f 167/1510 250/1511 239/1512
f 286/1513 277/1514 308/1515
f 300/1516 588/1517 303/1518
f 324/1519 334/1520 588/1521
f 589/1522 41/1523 354/1524
f 350/1525 589/1526 354/1527
f 349/1528 39/1529 41/1530
f 589/1531 350/1532 340/1533
f 170/1534 587/1535 179/1536
f 191/1537 219/1538 210/1539
f 226/1540 219/1541 208/1542
f 225/1543 226/1544 271/1545
f 144/1546 153/1547 133/1548
f 158/1549 172/1550 189/1551
f 150/1552 189/1553 168/1554
f 130/1555 131/1556 134/1557
f 143/1558 142/1559 151/1560
f 202/1561 184/1562 10/1563
f 9/1564 196/1565 220/1566
f 100/1567 112/1568 580/1569
f 100/1570 580/1571 582/1572
f 294/1573 289/1574 276/1575
f 47/1576 317/1577 309/1578
f 308/1579 277/1580 249/1581
f 276/1582 289/1583 264/1584
f 267/1585 283/1586 309/1587
f 572/1588 570/1589 92/1590
f 16/1591 145/1592 132/1593
f 138/1594 146/1595 17/1596
f 442/1597 477/1598 476/1599
f 482/1600 480/1601 479/1602
f 450/1603 479/1604 480/1605
f 446/1606 468/1607 477/1608
f 459/1609 470/1610 73/1611
f 412/1612 427/1613 413/1614
f 427/1615 449/1616 431/1617
f 496/1618 492/1619 456/1620
f 415/1621 403/1622 272/1623
f 428/1624 421/1625 403/1626
f 304/1627 312/1628 301/1629
f 321/1630 302/1631 311/1632
f 484/1633 487/1634 590/1635
f 487/1636 488/1637 591/1638
f 541/1639 540/1640 590/1641
f 586/1642 512/1643 590/1644
f 592/1645 563/1646 539/1647
f 472/1648 453/1649 441/1650
f 258/1651 33/1652 233/1653
f 425/1654 87/1655 258/1656
f 87/1657 425/1658 448/1659
f 252/1660 384/1661 224/1662
f 353/1663 51/1664 357/1665
f 353/1666 357/1667 356/1668
f 578/1669 575/1670 577/1671
f 367/1672 377/1673 401/1674
f 79/1675 400/1676 399/1677
f 501/1678 508/1679 463/1680
f 392/1681 417/1682 395/1683
f 237/1684 243/1685 285/1686
f 211/1687 202/1688 220/1689
f 346/1690 345/1691 350/1692
f 582/1693 568/1694 101/1695
f 322/1696 585/1697 296/1698
f 532/1699 560/1700 559/1701
f 524/1702 559/1703 536/1704
f 559/1705 558/1706 556/1707
f 296/1708 293/1709 275/1710
f 504/1711 511/1712 507/1713
f 533/1714 95/1715 564/1716
f 197/1717 186/1718 32/1719
f 179/1720 216/1721 199/1722
f 260/1723 235/1724 242/1725
f 583/1726 496/1727 495/1728
f 216/1729 179/1730 587/1731
f 587/1732 242/1733 235/1734
f 337/1735 336/1736 352/1737
f 577/1738 582/1739 580/1740
f 106/1741 60/1742 563/1743
f 60/1744 573/1745 562/1746
f 165/1747 180/1748 159/1749
f 165/1750 159/1751 154/1752
f 11/1753 10/1754 184/1755
f 162/1756 155/1757 11/1758
f 533/1759 593/1760 522/1761
f 361/1762 594/1763 49/1764
f 319/1765 300/1766 299/1767
f 300/1768 319/1769 324/1770
f 527/1771 91/1772 90/1773
f 430/1774 64/1775 447/1776
f 596/1777 597/1778 598/1779
f 596/1780 595/1781 599/1782
f 598/1783 597/1784 601/1785
f 139/1786 603/1787 604/1788
f 183/1789 605/1790 606/1791
f 224/1792 607/1793 605/1794
f 374/1795 372/1796 608/1797
f 372/1798 371/1799 610/1800
f 152/1801 606/1802 603/1803
f 369/1804 610/1805 371/1806
f 609/1807 611/1808 382/1809
f 224/1810 384/1811 607/1812
f 384/1813 382/1814 611/1815
f 604/1816 603/1817 610/1818
f 606/1819 608/1820 610/1821
f 605/1822 609/1823 608/1824
f 607/1825 611/1826 609/1827
f 4/1828 1/1829 3/1830
f 8/1831 5/1832 7/1833
f 9/1834 10/1835 7/1836
f 116/1837 117/1838 119/1839
f 120/1840 116/1841 121/1842
f 117/1843 122/1844 118/1845
f 119/1846 118/1847 125/1848
f 121/1849 119/1850 126/1851
f 122/1852 12/1853 123/1854
f 118/1855 123/1856 124/1857
f 129/1858 125/1859 128/1860
f 127/1861 123/1862 20/1863
f 13/1864 18/1865 14/1866
f 131/1867 130/1868 16/1869
f 131/1870 132/1871 134/1872
f 20/1873 19/1874 127/1875
f 128/1876 124/1877 135/1878
f 130/1879 136/1880 138/1881
f 120/1882 121/1883 140/1884
f 136/1885 134/1886 142/1887
f 143/1888 137/1889 142/1890
f 15/1891 147/1892 145/1893
f 126/1894 125/1895 148/1896
f 134/1897 133/1898 141/1899
f 142/1900 141/1901 151/1902
f 152/1903 139/1904 126/1905
f 146/1906 138/1907 135/1908
f 143/1909 128/1910 137/1911
f 154/1912 149/1913 153/1914
f 147/1915 155/1916 144/1917
f 156/1918 146/1919 18/1920
f 147/1921 15/1922 8/1923
f 156/1924 5/1925 146/1926
f 141/1927 149/1928 150/1929
f 149/1930 154/1931 158/1932
f 160/1933 161/1934 163/1935
f 164/1936 165/1937 160/1938
f 7/1939 11/1940 8/1941
f 163/1942 166/1943 160/1944
f 165/1945 154/1946 161/1947
f 151/1948 168/1949 157/1950
f 161/1951 153/1952 162/1953
f 160/1954 167/1955 164/1956
f 159/1957 171/1958 158/1959
f 128/1960 157/1961 129/1962
f 129/1963 173/1964 148/1965
f 175/1966 176/1967 178/1968
f 176/1969 175/1970 13/1971
f 176/1972 13/1973 25/1974
f 165/1975 164/1976 180/1977
f 163/1978 162/1979 182/1980
f 152/1981 126/1982 183/1983
f 182/1984 181/1985 185/1986
f 7/1987 6/1988 9/1989
f 186/1990 6/1991 32/1992
f 187/1993 188/1994 189/1995
f 169/1996 168/1997 173/1998
f 176/1999 25/2000 177/2001
f 191/2002 187/2003 172/2004
f 193/2005 182/2006 192/2007
f 178/2008 177/2009 195/2010
f 197/2011 196/2012 186/2013
f 192/2014 185/2015 38/2016
f 198/2017 171/2018 199/2019
f 191/2020 172/2021 198/2022
f 175/2023 200/2024 18/2025
f 201/2026 190/2027 202/2028
f 204/2029 203/2030 21/2031
f 205/2032 206/2033 23/2034
f 199/2035 207/2036 198/2037
f 209/2038 174/2039 188/2040
f 188/2041 187/2042 209/2043
f 201/2044 202/2045 212/2046
f 30/2047 195/2048 31/2049
f 177/2050 29/2051 194/2052
f 213/2053 194/2054 214/2055
f 215/2056 207/2057 216/2058
f 217/2059 203/2060 218/2061
f 31/2062 34/2063 197/2064
f 191/2065 198/2066 219/2067
f 38/2068 190/2069 36/2070
f 196/2071 34/2072 220/2073
f 30/2074 32/2075 200/2076
f 205/2077 221/2078 206/2079
f 221/2080 217/2081 222/2082
f 209/2083 223/2084 174/2085
f 24/2086 27/2087 25/2088
f 209/2089 210/2090 223/2091
f 225/2092 210/2093 226/2094
f 227/2095 215/2096 228/2097
f 229/2098 230/2099 215/2100
f 174/2101 224/2102 148/2103
f 206/2104 27/2105 21/2106
f 204/2107 21/2108 231/2109
f 232/2110 231/2111 26/2112
f 35/2113 213/2114 233/2115
f 36/2116 201/2117 234/2118
f 235/2119 236/2120 228/2121
f 222/2122 237/2123 206/2124
f 27/2125 237/2126 28/2127
f 242/2128 239/2129 241/2130
f 204/2131 231/2132 218/2133
f 245/2134 244/2135 232/2136
f 241/2137 240/2138 247/2139
f 248/2140 249/2141 240/2142
f 218/2143 243/2144 222/2145
f 240/2146 239/2147 248/2148
f 251/2149 252/2150 225/2151
f 253/2152 250/2153 166/2154
f 254/2155 253/2156 193/2157
f 255/2158 256/2159 214/2160
f 257/2161 208/2162 230/2163
f 258/2164 259/2165 33/2166
f 236/2167 235/2168 261/2169
f 262/2170 229/2171 227/2172
f 236/2173 263/2174 227/2175
f 265/2176 264/2177 246/2178
f 266/2179 248/2180 253/2181
f 248/2182 266/2183 249/2184
f 260/2185 241/2186 268/2187
f 269/2188 243/2189 244/2190
f 270/2191 271/2192 257/2193
f 270/2194 257/2195 272/2196
f 273/2197 272/2198 229/2199
f 193/2200 192/2201 254/2202
f 268/2203 247/2204 275/2205
f 276/2206 265/2207 277/2208
f 260/2209 268/2210 261/2211
f 279/2212 274/2213 38/2214
f 280/2215 255/2216 238/2217
f 37/2218 36/2219 281/2220
f 266/2221 282/2222 267/2223
f 284/2224 285/2225 269/2226
f 274/2227 282/2228 254/2229
f 276/2230 277/2231 287/2232
f 259/2233 288/2234 211/2235
f 290/2236 273/2237 262/2238
f 292/2239 291/2240 286/2241
f 268/2242 275/2243 278/2244
f 294/2245 295/2246 289/2247
f 290/2248 262/2249 297/2250
f 288/2251 298/2252 212/2253
f 300/2254 292/2255 299/2256
f 282/2257 274/2258 45/2259
f 287/2260 291/2261 294/2262
f 294/2263 301/2264 295/2265
f 292/2266 303/2267 291/2268
f 305/2269 306/2270 278/2271
f 305/2272 278/2273 307/2274
f 308/2275 309/2276 299/2277
f 311/2278 302/2279 312/2280
f 38/2281 37/2282 279/2283
f 313/2284 314/2285 279/2286
f 47/2287 283/2288 45/2289
f 315/2290 46/2291 314/2292
f 316/2293 313/2294 281/2295
f 318/2296 317/2297 46/2298
f 299/2299 310/2300 319/2301
f 309/2302 317/2303 310/2304
f 295/2305 302/2306 322/2307
f 323/2308 318/2309 315/2310
f 324/2311 319/2312 325/2313
f 307/2314 326/2315 305/2316
f 48/2317 328/2318 330/2319
f 48/2320 331/2321 328/2322
f 324/2323 325/2324 334/2325
f 333/2326 330/2327 334/2328
f 298/2329 335/2330 234/2331
f 314/2332 336/2333 315/2334
f 338/2335 320/2336 318/2337
f 339/2338 42/2339 320/2340
f 42/2341 339/2342 43/2343
f 322/2344 321/2345 342/2346
f 341/2347 321/2348 344/2349
f 325/2350 44/2351 345/2352
f 325/2353 345/2354 333/2355
f 318/2356 323/2357 338/2358
f 320/2359 338/2360 339/2361
f 315/2362 337/2363 323/2364
f 339/2365 347/2366 340/2367
f 39/2368 347/2369 55/2370
f 345/2371 43/2372 350/2373
f 323/2374 348/2375 55/2376
f 336/2377 316/2378 352/2379
f 40/2380 353/2381 41/2382
f 355/2383 356/2384 358/2385
f 51/2386 353/2387 52/2388
f 357/2389 51/2390 358/2391
f 360/2392 361/2393 355/2394
f 362/2395 348/2396 363/2397
f 364/2398 54/2399 362/2400
f 54/2401 364/2402 53/2403
f 369/2404 366/2405 368/2406
f 371/2407 370/2408 366/2409
f 372/2410 373/2411 371/2412
f 81/2413 83/2414 84/2415
f 70/2416 83/2417 67/2418
f 372/2419 374/2420 373/2421
f 367/2422 370/2423 377/2424
f 373/2425 378/2426 370/2427
f 69/2428 85/2429 70/2430
f 115/2431 81/2432 379/2433
f 81/2434 380/2435 82/2436
f 375/2437 374/2438 383/2439
f 385/2440 382/2441 252/2442
f 386/2443 385/2444 251/2445
f 251/2446 271/2447 386/2448
f 115/2449 388/2450 81/2451
f 114/2452 389/2453 115/2454
f 391/2455 379/2456 390/2457
f 392/2458 390/2459 86/2460
f 375/2461 393/2462 373/2463
f 394/2464 113/2465 379/2466
f 380/2467 395/2468 397/2469
f 398/2470 86/2471 69/2472
f 377/2473 399/2474 401/2475
f 402/2476 399/2477 376/2478
f 270/2479 272/2480 404/2481
f 388/2482 405/2483 380/2484
f 388/2485 389/2486 405/2487
f 380/2488 397/2489 381/2490
f 270/2491 404/2492 271/2493
f 405/2494 391/2495 395/2496
f 408/2497 255/2498 392/2499
f 409/2500 394/2501 391/2502
f 378/2503 410/2504 376/2505
f 406/2506 409/2507 405/2508
f 411/2509 412/2510 386/2511
f 67/2512 66/2513 70/2514
f 67/2515 75/2516 65/2517
f 382/2518 385/2519 383/2520
f 290/2521 414/2522 273/2523
f 68/2524 416/2525 69/2526
f 393/2527 418/2528 378/2529
f 420/2530 419/2531 65/2532
f 421/2533 422/2534 403/2535
f 423/2536 411/2537 387/2538
f 290/2539 297/2540 414/2541
f 422/2542 423/2543 404/2544
f 425/2545 256/2546 408/2547
f 426/2548 427/2549 411/2550
f 428/2551 415/2552 429/2553
f 430/2554 408/2555 398/2556
f 431/2557 393/2558 413/2559
f 398/2560 416/2561 64/2562
f 80/2563 399/2564 432/2565
f 402/2566 410/2567 432/2568
f 436/2569 298/2570 435/2571
f 62/2572 419/2573 63/2574
f 418/2575 437/2576 410/2577
f 80/2578 432/2579 74/2580
f 89/2581 435/2582 259/2583
f 420/2584 65/2585 72/2586
f 439/2587 438/2588 72/2589
f 441/2590 63/2591 440/2592
f 89/2593 259/2594 87/2595
f 411/2596 423/2597 426/2598
f 433/2599 76/2600 432/2601
f 327/2602 326/2603 444/2604
f 445/2605 446/2606 421/2607
f 423/2608 422/2609 442/2610
f 448/2611 425/2612 430/2613
f 449/2614 450/2615 431/2616
f 326/2617 451/2618 443/2619
f 63/2620 441/2621 447/2622
f 437/2623 77/2624 433/2625
f 393/2626 434/2627 418/2628
f 429/2629 455/2630 428/2631
f 341/2632 457/2633 342/2634
f 459/2635 72/2636 437/2637
f 459/2638 437/2639 454/2640
f 414/2641 424/2642 429/2643
f 457/2644 341/2645 461/2646
f 454/2647 434/2648 462/2649
f 435/2650 89/2651 464/2652
f 465/2653 460/2654 466/2655
f 446/2656 445/2657 468/2658
f 454/2659 469/2660 459/2661
f 465/2662 466/2663 471/2664
f 472/2665 448/2666 453/2667
f 448/2668 472/2669 88/2670
f 298/2671 436/2672 335/2673
f 444/2674 443/2675 471/2676
f 476/2677 477/2678 479/2679
f 473/2680 463/2681 88/2682
f 480/2683 481/2684 462/2685
f 482/2686 483/2687 480/2688
f 484/2689 485/2690 458/2691
f 73/2692 470/2693 71/2694
f 470/2695 469/2696 486/2697
f 487/2698 457/2699 488/2700
f 484/2701 458/2702 487/2703
f 57/2704 436/2705 464/2706
f 486/2707 489/2708 71/2709
f 486/2710 481/2711 489/2712
f 468/2713 490/2714 478/2715
f 490/2716 491/2717 482/2718
f 467/2719 445/2720 492/2721
f 493/2722 455/2723 460/2724
f 489/2725 494/2726 439/2727
f 455/2728 493/2729 496/2730
f 460/2731 465/2732 493/2733
f 498/2734 490/2735 467/2736
f 497/2737 465/2738 499/2739
f 501/2740 473/2741 500/2742
f 499/2743 471/2744 502/2745
f 503/2746 500/2747 440/2748
f 494/2749 503/2750 438/2751
f 491/2752 504/2753 489/2754
f 467/2755 492/2756 498/2757
f 506/2758 501/2759 503/2760
f 504/2761 506/2762 494/2763
f 501/2764 506/2765 508/2766
f 498/2767 509/2768 490/2769
f 464/2770 463/2771 510/2772
f 436/2773 57/2774 474/2775
f 512/2776 513/2777 484/2778
f 510/2779 508/2780 514/2781
f 58/2782 57/2783 510/2784
f 515/2785 509/2786 505/2787
f 516/2788 58/2789 514/2790
f 511/2791 517/2792 507/2793
f 518/2794 495/2795 497/2796
f 502/2797 519/2798 499/2799
f 518/2800 497/2801 520/2802
f 360/2803 355/2804 522/2805
f 93/2806 521/2807 358/2808
f 351/2809 335/2810 523/2811
f 520/2812 519/2813 525/2814
f 526/2815 518/2816 525/2817
f 527/2818 352/2819 523/2820
f 528/2821 363/2822 527/2823
f 362/2824 363/2825 529/2826
f 526/2827 530/2828 518/2829
f 359/2830 94/2831 358/2832
f 359/2833 109/2834 94/2835
f 519/2836 531/2837 524/2838
f 533/2839 97/2840 102/2841
f 97/2842 534/2843 103/2844
f 97/2845 96/2846 534/2847
f 537/2848 526/2849 536/2850
f 529/2851 528/2852 538/2853
f 539/2854 540/2855 542/2856
f 91/2857 527/2858 543/2859
f 98/2860 97/2861 544/2862
f 546/2863 96/2864 545/2865
f 537/2866 547/2867 526/2868
f 56/2869 543/2870 474/2871
f 58/2872 548/2873 56/2874
f 549/2875 550/2876 547/2877
f 529/2878 110/2879 362/2880
f 549/2881 552/2882 550/2883
f 546/2884 545/2885 101/2886
f 554/2887 106/2888 546/2889
f 555/2890 516/2891 552/2892
f 557/2893 537/2894 556/2895
f 533/2896 521/2897 95/2898
f 547/2899 537/2900 549/2901
f 562/2902 560/2903 561/2904
f 561/2905 539/2906 562/2907
f 99/2908 564/2909 100/2910
f 565/2911 566/2912 556/2913
f 565/2914 558/2915 567/2916
f 554/2917 546/2918 568/2919
f 557/2920 566/2921 552/2922
f 110/2923 109/2924 364/2925
f 538/2926 90/2927 569/2928
f 538/2929 111/2930 529/2931
f 571/2932 570/2933 567/2934
f 572/2935 566/2936 570/2937
f 572/2938 91/2939 548/2940
f 569/2941 92/2942 571/2943
f 566/2944 572/2945 555/2946
f 112/2947 95/2948 108/2949
f 560/2950 562/2951 567/2952
f 61/2953 60/2954 554/2955
f 575/2956 576/2957 59/2958
f 577/2959 575/2960 574/2961
f 567/2962 573/2963 571/2964
f 111/2965 538/2966 581/2967
f 571/2968 576/2969 569/2970
f 576/2971 575/2972 581/2973
f 112/2974 111/2975 578/2976
f 574/2977 61/2978 568/2979
f 568/2980 582/2981 574/2982
f 515/2983 505/2984 551/2985
f 166/2986 163/2987 193/2988
f 306/2989 305/2990 584/2991
f 327/2992 444/2993 584/2994
f 297/2995 584/2996 424/2997
f 297/2998 263/2999 584/3000
f 263/3001 236/3002 306/3003
f 307/3004 293/3005 585/3006
f 326/3007 307/3008 451/3009
f 322/3010 342/3011 585/3012
f 451/3013 342/3014 452/3015
f 485/3016 475/3017 452/3018
f 475/3019 485/3020 502/3021
f 514/3022 517/3023 516/3024
f 516/3025 555/3026 58/3027
f 517/3028 515/3029 553/3030
f 496/3031 583/3032 492/3033
f 428/3034 456/3035 421/3036
f 502/3037 513/3038 519/3039
f 586/3040 531/3041 512/3042
f 531/3043 586/3044 532/3045
f 539/3046 561/3047 540/3048
f 314/3049 313/3050 336/3051
f 351/3052 316/3053 335/3054
f 583/3055 530/3056 551/3057
f 517/3058 511/3059 515/3060
f 427/3061 426/3062 449/3063
f 476/3064 479/3065 449/3066
f 587/3067 170/3068 242/3069
f 170/3070 167/3071 239/3072
f 299/3073 286/3074 308/3075
f 292/3076 300/3077 303/3078
f 300/3079 324/3080 588/3081
f 589/3082 349/3083 41/3084
f 349/3085 589/3086 340/3087
f 164/3088 170/3089 179/3090
f 187/3091 191/3092 210/3093
f 257/3094 226/3095 208/3096
f 251/3097 225/3098 271/3099
f 132/3100 144/3101 133/3102
f 150/3103 158/3104 189/3105
f 151/3106 150/3107 168/3108
f 136/3109 130/3110 134/3111
f 157/3112 143/3113 151/3114
f 220/3115 202/3116 10/3117
f 10/3118 9/3119 220/3120
f 287/3121 294/3122 276/3123
f 283/3124 47/3125 309/3126
f 267/3127 308/3128 249/3129
f 265/3130 276/3131 264/3132
f 308/3133 267/3134 309/3135
f 91/3136 572/3137 92/3138
f 131/3139 16/3140 132/3141
f 130/3142 138/3143 17/3144
f 426/3145 442/3146 476/3147
f 478/3148 482/3149 479/3150
f 462/3151 450/3152 480/3153
f 442/3154 446/3155 477/3156
f 72/3157 459/3158 73/3159
f 383/3160 412/3161 413/3162
f 413/3163 427/3164 431/3165
f 455/3166 496/3167 456/3168
f 273/3169 415/3170 272/3171
f 415/3172 428/3173 403/3174
f 291/3175 304/3176 301/3177
f 343/3178 321/3179 311/3180
f 512/3181 484/3182 590/3183
f 590/3184 487/3185 591/3186
f 591/3187 541/3188 590/3189
f 540/3190 586/3191 590/3192
f 542/3193 592/3194 539/3195
f 500/3196 472/3197 441/3198
f 256/3199 258/3200 233/3201
f 256/3202 425/3203 258/3204
f 88/3205 87/3206 448/3207
f 223/3208 252/3209 224/3210
f 49/3211 353/3212 356/3213
f 579/3214 578/3215 577/3216
f 368/3217 367/3218 401/3219
f 80/3220 79/3221 399/3222
f 473/3223 501/3224 463/3225
f 390/3226 392/3227 395/3228
f 238/3229 237/3230 285/3231
f 33/3232 211/3233 220/3234
f 354/3235 346/3236 350/3237
f 100/3238 582/3239 101/3240
f 295/3241 322/3242 296/3243
f 524/3244 532/3245 559/3246
f 525/3247 524/3248 536/3249
f 536/3250 559/3251 556/3252
f 289/3253 296/3254 275/3255
f 506/3256 504/3257 507/3258
f 544/3259 533/3260 564/3261
f 31/3262 197/3263 32/3264
f 180/3265 179/3266 199/3267
f 241/3268 260/3269 242/3270
f 530/3271 583/3272 495/3273
f 228/3274 216/3275 587/3276
f 228/3277 587/3278 235/3279
f 363/3280 337/3281 352/3282
f 579/3283 577/3284 580/3285
f 592/3286 106/3287 563/3288
f 563/3289 60/3290 562/3291
f 181/3292 11/3293 184/3294
f 181/3295 162/3296 11/3297
f 521/3298 533/3299 522/3300
f 356/3301 361/3302 49/3303
f 528/3304 527/3305 90/3306
f 448/3307 430/3308 447/3309
f 595/3310 596/3311 598/3312
f 600/3313 596/3314 599/3315
f 602/3316 598/3317 601/3318
f 140/3319 139/3320 604/3321
f 152/3322 183/3323 606/3324
f 183/3325 224/3326 605/3327
f 609/3328 374/3329 608/3330
f 608/3331 372/3332 610/3333
f 139/3334 152/3335 603/3336
f 366/3337 369/3338 371/3339
f 374/3340 609/3341 382/3342
f 607/3343 384/3344 611/3345
f 369/3346 604/3347 610/3348
f 603/3349 606/3350 610/3351
f 606/3352 605/3353 608/3354
f 605/3355 607/3356 609/3357
