mtllib LHipYawPitch.mtl
o LHipYawPitch
usemtl nao_texture
v -0.03725249 -0.3774479 0.3192348
v 0.00333924 -0.3489616 0.347776
v -0.04433939 -0.3712963 0.3253781
v -0.04959412 -0.3642864 0.3323822
v -0.05281457 -0.3566876 0.3399779
v -0.05387718 -0.3487919 0.3478732
v -0.05274095 -0.3409025 0.3557649
v -0.04944958 -0.3333231 0.3633494
v -0.04412958 -0.3263446 0.3703357
v -0.03698533 -0.3202352 0.3764549
v -0.02829148 -0.3152298 0.3814719
v -0.01838204 -0.3115206 0.3851941
v -0.00763791 -0.3092504 0.3874783
v 0.00352811 -0.3085062 0.3882367
v 0.01468684 -0.3093166 0.3874403
v 0.0254095 -0.3116506 0.3851196
v 0.03528401 -0.3154185 0.3813638
v 0.04393086 -0.3204753 0.3763171
v 0.05101787 -0.326627 0.3701738
v 0.0562726 -0.3336368 0.3631697
v 0.05949309 -0.3412357 0.355574
v 0.06055558 -0.3491315 0.3476787
v 0.05941937 -0.3570206 0.339787
v 0.05612801 -0.3646002 0.3322024
v 0.05080796 -0.3715787 0.3252162
v 0.04366374 -0.3776881 0.3190971
v 0.03496985 -0.3826935 0.3140801
v 0.02506043 -0.3864027 0.3103578
v 0.01431628 -0.3886729 0.3080737
v 0.00315032 -0.3894171 0.3073152
v -0.00800845 -0.3886066 0.3081117
v -0.01873109 -0.3862726 0.3104324
v -0.02860558 -0.3825048 0.3141882
v -0.04433939 -0.3712963 0.3253781
v -0.04847472 -0.3694409 0.3196387
v -0.04077242 -0.3761265 0.312962
v -0.03725249 -0.3774479 0.3192348
v -0.04959412 -0.3642864 0.3323822
v -0.05418572 -0.3618222 0.327251
v -0.05281457 -0.3566876 0.3399779
v -0.05768584 -0.3535636 0.3355063
v -0.05387718 -0.3487919 0.3478732
v -0.0588407 -0.3449822 0.3440872
v -0.05274095 -0.3409025 0.3557649
v -0.05760581 -0.3364078 0.3526642
v -0.04944958 -0.3333231 0.3633494
v -0.05402864 -0.3281703 0.3609073
v -0.04412958 -0.3263446 0.3703357
v -0.04824668 -0.3205857 0.3685
v -0.03698533 -0.3202352 0.3764549
v -0.04048206 -0.3139458 0.3751507
v -0.02829148 -0.3152298 0.3814719
v -0.03103329 -0.3085058 0.3806033
v -0.01838204 -0.3115206 0.3851941
v -0.02026336 -0.3044746 0.3846487
v -0.00763791 -0.3092504 0.3874783
v -0.00858627 -0.3020072 0.3871313
v 0.00352811 -0.3085062 0.3882367
v 0.00354934 -0.3011983 0.3879556
v 0.01468684 -0.3093166 0.3874403
v 0.01567704 -0.3020791 0.38709
v 0.0254095 -0.3116506 0.3851196
v 0.02733079 -0.3046158 0.3845679
v 0.03528401 -0.3154185 0.3813638
v 0.03806274 -0.3087108 0.380486
v 0.04393086 -0.3204753 0.3763171
v 0.04746044 -0.3142068 0.3750011
v 0.05101787 -0.326627 0.3701738
v 0.05516285 -0.3208926 0.3683243
v 0.0562726 -0.3336368 0.3631697
v 0.06087387 -0.3285113 0.360712
v 0.05949309 -0.3412357 0.355574
v 0.064374 -0.3367699 0.3524567
v 0.06055558 -0.3491315 0.3476787
v 0.06552877 -0.3453512 0.3438757
v 0.05941937 -0.3570206 0.339787
v 0.06429388 -0.3539255 0.3352988
v 0.05612801 -0.3646002 0.3322024
v 0.06071671 -0.3621632 0.3270557
v 0.05080796 -0.3715787 0.3252162
v 0.0549347 -0.3697477 0.3194629
v 0.04366374 -0.3776881 0.3190971
v 0.04717014 -0.3763876 0.3128124
v 0.03496985 -0.3826935 0.3140801
v 0.03772129 -0.3818276 0.3073596
v 0.02506043 -0.3864027 0.3103578
v 0.0269514 -0.3858589 0.3033142
v 0.01431628 -0.3886729 0.3080737
v 0.0152743 -0.3883263 0.3008318
v 0.00315032 -0.3894171 0.3073152
v 0.00313873 -0.3891351 0.3000075
v -0.00800845 -0.3886066 0.3081117
v -0.008989 -0.3882542 0.300873
v -0.01873109 -0.3862726 0.3104324
v -0.02064272 -0.3857176 0.3033952
v -0.02860558 -0.3825048 0.3141882
v -0.03137466 -0.3816225 0.3074771
v -0.04847472 -0.3694409 0.3196387
v -0.04887293 -0.3325653 0.282254
v -0.04117063 -0.339251 0.2755772
v -0.04077242 -0.3761265 0.312962
v -0.05418572 -0.3618222 0.327251
v -0.05458394 -0.3249467 0.2898663
v -0.05768584 -0.3535636 0.3355063
v -0.05808405 -0.3166881 0.2981217
v -0.0588407 -0.3449822 0.3440872
v -0.05923892 -0.3081066 0.3067026
v -0.05760581 -0.3364078 0.3526642
v -0.05800402 -0.2995324 0.3152795
v -0.05402864 -0.3281703 0.3609073
v -0.05442685 -0.2912948 0.3235226
v -0.04824668 -0.3205857 0.3685
v -0.0486449 -0.2837102 0.3311154
v -0.04048206 -0.3139458 0.3751507
v -0.04088027 -0.2770703 0.3377661
v -0.03103329 -0.3085058 0.3806033
v -0.0314315 -0.2716303 0.3432187
v -0.02026336 -0.3044746 0.3846487
v -0.02066158 -0.267599 0.3472641
v -0.00858627 -0.3020072 0.3871313
v -0.00898449 -0.2651316 0.3497467
v 0.00354934 -0.3011983 0.3879556
v 0.00315113 -0.2643228 0.350571
v 0.01567704 -0.3020791 0.38709
v 0.01527883 -0.2652036 0.3497053
v 0.02733079 -0.3046158 0.3845679
v 0.02693258 -0.2677403 0.3471831
v 0.03806274 -0.3087108 0.380486
v 0.03766453 -0.2718353 0.3431012
v 0.04746044 -0.3142068 0.3750011
v 0.04706223 -0.2773313 0.3376164
v 0.05516285 -0.3208926 0.3683243
v 0.05476464 -0.2840171 0.3309396
v 0.06087387 -0.3285113 0.360712
v 0.06047566 -0.2916357 0.3233273
v 0.064374 -0.3367699 0.3524567
v 0.06397579 -0.2998944 0.315072
v 0.06552877 -0.3453512 0.3438757
v 0.06513056 -0.3084757 0.3064911
v 0.06429388 -0.3539255 0.3352988
v 0.06389566 -0.31705 0.2979141
v 0.06071671 -0.3621632 0.3270557
v 0.06031849 -0.3252876 0.2896709
v 0.0549347 -0.3697477 0.3194629
v 0.05453649 -0.3328722 0.2820781
v 0.04717014 -0.3763876 0.3128124
v 0.04677192 -0.3395121 0.2754277
v 0.03772129 -0.3818276 0.3073596
v 0.03732308 -0.3449521 0.269975
v 0.0269514 -0.3858589 0.3033142
v 0.02655319 -0.3489833 0.2659296
v 0.0152743 -0.3883263 0.3008318
v 0.01487608 -0.3514508 0.263447
v 0.00313873 -0.3891351 0.3000075
v 0.00274052 -0.3522596 0.2626227
v -0.008989 -0.3882542 0.300873
v -0.00938722 -0.3513787 0.2634883
v -0.02064272 -0.3857176 0.3033952
v -0.02104093 -0.3488421 0.2660106
v -0.03137466 -0.3816225 0.3074771
v -0.03177287 -0.344747 0.2700925
v -0.04887293 -0.3325653 0.282254
v -0.08858301 -0.3511672 0.2635994
v -0.07497823 -0.3629764 0.2518062
v -0.04117063 -0.339251 0.2755772
v -0.05458394 -0.3249467 0.2898663
v -0.0986705 -0.3377102 0.2770453
v -0.05808405 -0.3166881 0.2981217
v -0.1048528 -0.3231227 0.2916267
v -0.05923892 -0.3081066 0.3067026
v -0.1068927 -0.3079652 0.3067836
v -0.05800402 -0.2995324 0.3152795
v -0.1047115 -0.2928203 0.3219333
v -0.05442685 -0.2912948 0.3235226
v -0.09839304 -0.2782699 0.3364934
v -0.0486449 -0.2837102 0.3311154
v -0.08818021 -0.2648731 0.3499048
v -0.04088027 -0.2770703 0.3377661
v -0.07446536 -0.2531449 0.3616518
v -0.0314315 -0.2716303 0.3432187
v -0.05777574 -0.243536 0.3712831
v -0.02066158 -0.267599 0.3472641
v -0.03875254 -0.2364155 0.3784285
v -0.00898449 -0.2651316 0.3497467
v -0.01812699 -0.2320573 0.3828136
v 0.00315113 -0.2643228 0.350571
v 0.00330848 -0.2306286 0.3842694
v 0.01527883 -0.2652036 0.3497053
v 0.02472996 -0.2321844 0.3827406
v 0.02693258 -0.2677403 0.3471831
v 0.04531428 -0.2366651 0.3782855
v 0.03766453 -0.2718353 0.3431012
v 0.06427042 -0.2438982 0.3710756
v 0.04706223 -0.2773313 0.3376164
v 0.08086983 -0.2536059 0.3613876
v 0.05476464 -0.2840171 0.3309396
v 0.09447478 -0.2654152 0.3495941
v 0.06047566 -0.2916357 0.3233273
v 0.1045623 -0.2788722 0.3361482
v 0.06397579 -0.2998944 0.315072
v 0.1107447 -0.2934596 0.3215668
v 0.06513056 -0.3084757 0.3064911
v 0.1127844 -0.3086172 0.3064099
v 0.06389566 -0.31705 0.2979141
v 0.1106031 -0.3237621 0.2912604
v 0.06031849 -0.3252876 0.2896709
v 0.1042847 -0.3383126 0.2767001
v 0.05453649 -0.3328722 0.2820781
v 0.09407179 -0.3517092 0.2632889
v 0.04677192 -0.3395121 0.2754277
v 0.08035704 -0.3634375 0.2515419
v 0.03732308 -0.3449521 0.269975
v 0.06366731 -0.3730464 0.2419106
v 0.02655319 -0.3489833 0.2659296
v 0.04464416 -0.3801668 0.2347652
v 0.01487608 -0.3514508 0.263447
v 0.02401858 -0.3845251 0.2303801
v 0.00274052 -0.3522596 0.2626227
v 0.00258321 -0.3859537 0.2289243
v -0.00938722 -0.3513787 0.2634883
v -0.01883833 -0.3843978 0.230453
v -0.02104093 -0.3488421 0.2660106
v -0.03942259 -0.3799172 0.2349081
v -0.03177287 -0.344747 0.2700925
v -0.05837871 -0.3726841 0.2421181
v -0.08858301 -0.3511672 0.2635994
v -0.08858649 -0.3366851 0.2490938
v -0.0749817 -0.3484942 0.2373004
v -0.07497823 -0.3629764 0.2518062
v -0.0986705 -0.3377102 0.2770453
v -0.09867398 -0.3232281 0.2625397
v -0.1048528 -0.3231227 0.2916267
v -0.1048563 -0.3086407 0.2771211
v -0.1068927 -0.3079652 0.3067836
v -0.1068962 -0.2934831 0.292278
v -0.1047115 -0.2928203 0.3219333
v -0.104715 -0.2783381 0.3074275
v -0.09839304 -0.2782699 0.3364934
v -0.09839653 -0.2637878 0.3219878
v -0.08818021 -0.2648731 0.3499048
v -0.08818368 -0.2503909 0.3353992
v -0.07446536 -0.2531449 0.3616518
v -0.07446883 -0.2386627 0.3471461
v -0.05777574 -0.243536 0.3712831
v -0.05777921 -0.2290539 0.3567773
v -0.03875254 -0.2364155 0.3784285
v -0.03875602 -0.2219334 0.3639229
v -0.01812699 -0.2320573 0.3828136
v -0.01813047 -0.2175752 0.3683079
v 0.00330848 -0.2306286 0.3842694
v 0.003305 -0.2161465 0.3697638
v 0.02472996 -0.2321844 0.3827406
v 0.02472648 -0.2177023 0.368235
v 0.04531428 -0.2366651 0.3782855
v 0.04531079 -0.222183 0.3637799
v 0.06427042 -0.2438982 0.3710756
v 0.06426693 -0.229416 0.3565698
v 0.08086983 -0.2536059 0.3613876
v 0.08086635 -0.2391237 0.346882
v 0.09447478 -0.2654152 0.3495941
v 0.0944713 -0.2509331 0.3350885
v 0.1045623 -0.2788722 0.3361482
v 0.1045588 -0.2643901 0.3216426
v 0.1107447 -0.2934596 0.3215668
v 0.1107412 -0.2789775 0.3070612
v 0.1127844 -0.3086172 0.3064099
v 0.1127809 -0.294135 0.2919043
v 0.1106031 -0.3237621 0.2912604
v 0.1105996 -0.30928 0.2767548
v 0.1042847 -0.3383126 0.2767001
v 0.1042812 -0.3238304 0.2621945
v 0.09407179 -0.3517092 0.2632889
v 0.09406831 -0.3372271 0.2487831
v 0.08035704 -0.3634375 0.2515419
v 0.08035356 -0.3489553 0.2370361
v 0.06366731 -0.3730464 0.2419106
v 0.06366383 -0.3585643 0.2274049
v 0.04464416 -0.3801668 0.2347652
v 0.04464067 -0.3656847 0.2202594
v 0.02401858 -0.3845251 0.2303801
v 0.0240151 -0.370043 0.2158745
v 0.00258321 -0.3859537 0.2289243
v 0.00257972 -0.3714716 0.2144185
v -0.01883833 -0.3843978 0.230453
v -0.0188418 -0.3699157 0.2159474
v -0.03942259 -0.3799172 0.2349081
v -0.03942606 -0.3654351 0.2204025
v -0.05837871 -0.3726841 0.2421181
v -0.05838219 -0.3582019 0.2276125
v -0.08858649 -0.3366851 0.2490938
v -0.09867398 -0.3232281 0.2625397
v -0.1312655 -0.3326636 0.2530615
v -0.1179426 -0.3504367 0.235303
v -0.1048563 -0.3086407 0.2771211
v -0.1394307 -0.3133976 0.2723198
v -0.1068962 -0.2934831 0.292278
v -0.1421248 -0.2933786 0.2923378
v -0.104715 -0.2783381 0.3074275
v -0.139244 -0.2733761 0.3123465
v -0.09839653 -0.2637878 0.3219878
v -0.130899 -0.254159 0.3315765
v 0.08086635 -0.2391237 0.346882
v 0.0944713 -0.2509331 0.3350885
v 0.1238275 -0.2371814 0.3488789
v 0.105859 -0.2215844 0.3644551
v 0.1045588 -0.2643901 0.3216426
v 0.1371504 -0.2549545 0.3311207
v 0.1107412 -0.2789775 0.3070612
v 0.1453157 -0.2742206 0.3118625
v 0.1127809 -0.294135 0.2919043
v 0.1480096 -0.2942396 0.2918443
v -0.1179426 -0.3504367 0.235303
v -0.1312655 -0.3326636 0.2530615
v -0.1312655 -0.3255974 0.2459857
v -0.1179426 -0.3433705 0.2282272
v -0.1394307 -0.3133976 0.2723198
v -0.1394307 -0.3063313 0.2652438
v -0.1421248 -0.2933786 0.2923378
v -0.1421248 -0.2863122 0.285262
v -0.139244 -0.2733761 0.3123465
v -0.139244 -0.2663098 0.3052705
v -0.130899 -0.254159 0.3315765
v -0.130899 -0.2470927 0.3245007
v 0.105859 -0.2215844 0.3644551
v 0.1238275 -0.2371814 0.3488789
v 0.123822 -0.2300696 0.3417525
v 0.1058544 -0.2144733 0.3573279
v 0.1371504 -0.2549545 0.3311207
v 0.1371444 -0.2478419 0.323995
v 0.1453157 -0.2742206 0.3118625
v 0.1453093 -0.2671071 0.3047377
v 0.1480096 -0.2942396 0.2918443
v 0.148003 -0.2871253 0.2847205
v -0.08858649 -0.3295707 0.2419698
v -0.0749817 -0.3413799 0.2301766
v -0.08818368 -0.2432766 0.3282751
v -0.09839653 -0.2566734 0.3148639
v -0.07446883 -0.2315484 0.3400223
v -0.05777921 -0.2219396 0.3496535
v -0.03875602 -0.214819 0.356799
v -0.01813047 -0.2104608 0.3611841
v 0.003305 -0.2090321 0.3626399
v 0.02472648 -0.2105879 0.361111
v 0.0453108 -0.2150686 0.3566559
v 0.06426693 -0.2223017 0.3494459
v 0.08086635 -0.2320094 0.339758
v 0.1105996 -0.3021657 0.2696307
v 0.1127809 -0.2870207 0.2847804
v 0.1042812 -0.3167161 0.2550705
v 0.09406831 -0.3301128 0.2416592
v 0.08035356 -0.341841 0.2299123
v 0.06366383 -0.3514499 0.2202809
v 0.04464067 -0.3585704 0.2131355
v 0.0240151 -0.3629286 0.2087505
v 0.00257972 -0.3643572 0.2072946
v -0.0188418 -0.3628013 0.2088234
v -0.03942606 -0.3583208 0.2132785
v -0.05838219 -0.3510876 0.2204886
v -0.09867398 -0.3161137 0.2554157
v -0.08858649 -0.3295707 0.2419698
v -0.1179426 -0.3433705 0.2282272
v -0.1312655 -0.3255974 0.2459857
v -0.1048563 -0.3015263 0.2699971
v -0.1394307 -0.3063313 0.2652438
v -0.1068962 -0.2863687 0.285154
v -0.1421248 -0.2863122 0.285262
v -0.104715 -0.2712238 0.3003037
v -0.139244 -0.2663098 0.3052705
v -0.09839653 -0.2566734 0.3148639
v -0.130899 -0.2470927 0.3245007
v 0.0944713 -0.2438187 0.3279645
v 0.08086635 -0.2320094 0.339758
v 0.1058544 -0.2144733 0.3573279
v 0.123822 -0.2300696 0.3417525
v 0.1045588 -0.2572757 0.3145187
v 0.1371444 -0.2478419 0.323995
v 0.1107412 -0.2718631 0.2999371
v 0.1453093 -0.2671071 0.3047377
v 0.1127809 -0.2870207 0.2847804
v 0.148003 -0.2871253 0.2847205
v 0.1042812 -0.2948453 0.2332146
v 0.1105996 -0.2802949 0.2477748
v 0.09406831 -0.308242 0.2198033
v 0.08035356 -0.3199703 0.2080563
v 0.06366383 -0.3295791 0.198425
v 0.04464067 -0.3366996 0.1912796
v 0.0240151 -0.3410578 0.1868945
v 0.00257972 -0.3424864 0.1854385
v -0.0188418 -0.3409306 0.1869675
v -0.03942606 -0.33645 0.1914226
v -0.05838219 -0.3292168 0.1986325
v -0.0749817 -0.3195091 0.2083206
v 0.1127809 -0.294135 0.2919043
v 0.1127809 -0.2870207 0.2847804
v 0.148003 -0.2871253 0.2847205
v 0.1480096 -0.2942396 0.2918443
v 0.08086635 -0.2391237 0.346882
v 0.105859 -0.2215844 0.3644551
v 0.1058544 -0.2144733 0.3573279
v 0.08086635 -0.2320094 0.339758
v 0.1997097 0.08007695 0.1064673
v 0.1997419 0.100563 0.08965683
v 0.1597421 0.1006818 0.08972489
v 0.1597099 0.0801957 0.1065353
v 0.1997569 0.1173762 0.06917267
v 0.1597572 0.1174949 0.06924072
v 0.1997542 0.1298699 0.04580215
v 0.1597545 0.1299886 0.04587021
v 0.199734 0.1375642 0.02044342
v 0.1597343 0.1376829 0.02051147
v 0.1996968 0.1401635 -0.00592926
v 0.1596971 0.1402822 -0.005861206
v 0.1996442 0.1375678 -0.03230225
v 0.1596444 0.1376865 -0.03223419
v 0.1995782 0.1298769 -0.05766205
v 0.1595785 0.1299956 -0.05759399
v 0.1995014 0.1173861 -0.08103409
v 0.1595017 0.1175049 -0.08096604
v 0.1994166 0.1005759 -0.1015201
v 0.1594168 0.1006947 -0.101452
v 0.1993272 0.08009194 -0.1183331
v 0.1593274 0.08021069 -0.1182651
v 0.1992366 0.05672165 -0.1308267
v 0.1592368 0.05684036 -0.1307587
v 0.1991483 0.03136288 -0.138521
v 0.1591485 0.03148163 -0.1384529
v 0.1990655 0.004990349 -0.14112
v 0.1590657 0.005109062 -0.1410519
v 0.1989916 -0.02138256 -0.1385242
v 0.1589919 -0.02126385 -0.1384561
v 0.1989295 -0.04674229 -0.1308331
v 0.1589297 -0.04662357 -0.1307651
v 0.1988813 -0.07011433 -0.1183423
v 0.1588816 -0.06999561 -0.1182742
v 0.1988491 -0.09060048 -0.1015318
v 0.1588494 -0.09048172 -0.1014638
v 0.1988341 -0.1074135 -0.08104783
v 0.1588344 -0.1072947 -0.08097977
v 0.1988367 -0.1199071 -0.05767731
v 0.158837 -0.1197884 -0.05760925
v 0.198857 -0.1276015 -0.03231842
v 0.1588573 -0.1274827 -0.03225037
v 0.1988942 -0.1302007 -0.005945892
v 0.1588944 -0.130082 -0.005877838
v 0.1989467 -0.1276049 0.02042709
v 0.158947 -0.1274862 0.02049515
v 0.1990127 -0.119914 0.0457869
v 0.1590129 -0.1197953 0.04585495
v 0.1990896 -0.1074234 0.06915894
v 0.1590898 -0.1073046 0.06922699
v 0.159264 -0.07001064 0.1065259
v 0.1392641 -0.06995129 0.1065599
v 0.1391747 -0.09043507 0.08974717
v 0.1591746 -0.09049443 0.08971314
v 0.1592955 0.01070923 0.1301582
v 0.1592955 0.03773926 0.1262381
v 0.1395997 0.03152325 0.1267511
v 0.1392955 0.01054924 0.1301282
v 0.1596618 0.05682365 0.119026
v 0.1396619 0.05688301 0.1190601
v 0.1597099 0.0801957 0.1065353
v 0.13971 0.08025506 0.1065694
v 0.1597421 0.1006818 0.08972489
v 0.1397423 0.1007412 0.08975892
v 0.1597572 0.1174949 0.06924072
v 0.1397573 0.1175543 0.06927475
v 0.1597545 0.1299886 0.04587021
v 0.1397546 0.1300479 0.04590424
v 0.1597343 0.1376829 0.02051147
v 0.1397344 0.1377423 0.0205455
v 0.1596971 0.1402822 -0.005861206
v 0.1396972 0.1403416 -0.005827179
v 0.1596444 0.1376865 -0.03223419
v 0.1396446 0.1377459 -0.03220016
v 0.1595785 0.1299956 -0.05759399
v 0.1395786 0.130055 -0.05755997
v 0.1595017 0.1175049 -0.08096604
v 0.1395018 0.1175642 -0.08093201
v 0.1594168 0.1006947 -0.101452
v 0.1394169 0.100754 -0.101418
v 0.1593274 0.08021069 -0.1182651
v 0.1393275 0.08027005 -0.118231
v 0.1592368 0.05684036 -0.1307587
v 0.1392369 0.05689976 -0.1307246
v 0.1591485 0.03148163 -0.1384529
v 0.1391486 0.03154098 -0.1384189
v 0.1590657 0.005109062 -0.1410519
v 0.1390658 0.005168457 -0.1410179
v 0.1589919 -0.02126385 -0.1384561
v 0.138992 -0.02120445 -0.1384221
v 0.1589297 -0.04662357 -0.1307651
v 0.1389298 -0.04656418 -0.130731
v 0.1588816 -0.06999561 -0.1182742
v 0.1388817 -0.06993622 -0.1182402
v 0.1588494 -0.09048172 -0.1014638
v 0.1388495 -0.09042237 -0.1014297
v 0.1588344 -0.1072947 -0.08097977
v 0.1388345 -0.1072354 -0.08094574
v 0.158837 -0.1197884 -0.05760925
v 0.1388371 -0.119729 -0.05757523
v 0.1588573 -0.1274827 -0.03225037
v 0.1388574 -0.1274234 -0.03221634
v 0.1588944 -0.130082 -0.005877838
v 0.1388945 -0.1300226 -0.005843811
v 0.158947 -0.1274862 0.02049515
v 0.1389471 -0.1274268 0.02052917
v 0.1590129 -0.1197953 0.04585495
v 0.139013 -0.1197359 0.04588898
v 0.1590898 -0.1073046 0.06922699
v 0.1390899 -0.1072453 0.06926102
v -0.5687044 -0.0722308 0.03860809
v -0.5687044 -0.1085308 0.05405807
v -0.5687044 -0.1252908 0.06955811
v -0.5687044 0.0495192 0.07122818
v -0.5687044 0.06289921 0.09812806
v -0.5687044 0.0767292 0.08911805
v -0.5687044 0.02801922 0.0801381
v -0.5687044 0.0457592 0.1136981
v -0.5687044 0.05342922 0.1049281
v -0.5687044 -0.08413079 -0.008691864
v -0.5687044 -0.08741078 0.01390808
v -0.5687044 -0.0841708 -0.005951843
v -0.5687044 -0.08114079 0.01710815
v -0.5687044 -0.09568078 0.03517807
v -0.5687044 -0.1335008 0.07497803
v -0.5687044 -0.1103308 0.124658
v -0.5687044 -0.06045078 0.1555182
v -0.5687044 -0.03190079 0.1643181
v -0.5687044 -0.01811077 0.0801381
v -0.5887044 0.08183918 0.03842819
v -0.5887044 0.06772922 0.05681808
v -0.5687044 0.0679792 0.05706818
v -0.5674845 -0.1028108 0.1431981
v -0.5681245 -0.1045908 0.1381181
v -0.4474567 -0.2034685 0.1656604
v -0.5687044 -0.1335008 0.07497803
v -0.3369345 -0.3029308 0.1717981
v -0.5164345 -0.1260608 0.1947081
v -0.5567045 -0.1020208 0.1663181
v -0.5687044 -0.08707077 0.1419681
v -0.5687044 -0.1103308 0.124658
v -0.5681245 -0.1045908 0.1381181
v -0.5655845 -0.09526082 0.155128
v -0.5655045 -0.1007908 0.1514781
v -0.5618045 -0.1000908 0.1603182
v -0.5617945 -0.06889076 0.1763481
v -0.5570289 -0.07511841 0.1792221
v -0.5569759 -0.06062195 0.1850504
v -0.5617945 -0.0366608 0.1862781
v -0.5569237 -0.04571739 0.1897379
v -0.5568725 -0.03049442 0.1932562
v -0.5687044 0.03729923 0.1352582
v -0.5687045 0.02863922 0.1633782
v -0.5624945 0.03342918 0.159588
v -0.5523545 0.0377692 0.1496481
v -0.5569645 0.03640919 0.1541681
v -0.5187045 0.0482692 0.03555801
v -0.5187045 0.06858921 0.05768799
v -0.5187045 0.03494919 0.04600815
v -0.5187045 0.06331921 0.0988881
v -0.5187045 0.0540192 0.105578
v -0.5187045 0.04647922 0.1141981
v -0.5187044 -0.1258108 0.06884811
v -0.5187045 0.0204792 0.05199799
v -0.5187045 0.004949226 0.05404816
v -0.5187044 -0.01057079 0.05199799
v -0.5187044 -0.02505077 0.04600815
v -0.5187044 -0.03747078 0.03646805
v -0.5187044 -0.0470108 0.02404816
v -0.5187044 -0.1091907 0.05348816
v -0.5187044 -0.09646077 0.03477814
v -0.5624945 0.01905918 0.183658
v -0.5627845 0.01761921 0.1842581
v -0.5517645 0.02017921 0.1952382
v -0.5647045 0.01286919 0.1851032
v -0.5616845 0.00754921 0.1905881
v 0.1592955 0.05443924 0.2268382
v 0.1535555 0.05533924 0.2310881
v 0.1276155 0.06473923 0.2752982
v 0.1592955 0.05272926 0.2188182
v -0.05039451 0.07977924 0.346058
v -0.04812451 0.0855592 0.3732381
v -0.02875451 0.08075921 0.3506981
v -0.1794245 0.06115921 0.2584882
v -0.2424945 0.07737923 0.3347681
v -0.1617345 0.06537922 0.2783281
v -0.1720645 0.08162922 0.354788
v -0.1267945 0.07185921 0.3087981
v -0.1455345 0.06865921 0.2937381
v -0.2505945 -0.3128808 0.1775481
v -0.2476245 -0.3159208 0.1793082
v -0.3065445 -0.3146408 0.1785581
v -0.2528045 -0.3082208 0.1748581
v -0.1840045 -0.3494507 0.1986581
v -0.2460845 -0.3341907 0.189848
v -0.1240045 -0.3598808 0.204678
v -0.2351945 -0.3201507 0.1817481
v -0.2398245 -0.3196708 0.1814681
v -0.2450445 -0.3177708 0.180368
v -0.3369345 -0.3029308 0.1717981
v -0.5687044 -0.1335008 0.07497803
v -0.4858545 -0.1682508 0.09404801
v 0.1930255 0.05544922 0.3982881
v 0.1964955 0.05913925 0.3959581
v 0.1952655 0.06021923 0.3958081
v 0.1885555 0.04640923 0.4016582
v 0.1988255 0.0515992 0.3970682
v 0.1972655 0.05345921 0.3975581
v 0.1988355 0.05684921 0.3959082
v 0.1999155 0.05563923 0.3957081
v 0.2192955 0.03491924 0.2311981
v 0.2192955 0.02904926 0.2318681
v 0.1592955 0.02928925 0.2307881
v 0.2115855 0.05048923 0.2285782
v 0.2149455 0.04722923 0.2292381
v 0.2181755 0.04145924 0.2302681
v 0.1592955 0.05443924 0.2268382
v 0.1592955 0.02928925 0.2307881
v 0.1592955 0.05272926 0.2188182
v 0.03217548 0.08049923 0.3494681
v 0.0632855 0.07778923 0.3366981
v 0.04559551 -0.04516075 0.2200981
v 0.1276155 0.06473923 0.2752982
v 0.1286255 -0.01653076 0.1927782
v 0.1107555 -0.03833076 0.1892981
v 0.1535555 0.05533924 0.2310881
v 0.1592955 0.05272926 0.2188182
v 0.1592955 0.02675926 0.1928481
v -0.1794245 0.06115921 0.2584882
v -0.1990945 0.01753921 0.1934781
v -0.1991245 0.0554092 0.2314381
v -0.02875451 0.08075921 0.3506981
v -0.00682451 0.08124924 0.352978
v 0.0032955 -0.04637077 0.2255582
v -0.1867045 -0.2539608 0.2381181
v -0.2034845 -0.2582908 0.2267081
v -0.2204345 -0.1125408 0.1557681
v -0.1712845 -0.06439075 0.181638
v -0.1502245 -0.04564079 0.1875382
v -0.1484645 -0.2487008 0.2610881
v 0.2153855 0.02279922 0.3816881
v 0.2167455 0.0603492 0.3748881
v 0.2125955 0.05840923 0.3833682
v 0.1969255 -0.1112608 0.3837982
v 0.1885555 -0.09845078 0.3899382
v 0.1885555 -0.1121208 0.3866781
v 0.1969255 -0.1540708 0.3683781
v 0.1885555 -0.1400307 0.3766281
v 0.1885555 -0.1552408 0.3711482
v 0.2192955 -0.2393107 0.2649881
v 0.2192955 -0.2121707 0.2946382
v 0.2192955 -0.2424007 0.2688982
v 0.2192955 0.004179268 0.3440381
v 0.2192955 0.02200924 0.3644581
v 0.2192955 -0.01947075 0.3640481
v 0.2192955 0.02904926 0.2318681
v 0.1592955 -0.005190735 0.1412682
v 0.1592955 -0.00676075 0.1457281
v 0.1592955 0.02531925 0.1684581
v 0.1534355 -0.09129078 0.1685782
v 0.1592955 -0.05959076 0.1833382
v 0.1592955 -0.09883076 0.1650081
v 0.1286255 -0.05956078 0.1832381
v 0.1530055 -0.2480508 0.2272582
v 0.1495855 -0.2585008 0.2350682
v 0.1259655 -0.2511207 0.2553481
v 0.1775455 -0.2623608 0.2530081
v 0.1530055 -0.2480508 0.2272582
v 0.1663355 -0.2057908 0.1940082
v 0.1942555 -0.2559307 0.2518381
v 0.2015555 -0.2533607 0.2509381
v 0.2028355 -0.2590407 0.2584381
v 0.1777355 -0.1658008 0.1602982
v 0.1593055 -0.1424707 0.1808782
v 0.1939055 -0.1636207 0.1628981
v 0.2192955 -0.03205074 0.06857819
v 0.2192955 -0.08534077 0.1219582
v 0.2192955 -0.08892079 0.09964814
v 0.2192955 -0.1077208 0.1844382
v 0.2192955 -0.09504075 0.1657381
v 0.2192955 -0.09020077 0.3308581
v 0.2192955 -0.08742074 0.1444582
v 0.2192955 0.02904926 0.2318681
v 0.2192955 0.004179268 0.3440381
v 0.2192955 0.02859924 0.2266182
v 0.2192955 0.02660923 0.2142181
v 0.2192955 0.05244923 0.1190381
v 0.2192955 0.04540924 0.1294283
v 0.2192955 0.05667927 0.1072182
v 0.2192955 0.03271923 0.1481381
v 0.2192955 0.006999245 0.07722809
v 0.2192955 0.02509926 0.1694081
v 0.2102455 -0.1624507 0.1644582
v 0.2061255 -0.2525907 0.2517081
v 0.1592955 0.02531925 0.1684581
v 0.2192955 0.02509926 0.1694081
v 0.1992955 0.02531925 0.1684581
v 0.1100255 -0.2846208 0.2217781
v 0.1136955 -0.2753108 0.2473482
v 0.1162255 -0.2825807 0.2273781
v 0.1271855 -0.2792807 0.2364581
v 0.1992955 -0.08850075 0.06905807
v 0.2192955 -0.08976075 0.07475815
v 0.1992955 -0.08976075 0.07475815
v 0.1992955 0.02531925 0.1684581
v 0.1992955 0.03271923 0.1481381
v 0.1992955 0.03106922 0.1520781
v 0.1992955 0.03271923 0.1481381
v 0.1992955 0.04021923 0.1373181
v 0.1992955 0.03106922 0.1520781
v 0.1992955 0.04540924 0.1294283
v 0.1992955 -0.09092076 0.08725815
v 0.1992955 -0.08850075 0.06905807
v 0.1992955 -0.08976075 0.07475815
v 0.1992955 -0.08892079 0.09964814
v 0.1992955 -0.08534077 0.1219582
v 0.1992955 -0.08756073 0.1089882
v 0.1392955 -0.02374073 0.1271681
v 0.1392955 -0.04679077 0.1324382
v 0.1392955 -0.04725075 0.1371382
v 0.1392955 -0.05141075 0.1200182
v 0.1392955 -0.04883076 0.1239981
v 0.1392955 0.002209243 0.1324782
v 0.1392955 0.005859261 0.1308881
v 0.1392955 -0.00181076 0.1350482
v 0.1392955 -0.004470749 0.1379782
v 0.1392955 -0.006680756 0.1417082
v 0.1392955 0.01054924 0.1301282
v 0.1392955 -0.00820076 0.1457982
v 0.1392955 -0.05407074 0.1175381
v 0.1592955 -0.05518074 0.1168982
v 0.1592955 -0.05875076 0.1144281
v 0.1592955 -0.08550076 0.1262282
v 0.159264 -0.07001064 0.1065259
v 0.1592955 -0.09329075 0.09259812
v 0.1592955 -0.08756073 0.1089882
v 0.1591746 -0.09049443 0.08971314
v 0.1590898 -0.1073046 0.06922699
v 0.2092955 0.0049543 -0.005956879
v 0.2092955 0.06184925 -0.06910187
v 0.2092955 0.07605926 -0.05253189
v -0.1240045 -0.3598808 0.204678
v -0.2460845 -0.3341907 0.189848
v -0.2351945 -0.3201507 0.1817481
v 0.06236553 -0.3159408 0.1846881
v 0.07533552 -0.3078708 0.1903481
v 0.07710553 -0.3294408 0.2130881
v 0.05410552 -0.3452308 0.2062482
v -0.3065445 -0.3146408 0.1785581
v -0.2476245 -0.3159208 0.1793082
v -0.2450445 -0.3177708 0.180368
v 0.09781552 -0.3101008 0.2263681
v 0.08681552 -0.2982008 0.1971181
v -0.2385745 -0.3072908 0.1884882
v -0.2348045 -0.3094108 0.1886981
v -0.2398245 -0.3196708 0.1814681
v -0.2450445 -0.3177708 0.180368
v -0.2476245 -0.3159208 0.1793082
v -0.2419845 -0.3048108 0.1874881
v -0.2505945 -0.3128808 0.1775481
v -0.2448745 -0.3020908 0.1857481
v 0.08681552 -0.2982008 0.1971181
v 0.09707551 -0.2898708 0.2073682
v 0.09781552 -0.3101008 0.2263681
v -0.2505945 -0.3128808 0.1775481
v -0.2528045 -0.3082208 0.1748581
v -0.2471045 -0.2992508 0.1833582
v -0.2448745 -0.3020908 0.1857481
v -0.2308445 -0.3110608 0.1881081
v -0.2348045 -0.3094108 0.1886981
v -0.2249345 -0.2933108 0.2000182
v -0.2200605 -0.2927735 0.2010486
v -0.2535245 -0.3028308 0.1717481
v -0.2485745 -0.2964308 0.1804181
v 0.09672553 -0.3142207 0.2319081
v 0.09781552 -0.3101008 0.2263681
v 0.1077655 -0.3021107 0.2340482
v 0.1068555 -0.3073807 0.2411182
v 0.1181855 -0.2992807 0.2477881
v 0.1185155 -0.2942607 0.2405582
v -0.2348045 -0.3094108 0.1886981
v -0.2385745 -0.3072908 0.1884882
v -0.2283745 -0.2910208 0.2000781
v -0.2249345 -0.2933108 0.2000182
v 0.09707551 -0.2898708 0.2073682
v 0.1100255 -0.2846208 0.2217781
v 0.1077655 -0.3021107 0.2340482
v 0.09781552 -0.3101008 0.2263681
v -0.2385745 -0.3072908 0.1884882
v -0.2419845 -0.3048108 0.1874881
v -0.2315145 -0.2884108 0.199398
v -0.2283745 -0.2910208 0.2000781
v -0.3369345 -0.3029308 0.1717981
v -0.4858545 -0.1682508 0.09404801
v -0.2626045 -0.1682508 0.09404816
v -0.2535245 -0.3028308 0.1717481
v -0.2448745 -0.3020908 0.1857481
v -0.2342145 -0.2856108 0.198018
v 0.1335755 -0.2895707 0.2541382
v 0.1330055 -0.2932208 0.2616982
v 0.1175755 -0.3022007 0.2527181
v 0.1181855 -0.2992807 0.2477881
v -0.2448745 -0.3020908 0.1857481
v -0.2471045 -0.2992508 0.1833582
v -0.2363745 -0.2827208 0.1959882
v -0.2342145 -0.2856108 0.198018
v 0.1077655 -0.3021107 0.2340482
v 0.1100255 -0.2846208 0.2217781
v 0.1162255 -0.2825807 0.2273781
v 0.1185155 -0.2942607 0.2405582
v -0.2471045 -0.2992508 0.1833582
v -0.2485745 -0.2964308 0.1804181
v -0.2378845 -0.2798808 0.1933981
v -0.2363745 -0.2827208 0.1959882
v -0.2539845 -0.1533908 0.116228
v -0.2413445 -0.1363908 0.1355382
v 0.1185155 -0.2942607 0.2405582
v 0.1162255 -0.2825807 0.2273781
v 0.1271855 -0.2792807 0.2364581
v 0.1335255 -0.2847208 0.2464781
v 0.1335755 -0.2895707 0.2541382
v 0.1181855 -0.2992807 0.2477881
v -0.2200605 -0.2927735 0.2010486
v -0.2249345 -0.2933108 0.2000182
v -0.2230445 -0.2908108 0.2017981
v 0.1471255 -0.2855508 0.2657582
v 0.1330055 -0.2932208 0.2616982
v 0.1335755 -0.2895707 0.2541382
v 0.1472155 -0.2819907 0.2577582
v 0.1335255 -0.2847208 0.2464781
v 0.1465455 -0.2772008 0.2501282
v -0.2283745 -0.2910208 0.2000781
v -0.2315145 -0.2884108 0.199398
v -0.2278545 -0.2835308 0.2028981
v -0.2256545 -0.2873108 0.2026181
v -0.2342145 -0.2856108 0.198018
v -0.2294945 -0.2794708 0.2024982
v 0.1465455 -0.2772008 0.2501282
v 0.1335255 -0.2847208 0.2464781
v 0.1325955 -0.2770808 0.2394881
v 0.1366755 -0.2745307 0.2406381
v -0.2342145 -0.2856108 0.198018
v -0.2363745 -0.2827208 0.1959882
v -0.2306245 -0.2754408 0.201658
v -0.2294945 -0.2794708 0.2024982
v -0.2378845 -0.2798808 0.1933981
v -0.2311245 -0.2713108 0.2001982
v 0.1615755 -0.2749308 0.2598981
v 0.1620155 -0.2784008 0.2680982
v 0.1471255 -0.2855508 0.2657582
v 0.1472155 -0.2819907 0.2577582
v 0.1775855 -0.2718707 0.2689182
v 0.1778655 -0.2734807 0.2778381
v 0.1616355 -0.2801508 0.2768181
v 0.1465455 -0.2772008 0.2501282
v 0.1366755 -0.2745307 0.2406381
v 0.1431455 -0.2688307 0.2403682
v 0.1452855 -0.2661407 0.2393581
v 0.1605455 -0.2701807 0.2519782
v 0.1325955 -0.2770808 0.2394881
v 0.1190155 -0.2711108 0.2531082
v 0.1213455 -0.2678507 0.2551082
v 0.1366755 -0.2745307 0.2406381
v 0.1765855 -0.2684207 0.2605881
v 0.1775855 -0.2718707 0.2689182
v 0.1620155 -0.2784008 0.2680982
v 0.1615755 -0.2749308 0.2598981
v 0.1605455 -0.2701807 0.2519782
v 0.1699255 -0.2654808 0.2532181
v 0.09095553 -0.2679607 0.2660881
v 0.1164255 -0.2736408 0.2504781
v 0.1136955 -0.2753108 0.2473482
v 0.08883552 -0.2697708 0.2625781
v 0.1910155 -0.2687807 0.2775281
v 0.1911655 -0.2683107 0.2867282
v 0.1774155 -0.2731708 0.286898
v 0.1778655 -0.2734807 0.2778381
v 0.1906455 -0.2658608 0.2955881
v 0.1759355 -0.2702008 0.2968881
v 0.1901955 -0.2672407 0.2684882
v 0.1775855 -0.2718707 0.2689182
v 0.09295552 -0.2653007 0.2690682
v 0.1190155 -0.2711108 0.2531082
v 0.1164255 -0.2736408 0.2504781
v 0.09095553 -0.2679607 0.2660881
v 0.1366755 -0.2745307 0.2406381
v 0.1213455 -0.2678507 0.2551082
v 0.1232855 -0.2640108 0.2563782
v 0.1431455 -0.2688307 0.2403682
v 0.1887655 -0.2637707 0.2600881
v 0.1901955 -0.2672407 0.2684882
v 0.1775855 -0.2718707 0.2689182
v 0.1765855 -0.2684207 0.2605881
v 0.1775455 -0.2623608 0.2530081
v 0.1699255 -0.2654808 0.2532181
v 0.1910155 -0.2687807 0.2775281
v 0.2025355 -0.2652807 0.2798381
v 0.2007455 -0.2650407 0.2874881
v 0.1911655 -0.2683107 0.2867282
v 0.06309551 -0.2637908 0.2775482
v 0.09095553 -0.2679607 0.2660881
v 0.08883552 -0.2697708 0.2625781
v 0.06164551 -0.2657007 0.2737581
v 0.09476552 -0.2619207 0.2713881
v 0.1213455 -0.2678507 0.2551082
v 0.1190155 -0.2711108 0.2531082
v 0.09295552 -0.2653007 0.2690682
v 0.1887655 -0.2637707 0.2600881
v 0.2028355 -0.2590407 0.2584381
v 0.2035555 -0.2628907 0.2670682
v 0.1901955 -0.2672407 0.2684882
v 0.1759355 -0.2702008 0.2968881
v 0.1906455 -0.2658608 0.2955881
v 0.1894855 -0.2615608 0.3036481
v 0.1761055 -0.2666107 0.3032381
v 0.1911655 -0.2683107 0.2867282
v 0.2007455 -0.2650407 0.2874881
v 0.1970155 -0.2628207 0.2973882
v 0.06446552 -0.2610307 0.280798
v 0.09295552 -0.2653007 0.2690682
v 0.09095553 -0.2679607 0.2660881
v 0.06309551 -0.2637908 0.2775482
v 0.2025355 -0.2652807 0.2798381
v 0.2052955 -0.2641808 0.2812282
v 0.2027855 -0.2639608 0.2887082
v 0.2007455 -0.2650407 0.2874881
v 0.2035555 -0.2628907 0.2670682
v 0.2074755 -0.2620407 0.2687981
v 0.09626552 -0.2579908 0.2729282
v 0.1232855 -0.2640108 0.2563782
v 0.1213455 -0.2678507 0.2551082
v 0.09476552 -0.2619207 0.2713881
v 0.2007455 -0.2650407 0.2874881
v 0.2027855 -0.2639608 0.2887082
v 0.1981455 -0.2619607 0.2981581
v 0.1970155 -0.2628207 0.2973882
v 0.2046855 -0.2625807 0.2898482
v 0.2052955 -0.2641808 0.2812282
v 0.2078355 -0.2625907 0.2825781
v 0.1867955 -0.2585707 0.2527481
v 0.1887655 -0.2637707 0.2600881
v 0.1765855 -0.2684207 0.2605881
v 0.1775455 -0.2623608 0.2530081
v 0.1942555 -0.2559307 0.2518381
v 0.2028355 -0.2590407 0.2584381
v 0.2074755 -0.2620407 0.2687981
v 0.2109855 -0.2601807 0.2701581
v 0.2072955 -0.2580208 0.2593181
v 0.2035555 -0.2628907 0.2670682
v 0.1946155 -0.2609308 0.3019782
v 0.1894855 -0.2615608 0.3036481
v 0.1906455 -0.2658608 0.2955881
v 0.1992355 -0.2610008 0.2988681
v 0.2100755 -0.2605508 0.2838582
v 0.2064155 -0.2609208 0.2908881
v 0.1530055 -0.2480508 0.2272582
v 0.1699255 -0.2654808 0.2532181
v 0.1495855 -0.2585008 0.2350682
v 0.1663355 -0.2057908 0.1940082
v 0.1777355 -0.1658008 0.1602982
v 0.2112955 -0.2560408 0.2605281
v 0.06568552 -0.2575608 0.2833582
v 0.09476552 -0.2619207 0.2713881
v 0.09295552 -0.2653007 0.2690682
v 0.06446552 -0.2610307 0.280798
v 0.1886555 -0.2554308 0.3103581
v 0.1761155 -0.2578607 0.3120781
v 0.1761055 -0.2666107 0.3032381
v 0.1894855 -0.2615608 0.3036481
v 0.2109855 -0.2601807 0.2701581
v 0.2139555 -0.2576408 0.2716582
v 0.2100755 -0.2605508 0.2838582
v 0.2078355 -0.2625907 0.2825781
v 0.2046855 -0.2625807 0.2898482
v 0.2064155 -0.2609208 0.2908881
v 0.2002755 -0.2599308 0.2995181
v 0.1992355 -0.2610008 0.2988681
v 0.2119655 -0.2581307 0.2850182
v 0.2079455 -0.2590207 0.2917981
v 0.1946155 -0.2609308 0.3019782
v 0.1953555 -0.2602807 0.3024881
v 0.1960655 -0.2595907 0.3029581
v 0.2112955 -0.2560408 0.2605281
v 0.2146455 -0.2533207 0.2621982
v 0.1967655 -0.2588508 0.3033981
v 0.2012455 -0.2587708 0.3000881
v 0.09739551 -0.2537108 0.2735982
v 0.1247455 -0.2598107 0.2568482
v 0.1232855 -0.2640108 0.2563782
v 0.09626552 -0.2579908 0.2729282
v 0.2015555 -0.2533607 0.2509381
v 0.2061255 -0.2525907 0.2517081
v 0.2072955 -0.2580208 0.2593181
v 0.2028355 -0.2590407 0.2584381
v 0.2119655 -0.2581307 0.2850182
v 0.2134455 -0.2553808 0.2860381
v 0.2092555 -0.2569008 0.2925682
v 0.2079455 -0.2590207 0.2917981
v 0.2002755 -0.2599308 0.2995181
v 0.2012455 -0.2587708 0.3000881
v 0.1974355 -0.2580607 0.3037882
v 0.1967655 -0.2588508 0.3033981
v 0.2021555 -0.2575308 0.3005881
v 0.2139555 -0.2576408 0.2716582
v 0.2162755 -0.2545307 0.2732382
v 0.2100755 -0.2605508 0.2838582
v 0.1475255 -0.2629907 0.2379582
v 0.1256555 -0.2554408 0.2564981
v 0.1259655 -0.2511207 0.2553481
v 0.1495855 -0.2585008 0.2350682
v -0.05239449 -0.2593508 0.2859082
v -0.07900033 -0.2616633 0.282347
v -0.08023449 -0.2577208 0.2835181
v -0.05301449 -0.2558208 0.2887181
v 0.2012455 -0.2587708 0.3000881
v 0.2021555 -0.2575308 0.3005881
v 0.1980755 -0.2572407 0.3041582
v 0.1974355 -0.2580607 0.3037882
v 0.2112955 -0.2560408 0.2605281
v 0.2072955 -0.2580208 0.2593181
v 0.2061255 -0.2525907 0.2517081
v 0.2104655 -0.2510208 0.2532681
v 0.2146455 -0.2533207 0.2621982
v 0.2171855 -0.2500208 0.2642181
v 0.2162755 -0.2545307 0.2732382
v 0.2139555 -0.2576408 0.2716582
v 0.1986955 -0.2563908 0.3044782
v 0.2029955 -0.2562108 0.3010082
v 0.2092555 -0.2569008 0.2925682
v 0.2103255 -0.2546007 0.2931981
v 0.2134455 -0.2553808 0.2860381
v 0.2144755 -0.2523807 0.2868881
v -0.02515449 -0.2546708 0.2918782
v -0.02477981 -0.2585089 0.2887523
v -0.05239449 -0.2593508 0.2859082
v -0.05301449 -0.2558208 0.2887181
v 0.1969255 -0.2332008 0.3237381
v 0.1986955 -0.2563908 0.3044782
v 0.2029955 -0.2562108 0.3010082
v 0.2044255 -0.2304008 0.3198581
v 0.2104655 -0.2510208 0.2532681
v 0.2141455 -0.2487708 0.2555281
v 0.2146455 -0.2533207 0.2621982
v 0.2112955 -0.2560408 0.2605281
v 0.1867955 -0.2585707 0.2527481
v 0.1777355 -0.1658008 0.1602982
v 0.1939055 -0.1636207 0.1628981
v 0.1942555 -0.2559307 0.2518381
v -0.05353448 -0.2517308 0.290668
v -0.05301449 -0.2558208 0.2887181
v -0.08023449 -0.2577208 0.2835181
v -0.0810245 -0.2536508 0.2854082
v 0.2162755 -0.2545307 0.2732382
v 0.2178255 -0.2509807 0.274828
v 0.2134455 -0.2553808 0.2860381
v 0.2119655 -0.2581307 0.2850182
v 0.09810551 -0.2492908 0.2733782
v 0.1256555 -0.2554408 0.2564981
v 0.1247455 -0.2598107 0.2568482
v 0.09739551 -0.2537108 0.2735982
v 0.1707437 -0.2270252 0.3362997
v 0.1761155 -0.2578607 0.3120781
v 0.1886555 -0.2554308 0.3103581
v 0.1885555 -0.2349608 0.3261781
v 0.03544551 -0.2508608 0.2925182
v 0.0667155 -0.2535608 0.2850882
v 0.06568552 -0.2575608 0.2833582
v 0.03492551 -0.2549008 0.2906581
v -0.02541449 -0.2505708 0.2938582
v -0.02515449 -0.2546708 0.2918782
v -0.05301449 -0.2558208 0.2887181
v -0.05353448 -0.2517308 0.290668
v 0.2171855 -0.2500208 0.2642181
v 0.2187555 -0.2463107 0.2664981
v 0.2178255 -0.2509807 0.274828
v 0.2162755 -0.2545307 0.2732382
v 0.1986955 -0.2563908 0.3044782
v 0.1969255 -0.2332008 0.3237381
v 0.1885555 -0.2349608 0.3261781
v 0.1886555 -0.2554308 0.3103581
v 0.2146455 -0.2533207 0.2621982
v 0.2141455 -0.2487708 0.2555281
v 0.2169455 -0.2459507 0.2583482
v 0.2102455 -0.1624507 0.1644582
v 0.2104655 -0.2510208 0.2532681
v 0.2061255 -0.2525907 0.2517081
v 0.2185455 -0.2471508 0.2763681
v 0.2144755 -0.2523807 0.2868881
v 0.2134455 -0.2553808 0.2860381
v 0.2103255 -0.2546007 0.2931981
v 0.2153855 -0.2222708 0.3086081
v 0.2106855 -0.2266908 0.3147281
v -0.05393449 -0.2473008 0.2916481
v -0.05353448 -0.2517308 0.290668
v -0.0810245 -0.2536508 0.2854082
v -0.08161448 -0.2492308 0.2863481
v 0.2102455 -0.1624507 0.1644582
v 0.2138655 -0.1603207 0.1666182
v 0.2141455 -0.2487708 0.2555281
v 0.2104655 -0.2510208 0.2532681
v 0.03583551 -0.2464908 0.293428
v 0.06748552 -0.2492308 0.2859082
v 0.0667155 -0.2535608 0.2850882
v 0.03544551 -0.2508608 0.2925182
v -0.02560448 -0.2461308 0.294848
v -0.02541449 -0.2505708 0.2938582
v -0.05353448 -0.2517308 0.290668
v -0.05393449 -0.2473008 0.2916481
v 0.09833551 -0.2449608 0.2722682
v 0.1259655 -0.2511207 0.2553481
v 0.1256555 -0.2554408 0.2564981
v 0.09810551 -0.2492908 0.2733782
v 0.2187555 -0.2463107 0.2664981
v 0.2171855 -0.2500208 0.2642181
v 0.2169455 -0.2459507 0.2583482
v 0.2186955 -0.2427308 0.2615682
v -0.1092245 -0.2429608 0.2777481
v -0.0821045 -0.2402508 0.2851981
v -0.08197449 -0.2446808 0.2862781
v -0.1090645 -0.2473908 0.2788382
v -0.05417449 -0.2427408 0.2915982
v -0.05393449 -0.2473008 0.2916481
v -0.08161448 -0.2492308 0.2863481
v 0.2183055 -0.2173508 0.3017981
v 0.2185455 -0.2471508 0.2763681
v 0.2192955 -0.2424007 0.2688982
v 0.2192955 -0.2121707 0.2946382
v 0.2187555 -0.2463107 0.2664981
v 0.2186955 -0.2427308 0.2615682
v 0.2192955 -0.2393107 0.2649881
v -0.02573449 -0.2415708 0.2948181
v -0.02560448 -0.2461308 0.294848
v -0.05393449 -0.2473008 0.2916481
v -0.05417449 -0.2427408 0.2915982
v 0.2168555 -0.1571608 0.1696481
v 0.2169455 -0.2459507 0.2583482
v 0.2141455 -0.2487708 0.2555281
v 0.2138655 -0.1603207 0.1666182
v 0.1663355 -0.2057908 0.1940082
v 0.1530055 -0.2480508 0.2272582
v 0.1593055 -0.1424707 0.1808782
v 0.1777355 -0.1658008 0.1602982
v 0.1259655 -0.2511207 0.2553481
v 0.1286255 -0.05956078 0.1832381
v 0.1534355 -0.09129078 0.1685782
v 0.1707437 -0.2270252 0.3362997
v 0.1885555 -0.2349608 0.3261781
v 0.1885555 -0.2177708 0.3371881
v 0.2185855 -0.1538308 0.1726982
v 0.2186955 -0.2427308 0.2615682
v 0.2169455 -0.2459507 0.2583482
v 0.2168555 -0.1571608 0.1696481
v 0.2192955 -0.1502107 0.1758881
v 0.2192955 -0.2393107 0.2649881
v 0.00329551 -0.2367408 0.294848
v 0.00329551 -0.2411708 0.2959081
v -0.02573449 -0.2415708 0.2948181
v -0.02608449 -0.2382008 0.2940881
v 0.04559551 -0.04516075 0.2200981
v 0.03615551 -0.2376708 0.2922981
v 0.0032955 -0.04637077 0.2255582
v 0.1885555 -0.2349608 0.3261781
v 0.1969255 -0.2332008 0.3237381
v 0.1969255 -0.1948808 0.3482782
v 0.1885555 -0.2177708 0.3371881
v 0.2044255 -0.2304008 0.3198581
v 0.2044255 -0.1925308 0.3441081
v 0.2106855 -0.2266908 0.3147281
v 0.2106855 -0.1894208 0.3385982
v 0.2153855 -0.2222708 0.3086081
v 0.2153855 -0.1857108 0.3320282
v 0.2183055 -0.2173508 0.3017981
v 0.2183055 -0.1815908 0.3247081
v 0.2192955 -0.2121707 0.2946382
v 0.2192955 -0.1772408 0.3170082
v 0.2192955 -0.2393107 0.2649881
v 0.2192955 -0.1502107 0.1758881
v 0.2192955 -0.1431208 0.1817082
v 0.2192955 -0.1173907 0.1994081
v 0.2192955 -0.1422607 0.3115782
v 0.2044255 -0.1522007 0.3639781
v 0.1969255 -0.1540708 0.3683781
v 0.2106855 -0.1497208 0.3581581
v 0.2153855 -0.1467708 0.3512082
v 0.2183055 -0.1434908 0.3434682
v 0.2192955 -0.1400307 0.3353381
v 0.1885555 -0.1552408 0.3711482
v 0.1885555 -0.1963607 0.3508981
v -0.5187044 -0.1422708 0.07904816
v -0.5187044 -0.1271608 0.1010281
v -0.4858545 -0.1504708 0.1199081
v -0.4858545 -0.1682508 0.09404801
v 0.2138655 -0.1603207 0.1666182
v 0.2102455 -0.1624507 0.1644582
v 0.1939055 -0.1636207 0.1628981
v 0.1593055 -0.1424707 0.1808782
v 0.2168555 -0.1571608 0.1696481
v 0.2185855 -0.1538308 0.1726982
v 0.2044255 -0.1522007 0.3639781
v 0.2044255 -0.1098908 0.3792082
v 0.1969255 -0.1112608 0.3837982
v 0.1969255 -0.1540708 0.3683781
v 0.2106855 -0.1497208 0.3581581
v 0.2106855 -0.1080907 0.3731482
v 0.2192955 -0.1431208 0.1817082
v 0.2192955 -0.1502107 0.1758881
v 0.2153855 -0.1467708 0.3512082
v 0.2153855 -0.1059307 0.3659181
v 0.2183055 -0.1434908 0.3434682
v 0.2183055 -0.1035308 0.3578682
v -0.4858545 -0.1682508 0.09404801
v -0.5687044 -0.1335008 0.07497803
v -0.5187044 -0.1422708 0.07904816
v 0.2192955 -0.1400307 0.3353381
v 0.2192955 -0.1010008 0.3493881
v 0.2183055 -0.1035308 0.3578682
v 0.2183055 -0.1434908 0.3434682
v -0.5187044 -0.1271608 0.1010281
v -0.5187045 -0.1088008 0.1203781
v -0.4858545 -0.1288708 0.1426681
v -0.4858545 -0.1504708 0.1199081
v -0.5187044 -0.1422708 0.07904816
v -0.5687044 -0.1335008 0.07497803
v -0.5687044 -0.1252908 0.06955811
v -0.5187044 -0.1258108 0.06884811
v 0.1969255 -0.1540708 0.3683781
v 0.1969255 -0.1112608 0.3837982
v 0.1885555 -0.1121208 0.3866781
v 0.1885555 -0.1400307 0.3766281
v 0.2192955 -0.1422607 0.3115782
v 0.2192955 -0.09020077 0.3308581
v 0.2192955 -0.1010008 0.3493881
v 0.2192955 -0.1400307 0.3353381
v -0.5187044 -0.1271608 0.1010281
v -0.5187044 -0.1422708 0.07904816
v -0.5187044 -0.1258108 0.06884811
v -0.5187045 -0.1088008 0.1203781
v -0.5187044 -0.1091907 0.05348816
v -0.5187044 -0.1258108 0.06884811
v -0.5687044 -0.1252908 0.06955811
v -0.5687044 -0.1085308 0.05405807
v -0.5187044 -0.03747078 0.03646805
v -0.5187044 -0.1091907 0.05348816
v -0.5187044 -0.0470108 0.02404816
v -0.5187045 0.0540192 0.105578
v -0.5187045 0.004949226 0.05404816
v -0.5187045 0.06858921 0.05768799
v -0.5687044 -0.0722308 0.03860809
v -0.5687044 -0.1252908 0.06955811
v -0.5687044 -0.1103308 0.124658
v -0.5687044 -0.05807079 0.05706818
v 0.2192955 -0.1422607 0.3115782
v 0.2192955 -0.1173907 0.1994081
v 0.2192955 -0.1077208 0.1844382
v 0.2192955 -0.09020077 0.3308581
v 0.2192955 -0.1173907 0.1994081
v 0.1592955 -0.1171608 0.1983281
v 0.1592955 -0.1077208 0.1844382
v 0.2192955 -0.1077208 0.1844382
v -0.4858545 -0.1288708 0.1426681
v -0.5187045 -0.1088008 0.1203781
v -0.5187045 -0.08763077 0.136618
v -0.4858545 -0.1039708 0.1617781
v 0.2044255 -0.1098908 0.3792082
v 0.2044255 -0.06615078 0.3896281
v 0.1969255 -0.06700077 0.3943381
v 0.1969255 -0.1112608 0.3837982
v 0.2106855 -0.1080907 0.3731482
v 0.2106855 -0.06503075 0.3834082
v -0.5187044 -0.09646077 0.03477814
v -0.5187044 -0.1091907 0.05348816
v -0.5687044 -0.1085308 0.05405807
v -0.5687044 -0.09568078 0.03517807
v -0.5687044 -0.0722308 0.03860809
v -0.5687044 -0.08114079 0.01710815
v -0.5687044 -0.09568078 0.03517807
v -0.5687044 -0.1085308 0.05405807
v 0.2153855 -0.1059307 0.3659181
v 0.2153855 -0.06370075 0.3759782
v 0.2106855 -0.06503075 0.3834082
v 0.2106855 -0.1080907 0.3731482
v 0.1592955 -0.1077208 0.1844382
v 0.1592955 -0.09504075 0.1657381
v 0.2192955 -0.09504075 0.1657381
v 0.2192955 -0.1077208 0.1844382
v 0.2183055 -0.1035308 0.3578682
v 0.2183055 -0.06221073 0.3677081
v -0.5187045 -0.08763077 0.136618
v -0.5187045 -0.06419079 0.1493481
v -0.4858545 -0.0763908 0.1767481
v -0.4858545 -0.1039708 0.1617781
v 0.2192955 -0.1010008 0.3493881
v 0.2192955 -0.06065079 0.3590082
v 0.2183055 -0.06221073 0.3677081
v 0.2183055 -0.1035308 0.3578682
v 0.1990896 -0.1074234 0.06915894
v 0.1992955 -0.09329075 0.09259812
v 0.1592955 -0.09329075 0.09259812
v 0.1590898 -0.1073046 0.06922699
v -0.5570289 -0.07511841 0.1792221
v -0.5617945 -0.06889076 0.1763481
v -0.5618045 -0.1000908 0.1603182
v -0.5567045 -0.1020208 0.1663181
v 0.2192955 -0.09020077 0.3308581
v 0.2192955 -0.05115078 0.3395181
v -0.5655845 -0.09526082 0.155128
v -0.5679145 -0.09125081 0.1486781
v -0.5674845 -0.1028108 0.1431981
v -0.5655045 -0.1007908 0.1514781
v 0.1969255 -0.1112608 0.3837982
v 0.1969255 -0.06700077 0.3943381
v 0.1885555 -0.06753075 0.3972981
v 0.1885555 -0.09845078 0.3899382
v -0.5187044 -0.08825078 0.01367813
v -0.5187044 -0.09646077 0.03477814
v -0.5687044 -0.09568078 0.03517807
v -0.5687044 -0.08741078 0.01390808
v -0.5618045 -0.1000908 0.1603182
v -0.5617945 -0.06889076 0.1763481
v -0.5655845 -0.06627079 0.1698781
v -0.5655845 -0.09526082 0.155128
v 0.2192955 -0.09504075 0.1657381
v 0.1592955 -0.09504075 0.1657381
v 0.1592955 -0.08721077 0.1435181
v 0.2192955 -0.08742074 0.1444582
v 0.1990896 -0.1074234 0.06915894
v 0.1992955 -0.08850075 0.06905807
v 0.1992955 -0.09092076 0.08725815
v 0.1992955 -0.09329075 0.09259812
v 0.1592955 -0.08756073 0.1089882
v 0.1592955 -0.09329075 0.09259812
v 0.1992955 -0.09329075 0.09259812
v 0.1992955 -0.08756073 0.1089882
v 0.1992955 -0.08892079 0.09964814
v -0.5679145 -0.06342079 0.1628381
v -0.5679145 -0.09125081 0.1486781
v 0.2192955 -0.09092076 0.08725815
v 0.1992955 -0.09092076 0.08725815
v 0.1992955 -0.08976075 0.07475815
v 0.2192955 -0.08976075 0.07475815
v 0.2192955 -0.08892079 0.09964814
v 0.1992955 -0.08892079 0.09964814
v 0.2192955 -0.03205074 0.06857819
v 0.2392955 -0.03455074 0.07984817
v 0.2392955 -0.09020073 0.3308581
v 0.2192955 -0.09020077 0.3308581
v 0.2392955 -0.05115078 0.3395181
v 0.2192955 -0.05115078 0.3395181
v 0.2192955 -0.09020077 0.3308581
v 0.2392955 -0.09020073 0.3308581
v 0.1992955 -0.08756073 0.1089882
v 0.1992955 -0.08850075 0.06905807
v 0.2092955 -0.08450074 0.05102814
v 0.2192955 -0.08575078 0.05666809
v 0.1992955 -0.08534077 0.1219582
v 0.2192955 -0.08534077 0.1219582
v -0.5187044 -0.08500081 -0.008712006
v -0.5187044 -0.08825078 0.01367813
v -0.5687044 -0.08741078 0.01390808
v -0.5687044 -0.08413079 -0.008691864
v -0.5187044 -0.05300076 0.009568024
v -0.5187044 -0.0470108 0.02404816
v -0.5187044 -0.09646077 0.03477814
v -0.5187044 -0.08825078 0.01367813
v -0.5187045 -0.1088008 0.1203781
v -0.5187045 0.03815922 0.1353781
v -0.5187045 0.03781918 0.146828
v -0.5187045 -0.08763077 0.136618
v 0.1592955 -0.08550076 0.1262282
v 0.1592955 -0.08756073 0.1089882
v 0.1992955 -0.08756073 0.1089882
v 0.1992955 -0.08534077 0.1219582
v 0.1592955 -0.08550076 0.1262282
v 0.1592955 -0.05875076 0.1144281
v 0.159264 -0.07001064 0.1065259
v 0.1592955 -0.08756073 0.1089882
v 0.2192955 -0.09020077 0.3308581
v 0.2192955 -0.08742074 0.1444582
v 0.2192955 -0.08534077 0.1219582
v 0.2192955 -0.03205074 0.06857819
v 0.1592955 -0.09504075 0.1657381
v 0.1592955 -0.04854076 0.1364682
v 0.1592955 -0.08721077 0.1435181
v -0.5679145 -0.09125081 0.1486781
v -0.5679145 -0.06342079 0.1628381
v -0.5687044 -0.06045078 0.1555182
v -0.5687044 -0.08707077 0.1419681
v -0.5687044 -0.1103308 0.124658
v -0.5687044 -0.08707077 0.1419681
v -0.5687044 -0.03961079 0.07122818
v -0.5687044 -0.05807079 0.05706818
v 0.1592955 -0.08721077 0.1435181
v 0.1592955 -0.08550076 0.1262282
v 0.1992955 -0.08534077 0.1219582
v 0.2192955 -0.08742074 0.1444582
v 0.2192955 -0.08534077 0.1219582
v 0.1592955 -0.05227077 0.1200882
v 0.1592955 -0.05518074 0.1168982
v 0.1592955 -0.08550076 0.1262282
v 0.1592955 -0.04862076 0.1278682
v 0.1592955 -0.04972076 0.1241882
v 0.1592955 -0.08721077 0.1435181
v 0.1592955 -0.04854076 0.1364682
v 0.1592955 -0.04818077 0.1321481
v -0.5187044 -0.05505077 -0.005951843
v -0.5187044 -0.05300076 0.009568024
v -0.5187044 -0.08825078 0.01367813
v -0.5187044 -0.08500081 -0.008712006
v 0.1992955 -0.08850075 0.06905807
v 0.1992955 -0.08134072 0.03677826
v 0.2092955 -0.08136075 0.0368782
v 0.2092955 -0.08450074 0.05102814
v -0.5887044 -0.08382077 -0.005951843
v -0.5887044 -0.08080079 -0.02893188
v -0.5687044 -0.08413079 -0.008691864
v -0.5687044 -0.0841708 -0.005951843
v -0.5687044 -0.08114079 0.01710815
v -0.5887044 -0.08080079 0.01701813
v -0.5187044 -0.08500081 -0.008712006
v -0.5187044 -0.08198079 -0.02925186
v -0.5887044 -0.05505077 -0.005951843
v -0.5887044 -0.05300076 -0.02148193
v -0.5887044 -0.08080079 -0.02893188
v -0.5887044 -0.08382077 -0.005951843
v -0.5187044 -0.0729908 -0.05095184
v -0.5887044 -0.07193081 -0.05034195
v -0.5187044 -0.05300076 -0.02148193
v -0.5187044 -0.05505077 -0.005951843
v -0.5187044 -0.08500081 -0.008712006
v -0.5187044 -0.08198079 -0.02925186
v 0.1992955 -0.08134072 0.03677826
v 0.1992955 -0.07693073 0.01685822
v 0.2092955 -0.07693073 0.01685822
v 0.2092955 -0.08136075 0.0368782
v -0.5687044 -0.0722308 0.03860809
v -0.5887044 -0.07193081 0.03842819
v -0.5887044 -0.08080079 0.01701813
v -0.5687044 -0.08114079 0.01710815
v -0.5887044 -0.05300076 -0.02148193
v -0.5887044 -0.0470108 -0.03595184
v -0.5887044 -0.07193081 -0.05034195
v -0.5887044 -0.08080079 -0.02893188
v 0.1992955 -0.07886074 0.003458252
v 0.1992955 -0.08004075 -0.00475174
v 0.2092955 -0.08004075 -0.00475174
v 0.2092955 -0.07883072 0.003638153
v 0.1992955 -0.07754074 -0.02644196
v 0.2092955 -0.07754074 -0.02644196
v 0.1992955 -0.07693073 0.01685822
v 0.2092955 -0.07693073 0.01685822
v -0.5187045 -0.06419079 0.1493481
v -0.5187045 -0.03904079 0.1582481
v -0.4858545 -0.0468108 0.1872281
v -0.4858545 -0.0763908 0.1767481
v 0.1992956 -0.06960075 -0.04678177
v 0.2092955 -0.07005074 -0.04563171
v 0.2092955 -0.07754074 -0.02644196
v 0.1992955 -0.07754074 -0.02644196
v -0.5187044 -0.05869076 -0.06959183
v -0.5187044 -0.0729908 -0.05095184
v -0.5887044 -0.07193081 -0.05034195
v -0.5887044 -0.05782078 -0.06873184
v -0.5187044 -0.0470108 -0.03595184
v -0.5187044 -0.05300076 -0.02148193
v -0.5187044 -0.08198079 -0.02925186
v -0.5187044 -0.0729908 -0.05095184
v -0.5687044 -0.05807079 0.05706818
v -0.5887044 -0.05782078 0.05681808
v -0.5887044 -0.07193081 0.03842819
v -0.5687044 -0.0722308 0.03860809
v -0.5887044 -0.0470108 -0.03595184
v -0.5887044 -0.03747078 -0.04838181
v -0.5887044 -0.05782078 -0.06873184
v -0.5887044 -0.07193081 -0.05034195
v -0.5887044 -0.0470108 0.02404816
v -0.5887044 -0.05300076 0.009568024
v -0.5887044 -0.08080079 0.01701813
v -0.5887044 -0.07193081 0.03842819
v 0.2092955 -0.06134075 -0.05811172
v 0.2092955 -0.07005074 -0.04563171
v 0.1992956 -0.06960075 -0.04678177
v 0.1992956 -0.06215076 -0.0570018
v -0.5655845 -0.03518078 0.1794582
v -0.5655845 -0.06627079 0.1698781
v -0.5617945 -0.06889076 0.1763481
v -0.5617945 -0.0366608 0.1862781
v -0.5187045 -0.03904079 0.1582481
v -0.5187045 -0.06419079 0.1493481
v -0.5187045 -0.08763077 0.136618
v -0.5187045 0.03781918 0.146828
v 0.2183055 -0.06221073 0.3677081
v 0.2183055 -0.02006077 0.3728682
v 0.2153855 -0.02061077 0.3812582
v 0.2153855 -0.06370075 0.3759782
v -0.5679145 -0.03357079 0.1720381
v -0.5679145 -0.06342079 0.1628381
v -0.5655845 -0.06627079 0.1698781
v -0.5655845 -0.03518078 0.1794582
v 0.2192955 -0.06065079 0.3590082
v 0.2192955 -0.01947075 0.3640481
v -0.5687044 -0.08707077 0.1419681
v -0.5687044 -0.06045078 0.1555182
v -0.5687044 -0.01811077 0.0801381
v -0.5687044 -0.03961079 0.07122818
v -0.5687044 -0.03190079 0.1643181
v -0.5687044 -0.06045078 0.1555182
v -0.5679145 -0.06342079 0.1628381
v -0.5679145 -0.03357079 0.1720381
v 0.1992956 -0.05674072 -0.06443176
v 0.2092955 -0.05674072 -0.06443176
v 0.2092955 -0.06134075 -0.05811172
v 0.1992956 -0.06215076 -0.0570018
v 0.1372955 -0.05808079 0.1838481
v 0.1592955 -0.05959076 0.1833382
v 0.1286255 -0.05956078 0.1832381
v -0.5187044 -0.03747078 -0.04838181
v -0.5187044 -0.0470108 -0.03595184
v -0.5187044 -0.0729908 -0.05095184
v -0.5187044 -0.05869076 -0.06959183
v -0.5187044 -0.04005077 -0.08390183
v -0.5187044 -0.05869076 -0.06959183
v -0.5887044 -0.05782078 -0.06873184
v -0.5887044 -0.03943077 -0.08284195
v 0.1372955 -0.01813076 0.1927081
v -0.5687044 -0.03961079 0.07122818
v -0.5887044 -0.03943077 0.07092804
v -0.5887044 -0.05782078 0.05681808
v -0.5687044 -0.05807079 0.05706818
v -0.5887044 -0.03747078 -0.04838181
v -0.5887044 -0.02505077 -0.05792191
v -0.5887044 -0.03943077 -0.08284195
v -0.5887044 -0.05782078 -0.06873184
v -0.5887044 -0.03747078 0.03646805
v -0.5887044 -0.0470108 0.02404816
v -0.5887044 -0.07193081 0.03842819
v -0.5887044 -0.05782078 0.05681808
v 0.2092955 -0.03981075 -0.07821182
v 0.2092955 -0.05674072 -0.06443176
v 0.1992956 -0.05674072 -0.06443176
v 0.1992956 -0.03981075 -0.07821182
v 0.1392955 -0.05407074 0.1175381
v 0.1392955 -0.05763077 0.1150082
v 0.1592955 -0.05875076 0.1144281
v 0.1592955 -0.05518074 0.1168982
v -0.5617945 -0.06889076 0.1763481
v -0.5569759 -0.06062195 0.1850504
v -0.5569237 -0.04571739 0.1897379
v -0.5617945 -0.0366608 0.1862781
v 0.1392955 -0.05141075 0.1200182
v 0.1592955 -0.05227077 0.1200882
v 0.1592955 -0.04972076 0.1241882
v 0.1392955 -0.04883076 0.1239981
v 0.2192955 0.004179268 0.3440381
v 0.2192955 -0.01947075 0.3640481
v 0.2192955 -0.06065079 0.3590082
v 0.2192955 -0.05115078 0.3395181
v 0.2392955 -0.05115078 0.3395181
v 0.2392955 0.004499245 0.08850815
v 0.2192955 0.006999245 0.07722809
v 0.2192955 -0.05115078 0.3395181
v 0.2192955 0.02301926 0.1919081
v 0.2192955 0.02660923 0.2142181
v 0.2392955 -0.09020073 0.3308581
v 0.2392955 -0.03455074 0.07984817
v 0.2392955 0.004499245 0.08850815
v 0.2392955 -0.05115078 0.3395181
v 0.1592955 -0.04972076 0.1241882
v 0.1592955 -0.04862076 0.1278682
v 0.1392955 -0.04740078 0.1284882
v 0.1392955 -0.04883076 0.1239981
v 0.1592955 -0.04818077 0.1321481
v 0.1392955 -0.04679077 0.1324382
v 0.1592955 -0.04854076 0.1364682
v 0.1392955 -0.04725075 0.1371382
v 0.1392955 -0.04679077 0.1324382
v 0.1392955 -0.02374073 0.1271681
v 0.1392955 -0.04883076 0.1239981
v 0.1392955 -0.04740078 0.1284882
v -0.00682451 0.08124924 0.352978
v 0.03217548 0.08049923 0.3494681
v 0.04559551 -0.04516075 0.2200981
v 0.0032955 -0.04637077 0.2255582
v -0.05039451 0.07977924 0.346058
v -0.02875451 0.08075921 0.3506981
v -0.04145949 -0.04565075 0.2223081
v -0.08648451 0.07695923 0.3327981
v -0.0534945 -0.04517075 0.2201581
v -0.09315449 -0.0429908 0.2102881
v -0.1077945 0.07452923 0.3213782
v -0.07369449 -0.04424076 0.215948
v -0.1267945 0.07185921 0.3087981
v -0.1077245 -0.04176079 0.2047681
v 0.0632855 0.07778923 0.3366981
v 0.08959549 0.07358921 0.3169681
v 0.08586551 -0.04167076 0.2043382
v 0.0967955 0.07244923 0.3115682
v -0.1455345 0.06865921 0.2937381
v -0.1180345 -0.0409008 0.2008681
v -0.5187044 -0.02505077 -0.05792191
v -0.5187044 -0.03747078 -0.04838181
v -0.5187044 -0.05869076 -0.06959183
v -0.5187044 -0.04005077 -0.08390183
v -0.5187044 -0.01834076 -0.09289185
v -0.5187044 -0.04005077 -0.08390183
v -0.5887044 -0.03943077 -0.08284195
v -0.5887044 -0.01802078 -0.09171189
v -0.5687044 -0.01811077 0.0801381
v -0.5887044 -0.01802078 0.07979813
v -0.5887044 -0.03943077 0.07092804
v -0.5687044 -0.03961079 0.07122818
v -0.5887044 -0.02505077 -0.05792191
v -0.5887044 -0.01057079 -0.0639119
v -0.5887044 -0.01802078 -0.09171189
v -0.5887044 -0.03943077 -0.08284195
v -0.5887044 -0.02505077 0.04600815
v -0.5887044 -0.03747078 0.03646805
v -0.5887044 -0.05782078 0.05681808
v -0.5887044 -0.03943077 0.07092804
v -0.5187045 -0.01282082 0.1631081
v -0.5187045 -0.03904079 0.1582481
v -0.5187045 0.03781918 0.146828
v -0.5187045 0.0387392 0.1529781
v -0.1477045 -0.03319077 0.190368
v -0.1417745 -0.0383308 0.1892981
v 0.1286255 -0.05956078 0.1832381
v 0.1107555 -0.03833076 0.1892981
v 0.1286255 -0.01653076 0.1927782
v 0.1372955 -0.01813076 0.1927081
v -0.5187045 -0.03904079 0.1582481
v -0.5187045 -0.01282082 0.1631081
v -0.4858545 -0.01595077 0.1929482
v -0.4858545 -0.0468108 0.1872281
v -0.5655845 -0.002910805 0.1835881
v -0.5655845 -0.03518078 0.1794582
v -0.5617945 -0.0366608 0.1862781
v -0.5617945 -0.003200798 0.1905681
v 0.2192955 -0.03205074 0.06857819
v 0.2192955 0.006999245 0.07722809
v 0.2392955 0.004499245 0.08850815
v 0.2392955 -0.03455074 0.07984817
v -0.5679145 -0.002600823 0.1760082
v -0.5679145 -0.03357079 0.1720381
v -0.5687044 -0.002270774 0.1681081
v -0.5687044 -0.03190079 0.1643181
v -0.5887044 -0.01057079 0.05199799
v -0.5887044 -0.02505077 0.04600815
v -0.5887044 -0.03943077 0.07092804
v -0.5887044 -0.01802078 0.07979813
v -0.5187044 -0.01057079 -0.06391174
v -0.5187044 -0.02505077 -0.05792191
v -0.5187044 -0.04005077 -0.08390183
v -0.5187044 -0.01834076 -0.09289185
v -0.1570445 0.06632923 0.2827881
v -0.1455345 0.06865921 0.2937381
v -0.1477045 -0.03319077 0.190368
v -0.1690545 -0.01363079 0.1931781
v 0.2153855 0.02279922 0.3816881
v 0.2153855 -0.02061077 0.3812582
v 0.2183055 -0.02006077 0.3728682
v 0.2183055 0.02240921 0.3732881
v 0.2192955 -0.01947075 0.3640481
v 0.2192955 0.02200924 0.3644581
v 0.2092955 -0.01992073 -0.08723176
v 0.1992956 -0.01992077 -0.08723176
v 0.1992956 0.001599235 -0.09089173
v 0.2092955 0.001599235 -0.09089173
v -0.5187044 0.004949226 -0.09595185
v -0.5187044 -0.01834076 -0.09289185
v -0.5887044 -0.01802078 -0.09171189
v -0.5887044 0.004949226 -0.09473191
v -0.5887044 -0.01057079 -0.0639119
v -0.5887044 0.004949226 -0.065952
v -0.5887044 0.004949226 -0.09473191
v -0.5887044 -0.01802078 -0.09171189
v 0.1276155 0.06473923 0.2752982
v 0.1535555 0.05533924 0.2310881
v 0.1592955 0.02675926 0.1928481
v 0.1286255 -0.01653076 0.1927782
v -0.5187045 0.01384922 0.1638081
v -0.5187045 -0.01282082 0.1631081
v -0.5187045 0.0387392 0.1529781
v -0.5187045 0.04029919 0.1603281
v -0.5887044 0.004949226 0.05404816
v -0.5887044 -0.01057079 0.05199799
v -0.5887044 -0.01802078 0.07979813
v -0.5887044 0.004949226 0.08281815
v -0.5187044 0.004949226 -0.065952
v -0.5187044 -0.01057079 -0.06391174
v -0.5187044 -0.01834076 -0.09289185
v -0.5187044 0.004949226 -0.09595185
v 0.1392955 -0.006680756 0.1417082
v 0.1392955 -0.00820076 0.1457982
v 0.1592955 -0.00676075 0.1457281
v 0.1592955 -0.005190735 0.1412682
v 0.2092955 0.0049543 -0.005956879
v 0.2092955 -0.01992073 -0.08723176
v 0.2092955 0.001599235 -0.09089173
v 0.1392955 -0.004470749 0.1379782
v 0.1592955 -0.003010788 0.1379982
v 0.1592955 0.0002192306 0.1344882
v 0.1392955 -0.00181076 0.1350482
v -0.5567745 0.0005392074 0.1967081
v -0.5616845 0.00754921 0.1905881
v -0.5617945 -0.003200798 0.1905681
v 0.1592955 -0.005190735 0.1412682
v 0.1592955 0.02531925 0.1684581
v 0.1592955 0.03106922 0.1520781
v 0.1592955 -0.003010788 0.1379982
v -0.5647045 0.01286919 0.1851032
v -0.5655845 -0.002910805 0.1835881
v -0.5617945 -0.003200798 0.1905681
v -0.5616845 0.00754921 0.1905881
v -0.5671345 0.0184692 0.1785082
v -0.5679145 -0.002600823 0.1760082
v 0.1592955 -0.003010788 0.1379982
v 0.1592955 0.03106922 0.1520781
v 0.1592955 0.0002192306 0.1344882
v 0.1592955 0.0002192306 0.1344882
v 0.1592955 0.003529244 0.1324182
v 0.1392955 0.002209243 0.1324782
v 0.1392955 -0.00181076 0.1350482
v -0.5529445 0.001319198 0.2004581
v -0.5532145 0.01102921 0.1986681
v -0.5616845 0.00754921 0.1905881
v -0.5567745 0.0005392074 0.1967081
v 0.2092955 0.0049543 -0.005956879
v 0.2092955 0.001599235 -0.09089173
v 0.2092955 0.02334923 -0.08894181
v 0.1592955 0.006089249 0.1312082
v 0.1392955 0.005859261 0.1308881
v 0.1392955 0.002209243 0.1324782
v 0.1592955 0.003529244 0.1324182
v 0.1592955 0.006089249 0.1312082
v 0.1592955 0.003529244 0.1324182
v 0.1592955 0.0002192306 0.1344882
v 0.1592955 0.03106922 0.1520781
v -0.1617345 0.06537922 0.2783281
v -0.1570445 0.06632923 0.2827881
v -0.1690545 -0.01363079 0.1931781
v -0.1869045 0.004199219 0.1940381
v -0.5887044 0.004949226 -0.065952
v -0.5887044 0.0204792 -0.0639119
v -0.5887044 0.02792923 -0.09171189
v -0.5887044 0.004949226 -0.09473191
v -0.5887044 0.0204792 0.05199799
v -0.5887044 0.004949226 0.05404816
v -0.5887044 0.004949226 0.08281815
v -0.5887044 0.02792923 0.07979813
v -0.5187044 0.02824924 -0.09289185
v -0.5187044 0.004949226 -0.09595185
v -0.5887044 0.004949226 -0.09473191
v -0.5887044 0.02792923 -0.09171189
v -0.5187044 0.0204792 -0.06391174
v -0.5187044 0.004949226 -0.065952
v -0.5187044 0.004949226 -0.09595185
v -0.5187044 0.02824924 -0.09289185
v -0.5529445 0.001319198 0.2004581
v -0.5216245 0.008019219 0.2291982
v -0.5217845 0.01763924 0.2273381
v -0.5532145 0.01102921 0.1986681
v 0.1592955 0.01070923 0.1301582
v 0.1392955 0.01054924 0.1301282
v 0.1392955 0.005859261 0.1308881
v 0.1592955 0.006089249 0.1312082
v 0.2192955 -0.05115078 0.3395181
v 0.2192955 0.006999245 0.07722809
v 0.2192955 0.02509926 0.1694081
v 0.2192955 0.02301926 0.1919081
v 0.2192955 0.06068924 0.08913819
v 0.2192955 0.05667927 0.1072182
v 0.2192955 0.04540924 0.1294283
v 0.1992956 0.02334923 -0.08894181
v 0.2092955 0.02334923 -0.08894181
v 0.2092955 0.001599235 -0.09089173
v 0.1992956 0.001599235 -0.09089173
v -0.5627845 0.01761921 0.1842581
v -0.5616845 0.00754921 0.1905881
v -0.5532145 0.01102921 0.1986681
v -0.5517645 0.02017921 0.1952382
v -0.5217845 0.01763924 0.2273381
v -0.5216245 0.008019219 0.2291982
v -0.4884845 0.0142292 0.2563381
v -0.4885745 0.02376923 0.2544281
v 0.1592955 0.006089249 0.1312082
v 0.1592955 0.03106922 0.1520781
v 0.1592955 0.04021923 0.1373181
v 0.1592955 0.01070923 0.1301582
v -0.5517645 0.02017921 0.1952382
v -0.5532145 0.01102921 0.1986681
v -0.5217845 0.01763924 0.2273381
v -0.5203645 0.0266592 0.2237882
v 0.1592955 0.04021923 0.1373181
v 0.1592955 0.05234924 0.1248882
v 0.1592955 0.03773926 0.1262381
v 0.1592955 0.01070923 0.1301582
v -0.5671345 0.0184692 0.1785082
v -0.5647045 0.01286919 0.1851032
v -0.5627845 0.01761921 0.1842581
v -0.5624945 0.01905918 0.183658
v -0.4858545 0.04653919 0.189678
v -0.4858545 0.0154192 0.1937682
v -0.5187045 0.01384922 0.1638081
v -0.5187045 0.04029919 0.1603281
v -0.1869045 0.004199219 0.1940381
v -0.1990945 0.01753921 0.1934781
v -0.1794245 0.06115921 0.2584882
v -0.1617345 0.06537922 0.2783281
v -0.5203645 0.0266592 0.2237882
v -0.5217845 0.01763924 0.2273381
v -0.4885745 0.02376923 0.2544281
v -0.4872045 0.03268921 0.2507681
v 0.2092955 0.0049543 -0.005956879
v 0.2092955 0.02334923 -0.08894181
v 0.2092955 0.04388927 -0.08151185
v -0.4884845 0.0142292 0.2563381
v -0.4535645 0.01996922 0.2818381
v -0.4536145 0.02945919 0.2798781
v -0.5595945 0.0260992 0.1793082
v -0.5624945 0.01905918 0.183658
v -0.5517645 0.02017921 0.1952382
v -0.5486945 0.02820919 0.190368
v -0.4139845 0.02567921 0.3073781
v -0.4139845 0.03511921 0.305388
v -0.5174445 0.03452919 0.218748
v -0.5887044 0.03494919 0.04600815
v -0.5887044 0.0204792 0.05199799
v -0.5887044 0.02792923 0.07979813
v -0.5887044 0.04933922 0.07092804
v -0.5187044 0.03494919 -0.05792191
v -0.5187044 0.0204792 -0.06391174
v -0.5187044 0.02824924 -0.09289185
v -0.5187044 0.04994923 -0.08390183
v 0.2192955 0.06132923 0.3605382
v 0.2192955 0.02200924 0.3644581
v 0.2192955 0.06097923 0.3538281
v 0.2167455 0.0603492 0.3748881
v 0.2153855 0.02279922 0.3816881
v 0.2183055 0.02240921 0.3732881
v 0.2177655 0.06079922 0.3716981
v 0.2192955 0.02301926 0.1919081
v 0.1592955 0.02301926 0.1919081
v 0.1592955 0.02660923 0.2142181
v 0.2192955 0.02660923 0.2142181
v 0.2125955 0.05840923 0.3833682
v 0.2095555 0.05693924 0.3875981
v 0.2106855 0.02314926 0.389228
v 0.2092955 0.04388927 -0.08151185
v 0.2092955 0.02334923 -0.08894181
v 0.1992956 0.02334923 -0.08894181
v 0.1992955 0.04388927 -0.08151185
v 0.2019055 0.05314922 0.3949681
v 0.2044255 0.02343922 0.3955481
v -0.4872045 0.03268921 0.2507681
v -0.4885745 0.02376923 0.2544281
v -0.4536145 0.02945919 0.2798781
v -0.4523045 0.03829918 0.2761182
v -0.5555445 0.03185921 0.1740881
v -0.5595945 0.0260992 0.1793082
v -0.5486945 0.02820919 0.190368
v -0.5441945 0.03463921 0.1843681
v -0.4139845 0.03511921 0.305388
v -0.4139845 0.02567921 0.3073781
v -0.3760745 0.03043922 0.3288681
v -0.3760645 0.0398492 0.3268481
v 0.1592955 0.02859924 0.2266182
v 0.2192955 0.02859924 0.2266182
v -0.5174445 0.03452919 0.218748
v -0.5203645 0.0266592 0.2237882
v -0.4844545 0.04043919 0.245558
v 0.1592955 0.02928925 0.2307881
v 0.2192955 0.02904926 0.2318681
v 0.2192955 0.02904926 0.2318681
v 0.2192955 0.03491924 0.2311981
v -0.5887044 0.0204792 -0.0639119
v -0.5887044 0.03494919 -0.05792191
v -0.5887044 0.04933922 -0.08284195
v -0.5887044 0.02792923 -0.09171189
v -0.5687044 0.0495192 0.07122818
v -0.5887044 0.04933922 0.07092804
v -0.5887044 0.02792923 0.07979813
v -0.5687044 0.02801922 0.0801381
v -0.5687044 0.0495192 0.07122818
v -0.5687044 0.02801922 0.0801381
v -0.5687044 0.05342922 0.1049281
v -0.5687044 0.06289921 0.09812806
v -0.5441945 0.03463921 0.1843681
v -0.5486945 0.02820919 0.190368
v -0.5174445 0.03452919 0.218748
v -0.5132045 0.04078922 0.2125182
v -0.5187044 0.04994923 -0.08390183
v -0.5187044 0.02824924 -0.09289185
v -0.5887044 0.02792923 -0.09171189
v -0.5887044 0.04933922 -0.08284195
v 0.2192955 0.02509926 0.1694081
v 0.2192955 0.03271923 0.1481381
v 0.1992955 0.03271923 0.1481381
v 0.1992955 0.02531925 0.1684581
v -0.5555445 0.03185921 0.1740881
v -0.5505445 0.03606918 0.1682481
v -0.5624945 0.03342918 0.159588
v -0.5687045 0.02863922 0.1633782
v 0.2181755 0.04145924 0.2302681
v 0.1592955 0.02928925 0.2307881
v 0.2115855 0.05048923 0.2285782
v 0.2056855 0.05357925 0.2278482
v 0.1592955 0.05443924 0.2268382
v 0.1992955 0.05457924 0.2275182
v 0.2037755 0.05409924 0.2277081
v -0.4523045 0.03829918 0.2761182
v -0.4536145 0.02945919 0.2798781
v -0.4139845 0.03511921 0.305388
v -0.4127745 0.0438792 0.3015282
v 0.1992955 0.03106922 0.1520781
v 0.1992955 0.04021923 0.1373181
v 0.1592955 0.04021923 0.1373181
v 0.1592955 0.03106922 0.1520781
v 0.2092955 0.0049543 -0.005956879
v 0.2092955 0.04388927 -0.08151185
v 0.2092955 0.06184925 -0.06910187
v -0.3760745 0.03043922 0.3288681
v -0.3369945 0.0347192 0.348278
v -0.3369645 0.0440992 0.346228
v -0.3760645 0.0398492 0.3268481
v -0.4844545 0.04043919 0.245558
v -0.4872045 0.03268921 0.2507681
v -0.4497445 0.04594917 0.2707581
v 0.2192955 0.04540924 0.1294283
v 0.1992955 0.04540924 0.1294283
v -0.5132045 0.04078922 0.2125182
v -0.5174445 0.03452919 0.218748
v -0.4804845 0.04657921 0.2391281
v -0.5441945 0.03463921 0.1843681
v -0.5385245 0.03905918 0.1775881
v -0.5078845 0.0450692 0.2054881
v -0.5887044 0.0482692 0.03555801
v -0.5887044 0.03494919 0.04600815
v -0.5887044 0.04933922 0.07092804
v -0.5887044 0.06772922 0.05681808
v -0.5187044 0.04737923 -0.04838181
v -0.5187044 0.03494919 -0.05792191
v -0.5187044 0.04994923 -0.08390183
v -0.5187044 0.06858921 -0.06959183
v -0.4127745 0.0438792 0.3015282
v -0.4139845 0.03511921 0.305388
v -0.3760645 0.0398492 0.3268481
v -0.3749445 0.04855919 0.3228981
v -0.5624945 0.03342918 0.159588
v -0.5569645 0.03640919 0.1541681
v -0.5687044 0.03729923 0.1352582
v -0.5187045 0.03781918 0.146828
v -0.5187045 0.03815922 0.1353781
v -0.5523545 0.0377692 0.1496481
v -0.3369945 0.0347192 0.348278
v -0.2967745 0.03851921 0.3655881
v -0.2967345 0.04787918 0.3635181
v -0.3369645 0.0440992 0.346228
v -0.4497445 0.04594917 0.2707581
v -0.4523045 0.03829918 0.2761182
v -0.4127745 0.0438792 0.3015282
v -0.4104245 0.0514492 0.2960181
v -0.2554245 0.04184921 0.3807681
v -0.2553945 0.05118923 0.378668
v -0.5505445 0.03606918 0.1682481
v -0.5385245 0.03905918 0.1775881
v -0.5320345 0.04119923 0.1704581
v -0.5448245 0.03852921 0.1620781
v -0.5078845 0.0450692 0.2054881
v -0.5018245 0.0470892 0.1980681
v 0.2187955 0.06532921 0.3528981
v 0.2192955 0.06097923 0.3538281
v 0.2192955 0.03491924 0.2311981
v 0.2187355 0.03955921 0.2305582
v -0.3749445 0.04855919 0.3228981
v -0.3760645 0.0398492 0.3268481
v -0.3359645 0.05275921 0.3422182
v -0.5251345 0.04094921 0.1633981
v -0.4953745 0.04674919 0.1906981
v -0.4858545 0.04653919 0.189678
v -0.5187045 0.04029919 0.1603281
v -0.4804845 0.04657921 0.2391281
v -0.4844545 0.04043919 0.245558
v -0.4497445 0.04594917 0.2707581
v -0.4460545 0.05198917 0.2641382
v -0.5078845 0.0450692 0.2054881
v -0.5132045 0.04078922 0.2125182
v -0.4755345 0.05072922 0.2318482
v -0.5251345 0.04094921 0.1633981
v -0.5320345 0.04119923 0.1704581
v -0.5018245 0.0470892 0.1980681
v -0.4953745 0.04674919 0.1906981
v -0.2114745 0.05121922 0.2117282
v -0.1991245 0.0554092 0.2314381
v -0.1990945 0.01753921 0.1934781
v -0.2231445 0.04653923 0.189678
v -0.2553945 0.05118923 0.378668
v -0.2554245 0.04184921 0.3807681
v -0.2129845 0.04467922 0.3937482
v -0.2129545 0.05400921 0.3916382
v -0.4104245 0.0514492 0.2960181
v -0.4127745 0.0438792 0.3015282
v -0.3749445 0.04855919 0.3228981
v -0.3728045 0.05605923 0.3172781
v 0.1992955 0.06184925 -0.06910187
v 0.2092955 0.06184925 -0.06910187
v 0.2092955 0.04388927 -0.08151185
v 0.1992955 0.04388927 -0.08151185
v -0.3359645 0.05275921 0.3422182
v -0.3369645 0.0440992 0.346228
v -0.2967345 0.04787918 0.3635181
v -0.2958445 0.05650921 0.3594382
v 0.1992955 0.04540924 0.1294283
v 0.1992955 0.05234924 0.1248882
v 0.1992955 0.04021923 0.1373181
v 0.1592955 0.04021923 0.1373181
v 0.1992955 0.04021923 0.1373181
v 0.1992955 0.05234924 0.1248882
v 0.1592955 0.05234924 0.1248882
v -0.5018245 0.0470892 0.1980681
v -0.5078845 0.0450692 0.2054881
v -0.4755345 0.05072922 0.2318482
v -0.4698945 0.05264919 0.224158
v 0.2192955 0.05244923 0.1190381
v 0.1992955 0.05244923 0.1190381
v 0.1992955 0.04540924 0.1294283
v 0.2192955 0.04540924 0.1294283
v -0.5187045 0.04647922 0.1141981
v -0.5187045 0.0540192 0.105578
v -0.5687044 0.05342922 0.1049281
v -0.5687044 0.0457592 0.1136981
v -0.4460545 0.05198917 0.2641382
v -0.4497445 0.04594917 0.2707581
v -0.4104245 0.0514492 0.2960181
v -0.4070645 0.05738922 0.289198
v -0.2129845 0.04467922 0.3937482
v -0.1814945 0.04642921 0.401768
v -0.1812645 0.05575924 0.399698
v -0.2129545 0.05400921 0.3916382
v -0.4307245 0.05738922 0.2407282
v -0.4858545 0.04653919 0.189678
v -0.4953745 0.04674919 0.1906981
v -0.4638945 0.05223919 0.2164981
v -0.3931145 0.06254921 0.2650081
v -0.2231445 0.04653923 0.189678
v -0.2114745 0.05121922 0.2117282
v -0.3571045 0.06688919 0.2854381
v -0.4755345 0.05072922 0.2318482
v -0.4804845 0.04657921 0.2391281
v -0.4460545 0.05198917 0.2641382
v -0.4414745 0.0560392 0.256618
v -0.4953745 0.04674919 0.1906981
v -0.5018245 0.0470892 0.1980681
v -0.4698945 0.05264919 0.224158
v -0.4638945 0.05223919 0.2164981
v -0.5887044 0.03494919 -0.05792191
v -0.5887044 0.04737923 -0.04838181
v -0.5887044 0.06772922 -0.06873184
v -0.5887044 0.04933922 -0.08284195
v -0.5187044 0.05691921 -0.03595184
v -0.5187044 0.04737923 -0.04838181
v -0.5187044 0.06858921 -0.06959183
v -0.5187044 0.08289921 -0.05095184
v -0.2958445 0.05650921 0.3594382
v -0.2967345 0.04787918 0.3635181
v -0.2553945 0.05118923 0.378668
v -0.2546145 0.05977921 0.3745381
v -0.3728045 0.05605923 0.3172781
v -0.3749445 0.04855919 0.3228981
v -0.3359645 0.05275921 0.3422182
v -0.3340345 0.0602092 0.336468
v 0.2117655 0.07627922 0.3505681
v 0.2149355 0.07317921 0.3512282
v 0.2149455 0.04722923 0.2292381
v 0.2115855 0.05048923 0.2285782
v 0.08235548 0.05022922 0.4191881
v 0.1274555 0.04898922 0.4134881
v 0.1283255 0.05826923 0.4112381
v 0.08234551 0.05952923 0.4170581
v -0.5687044 0.0679792 0.05706818
v -0.5887044 0.06772922 0.05681808
v -0.5887044 0.04933922 0.07092804
v -0.5687044 0.0495192 0.07122818
v -0.09464451 0.05907921 0.4149881
v -0.1381345 0.05767921 0.4085181
v -0.1381645 0.04836922 0.4106482
v -0.09466451 0.04977921 0.4171281
v -0.5187044 0.06858921 -0.06959183
v -0.5187044 0.04994923 -0.08390183
v -0.5887044 0.04933922 -0.08284195
v -0.5887044 0.06772922 -0.06873184
v 0.03771549 0.05090919 0.4223181
v 0.08235548 0.05022922 0.4191881
v 0.08234551 0.05952923 0.4170581
v 0.03770549 0.0602092 0.4201681
v -0.09466451 0.04977921 0.4171281
v -0.05083451 0.05067921 0.4212381
v -0.05082451 0.05996922 0.4190982
v -0.09464451 0.05907921 0.4149881
v -0.00669452 0.05105923 0.422978
v -0.00669452 0.0603492 0.420838
v -0.4698945 0.05264919 0.224158
v -0.4755345 0.05072922 0.2318482
v -0.4414745 0.0560392 0.256618
v -0.4362645 0.05787922 0.2486681
v -0.2546145 0.05977921 0.3745381
v -0.2553945 0.05118923 0.378668
v -0.2129545 0.05400921 0.3916382
v -0.2122945 0.06257923 0.3874681
v -0.4070645 0.05738922 0.289198
v -0.4104245 0.0514492 0.2960181
v -0.3728045 0.05605923 0.3172781
v -0.3697545 0.06192921 0.310278
v -0.4460545 0.05198917 0.2641382
v -0.4028945 0.06134922 0.2814481
v 0.2192955 0.05667927 0.1072182
v 0.1992955 0.05667927 0.1072182
v 0.1992955 0.05244923 0.1190381
v 0.2192955 0.05244923 0.1190381
v -0.4638945 0.05223919 0.2164981
v -0.4307245 0.05738922 0.2407282
v -0.3340345 0.0602092 0.336468
v -0.3359645 0.05275921 0.3422182
v -0.2958445 0.05650921 0.3594382
v -0.2941445 0.06390923 0.353598
v -0.5187045 0.0540192 0.105578
v -0.5187045 0.06331921 0.0988881
v -0.5687044 0.06289921 0.09812806
v -0.5687044 0.05342922 0.1049281
v -0.2122945 0.06257923 0.3874681
v -0.2129545 0.05400921 0.3916382
v -0.1812645 0.05575924 0.399698
v -0.1807045 0.06431919 0.395498
v 0.2095555 0.05693924 0.3875981
v 0.2082855 0.05917923 0.3884881
v 0.2009455 0.05439922 0.395388
v 0.2019055 0.05314922 0.3949681
v 0.1999155 0.05563923 0.3957081
v 0.2067555 0.06135921 0.3891281
v 0.1992955 0.08053925 0.3496681
v 0.2037455 0.08004921 0.3497681
v 0.2037755 0.05409924 0.2277081
v 0.1992955 0.05457924 0.2275182
v 0.1592955 0.05234924 0.1248882
v 0.1992955 0.05234924 0.1248882
v 0.1997097 0.08007695 0.1064673
v 0.1597099 0.0801957 0.1065353
v 0.1976855 0.05801922 0.3959881
v 0.1964955 0.05913925 0.3959581
v 0.1930255 0.05544922 0.3982881
v 0.1955755 0.05525925 0.3977782
v -0.2114745 0.05121922 0.2117282
v -0.3571045 0.06688919 0.2854381
v -0.3199845 0.07080921 0.3038881
v -0.1991245 0.0554092 0.2314381
v 0.2067555 0.06135921 0.3891281
v 0.2050055 0.06340923 0.3894981
v 0.1988355 0.05684921 0.3959082
v 0.1999155 0.05563923 0.3957081
v -0.1807045 0.06431919 0.395498
v -0.1812645 0.05575924 0.399698
v -0.1381345 0.05767921 0.4085181
v -0.1377045 0.06621922 0.4042781
v -0.4362645 0.05787922 0.2486681
v -0.4414745 0.0560392 0.256618
v -0.4028945 0.06134922 0.2814481
v -0.3981545 0.06310921 0.2732282
v -0.3697545 0.06192921 0.310278
v -0.3728045 0.05605923 0.3172781
v -0.3340345 0.0602092 0.336468
v -0.3312945 0.06601921 0.3293281
v -0.1991245 0.0554092 0.2314381
v -0.3199845 0.07080921 0.3038881
v -0.2817645 0.0743092 0.320348
v -0.2941445 0.06390923 0.353598
v -0.2958445 0.05650921 0.3594382
v -0.2546145 0.05977921 0.3745381
v -0.2531445 0.06714924 0.3686081
v 0.2050055 0.06340923 0.3894981
v 0.2030455 0.06531921 0.3895882
v 0.1976855 0.05801922 0.3959881
v 0.1988355 0.05684921 0.3959082
v -0.5887044 0.04737923 -0.04838181
v -0.5887044 0.05691921 -0.03595184
v -0.5887044 0.08183922 -0.05034195
v -0.5887044 0.06772922 -0.06873184
v -0.5887044 0.06301922 0.009158173
v -0.5887044 0.05691921 0.02404816
v -0.5887044 0.08183918 0.03842819
v -0.5887044 0.09070923 0.01701813
v -0.5187044 0.0629092 -0.02148193
v -0.5187044 0.05691921 -0.03595184
v -0.5187044 0.08289921 -0.05095184
v -0.5187044 0.09188923 -0.02925186
v -0.5187045 0.0482692 0.03555801
v -0.5187044 0.05691921 0.02404816
v -0.5187045 0.08289921 0.039048
v -0.5187045 0.06858921 0.05768799
v 0.1952655 0.06021923 0.3958081
v 0.1711355 0.06509922 0.3990881
v 0.1716455 0.05653923 0.4032982
v 0.1930255 0.05544922 0.3982881
v -0.4028945 0.06134922 0.2814481
v -0.4070645 0.05738922 0.289198
v -0.3697545 0.06192921 0.310278
v -0.3659645 0.06581921 0.3023381
v 0.2125955 0.05840923 0.3833682
v 0.2113155 0.0611692 0.3844581
v 0.2082855 0.05917923 0.3884881
v 0.2095555 0.05693924 0.3875981
v -0.1377045 0.06621922 0.4042781
v -0.1381345 0.05767921 0.4085181
v -0.09464451 0.05907921 0.4149881
v -0.09434452 0.06760921 0.4107281
v -0.4307245 0.05738922 0.2407282
v -0.4362645 0.05787922 0.2486681
v -0.3981545 0.06310921 0.2732282
v -0.3931145 0.06254921 0.2650081
v 0.2092955 0.06193924 0.08349823
v 0.1992955 0.05667927 0.1072182
v 0.2192955 0.05667927 0.1072182
v 0.2192955 0.06068924 0.08913819
v 0.1992955 0.06509922 0.06923813
v 0.2092955 0.06507923 0.06934814
v 0.2030455 0.06531921 0.3895882
v 0.2009355 0.06703922 0.3893982
v 0.1964955 0.05913925 0.3959581
v 0.1976855 0.05801922 0.3959881
v 0.1279455 0.06680923 0.4069981
v 0.1283255 0.05826923 0.4112381
v -0.05082451 0.05996922 0.4190982
v -0.05065451 0.06849918 0.4148181
v 0.2067555 0.06135921 0.3891281
v 0.2096355 0.0638092 0.3852281
v 0.0821055 0.0680592 0.4127881
v 0.08234551 0.05952923 0.4170581
v 0.2156555 0.06404922 0.3761182
v 0.2167455 0.0603492 0.3748881
v -0.2531445 0.06714924 0.3686081
v -0.2546145 0.05977921 0.3745381
v -0.2122945 0.06257923 0.3874681
v -0.2110745 0.0699192 0.3814581
v -0.00669452 0.0603492 0.420838
v -0.00666451 0.06886921 0.4165581
v 0.03759548 0.06872921 0.415888
v 0.03770549 0.0602092 0.4201681
v -0.3312945 0.06601921 0.3293281
v -0.3340345 0.0602092 0.336468
v -0.2941445 0.06390923 0.353598
v -0.2917245 0.06966919 0.346318
v 0.2177655 0.06079922 0.3716981
v 0.2167855 0.06480923 0.3728781
v -0.1991245 0.0554092 0.2314381
v -0.2817645 0.0743092 0.320348
v -0.2424945 0.07737923 0.3347681
v -0.1794245 0.06115921 0.2584882
v 0.2096355 0.0638092 0.3852281
v 0.2113155 0.0611692 0.3844581
v 0.2156555 0.06404922 0.3761182
v 0.2138455 0.06754921 0.377008
v 0.2192955 0.06132923 0.3605382
v 0.2188455 0.06551926 0.3609982
v 0.2167855 0.06480923 0.3728781
v 0.2177655 0.06079922 0.3716981
v -0.3981545 0.06310921 0.2732282
v -0.4028945 0.06134922 0.2814481
v -0.3659645 0.06581921 0.3023381
v -0.3616645 0.06750919 0.2938881
v 0.2075955 0.06627922 0.3856682
v 0.2050055 0.06340923 0.3894981
v 0.2067555 0.06135921 0.3891281
v 0.2192955 0.06097923 0.3538281
v 0.2187955 0.06532921 0.3528981
v 0.2092955 0.07605926 -0.05253189
v 0.2092955 0.06184925 -0.06910187
v 0.1992955 0.06184925 -0.06910187
v 0.1992955 0.07605926 -0.05253189
v -0.3697545 0.06192921 0.310278
v -0.3312945 0.06601921 0.3293281
v -0.3279045 0.0698492 0.321208
v -0.2110745 0.0699192 0.3814581
v -0.2122945 0.06257923 0.3874681
v -0.1807045 0.06431919 0.395498
v -0.1796545 0.07163921 0.3894382
v -0.5187045 0.06331921 0.0988881
v -0.5187045 0.07725922 0.08981812
v -0.5687044 0.0767292 0.08911805
v -0.5687044 0.06289921 0.09812806
v -0.5887044 0.05691921 -0.03595184
v -0.5887044 0.0629092 -0.02148193
v -0.5887044 0.09070923 -0.02893188
v -0.5887044 0.08183922 -0.05034195
v -0.5187044 0.06494923 -0.005951843
v -0.5187044 0.0629092 -0.02148193
v -0.5187044 0.09188923 -0.02925186
v -0.5187044 0.09494923 -0.005951843
v -0.3931145 0.06254921 0.2650081
v -0.3981545 0.06310921 0.2732282
v -0.3616645 0.06750919 0.2938881
v -0.3571045 0.06688919 0.2854381
v -0.5187045 0.07725922 0.08981812
v -0.5187045 0.06331921 0.0988881
v -0.5187045 0.06858921 0.05768799
v -0.5187045 0.08980919 0.07889801
v 0.2075955 0.06627922 0.3856682
v 0.2052555 0.06849922 0.3857582
v 0.2030455 0.06531921 0.3895882
v 0.2050055 0.06340923 0.3894981
v 0.1964955 0.05913925 0.3959581
v 0.2009355 0.06703922 0.3893982
v 0.1986955 0.06852924 0.3889282
v 0.1952655 0.06021923 0.3958081
v 0.2138455 0.06754921 0.377008
v 0.2113855 0.07071922 0.3775281
v 0.2096355 0.0638092 0.3852281
v -0.2917245 0.06966919 0.346318
v -0.2941445 0.06390923 0.353598
v -0.2531445 0.06714924 0.3686081
v -0.2510645 0.07285919 0.3612181
v 0.2156555 0.06404922 0.3761182
v 0.2167855 0.06480923 0.3728781
v 0.2149655 0.06859924 0.3737482
v -0.1796545 0.07163921 0.3894382
v -0.1807045 0.06431919 0.395498
v -0.1377045 0.06621922 0.4042781
v -0.1369045 0.07351921 0.3981781
v -0.5887044 0.0629092 -0.02148193
v -0.5887044 0.06494923 -0.005951843
v -0.5887044 0.09372921 -0.005951843
v -0.5887044 0.09070923 -0.02893188
v -0.5187044 0.06301922 0.009158173
v -0.5187044 0.06494923 -0.005951843
v -0.5187044 0.09494923 -0.005951843
v -0.5187045 0.09188923 0.0173381
v 0.1952655 0.06021923 0.3958081
v 0.1986955 0.06852924 0.3889282
v 0.1701755 0.07239922 0.3930081
v 0.1711355 0.06509922 0.3990881
v 0.1992955 0.06951923 0.04932816
v 0.1992955 0.06509922 0.06923813
v 0.2092955 0.06507923 0.06934814
v 0.2092955 0.06951923 0.04932816
v 0.2052555 0.06849922 0.3857582
v 0.2026655 0.07041923 0.3855081
v 0.2009355 0.06703922 0.3893982
v 0.2030455 0.06531921 0.3895882
v -0.3616645 0.06750919 0.2938881
v -0.3659645 0.06581921 0.3023381
v -0.3279045 0.0698492 0.321208
v -0.3240645 0.07147919 0.3125581
v 0.2149655 0.06859924 0.3737482
v 0.2167855 0.06480923 0.3728781
v 0.2188455 0.06551926 0.3609982
v 0.2167955 0.07073925 0.3615581
v -0.3312945 0.06601921 0.3293281
v -0.2917245 0.06966919 0.346318
v -0.2887445 0.07343918 0.3380281
v -0.1369045 0.07351921 0.3981781
v -0.1377045 0.06621922 0.4042781
v -0.09434452 0.06760921 0.4107281
v -0.09379452 0.07488922 0.4045781
v 0.2113855 0.07071922 0.3775281
v 0.2083755 0.07341923 0.3776581
v 0.2075955 0.06627922 0.3856682
v -0.1617345 0.06537922 0.2783281
v -0.2424945 0.07737923 0.3347681
v -0.2021745 0.0799992 0.3471181
v -0.1570445 0.06632923 0.2827881
v 0.1711355 0.06509922 0.3990881
v 0.1701755 0.07239922 0.3930081
v 0.1272355 0.0740992 0.4008681
v 0.1279455 0.06680923 0.4069981
v -0.2510645 0.07285919 0.3612181
v -0.2531445 0.06714924 0.3686081
v -0.2110745 0.0699192 0.3814581
v -0.2093345 0.07558922 0.3739581
v -0.3571045 0.06688919 0.2854381
v -0.3616645 0.06750919 0.2938881
v -0.3240645 0.07147919 0.3125581
v -0.3199845 0.07080921 0.3038881
v 0.2149655 0.06859924 0.3737482
v 0.2123855 0.07199924 0.3742781
v 0.2113855 0.07071922 0.3775281
v 0.2138455 0.06754921 0.377008
v -0.05065451 0.06849918 0.4148181
v -0.05034451 0.0757692 0.4086581
v -0.09379452 0.07488922 0.4045781
v -0.09434452 0.06760921 0.4107281
v -0.5687044 0.08918919 0.07827805
v -0.5687044 0.0679792 0.05706818
v -0.5687044 0.0495192 0.07122818
v -0.5687044 0.0767292 0.08911805
v -0.5187045 0.06858921 0.05768799
v -0.5187045 0.08289921 0.039048
v -0.5887044 0.08183918 0.03842819
v -0.5687044 0.0679792 0.05706818
v 0.1279455 0.06680923 0.4069981
v 0.1272355 0.0740992 0.4008681
v 0.0816555 0.07532921 0.4066281
v 0.0821055 0.0680592 0.4127881
v -0.00666451 0.06886921 0.4165581
v -0.00660451 0.07613922 0.4103781
v -0.05034451 0.0757692 0.4086581
v -0.05065451 0.06849918 0.4148181
v 0.2083755 0.07341923 0.3776581
v 0.2049555 0.0755492 0.3773881
v 0.2026655 0.07041923 0.3855081
v 0.2052555 0.06849922 0.3857582
v 0.2009355 0.06703922 0.3893982
v 0.1999055 0.07198921 0.3849081
v 0.1986955 0.06852924 0.3889282
v -0.5187044 0.08289921 -0.05095184
v -0.5187044 0.06858921 -0.06959183
v -0.5887044 0.06772922 -0.06873184
v -0.5887044 0.08183922 -0.05034195
v -0.5187045 0.08980919 0.07889801
v -0.5187045 0.06858921 0.05768799
v -0.5687044 0.0679792 0.05706818
v -0.5687044 0.08918919 0.07827805
v -0.1570445 0.06632923 0.2827881
v -0.2021745 0.0799992 0.3471181
v -0.1720645 0.08162922 0.354788
v -0.1455345 0.06865921 0.2937381
v 0.0821055 0.0680592 0.4127881
v 0.0816555 0.07532921 0.4066281
v 0.03740549 0.07599922 0.409718
v 0.03759548 0.06872921 0.415888
v -0.00660451 0.07613922 0.4103781
v -0.00666451 0.06886921 0.4165581
v -0.2887445 0.07343918 0.3380281
v -0.2917245 0.06966919 0.346318
v -0.2510645 0.07285919 0.3612181
v -0.2484945 0.0765892 0.3527782
v -0.3240645 0.07147919 0.3125581
v -0.3279045 0.0698492 0.321208
v -0.2853545 0.07501919 0.3292081
v -0.2093345 0.07558922 0.3739581
v -0.2110745 0.0699192 0.3814581
v -0.1796545 0.07163921 0.3894382
v -0.1781745 0.0772892 0.381878
v 0.2167955 0.07073925 0.3615581
v 0.2153655 0.07316925 0.3618181
v 0.2123855 0.07199924 0.3742781
v 0.2149655 0.06859924 0.3737482
v 0.2049555 0.0755492 0.3773881
v 0.2010555 0.07632923 0.3778381
v 0.1999055 0.07198921 0.3849081
v 0.2026655 0.07041923 0.3855081
v 0.2149355 0.07317921 0.3512282
v 0.2173155 0.06946926 0.3520181
v 0.2091655 0.07483921 0.3744281
v 0.2083755 0.07341923 0.3776581
v 0.2113855 0.07071922 0.3775281
v 0.1986955 0.06852924 0.3889282
v 0.1701755 0.07239922 0.3930081
v -0.3199845 0.07080921 0.3038881
v -0.2817645 0.0743092 0.320348
v -0.1369045 0.07351921 0.3981781
v -0.1357645 0.07914921 0.3905481
v 0.1688255 0.0780492 0.3854181
v 0.1276155 0.06473923 0.2752982
v 0.0967955 0.07244923 0.3115682
v 0.1632555 0.08235924 0.3582081
v 0.1992955 0.08053925 0.3496681
v -0.2484945 0.0765892 0.3527782
v -0.2510645 0.07285919 0.3612181
v -0.2093345 0.07558922 0.3739581
v -0.2071845 0.07928921 0.3654082
v 0.2091655 0.07483921 0.3744281
v 0.2054555 0.07699924 0.3742181
v 0.2049555 0.0755492 0.3773881
v 0.2083755 0.07341923 0.3776581
v -0.2853545 0.07501919 0.3292081
v -0.2887445 0.07343918 0.3380281
v -0.2455845 0.07812923 0.3437981
v 0.2149355 0.07317921 0.3512282
v 0.2117655 0.07627922 0.3505681
v 0.2124855 0.07626923 0.3621481
v 0.2153655 0.07316925 0.3618181
v -0.1357645 0.07914921 0.3905481
v -0.1369045 0.07351921 0.3981781
v -0.09379452 0.07488922 0.4045781
v -0.09300452 0.08050919 0.3969081
v 0.0967955 0.07244923 0.3115682
v 0.08959549 0.07358921 0.3169681
v 0.1220955 0.08396924 0.3657681
v 0.1632555 0.08235924 0.3582081
v 0.1701755 0.07239922 0.3930081
v 0.1688255 0.0780492 0.3854181
v 0.1262255 0.07971924 0.3932281
v 0.1272355 0.0740992 0.4008681
v 0.2124855 0.07626923 0.3621481
v 0.2123855 0.07199924 0.3742781
v 0.2153655 0.07316925 0.3618181
v -0.1310945 0.08341923 0.3631781
v -0.1077945 0.07452923 0.3213782
v -0.1267945 0.07185921 0.3087981
v -0.1720645 0.08162922 0.354788
v -0.08976451 0.08471924 0.3693281
v -0.08648451 0.07695923 0.3327981
v -0.05034451 0.0757692 0.4086581
v -0.04991451 0.08136921 0.400948
v -0.09300452 0.08050919 0.3969081
v -0.09379452 0.07488922 0.4045781
v -0.2817645 0.0743092 0.320348
v -0.2853545 0.07501919 0.3292081
v -0.2455845 0.07812923 0.3437981
v -0.2424945 0.07737923 0.3347681
v 0.1272355 0.0740992 0.4008681
v 0.1262255 0.07971924 0.3932281
v 0.0810155 0.08093922 0.3989381
v 0.0816555 0.07532921 0.4066281
v 0.2010555 0.07632923 0.3778381
v 0.2049555 0.0755492 0.3773881
v 0.2054555 0.07699924 0.3742181
v 0.2014255 0.07836922 0.3736282
v -0.2071845 0.07928921 0.3654082
v -0.2093345 0.07558922 0.3739581
v -0.1781745 0.0772892 0.381878
v -0.1763345 0.08095921 0.3732582
v -0.00660451 0.07613922 0.4103781
v -0.00652451 0.08173924 0.4026581
v 0.0371255 0.08159924 0.4019981
v 0.03740549 0.07599922 0.409718
v 0.2090255 0.07869923 0.3624081
v 0.2091655 0.07483921 0.3744281
v 0.2123855 0.07199924 0.3742781
v 0.2124855 0.07626923 0.3621481
v -0.2484945 0.0765892 0.3527782
v -0.2047545 0.08077919 0.3562881
v 0.2117655 0.07627922 0.3505681
v 0.2079755 0.07860924 0.3500781
v -0.5187045 0.07725922 0.08981812
v -0.5187045 0.08980919 0.07889801
v -0.5687044 0.08918919 0.07827805
v -0.5687044 0.0767292 0.08911805
v 0.2092955 0.07682922 0.03814819
v 0.2092955 0.08146924 0.03105804
v 0.1992955 0.08146924 0.03105804
v 0.1992955 0.07692921 0.0379982
v 0.1688255 0.0780492 0.3854181
v 0.2010555 0.07632923 0.3778381
v 0.2014255 0.07836922 0.3736282
v 0.1671555 0.08170926 0.3767581
v -0.1763345 0.08095921 0.3732582
v -0.1781745 0.0772892 0.381878
v -0.1357645 0.07914921 0.3905481
v -0.1343645 0.08278923 0.3818381
v 0.08959549 0.07358921 0.3169681
v 0.0632855 0.07778923 0.3366981
v 0.07840549 0.08513924 0.3712981
v 0.1220955 0.08396924 0.3657681
v -0.2424945 0.07737923 0.3347681
v -0.2455845 0.07812923 0.3437981
v -0.2047545 0.08077919 0.3562881
v -0.2021745 0.0799992 0.3471181
v 0.2051155 0.0803492 0.362588
v 0.2054555 0.07699924 0.3742181
v 0.2091655 0.07483921 0.3744281
v 0.2090255 0.07869923 0.3624081
v 0.2092955 0.08557923 -0.03287186
v 0.2092955 0.07605926 -0.05253189
v 0.1992955 0.07605926 -0.05253189
v 0.1992955 0.08557923 -0.03287186
v -0.1343645 0.08278923 0.3818381
v -0.1357645 0.07914921 0.3905481
v -0.09300452 0.08050919 0.3969081
v -0.09203452 0.08412922 0.388128
v 0.07840549 0.08513924 0.3712981
v 0.0632855 0.07778923 0.3366981
v 0.03217548 0.08049923 0.3494681
v 0.03598548 0.0857692 0.3742581
v -0.2047545 0.08077919 0.3562881
v -0.2071845 0.07928921 0.3654082
v -0.1763345 0.08095921 0.3732582
v -0.1742645 0.0824292 0.3640481
v -0.04812451 0.0855592 0.3732381
v -0.05039451 0.07977924 0.346058
v -0.08648451 0.07695923 0.3327981
v -0.08976451 0.08471924 0.3693281
v 0.1688255 0.0780492 0.3854181
v 0.1671555 0.08170926 0.3767581
v 0.1249855 0.08334923 0.3844881
v 0.1262255 0.07971924 0.3932281
v 0.2051155 0.0803492 0.362588
v 0.2037455 0.08004921 0.3497681
v 0.1992955 0.08053925 0.3496681
v 0.2009455 0.08114922 0.3626681
v 0.2054555 0.07699924 0.3742181
v 0.2014255 0.07836922 0.3736282
v -0.04991451 0.08136921 0.400948
v -0.04937451 0.08498921 0.3921382
v -0.09203452 0.08412922 0.388128
v -0.09300452 0.08050919 0.3969081
v -0.04812451 0.0855592 0.3732381
v -0.00619451 0.08590924 0.3748981
v -0.00682451 0.08124924 0.352978
v -0.02875451 0.08075921 0.3506981
v -0.2021745 0.0799992 0.3471181
v -0.2047545 0.08077919 0.3562881
v -0.1742645 0.0824292 0.3640481
v -0.1720645 0.08162922 0.354788
v 0.1262255 0.07971924 0.3932281
v 0.1249855 0.08334923 0.3844881
v 0.0802355 0.08455922 0.3901482
v 0.0810155 0.08093922 0.3989381
v -0.1763345 0.08095921 0.3732582
v -0.1343645 0.08278923 0.3818381
v -0.1327745 0.08423924 0.3725381
v -0.00619451 0.08590924 0.3748981
v 0.03598548 0.0857692 0.3742581
v 0.03217548 0.08049923 0.3494681
v -0.00682451 0.08124924 0.352978
v -0.00652451 0.08173924 0.4026581
v -0.00642451 0.0853492 0.3938281
v -0.04937451 0.08498921 0.3921382
v -0.04991451 0.08136921 0.400948
v 0.1652555 0.08316922 0.3675081
v 0.2009455 0.08114922 0.3626681
v 0.1992955 0.08053925 0.3496681
v 0.1632555 0.08235924 0.3582081
v 0.1992955 0.08146924 0.03105804
v 0.2092955 0.08146924 0.03105804
v 0.2092955 0.08837925 0.01033813
v 0.1992955 0.08837925 0.01033813
v 0.0810155 0.08093922 0.3989381
v 0.0802355 0.08455922 0.3901482
v 0.03678549 0.0852092 0.3931781
v 0.0371255 0.08159924 0.4019981
v -0.5187045 0.08289921 0.039048
v -0.5187045 0.09188923 0.0173381
v -0.5887044 0.09070923 0.01701813
v -0.5887044 0.08183918 0.03842819
v 0.1652555 0.08316922 0.3675081
v 0.1632555 0.08235924 0.3582081
v 0.1220955 0.08396924 0.3657681
v 0.1235855 0.08479924 0.3751581
v -0.1720645 0.08162922 0.354788
v -0.1742645 0.0824292 0.3640481
v -0.1327745 0.08423924 0.3725381
v -0.1310945 0.08341923 0.3631781
v -0.1343645 0.08278923 0.3818381
v -0.09203452 0.08412922 0.388128
v -0.09093451 0.08556923 0.3787581
v -0.5187044 0.09188923 -0.02925186
v -0.5187044 0.08289921 -0.05095184
v -0.5887044 0.08183922 -0.05034195
v -0.5887044 0.09070923 -0.02893188
v 0.1671555 0.08170926 0.3767581
v 0.1652555 0.08316922 0.3675081
v 0.1235855 0.08479924 0.3751581
v 0.1249855 0.08334923 0.3844881
v 0.1220955 0.08396924 0.3657681
v 0.07840549 0.08513924 0.3712981
v 0.07934548 0.08598923 0.3807481
v -0.04937451 0.08498921 0.3921382
v -0.04876451 0.08640919 0.382718
v -0.09093451 0.08556923 0.3787581
v -0.09203452 0.08412922 0.388128
v -0.1310945 0.08341923 0.3631781
v -0.1327745 0.08423924 0.3725381
v -0.08976451 0.08471924 0.3693281
v 0.0802355 0.08455922 0.3901482
v -0.00642451 0.0853492 0.3938281
v -0.00631452 0.08675923 0.384398
v 0.03598548 0.0857692 0.3742581
v 0.03639549 0.08662922 0.3837581
v 0.03678549 0.0852092 0.3931781
v -0.04812451 0.0855592 0.3732381
v 0.2092955 0.08707924 -0.02521179
v 0.2092955 0.08557923 -0.03287186
v 0.1992955 0.08557923 -0.03287186
v 0.1992955 0.08734925 -0.02385178
v -0.00619451 0.08590924 0.3748981
v 0.2092955 0.08969925 -0.01021179
v 0.1992955 0.08977925 -0.01145172
v 0.2092955 0.08837925 0.01033813
v 0.1992955 0.08837925 0.01033813
v -0.5187045 0.09188923 0.0173381
v -0.5187044 0.09494923 -0.005951843
v -0.5887044 0.09372921 -0.005951843
v -0.5887044 0.09070923 0.01701813
v -0.5187044 0.09188923 -0.02925186
v -0.5887044 0.09070923 -0.02893188
v -0.3797545 -0.2408908 0.219848
v -0.3903045 -0.2294708 0.2233782
v -0.4474567 -0.2034685 0.1656604
v -0.4013145 -0.2182408 0.2255881
v -0.4238945 -0.1969208 0.2264781
v -0.4559345 -0.1697408 0.2211681
v -0.4860145 -0.1468708 0.2104881
v -0.5187044 -0.1301308 -0.02325195
v 0.1392955 -0.1302407 -0.02237183
v 0.1392955 -0.1302407 0.01045807
v -0.5187044 -0.1302408 0.01045807
v 0.1392955 -0.1223808 0.0423381
v -0.5187044 -0.1223808 0.0423381
v -0.5187044 -0.1071208 -0.083322
v 0.1392955 -0.1071207 -0.08332184
v 0.1392955 -0.1223808 -0.05425186
v -0.5187044 -0.1223808 -0.05425186
v 0.1392955 -0.1071207 0.07140823
v -0.5187044 -0.1071208 0.07140808
v -0.5187044 -0.08535077 -0.1078918
v 0.1392955 -0.08535073 -0.1078918
v 0.1392955 -0.08535077 0.09597809
v -0.5187044 -0.08535077 0.09597809
v -0.5187044 -0.0583308 -0.1265419
v 0.1392955 -0.05833076 -0.1265417
v 0.1392955 -0.05833076 0.1146281
v -0.5187045 -0.0583308 0.1146281
v -0.5187044 -0.02764076 -0.1381819
v 0.1392955 -0.02764076 -0.1381818
v 0.1392955 -0.02764076 0.1262682
v -0.5187045 -0.0276408 0.1262682
v -0.5187044 0.004949226 -0.1421419
v 0.1392955 0.004949265 -0.1421419
v -0.5187044 0.03754925 -0.1381819
v 0.1392955 0.03754925 -0.1381818
v -0.5187044 0.06823921 -0.1265419
v 0.1392955 0.06823925 -0.1265417
v -0.5187045 0.06823921 0.1146281
v 0.1392955 0.06823925 0.1146281
v 0.1392955 0.09487923 0.09621827
v -0.5187045 0.09525921 0.09597809
v -0.5187044 0.1170292 -0.083322
v 0.1392955 0.1170293 -0.08332184
v 0.1392955 0.09487923 -0.1081319
v -0.5187044 0.09525921 -0.1078918
v -0.5187044 0.1322892 -0.05425186
v 0.1392955 0.1322892 -0.05425171
v -0.5187045 0.1170292 0.07140808
v 0.1392955 0.1170293 0.07140823
v 0.1392955 0.1322892 0.0423381
v -0.5187045 0.1322892 0.0423381
v -0.5187044 0.1400292 -0.02325195
v 0.1392955 0.1401392 -0.02237183
v 0.1392955 0.1401392 0.01045822
v -0.5187045 0.1401392 0.01045807
v 0.1392955 0.004949226 0.1302281
v -0.5187045 0.004949226 0.1302281
v -0.3382458 -0.2928967 0.1845291
v -0.3546645 -0.2719608 0.203018
v -0.4474567 -0.2034685 0.1656604
v -0.4013145 -0.2182408 0.2255881
v -0.4238945 -0.1969208 0.2264781
v -0.3704345 -0.2516708 0.2152181
v -0.3797545 -0.2408908 0.219848
v -0.3636244 -0.2600208 0.2108481
v 0.2079755 0.07860924 0.3500781
v 0.2037455 0.08004921 0.3497681
v 0.2051155 0.0803492 0.362588
v 0.2090255 0.07869923 0.3624081
v 0.2188455 0.06551926 0.3609982
v 0.2187955 0.06532921 0.3528981
v 0.2173155 0.06946926 0.3520181
v 0.2167955 0.07073925 0.3615581
v -0.5187044 0.05691921 0.02404816
v -0.5187044 0.06301922 0.009158173
v -0.5187045 0.09188923 0.0173381
v -0.5187045 0.08289921 0.039048
v -0.5887044 0.06494923 -0.005951843
v -0.5887044 0.06301922 0.009158173
v -0.5887044 0.09070923 0.01701813
v -0.5887044 0.09372921 -0.005951843
v 0.1592955 0.05443924 0.2268382
v 0.1276155 0.06473923 0.2752982
v 0.1992955 0.08053925 0.3496681
v 0.1992955 0.05457924 0.2275182
v 0.1988355 0.05684921 0.3959082
v 0.1976855 0.05801922 0.3959881
v 0.1955755 0.05525925 0.3977782
v 0.1972655 0.05345921 0.3975581
v 0.2079755 0.07860924 0.3500781
v 0.2056855 0.05357925 0.2278482
v 0.2037755 0.05409924 0.2277081
v 0.2037455 0.08004921 0.3497681
v 0.1988255 0.0515992 0.3970682
v 0.2009455 0.05439922 0.395388
v 0.1999155 0.05563923 0.3957081
v 0.2056855 0.05357925 0.2278482
v 0.1592955 0.02928925 0.2307881
v 0.2037755 0.05409924 0.2277081
v 0.2117655 0.07627922 0.3505681
v 0.2115855 0.05048923 0.2285782
v 0.1716755 0.04722923 0.4054281
v 0.1716455 0.05653923 0.4032982
v 0.1283255 0.05826923 0.4112381
v 0.1274555 0.04898922 0.4134881
v -0.5887044 0.05691921 0.02404816
v -0.5887044 0.0482692 0.03555801
v -0.5887044 0.06772922 0.05681808
v -0.5887044 0.08183918 0.03842819
v 0.1716755 0.04722923 0.4054281
v 0.1885555 0.04640923 0.4016582
v 0.1930255 0.05544922 0.3982881
v 0.1716455 0.05653923 0.4032982
v -0.1812645 0.05575924 0.399698
v -0.1814945 0.04642921 0.401768
v -0.1381645 0.04836922 0.4106482
v -0.1381345 0.05767921 0.4085181
v 0.2173155 0.06946926 0.3520181
v 0.2187955 0.06532921 0.3528981
v 0.2187355 0.03955921 0.2305582
v 0.2181755 0.04145924 0.2302681
v -0.5251345 0.04094921 0.1633981
v -0.5187045 0.04029919 0.1603281
v -0.5187045 0.0387392 0.1529781
v -0.5335145 0.03967918 0.1575781
v 0.2192955 0.03491924 0.2311981
v 0.1592955 0.02928925 0.2307881
v 0.2181755 0.04145924 0.2302681
v 0.2187355 0.03955921 0.2305582
v 0.1592955 0.02531925 0.1684581
v 0.1992955 0.02531925 0.1684581
v 0.1992955 0.03106922 0.1520781
v 0.1592955 0.03106922 0.1520781
v 0.1988255 0.0515992 0.3970682
v 0.1885555 0.04640923 0.4016582
v 0.1885555 0.02379925 0.4033281
v 0.1969255 0.02365925 0.4003281
v 0.2192955 0.02509926 0.1694081
v 0.1592955 0.02301926 0.1919081
v 0.2192955 0.02301926 0.1919081
v -0.5687044 -0.002270774 0.1681081
v -0.5679145 -0.002600823 0.1760082
v -0.5671345 0.0184692 0.1785082
v -0.5684845 0.02372921 0.1714281
v 0.1392955 -0.006680756 0.1417082
v 0.1592955 -0.005190735 0.1412682
v 0.1592955 -0.003010788 0.1379982
v 0.1392955 -0.004470749 0.1379782
v -0.5187045 0.01384922 0.1638081
v -0.4858545 0.0154192 0.1937682
v -0.4858545 -0.01595077 0.1929482
v -0.5187045 -0.01282082 0.1631081
v 0.1286255 -0.01653076 0.1927782
v 0.1592955 -0.01659077 0.1928781
v 0.1372955 -0.01813076 0.1927081
v 0.2092955 -0.01992073 -0.08723176
v 0.2092955 -0.03981075 -0.07821182
v 0.1992956 -0.03981075 -0.07821182
v 0.1992956 -0.01992077 -0.08723176
v 0.0967955 0.07244923 0.3115682
v 0.1276155 0.06473923 0.2752982
v 0.1107555 -0.03833076 0.1892981
v 0.08586551 -0.04167076 0.2043382
v -0.5887044 -0.05300076 0.009568024
v -0.5887044 -0.05505077 -0.005951843
v -0.5887044 -0.08382077 -0.005951843
v -0.5887044 -0.08080079 0.01701813
v 0.1592955 -0.1171608 0.1983281
v 0.1593055 -0.1424707 0.1808782
v 0.1592955 -0.09883076 0.1650081
v 0.1592955 -0.05959076 0.1833382
v 0.1530055 -0.2480508 0.2272582
v 0.1534355 -0.09129078 0.1685782
v 0.1592955 -0.09883076 0.1650081
v 0.1593055 -0.1424707 0.1808782
v -0.5164345 -0.1260608 0.1947081
v -0.4474567 -0.2034685 0.1656604
v -0.4860145 -0.1468708 0.2104881
v -0.5618045 -0.1000908 0.1603182
v -0.5655045 -0.1007908 0.1514781
v -0.5674845 -0.1028108 0.1431981
v -0.5567045 -0.1020208 0.1663181
v -0.5681245 -0.1045908 0.1381181
v -0.5687044 -0.1103308 0.124658
v -0.5687044 -0.1335008 0.07497803
v -0.1502245 -0.04564079 0.1875382
v -0.1417745 -0.0383308 0.1892981
v -0.1484645 -0.2487008 0.2610881
v -0.1180345 -0.0409008 0.2008681
v 0.03607551 -0.2420208 0.2933481
v 0.00329551 -0.2411708 0.2959081
v 0.00329551 -0.2367408 0.294848
v 0.03615551 -0.2376708 0.2922981
v 0.2187555 -0.2463107 0.2664981
v 0.2192955 -0.2424007 0.2688982
v 0.2185455 -0.2471508 0.2763681
v 0.2178255 -0.2509807 0.274828
v 0.1986955 -0.2563908 0.3044782
v 0.1886555 -0.2554308 0.3103581
v 0.1974355 -0.2580607 0.3037882
v 0.1980755 -0.2572407 0.3041582
v 0.03492551 -0.2549008 0.2906581
v 0.06568552 -0.2575608 0.2833582
v 0.06446552 -0.2610307 0.280798
v 0.03357551 -0.2580908 0.2883281
v 0.1974355 -0.2580607 0.3037882
v 0.1886555 -0.2554308 0.3103581
v 0.1960655 -0.2595907 0.3029581
v 0.1967655 -0.2588508 0.3033981
v 0.1894855 -0.2615608 0.3036481
v 0.1946155 -0.2609308 0.3019782
v 0.1247455 -0.2598107 0.2568482
v 0.1256555 -0.2554408 0.2564981
v 0.1475255 -0.2629907 0.2379582
v 0.1452855 -0.2661407 0.2393581
v 0.1901955 -0.2672407 0.2684882
v 0.2035555 -0.2628907 0.2670682
v 0.2025355 -0.2652807 0.2798381
v 0.1910155 -0.2687807 0.2775281
v 0.1475255 -0.2629907 0.2379582
v 0.1605455 -0.2701807 0.2519782
v 0.1465455 -0.2772008 0.2501282
v 0.1452855 -0.2661407 0.2393581
v -0.3636244 -0.2600208 0.2108481
v -0.4474567 -0.2034685 0.1656604
v -0.3546645 -0.2719608 0.203018
v -0.2249345 -0.2933108 0.2000182
v -0.2283745 -0.2910208 0.2000781
v -0.2256545 -0.2873108 0.2026181
v -0.2230445 -0.2908108 0.2017981
v -0.3382458 -0.2928967 0.1845291
v -0.4474567 -0.2034685 0.1656604
v -0.3369345 -0.3029308 0.1717981
v -0.2351945 -0.3201507 0.1817481
v -0.2398245 -0.3196708 0.1814681
v -0.2348045 -0.3094108 0.1886981
v -0.2308445 -0.3110608 0.1881081
v -0.4535645 0.01996922 0.2818381
v -0.4536304 -0.002284431 0.2819872
v -0.4140556 0.001423683 0.3079018
v -0.4139845 0.02567921 0.3073781
v -0.3760745 0.03043922 0.3288681
v -0.3761501 0.004498711 0.3297046
v -0.3370741 0.007256241 0.3493965
v -0.3369945 0.0347192 0.348278
v -0.2968578 0.009697762 0.366958
v -0.2967745 0.03851921 0.3655881
v -0.2555109 0.01183559 0.3823598
v -0.2554245 0.04184921 0.3807681
v -0.1814945 0.04642921 0.401768
v -0.1815853 0.0147641 0.403668
v -0.1382571 0.01600403 0.4126816
v -0.1381645 0.04836922 0.4106482
v -0.09466451 0.04977921 0.4171281
v -0.09475849 0.01690151 0.4192612
v -0.05092934 0.01747414 0.4234383
v -0.05083451 0.05067921 0.4212381
v -0.00669452 0.05105923 0.422978
v -0.00678972 0.01771198 0.4252125
v 0.03762042 0.01760731 0.4245529
v 0.03771549 0.05090919 0.4223181
v 0.08235548 0.05022922 0.4191881
v 0.08226108 0.01716564 0.4213896
v 0.1273623 0.01636471 0.4156207
v 0.1274555 0.04898922 0.4134881
v 0.171584 0.01522835 0.4074586
v 0.1716755 0.04722923 0.4054281
v -0.2129845 0.04467922 0.3937482
v -0.2130736 0.01364525 0.3955296
v -0.4884845 0.0142292 0.2563381
v -0.4885451 -0.00602623 0.2561112
v -0.488608 -0.02620312 0.2543153
v -0.453699 -0.02448269 0.2804112
v -0.4141299 -0.02279945 0.3065442
v -0.376229 -0.02142857 0.3285283
v -0.2556014 -0.01821106 0.3816208
v -0.213167 -0.0174334 0.3949008
v -0.1816804 -0.01695305 0.4031087
v -0.1383542 -0.01642139 0.4122009
v -0.09485699 -0.01604259 0.41884
v 0.03752073 -0.01576763 0.4242003
v 0.0821621 -0.01596912 0.4210223
v -0.05102877 -0.01580154 0.4230588
v -0.00688953 -0.01570812 0.4248559
v 0.1272645 -0.01632694 0.415219
v 0.171488 -0.01683361 0.4070032
v -0.2969449 -0.01914314 0.3660905
v -0.3371574 -0.02021084 0.3483836
v -0.4537699 -0.04649208 0.2771199
v -0.4142067 -0.04684456 0.3033136
v -0.3763109 -0.0471867 0.3253462
v -0.3372438 -0.04751675 0.345245
v -0.2970353 -0.04783012 0.3629906
v -0.2556954 -0.04811012 0.3785557
v -0.1817793 -0.04853142 0.4000931
v -0.1384551 -0.04871204 0.4092088
v -0.09495945 -0.04885498 0.4158671
v -0.0511322 -0.04894775 0.4201018
v -0.00699337 -0.04900013 0.4219107
v 0.03741704 -0.04901485 0.4212623
v 0.08205914 -0.04897579 0.4180884
v 0.1271629 -0.04888912 0.4122848
v 0.1713882 -0.04876385 0.4040645
v -0.213264 -0.04836983 0.3918655
v -0.488673 -0.04618019 0.2509613
v -0.4887397 -0.06583729 0.2460692
v -0.4538428 -0.0681802 0.2721329
v -0.4142858 -0.07056702 0.2982294
v -0.3763952 -0.07262081 0.3201778
v -0.2557923 -0.07768173 0.3731828
v -0.2133641 -0.07897804 0.3864421
v -0.1818813 -0.07978115 0.3946394
v -0.1385594 -0.08067372 0.4037234
v -0.09506525 -0.08133831 0.4103604
v 0.03730994 -0.08193444 0.4157568
v 0.08195279 -0.08165581 0.4126056
v -0.05123902 -0.08176514 0.4145851
v -0.00710062 -0.08196373 0.4163945
v 0.1270579 -0.08112603 0.4068362
v 0.1712852 -0.08037034 0.3986603
v -0.2971286 -0.07619057 0.3576768
v -0.3373328 -0.07449738 0.34
v -0.4539171 -0.08941666 0.2654802
v -0.4143666 -0.09382412 0.2913222
v -0.3764815 -0.0975779 0.3130539
v -0.337424 -0.1009904 0.3326799
v -0.297224 -0.104054 0.3501814
v -0.2558916 -0.106748 0.3655345
v -0.1819859 -0.1105143 0.3867805
v -0.1386662 -0.1121142 0.3957779
v -0.09517375 -0.1132972 0.4023532
v -0.05134856 -0.1140563 0.4065419
v -0.00721063 -0.1144007 0.4083404
v 0.0372001 -0.1143283 0.4077168
v 0.0818437 -0.1138126 0.4046068
v 0.1269503 -0.1128438 0.3989059
v 0.1711796 -0.111463 0.3908232
v -0.2134667 -0.1090739 0.378663
v -0.4888077 -0.08505616 0.2396686
v -0.4888765 -0.1037212 0.2317978
v -0.4539925 -0.1100737 0.2572019
v -0.4144486 -0.116476 0.2826334
v -0.3765691 -0.1219079 0.3040175
v -0.2559927 -0.1351343 0.3556567
v -0.2135712 -0.1384765 0.3685751
v -0.1820925 -0.140546 0.3765637
v -0.1387751 -0.1428444 0.3854198
v -0.09528429 -0.1445395 0.3918933
v 0.03708816 -0.1460019 0.3971908
v 0.08173256 -0.145253 0.39414
v -0.05146019 -0.1456271 0.3960205
v -0.00732272 -0.1461161 0.3977968
v 0.1268406 -0.1438516 0.3885417
v 0.1710719 -0.1418548 0.3806001
v -0.2973212 -0.1312527 0.3405493
v -0.3375166 -0.1268365 0.3233288
v -0.4540685 -0.1300272 0.2473476
v -0.4145314 -0.1383865 0.2722154
v -0.3766576 -0.1454645 0.2931229
v -0.3376102 -0.1518802 0.3120029
v -0.2974194 -0.1576233 0.3288385
v -0.256095 -0.1626697 0.343609
v -0.1822003 -0.1696956 0.3640503
v -0.1388853 -0.1726795 0.3727113
v -0.09539622 -0.1748773 0.3790439
v -0.05157322 -0.1762876 0.3830842
v -0.00743623 -0.176919 0.3848273
v 0.0369748 -0.1767644 0.3842419
v 0.08162001 -0.1757876 0.3812683
v 0.1267295 -0.173963 0.3758057
v 0.170963 -0.1713631 0.3680525
v -0.2136768 -0.1670089 0.356239
v -0.4889458 -0.1217202 0.2225044
v -0.4890151 -0.1389449 0.2118442
v -0.4541447 -0.1491569 0.2359767
v -0.4146145 -0.1594238 0.2601309
v -0.3767464 -0.168106 0.2804355
v -0.2561978 -0.1891887 0.3294636
v -0.2137832 -0.1944995 0.341729
v -0.1823088 -0.1977879 0.3493156
v -0.1389962 -0.2014401 0.3577292
v -0.09550886 -0.2041281 0.3638821
v 0.03686072 -0.206431 0.368948
v 0.08150672 -0.205233 0.3660692
v -0.05168699 -0.2058534 0.3678108
v -0.00755048 -0.2066242 0.3695097
v 0.1266178 -0.2029969 0.3607744
v 0.1708534 -0.1998102 0.3532561
v -0.2975181 -0.183007 0.3151193
v -0.3377043 -0.1759709 0.2987705
v -0.4559345 -0.1697408 0.2211681
v -0.4146972 -0.1794614 0.2464525
v -0.376835 -0.1896962 0.2660317
v -0.3377982 -0.1989638 0.2837108
v -0.2976167 -0.2072513 0.2994743
v -0.2563005 -0.2145318 0.3133058
v -0.1824173 -0.2246539 0.3324484
v -0.1391071 -0.2289532 0.3405633
v -0.09562152 -0.2321161 0.3464993
v -0.05180079 -0.2341468 0.3502923
v -0.00766477 -0.2350531 0.3519363
v 0.03674658 -0.2348232 0.3514014
v 0.08139341 -0.233412 0.348634
v 0.126506 -0.2307787 0.3435385
v 0.1707437 -0.2270252 0.3362997
v -0.2138894 -0.2207831 0.3251323
v -0.4860145 -0.1468708 0.2104881
v -0.5529445 0.001319198 0.2004581
v -0.5529935 -0.01455807 0.1993843
v -0.5216794 -0.01010975 0.2285642
v -0.5216245 0.008019219 0.2291982
v -0.5567745 0.0005392074 0.1967081
v -0.5568227 -0.01504459 0.1955843
v -0.5568725 -0.03049442 0.1932562
v -0.5530441 -0.03030437 0.1970833
v -0.5217364 -0.02813503 0.2265273
v -0.5530962 -0.045825 0.193569
v -0.5217951 -0.04594826 0.2230995
v -0.5569237 -0.04571739 0.1897379
v -0.5569759 -0.06062195 0.1850504
v -0.5531494 -0.06102665 0.1888626
v -0.5218553 -0.06344231 0.2183017
v -0.5532033 -0.07581787 0.1829923
v -0.5219164 -0.08051198 0.2121628
v -0.5570289 -0.07511841 0.1792221
v -0.5567045 -0.1020208 0.1663181
v -0.5532577 -0.09010972 0.1759935
v -0.5219782 -0.09705456 0.2047196
v -0.5220402 -0.1129706 0.1960167
v -0.5164345 -0.1260608 0.1947081
v 0.2106855 -0.06503075 0.3834082
v 0.2153855 -0.06370075 0.3759782
v 0.2153855 -0.02061077 0.3812582
v 0.2127955 -0.01604076 0.3861381
v 0.2044255 -0.06615078 0.3896281
v 0.2072555 -0.01601078 0.3930182
v 0.1969255 -0.06700077 0.3943381
v 0.2021055 -0.01596073 0.3973682
v 0.1885555 -0.06753075 0.3972981
v 0.1968655 -0.01590076 0.4004481
v 0.1861955 -0.01574078 0.4039482
v 0.1969255 0.02365925 0.4003281
v 0.1885555 0.02379925 0.4033281
v 0.2044255 0.02343922 0.3955481
v 0.2106855 0.02314926 0.389228
v 0.2153855 0.02279922 0.3816881
v 0.1885555 -0.09845078 0.3899382
v 0.1885555 -0.1400307 0.3766281
v 0.1885555 -0.1121208 0.3866781
v 0.1885555 0.04640923 0.4016582
v 0.1955755 0.05525925 0.3977782
v 0.1972655 0.05345921 0.3975581
v 0.1930255 0.05544922 0.3982881
v 0.2009455 0.05439922 0.395388
v 0.1988255 0.0515992 0.3970682
v 0.2019055 0.05314922 0.3949681
v 0.1885555 -0.1552408 0.3711482
v 0.1885555 -0.1963607 0.3508981
v -0.4238945 -0.1969208 0.2264781
v -0.3769229 -0.2101053 0.2499982
v -0.2564026 -0.2385465 0.2952327
v -0.213995 -0.2457015 0.3065486
v -0.1825251 -0.250132 0.31355
v -0.1392173 -0.2550533 0.321317
v -0.09573354 -0.2586728 0.3269998
v 0.03663307 -0.2617703 0.3317071
v 0.08128071 -0.2601552 0.3290675
v -0.05191395 -0.2609975 0.330634
v -0.00777842 -0.2620347 0.3322127
v 0.1263948 -0.2571412 0.3242015
v 0.1761155 -0.2578607 0.3120781
v -0.2977146 -0.2302103 0.2819977
v -0.3378914 -0.2207205 0.2669147
v -0.3770095 -0.2292105 0.2324312
v -0.3379833 -0.2411103 0.2484831
v -0.2978113 -0.251746 0.2627943
v -0.2565034 -0.2610885 0.2753529
v -0.1826316 -0.274069 0.2927339
v -0.1393262 -0.2795835 0.3001061
v -0.09584424 -0.2836386 0.3055011
v -0.05202578 -0.2862441 0.308954
v -0.00789076 -0.2874067 0.3104575
v 0.03652089 -0.2871102 0.3099838
v 0.08116935 -0.2853017 0.3074873
v 0.126285 -0.2819261 0.3028798
v -0.2140993 -0.2691049 0.2860899
v -0.4013145 -0.2182408 0.2255881
v -0.2566022 -0.2820222 0.2537862
v -0.2142017 -0.2908524 0.2638792
v -0.1827361 -0.296321 0.2701256
v -0.1394332 -0.3023962 0.277058
v -0.09595295 -0.3068634 0.2821323
v 0.0364107 -0.3106905 0.2863623
v 0.08105997 -0.3087002 0.2840236
v -0.05213562 -0.3097348 0.2853827
v -0.0080011 -0.3110166 0.2868016
v 0.133608 -0.2938341 0.2723053
v -0.297906 -0.2717288 0.24198
v -0.3380733 -0.2600104 0.2285269
v -0.3704345 -0.2516708 0.2152181
v -0.338161 -0.2773072 0.207166
v -0.2979983 -0.2900385 0.2196797
v -0.2566986 -0.3012217 0.2306619
v -0.1828381 -0.316754 0.2458608
v -0.1395375 -0.3233543 0.2523113
v -0.09605902 -0.3282073 0.257034
v -0.05224281 -0.3313282 0.260062
v -0.00810877 -0.3327223 0.2613872
v 0.03630317 -0.3323694 0.2609845
v 0.08095322 -0.3302102 0.258817
v -0.2143015 -0.3108135 0.2400499
v -0.2567918 -0.3185715 0.2061194
v -0.2143982 -0.3288679 0.2147453
v -0.1829368 -0.3352453 0.2200855
v -0.1396386 -0.3423317 0.2260149
v -0.09616182 -0.3475423 0.2303571
v 0.03619894 -0.3520166 0.234003
v 0.07994152 -0.3388785 0.2241458
v -0.05234671 -0.3508945 0.2331441
v -0.00821315 -0.3523933 0.2343671
v -0.2980876 -0.3065651 0.1960275
v -0.3382458 -0.2928967 0.1845291
v -0.3065445 -0.3146408 0.1785581
v -0.3369345 -0.3029308 0.1717981
v -0.2460845 -0.3341907 0.189848
v -0.4858545 -0.1288708 0.1426681
v -0.2549982 -0.1286957 0.1422754
v -0.2587499 -0.1499743 0.1195218
v -0.4858545 -0.1504708 0.1199081
v -0.4858545 -0.0763908 0.1767481
v -0.2458839 -0.07700298 0.1763399
v -0.2506737 -0.1041684 0.161378
v -0.4858545 -0.1039708 0.1617781
v -0.4858545 -0.01595077 0.1929482
v -0.235388 -0.01747642 0.192522
v -0.240747 -0.0478693 0.1868111
v -0.4858545 -0.0468108 0.1872281
v -0.4858545 0.04653919 0.189678
v -0.2231445 0.04653923 0.189678
v -0.2299407 0.01341724 0.1933327
v -0.4858545 0.0154192 0.1937682
v -0.2626045 -0.1682508 0.09404816
v -0.4858545 -0.1682508 0.09404801
v -0.2539845 -0.1533908 0.116228
v -0.2413445 -0.1363908 0.1355382
v -0.2306545 -0.1237408 0.1471381
v -0.1502245 -0.04564079 0.1875382
v -0.1477045 -0.03319077 0.190368
v -0.1417745 -0.0383308 0.1892981
v -0.1990945 0.01753921 0.1934781
v -0.1869045 0.004199219 0.1940381
v -0.2204345 -0.1125408 0.1557681
v -0.2070245 -0.09854077 0.1651781
v -0.1701695 -0.03901077 0.1874081
v -0.1690545 -0.01363079 0.1931781
v -0.1712845 -0.06439075 0.181638
v -0.1901145 -0.08194081 0.1741782
v -0.1885005 -0.03887112 0.1894066
v -0.2228965 -0.0448048 0.1869988
v -0.05417449 -0.2427408 0.2915982
v -0.05420453 -0.2383508 0.2902449
v -0.02608449 -0.2382008 0.2940881
v -0.02573449 -0.2415708 0.2948181
v 0.00329551 -0.2367408 0.294848
v -0.04145949 -0.04565075 0.2223081
v 0.0032955 -0.04637077 0.2255582
v -0.08197449 -0.2446808 0.2862781
v -0.0821045 -0.2402508 0.2851981
v -0.0534945 -0.04517075 0.2201581
v 0.09476552 -0.2619207 0.2713881
v 0.06568552 -0.2575608 0.2833582
v 0.0667155 -0.2535608 0.2850882
v 0.09626552 -0.2579908 0.2729282
v 0.06748552 -0.2492308 0.2859082
v 0.09739551 -0.2537108 0.2735982
v 0.06811552 -0.2441857 0.2856181
v 0.09810551 -0.2492908 0.2733782
v 0.06845551 -0.2401907 0.2846681
v 0.09833551 -0.2449608 0.2722682
v 0.03583551 -0.2464908 0.293428
v 0.03607551 -0.2420208 0.2933481
v 0.03615551 -0.2376708 0.2922981
v 0.04559551 -0.04516075 0.2200981
v 0.08586551 -0.04167076 0.2043382
v 0.1107555 -0.03833076 0.1892981
v 0.1259655 -0.2511207 0.2553481
v 0.1286255 -0.05956078 0.1832381
v 0.0036487 -0.2459278 0.2934828
v 0.00329551 -0.2411708 0.2959081
v 0.03544551 -0.2508608 0.2925182
v 0.00380064 -0.2503124 0.292572
v 0.03492551 -0.2549008 0.2906581
v 0.00378287 -0.2543853 0.2907112
v 0.03357551 -0.2580908 0.2883281
v 0.00283659 -0.2577169 0.2883804
v -0.02560448 -0.2461308 0.294848
v -0.02541449 -0.2505708 0.2938582
v -0.02515449 -0.2546708 0.2918782
v -0.02477981 -0.2585089 0.2887523
v -0.2535245 -0.3028308 0.1717481
v -0.2626045 -0.1682508 0.09404816
v -0.2539845 -0.1533908 0.116228
v -0.2485745 -0.2964308 0.1804181
v 0.1452855 -0.2661407 0.2393581
v 0.1431455 -0.2688307 0.2403682
v 0.1232855 -0.2640108 0.2563782
v 0.1247455 -0.2598107 0.2568482
v -0.1668145 -0.2522708 0.2510881
v -0.1901145 -0.08194081 0.1741782
v -0.1712845 -0.06439075 0.181638
v -0.1484645 -0.2487008 0.2610881
v -0.2070245 -0.09854077 0.1651781
v -0.1867045 -0.2539608 0.2381181
v -0.2204345 -0.1125408 0.1557681
v -0.08161448 -0.2492308 0.2863481
v -0.1088467 -0.2522344 0.2791329
v -0.1090645 -0.2473908 0.2788382
v -0.0810245 -0.2536508 0.2854082
v -0.1084467 -0.2566644 0.2781528
v -0.08023449 -0.2577208 0.2835181
v -0.107941 -0.2607572 0.276189
v -0.07900033 -0.2616633 0.282347
v -0.1088862 -0.2651452 0.2710916
v -0.1482246 -0.2531277 0.2620693
v -0.1092245 -0.2429608 0.2777481
v -0.1479846 -0.2576877 0.2621191
v -0.1475846 -0.2621177 0.2611391
v -0.1470646 -0.2662077 0.2591892
v -0.1464446 -0.2697377 0.2563792
v -0.1651494 -0.2740832 0.2470935
v -0.1657693 -0.2705533 0.2499036
v -0.1662893 -0.2664632 0.2518535
v -0.1666893 -0.2620332 0.2528336
v -0.1669293 -0.2574732 0.2527835
v -0.1865878 -0.2587608 0.2424774
v -0.1863478 -0.2633208 0.2425275
v -0.1859477 -0.2677508 0.2415474
v -0.1854277 -0.2718408 0.2395975
v -0.1848078 -0.2753708 0.2367874
v -0.2023122 -0.2632195 0.2287746
v -0.2034845 -0.2582908 0.2267081
v -0.2010602 -0.2676108 0.2288229
v -0.1996814 -0.2718393 0.2278412
v -0.1982615 -0.2757093 0.2258897
v -0.1968692 -0.2790107 0.2230785
v -0.2069843 -0.2866011 0.2093337
v -0.2117837 -0.2827952 0.2099689
v -0.2221828 -0.273785 0.2121872
v -0.2256521 -0.2689646 0.2066725
v -0.2187693 -0.2766884 0.212131
v -0.2221828 -0.273785 0.2121872
v -0.2153434 -0.2797826 0.2113478
v -0.2200605 -0.2927735 0.2010486
v -0.2230445 -0.2908108 0.2017981
v -0.2256545 -0.2873108 0.2026181
v -0.2278545 -0.2835308 0.2028981
v -0.2294945 -0.2794708 0.2024982
v -0.2306245 -0.2754408 0.201658
v -0.2311245 -0.2713108 0.2001982
v 0.06309551 -0.2637908 0.2775482
v 0.03344704 -0.2618728 0.2830899
v 0.06446552 -0.2610307 0.280798
v 0.06164551 -0.2657007 0.2737581
v -0.02490827 -0.262291 0.2835141
v -0.05252375 -0.2631361 0.2806664
v -0.05239449 -0.2593508 0.2859082
v 0.00270812 -0.261499 0.2831422
v -0.08468471 -0.2713263 0.2640906
v 0.1136955 -0.2753108 0.2473482
v 0.1100255 -0.2846208 0.2217781
v 0.09111183 -0.2861396 0.2217099
v 0.08883552 -0.2697708 0.2625781
v 0.05947291 -0.2811198 0.2395827
v 0.02833317 -0.2784574 0.2455492
v -0.03337793 -0.2799693 0.2477449
v -0.05941699 -0.2815899 0.2465166
v -0.00429041 -0.2785758 0.2473673
v -0.09047007 -0.2852067 0.2418465
v 0.08681552 -0.2982008 0.1971181
v 0.05427993 -0.2997297 0.2086873
v -0.0476337 -0.2990534 0.2145865
v -0.06411607 -0.2993914 0.2154196
v 0.01651957 -0.2986447 0.2138239
v -0.01960261 -0.2973452 0.2146771
v -0.1020595 -0.3013623 0.2132629
v 0.05354553 -0.3201507 0.1817482
v -0.06195046 -0.3201507 0.1817482
v -0.00420246 -0.3201507 0.1817482
v -0.1196985 -0.3201507 0.1817481
v 0.06236553 -0.3159408 0.1846881
v 0.07533552 -0.3078708 0.1903481
v 0.09707551 -0.2898708 0.2073682
v -0.1774465 -0.3201507 0.1817481
v -0.1240045 -0.3598808 0.204678
v -0.2351945 -0.3201507 0.1817481
v -0.1196985 -0.3201507 0.1817481
v -0.1848078 -0.2753708 0.2367874
v -0.1651494 -0.2740832 0.2470935
v -0.1765241 -0.280684 0.2304776
v -0.1968692 -0.2790107 0.2230785
v -0.1841358 -0.289286 0.2163303
v -0.2069843 -0.2866011 0.2093337
v -0.1926524 -0.3013221 0.202932
v -0.1662048 -0.3018475 0.2054884
v -0.1774465 -0.3201507 0.1817481
v -0.2351945 -0.3201507 0.1817481
v -0.1464446 -0.2697377 0.2563792
v -0.1533082 -0.278676 0.2372463
v -0.1584093 -0.2884656 0.2228954
v -0.1428407 -0.3028089 0.2078293
v -0.1088862 -0.2651452 0.2710916
v -0.1181773 -0.2763666 0.248588
v -0.1264483 -0.2881239 0.230289
v -0.1020595 -0.3013623 0.2132629
v -0.1196985 -0.3201507 0.1817481
v -0.07900033 -0.2616633 0.282347
v -0.08468471 -0.2713263 0.2640906
v -0.09047007 -0.2852067 0.2418465
v 0.1774155 -0.2731708 0.286898
v 0.1759355 -0.2702008 0.2968881
v 0.126285 -0.2819261 0.3028798
v 0.1636636 -0.2805029 0.2865021
v 0.1761055 -0.2666107 0.3032381
v 0.1616355 -0.2801508 0.2768181
v 0.1778655 -0.2734807 0.2778381
v -0.1840045 -0.3494507 0.1986581
v -0.2143982 -0.3288679 0.2147453
v -0.2567918 -0.3185715 0.2061194
v -0.2460845 -0.3341907 0.189848
v -0.1829368 -0.3352453 0.2200855
v -0.1240045 -0.3598808 0.204678
v -0.1396386 -0.3423317 0.2260149
v 0.1185155 -0.2942607 0.2405582
v 0.1271855 -0.2792807 0.2364581
v 0.1325955 -0.2770808 0.2394881
v 0.1335255 -0.2847208 0.2464781
v 0.1271855 -0.2792807 0.2364581
v 0.1136955 -0.2753108 0.2473482
v 0.1164255 -0.2736408 0.2504781
v 0.1325955 -0.2770808 0.2394881
v 0.1190155 -0.2711108 0.2531082
v 0.1470055 -0.2864608 0.2684581
v 0.1616355 -0.2801508 0.2768181
v 0.1636636 -0.2805029 0.2865021
v 0.126285 -0.2819261 0.3028798
v 0.1471255 -0.2855508 0.2657582
v 0.1620155 -0.2784008 0.2680982
v 0.1605455 -0.2701807 0.2519782
v 0.1475255 -0.2629907 0.2379582
v 0.1495855 -0.2585008 0.2350682
v 0.1699255 -0.2654808 0.2532181
v 0.2015555 -0.2533607 0.2509381
v 0.1942555 -0.2559307 0.2518381
v 0.1939055 -0.1636207 0.1628981
v 0.2102455 -0.1624507 0.1644582
v 0.133608 -0.2938341 0.2723053
v 0.1175755 -0.3022007 0.2527181
v 0.1330055 -0.2932208 0.2616982
v 0.08105997 -0.3087002 0.2840236
v 0.1008555 -0.3138907 0.2410281
v 0.08095322 -0.3302102 0.258817
v 0.09672553 -0.3142207 0.2319081
v 0.07994152 -0.3388785 0.2241458
v 0.02792552 -0.3571408 0.2045181
v 0.05410552 -0.3452308 0.2062482
v 0.07994152 -0.3388785 0.2241458
v 0.03619894 -0.3520166 0.234003
v 0.05410552 -0.3452308 0.2062482
v 0.07710553 -0.3294408 0.2130881
v 0.07994152 -0.3388785 0.2241458
v -0.00821315 -0.3523933 0.2343671
v -0.00304396 -0.3649162 0.2019609
v -0.09616182 -0.3475423 0.2303571
v -0.05234671 -0.3508945 0.2331441
v -0.1396386 -0.3423317 0.2260149
v -0.1240045 -0.3598808 0.204678
v -0.3636244 -0.2600208 0.2108481
v -0.338161 -0.2773072 0.207166
v -0.3380733 -0.2600104 0.2285269
v -0.3546645 -0.2719608 0.203018
v -0.3704345 -0.2516708 0.2152181
v -0.3382458 -0.2928967 0.1845291
v -0.3797545 -0.2408908 0.219848
v -0.3770095 -0.2292105 0.2324312
v -0.3903045 -0.2294708 0.2233782
v -0.4013145 -0.2182408 0.2255881
v -0.4860145 -0.1468708 0.2104881
v -0.4890151 -0.1389449 0.2118442
v -0.5164345 -0.1260608 0.1947081
v -0.5220402 -0.1129706 0.1960167
v -0.5567045 -0.1020208 0.1663181
v -0.5567745 0.0005392074 0.1967081
v -0.5617945 -0.003200798 0.1905681
v -0.5568227 -0.01504459 0.1955843
v -0.5617945 -0.0366608 0.1862781
v -0.5568725 -0.03049442 0.1932562
v -0.5887044 -0.05300076 -0.02148193
v -0.5887045 0.004994164 -0.006010132
v -0.5887044 -0.0470108 -0.03595184
v -0.5887044 -0.0470108 0.02404816
v -0.5887044 -0.05300076 0.009568024
v -0.5887044 -0.03747078 -0.04838181
v -0.5887044 -0.03747078 0.03646805
v -0.5887044 -0.02505077 -0.05792191
v -0.5887044 -0.02505077 0.04600815
v -0.5887044 -0.01057079 -0.0639119
v -0.5887044 -0.01057079 0.05199799
v -0.5887044 0.004949226 -0.065952
v -0.5887044 0.004949226 0.05404816
v -0.5887044 0.0204792 -0.0639119
v -0.5887044 0.0204792 0.05199799
v -0.5887044 0.03494919 -0.05792191
v -0.5887044 0.03494919 0.04600815
v -0.5887044 0.04737923 -0.04838181
v -0.5887044 0.05691921 -0.03595184
v -0.5887044 0.0629092 -0.02148193
v -0.5887044 0.06494923 -0.005951843
v -0.5887044 0.06301922 0.009158173
v -0.5887044 0.05691921 0.02404816
v -0.5887044 0.0482692 0.03555801
v -0.5887044 -0.05505077 -0.005951843
v -0.5187044 -0.1258108 0.06884811
v -0.5187045 0.04647922 0.1141981
v -0.5187045 0.03815922 0.1353781
v -0.5187045 -0.1088008 0.1203781
v -0.5687044 0.03729923 0.1352582
v -0.5187045 0.03815922 0.1353781
v -0.5187045 0.04647922 0.1141981
v -0.5687044 0.0457592 0.1136981
v -0.5887044 0.004949226 0.08281815
v -0.5689008 0.004890442 0.08278443
v -0.5687044 0.02801922 0.0801381
v -0.5887044 0.02792923 0.07979813
v -0.5687044 -0.01811077 0.0801381
v -0.5887044 -0.01802078 0.07979813
v -0.5687044 -0.03190079 0.1643181
v -0.5687044 -0.002270774 0.1681081
v -0.5689008 0.004890442 0.08278443
v -0.5687044 -0.01811077 0.0801381
v -0.5684845 0.02372921 0.1714281
v -0.5687044 0.02801922 0.0801381
v -0.5687045 0.02863922 0.1633782
v -0.5687044 0.03729923 0.1352582
v -0.5687044 0.0457592 0.1136981
v -0.5523545 0.0377692 0.1496481
v -0.5335145 0.03967918 0.1575781
v -0.5187045 0.0387392 0.1529781
v -0.5187045 0.03781918 0.146828
v -0.5684845 0.02372921 0.1714281
v -0.5671345 0.0184692 0.1785082
v -0.5624945 0.01905918 0.183658
v -0.5595945 0.0260992 0.1793082
v -0.5555445 0.03185921 0.1740881
v -0.5687045 0.02863922 0.1633782
v -0.5448245 0.03852921 0.1620781
v -0.5569645 0.03640919 0.1541681
v -0.5624945 0.03342918 0.159588
v -0.5505445 0.03606918 0.1682481
v -0.5251345 0.04094921 0.1633981
v -0.5335145 0.03967918 0.1575781
v -0.5320345 0.04119923 0.1704581
v -0.5523545 0.0377692 0.1496481
v -0.5187044 -0.05300076 -0.02148193
v -0.5187044 0.00499424 -0.006010285
v -0.5187044 -0.05505077 -0.005951843
v -0.5187044 -0.05300076 0.009568024
v -0.5187044 -0.0470108 -0.03595184
v -0.5187044 -0.0470108 0.02404816
v -0.5187044 -0.03747078 -0.04838181
v -0.5187044 -0.03747078 0.03646805
v -0.5187044 -0.02505077 -0.05792191
v -0.5187044 -0.02505077 0.04600815
v -0.5187044 -0.01057079 -0.06391174
v -0.5187044 -0.01057079 0.05199799
v -0.5187044 0.004949226 -0.065952
v -0.5187045 0.004949226 0.05404816
v -0.5187044 0.0204792 -0.06391174
v -0.5187045 0.0204792 0.05199799
v -0.5187044 0.03494919 -0.05792191
v -0.5187045 0.03494919 0.04600815
v -0.5187044 0.04737923 -0.04838181
v -0.5187044 0.05691921 -0.03595184
v -0.5187044 0.0629092 -0.02148193
v -0.5187044 0.06494923 -0.005951843
v -0.5187044 0.06301922 0.009158173
v -0.5187044 0.05691921 0.02404816
v -0.5187045 0.0482692 0.03555801
v 0.2092955 0.0049543 -0.005956879
v 0.2092955 -0.03981075 -0.07821182
v 0.2092955 -0.01992073 -0.08723176
v 0.1992955 0.05234924 0.1248882
v 0.1992955 0.05244923 0.1190381
v 0.1997097 0.08007695 0.1064673
v 0.1596618 0.05682365 0.119026
v 0.1592955 0.05234924 0.1248882
v 0.1597099 0.0801957 0.1065353
v 0.1592955 0.03773926 0.1262381
v 0.1392955 -0.05763077 0.1150082
v 0.1392955 -0.05407074 0.1175381
v 0.1392955 -0.02374073 0.1271681
v 0.1392955 -0.05141075 0.1200182
v 0.1392955 -0.05407074 0.1175381
v 0.1592955 -0.05518074 0.1168982
v 0.1592955 -0.05227077 0.1200882
v 0.2192955 -0.1431208 0.1817082
v 0.1593055 -0.1424707 0.1808782
v 0.1592955 -0.1171608 0.1983281
v 0.2192955 -0.1173907 0.1994081
v 0.1992955 0.06951923 0.04932816
v 0.2092955 0.06951923 0.04932816
v 0.2092955 0.07682922 0.03814819
v 0.1992955 0.07692921 0.0379982
v 0.2092955 0.0049543 -0.005956879
v 0.2092955 0.08146924 0.03105804
v 0.2092955 0.07682922 0.03814819
v 0.2092955 0.08837925 0.01033813
v 0.2092955 0.08969925 -0.01021179
v 0.2092955 0.08707924 -0.02521179
v 0.2092955 0.08557923 -0.03287186
v 0.2092955 0.07605926 -0.05253189
v 0.2092955 -0.05674072 -0.06443176
v 0.2092955 -0.03981075 -0.07821182
v 0.2092955 -0.06134075 -0.05811172
v 0.2092955 -0.07005074 -0.04563171
v 0.2092955 -0.07754074 -0.02644196
v 0.2092955 -0.08004075 -0.00475174
v 0.2092955 -0.07883072 0.003638153
v 0.2092955 -0.07693073 0.01685822
v 0.2092955 0.06951923 0.04932816
v 0.2092955 -0.08136075 0.0368782
v 0.2092955 -0.08450074 0.05102814
v 0.2092955 0.06507923 0.06934814
v 0.2092955 0.06193924 0.08349823
v 0.2092955 -0.01128078 0.06726822
v 0.2092955 -0.01128078 0.06726822
v 0.2192955 0.006999245 0.07722809
v 0.2192955 -0.03205074 0.06857819
v 0.2192955 -0.08575078 0.05666809
v 0.2092955 -0.08450074 0.05102814
v 0.2192955 0.06068924 0.08913819
v 0.2092955 0.06193924 0.08349823
v 0.1992955 0.05244923 0.1190381
v 0.1992955 0.05667927 0.1072182
v 0.1997097 0.08007695 0.1064673
v 0.1997419 0.100563 0.08965683
v 0.1992955 0.06509922 0.06923813
v 0.1992955 0.06951923 0.04932816
v 0.1997569 0.1173762 0.06917267
v 0.1992955 0.07692921 0.0379982
v 0.1997542 0.1298699 0.04580215
v 0.1992955 0.08146924 0.03105804
v 0.1992955 0.08837925 0.01033813
v 0.199734 0.1375642 0.02044342
v 0.1992955 0.08977925 -0.01145172
v 0.1996968 0.1401635 -0.00592926
v 0.1992955 0.08734925 -0.02385178
v 0.1996442 0.1375678 -0.03230225
v 0.1992955 0.08557923 -0.03287186
v 0.1995782 0.1298769 -0.05766205
v 0.1992955 0.07605926 -0.05253189
v 0.1995014 0.1173861 -0.08103409
v 0.1992955 0.06184925 -0.06910187
v 0.1994166 0.1005759 -0.1015201
v 0.1992955 0.04388927 -0.08151185
v 0.1993272 0.08009194 -0.1183331
v 0.1992956 0.02334923 -0.08894181
v 0.1992366 0.05672165 -0.1308267
v 0.1992956 0.001599235 -0.09089173
v 0.1991483 0.03136288 -0.138521
v 0.1990655 0.004990349 -0.14112
v 0.1992956 -0.01992077 -0.08723176
v 0.1989916 -0.02138256 -0.1385242
v 0.1992956 -0.03981075 -0.07821182
v 0.1989295 -0.04674229 -0.1308331
v 0.1992956 -0.05674072 -0.06443176
v 0.1988813 -0.07011433 -0.1183423
v 0.1992956 -0.06215076 -0.0570018
v 0.1988491 -0.09060048 -0.1015318
v 0.1988341 -0.1074135 -0.08104783
v 0.1992956 -0.06960075 -0.04678177
v 0.1988367 -0.1199071 -0.05767731
v 0.1992955 -0.07754074 -0.02644196
v 0.198857 -0.1276015 -0.03231842
v 0.1992955 -0.08004075 -0.00475174
v 0.1988942 -0.1302007 -0.005945892
v 0.1992955 -0.07886074 0.003458252
v 0.1989467 -0.1276049 0.02042709
v 0.1992955 -0.07693073 0.01685822
v 0.2192955 -0.08575078 0.05666809
v 0.2192955 -0.03205074 0.06857819
v 0.2192955 -0.08976075 0.07475815
v 0.2192955 -0.08892079 0.09964814
v 0.2192955 -0.09092076 0.08725815
v 0.1990127 -0.119914 0.0457869
v 0.1992955 -0.08134072 0.03677826
v 0.1992955 -0.08850075 0.06905807
v 0.1990896 -0.1074234 0.06915894
v 0.1372955 -0.01813076 0.1927081
v 0.1592955 -0.01659077 0.1928781
v 0.1592955 -0.00676075 0.1457281
v 0.1392955 -0.00820076 0.1457982
v 0.1592955 -0.01659077 0.1928781
v 0.1286255 -0.01653076 0.1927782
v 0.1592955 0.02301926 0.1919081
v 0.1592955 0.02675926 0.1928481
v 0.1592955 0.02301926 0.1919081
v 0.1592955 0.05272926 0.2188182
v 0.1592955 0.02928925 0.2307881
v 0.1592955 0.02675926 0.1928481
v 0.1592955 -0.01659077 0.1928781
v 0.1592955 -0.01659077 0.1928781
v 0.1592955 0.02301926 0.1919081
v 0.1592955 0.02531925 0.1684581
v 0.1592955 -0.00676075 0.1457281
v 0.1992955 0.04540924 0.1294283
v 0.1992955 0.05244923 0.1190381
v 0.1992955 0.05234924 0.1248882
v 0.1392641 -0.06995129 0.1065599
v 0.1392822 0.004904213 -0.005924683
v 0.1391747 -0.09043507 0.08974717
v 0.1395997 0.03152325 0.1267511
v 0.1396619 0.05688301 0.1190601
v 0.13971 0.08025506 0.1065694
v 0.1397423 0.1007412 0.08975892
v 0.1397573 0.1175543 0.06927475
v 0.1397546 0.1300479 0.04590424
v 0.1397344 0.1377423 0.0205455
v 0.1396972 0.1403416 -0.005827179
v 0.1396446 0.1377459 -0.03220016
v 0.1395786 0.130055 -0.05755997
v 0.1395018 0.1175642 -0.08093201
v 0.1394169 0.100754 -0.101418
v 0.1393275 0.08027005 -0.118231
v 0.1392369 0.05689976 -0.1307246
v 0.1391486 0.03154098 -0.1384189
v 0.1390658 0.005168457 -0.1410179
v 0.138992 -0.02120445 -0.1384221
v 0.1389298 -0.04656418 -0.130731
v 0.1388817 -0.06993622 -0.1182402
v 0.1388495 -0.09042237 -0.1014297
v 0.1388345 -0.1072354 -0.08094574
v 0.1388371 -0.119729 -0.05757523
v 0.1388574 -0.1274234 -0.03221634
v 0.1388945 -0.1300226 -0.005843811
v 0.1389471 -0.1274268 0.02052917
v 0.139013 -0.1197359 0.04588898
v 0.1390899 -0.1072453 0.06926102
v 0.1392955 0.01054924 0.1301282
v 0.1392955 -0.02374073 0.1271681
v 0.1392955 -0.05763077 0.1150082
v -0.5187044 -0.1223808 0.0423381
v -0.5187043 0.003649025 -0.01131668
v -0.5187044 -0.1302408 0.01045807
v -0.5187044 -0.1223808 -0.05425186
v -0.5187044 -0.1071208 -0.083322
v -0.5187044 -0.1071208 0.07140808
v -0.5187044 -0.08535077 -0.1078918
v -0.5187044 -0.08535077 0.09597809
v -0.5187044 -0.0583308 -0.1265419
v -0.5187045 -0.0583308 0.1146281
v -0.5187044 -0.02764076 -0.1381819
v -0.5187045 -0.0276408 0.1262682
v -0.5187044 0.004949226 -0.1421419
v -0.5187044 0.03754925 -0.1381819
v -0.5187044 0.06823921 -0.1265419
v -0.5187044 0.09525921 -0.1078918
v -0.5187045 0.09525921 0.09597809
v -0.5187045 0.06823921 0.1146281
v -0.5187044 0.1170292 -0.083322
v -0.5187045 0.1170292 0.07140808
v -0.5187044 0.1322892 -0.05425186
v -0.5187045 0.1322892 0.0423381
v -0.5187045 0.1401392 0.01045807
v -0.5187044 0.1400292 -0.02325195
v -0.5187045 0.004949226 0.1302281
v -0.5187044 -0.1301308 -0.02325195
v 0.1392955 0.004949226 0.1302281
v 0.1394122 0.03559563 0.1251485
v -0.5187045 0.03754921 0.1262682
v -0.5187045 0.004949226 0.1302281
v 0.1392955 0.06823925 0.1146281
v -0.5187045 0.06823921 0.1146281
v -0.2200605 -0.2927735 0.2010486
v -0.2117837 -0.2827952 0.2099689
v -0.2069843 -0.2866011 0.2093337
v -0.1841358 -0.289286 0.2163303
v -0.1926524 -0.3013221 0.202932
v 0.2009455 0.08114922 0.3626681
v 0.1652555 0.08316922 0.3675081
v 0.1671555 0.08170926 0.3767581
v 0.2014255 0.07836922 0.3736282
v 0.2192955 0.06132923 0.3605382
v 0.2177655 0.06079922 0.3716981
v 0.2183055 0.02240921 0.3732881
v 0.2192955 0.02200924 0.3644581
v 0.2149355 0.07317921 0.3512282
v 0.2173155 0.06946926 0.3520181
v 0.2181755 0.04145924 0.2302681
v 0.2149455 0.04722923 0.2292381
v 0.1592955 -0.05959076 0.1833382
v 0.1372955 -0.05808079 0.1838481
v 0.1392955 -0.04725075 0.1371382
v 0.1592955 -0.04854076 0.1364682
v 0.1372955 -0.05808079 0.1838481
v 0.1372955 -0.01813076 0.1927081
v 0.1392955 -0.00820076 0.1457982
v 0.1392955 -0.04725075 0.1371382
v 0.1392955 -0.02374073 0.1271681
v 0.1592955 -0.09504075 0.1657381
v 0.1592955 -0.05959076 0.1833382
v 0.1592955 -0.04854076 0.1364682
v 0.1960655 -0.2595907 0.3029581
v 0.1953555 -0.2602807 0.3024881
v 0.1981455 -0.2619607 0.2981581
v 0.1992355 -0.2610008 0.2988681
v 0.1970155 -0.2628207 0.2973882
v 0.1946155 -0.2609308 0.3019782
v 0.2103255 -0.2546007 0.2931981
v 0.2106855 -0.2266908 0.3147281
v 0.2044255 -0.2304008 0.3198581
v 0.2029955 -0.2562108 0.3010082
v 0.2185455 -0.2471508 0.2763681
v 0.2183055 -0.2173508 0.3017981
v 0.2153855 -0.2222708 0.3086081
v 0.2144755 -0.2523807 0.2868881
v -0.09839653 -0.2637878 0.3219878
v -0.09839653 -0.2566734 0.3148639
v -0.130899 -0.2470927 0.3245007
v -0.130899 -0.254159 0.3315765
v -0.08858649 -0.3366851 0.2490938
v -0.1179426 -0.3504367 0.235303
v -0.1179426 -0.3433705 0.2282272
v -0.08858649 -0.3295707 0.2419698
v 0.1969255 0.02365925 0.4003281
v 0.2044255 0.02343922 0.3955481
v 0.2019055 0.05314922 0.3949681
v 0.1988255 0.0515992 0.3970682
v -0.5681245 -0.1045908 0.1381181
v -0.5674845 -0.1028108 0.1431981
v -0.5679145 -0.09125081 0.1486781
v -0.5687044 -0.08707077 0.1419681
v -0.00304396 -0.3649162 0.2019609
v -0.06195046 -0.3201507 0.1817482
v -0.00420246 -0.3201507 0.1817482
v 0.05354553 -0.3201507 0.1817482
v 0.02792552 -0.3571408 0.2045181
v 0.09781552 -0.3101008 0.2263681
v 0.09672553 -0.3142207 0.2319081
v 0.07994152 -0.3388785 0.2241458
v 0.07710553 -0.3294408 0.2130881
v 0.1068555 -0.3073807 0.2411182
v 0.1008555 -0.3138907 0.2410281
v 0.1181855 -0.2992807 0.2477881
v 0.1175755 -0.3022007 0.2527181
v 0.1885555 -0.2177708 0.3371881
v 0.1969255 -0.1948808 0.3482782
v 0.1885555 -0.1963607 0.3508981
v 0.1708534 -0.1998102 0.3532561
v 0.1707437 -0.2270252 0.3362997
v 0.126285 -0.2819261 0.3028798
v 0.1761055 -0.2666107 0.3032381
v 0.1761155 -0.2578607 0.3120781
v 0.1263948 -0.2571412 0.3242015
v 0.1471255 -0.2855508 0.2657582
v 0.1470055 -0.2864608 0.2684581
v 0.133608 -0.2938341 0.2723053
v 0.1330055 -0.2932208 0.2616982
v -0.0534945 -0.04517075 0.2201581
v -0.05420453 -0.2383508 0.2902449
v -0.0821045 -0.2402508 0.2851981
v -0.07369449 -0.04424076 0.215948
v -0.1092245 -0.2429608 0.2777481
v -0.09315449 -0.0429908 0.2102881
v -0.2306545 -0.1237408 0.1471381
v -0.2256521 -0.2689646 0.2066725
v -0.2311245 -0.2713108 0.2001982
v -0.2378845 -0.2798808 0.1933981
v -0.2413445 -0.1363908 0.1355382
v -0.2204345 -0.1125408 0.1557681
v -0.2034845 -0.2582908 0.2267081
v -0.1484645 -0.2487008 0.2610881
v -0.1180345 -0.0409008 0.2008681
v -0.1077245 -0.04176079 0.2047681
v -0.1926524 -0.3013221 0.202932
v -0.2351945 -0.3201507 0.1817481
v -0.2308445 -0.3110608 0.1881081
v -0.2200605 -0.2927735 0.2010486
v -0.2528045 -0.3082208 0.1748581
v -0.3065445 -0.3146408 0.1785581
v -0.3369345 -0.3029308 0.1717981
v -0.2535245 -0.3028308 0.1717481
v 0.02792552 -0.3571408 0.2045181
v 0.05354553 -0.3201507 0.1817482
v 0.06236553 -0.3159408 0.1846881
v 0.05410552 -0.3452308 0.2062482
v -0.06195046 -0.3201507 0.1817482
v -0.00304396 -0.3649162 0.2019609
v -0.1240045 -0.3598808 0.204678
v -0.1196985 -0.3201507 0.1817481
v 0.159264 -0.07001064 0.1065259
v 0.1592955 -0.05875076 0.1144281
v 0.1392955 -0.05763077 0.1150082
v 0.1392641 -0.06995129 0.1065599
vt 0.1480343 0.2215468
vt 0.1503357 0.2172413
vt 0.1472386 0.2210151
vt 0.1503357 0.2172413
vt 0.1465619 0.2203384
vt 0.1472386 0.2210151
vt 0.1503357 0.2172413
vt 0.1460303 0.2195426
vt 0.1465619 0.2203384
vt 0.1503357 0.2172413
vt 0.145664 0.2186584
vt 0.1460303 0.2195426
vt 0.1503357 0.2172413
vt 0.1454773 0.2177198
vt 0.145664 0.2186584
vt 0.1503357 0.2172413
vt 0.1454773 0.2167628
vt 0.1454773 0.2177198
vt 0.1503357 0.2172413
vt 0.145664 0.2158241
vt 0.1454773 0.2167628
vt 0.1503357 0.2172413
vt 0.1460303 0.2149399
vt 0.145664 0.2158241
vt 0.1503357 0.2172413
vt 0.146562 0.2141442
vt 0.1460303 0.2149399
vt 0.1503357 0.2172413
vt 0.1472386 0.2134675
vt 0.146562 0.2141442
vt 0.1503357 0.2172413
vt 0.1480343 0.2129358
vt 0.1472386 0.2134675
vt 0.1503357 0.2172413
vt 0.1489186 0.2125696
vt 0.1480343 0.2129358
vt 0.1503357 0.2172413
vt 0.1498572 0.2123828
vt 0.1489186 0.2125696
vt 0.1503357 0.2172413
vt 0.1508143 0.2123828
vt 0.1498572 0.2123828
vt 0.1503357 0.2172413
vt 0.151753 0.2125695
vt 0.1508143 0.2123828
vt 0.1503357 0.2172413
vt 0.1526371 0.2129357
vt 0.151753 0.2125695
vt 0.1503357 0.2172413
vt 0.1534329 0.2134675
vt 0.1526371 0.2129357
vt 0.1503357 0.2172413
vt 0.1541097 0.2141441
vt 0.1534329 0.2134675
vt 0.1503357 0.2172413
vt 0.1546413 0.2149399
vt 0.1541097 0.2141441
vt 0.1503357 0.2172413
vt 0.1550075 0.2158241
vt 0.1546413 0.2149399
vt 0.1503357 0.2172413
vt 0.1551944 0.2167628
vt 0.1550075 0.2158241
vt 0.1503357 0.2172413
vt 0.1551944 0.2177198
vt 0.1551944 0.2167628
vt 0.1503357 0.2172413
vt 0.1550076 0.2186584
vt 0.1551944 0.2177198
vt 0.1503357 0.2172413
vt 0.1546414 0.2195426
vt 0.1550076 0.2186584
vt 0.1503357 0.2172413
vt 0.1541097 0.2203385
vt 0.1546414 0.2195426
vt 0.1503357 0.2172413
vt 0.1534329 0.2210151
vt 0.1541097 0.2203385
vt 0.1503357 0.2172413
vt 0.1526371 0.2215469
vt 0.1534329 0.2210151
vt 0.1503357 0.2172413
vt 0.151753 0.2219131
vt 0.1526371 0.2215469
vt 0.1503357 0.2172413
vt 0.1508143 0.2220998
vt 0.151753 0.2219131
vt 0.1503357 0.2172413
vt 0.1498572 0.2220998
vt 0.1508143 0.2220998
vt 0.1503357 0.2172413
vt 0.1489186 0.2219131
vt 0.1498572 0.2220998
vt 0.1503357 0.2172413
vt 0.1480343 0.2215468
vt 0.1489186 0.2219131
vt 0.1486614 0.2322839
vt 0.148365 0.2328486
vt 0.1493631 0.2332576
vt 0.1474626 0.232251
vt 0.148365 0.2328486
vt 0.1486614 0.2322839
vt 0.1466892 0.2314832
vt 0.1474626 0.232251
vt 0.1478661 0.231753
vt 0.1466554 0.2302766
vt 0.1460902 0.2305731
vt 0.1466892 0.2314832
vt 0.14629 0.2293958
vt 0.1456867 0.2295762
vt 0.1460902 0.2305731
vt 0.145479 0.2285247
vt 0.1456867 0.2295762
vt 0.14629 0.2293958
vt 0.1454773 0.2274465
vt 0.145479 0.2285247
vt 0.1461103 0.2284609
vt 0.1456843 0.2263838
vt 0.1454773 0.2274465
vt 0.1461125 0.2275054
vt 0.1460974 0.2253756
vt 0.1456843 0.2263838
vt 0.1462988 0.2265658
vt 0.1471948 0.2248793
vt 0.146703 0.2244753
vt 0.1460974 0.2253756
vt 0.1474691 0.223705
vt 0.146703 0.2244753
vt 0.1471948 0.2248793
vt 0.1486746 0.2236727
vt 0.1483775 0.2231055
vt 0.1474691 0.223705
vt 0.1495586 0.223309
vt 0.1493792 0.2226976
vt 0.1483775 0.2231055
vt 0.1504939 0.2231257
vt 0.1504375 0.2224934
vt 0.1493792 0.2226976
vt 0.1514442 0.2231281
vt 0.1515115 0.2224997
vt 0.1504375 0.2224934
vt 0.1523733 0.2233148
vt 0.1525579 0.2227133
vt 0.1515115 0.2224997
vt 0.153554 0.2231231
vt 0.1525579 0.2227133
vt 0.1523733 0.2233148
vt 0.1540358 0.2242175
vt 0.1544443 0.2237337
vt 0.153554 0.2231231
vt 0.1547006 0.2248924
vt 0.1551898 0.2244983
vt 0.1544443 0.2237337
vt 0.1557824 0.2253919
vt 0.1551898 0.2244983
vt 0.1547006 0.2248924
vt 0.1555714 0.2265637
vt 0.156174 0.2263886
vt 0.1557824 0.2253919
vt 0.1563739 0.2274355
vt 0.156174 0.2263886
vt 0.1555714 0.2265637
vt 0.1563739 0.2285089
vt 0.1563739 0.2274355
vt 0.1557444 0.2274961
vt 0.1561694 0.2295669
vt 0.1563739 0.2285089
vt 0.1557412 0.2284503
vt 0.1552006 0.2302742
vt 0.1557677 0.230571
vt 0.1561694 0.2295669
vt 0.1546809 0.2310685
vt 0.1551702 0.2314645
vt 0.1557677 0.230571
vt 0.1544234 0.2322284
vt 0.1551702 0.2314645
vt 0.1546809 0.2310685
vt 0.1535328 0.2328379
vt 0.1544234 0.2322284
vt 0.1540153 0.231744
vt 0.1523533 0.2326445
vt 0.1525371 0.2332457
vt 0.1535328 0.2328379
vt 0.1514919 0.2334582
vt 0.1525371 0.2332457
vt 0.1523533 0.2326445
vt 0.1504193 0.2334633
vt 0.1514919 0.2334582
vt 0.1514253 0.2328306
vt 0.1493631 0.2332576
vt 0.1504193 0.2334633
vt 0.1504765 0.2328321
vt 0.1290729 0.1388235
vt 0.1301483 0.1399461
vt 0.1333484 0.1365064
vt 0.1282166 0.1374955
vt 0.1290729 0.1388235
vt 0.1328942 0.1359918
vt 0.1276232 0.1360055
vt 0.1282166 0.1374955
vt 0.1325537 0.1353984
vt 0.1273257 0.1344076
vt 0.1276232 0.1360055
vt 0.1323381 0.1347471
vt 0.1273442 0.132763
vt 0.1273257 0.1344076
vt 0.1322543 0.1340613
vt 0.1276849 0.1311363
vt 0.1273442 0.132763
vt 0.1323037 0.1333655
vt 0.1283404 0.1295917
vt 0.1276849 0.1311363
vt 0.1324881 0.1326883
vt 0.1292903 0.128191
vt 0.1283404 0.1295917
vt 0.1327976 0.1320535
vt 0.1305024 0.1269905
vt 0.1292903 0.128191
vt 0.133225 0.1314886
vt 0.131935 0.1260394
vt 0.1305024 0.1269905
vt 0.1337507 0.131013
vt 0.1335376 0.125378
vt 0.131935 0.1260394
vt 0.1343584 0.1306488
vt 0.1352532 0.1250371
vt 0.1335376 0.125378
vt 0.1350221 0.1304077
vt 0.1370198 0.1250371
vt 0.1352532 0.1250371
vt 0.1357176 0.1303008
vt 0.1387721 0.1253875
vt 0.1370198 0.1250371
vt 0.1364177 0.1303325
vt 0.1404428 0.1260865
vt 0.1387721 0.1253875
vt 0.1370957 0.1305027
vt 0.1419644 0.127121
vt 0.1404428 0.1260865
vt 0.1377232 0.1308013
vt 0.1432694 0.1284672
vt 0.1419644 0.127121
vt 0.138275 0.1312172
vt 0.1390743 0.1323315
vt 0.1441316 0.1301325
vt 0.1432694 0.1284672
vt 0.1392962 0.1329917
vt 0.1446302 0.1319036
vt 0.1441316 0.1301325
vt 0.1393823 0.1336857
vt 0.144764 0.1337086
vt 0.1446302 0.1319036
vt 0.1393313 0.1343871
vt 0.1445426 0.1354793
vt 0.144764 0.1337086
vt 0.1391431 0.1350671
vt 0.1439862 0.1371517
vt 0.1445426 0.1354793
vt 0.1388254 0.135699
vt 0.1431245 0.1386669
vt 0.1439862 0.1371517
vt 0.1383897 0.1362573
vt 0.1419973 0.1399723
vt 0.1431245 0.1386669
vt 0.1378558 0.1367239
vt 0.1406523 0.1410245
vt 0.1419973 0.1399723
vt 0.1372428 0.137078
vt 0.1391451 0.1417892
vt 0.1406523 0.1410245
vt 0.136577 0.137311
vt 0.1375358 0.1422434
vt 0.1391451 0.1417892
vt 0.1358824 0.1374108
vt 0.1358881 0.1423763
vt 0.1375358 0.1422434
vt 0.1351876 0.1373781
vt 0.1342669 0.1421906
vt 0.1358881 0.1423763
vt 0.1345171 0.1372114
vt 0.132734 0.1417022
vt 0.1342669 0.1421906
vt 0.1338965 0.1369179
vt 0.1313456 0.1409404
vt 0.132734 0.1417022
vt 0.1333484 0.1365064
vt 0.1301483 0.1399461
vt 0.1313456 0.1409404
vt 0.1205392 0.2266377
vt 0.1169533 0.2285545
vt 0.1179739 0.230082
vt 0.1162502 0.2268571
vt 0.1169533 0.2285545
vt 0.1205392 0.2266377
vt 0.1158918 0.2250551
vt 0.1162502 0.2268571
vt 0.1201412 0.2256767
vt 0.1199382 0.2236164
vt 0.1158918 0.2232178
vt 0.1158918 0.2250551
vt 0.1201412 0.2225963
vt 0.1162502 0.2214159
vt 0.1158918 0.2232178
vt 0.1169532 0.2197186
vt 0.1162502 0.2214159
vt 0.1201412 0.2225963
vt 0.1211171 0.2207704
vt 0.1179739 0.2181909
vt 0.1169532 0.2197186
vt 0.1218526 0.2200349
vt 0.119273 0.2168918
vt 0.1179739 0.2181909
vt 0.1208006 0.2158711
vt 0.119273 0.2168918
vt 0.1218526 0.2200349
vt 0.1236784 0.219059
vt 0.1224979 0.215168
vt 0.1208006 0.2158711
vt 0.1246985 0.218856
vt 0.1243 0.2148095
vt 0.1224979 0.215168
vt 0.1261373 0.2148095
vt 0.1243 0.2148095
vt 0.1246985 0.218856
vt 0.1267589 0.219059
vt 0.1279392 0.2151679
vt 0.1261373 0.2148095
vt 0.1296366 0.215871
vt 0.1279392 0.2151679
vt 0.1267589 0.219059
vt 0.1285846 0.2200349
vt 0.1311643 0.2168918
vt 0.1296366 0.215871
vt 0.1324633 0.2181909
vt 0.1311643 0.2168918
vt 0.1285846 0.2200349
vt 0.129898 0.2216352
vt 0.1334841 0.2197186
vt 0.1324633 0.2181909
vt 0.1302961 0.2225962
vt 0.1341872 0.221416
vt 0.1334841 0.2197186
vt 0.1345455 0.223218
vt 0.1341872 0.221416
vt 0.1302961 0.2225962
vt 0.1345455 0.2250552
vt 0.1345455 0.223218
vt 0.130499 0.2236164
vt 0.130296 0.2256766
vt 0.134187 0.2268571
vt 0.1345455 0.2250552
vt 0.129898 0.2266377
vt 0.133484 0.2285545
vt 0.134187 0.2268571
vt 0.1324632 0.230082
vt 0.133484 0.2285545
vt 0.129898 0.2266377
vt 0.131164 0.231381
vt 0.1324632 0.230082
vt 0.1293202 0.2275025
vt 0.1296365 0.2324017
vt 0.131164 0.231381
vt 0.1285846 0.228238
vt 0.1267589 0.2292138
vt 0.1279391 0.2331048
vt 0.1296365 0.2324017
vt 0.1257386 0.2294168
vt 0.1261373 0.2334633
vt 0.1279391 0.2331048
vt 0.1243001 0.2334633
vt 0.1261373 0.2334633
vt 0.1257386 0.2294168
vt 0.1236784 0.2292139
vt 0.1224981 0.2331049
vt 0.1243001 0.2334633
vt 0.1208007 0.2324018
vt 0.1224981 0.2331049
vt 0.1236784 0.2292139
vt 0.1218526 0.228238
vt 0.1192731 0.2313812
vt 0.1208007 0.2324018
vt 0.1179739 0.230082
vt 0.1192731 0.2313812
vt 0.1218526 0.228238
vt 0.08794265 0.1839745
vt 0.089042 0.1857505
vt 0.09044313 0.1847479
vt 0.08736383 0.1819078
vt 0.08794265 0.1839745
vt 0.0896703 0.1832405
vt 0.08721691 0.1797774
vt 0.08736383 0.1819078
vt 0.08920359 0.1815662
vt 0.08750796 0.1776616
vt 0.08721691 0.1797774
vt 0.0890817 0.1798187
vt 0.08822572 0.1756371
vt 0.08750796 0.1776616
vt 0.08932685 0.1780845
vt 0.08936792 0.1737913
vt 0.08822572 0.1756371
vt 0.08992379 0.1764367
vt 0.09090471 0.1723523
vt 0.08936792 0.1737913
vt 0.09085226 0.1749579
vt 0.09258705 0.1711947
vt 0.09090471 0.1723523
vt 0.09206968 0.1737248
vt 0.09444737 0.170348
vt 0.09258705 0.1711947
vt 0.09348666 0.1727425
vt 0.09643536 0.1698562
vt 0.09444737 0.170348
vt 0.09505563 0.1720357
vt 0.09847927 0.1697487
vt 0.09643536 0.1698562
vt 0.09672141 0.1716245
vt 0.1004984 0.170034
vt 0.09847927 0.1697487
vt 0.09842705 0.1715348
vt 0.1024161 0.1707007
vt 0.1004984 0.170034
vt 0.1001068 0.1717685
vt 0.1041652 0.1717202
vt 0.1024161 0.1707007
vt 0.1017 0.1723204
vt 0.1057072 0.1730558
vt 0.1041652 0.1717202
vt 0.1031477 0.1731768
vt 0.1070898 0.1746929
vt 0.1057072 0.1730558
vt 0.1044031 0.1743145
vt 0.1061597 0.1773457
vt 0.1080599 0.1767064
vt 0.1070898 0.1746929
vt 0.1065623 0.1791004
vt 0.1085057 0.1788984
vt 0.1080599 0.1767064
vt 0.1066009 0.1808917
vt 0.1085292 0.1810964
vt 0.1085057 0.1788984
vt 0.106256 0.1826268
vt 0.1081098 0.1832777
vt 0.1085292 0.1810964
vt 0.1055395 0.1841941
vt 0.1070651 0.1852246
vt 0.1081098 0.1832777
vt 0.1044991 0.1855181
vt 0.1057085 0.186777
vt 0.1070651 0.1852246
vt 0.1032385 0.1865941
vt 0.1041817 0.1880131
vt 0.1057085 0.186777
vt 0.1018149 0.1874281
vt 0.1025068 0.1889646
vt 0.1041817 0.1880131
vt 0.1002861 0.1880052
vt 0.1007174 0.1896238
vt 0.1025068 0.1889646
vt 0.09869694 0.1883298
vt 0.09885776 0.1899791
vt 0.1007174 0.1896238
vt 0.09709572 0.1883824
vt 0.09698301 0.1900182
vt 0.09885776 0.1899791
vt 0.09553092 0.1881763
vt 0.09514963 0.1897446
vt 0.09698301 0.1900182
vt 0.09404855 0.1877099
vt 0.09341019 0.1891691
vt 0.09514963 0.1897446
vt 0.09268432 0.1869853
vt 0.09180235 0.1883089
vt 0.09341019 0.1891691
vt 0.09147191 0.1860031
vt 0.09034496 0.1871769
vt 0.09180235 0.1883089
vt 0.09044313 0.1847479
vt 0.089042 0.1857505
vt 0.09034496 0.1871769
vt 0.07518845 0.1117524
vt 0.07688581 0.1110493
vt 0.07601326 0.1081729
vt 0.07688581 0.1110493
vt 0.07868778 0.1106909
vt 0.07839316 0.1076995
vt 0.08052498 0.1106909
vt 0.0808196 0.1076995
vt 0.07839316 0.1076995
vt 0.08232694 0.1110493
vt 0.08319956 0.1081729
vt 0.0808196 0.1076995
vt 0.08232694 0.1110493
vt 0.08402431 0.1117524
vt 0.08544129 0.1091014
vt 0.1556888 0.1004347
vt 0.1562753 0.1033828
vt 0.1585973 0.1026784
vt 0.1538604 0.1006148
vt 0.1538604 0.1036206
vt 0.1562753 0.1033828
vt 0.1538604 0.1006148
vt 0.152032 0.1004347
vt 0.1514456 0.1033828
vt 0.152032 0.1004347
vt 0.1502739 0.0999013
vt 0.1491236 0.1026784
vt 0.1674219 0.1310478
vt 0.1674214 0.1286216
vt 0.1665681 0.128622
vt 0.1674214 0.1286216
vt 0.1674214 0.1261953
vt 0.1665682 0.1261955
vt 0.1674214 0.1261953
vt 0.1674224 0.1237688
vt 0.1665691 0.1237689
vt 0.1674224 0.1237688
vt 0.1674242 0.1213423
vt 0.1665708 0.1213423
vt 0.1674242 0.1213423
vt 0.1674266 0.1189155
vt 0.1665732 0.1189155
vt 0.1597756 0.1105928
vt 0.1597751 0.1114519
vt 0.1622017 0.1114533
vt 0.1573491 0.1105924
vt 0.1573488 0.1114514
vt 0.1597751 0.1114519
vt 0.1549226 0.1105928
vt 0.1549224 0.1114519
vt 0.1573488 0.1114514
vt 0.1524962 0.1105943
vt 0.1524962 0.1114533
vt 0.1549224 0.1114519
vt 0.08707898 0.1845204
vt 0.08827167 0.1863534
vt 0.089042 0.1857505
vt 0.09028512 0.17158
vt 0.08868312 0.1730429
vt 0.08936792 0.1737913
vt 0.09209382 0.1703292
vt 0.09028512 0.17158
vt 0.09090471 0.1723523
vt 0.09411472 0.1694021
vt 0.09209382 0.1703292
vt 0.09258705 0.1711947
vt 0.0962848 0.1688622
vt 0.09411472 0.1694021
vt 0.09444737 0.170348
vt 0.09852099 0.1687454
vt 0.0962848 0.1688622
vt 0.09643536 0.1698562
vt 0.1007319 0.1690611
vt 0.09852099 0.1687454
vt 0.09847927 0.1697487
vt 0.1028302 0.1697944
vt 0.1007319 0.1690611
vt 0.1004984 0.170034
vt 0.1047403 0.1709078
vt 0.1028302 0.1697944
vt 0.1024161 0.1707007
vt 0.1064163 0.1723429
vt 0.1047403 0.1709078
vt 0.1041652 0.1717202
vt 0.1078793 0.1740171
vt 0.1064163 0.1723429
vt 0.1057072 0.1730558
vt 0.1070651 0.1852246
vt 0.107931 0.1858414
vt 0.1090738 0.1837972
vt 0.1057085 0.186777
vt 0.106368 0.187492
vt 0.107931 0.1858414
vt 0.1041817 0.1880131
vt 0.1047037 0.1887982
vt 0.106368 0.187492
vt 0.1025068 0.1889646
vt 0.1028927 0.1898117
vt 0.1047037 0.1887982
vt 0.1007174 0.1896238
vt 0.1009594 0.190516
vt 0.1028927 0.1898117
vt 0.09885776 0.1899791
vt 0.09894865 0.1908916
vt 0.1009594 0.190516
vt 0.09698301 0.1900182
vt 0.09692043 0.1909239
vt 0.09894865 0.1908916
vt 0.09514963 0.1897446
vt 0.09493774 0.1906159
vt 0.09692043 0.1909239
vt 0.09341019 0.1891691
vt 0.09305834 0.1899837
vt 0.09493774 0.1906159
vt 0.09180235 0.1883089
vt 0.09132188 0.1890552
vt 0.09305834 0.1899837
vt 0.09034496 0.1871769
vt 0.08973753 0.1878551
vt 0.09132188 0.1890552
vt 0.089042 0.1857505
vt 0.08827167 0.1863534
vt 0.08973753 0.1878551
vt 0.07518839 0.1032529
vt 0.07377147 0.1059039
vt 0.07601326 0.1068325
vt 0.07688581 0.103956
vt 0.07601326 0.1068325
vt 0.0783931 0.1073059
vt 0.08052498 0.1043144
vt 0.07868772 0.1043144
vt 0.0783931 0.1073059
vt 0.08232694 0.103956
vt 0.08052498 0.1043144
vt 0.0808196 0.1073059
vt 0.08402431 0.1032529
vt 0.08232694 0.103956
vt 0.0831995 0.1068325
vt 0.08209455 0.1028592
vt 0.08324468 0.1000827
vt 0.08092272 0.0993783
vt 0.07850807 0.1021459
vt 0.08033645 0.1023259
vt 0.08092272 0.0993783
vt 0.07850807 0.1021459
vt 0.07850807 0.0991405
vt 0.07609337 0.0993783
vt 0.0766797 0.1023259
vt 0.07609337 0.0993783
vt 0.07377147 0.1000827
vt 0.1085372 0.1901334
vt 0.110352 0.1884475
vt 0.107931 0.1858414
vt 0.1047037 0.1887982
vt 0.1064904 0.1916451
vt 0.1085372 0.1901334
vt 0.1028927 0.1898117
vt 0.1042361 0.1928735
vt 0.1064904 0.1916451
vt 0.1009594 0.190516
vt 0.1017991 0.1937438
vt 0.1042361 0.1928735
vt 0.09894865 0.1908916
vt 0.09924143 0.1941965
vt 0.1017991 0.1937438
vt 0.09692043 0.1909239
vt 0.09665268 0.1941965
vt 0.09924143 0.1941965
vt 0.09493774 0.1906159
vt 0.09413492 0.1937435
vt 0.09665268 0.1941965
vt 0.09305834 0.1899837
vt 0.09178501 0.1928769
vt 0.09413492 0.1937435
vt 0.09132188 0.1890552
vt 0.0896719 0.191677
vt 0.09178501 0.1928769
vt 0.08973753 0.1878551
vt 0.08780956 0.1902582
vt 0.0896719 0.191677
vt 0.08827167 0.1863534
vt 0.08612775 0.1887666
vt 0.08780956 0.1902582
vt 0.1678635 0.0874013
vt 0.1678627 0.0882603
vt 0.1708681 0.0882603
vt 0.160562 0.1833199
vt 0.160562 0.180314
vt 0.159703 0.1803156
vt 0.09419816 0.7684491
vt 0.09245592 0.7684489
vt 0.09245574 0.7710788
vt 0.09071362 0.7684489
vt 0.0907135 0.7710786
vt 0.09245574 0.7710788
vt 0.08897137 0.7684488
vt 0.08897113 0.7710785
vt 0.0907135 0.7710786
vt 0.08897137 0.7684488
vt 0.08722907 0.7684486
vt 0.08722889 0.7710784
vt 0.08548688 0.7684485
vt 0.08548665 0.7710783
vt 0.08722889 0.7710784
vt 0.08374464 0.7684484
vt 0.0837444 0.771078
vt 0.08548665 0.7710783
vt 0.08200228 0.7710779
vt 0.0837444 0.771078
vt 0.08374464 0.7684484
vt 0.08026015 0.7710777
vt 0.08200228 0.7710779
vt 0.08200246 0.7684483
vt 0.07851827 0.7684481
vt 0.07851815 0.7710776
vt 0.08026015 0.7710777
vt 0.07677614 0.7710774
vt 0.07851815 0.7710776
vt 0.07851827 0.7684481
vt 0.0750342 0.7684479
vt 0.0750342 0.7710773
vt 0.07677614 0.7710774
vt 0.0750342 0.7684479
vt 0.07329225 0.7684479
vt 0.07329213 0.7710773
vt 0.07155019 0.7684479
vt 0.07155019 0.7710773
vt 0.07329213 0.7710773
vt 0.06980824 0.7710773
vt 0.07155019 0.7710773
vt 0.07155019 0.7684479
vt 0.06806612 0.7684479
vt 0.06806623 0.7710774
vt 0.06980824 0.7710773
vt 0.06632417 0.7710774
vt 0.06806623 0.7710774
vt 0.06806612 0.7684479
vt 0.06458193 0.768448
vt 0.0645821 0.7710776
vt 0.06632417 0.7710774
vt 0.06283998 0.7710777
vt 0.0645821 0.7710776
vt 0.06458193 0.768448
vt 0.06109756 0.7684483
vt 0.0610978 0.7710779
vt 0.06283998 0.7710777
vt 0.05935531 0.7684484
vt 0.05935555 0.7710781
vt 0.0610978 0.7710779
vt 0.05761337 0.7710783
vt 0.05935555 0.7710781
vt 0.05935531 0.7684484
vt 0.05587089 0.7684488
vt 0.05587118 0.7710785
vt 0.05761337 0.7710783
vt 0.05412864 0.7684489
vt 0.05412894 0.7710786
vt 0.05587118 0.7710785
vt 0.0523867 0.7710788
vt 0.05412894 0.7710786
vt 0.05412864 0.7684489
vt 0.1499992 0.1941965
vt 0.1517026 0.1941939
vt 0.1516991 0.191937
vt 0.1500236 0.1290719
vt 0.1500054 0.1314074
vt 0.1516939 0.1308882
vt 0.1500054 0.1314074
vt 0.1499755 0.1331519
vt 0.1516856 0.1331541
vt 0.1499726 0.1354178
vt 0.1516826 0.13542
vt 0.1516856 0.1331541
vt 0.1499726 0.1354178
vt 0.1499698 0.1376835
vt 0.1516796 0.1376856
vt 0.1499672 0.1399491
vt 0.151677 0.1399511
vt 0.1516796 0.1376856
vt 0.1499672 0.1399491
vt 0.1499648 0.1422144
vt 0.1516743 0.1422162
vt 0.1499648 0.1422144
vt 0.1499627 0.1444795
vt 0.1516719 0.1444811
vt 0.1499608 0.1467441
vt 0.1516698 0.1467456
vt 0.1516719 0.1444811
vt 0.1499593 0.1490085
vt 0.151668 0.1490097
vt 0.1516698 0.1467456
vt 0.1516664 0.1512734
vt 0.151668 0.1490097
vt 0.1499593 0.1490085
vt 0.1516652 0.1535367
vt 0.1516664 0.1512734
vt 0.1499581 0.1512725
vt 0.1499568 0.155799
vt 0.1516643 0.1557993
vt 0.1516652 0.1535367
vt 0.1499568 0.1580615
vt 0.1516638 0.1580615
vt 0.1516643 0.1557993
vt 0.1516638 0.160323
vt 0.1516638 0.1580615
vt 0.1499568 0.1580615
vt 0.1499572 0.1603234
vt 0.149958 0.1625847
vt 0.1516643 0.1625839
vt 0.1499595 0.1648453
vt 0.1516652 0.1648443
vt 0.1516643 0.1625839
vt 0.1516665 0.1671038
vt 0.1516652 0.1648443
vt 0.1499595 0.1648453
vt 0.1499614 0.1671052
vt 0.1499636 0.1693644
vt 0.1516684 0.1693628
vt 0.1516706 0.1716213
vt 0.1516684 0.1693628
vt 0.1499636 0.1693644
vt 0.1499691 0.1738814
vt 0.1516732 0.1738793
vt 0.1516706 0.1716213
vt 0.151676 0.176137
vt 0.1516732 0.1738793
vt 0.1499691 0.1738814
vt 0.1499752 0.1783968
vt 0.151679 0.1783944
vt 0.151676 0.176137
vt 0.1499786 0.1806542
vt 0.1516821 0.1806517
vt 0.151679 0.1783944
vt 0.1516854 0.1829089
vt 0.1516821 0.1806517
vt 0.1499786 0.1806542
vt 0.1499854 0.1851686
vt 0.1516888 0.185166
vt 0.1516854 0.1829089
vt 0.1499888 0.1874255
vt 0.1516923 0.187423
vt 0.1516888 0.185166
vt 0.1516957 0.18968
vt 0.1516923 0.187423
vt 0.1499888 0.1874255
vt 0.1499924 0.1896826
vt 0.1499958 0.1919395
vt 0.1516991 0.191937
vt 0.1401804 0.2152659
vt 0.1368408 0.2148441
vt 0.1349392 0.2152659
vt 0.170532 0.1905345
vt 0.1727468 0.1918251
vt 0.1733105 0.1905345
vt 0.1738663 0.1195345
vt 0.1738663 0.1162954
vt 0.1729381 0.1166512
vt 0.1487299 0.0974034
vt 0.1485097 0.0954674
vt 0.1486738 0.0971765
vt 0.1485097 0.0954674
vt 0.1479228 0.0953396
vt 0.1486738 0.0971765
vt 0.1485097 0.0954674
vt 0.1487299 0.0935327
vt 0.1479228 0.0953396
vt 0.1563851 0.221837
vt 0.1555879 0.2172282
vt 0.1555879 0.2220998
vt 0.1653489 0.1025237
vt 0.1628573 0.103062
vt 0.1653489 0.1099006
vt 0.1738056 0.2267412
vt 0.172515 0.2282398
vt 0.1738056 0.2293566
vt 0.1358309 0.7636492
vt 0.1358138 0.7640051
vt 0.1462282 0.7640051
vt 0.0629611 0.7652449
vt 0.05238652 0.7681446
vt 0.0723046 0.7681446
vt 0.1194984 0.7612909
vt 0.1127045 0.7593042
vt 0.1096974 0.7612909
vt 0.05429255 0.7498671
vt 0.05238652 0.7498671
vt 0.05321747 0.7503533
vt 0.1643982 0.8594947
vt 0.1647582 0.8597399
vt 0.1647582 0.8591082
vt 0.1642975 0.7819365
vt 0.1639891 0.7823908
vt 0.1650163 0.7823908
vt 0.1644018 0.8448797
vt 0.163874 0.8453595
vt 0.1649011 0.8453595
vt 0.1035698 0.1168923
vt 0.1035698 0.1143818
vt 0.1029632 0.1148112
vt 0.1263688 0.1061307
vt 0.1263688 0.1079895
vt 0.1269301 0.1061736
vt 0.1603677 0.226693
vt 0.1622065 0.2249069
vt 0.1592839 0.2257379
vt 0.1035562 0.1180631
vt 0.1029632 0.117286
vt 0.1029632 0.1215571
vt 0.08943217 0.0971135
vt 0.08894902 0.0962641
vt 0.07377147 0.0971135
vt 0.1592839 0.2257379
vt 0.1622065 0.2249069
vt 0.1580805 0.2251573
vt 0.1622065 0.2249069
vt 0.1567675 0.2249069
vt 0.1580805 0.2251573
vt 0.04412001 0.0976903
vt 0.05405223 0.098013
vt 0.05534833 0.0976903
vt 0.04412001 0.0976903
vt 0.05288207 0.0986599
vt 0.05405223 0.098013
vt 0.05288207 0.0986599
vt 0.04412001 0.0976903
vt 0.05192059 0.0995879
vt 0.1474494 0.0917916
vt 0.1415793 0.0917916
vt 0.1432441 0.0927697
vt 0.0815466 0.7521099
vt 0.08165091 0.7521111
vt 0.08165091 0.7510747
vt 0.1505466 0.8026232
vt 0.1502656 0.8024295
vt 0.1497614 0.8026232
vt 0.173331 0.162046
vt 0.1735821 0.1614854
vt 0.1736675 0.1570396
vt 0.173331 0.162046
vt 0.1736675 0.1626594
vt 0.1735821 0.1614854
vt 0.1481802 0.201107
vt 0.1481802 0.1987281
vt 0.1463729 0.2005533
vt 0.1016182 0.0964849
vt 0.09306031 0.0964849
vt 0.1012217 0.0987469
vt 0.16799 0.2069313
vt 0.1660044 0.2121344
vt 0.16799 0.2127178
vt 0.1316087 0.8103624
vt 0.1318097 0.8101364
vt 0.1279351 0.8101364
vt 0.1279351 0.8101364
vt 0.1314545 0.8107123
vt 0.1316087 0.8103624
vt 0.06236243 0.7521583
vt 0.05812275 0.7523203
vt 0.06638187 0.7523203
vt 0.1648449 0.7884244
vt 0.163626 0.7888272
vt 0.1647982 0.7887273
vt 0.163626 0.7888272
vt 0.1648449 0.7890966
vt 0.1647982 0.7887273
vt 0.1417436 0.2124487
vt 0.1158918 0.2124488
vt 0.1234774 0.2144158
vt 0.1489883 0.7784047
vt 0.1493399 0.7785082
vt 0.1493712 0.7784047
vt 0.1532818 0.7735875
vt 0.1540963 0.7735875
vt 0.1540505 0.7734313
vt 0.154668 0.7734855
vt 0.1543995 0.7734855
vt 0.1546346 0.7735875
vt 0.142409 0.7501156
vt 0.1423733 0.7497288
vt 0.1384472 0.7501156
vt 0.1543432 0.8232859
vt 0.1540368 0.8232338
vt 0.1535999 0.8232859
vt 0.1760795 0.2084078
vt 0.1739073 0.2084078
vt 0.1760416 0.2091064
vt 0.1607193 0.1644535
vt 0.1580746 0.1655905
vt 0.1607193 0.1798845
vt 0.1362414 0.0991433
vt 0.1264936 0.0975159
vt 0.1246978 0.0991433
vt 0.1738408 0.2131601
vt 0.1732593 0.2141836
vt 0.1738408 0.217263
vt 0.1668781 0.169461
vt 0.1668781 0.1763485
vt 0.1682832 0.1719945
vt 0.1494483 0.1684701
vt 0.1495102 0.1665894
vt 0.1340985 0.1665894
vt 0.1491236 0.097797
vt 0.1495798 0.0995077
vt 0.1633805 0.097797
vt 0.1032379 0.1683517
vt 0.104556 0.1662769
vt 0.08612775 0.1662769
vt 0.1627895 0.8549538
vt 0.1652998 0.8549538
vt 0.1650654 0.8543651
vt 0.1643487 0.7741404
vt 0.1643487 0.7730565
vt 0.1638504 0.7738345
vt 0.1643469 0.8494372
vt 0.1643469 0.8482335
vt 0.1638308 0.8491626
vt 0.1325072 0.8136732
vt 0.1325072 0.8110307
vt 0.1321837 0.8136207
vt 0.1523864 0.8009601
vt 0.1539493 0.8001038
vt 0.1513802 0.7991894
vt 0.1523864 0.8009601
vt 0.1513802 0.8084459
vt 0.1539493 0.8001038
vt 0.1223024 0.1032658
vt 0.1224555 0.103639
vt 0.1257893 0.1032658
vt 0.09666651 0.092597
vt 0.09965014 0.092097
vt 0.09595465 0.092097
vt 0.09965014 0.092097
vt 0.09666651 0.092597
vt 0.09964883 0.0947139
vt 0.1731738 0.1310483
vt 0.1740463 0.1302979
vt 0.1731738 0.1277112
vt 0.1587193 0.7612941
vt 0.1572881 0.7633688
vt 0.1587193 0.7667178
vt 0.1641683 0.8526916
vt 0.1646737 0.8527747
vt 0.1646737 0.8521505
vt 0.07842332 0.7512736
vt 0.07619869 0.7521111
vt 0.07911485 0.7521111
vt 0.08582609 0.7650432
vt 0.08582609 0.7600847
vt 0.08462339 0.7609563
vt 0.153721 0.8183566
vt 0.1545362 0.8195982
vt 0.1550162 0.8087491
vt 0.1545362 0.8195982
vt 0.1550162 0.8210044
vt 0.1550162 0.8087491
vt 0.144756 0.8200048
vt 0.144383 0.8127556
vt 0.1446402 0.8203283
vt 0.144383 0.8127556
vt 0.144383 0.8210788
vt 0.1446402 0.8203283
vt 0.1272872 0.7604721
vt 0.1271836 0.7596536
vt 0.1271836 0.7612909
vt 0.1568022 0.8580652
vt 0.1557466 0.857019
vt 0.1549857 0.861919
vt 0.1557466 0.857019
vt 0.1549857 0.8557434
vt 0.1549857 0.861919
vt 0.08087635 0.7527224
vt 0.0726304 0.7524145
vt 0.07260787 0.7527224
vt 0.1149146 0.810172
vt 0.1187214 0.810172
vt 0.1174516 0.8101277
vt 0.1740923 0.1803598
vt 0.1740923 0.1780169
vt 0.1736361 0.1797851
vt 0.1740923 0.1780169
vt 0.1728194 0.1788432
vt 0.1736361 0.1797851
vt 0.1550619 0.8467158
vt 0.1563766 0.846332
vt 0.1550619 0.846332
vt 0.1581946 0.8072845
vt 0.1581946 0.8084459
vt 0.1582108 0.8082167
vt 0.1234577 0.7628599
vt 0.1235003 0.7636914
vt 0.1235003 0.7625932
vt 0.1234577 0.7628599
vt 0.1234967 0.7640164
vt 0.1235003 0.7636914
vt 0.1082497 0.757005
vt 0.1082497 0.758212
vt 0.1082825 0.7578296
vt 0.1582073 0.8069812
vt 0.1582073 0.8059354
vt 0.1581946 0.8062485
vt 0.1763947 0.0914178
vt 0.1744085 0.0910638
vt 0.1742158 0.0914178
vt 0.1763223 0.1744188
vt 0.1738874 0.1745518
vt 0.1742001 0.1748089
vt 0.09345519 0.0915815
vt 0.09522277 0.0901731
vt 0.09531837 0.0898471
vt 0.09517103 0.0905769
vt 0.09345519 0.0915815
vt 0.09521734 0.0909114
vt 0.09345519 0.0915815
vt 0.0953406 0.0912602
vt 0.09521734 0.0909114
vt 0.09345519 0.0915815
vt 0.09531837 0.0898471
vt 0.0955252 0.0894985
vt 0.09345519 0.0915815
vt 0.09517103 0.0905769
vt 0.09522277 0.0901731
vt 0.0955252 0.0915835
vt 0.0953406 0.0912602
vt 0.09345519 0.0915815
vt 0.1738874 0.1745518
vt 0.1763223 0.1744188
vt 0.1736071 0.1744188
vt 0.1673694 0.2042756
vt 0.1671402 0.2039846
vt 0.1646627 0.2042756
vt 0.0720061 0.093212
vt 0.07257056 0.0954568
vt 0.07321363 0.0941222
vt 0.0720061 0.093212
vt 0.07222765 0.0954623
vt 0.07257056 0.0954568
vt 0.07222765 0.0954623
vt 0.0720061 0.0977125
vt 0.07257056 0.0954568
vt 0.06669116 0.7562906
vt 0.07223266 0.7570069
vt 0.07223266 0.7555719
vt 0.06064563 0.75645
vt 0.05238652 0.75645
vt 0.05283057 0.7576545
vt 0.1576209 0.7765432
vt 0.1575409 0.7754753
vt 0.1554917 0.7757193
vt 0.09008991 0.7540598
vt 0.09029787 0.7539879
vt 0.09066981 0.7527963
vt 0.1554917 0.7757193
vt 0.1575409 0.7754753
vt 0.1574845 0.7743943
vt 0.1752349 0.1245154
vt 0.1752308 0.1241459
vt 0.1740774 0.1241329
vt 0.1752373 0.1248851
vt 0.1752349 0.1245154
vt 0.1739795 0.124606
vt 0.1739825 0.1252835
vt 0.1752373 0.1252549
vt 0.1752373 0.1248851
vt 0.1545351 0.7570891
vt 0.1554455 0.7564727
vt 0.1545351 0.7548908
vt 0.1741516 0.1576421
vt 0.1753066 0.1575234
vt 0.1753163 0.1571541
vt 0.04564076 0.0924245
vt 0.04562395 0.0927936
vt 0.04750239 0.092764
vt 0.1741516 0.1576421
vt 0.1743154 0.1581509
vt 0.1752938 0.1578927
vt 0.1248521 0.7591846
vt 0.1253111 0.7591647
vt 0.1252803 0.7581861
vt 0.1247333 0.7571759
vt 0.1246975 0.7581904
vt 0.1252803 0.7581861
vt 0.1743148 0.2123641
vt 0.1742905 0.2127328
vt 0.1762043 0.2127328
vt 0.08082377 0.75086
vt 0.07943791 0.7511322
vt 0.07941812 0.7521111
vt 0.1740217 0.1256771
vt 0.1739926 0.1260457
vt 0.175939 0.1260623
vt 0.1410638 0.1978943
vt 0.1226919 0.1978943
vt 0.1358667 0.2116523
vt 0.1739926 0.1260457
vt 0.1739655 0.1264144
vt 0.1759405 0.1264144
vt 0.1642503 0.8042096
vt 0.1636973 0.8041965
vt 0.1638721 0.8054985
vt 0.1687247 0.1663636
vt 0.1687015 0.1667324
vt 0.1706986 0.1667169
vt 0.1630346 0.7667178
vt 0.1643997 0.7663554
vt 0.1641991 0.7658268
vt 0.05583524 0.1032801
vt 0.05616289 0.103451
vt 0.05696582 0.1016049
vt 0.05696582 0.1016049
vt 0.05616289 0.103451
vt 0.0695483 0.103451
vt 0.119391 0.7508671
vt 0.1205585 0.7508671
vt 0.1201653 0.7499908
vt 0.1649609 0.8251783
vt 0.1636939 0.8251783
vt 0.1637209 0.8257567
vt 0.04368263 0.0986148
vt 0.04337549 0.0989122
vt 0.04368263 0.0989262
vt 0.1642467 0.8304961
vt 0.1631572 0.8304961
vt 0.1631785 0.8310488
vt 0.1642313 0.8310715
vt 0.1631785 0.8310488
vt 0.1631999 0.8316445
vt 0.1749947 0.0966629
vt 0.1750013 0.0960629
vt 0.1746522 0.0961971
vt 0.1753465 0.0966794
vt 0.1753465 0.095916
vt 0.1750013 0.0960629
vt 0.08965265 0.7496212
vt 0.08973687 0.7502996
vt 0.09006202 0.750308
vt 0.1278727 0.0888965
vt 0.1278778 0.0879688
vt 0.1275416 0.0881088
vt 0.1282243 0.0889195
vt 0.1282243 0.0878222
vt 0.1278778 0.0879688
vt 0.1381375 0.7510822
vt 0.1370407 0.7510822
vt 0.1370726 0.751657
vt 0.1649593 0.8581589
vt 0.1638038 0.8581589
vt 0.1638372 0.8587432
vt 0.1609984 0.7604949
vt 0.1609984 0.761412
vt 0.1615223 0.7611948
vt 0.1609984 0.7604949
vt 0.1615223 0.7611948
vt 0.1617569 0.7611741
vt 0.1381339 0.7516683
vt 0.1370726 0.751657
vt 0.1370984 0.7522504
vt 0.1481482 0.1979273
vt 0.1464302 0.1979567
vt 0.1463729 0.1983344
vt 0.1578163 0.8124629
vt 0.156705 0.8124619
vt 0.1567398 0.8130469
vt 0.1574647 0.8136425
vt 0.1578163 0.8130593
vt 0.1567398 0.8130469
vt 0.07377147 0.0870473
vt 0.076366 0.0870473
vt 0.07633459 0.0866667
vt 0.09066748 0.751282
vt 0.08970886 0.7513016
vt 0.08974909 0.7518969
vt 0.09066981 0.7506768
vt 0.0896601 0.7506112
vt 0.08970886 0.7513016
vt 0.0906673 0.7518877
vt 0.08974909 0.7518969
vt 0.08978635 0.7524919
vt 0.1486882 0.0871056
vt 0.1486586 0.0867249
vt 0.146064 0.0867256
vt 0.1265667 0.0995369
vt 0.1246988 0.0998037
vt 0.1246978 0.1001865
vt 0.1646999 0.7512967
vt 0.1638165 0.7513064
vt 0.1638569 0.7519014
vt 0.1049871 0.759222
vt 0.1045089 0.758795
vt 0.1045089 0.759476
vt 0.08610725 0.7501182
vt 0.08609652 0.7496015
vt 0.08543342 0.749527
vt 0.1637741 0.0871009
vt 0.166369 0.0871009
vt 0.1663373 0.0867197
vt 0.06049579 0.0870944
vt 0.06320303 0.0870944
vt 0.06317603 0.0867132
vt 0.1638755 0.8479302
vt 0.1648573 0.8479302
vt 0.164759 0.847315
vt 0.1648406 0.8470117
vt 0.1648406 0.8464063
vt 0.1639025 0.8464742
vt 0.1646661 0.7690787
vt 0.1646661 0.7683681
vt 0.1641873 0.7683731
vt 0.05080986 0.0870889
vt 0.05078065 0.0867089
vt 0.0481857 0.0867079
vt 0.1642526 0.8200899
vt 0.1641867 0.8195753
vt 0.1640246 0.8196317
vt 0.164302 0.82093
vt 0.1642526 0.8200899
vt 0.1640449 0.820148
vt 0.09197533 0.0872927
vt 0.09195339 0.0869106
vt 0.08924615 0.0869112
vt 0.1496713 0.8470301
vt 0.1495631 0.8463342
vt 0.1494643 0.8463729
vt 0.1496713 0.8470301
vt 0.1497356 0.847545
vt 0.1499432 0.8474848
vt 0.1541351 0.7739781
vt 0.1532818 0.7738908
vt 0.1534394 0.7745122
vt 0.154611 0.7746589
vt 0.155108 0.77411
vt 0.1541351 0.7739781
vt 0.1497356 0.847545
vt 0.1498143 0.8483828
vt 0.1500852 0.8483301
vt 0.1498487 0.849059
vt 0.1498143 0.8483828
vt 0.1495454 0.848484
vt 0.1325803 0.8103501
vt 0.1322952 0.8101351
vt 0.132113 0.8107123
vt 0.1495631 0.8463342
vt 0.1496713 0.8470301
vt 0.1498339 0.8469756
vt 0.1501498 0.8474212
vt 0.1499974 0.8469224
vt 0.1498339 0.8469756
vt 0.0723046 0.759228
vt 0.0718159 0.7594613
vt 0.07154494 0.7612913
vt 0.1536943 0.77993
vt 0.155108 0.7831527
vt 0.154093 0.774582
vt 0.1498143 0.8483828
vt 0.1498487 0.849059
vt 0.1501498 0.8490167
vt 0.05854415 0.0871134
vt 0.05851697 0.086732
vt 0.05586296 0.086732
vt 0.1637255 0.8215582
vt 0.1636939 0.8223753
vt 0.1646088 0.8221571
vt 0.1272305 0.7628033
vt 0.127167 0.7619426
vt 0.1269518 0.7619634
vt 0.1638684 0.8068478
vt 0.1638058 0.8061513
vt 0.1636993 0.8061626
vt 0.1639192 0.8073668
vt 0.1641336 0.8073431
vt 0.1640387 0.8068304
vt 0.115651 0.7518521
vt 0.1157218 0.7518345
vt 0.1157906 0.751813
vt 0.1272552 0.763488
vt 0.1272305 0.7628033
vt 0.1269559 0.7628205
vt 0.1638058 0.8061513
vt 0.1637699 0.8058018
vt 0.1636973 0.8058099
vt 0.1638684 0.8068478
vt 0.1640387 0.8068304
vt 0.1639115 0.8061411
vt 0.1038834 0.0873197
vt 0.106669 0.0873197
vt 0.1066522 0.0869386
vt 0.1647867 0.8516798
vt 0.1647849 0.8510604
vt 0.1644819 0.8511058
vt 0.06300795 0.7597878
vt 0.06322354 0.7598002
vt 0.06317865 0.7592824
vt 0.1585984 0.7607618
vt 0.1587046 0.7607618
vt 0.1586736 0.760411
vt 0.06300795 0.7592664
vt 0.06317865 0.7592824
vt 0.06313163 0.7585785
vt 0.1641587 0.7637094
vt 0.1644342 0.7637094
vt 0.1643937 0.7628525
vt 0.09235805 0.0966669
vt 0.08982914 0.0967312
vt 0.0898258 0.0971135
vt 0.1741826 0.1649513
vt 0.1741211 0.1653125
vt 0.1764912 0.1653125
vt 0.1591889 0.8394309
vt 0.1592204 0.8393294
vt 0.1588661 0.839286
vt 0.1645145 0.7846976
vt 0.1645145 0.7853169
vt 0.1648293 0.7852582
vt 0.1647406 0.8073473
vt 0.1647123 0.8066822
vt 0.1644369 0.8066817
vt 0.1588885 0.8392172
vt 0.1588661 0.839286
vt 0.1592204 0.8393294
vt 0.1599222 0.8394001
vt 0.1599638 0.8392334
vt 0.1592518 0.8392275
vt 0.1604411 0.8394294
vt 0.160481 0.8392172
vt 0.1599638 0.8392334
vt 0.03198415 0.0876363
vt 0.0319724 0.0872129
vt 0.02960294 0.087248
vt 0.1630601 0.7539503
vt 0.162936 0.7542919
vt 0.1650379 0.7543647
vt 0.1648445 0.7956852
vt 0.1648508 0.7951534
vt 0.1645466 0.7951534
vt 0.1553195 0.8210044
vt 0.1564018 0.8209121
vt 0.1558265 0.8125048
vt 0.05468285 0.0869259
vt 0.05467128 0.0865369
vt 0.05230116 0.0865372
vt 0.164219 0.8190986
vt 0.1644942 0.8191025
vt 0.1644338 0.8182622
vt 0.1535579 0.0873958
vt 0.1563642 0.0873958
vt 0.1563535 0.087014
vt 0.106732 0.7518518
vt 0.106786 0.7526974
vt 0.1084868 0.7526974
vt 0.1186498 0.0872883
vt 0.1214019 0.0872883
vt 0.1213793 0.0869068
vt 0.04341322 0.0865817
vt 0.04101884 0.0865817
vt 0.04100787 0.0869707
vt 0.1644819 0.8507571
vt 0.1647859 0.8507416
vt 0.1647565 0.8501115
vt 0.06636273 0.7507885
vt 0.06637138 0.7502038
vt 0.06467062 0.7502038
vt 0.1644369 0.8058466
vt 0.1644369 0.8063784
vt 0.1647516 0.8063184
vt 0.1032153 0.7532284
vt 0.094976 0.7529083
vt 0.09496378 0.7532284
vt 0.1643207 0.7610565
vt 0.1645958 0.761071
vt 0.1645324 0.760256
vt 0.1629139 0.8535268
vt 0.1627895 0.8540291
vt 0.1652307 0.8540618
vt 0.07329005 0.0869356
vt 0.073282 0.0865471
vt 0.07088828 0.0865469
vt 0.06636738 0.7526237
vt 0.05812275 0.7526237
vt 0.05812436 0.7529438
vt 0.1023646 0.0873374
vt 0.102348 0.086956
vt 0.09959596 0.0869554
vt 0.1764034 0.13768
vt 0.1763944 0.1372917
vt 0.1739777 0.1372915
vt 0.1758192 0.1271905
vt 0.1758155 0.126808
vt 0.1730092 0.1268085
vt 0.1089184 0.7693973
vt 0.1089184 0.7698672
vt 0.109234 0.76981
vt 0.07048612 0.0869356
vt 0.07048475 0.0865464
vt 0.06807667 0.0865462
vt 0.1702778 0.0866181
vt 0.1678674 0.0866182
vt 0.1678627 0.0870076
vt 0.131928 0.7489948
vt 0.1318474 0.7495733
vt 0.1344575 0.7495733
vt 0.1645284 0.7944496
vt 0.1645284 0.7948501
vt 0.1648449 0.7947999
vt 0.07920384 0.0870473
vt 0.07919925 0.0866581
vt 0.07676458 0.0866576
vt 0.09595453 0.7585388
vt 0.09595453 0.7588592
vt 0.1041993 0.7588873
vt 0.06033307 0.0992353
vt 0.05583524 0.1006893
vt 0.06568944 0.1006893
vt 0.1039742 0.1063944
vt 0.1214402 0.1063944
vt 0.1193748 0.1033761
vt 0.09315228 0.7522553
vt 0.09459662 0.7522553
vt 0.09385496 0.7511368
vt 0.158915 0.7990833
vt 0.1585943 0.7990833
vt 0.1585978 0.8073339
vt 0.1589155 0.8073469
vt 0.1592354 0.8073668
vt 0.1592354 0.7990833
vt 0.1763167 0.1875185
vt 0.1763005 0.1871302
vt 0.1738232 0.1872233
vt 0.05583524 0.108939
vt 0.05583542 0.1117524
vt 0.07312119 0.1117524
vt 0.1338534 0.8514588
vt 0.1364624 0.8499806
vt 0.1347254 0.8502912
vt 0.1367275 0.850502
vt 0.1364624 0.8499806
vt 0.1338534 0.8514588
vt 0.1344696 0.85246
vt 0.1369926 0.8510209
vt 0.1367275 0.850502
vt 0.1347847 0.8529553
vt 0.1372567 0.8515385
vt 0.1369926 0.8510209
vt 0.13752 0.8520569
vt 0.1372567 0.8515385
vt 0.1347847 0.8529553
vt 0.1354242 0.8539385
vt 0.137785 0.8525757
vt 0.13752 0.8520569
vt 0.133555 0.8558065
vt 0.1391466 0.861919
vt 0.1396293 0.8615575
vt 0.1396293 0.8615575
vt 0.141371 0.8604702
vt 0.1400654 0.8530302
vt 0.1394168 0.8492802
vt 0.1391903 0.8487398
vt 0.1364624 0.8499806
vt 0.1369926 0.8510209
vt 0.1396383 0.8498243
vt 0.1394168 0.8492802
vt 0.139854 0.8503702
vt 0.1396383 0.8498243
vt 0.1369926 0.8510209
vt 0.1400655 0.8509179
vt 0.139854 0.8503702
vt 0.1372567 0.8515385
vt 0.137785 0.8525757
vt 0.1402747 0.8514653
vt 0.1400655 0.8509179
vt 0.1391903 0.8487398
vt 0.1389582 0.8482019
vt 0.1362096 0.849452
vt 0.1400654 0.8530302
vt 0.1402747 0.8514653
vt 0.137785 0.8525757
vt 0.1676414 0.2244229
vt 0.1699173 0.2244228
vt 0.1701179 0.2206324
vt 0.07118284 0.763409
vt 0.07103174 0.7631378
vt 0.0700733 0.7626359
vt 0.07126361 0.763748
vt 0.07118284 0.763409
vt 0.06729602 0.7635252
vt 0.07126361 0.764066
vt 0.07126361 0.763748
vt 0.06729602 0.7635252
vt 0.1586129 0.7713199
vt 0.1586132 0.7683637
vt 0.1580284 0.7683462
vt 0.1591975 0.7712961
vt 0.1591976 0.7683874
vt 0.1586132 0.7683637
vt 0.07126361 0.764066
vt 0.06729602 0.7635252
vt 0.07097733 0.7649416
vt 0.1597815 0.7712685
vt 0.1597813 0.7684148
vt 0.1591976 0.7683874
vt 0.1603652 0.7684457
vt 0.1597813 0.7684148
vt 0.1597815 0.7712685
vt 0.07161247 0.0931301
vt 0.06377589 0.0931301
vt 0.06797957 0.0942303
vt 0.1445165 0.7494223
vt 0.1472434 0.7494232
vt 0.147276 0.7488387
vt 0.1702231 0.2334631
vt 0.1704238 0.2296729
vt 0.1677464 0.2296729
vt 0.02959042 0.0922378
vt 0.02958971 0.0930772
vt 0.03385663 0.0930772
vt 0.07919001 0.7500342
vt 0.07920098 0.7494496
vt 0.07725077 0.7494496
vt 0.1611394 0.8411737
vt 0.1608967 0.8397848
vt 0.1581698 0.8397599
vt 0.15661 0.1532862
vt 0.1559736 0.1554712
vt 0.15758 0.1558574
vt 0.1533904 0.0914372
vt 0.1491236 0.0914286
vt 0.1491236 0.0933765
vt 0.04506289 0.0936928
vt 0.03703492 0.0936928
vt 0.03881746 0.0944353
vt 0.1262435 0.1666939
vt 0.1107457 0.1689466
vt 0.1218124 0.1708444
vt 0.1646338 0.1420723
vt 0.1599296 0.1408061
vt 0.1626645 0.1475636
vt 0.1497309 0.7751235
vt 0.1522303 0.7822511
vt 0.1529785 0.7831527
vt 0.1287318 0.7528572
vt 0.1287317 0.7539613
vt 0.1326761 0.7539616
vt 0.1674697 0.1475632
vt 0.1697463 0.1475636
vt 0.1699474 0.143773
vt 0.1171869 0.7524976
vt 0.1201428 0.7524975
vt 0.1201602 0.7519129
vt 0.1201198 0.7530818
vt 0.1201428 0.7524975
vt 0.1171869 0.7524976
vt 0.1713809 0.1340314
vt 0.1713809 0.1321005
vt 0.167114 0.132092
vt 0.08363831 0.1028404
vt 0.08562397 0.1028592
vt 0.08469122 0.1011139
vt 0.1064005 0.7521134
vt 0.1064286 0.7515295
vt 0.1035186 0.7515295
vt 0.09927093 0.755017
vt 0.1032153 0.755017
vt 0.1032153 0.7535317
vt 0.1035774 0.7526971
vt 0.1063697 0.7526974
vt 0.1064005 0.7521134
vt 0.167662 0.1941965
vt 0.1699379 0.1941962
vt 0.1701383 0.190406
vt 0.1595858 0.8243534
vt 0.1596996 0.8237799
vt 0.1569344 0.8233907
vt 0.1092988 0.755017
vt 0.1093069 0.7532176
vt 0.1066773 0.7532255
vt 0.1436629 0.7509132
vt 0.1439406 0.7504395
vt 0.1416347 0.7504395
vt 0.1571017 0.8253673
vt 0.1596996 0.8257743
vt 0.1595858 0.8243534
vt 0.164094 0.7990043
vt 0.1641932 0.7998399
vt 0.1646065 0.7994398
vt 0.1639045 0.8188253
vt 0.1639157 0.8182408
vt 0.1618262 0.8182408
vt 0.1580511 0.0933688
vt 0.1580511 0.091437
vt 0.1537842 0.0914292
vt 0.06325483 0.7576545
vt 0.06321358 0.757134
vt 0.06107527 0.7571416
vt 0.1563217 0.7716408
vt 0.1563213 0.7731896
vt 0.1602657 0.7731278
vt 0.1614935 0.7788919
vt 0.1608172 0.7778922
vt 0.1605211 0.7776476
vt 0.1557714 0.7513359
vt 0.1557714 0.7524773
vt 0.1584011 0.7524773
vt 0.1605211 0.7776476
vt 0.1608172 0.7778922
vt 0.1605713 0.7771046
vt 0.06107527 0.7571416
vt 0.06321358 0.757134
vt 0.06316882 0.7566136
vt 0.1603537 0.7879607
vt 0.159039 0.7879606
vt 0.159039 0.7887859
vt 0.1603538 0.7871356
vt 0.159039 0.7871356
vt 0.159039 0.7879606
vt 0.151804 0.8541949
vt 0.151804 0.8372928
vt 0.1504892 0.8372928
vt 0.1625518 0.8477477
vt 0.1599223 0.8477477
vt 0.1599223 0.8490624
vt 0.1605211 0.7776476
vt 0.1605713 0.7771046
vt 0.1603773 0.7765152
vt 0.1268767 0.7509987
vt 0.1268767 0.7523793
vt 0.1276357 0.7523584
vt 0.159039 0.7856502
vt 0.159039 0.7871356
vt 0.1603538 0.7871356
vt 0.08393865 0.0915322
vt 0.07967174 0.0915232
vt 0.07967174 0.0934718
vt 0.1229673 0.0913204
vt 0.1186498 0.0913204
vt 0.1197162 0.0929313
vt 0.1617254 0.097145
vt 0.1617758 0.0961689
vt 0.1510365 0.0961689
vt 0.09867435 0.752605
vt 0.1012895 0.7523302
vt 0.1011992 0.7514699
vt 0.08566802 0.1155609
vt 0.08566802 0.1130662
vt 0.08466333 0.1136731
vt 0.1469847 0.8260072
vt 0.1467981 0.8274809
vt 0.1494587 0.8316652
vt 0.1667035 0.1116204
vt 0.1713916 0.1116204
vt 0.1682789 0.1103718
vt 0.1653225 0.8411737
vt 0.1652783 0.8406536
vt 0.1633146 0.8406534
vt 0.1656109 0.2054291
vt 0.1631368 0.2054291
vt 0.1634918 0.2126889
vt 0.1129215 0.7536147
vt 0.1129214 0.7547568
vt 0.115551 0.7550375
vt 0.1168658 0.7550375
vt 0.1168659 0.7535521
vt 0.115551 0.7550375
vt 0.07150417 0.0913062
vt 0.07134425 0.0909743
vt 0.06863754 0.0909961
vt 0.07161247 0.0920314
vt 0.07161247 0.0917036
vt 0.07150417 0.0913062
vt 0.07140886 0.0927364
vt 0.07154387 0.0923921
vt 0.06863754 0.0909961
vt 0.07161247 0.0920314
vt 0.06863754 0.0909961
vt 0.07154387 0.0923921
vt 0.1727802 0.1291828
vt 0.1697521 0.1291828
vt 0.1702488 0.1310483
vt 0.1631981 0.7648697
vt 0.1638554 0.764863
vt 0.1638554 0.7639102
vt 0.149609 0.1975388
vt 0.1505169 0.1992957
vt 0.1512306 0.1969578
vt 0.150202 0.1949924
vt 0.1486918 0.1957877
vt 0.149609 0.1975388
vt 0.1512306 0.1969578
vt 0.1505169 0.1992957
vt 0.1558305 0.1965665
vt 0.1727914 0.2065377
vt 0.1731126 0.204103
vt 0.1711349 0.204103
vt 0.1558305 0.1965665
vt 0.1505169 0.1992957
vt 0.1514163 0.2010567
vt 0.1737077 0.1663179
vt 0.1737274 0.1649815
vt 0.1711649 0.1648427
vt 0.163626 0.7894066
vt 0.163626 0.7907479
vt 0.1642835 0.7907479
vt 0.1717745 0.1320592
vt 0.1717745 0.1340367
vt 0.1734812 0.1340406
vt 0.1732514 0.1264141
vt 0.173572 0.1239797
vt 0.1715946 0.1239797
vt 0.1085857 0.7562314
vt 0.1085857 0.7567766
vt 0.1092432 0.7567766
vt 0.1085857 0.758212
vt 0.1092432 0.758212
vt 0.1092432 0.7567766
vt 0.1085857 0.7553413
vt 0.1085857 0.7562314
vt 0.1092432 0.7562194
vt 0.1675992 0.0995071
vt 0.1698755 0.0995077
vt 0.1700763 0.0957169
vt 0.1641787 0.8516488
vt 0.1641787 0.8502946
vt 0.1635213 0.8502946
vt 0.1426087 0.0956801
vt 0.1426087 0.0936755
vt 0.1366351 0.0936892
vt 0.172937 0.1599276
vt 0.1729373 0.1585914
vt 0.1703992 0.1582575
vt 0.1722291 0.1945953
vt 0.1722291 0.1965731
vt 0.1739358 0.1965765
vt 0.1729665 0.1925393
vt 0.170532 0.1922188
vt 0.170532 0.1941965
vt 0.1730926 0.1875783
vt 0.1717556 0.1875776
vt 0.171435 0.1900123
vt 0.1644614 0.8568551
vt 0.1638038 0.8569339
vt 0.1638041 0.8577654
vt 0.1630727 0.8374512
vt 0.1630333 0.8379719
vt 0.1652504 0.8379719
vt 0.1409171 0.0960737
vt 0.1387166 0.0966566
vt 0.1366351 0.0975768
vt 0.1125201 0.7520874
vt 0.1125513 0.7515031
vt 0.1096974 0.7515031
vt 0.1632202 0.7617152
vt 0.1631774 0.7622358
vt 0.1653161 0.7622358
vt 0.1097607 0.7526709
vt 0.1124882 0.7526713
vt 0.1125201 0.7520874
vt 0.1466432 0.1440524
vt 0.1472266 0.1514062
vt 0.1491736 0.1510155
vt 0.1633146 0.8398301
vt 0.1632697 0.84035
vt 0.1653231 0.84035
vt 0.1641355 0.7713376
vt 0.1647929 0.7713376
vt 0.1647929 0.7708236
vt 0.1675765 0.219499
vt 0.1674401 0.2176218
vt 0.1674401 0.2202388
vt 0.1728788 0.1458927
vt 0.170341 0.1455589
vt 0.170341 0.1475636
vt 0.1550972 0.0957752
vt 0.1550972 0.0937701
vt 0.1491236 0.0937843
vt 0.1674401 0.2202388
vt 0.171068 0.2195074
vt 0.1675765 0.219499
vt 0.1742362 0.1139115
vt 0.1725295 0.1139148
vt 0.1725295 0.1158926
vt 0.1707908 0.0970738
vt 0.17047 0.0995077
vt 0.1724478 0.0995077
vt 0.1729921 0.1037286
vt 0.1705582 0.1034077
vt 0.1705582 0.1053855
vt 0.1642112 0.7853169
vt 0.1642112 0.7838819
vt 0.1635538 0.7838819
vt 0.1743533 0.1949762
vt 0.1760631 0.1949741
vt 0.1760395 0.1946044
vt 0.1638224 0.8026276
vt 0.1648496 0.8026345
vt 0.1653516 0.8021278
vt 0.1744483 0.1310483
vt 0.1761563 0.1310483
vt 0.1761482 0.1306363
vt 0.1440129 0.7803734
vt 0.1414452 0.779454
vt 0.141428 0.7808793
vt 0.149762 0.8198787
vt 0.1510769 0.8206383
vt 0.1510769 0.8029767
vt 0.141428 0.7808793
vt 0.141428 0.7917393
vt 0.1422973 0.7905348
vt 0.1467981 0.7788338
vt 0.1467981 0.7957359
vt 0.1494276 0.7957358
vt 0.1753181 0.1760073
vt 0.1736087 0.1759465
vt 0.1736137 0.1763485
vt 0.1753176 0.1756402
vt 0.1736071 0.1756054
vt 0.1736087 0.1759465
vt 0.1736071 0.1756054
vt 0.1753176 0.1756402
vt 0.1753218 0.1752703
vt 0.1741804 0.1997614
vt 0.1760752 0.1990687
vt 0.1739174 0.1990687
vt 0.155934 0.1321324
vt 0.155934 0.1475636
vt 0.1595361 0.1470342
vt 0.1495631 0.1808499
vt 0.1340985 0.1808499
vt 0.1346254 0.1846428
vt 0.1491591 0.1860053
vt 0.1495583 0.1827402
vt 0.1346254 0.1846428
vt 0.1486721 0.1880206
vt 0.1491591 0.1860053
vt 0.1348246 0.1874419
vt 0.1491591 0.1860053
vt 0.1347097 0.1856833
vt 0.1348246 0.1874419
vt 0.1480721 0.1898841
vt 0.1486721 0.1880206
vt 0.1348655 0.189174
vt 0.1259751 0.1185625
vt 0.1255312 0.1040326
vt 0.1229964 0.1052883
vt 0.1223024 0.1190249
vt 0.1229964 0.1052883
vt 0.1223024 0.105631
vt 0.1472969 0.1918027
vt 0.1480721 0.1898841
vt 0.134842 0.1905073
vt 0.1718011 0.1133588
vt 0.1704649 0.1133585
vt 0.1701308 0.1158966
vt 0.1294167 0.0957427
vt 0.1294167 0.0937377
vt 0.123443 0.093752
vt 0.1499428 0.1284168
vt 0.1516495 0.1284128
vt 0.1516495 0.1264354
vt 0.07967245 0.0894718
vt 0.07967174 0.0908089
vt 0.08210647 0.0911295
vt 0.1708324 0.2244222
vt 0.1721687 0.2244229
vt 0.1724894 0.2219883
vt 0.05027121 0.0918045
vt 0.0481559 0.0926427
vt 0.05477881 0.0923345
vt 0.1351471 0.1941965
vt 0.1472969 0.1918027
vt 0.1348245 0.1914506
vt 0.1690186 0.1827586
vt 0.1711674 0.1816381
vt 0.1711811 0.1808859
vt 0.1697458 0.1433793
vt 0.1699472 0.1395886
vt 0.1672692 0.1395886
vt 0.1605234 0.8235961
vt 0.1600028 0.8235566
vt 0.1600028 0.8257743
vt 0.1593229 0.845935
vt 0.1619523 0.8459353
vt 0.1619524 0.8444168
vt 0.1610438 0.8256917
vt 0.1610438 0.8236391
vt 0.1605234 0.8235961
vt 0.1615643 0.8256472
vt 0.1615637 0.8236834
vt 0.1610438 0.8236391
vt 0.1713882 0.0910981
vt 0.1738222 0.0914178
vt 0.1738222 0.0894403
vt 0.1704497 0.1360053
vt 0.1701153 0.1385431
vt 0.1721202 0.1385431
vt 0.1618028 0.1516764
vt 0.1618028 0.1640599
vt 0.1639083 0.1627451
vt 0.1599223 0.8462762
vt 0.1599529 0.8468605
vt 0.1627451 0.8468606
vt 0.159986 0.8474443
vt 0.162713 0.8474443
vt 0.1627451 0.8468606
vt 0.1635261 0.7858696
vt 0.1635261 0.786527
vt 0.1649611 0.786527
vt 0.06180894 0.0953467
vt 0.06180888 0.0933424
vt 0.05583524 0.0933564
vt 0.02958977 0.0893756
vt 0.02958971 0.0907112
vt 0.03202444 0.0910313
vt 0.1597297 0.2061046
vt 0.1590185 0.2101453
vt 0.1627433 0.2127178
vt 0.1557793 0.0891498
vt 0.1535579 0.0896472
vt 0.1580414 0.0896472
vt 0.1491244 0.0893781
vt 0.1491236 0.0907138
vt 0.1515583 0.091035
vt 0.1706762 0.1426272
vt 0.170341 0.1451653
vt 0.1723453 0.1451653
vt 0.1744505 0.1288873
vt 0.17444 0.1292595
vt 0.1761509 0.1292595
vt 0.1585286 0.8563311
vt 0.1571056 0.8617345
vt 0.1585286 0.861919
vt 0.1760406 0.1957764
vt 0.1760604 0.1953699
vt 0.1743459 0.1954385
vt 0.1553826 0.7504036
vt 0.1553826 0.7497119
vt 0.1548519 0.7501786
vt 0.1415793 0.0909116
vt 0.1450322 0.091398
vt 0.1446652 0.0899629
vt 0.08558738 0.7522044
vt 0.08506697 0.752251
vt 0.08515119 0.7529527
vt 0.08560341 0.753248
vt 0.08610725 0.7535565
vt 0.08610725 0.7521607
vt 0.1579737 0.1516093
vt 0.1611199 0.1516093
vt 0.1581141 0.1512273
vt 0.1760438 0.1965026
vt 0.176063 0.1961701
vt 0.1743528 0.1961701
vt 0.1646533 0.7721104
vt 0.1638504 0.7721104
vt 0.1642092 0.7727017
vt 0.156869 0.8493658
vt 0.156869 0.8549538
vt 0.1582927 0.8547692
vt 0.1703425 0.1389621
vt 0.170341 0.1393018
vt 0.1720483 0.1392037
vt 0.1677572 0.1870959
vt 0.1676186 0.1872938
vt 0.1674607 0.1875871
vt 0.1628531 0.2141244
vt 0.1628531 0.2244229
vt 0.164805 0.2235122
vt 0.1735135 0.208697
vt 0.171079 0.2083757
vt 0.171079 0.2103534
vt 0.1735237 0.1994402
vt 0.173523 0.1981036
vt 0.1710891 0.1977837
vt 0.1670866 0.1807535
vt 0.1611128 0.180767
vt 0.1611128 0.1827446
vt 0.171786 0.2267412
vt 0.1704496 0.2267413
vt 0.1701163 0.2292793
vt 0.1633228 0.7910592
vt 0.1626785 0.7910512
vt 0.1626785 0.7938815
vt 0.1744433 0.1280571
vt 0.17444 0.1284624
vt 0.1761468 0.1284614
vt 0.1467981 0.8137009
vt 0.1492714 0.8080422
vt 0.1494581 0.8065685
vt 0.1577251 0.7686151
vt 0.1568084 0.7678139
vt 0.1553463 0.767077
vt 0.1649363 0.8284414
vt 0.1649363 0.8277841
vt 0.1635007 0.8277841
vt 0.1644439 0.8246421
vt 0.1643432 0.8238456
vt 0.1636939 0.8238386
vt 0.1626785 0.7907429
vt 0.1633228 0.7907479
vt 0.1633182 0.7879025
vt 0.1730196 0.1075019
vt 0.1730196 0.1060201
vt 0.1705576 0.1068276
vt 0.16109 0.7527984
vt 0.1610794 0.7534478
vt 0.1639097 0.7534425
vt 0.03948599 0.09061
vt 0.04061418 0.0896492
vt 0.03936225 0.0896492
vt 0.1647404 0.7922275
vt 0.1644647 0.7924287
vt 0.1644012 0.7925115
vt 0.1706954 0.1970832
vt 0.1669048 0.1972835
vt 0.1669046 0.1995598
vt 0.1649858 0.1803598
vt 0.1664844 0.1799937
vt 0.1662877 0.173109
vt 0.1557801 0.7503886
vt 0.1557714 0.7510326
vt 0.1586176 0.7510288
vt 0.1578801 0.8333156
vt 0.156456 0.838719
vt 0.1578801 0.8389034
vt 0.05812275 0.7532872
vt 0.05812382 0.7539269
vt 0.06099122 0.7539023
vt 0.1521074 0.8379323
vt 0.1531442 0.8380177
vt 0.1531375 0.8373682
vt 0.06098991 0.7532653
vt 0.06099122 0.7539023
vt 0.06411057 0.7538813
vt 0.1531375 0.8373682
vt 0.1531442 0.8380177
vt 0.155965 0.8379257
vt 0.1258773 0.09097
vt 0.1258777 0.0896338
vt 0.123443 0.0893131
vt 0.1720112 0.1396959
vt 0.1706749 0.1396954
vt 0.170341 0.1422336
vt 0.1546893 0.8462386
vt 0.1521074 0.8465239
vt 0.1547585 0.8466749
vt 0.1652464 0.7575262
vt 0.1627629 0.7571601
vt 0.1627575 0.7577452
vt 0.1318795 0.8110157
vt 0.1279351 0.811017
vt 0.1279355 0.8125025
vt 0.1606578 0.8564367
vt 0.1630086 0.8564367
vt 0.162941 0.8560873
vt 0.1441482 0.7494582
vt 0.1427124 0.7494582
vt 0.1427124 0.7501156
vt 0.1607279 0.8558563
vt 0.162941 0.8560873
vt 0.1627594 0.8553684
vt 0.07261556 0.7504018
vt 0.07260787 0.7510419
vt 0.07547509 0.7510391
vt 0.1435793 0.7537957
vt 0.1441555 0.7538035
vt 0.1441804 0.7527736
vt 0.1384502 0.750419
vt 0.1384472 0.7510531
vt 0.1413291 0.7510517
vt 0.1279355 0.8125025
vt 0.1279358 0.8133281
vt 0.1318802 0.8133268
vt 0.1247102 0.7499089
vt 0.1246975 0.7505525
vt 0.1275357 0.7505525
vt 0.1318802 0.8133268
vt 0.1279358 0.8133281
vt 0.127936 0.813606
vt 0.1543719 0.8549538
vt 0.1547586 0.8549166
vt 0.1547585 0.8466749
vt 0.1390694 0.0895036
vt 0.1366351 0.0891831
vt 0.1366351 0.0911605
vt 0.1721901 0.2107514
vt 0.1721901 0.2127287
vt 0.1738968 0.2127328
vt 0.1698884 0.126808
vt 0.1697521 0.1287892
vt 0.1726116 0.12779
vt 0.1618137 0.7766128
vt 0.1617968 0.777262
vt 0.1646029 0.777262
vt 0.05412954 0.0930364
vt 0.0481559 0.0930498
vt 0.0481559 0.0950271
vt 0.1595496 0.8164276
vt 0.1608644 0.816427
vt 0.1608636 0.8150054
vt 0.1425607 0.7790723
vt 0.1425856 0.7784966
vt 0.1416061 0.7786065
vt 0.1092432 0.7585153
vt 0.1052904 0.7585153
vt 0.10894 0.7591939
vt 0.10894 0.7591939
vt 0.1052904 0.7585153
vt 0.1086017 0.759476
vt 0.1524811 0.7539865
vt 0.1546385 0.7527972
vt 0.1550042 0.752534
vt 0.1595572 0.8124193
vt 0.1595488 0.8130566
vt 0.1626695 0.8130566
vt 0.07225364 0.752472
vt 0.07225364 0.7513304
vt 0.069624 0.7513304
vt 0.1583086 0.8260776
vt 0.1568853 0.831481
vt 0.1583086 0.8316652
vt 0.07908093 0.7509687
vt 0.07908296 0.7503376
vt 0.07620054 0.7503376
vt 0.1611796 0.8154469
vt 0.1611684 0.8160868
vt 0.1640279 0.8160868
vt 0.1595503 0.8179139
vt 0.1608651 0.8179132
vt 0.1608644 0.816427
vt 0.1096426 0.7496232
vt 0.1096275 0.7502671
vt 0.112449 0.7502671
vt 0.1435837 0.7790533
vt 0.1436012 0.7784039
vt 0.1425856 0.7784966
vt 0.1436012 0.7784039
vt 0.1435837 0.7790533
vt 0.1463655 0.779048
vt 0.1720567 0.1554503
vt 0.1723769 0.153016
vt 0.1703992 0.153016
vt 0.134527 0.0908064
vt 0.1341924 0.0933441
vt 0.1361975 0.0933441
vt 0.06669789 0.7503927
vt 0.06669116 0.751027
vt 0.06957232 0.751027
vt 0.1745811 0.1429975
vt 0.1739754 0.1433637
vt 0.1745811 0.1451653
vt 0.08911812 0.0903654
vt 0.08485126 0.0903557
vt 0.08624696 0.0915835
vt 0.07549721 0.7536562
vt 0.07549911 0.753026
vt 0.07260978 0.7530258
vt 0.1210153 0.7514624
vt 0.1210045 0.752099
vt 0.1241155 0.752099
vt 0.07549911 0.753026
vt 0.07549721 0.7536562
vt 0.07840126 0.7536551
vt 0.1297475 0.7523962
vt 0.1297664 0.7517472
vt 0.1287591 0.751911
vt 0.1297664 0.7517472
vt 0.1297475 0.7523962
vt 0.1325003 0.7523907
vt 0.144451 0.8015759
vt 0.144451 0.8098176
vt 0.1447603 0.8097954
vt 0.08204478 0.7502592
vt 0.0820384 0.7508922
vt 0.08492082 0.7508922
vt 0.1552628 0.1063797
vt 0.1557945 0.1057593
vt 0.1519986 0.1058092
vt 0.1616519 0.7500106
vt 0.1616373 0.7506505
vt 0.1644803 0.7506505
vt 0.06670933 0.7494454
vt 0.06669116 0.7500894
vt 0.06948965 0.7500894
vt 0.1627221 0.8011756
vt 0.1627029 0.8018244
vt 0.1654211 0.8018245
vt 0.1664896 0.0974041
vt 0.1659232 0.0954687
vt 0.1637741 0.0995077
vt 0.109628 0.7505705
vt 0.1096275 0.7511998
vt 0.112551 0.7511993
vt 0.05801749 0.7501769
vt 0.05800759 0.7508114
vt 0.06088048 0.7508114
vt 0.1649358 0.8268233
vt 0.1635007 0.8268233
vt 0.1635007 0.8274807
vt 0.1162039 0.7502363
vt 0.1161984 0.7508671
vt 0.1190878 0.7508671
vt 0.1553274 0.7540553
vt 0.1554455 0.7545875
vt 0.1554455 0.7534458
vt 0.06669116 0.752472
vt 0.06932079 0.752472
vt 0.06932079 0.7513303
vt 0.05463331 0.7489564
vt 0.05461484 0.7495997
vt 0.05738317 0.7495997
vt 0.1474879 0.7521824
vt 0.1474879 0.7508676
vt 0.1466628 0.7508676
vt 0.06010216 0.089957
vt 0.05583524 0.0899484
vt 0.05583524 0.0909425
vt 0.06119924 0.7512181
vt 0.06118386 0.7518551
vt 0.06427735 0.7518551
vt 0.1649917 0.7752855
vt 0.1650056 0.7746572
vt 0.162853 0.7746572
vt 0.128138 0.1162902
vt 0.1273257 0.1163791
vt 0.1300117 0.1186298
vt 0.136051 0.1228614
vt 0.1505537 0.1162902
vt 0.128138 0.1162902
vt 0.1505537 0.1162902
vt 0.136051 0.1228614
vt 0.1391234 0.1246434
vt 0.1619841 0.8080801
vt 0.1619675 0.8087197
vt 0.1647877 0.8087197
vt 0.1627014 0.8114266
vt 0.1626828 0.8120705
vt 0.165418 0.8120705
vt 0.1707686 0.1779252
vt 0.1704481 0.1803598
vt 0.1724258 0.1803598
vt 0.1702679 0.2019205
vt 0.1702681 0.2032574
vt 0.1728057 0.203591
vt 0.1609677 0.8521445
vt 0.1609624 0.8527747
vt 0.163865 0.8527747
vt 0.09098267 0.7497965
vt 0.09097313 0.7504285
vt 0.09384649 0.7504285
vt 0.1269518 0.7655487
vt 0.1269518 0.7737477
vt 0.1272625 0.7737456
vt 0.09795337 0.7513558
vt 0.09801197 0.7507282
vt 0.09496402 0.7507285
vt 0.1726924 0.1704417
vt 0.1726924 0.1724195
vt 0.1743991 0.1724229
vt 0.1129223 0.7500586
vt 0.1129214 0.7506865
vt 0.1158141 0.750686
vt 0.08611238 0.0958705
vt 0.08611238 0.0938654
vt 0.08013874 0.0938791
vt 0.06110507 0.7561462
vt 0.06404727 0.7561431
vt 0.0640465 0.7555159
vt 0.0552811 0.7561458
vt 0.05528163 0.7555191
vt 0.05238771 0.7555159
vt 0.05818516 0.7561467
vt 0.05818516 0.75552
vt 0.05528163 0.7555191
vt 0.1595671 0.8139998
vt 0.1595488 0.8146391
vt 0.1623393 0.8146391
vt 0.06110429 0.7555187
vt 0.05818516 0.75552
vt 0.05818516 0.7561467
vt 0.1210101 0.7505305
vt 0.1210045 0.7511591
vt 0.1239278 0.7511591
vt 0.1479134 0.7496818
vt 0.1479001 0.750316
vt 0.150757 0.750316
vt 0.08205533 0.7511955
vt 0.0820384 0.7518324
vt 0.08510601 0.7518324
vt 0.1561058 0.8387015
vt 0.1552805 0.8387015
vt 0.1552805 0.8400163
vt 0.1595864 0.8133598
vt 0.1595671 0.8139998
vt 0.1623243 0.8140027
vt 0.1016024 0.7500638
vt 0.1015928 0.7506953
vt 0.1044736 0.7506953
vt 0.1580511 0.0900495
vt 0.1537842 0.0900408
vt 0.1537842 0.0910356
vt 0.1629406 0.7546679
vt 0.162936 0.755296
vt 0.1650887 0.755296
vt 0.1648521 0.7702512
vt 0.1641355 0.7700969
vt 0.1641364 0.7702042
vt 0.1641355 0.7700969
vt 0.1648521 0.7702512
vt 0.1648593 0.7700713
vt 0.160074 0.7748021
vt 0.1597796 0.7748023
vt 0.1597776 0.7830058
vt 0.09886831 0.7559039
vt 0.09889221 0.7537155
vt 0.09626269 0.7537155
vt 0.09549218 0.768487
vt 0.09549218 0.7688535
vt 0.09562361 0.7687434
vt 0.04358065 0.1013158
vt 0.02958971 0.1013158
vt 0.03166306 0.1042007
vt 0.1557124 0.8552613
vt 0.1549857 0.8552613
vt 0.1549857 0.8553687
vt 0.1612033 0.859112
vt 0.161198 0.8597399
vt 0.1640949 0.8597399
vt 0.1287508 0.7508078
vt 0.1287317 0.751444
vt 0.131768 0.751444
vt 0.09834486 0.7496024
vt 0.09833234 0.7502354
vt 0.1011893 0.7502354
vt 0.1487299 0.1006924
vt 0.1366351 0.1006924
vt 0.1386653 0.1036206
vt 0.06119287 0.7502852
vt 0.06118386 0.7509149
vt 0.06407827 0.7509149
vt 0.1204635 0.7519537
vt 0.1206435 0.7519537
vt 0.1205748 0.7512279
vt 0.1707789 0.1746913
vt 0.1707791 0.1760283
vt 0.1732134 0.1763485
vt 0.03457236 0.0906432
vt 0.03425264 0.0930772
vt 0.03623002 0.0930772
vt 0.1703995 0.1623254
vt 0.1729373 0.1626594
vt 0.1729373 0.1606553
vt 0.1702824 0.1083375
vt 0.1702697 0.109566
vt 0.1728074 0.1099006
vt 0.1481525 0.7624583
vt 0.1481756 0.7630858
vt 0.1496197 0.7630268
vt 0.07262337 0.7494642
vt 0.07260787 0.7500985
vt 0.07544082 0.7500985
vt 0.1640741 0.7977237
vt 0.1639736 0.7973818
vt 0.1638154 0.797466
vt 0.1277289 0.7621826
vt 0.127689 0.7628088
vt 0.130577 0.7629704
vt 0.1063307 0.7505714
vt 0.1063111 0.7512084
vt 0.1093114 0.7512084
vt 0.1609614 0.7977034
vt 0.1616188 0.7961062
vt 0.160304 0.7961062
vt 0.1616188 0.7986636
vt 0.1616188 0.7961062
vt 0.1609614 0.7977034
vt 0.07209718 0.7535044
vt 0.07227599 0.753519
vt 0.07220399 0.7527872
vt 0.1481525 0.7624583
vt 0.1452651 0.7625412
vt 0.1452793 0.7631683
vt 0.1334687 0.7630916
vt 0.1334912 0.7624645
vt 0.1306081 0.762344
vt 0.1639736 0.7973818
vt 0.1640741 0.7977237
vt 0.1642644 0.7976306
vt 0.1452651 0.7625412
vt 0.1422271 0.7625855
vt 0.1422318 0.7632127
vt 0.1642242 0.7983525
vt 0.1640741 0.7977237
vt 0.1638825 0.7978155
vt 0.1608849 0.7990043
vt 0.1608758 0.7996336
vt 0.1637907 0.7996336
vt 0.1363711 0.7631725
vt 0.1363843 0.7625458
vt 0.1334912 0.7624645
vt 0.1422271 0.7625855
vt 0.1392938 0.7625859
vt 0.13929 0.7632127
vt 0.1063239 0.7496368
vt 0.1063111 0.7502681
vt 0.1091754 0.7502681
vt 0.1642644 0.7985799
vt 0.1642242 0.7983525
vt 0.1639737 0.7984425
vt 0.1392938 0.7625859
vt 0.1363843 0.7625458
vt 0.1363711 0.7631725
vt 0.1630285 0.1941965
vt 0.1630285 0.1837146
vt 0.159703 0.1850378
vt 0.0945425 0.7688535
vt 0.09518891 0.7688535
vt 0.09515416 0.7685903
vt 0.1168128 0.7527163
vt 0.1167822 0.7519229
vt 0.1165122 0.7520052
vt 0.1616545 0.7490731
vt 0.1616373 0.7497072
vt 0.164442 0.7497072
vt 0.1644735 0.8137308
vt 0.1644735 0.8133731
vt 0.1642947 0.8133739
vt 0.1165122 0.7531872
vt 0.1168 0.7532488
vt 0.1168128 0.7527163
vt 0.1650137 0.8434562
vt 0.1635788 0.8434562
vt 0.1635788 0.8441136
vt 0.086443 0.7494133
vt 0.08642715 0.7500455
vt 0.08926141 0.7500455
vt 0.1629789 0.8124278
vt 0.1629728 0.8130566
vt 0.1651186 0.8130566
vt 0.1124255 0.091
vt 0.1081587 0.0910053
vt 0.1081587 0.0924137
vt 0.1717822 0.2202384
vt 0.1731184 0.2202388
vt 0.173439 0.2178041
vt 0.1701414 0.0947407
vt 0.1726794 0.0950761
vt 0.1726794 0.093071
vt 0.09099125 0.7488585
vt 0.09097313 0.7494932
vt 0.09374499 0.7494932
vt 0.1443044 0.2124488
vt 0.1421372 0.215253
vt 0.1446973 0.215253
vt 0.1645501 0.8309876
vt 0.1647622 0.8309876
vt 0.1647307 0.8306309
vt 0.1548637 0.767885
vt 0.1550408 0.7679141
vt 0.154969 0.7671734
vt 0.1570675 0.8397503
vt 0.1564091 0.8397503
vt 0.1564114 0.8399629
vt 0.1348745 0.7498218
vt 0.1348616 0.7504523
vt 0.1377398 0.7504523
vt 0.1582139 0.833357
vt 0.1581833 0.833586
vt 0.1584656 0.833586
vt 0.05462354 0.7499031
vt 0.05461484 0.7505315
vt 0.05750268 0.7505315
vt 0.1711386 0.2334632
vt 0.1724751 0.2334633
vt 0.172795 0.2310285
vt 0.1704038 0.1562307
vt 0.1703992 0.1575303
vt 0.172937 0.1578638
vt 0.1579009 0.7898027
vt 0.1581128 0.7890893
vt 0.1562018 0.7890893
vt 0.1584463 0.8560278
vt 0.1584537 0.8553704
vt 0.1571056 0.8553704
vt 0.1645501 0.831649
vt 0.164762 0.8316652
vt 0.1647285 0.8313094
vt 0.1625221 0.7868303
vt 0.1625052 0.7874632
vt 0.1653104 0.7874632
vt 0.094316 0.7500417
vt 0.09422612 0.7508306
vt 0.09459662 0.7508335
vt 0.1557869 0.7494545
vt 0.1557714 0.7500853
vt 0.1586126 0.7500853
vt 0.1516653 0.7504036
vt 0.1545486 0.7504036
vt 0.15454 0.749776
vt 0.1550242 0.7545875
vt 0.1550242 0.7543216
vt 0.1543698 0.7543678
vt 0.1644426 0.1479572
vt 0.1559736 0.1479572
vt 0.1581466 0.1508336
vt 0.1316117 0.7498767
vt 0.1287397 0.7498765
vt 0.1287317 0.7505045
vt 0.0864396 0.7503489
vt 0.08642715 0.7509777
vt 0.08932471 0.7509777
vt 0.1516653 0.7494727
vt 0.1544374 0.7494727
vt 0.15442 0.7488415
vt 0.1610671 0.8394561
vt 0.1610671 0.8392172
vt 0.1608011 0.8392189
vt 0.09784913 0.7504249
vt 0.09784138 0.7497981
vt 0.09497183 0.7497973
vt 0.1700116 0.120255
vt 0.1697521 0.1222231
vt 0.1724731 0.1216608
vt 0.07974511 0.0938654
vt 0.07377147 0.0938654
vt 0.07547384 0.0958508
vt 0.1636989 0.7684509
vt 0.1606775 0.7684517
vt 0.160669 0.7690787
vt 0.1642938 0.8422866
vt 0.1642858 0.8416594
vt 0.161408 0.8416599
vt 0.1510603 0.7503027
vt 0.1513254 0.750316
vt 0.1512717 0.7496691
vt 0.1241798 0.7501923
vt 0.1243894 0.7502271
vt 0.1243557 0.7498711
vt 0.1614645 0.0937701
vt 0.1554909 0.0937836
vt 0.1554909 0.0957614
vt 0.1229168 0.0933249
vt 0.1186498 0.0933255
vt 0.1186947 0.0958846
vt 0.1658036 0.1312317
vt 0.1658036 0.124426
vt 0.1633067 0.1253281
vt 0.1611625 0.8096759
vt 0.1611458 0.8090491
vt 0.1582296 0.8090872
vt 0.1582292 0.8097142
vt 0.1582296 0.8090872
vt 0.1553363 0.8090491
vt 0.1619585 0.7674131
vt 0.1619438 0.7680429
vt 0.1647984 0.7680429
vt 0.1595842 0.8114394
vt 0.1595677 0.8120705
vt 0.1623795 0.8120705
vt 0.1557921 0.7527806
vt 0.1557714 0.7534088
vt 0.1579052 0.7534478
vt 0.0842154 0.7610522
vt 0.08423817 0.7602068
vt 0.0839591 0.760252
vt 0.1545124 0.7610049
vt 0.1542496 0.7609905
vt 0.1541495 0.7615319
vt 0.0842154 0.7610522
vt 0.08403021 0.7610713
vt 0.08394789 0.7616996
vt 0.05456566 0.7521796
vt 0.05484807 0.7521796
vt 0.05483269 0.7519424
vt 0.1540647 0.7618793
vt 0.1541495 0.7615319
vt 0.1521537 0.7618793
vt 0.1595842 0.8114394
vt 0.1623642 0.8114409
vt 0.1623474 0.810811
vt 0.1579083 0.7528197
vt 0.1579052 0.7534478
vt 0.1607761 0.7534082
vt 0.1541495 0.7615319
vt 0.1542496 0.7609905
vt 0.1520861 0.7612546
vt 0.1273257 0.0995369
vt 0.1278238 0.1036206
vt 0.134674 0.1022855
vt 0.1444985 0.7497265
vt 0.1444837 0.7503561
vt 0.1473576 0.7503561
vt 0.1446887 0.7992961
vt 0.1447035 0.799014
vt 0.1444727 0.7990315
vt 0.1129387 0.7491257
vt 0.1129214 0.7497553
vt 0.1157471 0.7497553
vt 0.1643313 0.8160304
vt 0.1646205 0.8160868
vt 0.1646205 0.8153241
vt 0.1619343 0.7962543
vt 0.1619221 0.7968821
vt 0.1647887 0.7968821
vt 0.06630772 0.0981061
vt 0.06608307 0.0988469
vt 0.07081776 0.1006893
vt 0.1238646 0.7495989
vt 0.1210153 0.7496002
vt 0.1210045 0.7502271
vt 0.1645959 0.7599108
vt 0.1645959 0.7590653
vt 0.1643207 0.759865
vt 0.1607075 0.2010567
vt 0.161906 0.1970804
vt 0.1600943 0.1963386
vt 0.164269 0.2008589
vt 0.1638898 0.1976827
vt 0.161906 0.1970804
vt 0.08928877 0.7580103
vt 0.08932429 0.7573842
vt 0.08648645 0.7571691
vt 0.09496378 0.749494
vt 0.0977562 0.749494
vt 0.09773886 0.7488649
vt 0.1009258 0.7571691
vt 0.09793758 0.7573925
vt 0.09797257 0.7580187
vt 0.144383 0.8121749
vt 0.1444074 0.8124369
vt 0.1446384 0.8124524
vt 0.1630365 0.8612906
vt 0.163025 0.861919
vt 0.1651416 0.861919
vt 0.09217709 0.7574939
vt 0.08932429 0.7573842
vt 0.08928877 0.7580103
vt 0.09793758 0.7573925
vt 0.09504693 0.7574971
vt 0.0950582 0.7581242
vt 0.09504693 0.7574971
vt 0.09217709 0.7574939
vt 0.09216457 0.7581208
vt 0.1447315 0.7996321
vt 0.144451 0.7995994
vt 0.1445064 0.800443
vt 0.08205503 0.7493272
vt 0.0820384 0.7499558
vt 0.08488374 0.7499558
vt 0.1447843 0.8004604
vt 0.1445064 0.800443
vt 0.144451 0.8012037
vt 0.1717102 0.1013207
vt 0.1717102 0.0999013
vt 0.1674433 0.0999066
vt 0.1501216 0.8454363
vt 0.1494643 0.8454363
vt 0.1494643 0.8459814
vt 0.1650891 0.7758957
vt 0.1651253 0.7755893
vt 0.1628524 0.7755893
vt 0.1162137 0.7493055
vt 0.1161984 0.7499329
vt 0.1190467 0.7499329
vt 0.1178705 0.0964979
vt 0.1180874 0.0993184
vt 0.1213204 0.0998847
vt 0.1287317 0.7495733
vt 0.1315441 0.7495733
vt 0.1315268 0.7489452
vt 0.1645372 0.8140933
vt 0.1642609 0.8140341
vt 0.1642609 0.8148641
vt 0.07159692 0.7538326
vt 0.07159692 0.7552686
vt 0.07225435 0.7552686
vt 0.1016072 0.7491333
vt 0.1015928 0.7497605
vt 0.1044362 0.7497605
vt 0.1668781 0.1775693
vt 0.167585 0.1803598
vt 0.1697717 0.1803598
vt 0.163025 0.8609873
vt 0.1651206 0.8609873
vt 0.1651083 0.8603594
vt 0.1683675 0.2144316
vt 0.1651987 0.2135488
vt 0.1651987 0.2167475
vt 0.06401848 0.7493542
vt 0.06119793 0.7493545
vt 0.06118386 0.7499818
vt 0.1501667 0.763968
vt 0.1504588 0.7640051
vt 0.150445 0.7631428
vt 0.1501667 0.7631202
vt 0.150445 0.7631428
vt 0.1504536 0.7623989
vt 0.06085336 0.7498735
vt 0.06083935 0.7492465
vt 0.0580219 0.7492461
vt 0.1710413 0.1900123
vt 0.1709103 0.1881039
vt 0.1690326 0.1879808
vt 0.1630463 0.8382751
vt 0.1630333 0.8389034
vt 0.1651044 0.8389034
vt 0.1637563 0.8364279
vt 0.1607899 0.8364283
vt 0.1607747 0.8370552
vt 0.1247137 0.7489778
vt 0.1246975 0.7496056
vt 0.1275163 0.7496056
vt 0.1701194 0.1053855
vt 0.1701647 0.1017864
vt 0.1679939 0.1020505
vt 0.1021226 0.7560777
vt 0.1021373 0.7554507
vt 0.09931457 0.7553203
vt 0.1153379 0.7518521
vt 0.1153478 0.7509898
vt 0.1129214 0.7512262
vt 0.08610725 0.7504215
vt 0.08544987 0.7504215
vt 0.08544987 0.7518574
vt 0.107839 0.7553202
vt 0.1049783 0.7554514
vt 0.1049925 0.7560782
vt 0.1049925 0.7560782
vt 0.1049783 0.7554514
vt 0.1021373 0.7554507
vt 0.135784 0.0937377
vt 0.1298102 0.0937511
vt 0.1298102 0.0957284
vt 0.1412345 0.7494255
vt 0.1412176 0.7487981
vt 0.1384645 0.7487984
vt 0.1627029 0.8008723
vt 0.1654896 0.8008723
vt 0.1654721 0.800245
vt 0.1348781 0.7488911
vt 0.1348616 0.7495184
vt 0.1376764 0.7495184
vt 0.1697477 0.0950751
vt 0.1697477 0.093071
vt 0.1637741 0.0930844
vt 0.1437144 0.8323785
vt 0.1409764 0.8328974
vt 0.1410771 0.8335166
vt 0.1408744 0.8322784
vt 0.1380061 0.8326664
vt 0.1380724 0.8332892
vt 0.1296202 0.8341312
vt 0.1296548 0.8335042
vt 0.1268779 0.833277
vt 0.1242212 0.8322784
vt 0.1241189 0.8328982
vt 0.1268779 0.833277
vt 0.1410771 0.8335166
vt 0.1409764 0.8328974
vt 0.1380724 0.8332892
vt 0.1324468 0.833584
vt 0.1296548 0.8335042
vt 0.1296202 0.8341312
vt 0.1380724 0.8332892
vt 0.1380061 0.8326664
vt 0.1352205 0.8328866
vt 0.1380724 0.8332892
vt 0.1352531 0.8335133
vt 0.135286 0.834139
vt 0.1352531 0.8335133
vt 0.1324468 0.833584
vt 0.1324459 0.834211
vt 0.1296548 0.8335042
vt 0.1296891 0.8328779
vt 0.1269466 0.832653
vt 0.07156789 0.7644273
vt 0.07156687 0.7649404
vt 0.07222431 0.7649416
vt 0.1352531 0.8335133
vt 0.1352205 0.8328866
vt 0.1324479 0.8329566
vt 0.1324479 0.8329566
vt 0.1296891 0.8328779
vt 0.1296548 0.8335042
vt 0.07156956 0.7634262
vt 0.07156789 0.7644273
vt 0.07222539 0.7643374
vt 0.07156956 0.7634262
vt 0.07222712 0.7635066
vt 0.07222431 0.7620712
vt 0.161934 0.1404124
vt 0.161934 0.1344387
vt 0.1599572 0.1344342
vt 0.161934 0.1404124
vt 0.1639391 0.1404078
vt 0.1639115 0.1344342
vt 0.1582951 0.760575
vt 0.1576337 0.759762
vt 0.1520861 0.760575
vt 0.1576337 0.759762
vt 0.1569056 0.7590137
vt 0.1520861 0.760575
vt 0.1503731 0.861919
vt 0.1546823 0.861919
vt 0.1537799 0.8592853
vt 0.08573383 0.1858423
vt 0.08573383 0.183041
vt 0.02959001 0.1830408
vt 0.02959001 0.1830408
vt 0.08573383 0.183041
vt 0.08573383 0.1802394
vt 0.02958995 0.191445
vt 0.08573377 0.1914452
vt 0.08573377 0.1886438
vt 0.02959007 0.1802392
vt 0.08573383 0.1802394
vt 0.08573383 0.177438
vt 0.02958995 0.1942459
vt 0.08573377 0.1942462
vt 0.08573377 0.1914452
vt 0.02959012 0.1774379
vt 0.08573383 0.177438
vt 0.08573383 0.1746371
vt 0.02958983 0.1970473
vt 0.08573371 0.1970476
vt 0.08573377 0.1942462
vt 0.02959012 0.1746371
vt 0.08573383 0.1746371
vt 0.08573383 0.1718358
vt 0.02958983 0.1998479
vt 0.08573371 0.1998482
vt 0.08573371 0.1970476
vt 0.02959012 0.1718358
vt 0.08573383 0.1718358
vt 0.08573383 0.1690351
vt 0.02958983 0.2026491
vt 0.08573371 0.2026495
vt 0.08573371 0.1998482
vt 0.08573371 0.2026495
vt 0.02958983 0.2026491
vt 0.02958977 0.2054511
vt 0.02958977 0.2082518
vt 0.08573365 0.2082521
vt 0.08573365 0.2054514
vt 0.02959024 0.2334633
vt 0.08573412 0.2334605
vt 0.08573395 0.2306974
vt 0.08573365 0.2138529
vt 0.08573359 0.2110151
vt 0.02958971 0.2110532
vt 0.08573371 0.2166543
vt 0.08573365 0.2138529
vt 0.02958977 0.2138542
vt 0.02959007 0.2278609
vt 0.08573389 0.2278597
vt 0.08573383 0.2250583
vt 0.02958995 0.2193817
vt 0.08573371 0.2194557
vt 0.08573371 0.2166543
vt 0.02959001 0.2250595
vt 0.08573383 0.2250583
vt 0.08573377 0.2222569
vt 0.02958995 0.222258
vt 0.08573377 0.2222569
vt 0.08573371 0.2194557
vt 0.02959012 0.2306619
vt 0.08573395 0.2306974
vt 0.08573389 0.2278597
vt 0.08573359 0.2110151
vt 0.08573365 0.2082521
vt 0.02958977 0.2082518
vt 0.02959012 0.1690351
vt 0.08573383 0.1690351
vt 0.08573383 0.1662339
vt 0.08573377 0.1886438
vt 0.08573383 0.1858423
vt 0.02959001 0.1859171
vt 0.156018 0.7731216
vt 0.154487 0.7716408
vt 0.146656 0.7731216
vt 0.1578912 0.8033798
vt 0.1561781 0.8044917
vt 0.1578912 0.8084459
vt 0.07868599 0.7558078
vt 0.07260787 0.7570759
vt 0.07988929 0.7570759
vt 0.1641587 0.7648263
vt 0.1644499 0.7648697
vt 0.1644378 0.764022
vt 0.1642156 0.752903
vt 0.1642809 0.7534317
vt 0.1645752 0.7534478
vt 0.1700066 0.1166298
vt 0.1700015 0.1180029
vt 0.1725444 0.1183004
vt 0.1720433 0.1841206
vt 0.1716864 0.1865506
vt 0.1736631 0.1865506
vt 0.09294348 0.1129304
vt 0.09511399 0.1042828
vt 0.08613717 0.1100231
vt 0.055206 0.7521685
vt 0.0553134 0.7521796
vt 0.0553134 0.7519227
vt 0.1593319 0.7830094
vt 0.1594743 0.7830114
vt 0.1594743 0.7748524
vt 0.1631975 0.7651855
vt 0.1630346 0.7651855
vt 0.1630632 0.7654398
vt 0.1596258 0.7986902
vt 0.1561781 0.7986902
vt 0.1595311 0.79878
vt 0.1591814 0.7748518
vt 0.1588888 0.7748518
vt 0.1588939 0.7830042
vt 0.1012895 0.7511666
vt 0.1012887 0.7505388
vt 0.09839123 0.750539
vt 0.158457 0.0906691
vt 0.1608785 0.0910976
vt 0.1608785 0.0891199
vt 0.1647251 0.8351158
vt 0.1650319 0.8344877
vt 0.1635865 0.8344877
vt 0.1609447 0.7559031
vt 0.1609304 0.7565313
vt 0.1638409 0.7565309
vt 0.1602818 0.7992604
vt 0.1602818 0.8073668
vt 0.1604232 0.8073597
vt 0.04464799 0.0972967
vt 0.0452519 0.0972072
vt 0.04544568 0.0965961
vt 0.1201602 0.7511704
vt 0.1161984 0.7511704
vt 0.1201267 0.7516096
vt 0.1587044 0.7524773
vt 0.1613339 0.7524773
vt 0.1613339 0.7513361
vt 0.1635121 0.7978492
vt 0.1621777 0.7971854
vt 0.1619221 0.7977111
vt 0.1143934 0.8102671
vt 0.1104489 0.8102036
vt 0.110449 0.8117526
vt 0.06458061 0.7513345
vt 0.06462472 0.7518551
vt 0.06602048 0.7518482
vt 0.1182429 0.0872536
vt 0.1182563 0.0869185
vt 0.1165452 0.0869185
vt 0.1039743 0.09454
vt 0.107765 0.0947406
vt 0.107765 0.0920631
vt 0.1519597 0.1252034
vt 0.1545765 0.1252034
vt 0.1526996 0.1250681
vt 0.1634222 0.8291807
vt 0.1634222 0.8298381
vt 0.164858 0.8298381
vt 0.1559745 0.1826874
vt 0.1568673 0.1941965
vt 0.1593093 0.1936721
vt 0.1720063 0.1812884
vt 0.1716864 0.1837222
vt 0.1736631 0.1837222
vt 0.1616443 0.1316835
vt 0.1599296 0.1336684
vt 0.1638743 0.1340406
vt 0.1182562 0.0958846
vt 0.1177617 0.0951688
vt 0.1137998 0.0951342
vt 0.1268803 0.7595566
vt 0.1198018 0.7595566
vt 0.1248955 0.7612909
vt 0.1100266 0.7578478
vt 0.1097889 0.758433
vt 0.1096974 0.7590009
vt 0.1100266 0.7578478
vt 0.1201007 0.7590009
vt 0.1104176 0.7574855
vt 0.1467788 0.7713376
vt 0.137301 0.7670211
vt 0.1369506 0.7679178
vt 0.1369506 0.7679178
vt 0.1358138 0.7713376
vt 0.1467788 0.7713376
vt 0.04801791 0.1075952
vt 0.04854732 0.1067883
vt 0.02958971 0.1075952
vt 0.02958971 0.1075952
vt 0.04854732 0.1067883
vt 0.04798835 0.1045943
vt 0.1755544 0.1671531
vt 0.1727481 0.1671463
vt 0.1727445 0.1675349
vt 0.1645145 0.7843722
vt 0.1648182 0.7843722
vt 0.1648032 0.7837883
vt 0.1567831 0.8553008
vt 0.1560156 0.8553008
vt 0.1567438 0.8554401
vt 0.1735493 0.2044001
vt 0.1762564 0.2044001
vt 0.1762305 0.2040186
vt 0.159086 0.7833674
vt 0.1583446 0.7833674
vt 0.1590712 0.7835123
vt 0.1644012 0.7936565
vt 0.1646729 0.7938882
vt 0.1646729 0.7931216
vt 0.06478619 0.0870289
vt 0.06731587 0.0870289
vt 0.06716865 0.0867106
vt 0.1636939 0.8233226
vt 0.1645976 0.8235353
vt 0.1645976 0.8226786
vt 0.1053503 0.7512084
vt 0.1060078 0.7500366
vt 0.1049711 0.7500366
vt 0.157891 0.8321836
vt 0.1506568 0.8330123
vt 0.1586267 0.8330123
vt 0.067317 0.0917845
vt 0.067317 0.0913361
vt 0.06696075 0.0914655
vt 0.1190101 0.7562221
vt 0.1096974 0.7571822
vt 0.1194805 0.7571822
vt 0.1170654 0.0973959
vt 0.117442 0.0975243
vt 0.117442 0.0963708
vt 0.06271547 0.7765661
vt 0.06268602 0.7780683
vt 0.06586927 0.7779108
vt 0.06888759 0.7760937
vt 0.0688095 0.7778428
vt 0.07174688 0.7778514
vt 0.07186144 0.7760022
vt 0.07174688 0.7778514
vt 0.07468581 0.7779389
vt 0.07484322 0.7760021
vt 0.07468581 0.7779389
vt 0.07763147 0.7781065
vt 0.08303958 0.7764833
vt 0.08274215 0.778592
vt 0.08566188 0.7789793
vt 0.08895081 0.7772719
vt 0.08854871 0.7794402
vt 0.09142202 0.7799736
vt 0.09478271 0.7784015
vt 0.09428918 0.7805779
vt 0.09715765 0.7812506
vt 0.1000394 0.7819914
vt 0.1029607 0.7828076
vt 0.1035521 0.7806917
vt 0.1029607 0.7828076
vt 0.1058424 0.7836775
vt 0.1064562 0.7816042
vt 0.09187239 0.7777951
vt 0.09142202 0.7799736
vt 0.09428918 0.7805779
vt 0.09715765 0.7812506
vt 0.1000394 0.7819914
vt 0.1006014 0.7798443
vt 0.08601248 0.7768341
vt 0.08566188 0.7789793
vt 0.08854871 0.7794402
vt 0.08084404 0.7762842
vt 0.08058679 0.7783573
vt 0.08274215 0.778592
vt 0.07783699 0.7760951
vt 0.07763147 0.7781065
vt 0.08058679 0.7783573
vt 0.06591868 0.7762741
vt 0.06586927 0.7779108
vt 0.0688095 0.7778428
vt 0.05978024 0.7769164
vt 0.05975991 0.7782845
vt 0.06268602 0.7780683
vt 0.05975991 0.7782845
vt 0.05967634 0.7796426
vt 0.0625928 0.7795569
vt 0.06586927 0.7779108
vt 0.06575673 0.7795292
vt 0.0686711 0.7795693
vt 0.07763147 0.7781065
vt 0.07738184 0.7800844
vt 0.08029282 0.7803945
vt 0.08058679 0.7783573
vt 0.08029282 0.7803945
vt 0.08241474 0.7806644
vt 0.08566188 0.7789793
vt 0.08528959 0.7810885
vt 0.08813351 0.781574
vt 0.09663766 0.7833927
vt 0.09949433 0.7841185
vt 0.1000394 0.7819914
vt 0.09142202 0.7799736
vt 0.09096699 0.7821205
vt 0.09379881 0.7827272
vt 0.1023955 0.7849067
vt 0.105257 0.7857292
vt 0.1058424 0.7836775
vt 0.09949433 0.7841185
vt 0.1023955 0.7849067
vt 0.1029607 0.7828076
vt 0.09428918 0.7805779
vt 0.09379881 0.7827272
vt 0.09663766 0.7833927
vt 0.08854871 0.7794402
vt 0.08813351 0.781574
vt 0.09096699 0.7821205
vt 0.08274215 0.778592
vt 0.08241474 0.7806644
vt 0.08528959 0.7810885
vt 0.07468581 0.7779389
vt 0.07447761 0.7798452
vt 0.07738184 0.7800844
vt 0.07174688 0.7778514
vt 0.07157623 0.7796739
vt 0.07447761 0.7798452
vt 0.0688095 0.7778428
vt 0.0686711 0.7795693
vt 0.07157623 0.7796739
vt 0.06268602 0.7780683
vt 0.0625928 0.7795569
vt 0.06575673 0.7795292
vt 0.0625928 0.7795569
vt 0.06243765 0.7810321
vt 0.06558358 0.7811306
vt 0.0686711 0.7795693
vt 0.0684747 0.7812752
vt 0.07135158 0.7814724
vt 0.07157623 0.7796739
vt 0.07135158 0.7814724
vt 0.07422071 0.7817247
vt 0.07447761 0.7798452
vt 0.07422071 0.7817247
vt 0.07708954 0.7820334
vt 0.08241474 0.7806644
vt 0.08205729 0.7827061
vt 0.08489507 0.7831677
vt 0.08813351 0.781574
vt 0.08770394 0.7836793
vt 0.09050518 0.7842416
vt 0.09379881 0.7827272
vt 0.0933088 0.7848545
vt 0.09612429 0.7855174
vt 0.09896308 0.7862324
vt 0.1018548 0.7869998
vt 0.1023955 0.7849067
vt 0.1018548 0.7869998
vt 0.1047306 0.787789
vt 0.105257 0.7857292
vt 0.09096699 0.7821205
vt 0.09050518 0.7842416
vt 0.0933088 0.7848545
vt 0.09612429 0.7855174
vt 0.09896308 0.7862324
vt 0.09949433 0.7841185
vt 0.08528959 0.7810885
vt 0.08489507 0.7831677
vt 0.08770394 0.7836793
vt 0.08029282 0.7803945
vt 0.0799632 0.7824014
vt 0.08205729 0.7827061
vt 0.07738184 0.7800844
vt 0.07708954 0.7820334
vt 0.0799632 0.7824014
vt 0.06575673 0.7795292
vt 0.06558358 0.7811306
vt 0.0684747 0.7812752
vt 0.05967634 0.7796426
vt 0.05953139 0.7809901
vt 0.06243765 0.7810321
vt 0.05953139 0.7809901
vt 0.05932605 0.7823266
vt 0.06222188 0.7824942
vt 0.06558358 0.7811306
vt 0.06535112 0.7827163
vt 0.06822186 0.7829626
vt 0.07708954 0.7820334
vt 0.07675558 0.7839578
vt 0.07959824 0.784383
vt 0.0799632 0.7824014
vt 0.07959824 0.784383
vt 0.08166968 0.7847224
vt 0.08489507 0.7831677
vt 0.08447748 0.7852221
vt 0.08725827 0.7857616
vt 0.09561437 0.787629
vt 0.09844142 0.7883379
vt 0.09896308 0.7862324
vt 0.09050518 0.7842416
vt 0.0900343 0.7863423
vt 0.09281617 0.7869647
vt 0.1013298 0.7890927
vt 0.104218 0.7898679
vt 0.1047306 0.787789
vt 0.09844142 0.7883379
vt 0.1013298 0.7890927
vt 0.1018548 0.7869998
vt 0.0933088 0.7848545
vt 0.09281617 0.7869647
vt 0.09561437 0.787629
vt 0.08770394 0.7836793
vt 0.08725827 0.7857616
vt 0.0900343 0.7863423
vt 0.08205729 0.7827061
vt 0.08166968 0.7847224
vt 0.08447748 0.7852221
vt 0.07422071 0.7817247
vt 0.07391631 0.7835812
vt 0.07675558 0.7839578
vt 0.07135158 0.7814724
vt 0.07107466 0.78325
vt 0.07391631 0.7835812
vt 0.0684747 0.7812752
vt 0.06822186 0.7829626
vt 0.07107466 0.78325
vt 0.06243765 0.7810321
vt 0.06222188 0.7824942
vt 0.06535112 0.7827163
vt 0.06222188 0.7824942
vt 0.06194639 0.7839438
vt 0.06506061 0.7842874
vt 0.06822186 0.7829626
vt 0.06791394 0.7846337
vt 0.07074624 0.7850094
vt 0.07107466 0.78325
vt 0.07074624 0.7850094
vt 0.07356524 0.785418
vt 0.07391631 0.7835812
vt 0.07356524 0.785418
vt 0.07638025 0.7858616
vt 0.08166968 0.7847224
vt 0.08125138 0.7867182
vt 0.08403557 0.7872569
vt 0.08725827 0.7857616
vt 0.08679491 0.787826
vt 0.08955198 0.7884273
vt 0.09281617 0.7869647
vt 0.09231823 0.7890622
vt 0.09510487 0.7897314
vt 0.09792494 0.7904383
vt 0.100812 0.7911858
vt 0.1013298 0.7890927
vt 0.100812 0.7911858
vt 0.1037022 0.7919536
vt 0.104218 0.7898679
vt 0.0900343 0.7863423
vt 0.08955198 0.7884273
vt 0.09231823 0.7890622
vt 0.09510487 0.7897314
vt 0.09792494 0.7904383
vt 0.09844142 0.7883379
vt 0.08447748 0.7852221
vt 0.08403557 0.7872569
vt 0.08679491 0.787826
vt 0.07959824 0.784383
vt 0.079198 0.7863437
vt 0.08125138 0.7867182
vt 0.07675558 0.7839578
vt 0.07638025 0.7858616
vt 0.079198 0.7863437
vt 0.06535112 0.7827163
vt 0.06506061 0.7842874
vt 0.06791394 0.7846337
vt 0.05932605 0.7823266
vt 0.05906093 0.7836517
vt 0.06194639 0.7839438
vt 0.05906093 0.7836517
vt 0.05873626 0.7849653
vt 0.06161183 0.7853814
vt 0.06506061 0.7842874
vt 0.06471288 0.7858455
vt 0.06755161 0.7862905
vt 0.07638025 0.7858616
vt 0.07596373 0.7877487
vt 0.07876205 0.7882877
vt 0.079198 0.7863437
vt 0.07876205 0.7882877
vt 0.08080172 0.7886978
vt 0.08403557 0.7872569
vt 0.08356839 0.7892768
vt 0.08631229 0.789877
vt 0.09459298 0.7918285
vt 0.0974105 0.7925367
vt 0.09792494 0.7904383
vt 0.08955198 0.7884273
vt 0.08905637 0.7905012
vt 0.09181278 0.7911513
vt 0.1002986 0.7932799
vt 0.1031903 0.7940399
vt 0.1037022 0.7919536
vt 0.0974105 0.7925367
vt 0.1002986 0.7932799
vt 0.100812 0.7911858
vt 0.09231823 0.7890622
vt 0.09181278 0.7911513
vt 0.09459298 0.7918285
vt 0.08679491 0.787826
vt 0.08631229 0.789877
vt 0.08905637 0.7905012
vt 0.08125138 0.7867182
vt 0.08080172 0.7886978
vt 0.08356839 0.7892768
vt 0.07356524 0.785418
vt 0.07316797 0.7872385
vt 0.07596373 0.7877487
vt 0.07074624 0.7850094
vt 0.07036727 0.7867533
vt 0.07316797 0.7872385
vt 0.06791394 0.7846337
vt 0.06755161 0.7862905
vt 0.07036727 0.7867533
vt 0.06194639 0.7839438
vt 0.06161183 0.7853814
vt 0.06471288 0.7858455
vt 0.06161183 0.7853814
vt 0.06121814 0.7868076
vt 0.06430816 0.787392
vt 0.06755161 0.7862905
vt 0.06713521 0.7879349
vt 0.06993788 0.7884844
vt 0.07036727 0.7867533
vt 0.06993788 0.7884844
vt 0.07272458 0.7890456
vt 0.07316797 0.7872385
vt 0.07272458 0.7890456
vt 0.07550579 0.7896224
vt 0.08080172 0.7886978
vt 0.08031976 0.7906653
vt 0.08307462 0.791286
vt 0.08631229 0.789877
vt 0.08580875 0.7919192
vt 0.08854568 0.7925684
vt 0.09181278 0.7911513
vt 0.09129768 0.7932361
vt 0.09407669 0.7939239
vt 0.09689611 0.7946362
vt 0.09978902 0.7953772
vt 0.1002986 0.7932799
vt 0.09978902 0.7953772
vt 0.1026853 0.7961279
vt 0.1031903 0.7940399
vt 0.08905637 0.7905012
vt 0.08854568 0.7925684
vt 0.09129768 0.7932361
vt 0.09407669 0.7939239
vt 0.09689611 0.7946362
vt 0.0974105 0.7925367
vt 0.08356839 0.7892768
vt 0.08307462 0.791286
vt 0.08580875 0.7919192
vt 0.07876205 0.7882877
vt 0.07828986 0.7902189
vt 0.08031976 0.7906653
vt 0.07596373 0.7877487
vt 0.07550579 0.7896224
vt 0.07828986 0.7902189
vt 0.06471288 0.7858455
vt 0.06430816 0.787392
vt 0.06713521 0.7879349
vt 0.05873626 0.7849653
vt 0.05835205 0.7862673
vt 0.06121814 0.7868076
vt 0.05835205 0.7862673
vt 0.05790829 0.787556
vt 0.06076514 0.7882231
vt 0.06430816 0.787392
vt 0.0638464 0.7889283
vt 0.06666493 0.7895692
vt 0.07550579 0.7896224
vt 0.075006 0.791486
vt 0.0777806 0.792141
vt 0.07828986 0.7902189
vt 0.0777806 0.792141
vt 0.07980453 0.7926245
vt 0.08307462 0.791286
vt 0.08255302 0.7932885
vt 0.08528292 0.7939566
vt 0.09355378 0.7960214
vt 0.09637999 0.7967403
vt 0.09689611 0.7946362
vt 0.08854568 0.7925684
vt 0.08801817 0.794633
vt 0.09077101 0.7953204
vt 0.09928315 0.7974812
vt 0.1021943 0.7982246
vt 0.1026853 0.7961279
vt 0.09637999 0.7967403
vt 0.09928315 0.7974812
vt 0.09978902 0.7953772
vt 0.09129768 0.7932361
vt 0.09077101 0.7953204
vt 0.09355378 0.7960214
vt 0.08580875 0.7919192
vt 0.08528292 0.7939566
vt 0.08801817 0.794633
vt 0.08031976 0.7906653
vt 0.07980453 0.7926245
vt 0.08255302 0.7932885
vt 0.07272458 0.7890456
vt 0.07223498 0.7908422
vt 0.075006 0.791486
vt 0.06993788 0.7884844
vt 0.06945824 0.790205
vt 0.07223498 0.7908422
vt 0.06713521 0.7879349
vt 0.06666493 0.7895692
vt 0.06945824 0.790205
vt 0.06121814 0.7868076
vt 0.06076514 0.7882231
vt 0.0638464 0.7889283
vt 0.06076514 0.7882231
vt 0.06008297 0.7897898
vt 0.06332755 0.7904557
vt 0.06666493 0.7895692
vt 0.06614041 0.7911953
vt 0.06892812 0.7919175
vt 0.06945824 0.790205
vt 0.06892812 0.7919175
vt 0.07169878 0.7926309
vt 0.07223498 0.7908422
vt 0.07169878 0.7926309
vt 0.07446366 0.7933423
vt 0.07980453 0.7926245
vt 0.0792548 0.7945792
vt 0.08200198 0.7952884
vt 0.08528292 0.7939566
vt 0.08473318 0.7959934
vt 0.08747202 0.7966989
vt 0.09077101 0.7953204
vt 0.09023112 0.7974084
vt 0.09302258 0.7981247
vt 0.09586083 0.7988525
vt 0.09877985 0.799595
vt 0.09928315 0.7974812
vt 0.09877985 0.799595
vt 0.1016995 0.800326
vt 0.1021943 0.7982246
vt 0.08801817 0.794633
vt 0.08747202 0.7966989
vt 0.09023112 0.7974084
vt 0.09302258 0.7981247
vt 0.09586083 0.7988525
vt 0.09637999 0.7967403
vt 0.08255302 0.7932885
vt 0.08200198 0.7952884
vt 0.08473318 0.7959934
vt 0.0777806 0.792141
vt 0.07723319 0.7940572
vt 0.0792548 0.7945792
vt 0.075006 0.791486
vt 0.07446366 0.7933423
vt 0.07723319 0.7940572
vt 0.0638464 0.7889283
vt 0.06332755 0.7904557
vt 0.06614041 0.7911953
vt 0.05801826 0.7881238
vt 0.06008297 0.7897898
vt 0.06076514 0.7882231
vt 0.05400866 0.7778308
vt 0.05397307 0.7789068
vt 0.05685782 0.7785659
vt 0.05687969 0.7773403
vt 0.05685782 0.7785659
vt 0.05975991 0.7782845
vt 0.05364662 0.7778895
vt 0.05360877 0.7789463
vt 0.05397307 0.7789068
vt 0.05360877 0.7789463
vt 0.05351662 0.7799994
vt 0.0538823 0.7799785
vt 0.05685782 0.7785659
vt 0.05677551 0.7797844
vt 0.05967634 0.7796426
vt 0.05397307 0.7789068
vt 0.0538823 0.7799785
vt 0.05677551 0.7797844
vt 0.0538823 0.7799785
vt 0.05373758 0.7810436
vt 0.05663394 0.7809946
vt 0.05677551 0.7797844
vt 0.05663394 0.7809946
vt 0.05953139 0.7809901
vt 0.05351662 0.7799994
vt 0.05337154 0.7810461
vt 0.05373758 0.7810436
vt 0.05337154 0.7810461
vt 0.05317419 0.7820839
vt 0.05353975 0.7820998
vt 0.05663394 0.7809946
vt 0.05643415 0.7821953
vt 0.05932605 0.7823266
vt 0.05373758 0.7810436
vt 0.05353975 0.7820998
vt 0.05643415 0.7821953
vt 0.05353975 0.7820998
vt 0.05328911 0.7831446
vt 0.05617648 0.7833851
vt 0.05643415 0.7821953
vt 0.05617648 0.7833851
vt 0.05906093 0.7836517
vt 0.05317419 0.7820839
vt 0.05292481 0.7831101
vt 0.05328911 0.7831446
vt 0.05292481 0.7831101
vt 0.05238652 0.7850534
vt 0.0529856 0.7841756
vt 0.05617648 0.7833851
vt 0.05586087 0.7845629
vt 0.05873626 0.7849653
vt 0.05328911 0.7831446
vt 0.0529856 0.7841756
vt 0.05586087 0.7845629
vt 0.0529856 0.7841756
vt 0.05238652 0.7850534
vt 0.05548661 0.7857276
vt 0.05586087 0.7845629
vt 0.05548661 0.7857276
vt 0.05835205 0.7862673
vt 0.05573242 0.7866616
vt 0.05790829 0.787556
vt 0.05835205 0.7862673
vt 0.1073268 0.7896985
vt 0.1079117 0.7898031
vt 0.1085558 0.786975
vt 0.1073268 0.7896985
vt 0.1083011 0.7865723
vt 0.1077455 0.7863939
vt 0.1067404 0.7895875
vt 0.1077455 0.7863939
vt 0.1073212 0.7862593
vt 0.1055721 0.7893428
vt 0.1061554 0.7894694
vt 0.1069378 0.7861401
vt 0.1061554 0.7894694
vt 0.1073212 0.7862593
vt 0.1069378 0.7861401
vt 0.1071329 0.7834465
vt 0.1062294 0.7859256
vt 0.1069378 0.7861401
vt 0.1077022 0.7836277
vt 0.1069378 0.7861401
vt 0.1073212 0.7862593
vt 0.1082689 0.7838155
vt 0.1073212 0.7862593
vt 0.1077455 0.7863939
vt 0.1088331 0.7840095
vt 0.1077455 0.7863939
vt 0.1083011 0.7865723
vt 0.1085558 0.786975
vt 0.1093941 0.7842091
vt 0.1083011 0.7865723
vt 0.1058424 0.7836775
vt 0.105257 0.7857292
vt 0.1062294 0.7859256
vt 0.1062294 0.7859256
vt 0.105257 0.7857292
vt 0.1047306 0.787789
vt 0.1055721 0.7893428
vt 0.1047306 0.787789
vt 0.104218 0.7898679
vt 0.1048364 0.7923549
vt 0.1037022 0.7919536
vt 0.1031903 0.7940399
vt 0.1050696 0.7914333
vt 0.104218 0.7898679
vt 0.1037022 0.7919536
vt 0.1064562 0.7816042
vt 0.1058424 0.7836775
vt 0.1071329 0.7834465
vt 0.1386648 0.8477364
vt 0.1378965 0.8478985
vt 0.1386809 0.8478985
vt 0.1378965 0.8478985
vt 0.1386648 0.8477364
vt 0.138538 0.847621
vt 0.1549024 0.8231795
vt 0.1546465 0.8231795
vt 0.1548896 0.8232859
vt 0.1041105 0.7953617
vt 0.104372 0.7943025
vt 0.1031903 0.7940399
vt 0.1034118 0.7983677
vt 0.1041105 0.7953617
vt 0.1026853 0.7961279
vt 0.06332755 0.7904557
vt 0.06206381 0.7918519
vt 0.06556123 0.7928151
vt 0.07446366 0.7933423
vt 0.07387775 0.7951942
vt 0.07664632 0.7959707
vt 0.07723319 0.7940572
vt 0.07664632 0.7959707
vt 0.07866889 0.7965329
vt 0.08200198 0.7952884
vt 0.08142006 0.7972896
vt 0.08415788 0.7980336
vt 0.09248155 0.8002375
vt 0.09533655 0.8009772
vt 0.09586083 0.7988525
vt 0.08747202 0.7966989
vt 0.08690583 0.7987704
vt 0.08967626 0.7995037
vt 0.09828001 0.8017275
vt 0.1014862 0.8029789
vt 0.1016995 0.800326
vt 0.09533655 0.8009772
vt 0.09828001 0.8017275
vt 0.09877985 0.799595
vt 0.09023112 0.7974084
vt 0.08967626 0.7995037
vt 0.09248155 0.8002375
vt 0.08473318 0.7959934
vt 0.08415788 0.7980336
vt 0.08690583 0.7987704
vt 0.0792548 0.7945792
vt 0.07866889 0.7965329
vt 0.08142006 0.7972896
vt 0.07169878 0.7926309
vt 0.07111567 0.794414
vt 0.07387775 0.7951942
vt 0.06892812 0.7919175
vt 0.06834733 0.7936244
vt 0.07111567 0.794414
vt 0.06614041 0.7911953
vt 0.06556123 0.7928151
vt 0.06834733 0.7936244
vt 0.06008297 0.7897898
vt 0.06206381 0.7918519
vt 0.06332755 0.7904557
vt 0.06556123 0.7928151
vt 0.06492733 0.7944288
vt 0.06771564 0.7953282
vt 0.06834733 0.7936244
vt 0.06771564 0.7953282
vt 0.07048529 0.7961931
vt 0.07111567 0.794414
vt 0.07048529 0.7961931
vt 0.07324695 0.7970436
vt 0.07866889 0.7965329
vt 0.07804512 0.7984888
vt 0.0808053 0.7992959
vt 0.08415788 0.7980336
vt 0.08355528 0.8000814
vt 0.08631801 0.8008513
vt 0.08967626 0.7995037
vt 0.08910518 0.8016102
vt 0.09192895 0.802363
vt 0.09480446 0.8031157
vt 0.0977568 0.8038691
vt 0.09828001 0.8017275
vt 0.08690583 0.7987704
vt 0.08631801 0.8008513
vt 0.08910518 0.8016102
vt 0.09192895 0.802363
vt 0.09480446 0.8031157
vt 0.09533655 0.8009772
vt 0.08142006 0.7972896
vt 0.0808053 0.7992959
vt 0.08355528 0.8000814
vt 0.07664632 0.7959707
vt 0.07601809 0.7978845
vt 0.07804512 0.7984888
vt 0.07387775 0.7951942
vt 0.07324695 0.7970436
vt 0.07601809 0.7978845
vt 0.06330281 0.7935361
vt 0.06492733 0.7944288
vt 0.06556123 0.7928151
vt 0.07324695 0.7970436
vt 0.0725696 0.7988921
vt 0.07534623 0.7998013
vt 0.07601809 0.7978845
vt 0.07534623 0.7998013
vt 0.07738083 0.8004507
vt 0.0808053 0.7992959
vt 0.08015549 0.8013115
vt 0.08292365 0.8021412
vt 0.09136366 0.8045046
vt 0.09426683 0.8052751
vt 0.09480446 0.8031157
vt 0.08631801 0.8008513
vt 0.0857073 0.8029463
vt 0.08851677 0.8037317
vt 0.09426683 0.8052751
vt 0.09793269 0.8061277
vt 0.0977568 0.8038691
vt 0.08910518 0.8016102
vt 0.08851677 0.8037317
vt 0.09136366 0.8045046
vt 0.08355528 0.8000814
vt 0.08292365 0.8021412
vt 0.0857073 0.8029463
vt 0.07804512 0.7984888
vt 0.07738083 0.8004507
vt 0.08015549 0.8013115
vt 0.07048529 0.7961931
vt 0.06980776 0.797969
vt 0.0725696 0.7988921
vt 0.06771564 0.7953282
vt 0.06703406 0.7970302
vt 0.06980776 0.797969
vt 0.06470596 0.7963722
vt 0.06703406 0.7970302
vt 0.06771564 0.7953282
vt 0.06703406 0.7970302
vt 0.06632602 0.798734
vt 0.06908392 0.7997399
vt 0.06980776 0.797969
vt 0.06908392 0.7997399
vt 0.07184278 0.8007407
vt 0.07738083 0.8004507
vt 0.07667315 0.8024219
vt 0.07946807 0.8033407
vt 0.08292365 0.8021412
vt 0.08226108 0.804218
vt 0.08507257 0.8050601
vt 0.08851677 0.8037317
vt 0.08791089 0.8058723
vt 0.09078413 0.8066623
vt 0.0857073 0.8029463
vt 0.08507257 0.8050601
vt 0.08791089 0.8058723
vt 0.09078413 0.8066623
vt 0.09369659 0.8074459
vt 0.09426683 0.8052751
vt 0.08015549 0.8013115
vt 0.07946807 0.8033407
vt 0.08226108 0.804218
vt 0.07534623 0.7998013
vt 0.07462739 0.8017236
vt 0.07667315 0.8024219
vt 0.0725696 0.7988921
vt 0.07184278 0.8007407
vt 0.07462739 0.8017236
vt 0.07184278 0.8007407
vt 0.07106167 0.80259
vt 0.07385718 0.8036544
vt 0.07462739 0.8017236
vt 0.07385718 0.8036544
vt 0.07591861 0.8044067
vt 0.07946807 0.8033407
vt 0.07874023 0.8053885
vt 0.08156567 0.8063174
vt 0.09019613 0.8088402
vt 0.09320646 0.8098176
vt 0.09369659 0.8074459
vt 0.08507257 0.8050601
vt 0.08441346 0.8071989
vt 0.08728921 0.8080375
vt 0.08791089 0.8058723
vt 0.08728921 0.8080375
vt 0.09019613 0.8088402
vt 0.08226108 0.804218
vt 0.08156567 0.8063174
vt 0.08441346 0.8071989
vt 0.07667315 0.8024219
vt 0.07591861 0.8044067
vt 0.07874023 0.8053885
vt 0.06908392 0.7997399
vt 0.06830996 0.801501
vt 0.07106167 0.80259
vt 0.06632602 0.798734
vt 0.06557404 0.800417
vt 0.06830996 0.801501
vt 0.06724447 0.8024211
vt 0.06830996 0.801501
vt 0.06557404 0.800417
vt 0.07106167 0.80259
vt 0.06830996 0.801501
vt 0.06724447 0.8024211
vt 0.08612823 0.2173961
vt 0.1058343 0.2173841
vt 0.1055173 0.2147201
vt 0.08612942 0.2227501
vt 0.106602 0.2226843
vt 0.1061974 0.2200389
vt 0.08613187 0.228109
vt 0.1075042 0.2279613
vt 0.1070432 0.2253244
vt 0.08613651 0.2334633
vt 0.1085515 0.2334421
vt 0.1079715 0.2305987
vt 0.08613038 0.225429
vt 0.1070432 0.2253244
vt 0.106602 0.2226843
vt 0.08613383 0.2307861
vt 0.1079715 0.2305987
vt 0.1075042 0.2279613
vt 0.08612871 0.2200724
vt 0.1061974 0.2200389
vt 0.1058343 0.2173841
vt 0.08612775 0.2147237
vt 0.1055173 0.2147201
vt 0.105177 0.2120459
vt 0.1059272 0.2143177
vt 0.105177 0.2120459
vt 0.1055173 0.2147201
vt 0.1055173 0.2147201
vt 0.1058343 0.2173841
vt 0.1070024 0.2165159
vt 0.1058343 0.2173841
vt 0.1061974 0.2200389
vt 0.1079105 0.2179801
vt 0.1147783 0.2255214
vt 0.1149923 0.2266097
vt 0.1154981 0.2261627
vt 0.110604 0.2309488
vt 0.1079715 0.2305987
vt 0.1085515 0.2334421
vt 0.1116434 0.22981
vt 0.1075042 0.2279613
vt 0.1079715 0.2305987
vt 0.1061974 0.2200389
vt 0.106602 0.2226843
vt 0.1087791 0.2191877
vt 0.106602 0.2226843
vt 0.1070432 0.2253244
vt 0.1099228 0.2206275
vt 0.1130732 0.2260697
vt 0.1149923 0.2266097
vt 0.1147783 0.2255214
vt 0.1131667 0.2282879
vt 0.1149923 0.2266097
vt 0.1130732 0.2260697
vt 0.1130732 0.2260697
vt 0.1147783 0.2255214
vt 0.1129779 0.223852
vt 0.1129779 0.223852
vt 0.1113716 0.2222277
vt 0.111504 0.2261187
vt 0.111504 0.2261187
vt 0.1116434 0.22981
vt 0.1131667 0.2282879
vt 0.1113716 0.2222277
vt 0.1099228 0.2206275
vt 0.108568 0.2255779
vt 0.111504 0.2261187
vt 0.108568 0.2255779
vt 0.1075042 0.2279613
vt 0.1099228 0.2206275
vt 0.1070432 0.2253244
vt 0.108568 0.2255779
vt 0.108568 0.2255779
vt 0.1070432 0.2253244
vt 0.1075042 0.2279613
vt 0.1039823 0.1166005
vt 0.1043744 0.1166004
vt 0.104274 0.1141808
vt 0.104274 0.1141808
vt 0.1218074 0.1154981
vt 0.1216547 0.1116718
vt 0.1039742 0.119021
vt 0.1043634 0.1190249
vt 0.1043744 0.1166004
vt 0.1043744 0.1166004
vt 0.1219087 0.1165371
vt 0.1218074 0.1154981
vt 0.1014154 0.2000627
vt 0.1017829 0.2001699
vt 0.1024017 0.1974823
vt 0.1017829 0.2001699
vt 0.1021515 0.2002722
vt 0.1027781 0.1975519
vt 0.1027781 0.1975519
vt 0.1021515 0.2002722
vt 0.1025757 0.2003648
vt 0.103155 0.1976278
vt 0.1025757 0.2003648
vt 0.1029198 0.2004341
vt 0.1021515 0.2002722
vt 0.1014547 0.202973
vt 0.101822 0.2030786
vt 0.1021927 0.203178
vt 0.1029198 0.2004341
vt 0.1025757 0.2003648
vt 0.1194542 0.2065563
vt 0.1210415 0.2031913
vt 0.1029198 0.2004341
vt 0.1035296 0.1977115
vt 0.1029198 0.2004341
vt 0.1210415 0.2031913
vt 0.1035296 0.1977115
vt 0.1222983 0.2010281
vt 0.121261 0.1988334
vt 0.1006003 0.2055856
vt 0.1010198 0.2057661
vt 0.101822 0.2030786
vt 0.1010842 0.2028798
vt 0.1002417 0.2054504
vt 0.1006003 0.2055856
vt 0.1007118 0.2027978
vt 0.09987848 0.2053271
vt 0.1002417 0.2054504
vt 0.100356 0.2027966
vt 0.09952276 0.2052895
vt 0.09987848 0.2053271
vt 0.09982156 0.2079608
vt 0.1001857 0.2080973
vt 0.1010198 0.2057661
vt 0.09945869 0.2078236
vt 0.09982156 0.2079608
vt 0.1006003 0.2055856
vt 0.09909909 0.2076772
vt 0.09945869 0.2078236
vt 0.1002417 0.2054504
vt 0.09909909 0.2076772
vt 0.09987848 0.2053271
vt 0.09952276 0.2052895
vt 0.04287183 0.1009221
vt 0.0429818 0.0985309
vt 0.02966797 0.0999133
vt 0.04738539 0.0866502
vt 0.04517287 0.0865421
vt 0.04515826 0.0869234
vt 0.148415 0.1540722
vt 0.1486875 0.1517999
vt 0.132216 0.1569245
vt 0.1482207 0.1562227
vt 0.148415 0.1540722
vt 0.1329891 0.1585686
vt 0.1482207 0.1562227
vt 0.1340302 0.1603013
vt 0.1481235 0.1580605
vt 0.1285907 0.1520113
vt 0.129844 0.154064
vt 0.1301921 0.1538409
vt 0.1282641 0.1522252
vt 0.1295291 0.1542871
vt 0.129844 0.154064
vt 0.1279391 0.1524405
vt 0.1292227 0.1545229
vt 0.1295291 0.1542871
vt 0.1276078 0.1525978
vt 0.1289073 0.1550053
vt 0.1292227 0.1545229
vt 0.1301921 0.1538409
vt 0.1318694 0.157098
vt 0.132216 0.1569245
vt 0.129844 0.154064
vt 0.1315371 0.157303
vt 0.1318694 0.157098
vt 0.1295291 0.1542871
vt 0.1312187 0.1575264
vt 0.1315371 0.157303
vt 0.1292227 0.1545229
vt 0.1309121 0.1577674
vt 0.1312187 0.1575264
vt 0.1289073 0.1550053
vt 0.1306164 0.1580206
vt 0.1309121 0.1577674
vt 0.1306164 0.1580206
vt 0.13133 0.1596978
vt 0.1316182 0.1594387
vt 0.1309121 0.1577674
vt 0.1316182 0.1594387
vt 0.1319187 0.159197
vt 0.1312187 0.1575264
vt 0.1319187 0.159197
vt 0.1322342 0.1589765
vt 0.1315371 0.157303
vt 0.1322342 0.1589765
vt 0.1325683 0.1587769
vt 0.1318694 0.157098
vt 0.1325683 0.1587769
vt 0.1329891 0.1585686
vt 0.1329891 0.1585686
vt 0.1325683 0.1587769
vt 0.1334897 0.1603774
vt 0.1322342 0.1589765
vt 0.1331642 0.1605677
vt 0.1334897 0.1603774
vt 0.1319187 0.159197
vt 0.1328587 0.1607867
vt 0.1331642 0.1605677
vt 0.1316182 0.1594387
vt 0.1325728 0.1610352
vt 0.1328587 0.1607867
vt 0.13133 0.1596978
vt 0.1323065 0.1613109
vt 0.1325728 0.1610352
vt 0.1341245 0.1620605
vt 0.134593 0.1620014
vt 0.1340302 0.1603013
vt 0.1331642 0.1605677
vt 0.1337552 0.1621969
vt 0.1341245 0.1620605
vt 0.1328587 0.1607867
vt 0.1334038 0.1623754
vt 0.1337552 0.1621969
vt 0.1325728 0.1610352
vt 0.1330741 0.1625944
vt 0.1334038 0.1623754
vt 0.1323065 0.1613109
vt 0.1327719 0.1628477
vt 0.1330741 0.1625944
vt 0.1327719 0.1628477
vt 0.1328788 0.1644599
vt 0.1334114 0.1644753
vt 0.134593 0.1620014
vt 0.1341245 0.1620605
vt 0.1345123 0.1644417
vt 0.1341245 0.1620605
vt 0.1337552 0.1621969
vt 0.1342366 0.1644022
vt 0.1334038 0.1623754
vt 0.1338306 0.1644267
vt 0.1342366 0.1644022
vt 0.1330741 0.1625944
vt 0.1334114 0.1644753
vt 0.1338306 0.1644267
vt 0.1333202 0.1658274
vt 0.1338306 0.1644267
vt 0.1334114 0.1644753
vt 0.1336334 0.1658403
vt 0.1342366 0.1644022
vt 0.1338306 0.1644267
vt 0.1340056 0.1657547
vt 0.1346233 0.1644298
vt 0.1342366 0.1644022
vt 0.1343351 0.1656898
vt 0.1351706 0.1646778
vt 0.1345123 0.1644417
vt 0.1343351 0.1656898
vt 0.1347028 0.1655958
vt 0.1351706 0.1646778
vt 0.1347028 0.1655958
vt 0.1350576 0.1654969
vt 0.1351706 0.1646778
vt 0.1350576 0.1654969
vt 0.1354237 0.1653934
vt 0.1351706 0.1646778
vt 0.09983313 0.2026279
vt 0.100356 0.2027966
vt 0.1005853 0.2000937
vt 0.09982287 0.2000837
vt 0.09983313 0.2026279
vt 0.1002044 0.2000873
vt 0.09819102 0.2073336
vt 0.09717768 0.2094663
vt 0.09769976 0.2096401
vt 0.09983313 0.2026279
vt 0.09899657 0.205116
vt 0.09952276 0.2052895
vt 0.09899657 0.205116
vt 0.09819102 0.2073336
vt 0.0987122 0.2075078
vt 0.09717768 0.2094663
vt 0.09478795 0.2115253
vt 0.09660398 0.2116523
vt 0.09910964 0.1951188
vt 0.09683728 0.1945902
vt 0.09620863 0.1960848
vt 0.09965926 0.1975741
vt 0.09620863 0.1960848
vt 0.09675121 0.1991815
vt 0.09982287 0.2000837
vt 0.09675121 0.1991815
vt 0.09639251 0.2018775
vt 0.09475022 0.2068837
vt 0.09386706 0.2089245
vt 0.09717768 0.2094663
vt 0.09639251 0.2018775
vt 0.09559798 0.2045488
vt 0.09899657 0.205116
vt 0.09559798 0.2045488
vt 0.09475022 0.2068837
vt 0.09819102 0.2073336
vt 0.09386706 0.2089245
vt 0.09252339 0.2112524
vt 0.09478795 0.2115253
vt 0.09620863 0.1960848
vt 0.09388768 0.195632
vt 0.09368294 0.1985776
vt 0.09127557 0.2069549
vt 0.09085732 0.2082953
vt 0.09386706 0.2089245
vt 0.09302961 0.201777
vt 0.09213638 0.2047268
vt 0.09559798 0.2045488
vt 0.09213638 0.2047268
vt 0.09127557 0.2069549
vt 0.09475022 0.2068837
vt 0.09085732 0.2082953
vt 0.08956533 0.2112615
vt 0.09252339 0.2112524
vt 0.09368294 0.1985776
vt 0.09302961 0.201777
vt 0.09639251 0.2018775
vt 0.09388768 0.195632
vt 0.09092384 0.1977274
vt 0.09368294 0.1985776
vt 0.09127557 0.2069549
vt 0.08774095 0.2070173
vt 0.09085732 0.2082953
vt 0.08934271 0.2023787
vt 0.08774095 0.2070173
vt 0.09213638 0.2047268
vt 0.09213638 0.2047268
vt 0.08774095 0.2070173
vt 0.09127557 0.2069549
vt 0.08774095 0.2070173
vt 0.08612775 0.2116523
vt 0.08956533 0.2112615
vt 0.09092384 0.1977274
vt 0.08934271 0.2023787
vt 0.09302961 0.201777
vt 0.09092384 0.1977274
vt 0.09388768 0.195632
vt 0.09265589 0.1962955
vt 0.0952214 0.1951419
vt 0.09620863 0.1960848
vt 0.09683728 0.1945902
vt 0.09388768 0.195632
vt 0.09620863 0.1960848
vt 0.0952214 0.1951419
vt 0.09946393 0.7606384
vt 0.1038618 0.7591906
vt 0.09595453 0.7591906
vt 0.1029734 0.7620863
vt 0.1038618 0.7591906
vt 0.09946393 0.7606384
vt 0.0934984 0.1215571
vt 0.0952655 0.1208634
vt 0.09347659 0.1205563
vt 0.09191203 0.1215571
vt 0.09347659 0.1205563
vt 0.09200054 0.1200539
vt 0.09039598 0.1194976
vt 0.09207248 0.1179696
vt 0.08956474 0.1168852
vt 0.0952655 0.1208634
vt 0.09698575 0.1202783
vt 0.09526324 0.1194941
vt 0.09347659 0.1205563
vt 0.09526324 0.1194941
vt 0.09388685 0.118792
vt 0.09200054 0.1200539
vt 0.09388685 0.118792
vt 0.09207248 0.1179696
vt 0.09207248 0.1179696
vt 0.09353953 0.1165982
vt 0.08956474 0.1168852
vt 0.09698575 0.1202783
vt 0.100112 0.1187957
vt 0.09799945 0.1179244
vt 0.09526324 0.1194941
vt 0.09799945 0.1179244
vt 0.09616607 0.1171614
vt 0.09388685 0.118792
vt 0.09616607 0.1171614
vt 0.09353953 0.1165982
vt 0.09353953 0.1165982
vt 0.09626895 0.1143863
vt 0.09296643 0.113324
vt 0.100112 0.1187957
vt 0.1025695 0.117591
vt 0.1009493 0.1167503
vt 0.09799945 0.1179244
vt 0.1009493 0.1167503
vt 0.09898483 0.1155783
vt 0.09616607 0.1171614
vt 0.09898483 0.1155783
vt 0.09626895 0.1143863
vt 0.143105 0.7543361
vt 0.1397674 0.7538223
vt 0.1421203 0.7551147
vt 0.1431937 0.7538647
vt 0.1397674 0.7538223
vt 0.143105 0.7543361
vt 0.1431937 0.7556215
vt 0.1431414 0.7550272
vt 0.1421203 0.7551147
vt 0.1377822 0.7577151
vt 0.1348616 0.7578475
vt 0.1356294 0.7592983
vt 0.1398717 0.7593199
vt 0.1399198 0.757629
vt 0.1377822 0.7577151
vt 0.1428285 0.7575261
vt 0.1399198 0.757629
vt 0.1398717 0.7593199
vt 0.1644812 0.8564367
vt 0.1647305 0.8560831
vt 0.1642314 0.8556162
vt 0.1756147 0.142048
vt 0.1741099 0.141852
vt 0.1740421 0.1422279
vt 0.1756937 0.1426039
vt 0.1740421 0.1422279
vt 0.1739754 0.1426039
vt 0.1591894 0.8387164
vt 0.1602908 0.8382852
vt 0.1604714 0.8376599
vt 0.160299 0.8388704
vt 0.1602908 0.8382852
vt 0.1591894 0.8387164
vt 0.1634655 0.7596427
vt 0.1636541 0.7609731
vt 0.1640174 0.761071
vt 0.1561288 0.8234093
vt 0.1556456 0.8232396
vt 0.1555002 0.8316652
vt 0.1591894 0.8387164
vt 0.1581833 0.8362561
vt 0.1581833 0.8384662
vt 0.15375 0.7637387
vt 0.1547617 0.7629008
vt 0.1546178 0.7622161
vt 0.15375 0.7637387
vt 0.150946 0.7622161
vt 0.150762 0.7643868
vt 0.152736 0.7655753
vt 0.1527494 0.7649169
vt 0.150762 0.7643868
vt 0.148839 0.7659998
vt 0.1504588 0.7646507
vt 0.1474062 0.7643084
vt 0.1320713 0.7505718
vt 0.1337462 0.751444
vt 0.1341792 0.7505718
vt 0.1469691 0.7663023
vt 0.1474062 0.7643084
vt 0.1444896 0.7644464
vt 0.1449046 0.7667178
vt 0.1444896 0.7644464
vt 0.1415886 0.7645821
vt 0.1387005 0.7647757
vt 0.1358138 0.7649633
vt 0.1369438 0.7667178
vt 0.156271 0.799842
vt 0.1572557 0.801626
vt 0.158291 0.8001451
vt 0.1562976 0.8009499
vt 0.1572557 0.801626
vt 0.156271 0.799842
vt 0.156271 0.799842
vt 0.158291 0.8001451
vt 0.1561781 0.7990833
vt 0.1572557 0.801626
vt 0.1562976 0.8009499
vt 0.1561781 0.8030764
vt 0.1595756 0.8077558
vt 0.1601899 0.8087197
vt 0.1606237 0.8077553
vt 0.1606237 0.8077553
vt 0.1601899 0.8087197
vt 0.1616643 0.8076702
vt 0.1595756 0.8077558
vt 0.1585943 0.8076702
vt 0.1601899 0.8087197
vt 0.08136153 0.7534934
vt 0.08097654 0.7530809
vt 0.07872587 0.7534934
vt 0.1618894 0.7736636
vt 0.1588888 0.7743844
vt 0.1624929 0.7743844
vt 0.08003628 0.7554424
vt 0.07973092 0.7549535
vt 0.07901102 0.7555045
vt 0.07751363 0.7549962
vt 0.07798385 0.7555045
vt 0.07901102 0.7555045
vt 0.1561785 0.2085346
vt 0.1514443 0.2065809
vt 0.1555109 0.2096922
vt 0.156178 0.2046163
vt 0.1514443 0.2065809
vt 0.1565237 0.2059079
vt 0.1555109 0.2096922
vt 0.1514443 0.2065809
vt 0.1545655 0.2106376
vt 0.1555091 0.2034596
vt 0.1514443 0.2065809
vt 0.156178 0.2046163
vt 0.1545655 0.2106376
vt 0.1514443 0.2065809
vt 0.1534088 0.2113066
vt 0.1545645 0.2025144
vt 0.1514443 0.2065809
vt 0.1555091 0.2034596
vt 0.1534088 0.2113066
vt 0.1514443 0.2065809
vt 0.1521171 0.2116523
vt 0.1534061 0.2018466
vt 0.1514443 0.2065809
vt 0.1545645 0.2025144
vt 0.1521171 0.2116523
vt 0.1514443 0.2065809
vt 0.1507815 0.2116523
vt 0.152116 0.2015006
vt 0.1514443 0.2065809
vt 0.1534061 0.2018466
vt 0.1507815 0.2116523
vt 0.1514443 0.2065809
vt 0.1494905 0.211307
vt 0.1507794 0.2015014
vt 0.1514443 0.2065809
vt 0.152116 0.2015006
vt 0.1494905 0.211307
vt 0.1514443 0.2065809
vt 0.148333 0.2106393
vt 0.1494887 0.2018472
vt 0.1514443 0.2065809
vt 0.1507794 0.2015014
vt 0.148333 0.2106393
vt 0.1514443 0.2065809
vt 0.1473875 0.209694
vt 0.1473875 0.209694
vt 0.1514443 0.2065809
vt 0.1467187 0.2085365
vt 0.1467187 0.2085365
vt 0.1514443 0.2065809
vt 0.1463729 0.2072457
vt 0.1463729 0.2072457
vt 0.1514443 0.2065809
vt 0.146373 0.2059092
vt 0.146373 0.2059092
vt 0.1514443 0.2065809
vt 0.1467043 0.2046524
vt 0.1467043 0.2046524
vt 0.1514443 0.2065809
vt 0.1473858 0.2034607
vt 0.1473858 0.2034607
vt 0.1514443 0.2065809
vt 0.1482456 0.2025831
vt 0.1482456 0.2025831
vt 0.1514443 0.2065809
vt 0.1494887 0.2018472
vt 0.1565237 0.2059079
vt 0.1514443 0.2065809
vt 0.1565246 0.2072437
vt 0.1565246 0.2072437
vt 0.1514443 0.2065809
vt 0.1561785 0.2085346
vt 0.07103663 0.1077272
vt 0.07081013 0.1057988
vt 0.05835801 0.1038446
vt 0.1677637 0.2292792
vt 0.1697053 0.2292793
vt 0.1697226 0.2250124
vt 0.169849 0.1965591
vt 0.1718355 0.1965765
vt 0.1718317 0.1948697
vt 0.169849 0.1965591
vt 0.1698541 0.1948693
vt 0.1678773 0.1948697
vt 0.1013007 0.1056629
vt 0.09735786 0.1118135
vt 0.0989874 0.1129304
vt 0.0994718 0.1043756
vt 0.09550762 0.1110908
vt 0.09735786 0.1118135
vt 0.0994718 0.1043756
vt 0.09878003 0.1047869
vt 0.09550762 0.1110908
vt 0.09550762 0.1110908
vt 0.09878003 0.1047869
vt 0.09700548 0.1065627
vt 0.09550762 0.1110908
vt 0.09700548 0.1065627
vt 0.09550762 0.1078517
vt 0.0663318 0.0882468
vt 0.06762409 0.0879514
vt 0.06766742 0.0874225
vt 0.1636582 0.7946712
vt 0.1632083 0.7945893
vt 0.16315 0.7951628
vt 0.1630898 0.7957359
vt 0.1642252 0.7957359
vt 0.1639462 0.7951822
vt 0.08678346 0.7516136
vt 0.08642715 0.7520265
vt 0.08729535 0.752493
vt 0.08835732 0.7516593
vt 0.08764791 0.7520372
vt 0.08856087 0.752493
vt 0.08764791 0.7520372
vt 0.08835732 0.7516593
vt 0.08706182 0.751281
vt 0.1283392 0.1139358
vt 0.1324065 0.1108235
vt 0.1276708 0.1127784
vt 0.1276708 0.1127784
vt 0.1324065 0.1108235
vt 0.127326 0.111488
vt 0.1292837 0.1148811
vt 0.1324065 0.1108235
vt 0.1283392 0.1139358
vt 0.127326 0.111488
vt 0.1324065 0.1108235
vt 0.1273257 0.1101509
vt 0.1304414 0.1155498
vt 0.1324065 0.1108235
vt 0.1292837 0.1148811
vt 0.1273257 0.1101509
vt 0.1324065 0.1108235
vt 0.1276725 0.1088605
vt 0.1317319 0.1158966
vt 0.1324065 0.1108235
vt 0.1304414 0.1155498
vt 0.1276725 0.1088605
vt 0.1324065 0.1108235
vt 0.1283403 0.107703
vt 0.1330689 0.1158963
vt 0.1324065 0.1108235
vt 0.1317319 0.1158966
vt 0.1283403 0.107703
vt 0.1324065 0.1108235
vt 0.1292863 0.1067582
vt 0.1343591 0.1155506
vt 0.1324065 0.1108235
vt 0.1330689 0.1158963
vt 0.1292863 0.1067582
vt 0.1324065 0.1108235
vt 0.130443 0.1060902
vt 0.1355168 0.1148831
vt 0.1324065 0.1108235
vt 0.1343591 0.1155506
vt 0.130443 0.1060902
vt 0.1324065 0.1108235
vt 0.1317343 0.1057449
vt 0.1364621 0.1139386
vt 0.1324065 0.1108235
vt 0.1355168 0.1148831
vt 0.1317343 0.1057449
vt 0.1324065 0.1108235
vt 0.1330705 0.1057449
vt 0.1371309 0.1127808
vt 0.1324065 0.1108235
vt 0.1364621 0.1139386
vt 0.1374773 0.1114895
vt 0.1324065 0.1108235
vt 0.1371309 0.1127808
vt 0.1374773 0.1101533
vt 0.1324065 0.1108235
vt 0.1374773 0.1114895
vt 0.1371313 0.1088623
vt 0.1324065 0.1108235
vt 0.1374773 0.1101533
vt 0.1364861 0.1077341
vt 0.1324065 0.1108235
vt 0.1371313 0.1088623
vt 0.1355192 0.1067593
vt 0.1324065 0.1108235
vt 0.1364861 0.1077341
vt 0.1344617 0.1061342
vt 0.1324065 0.1108235
vt 0.1355192 0.1067593
vt 0.1330705 0.1057449
vt 0.1324065 0.1108235
vt 0.1344617 0.1061342
vt 0.158161 0.7901482
vt 0.1567371 0.7955516
vt 0.158161 0.7957359
vt 0.1320713 0.7499518
vt 0.1322896 0.7502685
vt 0.1342599 0.7499518
vt 0.1728256 0.1970959
vt 0.1722686 0.1973901
vt 0.1750832 0.1969705
vt 0.1710891 0.1969705
vt 0.1722686 0.1973901
vt 0.1728256 0.1970959
vt 0.1519431 0.1187897
vt 0.1523019 0.1188903
vt 0.1550152 0.1187897
vt 0.1745707 0.2011922
vt 0.1762807 0.2011922
vt 0.1762583 0.2008245
vt 0.1592645 0.8100175
vt 0.1553201 0.8100217
vt 0.1553195 0.8120428
vt 0.07840365 0.7546502
vt 0.07840365 0.7539928
vt 0.07752549 0.7539928
vt 0.1384934 0.817078
vt 0.1439309 0.8157907
vt 0.1437339 0.8152696
vt 0.1384934 0.817078
vt 0.1440796 0.8172189
vt 0.1439309 0.8157907
vt 0.1384934 0.817078
vt 0.143872 0.8185566
vt 0.1440796 0.8172189
vt 0.1384934 0.817078
vt 0.1434905 0.8194821
vt 0.143872 0.8185566
vt 0.1384934 0.817078
vt 0.1432853 0.8199524
vt 0.1434905 0.8194821
vt 0.1384934 0.817078
vt 0.1423946 0.8210788
vt 0.1432853 0.8199524
vt 0.1337019 0.8199536
vt 0.1345925 0.8210788
vt 0.1384934 0.817078
vt 0.1334965 0.8194824
vt 0.1337019 0.8199536
vt 0.1384934 0.817078
vt 0.133115 0.8185576
vt 0.1334965 0.8194824
vt 0.1384934 0.817078
vt 0.1329073 0.8172194
vt 0.133115 0.8185576
vt 0.1384934 0.817078
vt 0.1330553 0.8157917
vt 0.1329073 0.8172194
vt 0.1384934 0.817078
vt 0.1330553 0.8157917
vt 0.1384934 0.817078
vt 0.1332523 0.8152704
vt 0.1332523 0.8152704
vt 0.1384934 0.817078
vt 0.1335623 0.8144489
vt 0.1384934 0.817078
vt 0.1437339 0.8152696
vt 0.1434238 0.8144481
vt 0.1335628 0.8131009
vt 0.1335623 0.8144489
vt 0.1384934 0.817078
vt 0.1335626 0.8121481
vt 0.1335628 0.8131009
vt 0.1384934 0.817078
vt 0.1384934 0.817078
vt 0.1434238 0.8144481
vt 0.1434236 0.8131
vt 0.1384934 0.817078
vt 0.1434236 0.8131
vt 0.1434233 0.8121471
vt 0.138493 0.8121473
vt 0.1384934 0.817078
vt 0.1434233 0.8121471
vt 0.1335626 0.8121481
vt 0.1384934 0.817078
vt 0.138493 0.8121473
vt 0.129628 0.7568722
vt 0.130943 0.7561132
vt 0.1283136 0.756113
vt 0.1283136 0.756113
vt 0.1246975 0.7561133
vt 0.1246976 0.7568726
vt 0.130943 0.7561132
vt 0.129628 0.7568722
vt 0.1345583 0.7568721
vt 0.1226402 0.8141037
vt 0.1232516 0.814658
vt 0.1246317 0.8139765
vt 0.1246317 0.8139765
vt 0.1232516 0.814658
vt 0.1249165 0.8165992
vt 0.1263403 0.8143165
vt 0.1249165 0.8165992
vt 0.1257896 0.8176167
vt 0.1279498 0.8149834
vt 0.1257896 0.8176167
vt 0.1265702 0.8180441
vt 0.1293982 0.8159513
vt 0.1265702 0.8180441
vt 0.1270485 0.8183058
vt 0.1293982 0.8159513
vt 0.1270485 0.8183058
vt 0.128091 0.8192931
vt 0.128091 0.8192931
vt 0.1288473 0.8205132
vt 0.1315976 0.818632
vt 0.1288473 0.8205132
vt 0.1290906 0.8213075
vt 0.1322642 0.8202416
vt 0.1322642 0.8202416
vt 0.1290906 0.8213075
vt 0.1292674 0.8218853
vt 0.132604 0.8219502
vt 0.1292674 0.8218853
vt 0.1293245 0.8233202
vt 0.1293245 0.8233202
vt 0.129014 0.8247212
vt 0.1322638 0.8254011
vt 0.129014 0.8247212
vt 0.1283571 0.8259973
vt 0.1315971 0.8270106
vt 0.1283571 0.8259973
vt 0.1273964 0.8270644
vt 0.1306291 0.828459
vt 0.1273964 0.8270644
vt 0.1261956 0.8278515
vt 0.1293972 0.8296909
vt 0.1293972 0.8296909
vt 0.1261956 0.8278515
vt 0.1279486 0.8306587
vt 0.1261956 0.8278515
vt 0.1248344 0.828306
vt 0.126339 0.8313253
vt 0.1248344 0.828306
vt 0.1234018 0.8283994
vt 0.1246303 0.8316652
vt 0.1234018 0.8283994
vt 0.1219931 0.828125
vt 0.1228882 0.8316652
vt 0.1219931 0.828125
vt 0.1214492 0.8278619
vt 0.1211795 0.8313254
vt 0.1211795 0.8313254
vt 0.1214492 0.8278619
vt 0.11957 0.8306587
vt 0.11957 0.8306587
vt 0.1214492 0.8278619
vt 0.1207005 0.8275002
vt 0.1181215 0.8296909
vt 0.1207005 0.8275002
vt 0.1196099 0.826567
vt 0.1168895 0.8284591
vt 0.1196099 0.826567
vt 0.1187928 0.8253869
vt 0.1159216 0.8270107
vt 0.1187928 0.8253869
vt 0.1186068 0.8248743
vt 0.1152548 0.8254012
vt 0.1186068 0.8248743
vt 0.1183034 0.8240376
vt 0.08204102 0.7573272
vt 0.08476376 0.7549476
vt 0.08123952 0.75641
vt 0.08050352 0.7549476
vt 0.08077859 0.7557254
vt 0.08123952 0.75641
vt 0.1149147 0.8236925
vt 0.1174303 0.8230194
vt 0.1160148 0.8213698
vt 0.1152548 0.8254012
vt 0.1183034 0.8240376
vt 0.1174303 0.8230194
vt 0.04588043 0.0931872
vt 0.04585283 0.0972967
vt 0.04756373 0.0972773
vt 0.1151719 0.0925963
vt 0.113672 0.0947406
vt 0.1179382 0.0945396
vt 0.1179382 0.0945396
vt 0.113672 0.0947406
vt 0.1181986 0.0947406
vt 0.1003664 0.103982
vt 0.1033846 0.102373
vt 0.1016938 0.1008949
vt 0.1006954 0.103982
vt 0.1033846 0.102373
vt 0.1003664 0.103982
vt 0.1003664 0.103982
vt 0.1016938 0.1008949
vt 0.09710878 0.1030779
vt 0.1216682 0.1071685
vt 0.1183766 0.1079394
vt 0.1185928 0.1099383
vt 0.1204635 0.752257
vt 0.1204635 0.753082
vt 0.1206738 0.75276
vt 0.1256257 0.1254601
vt 0.1154688 0.1309143
vt 0.1264908 0.1275492
vt 0.1188014 0.1198596
vt 0.1165837 0.1194185
vt 0.1154688 0.1309143
vt 0.1143226 0.1194185
vt 0.1154688 0.1309143
vt 0.1165837 0.1194185
vt 0.1143226 0.1194185
vt 0.1121048 0.1198596
vt 0.1154688 0.1309143
vt 0.1100158 0.1207249
vt 0.1154688 0.1309143
vt 0.1121048 0.1198596
vt 0.1100158 0.1207249
vt 0.1081357 0.1219811
vt 0.1154688 0.1309143
vt 0.1081357 0.1219811
vt 0.1065369 0.12358
vt 0.1154688 0.1309143
vt 0.1065369 0.12358
vt 0.1052806 0.12546
vt 0.1154688 0.1309143
vt 0.1052806 0.12546
vt 0.1044154 0.127549
vt 0.1154688 0.1309143
vt 0.1039742 0.1297668
vt 0.1154688 0.1309143
vt 0.1044154 0.127549
vt 0.1039742 0.132028
vt 0.1154688 0.1309143
vt 0.1039742 0.1297668
vt 0.1039742 0.132028
vt 0.1044153 0.1342456
vt 0.1154688 0.1309143
vt 0.1052805 0.1363346
vt 0.1154688 0.1309143
vt 0.1044153 0.1342456
vt 0.1065368 0.1382147
vt 0.1154688 0.1309143
vt 0.1052805 0.1363346
vt 0.1065368 0.1382147
vt 0.1081357 0.1398137
vt 0.1154688 0.1309143
vt 0.1081357 0.1398137
vt 0.1100158 0.1410699
vt 0.1154688 0.1309143
vt 0.1121048 0.1419351
vt 0.1154688 0.1309143
vt 0.1100158 0.1410699
vt 0.1121048 0.1419351
vt 0.1143225 0.1423763
vt 0.1154688 0.1309143
vt 0.1165837 0.1423763
vt 0.1154688 0.1309143
vt 0.1143225 0.1423763
vt 0.1188014 0.1419352
vt 0.1154688 0.1309143
vt 0.1165837 0.1423763
vt 0.1208904 0.1410699
vt 0.1154688 0.1309143
vt 0.1188014 0.1419352
vt 0.1227705 0.1398137
vt 0.1154688 0.1309143
vt 0.1208904 0.1410699
vt 0.1227705 0.1398137
vt 0.1243693 0.1382148
vt 0.1154688 0.1309143
vt 0.1256256 0.1363348
vt 0.1154688 0.1309143
vt 0.1243693 0.1382148
vt 0.1256256 0.1363348
vt 0.1264908 0.1342457
vt 0.1154688 0.1309143
vt 0.126932 0.132028
vt 0.1154688 0.1309143
vt 0.1264908 0.1342457
vt 0.126932 0.1297668
vt 0.1154688 0.1309143
vt 0.126932 0.132028
vt 0.126932 0.1297668
vt 0.1264908 0.1275492
vt 0.1154688 0.1309143
vt 0.1205157 0.1204491
vt 0.1188014 0.1198596
vt 0.1154688 0.1309143
vt 0.1205157 0.1204491
vt 0.1154688 0.1309143
vt 0.122977 0.1220509
vt 0.122977 0.1220509
vt 0.1154688 0.1309143
vt 0.1250383 0.1243288
vt 0.1250383 0.1243288
vt 0.1154688 0.1309143
vt 0.1256257 0.1254601
vt 0.1242914 0.1465992
vt 0.1158605 0.1546932
vt 0.1258833 0.1489047
vt 0.1272143 0.154305
vt 0.1158605 0.1546932
vt 0.1268765 0.1570859
vt 0.1221945 0.1447416
vt 0.1158605 0.1546932
vt 0.1242914 0.1465992
vt 0.1268765 0.1570859
vt 0.1158605 0.1546932
vt 0.1258831 0.1597048
vt 0.1197142 0.1434402
vt 0.1158605 0.1546932
vt 0.1221945 0.1447416
vt 0.1258831 0.1597048
vt 0.1158605 0.1546932
vt 0.1242918 0.1620103
vt 0.1169943 0.1427699
vt 0.1158605 0.1546932
vt 0.1197142 0.1434402
vt 0.1242918 0.1620103
vt 0.1158605 0.1546932
vt 0.1221956 0.1638676
vt 0.1141936 0.1427699
vt 0.1158605 0.1546932
vt 0.1169943 0.1427699
vt 0.1221956 0.1638676
vt 0.1158605 0.1546932
vt 0.1197155 0.1651697
vt 0.1197155 0.1651697
vt 0.1158605 0.1546932
vt 0.1169948 0.1658403
vt 0.1169948 0.1658403
vt 0.1158605 0.1546932
vt 0.1141942 0.1658403
vt 0.1141942 0.1658403
vt 0.1158605 0.1546932
vt 0.1114742 0.1651699
vt 0.1053053 0.1489054
vt 0.1158605 0.1546932
vt 0.1068966 0.1465999
vt 0.1114742 0.1651699
vt 0.1158605 0.1546932
vt 0.1089939 0.1638685
vt 0.104312 0.1515243
vt 0.1158605 0.1546932
vt 0.1053053 0.1489054
vt 0.1089939 0.1638685
vt 0.1158605 0.1546932
vt 0.1068969 0.1620111
vt 0.1039742 0.1543052
vt 0.1158605 0.1546932
vt 0.104312 0.1515243
vt 0.1043125 0.1570861
vt 0.1158605 0.1546932
vt 0.1039742 0.1543052
vt 0.1053413 0.1597721
vt 0.1158605 0.1546932
vt 0.1043125 0.1570861
vt 0.1068969 0.1620111
vt 0.1158605 0.1546932
vt 0.1053413 0.1597721
vt 0.1114737 0.1434401
vt 0.1158605 0.1546932
vt 0.1141936 0.1427699
vt 0.1268945 0.1515974
vt 0.1158605 0.1546932
vt 0.1272143 0.154305
vt 0.1258833 0.1489047
vt 0.1158605 0.1546932
vt 0.1268945 0.1515974
vt 0.0857343 0.1215378
vt 0.08574354 0.1188872
vt 0.02958971 0.1187551
vt 0.02958971 0.1187551
vt 0.08574354 0.1188872
vt 0.08573371 0.1159607
vt 0.1454259 0.0902249
vt 0.1460792 0.091398
vt 0.1465275 0.0911239
vt 0.1465275 0.0911239
vt 0.1485608 0.091398
vt 0.1478524 0.0898527
vt 0.07224708 0.750285
vt 0.06987571 0.750285
vt 0.06992298 0.7509113
vt 0.05743479 0.7508349
vt 0.05490869 0.7508485
vt 0.05490869 0.7514332
vt 0.1596831 0.7991549
vt 0.1595388 0.8073668
vt 0.1599785 0.8073541
vt 0.1698759 0.1057918
vt 0.1679939 0.1057792
vt 0.1681654 0.1098703
vt 0.1554347 0.1192839
vt 0.1519431 0.1192839
vt 0.1519824 0.1233786
vt 0.1553954 0.1233786
vt 0.1519824 0.1233786
vt 0.1536211 0.1246434
vt 0.1676214 0.1352018
vt 0.1643328 0.1344342
vt 0.1643328 0.1385431
vt 0.06446838 0.7557799
vt 0.06450086 0.7561346
vt 0.06460297 0.7561052
vt 0.06450086 0.7561346
vt 0.06446838 0.7557799
vt 0.06439864 0.7558014
vt 0.1612369 0.750933
vt 0.1612204 0.750348
vt 0.1591172 0.750348
vt 0.1632228 0.7863031
vt 0.1632177 0.7857184
vt 0.1607763 0.7857184
vt 0.1758474 0.0995077
vt 0.1758474 0.0986487
vt 0.1728415 0.0986528
vt 0.05228912 0.0873229
vt 0.05228912 0.0881762
vt 0.05529505 0.0881786
vt 0.06438153 0.7499005
vt 0.06634211 0.7499005
vt 0.06625503 0.7496498
vt 0.09474843 0.7538726
vt 0.09556889 0.7540598
vt 0.09574383 0.7535677
vt 0.06743586 0.7590755
vt 0.06358158 0.7623262
vt 0.06737786 0.7623048
vt 0.06950604 0.7594613
vt 0.06743586 0.7590755
vt 0.06737786 0.7623048
vt 0.1627067 0.759074
vt 0.1621893 0.7610329
vt 0.1631622 0.761071
vt 0.1435714 0.7923709
vt 0.1430752 0.7920666
vt 0.1425726 0.7924921
vt 0.144621 0.7920666
vt 0.1430752 0.7920666
vt 0.1435714 0.7923709
vt 0.1605429 0.8435472
vt 0.1610963 0.8418761
vt 0.1605116 0.8418761
vt 0.1593229 0.8420058
vt 0.1593496 0.8441136
vt 0.1605429 0.8435472
vt 0.1600008 0.7974656
vt 0.1599872 0.796648
vt 0.1566663 0.7961062
vt 0.1647543 0.8099444
vt 0.1637434 0.8097142
vt 0.1637434 0.8104138
vt 0.1462316 0.1456379
vt 0.128897 0.1429988
vt 0.1285184 0.1453937
vt 0.1281473 0.1477758
vt 0.1461556 0.1491312
vt 0.146157 0.1473986
vt 0.1175401 0.1082092
vt 0.1042029 0.1094924
vt 0.1043137 0.1102347
vt 0.1171042 0.1098786
vt 0.1175401 0.1082092
vt 0.1043137 0.1102347
vt 0.1042029 0.1094924
vt 0.1175401 0.1082092
vt 0.1179829 0.106788
vt 0.1179829 0.106788
vt 0.1040765 0.106788
vt 0.1042029 0.1094924
vt 0.1276078 0.1514062
vt 0.1462496 0.1514062
vt 0.1462106 0.1504636
vt 0.1281473 0.1477758
vt 0.1276078 0.1514062
vt 0.1462106 0.1504636
vt 0.1409968 0.0915542
vt 0.1366351 0.0915542
vt 0.1374545 0.092156
vt 0.1374545 0.092156
vt 0.1392527 0.0932819
vt 0.1409968 0.0915542
vt 0.05424416 0.7540592
vt 0.05238652 0.7552127
vt 0.05781948 0.7544709
vt 0.1280128 0.7539616
vt 0.1284284 0.7534349
vt 0.1260949 0.7526826
vt 0.1510822 0.7713376
vt 0.155043 0.7682174
vt 0.1470821 0.7682174
vt 0.1629821 0.0898253
vt 0.1612722 0.0898253
vt 0.1613491 0.0910976
vt 0.1495431 0.2326479
vt 0.1486614 0.2322839
vt 0.1493631 0.2332576
vt 0.1478661 0.231753
vt 0.1474626 0.232251
vt 0.1486614 0.2322839
vt 0.1471902 0.231073
vt 0.1466892 0.2314832
vt 0.1478661 0.231753
vt 0.1471902 0.231073
vt 0.1466554 0.2302766
vt 0.1466892 0.2314832
vt 0.1466554 0.2302766
vt 0.14629 0.2293958
vt 0.1460902 0.2305731
vt 0.1461103 0.2284609
vt 0.145479 0.2285247
vt 0.14629 0.2293958
vt 0.1461125 0.2275054
vt 0.1454773 0.2274465
vt 0.1461103 0.2284609
vt 0.1462988 0.2265658
vt 0.1456843 0.2263838
vt 0.1461125 0.2275054
vt 0.1466681 0.2256791
vt 0.1460974 0.2253756
vt 0.1462988 0.2265658
vt 0.1466681 0.2256791
vt 0.1471948 0.2248793
vt 0.1460974 0.2253756
vt 0.1478779 0.2242056
vt 0.1474691 0.223705
vt 0.1471948 0.2248793
vt 0.1478779 0.2242056
vt 0.1486746 0.2236727
vt 0.1474691 0.223705
vt 0.1486746 0.2236727
vt 0.1495586 0.223309
vt 0.1483775 0.2231055
vt 0.1495586 0.223309
vt 0.1504939 0.2231257
vt 0.1493792 0.2226976
vt 0.1504939 0.2231257
vt 0.1514442 0.2231281
vt 0.1504375 0.2224934
vt 0.1514442 0.2231281
vt 0.1523733 0.2233148
vt 0.1515115 0.2224997
vt 0.1532492 0.2236854
vt 0.153554 0.2231231
vt 0.1523733 0.2233148
vt 0.1532492 0.2236854
vt 0.1540358 0.2242175
vt 0.153554 0.2231231
vt 0.1540358 0.2242175
vt 0.1547006 0.2248924
vt 0.1544443 0.2237337
vt 0.1552189 0.2256853
vt 0.1557824 0.2253919
vt 0.1547006 0.2248924
vt 0.1552189 0.2256853
vt 0.1555714 0.2265637
vt 0.1557824 0.2253919
vt 0.1557444 0.2274961
vt 0.1563739 0.2274355
vt 0.1555714 0.2265637
vt 0.1557412 0.2284503
vt 0.1563739 0.2285089
vt 0.1557444 0.2274961
vt 0.1555566 0.2293888
vt 0.1561694 0.2295669
vt 0.1557412 0.2284503
vt 0.1555566 0.2293888
vt 0.1552006 0.2302742
vt 0.1561694 0.2295669
vt 0.1552006 0.2302742
vt 0.1546809 0.2310685
vt 0.1557677 0.230571
vt 0.1540153 0.231744
vt 0.1544234 0.2322284
vt 0.1546809 0.2310685
vt 0.1532288 0.2322757
vt 0.1535328 0.2328379
vt 0.1540153 0.231744
vt 0.1532288 0.2322757
vt 0.1523533 0.2326445
vt 0.1535328 0.2328379
vt 0.1514253 0.2328306
vt 0.1514919 0.2334582
vt 0.1523533 0.2326445
vt 0.1504765 0.2328321
vt 0.1504193 0.2334633
vt 0.1514253 0.2328306
vt 0.1495431 0.2326479
vt 0.1493631 0.2332576
vt 0.1504765 0.2328321
vt 0.1328942 0.1359918
vt 0.1290729 0.1388235
vt 0.1333484 0.1365064
vt 0.1325537 0.1353984
vt 0.1282166 0.1374955
vt 0.1328942 0.1359918
vt 0.1323381 0.1347471
vt 0.1276232 0.1360055
vt 0.1325537 0.1353984
vt 0.1322543 0.1340613
vt 0.1273257 0.1344076
vt 0.1323381 0.1347471
vt 0.1323037 0.1333655
vt 0.1273442 0.132763
vt 0.1322543 0.1340613
vt 0.1324881 0.1326883
vt 0.1276849 0.1311363
vt 0.1323037 0.1333655
vt 0.1327976 0.1320535
vt 0.1283404 0.1295917
vt 0.1324881 0.1326883
vt 0.133225 0.1314886
vt 0.1292903 0.128191
vt 0.1327976 0.1320535
vt 0.1337507 0.131013
vt 0.1305024 0.1269905
vt 0.133225 0.1314886
vt 0.1343584 0.1306488
vt 0.131935 0.1260394
vt 0.1337507 0.131013
vt 0.1350221 0.1304077
vt 0.1335376 0.125378
vt 0.1343584 0.1306488
vt 0.1357176 0.1303008
vt 0.1352532 0.1250371
vt 0.1350221 0.1304077
vt 0.1364177 0.1303325
vt 0.1370198 0.1250371
vt 0.1357176 0.1303008
vt 0.1370957 0.1305027
vt 0.1387721 0.1253875
vt 0.1364177 0.1303325
vt 0.1377232 0.1308013
vt 0.1404428 0.1260865
vt 0.1370957 0.1305027
vt 0.138275 0.1312172
vt 0.1419644 0.127121
vt 0.1377232 0.1308013
vt 0.1387295 0.1317328
vt 0.1432694 0.1284672
vt 0.138275 0.1312172
vt 0.1387295 0.1317328
vt 0.1390743 0.1323315
vt 0.1432694 0.1284672
vt 0.1390743 0.1323315
vt 0.1392962 0.1329917
vt 0.1441316 0.1301325
vt 0.1392962 0.1329917
vt 0.1393823 0.1336857
vt 0.1446302 0.1319036
vt 0.1393823 0.1336857
vt 0.1393313 0.1343871
vt 0.144764 0.1337086
vt 0.1393313 0.1343871
vt 0.1391431 0.1350671
vt 0.1445426 0.1354793
vt 0.1391431 0.1350671
vt 0.1388254 0.135699
vt 0.1439862 0.1371517
vt 0.1388254 0.135699
vt 0.1383897 0.1362573
vt 0.1431245 0.1386669
vt 0.1383897 0.1362573
vt 0.1378558 0.1367239
vt 0.1419973 0.1399723
vt 0.1378558 0.1367239
vt 0.1372428 0.137078
vt 0.1406523 0.1410245
vt 0.1372428 0.137078
vt 0.136577 0.137311
vt 0.1391451 0.1417892
vt 0.136577 0.137311
vt 0.1358824 0.1374108
vt 0.1375358 0.1422434
vt 0.1358824 0.1374108
vt 0.1351876 0.1373781
vt 0.1358881 0.1423763
vt 0.1351876 0.1373781
vt 0.1345171 0.1372114
vt 0.1342669 0.1421906
vt 0.1345171 0.1372114
vt 0.1338965 0.1369179
vt 0.132734 0.1417022
vt 0.1338965 0.1369179
vt 0.1333484 0.1365064
vt 0.1313456 0.1409404
vt 0.1211171 0.2275025
vt 0.1205392 0.2266377
vt 0.1179739 0.230082
vt 0.1201412 0.2256767
vt 0.1162502 0.2268571
vt 0.1205392 0.2266377
vt 0.1199382 0.2246566
vt 0.1158918 0.2250551
vt 0.1201412 0.2256767
vt 0.1199382 0.2246566
vt 0.1199382 0.2236164
vt 0.1158918 0.2250551
vt 0.1199382 0.2236164
vt 0.1201412 0.2225963
vt 0.1158918 0.2232178
vt 0.1205392 0.2216353
vt 0.1169532 0.2197186
vt 0.1201412 0.2225963
vt 0.1205392 0.2216353
vt 0.1211171 0.2207704
vt 0.1169532 0.2197186
vt 0.1211171 0.2207704
vt 0.1218526 0.2200349
vt 0.1179739 0.2181909
vt 0.1227174 0.219457
vt 0.1208006 0.2158711
vt 0.1218526 0.2200349
vt 0.1227174 0.219457
vt 0.1236784 0.219059
vt 0.1208006 0.2158711
vt 0.1236784 0.219059
vt 0.1246985 0.218856
vt 0.1224979 0.215168
vt 0.1257386 0.218856
vt 0.1261373 0.2148095
vt 0.1246985 0.218856
vt 0.1257386 0.218856
vt 0.1267589 0.219059
vt 0.1261373 0.2148095
vt 0.1277199 0.219457
vt 0.1296366 0.215871
vt 0.1267589 0.219059
vt 0.1277199 0.219457
vt 0.1285846 0.2200349
vt 0.1296366 0.215871
vt 0.1293202 0.2207703
vt 0.1324633 0.2181909
vt 0.1285846 0.2200349
vt 0.1293202 0.2207703
vt 0.129898 0.2216352
vt 0.1324633 0.2181909
vt 0.129898 0.2216352
vt 0.1302961 0.2225962
vt 0.1334841 0.2197186
vt 0.130499 0.2236164
vt 0.1345455 0.223218
vt 0.1302961 0.2225962
vt 0.130499 0.2246566
vt 0.1345455 0.2250552
vt 0.130499 0.2236164
vt 0.130499 0.2246566
vt 0.130296 0.2256766
vt 0.1345455 0.2250552
vt 0.130296 0.2256766
vt 0.129898 0.2266377
vt 0.134187 0.2268571
vt 0.1293202 0.2275025
vt 0.1324632 0.230082
vt 0.129898 0.2266377
vt 0.1285846 0.228238
vt 0.131164 0.231381
vt 0.1293202 0.2275025
vt 0.1277198 0.2288158
vt 0.1296365 0.2324017
vt 0.1285846 0.228238
vt 0.1277198 0.2288158
vt 0.1267589 0.2292138
vt 0.1296365 0.2324017
vt 0.1267589 0.2292138
vt 0.1257386 0.2294168
vt 0.1279391 0.2331048
vt 0.1246985 0.2294168
vt 0.1243001 0.2334633
vt 0.1257386 0.2294168
vt 0.1246985 0.2294168
vt 0.1236784 0.2292139
vt 0.1243001 0.2334633
vt 0.1227174 0.2288158
vt 0.1208007 0.2324018
vt 0.1236784 0.2292139
vt 0.1227174 0.2288158
vt 0.1218526 0.228238
vt 0.1208007 0.2324018
vt 0.1211171 0.2275025
vt 0.1179739 0.230082
vt 0.1218526 0.228238
vt 0.0896703 0.1832405
vt 0.08794265 0.1839745
vt 0.09044313 0.1847479
vt 0.08920359 0.1815662
vt 0.08736383 0.1819078
vt 0.0896703 0.1832405
vt 0.0890817 0.1798187
vt 0.08721691 0.1797774
vt 0.08920359 0.1815662
vt 0.08932685 0.1780845
vt 0.08750796 0.1776616
vt 0.0890817 0.1798187
vt 0.08992379 0.1764367
vt 0.08822572 0.1756371
vt 0.08932685 0.1780845
vt 0.09085226 0.1749579
vt 0.08936792 0.1737913
vt 0.08992379 0.1764367
vt 0.09206968 0.1737248
vt 0.09090471 0.1723523
vt 0.09085226 0.1749579
vt 0.09348666 0.1727425
vt 0.09258705 0.1711947
vt 0.09206968 0.1737248
vt 0.09505563 0.1720357
vt 0.09444737 0.170348
vt 0.09348666 0.1727425
vt 0.09672141 0.1716245
vt 0.09643536 0.1698562
vt 0.09505563 0.1720357
vt 0.09842705 0.1715348
vt 0.09847927 0.1697487
vt 0.09672141 0.1716245
vt 0.1001068 0.1717685
vt 0.1004984 0.170034
vt 0.09842705 0.1715348
vt 0.1017 0.1723204
vt 0.1024161 0.1707007
vt 0.1001068 0.1717685
vt 0.1031477 0.1731768
vt 0.1041652 0.1717202
vt 0.1017 0.1723204
vt 0.1044031 0.1743145
vt 0.1057072 0.1730558
vt 0.1031477 0.1731768
vt 0.1054233 0.1757229
vt 0.1070898 0.1746929
vt 0.1044031 0.1743145
vt 0.1054233 0.1757229
vt 0.1061597 0.1773457
vt 0.1070898 0.1746929
vt 0.1061597 0.1773457
vt 0.1065623 0.1791004
vt 0.1080599 0.1767064
vt 0.1065623 0.1791004
vt 0.1066009 0.1808917
vt 0.1085057 0.1788984
vt 0.1066009 0.1808917
vt 0.106256 0.1826268
vt 0.1085292 0.1810964
vt 0.106256 0.1826268
vt 0.1055395 0.1841941
vt 0.1081098 0.1832777
vt 0.1055395 0.1841941
vt 0.1044991 0.1855181
vt 0.1070651 0.1852246
vt 0.1044991 0.1855181
vt 0.1032385 0.1865941
vt 0.1057085 0.186777
vt 0.1032385 0.1865941
vt 0.1018149 0.1874281
vt 0.1041817 0.1880131
vt 0.1018149 0.1874281
vt 0.1002861 0.1880052
vt 0.1025068 0.1889646
vt 0.1002861 0.1880052
vt 0.09869694 0.1883298
vt 0.1007174 0.1896238
vt 0.09869694 0.1883298
vt 0.09709572 0.1883824
vt 0.09885776 0.1899791
vt 0.09709572 0.1883824
vt 0.09553092 0.1881763
vt 0.09698301 0.1900182
vt 0.09553092 0.1881763
vt 0.09404855 0.1877099
vt 0.09514963 0.1897446
vt 0.09404855 0.1877099
vt 0.09268432 0.1869853
vt 0.09341019 0.1891691
vt 0.09268432 0.1869853
vt 0.09147191 0.1860031
vt 0.09180235 0.1883089
vt 0.09147191 0.1860031
vt 0.09044313 0.1847479
vt 0.09034496 0.1871769
vt 0.07377147 0.1091014
vt 0.07518845 0.1117524
vt 0.07601326 0.1081729
vt 0.07601326 0.1081729
vt 0.07688581 0.1110493
vt 0.07839316 0.1076995
vt 0.07868778 0.1106909
vt 0.08052498 0.1106909
vt 0.07839316 0.1076995
vt 0.08052498 0.1106909
vt 0.08232694 0.1110493
vt 0.0808196 0.1076995
vt 0.08319956 0.1081729
vt 0.08232694 0.1110493
vt 0.08544129 0.1091014
vt 0.157447 0.0999013
vt 0.1556888 0.1004347
vt 0.1585973 0.1026784
vt 0.1556888 0.1004347
vt 0.1538604 0.1006148
vt 0.1562753 0.1033828
vt 0.1538604 0.1036206
vt 0.1538604 0.1006148
vt 0.1514456 0.1033828
vt 0.1514456 0.1033828
vt 0.152032 0.1004347
vt 0.1491236 0.1026784
vt 0.1665689 0.1310483
vt 0.1674219 0.1310478
vt 0.1665681 0.128622
vt 0.1665681 0.128622
vt 0.1674214 0.1286216
vt 0.1665682 0.1261955
vt 0.1665682 0.1261955
vt 0.1674214 0.1261953
vt 0.1665691 0.1237689
vt 0.1665691 0.1237689
vt 0.1674224 0.1237688
vt 0.1665708 0.1213423
vt 0.1665708 0.1213423
vt 0.1674242 0.1213423
vt 0.1665732 0.1189155
vt 0.1622022 0.1105943
vt 0.1597756 0.1105928
vt 0.1622017 0.1114533
vt 0.1597756 0.1105928
vt 0.1573491 0.1105924
vt 0.1597751 0.1114519
vt 0.1573491 0.1105924
vt 0.1549226 0.1105928
vt 0.1573488 0.1114514
vt 0.1549226 0.1105928
vt 0.1524962 0.1105943
vt 0.1549224 0.1114519
vt 0.08794265 0.1839745
vt 0.08707898 0.1845204
vt 0.089042 0.1857505
vt 0.09090471 0.1723523
vt 0.09028512 0.17158
vt 0.08936792 0.1737913
vt 0.09258705 0.1711947
vt 0.09209382 0.1703292
vt 0.09090471 0.1723523
vt 0.09444737 0.170348
vt 0.09411472 0.1694021
vt 0.09258705 0.1711947
vt 0.09643536 0.1698562
vt 0.0962848 0.1688622
vt 0.09444737 0.170348
vt 0.09847927 0.1697487
vt 0.09852099 0.1687454
vt 0.09643536 0.1698562
vt 0.1004984 0.170034
vt 0.1007319 0.1690611
vt 0.09847927 0.1697487
vt 0.1024161 0.1707007
vt 0.1028302 0.1697944
vt 0.1004984 0.170034
vt 0.1041652 0.1717202
vt 0.1047403 0.1709078
vt 0.1024161 0.1707007
vt 0.1057072 0.1730558
vt 0.1064163 0.1723429
vt 0.1041652 0.1717202
vt 0.1070898 0.1746929
vt 0.1078793 0.1740171
vt 0.1057072 0.1730558
vt 0.1081098 0.1832777
vt 0.1070651 0.1852246
vt 0.1090738 0.1837972
vt 0.1070651 0.1852246
vt 0.1057085 0.186777
vt 0.107931 0.1858414
vt 0.1057085 0.186777
vt 0.1041817 0.1880131
vt 0.106368 0.187492
vt 0.1041817 0.1880131
vt 0.1025068 0.1889646
vt 0.1047037 0.1887982
vt 0.1025068 0.1889646
vt 0.1007174 0.1896238
vt 0.1028927 0.1898117
vt 0.1007174 0.1896238
vt 0.09885776 0.1899791
vt 0.1009594 0.190516
vt 0.09885776 0.1899791
vt 0.09698301 0.1900182
vt 0.09894865 0.1908916
vt 0.09698301 0.1900182
vt 0.09514963 0.1897446
vt 0.09692043 0.1909239
vt 0.09514963 0.1897446
vt 0.09341019 0.1891691
vt 0.09493774 0.1906159
vt 0.09341019 0.1891691
vt 0.09180235 0.1883089
vt 0.09305834 0.1899837
vt 0.09180235 0.1883089
vt 0.09034496 0.1871769
vt 0.09132188 0.1890552
vt 0.09034496 0.1871769
vt 0.089042 0.1857505
vt 0.08973753 0.1878551
vt 0.07688581 0.103956
vt 0.07518839 0.1032529
vt 0.07601326 0.1068325
vt 0.07868772 0.1043144
vt 0.07688581 0.103956
vt 0.0783931 0.1073059
vt 0.0808196 0.1073059
vt 0.08052498 0.1043144
vt 0.0783931 0.1073059
vt 0.0831995 0.1068325
vt 0.08232694 0.103956
vt 0.0808196 0.1073059
vt 0.08544129 0.1059039
vt 0.08402431 0.1032529
vt 0.0831995 0.1068325
vt 0.08033645 0.1023259
vt 0.08209455 0.1028592
vt 0.08092272 0.0993783
vt 0.07850807 0.0991405
vt 0.07850807 0.1021459
vt 0.08092272 0.0993783
vt 0.0766797 0.1023259
vt 0.07850807 0.1021459
vt 0.07609337 0.0993783
vt 0.07492154 0.1028592
vt 0.0766797 0.1023259
vt 0.07377147 0.1000827
vt 0.106368 0.187492
vt 0.1085372 0.1901334
vt 0.107931 0.1858414
vt 0.106368 0.187492
vt 0.1047037 0.1887982
vt 0.1085372 0.1901334
vt 0.1047037 0.1887982
vt 0.1028927 0.1898117
vt 0.1064904 0.1916451
vt 0.1028927 0.1898117
vt 0.1009594 0.190516
vt 0.1042361 0.1928735
vt 0.1009594 0.190516
vt 0.09894865 0.1908916
vt 0.1017991 0.1937438
vt 0.09894865 0.1908916
vt 0.09692043 0.1909239
vt 0.09924143 0.1941965
vt 0.09692043 0.1909239
vt 0.09493774 0.1906159
vt 0.09665268 0.1941965
vt 0.09493774 0.1906159
vt 0.09305834 0.1899837
vt 0.09413492 0.1937435
vt 0.09305834 0.1899837
vt 0.09132188 0.1890552
vt 0.09178501 0.1928769
vt 0.09132188 0.1890552
vt 0.08973753 0.1878551
vt 0.0896719 0.191677
vt 0.08973753 0.1878551
vt 0.08827167 0.1863534
vt 0.08780956 0.1902582
vt 0.1708694 0.0874013
vt 0.1678635 0.0874013
vt 0.1708681 0.0882603
vt 0.159703 0.1833209
vt 0.160562 0.1833199
vt 0.159703 0.1803156
vt 0.09419798 0.7710789
vt 0.09419816 0.7684491
vt 0.09245574 0.7710788
vt 0.09245592 0.7684489
vt 0.09071362 0.7684489
vt 0.09245574 0.7710788
vt 0.09071362 0.7684489
vt 0.08897137 0.7684488
vt 0.0907135 0.7710786
vt 0.08897113 0.7710785
vt 0.08897137 0.7684488
vt 0.08722889 0.7710784
vt 0.08722907 0.7684486
vt 0.08548688 0.7684485
vt 0.08722889 0.7710784
vt 0.08548688 0.7684485
vt 0.08374464 0.7684484
vt 0.08548665 0.7710783
vt 0.08200246 0.7684483
vt 0.08200228 0.7710779
vt 0.08374464 0.7684484
vt 0.08026039 0.7684482
vt 0.08026015 0.7710777
vt 0.08200246 0.7684483
vt 0.08026039 0.7684482
vt 0.07851827 0.7684481
vt 0.08026015 0.7710777
vt 0.07677626 0.768448
vt 0.07677614 0.7710774
vt 0.07851827 0.7684481
vt 0.07677626 0.768448
vt 0.0750342 0.7684479
vt 0.07677614 0.7710774
vt 0.0750342 0.7710773
vt 0.0750342 0.7684479
vt 0.07329213 0.7710773
vt 0.07329225 0.7684479
vt 0.07155019 0.7684479
vt 0.07329213 0.7710773
vt 0.06980818 0.7684479
vt 0.06980824 0.7710773
vt 0.07155019 0.7684479
vt 0.06980818 0.7684479
vt 0.06806612 0.7684479
vt 0.06980824 0.7710773
vt 0.06632405 0.768448
vt 0.06632417 0.7710774
vt 0.06806612 0.7684479
vt 0.06632405 0.768448
vt 0.06458193 0.768448
vt 0.06632417 0.7710774
vt 0.0628398 0.7684481
vt 0.06283998 0.7710777
vt 0.06458193 0.768448
vt 0.0628398 0.7684481
vt 0.06109756 0.7684483
vt 0.06283998 0.7710777
vt 0.06109756 0.7684483
vt 0.05935531 0.7684484
vt 0.0610978 0.7710779
vt 0.05761313 0.7684486
vt 0.05761337 0.7710783
vt 0.05935531 0.7684484
vt 0.05761313 0.7684486
vt 0.05587089 0.7684488
vt 0.05761337 0.7710783
vt 0.05587089 0.7684488
vt 0.05412864 0.7684489
vt 0.05587118 0.7710785
vt 0.05238652 0.7684491
vt 0.0523867 0.7710788
vt 0.05412864 0.7684489
vt 0.1499958 0.1919395
vt 0.1499992 0.1941965
vt 0.1516991 0.191937
vt 0.1517339 0.1290719
vt 0.1500236 0.1290719
vt 0.1516939 0.1308882
vt 0.1516939 0.1308882
vt 0.1500054 0.1314074
vt 0.1516856 0.1331541
vt 0.1499755 0.1331519
vt 0.1499726 0.1354178
vt 0.1516856 0.1331541
vt 0.1516826 0.13542
vt 0.1499726 0.1354178
vt 0.1516796 0.1376856
vt 0.1499698 0.1376835
vt 0.1499672 0.1399491
vt 0.1516796 0.1376856
vt 0.151677 0.1399511
vt 0.1499672 0.1399491
vt 0.1516743 0.1422162
vt 0.1516743 0.1422162
vt 0.1499648 0.1422144
vt 0.1516719 0.1444811
vt 0.1499627 0.1444795
vt 0.1499608 0.1467441
vt 0.1516719 0.1444811
vt 0.1499608 0.1467441
vt 0.1499593 0.1490085
vt 0.1516698 0.1467456
vt 0.1499581 0.1512725
vt 0.1516664 0.1512734
vt 0.1499593 0.1490085
vt 0.1499572 0.153536
vt 0.1516652 0.1535367
vt 0.1499581 0.1512725
vt 0.1499572 0.153536
vt 0.1499568 0.155799
vt 0.1516652 0.1535367
vt 0.1499568 0.155799
vt 0.1499568 0.1580615
vt 0.1516643 0.1557993
vt 0.1499572 0.1603234
vt 0.1516638 0.160323
vt 0.1499568 0.1580615
vt 0.1516638 0.160323
vt 0.1499572 0.1603234
vt 0.1516643 0.1625839
vt 0.149958 0.1625847
vt 0.1499595 0.1648453
vt 0.1516643 0.1625839
vt 0.1499614 0.1671052
vt 0.1516665 0.1671038
vt 0.1499595 0.1648453
vt 0.1516665 0.1671038
vt 0.1499614 0.1671052
vt 0.1516684 0.1693628
vt 0.1499662 0.1716232
vt 0.1516706 0.1716213
vt 0.1499636 0.1693644
vt 0.1499662 0.1716232
vt 0.1499691 0.1738814
vt 0.1516706 0.1716213
vt 0.1499721 0.1761392
vt 0.151676 0.176137
vt 0.1499691 0.1738814
vt 0.1499721 0.1761392
vt 0.1499752 0.1783968
vt 0.151676 0.176137
vt 0.1499752 0.1783968
vt 0.1499786 0.1806542
vt 0.151679 0.1783944
vt 0.149982 0.1829114
vt 0.1516854 0.1829089
vt 0.1499786 0.1806542
vt 0.149982 0.1829114
vt 0.1499854 0.1851686
vt 0.1516854 0.1829089
vt 0.1499854 0.1851686
vt 0.1499888 0.1874255
vt 0.1516888 0.185166
vt 0.1499924 0.1896826
vt 0.1516957 0.18968
vt 0.1499888 0.1874255
vt 0.1516957 0.18968
vt 0.1499924 0.1896826
vt 0.1516991 0.191937
vt 0.1554113 0.7776059
vt 0.1576209 0.7765432
vt 0.1554917 0.7757193
vt 0.08642715 0.7527963
vt 0.09008991 0.7540598
vt 0.09066981 0.7527963
vt 0.1554113 0.7736636
vt 0.1554917 0.7757193
vt 0.1574845 0.7743943
vt 0.1739795 0.124606
vt 0.1752349 0.1245154
vt 0.1740774 0.1241329
vt 0.1739655 0.1248913
vt 0.1752373 0.1248851
vt 0.1739795 0.124606
vt 0.1739655 0.1248913
vt 0.1739825 0.1252835
vt 0.1752373 0.1248851
vt 0.1740612 0.1571541
vt 0.1741516 0.1576421
vt 0.1753163 0.1571541
vt 0.04776221 0.0924245
vt 0.04564076 0.0924245
vt 0.04750239 0.092764
vt 0.1753066 0.1575234
vt 0.1741516 0.1576421
vt 0.1752938 0.1578927
vt 0.1246975 0.7581904
vt 0.1248521 0.7591846
vt 0.1252803 0.7581861
vt 0.1253111 0.7572125
vt 0.1247333 0.7571759
vt 0.1252803 0.7581861
vt 0.1761934 0.2123803
vt 0.1743148 0.2123641
vt 0.1762043 0.2127328
vt 0.08124333 0.7521111
vt 0.08082377 0.75086
vt 0.07941812 0.7521111
vt 0.1759352 0.125709
vt 0.1740217 0.1256771
vt 0.175939 0.1260623
vt 0.1459792 0.2030412
vt 0.1410638 0.1978943
vt 0.1358667 0.2116523
vt 0.175939 0.1260623
vt 0.1739926 0.1260457
vt 0.1759405 0.1264144
vt 0.1642503 0.8054766
vt 0.1642503 0.8042096
vt 0.1638721 0.8054985
vt 0.1706996 0.1663636
vt 0.1687247 0.1663636
vt 0.1706986 0.1667169
vt 0.1630346 0.7657437
vt 0.1630346 0.7667178
vt 0.1641991 0.7658268
vt 0.05664688 0.1014552
vt 0.05583524 0.1032801
vt 0.05696582 0.1016049
vt 0.07015997 0.1010829
vt 0.05696582 0.1016049
vt 0.0695483 0.103451
vt 0.164953 0.8257743
vt 0.1649609 0.8251783
vt 0.1637209 0.8257567
vt 0.1642313 0.8310715
vt 0.1642467 0.8304961
vt 0.1631785 0.8310488
vt 0.1642168 0.8316652
vt 0.1642313 0.8310715
vt 0.1631999 0.8316445
vt 0.174642 0.0966453
vt 0.1749947 0.0966629
vt 0.1746522 0.0961971
vt 0.1749947 0.0966629
vt 0.1753465 0.0966794
vt 0.1750013 0.0960629
vt 0.09066981 0.7496212
vt 0.08965265 0.7496212
vt 0.09006202 0.750308
vt 0.1275203 0.0888719
vt 0.1278727 0.0888965
vt 0.1275416 0.0881088
vt 0.1278727 0.0888965
vt 0.1282243 0.0889195
vt 0.1278778 0.0879688
vt 0.1381339 0.7516683
vt 0.1381375 0.7510822
vt 0.1370726 0.751657
vt 0.1649484 0.858755
vt 0.1649593 0.8581589
vt 0.1638372 0.8587432
vt 0.1381347 0.7522792
vt 0.1381339 0.7516683
vt 0.1370984 0.7522504
vt 0.1482596 0.1983344
vt 0.1481482 0.1979273
vt 0.1463729 0.1983344
vt 0.1578163 0.8130593
vt 0.1578163 0.8124629
vt 0.1567398 0.8130469
vt 0.1567703 0.813657
vt 0.1574647 0.8136425
vt 0.1567398 0.8130469
vt 0.07380253 0.0866661
vt 0.07377147 0.0870473
vt 0.07633459 0.0866667
vt 0.0906673 0.7518877
vt 0.09066748 0.751282
vt 0.08974909 0.7518969
vt 0.09066748 0.751282
vt 0.09066981 0.7506768
vt 0.08970886 0.7513016
vt 0.09066981 0.752493
vt 0.0906673 0.7518877
vt 0.08978635 0.7524919
vt 0.1460342 0.0871056
vt 0.1486882 0.0871056
vt 0.146064 0.0867256
vt 0.1269128 0.1001865
vt 0.1265667 0.0995369
vt 0.1246978 0.1001865
vt 0.1647146 0.7519014
vt 0.1646999 0.7512967
vt 0.1638569 0.7519014
vt 0.08530139 0.7501182
vt 0.08610725 0.7501182
vt 0.08543342 0.749527
vt 0.163805 0.0867194
vt 0.1637741 0.0871009
vt 0.1663373 0.0867197
vt 0.0605219 0.0867129
vt 0.06049579 0.0870944
vt 0.06317603 0.0867132
vt 0.1638308 0.847327
vt 0.1638755 0.8479302
vt 0.164759 0.847315
vt 0.1638308 0.8469484
vt 0.1648406 0.8470117
vt 0.1639025 0.8464742
vt 0.1640109 0.7689521
vt 0.1646661 0.7690787
vt 0.1641873 0.7683731
vt 0.0481559 0.0870889
vt 0.05080986 0.0870889
vt 0.0481857 0.0867079
vt 0.1640449 0.820148
vt 0.1642526 0.8200899
vt 0.1640246 0.8196317
vt 0.1640246 0.8210044
vt 0.164302 0.82093
vt 0.1640449 0.820148
vt 0.08922338 0.0872927
vt 0.09197533 0.0872927
vt 0.08924615 0.0869112
vt 0.1495077 0.8470819
vt 0.1496713 0.8470301
vt 0.1494643 0.8463729
vt 0.1498339 0.8469756
vt 0.1496713 0.8470301
vt 0.1499432 0.8474848
vt 0.154093 0.774582
vt 0.1541351 0.7739781
vt 0.1534394 0.7745122
vt 0.154093 0.774582
vt 0.154611 0.7746589
vt 0.1541351 0.7739781
vt 0.1499432 0.8474848
vt 0.1497356 0.847545
vt 0.1500852 0.8483301
vt 0.1495462 0.8491071
vt 0.1498487 0.849059
vt 0.1495454 0.848484
vt 0.1325919 0.8107123
vt 0.1325803 0.8103501
vt 0.132113 0.8107123
vt 0.1496624 0.8462965
vt 0.1495631 0.8463342
vt 0.1498339 0.8469756
vt 0.1499432 0.8474848
vt 0.1501498 0.8474212
vt 0.1498339 0.8469756
vt 0.0723046 0.7617486
vt 0.0723046 0.759228
vt 0.07154494 0.7612913
vt 0.1534394 0.7745122
vt 0.1536943 0.77993
vt 0.154093 0.774582
vt 0.1500852 0.8483301
vt 0.1498143 0.8483828
vt 0.1501498 0.8490167
vt 0.05583524 0.0871134
vt 0.05854415 0.0871134
vt 0.05586296 0.086732
vt 0.1645728 0.8215582
vt 0.1637255 0.8215582
vt 0.1646088 0.8221571
vt 0.1269559 0.7628205
vt 0.1272305 0.7628033
vt 0.1269518 0.7619634
vt 0.1636973 0.8068632
vt 0.1638684 0.8068478
vt 0.1636993 0.8061626
vt 0.1638684 0.8068478
vt 0.1639192 0.8073668
vt 0.1640387 0.8068304
vt 0.115651 0.7510855
vt 0.115651 0.7518521
vt 0.1157906 0.751813
vt 0.1269518 0.7635099
vt 0.1272552 0.763488
vt 0.1269559 0.7628205
vt 0.1636993 0.8061626
vt 0.1638058 0.8061513
vt 0.1636973 0.8058099
vt 0.1638058 0.8061513
vt 0.1638684 0.8068478
vt 0.1639115 0.8061411
vt 0.1039003 0.0869381
vt 0.1038834 0.0873197
vt 0.1066522 0.0869386
vt 0.1644819 0.85173
vt 0.1647867 0.8516798
vt 0.1644819 0.8511058
vt 0.06300795 0.7592664
vt 0.06300795 0.7597878
vt 0.06317865 0.7592824
vt 0.1586008 0.7604107
vt 0.1585984 0.7607618
vt 0.1586736 0.760411
vt 0.06302613 0.7585657
vt 0.06300795 0.7592664
vt 0.06313163 0.7585785
vt 0.1641779 0.7628466
vt 0.1641587 0.7637094
vt 0.1643937 0.7628525
vt 0.09255576 0.0971135
vt 0.09235805 0.0966669
vt 0.0898258 0.0971135
vt 0.1764813 0.164924
vt 0.1741826 0.1649513
vt 0.1764912 0.1653125
vt 0.1588448 0.8393553
vt 0.1591889 0.8394309
vt 0.1588661 0.839286
vt 0.1648176 0.7846755
vt 0.1645145 0.7846976
vt 0.1648293 0.7852582
vt 0.1644369 0.8073668
vt 0.1647406 0.8073473
vt 0.1644369 0.8066817
vt 0.1592518 0.8392275
vt 0.1588885 0.8392172
vt 0.1592204 0.8393294
vt 0.1592204 0.8393294
vt 0.1599222 0.8394001
vt 0.1592518 0.8392275
vt 0.1599222 0.8394001
vt 0.1604411 0.8394294
vt 0.1599638 0.8392334
vt 0.02958971 0.0876363
vt 0.03198415 0.0876363
vt 0.02960294 0.087248
vt 0.1650379 0.7537798
vt 0.1630601 0.7539503
vt 0.1650379 0.7543647
vt 0.1645284 0.7957359
vt 0.1648445 0.7956852
vt 0.1645466 0.7951534
vt 0.1553195 0.8123739
vt 0.1553195 0.8210044
vt 0.1558265 0.8125048
vt 0.05228912 0.0869259
vt 0.05468285 0.0869259
vt 0.05230116 0.0865372
vt 0.164219 0.8182408
vt 0.164219 0.8190986
vt 0.1644338 0.8182622
vt 0.153568 0.0870135
vt 0.1535579 0.0873958
vt 0.1563535 0.087014
vt 0.1093115 0.7515117
vt 0.106732 0.7518518
vt 0.1084868 0.7526974
vt 0.1186723 0.0869068
vt 0.1186498 0.0872883
vt 0.1213793 0.0869068
vt 0.04342454 0.0869707
vt 0.04341322 0.0865817
vt 0.04100787 0.0869707
vt 0.1644819 0.8500915
vt 0.1644819 0.8507571
vt 0.1647565 0.8501115
vt 0.06438153 0.7509149
vt 0.06636273 0.7507885
vt 0.06467062 0.7502038
vt 0.1647412 0.8058487
vt 0.1644369 0.8058466
vt 0.1647516 0.8063184
vt 0.1643207 0.760214
vt 0.1643207 0.7610565
vt 0.1645324 0.760256
vt 0.1652307 0.8534772
vt 0.1629139 0.8535268
vt 0.1652307 0.8540618
vt 0.07087975 0.0869356
vt 0.07329005 0.0869356
vt 0.07088828 0.0865469
vt 0.06636977 0.7529341
vt 0.06636738 0.7526237
vt 0.05812436 0.7529438
vt 0.09957909 0.0873374
vt 0.1023646 0.0873374
vt 0.09959596 0.0869554
vt 0.1739687 0.13768
vt 0.1764034 0.13768
vt 0.1739777 0.1372915
vt 0.1730052 0.1271905
vt 0.1758192 0.1271905
vt 0.1730092 0.1268085
vt 0.1092225 0.7694096
vt 0.1089184 0.7693973
vt 0.109234 0.76981
vt 0.06807523 0.0869356
vt 0.07048612 0.0869356
vt 0.06807667 0.0865462
vt 0.1702834 0.0870076
vt 0.1702778 0.0866181
vt 0.1678627 0.0870076
vt 0.1345034 0.7489905
vt 0.131928 0.7489948
vt 0.1344575 0.7495733
vt 0.1648313 0.7944726
vt 0.1645284 0.7944496
vt 0.1648449 0.7947999
vt 0.07675963 0.0870473
vt 0.07920384 0.0870473
vt 0.07676458 0.0866576
vt 0.1042054 0.7585388
vt 0.09595453 0.7585388
vt 0.1041993 0.7588873
vt 0.06466251 0.0977799
vt 0.06033307 0.0992353
vt 0.06568944 0.1006893
vt 0.1050934 0.1032506
vt 0.1039742 0.1063944
vt 0.1193748 0.1033761
vt 0.1589155 0.8073469
vt 0.158915 0.7990833
vt 0.1585978 0.8073339
vt 0.158915 0.7990833
vt 0.1589155 0.8073469
vt 0.1592354 0.7990833
vt 0.1738061 0.1875185
vt 0.1763167 0.1875185
vt 0.1738232 0.1872233
vt 0.07337778 0.1081208
vt 0.05583524 0.108939
vt 0.07312119 0.1117524
vt 0.133555 0.8509544
vt 0.1338534 0.8514588
vt 0.1347254 0.8502912
vt 0.1341586 0.851961
vt 0.1367275 0.850502
vt 0.1338534 0.8514588
vt 0.1341586 0.851961
vt 0.1344696 0.85246
vt 0.1367275 0.850502
vt 0.1344696 0.85246
vt 0.1347847 0.8529553
vt 0.1369926 0.8510209
vt 0.1351034 0.8534476
vt 0.13752 0.8520569
vt 0.1347847 0.8529553
vt 0.1351034 0.8534476
vt 0.1354242 0.8539385
vt 0.13752 0.8520569
vt 0.1354242 0.8539385
vt 0.133555 0.8558065
vt 0.1396293 0.8615575
vt 0.1354242 0.8539385
vt 0.1396293 0.8615575
vt 0.1400654 0.8530302
vt 0.1367275 0.850502
vt 0.1394168 0.8492802
vt 0.1364624 0.8499806
vt 0.1367275 0.850502
vt 0.1369926 0.8510209
vt 0.1394168 0.8492802
vt 0.1372567 0.8515385
vt 0.139854 0.8503702
vt 0.1369926 0.8510209
vt 0.13752 0.8520569
vt 0.1400655 0.8509179
vt 0.1372567 0.8515385
vt 0.13752 0.8520569
vt 0.137785 0.8525757
vt 0.1400655 0.8509179
vt 0.1364624 0.8499806
vt 0.1391903 0.8487398
vt 0.1362096 0.849452
vt 0.1354242 0.8539385
vt 0.1400654 0.8530302
vt 0.137785 0.8525757
vt 0.1674401 0.2206324
vt 0.1676414 0.2244229
vt 0.1701179 0.2206324
vt 0.06729602 0.7635252
vt 0.07118284 0.763409
vt 0.0700733 0.7626359
vt 0.1580284 0.7713376
vt 0.1586129 0.7713199
vt 0.1580284 0.7683462
vt 0.1586129 0.7713199
vt 0.1591975 0.7712961
vt 0.1586132 0.7683637
vt 0.07119429 0.764379
vt 0.07126361 0.764066
vt 0.07097733 0.7649416
vt 0.1591975 0.7712961
vt 0.1597815 0.7712685
vt 0.1591976 0.7683874
vt 0.1603657 0.771238
vt 0.1603652 0.7684457
vt 0.1597815 0.7712685
vt 0.1444837 0.7488387
vt 0.1445165 0.7494223
vt 0.147276 0.7488387
vt 0.1679471 0.2334633
vt 0.1702231 0.2334631
vt 0.1677464 0.2296729
vt 0.03385901 0.0914249
vt 0.02959042 0.0922378
vt 0.03385663 0.0930772
vt 0.07619869 0.7500343
vt 0.07919001 0.7500342
vt 0.07725077 0.7494496
vt 0.1574898 0.8411737
vt 0.1611394 0.8411737
vt 0.1581698 0.8397599
vt 0.15758 0.1512273
vt 0.15661 0.1532862
vt 0.15758 0.1558574
vt 0.1533904 0.0933682
vt 0.1533904 0.0914372
vt 0.1491236 0.0933765
vt 0.04466336 0.094968
vt 0.04506289 0.0936928
vt 0.03881746 0.0944353
vt 0.1272514 0.1708444
vt 0.1262435 0.1666939
vt 0.1218124 0.1708444
vt 0.1646338 0.1473135
vt 0.1646338 0.1420723
vt 0.1626645 0.1475636
vt 0.1529785 0.7734584
vt 0.1497309 0.7751235
vt 0.1529785 0.7831527
vt 0.1326763 0.7527899
vt 0.1287318 0.7528572
vt 0.1326761 0.7539616
vt 0.1672692 0.143773
vt 0.1674697 0.1475632
vt 0.1699474 0.143773
vt 0.1171692 0.7519129
vt 0.1171869 0.7524976
vt 0.1201602 0.7519129
vt 0.1172097 0.753082
vt 0.1201198 0.7530818
vt 0.1171869 0.7524976
vt 0.167114 0.1340406
vt 0.1713809 0.1340314
vt 0.167114 0.132092
vt 0.08363831 0.0994742
vt 0.08363831 0.1028404
vt 0.08469122 0.1011139
vt 0.1035466 0.7521133
vt 0.1064005 0.7521134
vt 0.1035186 0.7515295
vt 0.09927093 0.7535317
vt 0.09927093 0.755017
vt 0.1032153 0.7535317
vt 0.1035466 0.7521133
vt 0.1035774 0.7526971
vt 0.1064005 0.7521134
vt 0.1674607 0.190406
vt 0.167662 0.1941965
vt 0.1701383 0.190406
vt 0.1568853 0.8239741
vt 0.1595858 0.8243534
vt 0.1569344 0.8233907
vt 0.1066691 0.755017
vt 0.1092988 0.755017
vt 0.1066773 0.7532255
vt 0.1417021 0.7509683
vt 0.1436629 0.7509132
vt 0.1416347 0.7504395
vt 0.1568853 0.8239741
vt 0.1571017 0.8253673
vt 0.1595858 0.8243534
vt 0.1646162 0.7990043
vt 0.164094 0.7990043
vt 0.1646065 0.7994398
vt 0.1609135 0.8188254
vt 0.1639045 0.8188253
vt 0.1618262 0.8182408
vt 0.1537842 0.0933765
vt 0.1580511 0.0933688
vt 0.1537842 0.0914292
vt 0.0609489 0.7576545
vt 0.06325483 0.7576545
vt 0.06107527 0.7571416
vt 0.1602661 0.7716419
vt 0.1563217 0.7716408
vt 0.1602657 0.7731278
vt 0.1603773 0.7794412
vt 0.1614935 0.7788919
vt 0.1605211 0.7776476
vt 0.1584011 0.7513359
vt 0.1557714 0.7513359
vt 0.1584011 0.7524773
vt 0.06111609 0.756621
vt 0.06107527 0.7571416
vt 0.06316882 0.7566136
vt 0.1603537 0.788786
vt 0.1603537 0.7879607
vt 0.159039 0.7887859
vt 0.1603537 0.7879607
vt 0.1603538 0.7871356
vt 0.159039 0.7879606
vt 0.1504892 0.8549538
vt 0.151804 0.8541949
vt 0.1504892 0.8372928
vt 0.1625518 0.8490624
vt 0.1625518 0.8477477
vt 0.1599223 0.8490624
vt 0.1282156 0.7512873
vt 0.1268767 0.7509987
vt 0.1276357 0.7523584
vt 0.1603538 0.7856502
vt 0.159039 0.7856502
vt 0.1603538 0.7871356
vt 0.08393865 0.0934627
vt 0.08393865 0.0915322
vt 0.07967174 0.0934718
vt 0.1227299 0.0926362
vt 0.1229673 0.0913204
vt 0.1197162 0.0929313
vt 0.1491236 0.0974034
vt 0.1617254 0.097145
vt 0.1510365 0.0961689
vt 0.09855461 0.7514699
vt 0.09867435 0.752605
vt 0.1011992 0.7514699
vt 0.08425122 0.115128
vt 0.08566802 0.1155609
vt 0.08466333 0.1136731
vt 0.1494587 0.8140042
vt 0.1469847 0.8260072
vt 0.1494587 0.8316652
vt 0.1632697 0.8411737
vt 0.1653225 0.8411737
vt 0.1633146 0.8406534
vt 0.1654766 0.2127178
vt 0.1656109 0.2054291
vt 0.1634918 0.2126889
vt 0.1168659 0.7535521
vt 0.1129215 0.7536147
vt 0.115551 0.7550375
vt 0.06863754 0.0909961
vt 0.07161247 0.0920314
vt 0.07150417 0.0913062
vt 0.06807523 0.0923678
vt 0.07140886 0.0927364
vt 0.06863754 0.0909961
vt 0.1727598 0.1305184
vt 0.1727802 0.1291828
vt 0.1702488 0.1310483
vt 0.1631981 0.762696
vt 0.1631981 0.7648697
vt 0.1638554 0.7639102
vt 0.1511228 0.1967505
vt 0.149609 0.1975388
vt 0.1512306 0.1969578
vt 0.1511228 0.1967505
vt 0.150202 0.1949924
vt 0.149609 0.1975388
vt 0.1550179 0.1949924
vt 0.1512306 0.1969578
vt 0.1558305 0.1965665
vt 0.1714548 0.2065369
vt 0.1727914 0.2065377
vt 0.1711349 0.204103
vt 0.1567422 0.1983511
vt 0.1558305 0.1965665
vt 0.1514163 0.2010567
vt 0.1711649 0.1666142
vt 0.1737077 0.1663179
vt 0.1711649 0.1648427
vt 0.1642835 0.7894
vt 0.163626 0.7894066
vt 0.1642835 0.7907479
vt 0.1734812 0.1320548
vt 0.1717745 0.1320592
vt 0.1734812 0.1340406
vt 0.1719151 0.1264144
vt 0.1732514 0.1264141
vt 0.1715946 0.1239797
vt 0.1092432 0.7562194
vt 0.1085857 0.7562314
vt 0.1092432 0.7567766
vt 0.1085857 0.7567766
vt 0.1085857 0.758212
vt 0.1092432 0.7567766
vt 0.1092432 0.7553413
vt 0.1085857 0.7553413
vt 0.1092432 0.7562194
vt 0.1673987 0.0957169
vt 0.1675992 0.0995071
vt 0.1700763 0.0957169
vt 0.1635213 0.85173
vt 0.1641787 0.8516488
vt 0.1635213 0.8502946
vt 0.1366351 0.095667
vt 0.1426087 0.0956801
vt 0.1366351 0.0936892
vt 0.1703992 0.1602616
vt 0.172937 0.1599276
vt 0.1703992 0.1582575
vt 0.1739358 0.1945914
vt 0.1722291 0.1945953
vt 0.1739358 0.1965765
vt 0.1729664 0.1938763
vt 0.1729665 0.1925393
vt 0.170532 0.1941965
vt 0.1734124 0.1900123
vt 0.1730926 0.1875783
vt 0.171435 0.1900123
vt 0.1644614 0.8578557
vt 0.1644614 0.8568551
vt 0.1638041 0.8577654
vt 0.1652113 0.8374512
vt 0.1630727 0.8374512
vt 0.1652504 0.8379719
vt 0.1473745 0.0975768
vt 0.1409171 0.0960737
vt 0.1366351 0.0975768
vt 0.1097285 0.7520871
vt 0.1125201 0.7520874
vt 0.1096974 0.7515031
vt 0.1652737 0.7617153
vt 0.1632202 0.7617152
vt 0.1653161 0.7622358
vt 0.1097285 0.7520871
vt 0.1097607 0.7526709
vt 0.1125201 0.7520874
vt 0.1491736 0.143747
vt 0.1466432 0.1440524
vt 0.1491736 0.1510155
vt 0.1652786 0.8398301
vt 0.1633146 0.8398301
vt 0.1653231 0.84035
vt 0.1641355 0.7707333
vt 0.1641355 0.7713376
vt 0.1647929 0.7708236
vt 0.1728792 0.1472297
vt 0.1728788 0.1458927
vt 0.170341 0.1475636
vt 0.1491236 0.0957621
vt 0.1550972 0.0957752
vt 0.1491236 0.0937843
vt 0.1742362 0.1158966
vt 0.1742362 0.1139115
vt 0.1725295 0.1158926
vt 0.1721271 0.0970731
vt 0.1707908 0.0970738
vt 0.1724478 0.0995077
vt 0.1729928 0.1050649
vt 0.1729921 0.1037286
vt 0.1705582 0.1053855
vt 0.1635538 0.7853169
vt 0.1642112 0.7853169
vt 0.1635538 0.7838819
vt 0.1743295 0.1946044
vt 0.1743533 0.1949762
vt 0.1760395 0.1946044
vt 0.1631345 0.8021278
vt 0.1638224 0.8026276
vt 0.1653516 0.8021278
vt 0.17444 0.1306436
vt 0.1744483 0.1310483
vt 0.1761482 0.1306363
vt 0.1448115 0.7822469
vt 0.1440129 0.7803734
vt 0.141428 0.7808793
vt 0.149762 0.8029767
vt 0.149762 0.8198787
vt 0.1510769 0.8029767
vt 0.1448115 0.7822469
vt 0.141428 0.7808793
vt 0.1422973 0.7905348
vt 0.1494276 0.7788337
vt 0.1467981 0.7788338
vt 0.1494276 0.7957358
vt 0.1753218 0.176335
vt 0.1753181 0.1760073
vt 0.1736137 0.1763485
vt 0.1753181 0.1760073
vt 0.1753176 0.1756402
vt 0.1736087 0.1759465
vt 0.1736122 0.1752025
vt 0.1736071 0.1756054
vt 0.1753218 0.1752703
vt 0.174033 0.1994538
vt 0.1741804 0.1997614
vt 0.1739174 0.1990687
vt 0.159237 0.1316253
vt 0.155934 0.1321324
vt 0.1595361 0.1470342
vt 0.1495583 0.1827402
vt 0.1495631 0.1808499
vt 0.1346254 0.1846428
vt 0.1347097 0.1856833
vt 0.1491591 0.1860053
vt 0.1346254 0.1846428
vt 0.1348655 0.189174
vt 0.1486721 0.1880206
vt 0.1348246 0.1874419
vt 0.134842 0.1905073
vt 0.1480721 0.1898841
vt 0.1348655 0.189174
vt 0.1223024 0.1190249
vt 0.1259751 0.1185625
vt 0.1229964 0.1052883
vt 0.1348245 0.1914506
vt 0.1472969 0.1918027
vt 0.134842 0.1905073
vt 0.1721359 0.1158966
vt 0.1718011 0.1133588
vt 0.1701308 0.1158966
vt 0.123443 0.0957293
vt 0.1294167 0.0957427
vt 0.123443 0.093752
vt 0.1499428 0.1264311
vt 0.1499428 0.1284168
vt 0.1516495 0.1264354
vt 0.08210647 0.0891522
vt 0.07967245 0.0894718
vt 0.08210647 0.0911295
vt 0.1705116 0.2219883
vt 0.1708324 0.2244222
vt 0.1724894 0.2219883
vt 0.05475467 0.0918045
vt 0.05027121 0.0918045
vt 0.05477881 0.0923345
vt 0.1346783 0.1937098
vt 0.1351471 0.1941965
vt 0.1348245 0.1914506
vt 0.1674802 0.1808859
vt 0.1690186 0.1827586
vt 0.1711811 0.1808859
vt 0.1674704 0.1433793
vt 0.1697458 0.1433793
vt 0.1672692 0.1395886
vt 0.1605238 0.8257348
vt 0.1605234 0.8235961
vt 0.1600028 0.8257743
vt 0.1593229 0.8444169
vt 0.1593229 0.845935
vt 0.1619524 0.8444168
vt 0.1605238 0.8257348
vt 0.1610438 0.8256917
vt 0.1605234 0.8235961
vt 0.1610438 0.8256917
vt 0.1615643 0.8256472
vt 0.1610438 0.8236391
vt 0.1713874 0.089761
vt 0.1713882 0.0910981
vt 0.1738222 0.0894403
vt 0.1717867 0.1360048
vt 0.1704497 0.1360053
vt 0.1721202 0.1385431
vt 0.1629006 0.152496
vt 0.1618028 0.1516764
vt 0.1639083 0.1627451
vt 0.1627762 0.8462762
vt 0.1599223 0.8462762
vt 0.1627451 0.8468606
vt 0.1599529 0.8468605
vt 0.159986 0.8474443
vt 0.1627451 0.8468606
vt 0.1649611 0.7858696
vt 0.1635261 0.7858696
vt 0.1649611 0.786527
vt 0.05583524 0.0953332
vt 0.06180894 0.0953467
vt 0.05583524 0.0933564
vt 0.03202444 0.0890546
vt 0.02958977 0.0893756
vt 0.03202444 0.0910313
vt 0.1627433 0.2028351
vt 0.1597297 0.2061046
vt 0.1627433 0.2127178
vt 0.1580511 0.0890062
vt 0.1557793 0.0891498
vt 0.1580414 0.0896472
vt 0.1515583 0.0890582
vt 0.1491244 0.0893781
vt 0.1515583 0.091035
vt 0.1720118 0.1426273
vt 0.1706762 0.1426272
vt 0.1723453 0.1451653
vt 0.1761618 0.1288562
vt 0.1744505 0.1288873
vt 0.1761509 0.1292595
vt 0.1743295 0.1957758
vt 0.1760406 0.1957764
vt 0.1743459 0.1954385
vt 0.1415793 0.0905763
vt 0.1415793 0.0909116
vt 0.1446652 0.0899629
vt 0.08560341 0.753248
vt 0.08558738 0.7522044
vt 0.08515119 0.7529527
vt 0.08558738 0.7522044
vt 0.08560341 0.753248
vt 0.08610725 0.7521607
vt 0.1743295 0.1965765
vt 0.1760438 0.1965026
vt 0.1743528 0.1961701
vt 0.1645615 0.7727532
vt 0.1646533 0.7721104
vt 0.1642092 0.7727017
vt 0.1720492 0.138962
vt 0.1703425 0.1389621
vt 0.1720483 0.1392037
vt 0.1704909 0.1875871
vt 0.1677572 0.1870959
vt 0.1674607 0.1875871
vt 0.1632661 0.2144999
vt 0.1628531 0.2141244
vt 0.164805 0.2235122
vt 0.1735137 0.2100334
vt 0.1735135 0.208697
vt 0.171079 0.2103534
vt 0.1710891 0.1997614
vt 0.1735237 0.1994402
vt 0.1710891 0.1977837
vt 0.1670866 0.1827586
vt 0.1670866 0.1807535
vt 0.1611128 0.1827446
vt 0.1721214 0.2292793
vt 0.171786 0.2267412
vt 0.1701163 0.2292793
vt 0.1633278 0.7938882
vt 0.1633228 0.7910592
vt 0.1626785 0.7938815
vt 0.1761499 0.1280571
vt 0.1744433 0.1280571
vt 0.1761468 0.1284614
vt 0.1467981 0.7960392
vt 0.1467981 0.8137009
vt 0.1494581 0.8065685
vt 0.1553463 0.7713376
vt 0.1577251 0.7686151
vt 0.1553463 0.767077
vt 0.1635007 0.8284414
vt 0.1649363 0.8284414
vt 0.1635007 0.8277841
vt 0.1636939 0.824875
vt 0.1644439 0.8246421
vt 0.1636939 0.8238386
vt 0.1626785 0.7878968
vt 0.1626785 0.7907429
vt 0.1633182 0.7879025
vt 0.1702697 0.1071114
vt 0.1730196 0.1075019
vt 0.1705576 0.1068276
vt 0.1639123 0.7527984
vt 0.16109 0.7527984
vt 0.1639097 0.7534425
vt 0.03703492 0.0897701
vt 0.03948599 0.09061
vt 0.03936225 0.0896492
vt 0.1647404 0.7928182
vt 0.1647404 0.7922275
vt 0.1644012 0.7925115
vt 0.1706954 0.1997614
vt 0.1706954 0.1970832
vt 0.1669046 0.1995598
vt 0.1649858 0.1712172
vt 0.1649858 0.1803598
vt 0.1662877 0.173109
vt 0.1586183 0.7503886
vt 0.1557801 0.7503886
vt 0.1586176 0.7510288
vt 0.06098991 0.7532653
vt 0.05812275 0.7532872
vt 0.06099122 0.7539023
vt 0.1521074 0.8373558
vt 0.1521074 0.8379323
vt 0.1531375 0.8373682
vt 0.06411057 0.7532471
vt 0.06098991 0.7532653
vt 0.06411057 0.7538813
vt 0.1559422 0.8372825
vt 0.1531375 0.8373682
vt 0.155965 0.8379257
vt 0.123443 0.0912906
vt 0.1258773 0.09097
vt 0.123443 0.0893131
vt 0.1723452 0.1422336
vt 0.1720112 0.1396959
vt 0.170341 0.1422336
vt 0.1652837 0.7577452
vt 0.1652464 0.7575262
vt 0.1627575 0.7577452
vt 0.13188 0.8125012
vt 0.1318795 0.8110157
vt 0.1279355 0.8125025
vt 0.1607279 0.8558563
vt 0.1606578 0.8564367
vt 0.162941 0.8560873
vt 0.1441482 0.7501156
vt 0.1441482 0.7494582
vt 0.1427124 0.7501156
vt 0.1608011 0.8552758
vt 0.1607279 0.8558563
vt 0.1627594 0.8553684
vt 0.07547509 0.7504018
vt 0.07261556 0.7504018
vt 0.07547509 0.7510391
vt 0.1435309 0.7527736
vt 0.1435793 0.7537957
vt 0.1441804 0.7527736
vt 0.1413313 0.750419
vt 0.1384502 0.750419
vt 0.1413291 0.7510517
vt 0.13188 0.8125012
vt 0.1279355 0.8125025
vt 0.1318802 0.8133268
vt 0.1275317 0.7499125
vt 0.1247102 0.7499089
vt 0.1275357 0.7505525
vt 0.1318804 0.8136732
vt 0.1318802 0.8133268
vt 0.127936 0.813606
vt 0.1521074 0.8465239
vt 0.1543719 0.8549538
vt 0.1547585 0.8466749
vt 0.1390698 0.0908399
vt 0.1390694 0.0895036
vt 0.1366351 0.0911605
vt 0.1738968 0.210747
vt 0.1721901 0.2107514
vt 0.1738968 0.2127328
vt 0.1724519 0.126808
vt 0.1698884 0.126808
vt 0.1726116 0.12779
vt 0.1645956 0.7766181
vt 0.1618137 0.7766128
vt 0.1646029 0.777262
vt 0.05412954 0.0950406
vt 0.05412954 0.0930364
vt 0.0481559 0.0950271
vt 0.1595488 0.8149424
vt 0.1595496 0.8164276
vt 0.1608636 0.8150054
vt 0.141428 0.7791507
vt 0.1425607 0.7790723
vt 0.1416061 0.7786065
vt 0.1516653 0.752534
vt 0.1524811 0.7539865
vt 0.1550042 0.752534
vt 0.1626682 0.8124223
vt 0.1595572 0.8124193
vt 0.1626695 0.8130566
vt 0.069624 0.752472
vt 0.07225364 0.752472
vt 0.069624 0.7513304
vt 0.07619869 0.7509703
vt 0.07908093 0.7509687
vt 0.07620054 0.7503376
vt 0.1640225 0.8154501
vt 0.1611796 0.8154469
vt 0.1640279 0.8160868
vt 0.1595496 0.8164276
vt 0.1595503 0.8179139
vt 0.1608644 0.816427
vt 0.1124411 0.749627
vt 0.1096426 0.7496232
vt 0.112449 0.7502671
vt 0.1425607 0.7790723
vt 0.1435837 0.7790533
vt 0.1425856 0.7784966
vt 0.1463538 0.7784039
vt 0.1436012 0.7784039
vt 0.1463655 0.779048
vt 0.1706123 0.1554658
vt 0.1720567 0.1554503
vt 0.1703992 0.153016
vt 0.1358641 0.0908066
vt 0.134527 0.0908064
vt 0.1361975 0.0933441
vt 0.06957072 0.750394
vt 0.06669789 0.7503927
vt 0.06957232 0.751027
vt 0.08911812 0.0913428
vt 0.08911812 0.0903654
vt 0.08624696 0.0915835
vt 0.07260787 0.753657
vt 0.07549721 0.7536562
vt 0.07260978 0.7530258
vt 0.1241088 0.7514645
vt 0.1210153 0.7514624
vt 0.1241155 0.752099
vt 0.07840168 0.7530258
vt 0.07549911 0.753026
vt 0.07840126 0.7536551
vt 0.1287317 0.7524866
vt 0.1297475 0.7523962
vt 0.1287591 0.751911
vt 0.1324846 0.7517472
vt 0.1297664 0.7517472
vt 0.1325003 0.7523907
vt 0.1447452 0.8015762
vt 0.144451 0.8015759
vt 0.1447603 0.8097954
vt 0.08491814 0.7502614
vt 0.08204478 0.7502592
vt 0.08492082 0.7508922
vt 0.1517816 0.1063797
vt 0.1552628 0.1063797
vt 0.1519986 0.1058092
vt 0.1644719 0.7500135
vt 0.1616519 0.7500106
vt 0.1644803 0.7506505
vt 0.06947773 0.7494497
vt 0.06670933 0.7494454
vt 0.06948965 0.7500894
vt 0.1654042 0.8011805
vt 0.1627221 0.8011756
vt 0.1654211 0.8018245
vt 0.167005 0.0995077
vt 0.1664896 0.0974041
vt 0.1637741 0.0995077
vt 0.1125513 0.7505705
vt 0.109628 0.7505705
vt 0.112551 0.7511993
vt 0.0608744 0.7501795
vt 0.05801749 0.7501769
vt 0.06088048 0.7508114
vt 0.1649358 0.8274807
vt 0.1649358 0.8268233
vt 0.1635007 0.8274807
vt 0.1190846 0.7502369
vt 0.1162039 0.7502363
vt 0.1190878 0.7508671
vt 0.06669116 0.7513303
vt 0.06669116 0.752472
vt 0.06932079 0.7513303
vt 0.05736857 0.7489604
vt 0.05463331 0.7489564
vt 0.05738317 0.7495997
vt 0.1466628 0.7521824
vt 0.1474879 0.7521824
vt 0.1466628 0.7508676
vt 0.06010216 0.0909341
vt 0.06010216 0.089957
vt 0.05583524 0.0909425
vt 0.0642668 0.7512209
vt 0.06119924 0.7512181
vt 0.06427735 0.7518551
vt 0.1628524 0.7752861
vt 0.1649917 0.7752855
vt 0.162853 0.7746572
vt 0.1328419 0.1207434
vt 0.128138 0.1162902
vt 0.1300117 0.1186298
vt 0.1328419 0.1207434
vt 0.136051 0.1228614
vt 0.128138 0.1162902
vt 0.1515494 0.1182135
vt 0.1505537 0.1162902
vt 0.1391234 0.1246434
vt 0.1647746 0.8080827
vt 0.1619841 0.8080801
vt 0.1647877 0.8087197
vt 0.1654013 0.8114306
vt 0.1627014 0.8114266
vt 0.165418 0.8120705
vt 0.1721056 0.1779255
vt 0.1707686 0.1779252
vt 0.1724258 0.1803598
vt 0.1728057 0.2015859
vt 0.1702679 0.2019205
vt 0.1728057 0.203591
vt 0.1638622 0.852146
vt 0.1609677 0.8521445
vt 0.163865 0.8527747
vt 0.09383958 0.7497969
vt 0.09098267 0.7497965
vt 0.09384649 0.7504285
vt 0.1272464 0.7655488
vt 0.1269518 0.7655487
vt 0.1272625 0.7737456
vt 0.09496378 0.7513558
vt 0.09795337 0.7513558
vt 0.09496402 0.7507285
vt 0.1743991 0.1704378
vt 0.1726924 0.1704417
vt 0.1743991 0.1724229
vt 0.1158142 0.7500586
vt 0.1129223 0.7500586
vt 0.1158141 0.750686
vt 0.08013874 0.0958569
vt 0.08611238 0.0958705
vt 0.08013874 0.0938791
vt 0.06110429 0.7555187
vt 0.06110507 0.7561462
vt 0.0640465 0.7555159
vt 0.05238652 0.7561433
vt 0.0552811 0.7561458
vt 0.05238771 0.7555159
vt 0.0552811 0.7561458
vt 0.05818516 0.7561467
vt 0.05528163 0.7555191
vt 0.1623243 0.8140027
vt 0.1595671 0.8139998
vt 0.1623393 0.8146391
vt 0.06110507 0.7561462
vt 0.06110429 0.7555187
vt 0.05818516 0.7561467
vt 0.123925 0.7505311
vt 0.1210101 0.7505305
vt 0.1239278 0.7511591
vt 0.1507464 0.7496828
vt 0.1479134 0.7496818
vt 0.150757 0.750316
vt 0.08509159 0.7511981
vt 0.08205533 0.7511955
vt 0.08510601 0.7518324
vt 0.1561058 0.8400164
vt 0.1561058 0.8387015
vt 0.1552805 0.8400163
vt 0.162308 0.8133657
vt 0.1595864 0.8133598
vt 0.1623243 0.8140027
vt 0.1044666 0.7500656
vt 0.1016024 0.7500638
vt 0.1044736 0.7506953
vt 0.1580511 0.091027
vt 0.1580511 0.0900495
vt 0.1537842 0.0910356
vt 0.1650865 0.754668
vt 0.1629406 0.7546679
vt 0.1650887 0.755296
vt 0.1648426 0.77043
vt 0.1648521 0.7702512
vt 0.1641364 0.7702042
vt 0.1641355 0.7699889
vt 0.1641355 0.7700969
vt 0.1648593 0.7700713
vt 0.160074 0.7830114
vt 0.160074 0.7748021
vt 0.1597776 0.7830058
vt 0.09623873 0.755908
vt 0.09886831 0.7559039
vt 0.09626269 0.7537155
vt 0.09559965 0.7684876
vt 0.09549218 0.768487
vt 0.09562361 0.7687434
vt 0.04372638 0.1033271
vt 0.04358065 0.1013158
vt 0.03166306 0.1042007
vt 0.1557107 0.8554401
vt 0.1557124 0.8552613
vt 0.1549857 0.8553687
vt 0.1640912 0.8591124
vt 0.1612033 0.859112
vt 0.1640949 0.8597399
vt 0.1317511 0.7508098
vt 0.1287508 0.7508078
vt 0.131768 0.751444
vt 0.1011792 0.7496041
vt 0.09834486 0.7496024
vt 0.1011893 0.7502354
vt 0.06407111 0.7502856
vt 0.06119287 0.7502852
vt 0.06407827 0.7509149
vt 0.1204669 0.751227
vt 0.1204635 0.7519537
vt 0.1205748 0.7512279
vt 0.1732134 0.1743708
vt 0.1707789 0.1746913
vt 0.1732134 0.1763485
vt 0.03594535 0.0906378
vt 0.03457236 0.0906432
vt 0.03623002 0.0930772
vt 0.1703992 0.1609892
vt 0.1703995 0.1623254
vt 0.1729373 0.1606553
vt 0.1728074 0.1078956
vt 0.1702824 0.1083375
vt 0.1728074 0.1099006
vt 0.1497707 0.762675
vt 0.1481525 0.7624583
vt 0.1496197 0.7630268
vt 0.07542818 0.7494661
vt 0.07262337 0.7494642
vt 0.07544082 0.7500985
vt 0.1638825 0.7978155
vt 0.1640741 0.7977237
vt 0.1638154 0.797466
vt 0.1306081 0.762344
vt 0.1277289 0.7621826
vt 0.130577 0.7629704
vt 0.1092931 0.7505737
vt 0.1063307 0.7505714
vt 0.1093114 0.7512084
vt 0.160304 0.7973236
vt 0.1609614 0.7977034
vt 0.160304 0.7961062
vt 0.1609614 0.7986562
vt 0.1616188 0.7986636
vt 0.1609614 0.7977034
vt 0.07209718 0.7527754
vt 0.07209718 0.7535044
vt 0.07220399 0.7527872
vt 0.1481756 0.7630858
vt 0.1481525 0.7624583
vt 0.1452793 0.7631683
vt 0.130577 0.7629704
vt 0.1334687 0.7630916
vt 0.1306081 0.762344
vt 0.1641332 0.7972984
vt 0.1639736 0.7973818
vt 0.1642644 0.7976306
vt 0.1452793 0.7631683
vt 0.1452651 0.7625412
vt 0.1422318 0.7632127
vt 0.1639737 0.7984425
vt 0.1642242 0.7983525
vt 0.1638825 0.7978155
vt 0.1637825 0.7990048
vt 0.1608849 0.7990043
vt 0.1637907 0.7996336
vt 0.1334687 0.7630916
vt 0.1363711 0.7631725
vt 0.1334912 0.7624645
vt 0.1422318 0.7632127
vt 0.1422271 0.7625855
vt 0.13929 0.7632127
vt 0.1091651 0.7496375
vt 0.1063239 0.7496368
vt 0.1091754 0.7502681
vt 0.1639949 0.7986636
vt 0.1642644 0.7985799
vt 0.1639737 0.7984425
vt 0.13929 0.7632127
vt 0.1392938 0.7625859
vt 0.1363711 0.7631725
vt 0.1601974 0.1935813
vt 0.1630285 0.1941965
vt 0.159703 0.1850378
vt 0.09450149 0.7686457
vt 0.0945425 0.7688535
vt 0.09515416 0.7685903
vt 0.1165357 0.7527461
vt 0.1168128 0.7527163
vt 0.1165122 0.7520052
vt 0.1644263 0.7490743
vt 0.1616545 0.7490731
vt 0.164442 0.7497072
vt 0.1642609 0.8137294
vt 0.1644735 0.8137308
vt 0.1642947 0.8133739
vt 0.1165357 0.7527461
vt 0.1165122 0.7531872
vt 0.1168128 0.7527163
vt 0.1650137 0.8441136
vt 0.1650137 0.8434562
vt 0.1635788 0.8441136
vt 0.08924823 0.7494147
vt 0.086443 0.7494133
vt 0.08926141 0.7500455
vt 0.165113 0.812428
vt 0.1629789 0.8124278
vt 0.1651186 0.8130566
vt 0.1124255 0.092419
vt 0.1124255 0.091
vt 0.1081587 0.0924137
vt 0.1714617 0.2178041
vt 0.1717822 0.2202384
vt 0.173439 0.2178041
vt 0.1701415 0.0934043
vt 0.1701414 0.0947407
vt 0.1726794 0.093071
vt 0.09372788 0.7488609
vt 0.09099125 0.7488585
vt 0.09374499 0.7494932
vt 0.1445986 0.2138369
vt 0.1443044 0.2124488
vt 0.1446973 0.215253
vt 0.1645507 0.8306299
vt 0.1645501 0.8309876
vt 0.1647307 0.8306309
vt 0.1548637 0.7671496
vt 0.1548637 0.767885
vt 0.154969 0.7671734
vt 0.1570641 0.8400163
vt 0.1570675 0.8397503
vt 0.1564114 0.8399629
vt 0.1377291 0.7498234
vt 0.1348745 0.7498218
vt 0.1377398 0.7504523
vt 0.1584793 0.8333496
vt 0.1582139 0.833357
vt 0.1584656 0.833586
vt 0.05749469 0.749904
vt 0.05462354 0.7499031
vt 0.05750268 0.7505315
vt 0.1708174 0.2310285
vt 0.1711386 0.2334632
vt 0.172795 0.2310285
vt 0.172937 0.1558595
vt 0.1704038 0.1562307
vt 0.172937 0.1578638
vt 0.1562706 0.7897132
vt 0.1579009 0.7898027
vt 0.1562018 0.7890893
vt 0.1571056 0.8560278
vt 0.1584463 0.8560278
vt 0.1571056 0.8553704
vt 0.1645501 0.831291
vt 0.1645501 0.831649
vt 0.1647285 0.8313094
vt 0.1652942 0.7868321
vt 0.1625221 0.7868303
vt 0.1653104 0.7874632
vt 0.09459662 0.750011
vt 0.094316 0.7500417
vt 0.09459662 0.7508335
vt 0.1585986 0.7494555
vt 0.1557869 0.7494545
vt 0.1586126 0.7500853
vt 0.1516735 0.749776
vt 0.1516653 0.7504036
vt 0.15454 0.749776
vt 0.1543657 0.7545798
vt 0.1550242 0.7545875
vt 0.1543698 0.7543678
vt 0.164542 0.1485064
vt 0.1644426 0.1479572
vt 0.1581466 0.1508336
vt 0.1316205 0.7505045
vt 0.1316117 0.7498767
vt 0.1287317 0.7505045
vt 0.08931356 0.7503492
vt 0.0864396 0.7503489
vt 0.08932471 0.7509777
vt 0.1516827 0.7488404
vt 0.1516653 0.7494727
vt 0.15442 0.7488415
vt 0.1607844 0.8394552
vt 0.1610671 0.8394561
vt 0.1608011 0.8392189
vt 0.09496378 0.7504249
vt 0.09784913 0.7504249
vt 0.09497183 0.7497973
vt 0.1725709 0.120255
vt 0.1700116 0.120255
vt 0.1724731 0.1216608
vt 0.0797407 0.0958705
vt 0.07974511 0.0938654
vt 0.07547384 0.0958508
vt 0.1637076 0.7690787
vt 0.1636989 0.7684509
vt 0.160669 0.7690787
vt 0.1613996 0.8422866
vt 0.1642938 0.8422866
vt 0.161408 0.8416599
vt 0.1510603 0.7496467
vt 0.1510603 0.7503027
vt 0.1512717 0.7496691
vt 0.1241798 0.7498349
vt 0.1241798 0.7501923
vt 0.1243557 0.7498711
vt 0.1614645 0.0957752
vt 0.1614645 0.0937701
vt 0.1554909 0.0957614
vt 0.1229616 0.0958846
vt 0.1229168 0.0933249
vt 0.1186947 0.0958846
vt 0.1644533 0.1309998
vt 0.1658036 0.1312317
vt 0.1633067 0.1253281
vt 0.1582292 0.8097142
vt 0.1611625 0.8096759
vt 0.1582296 0.8090872
vt 0.1553195 0.8096761
vt 0.1582292 0.8097142
vt 0.1553363 0.8090491
vt 0.1647842 0.7674134
vt 0.1619585 0.7674131
vt 0.1647984 0.7680429
vt 0.1623642 0.8114409
vt 0.1595842 0.8114394
vt 0.1623795 0.8120705
vt 0.1579083 0.7528197
vt 0.1557921 0.7527806
vt 0.1579052 0.7534478
vt 0.08403021 0.7610713
vt 0.0842154 0.7610522
vt 0.0839591 0.760252
vt 0.1543379 0.7616301
vt 0.1545124 0.7610049
vt 0.1541495 0.7615319
vt 0.08423817 0.7617486
vt 0.0842154 0.7610522
vt 0.08394789 0.7616996
vt 0.05456674 0.7519408
vt 0.05456566 0.7521796
vt 0.05483269 0.7519424
vt 0.1596021 0.8108082
vt 0.1595842 0.8114394
vt 0.1623474 0.810811
vt 0.1607564 0.7527807
vt 0.1579083 0.7528197
vt 0.1607761 0.7534082
vt 0.1521537 0.7618793
vt 0.1541495 0.7615319
vt 0.1520861 0.7612546
vt 0.1362414 0.0995369
vt 0.1273257 0.0995369
vt 0.134674 0.1022855
vt 0.1473439 0.7497276
vt 0.1444985 0.7497265
vt 0.1473576 0.7503561
vt 0.144451 0.7992961
vt 0.1446887 0.7992961
vt 0.1444727 0.7990315
vt 0.1157311 0.7491267
vt 0.1129387 0.7491257
vt 0.1157471 0.7497553
vt 0.1643417 0.8153337
vt 0.1643313 0.8160304
vt 0.1646205 0.8153241
vt 0.1647776 0.7962549
vt 0.1619343 0.7962543
vt 0.1647887 0.7968821
vt 0.07328689 0.0981061
vt 0.06630772 0.0981061
vt 0.07081776 0.1006893
vt 0.1238765 0.7502271
vt 0.1238646 0.7495989
vt 0.1210045 0.7502271
vt 0.1571359 0.2010567
vt 0.1607075 0.2010567
vt 0.1600943 0.1963386
vt 0.1607075 0.2010567
vt 0.164269 0.2008589
vt 0.161906 0.1970804
vt 0.08642715 0.7577935
vt 0.08928877 0.7580103
vt 0.08648645 0.7571691
vt 0.09498131 0.748864
vt 0.09496378 0.749494
vt 0.09773886 0.7488649
vt 0.1009854 0.7577932
vt 0.1009258 0.7571691
vt 0.09797257 0.7580187
vt 0.1446914 0.8121749
vt 0.144383 0.8121749
vt 0.1446384 0.8124524
vt 0.165132 0.8612915
vt 0.1630365 0.8612906
vt 0.1651416 0.861919
vt 0.09216457 0.7581208
vt 0.09217709 0.7574939
vt 0.08928877 0.7580103
vt 0.09797257 0.7580187
vt 0.09793758 0.7573925
vt 0.0950582 0.7581242
vt 0.0950582 0.7581242
vt 0.09504693 0.7574971
vt 0.09216457 0.7581208
vt 0.1447843 0.8004604
vt 0.1447315 0.7996321
vt 0.1445064 0.800443
vt 0.08486735 0.7493279
vt 0.08205503 0.7493272
vt 0.08488374 0.7499558
vt 0.144737 0.8012726
vt 0.1447843 0.8004604
vt 0.144451 0.8012037
vt 0.1674433 0.1013157
vt 0.1717102 0.1013207
vt 0.1674433 0.0999066
vt 0.1501216 0.8459933
vt 0.1501216 0.8454363
vt 0.1494643 0.8459814
vt 0.1629326 0.776212
vt 0.1650891 0.7758957
vt 0.1628524 0.7755893
vt 0.1190325 0.7493057
vt 0.1162137 0.7493055
vt 0.1190467 0.7499329
vt 0.1229509 0.0964979
vt 0.1178705 0.0964979
vt 0.1213204 0.0998847
vt 0.1287493 0.7489442
vt 0.1287317 0.7495733
vt 0.1315268 0.7489452
vt 0.1645391 0.8148894
vt 0.1645372 0.8140933
vt 0.1642609 0.8148641
vt 0.07225435 0.7538326
vt 0.07159692 0.7538326
vt 0.07225435 0.7552686
vt 0.1044219 0.7491331
vt 0.1016072 0.7491333
vt 0.1044362 0.7497605
vt 0.1700544 0.1767422
vt 0.1668781 0.1775693
vt 0.1697717 0.1803598
vt 0.1630371 0.8603593
vt 0.163025 0.8609873
vt 0.1651083 0.8603594
vt 0.1687678 0.2167765
vt 0.1683675 0.2144316
vt 0.1651987 0.2167475
vt 0.06403309 0.7499818
vt 0.06401848 0.7493542
vt 0.06118386 0.7499818
vt 0.1501667 0.7631202
vt 0.1501667 0.763968
vt 0.150445 0.7631428
vt 0.1501811 0.7623243
vt 0.1501667 0.7631202
vt 0.1504536 0.7623989
vt 0.05800759 0.7498735
vt 0.06085336 0.7498735
vt 0.0580219 0.7492461
vt 0.1674607 0.1900123
vt 0.1710413 0.1900123
vt 0.1690326 0.1879808
vt 0.1650917 0.8382755
vt 0.1630463 0.8382751
vt 0.1651044 0.8389034
vt 0.1637715 0.8370552
vt 0.1637563 0.8364279
vt 0.1607747 0.8370552
vt 0.1275003 0.7489783
vt 0.1247137 0.7489778
vt 0.1275163 0.7496056
vt 0.1682065 0.1053855
vt 0.1701194 0.1053855
vt 0.1679939 0.1020505
vt 0.09927093 0.7559459
vt 0.1021226 0.7560777
vt 0.09931457 0.7553203
vt 0.1129664 0.7518521
vt 0.1153379 0.7518521
vt 0.1129214 0.7512262
vt 0.08610725 0.7518574
vt 0.08610725 0.7504215
vt 0.08544987 0.7518574
vt 0.1078822 0.7559458
vt 0.107839 0.7553202
vt 0.1049925 0.7560782
vt 0.1021226 0.7560777
vt 0.1049925 0.7560782
vt 0.1021373 0.7554507
vt 0.135784 0.0957427
vt 0.135784 0.0937377
vt 0.1298102 0.0957284
vt 0.1384472 0.7494255
vt 0.1412345 0.7494255
vt 0.1384645 0.7487984
vt 0.1627203 0.8002446
vt 0.1627029 0.8008723
vt 0.1654721 0.800245
vt 0.1376603 0.7488913
vt 0.1348781 0.7488911
vt 0.1376764 0.7495184
vt 0.1637741 0.0950618
vt 0.1697477 0.0950751
vt 0.1637741 0.0930844
vt 0.1438477 0.8329922
vt 0.1437144 0.8323785
vt 0.1410771 0.8335166
vt 0.1409764 0.8328974
vt 0.1408744 0.8322784
vt 0.1380724 0.8332892
vt 0.1268106 0.8339012
vt 0.1296202 0.8341312
vt 0.1268779 0.833277
vt 0.1269466 0.832653
vt 0.1242212 0.8322784
vt 0.1268779 0.833277
vt 0.1381391 0.833913
vt 0.1410771 0.8335166
vt 0.1380724 0.8332892
vt 0.1324459 0.834211
vt 0.1324468 0.833584
vt 0.1296202 0.8341312
vt 0.1352531 0.8335133
vt 0.1380724 0.8332892
vt 0.1352205 0.8328866
vt 0.1381391 0.833913
vt 0.1380724 0.8332892
vt 0.135286 0.834139
vt 0.135286 0.834139
vt 0.1352531 0.8335133
vt 0.1324459 0.834211
vt 0.1268779 0.833277
vt 0.1296548 0.8335042
vt 0.1269466 0.832653
vt 0.07222539 0.7643374
vt 0.07156789 0.7644273
vt 0.07222431 0.7649416
vt 0.1324468 0.833584
vt 0.1352531 0.8335133
vt 0.1324479 0.8329566
vt 0.1324468 0.833584
vt 0.1324479 0.8329566
vt 0.1296548 0.8335042
vt 0.07222712 0.7635066
vt 0.07156956 0.7634262
vt 0.07222539 0.7643374
vt 0.07156687 0.7620726
vt 0.07156956 0.7634262
vt 0.07222431 0.7620712
vt 0.1599296 0.1404078
vt 0.161934 0.1404124
vt 0.1599572 0.1344342
vt 0.161934 0.1344387
vt 0.161934 0.1404124
vt 0.1639115 0.1344342
vt 0.1525678 0.8570061
vt 0.1503731 0.861919
vt 0.1537799 0.8592853
vt 0.02959001 0.1859171
vt 0.08573383 0.1858423
vt 0.02959001 0.1830408
vt 0.02959007 0.1802392
vt 0.02959001 0.1830408
vt 0.08573383 0.1802394
vt 0.02958995 0.1886436
vt 0.02958995 0.191445
vt 0.08573377 0.1886438
vt 0.02959012 0.1774379
vt 0.02959007 0.1802392
vt 0.08573383 0.177438
vt 0.02958995 0.191445
vt 0.02958995 0.1942459
vt 0.08573377 0.1914452
vt 0.02959012 0.1746371
vt 0.02959012 0.1774379
vt 0.08573383 0.1746371
vt 0.02958995 0.1942459
vt 0.02958983 0.1970473
vt 0.08573377 0.1942462
vt 0.02959012 0.1718358
vt 0.02959012 0.1746371
vt 0.08573383 0.1718358
vt 0.02958983 0.1970473
vt 0.02958983 0.1998479
vt 0.08573371 0.1970476
vt 0.02959012 0.1690351
vt 0.02959012 0.1718358
vt 0.08573383 0.1690351
vt 0.02958983 0.1998479
vt 0.02958983 0.2026491
vt 0.08573371 0.1998482
vt 0.08573365 0.2054514
vt 0.08573371 0.2026495
vt 0.02958977 0.2054511
vt 0.02958977 0.2054511
vt 0.02958977 0.2082518
vt 0.08573365 0.2054514
vt 0.02959012 0.2306619
vt 0.02959024 0.2334633
vt 0.08573395 0.2306974
vt 0.02958977 0.2138542
vt 0.08573365 0.2138529
vt 0.02958971 0.2110532
vt 0.02958983 0.2166555
vt 0.08573371 0.2166543
vt 0.02958977 0.2138542
vt 0.02959001 0.2250595
vt 0.02959007 0.2278609
vt 0.08573383 0.2250583
vt 0.02958983 0.2166555
vt 0.02958995 0.2193817
vt 0.08573371 0.2166543
vt 0.02958995 0.222258
vt 0.02959001 0.2250595
vt 0.08573377 0.2222569
vt 0.02958995 0.2193817
vt 0.02958995 0.222258
vt 0.08573371 0.2194557
vt 0.02959007 0.2278609
vt 0.02959012 0.2306619
vt 0.08573389 0.2278597
vt 0.02958971 0.2110532
vt 0.08573359 0.2110151
vt 0.02958977 0.2082518
vt 0.02959012 0.1662339
vt 0.02959012 0.1690351
vt 0.08573383 0.1662339
vt 0.02958995 0.1886436
vt 0.08573377 0.1886438
vt 0.02959001 0.1859171
vt 0.07938742 0.7564994
vt 0.07868599 0.7558078
vt 0.07988929 0.7570759
vt 0.1641587 0.7640127
vt 0.1641587 0.7648263
vt 0.1644378 0.764022
vt 0.1645752 0.7528142
vt 0.1642156 0.752903
vt 0.1645752 0.7534478
vt 0.1725444 0.1162954
vt 0.1700066 0.1166298
vt 0.1725444 0.1183004
vt 0.1733431 0.1841159
vt 0.1720433 0.1841206
vt 0.1736631 0.1865506
vt 0.08792591 0.1129304
vt 0.09294348 0.1129304
vt 0.08613717 0.1100231
vt 0.05515134 0.7519056
vt 0.055206 0.7521685
vt 0.0553134 0.7519227
vt 0.1591814 0.7748518
vt 0.1593319 0.7830094
vt 0.1594743 0.7748524
vt 0.1631713 0.7654404
vt 0.1631975 0.7651855
vt 0.1630632 0.7654398
vt 0.1593319 0.7830094
vt 0.1591814 0.7748518
vt 0.1588939 0.7830042
vt 0.09833234 0.7511666
vt 0.1012895 0.7511666
vt 0.09839123 0.750539
vt 0.1584447 0.0894407
vt 0.158457 0.0906691
vt 0.1608785 0.0891199
vt 0.1635868 0.8351156
vt 0.1647251 0.8351158
vt 0.1635865 0.8344877
vt 0.1638415 0.7559031
vt 0.1609447 0.7559031
vt 0.1638409 0.7565309
vt 0.1605725 0.7992605
vt 0.1602818 0.7992604
vt 0.1604232 0.8073597
vt 0.04412001 0.0965961
vt 0.04464799 0.0972967
vt 0.04544568 0.0965961
vt 0.1201518 0.7514804
vt 0.1201602 0.7511704
vt 0.1201267 0.7516096
vt 0.1587044 0.7513361
vt 0.1587044 0.7524773
vt 0.1613339 0.7513361
vt 0.1635121 0.7986636
vt 0.1635121 0.7978492
vt 0.1619221 0.7977111
vt 0.1143934 0.8117526
vt 0.1143934 0.8102671
vt 0.110449 0.8117526
vt 0.06630378 0.7513345
vt 0.06458061 0.7513345
vt 0.06602048 0.7518482
vt 0.1165317 0.0872883
vt 0.1182429 0.0872536
vt 0.1165452 0.0869185
vt 0.1039742 0.0922636
vt 0.1039743 0.09454
vt 0.107765 0.0920631
vt 0.164858 0.8291807
vt 0.1634222 0.8291807
vt 0.164858 0.8298381
vt 0.1593093 0.1802782
vt 0.1559745 0.1826874
vt 0.1593093 0.1936721
vt 0.1733421 0.1812876
vt 0.1720063 0.1812884
vt 0.1736631 0.1837222
vt 0.1667203 0.1316835
vt 0.1616443 0.1316835
vt 0.1638743 0.1340406
vt 0.1039742 0.0958846
vt 0.1182562 0.0958846
vt 0.1137998 0.0951342
vt 0.1201007 0.7590009
vt 0.1100266 0.7578478
vt 0.1096974 0.7590009
vt 0.1755578 0.1675349
vt 0.1755544 0.1671531
vt 0.1727445 0.1675349
vt 0.1645317 0.7837416
vt 0.1645145 0.7843722
vt 0.1648032 0.7837883
vt 0.1567655 0.8553708
vt 0.1567831 0.8553008
vt 0.1567438 0.8554401
vt 0.1735063 0.2040465
vt 0.1735493 0.2044001
vt 0.1762305 0.2040186
vt 0.1590811 0.78344
vt 0.159086 0.7833674
vt 0.1590712 0.7835123
vt 0.06480515 0.0866474
vt 0.06478619 0.0870289
vt 0.06716865 0.0867106
vt 0.163793 0.8227255
vt 0.1636939 0.8233226
vt 0.1645976 0.8226786
vt 0.1051381 0.751041
vt 0.1053503 0.7512084
vt 0.1049711 0.7500366
vt 0.0669645 0.091773
vt 0.067317 0.0917845
vt 0.06696075 0.0914655
vt 0.1170726 0.0963792
vt 0.1170654 0.0973959
vt 0.117442 0.0963708
vt 0.06591868 0.7762741
vt 0.06271547 0.7765661
vt 0.06586927 0.7779108
vt 0.07186144 0.7760022
vt 0.06888759 0.7760937
vt 0.07174688 0.7778514
vt 0.07484322 0.7760021
vt 0.07186144 0.7760022
vt 0.07468581 0.7779389
vt 0.07783699 0.7760951
vt 0.07484322 0.7760021
vt 0.07763147 0.7781065
vt 0.08601248 0.7768341
vt 0.08303958 0.7764833
vt 0.08566188 0.7789793
vt 0.09187239 0.7777951
vt 0.08895081 0.7772719
vt 0.09142202 0.7799736
vt 0.09768652 0.7790874
vt 0.09478271 0.7784015
vt 0.09715765 0.7812506
vt 0.1006014 0.7798443
vt 0.1000394 0.7819914
vt 0.1035521 0.7806917
vt 0.1035521 0.7806917
vt 0.1029607 0.7828076
vt 0.1064562 0.7816042
vt 0.09478271 0.7784015
vt 0.09187239 0.7777951
vt 0.09428918 0.7805779
vt 0.09768652 0.7790874
vt 0.09715765 0.7812506
vt 0.1006014 0.7798443
vt 0.08895081 0.7772719
vt 0.08601248 0.7768341
vt 0.08854871 0.7794402
vt 0.08303958 0.7764833
vt 0.08084404 0.7762842
vt 0.08274215 0.778592
vt 0.08084404 0.7762842
vt 0.07783699 0.7760951
vt 0.08058679 0.7783573
vt 0.06888759 0.7760937
vt 0.06591868 0.7762741
vt 0.0688095 0.7778428
vt 0.06271547 0.7765661
vt 0.05978024 0.7769164
vt 0.06268602 0.7780683
vt 0.06268602 0.7780683
vt 0.05975991 0.7782845
vt 0.0625928 0.7795569
vt 0.0688095 0.7778428
vt 0.06586927 0.7779108
vt 0.0686711 0.7795693
vt 0.08058679 0.7783573
vt 0.07763147 0.7781065
vt 0.08029282 0.7803945
vt 0.08274215 0.778592
vt 0.08058679 0.7783573
vt 0.08241474 0.7806644
vt 0.08854871 0.7794402
vt 0.08566188 0.7789793
vt 0.08813351 0.781574
vt 0.09715765 0.7812506
vt 0.09663766 0.7833927
vt 0.1000394 0.7819914
vt 0.09428918 0.7805779
vt 0.09142202 0.7799736
vt 0.09379881 0.7827272
vt 0.1029607 0.7828076
vt 0.1023955 0.7849067
vt 0.1058424 0.7836775
vt 0.1000394 0.7819914
vt 0.09949433 0.7841185
vt 0.1029607 0.7828076
vt 0.09715765 0.7812506
vt 0.09428918 0.7805779
vt 0.09663766 0.7833927
vt 0.09142202 0.7799736
vt 0.08854871 0.7794402
vt 0.09096699 0.7821205
vt 0.08566188 0.7789793
vt 0.08274215 0.778592
vt 0.08528959 0.7810885
vt 0.07763147 0.7781065
vt 0.07468581 0.7779389
vt 0.07738184 0.7800844
vt 0.07468581 0.7779389
vt 0.07174688 0.7778514
vt 0.07447761 0.7798452
vt 0.07174688 0.7778514
vt 0.0688095 0.7778428
vt 0.07157623 0.7796739
vt 0.06586927 0.7779108
vt 0.06268602 0.7780683
vt 0.06575673 0.7795292
vt 0.06575673 0.7795292
vt 0.0625928 0.7795569
vt 0.06558358 0.7811306
vt 0.07157623 0.7796739
vt 0.0686711 0.7795693
vt 0.07135158 0.7814724
vt 0.07447761 0.7798452
vt 0.07157623 0.7796739
vt 0.07422071 0.7817247
vt 0.07738184 0.7800844
vt 0.07447761 0.7798452
vt 0.07708954 0.7820334
vt 0.08528959 0.7810885
vt 0.08241474 0.7806644
vt 0.08489507 0.7831677
vt 0.09096699 0.7821205
vt 0.08813351 0.781574
vt 0.09050518 0.7842416
vt 0.09663766 0.7833927
vt 0.09379881 0.7827272
vt 0.09612429 0.7855174
vt 0.09949433 0.7841185
vt 0.09896308 0.7862324
vt 0.1023955 0.7849067
vt 0.1023955 0.7849067
vt 0.1018548 0.7869998
vt 0.105257 0.7857292
vt 0.09379881 0.7827272
vt 0.09096699 0.7821205
vt 0.0933088 0.7848545
vt 0.09663766 0.7833927
vt 0.09612429 0.7855174
vt 0.09949433 0.7841185
vt 0.08813351 0.781574
vt 0.08528959 0.7810885
vt 0.08770394 0.7836793
vt 0.08241474 0.7806644
vt 0.08029282 0.7803945
vt 0.08205729 0.7827061
vt 0.08029282 0.7803945
vt 0.07738184 0.7800844
vt 0.0799632 0.7824014
vt 0.0686711 0.7795693
vt 0.06575673 0.7795292
vt 0.0684747 0.7812752
vt 0.0625928 0.7795569
vt 0.05967634 0.7796426
vt 0.06243765 0.7810321
vt 0.06243765 0.7810321
vt 0.05953139 0.7809901
vt 0.06222188 0.7824942
vt 0.0684747 0.7812752
vt 0.06558358 0.7811306
vt 0.06822186 0.7829626
vt 0.0799632 0.7824014
vt 0.07708954 0.7820334
vt 0.07959824 0.784383
vt 0.08205729 0.7827061
vt 0.0799632 0.7824014
vt 0.08166968 0.7847224
vt 0.08770394 0.7836793
vt 0.08489507 0.7831677
vt 0.08725827 0.7857616
vt 0.09612429 0.7855174
vt 0.09561437 0.787629
vt 0.09896308 0.7862324
vt 0.0933088 0.7848545
vt 0.09050518 0.7842416
vt 0.09281617 0.7869647
vt 0.1018548 0.7869998
vt 0.1013298 0.7890927
vt 0.1047306 0.787789
vt 0.09896308 0.7862324
vt 0.09844142 0.7883379
vt 0.1018548 0.7869998
vt 0.09612429 0.7855174
vt 0.0933088 0.7848545
vt 0.09561437 0.787629
vt 0.09050518 0.7842416
vt 0.08770394 0.7836793
vt 0.0900343 0.7863423
vt 0.08489507 0.7831677
vt 0.08205729 0.7827061
vt 0.08447748 0.7852221
vt 0.07708954 0.7820334
vt 0.07422071 0.7817247
vt 0.07675558 0.7839578
vt 0.07422071 0.7817247
vt 0.07135158 0.7814724
vt 0.07391631 0.7835812
vt 0.07135158 0.7814724
vt 0.0684747 0.7812752
vt 0.07107466 0.78325
vt 0.06558358 0.7811306
vt 0.06243765 0.7810321
vt 0.06535112 0.7827163
vt 0.06535112 0.7827163
vt 0.06222188 0.7824942
vt 0.06506061 0.7842874
vt 0.07107466 0.78325
vt 0.06822186 0.7829626
vt 0.07074624 0.7850094
vt 0.07391631 0.7835812
vt 0.07107466 0.78325
vt 0.07356524 0.785418
vt 0.07675558 0.7839578
vt 0.07391631 0.7835812
vt 0.07638025 0.7858616
vt 0.08447748 0.7852221
vt 0.08166968 0.7847224
vt 0.08403557 0.7872569
vt 0.0900343 0.7863423
vt 0.08725827 0.7857616
vt 0.08955198 0.7884273
vt 0.09561437 0.787629
vt 0.09281617 0.7869647
vt 0.09510487 0.7897314
vt 0.09844142 0.7883379
vt 0.09792494 0.7904383
vt 0.1013298 0.7890927
vt 0.1013298 0.7890927
vt 0.100812 0.7911858
vt 0.104218 0.7898679
vt 0.09281617 0.7869647
vt 0.0900343 0.7863423
vt 0.09231823 0.7890622
vt 0.09561437 0.787629
vt 0.09510487 0.7897314
vt 0.09844142 0.7883379
vt 0.08725827 0.7857616
vt 0.08447748 0.7852221
vt 0.08679491 0.787826
vt 0.08166968 0.7847224
vt 0.07959824 0.784383
vt 0.08125138 0.7867182
vt 0.07959824 0.784383
vt 0.07675558 0.7839578
vt 0.079198 0.7863437
vt 0.06822186 0.7829626
vt 0.06535112 0.7827163
vt 0.06791394 0.7846337
vt 0.06222188 0.7824942
vt 0.05932605 0.7823266
vt 0.06194639 0.7839438
vt 0.06194639 0.7839438
vt 0.05906093 0.7836517
vt 0.06161183 0.7853814
vt 0.06791394 0.7846337
vt 0.06506061 0.7842874
vt 0.06755161 0.7862905
vt 0.079198 0.7863437
vt 0.07638025 0.7858616
vt 0.07876205 0.7882877
vt 0.08125138 0.7867182
vt 0.079198 0.7863437
vt 0.08080172 0.7886978
vt 0.08679491 0.787826
vt 0.08403557 0.7872569
vt 0.08631229 0.789877
vt 0.09510487 0.7897314
vt 0.09459298 0.7918285
vt 0.09792494 0.7904383
vt 0.09231823 0.7890622
vt 0.08955198 0.7884273
vt 0.09181278 0.7911513
vt 0.100812 0.7911858
vt 0.1002986 0.7932799
vt 0.1037022 0.7919536
vt 0.09792494 0.7904383
vt 0.0974105 0.7925367
vt 0.100812 0.7911858
vt 0.09510487 0.7897314
vt 0.09231823 0.7890622
vt 0.09459298 0.7918285
vt 0.08955198 0.7884273
vt 0.08679491 0.787826
vt 0.08905637 0.7905012
vt 0.08403557 0.7872569
vt 0.08125138 0.7867182
vt 0.08356839 0.7892768
vt 0.07638025 0.7858616
vt 0.07356524 0.785418
vt 0.07596373 0.7877487
vt 0.07356524 0.785418
vt 0.07074624 0.7850094
vt 0.07316797 0.7872385
vt 0.07074624 0.7850094
vt 0.06791394 0.7846337
vt 0.07036727 0.7867533
vt 0.06506061 0.7842874
vt 0.06194639 0.7839438
vt 0.06471288 0.7858455
vt 0.06471288 0.7858455
vt 0.06161183 0.7853814
vt 0.06430816 0.787392
vt 0.07036727 0.7867533
vt 0.06755161 0.7862905
vt 0.06993788 0.7884844
vt 0.07316797 0.7872385
vt 0.07036727 0.7867533
vt 0.07272458 0.7890456
vt 0.07596373 0.7877487
vt 0.07316797 0.7872385
vt 0.07550579 0.7896224
vt 0.08356839 0.7892768
vt 0.08080172 0.7886978
vt 0.08307462 0.791286
vt 0.08905637 0.7905012
vt 0.08631229 0.789877
vt 0.08854568 0.7925684
vt 0.09459298 0.7918285
vt 0.09181278 0.7911513
vt 0.09407669 0.7939239
vt 0.0974105 0.7925367
vt 0.09689611 0.7946362
vt 0.1002986 0.7932799
vt 0.1002986 0.7932799
vt 0.09978902 0.7953772
vt 0.1031903 0.7940399
vt 0.09181278 0.7911513
vt 0.08905637 0.7905012
vt 0.09129768 0.7932361
vt 0.09459298 0.7918285
vt 0.09407669 0.7939239
vt 0.0974105 0.7925367
vt 0.08631229 0.789877
vt 0.08356839 0.7892768
vt 0.08580875 0.7919192
vt 0.08080172 0.7886978
vt 0.07876205 0.7882877
vt 0.08031976 0.7906653
vt 0.07876205 0.7882877
vt 0.07596373 0.7877487
vt 0.07828986 0.7902189
vt 0.06755161 0.7862905
vt 0.06471288 0.7858455
vt 0.06713521 0.7879349
vt 0.06161183 0.7853814
vt 0.05873626 0.7849653
vt 0.06121814 0.7868076
vt 0.06121814 0.7868076
vt 0.05835205 0.7862673
vt 0.06076514 0.7882231
vt 0.06713521 0.7879349
vt 0.06430816 0.787392
vt 0.06666493 0.7895692
vt 0.07828986 0.7902189
vt 0.07550579 0.7896224
vt 0.0777806 0.792141
vt 0.08031976 0.7906653
vt 0.07828986 0.7902189
vt 0.07980453 0.7926245
vt 0.08580875 0.7919192
vt 0.08307462 0.791286
vt 0.08528292 0.7939566
vt 0.09407669 0.7939239
vt 0.09355378 0.7960214
vt 0.09689611 0.7946362
vt 0.09129768 0.7932361
vt 0.08854568 0.7925684
vt 0.09077101 0.7953204
vt 0.09978902 0.7953772
vt 0.09928315 0.7974812
vt 0.1026853 0.7961279
vt 0.09689611 0.7946362
vt 0.09637999 0.7967403
vt 0.09978902 0.7953772
vt 0.09407669 0.7939239
vt 0.09129768 0.7932361
vt 0.09355378 0.7960214
vt 0.08854568 0.7925684
vt 0.08580875 0.7919192
vt 0.08801817 0.794633
vt 0.08307462 0.791286
vt 0.08031976 0.7906653
vt 0.08255302 0.7932885
vt 0.07550579 0.7896224
vt 0.07272458 0.7890456
vt 0.075006 0.791486
vt 0.07272458 0.7890456
vt 0.06993788 0.7884844
vt 0.07223498 0.7908422
vt 0.06993788 0.7884844
vt 0.06713521 0.7879349
vt 0.06945824 0.790205
vt 0.06430816 0.787392
vt 0.06121814 0.7868076
vt 0.0638464 0.7889283
vt 0.0638464 0.7889283
vt 0.06076514 0.7882231
vt 0.06332755 0.7904557
vt 0.06945824 0.790205
vt 0.06666493 0.7895692
vt 0.06892812 0.7919175
vt 0.07223498 0.7908422
vt 0.06945824 0.790205
vt 0.07169878 0.7926309
vt 0.075006 0.791486
vt 0.07223498 0.7908422
vt 0.07446366 0.7933423
vt 0.08255302 0.7932885
vt 0.07980453 0.7926245
vt 0.08200198 0.7952884
vt 0.08801817 0.794633
vt 0.08528292 0.7939566
vt 0.08747202 0.7966989
vt 0.09355378 0.7960214
vt 0.09077101 0.7953204
vt 0.09302258 0.7981247
vt 0.09637999 0.7967403
vt 0.09586083 0.7988525
vt 0.09928315 0.7974812
vt 0.09928315 0.7974812
vt 0.09877985 0.799595
vt 0.1021943 0.7982246
vt 0.09077101 0.7953204
vt 0.08801817 0.794633
vt 0.09023112 0.7974084
vt 0.09355378 0.7960214
vt 0.09302258 0.7981247
vt 0.09637999 0.7967403
vt 0.08528292 0.7939566
vt 0.08255302 0.7932885
vt 0.08473318 0.7959934
vt 0.07980453 0.7926245
vt 0.0777806 0.792141
vt 0.0792548 0.7945792
vt 0.0777806 0.792141
vt 0.075006 0.791486
vt 0.07723319 0.7940572
vt 0.06666493 0.7895692
vt 0.0638464 0.7889283
vt 0.06614041 0.7911953
vt 0.05790829 0.787556
vt 0.05801826 0.7881238
vt 0.06076514 0.7882231
vt 0.05687969 0.7773403
vt 0.05400866 0.7778308
vt 0.05685782 0.7785659
vt 0.05978024 0.7769164
vt 0.05687969 0.7773403
vt 0.05975991 0.7782845
vt 0.05400866 0.7778308
vt 0.05364662 0.7778895
vt 0.05397307 0.7789068
vt 0.05397307 0.7789068
vt 0.05360877 0.7789463
vt 0.0538823 0.7799785
vt 0.05975991 0.7782845
vt 0.05685782 0.7785659
vt 0.05967634 0.7796426
vt 0.05685782 0.7785659
vt 0.05397307 0.7789068
vt 0.05677551 0.7797844
vt 0.05677551 0.7797844
vt 0.0538823 0.7799785
vt 0.05663394 0.7809946
vt 0.05967634 0.7796426
vt 0.05677551 0.7797844
vt 0.05953139 0.7809901
vt 0.0538823 0.7799785
vt 0.05351662 0.7799994
vt 0.05373758 0.7810436
vt 0.05373758 0.7810436
vt 0.05337154 0.7810461
vt 0.05353975 0.7820998
vt 0.05953139 0.7809901
vt 0.05663394 0.7809946
vt 0.05932605 0.7823266
vt 0.05663394 0.7809946
vt 0.05373758 0.7810436
vt 0.05643415 0.7821953
vt 0.05643415 0.7821953
vt 0.05353975 0.7820998
vt 0.05617648 0.7833851
vt 0.05932605 0.7823266
vt 0.05643415 0.7821953
vt 0.05906093 0.7836517
vt 0.05353975 0.7820998
vt 0.05317419 0.7820839
vt 0.05328911 0.7831446
vt 0.05328911 0.7831446
vt 0.05292481 0.7831101
vt 0.0529856 0.7841756
vt 0.05906093 0.7836517
vt 0.05617648 0.7833851
vt 0.05873626 0.7849653
vt 0.05617648 0.7833851
vt 0.05328911 0.7831446
vt 0.05586087 0.7845629
vt 0.05586087 0.7845629
vt 0.0529856 0.7841756
vt 0.05548661 0.7857276
vt 0.05873626 0.7849653
vt 0.05586087 0.7845629
vt 0.05835205 0.7862673
vt 0.05548661 0.7857276
vt 0.05573242 0.7866616
vt 0.05835205 0.7862673
vt 0.1083011 0.7865723
vt 0.1073268 0.7896985
vt 0.1085558 0.786975
vt 0.1067404 0.7895875
vt 0.1073268 0.7896985
vt 0.1077455 0.7863939
vt 0.1061554 0.7894694
vt 0.1067404 0.7895875
vt 0.1073212 0.7862593
vt 0.1062294 0.7859256
vt 0.1055721 0.7893428
vt 0.1069378 0.7861401
vt 0.1077022 0.7836277
vt 0.1071329 0.7834465
vt 0.1069378 0.7861401
vt 0.1082689 0.7838155
vt 0.1077022 0.7836277
vt 0.1073212 0.7862593
vt 0.1088331 0.7840095
vt 0.1082689 0.7838155
vt 0.1077455 0.7863939
vt 0.1093941 0.7842091
vt 0.1088331 0.7840095
vt 0.1083011 0.7865723
vt 0.1071329 0.7834465
vt 0.1058424 0.7836775
vt 0.1062294 0.7859256
vt 0.1055721 0.7893428
vt 0.1062294 0.7859256
vt 0.1047306 0.787789
vt 0.1050696 0.7914333
vt 0.1055721 0.7893428
vt 0.104218 0.7898679
vt 0.104372 0.7943025
vt 0.1048364 0.7923549
vt 0.1031903 0.7940399
vt 0.1048364 0.7923549
vt 0.1050696 0.7914333
vt 0.1037022 0.7919536
vt 0.1075704 0.7819733
vt 0.1064562 0.7816042
vt 0.1071329 0.7834465
vt 0.1026853 0.7961279
vt 0.1041105 0.7953617
vt 0.1031903 0.7940399
vt 0.1021943 0.7982246
vt 0.1034118 0.7983677
vt 0.1026853 0.7961279
vt 0.06614041 0.7911953
vt 0.06332755 0.7904557
vt 0.06556123 0.7928151
vt 0.07723319 0.7940572
vt 0.07446366 0.7933423
vt 0.07664632 0.7959707
vt 0.0792548 0.7945792
vt 0.07723319 0.7940572
vt 0.07866889 0.7965329
vt 0.08473318 0.7959934
vt 0.08200198 0.7952884
vt 0.08415788 0.7980336
vt 0.09302258 0.7981247
vt 0.09248155 0.8002375
vt 0.09586083 0.7988525
vt 0.09023112 0.7974084
vt 0.08747202 0.7966989
vt 0.08967626 0.7995037
vt 0.09877985 0.799595
vt 0.09828001 0.8017275
vt 0.1016995 0.800326
vt 0.09586083 0.7988525
vt 0.09533655 0.8009772
vt 0.09877985 0.799595
vt 0.09302258 0.7981247
vt 0.09023112 0.7974084
vt 0.09248155 0.8002375
vt 0.08747202 0.7966989
vt 0.08473318 0.7959934
vt 0.08690583 0.7987704
vt 0.08200198 0.7952884
vt 0.0792548 0.7945792
vt 0.08142006 0.7972896
vt 0.07446366 0.7933423
vt 0.07169878 0.7926309
vt 0.07387775 0.7951942
vt 0.07169878 0.7926309
vt 0.06892812 0.7919175
vt 0.07111567 0.794414
vt 0.06892812 0.7919175
vt 0.06614041 0.7911953
vt 0.06834733 0.7936244
vt 0.06834733 0.7936244
vt 0.06556123 0.7928151
vt 0.06771564 0.7953282
vt 0.07111567 0.794414
vt 0.06834733 0.7936244
vt 0.07048529 0.7961931
vt 0.07387775 0.7951942
vt 0.07111567 0.794414
vt 0.07324695 0.7970436
vt 0.08142006 0.7972896
vt 0.07866889 0.7965329
vt 0.0808053 0.7992959
vt 0.08690583 0.7987704
vt 0.08415788 0.7980336
vt 0.08631801 0.8008513
vt 0.09248155 0.8002375
vt 0.08967626 0.7995037
vt 0.09192895 0.802363
vt 0.09533655 0.8009772
vt 0.09480446 0.8031157
vt 0.09828001 0.8017275
vt 0.08967626 0.7995037
vt 0.08690583 0.7987704
vt 0.08910518 0.8016102
vt 0.09248155 0.8002375
vt 0.09192895 0.802363
vt 0.09533655 0.8009772
vt 0.08415788 0.7980336
vt 0.08142006 0.7972896
vt 0.08355528 0.8000814
vt 0.07866889 0.7965329
vt 0.07664632 0.7959707
vt 0.07804512 0.7984888
vt 0.07664632 0.7959707
vt 0.07387775 0.7951942
vt 0.07601809 0.7978845
vt 0.06206381 0.7918519
vt 0.06330281 0.7935361
vt 0.06556123 0.7928151
vt 0.07601809 0.7978845
vt 0.07324695 0.7970436
vt 0.07534623 0.7998013
vt 0.07804512 0.7984888
vt 0.07601809 0.7978845
vt 0.07738083 0.8004507
vt 0.08355528 0.8000814
vt 0.0808053 0.7992959
vt 0.08292365 0.8021412
vt 0.09192895 0.802363
vt 0.09136366 0.8045046
vt 0.09480446 0.8031157
vt 0.08910518 0.8016102
vt 0.08631801 0.8008513
vt 0.08851677 0.8037317
vt 0.09480446 0.8031157
vt 0.09426683 0.8052751
vt 0.0977568 0.8038691
vt 0.09192895 0.802363
vt 0.08910518 0.8016102
vt 0.09136366 0.8045046
vt 0.08631801 0.8008513
vt 0.08355528 0.8000814
vt 0.0857073 0.8029463
vt 0.0808053 0.7992959
vt 0.07804512 0.7984888
vt 0.08015549 0.8013115
vt 0.07324695 0.7970436
vt 0.07048529 0.7961931
vt 0.0725696 0.7988921
vt 0.07048529 0.7961931
vt 0.06771564 0.7953282
vt 0.06980776 0.797969
vt 0.06492733 0.7944288
vt 0.06470596 0.7963722
vt 0.06771564 0.7953282
vt 0.06980776 0.797969
vt 0.06703406 0.7970302
vt 0.06908392 0.7997399
vt 0.0725696 0.7988921
vt 0.06980776 0.797969
vt 0.07184278 0.8007407
vt 0.08015549 0.8013115
vt 0.07738083 0.8004507
vt 0.07946807 0.8033407
vt 0.0857073 0.8029463
vt 0.08292365 0.8021412
vt 0.08507257 0.8050601
vt 0.09136366 0.8045046
vt 0.08851677 0.8037317
vt 0.09078413 0.8066623
vt 0.08851677 0.8037317
vt 0.0857073 0.8029463
vt 0.08791089 0.8058723
vt 0.09136366 0.8045046
vt 0.09078413 0.8066623
vt 0.09426683 0.8052751
vt 0.08292365 0.8021412
vt 0.08015549 0.8013115
vt 0.08226108 0.804218
vt 0.07738083 0.8004507
vt 0.07534623 0.7998013
vt 0.07667315 0.8024219
vt 0.07534623 0.7998013
vt 0.0725696 0.7988921
vt 0.07462739 0.8017236
vt 0.07462739 0.8017236
vt 0.07184278 0.8007407
vt 0.07385718 0.8036544
vt 0.07667315 0.8024219
vt 0.07462739 0.8017236
vt 0.07591861 0.8044067
vt 0.08226108 0.804218
vt 0.07946807 0.8033407
vt 0.08156567 0.8063174
vt 0.09078413 0.8066623
vt 0.09019613 0.8088402
vt 0.09369659 0.8074459
vt 0.08791089 0.8058723
vt 0.08507257 0.8050601
vt 0.08728921 0.8080375
vt 0.09078413 0.8066623
vt 0.08791089 0.8058723
vt 0.09019613 0.8088402
vt 0.08507257 0.8050601
vt 0.08226108 0.804218
vt 0.08441346 0.8071989
vt 0.07946807 0.8033407
vt 0.07667315 0.8024219
vt 0.07874023 0.8053885
vt 0.07184278 0.8007407
vt 0.06908392 0.7997399
vt 0.07106167 0.80259
vt 0.06908392 0.7997399
vt 0.06632602 0.798734
vt 0.06830996 0.801501
vt 0.06523448 0.8014535
vt 0.06724447 0.8024211
vt 0.06557404 0.800417
vt 0.07115918 0.8042605
vt 0.07106167 0.80259
vt 0.06724447 0.8024211
vt 0.08612775 0.2147237
vt 0.08612823 0.2173961
vt 0.1055173 0.2147201
vt 0.08612871 0.2200724
vt 0.08612942 0.2227501
vt 0.1061974 0.2200389
vt 0.08613038 0.225429
vt 0.08613187 0.228109
vt 0.1070432 0.2253244
vt 0.08613383 0.2307861
vt 0.08613651 0.2334633
vt 0.1079715 0.2305987
vt 0.08612942 0.2227501
vt 0.08613038 0.225429
vt 0.106602 0.2226843
vt 0.08613187 0.228109
vt 0.08613383 0.2307861
vt 0.1075042 0.2279613
vt 0.08612823 0.2173961
vt 0.08612871 0.2200724
vt 0.1058343 0.2173841
vt 0.08612775 0.2120459
vt 0.08612775 0.2147237
vt 0.105177 0.2120459
vt 0.1059272 0.2143177
vt 0.1055173 0.2147201
vt 0.1070024 0.2165159
vt 0.1070024 0.2165159
vt 0.1058343 0.2173841
vt 0.1079105 0.2179801
vt 0.110604 0.2309488
vt 0.1116434 0.22981
vt 0.1079715 0.2305987
vt 0.1079105 0.2179801
vt 0.1061974 0.2200389
vt 0.1087791 0.2191877
vt 0.1087791 0.2191877
vt 0.106602 0.2226843
vt 0.1099228 0.2206275
vt 0.1130732 0.2260697
vt 0.1129779 0.223852
vt 0.111504 0.2261187
vt 0.1130732 0.2260697
vt 0.111504 0.2261187
vt 0.1131667 0.2282879
vt 0.111504 0.2261187
vt 0.1113716 0.2222277
vt 0.108568 0.2255779
vt 0.1116434 0.22981
vt 0.111504 0.2261187
vt 0.1075042 0.2279613
vt 0.1039793 0.1141562
vt 0.1039823 0.1166005
vt 0.104274 0.1141808
vt 0.1043689 0.1116718
vt 0.104274 0.1141808
vt 0.1216547 0.1116718
vt 0.1039823 0.1166005
vt 0.1039742 0.119021
vt 0.1043744 0.1166004
vt 0.104274 0.1141808
vt 0.1043744 0.1166004
vt 0.1218074 0.1154981
vt 0.1020243 0.1974177
vt 0.1014154 0.2000627
vt 0.1024017 0.1974823
vt 0.1024017 0.1974823
vt 0.1017829 0.2001699
vt 0.1027781 0.1975519
vt 0.103155 0.1976278
vt 0.1027781 0.1975519
vt 0.1025757 0.2003648
vt 0.1035296 0.1977115
vt 0.103155 0.1976278
vt 0.1029198 0.2004341
vt 0.1025757 0.2003648
vt 0.1021515 0.2002722
vt 0.101822 0.2030786
vt 0.101822 0.2030786
vt 0.1021927 0.203178
vt 0.1025757 0.2003648
vt 0.1021927 0.203178
vt 0.1194542 0.2065563
vt 0.1029198 0.2004341
vt 0.1222983 0.2010281
vt 0.1035296 0.1977115
vt 0.1210415 0.2031913
vt 0.1041977 0.1949733
vt 0.1035296 0.1977115
vt 0.121261 0.1988334
vt 0.1014547 0.202973
vt 0.1006003 0.2055856
vt 0.101822 0.2030786
vt 0.1014547 0.202973
vt 0.1010842 0.2028798
vt 0.1006003 0.2055856
vt 0.1010842 0.2028798
vt 0.1007118 0.2027978
vt 0.1002417 0.2054504
vt 0.1007118 0.2027978
vt 0.100356 0.2027966
vt 0.09987848 0.2053271
vt 0.1006003 0.2055856
vt 0.09982156 0.2079608
vt 0.1010198 0.2057661
vt 0.1002417 0.2054504
vt 0.09945869 0.2078236
vt 0.1006003 0.2055856
vt 0.09987848 0.2053271
vt 0.09909909 0.2076772
vt 0.1002417 0.2054504
vt 0.0987122 0.2075078
vt 0.09909909 0.2076772
vt 0.09952276 0.2052895
vt 0.02958971 0.1009221
vt 0.04287183 0.1009221
vt 0.02966797 0.0999133
vt 0.04752266 0.0869234
vt 0.04738539 0.0866502
vt 0.04515826 0.0869234
vt 0.1329891 0.1585686
vt 0.148415 0.1540722
vt 0.132216 0.1569245
vt 0.1340302 0.1603013
vt 0.1482207 0.1562227
vt 0.1329891 0.1585686
vt 0.1289175 0.1517999
vt 0.1285907 0.1520113
vt 0.1301921 0.1538409
vt 0.1285907 0.1520113
vt 0.1282641 0.1522252
vt 0.129844 0.154064
vt 0.1282641 0.1522252
vt 0.1279391 0.1524405
vt 0.1295291 0.1542871
vt 0.1279391 0.1524405
vt 0.1276078 0.1525978
vt 0.1292227 0.1545229
vt 0.1305376 0.153661
vt 0.1301921 0.1538409
vt 0.132216 0.1569245
vt 0.1301921 0.1538409
vt 0.129844 0.154064
vt 0.1318694 0.157098
vt 0.129844 0.154064
vt 0.1295291 0.1542871
vt 0.1315371 0.157303
vt 0.1295291 0.1542871
vt 0.1292227 0.1545229
vt 0.1312187 0.1575264
vt 0.1292227 0.1545229
vt 0.1289073 0.1550053
vt 0.1309121 0.1577674
vt 0.1309121 0.1577674
vt 0.1306164 0.1580206
vt 0.1316182 0.1594387
vt 0.1312187 0.1575264
vt 0.1309121 0.1577674
vt 0.1319187 0.159197
vt 0.1315371 0.157303
vt 0.1312187 0.1575264
vt 0.1322342 0.1589765
vt 0.1318694 0.157098
vt 0.1315371 0.157303
vt 0.1325683 0.1587769
vt 0.132216 0.1569245
vt 0.1318694 0.157098
vt 0.1329891 0.1585686
vt 0.1340302 0.1603013
vt 0.1329891 0.1585686
vt 0.1334897 0.1603774
vt 0.1325683 0.1587769
vt 0.1322342 0.1589765
vt 0.1334897 0.1603774
vt 0.1322342 0.1589765
vt 0.1319187 0.159197
vt 0.1331642 0.1605677
vt 0.1319187 0.159197
vt 0.1316182 0.1594387
vt 0.1328587 0.1607867
vt 0.1316182 0.1594387
vt 0.13133 0.1596978
vt 0.1325728 0.1610352
vt 0.1334897 0.1603774
vt 0.1341245 0.1620605
vt 0.1340302 0.1603013
vt 0.1334897 0.1603774
vt 0.1331642 0.1605677
vt 0.1341245 0.1620605
vt 0.1331642 0.1605677
vt 0.1328587 0.1607867
vt 0.1337552 0.1621969
vt 0.1328587 0.1607867
vt 0.1325728 0.1610352
vt 0.1334038 0.1623754
vt 0.1325728 0.1610352
vt 0.1323065 0.1613109
vt 0.1330741 0.1625944
vt 0.1330741 0.1625944
vt 0.1327719 0.1628477
vt 0.1334114 0.1644753
vt 0.1351706 0.1646778
vt 0.134593 0.1620014
vt 0.1345123 0.1644417
vt 0.1346233 0.1644298
vt 0.1341245 0.1620605
vt 0.1342366 0.1644022
vt 0.1337552 0.1621969
vt 0.1334038 0.1623754
vt 0.1342366 0.1644022
vt 0.1334038 0.1623754
vt 0.1330741 0.1625944
vt 0.1338306 0.1644267
vt 0.1333202 0.1658274
vt 0.1336334 0.1658403
vt 0.1338306 0.1644267
vt 0.1336334 0.1658403
vt 0.1340056 0.1657547
vt 0.1342366 0.1644022
vt 0.1339732 0.1657993
vt 0.1343351 0.1656898
vt 0.1345123 0.1644417
vt 0.1002044 0.2000873
vt 0.09983313 0.2026279
vt 0.1005853 0.2000937
vt 0.0987122 0.2075078
vt 0.09819102 0.2073336
vt 0.09769976 0.2096401
vt 0.100356 0.2027966
vt 0.09983313 0.2026279
vt 0.09952276 0.2052895
vt 0.09952276 0.2052895
vt 0.09899657 0.205116
vt 0.0987122 0.2075078
vt 0.09769976 0.2096401
vt 0.09717768 0.2094663
vt 0.09660398 0.2116523
vt 0.09965926 0.1975741
vt 0.09910964 0.1951188
vt 0.09620863 0.1960848
vt 0.09982287 0.2000837
vt 0.09965926 0.1975741
vt 0.09675121 0.1991815
vt 0.09983313 0.2026279
vt 0.09982287 0.2000837
vt 0.09639251 0.2018775
vt 0.09819102 0.2073336
vt 0.09475022 0.2068837
vt 0.09717768 0.2094663
vt 0.09983313 0.2026279
vt 0.09639251 0.2018775
vt 0.09899657 0.205116
vt 0.09899657 0.205116
vt 0.09559798 0.2045488
vt 0.09819102 0.2073336
vt 0.09717768 0.2094663
vt 0.09386706 0.2089245
vt 0.09478795 0.2115253
vt 0.09675121 0.1991815
vt 0.09620863 0.1960848
vt 0.09368294 0.1985776
vt 0.09475022 0.2068837
vt 0.09127557 0.2069549
vt 0.09386706 0.2089245
vt 0.09639251 0.2018775
vt 0.09302961 0.201777
vt 0.09559798 0.2045488
vt 0.09559798 0.2045488
vt 0.09213638 0.2047268
vt 0.09475022 0.2068837
vt 0.09386706 0.2089245
vt 0.09085732 0.2082953
vt 0.09252339 0.2112524
vt 0.09675121 0.1991815
vt 0.09368294 0.1985776
vt 0.09639251 0.2018775
vt 0.09302961 0.201777
vt 0.08934271 0.2023787
vt 0.09213638 0.2047268
vt 0.09085732 0.2082953
vt 0.08774095 0.2070173
vt 0.08956533 0.2112615
vt 0.09368294 0.1985776
vt 0.09092384 0.1977274
vt 0.09302961 0.201777
vt 0.09154868 0.1971261
vt 0.09092384 0.1977274
vt 0.09265589 0.1962955
vt 0.09191203 0.1215571
vt 0.0934984 0.1215571
vt 0.09347659 0.1205563
vt 0.09035032 0.1212631
vt 0.09191203 0.1215571
vt 0.09200054 0.1200539
vt 0.08613717 0.1204181
vt 0.09039598 0.1194976
vt 0.08956474 0.1168852
vt 0.09347659 0.1205563
vt 0.0952655 0.1208634
vt 0.09526324 0.1194941
vt 0.09200054 0.1200539
vt 0.09347659 0.1205563
vt 0.09388685 0.118792
vt 0.09039598 0.1194976
vt 0.09200054 0.1200539
vt 0.09207248 0.1179696
vt 0.09526324 0.1194941
vt 0.09698575 0.1202783
vt 0.09799945 0.1179244
vt 0.09388685 0.118792
vt 0.09526324 0.1194941
vt 0.09616607 0.1171614
vt 0.09207248 0.1179696
vt 0.09388685 0.118792
vt 0.09353953 0.1165982
vt 0.08956474 0.1168852
vt 0.09353953 0.1165982
vt 0.09296643 0.113324
vt 0.09799945 0.1179244
vt 0.100112 0.1187957
vt 0.1009493 0.1167503
vt 0.09616607 0.1171614
vt 0.09799945 0.1179244
vt 0.09898483 0.1155783
vt 0.09353953 0.1165982
vt 0.09616607 0.1171614
vt 0.09626895 0.1143863
vt 0.1431414 0.7550272
vt 0.143105 0.7543361
vt 0.1421203 0.7551147
vt 0.1420467 0.7557613
vt 0.1431937 0.7556215
vt 0.1421203 0.7551147
vt 0.1398717 0.7593199
vt 0.1377822 0.7577151
vt 0.1356294 0.7592983
vt 0.1438948 0.7593199
vt 0.1428285 0.7575261
vt 0.1398717 0.7593199
vt 0.1633119 0.8564367
vt 0.1644812 0.8564367
vt 0.1642314 0.8556162
vt 0.1756937 0.1426039
vt 0.1756147 0.142048
vt 0.1740421 0.1422279
vt 0.1581833 0.8362561
vt 0.1591894 0.8387164
vt 0.1604714 0.8376599
vt 0.1592028 0.8389034
vt 0.160299 0.8388704
vt 0.1591894 0.8387164
vt 0.1640174 0.759221
vt 0.1634655 0.7596427
vt 0.1640174 0.761071
vt 0.156582 0.8316652
vt 0.1561288 0.8234093
vt 0.1555002 0.8316652
vt 0.150946 0.7622161
vt 0.15375 0.7637387
vt 0.1546178 0.7622161
vt 0.1527494 0.7649169
vt 0.15375 0.7637387
vt 0.150762 0.7643868
vt 0.1510627 0.7667178
vt 0.152736 0.7655753
vt 0.150762 0.7643868
vt 0.1469691 0.7663023
vt 0.148839 0.7659998
vt 0.1474062 0.7643084
vt 0.1449046 0.7667178
vt 0.1469691 0.7663023
vt 0.1444896 0.7644464
vt 0.1387005 0.7647757
vt 0.1449046 0.7667178
vt 0.1415886 0.7645821
vt 0.1449046 0.7667178
vt 0.1387005 0.7647757
vt 0.1369438 0.7667178
vt 0.07973092 0.7549535
vt 0.07751363 0.7549962
vt 0.07901102 0.7555045
vt 0.05583524 0.1077272
vt 0.07103663 0.1077272
vt 0.05835801 0.1038446
vt 0.1677464 0.2250124
vt 0.1677637 0.2292792
vt 0.1697226 0.2250124
vt 0.1698541 0.1948693
vt 0.169849 0.1965591
vt 0.1718317 0.1948697
vt 0.1678736 0.1965765
vt 0.169849 0.1965591
vt 0.1678773 0.1948697
vt 0.1033846 0.1071305
vt 0.1013007 0.1056629
vt 0.0989874 0.1129304
vt 0.1013007 0.1056629
vt 0.0994718 0.1043756
vt 0.09735786 0.1118135
vt 0.06478619 0.0874225
vt 0.0663318 0.0882468
vt 0.06766742 0.0874225
vt 0.1639462 0.7951822
vt 0.1636582 0.7946712
vt 0.16315 0.7951628
vt 0.16315 0.7951628
vt 0.1630898 0.7957359
vt 0.1639462 0.7951822
vt 0.08764791 0.7520372
vt 0.08678346 0.7516136
vt 0.08729535 0.752493
vt 0.08895426 0.7519765
vt 0.08835732 0.7516593
vt 0.08856087 0.752493
vt 0.08678346 0.7516136
vt 0.08764791 0.7520372
vt 0.08706182 0.751281
vt 0.1745513 0.2008825
vt 0.1745707 0.2011922
vt 0.1762583 0.2008245
vt 0.1592645 0.8120705
vt 0.1592645 0.8100175
vt 0.1553195 0.8120428
vt 0.07751363 0.7546502
vt 0.07840365 0.7546502
vt 0.07752549 0.7539928
vt 0.129628 0.7568722
vt 0.1283136 0.756113
vt 0.1246976 0.7568726
vt 0.1345583 0.7561129
vt 0.130943 0.7561132
vt 0.1345583 0.7568721
vt 0.1263403 0.8143165
vt 0.1246317 0.8139765
vt 0.1249165 0.8165992
vt 0.1279498 0.8149834
vt 0.1263403 0.8143165
vt 0.1257896 0.8176167
vt 0.1293982 0.8159513
vt 0.1279498 0.8149834
vt 0.1265702 0.8180441
vt 0.1306299 0.8171834
vt 0.1293982 0.8159513
vt 0.128091 0.8192931
vt 0.1306299 0.8171834
vt 0.128091 0.8192931
vt 0.1315976 0.818632
vt 0.1315976 0.818632
vt 0.1288473 0.8205132
vt 0.1322642 0.8202416
vt 0.132604 0.8219502
vt 0.1322642 0.8202416
vt 0.1292674 0.8218853
vt 0.1326038 0.8236924
vt 0.132604 0.8219502
vt 0.1293245 0.8233202
vt 0.1326038 0.8236924
vt 0.1293245 0.8233202
vt 0.1322638 0.8254011
vt 0.1322638 0.8254011
vt 0.129014 0.8247212
vt 0.1315971 0.8270106
vt 0.1315971 0.8270106
vt 0.1283571 0.8259973
vt 0.1306291 0.828459
vt 0.1306291 0.828459
vt 0.1273964 0.8270644
vt 0.1293972 0.8296909
vt 0.1279486 0.8306587
vt 0.1261956 0.8278515
vt 0.126339 0.8313253
vt 0.126339 0.8313253
vt 0.1248344 0.828306
vt 0.1246303 0.8316652
vt 0.1246303 0.8316652
vt 0.1234018 0.8283994
vt 0.1228882 0.8316652
vt 0.1228882 0.8316652
vt 0.1219931 0.828125
vt 0.1211795 0.8313254
vt 0.1181215 0.8296909
vt 0.11957 0.8306587
vt 0.1207005 0.8275002
vt 0.1168895 0.8284591
vt 0.1181215 0.8296909
vt 0.1196099 0.826567
vt 0.1159216 0.8270107
vt 0.1168895 0.8284591
vt 0.1187928 0.8253869
vt 0.1152548 0.8254012
vt 0.1159216 0.8270107
vt 0.1186068 0.8248743
vt 0.08476376 0.7549476
vt 0.08050352 0.7549476
vt 0.08123952 0.75641
vt 0.1149146 0.8219504
vt 0.1149147 0.8236925
vt 0.1160148 0.8213698
vt 0.1149147 0.8236925
vt 0.1152548 0.8254012
vt 0.1174303 0.8230194
vt 0.04776221 0.0931872
vt 0.04588043 0.0931872
vt 0.04756373 0.0972773
vt 0.1216682 0.1112782
vt 0.1216682 0.1071685
vt 0.1185928 0.1099383
vt 0.02959072 0.1215571
vt 0.0857343 0.1215378
vt 0.02958971 0.1187551
vt 0.02959001 0.1159545
vt 0.02958971 0.1187551
vt 0.08573371 0.1159607
vt 0.1454259 0.0902249
vt 0.1465275 0.0911239
vt 0.1478524 0.0898527
vt 0.07219296 0.751027
vt 0.07224708 0.750285
vt 0.06992298 0.7509113
vt 0.05750268 0.7515731
vt 0.05743479 0.7508349
vt 0.05490869 0.7514332
vt 0.1599775 0.7991549
vt 0.1596831 0.7991549
vt 0.1599785 0.8073541
vt 0.1698762 0.1099006
vt 0.1698759 0.1057918
vt 0.1681654 0.1098703
vt 0.1553954 0.1233786
vt 0.1554347 0.1192839
vt 0.1519824 0.1233786
vt 0.06453728 0.7557588
vt 0.06446838 0.7557799
vt 0.06460297 0.7561052
vt 0.06439864 0.7561638
vt 0.06450086 0.7561346
vt 0.06439864 0.7558014
vt 0.1589216 0.7510326
vt 0.1612369 0.750933
vt 0.1591172 0.750348
vt 0.1606571 0.786527
vt 0.1632228 0.7863031
vt 0.1607763 0.7857184
vt 0.1728415 0.099506
vt 0.1758474 0.0995077
vt 0.1728415 0.0986528
vt 0.05529505 0.0873195
vt 0.05228912 0.0873229
vt 0.05529505 0.0881786
vt 0.06443154 0.7493178
vt 0.06438153 0.7499005
vt 0.06625503 0.7496498
vt 0.09456396 0.7535677
vt 0.09474843 0.7538726
vt 0.09574383 0.7535677
vt 0.0711742 0.7623262
vt 0.06950604 0.7594613
vt 0.06737786 0.7623048
vt 0.1631622 0.7590137
vt 0.1627067 0.759074
vt 0.1631622 0.761071
vt 0.144584 0.7924436
vt 0.144621 0.7920666
vt 0.1435714 0.7923709
vt 0.1605116 0.8418761
vt 0.1593229 0.8420058
vt 0.1605429 0.8435472
vt 0.1566665 0.7982555
vt 0.1600008 0.7974656
vt 0.1566663 0.7961062
vt 0.1647947 0.8101275
vt 0.1647543 0.8099444
vt 0.1637434 0.8104138
vt 0.146157 0.1473986
vt 0.1462316 0.1456379
vt 0.1285184 0.1453937
vt 0.1285184 0.1453937
vt 0.1281473 0.1477758
vt 0.146157 0.1473986
vt 0.1039742 0.1112782
vt 0.1171042 0.1098786
vt 0.1043137 0.1102347
vt 0.1461556 0.1491312
vt 0.1281473 0.1477758
vt 0.1462106 0.1504636
vt 0.05781054 0.7540592
vt 0.05424416 0.7540592
vt 0.05781948 0.7544709
vt 0.1246975 0.7539616
vt 0.1280128 0.7539616
vt 0.1260949 0.7526826
vt 0.1472871 0.7712394
vt 0.1510822 0.7713376
vt 0.1470821 0.7682174
vt 0.1630526 0.0909969
vt 0.1629821 0.0898253
vt 0.1613491 0.0910976
usemtl LHipYawPitchUV
f 1/1 2/2 3/3
f 2/4 4/5 3/6
f 2/7 5/8 4/9
f 2/10 6/11 5/12
f 2/13 7/14 6/15
f 2/16 8/17 7/18
f 2/19 9/20 8/21
f 2/22 10/23 9/24
f 2/25 11/26 10/27
f 2/28 12/29 11/30
f 2/31 13/32 12/33
f 2/34 14/35 13/36
f 2/37 15/38 14/39
f 2/40 16/41 15/42
f 2/43 17/44 16/45
f 2/46 18/47 17/48
f 2/49 19/50 18/51
f 2/52 20/53 19/54
f 2/55 21/56 20/57
f 2/58 22/59 21/60
f 2/61 23/62 22/63
f 2/64 24/65 23/66
f 2/67 25/68 24/69
f 2/70 26/71 25/72
f 2/73 27/74 26/75
f 2/76 28/77 27/78
f 2/79 29/80 28/81
f 2/82 30/83 29/84
f 2/85 31/86 30/87
f 2/88 32/89 31/90
f 2/91 33/92 32/93
f 2/94 1/95 33/96
f 34/97 35/98 36/99
f 39/100 35/101 34/102
f 41/103 39/104 38/105
f 42/106 43/107 41/108
f 44/109 45/110 43/111
f 47/112 45/113 44/114
f 49/115 47/116 46/117
f 51/118 49/119 48/120
f 53/121 51/122 50/123
f 54/124 55/125 53/126
f 57/127 55/128 54/129
f 58/130 59/131 57/132
f 60/133 61/134 59/135
f 62/136 63/137 61/138
f 64/139 65/140 63/141
f 66/142 67/143 65/144
f 69/145 67/146 66/147
f 70/148 71/149 69/150
f 72/151 73/152 71/153
f 75/154 73/155 72/156
f 76/157 77/158 75/159
f 79/160 77/161 76/162
f 81/163 79/164 78/165
f 83/166 81/167 80/168
f 84/169 85/170 83/171
f 86/172 87/173 85/174
f 89/175 87/176 86/177
f 91/178 89/179 88/180
f 92/181 93/182 91/183
f 95/184 93/185 92/186
f 97/187 95/188 94/189
f 36/190 97/191 96/192
f 99/193 100/194 101/195
f 103/196 99/197 98/198
f 105/199 103/200 102/201
f 107/202 105/203 104/204
f 109/205 107/206 106/207
f 111/208 109/209 108/210
f 113/211 111/212 110/213
f 115/214 113/215 112/216
f 117/217 115/218 114/219
f 119/220 117/221 116/222
f 121/223 119/224 118/225
f 123/226 121/227 120/228
f 125/229 123/230 122/231
f 127/232 125/233 124/234
f 129/235 127/236 126/237
f 131/238 129/239 128/240
f 133/241 131/242 130/243
f 134/244 135/245 133/246
f 136/247 137/248 135/249
f 138/250 139/251 137/252
f 140/253 141/254 139/255
f 142/256 143/257 141/258
f 144/259 145/260 143/261
f 146/262 147/263 145/264
f 148/265 149/266 147/267
f 150/268 151/269 149/270
f 152/271 153/272 151/273
f 154/274 155/275 153/276
f 156/277 157/278 155/279
f 158/280 159/281 157/282
f 160/283 161/284 159/285
f 101/286 100/287 161/288
f 162/289 163/290 164/291
f 167/292 163/293 162/294
f 169/295 167/296 166/297
f 170/298 171/299 169/300
f 172/301 173/302 171/303
f 175/304 173/305 172/306
f 176/307 177/308 175/309
f 178/310 179/311 177/312
f 181/313 179/314 178/315
f 182/316 183/317 181/318
f 184/319 185/320 183/321
f 187/322 185/323 184/324
f 188/325 189/326 187/327
f 191/328 189/329 188/330
f 192/331 193/332 191/333
f 195/334 193/335 192/336
f 196/337 197/338 195/339
f 198/340 199/341 197/342
f 201/343 199/344 198/345
f 203/346 201/347 200/348
f 204/349 205/350 203/351
f 206/352 207/353 205/354
f 209/355 207/356 206/357
f 211/358 209/359 208/360
f 213/361 211/362 210/363
f 214/364 215/365 213/366
f 216/367 217/368 215/369
f 219/370 217/371 216/372
f 220/373 221/374 219/375
f 223/376 221/377 220/378
f 224/379 225/380 223/381
f 164/382 225/383 224/384
f 227/385 228/386 229/387
f 231/388 227/389 226/390
f 233/391 231/392 230/393
f 235/394 233/395 232/396
f 237/397 235/398 234/399
f 239/400 237/401 236/402
f 241/403 239/404 238/405
f 243/406 241/407 240/408
f 245/409 243/410 242/411
f 247/412 245/413 244/414
f 249/415 247/416 246/417
f 251/418 249/419 248/420
f 253/421 251/422 250/423
f 255/424 253/425 252/426
f 257/427 255/428 254/429
f 259/430 257/431 256/432
f 260/433 261/434 259/435
f 262/436 263/437 261/438
f 264/439 265/440 263/441
f 266/442 267/443 265/444
f 268/445 269/446 267/447
f 270/448 271/449 269/450
f 272/451 273/452 271/453
f 274/454 275/455 273/456
f 276/457 277/458 275/459
f 278/460 279/461 277/462
f 280/463 281/464 279/465
f 282/466 283/467 281/468
f 284/469 285/470 283/471
f 286/472 287/473 285/474
f 288/475 289/476 287/477
f 229/478 228/479 289/480
f 290/481 291/482 292/483
f 291/484 294/485 295/486
f 296/487 297/488 295/489
f 298/490 299/491 297/492
f 298/493 300/494 301/495
f 303/496 304/497 305/498
f 306/499 307/500 304/501
f 306/502 308/503 309/504
f 308/505 310/506 311/507
f 312/508 313/509 314/510
f 313/511 316/512 317/513
f 316/514 318/515 319/516
f 318/517 320/518 321/519
f 320/520 322/521 323/522
f 325/523 326/524 327/525
f 328/526 329/527 326/528
f 330/529 331/530 329/531
f 332/532 333/533 331/534
f 334/535 335/536 228/537
f 336/538 337/539 239/540
f 338/541 336/542 241/543
f 339/544 338/545 243/546
f 340/547 339/548 245/549
f 341/550 340/551 247/552
f 342/553 341/554 249/555
f 343/556 342/557 251/558
f 344/559 343/560 253/561
f 345/562 344/563 255/564
f 346/565 345/566 257/567
f 269/568 347/569 348/570
f 271/571 349/572 347/573
f 273/574 350/575 349/576
f 275/577 351/578 350/579
f 277/580 352/581 351/582
f 279/583 353/584 352/585
f 281/586 354/587 353/588
f 283/589 355/590 354/591
f 285/592 356/593 355/594
f 287/595 357/596 356/597
f 289/598 358/599 357/600
f 228/601 335/602 358/603
f 360/604 361/605 362/606
f 359/607 362/608 364/609
f 365/610 363/611 364/612
f 367/613 365/614 366/615
f 369/616 367/617 368/618
f 372/619 373/620 374/621
f 375/622 371/623 374/624
f 375/625 376/626 378/627
f 377/628 378/629 380/630
f 381/631 382/632 347/633
f 350/634 383/635 381/636
f 351/637 384/638 383/639
f 352/640 385/641 384/642
f 353/643 386/644 385/645
f 354/646 387/647 386/648
f 355/649 388/650 387/651
f 356/652 389/653 388/654
f 357/655 390/656 389/657
f 358/658 391/659 390/660
f 335/661 392/662 391/663
f 393/664 394/665 395/666
f 397/667 398/668 399/669
f 401/670 402/671 403/672
f 405/673 406/674 403/675
f 407/676 408/677 406/678
f 407/679 409/680 410/681
f 411/682 412/683 410/684
f 413/685 414/686 412/687
f 416/688 414/689 413/690
f 418/691 416/692 415/693
f 419/694 420/695 418/696
f 422/697 420/698 419/699
f 423/700 424/701 422/702
f 423/703 425/704 426/705
f 427/706 428/707 426/708
f 430/709 428/710 427/711
f 431/712 432/713 430/714
f 434/715 432/716 431/717
f 435/718 436/719 434/720
f 438/721 436/722 435/723
f 439/724 440/725 438/726
f 441/727 442/728 440/729
f 444/730 442/731 441/732
f 445/733 446/734 444/735
f 447/736 448/737 446/738
f 450/739 448/740 447/741
f 451/742 452/743 453/744
f 455/745 456/746 457/747
f 456/748 459/749 460/750
f 461/751 462/752 460/753
f 461/754 463/755 464/756
f 465/757 466/758 464/759
f 465/760 467/761 468/762
f 467/763 469/764 470/765
f 471/766 472/767 470/768
f 473/769 474/770 472/771
f 476/772 474/773 473/774
f 478/775 476/776 475/777
f 479/778 480/779 478/780
f 481/781 482/782 480/783
f 484/784 482/785 481/786
f 483/787 485/788 486/789
f 487/790 488/791 486/792
f 490/793 488/794 487/795
f 489/796 491/797 492/798
f 494/799 492/800 491/801
f 495/802 496/803 494/804
f 498/805 496/806 495/807
f 499/808 500/809 498/810
f 501/811 502/812 500/813
f 504/814 502/815 501/816
f 505/817 506/818 504/819
f 507/820 508/821 506/822
f 510/823 508/824 507/825
f 509/826 454/827 453/828
f 511/829 512/830 513/831
f 514/832 515/833 516/834
f 517/835 518/836 519/837
f 520/838 521/839 522/840
f 521/841 523/842 522/843
f 521/844 524/845 523/846
f 525/847 526/848 513/849
f 527/850 528/851 529/852
f 530/853 531/854 532/855
f 533/856 534/857 535/858
f 535/859 536/860 537/861
f 535/862 538/863 539/864
f 540/865 541/866 542/867
f 543/868 544/869 545/870
f 546/871 547/872 548/873
f 549/874 550/875 551/876
f 552/877 553/878 554/879
f 555/880 552/881 556/882
f 557/883 558/884 559/885
f 560/886 561/887 558/888
f 561/889 562/890 563/891
f 559/892 558/893 564/894
f 558/895 565/896 564/897
f 563/898 566/899 565/900
f 563/901 567/902 566/903
f 567/904 563/905 568/906
f 569/907 570/908 571/909
f 572/910 573/911 574/912
f 573/913 575/914 576/915
f 577/916 578/917 579/918
f 577/919 580/920 578/921
f 581/922 582/923 583/924
f 584/925 585/926 586/927
f 587/928 588/929 589/930
f 590/931 591/932 592/933
f 592/934 593/935 590/936
f 594/937 595/938 596/939
f 597/940 595/941 598/942
f 595/943 599/944 598/945
f 600/946 601/947 602/948
f 603/949 604/950 605/951
f 606/952 607/953 608/954
f 609/955 608/956 610/957
f 611/958 612/959 613/960
f 614/961 615/962 616/963
f 617/964 618/965 619/966
f 620/967 621/968 622/969
f 623/970 624/971 625/972
f 626/973 627/974 628/975
f 629/976 630/977 631/978
f 632/979 633/980 634/981
f 635/982 636/983 637/984
f 638/985 639/986 640/987
f 641/988 642/989 643/990
f 644/991 645/992 646/993
f 647/994 648/995 649/996
f 650/997 651/998 652/999
f 653/1000 654/1001 655/1002
f 653/1003 656/1004 654/1005
f 657/1006 658/1007 659/1008
f 660/1009 661/1010 662/1011
f 661/1012 660/1013 663/1014
f 664/1015 665/1016 666/1017
f 667/1018 668/1019 669/1020
f 670/1021 671/1022 672/1023
f 673/1024 674/1025 675/1026
f 676/1027 677/1028 678/1029
f 679/1030 680/1031 681/1032
f 680/1033 682/1034 681/1035
f 683/1036 684/1037 685/1038
f 684/1039 686/1040 685/1041
f 687/1042 688/1043 689/1044
f 688/1045 690/1046 691/1047
f 690/1048 692/1049 691/1050
f 693/1051 694/1052 671/1053
f 695/1054 696/1055 697/1056
f 698/1057 699/1058 700/1059
f 699/1060 701/1061 700/1062
f 702/1063 703/1064 704/1065
f 705/1066 706/1067 707/1068
f 708/1069 709/1070 710/1071
f 708/1072 711/1073 709/1074
f 712/1075 713/1076 714/1077
f 715/1078 716/1079 717/1080
f 718/1081 719/1082 720/1083
f 718/1084 721/1085 722/1086
f 718/1087 723/1088 724/1089
f 725/1090 718/1091 726/1092
f 718/1093 727/1094 726/1095
f 718/1096 724/1097 728/1098
f 718/1099 725/1100 723/1101
f 729/1102 727/1103 718/1104
f 721/1105 718/1106 730/1107
f 731/1108 732/1109 733/1110
f 734/1111 735/1112 736/1113
f 734/1114 737/1115 735/1116
f 737/1117 738/1118 735/1119
f 739/1120 740/1121 741/1122
f 742/1123 743/1124 744/1125
f 745/1126 746/1127 747/1128
f 750/1129 751/1130 743/1131
f 747/1132 746/1133 753/1134
f 754/1135 755/1136 756/1137
f 759/1138 754/1139 757/1140
f 760/1141 761/1142 759/1143
f 762/1144 763/1145 764/1146
f 766/1147 767/1148 768/1149
f 769/1150 770/1151 771/1152
f 766/1153 773/1154 774/1155
f 775/1156 776/1157 777/1158
f 779/1159 778/1160 777/1161
f 781/1162 782/1163 783/1164
f 786/1165 787/1166 788/1167
f 789/1168 790/1169 791/1170
f 793/1171 794/1172 795/1173
f 790/1174 797/1175 798/1176
f 799/1177 800/1178 801/1179
f 803/1180 804/1181 805/1182
f 807/1183 808/1184 809/1185
f 811/1186 812/1187 813/1188
f 813/1189 812/1190 815/1191
f 817/1192 818/1193 819/1194
f 821/1195 822/1196 817/1197
f 823/1198 824/1199 825/1200
f 826/1201 827/1202 828/1203
f 829/1204 828/1205 830/1206
f 833/1207 834/1208 835/1209
f 836/1210 837/1211 834/1212
f 839/1213 840/1214 841/1215
f 843/1216 844/1217 845/1218
f 846/1219 847/1220 844/1221
f 849/1222 850/1223 851/1224
f 853/1225 854/1226 849/1227
f 855/1228 856/1229 857/1230
f 855/1231 857/1232 858/1233
f 848/1234 851/1235 855/1236
f 860/1237 861/1238 862/1239
f 865/1240 866/1241 867/1242
f 869/1243 864/1244 867/1245
f 870/1246 871/1247 872/1248
f 875/1249 876/1250 877/1251
f 878/1252 879/1253 876/1254
f 874/1255 877/1256 881/1257
f 883/1258 884/1259 885/1260
f 886/1261 887/1262 888/1263
f 891/1264 892/1265 893/1266
f 894/1267 893/1268 895/1269
f 897/1270 898/1271 899/1272
f 900/1273 901/1274 902/1275
f 904/1276 905/1277 906/1278
f 908/1279 909/1280 910/1281
f 913/1282 914/1283 915/1284
f 917/1285 918/1286 913/1287
f 920/1288 921/1289 922/1290
f 924/1291 925/1292 926/1293
f 928/1294 924/1295 923/1296
f 930/1297 931/1298 932/1299
f 934/1300 935/1301 936/1302
f 934/1303 938/1304 939/1305
f 941/1306 942/1307 943/1308
f 944/1309 945/1310 941/1311
f 938/1312 946/1313 947/1314
f 948/1315 946/1316 949/1317
f 950/1318 951/1319 952/1320
f 935/1321 934/1322 937/1323
f 954/1324 955/1325 937/1326
f 943/1327 957/1328 958/1329
f 959/1330 960/1331 940/1332
f 946/1333 948/1334 961/1335
f 963/1336 964/1337 965/1338
f 967/1339 968/1340 969/1341
f 971/1342 972/1343 973/1344
f 975/1345 976/1346 977/1347
f 972/1348 978/1349 979/1350
f 980/1351 981/1352 982/1353
f 984/1354 971/1355 970/1356
f 976/1357 985/1358 982/1359
f 975/1360 979/1361 986/1362
f 987/1363 988/1364 989/1365
f 992/1366 993/1367 994/1368
f 995/1369 996/1370 997/1371
f 999/1372 1000/1373 1001/1374
f 998/1375 997/1376 1003/1377
f 1004/1378 1005/1379 995/1380
f 1007/1381 1008/1382 1009/1383
f 1012/1384 1013/1385 1014/1386
f 1015/1387 1016/1388 1017/1389
f 1020/1390 1021/1391 1022/1392
f 1024/1393 1025/1394 1026/1395
f 1027/1396 1017/1397 1016/1398
f 1029/1399 1030/1400 1028/1401
f 1031/1402 1032/1403 1030/1404
f 1033/1405 1034/1406 1035/1407
f 1038/1408 1039/1409 1040/1410
f 1042/1411 1043/1412 1044/1413
f 1046/1414 1047/1415 1048/1416
f 1049/1417 1050/1418 1051/1419
f 1053/1420 1054/1421 1055/1422
f 1057/1423 1058/1424 1059/1425
f 1062/1426 1063/1427 1064/1428
f 1065/1429 1066/1430 1067/1431
f 1070/1432 1071/1433 1072/1434
f 1073/1435 1074/1436 1075/1437
f 1078/1438 1079/1439 1080/1440
f 1081/1441 1082/1442 1083/1443
f 1084/1444 1085/1445 1086/1446
f 1075/1447 1087/1448 1088/1449
f 1090/1450 1088/1451 1091/1452
f 1093/1453 1094/1454 1095/1455
f 1098/1456 1099/1457 1100/1458
f 1102/1459 1103/1460 1104/1461
f 1105/1462 1106/1463 1107/1464
f 1110/1465 1111/1466 1112/1467
f 1114/1468 1115/1469 1116/1470
f 1118/1471 1119/1472 1120/1473
f 1122/1474 1123/1475 1119/1476
f 1125/1477 1126/1478 1127/1479
f 1128/1480 1129/1481 1130/1482
f 1131/1483 1132/1484 1133/1485
f 1136/1486 1137/1487 1138/1488
f 1139/1489 1140/1490 1141/1491
f 1143/1492 1144/1493 1145/1494
f 1146/1495 1147/1496 1148/1497
f 1150/1498 1151/1499 1152/1500
f 1149/1501 1153/1502 1154/1503
f 1155/1504 1156/1505 1157/1506
f 1160/1507 1155/1508 1161/1509
f 1163/1510 1164/1511 1165/1512
f 1167/1513 1164/1514 1163/1515
f 1168/1516 1169/1517 1167/1518
f 1170/1519 1171/1520 1169/1521
f 1173/1522 1171/1523 1170/1524
f 1174/1525 1175/1526 1173/1527
f 1176/1528 1177/1529 1178/1530
f 1178/1531 1179/1532 1180/1533
f 1181/1534 1182/1535 1164/1536
f 1169/1537 1183/1538 1181/1539
f 1184/1540 1183/1541 1169/1542
f 1185/1543 1184/1544 1171/1545
f 1175/1546 1186/1547 1185/1548
f 1182/1549 1187/1550 1188/1551
f 1180/1552 1186/1553 1175/1554
f 1189/1555 1190/1556 1191/1557
f 1193/1558 1194/1559 1195/1560
f 1197/1561 1193/1562 1196/1563
f 1198/1564 1197/1565 1196/1566
f 1199/1567 1200/1568 1201/1569
f 1203/1570 1204/1571 1200/1572
f 1198/1573 1196/1574 1205/1575
f 1207/1576 1208/1577 1204/1578
f 1210/1579 1208/1580 1207/1581
f 1211/1582 1212/1583 1213/1584
f 1214/1585 1215/1586 1216/1587
f 1219/1588 1220/1589 1221/1590
f 1223/1591 1224/1592 1225/1593
f 1227/1594 1228/1595 1229/1596
f 1231/1597 1232/1598 1233/1599
f 1234/1600 1235/1601 1236/1602
f 1239/1603 1240/1604 1241/1605
f 1242/1606 1236/1607 1243/1608
f 1245/1609 1236/1610 1246/1611
f 1249/1612 1250/1613 1251/1614
f 1252/1615 1253/1616 1254/1617
f 1257/1618 1258/1619 1259/1620
f 1261/1621 1262/1622 1263/1623
f 1264/1624 1265/1625 1266/1626
f 1269/1627 1265/1628 1264/1629
f 1270/1630 1271/1631 1272/1632
f 1274/1633 1275/1634 1276/1635
f 1279/1636 1280/1637 1281/1638
f 1283/1639 1284/1640 1285/1641
f 1286/1642 1287/1643 1279/1644
f 1288/1645 1289/1646 1290/1647
f 1293/1648 1294/1649 1295/1650
f 1296/1651 1297/1652 1298/1653
f 1300/1654 1301/1655 1302/1656
f 1304/1657 1305/1658 1293/1659
f 1307/1660 1308/1661 1309/1662
f 1311/1663 1312/1664 1313/1665
f 1314/1666 1315/1667 1316/1668
f 1319/1669 1320/1670 1321/1671
f 1323/1672 1324/1673 1325/1674
f 1327/1675 1328/1676 1329/1677
f 1330/1678 1331/1679 1332/1680
f 1329/1681 1328/1682 1334/1683
f 1321/1684 1320/1685 1335/1686
f 1337/1687 1338/1688 1339/1689
f 1341/1690 1342/1691 1338/1692
f 1344/1693 1345/1694 1346/1695
f 1348/1696 1349/1697 1350/1698
f 1329/1699 1334/1700 1351/1701
f 1352/1702 1353/1703 1354/1704
f 1355/1705 1342/1706 1341/1707
f 1358/1708 1359/1709 1360/1710
f 1362/1711 1363/1712 1364/1713
f 1366/1714 1367/1715 1368/1716
f 1370/1717 1371/1718 1372/1719
f 1373/1720 1374/1721 1375/1722
f 1378/1723 1379/1724 1380/1725
f 1381/1726 1382/1727 1383/1728
f 1385/1729 1386/1730 1387/1731
f 1388/1732 1389/1733 1390/1734
f 1392/1735 1393/1736 1394/1737
f 1396/1738 1395/1739 1394/1740
f 1397/1741 1398/1742 1399/1743
f 1400/1744 1401/1745 1397/1746
f 1403/1747 1404/1748 1399/1749
f 1400/1750 1399/1751 1404/1752
f 1406/1753 1407/1754 1408/1755
f 1410/1756 1411/1757 1412/1758
f 1413/1759 1414/1760 1415/1761
f 1417/1762 1418/1763 1413/1764
f 1415/1765 1414/1766 1420/1767
f 1422/1768 1423/1769 1424/1770
f 1420/1771 1414/1772 1426/1773
f 1427/1774 1428/1775 1429/1776
f 1431/1777 1432/1778 1433/1779
f 1436/1780 1437/1781 1438/1782
f 1440/1783 1441/1784 1442/1785
f 1443/1786 1444/1787 1445/1788
f 1447/1789 1448/1790 1445/1791
f 1449/1792 1443/1793 1446/1794
f 1451/1795 1452/1796 1453/1797
f 1456/1798 1457/1799 1458/1800
f 1459/1801 1460/1802 1461/1803
f 1463/1804 1464/1805 1465/1806
f 1468/1807 1469/1808 1470/1809
f 1472/1810 1473/1811 1474/1812
f 1475/1813 1476/1814 1477/1815
f 1480/1816 1481/1817 1482/1818
f 1484/1819 1485/1820 1486/1821
f 1487/1822 1488/1823 1489/1824
f 1492/1825 1493/1826 1494/1827
f 1496/1828 1497/1829 1498/1830
f 1499/1831 1500/1832 1492/1833
f 1502/1834 1503/1835 1504/1836
f 1506/1837 1507/1838 1508/1839
f 1509/1840 1510/1841 1511/1842
f 1513/1843 1514/1844 1515/1845
f 1517/1846 1518/1847 1519/1848
f 1520/1849 1521/1850 1522/1851
f 1515/1852 1524/1853 1513/1854
f 1525/1855 1526/1856 1527/1857
f 1530/1858 1531/1859 1532/1860
f 1534/1861 1535/1862 1536/1863
f 1537/1864 1538/1865 1539/1866
f 1542/1867 1543/1868 1544/1869
f 1546/1870 1547/1871 1548/1872
f 1549/1873 1550/1874 1551/1875
f 1554/1876 1555/1877 1556/1878
f 1558/1879 1559/1880 1560/1881
f 1556/1882 1561/1883 1562/1884
f 1563/1885 1564/1886 1565/1887
f 1568/1888 1569/1889 1570/1890
f 1571/1891 1572/1892 1569/1893
f 1572/1894 1571/1895 1573/1896
f 1575/1897 1576/1898 1577/1899
f 1580/1900 1581/1901 1582/1902
f 1584/1903 1582/1904 1585/1905
f 1586/1906 1583/1907 1585/1908
f 1589/1909 1586/1910 1590/1911
f 1586/1912 1587/1913 1590/1914
f 1591/1915 1589/1916 1588/1917
f 1581/1918 1593/1919 1594/1920
f 1595/1921 1594/1922 1596/1923
f 1597/1924 1591/1925 1592/1926
f 1599/1927 1600/1928 1601/1929
f 1603/1930 1604/1931 1605/1932
f 1607/1933 1608/1934 1609/1935
f 1611/1936 1612/1937 1613/1938
f 1615/1939 1616/1940 1617/1941
f 1619/1942 1620/1943 1621/1944
f 1623/1945 1597/1946 1598/1947
f 1626/1948 1627/1949 1628/1950
f 1630/1951 1631/1952 1632/1953
f 1634/1954 1635/1955 1636/1956
f 1637/1957 1638/1958 1639/1959
f 1641/1960 1642/1961 1634/1962
f 1643/1963 1644/1964 1642/1965
f 1646/1966 1647/1967 1648/1968
f 1650/1969 1651/1970 1652/1971
f 1654/1972 1655/1973 1656/1974
f 1658/1975 1659/1976 1660/1977
f 1661/1978 1662/1979 1660/1980
f 1663/1981 1664/1982 1665/1983
f 1667/1984 1668/1985 1669/1986
f 1671/1987 1672/1988 1673/1989
f 1676/1990 1677/1991 1678/1992
f 1679/1993 1680/1994 1681/1995
f 1683/1996 1684/1997 1685/1998
f 1688/1999 1689/2000 1690/2001
f 1691/2002 1692/2003 1693/2004
f 1695/2005 1696/2006 1697/2007
f 1699/2008 1700/2009 1701/2010
f 1702/2011 1703/2012 1704/2013
f 1705/2014 1706/2015 1707/2016
f 1710/2017 1711/2018 1712/2019
f 1709/2020 1713/2021 1714/2022
f 1715/2023 1716/2024 1717/2025
f 1718/2026 1719/2027 1720/2028
f 1723/2029 1724/2030 1725/2031
f 1726/2032 1727/2033 1728/2034
f 1730/2035 1731/2036 1732/2037
f 1733/2038 1734/2039 1735/2040
f 1738/2041 1739/2042 1740/2043
f 1742/2044 1743/2045 1744/2046
f 1745/2047 1746/2048 1747/2049
f 1750/2050 1751/2051 1752/2052
f 1753/2053 1754/2054 1755/2055
f 1758/2056 1759/2057 1760/2058
f 1762/2059 1763/2060 1764/2061
f 1766/2062 1767/2063 1768/2064
f 1769/2065 1770/2066 1771/2067
f 1772/2068 1773/2069 1774/2070
f 1777/2071 1778/2072 1779/2073
f 1780/2074 1781/2075 1782/2076
f 1785/2077 1786/2078 1787/2079
f 1788/2080 1789/2081 1790/2082
f 1792/2083 1793/2084 1794/2085
f 1797/2086 1798/2087 1799/2088
f 1801/2089 1802/2090 1803/2091
f 1804/2092 1805/2093 1806/2094
f 1808/2095 1809/2096 1810/2097
f 1812/2098 1813/2099 1814/2100
f 1810/2101 1815/2102 1816/2103
f 1819/2104 1820/2105 1821/2106
f 1817/2107 1816/2108 1822/2109
f 1821/2110 1820/2111 1808/2112
f 1825/2113 1826/2114 1827/2115
f 1829/2116 1830/2117 1831/2118
f 1833/2119 1834/2120 1835/2121
f 1836/2122 1837/2123 1838/2124
f 1840/2125 1841/2126 1842/2127
f 1837/2128 1844/2129 1845/2130
f 1847/2131 1848/2132 1849/2133
f 1846/2134 1845/2135 1851/2136
f 1853/2137 1854/2138 1855/2139
f 1857/2140 1858/2141 1859/2142
f 1861/2143 1862/2144 1863/2145
f 1842/2146 1865/2147 1866/2148
f 1867/2149 1868/2150 1853/2151
f 1866/2152 1865/2153 1870/2154
f 1872/2155 1873/2156 1835/2157
f 1875/2158 1876/2159 1877/2160
f 1879/2161 1880/2162 1881/2163
f 1882/2164 1883/2165 1884/2166
f 1886/2167 1887/2168 1888/2169
f 1891/2170 1892/2171 1893/2172
f 1895/2173 1896/2174 1897/2175
f 1898/2176 1899/2177 1900/2178
f 1902/2179 1903/2180 1904/2181
f 1904/2182 1903/2183 1905/2184
f 1906/2185 1907/2186 1908/2187
f 1909/2188 1910/2189 1911/2190
f 1913/2191 1914/2192 1915/2193
f 1917/2194 1918/2195 1919/2196
f 1921/2197 1922/2198 1923/2199
f 1924/2200 1925/2201 1909/2202
f 1927/2203 1928/2204 1896/2205
f 1929/2206 1930/2207 1924/2208
f 1932/2209 1933/2210 1899/2211
f 1933/2212 1932/2213 1929/2214
f 1936/2215 1937/2216 1938/2217
f 1940/2218 1941/2219 1942/2220
f 1943/2221 1944/2222 1945/2223
f 1947/2224 1948/2225 1949/2226
f 1951/2227 1949/2228 1952/2229
f 1954/2230 1955/2231 1956/2232
f 1957/2233 1958/2234 1959/2235
f 1955/2236 1954/2237 1961/2238
f 1964/2239 1965/2240 1966/2241
f 1965/2242 1964/2243 1967/2244
f 1970/2245 1971/2246 1972/2247
f 1973/2248 1974/2249 1956/2250
f 1977/2251 1978/2252 1979/2253
f 1980/2254 1981/2255 1982/2256
f 1984/2257 1985/2258 1980/2259
f 1987/2260 1988/2261 1989/2262
f 1991/2263 1992/2264 1993/2265
f 1995/2266 1996/2267 1997/2268
f 1999/2269 2000/2270 2001/2271
f 2004/2272 2005/2273 2006/2274
f 2007/2275 2008/2276 2009/2277
f 2011/2278 2012/2279 2013/2280
f 2014/2281 2015/2282 2016/2283
f 2018/2284 2019/2285 2020/2286
f 2022/2287 2023/2288 2024/2289
f 2027/2290 2028/2291 2029/2292
f 2030/2293 2031/2294 2032/2295
f 2035/2296 2036/2297 2037/2298
f 2039/2299 2040/2300 2041/2301
f 2042/2302 2043/2303 2039/2304
f 2043/2305 2042/2306 2045/2307
f 2046/2308 2047/2309 2048/2310
f 2050/2311 2051/2312 2052/2313
f 2055/2314 2056/2315 2057/2316
f 2058/2317 2059/2318 2060/2319
f 2062/2320 2063/2321 2064/2322
f 2066/2323 2067/2324 2068/2325
f 2071/2326 2072/2327 2073/2328
f 2075/2329 2076/2330 2077/2331
f 2079/2332 2080/2333 2081/2334
f 2083/2335 2084/2336 2085/2337
f 2086/2338 2087/2339 2088/2340
f 2090/2341 2091/2342 2092/2343
f 2095/2344 2096/2345 2097/2346
f 2098/2347 2099/2348 2096/2349
f 2100/2350 2101/2351 2102/2352
f 2093/2353 2099/2354 2098/2355
f 2104/2356 2105/2357 2106/2358
f 2108/2359 2109/2360 2110/2361
f 2102/2362 2112/2363 2108/2364
f 2115/2365 2116/2366 2117/2367
f 2118/2368 2100/2369 2103/2370
f 2120/2371 2121/2372 2122/2373
f 2125/2374 2126/2375 2127/2376
f 2128/2377 2129/2378 2130/2379
f 2133/2380 2134/2381 2135/2382
f 2134/2383 2133/2384 2137/2385
f 2138/2386 2139/2387 2140/2388
f 2143/2389 2144/2390 2145/2391
f 2147/2392 2148/2393 2149/2394
f 2150/2395 2151/2396 2152/2397
f 2155/2398 2156/2399 2157/2400
f 2158/2401 2159/2402 2160/2403
f 2162/2404 2163/2405 2164/2406
f 2166/2407 2167/2408 2168/2409
f 2170/2410 2171/2411 2172/2412
f 2173/2413 2174/2414 2175/2415
f 2177/2416 2178/2417 2179/2418
f 2181/2419 2182/2420 2183/2421
f 2186/2422 2187/2423 2188/2424
f 2190/2425 2191/2426 2192/2427
f 2193/2428 2194/2429 2195/2430
f 2198/2431 2199/2432 2200/2433
f 2201/2434 2202/2435 2203/2436
f 2206/2437 2207/2438 2208/2439
f 2209/2440 2210/2441 2211/2442
f 2213/2443 2214/2444 2215/2445
f 2217/2446 2218/2447 2219/2448
f 2221/2449 2218/2450 2217/2451
f 2223/2452 2224/2453 2225/2454
f 2198/2455 2227/2456 2228/2457
f 2229/2458 2230/2459 2212/2460
f 2207/2461 2206/2462 2232/2463
f 2227/2464 2233/2465 2234/2466
f 2235/2467 2206/2468 2205/2469
f 2237/2470 2238/2471 2239/2472
f 2241/2473 2242/2474 2230/2475
f 2233/2476 2243/2477 2244/2478
f 2245/2479 2246/2480 2247/2481
f 2250/2482 2235/2483 2236/2484
f 2243/2485 2242/2486 2241/2487
f 2251/2488 2252/2489 2253/2490
f 2256/2491 2257/2492 2258/2493
f 2260/2494 2261/2495 2262/2496
f 2263/2497 2264/2498 2265/2499
f 2267/2500 2268/2501 2269/2502
f 2270/2503 2271/2504 2260/2505
f 2272/2506 2273/2507 2274/2508
f 2265/2509 2276/2510 2277/2511
f 2279/2512 2280/2513 2281/2514
f 2284/2515 2285/2516 2286/2517
f 2287/2518 2288/2519 2289/2520
f 2292/2521 2293/2522 2294/2523
f 2295/2524 2296/2525 2297/2526
f 2300/2527 2301/2528 2302/2529
f 2303/2530 2304/2531 2305/2532
f 2308/2533 2309/2534 2310/2535
f 2312/2536 2303/2537 2313/2538
f 2314/2539 2315/2540 2316/2541
f 2318/2542 2319/2543 2320/2544
f 2321/2545 2322/2546 2323/2547
f 2325/2548 2326/2549 2327/2550
f 2329/2551 2330/2552 2331/2553
f 2333/2554 2334/2555 2335/2556
f 2338/2557 2339/2558 2340/2559
f 2341/2560 2342/2561 2343/2562
f 2345/2563 2346/2564 2347/2565
f 2350/2566 2351/2567 2352/2568
f 2347/2569 2353/2570 2354/2571
f 2357/2572 2358/2573 2359/2574
f 2360/2575 2361/2576 2341/2577
f 2363/2578 2364/2579 2365/2580
f 2368/2581 2369/2582 2370/2583
f 2371/2584 2372/2585 2373/2586
f 2376/2587 2377/2588 2378/2589
f 2380/2590 2381/2591 2382/2592
f 2383/2593 2384/2594 2385/2595
f 2388/2596 2389/2597 2390/2598
f 2392/2599 2393/2600 2394/2601
f 2396/2602 2397/2603 2398/2604
f 2399/2605 2400/2606 2401/2607
f 2403/2608 2404/2609 2405/2610
f 2405/2611 2408/2612 2409/2613
f 2411/2614 2412/2615 2413/2616
f 2415/2617 2416/2618 2417/2619
f 2418/2620 2419/2621 2420/2622
f 2422/2623 2423/2624 2424/2625
f 2425/2626 2424/2627 2426/2628
f 2428/2629 2429/2630 2430/2631
f 2432/2632 2433/2633 2428/2634
f 2435/2635 2436/2636 2437/2637
f 2440/2638 2441/2639 2442/2640
f 2443/2641 2444/2642 2445/2643
f 2440/2644 2439/2645 2448/2646
f 2441/2647 2449/2648 2450/2649
f 2452/2650 2445/2651 2453/2652
f 2432/2653 2434/2654 2455/2655
f 2438/2656 2437/2657 2456/2658
f 2445/2659 2444/2660 2458/2661
f 2459/2662 2460/2663 2461/2664
f 2463/2665 2464/2666 2465/2667
f 2467/2668 2468/2669 2469/2670
f 2471/2671 2472/2672 2463/2673
f 2474/2674 2475/2675 2476/2676
f 2478/2677 2479/2678 2480/2679
f 2482/2680 2483/2681 2484/2682
f 2487/2683 2488/2684 2489/2685
f 2490/2686 2491/2687 2492/2688
f 2493/2689 2494/2690 2495/2691
f 2497/2692 2498/2693 2494/2694
f 2499/2695 2500/2696 2501/2697
f 2504/2698 2505/2699 2506/2700
f 2508/2701 2509/2702 2510/2703
f 2511/2704 2512/2705 2513/2706
f 2515/2707 2516/2708 2517/2709
f 2520/2710 2500/2711 2499/2712
f 2509/2713 2521/2714 2522/2715
f 2521/2716 2520/2717 2519/2718
f 2524/2719 2525/2720 2526/2721
f 2505/2722 2527/2723 2515/2724
f 2523/2725 2526/2726 2529/2727
f 2531/2728 2532/2729 2533/2730
f 2536/2731 2537/2732 2538/2733
f 2540/2734 2541/2735 2542/2736
f 2543/2737 2544/2738 2545/2739
f 2547/2740 2548/2741 2549/2742
f 2552/2743 2553/2744 2554/2745
f 2556/2746 2557/2747 2558/2748
f 2559/2749 2560/2750 2561/2751
f 2563/2752 2564/2753 2565/2754
f 2568/2755 2569/2756 2570/2757
f 2572/2758 2573/2759 2574/2760
f 2576/2761 2577/2762 2578/2763
f 2580/2764 2581/2765 2582/2766
f 2584/2767 2585/2768 2586/2769
f 2583/2770 2586/2771 2588/2772
f 2589/2773 2590/2774 2591/2775
f 2594/2776 2595/2777 2596/2778
f 2597/2779 2598/2780 2599/2781
f 2602/2782 2603/2783 2604/2784
f 2599/2785 2605/2786 2606/2787
f 2608/2788 2609/2789 2610/2790
f 2612/2791 2613/2792 2614/2793
f 2617/2794 2618/2795 2619/2796
f 2620/2797 2621/2798 2622/2799
f 2625/2800 2626/2801 2627/2802
f 2627/2803 2626/2804 2613/2805
f 2629/2806 2630/2807 2631/2808
f 2632/2809 2633/2810 2634/2811
f 2637/2812 2638/2813 2639/2814
f 2638/2815 2640/2816 2641/2817
f 2643/2818 2644/2819 2645/2820
f 2648/2821 2649/2822 2650/2823
f 2651/2824 2652/2825 2653/2826
f 2654/2827 2655/2828 2656/2829
f 2658/2830 2659/2831 2656/2832
f 2650/2833 2649/2834 2653/2835
f 2663/2836 2655/2837 2654/2838
f 2653/2839 2652/2840 2664/2841
f 2653/2842 2665/2843 2666/2844
f 2665/2845 2663/2846 2662/2847
f 2655/2848 2667/2849 2660/2850
f 2668/2851 2669/2852 2670/2853
f 2665/2854 2664/2855 2672/2856
f 2672/2857 2667/2858 2655/2859
f 2673/2860 2668/2861 2671/2862
f 2673/2863 2674/2864 2676/2865
f 2678/2866 2679/2867 2680/2868
f 2678/2869 2681/2870 2682/2871
f 2683/2872 2684/2873 2685/2874
f 2684/2875 2686/2876 2685/2877
f 2685/2878 2687/2879 2688/2880
f 2691/2881 2692/2882 2693/2883
f 2693/2884 2692/2885 2694/2886
f 2696/2887 2697/2888 2698/2889
f 2695/2890 2694/2891 2700/2892
f 2702/2893 2703/2894 2697/2895
f 2701/2896 2700/2897 2704/2898
f 2706/2899 2707/2900 2703/2901
f 2705/2902 2704/2903 2708/2904
f 2710/2905 2711/2906 2707/2907
f 2709/2908 2708/2909 2712/2910
f 2714/2911 2715/2912 2711/2913
f 2715/2914 2714/2915 2716/2916
f 2718/2917 2719/2918 2717/2919
f 2720/2920 2721/2921 2722/2922
f 2725/2923 2726/2924 2727/2925
f 2729/2926 2725/2927 2724/2928
f 2730/2929 2731/2930 2732/2931
f 2734/2932 2735/2933 2729/2934
f 2733/2935 2732/2936 2736/2937
f 2737/2938 2736/2939 2735/2940
f 2723/2941 2722/2942 2731/2943
f 2726/2944 2719/2945 2718/2946
f 2713/2947 2712/2948 2738/2949
f 2698/2950 2691/2951 2690/2952
f 2740/2953 2741/2954 2742/2955
f 2743/2956 2744/2957 2742/2958
f 2746/2959 2742/2960 2747/2961
f 2748/2962 2749/2963 2750/2964
f 2752/2965 2753/2966 2754/2967
f 2756/2968 2757/2969 2758/2970
f 2761/2971 2762/2972 2763/2973
f 2765/2974 2766/2975 2767/2976
f 2768/2977 2769/2978 2770/2979
f 2773/2980 2774/2981 2775/2982
f 2771/2983 2776/2984 2777/2985
f 2779/2986 2780/2987 2781/2988
f 2772/2989 2782/2990 2783/2991
f 2784/2992 2785/2993 2786/2994
f 2789/2995 2790/2996 2791/2997
f 2793/2998 2794/2999 2795/3000
f 2796/3001 2797/3002 2798/3003
f 2801/3004 2802/3005 2803/3006
f 2804/3007 2805/3008 2806/3009
f 2808/3010 2809/3011 2810/3012
f 2812/3013 2813/3014 2814/3015
f 2817/3016 2818/3017 2819/3018
f 2820/3019 2812/3020 2821/3021
f 2823/3022 2824/3023 2825/3024
f 2828/3025 2829/3026 2830/3027
f 2831/3028 2832/3029 2833/3030
f 2835/3031 2836/3032 2837/3033
f 2839/3034 2840/3035 2841/3036
f 2843/3037 2844/3038 2845/3039
f 2847/3040 2848/3041 2849/3042
f 2850/3043 2851/3044 2852/3045
f 2855/3046 2856/3047 2857/3048
f 2858/3049 2859/3050 2860/3051
f 2861/3052 2862/3053 2863/3054
f 2861/3055 2859/3056 2864/3057
f 2859/3058 2865/3059 2866/3060
f 2866/3061 2867/3062 2859/3063
f 2868/3064 2869/3065 2870/3066
f 2870/3067 2869/3068 2871/3069
f 2872/3070 2873/3071 2874/3072
f 2876/3073 2877/3074 2878/3075
f 2880/3076 2881/3077 2882/3078
f 2884/3079 2885/3080 2886/3081
f 2888/3082 2889/3083 2890/3084
f 2892/3085 2893/3086 2889/3087
f 2895/3088 2896/3089 2897/3090
f 2898/3091 2899/3092 2900/3093
f 2902/3094 2903/3095 2904/3096
f 2906/3097 2907/3098 2908/3099
f 2910/3100 2911/3101 2912/3102
f 2913/3103 2914/3104 2915/3105
f 2916/3106 2917/3107 2918/3108
f 2920/3109 2921/3110 2922/3111
f 2924/3112 2925/3113 2926/3114
f 2927/3115 2926/3116 2928/3117
f 2929/3118 2928/3119 2930/3120
f 2932/3121 2933/3122 2934/3123
f 2936/3124 2937/3125 2938/3126
f 2940/3127 2941/3128 2942/3129
f 2945/3130 2946/3131 2947/3132
f 2946/3133 2948/3134 2949/3135
f 2939/3136 2938/3137 2941/3138
f 2942/3139 2945/3140 2944/3141
f 2935/3142 2934/3143 2937/3144
f 2950/3145 2951/3146 2933/3147
f 2931/3148 2930/3149 2951/3150
f 2923/3151 2922/3152 2925/3153
f 2952/3154 2953/3155 2921/3156
f 2953/3157 2954/3158 2955/3159
f 2922/3160 2956/3161 2957/3162
f 2930/3163 2958/3164 2959/3165
f 2951/3166 2959/3167 2960/3168
f 2934/3169 2961/3170 2962/3171
f 2963/3172 2964/3173 2945/3174
f 2938/3175 2965/3176 2966/3177
f 2967/3178 2968/3179 2948/3180
f 2964/3181 2967/3182 2946/3183
f 2941/3184 2966/3185 2963/3186
f 2937/3187 2962/3188 2965/3189
f 2933/3190 2960/3191 2961/3192
f 2928/3193 2969/3194 2958/3195
f 2926/3196 2970/3197 2969/3198
f 2925/3199 2957/3200 2970/3201
f 2921/3202 2955/3203 2956/3204
f 2955/3205 2971/3206 2972/3207
f 2957/3208 2973/3209 2974/3210
f 2970/3211 2974/3212 2975/3213
f 2969/3214 2975/3215 2976/3216
f 2960/3217 2977/3218 2978/3219
f 2962/3220 2979/3221 2980/3222
f 2966/3223 2981/3224 2982/3225
f 2983/3226 2984/3227 2967/3228
f 2984/3229 2985/3230 2968/3231
f 2965/3232 2980/3233 2981/3234
f 2982/3235 2983/3236 2964/3237
f 2961/3238 2978/3239 2979/3240
f 2959/3241 2986/3242 2977/3243
f 2958/3244 2976/3245 2986/3246
f 2956/3247 2972/3248 2973/3249
f 2954/3250 2987/3251 2971/3252
f 2987/3253 2988/3254 2989/3255
f 2972/3256 2990/3257 2991/3258
f 2976/3259 2992/3260 2993/3261
f 2986/3262 2993/3263 2994/3264
f 2978/3265 2995/3266 2996/3267
f 2997/3268 2998/3269 2983/3270
f 2980/3271 2999/3272 3000/3273
f 3001/3274 3002/3275 2985/3276
f 2998/3277 3001/3278 2984/3279
f 2981/3280 3000/3281 2997/3282
f 2979/3283 2996/3284 2999/3285
f 2977/3286 2994/3287 2995/3288
f 2975/3289 3003/3290 2992/3291
f 2974/3292 3004/3293 3003/3294
f 2973/3295 2991/3296 3004/3297
f 2971/3298 2989/3299 2990/3300
f 2989/3301 3005/3302 3006/3303
f 2991/3304 3007/3305 3008/3306
f 3004/3307 3008/3308 3009/3309
f 3003/3310 3009/3311 3010/3312
f 2994/3313 3011/3314 3012/3315
f 2996/3316 3013/3317 3014/3318
f 3000/3319 3015/3320 3016/3321
f 3017/3322 3018/3323 3001/3324
f 3018/3325 3019/3326 3002/3327
f 2999/3328 3014/3329 3015/3330
f 3016/3331 3017/3332 2998/3333
f 2995/3334 3012/3335 3013/3336
f 2993/3337 3020/3338 3011/3339
f 2992/3340 3010/3341 3020/3342
f 2990/3343 3006/3344 3007/3345
f 2988/3346 3021/3347 3005/3348
f 3021/3349 3022/3350 3023/3351
f 3006/3352 3024/3353 3025/3354
f 3010/3355 3026/3356 3027/3357
f 3020/3358 3027/3359 3028/3360
f 3012/3361 3029/3362 3030/3363
f 3031/3364 3032/3365 3017/3366
f 3014/3367 3033/3368 3034/3369
f 3035/3370 3036/3371 3019/3372
f 3032/3373 3035/3374 3018/3375
f 3015/3376 3034/3377 3031/3378
f 3013/3379 3030/3380 3033/3381
f 3011/3382 3028/3383 3029/3384
f 3009/3385 3037/3386 3026/3387
f 3008/3388 3038/3389 3037/3390
f 3007/3391 3025/3392 3038/3393
f 3005/3394 3023/3395 3024/3396
f 3023/3397 3039/3398 3040/3399
f 3025/3400 3041/3401 3042/3402
f 3038/3403 3042/3404 3043/3405
f 3037/3406 3043/3407 3044/3408
f 3028/3409 3045/3410 3046/3411
f 3030/3412 3047/3413 3048/3414
f 3034/3415 3049/3416 3050/3417
f 3051/3418 3052/3419 3035/3420
f 3052/3421 3053/3422 3036/3423
f 3033/3424 3048/3425 3049/3426
f 3050/3427 3051/3428 3032/3429
f 3029/3430 3046/3431 3047/3432
f 3027/3433 3054/3434 3045/3435
f 3026/3436 3044/3437 3054/3438
f 3024/3439 3040/3440 3041/3441
f 3022/3442 3055/3443 3039/3444
f 3055/3445 3056/3446 3057/3447
f 3040/3448 3058/3449 3059/3450
f 3044/3451 3060/3452 3061/3453
f 3054/3454 3061/3455 3062/3456
f 3046/3457 3063/3458 3064/3459
f 3065/3460 3066/3461 3051/3462
f 3048/3463 3067/3464 3068/3465
f 3069/3466 3070/3467 3053/3468
f 3066/3469 3069/3470 3052/3471
f 3049/3472 3068/3473 3065/3474
f 3047/3475 3064/3476 3067/3477
f 3045/3478 3062/3479 3063/3480
f 3043/3481 3071/3482 3060/3483
f 3042/3484 3072/3485 3071/3486
f 3041/3487 3059/3488 3072/3489
f 3039/3490 3057/3491 3058/3492
f 3057/3493 3073/3494 3074/3495
f 3059/3496 3075/3497 3076/3498
f 3072/3499 3076/3500 3077/3501
f 3071/3502 3077/3503 3078/3504
f 3062/3505 3079/3506 3080/3507
f 3064/3508 3081/3509 3082/3510
f 3068/3511 3083/3512 3084/3513
f 3085/3514 3086/3515 3069/3516
f 3086/3517 3087/3518 3070/3519
f 3067/3520 3082/3521 3083/3522
f 3084/3523 3085/3524 3066/3525
f 3063/3526 3080/3527 3081/3528
f 3061/3529 3088/3530 3079/3531
f 3060/3532 3078/3533 3088/3534
f 3058/3535 3074/3536 3075/3537
f 3089/3538 3073/3539 3057/3540
f 3090/3541 3091/3542 3092/3543
f 3093/3544 3092/3545 2953/3546
f 3094/3547 3095/3548 3091/3549
f 3095/3550 3096/3551 3097/3552
f 3092/3553 3098/3554 2954/3555
f 3091/3556 3097/3557 3098/3558
f 3097/3559 3099/3560 3100/3561
f 3098/3562 3100/3563 2987/3564
f 3096/3565 3101/3566 3099/3567
f 3101/3568 3102/3569 3103/3570
f 3100/3571 3104/3572 2988/3573
f 3099/3574 3103/3575 3104/3576
f 3103/3577 3105/3578 3106/3579
f 3104/3580 3106/3581 3021/3582
f 3102/3583 3107/3584 3105/3585
f 3107/3586 3108/3587 3109/3588
f 3106/3589 3110/3590 3022/3591
f 3105/3592 3109/3593 3110/3594
f 3109/3595 3108/3596 3111/3597
f 3110/3598 3111/3599 3055/3600
f 3112/3601 3056/3602 3055/3603
f 3113/3604 3114/3605 3115/3606
f 3113/3607 3116/3608 3118/3609
f 3117/3610 3118/3611 3120/3612
f 3121/3613 3119/3614 3122/3615
f 3119/3616 3120/3617 3122/3618
f 3125/3619 3123/3620 3122/3621
f 3124/3622 3122/3623 3120/3624
f 3126/3625 3120/3626 3118/3627
f 3127/3628 3118/3629 3116/3630
f 3115/3631 3128/3632 3116/3633
f 2948/3634 2968/3635 3123/3636
f 3123/3637 2968/3638 2985/3639
f 3121/3640 2985/3641 3002/3642
f 3131/3643 3019/3644 3036/3645
f 3129/3646 3002/3647 3019/3648
f 2949/3649 2948/3650 3125/3651
f 3133/3652 3132/3653 3134/3654
f 3132/3655 3133/3656 3135/3657
f 3136/3658 3137/3659 3138/3660
f 3139/3661 3130/3662 3036/3663
f 3140/3664 3139/3665 3053/3666
f 3074/3667 3141/3668 3142/3669
f 3078/3670 3143/3671 3144/3672
f 3088/3673 3144/3674 3145/3675
f 3080/3676 3146/3677 3147/3678
f 3148/3679 3149/3680 3085/3681
f 3082/3682 3150/3683 3151/3684
f 3152/3685 3153/3686 3087/3687
f 3149/3688 3152/3689 3086/3690
f 3083/3691 3151/3692 3148/3693
f 3081/3694 3147/3695 3150/3696
f 3079/3697 3145/3698 3146/3699
f 3077/3700 3154/3701 3143/3702
f 3076/3703 3155/3704 3154/3705
f 3075/3706 3142/3707 3155/3708
f 3073/3709 3141/3710 3074/3711
f 3142/3712 3156/3713 3157/3714
f 3155/3715 3157/3716 3158/3717
f 3154/3718 3158/3719 3159/3720
f 3145/3721 3160/3722 3161/3723
f 3147/3724 3162/3725 3163/3726
f 3151/3727 3164/3728 3165/3729
f 3166/3730 3167/3731 3152/3732
f 3150/3733 3163/3734 3164/3735
f 3165/3736 3166/3737 3149/3738
f 3146/3739 3161/3740 3162/3741
f 3144/3742 3168/3743 3160/3744
f 3143/3745 3159/3746 3168/3747
f 3169/3748 3156/3749 3142/3750
f 3159/3751 3170/3752 3171/3753
f 3168/3754 3171/3755 3172/3756
f 3161/3757 3173/3758 3174/3759
f 3175/3760 3176/3761 3166/3762
f 3163/3763 3177/3764 3178/3765
f 3176/3766 3179/3767 3167/3768
f 3164/3769 3178/3770 3175/3771
f 3162/3772 3174/3773 3177/3774
f 3160/3775 3172/3776 3173/3777
f 3158/3778 3180/3779 3170/3780
f 3157/3781 3181/3782 3180/3783
f 3182/3784 3181/3785 3157/3786
f 3181/3787 3183/3788 3184/3789
f 3180/3790 3184/3791 3185/3792
f 3172/3793 3186/3794 3187/3795
f 3174/3796 3188/3797 3189/3798
f 3178/3799 3190/3800 3191/3801
f 3177/3802 3189/3803 3190/3804
f 3191/3805 3192/3806 3176/3807
f 3173/3808 3187/3809 3188/3810
f 3171/3811 3193/3812 3186/3813
f 3170/3814 3185/3815 3193/3816
f 3185/3817 3194/3818 3195/3819
f 3193/3820 3195/3821 3196/3822
f 3187/3823 3197/3824 3198/3825
f 3199/3826 3200/3827 3192/3828
f 3189/3829 3201/3830 3202/3831
f 3190/3832 3202/3833 3199/3834
f 3188/3835 3198/3836 3201/3837
f 3186/3838 3196/3839 3197/3840
f 3184/3841 3203/3842 3194/3843
f 3183/3844 3204/3845 3203/3846
f 3205/3847 3203/3848 3204/3849
f 3194/3850 3203/3851 3205/3852
f 3208/3853 3209/3854 3210/3855
f 3212/3856 3213/3857 3214/3858
f 3216/3859 3217/3860 3218/3861
f 3220/3862 3221/3863 3222/3864
f 3219/3865 3218/3866 3213/3867
f 3223/3868 3222/3869 3217/3870
f 3215/3871 3214/3872 3209/3873
f 3211/3874 3210/3875 3224/3876
f 3226/3877 3224/3878 3210/3879
f 3210/3880 3209/3881 3227/3882
f 3209/3883 3214/3884 3228/3885
f 3229/3886 3230/3887 3231/3888
f 3232/3889 3222/3890 3221/3891
f 3233/3892 3217/3893 3222/3894
f 3214/3895 3213/3896 3234/3897
f 3213/3898 3218/3899 3235/3900
f 3236/3901 3230/3902 3229/3903
f 3237/3904 3230/3905 3236/3906
f 3236/3907 3229/3908 3238/3909
f 3238/3910 3239/3911 3240/3912
f 3240/3913 3233/3914 3237/3915
f 3239/3916 3235/3917 3241/3918
f 3240/3919 3241/3920 3217/3921
f 3235/3922 3218/3923 3241/3924
f 3241/3925 3218/3926 3217/3927
f 3242/3928 3243/3929 3244/3930
f 3244/3931 3247/3932 3248/3933
f 3249/3934 3250/3935 3243/3936
f 3243/3937 3251/3938 3247/3939
f 3253/3940 3254/3941 3255/3942
f 3254/3943 3256/3944 3257/3945
f 3257/3946 3256/3947 3258/3948
f 3259/3949 3258/3950 3260/3951
f 3256/3952 3262/3953 3263/3954
f 3264/3955 3260/3956 3258/3957
f 3265/3958 3266/3959 3260/3960
f 3261/3961 3260/3962 3266/3963
f 3261/3964 3267/3965 3269/3966
f 3270/3967 3271/3968 3263/3969
f 3272/3970 3273/3971 3270/3972
f 3274/3973 3275/3974 3273/3975
f 3276/3976 3277/3977 3275/3978
f 3278/3979 3245/3980 3271/3981
f 3279/3982 3278/3983 3270/3984
f 3280/3985 3279/3986 3273/3987
f 3280/3988 3275/3989 3277/3990
f 3283/3991 3284/3992 3285/3993
f 3287/3994 3288/3995 3289/3996
f 3291/3997 3292/3998 3293/3999
f 3294/4000 3291/4001 3290/4002
f 3294/4003 3295/4004 3296/4005
f 3297/4006 3298/4007 3299/4008
f 3300/4009 3301/4010 3298/4011
f 3302/4012 3303/4013 3301/4014
f 3304/4015 3305/4016 3303/4017
f 3299/4018 3306/4019 3293/4020
f 3298/4021 3308/4022 3306/4023
f 3301/4024 3309/4025 3308/4026
f 3303/4027 3310/4028 3309/4029
f 3305/4030 3311/4031 3310/4032
f 3311/4033 3312/4034 3313/4035
f 3310/4036 3313/4037 3314/4038
f 3309/4039 3314/4040 3315/4041
f 3308/4042 3315/4043 3316/4044
f 3306/4045 3316/4046 3290/4047
f 3290/4048 3316/4049 3317/4050
f 3315/4051 3318/4052 3317/4053
f 3314/4054 3319/4055 3318/4056
f 3313/4057 3320/4058 3319/4059
f 3312/4060 3321/4061 3320/4062
f 3322/4063 3323/4064 3295/4065
f 3318/4066 3324/4067 3322/4068
f 3319/4069 3325/4070 3324/4071
f 3320/4072 3326/4073 3325/4074
f 3321/4075 3327/4076 3326/4077
f 3327/4078 3328/4079 3329/4080
f 3323/4081 3322/4082 3330/4083
f 3322/4084 3324/4085 3332/4086
f 3325/4087 3334/4088 3332/4089
f 3326/4090 3329/4091 3334/4092
f 3335/4093 3334/4094 3329/4095
f 3336/4096 3332/4097 3334/4098
f 3337/4099 3333/4100 3332/4101
f 3338/4102 3331/4103 3330/4104
f 3338/4105 3339/4106 3331/4107
f 3339/4108 3340/4109 3331/4110
f 3340/4111 3341/4112 3331/4113
f 3343/4114 3276/4115 3344/4116
f 3345/4117 3343/4118 3342/4119
f 3346/4120 3347/4121 3348/4122
f 3343/4123 3349/4124 3277/4125
f 3349/4126 3346/4127 3281/4128
f 3347/4129 3350/4130 3304/4131
f 3351/4132 3352/4133 3353/4134
f 3354/4135 3353/4136 3355/4137
f 3345/4138 3355/4139 3356/4140
f 3357/4141 3358/4142 3347/4143
f 3356/4144 3359/4145 3349/4146
f 3359/4147 3357/4148 3346/4149
f 3358/4150 3360/4151 3350/4152
f 3353/4153 3361/4154 3362/4155
f 3363/4156 3364/4157 3358/4158
f 3365/4159 3366/4160 3359/4161
f 3366/4162 3363/4163 3357/4164
f 3364/4165 3367/4166 3360/4167
f 3362/4168 3365/4169 3356/4170
f 3361/4171 3368/4172 3362/4173
f 3363/4174 3369/4175 3364/4176
f 3370/4177 3369/4178 3366/4179
f 3366/4180 3369/4181 3363/4182
f 3369/4183 3371/4184 3367/4185
f 3368/4186 3370/4187 3365/4188
f 3368/4189 3361/4190 3373/4191
f 3374/4192 3353/4193 3352/4194
f 3361/4195 3353/4196 3374/4197
f 3375/4198 3376/4199 3377/4200
f 3378/4201 3376/4202 3375/4203
f 3379/4204 3380/4205 3381/4206
f 3382/4207 3381/4208 3383/4209
f 3385/4210 3386/4211 3387/4212
f 3380/4213 3389/4214 3390/4215
f 3381/4216 3390/4217 3391/4218
f 3383/4219 3391/4220 3386/4221
f 3386/4222 3392/4223 3387/4224
f 3389/4225 3393/4226 3394/4227
f 3390/4228 3394/4229 3395/4230
f 3391/4231 3395/4232 3392/4233
f 3392/4234 3396/4235 3397/4236
f 3393/4237 3398/4238 3399/4239
f 3394/4240 3399/4241 3400/4242
f 3395/4243 3400/4244 3396/4245
f 3402/4246 3403/4247 3404/4248
f 3405/4249 3403/4250 3402/4251
f 3407/4252 3401/4253 3404/4254
f 3409/4255 3410/4256 3411/4257
f 3408/4258 3412/4259 3409/4260
f 3414/4261 3412/4262 3408/4263
f 3416/4264 3417/4265 3418/4266
f 3419/4267 3420/4268 3421/4269
f 3422/4270 3421/4271 3423/4272
f 3424/4273 3425/4274 3426/4275
f 3429/4276 3425/4277 3424/4278
f 3430/4279 3431/4280 3432/4281
f 3434/4282 3435/4283 3436/4284
f 3424/4285 3427/4286 3438/4287
f 3439/4288 3440/4289 3438/4290
f 3439/4291 3441/4292 3443/4293
f 3444/4294 3442/4295 3443/4296
f 3447/4297 3448/4298 3449/4299
f 3450/4300 3451/4301 3452/4302
f 3446/4303 3449/4304 3453/4305
f 3454/4306 3453/4307 3456/4308
f 3455/4309 3457/4310 3458/4311
f 3459/4312 3460/4313 3461/4314
f 3462/4315 3460/4316 3459/4317
f 3459/4318 3461/4319 3463/4320
f 3460/4321 3462/4322 3464/4323
f 3465/4324 3466/4325 3467/4326
f 3467/4327 3466/4328 3468/4329
f 3465/4330 3463/4331 3466/4332
f 3469/4333 3470/4334 3471/4335
f 3472/4336 3473/4337 3471/4338
f 3474/4339 3475/4340 3476/4341
f 3477/4342 3478/4343 3476/4344
f 3479/4345 3480/4346 3481/4347
f 3482/4348 3480/4349 3483/4350
f 3481/4351 3480/4352 3484/4353
f 3485/4354 3480/4355 3482/4356
f 3484/4357 3480/4358 3486/4359
f 3487/4360 3480/4361 3485/4362
f 3486/4363 3480/4364 3488/4365
f 3489/4366 3480/4367 3487/4368
f 3488/4369 3480/4370 3490/4371
f 3491/4372 3480/4373 3489/4374
f 3490/4375 3480/4376 3492/4377
f 3493/4378 3480/4379 3491/4380
f 3492/4381 3480/4382 3494/4383
f 3495/4384 3480/4385 3493/4386
f 3494/4387 3480/4388 3496/4389
f 3496/4390 3480/4391 3497/4392
f 3497/4393 3480/4394 3498/4395
f 3498/4396 3480/4397 3499/4398
f 3499/4399 3480/4400 3500/4401
f 3500/4402 3480/4403 3501/4404
f 3501/4405 3480/4406 3502/4407
f 3502/4408 3480/4409 3495/4410
f 3483/4411 3480/4412 3503/4413
f 3503/4414 3480/4415 3479/4416
f 3505/4417 3506/4418 3507/4419
f 3509/4420 3510/4421 3511/4422
f 3513/4423 3514/4424 3515/4425
f 3513/4426 3512/4427 3517/4428
f 3519/4429 3520/4430 3521/4431
f 3522/4432 3523/4433 3520/4434
f 3522/4435 3524/4436 3523/4437
f 3523/4438 3524/4439 3525/4440
f 3523/4441 3525/4442 3526/4443
f 3528/4444 3529/4445 3530/4446
f 3532/4447 3533/4448 3534/4449
f 3535/4450 3536/4451 3531/4452
f 3538/4453 3539/4454 3540/4455
f 3542/4456 3537/4457 3543/4458
f 3537/4459 3542/4460 3544/4461
f 3545/4462 3546/4463 3547/4464
f 3547/4465 3546/4466 3548/4467
f 3549/4468 3546/4469 3545/4470
f 3548/4471 3546/4472 3550/4473
f 3551/4474 3546/4475 3549/4476
f 3550/4477 3546/4478 3552/4479
f 3553/4480 3546/4481 3551/4482
f 3552/4483 3546/4484 3554/4485
f 3555/4486 3546/4487 3553/4488
f 3554/4489 3546/4490 3556/4491
f 3557/4492 3546/4493 3555/4494
f 3556/4495 3546/4496 3558/4497
f 3559/4498 3546/4499 3557/4500
f 3558/4501 3546/4502 3560/4503
f 3561/4504 3546/4505 3559/4506
f 3560/4507 3546/4508 3562/4509
f 3563/4510 3546/4511 3561/4512
f 3564/4513 3546/4514 3563/4515
f 3565/4516 3546/4517 3564/4518
f 3566/4519 3546/4520 3565/4521
f 3567/4522 3546/4523 3566/4524
f 3568/4525 3546/4526 3567/4527
f 3569/4528 3546/4529 3568/4530
f 3562/4531 3546/4532 3569/4533
f 3570/4534 3571/4535 3572/4536
f 3573/4537 3574/4538 3575/4539
f 3576/4540 3577/4541 3578/4542
f 3579/4543 3577/4544 3576/4545
f 3580/4546 3581/4547 3582/4548
f 3584/4549 3585/4550 3586/4551
f 3587/4552 3588/4553 3589/4554
f 3591/4555 3592/4556 3593/4557
f 3595/4558 3596/4559 3597/4560
f 3595/4561 3598/4562 3596/4563
f 3595/4564 3599/4565 3598/4566
f 3595/4567 3600/4568 3599/4569
f 3595/4570 3601/4571 3600/4572
f 3595/4573 3602/4574 3601/4575
f 3603/4576 3604/4577 3595/4578
f 3605/4579 3603/4580 3595/4581
f 3606/4582 3605/4583 3595/4584
f 3607/4585 3606/4586 3595/4587
f 3608/4588 3607/4589 3595/4590
f 3608/4591 3595/4592 3609/4593
f 3609/4594 3595/4595 3610/4596
f 3595/4597 3597/4598 3611/4599
f 3612/4600 3610/4601 3595/4602
f 3613/4603 3612/4604 3595/4605
f 3595/4606 3611/4607 3614/4608
f 3595/4609 3614/4610 3615/4611
f 3616/4612 3595/4613 3615/4614
f 3613/4615 3595/4616 3616/4617
f 3617/4618 3618/4619 3619/4620
f 3619/4621 3620/4622 3621/4623
f 3618/4624 3617/4625 3623/4626
f 3624/4627 3625/4628 3626/4629
f 3626/4630 3625/4631 3628/4632
f 3627/4633 3628/4634 3629/4635
f 3630/4636 3629/4637 3631/4638
f 3632/4639 3631/4640 3633/4641
f 3632/4642 3633/4643 3634/4644
f 3634/4645 3636/4646 3637/4647
f 3636/4648 3638/4649 3639/4650
f 3639/4651 3638/4652 3640/4653
f 3641/4654 3640/4655 3642/4656
f 3642/4657 3644/4658 3645/4659
f 3644/4660 3646/4661 3647/4662
f 3646/4663 3648/4664 3649/4665
f 3648/4666 3650/4667 3651/4668
f 3651/4669 3650/4670 3652/4671
f 3650/4672 3653/4673 3654/4674
f 3653/4675 3655/4676 3656/4677
f 3655/4678 3657/4679 3658/4680
f 3657/4681 3659/4682 3660/4683
f 3660/4684 3659/4685 3661/4686
f 3661/4687 3659/4688 3662/4689
f 3663/4690 3662/4691 3664/4692
f 3665/4693 3664/4694 3666/4695
f 3667/4696 3666/4697 3668/4698
f 3669/4699 3668/4700 3670/4701
f 3671/4702 3672/4703 3673/4704
f 3674/4705 3675/4706 3673/4707
f 3676/4708 3677/4709 3678/4710
f 3669/4711 3670/4712 3677/4713
f 3681/4714 3682/4715 3683/4716
f 3684/4717 3685/4718 3686/4719
f 3686/4720 3685/4721 3687/4722
f 3688/4723 3689/4724 3690/4725
f 3691/4726 3689/4727 3688/4728
f 3688/4729 3690/4730 3692/4731
f 3693/4732 3694/4733 3695/4734
f 3697/4735 3698/4736 3699/4737
f 3700/4738 3701/4739 3702/4740
f 3703/4741 3704/4742 3701/4743
f 3705/4744 3701/4745 3704/4746
f 3705/4747 3706/4748 3701/4749
f 3707/4750 3701/4751 3706/4752
f 3707/4753 3708/4754 3701/4755
f 3708/4756 3709/4757 3701/4758
f 3709/4759 3710/4760 3701/4761
f 3710/4762 3711/4763 3701/4764
f 3712/4765 3701/4766 3711/4767
f 3713/4768 3701/4769 3712/4770
f 3713/4771 3714/4772 3701/4773
f 3715/4774 3701/4775 3714/4776
f 3716/4777 3701/4778 3715/4779
f 3716/4780 3717/4781 3701/4782
f 3717/4783 3718/4784 3701/4785
f 3719/4786 3701/4787 3718/4788
f 3719/4789 3720/4790 3701/4791
f 3721/4792 3701/4793 3720/4794
f 3722/4795 3701/4796 3721/4797
f 3723/4798 3701/4799 3722/4800
f 3724/4801 3701/4802 3723/4803
f 3724/4804 3725/4805 3701/4806
f 3726/4807 3701/4808 3725/4809
f 3726/4810 3727/4811 3701/4812
f 3728/4813 3701/4814 3727/4815
f 3729/4816 3701/4817 3728/4818
f 3729/4819 3702/4820 3701/4821
f 3730/4822 3703/4823 3701/4824
f 3730/4825 3701/4826 3731/4827
f 3731/4828 3701/4829 3732/4830
f 3732/4831 3701/4832 3700/4833
f 3733/4834 3734/4835 3735/4836
f 3736/4837 3734/4838 3737/4839
f 3738/4840 3734/4841 3733/4842
f 3737/4843 3734/4844 3739/4845
f 3740/4846 3734/4847 3738/4848
f 3739/4849 3734/4850 3741/4851
f 3742/4852 3734/4853 3740/4854
f 3741/4855 3734/4856 3743/4857
f 3744/4858 3734/4859 3742/4860
f 3743/4861 3734/4862 3745/4863
f 3745/4864 3734/4865 3746/4866
f 3746/4867 3734/4868 3747/4869
f 3747/4870 3734/4871 3748/4872
f 3749/4873 3734/4874 3750/4875
f 3748/4876 3734/4877 3751/4878
f 3752/4879 3734/4880 3749/4881
f 3751/4882 3734/4883 3753/4884
f 3754/4885 3734/4886 3752/4887
f 3755/4888 3734/4889 3754/4890
f 3756/4891 3734/4892 3755/4893
f 3753/4894 3734/4895 3756/4896
f 3757/4897 3734/4898 3744/4899
f 3758/4900 3734/4901 3736/4902
f 3735/4903 3734/4904 3758/4905
f 3759/4906 3760/4907 3761/4908
f 3761/4909 3760/4910 3763/4911
f 3765/4912 3766/4913 3767/4914
f 3767/4915 3768/4916 3769/4917
f 3770/4918 3771/4919 3772/4920
f 3775/4921 3776/4922 3777/4923
f 3779/4924 3780/4925 3781/4926
f 3782/4927 3783/4928 3784/4929
f 3786/4930 3787/4931 3788/4932
f 3789/4933 3788/4934 3790/4935
f 3791/4936 3792/4937 3793/4938
f 3795/4939 3796/4940 3797/4941
f 3796/4942 3795/4943 3799/4944
f 3801/4945 3802/4946 3803/4947
f 3805/4948 3806/4949 3807/4950
f 3808/4951 3809/4952 3810/4953
f 3813/4954 3814/4955 3815/4956
f 3817/4957 3818/4958 3819/4959
f 3821/4960 3822/4961 3823/4962
f 3824/4963 3825/4964 3826/4965
f 3828/4966 3824/4967 3826/4968
f 3830/4969 3831/4970 3832/4971
f 3833/4972 3834/4973 3830/4974
f 3836/4975 3834/4976 3833/4977
f 3837/4978 3838/4979 3839/4980
f 3840/4981 3841/4982 3837/4983
f 3843/4984 3844/4985 3845/4986
f 3847/4987 3848/4988 3849/4989
f 3850/4990 3851/4991 3852/4992
f 3854/4993 3855/4994 3853/4995
f 3856/4996 3857/4997 3858/4998
f 3860/4999 3856/5000 3858/5001
f 3857/5002 3856/5003 3861/5004
f 3861/5005 3862/5006 3857/5007
f 3863/5008 3864/5009 3865/5010
f 3854/5011 3863/5012 3865/5013
f 3866/5014 3867/5015 3868/5016
f 3868/5017 3869/5018 3866/5019
f 3871/5020 3872/5021 3873/5022
f 3875/5023 3876/5024 3877/5025
f 3878/5026 3879/5027 3880/5028
f 3883/5029 3884/5030 3885/5031
f 37/5032 34/5033 36/5034
f 38/5035 39/5036 34/5037
f 40/5038 41/5039 38/5040
f 40/5041 42/5042 41/5043
f 42/5044 44/5045 43/5046
f 46/5047 47/5048 44/5049
f 48/5050 49/5051 46/5052
f 50/5053 51/5054 48/5055
f 52/5056 53/5057 50/5058
f 52/5059 54/5060 53/5061
f 56/5062 57/5063 54/5064
f 56/5065 58/5066 57/5067
f 58/5068 60/5069 59/5070
f 60/5071 62/5072 61/5073
f 62/5074 64/5075 63/5076
f 64/5077 66/5078 65/5079
f 68/5080 69/5081 66/5082
f 68/5083 70/5084 69/5085
f 70/5086 72/5087 71/5088
f 74/5089 75/5090 72/5091
f 74/5092 76/5093 75/5094
f 78/5095 79/5096 76/5097
f 80/5098 81/5099 78/5100
f 82/5101 83/5102 80/5103
f 82/5104 84/5105 83/5106
f 84/5107 86/5108 85/5109
f 88/5110 89/5111 86/5112
f 90/5113 91/5114 88/5115
f 90/5116 92/5117 91/5118
f 94/5119 95/5120 92/5121
f 96/5122 97/5123 94/5124
f 37/5125 36/5126 96/5127
f 98/5128 99/5129 101/5130
f 102/5131 103/5132 98/5133
f 104/5134 105/5135 102/5136
f 106/5137 107/5138 104/5139
f 108/5140 109/5141 106/5142
f 110/5143 111/5144 108/5145
f 112/5146 113/5147 110/5148
f 114/5149 115/5150 112/5151
f 116/5152 117/5153 114/5154
f 118/5155 119/5156 116/5157
f 120/5158 121/5159 118/5160
f 122/5161 123/5162 120/5163
f 124/5164 125/5165 122/5166
f 126/5167 127/5168 124/5169
f 128/5170 129/5171 126/5172
f 130/5173 131/5174 128/5175
f 132/5176 133/5177 130/5178
f 132/5179 134/5180 133/5181
f 134/5182 136/5183 135/5184
f 136/5185 138/5186 137/5187
f 138/5188 140/5189 139/5190
f 140/5191 142/5192 141/5193
f 142/5194 144/5195 143/5196
f 144/5197 146/5198 145/5199
f 146/5200 148/5201 147/5202
f 148/5203 150/5204 149/5205
f 150/5206 152/5207 151/5208
f 152/5209 154/5210 153/5211
f 154/5212 156/5213 155/5214
f 156/5215 158/5216 157/5217
f 158/5218 160/5219 159/5220
f 160/5221 101/5222 161/5223
f 165/5224 162/5225 164/5226
f 166/5227 167/5228 162/5229
f 168/5230 169/5231 166/5232
f 168/5233 170/5234 169/5235
f 170/5236 172/5237 171/5238
f 174/5239 175/5240 172/5241
f 174/5242 176/5243 175/5244
f 176/5245 178/5246 177/5247
f 180/5248 181/5249 178/5250
f 180/5251 182/5252 181/5253
f 182/5254 184/5255 183/5256
f 186/5257 187/5258 184/5259
f 186/5260 188/5261 187/5262
f 190/5263 191/5264 188/5265
f 190/5266 192/5267 191/5268
f 194/5269 195/5270 192/5271
f 194/5272 196/5273 195/5274
f 196/5275 198/5276 197/5277
f 200/5278 201/5279 198/5280
f 202/5281 203/5282 200/5283
f 202/5284 204/5285 203/5286
f 204/5287 206/5288 205/5289
f 208/5290 209/5291 206/5292
f 210/5293 211/5294 208/5295
f 212/5296 213/5297 210/5298
f 212/5299 214/5300 213/5301
f 214/5302 216/5303 215/5304
f 218/5305 219/5306 216/5307
f 218/5308 220/5309 219/5310
f 222/5311 223/5312 220/5313
f 222/5314 224/5315 223/5316
f 165/5317 164/5318 224/5319
f 226/5320 227/5321 229/5322
f 230/5323 231/5324 226/5325
f 232/5326 233/5327 230/5328
f 234/5329 235/5330 232/5331
f 236/5332 237/5333 234/5334
f 238/5335 239/5336 236/5337
f 240/5338 241/5339 238/5340
f 242/5341 243/5342 240/5343
f 244/5344 245/5345 242/5346
f 246/5347 247/5348 244/5349
f 248/5350 249/5351 246/5352
f 250/5353 251/5354 248/5355
f 252/5356 253/5357 250/5358
f 254/5359 255/5360 252/5361
f 256/5362 257/5363 254/5364
f 258/5365 259/5366 256/5367
f 258/5368 260/5369 259/5370
f 260/5371 262/5372 261/5373
f 262/5374 264/5375 263/5376
f 264/5377 266/5378 265/5379
f 266/5380 268/5381 267/5382
f 268/5383 270/5384 269/5385
f 270/5386 272/5387 271/5388
f 272/5389 274/5390 273/5391
f 274/5392 276/5393 275/5394
f 276/5395 278/5396 277/5397
f 278/5398 280/5399 279/5400
f 280/5401 282/5402 281/5403
f 282/5404 284/5405 283/5406
f 284/5407 286/5408 285/5409
f 286/5410 288/5411 287/5412
f 288/5413 229/5414 289/5415
f 293/5416 290/5417 292/5418
f 292/5419 291/5420 295/5421
f 294/5422 296/5423 295/5424
f 296/5425 298/5426 297/5427
f 299/5428 298/5429 301/5430
f 302/5431 303/5432 305/5433
f 303/5434 306/5435 304/5436
f 307/5437 306/5438 309/5439
f 309/5440 308/5441 311/5442
f 315/5443 312/5444 314/5445
f 314/5446 313/5447 317/5448
f 317/5449 316/5450 319/5451
f 319/5452 318/5453 321/5454
f 321/5455 320/5456 323/5457
f 324/5458 325/5459 327/5460
f 325/5461 328/5462 326/5463
f 328/5464 330/5465 329/5466
f 330/5467 332/5468 331/5469
f 227/5470 334/5471 228/5472
f 241/5473 336/5474 239/5475
f 243/5476 338/5477 241/5478
f 245/5479 339/5480 243/5481
f 247/5482 340/5483 245/5484
f 249/5485 341/5486 247/5487
f 251/5488 342/5489 249/5490
f 253/5491 343/5492 251/5493
f 255/5494 344/5495 253/5496
f 257/5497 345/5498 255/5499
f 259/5500 346/5501 257/5502
f 267/5503 269/5504 348/5505
f 269/5506 271/5507 347/5508
f 271/5509 273/5510 349/5511
f 273/5512 275/5513 350/5514
f 275/5515 277/5516 351/5517
f 277/5518 279/5519 352/5520
f 279/5521 281/5522 353/5523
f 281/5524 283/5525 354/5526
f 283/5527 285/5528 355/5529
f 285/5530 287/5531 356/5532
f 287/5533 289/5534 357/5535
f 289/5536 228/5537 358/5538
f 359/5539 360/5540 362/5541
f 363/5542 359/5543 364/5544
f 366/5545 365/5546 364/5547
f 368/5548 367/5549 366/5550
f 370/5551 369/5552 368/5553
f 371/5554 372/5555 374/5556
f 376/5557 375/5558 374/5559
f 377/5560 375/5561 378/5562
f 379/5563 377/5564 380/5565
f 349/5566 381/5567 347/5568
f 349/5569 350/5570 381/5571
f 350/5572 351/5573 383/5574
f 351/5575 352/5576 384/5577
f 352/5578 353/5579 385/5580
f 353/5581 354/5582 386/5583
f 354/5584 355/5585 387/5586
f 355/5587 356/5588 388/5589
f 356/5590 357/5591 389/5592
f 357/5593 358/5594 390/5595
f 358/5596 335/5597 391/5598
f 396/5599 393/5600 395/5601
f 400/5602 397/5603 399/5604
f 404/5605 401/5606 403/5607
f 402/5608 405/5609 403/5610
f 405/5611 407/5612 406/5613
f 408/5614 407/5615 410/5616
f 409/5617 411/5618 410/5619
f 411/5620 413/5621 412/5622
f 415/5623 416/5624 413/5625
f 417/5626 418/5627 415/5628
f 417/5629 419/5630 418/5631
f 421/5632 422/5633 419/5634
f 421/5635 423/5636 422/5637
f 424/5638 423/5639 426/5640
f 425/5641 427/5642 426/5643
f 429/5644 430/5645 427/5646
f 429/5647 431/5648 430/5649
f 433/5650 434/5651 431/5652
f 433/5653 435/5654 434/5655
f 437/5656 438/5657 435/5658
f 437/5659 439/5660 438/5661
f 439/5662 441/5663 440/5664
f 443/5665 444/5666 441/5667
f 443/5668 445/5669 444/5670
f 445/5671 447/5672 446/5673
f 449/5674 450/5675 447/5676
f 454/5677 451/5678 453/5679
f 458/5680 455/5681 457/5682
f 457/5683 456/5684 460/5685
f 459/5686 461/5687 460/5688
f 462/5689 461/5690 464/5691
f 463/5692 465/5693 464/5694
f 466/5695 465/5696 468/5697
f 468/5698 467/5699 470/5700
f 469/5701 471/5702 470/5703
f 471/5704 473/5705 472/5706
f 475/5707 476/5708 473/5709
f 477/5710 478/5711 475/5712
f 477/5713 479/5714 478/5715
f 479/5716 481/5717 480/5718
f 483/5719 484/5720 481/5721
f 484/5722 483/5723 486/5724
f 485/5725 487/5726 486/5727
f 489/5728 490/5729 487/5730
f 490/5731 489/5732 492/5733
f 493/5734 494/5735 491/5736
f 493/5737 495/5738 494/5739
f 497/5740 498/5741 495/5742
f 497/5743 499/5744 498/5745
f 499/5746 501/5747 500/5748
f 503/5749 504/5750 501/5751
f 503/5752 505/5753 504/5754
f 505/5755 507/5756 506/5757
f 509/5758 510/5759 507/5760
f 510/5761 509/5762 453/5763
f 748/5764 745/5765 747/5766
f 749/5767 750/5768 743/5769
f 752/5770 747/5771 753/5772
f 757/5773 754/5774 756/5775
f 758/5776 759/5777 757/5778
f 758/5779 760/5780 759/5781
f 765/5782 766/5783 768/5784
f 772/5785 769/5786 771/5787
f 767/5788 766/5789 774/5790
f 778/5791 775/5792 777/5793
f 780/5794 779/5795 777/5796
f 784/5797 781/5798 783/5799
f 785/5800 786/5801 788/5802
f 792/5803 789/5804 791/5805
f 796/5806 793/5807 795/5808
f 791/5809 790/5810 798/5811
f 802/5812 799/5813 801/5814
f 806/5815 803/5816 805/5817
f 810/5818 807/5819 809/5820
f 814/5821 811/5822 813/5823
f 816/5824 813/5825 815/5826
f 820/5827 821/5828 817/5829
f 829/5830 826/5831 828/5832
f 831/5833 829/5834 830/5835
f 832/5836 833/5837 835/5838
f 833/5839 836/5840 834/5841
f 838/5842 839/5843 841/5844
f 842/5845 843/5846 845/5847
f 843/5848 846/5849 844/5850
f 848/5851 849/5852 851/5853
f 852/5854 853/5855 849/5856
f 859/5857 848/5858 855/5859
f 863/5860 860/5861 862/5862
f 864/5863 865/5864 867/5865
f 868/5866 869/5867 867/5868
f 873/5869 870/5870 872/5871
f 874/5872 875/5873 877/5874
f 875/5875 878/5876 876/5877
f 880/5878 874/5879 881/5880
f 882/5881 883/5882 885/5883
f 889/5884 886/5885 888/5886
f 890/5887 891/5888 893/5889
f 896/5890 897/5891 899/5892
f 903/5893 900/5894 902/5895
f 907/5896 904/5897 906/5898
f 911/5899 908/5900 910/5901
f 912/5902 913/5903 915/5904
f 916/5905 917/5906 913/5907
f 919/5908 920/5909 922/5910
f 923/5911 924/5912 926/5913
f 927/5914 928/5915 923/5916
f 929/5917 930/5918 932/5919
f 933/5920 934/5921 936/5922
f 937/5923 934/5924 939/5925
f 940/5926 941/5927 943/5928
f 940/5929 944/5930 941/5931
f 939/5932 938/5933 947/5934
f 945/5935 948/5936 949/5937
f 936/5938 950/5939 952/5940
f 953/5941 935/5942 937/5943
f 939/5944 954/5945 937/5946
f 956/5947 943/5948 958/5949
f 943/5950 959/5951 940/5952
f 947/5953 946/5954 961/5955
f 962/5956 963/5957 965/5958
f 966/5959 967/5960 969/5961
f 970/5962 971/5963 973/5964
f 974/5965 975/5966 977/5967
f 975/5968 972/5969 979/5970
f 966/5971 980/5972 982/5973
f 983/5974 984/5975 970/5976
f 977/5977 976/5978 982/5979
f 976/5980 975/5981 986/5982
f 990/5983 987/5984 989/5985
f 991/5986 992/5987 994/5988
f 998/5989 995/5990 997/5991
f 1002/5992 999/5993 1001/5994
f 1000/5995 998/5996 1003/5997
f 1006/5998 1004/5999 995/6000
f 1010/6001 1007/6002 1009/6003
f 1011/6004 1012/6005 1014/6006
f 1018/6007 1015/6008 1017/6009
f 1019/6010 1020/6011 1022/6012
f 1023/6013 1024/6014 1026/6015
f 1028/6016 1027/6017 1016/6018
f 1016/6019 1029/6020 1028/6021
f 1029/6022 1031/6023 1030/6024
f 1036/6025 1033/6026 1035/6027
f 1037/6028 1038/6029 1040/6030
f 1041/6031 1042/6032 1044/6033
f 1045/6034 1046/6035 1048/6036
f 1052/6037 1049/6038 1051/6039
f 1056/6040 1053/6041 1055/6042
f 1060/6043 1057/6044 1059/6045
f 1061/6046 1062/6047 1064/6048
f 1068/6049 1065/6050 1067/6051
f 1069/6052 1070/6053 1072/6054
f 1076/6055 1073/6056 1075/6057
f 1077/6058 1078/6059 1080/6060
f 1073/6061 1081/6062 1083/6063
f 1089/6064 1075/6065 1088/6066
f 1092/6067 1090/6068 1091/6069
f 1096/6070 1093/6071 1095/6072
f 1097/6073 1098/6074 1100/6075
f 1101/6076 1102/6077 1104/6078
f 1108/6079 1105/6080 1107/6081
f 1109/6082 1110/6083 1112/6084
f 1113/6085 1114/6086 1116/6087
f 1117/6088 1118/6089 1120/6090
f 1121/6091 1122/6092 1119/6093
f 1124/6094 1125/6095 1127/6096
f 1126/6097 1128/6098 1130/6099
f 1134/6100 1131/6101 1133/6102
f 1135/6103 1136/6104 1138/6105
f 1142/6106 1139/6107 1141/6108
f 1140/6109 1143/6110 1145/6111
f 1149/6112 1150/6113 1152/6114
f 1150/6115 1149/6116 1154/6117
f 1158/6118 1155/6119 1157/6120
f 1159/6121 1160/6122 1161/6123
f 1162/6124 1163/6125 1165/6126
f 1166/6127 1167/6128 1163/6129
f 1166/6130 1168/6131 1167/6132
f 1168/6133 1170/6134 1169/6135
f 1172/6136 1173/6137 1170/6138
f 1172/6139 1174/6140 1173/6141
f 1174/6142 1176/6143 1178/6144
f 1174/6145 1178/6146 1180/6147
f 1167/6148 1181/6149 1164/6150
f 1167/6151 1169/6152 1181/6153
f 1171/6154 1184/6155 1169/6156
f 1173/6157 1185/6158 1171/6159
f 1173/6160 1175/6161 1185/6162
f 1164/6163 1182/6164 1188/6165
f 1174/6166 1180/6167 1175/6168
f 1192/6169 1189/6170 1191/6171
f 1196/6172 1193/6173 1195/6174
f 1202/6175 1199/6176 1201/6177
f 1199/6178 1203/6179 1200/6180
f 1206/6181 1198/6182 1205/6183
f 1203/6184 1207/6185 1204/6186
f 1209/6187 1210/6188 1207/6189
f 1217/6190 1214/6191 1216/6192
f 1218/6193 1219/6194 1221/6195
f 1222/6196 1223/6197 1225/6198
f 1226/6199 1227/6200 1229/6201
f 1230/6202 1231/6203 1233/6204
f 1237/6205 1234/6206 1236/6207
f 1238/6208 1239/6209 1241/6210
f 1244/6211 1242/6212 1243/6213
f 1247/6214 1245/6215 1246/6216
f 1248/6217 1249/6218 1251/6219
f 1255/6220 1252/6221 1254/6222
f 1256/6223 1257/6224 1259/6225
f 1260/6226 1261/6227 1263/6228
f 1267/6229 1264/6230 1266/6231
f 1268/6232 1269/6233 1264/6234
f 1273/6235 1270/6236 1272/6237
f 1277/6238 1274/6239 1276/6240
f 1278/6241 1279/6242 1281/6243
f 1282/6244 1283/6245 1285/6246
f 1278/6247 1286/6248 1279/6249
f 1291/6250 1288/6251 1290/6252
f 1292/6253 1293/6254 1295/6255
f 1299/6256 1296/6257 1298/6258
f 1303/6259 1300/6260 1302/6261
f 1292/6262 1304/6263 1293/6264
f 1306/6265 1307/6266 1309/6267
f 1310/6268 1311/6269 1313/6270
f 1317/6271 1314/6272 1316/6273
f 1318/6274 1319/6275 1321/6276
f 1322/6277 1323/6278 1325/6279
f 1326/6280 1327/6281 1329/6282
f 1333/6283 1330/6284 1332/6285
f 1336/6286 1321/6287 1335/6288
f 1340/6289 1337/6290 1339/6291
f 1337/6292 1341/6293 1338/6294
f 1343/6295 1344/6296 1346/6297
f 1347/6298 1348/6299 1350/6300
f 1340/6301 1352/6302 1354/6303
f 1356/6304 1355/6305 1341/6306
f 1357/6307 1358/6308 1360/6309
f 1361/6310 1362/6311 1364/6312
f 1365/6313 1366/6314 1368/6315
f 1369/6316 1370/6317 1372/6318
f 1376/6319 1373/6320 1375/6321
f 1377/6322 1378/6323 1380/6324
f 1384/6325 1385/6326 1387/6327
f 1391/6328 1388/6329 1390/6330
f 1395/6331 1392/6332 1394/6333
f 1399/6334 1400/6335 1397/6336
f 1402/6337 1403/6338 1399/6339
f 1405/6340 1406/6341 1408/6342
f 1409/6343 1410/6344 1412/6345
f 1416/6346 1413/6347 1415/6348
f 1416/6349 1417/6350 1413/6351
f 1419/6352 1415/6353 1420/6354
f 1421/6355 1422/6356 1424/6357
f 1425/6358 1420/6359 1426/6360
f 1430/6361 1427/6362 1429/6363
f 1434/6364 1431/6365 1433/6366
f 1435/6367 1436/6368 1438/6369
f 1439/6370 1440/6371 1442/6372
f 1446/6373 1443/6374 1445/6375
f 1444/6376 1447/6377 1445/6378
f 1450/6379 1449/6380 1446/6381
f 1454/6382 1451/6383 1453/6384
f 1455/6385 1456/6386 1458/6387
f 1462/6388 1459/6389 1461/6390
f 1466/6391 1463/6392 1465/6393
f 1467/6394 1468/6395 1470/6396
f 1471/6397 1472/6398 1474/6399
f 1478/6400 1475/6401 1477/6402
f 1479/6403 1480/6404 1482/6405
f 1483/6406 1484/6407 1486/6408
f 1490/6409 1487/6410 1489/6411
f 1491/6412 1492/6413 1494/6414
f 1495/6415 1496/6416 1498/6417
f 1491/6418 1499/6419 1492/6420
f 1501/6421 1502/6422 1504/6423
f 1505/6424 1506/6425 1508/6426
f 1512/6427 1509/6428 1511/6429
f 1516/6430 1517/6431 1519/6432
f 1523/6433 1520/6434 1522/6435
f 1528/6436 1525/6437 1527/6438
f 1529/6439 1530/6440 1532/6441
f 1533/6442 1534/6443 1536/6444
f 1540/6445 1537/6446 1539/6447
f 1541/6448 1542/6449 1544/6450
f 1545/6451 1546/6452 1548/6453
f 1552/6454 1549/6455 1551/6456
f 1553/6457 1554/6458 1556/6459
f 1557/6460 1558/6461 1560/6462
f 1553/6463 1556/6464 1562/6465
f 1566/6466 1563/6467 1565/6468
f 1567/6469 1568/6470 1570/6471
f 1568/6472 1571/6473 1569/6474
f 1574/6475 1572/6476 1573/6477
f 1578/6478 1575/6479 1577/6480
f 1579/6481 1580/6482 1582/6483
f 1583/6484 1584/6485 1585/6486
f 1587/6487 1586/6488 1585/6489
f 1588/6490 1589/6491 1590/6492
f 1592/6493 1591/6494 1588/6495
f 1595/6496 1581/6497 1594/6498
f 1598/6499 1597/6500 1592/6501
f 1602/6502 1599/6503 1601/6504
f 1606/6505 1603/6506 1605/6507
f 1610/6508 1607/6509 1609/6510
f 1614/6511 1611/6512 1613/6513
f 1618/6514 1615/6515 1617/6516
f 1622/6517 1619/6518 1621/6519
f 1624/6520 1623/6521 1598/6522
f 1625/6523 1626/6524 1628/6525
f 1629/6526 1630/6527 1632/6528
f 1633/6529 1634/6530 1636/6531
f 1640/6532 1637/6533 1639/6534
f 1633/6535 1641/6536 1634/6537
f 1641/6538 1643/6539 1642/6540
f 1645/6541 1646/6542 1648/6543
f 1649/6544 1650/6545 1652/6546
f 1653/6547 1654/6548 1656/6549
f 1657/6550 1658/6551 1660/6552
f 1659/6553 1661/6554 1660/6555
f 1666/6556 1663/6557 1665/6558
f 1670/6559 1667/6560 1669/6561
f 1674/6562 1671/6563 1673/6564
f 1675/6565 1676/6566 1678/6567
f 1682/6568 1679/6569 1681/6570
f 1686/6571 1683/6572 1685/6573
f 1687/6574 1688/6575 1690/6576
f 1694/6577 1691/6578 1693/6579
f 1698/6580 1699/6581 1701/6582
f 1708/6583 1705/6584 1707/6585
f 1709/6586 1710/6587 1712/6588
f 1710/6589 1709/6590 1714/6591
f 1721/6592 1718/6593 1720/6594
f 1722/6595 1723/6596 1725/6597
f 1729/6598 1730/6599 1732/6600
f 1736/6601 1733/6602 1735/6603
f 1737/6604 1738/6605 1740/6606
f 1741/6607 1742/6608 1744/6609
f 1748/6610 1745/6611 1747/6612
f 1749/6613 1750/6614 1752/6615
f 1756/6616 1753/6617 1755/6618
f 1757/6619 1758/6620 1760/6621
f 1761/6622 1762/6623 1764/6624
f 1765/6625 1766/6626 1768/6627
f 1766/6628 1769/6629 1771/6630
f 1775/6631 1772/6632 1774/6633
f 1776/6634 1777/6635 1779/6636
f 1783/6637 1780/6638 1782/6639
f 1784/6640 1785/6641 1787/6642
f 1791/6643 1788/6644 1790/6645
f 1795/6646 1792/6647 1794/6648
f 1796/6649 1797/6650 1799/6651
f 1800/6652 1801/6653 1803/6654
f 1807/6655 1804/6656 1806/6657
f 1811/6658 1808/6659 1810/6660
f 1817/6661 1810/6662 1816/6663
f 1818/6664 1819/6665 1821/6666
f 1823/6667 1817/6668 1822/6669
f 1824/6670 1821/6671 1808/6672
f 1828/6673 1825/6674 1827/6675
f 1832/6676 1829/6677 1831/6678
f 1839/6679 1836/6680 1838/6681
f 1843/6682 1840/6683 1842/6684
f 1846/6685 1837/6686 1845/6687
f 1850/6688 1847/6689 1849/6690
f 1852/6691 1846/6692 1851/6693
f 1856/6694 1853/6695 1855/6696
f 1860/6697 1857/6698 1859/6699
f 1864/6700 1861/6701 1863/6702
f 1843/6703 1842/6704 1866/6705
f 1869/6706 1867/6707 1853/6708
f 1871/6709 1866/6710 1870/6711
f 1834/6712 1872/6713 1835/6714
f 1874/6715 1875/6716 1877/6717
f 1878/6718 1879/6719 1881/6720
f 1885/6721 1882/6722 1884/6723
f 1889/6724 1886/6725 1888/6726
f 1890/6727 1891/6728 1893/6729
f 1894/6730 1895/6731 1897/6732
f 1901/6733 1898/6734 1900/6735
f 1903/6736 1906/6737 1908/6738
f 1912/6739 1909/6740 1911/6741
f 1916/6742 1913/6743 1915/6744
f 1920/6745 1921/6746 1923/6747
f 1926/6748 1924/6749 1909/6750
f 1895/6751 1927/6752 1896/6753
f 1931/6754 1929/6755 1924/6756
f 1898/6757 1932/6758 1899/6759
f 1934/6760 1933/6761 1929/6762
f 1935/6763 1936/6764 1938/6765
f 1939/6766 1940/6767 1942/6768
f 1946/6769 1943/6770 1945/6771
f 1950/6772 1951/6773 1952/6774
f 1953/6775 1954/6776 1956/6777
f 1960/6778 1957/6779 1959/6780
f 1962/6781 1955/6782 1961/6783
f 1963/6784 1964/6785 1966/6786
f 1968/6787 1965/6788 1967/6789
f 1969/6790 1970/6791 1972/6792
f 1975/6793 1973/6794 1956/6795
f 1976/6796 1977/6797 1979/6798
f 1983/6799 1980/6800 1982/6801
f 1986/6802 1984/6803 1980/6804
f 1990/6805 1987/6806 1989/6807
f 1994/6808 1991/6809 1993/6810
f 1998/6811 1995/6812 1997/6813
f 2002/6814 1999/6815 2001/6816
f 2003/6817 2004/6818 2006/6819
f 2010/6820 2007/6821 2009/6822
f 2017/6823 2014/6824 2016/6825
f 2021/6826 2018/6827 2020/6828
f 2025/6829 2022/6830 2024/6831
f 2026/6832 2027/6833 2029/6834
f 2033/6835 2030/6836 2032/6837
f 2034/6838 2035/6839 2037/6840
f 2038/6841 2039/6842 2041/6843
f 2038/6844 2042/6845 2039/6846
f 2044/6847 2043/6848 2045/6849
f 2049/6850 2046/6851 2048/6852
f 2053/6853 2050/6854 2052/6855
f 2054/6856 2055/6857 2057/6858
f 2061/6859 2058/6860 2060/6861
f 2065/6862 2062/6863 2064/6864
f 2069/6865 2066/6866 2068/6867
f 2070/6868 2071/6869 2073/6870
f 2074/6871 2075/6872 2077/6873
f 2078/6874 2079/6875 2081/6876
f 2082/6877 2083/6878 2085/6879
f 2089/6880 2086/6881 2088/6882
f 2093/6883 2090/6884 2092/6885
f 2094/6886 2095/6887 2097/6888
f 2095/6889 2098/6890 2096/6891
f 2103/6892 2100/6893 2102/6894
f 2090/6895 2093/6896 2098/6897
f 2107/6898 2104/6899 2106/6900
f 2111/6901 2108/6902 2110/6903
f 2113/6904 2102/6905 2108/6906
f 2114/6907 2115/6908 2117/6909
f 2119/6910 2118/6911 2103/6912
f 2123/6913 2120/6914 2122/6915
f 2124/6916 2125/6917 2127/6918
f 2131/6919 2128/6920 2130/6921
f 2132/6922 2133/6923 2135/6924
f 2136/6925 2134/6926 2137/6927
f 2141/6928 2138/6929 2140/6930
f 2142/6931 2143/6932 2145/6933
f 2146/6934 2147/6935 2149/6936
f 2153/6937 2150/6938 2152/6939
f 2154/6940 2155/6941 2157/6942
f 2161/6943 2158/6944 2160/6945
f 2165/6946 2162/6947 2164/6948
f 2169/6949 2166/6950 2168/6951
f 2176/6952 2173/6953 2175/6954
f 2180/6955 2177/6956 2179/6957
f 2184/6958 2181/6959 2183/6960
f 2185/6961 2186/6962 2188/6963
f 2189/6964 2190/6965 2192/6966
f 2196/6967 2193/6968 2195/6969
f 2197/6970 2198/6971 2200/6972
f 2204/6973 2201/6974 2203/6975
f 2205/6976 2206/6977 2208/6978
f 2212/6979 2209/6980 2211/6981
f 2216/6982 2213/6983 2215/6984
f 2220/6985 2217/6986 2219/6987
f 2222/6988 2221/6989 2217/6990
f 2226/6991 2223/6992 2225/6993
f 2199/6994 2198/6995 2228/6996
f 2211/6997 2229/6998 2212/6999
f 2231/7000 2207/7001 2232/7002
f 2228/7003 2227/7004 2234/7005
f 2236/7006 2235/7007 2205/7008
f 2240/7009 2237/7010 2239/7011
f 2229/7012 2241/7013 2230/7014
f 2234/7015 2233/7016 2244/7017
f 2248/7018 2245/7019 2247/7020
f 2249/7021 2250/7022 2236/7023
f 2244/7024 2243/7025 2241/7026
f 2254/7027 2251/7028 2253/7029
f 2255/7030 2256/7031 2258/7032
f 2259/7033 2260/7034 2262/7035
f 2266/7036 2263/7037 2265/7038
f 2255/7039 2267/7040 2269/7041
f 2259/7042 2270/7043 2260/7044
f 2275/7045 2272/7046 2274/7047
f 2278/7048 2265/7049 2277/7050
f 2282/7051 2279/7052 2281/7053
f 2283/7054 2284/7055 2286/7056
f 2290/7057 2287/7058 2289/7059
f 2291/7060 2292/7061 2294/7062
f 2298/7063 2295/7064 2297/7065
f 2299/7066 2300/7067 2302/7068
f 2306/7069 2303/7070 2305/7071
f 2307/7072 2308/7073 2310/7074
f 2311/7075 2312/7076 2313/7077
f 2317/7078 2314/7079 2316/7080
f 2311/7081 2318/7082 2320/7083
f 2324/7084 2321/7085 2323/7086
f 2328/7087 2325/7088 2327/7089
f 2332/7090 2329/7091 2331/7092
f 2336/7093 2333/7094 2335/7095
f 2337/7096 2338/7097 2340/7098
f 2344/7099 2341/7100 2343/7101
f 2348/7102 2345/7103 2347/7104
f 2349/7105 2350/7106 2352/7107
f 2355/7108 2347/7109 2354/7110
f 2356/7111 2357/7112 2359/7113
f 2362/7114 2360/7115 2341/7116
f 2366/7117 2363/7118 2365/7119
f 2367/7120 2368/7121 2370/7122
f 2374/7123 2371/7124 2373/7125
f 2375/7126 2376/7127 2378/7128
f 2379/7129 2380/7130 2382/7131
f 2386/7132 2383/7133 2385/7134
f 2387/7135 2388/7136 2390/7137
f 2391/7138 2392/7139 2394/7140
f 2395/7141 2396/7142 2398/7143
f 2402/7144 2399/7145 2401/7146
f 2406/7147 2403/7148 2405/7149
f 2407/7150 2405/7151 2409/7152
f 2410/7153 2411/7154 2413/7155
f 2414/7156 2415/7157 2417/7158
f 2421/7159 2418/7160 2420/7161
f 2425/7162 2422/7163 2424/7164
f 2427/7165 2425/7166 2426/7167
f 2431/7168 2428/7169 2430/7170
f 2434/7171 2432/7172 2428/7173
f 2438/7174 2435/7175 2437/7176
f 2439/7177 2440/7178 2442/7179
f 2446/7180 2443/7181 2445/7182
f 2447/7183 2440/7184 2448/7185
f 2451/7186 2441/7187 2450/7188
f 2454/7189 2432/7190 2455/7191
f 2457/7192 2438/7193 2456/7194
f 2453/7195 2445/7196 2458/7197
f 2462/7198 2459/7199 2461/7200
f 2466/7201 2463/7202 2465/7203
f 2470/7204 2467/7205 2469/7206
f 2473/7207 2471/7208 2463/7209
f 2477/7210 2474/7211 2476/7212
f 2481/7213 2478/7214 2480/7215
f 2485/7216 2482/7217 2484/7218
f 2486/7219 2487/7220 2489/7221
f 2496/7222 2493/7223 2495/7224
f 2493/7225 2497/7226 2494/7227
f 2502/7228 2499/7229 2501/7230
f 2503/7231 2504/7232 2506/7233
f 2507/7234 2508/7235 2510/7236
f 2514/7237 2511/7238 2513/7239
f 2518/7240 2515/7241 2517/7242
f 2519/7243 2520/7244 2499/7245
f 2510/7246 2509/7247 2522/7248
f 2522/7249 2521/7250 2519/7251
f 2523/7252 2524/7253 2526/7254
f 2528/7255 2505/7256 2515/7257
f 2530/7258 2523/7259 2529/7260
f 2534/7261 2531/7262 2533/7263
f 2535/7264 2536/7265 2538/7266
f 2539/7267 2540/7268 2542/7269
f 2546/7270 2543/7271 2545/7272
f 2550/7273 2547/7274 2549/7275
f 2551/7276 2552/7277 2554/7278
f 2555/7279 2556/7280 2558/7281
f 2562/7282 2559/7283 2561/7284
f 2566/7285 2563/7286 2565/7287
f 2567/7288 2568/7289 2570/7290
f 2571/7291 2572/7292 2574/7293
f 2575/7294 2576/7295 2578/7296
f 2579/7297 2580/7298 2582/7299
f 2583/7300 2584/7301 2586/7302
f 2587/7303 2583/7304 2588/7305
f 2592/7306 2589/7307 2591/7308
f 2593/7309 2594/7310 2596/7311
f 2600/7312 2597/7313 2599/7314
f 2601/7315 2602/7316 2604/7317
f 2607/7318 2599/7319 2606/7320
f 2611/7321 2608/7322 2610/7323
f 2615/7324 2612/7325 2614/7326
f 2616/7327 2617/7328 2619/7329
f 2623/7330 2620/7331 2622/7332
f 2624/7333 2625/7334 2627/7335
f 2612/7336 2627/7337 2613/7338
f 2628/7339 2629/7340 2631/7341
f 2635/7342 2632/7343 2634/7344
f 2636/7345 2637/7346 2639/7347
f 2642/7348 2638/7349 2641/7350
f 2646/7351 2643/7352 2645/7353
f 2647/7354 2648/7355 2650/7356
f 2649/7357 2651/7358 2653/7359
f 2657/7360 2654/7361 2656/7362
f 2660/7363 2658/7364 2656/7365
f 2661/7366 2650/7367 2653/7368
f 2662/7369 2663/7370 2654/7371
f 2665/7372 2653/7373 2664/7374
f 2661/7375 2653/7376 2666/7377
f 2666/7378 2665/7379 2662/7380
f 2656/7381 2655/7382 2660/7383
f 2671/7384 2668/7385 2670/7386
f 2663/7387 2665/7388 2672/7389
f 2663/7390 2672/7391 2655/7392
f 2674/7393 2673/7394 2671/7395
f 2675/7396 2673/7397 2676/7398
f 2677/7399 2678/7400 2680/7401
f 2679/7402 2678/7403 2682/7404
f 2689/7405 2685/7406 2688/7407
f 2690/7408 2691/7409 2693/7410
f 2695/7411 2693/7412 2694/7413
f 2699/7414 2696/7415 2698/7416
f 2701/7417 2695/7418 2700/7419
f 2696/7420 2702/7421 2697/7422
f 2705/7423 2701/7424 2704/7425
f 2702/7426 2706/7427 2703/7428
f 2709/7429 2705/7430 2708/7431
f 2706/7432 2710/7433 2707/7434
f 2713/7435 2709/7436 2712/7437
f 2710/7438 2714/7439 2711/7440
f 2717/7441 2715/7442 2716/7443
f 2716/7444 2718/7445 2717/7446
f 2723/7447 2720/7448 2722/7449
f 2724/7450 2725/7451 2727/7452
f 2728/7453 2729/7454 2724/7455
f 2733/7456 2730/7457 2732/7458
f 2728/7459 2734/7460 2729/7461
f 2737/7462 2733/7463 2736/7464
f 2734/7465 2737/7466 2735/7467
f 2730/7468 2723/7469 2731/7470
f 2727/7471 2726/7472 2718/7473
f 2739/7474 2713/7475 2738/7476
f 2699/7477 2698/7478 2690/7479
f 2745/7480 2746/7481 2747/7482
f 2751/7483 2748/7484 2750/7485
f 2755/7486 2752/7487 2754/7488
f 2759/7489 2756/7490 2758/7491
f 2760/7492 2761/7493 2763/7494
f 2764/7495 2765/7496 2767/7497
f 2771/7498 2768/7499 2770/7500
f 2772/7501 2773/7502 2775/7503
f 2778/7504 2771/7505 2777/7506
f 2773/7507 2772/7508 2783/7509
f 2787/7510 2784/7511 2786/7512
f 2788/7513 2789/7514 2791/7515
f 2792/7516 2793/7517 2795/7518
f 2799/7519 2796/7520 2798/7521
f 2800/7522 2801/7523 2803/7524
f 2807/7525 2804/7526 2806/7527
f 2811/7528 2808/7529 2810/7530
f 2815/7531 2812/7532 2814/7533
f 2816/7534 2817/7535 2819/7536
f 2822/7537 2820/7538 2821/7539
f 2826/7540 2823/7541 2825/7542
f 2827/7543 2828/7544 2830/7545
f 2834/7546 2831/7547 2833/7548
f 2838/7549 2839/7550 2841/7551
f 2842/7552 2843/7553 2845/7554
f 2846/7555 2847/7556 2849/7557
f 2853/7558 2850/7559 2852/7560
f 2854/7561 2855/7562 2857/7563
f 2859/7564 2861/7565 2863/7566
f 2875/7567 2872/7568 2874/7569
f 2879/7570 2876/7571 2878/7572
f 2883/7573 2880/7574 2882/7575
f 2887/7576 2884/7577 2886/7578
f 2891/7579 2888/7580 2890/7581
f 2894/7582 2895/7583 2897/7584
f 2901/7585 2898/7586 2900/7587
f 2905/7588 2902/7589 2904/7590
f 2909/7591 2910/7592 2912/7593
f 2919/7594 2916/7595 2918/7596
f 2923/7597 2920/7598 2922/7599
f 2927/7600 2924/7601 2926/7602
f 2929/7603 2927/7604 2928/7605
f 2931/7606 2929/7607 2930/7608
f 2935/7609 2932/7610 2934/7611
f 2939/7612 2936/7613 2938/7614
f 2943/7615 2940/7616 2942/7617
f 2944/7618 2945/7619 2947/7620
f 2947/7621 2946/7622 2949/7623
f 2940/7624 2939/7625 2941/7626
f 2943/7627 2942/7628 2944/7629
f 2936/7630 2935/7631 2937/7632
f 2932/7633 2950/7634 2933/7635
f 2950/7636 2931/7637 2951/7638
f 2924/7639 2923/7640 2925/7641
f 2920/7642 2952/7643 2921/7644
f 2921/7645 2953/7646 2955/7647
f 2925/7648 2922/7649 2957/7650
f 2951/7651 2930/7652 2959/7653
f 2933/7654 2951/7655 2960/7656
f 2937/7657 2934/7658 2962/7659
f 2942/7660 2963/7661 2945/7662
f 2941/7663 2938/7664 2966/7665
f 2946/7666 2967/7667 2948/7668
f 2945/7669 2964/7670 2946/7671
f 2942/7672 2941/7673 2963/7674
f 2938/7675 2937/7676 2965/7677
f 2934/7678 2933/7679 2961/7680
f 2930/7681 2928/7682 2958/7683
f 2928/7684 2926/7685 2969/7686
f 2926/7687 2925/7688 2970/7689
f 2922/7690 2921/7691 2956/7692
f 2956/7693 2955/7694 2972/7695
f 2970/7696 2957/7697 2974/7698
f 2969/7699 2970/7700 2975/7701
f 2958/7702 2969/7703 2976/7704
f 2961/7705 2960/7706 2978/7707
f 2965/7708 2962/7709 2980/7710
f 2963/7711 2966/7712 2982/7713
f 2964/7714 2983/7715 2967/7716
f 2967/7717 2984/7718 2968/7719
f 2966/7720 2965/7721 2981/7722
f 2963/7723 2982/7724 2964/7725
f 2962/7726 2961/7727 2979/7728
f 2960/7729 2959/7730 2977/7731
f 2959/7732 2958/7733 2986/7734
f 2957/7735 2956/7736 2973/7737
f 2955/7738 2954/7739 2971/7740
f 2971/7741 2987/7742 2989/7743
f 2973/7744 2972/7745 2991/7746
f 2986/7747 2976/7748 2993/7749
f 2977/7750 2986/7751 2994/7752
f 2979/7753 2978/7754 2996/7755
f 2982/7756 2997/7757 2983/7758
f 2981/7759 2980/7760 3000/7761
f 2984/7762 3001/7763 2985/7764
f 2983/7765 2998/7766 2984/7767
f 2982/7768 2981/7769 2997/7770
f 2980/7771 2979/7772 2999/7773
f 2978/7774 2977/7775 2995/7776
f 2976/7777 2975/7778 2992/7779
f 2975/7780 2974/7781 3003/7782
f 2974/7783 2973/7784 3004/7785
f 2972/7786 2971/7787 2990/7788
f 2990/7789 2989/7790 3006/7791
f 3004/7792 2991/7793 3008/7794
f 3003/7795 3004/7796 3009/7797
f 2992/7798 3003/7799 3010/7800
f 2995/7801 2994/7802 3012/7803
f 2999/7804 2996/7805 3014/7806
f 2997/7807 3000/7808 3016/7809
f 2998/7810 3017/7811 3001/7812
f 3001/7813 3018/7814 3002/7815
f 3000/7816 2999/7817 3015/7818
f 2997/7819 3016/7820 2998/7821
f 2996/7822 2995/7823 3013/7824
f 2994/7825 2993/7826 3011/7827
f 2993/7828 2992/7829 3020/7830
f 2991/7831 2990/7832 3007/7833
f 2989/7834 2988/7835 3005/7836
f 3005/7837 3021/7838 3023/7839
f 3007/7840 3006/7841 3025/7842
f 3020/7843 3010/7844 3027/7845
f 3011/7846 3020/7847 3028/7848
f 3013/7849 3012/7850 3030/7851
f 3016/7852 3031/7853 3017/7854
f 3015/7855 3014/7856 3034/7857
f 3018/7858 3035/7859 3019/7860
f 3017/7861 3032/7862 3018/7863
f 3016/7864 3015/7865 3031/7866
f 3014/7867 3013/7868 3033/7869
f 3012/7870 3011/7871 3029/7872
f 3010/7873 3009/7874 3026/7875
f 3009/7876 3008/7877 3037/7878
f 3008/7879 3007/7880 3038/7881
f 3006/7882 3005/7883 3024/7884
f 3024/7885 3023/7886 3040/7887
f 3038/7888 3025/7889 3042/7890
f 3037/7891 3038/7892 3043/7893
f 3026/7894 3037/7895 3044/7896
f 3029/7897 3028/7898 3046/7899
f 3033/7900 3030/7901 3048/7902
f 3031/7903 3034/7904 3050/7905
f 3032/7906 3051/7907 3035/7908
f 3035/7909 3052/7910 3036/7911
f 3034/7912 3033/7913 3049/7914
f 3031/7915 3050/7916 3032/7917
f 3030/7918 3029/7919 3047/7920
f 3028/7921 3027/7922 3045/7923
f 3027/7924 3026/7925 3054/7926
f 3025/7927 3024/7928 3041/7929
f 3023/7930 3022/7931 3039/7932
f 3039/7933 3055/7934 3057/7935
f 3041/7936 3040/7937 3059/7938
f 3054/7939 3044/7940 3061/7941
f 3045/7942 3054/7943 3062/7944
f 3047/7945 3046/7946 3064/7947
f 3050/7948 3065/7949 3051/7950
f 3049/7951 3048/7952 3068/7953
f 3052/7954 3069/7955 3053/7956
f 3051/7957 3066/7958 3052/7959
f 3050/7960 3049/7961 3065/7962
f 3048/7963 3047/7964 3067/7965
f 3046/7966 3045/7967 3063/7968
f 3044/7969 3043/7970 3060/7971
f 3043/7972 3042/7973 3071/7974
f 3042/7975 3041/7976 3072/7977
f 3040/7978 3039/7979 3058/7980
f 3058/7981 3057/7982 3074/7983
f 3072/7984 3059/7985 3076/7986
f 3071/7987 3072/7988 3077/7989
f 3060/7990 3071/7991 3078/7992
f 3063/7993 3062/7994 3080/7995
f 3067/7996 3064/7997 3082/7998
f 3065/7999 3068/8000 3084/8001
f 3066/8002 3085/8003 3069/8004
f 3069/8005 3086/8006 3070/8007
f 3068/8008 3067/8009 3083/8010
f 3065/8011 3084/8012 3066/8013
f 3064/8014 3063/8015 3081/8016
f 3062/8017 3061/8018 3079/8019
f 3061/8020 3060/8021 3088/8022
f 3059/8023 3058/8024 3075/8025
f 3056/8026 3089/8027 3057/8028
f 3093/8029 3090/8030 3092/8031
f 2952/8032 3093/8033 2953/8034
f 3090/8035 3094/8036 3091/8037
f 3091/8038 3095/8039 3097/8040
f 2953/8041 3092/8042 2954/8043
f 3092/8044 3091/8045 3098/8046
f 3098/8047 3097/8048 3100/8049
f 2954/8050 3098/8051 2987/8052
f 3097/8053 3096/8054 3099/8055
f 3099/8056 3101/8057 3103/8058
f 2987/8059 3100/8060 2988/8061
f 3100/8062 3099/8063 3104/8064
f 3104/8065 3103/8066 3106/8067
f 2988/8068 3104/8069 3021/8070
f 3103/8071 3102/8072 3105/8073
f 3105/8074 3107/8075 3109/8076
f 3021/8077 3106/8078 3022/8079
f 3106/8080 3105/8081 3110/8082
f 3110/8083 3109/8084 3111/8085
f 3022/8086 3110/8087 3055/8088
f 3111/8089 3112/8090 3055/8091
f 3116/8092 3113/8093 3115/8094
f 3117/8095 3113/8096 3118/8097
f 3119/8098 3117/8099 3120/8100
f 3123/8101 3121/8102 3122/8103
f 3124/8104 3125/8105 3122/8106
f 3126/8107 3124/8108 3120/8109
f 3127/8110 3126/8111 3118/8112
f 3128/8113 3127/8114 3116/8115
f 3125/8116 2948/8117 3123/8118
f 3121/8119 3123/8120 2985/8121
f 3129/8122 3121/8123 3002/8124
f 3130/8125 3131/8126 3036/8127
f 3131/8128 3129/8129 3019/8130
f 3132/8131 2949/8132 3125/8133
f 3053/8134 3139/8135 3036/8136
f 3070/8137 3140/8138 3053/8139
f 3075/8140 3074/8141 3142/8142
f 3088/8143 3078/8144 3144/8145
f 3079/8146 3088/8147 3145/8148
f 3081/8149 3080/8150 3147/8151
f 3084/8152 3148/8153 3085/8154
f 3083/8155 3082/8156 3151/8157
f 3086/8158 3152/8159 3087/8160
f 3085/8161 3149/8162 3086/8163
f 3084/8164 3083/8165 3148/8166
f 3082/8167 3081/8168 3150/8169
f 3080/8170 3079/8171 3146/8172
f 3078/8173 3077/8174 3143/8175
f 3077/8176 3076/8177 3154/8178
f 3076/8179 3075/8180 3155/8181
f 3155/8182 3142/8183 3157/8184
f 3154/8185 3155/8186 3158/8187
f 3143/8188 3154/8189 3159/8190
f 3146/8191 3145/8192 3161/8193
f 3150/8194 3147/8195 3163/8196
f 3148/8197 3151/8198 3165/8199
f 3149/8200 3166/8201 3152/8202
f 3151/8203 3150/8204 3164/8205
f 3148/8206 3165/8207 3149/8208
f 3147/8209 3146/8210 3162/8211
f 3145/8212 3144/8213 3160/8214
f 3144/8215 3143/8216 3168/8217
f 3141/8218 3169/8219 3142/8220
f 3168/8221 3159/8222 3171/8223
f 3160/8224 3168/8225 3172/8226
f 3162/8227 3161/8228 3174/8229
f 3165/8230 3175/8231 3166/8232
f 3164/8233 3163/8234 3178/8235
f 3166/8236 3176/8237 3167/8238
f 3165/8239 3164/8240 3175/8241
f 3163/8242 3162/8243 3177/8244
f 3161/8245 3160/8246 3173/8247
f 3159/8248 3158/8249 3170/8250
f 3158/8251 3157/8252 3180/8253
f 3156/8254 3182/8255 3157/8256
f 3180/8257 3181/8258 3184/8259
f 3170/8260 3180/8261 3185/8262
f 3173/8263 3172/8264 3187/8265
f 3177/8266 3174/8267 3189/8268
f 3175/8269 3178/8270 3191/8271
f 3178/8272 3177/8273 3190/8274
f 3175/8275 3191/8276 3176/8277
f 3174/8278 3173/8279 3188/8280
f 3172/8281 3171/8282 3186/8283
f 3171/8284 3170/8285 3193/8286
f 3193/8287 3185/8288 3195/8289
f 3186/8290 3193/8291 3196/8292
f 3188/8293 3187/8294 3198/8295
f 3191/8296 3199/8297 3192/8298
f 3190/8299 3189/8300 3202/8301
f 3191/8302 3190/8303 3199/8304
f 3189/8305 3188/8306 3201/8307
f 3187/8308 3186/8309 3197/8310
f 3185/8311 3184/8312 3194/8313
f 3184/8314 3183/8315 3203/8316
f 3206/8317 3205/8318 3204/8319
f 3207/8320 3194/8321 3205/8322
f 3211/8323 3208/8324 3210/8325
f 3215/8326 3212/8327 3214/8328
f 3219/8329 3216/8330 3218/8331
f 3223/8332 3220/8333 3222/8334
f 3212/8335 3219/8336 3213/8337
f 3216/8338 3223/8339 3217/8340
f 3208/8341 3215/8342 3209/8343
f 3225/8344 3211/8345 3224/8346
f 3226/8347 3210/8348 3227/8349
f 3227/8350 3209/8351 3228/8352
f 3232/8353 3233/8354 3222/8355
f 3228/8356 3214/8357 3234/8358
f 3234/8359 3213/8360 3235/8361
f 3236/8362 3238/8363 3240/8364
f 3236/8365 3240/8366 3237/8367
f 3240/8368 3239/8369 3241/8370
f 3233/8371 3240/8372 3217/8373
f 3245/8374 3242/8375 3244/8376
f 3246/8377 3244/8378 3248/8379
f 3242/8380 3249/8381 3243/8382
f 3244/8383 3243/8384 3247/8385
f 3252/8386 3253/8387 3255/8388
f 3255/8389 3254/8390 3257/8391
f 3259/8392 3257/8393 3258/8394
f 3261/8395 3259/8396 3260/8397
f 3258/8398 3256/8399 3263/8400
f 3263/8401 3264/8402 3258/8403
f 3264/8404 3265/8405 3260/8406
f 3267/8407 3261/8408 3266/8409
f 3268/8410 3261/8411 3269/8412
f 3262/8413 3270/8414 3263/8415
f 3262/8416 3272/8417 3270/8418
f 3272/8419 3274/8420 3273/8421
f 3274/8422 3276/8423 3275/8424
f 3270/8425 3278/8426 3271/8427
f 3273/8428 3279/8429 3270/8430
f 3275/8431 3280/8432 3273/8433
f 3281/8434 3280/8435 3277/8436
f 3282/8437 3283/8438 3285/8439
f 3286/8440 3287/8441 3289/8442
f 3290/8443 3291/8444 3293/8445
f 3295/8446 3294/8447 3290/8448
f 3249/8449 3297/8450 3299/8451
f 3297/8452 3300/8453 3298/8454
f 3300/8455 3302/8456 3301/8457
f 3302/8458 3304/8459 3303/8460
f 3307/8461 3299/8462 3293/8463
f 3299/8464 3298/8465 3306/8466
f 3298/8467 3301/8468 3308/8469
f 3301/8470 3303/8471 3309/8472
f 3303/8473 3305/8474 3310/8475
f 3310/8476 3311/8477 3313/8478
f 3309/8479 3310/8480 3314/8481
f 3308/8482 3309/8483 3315/8484
f 3306/8485 3308/8486 3316/8487
f 3293/8488 3306/8489 3290/8490
f 3295/8491 3290/8492 3317/8493
f 3316/8494 3315/8495 3317/8496
f 3315/8497 3314/8498 3318/8499
f 3314/8500 3313/8501 3319/8502
f 3313/8503 3312/8504 3320/8505
f 3317/8506 3322/8507 3295/8508
f 3317/8509 3318/8510 3322/8511
f 3318/8512 3319/8513 3324/8514
f 3319/8515 3320/8516 3325/8517
f 3320/8518 3321/8519 3326/8520
f 3326/8521 3327/8522 3329/8523
f 3331/8524 3323/8525 3330/8526
f 3333/8527 3322/8528 3332/8529
f 3324/8530 3325/8531 3332/8532
f 3325/8533 3326/8534 3334/8535
f 3335/8536 3336/8537 3334/8538
f 3336/8539 3337/8540 3332/8541
f 3337/8542 3338/8543 3330/8544
f 3342/8545 3343/8546 3344/8547
f 3281/8548 3346/8549 3348/8550
f 3276/8551 3343/8552 3277/8553
f 3277/8554 3349/8555 3281/8556
f 3348/8557 3347/8558 3304/8559
f 3354/8560 3351/8561 3353/8562
f 3345/8563 3354/8564 3355/8565
f 3343/8566 3345/8567 3356/8568
f 3346/8569 3357/8570 3347/8571
f 3343/8572 3356/8573 3349/8574
f 3349/8575 3359/8576 3346/8577
f 3347/8578 3358/8579 3350/8580
f 3355/8581 3353/8582 3362/8583
f 3357/8584 3363/8585 3358/8586
f 3356/8587 3365/8588 3359/8589
f 3359/8590 3366/8591 3357/8592
f 3358/8593 3364/8594 3360/8595
f 3355/8596 3362/8597 3356/8598
f 3365/8599 3370/8600 3366/8601
f 3364/8602 3369/8603 3367/8604
f 3362/8605 3368/8606 3365/8607
f 3372/8608 3368/8609 3373/8610
f 3382/8611 3379/8612 3381/8613
f 3384/8614 3382/8615 3383/8616
f 3388/8617 3385/8618 3387/8619
f 3381/8620 3380/8621 3390/8622
f 3383/8623 3381/8624 3391/8625
f 3385/8626 3383/8627 3386/8628
f 3390/8629 3389/8630 3394/8631
f 3391/8632 3390/8633 3395/8634
f 3386/8635 3391/8636 3392/8637
f 3387/8638 3392/8639 3397/8640
f 3394/8641 3393/8642 3399/8643
f 3395/8644 3394/8645 3400/8646
f 3392/8647 3395/8648 3396/8649
f 3401/8650 3402/8651 3404/8652
f 3406/8653 3407/8654 3404/8655
f 3408/8656 3409/8657 3411/8658
f 3413/8659 3414/8660 3408/8661
f 3415/8662 3416/8663 3418/8664
f 3422/8665 3419/8666 3421/8667
f 3427/8668 3424/8669 3426/8670
f 3428/8671 3429/8672 3424/8673
f 3433/8674 3430/8675 3432/8676
f 3437/8677 3434/8678 3436/8679
f 3441/8680 3439/8681 3438/8682
f 3442/8683 3439/8684 3443/8685
f 3445/8686 3444/8687 3443/8688
f 3446/8689 3447/8690 3449/8691
f 3454/8692 3446/8693 3453/8694
f 3455/8695 3454/8696 3456/8697
f 3454/8698 3455/8699 3458/8700
f 3475/8701 3477/8702 3476/8703
f 3504/8704 3505/8705 3507/8706
f 3508/8707 3509/8708 3511/8709
f 3512/8710 3513/8711 3515/8712
f 3516/8713 3513/8714 3517/8715
f 3518/8716 3519/8717 3521/8718
f 3519/8719 3522/8720 3520/8721
f 3527/8722 3528/8723 3530/8724
f 3531/8725 3532/8726 3534/8727
f 3534/8728 3535/8729 3531/8730
f 3537/8731 3538/8732 3540/8733
f 3541/8734 3542/8735 3543/8736
f 3538/8737 3537/8738 3544/8739
f 3583/8740 3584/8741 3586/8742
f 3590/8743 3587/8744 3589/8745
f 3594/8746 3591/8747 3593/8748
f 3617/8749 3619/8750 3621/8751
f 3622/8752 3618/8753 3623/8754
f 3627/8755 3626/8756 3628/8757
f 3630/8758 3627/8759 3629/8760
f 3632/8761 3630/8762 3631/8763
f 3635/8764 3632/8765 3634/8766
f 3635/8767 3634/8768 3637/8769
f 3637/8770 3636/8771 3639/8772
f 3641/8773 3639/8774 3640/8775
f 3643/8776 3641/8777 3642/8778
f 3643/8779 3642/8780 3645/8781
f 3645/8782 3644/8783 3647/8784
f 3647/8785 3646/8786 3649/8787
f 3649/8788 3648/8789 3651/8790
f 3652/8791 3650/8792 3654/8793
f 3654/8794 3653/8795 3656/8796
f 3656/8797 3655/8798 3658/8799
f 3658/8800 3657/8801 3660/8802
f 3663/8803 3661/8804 3662/8805
f 3665/8806 3663/8807 3664/8808
f 3667/8809 3665/8810 3666/8811
f 3669/8812 3667/8813 3668/8814
f 3672/8815 3674/8816 3673/8817
f 3679/8818 3676/8819 3678/8820
f 3676/8821 3669/8822 3677/8823
f 3680/8824 3681/8825 3683/8826
f 3696/8827 3693/8828 3695/8829
f 3762/8830 3759/8831 3761/8832
f 3764/8833 3761/8834 3763/8835
f 3765/8836 3767/8837 3769/8838
f 3773/8839 3770/8840 3772/8841
f 3774/8842 3775/8843 3777/8844
f 3778/8845 3779/8846 3781/8847
f 3785/8848 3782/8849 3784/8850
f 3789/8851 3786/8852 3788/8853
f 3794/8854 3795/8855 3797/8856
f 3798/8857 3796/8858 3799/8859
f 3800/8860 3801/8861 3803/8862
f 3804/8863 3805/8864 3807/8865
f 3811/8866 3808/8867 3810/8868
f 3812/8869 3813/8870 3815/8871
f 3816/8872 3817/8873 3819/8874
f 3820/8875 3821/8876 3823/8877
f 3827/8878 3828/8879 3826/8880
f 3829/8881 3830/8882 3832/8883
f 3835/8884 3836/8885 3833/8886
f 3839/8887 3840/8888 3837/8889
f 3842/8890 3843/8891 3845/8892
f 3846/8893 3847/8894 3849/8895
f 3853/8896 3850/8897 3852/8898
f 3852/8899 3854/8900 3853/8901
f 3859/8902 3860/8903 3858/8904
f 3855/8905 3854/8906 3865/8907
f 3870/8908 3871/8909 3873/8910
f 3874/8911 3875/8912 3877/8913
f 3881/8914 3878/8915 3880/8916
f 3882/8917 3883/8918 3885/8919
