mtllib LHipPitch.mtl
o LHipPitch
usemtl nao_texture
v 0.1087781 -0.1400425 -0.1431949
v 0.07278583 -0.1400778 -0.1652077
v 0.07249977 0.1499221 -0.1652046
v 0.108492 0.1499574 -0.1431918
v 0.03229257 0.1498826 -0.1779677
v 0.03257863 -0.1401173 -0.1779709
v 0.1384565 -0.1400136 -0.1132162
v 0.1381704 0.1499863 -0.113213
v -0.00981072 0.1498411 -0.1807311
v -0.00952467 -0.1401588 -0.1807343
v 0.1598105 0.1500073 -0.07699112
v 0.1600966 -0.1399926 -0.07699432
v -0.05133643 0.1498001 -0.1733417
v -0.05105036 -0.1401998 -0.1733449
v 0.1721494 0.150019 -0.03665832
v 0.1724354 -0.1399809 -0.03666153
v -0.08990038 0.1497618 -0.1562286
v -0.08961433 -0.1402381 -0.1562317
v 0.1744829 0.1500209 0.005467529
v 0.174769 -0.139979 0.005464478
v -0.1232458 0.1497287 -0.1303793
v -0.1229598 -0.1402712 -0.1303824
v 0.1666622 0.1500127 0.04692764
v 0.1669482 -0.1399872 0.04692459
v -0.149439 0.1497025 -0.09730729
v -0.1491529 -0.1402974 -0.09731034
v 0.1494309 -0.1400049 0.08530274
v 0.1491449 0.149995 0.08530594
v -0.1669477 0.1496848 -0.05892395
v -0.1666617 -0.1403151 -0.058927
v 0.1229603 0.1499688 0.118383
v 0.1232463 -0.140031 0.11838
v -0.1747685 0.1496766 -0.01746384
v -0.1744824 -0.1403233 -0.01746689
v 0.08961481 0.1499356 0.1442323
v 0.08990087 -0.1400642 0.1442293
v -0.172435 0.1496785 0.02466217
v -0.1721489 -0.1403214 0.02465897
v 0.05105085 0.1498974 0.1613455
v 0.05133691 -0.1401025 0.1613425
v -0.160096 0.1496902 0.06499496
v -0.15981 -0.1403097 0.06499191
v 0.00952521 0.1498564 0.1687349
v 0.00981127 -0.1401435 0.1687318
v -0.1384559 0.1497112 0.1012169
v -0.1381698 -0.1402887 0.1012138
v -0.03257801 0.1498149 0.1659715
v -0.03229195 -0.140185 0.1659685
v -0.1087776 0.1497401 0.1311955
v -0.1084915 -0.1402598 0.1311925
v -0.07278533 0.1497754 0.1532083
v -0.07249928 -0.1402245 0.1532053
v 0.09165927 0.1499426 -0.3138669
v 0.07150477 0.1499233 -0.367525
v 0.115026 0.1499661 -0.357037
v 0.1212426 0.1499721 -0.3434355
v 0.07520821 0.149926 -0.2754111
v -0.2897139 0.1495658 -0.252423
v 0.07426515 0.1499246 -0.2336011
v -0.2773648 0.149577 -0.1672003
v 0.08894814 0.1499386 -0.194437
v -0.2540161 0.1495992 -0.08432328
v 0.1171492 0.1499662 -0.1635565
v -0.1752283 0.1496751 0.08302903
v -0.2200745 0.1496318 -0.005177307
v 0.1460159 0.1499915 0.125228
v 0.05508696 0.1499012 0.1824988
v 0.00141083 0.1498481 0.1904164
v -0.05237647 0.1497952 0.1833554
v 0.1557746 0.1500039 -0.1254567
v -0.1441964 0.1497052 0.1275269
v 0.1825045 0.1500297 -0.07825653
v 0.1953059 0.1500418 -0.02553192
v 0.1763285 0.1500219 0.08024552
v 0.1597082 0.1500103 -0.3598703
v 0.15952 0.3000101 -0.3605469
v 0.1208084 0.2999717 -0.3440163
v 0.1212426 0.1499721 -0.3434355
v 0.09103826 0.2999421 -0.3142574
v 0.09165927 0.1499426 -0.3138669
v 0.07448558 0.2999253 -0.2755588
v 0.07520821 0.149926 -0.2754111
v 0.07353362 0.2999239 -0.2334847
v 0.07426515 0.1499246 -0.2336011
v 0.08830704 0.299938 -0.194066
v 0.08894814 0.1499386 -0.194437
v 0.1166932 0.2999657 -0.1629903
v 0.1171492 0.1499662 -0.1635565
v 0.1551827 0.3000032 -0.1250322
v 0.1557746 0.1500039 -0.1254567
v 0.1818145 0.300029 -0.07799744
v 0.1825045 0.1500297 -0.07825653
v 0.1946843 0.2981158 -0.02423462
v 0.1953059 0.1500418 -0.02553192
v 0.1924665 0.2981111 0.0285527
v 0.1931909 0.1500391 0.02867828
v 0.1752469 0.2980813 0.08078095
v 0.1763285 0.1500219 0.08024552
v -0.2897139 0.1495658 -0.252423
v -0.2890617 0.2973089 -0.25248
v -0.2902168 0.2973085 -0.3384874
v -0.29087 0.1495655 -0.3385246
v 0.1449155 0.2980296 0.1253531
v 0.1460159 0.1499915 0.125228
v -0.2773648 0.149577 -0.1672003
v -0.2767188 0.2973279 -0.1673433
v 0.1035721 0.2979596 0.159967
v 0.104534 0.1499502 0.1602026
v -0.2540161 0.1495992 -0.08432328
v -0.253785 0.2973649 -0.08507172
v 0.05434706 0.2978767 0.1819771
v 0.05508696 0.1499012 0.1824988
v -0.2200745 0.1496318 -0.005177307
v -0.2196071 0.2974208 -0.005488129
v 0.0009999698 0.2977871 0.1897208
v 0.00141083 0.1498481 0.1904164
v -0.05245608 0.2976976 0.1826163
v -0.05237647 0.1497952 0.1833554
v -0.1752283 0.1496751 0.08302903
v -0.1746476 0.2974946 0.08270539
v -0.1019283 0.297615 0.1611975
v -0.1021773 0.1497463 0.1618413
v -0.1441964 0.1497052 0.1275269
v -0.1437242 0.2975456 0.1270549
v 0.1230238 -0.1400263 -0.3433916
v 0.1226686 -0.2811655 -0.3439734
v 0.1613405 -0.2811655 -0.3608798
v 0.1614496 -0.1399882 -0.3602023
v 0.09351905 -0.1400557 -0.3135875
v 0.09297188 -0.2811655 -0.3139702
v 0.07710439 -0.1400723 -0.2749803
v 0.07646084 -0.2811655 -0.2751289
v 0.07179083 -0.1400766 -0.3675282
v 0.09351905 -0.1400557 -0.3135875
v 0.1230238 -0.1400263 -0.3433916
v 0.116061 -0.140033 -0.3569806
v 0.07612441 -0.1400738 -0.2330524
v 0.0754717 -0.2811655 -0.2329369
v 0.09069454 -0.1400598 -0.1937227
v 0.09013748 -0.2811655 -0.1933612
v 0.1832907 -0.1399697 -0.07696899
v 0.1826849 -0.2811655 -0.07671936
v 0.1564636 -0.2811655 -0.1238313
v 0.1569851 -0.1399952 -0.1242497
v 0.1957067 -0.139958 -0.02430435
v 0.1950493 -0.2811655 -0.02423859
v 0.1932776 -0.139961 0.02974884
v 0.1926321 -0.2811655 0.0296225
v 0.1762009 -0.1399784 0.08109131
v 0.1756119 -0.2811655 0.08077683
v 0.1957067 -0.139958 -0.02430435
v 0.1832907 -0.1399697 -0.07696899
v 0.05487099 -0.1400992 0.1826459
v 0.1932776 -0.139961 0.02974884
v -0.2909145 -0.1404346 -0.3408047
v -0.2901739 -0.2811656 -0.3407632
v -0.2891953 -0.2811656 -0.2541605
v -0.2899349 -0.1404346 -0.2541077
v -0.277596 -0.1404234 -0.1682935
v 0.07612441 -0.1400738 -0.2330524
v 0.07710439 -0.1400723 -0.2749803
v -0.2899349 -0.1404346 -0.2541077
v 0.1457618 -0.1400089 0.1258205
v 0.1452805 -0.2811655 0.1253491
v -0.2768711 -0.2811655 -0.1684374
v -0.277596 -0.1404234 -0.1682935
v 0.1042648 -0.1400502 0.1605515
v 0.1039371 -0.2811655 0.1599631
v -0.2534201 -0.2811656 -0.08507554
v -0.2541167 -0.1404011 -0.08484406
v 0.09069454 -0.1400598 -0.1937227
v -0.2541167 -0.1404011 -0.08484406
v 0.05487099 -0.1400992 0.1826459
v 0.05471212 -0.2811655 0.1819731
v -0.2192421 -0.2811656 -0.005492096
v -0.2199051 -0.1403682 -0.005181427
v -0.1741949 -0.2811655 0.08288407
v -0.1748493 -0.1403247 0.08319993
v -0.1748493 -0.1403247 0.08319993
v 0.1187679 -0.1400325 -0.1625571
v -0.2199051 -0.1403682 -0.005181427
v 0.001319569 -0.1401521 0.1904169
v 0.001365 -0.2811655 0.1897168
v 0.1569851 -0.1399952 -0.1242497
v -0.05230946 -0.1402049 0.1832886
v 0.1042648 -0.1400502 0.1605515
v 0.1762009 -0.1399784 0.08109131
v -0.05230946 -0.1402049 0.1832886
v -0.05209104 -0.2811655 0.1826123
v -0.1438782 -0.1402946 0.1275668
v -0.1019681 -0.1402537 0.1617912
v -0.1015633 -0.2811655 0.1611935
v -0.1433218 -0.2811655 0.1270854
v -0.1438782 -0.1402946 0.1275668
v -0.1019681 -0.1402537 0.1617912
v 0.1404321 -0.1400006 -1.139558
v 0.1399599 -0.1800011 -1.139085
v 0.09820155 -0.1800419 -1.173194
v 0.09852734 -0.1400415 -1.173791
v 0.1714171 -0.1399705 -1.095194
v 0.1708279 -0.1799711 -1.094876
v 0.04872404 -0.1800905 -1.194604
v 0.04887726 -0.1400903 -1.195283
v -0.00471832 -0.1801431 -1.201712
v -0.00476555 -0.1401431 -1.202408
v -0.0580792 -0.1801959 -1.193965
v -0.05831695 -0.140196 -1.194637
v 0.2158836 -0.1799276 -1.006494
v 0.2164643 -0.139927 -1.006818
v 0.2249899 -0.1399188 -0.9894596
v 0.2506759 -0.1398941 -0.9271552
v 0.2500582 -0.1798948 -0.9269245
v -0.1072957 -0.1802446 -1.171949
v -0.1077055 -0.140245 -1.172551
v 0.2500582 -0.1798948 -0.9269245
v 0.2506759 -0.1398941 -0.9271552
v 0.2741501 -0.1398719 -0.8436975
v 0.2735039 -0.1798725 -0.8435544
v 0.239305 -0.1399042 -1.0369
v 0.2743033 -0.1398696 -1.037028
v 0.2249899 -0.1399188 -0.9894596
v 0.2164643 -0.139927 -1.006818
v -0.0941352 -0.1402354 -0.8182767
v 0.2081277 -0.139936 -0.9332736
v -0.1486422 -0.1802858 -1.137349
v -0.1492026 -0.1402863 -1.13782
v 0.2743033 -0.1398696 -1.037028
v 0.2750236 -0.139871 -0.8433625
v 0.286489 -0.1398606 -0.7578833
v 0.2858282 -0.1798613 -0.7578311
v -0.1789738 -0.1803162 -1.092777
v -0.1796468 -0.1403168 -1.093082
v 0.2874736 -0.1398606 -0.6711946
v 0.2868121 -0.1798613 -0.6712371
v -0.1959991 -0.1803335 -1.041614
v -0.1967235 -0.1403342 -1.04174
v -0.1984164 -0.1803365 -0.987753
v -0.1991527 -0.1403372 -0.9876865
v -0.1860467 -0.1803248 -0.9352808
v -0.1867366 -0.1403255 -0.9350217
v -0.1598255 -0.1802995 -0.888169
v -0.1604172 -0.1403001 -0.8877445
v -0.1217493 -0.1802623 -0.8499948
v -0.1222086 -0.1402628 -0.8494425
v 0.1714171 -0.1399705 -1.095194
v -0.1222086 -0.1402628 -0.8494425
v -0.09349936 -0.1802348 -0.8186389
v -0.0941352 -0.1402354 -0.8182767
v -0.07883884 -0.1802208 -0.7790549
v -0.07956512 -0.1402215 -0.7789469
v -0.07956512 -0.1402215 -0.7789469
v 0.1851399 -0.1399594 -0.8676468
v 0.09997617 -0.1400446 -0.7587195
v 0.1485109 -0.1399962 -0.8085227
v -0.07982784 -0.1802222 -0.7368628
v -0.08055032 -0.1402229 -0.7370105
v -0.08055032 -0.1402229 -0.7370105
v 0.04183145 -0.1401023 -0.7205728
v -0.09633888 -0.1802389 -0.6980216
v -0.09695988 -0.1402395 -0.6984119
v -0.09199345 -0.1402347 -0.6858329
v -0.02317938 -0.1401667 -0.6958856
v -0.09695988 -0.1402395 -0.6984119
v -0.1260303 -0.1802685 -0.6680268
v -0.1166918 -0.1402592 -0.6761345
v -0.1647023 -0.1803068 -0.6511203
v -0.1648904 -0.140307 -0.6517971
v -0.1264645 -0.1402689 -0.6686077
v 0.2743033 -0.1398696 -1.037028
v 0.239305 -0.1399042 -1.0369
v 0.2404773 0.005097084 -1.036902
v 0.2728945 0.005129051 -1.037027
v 0.2728945 0.005129051 -1.037027
v 0.2736148 0.005127678 -0.8433612
v 0.2081277 -0.139936 -0.9332736
v 0.2092172 0.005065117 -0.9329874
v 0.2404773 0.005097084 -1.036902
v 0.2249899 -0.1399188 -0.9894596
v 0.1851399 -0.1399594 -0.8676468
v 0.1861396 0.005041657 -0.867099
v 0.1485109 -0.1399962 -0.8085227
v 0.1493696 0.00500473 -0.8077445
v 0.09997617 -0.1400446 -0.7587195
v 0.1006429 0.004956131 -0.7577423
v 0.04183145 -0.1401023 -0.7205728
v 0.04226533 0.004898148 -0.7194448
v -0.02317938 -0.1401667 -0.6958856
v -0.02300519 0.004833489 -0.6946587
v -0.09199345 -0.1402347 -0.6858329
v -0.09209232 0.004765244 -0.6845616
v 0.2390189 0.1500957 -1.036897
v 0.2740172 0.1501303 -1.037025
v 0.2078417 0.1500639 -0.9332706
v 0.2246579 0.1500811 -0.9892853
v 0.2390189 0.1500957 -1.036897
v 0.2246579 0.1500811 -0.9892853
v 0.2500032 0.1501054 -0.92767
v 0.2740172 0.1501303 -1.037025
v 0.2736138 0.00512764 -0.8418262
v 0.2728945 0.005129051 -1.037027
v 0.2740172 0.1501303 -1.037025
v 0.2747416 0.1501289 -0.8418329
v 0.2740172 0.1501303 -1.037025
v 0.2500032 0.1501054 -0.92767
v 0.2733467 0.1501275 -0.8447843
v 0.2747416 0.1501289 -0.8418329
v 0.2726216 0.1901268 -0.8446405
v 0.2754857 0.1501295 -0.8343097
v 0.1849672 0.1500406 -0.8678675
v 0.1485472 0.1500041 -0.8089319
v 0.1002928 0.1499559 -0.7592035
v 0.1712154 0.1500295 -1.095022
v -0.121162 0.1497384 -0.8484366
v -0.1597875 0.1497007 -0.8865366
v 0.1401836 0.1499993 -1.13952
v 0.2160702 0.1500727 -1.006811
v -0.09296109 0.1497659 -0.8175565
v 0.2246579 0.1500811 -0.9892853
v 0.2078417 0.1500639 -0.9332706
v 0.1849672 0.1500406 -0.8678675
v -0.0782781 0.1497799 -0.7783921
v 0.04318515 0.004899063 -0.7199138
v 0.04246509 0.1498985 -0.7210388
v 0.1485472 0.1500041 -0.8089319
v 0.1002928 0.1499559 -0.7592035
v 0.04246509 0.1498985 -0.7210388
v -0.07922626 0.1497786 -0.7365735
v -0.02174696 0.004834747 -0.694991
v -0.02222093 0.1498344 -0.6962116
v -0.0905379 0.00476677 -0.6846309
v -0.09073032 0.1497667 -0.6858904
v -0.09073032 0.1497667 -0.6858904
v -0.1037537 0.1497538 -0.6831298
v -0.09567735 0.1497619 -0.6981177
v 0.09816452 0.1499582 -1.173834
v 0.0977683 0.1899579 -1.173232
v 0.1395949 0.1899988 -1.139082
v 0.1401836 0.1499993 -1.13952
v 0.1704629 0.1900288 -1.094872
v 0.1712154 0.1500295 -1.095022
v 0.04835838 0.1499094 -1.19534
v 0.04813996 0.1899092 -1.194664
v 0.2154021 0.1900721 -1.006491
v 0.2160702 0.1500727 -1.006811
v -0.0054238 0.1498564 -1.20241
v -0.00546058 0.1898564 -1.201704
v -0.05909988 0.1498034 -1.194492
v -0.05894089 0.1898035 -1.193819
v -0.1085522 0.1497544 -1.172187
v -0.1082244 0.1897547 -1.171599
v 0.2493066 0.1901047 -0.9274384
v 0.2493066 0.1901047 -0.9274384
v -0.1500202 0.149713 -1.137216
v -0.1495475 0.1897136 -1.13675
v -0.1803465 0.1496827 -1.09223
v -0.1797609 0.1896833 -1.09193
v 0.285701 0.1501388 -0.75957
v 0.2849698 0.1901381 -0.7595124
v 0.2861251 0.1901383 -0.6735048
v 0.286857 0.150139 -0.6734687
v -0.1972039 0.1496655 -1.040671
v -0.1965584 0.1896662 -1.040545
v -0.1993188 0.1496628 -0.9864612
v -0.1986614 0.1896635 -0.9865271
v -0.1865173 0.1496749 -0.9337366
v -0.1859064 0.1896755 -0.9339948
v -0.1597875 0.1497007 -0.8865366
v -0.1592744 0.1897013 -0.8869602
v -0.121162 0.1497384 -0.8484366
v -0.1207902 0.1897388 -0.8489936
v -0.09296109 0.1497659 -0.8175565
v -0.09240403 0.1897665 -0.8179178
v -0.0782781 0.1497799 -0.7783921
v -0.07762538 0.1897806 -0.7785074
v -0.07922626 0.1497786 -0.7365735
v -0.07858269 0.1897793 -0.7364249
v -0.09567735 0.1497619 -0.6981177
v -0.09513534 0.1897625 -0.6977265
v -0.1151537 0.1497425 -0.6762583
v -0.1249054 0.1897328 -0.6679674
v -0.163721 0.1496943 -0.6521228
v -0.1636086 0.1896945 -0.6514318
v -0.1252606 0.1497324 -0.6685492
v 0.1460159 0.1499915 0.125228
v 0.104534 0.1499502 0.1602026
v 0.05508696 0.1499012 0.1824988
v 0.1953059 0.1500418 -0.02553192
v 0.1931909 0.1500391 0.02867828
v 0.1763285 0.1500219 0.08024552
v -0.1441964 0.1497052 0.1275269
v 0.1557746 0.1500039 -0.1254567
v 0.1825045 0.1500297 -0.07825653
v 0.1212426 0.1499721 -0.3434355
v 0.115026 0.1499661 -0.357037
v 0.1597082 0.1500103 -0.3598703
v 0.08894814 0.1499386 -0.194437
v -0.2200745 0.1496318 -0.005177307
v -0.2540161 0.1495992 -0.08432328
v -0.05237647 0.1497952 0.1833554
v -0.1021773 0.1497463 0.1618413
v 0.1762009 -0.1399784 0.08109131
v 0.1042648 -0.1400502 0.1605515
v 0.1457618 -0.1400089 0.1258205
v 0.001319569 -0.1401521 0.1904169
v 0.05487099 -0.1400992 0.1826459
v -0.05230946 -0.1402049 0.1832886
v 0.116061 -0.140033 -0.3569806
v 0.1230238 -0.1400263 -0.3433916
v 0.1614496 -0.1399882 -0.3602023
v 0.07179083 -0.1400766 -0.3675282
v 0.07710439 -0.1400723 -0.2749803
v 0.09351905 -0.1400557 -0.3135875
v -0.2199051 -0.1403682 -0.005181427
v 0.09069454 -0.1400598 -0.1937227
v -0.2541167 -0.1404011 -0.08484406
v 0.2249899 -0.1399188 -0.9894596
v 0.2404773 0.005097084 -1.036902
v 0.239305 -0.1399042 -1.0369
v -0.08055032 -0.1402229 -0.7370105
v -0.02317938 -0.1401667 -0.6958856
v 0.04183145 -0.1401023 -0.7205728
v -0.1051677 -0.1402478 -0.6830942
v -0.09199345 -0.1402347 -0.6858329
v -0.09695988 -0.1402395 -0.6984119
v -0.1166918 -0.1402592 -0.6761345
v -0.1166918 -0.1402592 -0.6761345
v -0.1260303 -0.1802685 -0.6680268
v -0.1264645 -0.1402689 -0.6686077
v 0.2158836 -0.1799276 -1.006494
v 0.2164643 -0.139927 -1.006818
v 0.2249899 -0.1399188 -0.9894596
v 0.2390189 0.1500957 -1.036897
v 0.2246579 0.1500811 -0.9892853
v -0.09567735 0.1497619 -0.6981177
v -0.1037537 0.1497538 -0.6831298
v -0.1151537 0.1497425 -0.6762583
v -0.07922626 0.1497786 -0.7365735
v 0.04246509 0.1498985 -0.7210388
v -0.02222093 0.1498344 -0.6962116
v -0.09073032 0.1497667 -0.6858904
v 0.04246509 0.1498985 -0.7210388
v 0.2160702 0.1500727 -1.006811
v 0.2154021 0.1900721 -1.006491
v 0.2246579 0.1500811 -0.9892853
v -0.1252606 0.1497324 -0.6685492
v -0.1249054 0.1897328 -0.6679674
v -0.1151537 0.1497425 -0.6762583
v -0.1437242 0.2975456 0.1270549
v -0.1019283 0.297615 0.1611975
v 0.00150545 0.2976902 -0.01207367
v -0.2196071 0.2974208 -0.005488129
v -0.1746476 0.2974946 0.08270539
v -0.2767188 0.2973279 -0.1673433
v -0.253785 0.2973649 -0.08507172
v 0.1752469 0.2980813 0.08078095
v 0.1924665 0.2981111 0.0285527
v 0.1946843 0.2981158 -0.02423462
v -0.2902168 0.2973085 -0.3384874
v -0.2890617 0.2973089 -0.25248
v 0.1449155 0.2980296 0.1253531
v 0.1035721 0.2979596 0.159967
v 0.05434706 0.2978767 0.1819771
v 0.0009999698 0.2977871 0.1897208
v -0.05245608 0.2976976 0.1826163
v -0.1433218 -0.2811655 0.1270854
v -0.1741949 -0.2811655 0.08288407
v -0.03290761 -0.2811655 0.01346985
v -0.2192421 -0.2811656 -0.005492096
v 0.1564636 -0.2811655 -0.1238313
v 0.1826849 -0.2811655 -0.07671936
v 0.1950493 -0.2811655 -0.02423859
v 0.1926321 -0.2811655 0.0296225
v -0.2891953 -0.2811656 -0.2541605
v -0.2901739 -0.2811656 -0.3407632
v 0.1756119 -0.2811655 0.08077683
v -0.2768711 -0.2811655 -0.1684374
v 0.1452805 -0.2811655 0.1253491
v -0.2534201 -0.2811656 -0.08507554
v 0.1039371 -0.2811655 0.1599631
v 0.05471212 -0.2811655 0.1819731
v 0.001365 -0.2811655 0.1897168
v -0.05209104 -0.2811655 0.1826123
v -0.1015633 -0.2811655 0.1611935
v 0.09069454 -0.1400598 -0.1937227
v 0.1187679 -0.1400325 -0.1625571
v 0.1187679 -0.2811655 -0.1625571
v 0.09013748 -0.2811655 -0.1933612
v 0.1564636 -0.2811655 -0.1238313
v 0.1569851 -0.1399952 -0.1242497
v 0.07179083 -0.1400766 -0.3675282
v -0.2909145 -0.1404346 -0.3408047
v -0.2899349 -0.1404346 -0.2541077
v 0.07710439 -0.1400723 -0.2749803
v 0.07150477 0.1499233 -0.367525
v -0.2897139 0.1495658 -0.252423
v -0.29087 0.1495655 -0.3385246
v 0.0564804 0.3258718 0.1661339
v 0.1295591 0.3442001 0.1218275
v 0.02971924 0.3576111 0.09246964
v -0.01944584 0.3122602 0.1704186
v -0.07994041 0.368638 0.0428035
v -0.1280907 0.3132606 0.1316421
v -0.1695883 0.3680943 -0.01027435
v -0.2011027 0.3221463 0.08105729
v -0.253737 0.3546308 -0.07196854
v -0.2781925 0.317676 0.02611694
v -0.3487008 0.3236364 -0.1447604
v -0.3584453 0.3075432 -0.04598389
v -0.4030254 0.3027749 -0.2014667
v -0.4067752 0.2966513 -0.1046146
v -0.4458664 0.2691506 -0.2824535
v -0.4350265 0.2802733 -0.1873123
v 0.1655873 0.3605045 0.03511459
v 0.05697714 0.3826451 -0.004917145
v -0.05968485 0.3942679 -0.05037582
v -0.1556237 0.3866613 -0.1037195
v -0.2432034 0.3601373 -0.158271
v -0.3339567 0.3267587 -0.2418681
v -0.3893058 0.3059821 -0.291165
v -0.4210696 0.2771257 -0.3291617
v 0.1672753 0.3623794 -0.05332138
v 0.05692441 0.3894995 -0.08827652
v -0.05622312 0.3993867 -0.1422424
v -0.1448302 0.3914297 -0.1828171
v -0.2348717 0.3556669 -0.2513661
v -0.3182579 0.3267587 -0.3167687
v -0.3780476 0.3059821 -0.3572613
v -0.4030802 0.2797707 -0.377587
v 0.1312208 0.3739913 -0.1425096
v 0.04215699 0.3960561 -0.1782816
v -0.06117788 0.402367 -0.2227559
v -0.1399938 0.3872573 -0.2678612
v -0.2293372 0.3458322 -0.3392103
v -0.3050117 0.3261626 -0.3937677
v -0.3579195 0.3068178 -0.4478461
v -0.3867542 0.2801497 -0.4529222
v 0.1273792 0.3757794 -0.2345689
v 0.04069175 0.4014205 -0.2798531
v -0.04619535 0.4045427 -0.3218022
v -0.1257142 0.3798068 -0.3669087
v -0.2087421 0.3401697 -0.4218124
v -0.2812566 0.3255666 -0.4651724
v -0.3336705 0.3061344 -0.4979477
v -0.3687817 0.2809109 -0.5151509
v 0.1311214 0.3811438 -0.2997293
v 0.06481668 0.4023146 -0.346766
v -0.01935826 0.4005788 -0.3920203
v -0.09740752 0.3801049 -0.4386656
v -0.1825422 0.3399715 -0.480918
v -0.2571388 0.3255666 -0.5201289
v -0.3170136 0.303854 -0.5576836
v -0.3544836 0.2817466 -0.5675699
v 0.1706044 0.370713 -0.3506195
v 0.1036601 0.3990363 -0.4010794
v 0.04377078 0.4005789 -0.447129
v -0.04632406 0.3941119 -0.4883859
v -0.1423043 0.3497628 -0.5390837
v -0.2248618 0.3287248 -0.5701813
v -0.2913278 0.3178775 -0.5956352
v -0.3433615 0.2809109 -0.603555
v 0.2477602 0.3332318 -0.3823877
v 0.2044227 0.3623165 -0.4323817
v 0.1376188 0.3995693 -0.4815286
v 0.01642596 0.4091127 -0.5334987
v -0.09937547 0.3618834 -0.5812308
v -0.1875225 0.3291429 -0.6024052
v -0.2565886 0.3238375 -0.6156529
v -0.3343936 0.2854969 -0.62756
v 0.3444315 0.2634358 -0.4116641
v 0.3163715 0.2958573 -0.4584769
v 0.2394755 0.3557599 -0.5110821
v 0.1204109 0.4080355 -0.5682997
v 0.00485177 0.4014205 -0.6072909
v -0.08852762 0.3620745 -0.6433209
v -0.1588293 0.3359256 -0.6507007
v 0.405884 0.1814794 -0.4671176
v 0.3559886 0.2670586 -0.5323134
v 0.2841319 0.3427029 -0.5816283
v 0.178435 0.4094601 -0.6347429
v 0.06715426 0.4273415 -0.6654618
v -0.02943494 0.3912807 -0.7014382
v -0.09067424 0.3596903 -0.7181935
v 0.4043969 0.1625683 -0.6109894
v 0.3697382 0.2721752 -0.6553418
v 0.2926194 0.3611244 -0.6932863
v 0.1883572 0.4178704 -0.7290784
v 0.08410159 0.4256128 -0.7434494
v -0.0286278 0.3838896 -0.7697498
v -0.1172148 0.3510766 -0.7822971
v 0.4137176 0.175601 -0.7284461
v 0.3840396 0.2833506 -0.7395612
v 0.2919637 0.3855623 -0.7731745
v 0.1767496 0.4330696 -0.8078745
v 0.06408616 0.428295 -0.8243445
v -0.06542994 0.3803133 -0.8272266
v -0.1508931 0.338292 -0.8306751
v 0.4375368 0.201745 -0.8149359
v 0.4055361 0.3047358 -0.8249723
v 0.3064327 0.4070199 -0.8621509
v 0.1945552 0.4479707 -0.8971964
v 0.09625399 0.453627 -0.9115772
v 0.4823081 0.2175402 -0.9109326
v 0.4546741 0.323481 -0.9203455
v 0.3526178 0.4317887 -0.9621735
v 0.2389755 0.4670442 -0.9917884
v 0.1410177 0.4819392 -1.019482
v 0.5031293 0.2187092 -0.9601706
v 0.470228 0.3411436 -0.9770398
v 0.372719 0.4383123 -1.013197
v 0.2577344 0.4876078 -1.037978
v 0.1602516 0.4861115 -1.066778
v -0.2265351 0.1512017 -0.952782
v -0.2197876 0.1514143 -0.9041773
v -0.2045001 0.2781664 -0.8955869
v -0.2265351 0.2770479 -0.952782
v -0.2351682 0.1512017 -1.010548
v -0.2351682 0.2770479 -1.010548
v -0.2285562 0.1512017 -1.068581
v -0.2285562 0.2770479 -1.068581
v -0.2071497 0.1512017 -1.122925
v -0.2071497 0.2770479 -1.122925
v -0.1724073 0.1512017 -1.169876
v -0.1724073 0.2770479 -1.169876
v -0.1261623 0.1512017 -1.206613
v -0.1261623 0.2770479 -1.206613
v -0.07306692 0.1512017 -1.229553
v -0.07306692 0.2770479 -1.229553
v -0.01489481 0.1512017 -1.238306
v -0.01489481 0.2770479 -1.238306
v 0.04288167 0.1512017 -1.231653
v 0.04288167 0.2770479 -1.231653
v 0.09782948 0.1512017 -1.210201
v 0.09782948 0.2770479 -1.210201
v 0.144272 0.1512017 -1.175364
v 0.144272 0.2770479 -1.175364
v 0.1811939 0.1512017 -1.129981
v 0.1811939 0.2770479 -1.129981
v 0.2042352 0.1512017 -1.076602
v 0.2064487 0.2767721 -1.077928
v -0.1924527 0.3160414 -0.9058161
v -0.2152368 0.3160414 -0.956037
v -0.2234175 0.3160414 -1.010776
v -0.2171521 0.3160414 -1.065768
v -0.1968672 0.3160414 -1.117264
v -0.1639453 0.3160414 -1.161755
v -0.1201235 0.3160414 -1.196567
v -0.06981033 0.3160414 -1.218305
v -0.01468642 0.3160414 -1.2266
v 0.04006256 0.3160414 -1.220295
v 0.09213116 0.3160414 -1.199967
v 0.1361401 0.3160414 -1.166956
v 0.1711273 0.3160414 -1.123951
v 0.1942838 0.3139399 -1.08277
v -0.1751706 0.3460414 -0.9162009
v -0.1957857 0.3460414 -0.9616407
v -0.2031876 0.3460414 -1.011169
v -0.1975186 0.3460414 -1.060925
v -0.1791649 0.3460414 -1.107519
v -0.1493771 0.3460414 -1.147774
v -0.1097272 0.3460414 -1.179272
v -0.0642038 0.3460414 -1.198941
v -0.01432767 0.3460414 -1.206446
v 0.03520924 0.3460414 -1.200742
v 0.08232088 0.3460414 -1.182349
v 0.1221402 0.3460414 -1.15248
v 0.1537966 0.3460414 -1.113569
v 0.1734329 0.3459848 -1.088614
v -0.1670269 0.327051 -0.8624103
v -0.1455176 0.3482824 -0.8772986
v -0.1423201 0.3760414 -0.9359403
v -0.1588121 0.3760414 -0.9722922
v -0.1647337 0.3760414 -1.011915
v -0.1601985 0.3760414 -1.05172
v -0.1455155 0.3760414 -1.088995
v -0.1216853 0.3760414 -1.121199
v -0.08996535 0.3760414 -1.146398
v -0.05354666 0.3760414 -1.162132
v -0.01364576 0.3760414 -1.168136
v 0.02598375 0.3760414 -1.163573
v 0.06367309 0.3760414 -1.148859
v 0.09599837 0.3765523 -1.125102
v 0.1291304 0.3730589 -1.106468
v -0.1107999 0.3571604 -0.8454309
v -0.08513958 0.3760414 -0.8809165
v -0.1175513 0.3760414 -0.90495
v -0.1214312 0.3800483 -0.9484928
v -0.1354364 0.3800483 -0.9786856
v -0.140728 0.3797502 -1.012735
v -0.1366952 0.3797502 -1.046183
v -0.1245533 0.3797502 -1.077609
v -0.1038957 0.3797502 -1.105188
v -0.07695076 0.3797502 -1.126894
v -0.04614913 0.3797502 -1.139886
v -0.01291034 0.3803463 -1.14538
v 0.02053713 0.3827305 -1.141347
v 0.05504754 0.3967826 -1.131467
v -0.06861393 0.3821857 -0.8718875
v -0.05866526 0.3907357 -0.8971207
v -0.07356543 0.3824325 -0.9021057
v -0.1005365 0.3803463 -0.9217502
v -0.09889916 0.3858501 -0.9584235
v -0.1097674 0.3858501 -0.984791
v -0.1135991 0.3858501 -1.011064
v -0.1109802 0.3858501 -1.036559
v -0.1007388 0.3858501 -1.062644
v -0.0844352 0.3858501 -1.084727
v -0.06363201 0.3858501 -1.101538
v -0.03813308 0.3864462 -1.112198
v -0.01214064 0.3894264 -1.116508
v 0.01404157 0.3900225 -1.128242
v -0.06348911 0.3897723 -0.9271823
v -0.08158536 0.3864461 -0.9379199
v -0.4292008 0.2271399 -0.3778905
v -0.4395185 0.2238688 -0.3353647
v -0.4204383 0.231492 -0.4105713
v -0.4033871 0.2343934 -0.4715683
v -0.3891419 0.2387456 -0.521311
v -0.3743613 0.2377784 -0.5768973
v -0.3654237 0.2358239 -0.6091962
v -0.357053 0.2342827 -0.6315344
v -0.4238706 0.1844799 -0.4239952
v -0.4346875 0.1781082 -0.3843065
v -0.4167149 0.1856384 -0.4514632
v -0.4052151 0.1885347 -0.4963544
v -0.3947141 0.1856384 -0.5397037
v -0.381357 0.1844799 -0.5871167
v -0.373772 0.1757912 -0.6150746
v -0.3679741 0.1711545 -0.6337047
v -0.2197876 0.1514143 -0.9041773
v -0.2265351 0.1512017 -0.952782
v -0.2071296 0.1512017 -0.9583725
v -0.1852495 0.1512017 -0.9101444
v -0.2351682 0.1512017 -1.010548
v -0.2149857 0.1512017 -1.01094
v -0.2285562 0.1512017 -1.068581
v -0.2089689 0.1512017 -1.063749
v -0.2071497 0.1512017 -1.122925
v -0.1894889 0.1512017 -1.113202
v -0.1724073 0.1512017 -1.169876
v -0.1578733 0.1512017 -1.155928
v -0.1261623 0.1512017 -1.206613
v -0.1157903 0.1512017 -1.189359
v -0.07306692 0.1512017 -1.229553
v -0.06747352 0.1512017 -1.210234
v -0.01489481 0.1512017 -1.238306
v -0.01453687 0.1512017 -1.218199
v 0.04288167 0.1512017 -1.231653
v 0.03803969 0.1512017 -1.212145
v 0.09782948 0.1512017 -1.210201
v 0.08804224 0.1512017 -1.192624
v 0.144272 0.1512017 -1.175364
v 0.1303049 0.1512017 -1.160922
v 0.1811939 0.1512017 -1.129981
v 0.1639038 0.1512017 -1.119623
v 0.2042352 0.1512017 -1.076602
v 0.1848714 0.1512017 -1.071048
v 0.2248735 0.1512017 -1.066098
v 0.2018867 0.1512017 -1.054408
v 0.2065378 0.1512017 -0.961464
v 0.1869668 0.1512017 -0.9662729
v 0.1850854 0.1512017 -0.9065161
v 0.1674451 0.1512017 -0.9162705
v 0.1502487 0.1512017 -0.8600736
v 0.1357437 0.1512017 -0.8740079
v 0.1048651 0.1512017 -0.8231516
v 0.0944446 0.1512017 -0.840409
v 0.05095871 0.1512017 -0.8004141
v 0.04538981 0.1512017 -0.8197177
v -0.00640243 0.1512017 -0.7914585
v -0.00680883 0.1512017 -0.811568
v -0.06498981 0.1512017 -0.7983136
v -0.06012339 0.1512017 -0.8178064
v -0.1191267 0.1512017 -0.8195639
v -0.109388 0.1512017 -0.8371439
v -0.1663803 0.1512017 -0.8546027
v -0.1523886 0.1512017 -0.8690293
v -0.416804 0.1062815 -0.463425
v -0.4227383 0.1013918 -0.4395352
v -0.4093858 0.1138117 -0.4944093
v -0.3995854 0.1201834 -0.5349484
v -0.3924476 0.1207627 -0.5648086
v -0.3831454 0.1196042 -0.5947264
v -0.3762522 0.1138117 -0.6186778
v -0.3718651 0.1044202 -0.6328816
v -0.408013 0.03999744 -0.4961314
v -0.4159275 0.04024723 -0.4620125
v -0.4014594 0.03999744 -0.5248802
v -0.3960196 0.03999744 -0.5479298
v -0.3904629 0.03806316 -0.5714484
v -0.3825804 0.0390303 -0.5993678
v -0.3733913 0.04000713 -0.6242966
v -0.3715588 0.04000713 -0.6304144
v -0.4094838 -0.01512978 -0.4865365
v -0.4156027 -0.01536056 -0.4571556
v -0.4022903 -0.01609692 -0.51662
v -0.3948014 -0.01464619 -0.5491203
v -0.3891278 -0.01512978 -0.5731077
v -0.3821805 -0.01609692 -0.5972758
v -0.3752409 -0.01628178 -0.6205737
v -0.3714356 -0.01628178 -0.6333722
v -0.4138588 -0.08834572 -0.4555269
v -0.4206986 -0.08660798 -0.4243982
v -0.407019 -0.09008347 -0.4866554
v -0.3989002 -0.09413819 -0.52045
v -0.3899496 -0.09413819 -0.558813
v -0.3822156 -0.0929797 -0.5861368
v -0.3729952 -0.0902026 -0.6115236
v -0.3713608 -0.08461911 -0.6263904
v -0.4224731 -0.1438465 -0.4240803
v -0.4314226 -0.1349819 -0.3859212
v -0.4138868 -0.1467429 -0.4597502
v -0.4040158 -0.1481911 -0.5005722
v -0.3936797 -0.1456912 -0.5364609
v -0.3845622 -0.1445327 -0.5717973
v -0.37526 -0.1433743 -0.6017149
v -0.3677515 -0.1389242 -0.6280458
v -0.06556202 0.3891762 -0.9538471
v -0.07963635 0.3858979 -0.9556961
v -0.0630379 0.3891762 -0.9756305
v -0.07701482 0.386196 -0.9778702
v -0.05807556 0.3894742 -1.003862
v -0.07205247 0.386196 -1.006101
v -0.05193769 0.3900703 -1.028479
v -0.06591459 0.386792 -1.030719
v -0.04609012 0.3903683 -1.050264
v -0.06006705 0.38709 -1.052504
v -0.03427585 0.3945407 -1.064335
v -0.04552095 0.3876861 -1.072535
v -0.0239152 0.3972872 -1.077993
v -0.03751789 0.3879841 -1.086311
v -0.01248391 0.3990766 -1.091946
v -0.0253126 0.3894742 -1.100285
v 0.0006798696 0.4005011 -1.104596
v 0.4317589 0.02726887 -0.4941962
v 0.41851 0.02871246 -0.6209149
v 0.4245756 0.0301561 -0.7413309
v 0.4490477 0.02871246 -0.8259323
v 0.4929744 0.02871246 -0.9220392
v 0.5089816 0.02871246 -0.9677619
v 0.4355761 -0.07477783 -0.4811578
v 0.4182807 -0.07228615 -0.6224589
v 0.4194304 -0.07084251 -0.7441007
v 0.4403726 -0.07228615 -0.8280951
v 0.4874802 -0.07228615 -0.9234088
v 0.5082524 -0.07228615 -0.9685327
v 0.423722 -0.1747833 -0.4976869
v 0.4087979 -0.1733397 -0.6263103
v 0.4043936 -0.1718961 -0.7478498
v 0.4192631 -0.1733397 -0.8333582
v 0.4689733 -0.1733397 -0.9280231
v 0.5001054 -0.1733397 -0.9752777
v 0.3751413 -0.2758369 -0.5097995
v 0.3741573 -0.2743933 -0.636434
v 0.3748982 -0.2729497 -0.7552039
v 0.3883219 -0.2743933 -0.8410727
v 0.4316703 -0.2743933 -0.9373239
v 0.460489 -0.2743933 -0.9851551
v 0.2709549 -0.3337057 -0.5145129
v 0.2691582 -0.3512891 -0.6648436
v 0.2888163 -0.3608259 -0.7794916
v 0.3097585 -0.3676804 -0.863486
v 0.3399317 -0.3742369 -0.9630222
v 0.3630012 -0.3679784 -1.012584
v 0.4285979 -0.1776198 -0.437218
v 0.3857459 -0.2636703 -0.3948921
v 0.282104 -0.3261362 -0.3681813
v 0.1654778 -0.3658922 -0.5425957
v 0.1720402 -0.3807934 -0.6421546
v 0.1914891 -0.3939064 -0.7562876
v 0.2189905 -0.4031452 -0.886117
v 0.2474829 -0.4079135 -0.9860721
v 0.2671906 -0.4034432 -1.036473
v 0.1647228 -0.3575476 -0.4321562
v 0.06798625 -0.3825815 -0.5669031
v 0.07255175 -0.3965887 -0.6535706
v 0.08284219 -0.4037412 -0.7553809
v 0.1214989 -0.4070195 -0.9104245
v 0.1499913 -0.4073175 -1.01038
v 0.169699 -0.4036764 -1.06078
v 0.06765013 -0.3733428 -0.4581435
v -0.4276229 -0.2215659 -0.3726286
v -0.4401298 -0.2201177 -0.3175385
v -0.4158778 -0.2263932 -0.4234309
v -0.4032931 -0.2273652 -0.4708018
v -0.3872734 -0.2256274 -0.5288937
v -0.374617 -0.2209934 -0.5734965
v -0.3637288 -0.2209934 -0.6036157
v -0.353012 -0.220126 -0.6288447
v -0.3752092 -0.2856839 -0.3306727
v -0.3930646 -0.2778697 -0.2700794
v -0.3634778 -0.2894624 -0.3766878
v -0.3468336 -0.296949 -0.4436827
v -0.3303371 -0.2994652 -0.5079411
v -0.320819 -0.3011007 -0.5572368
v -0.3147673 -0.2957363 -0.5987736
v -0.3194024 -0.2787974 -0.6361964
v -0.1523886 -0.1420544 -0.8690293
v -0.1852495 -0.1420544 -0.9101444
v -0.2009394 -0.1420544 -0.9007166
v -0.165121 -0.1420544 -0.8559012
v -0.1182502 -0.1420544 -0.821146
v -0.109388 -0.1420544 -0.8371439
v 0.2018867 -0.1420563 -1.054408
v 0.2230148 -0.1420544 -1.065888
v 0.2024925 -0.1420544 -1.076102
v 0.1848714 -0.1420544 -1.071048
v 0.1796378 -0.1420544 -1.129048
v 0.1639038 -0.1420544 -1.119623
v 0.143015 -0.1420544 -1.174064
v 0.1303049 -0.1420544 -1.160922
v 0.09694868 -0.1420544 -1.208619
v 0.08804224 -0.1420544 -1.192624
v 0.04244589 -0.1420544 -1.229898
v 0.03803969 -0.1420544 -1.212145
v -0.01486256 -0.1420544 -1.236497
v -0.01453687 -0.1420544 -1.218199
v -0.0725635 -0.1420544 -1.227814
v -0.06747352 -0.1420544 -1.210234
v -0.1252288 -0.1420544 -1.20506
v -0.1157903 -0.1420544 -1.189359
v -0.1710993 -0.1420544 -1.168621
v -0.1578733 -0.1420544 -1.155928
v -0.2055603 -0.1420544 -1.122049
v -0.1894889 -0.1420544 -1.113202
v -0.2267934 -0.1420544 -1.068146
v -0.2089689 -0.1420544 -1.063749
v -0.2333518 -0.1420544 -1.010584
v -0.2149857 -0.1420544 -1.01094
v -0.2247886 -0.1420544 -0.9532852
v -0.2071296 -0.1420544 -0.9583725
v 0.2024925 -0.1420544 -1.076102
v 0.208492 -0.3324969 -1.083794
v 0.1796378 -0.3320544 -1.129048
v 0.1796378 -0.1420544 -1.129048
v 0.143015 -0.3320544 -1.174064
v 0.143015 -0.1420544 -1.174064
v 0.09694868 -0.3320544 -1.208619
v 0.09694868 -0.1420544 -1.208619
v 0.04244589 -0.3320544 -1.229898
v 0.04244589 -0.1420544 -1.229898
v -0.01486256 -0.3320544 -1.236497
v -0.01486256 -0.1420544 -1.236497
v -0.0725635 -0.3320544 -1.227814
v -0.0725635 -0.1420544 -1.227814
v -0.1252288 -0.3320544 -1.20506
v -0.1252288 -0.1420544 -1.20506
v -0.1710993 -0.3320544 -1.168621
v -0.1710993 -0.1420544 -1.168621
v -0.2055603 -0.3320544 -1.12205
v -0.2055603 -0.1420544 -1.122049
v -0.2267934 -0.3320544 -1.068146
v -0.2267934 -0.1420544 -1.068146
v -0.2333518 -0.3320544 -1.010584
v -0.2333518 -0.1420544 -1.010584
v -0.2247886 -0.3320544 -0.9532852
v -0.2247886 -0.1420544 -0.9532852
v -0.165121 -0.3320544 -0.8559012
v -0.2009394 -0.3320544 -0.9007166
v -0.1895381 -0.3520544 -0.9075675
v -0.1558688 -0.3520544 -0.865441
v 0.2084457 -0.3527016 -1.093178
v 0.1598857 -0.3614764 -1.139385
v 0.133779 -0.3520544 -1.164514
v 0.09047669 -0.3520544 -1.196996
v 0.03924406 -0.3520544 -1.216998
v -0.0146259 -0.3520544 -1.223201
v -0.06886479 -0.3520544 -1.215039
v -0.1183702 -0.3520543 -1.193651
v -0.1614884 -0.3520544 -1.159397
v -0.1938817 -0.3520544 -1.11562
v -0.2138409 -0.3520544 -1.064951
v -0.2200058 -0.3520544 -1.010843
v -0.2119564 -0.3520544 -0.9569821
v -0.1708517 -0.3693366 -0.9187961
v -0.1407047 -0.3693366 -0.8810767
v -0.1012554 -0.3693366 -0.8518247
v -0.1158797 -0.3524094 -0.8302774
v 0.1326094 -0.3724621 -1.135078
v 0.1186415 -0.3693366 -1.148862
v 0.07986924 -0.3693366 -1.177946
v 0.03399632 -0.3693366 -1.195855
v -0.01423799 -0.3693366 -1.201409
v -0.06280263 -0.3693366 -1.194102
v -0.107129 -0.3693366 -1.17495
v -0.1457364 -0.3693366 -1.14428
v -0.1747409 -0.3693366 -1.105083
v -0.192612 -0.3693366 -1.059715
v -0.198132 -0.3693366 -1.011267
v -0.1909247 -0.3693366 -0.9630411
v -0.1506941 -0.3741345 -0.9309085
v -0.1243468 -0.3741345 -0.8979431
v -0.08986957 -0.3741345 -0.872378
v -0.05037007 -0.3741345 -0.8568732
v -0.05998698 -0.3716505 -0.8316751
v 0.110744 -0.3764061 -1.120734
v 0.1023122 -0.3741344 -1.131978
v 0.06842671 -0.3741344 -1.157396
v 0.02833548 -0.3741344 -1.173048
v -0.01381952 -0.3741344 -1.177902
v -0.05626326 -0.3741344 -1.171515
v -0.09500289 -0.3741344 -1.154778
v -0.1287443 -0.3741344 -1.127974
v -0.1540932 -0.3741344 -1.093717
v -0.1697119 -0.3741345 -1.054066
v -0.1745361 -0.3741345 -1.011725
v -0.1682372 -0.3741345 -0.9695771
v -0.1059658 -0.3741345 -0.9577854
v -0.08804963 -0.3741345 -0.9353687
v -0.06460509 -0.3741345 -0.9179843
v -0.02971845 -0.3731768 -0.9055252
v 0.06746154 -0.3731768 -1.093835
v 0.0430364 -0.3741344 -1.111797
v 0.01577438 -0.3741344 -1.12244
v -0.01289104 -0.3741344 -1.125741
v -0.04175279 -0.3741344 -1.121398
v -0.06809572 -0.3741344 -1.110017
v -0.09103991 -0.3741344 -1.09179
v -0.1082772 -0.3741345 -1.068495
v -0.1188978 -0.3741345 -1.041533
v -0.1221784 -0.3741345 -1.01274
v -0.1178951 -0.3741345 -0.9840799
v -0.2971239 -0.301569 -0.2544238
v -0.2965745 -0.2967525 -0.1870894
v -0.2842851 -0.3072315 -0.3266337
v -0.2685406 -0.3145391 -0.3943831
v -0.2521161 -0.3202963 -0.4698202
v -0.2464885 -0.3222061 -0.5255519
v -0.2370244 -0.3269948 -0.5949892
v -0.2265575 -0.3229785 -0.6518865
v -0.2236727 -0.3179603 -0.2009874
v -0.2332217 -0.3177561 -0.1179854
v -0.2156993 -0.3233247 -0.2785426
v -0.2014108 -0.3292852 -0.3648535
v -0.1883321 -0.3364377 -0.4421689
v -0.1786508 -0.3421001 -0.5100009
v -0.1731377 -0.3452081 -0.5798187
v -0.1529223 -0.3502745 -0.6505391
v -0.1809085 -0.3332872 -0.6936753
v -0.134168 -0.3499765 -0.7340933
v -0.1674284 -0.3326839 -0.7413108
v -0.1628752 -0.3161504 -0.8105826
v -0.1263812 -0.3419226 -0.8050531
v -0.08489912 -0.3657645 -0.3324603
v -0.107601 -0.3547376 -0.2473746
v -0.06674437 -0.3741091 -0.4112416
v -0.05243087 -0.3833478 -0.4746165
v -0.03546918 -0.3913945 -0.577904
v -0.048129 -0.397653 -0.667614
v -0.03048511 -0.4000371 -0.7492282
v -0.05317261 -0.376863 -0.8101685
v 0.008943 -0.3672036 -0.3031123
v -0.01375889 -0.3609451 -0.2180266
v 0.02709774 -0.37227 -0.3818936
v -0.09247717 -0.3233247 0.0558905
v -0.07187085 -0.3412061 -0.03504349
v 0.00425641 -0.3420423 0.002063903
v -0.01619704 -0.3208826 0.09607102
v 0.07421083 -0.3668026 -0.2735191
v 0.05172627 -0.3635243 -0.1883272
v 0.09398355 -0.3648194 -0.3518283
v -0.1666124 -0.3267234 -0.00472641
v -0.08459432 -0.300848 0.1475746
v -0.1359202 -0.3131765 0.08605347
v -0.01939653 -0.2966514 0.1710075
v 0.09110555 -0.3378699 0.03446442
v 0.07035669 -0.3217767 0.1057108
v 0.03385109 -0.2982835 0.1696095
v -0.1314206 -0.3444844 -0.1690952
v -0.1485031 -0.3373318 -0.1212968
v -0.03554508 -0.3540211 -0.1344032
v 0.03341392 -0.3548572 -0.1029076
v 0.1048079 -0.3497909 -0.07077835
v 0.1098208 -0.3555716 -0.1236757
v -0.153154 -0.3355151 -0.04704483
v 0.1370511 -0.3607852 -0.3270555
v 0.2017322 -0.3486178 -0.3500836
v 0.2408927 -0.3387918 -0.3607367
v 0.01801128 -0.3866634 -0.9061969
v 0.06101819 -0.3835146 -1.00423
v 0.08414709 -0.3778362 -1.083109
v 0.01887155 -0.3731768 -0.9996802
v -0.01078436 -0.3741345 -1.01489
v -0.04144554 -0.3750199 -0.8578467
v -0.03675594 -0.3741345 -1.029171
v -0.05968569 -0.3741345 -1.041778
v -0.08022851 -0.3741345 -1.053073
v 0.2212215 0.2772922 -1.075681
v 0.2248735 0.1512017 -1.066098
v 0.2982495 0.2800042 -1.063961
v 0.2944209 0.1595909 -1.058096
v 0.2230148 -0.1420544 -1.065888
v 0.2949835 -0.149444 -1.057956
v 0.312746 -0.2796414 -1.063799
v 0.3939267 0.2739079 -1.068437
v 0.4621586 0.162864 -1.059104
v 0.4381226 -0.1619183 -1.055882
v 0.3840401 -0.2353909 -1.059845
v 0.2927396 0.005899849 -1.04913
v 0.4667099 0.006734772 -1.046297
v 0.1912147 0.3517041 -1.080663
v 0.2164465 0.3120694 -1.073682
v 0.09725368 0.3939805 -1.118219
v 0.1366043 0.3867331 -1.097965
v 0.2950685 0.3234651 -1.066728
v 0.3382805 0.3387715 -1.07899
v 0.295618 0.3699931 -1.074884
v 0.2241587 0.4118253 -1.087172
v 0.15492 0.4382638 -1.097064
v 0.1056432 0.4395301 -1.113737
v 0.07297389 0.4376177 -1.116476
v 0.05464324 0.4521807 -1.100103
v 0.01076761 0.4443832 -1.058679
v 0.0366617 0.4186717 -1.121725
v 0.0055735 0.4231091 -1.088527
v -0.05406655 0.3889806 -0.9399652
v -0.04582011 0.3993193 -0.9942337
v -0.02863761 0.4098467 -1.030728
v -0.02493621 0.4036231 -1.063028
v -0.01636186 0.4270915 -1.008087
v -0.04457205 0.4011125 -0.9331656
v -0.2013704 0.1517395 -0.7093058
v -0.2050423 -0.1404111 -0.7093613
v -0.2474818 -0.1395803 -0.679713
v -0.2432178 0.15882 -0.6808005
v -0.3319695 -0.01729881 -0.6616373
v -0.3300904 0.04349419 -0.6620291
v -0.3357278 -0.1388847 -0.6608538
v -0.3338486 -0.07809177 -0.6612456
v -0.3282113 0.1042871 -0.6624208
v -0.3263322 0.1650801 -0.6628125
v -0.1877602 0.3219646 -0.7738123
v -0.1982446 0.2928714 -0.7742841
v -0.2002326 0.2974177 -0.7125275
v -0.186585 0.3275856 -0.7018068
v -0.2512745 0.2823239 -0.678273
v -0.2271314 0.314592 -0.6742101
v -0.2918145 0.275403 -0.6686103
v -0.2728298 0.3027832 -0.6659844
v -0.2160833 0.2715623 -0.8057373
v -0.2137948 0.2917289 -0.8196979
v -0.2250154 0.2724347 -0.8434626
v -0.1992901 0.2449871 -0.7706082
v -0.202963 0.241005 -0.7123616
v -0.1949917 0.1525742 -0.7584409
v -0.2361775 0.1517395 -0.8211551
v -0.2631211 0.2472623 -0.6754045
v -0.2976506 0.2413585 -0.6492998
v -0.2394828 0.1514143 -0.8732282
v -0.1893002 -0.288621 -0.86844
v -0.186584 -0.2910359 -0.8423773
v -0.2409657 -0.1403485 -0.8484696
v -0.2251519 -0.2388748 -0.8305896
v -0.2078166 -0.2750978 -0.7954065
v -0.2346443 -0.1404111 -0.8199127
v -0.1733832 -0.2893253 -0.7451087
v -0.1938351 -0.1404111 -0.7581525
v -0.186392 -0.2894632 -0.6972394
v -0.2331036 -0.2656026 -0.6605919
v -0.3254378 -0.2217576 -0.6456301
v -0.2068074 -0.2586755 -0.9075742
v -0.2138666 -0.141261 -0.9123038
v -0.1773521 0.3309857 -0.6616622
v -0.1453763 0.3391557 -0.7068909
v -0.1603004 0.3366413 -0.7763785
v -0.1812664 0.3281813 -0.8116931
v -0.1975706 0.3123088 -0.7956098
v -0.2288698 0.1504387 -0.8860858
v -0.2070415 0.2769922 -0.8719385
v -0.1982236 0.3103 -0.8383637
v -0.3541418 0.1678981 -0.6520836
v -0.3572758 0.1047999 -0.6518328
v -0.3586748 0.04270317 -0.6511493
v -0.3580964 -0.01638882 -0.651005
v -0.3594017 -0.08048863 -0.6482338
v -0.3562677 -0.1385791 -0.6484847
v -0.3250841 0.2870837 -0.641742
v -0.347061 0.2390088 -0.6472216
v -0.2718823 0.3153244 -0.6516742
v -0.3485149 -0.2207069 -0.6413906
v -0.2095426 -0.271234 -0.824209
v -0.1947007 -0.2938668 -0.807981
v -0.1846684 -0.3142006 -0.7493753
v -0.1999855 -0.3150548 -0.7023217
v -0.2583601 -0.3006238 -0.6685515
v -0.3339274 -0.2525813 -0.6475304
v -0.2054037 -0.2769103 -0.907302
v -0.2174314 -0.1398656 -0.8898889
v -0.2055055 -0.2412897 -0.8675028
v -0.1963251 -0.270751 -0.8587433
v 0.1469684 0.3599855 -0.2738879
v 0.1631989 0.3509749 -0.3007961
v 0.2357138 0.3209395 -0.3477212
v 0.3278267 0.2539151 -0.3799066
v 0.3956038 0.1734343 -0.4199167
v 0.4251458 0.02477409 -0.4438298
v 0.428963 -0.07217022 -0.4307915
v 0.4219847 -0.1698701 -0.3868516
v 0.3737554 -0.2487064 -0.3491142
v 0.2643848 -0.3084994 -0.3276735
v 0.08306622 -0.3437495 -0.1805133
v 0.1353888 -0.3373129 -0.1168861
v 0.1542946 -0.3257089 0.08952576
v 0.18601 -0.3377395 0.01140915
v 0.186092 -0.3207472 0.01171234
v 0.1542946 -0.3105548 0.08952576
v 0.1603931 -0.347525 -0.07375229
v 0.1726558 -0.3292671 -0.0702803
v 0.1006 -0.3117018 0.139153
v 0.1029821 -0.2919153 0.1436002
v 0.1817385 -0.3381467 -0.3136166
v 0.1507038 -0.3441518 -0.3012975
v 0.09145911 -0.3401289 -0.246001
v 0.2208359 -0.3267548 -0.3217515
v 0.1663657 0.3114856 -0.299229
v 0.23218 0.2886425 -0.3370093
v 0.3171947 0.2333869 -0.3670851
v 0.3820875 0.1587087 -0.4011436
v 0.4094287 0.024879 -0.4207901
v 0.4154956 -0.0662524 -0.409644
v 0.4038001 -0.1552309 -0.3728281
v 0.3609137 -0.2256988 -0.3376158
v 0.2550383 -0.2904352 -0.3160588
v 0.1793187 -0.3106089 -0.305627
v 0.1515573 -0.313578 -0.2948656
v 0.2174071 -0.3033284 -0.3128201
v 0.1649263 0.2991016 -0.3011005
v 0.2240381 0.2729554 -0.3368693
v 0.3068487 0.2222265 -0.3591582
v 0.3609142 0.1446625 -0.386987
v 0.3821649 0.02020752 -0.4003926
v 0.3887186 -0.06715382 -0.3875471
v 0.3727809 -0.1479187 -0.3545665
v 0.3400058 -0.2122888 -0.3312265
v 0.2550384 -0.2691912 -0.3190718
v 0.1814112 -0.2959254 -0.3072632
v 0.2137245 -0.2859659 -0.315063
v 0.3521118 0.02272385 -0.3925343
v 0.3586154 -0.06434216 -0.3802174
v 0.3366428 -0.1444845 -0.3579585
v 0.3014475 0.02706879 -0.3980217
v 0.2966535 -0.05039886 -0.3887739
v 0.2481701 0.02807548 -0.3975064
v 0.2454605 -0.02967468 -0.3937295
v 0.3347291 0.1394056 -0.3766154
v 0.3001173 0.1401537 -0.3793103
v 0.2609657 0.1425289 -0.3779767
v 0.2875014 0.2154845 -0.3566556
v 0.261836 0.1993766 -0.3584088
v 0.2512181 -0.09637944 -0.3793698
v 0.2940732 -0.1308249 -0.3679172
v 0.2080644 -0.2640201 -0.3180299
v 0.1781571 -0.2586303 -0.3118921
v 0.2039999 -0.242695 -0.3217276
v 0.2472652 -0.246383 -0.3240742
v 0.2295184 -0.2137216 -0.3322581
v 0.3164066 -0.1925571 -0.3408485
v 0.2528389 -0.1567406 -0.3559297
v 0.1414033 -0.2762432 -0.2930737
v -0.01944584 0.2987021 0.1704186
v 0.05720095 0.2981412 0.1666419
v -0.1272758 0.3000963 0.1348636
v -0.1966958 0.2985656 0.09041092
v 0.1321777 0.3329537 0.1217422
v 0.1775475 0.3439667 0.03709412
v 0.1349061 0.2996346 0.1232242
v 0.1772549 0.2982407 0.03637711
v 0.1773618 0.345969 -0.04962585
v 0.1803036 0.3003598 -0.04486053
v 0.1573568 0.3549797 -0.1320009
v 0.1651212 0.2992181 -0.1174397
v 0.1419934 0.3559809 -0.2256004
v 0.1428724 0.2984562 -0.2056722
v 0.1466605 0.2981743 -0.2680599
v 0.4045019 -0.2428466 -1.065945
v 0.455924 -0.162355 -1.058653
v 0.3275311 -0.2957068 -1.070086
v 0.3166498 0.3842642 -1.099521
v 0.2362111 0.4287179 -1.106062
v 0.4121806 0.2893593 -1.081845
v 0.3506879 0.3602399 -1.098405
v 0.4756564 0.1764307 -1.05834
v 0.4785287 0.0118433 -1.045031
v 0.1585436 0.4479397 -1.097476
v 0.4419041 -0.2587462 -1.062026
v 0.4865224 -0.1679221 -1.050287
v 0.3556382 -0.3322705 -1.079542
v 0.2533653 -0.3740784 -1.092448
v 0.3494944 0.4190299 -1.102574
v 0.2520669 0.4577553 -1.117036
v 0.4452675 0.3288161 -1.056003
v 0.3748789 0.405508 -1.093173
v 0.4984244 0.1940719 -1.03872
v 0.5013907 0.02093445 -1.032452
v 0.4916852 -0.1073726 -1.047157
v 0.1633503 0.4678469 -1.094927
v 0.4689067 -0.2676059 -1.014651
v 0.506788 -0.171017 -1.005206
v 0.3684235 -0.3571034 -1.04097
v 0.2675641 -0.400475 -1.068095
v 0.3737601 0.4329698 -1.050399
v 0.265042 0.4842298 -1.07314
v 0.4678856 0.3416389 -1.025709
v 0.5086375 0.2073745 -1.004745
v 0.5112956 0.02504383 -1.001111
v 0.5119931 -0.09028611 -1.003908
v 0.1618009 0.4769792 -1.080853
v 0.1814958 -0.4032534 -1.082595
v 0.1947386 -0.3813867 -1.096934
v 0.08277705 -0.3176008 -0.1805853
v 0.1330754 -0.3171985 -0.1174629
v 0.1850496 -0.2935842 0.01088974
v 0.1560547 -0.2915793 0.09025895
v 0.1688965 -0.3095551 -0.07121765
v 0.09252126 -0.3204169 -0.2465654
v 0.09165374 -0.2934636 -0.2467816
v 0.08085298 -0.2934636 -0.1827235
v 0.1284515 -0.2950727 -0.1198596
v 0.1663913 -0.295475 -0.07225677
v -0.08662381 -0.295116 0.1505978
v -0.149058 -0.3031765 0.09717392
v -0.01939653 -0.2913016 0.1710075
v 0.03385109 -0.2907996 0.1696095
v -0.08662381 -0.2911086 0.1505978
v -0.149058 -0.2908274 0.09717392
v -0.1943119 -0.3106949 0.01629593
v -0.1943119 -0.290247 0.01629593
v 0.07779259 -0.3421403 -0.2158255
v 0.07788992 -0.31921 -0.216216
v 0.07750622 -0.2934636 -0.2171408
v 0.1595582 -0.3374584 0.01790939
v 0.1308817 -0.3242903 0.09410126
v 0.1441106 -0.3474737 -0.06923019
v -0.2350934 -0.2927438 -0.06366394
v -0.2361708 -0.3086648 -0.08184281
v -0.4185062 0.04059937 -0.4334843
v -0.4250912 0.101906 -0.4127383
v -0.4175886 -0.01539722 -0.4297729
v -0.4254168 -0.08514122 -0.3953349
v -0.4145286 -0.01538567 -0.4122296
v -0.4139744 0.04072262 -0.4142743
v -0.4345392 0.1476802 -0.3761082
v -0.4247556 0.1013003 -0.3985765
v -0.3739592 0.285178 -0.04682312
v -0.2773381 0.295187 0.0288443
v -0.4135337 0.2681627 -0.09382554
v -0.4465406 0.2311294 -0.2361556
v -0.442616 0.2471438 -0.1681268
v -0.4441504 0.2021033 -0.3036412
v -0.4051325 0.2541501 -0.09173096
v -0.3673401 0.2711654 -0.04620422
v -0.4212874 0.1970988 -0.2154176
v -0.4241949 0.2201195 -0.1594077
v -0.4176224 0.1758748 -0.2670387
v -0.4274531 0.1556021 -0.3273938
v -0.3673401 0.2376597 -0.04620422
v -0.2773381 0.2746295 0.0288443
v -0.4031402 0.1842761 -0.2032642
v -0.398913 0.2004445 -0.1497035
v -0.3808662 0.223736 -0.09335694
v -0.3987586 0.1649282 -0.2525905
v -0.3504312 0.15313 -0.1799817
v -0.3412741 0.1566373 -0.1481511
v -0.3259469 0.1733704 -0.08767106
v -0.3710082 0.1526088 -0.2281436
v -0.3211886 0.2068596 -0.04573944
v -0.3929883 0.1537439 -0.2698181
v -0.2975249 -0.2807274 -0.1369279
v -0.2958674 -0.2946046 -0.156154
v -0.3967362 -0.2527199 -0.2198875
v -0.3974212 -0.2678419 -0.2386694
v -0.4347601 -0.1969887 -0.2630333
v -0.442011 -0.2065678 -0.2858695
v -0.431579 -0.1404245 -0.293156
v -0.4379019 -0.1429023 -0.3173392
v -0.4058344 -0.1819592 -0.2340778
v -0.4048927 -0.140227 -0.2605809
v -0.3436576 -0.1752832 -0.1982129
v -0.3490949 -0.1414031 -0.227915
v -0.2928027 -0.1693913 -0.1580209
v -0.3181352 -0.1426232 -0.2066585
v -0.3484075 -0.2173008 -0.1723406
v -0.2791937 -0.2066097 -0.1200986
v -0.3869549 -0.2329791 -0.2006577
v -0.3230578 -0.2539952 -0.148195
v -0.2744487 -0.2577924 -0.1056628
v 0.1772549 0.2982407 0.03637711
v 0.1349061 0.2996346 0.1232242
v 0.1236942 0.2976716 0.113176
v 0.1610819 0.2974675 0.0348938
v 0.1803036 0.3003598 -0.04486053
v 0.160315 0.2975387 -0.05016678
v 0.1651212 0.2992181 -0.1174397
v 0.1467913 0.2975741 -0.1153735
v 0.1428724 0.2984562 -0.2056722
v 0.1259516 0.2977689 -0.1950104
v 0.1480766 0.2974972 -0.3125212
v 0.2171181 0.2729554 -0.3632054
v 0.05720095 0.2981412 0.1666419
v -0.01944584 0.2987021 0.1704186
v -0.01558965 0.2975184 0.1556467
v 0.05272218 0.2975008 0.1521753
v -0.1272758 0.3000963 0.1348636
v -0.1249833 0.294548 0.1109639
v -0.1966958 0.2985656 0.09041092
v -0.1899076 0.2950715 0.07287582
v 0.1231189 0.2977929 -0.2530444
v -0.2773381 0.2746295 0.0288443
v -0.2632981 0.2753244 0.01659653
v -0.3412741 0.1566373 -0.1481511
v -0.3504312 0.15313 -0.1799817
v -0.325823 0.1622783 -0.1723969
v -0.3165259 0.1646109 -0.1426978
v -0.3259469 0.1733704 -0.08767106
v -0.3145626 0.1867849 -0.09450898
v -0.3710082 0.1526088 -0.2281436
v -0.3302049 0.1530363 -0.211662
v -0.3211886 0.2068596 -0.04573944
v -0.3113868 0.2177115 -0.05415939
v -0.3929883 0.1537439 -0.2698181
v -0.3256573 0.1529656 -0.2366594
v -0.4274531 0.1556021 -0.3273938
v -0.3053687 0.1531273 -0.2986591
v -0.4379019 -0.1429023 -0.3173392
v -0.431579 -0.1404245 -0.293156
v -0.4172563 -0.1392722 -0.3517772
v -0.4269617 -0.1391512 -0.3705694
v -0.4048927 -0.140227 -0.2605809
v -0.3892286 -0.1400203 -0.3222291
v -0.3490949 -0.1414031 -0.227915
v -0.3330803 -0.1412094 -0.289764
v -0.3181352 -0.1426232 -0.2066585
v -0.295839 -0.1416871 -0.2579219
v -0.3261027 -0.1404047 -0.4345436
v -0.3652546 -0.1395763 -0.4443478
v -0.2999974 -0.1410175 -0.5185913
v -0.3933954 -0.1390905 -0.4512585
v -0.4081391 -0.01538567 -0.4106366
v -0.407585 0.04072262 -0.4126813
v -0.4190274 -0.08514122 -0.3937419
v -0.4314226 -0.1349819 -0.3859212
v -0.4250332 -0.1349819 -0.3843281
v -0.4183662 0.1013003 -0.3969835
v -0.4281498 0.1476802 -0.3745152
v 0.2454605 -0.02967468 -0.3937295
v 0.2481701 0.02807548 -0.3975064
v 0.24125 0.02807548 -0.4238425
v 0.2385405 -0.02967468 -0.4200656
v 0.2609657 0.1425289 -0.3779767
v 0.2540457 0.1425289 -0.4043127
v 0.261836 0.1993766 -0.3584088
v 0.254916 0.1993766 -0.3847449
v 0.2512181 -0.09637944 -0.3793698
v 0.2442981 -0.09637944 -0.4057059
v 0.1781571 -0.2586303 -0.3118921
v 0.2039999 -0.242695 -0.3217276
v 0.1970799 -0.242695 -0.3480635
v 0.171237 -0.2586303 -0.3382281
v 0.2295184 -0.2137216 -0.3322581
v 0.2225984 -0.2137216 -0.3585942
v 0.2528389 -0.1567406 -0.3559297
v 0.2459189 -0.1567406 -0.3822658
v 0.1414033 -0.2762432 -0.2930737
v 0.1344833 -0.2762432 -0.3194098
v 0.1560547 -0.2915793 0.09025895
v 0.1850496 -0.2935842 0.01088974
v 0.1682098 -0.2915409 0.006714783
v 0.1426954 -0.2914851 0.08209748
v 0.1029821 -0.2919153 0.1436002
v 0.09258285 -0.2914723 0.131035
v 0.09165374 -0.2934636 -0.2467816
v 0.07318097 -0.2915173 -0.2484369
v 0.1284515 -0.2950727 -0.1198596
v 0.08085298 -0.2934636 -0.1827235
v 0.0621186 -0.291861 -0.1800317
v 0.1064943 -0.2911137 -0.1142279
v 0.1663913 -0.295475 -0.07225677
v 0.1549567 -0.2910729 -0.05809769
v -0.01939653 -0.2913016 0.1710075
v 0.03385109 -0.2907996 0.1696095
v 0.06201294 -0.2915952 0.14142
v -0.0057544 -0.2915429 0.1332643
v -0.149058 -0.2908274 0.09717392
v -0.08662381 -0.2911086 0.1505978
v -0.08106057 -0.2915364 0.1170193
v -0.1368723 -0.291383 0.08208603
v -0.1943119 -0.290247 0.01629593
v -0.1790103 -0.291363 0.005560761
v 0.07750622 -0.2934636 -0.2171408
v 0.06003016 -0.2915545 -0.2216641
v -0.2350934 -0.2927438 -0.06366394
v -0.2189105 -0.2914391 -0.08057831
v -0.2791937 -0.2066097 -0.1200986
v -0.2744487 -0.2577924 -0.1056628
v -0.2658642 -0.2628661 -0.1174162
v -0.2711347 -0.2119958 -0.1323373
v -0.3181352 -0.1426232 -0.2066585
v -0.2928027 -0.1693913 -0.1580209
v -0.2826596 -0.1757143 -0.1678664
v -0.3086322 -0.1499478 -0.2177478
v -0.2050423 -0.1404111 -0.7093613
v -0.2013704 0.1517395 -0.7093058
v -0.1368641 0.1517395 -0.7389203
v -0.1405359 -0.1404111 -0.7389762
v -0.08412286 0.1517395 -0.7728968
v -0.08779473 -0.1404111 -0.7729523
v -0.00640243 0.1512017 -0.7914585
v -0.01062089 -0.1404111 -0.7884604
v -0.2013704 0.1517395 -0.7093058
v -0.1949917 0.1525742 -0.7584409
v -0.1368641 0.1517395 -0.7389203
v -0.2361775 0.1517395 -0.8211551
v -0.08412286 0.1517395 -0.7728968
v -0.2288698 0.1504387 -0.8860858
v -0.2394828 0.1514143 -0.8732282
v -0.06295141 -0.1420544 -0.7991873
v -0.05902447 -0.1420544 -0.8170496
v -0.00618987 -0.1420544 -0.7929483
v -0.00680879 -0.1420563 -0.811568
v -0.08779473 -0.1404111 -0.7729523
v -0.01062089 -0.1404111 -0.7884604
v -0.1405359 -0.1404111 -0.7389762
v -0.2050423 -0.1404111 -0.7093613
v -0.1938351 -0.1404111 -0.7581525
v -0.2138666 -0.141261 -0.9123038
v -0.2174314 -0.1398656 -0.8898889
v -0.2409657 -0.1403485 -0.8484696
v -0.2346443 -0.1404111 -0.8199127
v 0.07150477 0.1499233 -0.367525
v -0.29087 0.1495655 -0.3385246
v -0.2909145 -0.1404346 -0.3408047
v 0.07179083 -0.1400766 -0.3675282
v 0.115026 0.1499661 -0.357037
v 0.116061 -0.140033 -0.3569806
v 0.1597082 0.1500103 -0.3598703
v 0.1614496 -0.1399882 -0.3602023
v 0.1236942 0.2976716 0.113176
v 0.05272218 0.2975008 0.1521753
v -0.01558965 0.2975184 0.1556467
v 0.1610819 0.2974675 0.0348938
v -0.1249833 0.294548 0.1109639
v 0.160315 0.2975387 -0.05016678
v -0.1899076 0.2950715 0.07287582
v 0.1467913 0.2975741 -0.1153735
v -0.2632981 0.2753244 0.01659653
v 0.1259516 0.2977689 -0.1950104
v -0.3113868 0.2177115 -0.05415939
v 0.1231189 0.2977929 -0.2530444
v 0.1480766 0.2974972 -0.3125212
v -0.325823 0.1622783 -0.1723969
v -0.3302049 0.1530363 -0.211662
v -0.3165259 0.1646109 -0.1426978
v -0.3145626 0.1867849 -0.09450898
v 0.1682098 -0.2915409 0.006714783
v 0.1549567 -0.2910729 -0.05809769
v 0.09258285 -0.2914723 0.131035
v 0.1426954 -0.2914851 0.08209748
v -0.1790103 -0.291363 0.005560761
v -0.1368723 -0.291383 0.08208603
v -0.0057544 -0.2915429 0.1332643
v 0.06201294 -0.2915952 0.14142
v -0.08106057 -0.2915364 0.1170193
v 0.1064943 -0.2911137 -0.1142279
v 0.0621186 -0.291861 -0.1800317
v -0.2189105 -0.2914391 -0.08057831
v -0.4250332 -0.1349819 -0.3843281
v -0.4314226 -0.1349819 -0.3859212
v -0.4379019 -0.1429023 -0.3173392
v -0.4269617 -0.1391512 -0.3705694
v -0.3181352 -0.1426232 -0.2066585
v -0.3086322 -0.1499478 -0.2177478
v -0.295839 -0.1416871 -0.2579219
v -0.4345392 0.1476802 -0.3761082
v -0.4281498 0.1476802 -0.3745152
v -0.4274531 0.1556021 -0.3273938
v -0.2966197 0.1531187 -0.3509105
v -0.3053687 0.1531273 -0.2986591
v -0.4181498 0.1476802 -0.4445152
v -0.2866197 0.1531187 -0.4209105
v -0.2866197 0.1531187 -0.4209105
v -0.4181498 0.1476802 -0.4445152
v -0.4024379 -0.1523198 -0.4445152
v -0.2866197 -0.1468813 -0.4209105
v -0.29087 0.1495655 -0.3385246
v -0.2902168 0.2973085 -0.3384874
v -0.2902168 0.2973085 -0.4884874
v -0.29087 0.1495655 -0.4885246
v -0.2901739 -0.2811656 -0.3407632
v -0.2909145 -0.1404346 -0.3408047
v -0.2909144 -0.1404347 -0.4908047
v -0.2901739 -0.2811656 -0.4907632
v 0.15952 0.3000101 -0.3605469
v 0.1597082 0.1500103 -0.3598703
v 0.1597082 0.1500103 -0.3994946
v 0.15952 0.3000101 -0.4001712
v 0.1614496 -0.1399882 -0.3602023
v 0.1613405 -0.2811655 -0.3608798
v 0.1613405 -0.2811655 -0.4005041
v 0.1614496 -0.1399882 -0.3998266
v 0.15952 0.3000101 -0.4001712
v 0.1597082 0.1500103 -0.3994946
v 0.2998481 0.1500103 -0.3994946
v 0.2696599 0.3000101 -0.4001712
v 0.1614496 -0.1399882 -0.3998266
v 0.1613405 -0.2811655 -0.4005041
v 0.2714804 -0.2811655 -0.4005041
v 0.3015895 -0.1399882 -0.3998266
v 0.15952 0.3000101 -0.3605469
v 0.15952 0.3000101 -0.4001712
v 0.2696599 0.3000101 -0.4001712
v 0.2696599 0.3000101 -0.3803462
v 0.1208084 0.2999717 -0.3440163
v 0.15952 0.3000101 -0.3098125
v 0.1208084 0.2999717 -0.3035451
v 0.09103826 0.2999421 -0.3142574
v 0.09103825 0.2999421 -0.273786
v 0.07876196 0.2999253 -0.2618744
v 0.07448558 0.2999253 -0.2755588
v 0.1564636 -0.2811655 -0.1238313
v -0.03290761 -0.2811655 0.01346985
v 0.1187679 -0.2811655 -0.1625571
v 0.09013748 -0.2811655 -0.1933612
v 0.0754717 -0.2811655 -0.2329369
v -0.2901739 -0.2811656 -0.3407632
v 0.1818145 0.300029 -0.07799744
v 0.00150545 0.2976902 -0.01207367
v 0.1946843 0.2981158 -0.02423462
v 0.1551827 0.3000032 -0.1250322
v 0.1166932 0.2999657 -0.1629903
v 0.08830704 0.299938 -0.194066
v -0.2902168 0.2973085 -0.3384874
v 0.09816452 0.1499582 -1.173834
v 0.1401836 0.1499993 -1.13952
v -0.1597875 0.1497007 -0.8865366
v -0.1865173 0.1496749 -0.9337366
v -0.1993188 0.1496628 -0.9864612
v 0.04835838 0.1499094 -1.19534
v -0.1972039 0.1496655 -1.040671
v -0.0054238 0.1498564 -1.20241
v -0.1803465 0.1496827 -1.09223
v -0.05909988 0.1498034 -1.194492
v -0.1500202 0.149713 -1.137216
v -0.1085522 0.1497544 -1.172187
v 0.1404321 -0.1400006 -1.139558
v -0.1604172 -0.1403001 -0.8877445
v -0.1222086 -0.1402628 -0.8494425
v 0.1714171 -0.1399705 -1.095194
v 0.09852734 -0.1400415 -1.173791
v -0.1867366 -0.1403255 -0.9350217
v 0.04887726 -0.1400903 -1.195283
v -0.1991527 -0.1403372 -0.9876865
v -0.00476555 -0.1401431 -1.202408
v -0.1967235 -0.1403342 -1.04174
v -0.05831695 -0.140196 -1.194637
v -0.1796468 -0.1403168 -1.093082
v -0.1077055 -0.140245 -1.172551
v -0.1492026 -0.1402863 -1.13782
vt 0.07085055 0.1591757
vt 0.0650981 0.1674267
vt 0.06530392 0.1675888
vt 0.0650981 0.1674267
vt 0.07085055 0.1591757
vt 0.06846636 0.1579244
vt 0.07286584 0.1609631
vt 0.06530392 0.1675888
vt 0.06546276 0.167796
vt 0.06459242 0.1672656
vt 0.06485623 0.1673174
vt 0.06846636 0.1579244
vt 0.06546276 0.167796
vt 0.06556528 0.1680363
vt 0.07534188 0.1657013
vt 0.0643233 0.1672786
vt 0.06459242 0.1672656
vt 0.06585156 0.1572804
vt 0.06556528 0.1680363
vt 0.06560599 0.1682963
vt 0.07565903 0.1683721
vt 0.0643233 0.1672786
vt 0.06315958 0.1572804
vt 0.06054431 0.1579245
vt 0.06560599 0.1682963
vt 0.06558167 0.1685607
vt 0.07532793 0.1710402
vt 0.0638315 0.167492
vt 0.06406462 0.1673555
vt 0.06054431 0.1579245
vt 0.06549388 0.1688145
vt 0.07437008 0.1735501
vt 0.07532793 0.1710402
vt 0.06363767 0.1676801
vt 0.0638315 0.167492
vt 0.05815845 0.1591756
vt 0.07437008 0.1735501
vt 0.06549388 0.1688145
vt 0.06534624 0.1690419
vt 0.0634945 0.1679087
vt 0.06363767 0.1676801
vt 0.05614113 0.1609611
vt 0.06534624 0.1690419
vt 0.06514674 0.1692288
vt 0.07083785 0.1775377
vt 0.06341016 0.1681643
vt 0.0634945 0.1679087
vt 0.05460935 0.1631777
vt 0.06491947 0.1693731
vt 0.06846266 0.178792
vt 0.07083785 0.1775377
vt 0.06341016 0.1681643
vt 0.0536524 0.1656968
vt 0.05332636 0.168372
vt 0.06491947 0.1693731
vt 0.06466704 0.1694562
vt 0.06585371 0.1794438
vt 0.06338936 0.1684319
vt 0.05332636 0.168372
vt 0.05365055 0.1710465
vt 0.0644043 0.1694741
vt 0.06316334 0.1794523
vt 0.06585371 0.1794438
vt 0.06353873 0.1689404
vt 0.06343317 0.1686957
vt 0.05365055 0.1710465
vt 0.0644043 0.1694741
vt 0.06414598 0.1694264
vt 0.06054645 0.1788146
vt 0.06369954 0.1691514
vt 0.06353873 0.1689404
vt 0.05460685 0.1735668
vt 0.06390601 0.1693168
vt 0.05815869 0.1775677
vt 0.06054645 0.1788146
vt 0.06390601 0.1693168
vt 0.06369954 0.1691514
vt 0.05613929 0.1757834
vt 0.09282439 0.1506644
vt 0.09273904 0.152418
vt 0.09391015 0.1517047
vt 0.09198457 0.1496969
vt 0.08112627 0.1524435
vt 0.09273904 0.152418
vt 0.09156554 0.1484863
vt 0.08068841 0.1498423
vt 0.08112627 0.1524435
vt 0.08059334 0.1472066
vt 0.08068841 0.1498423
vt 0.09156554 0.1484863
vt 0.08749467 0.0619334
vt 0.07577884 0.0619332
vt 0.07647067 0.0648842
vt 0.09132874 0.130411
vt 0.08980828 0.1310822
vt 0.08852946 0.1321432
vt 0.07577884 0.0619332
vt 0.08749467 0.0619334
vt 0.08764666 0.0602785
vt 0.09888815 0.1350893
vt 0.09835916 0.1335137
vt 0.09614056 0.1310819
vt 0.09614056 0.1310819
vt 0.09462046 0.130411
vt 0.08852946 0.1321432
vt 0.07589501 0.1794523
vt 0.08048987 0.1794488
vt 0.08048695 0.1781595
vt 0.07589209 0.178171
vt 0.08048695 0.1781595
vt 0.08048188 0.17687
vt 0.07588714 0.1768898
vt 0.08048188 0.17687
vt 0.08047491 0.1755807
vt 0.07588011 0.1756085
vt 0.08047491 0.1755807
vt 0.08046597 0.1742916
vt 0.08046597 0.1742916
vt 0.08045506 0.1730022
vt 0.07586038 0.1730463
vt 0.08045506 0.1730022
vt 0.08044213 0.171713
vt 0.07584756 0.1717653
vt 0.08044213 0.171713
vt 0.0804252 0.1700572
vt 0.07583063 0.1701035
vt 0.0804252 0.1700572
vt 0.0804103 0.1684015
vt 0.07581549 0.168442
vt 0.07581549 0.168442
vt 0.0804103 0.1684015
vt 0.0803377 0.1667086
vt 0.0803377 0.1667086
vt 0.08032655 0.1650903
vt 0.07579094 0.1651182
vt 0.08032655 0.1650903
vt 0.08031648 0.1634058
vt 0.0757814 0.1634563
vt 0.08036857 0.1392514
vt 0.08038836 0.1366168
vt 0.07586306 0.1365813
vt 0.08031648 0.1634058
vt 0.08030819 0.1617544
vt 0.07577365 0.1617948
vt 0.07582521 0.1418564
vt 0.08035081 0.1418863
vt 0.08036857 0.1392514
vt 0.08030819 0.1617544
vt 0.08030164 0.1601027
vt 0.07576793 0.1601328
vt 0.08033531 0.1445024
vt 0.08035081 0.1418863
vt 0.07582521 0.1418564
vt 0.08030164 0.1601027
vt 0.08029687 0.158451
vt 0.07576417 0.1584713
vt 0.08032125 0.1471554
vt 0.08033531 0.1445024
vt 0.07580912 0.1444937
vt 0.08029687 0.158451
vt 0.08029413 0.1567998
vt 0.07576245 0.1568093
vt 0.08029413 0.1567998
vt 0.08029347 0.155148
vt 0.07576298 0.1551476
vt 0.08032125 0.1471554
vt 0.07579433 0.1471316
vt 0.07577842 0.1501624
vt 0.08029347 0.155148
vt 0.08029526 0.1534967
vt 0.07576572 0.1534859
vt 0.07577091 0.1518242
vt 0.08029943 0.1518435
vt 0.08030623 0.1501875
vt 0.07576572 0.1534859
vt 0.08029526 0.1534967
vt 0.08029943 0.1518435
vt 0.08551067 0.1059462
vt 0.08118724 0.1059586
vt 0.08119183 0.1072514
vt 0.08550745 0.1046616
vt 0.08118516 0.1046655
vt 0.08118724 0.1059586
vt 0.08550709 0.1033766
vt 0.08118516 0.1033727
vt 0.08118516 0.1046655
vt 0.0750221 0.1553956
vt 0.0738427 0.1559048
vt 0.07388502 0.1563706
vt 0.08550947 0.1020919
vt 0.08118754 0.10208
vt 0.08118516 0.1033727
vt 0.08119213 0.1007872
vt 0.08118754 0.10208
vt 0.08550947 0.1020919
vt 0.08106178 0.0916213
vt 0.08108156 0.0899698
vt 0.07675772 0.0899143
vt 0.08104389 0.0932727
vt 0.08106178 0.0916213
vt 0.07673686 0.0915715
vt 0.07670301 0.0948862
vt 0.08102822 0.0949241
vt 0.08104389 0.0932727
vt 0.07669001 0.0965435
vt 0.08101469 0.0965755
vt 0.08102822 0.0949241
vt 0.07939386 0.1271606
vt 0.07541257 0.1350893
vt 0.07968014 0.1304313
vt 0.08104687 0.1234373
vt 0.08103144 0.1207844
vt 0.07672077 0.1208081
vt 0.09160029 0.1382688
vt 0.09181278 0.1370018
vt 0.08059334 0.1360345
vt 0.07667946 0.0982007
vt 0.08100336 0.0982269
vt 0.08101469 0.0965755
vt 0.07672077 0.1208081
vt 0.08103144 0.1207844
vt 0.08101791 0.1181316
vt 0.07667154 0.0998583
vt 0.08099412 0.0998785
vt 0.08100336 0.0982269
vt 0.07670676 0.1181525
vt 0.08101791 0.1181316
vt 0.0810061 0.1154791
vt 0.09160029 0.1382688
vt 0.08059334 0.1386902
vt 0.08094143 0.1413227
vt 0.07666599 0.1015158
vt 0.08098703 0.1015302
vt 0.08099412 0.0998785
vt 0.0766943 0.1154971
vt 0.0810061 0.1154791
vt 0.08099621 0.1128261
vt 0.0809859 0.1097876
vt 0.07667171 0.1098028
vt 0.07668334 0.1128415
vt 0.07743316 0.1245271
vt 0.07657897 0.1235673
vt 0.06703048 0.1292854
vt 0.07666277 0.1031733
vt 0.08098226 0.1031815
vt 0.08098703 0.1015302
vt 0.07859677 0.1257075
vt 0.07212942 0.1350893
vt 0.07541257 0.1350893
vt 0.07968014 0.1304313
vt 0.07541257 0.1350893
vt 0.07692962 0.1344216
vt 0.07666182 0.1048305
vt 0.08097964 0.1048333
vt 0.08098226 0.1031815
vt 0.07859677 0.1257075
vt 0.07743316 0.1245271
vt 0.0683943 0.1320009
vt 0.07666301 0.106488
vt 0.08097952 0.1064846
vt 0.08097964 0.1048333
vt 0.07667171 0.1098028
vt 0.0809859 0.1097876
vt 0.08098143 0.1081362
vt 0.07666635 0.1081454
vt 0.08098143 0.1081362
vt 0.08097952 0.1064846
vt 0.07212942 0.1350893
vt 0.07859677 0.1257075
vt 0.06933486 0.1333656
vt 0.191097 0.8460566
vt 0.1909954 0.8437112
vt 0.1892551 0.8437825
vt 0.1912099 0.8484016
vt 0.191097 0.8460566
vt 0.189357 0.8461362
vt 0.1909954 0.8437112
vt 0.1909052 0.8413658
vt 0.1891646 0.8414287
vt 0.1909052 0.8413658
vt 0.1908262 0.83902
vt 0.1890856 0.8390742
vt 0.1890856 0.8390742
vt 0.1908262 0.83902
vt 0.1907584 0.836674
vt 0.1912099 0.8484016
vt 0.1894702 0.8484896
vt 0.1896883 0.8528029
vt 0.1612727 0.876522
vt 0.1612713 0.8735903
vt 0.159531 0.8735927
vt 0.1907584 0.836674
vt 0.1907019 0.8343282
vt 0.1889614 0.8343661
vt 0.1730471 0.8649667
vt 0.1730559 0.8611968
vt 0.1713163 0.8611948
vt 0.1612727 0.876522
vt 0.1626357 0.878192
vt 0.1640452 0.8776163
vt 0.1743679 0.93008101
vt 0.1815344 0.91599262
vt 0.1729912 0.92717034
vt 0.1907019 0.8343282
vt 0.1906566 0.8319827
vt 0.1889164 0.832012
vt 0.1730471 0.8649667
vt 0.1752814 0.8693132
vt 0.1731222 0.8611731
vt 0.1713163 0.857429
vt 0.1713163 0.8611948
vt 0.1730559 0.8611968
vt 0.1889164 0.832012
vt 0.1906566 0.8319827
vt 0.1906226 0.8296376
vt 0.1713075 0.8536634
vt 0.1713163 0.857429
vt 0.1730559 0.8574269
vt 0.1888826 0.8296583
vt 0.1906226 0.8296376
vt 0.1905999 0.8272927
vt 0.1888602 0.8273051
vt 0.1905999 0.8272927
vt 0.1905885 0.8249483
vt 0.188849 0.8249524
vt 0.1905885 0.8249483
vt 0.1905885 0.8226045
vt 0.1888492 0.8225999
vt 0.1905885 0.8226045
vt 0.1905998 0.8202606
vt 0.1888607 0.8202476
vt 0.1905998 0.8202606
vt 0.1906225 0.817917
vt 0.1743679 0.93008101
vt 0.1780585 0.93231714
vt 0.1832865 0.91650194
vt 0.1906225 0.817917
vt 0.1906386 0.8160826
vt 0.1888998 0.8160728
vt 0.1906386 0.8160826
vt 0.1906428 0.8142479
vt 0.188904 0.8142499
vt 0.1815344 0.91599262
vt 0.1800945 0.914872
vt 0.1723377 0.92421675
vt 0.1729915 0.91823745
vt 0.1723377 0.9211911
vt 0.1723377 0.92421675
vt 0.1906428 0.8142479
vt 0.1906352 0.8124136
vt 0.1888964 0.8124266
vt 0.1800945 0.914872
vt 0.1791701 0.91329861
vt 0.1742678 0.91549457
vt 0.1906352 0.8124136
vt 0.1906154 0.8105793
vt 0.1888768 0.8106037
vt 0.1803597 0.8169935
vt 0.182538 0.8148941
vt 0.1794673 0.814894
vt 0.1906154 0.8105793
vt 0.1905857 0.8087451
vt 0.1888556 0.8093104
vt 0.1613601 0.8803087
vt 0.1613601 0.8784841
vt 0.1596197 0.8784785
vt 0.159531 0.8697002
vt 0.159531 0.8712227
vt 0.1658388 0.8711656
vt 0.1752814 0.8693132
vt 0.1813762 0.8676968
vt 0.1792171 0.8595566
vt 0.158348 0.8202281
vt 0.1583589 0.8249481
vt 0.1646638 0.8227569
vt 0.1583415 0.817194
vt 0.158348 0.8202281
vt 0.1646558 0.820204
vt 0.1583352 0.8141603
vt 0.1583415 0.817194
vt 0.164646 0.8171771
vt 0.1583288 0.8111244
vt 0.1583352 0.8141603
vt 0.1646394 0.8141501
vt 0.1583321 0.8080872
vt 0.1583288 0.8111244
vt 0.1646368 0.811125
vt 0.1583411 0.8050499
vt 0.1583321 0.8080872
vt 0.1646401 0.8080998
vt 0.1646638 0.8020494
vt 0.1583559 0.8020126
vt 0.1583411 0.8050499
vt 0.1721467 0.8697004
vt 0.1658388 0.8697554
vt 0.1658388 0.8711656
vt 0.158348 0.8202281
vt 0.1520417 0.8202329
vt 0.1520453 0.8227776
vt 0.1623945 0.8833598
vt 0.1623919 0.8804615
vt 0.1596197 0.8844661
vt 0.1530758 0.8697002
vt 0.153076 0.878192
vt 0.1593841 0.8781916
vt 0.161033 0.8965979
vt 0.1605459 0.8933979
vt 0.1604714 0.8931959
vt 0.1604571 0.8928242
vt 0.1604714 0.8931959
vt 0.1605459 0.8933979
vt 0.158348 0.8202281
vt 0.1583415 0.817194
vt 0.1520371 0.8172182
vt 0.1583415 0.817194
vt 0.1583352 0.8141603
vt 0.152029 0.8142025
vt 0.1583352 0.8141603
vt 0.1583288 0.8111244
vt 0.1520177 0.8111857
vt 0.1594336 0.8009286
vt 0.1542529 0.7851171
vt 0.1519522 0.7856437
vt 0.1542529 0.7851171
vt 0.1594336 0.8009286
vt 0.1631108 0.79869
vt 0.1631108 0.79869
vt 0.1638294 0.7982379
vt 0.1644881 0.7957804
vt 0.1651372 0.792837
vt 0.1574417 0.7835057
vt 0.1560027 0.7846193
vt 0.1583288 0.8111244
vt 0.1583128 0.8081303
vt 0.1520016 0.8081701
vt 0.1651372 0.792837
vt 0.1651372 0.789823
vt 0.1644887 0.7868793
vt 0.1574417 0.7835057
vt 0.1644887 0.7868793
vt 0.1632215 0.7841445
vt 0.1520016 0.8081701
vt 0.1583128 0.8081303
vt 0.1582909 0.8051031
vt 0.1519797 0.8051544
vt 0.1582909 0.8051031
vt 0.1582632 0.8020753
vt 0.1653892 0.8039275
vt 0.1648108 0.803956
vt 0.1653168 0.8044967
vt 0.1882908 0.8437887
vt 0.186552 0.8437177
vt 0.1864501 0.8460644
vt 0.1881884 0.8461464
vt 0.1864501 0.8460644
vt 0.1863368 0.8484071
vt 0.1866427 0.8413678
vt 0.186552 0.8437177
vt 0.1882908 0.8437887
vt 0.1861184 0.8527148
vt 0.1878564 0.8528029
vt 0.1880745 0.8485035
vt 0.186722 0.8390174
vt 0.1866427 0.8413678
vt 0.1883819 0.8414304
vt 0.1885297 0.8367125
vt 0.1867899 0.8366665
vt 0.186722 0.8390174
vt 0.1885865 0.834353
vt 0.1868464 0.8343152
vt 0.1867899 0.8366665
vt 0.1641323 0.8804615
vt 0.1623919 0.8804615
vt 0.1623945 0.8833598
vt 0.1623545 0.8931034
vt 0.1605459 0.8933979
vt 0.161033 0.8965979
vt 0.188632 0.8319935
vt 0.1868918 0.8319639
vt 0.1868464 0.8343152
vt 0.1869261 0.8296125
vt 0.1868918 0.8319639
vt 0.188632 0.8319935
vt 0.1604571 0.8928242
vt 0.1623545 0.8931034
vt 0.1619034 0.8891451
vt 0.1596197 0.8853893
vt 0.1600622 0.8893528
vt 0.1619034 0.8891451
vt 0.1869491 0.8272607
vt 0.1869261 0.8296125
vt 0.1886664 0.8296335
vt 0.1887015 0.8249137
vt 0.1869611 0.824909
vt 0.1869491 0.8272607
vt 0.1887021 0.8225534
vt 0.1869617 0.8225571
vt 0.1869611 0.824909
vt 0.186951 0.8202057
vt 0.1869617 0.8225571
vt 0.1887021 0.8225534
vt 0.1869291 0.817854
vt 0.186951 0.8202057
vt 0.1886914 0.8201936
vt 0.1869291 0.817854
vt 0.1886693 0.8178335
vt 0.1886539 0.8160143
vt 0.1869137 0.8160231
vt 0.1886539 0.8160143
vt 0.1886506 0.8141949
vt 0.1869104 0.8141922
vt 0.1886506 0.8141949
vt 0.1886594 0.8123754
vt 0.1886594 0.8123754
vt 0.1886803 0.8105562
vt 0.1869404 0.8105306
vt 0.1869404 0.8105306
vt 0.1886803 0.8105562
vt 0.1887021 0.809283
vt 0.1632474 0.8803146
vt 0.1632474 0.8784836
vt 0.161507 0.8784895
vt 0.08290815 0.0897832
vt 0.08126205 0.0895539
vt 0.07961648 0.0897832
vt 0.0738427 0.1523492
vt 0.07407218 0.1507033
vt 0.0738427 0.1490573
vt 0.08118516 0.0915474
vt 0.09320503 0.0915474
vt 0.09289878 0.0899143
vt 0.07400637 0.1465951
vt 0.0738427 0.147023
vt 0.07521408 0.147023
vt 0.0987817 0.0758773
vt 0.08799684 0.0732512
vt 0.08774805 0.0758773
vt 0.07486742 0.1368794
vt 0.07322162 0.13665
vt 0.07157576 0.1368794
vt 0.07440394 0.1523492
vt 0.07440394 0.149066
vt 0.07417565 0.1507077
vt 0.08150941 0.1239619
vt 0.08315116 0.1237337
vt 0.07986795 0.1237337
vt 0.0738427 0.1471264
vt 0.07402604 0.1475567
vt 0.07523661 0.1471264
vt 0.07441252 0.1552921
vt 0.0744124 0.1524526
vt 0.0738427 0.1536045
vt 0.08774805 0.0786105
vt 0.09887784 0.0786105
vt 0.08811843 0.0759808
vt 0.1336135 0.7776913
vt 0.1402851 0.7776913
vt 0.1343154 0.7756531
vt 0.159531 0.8720025
vt 0.1622427 0.8734434
vt 0.1649027 0.8720025
vt 0.1639718 0.8788815
vt 0.1645486 0.8789812
vt 0.1645486 0.8783928
vt 0.1645486 0.8783928
vt 0.1633943 0.878979
vt 0.1639718 0.8788815
vt 0.1652161 0.8791281
vt 0.1633943 0.8791281
vt 0.1650574 0.8796407
vt 0.1627505 0.8880069
vt 0.1644909 0.8880076
vt 0.1644909 0.8871663
vt 0.1791456 0.8094234
vt 0.1731781 0.8114681
vt 0.1798522 0.8114681
vt 0.1514549 0.7998421
vt 0.1516263 0.7991215
vt 0.1514549 0.7985685
vt 0.1741579 0.8092765
vt 0.1792697 0.8077432
vt 0.1731781 0.8077432
vt 0.167807 0.8046437
vt 0.1648108 0.80497
vt 0.1708034 0.80497
vt 0.1627505 0.8890036
vt 0.1644909 0.8890036
vt 0.1627507 0.8881546
vt 0.1635622 0.8803146
vt 0.1652209 0.8797877
vt 0.1633943 0.8797877
vt 0.07655835 0.1091999
vt 0.0761063 0.1076099
vt 0.07047182 0.1101514
vt 0.0761429 0.1138598
vt 0.07655835 0.110856
vt 0.07047182 0.1101514
vt 0.07474225 0.1189271
vt 0.07560735 0.1164582
vt 0.07047182 0.1101514
vt 0.06773298 0.1047743
vt 0.06638532 0.105785
vt 0.07047182 0.1101514
vt 0.06638532 0.105785
vt 0.06540483 0.1070725
vt 0.07047182 0.1101514
vt 0.07208299 0.1234639
vt 0.07356083 0.1212826
vt 0.07047182 0.1101514
vt 0.07356083 0.1212826
vt 0.07474225 0.1189271
vt 0.07047182 0.1101514
vt 0.07655835 0.110856
vt 0.07655835 0.1091999
vt 0.07047182 0.1101514
vt 0.06927615 0.1041858
vt 0.06773298 0.1047743
vt 0.07047182 0.1101514
vt 0.0709213 0.1040404
vt 0.06927615 0.1041858
vt 0.07047182 0.1101514
vt 0.07560735 0.1164582
vt 0.0761429 0.1138598
vt 0.07047182 0.1101514
vt 0.07254374 0.1043498
vt 0.0709213 0.1040404
vt 0.07047182 0.1101514
vt 0.07401984 0.1050898
vt 0.07254374 0.1043498
vt 0.07047182 0.1101514
vt 0.07523852 0.1062049
vt 0.07401984 0.1050898
vt 0.07047182 0.1101514
vt 0.0761063 0.1076099
vt 0.07523852 0.1062049
vt 0.07047182 0.1101514
vt 0.05332636 0.109588
vt 0.05347049 0.1112333
vt 0.05815374 0.1100854
vt 0.05347049 0.1112333
vt 0.05415028 0.1141947
vt 0.05815374 0.1100854
vt 0.06530123 0.1095863
vt 0.06499069 0.1079643
vt 0.05815374 0.1100854
vt 0.06499069 0.1079643
vt 0.06424915 0.1064885
vt 0.05815374 0.1100854
vt 0.06424915 0.1064885
vt 0.06313329 0.105271
vt 0.05815374 0.1100854
vt 0.057397 0.1214106
vt 0.05907696 0.1234639
vt 0.05815374 0.1100854
vt 0.06313329 0.105271
vt 0.06172764 0.1044043
vt 0.05815374 0.1100854
vt 0.05600082 0.1191549
vt 0.057397 0.1214106
vt 0.05815374 0.1100854
vt 0.06172764 0.1044043
vt 0.06013882 0.1039538
vt 0.05815374 0.1100854
vt 0.05491238 0.1167359
vt 0.05600082 0.1191549
vt 0.05815374 0.1100854
vt 0.06013882 0.1039538
vt 0.05848717 0.1039538
vt 0.05815374 0.1100854
vt 0.05415028 0.1141947
vt 0.05491238 0.1167359
vt 0.05815374 0.1100854
vt 0.05848717 0.1039538
vt 0.05689829 0.1044049
vt 0.05815374 0.1100854
vt 0.05689829 0.1044049
vt 0.05549299 0.105272
vt 0.05815374 0.1100854
vt 0.05549299 0.105272
vt 0.05437719 0.10649
vt 0.05815374 0.1100854
vt 0.05437719 0.10649
vt 0.05363649 0.1079658
vt 0.05815374 0.1100854
vt 0.05363649 0.1079658
vt 0.05332636 0.109588
vt 0.05815374 0.1100854
vt 0.05764871 0.0736213
vt 0.05765026 0.0723364
vt 0.05332714 0.0723343
vt 0.05332785 0.0706789
vt 0.05332714 0.0723343
vt 0.05765026 0.0723364
vt 0.0578432 0.0604272
vt 0.05772095 0.0630802
vt 0.06898206 0.0630863
vt 0.06493914 0.073726
vt 0.05332636 0.073726
vt 0.05409342 0.0762496
vt 0.06397426 0.92020095
vt 0.06980997 0.91753436
vt 0.06335109 0.91353572
vt 0.05773103 0.91964919
vt 0.06335109 0.91353572
vt 0.05633234 0.90748793
vt 0.05633234 0.90748793
vt 0.05131918 0.90154249
vt 0.04545646 0.90755618
vt 0.05131918 0.90154249
vt 0.04741477 0.8954083
vt 0.04213947 0.90097696
vt 0.04741477 0.8954083
vt 0.04350966 0.8888028
vt 0.0401932 0.8937611
vt 0.04350966 0.8888028
vt 0.04163849 0.884533
vt 0.03928959 0.8893484
vt 0.04163849 0.884533
vt 0.04044681 0.8792201
vt 0.03926676 0.8844529
vt 0.06335109 0.91353572
vt 0.06980997 0.91753436
vt 0.07431328 0.91219152
vt 0.05633234 0.90748793
vt 0.06335109 0.91353572
vt 0.06745237 0.90670175
vt 0.05131918 0.90154249
vt 0.05633234 0.90748793
vt 0.05999028 0.90106226
vt 0.04741477 0.8954083
vt 0.05131918 0.90154249
vt 0.0545718 0.8956377
vt 0.04350966 0.8888028
vt 0.04741477 0.8954083
vt 0.05002331 0.8904949
vt 0.04163849 0.884533
vt 0.04350966 0.8888028
vt 0.04628723 0.8839055
vt 0.04044681 0.8792201
vt 0.04163849 0.884533
vt 0.04413008 0.8801397
vt 0.06745237 0.90670175
vt 0.07431328 0.91219152
vt 0.0770691 0.90588505
vt 0.05999028 0.90106226
vt 0.06745237 0.90670175
vt 0.06921529 0.90048349
vt 0.0545718 0.8956377
vt 0.05999028 0.90106226
vt 0.06186324 0.8947887
vt 0.05002331 0.8904949
vt 0.0545718 0.8956377
vt 0.05665957 0.890848
vt 0.04628723 0.8839055
vt 0.05002331 0.8904949
vt 0.05206555 0.8852828
vt 0.04413008 0.8801397
vt 0.04628723 0.8839055
vt 0.04845863 0.8802513
vt 0.04269647 0.877208
vt 0.04413008 0.8801397
vt 0.04600203 0.8769447
vt 0.06921529 0.90048349
vt 0.0770691 0.90588505
vt 0.07647007 0.8975966
vt 0.06186324 0.8947887
vt 0.06921529 0.90048349
vt 0.06943976 0.8934262
vt 0.05665957 0.890848
vt 0.06186324 0.8947887
vt 0.06251102 0.8893597
vt 0.05206555 0.8852828
vt 0.05665957 0.890848
vt 0.05798882 0.8857878
vt 0.04845863 0.8802513
vt 0.05206555 0.8852828
vt 0.05351579 0.8805659
vt 0.04600203 0.8769447
vt 0.04845863 0.8802513
vt 0.05044138 0.8766445
vt 0.04472243 0.8750502
vt 0.04600203 0.8769447
vt 0.04887169 0.8730844
vt 0.06943976 0.8934262
vt 0.07647007 0.8975966
vt 0.0772944 0.8892794
vt 0.06251102 0.8893597
vt 0.06943976 0.8934262
vt 0.0696823 0.8859579
vt 0.05798882 0.8857878
vt 0.06251102 0.8893597
vt 0.06398218 0.8833004
vt 0.05351579 0.8805659
vt 0.05798882 0.8857878
vt 0.05951374 0.8803522
vt 0.05044138 0.8766445
vt 0.05351579 0.8805659
vt 0.05546468 0.8766792
vt 0.04887169 0.8730844
vt 0.05044138 0.8766445
vt 0.05264252 0.8737258
vt 0.04887169 0.8730844
vt 0.05084156 0.8713648
vt 0.04952615 0.8697305
vt 0.0696823 0.8859579
vt 0.0772944 0.8892794
vt 0.07669758 0.8835372
vt 0.06398218 0.8833004
vt 0.0696823 0.8859579
vt 0.07075029 0.8813291
vt 0.05951374 0.8803522
vt 0.06398218 0.8833004
vt 0.06540137 0.8792654
vt 0.05546468 0.8766792
vt 0.05951374 0.8803522
vt 0.06124985 0.8768329
vt 0.05264252 0.8737258
vt 0.05546468 0.8766792
vt 0.05720061 0.8742185
vt 0.05084156 0.8713648
vt 0.05264252 0.8737258
vt 0.05440998 0.8717236
vt 0.04952615 0.8697305
vt 0.05084156 0.8713648
vt 0.05251002 0.8693131
vt 0.07669758 0.8835372
vt 0.07790577 0.8785317
vt 0.07213294 0.8774689
vt 0.07075029 0.8813291
vt 0.07213294 0.8774689
vt 0.06827545 0.8759706
vt 0.06540137 0.8792654
vt 0.06827545 0.8759706
vt 0.06376624 0.8745719
vt 0.06124985 0.8768329
vt 0.06376624 0.8745719
vt 0.05938202 0.8720845
vt 0.05720061 0.8742185
vt 0.05938202 0.8720845
vt 0.05626654 0.8701353
vt 0.05440998 0.8717236
vt 0.05626654 0.8701353
vt 0.05412316 0.8684246
vt 0.05251002 0.8693131
vt 0.05412316 0.8684246
vt 0.0521866 0.8671195
vt 0.07790577 0.8785317
vt 0.08071291 0.8729514
vt 0.07657068 0.8730566
vt 0.07213294 0.8774689
vt 0.07657068 0.8730566
vt 0.07197916 0.8729221
vt 0.06827545 0.8759706
vt 0.07197916 0.8729221
vt 0.0662716 0.8724124
vt 0.06376624 0.8745719
vt 0.0662716 0.8724124
vt 0.06134873 0.8706497
vt 0.05938202 0.8720845
vt 0.06134873 0.8706497
vt 0.05796241 0.8692285
vt 0.05626654 0.8701353
vt 0.05796241 0.8692285
vt 0.05555278 0.8681395
vt 0.05412316 0.8684246
vt 0.05555278 0.8681395
vt 0.05293846 0.8665848
vt 0.08071291 0.8729514
vt 0.08234292 0.8665568
vt 0.07958447 0.867256
vt 0.07657068 0.8730566
vt 0.07958447 0.867256
vt 0.0752291 0.8690916
vt 0.07197916 0.8729221
vt 0.0752291 0.8690916
vt 0.06974518 0.8699825
vt 0.0662716 0.8724124
vt 0.06974518 0.8699825
vt 0.06539088 0.8697159
vt 0.06134873 0.8706497
vt 0.06539088 0.8697159
vt 0.0619266 0.8684651
vt 0.05796241 0.8692285
vt 0.0619266 0.8684651
vt 0.05939304 0.8676974
vt 0.08234292 0.8665568
vt 0.08158147 0.8615956
vt 0.07795172 0.864057
vt 0.07958447 0.867256
vt 0.07795172 0.864057
vt 0.07450497 0.8660228
vt 0.0752291 0.8690916
vt 0.07450497 0.8660228
vt 0.07040101 0.8671117
vt 0.06974518 0.8699825
vt 0.07040101 0.8671117
vt 0.06707441 0.8674908
vt 0.06539088 0.8697159
vt 0.06707441 0.8674908
vt 0.0640856 0.8668321
vt 0.0619266 0.8684651
vt 0.0640856 0.8668321
vt 0.0622006 0.8661366
vt 0.07795172 0.864057
vt 0.08158147 0.8615956
vt 0.07705551 0.8595806
vt 0.07450497 0.8660228
vt 0.07795172 0.864057
vt 0.07466673 0.8620587
vt 0.07040101 0.8671117
vt 0.07450497 0.8660228
vt 0.07209014 0.8638542
vt 0.06707441 0.8674908
vt 0.07040101 0.8671117
vt 0.0693472 0.8648758
vt 0.0640856 0.8668321
vt 0.06707441 0.8674908
vt 0.06695663 0.8654625
vt 0.0622006 0.8661366
vt 0.0640856 0.8668321
vt 0.06410598 0.8650627
vt 0.07466673 0.8620587
vt 0.07705551 0.8595806
vt 0.07414001 0.8590136
vt 0.07209014 0.8638542
vt 0.07466673 0.8620587
vt 0.07289022 0.8610606
vt 0.0693472 0.8648758
vt 0.07209014 0.8638542
vt 0.07064372 0.8627831
vt 0.06695663 0.8654625
vt 0.0693472 0.8648758
vt 0.06833195 0.8635615
vt 0.06410598 0.8650627
vt 0.06695663 0.8654625
vt 0.06622463 0.8638815
vt 0.06195938 0.8642927
vt 0.06410598 0.8650627
vt 0.06352555 0.8636978
vt 0.07289022 0.8610606
vt 0.07414001 0.8590136
vt 0.07233124 0.8587958
vt 0.07064372 0.8627831
vt 0.07289022 0.8610606
vt 0.07140618 0.8602916
vt 0.06833195 0.8635615
vt 0.07064372 0.8627831
vt 0.06963956 0.861618
vt 0.06833195 0.8635615
vt 0.06794315 0.8620879
vt 0.06655514 0.8623268
vt 0.07140618 0.8602916
vt 0.07233124 0.8587958
vt 0.07087916 0.8583473
vt 0.06963956 0.861618
vt 0.07140618 0.8602916
vt 0.07024031 0.8594428
vt 0.06963956 0.861618
vt 0.06898498 0.8603639
vt 0.06787955 0.8608191
vt 0.06794315 0.8620879
vt 0.06787955 0.8608191
vt 0.06682187 0.860852
vt 0.07024031 0.8594428
vt 0.07087916 0.8583473
vt 0.07031184 0.858136
vt 0.06898498 0.8603639
vt 0.07024031 0.8594428
vt 0.06968235 0.8591939
vt 0.06898498 0.8603639
vt 0.06873148 0.8599163
vt 0.06780999 0.860331
vt 0.06787955 0.8608191
vt 0.06780999 0.860331
vt 0.06691533 0.8603421
vt 0.06004697 0.8589389
vt 0.06110948 0.8608646
vt 0.06170755 0.8600959
vt 0.06146746 0.8583133
vt 0.06073266 0.8586286
vt 0.06170755 0.8600959
vt 0.06212925 0.8580662
vt 0.06146746 0.8583133
vt 0.06222546 0.8595949
vt 0.06272017 0.8578768
vt 0.06212925 0.8580662
vt 0.06270575 0.8592261
vt 0.06325972 0.8577303
vt 0.06272017 0.8578768
vt 0.06315976 0.8589497
vt 0.06376892 0.8576151
vt 0.06325972 0.8577303
vt 0.06359475 0.8587415
vt 0.06424355 0.8575277
vt 0.06376892 0.8576151
vt 0.06402146 0.858584
vt 0.06471127 0.8574587
vt 0.06424355 0.8575277
vt 0.06443232 0.8584713
vt 0.06516587 0.8574051
vt 0.06471127 0.8574587
vt 0.06484782 0.8583907
vt 0.0656253 0.8573639
vt 0.06516587 0.8574051
vt 0.06526112 0.8583394
vt 0.06608027 0.8573338
vt 0.0656253 0.8573639
vt 0.06568413 0.8583065
vt 0.06654459 0.8573102
vt 0.06608027 0.8573338
vt 0.06611394 0.8582998
vt 0.06654459 0.8573102
vt 0.06656259 0.8583067
vt 0.06703335 0.8583244
vt 0.06170755 0.8600959
vt 0.06110948 0.8608646
vt 0.06176054 0.861143
vt 0.06222546 0.8595949
vt 0.06170755 0.8600959
vt 0.06213968 0.8604156
vt 0.06270575 0.8592261
vt 0.06222546 0.8595949
vt 0.06253939 0.85991
vt 0.06315976 0.8589497
vt 0.06270575 0.8592261
vt 0.06294101 0.8595317
vt 0.06359475 0.8587415
vt 0.06315976 0.8589497
vt 0.06333768 0.8592467
vt 0.06402146 0.858584
vt 0.06359475 0.8587415
vt 0.06372898 0.8590319
vt 0.06443232 0.8584713
vt 0.06402146 0.858584
vt 0.0641207 0.8588706
vt 0.06484782 0.8583907
vt 0.06443232 0.8584713
vt 0.06450384 0.8587569
vt 0.06526112 0.8583394
vt 0.06484782 0.8583907
vt 0.06489592 0.858678
vt 0.06526112 0.8583394
vt 0.06528931 0.8586317
vt 0.06569564 0.8586047
vt 0.06611394 0.8582998
vt 0.06568413 0.8583065
vt 0.06569564 0.8586047
vt 0.06611394 0.8582998
vt 0.0661084 0.8586087
vt 0.06654208 0.8586298
vt 0.06656259 0.8583067
vt 0.06654208 0.8586298
vt 0.0669347 0.8586429
vt 0.06176054 0.861143
vt 0.06231594 0.861303
vt 0.0625351 0.8606417
vt 0.06253939 0.85991
vt 0.06213968 0.8604156
vt 0.0625351 0.8606417
vt 0.06294101 0.8595317
vt 0.06253939 0.85991
vt 0.06283771 0.8601524
vt 0.06333768 0.8592467
vt 0.06294101 0.8595317
vt 0.06316733 0.8597813
vt 0.06372898 0.8590319
vt 0.06333768 0.8592467
vt 0.06350964 0.8594986
vt 0.0641207 0.8588706
vt 0.06372898 0.8590319
vt 0.06385844 0.8592846
vt 0.06450384 0.8587569
vt 0.0641207 0.8588706
vt 0.06421548 0.8591244
vt 0.06489592 0.858678
vt 0.06450384 0.8587569
vt 0.0645703 0.8590132
vt 0.06528931 0.8586317
vt 0.06489592 0.858678
vt 0.06493836 0.8589386
vt 0.06528931 0.8586317
vt 0.06531184 0.8588983
vt 0.06570088 0.858881
vt 0.0661084 0.8586087
vt 0.06569564 0.8586047
vt 0.06570088 0.858881
vt 0.0661084 0.8586087
vt 0.06609541 0.8588915
vt 0.06650698 0.8589256
vt 0.06654208 0.8586298
vt 0.06650698 0.8589256
vt 0.06677865 0.8589361
vt 0.06162565 0.8621189
vt 0.06231385 0.8621291
vt 0.06231594 0.861303
vt 0.06231594 0.861303
vt 0.06302744 0.8613706
vt 0.06309539 0.8608541
vt 0.06283771 0.8601524
vt 0.0625351 0.8606417
vt 0.06309539 0.8608541
vt 0.06316733 0.8597813
vt 0.06283771 0.8601524
vt 0.06327468 0.8604275
vt 0.06350964 0.8594986
vt 0.06316733 0.8597813
vt 0.06350737 0.860094
vt 0.06385844 0.8592846
vt 0.06350964 0.8594986
vt 0.0637713 0.8598322
vt 0.06421548 0.8591244
vt 0.06385844 0.8592846
vt 0.0640555 0.8596316
vt 0.0645703 0.8590132
vt 0.06421548 0.8591244
vt 0.06435769 0.8594819
vt 0.06493836 0.8589386
vt 0.0645703 0.8590132
vt 0.06466609 0.8593812
vt 0.06531184 0.8588983
vt 0.06493836 0.8589386
vt 0.0649935 0.8593191
vt 0.06531184 0.8588983
vt 0.06533372 0.8592937
vt 0.0656985 0.8593009
vt 0.06609541 0.8588915
vt 0.06570088 0.858881
vt 0.0656985 0.8593009
vt 0.06609541 0.8588915
vt 0.06606358 0.8593082
vt 0.06640017 0.8592331
vt 0.06265467 0.8629813
vt 0.06344288 0.8625618
vt 0.06311905 0.8619593
vt 0.06231385 0.8621291
vt 0.06311905 0.8619593
vt 0.06302744 0.8613706
vt 0.06302744 0.8613706
vt 0.06336939 0.8613578
vt 0.06338745 0.8609271
vt 0.06309539 0.8608541
vt 0.06338745 0.8609271
vt 0.06351244 0.8605457
vt 0.06350737 0.860094
vt 0.06327468 0.8604275
vt 0.06351244 0.8605457
vt 0.0637713 0.8598322
vt 0.06350737 0.860094
vt 0.06369829 0.8602419
vt 0.0640555 0.8596316
vt 0.0637713 0.8598322
vt 0.06391823 0.8599982
vt 0.06435769 0.8594819
vt 0.0640555 0.8596316
vt 0.06417191 0.8598081
vt 0.06466609 0.8593812
vt 0.06435769 0.8594819
vt 0.06444346 0.8596644
vt 0.0649935 0.8593191
vt 0.06466609 0.8593812
vt 0.06472301 0.8595743
vt 0.06533372 0.8592937
vt 0.0649935 0.8593191
vt 0.0650193 0.8595196
vt 0.0656985 0.8593009
vt 0.06533372 0.8592937
vt 0.06533604 0.8595139
vt 0.06370246 0.8628271
vt 0.06403058 0.8624284
vt 0.06377023 0.8622811
vt 0.06344288 0.8625618
vt 0.06377023 0.8622811
vt 0.06347787 0.8618364
vt 0.06311905 0.8619593
vt 0.06347787 0.8618364
vt 0.06336939 0.8613578
vt 0.06336939 0.8613578
vt 0.06371247 0.8613585
vt 0.06371295 0.8609916
vt 0.06338745 0.8609271
vt 0.06371295 0.8609916
vt 0.0637899 0.8606858
vt 0.06351244 0.8605457
vt 0.0637899 0.8606858
vt 0.06391596 0.8604338
vt 0.06369829 0.8602419
vt 0.06391596 0.8604338
vt 0.06410032 0.8602102
vt 0.06391823 0.8599982
vt 0.06410032 0.8602102
vt 0.06431043 0.8600396
vt 0.06417191 0.8598081
vt 0.06431043 0.8600396
vt 0.06453573 0.8599162
vt 0.06444346 0.8596644
vt 0.06453573 0.8599162
vt 0.06478875 0.8598412
vt 0.0650193 0.8595196
vt 0.06472301 0.8595743
vt 0.06478875 0.8598412
vt 0.0650193 0.8595196
vt 0.06504547 0.8598052
vt 0.06529587 0.859669
vt 0.06377023 0.8622811
vt 0.06405353 0.8619411
vt 0.06383931 0.8617113
vt 0.06347787 0.8618364
vt 0.06383931 0.8617113
vt 0.06371247 0.8613585
vt 0.04269647 0.877208
vt 0.04184812 0.8730773
vt 0.03996044 0.8750695
vt 0.04472243 0.8750502
vt 0.04344016 0.8718076
vt 0.04184812 0.8730773
vt 0.04734188 0.8718805
vt 0.04607856 0.8695762
vt 0.04344016 0.8718076
vt 0.04952615 0.8697305
vt 0.04811763 0.8681319
vt 0.04607856 0.8695762
vt 0.05117541 0.8681198
vt 0.04999881 0.8665663
vt 0.04811763 0.8681319
vt 0.0521866 0.8671195
vt 0.05096513 0.8657412
vt 0.04999881 0.8665663
vt 0.0521866 0.8671195
vt 0.05293846 0.8665848
vt 0.05161738 0.8652236
vt 0.04184812 0.8730773
vt 0.04208308 0.8692085
vt 0.03972262 0.8706091
vt 0.04344016 0.8718076
vt 0.04346638 0.8682535
vt 0.04208308 0.8692085
vt 0.04607856 0.8695762
vt 0.04558604 0.86697
vt 0.04346638 0.8682535
vt 0.04811763 0.8681319
vt 0.04730707 0.865708
vt 0.04558604 0.86697
vt 0.04999881 0.8665663
vt 0.04907774 0.8645928
vt 0.04730707 0.865708
vt 0.05096513 0.8657412
vt 0.04990917 0.8637668
vt 0.04907774 0.8645928
vt 0.05161738 0.8652236
vt 0.05047625 0.8633032
vt 0.04990917 0.8637668
vt 0.1389001 0.8592516
vt 0.1373967 0.8607668
vt 0.1379261 0.8614679
vt 0.1355884 0.8625517
vt 0.1362805 0.8630921
vt 0.1379261 0.8614679
vt 0.1343037 0.8647438
vt 0.1351115 0.865087
vt 0.1362805 0.8630921
vt 0.13363 0.8671937
vt 0.1344984 0.8673164
vt 0.1351115 0.865087
vt 0.1336135 0.8697345
vt 0.1344833 0.8696285
vt 0.1344984 0.8673164
vt 0.1342638 0.8722201
vt 0.1350752 0.8718904
vt 0.1344833 0.8696285
vt 0.1355127 0.8744044
vt 0.1362116 0.8738781
vt 0.1350752 0.8718904
vt 0.1373085 0.8762275
vt 0.1378459 0.8755371
vt 0.1362116 0.8738781
vt 0.1394928 0.8775042
vt 0.1398336 0.8766989
vt 0.1378459 0.8755371
vt 0.1394928 0.8775042
vt 0.141965 0.878192
vt 0.1420832 0.8773248
vt 0.1444907 0.878192
vt 0.1443816 0.8773248
vt 0.1420832 0.8773248
vt 0.1444907 0.878192
vt 0.1469603 0.8775764
vt 0.1466289 0.8767646
vt 0.1491555 0.8763202
vt 0.1486266 0.8756215
vt 0.1466289 0.8767646
vt 0.1491555 0.8763202
vt 0.1501479 0.8764934
vt 0.1496531 0.8754866
vt 0.1522411 0.8723736
vt 0.1514345 0.8720301
vt 0.1496531 0.8754866
vt 0.1522411 0.8723736
vt 0.1529289 0.8699014
vt 0.1520603 0.8697804
vt 0.1529289 0.8673758
vt 0.1520603 0.8674821
vt 0.1520603 0.8697804
vt 0.1529289 0.8673758
vt 0.1523134 0.8649064
vt 0.1515003 0.8652349
vt 0.151031 0.862708
vt 0.1503333 0.8632344
vt 0.1515003 0.8652349
vt 0.151031 0.862708
vt 0.1492686 0.8608991
vt 0.1487295 0.8615882
vt 0.147051 0.8596083
vt 0.1467114 0.8604137
vt 0.1487295 0.8615882
vt 0.147051 0.8596083
vt 0.1446123 0.8589345
vt 0.1444922 0.8598004
vt 0.1420529 0.8589199
vt 0.1421632 0.8597874
vt 0.1444922 0.8598004
vt 0.1420529 0.8589199
vt 0.1389001 0.8592516
vt 0.1399463 0.8603606
vt 0.04208308 0.8692085
vt 0.04176509 0.863938
vt 0.04025518 0.8642611
vt 0.04346638 0.8682535
vt 0.04359531 0.8636271
vt 0.04176509 0.863938
vt 0.04558604 0.86697
vt 0.04568505 0.8631074
vt 0.04359531 0.8636271
vt 0.04730707 0.865708
vt 0.04701292 0.8626036
vt 0.04568505 0.8631074
vt 0.04907774 0.8645928
vt 0.04824906 0.8620852
vt 0.04701292 0.8626036
vt 0.04990917 0.8637668
vt 0.04912006 0.861538
vt 0.04824906 0.8620852
vt 0.05047625 0.8633032
vt 0.04955995 0.8610321
vt 0.04912006 0.861538
vt 0.04176509 0.863938
vt 0.04258042 0.8597422
vt 0.04052788 0.8601335
vt 0.04359531 0.8636271
vt 0.0441398 0.859467
vt 0.04258042 0.8597422
vt 0.04568505 0.8631074
vt 0.04529595 0.8592721
vt 0.0441398 0.859467
vt 0.04701292 0.8626036
vt 0.04637604 0.8590053
vt 0.04529595 0.8592721
vt 0.04824906 0.8620852
vt 0.04761874 0.8588546
vt 0.04637604 0.8590053
vt 0.04912006 0.861538
vt 0.04869163 0.858723
vt 0.04761874 0.8588546
vt 0.04955995 0.8610321
vt 0.04893469 0.8586832
vt 0.04869163 0.858723
vt 0.04052788 0.8601335
vt 0.04258042 0.8597422
vt 0.04175102 0.8566916
vt 0.04258042 0.8597422
vt 0.0441398 0.859467
vt 0.04345238 0.8566332
vt 0.0441398 0.859467
vt 0.04529595 0.8592721
vt 0.04511505 0.8566923
vt 0.04637604 0.8590053
vt 0.04625588 0.8566552
vt 0.04511505 0.8566923
vt 0.04761874 0.8588546
vt 0.04734486 0.856596
vt 0.04625588 0.8566552
vt 0.04761874 0.8588546
vt 0.04869163 0.858723
vt 0.04832017 0.856571
vt 0.04869163 0.858723
vt 0.04893469 0.8586832
vt 0.04882901 0.8565619
vt 0.03993558 0.8566677
vt 0.04175102 0.8566916
vt 0.04040002 0.85219
vt 0.04175102 0.8566916
vt 0.04345238 0.8566332
vt 0.04224807 0.8525185
vt 0.04345238 0.8566332
vt 0.04511505 0.8566923
vt 0.04409497 0.8527163
vt 0.04511505 0.8566923
vt 0.04625588 0.8566552
vt 0.04594355 0.8531151
vt 0.04625588 0.8566552
vt 0.04734486 0.856596
vt 0.04715222 0.8534022
vt 0.04734486 0.856596
vt 0.04832017 0.856571
vt 0.04821509 0.8537053
vt 0.04832017 0.856571
vt 0.04882901 0.8565619
vt 0.04875302 0.8540049
vt 0.0383625 0.8518022
vt 0.04040002 0.85219
vt 0.03958827 0.8481627
vt 0.04040002 0.85219
vt 0.04224807 0.8525185
vt 0.04174202 0.8489622
vt 0.04224807 0.8525185
vt 0.04409497 0.8527163
vt 0.04390639 0.8497857
vt 0.04409497 0.8527163
vt 0.04594355 0.8531151
vt 0.04558265 0.8505497
vt 0.04594355 0.8531151
vt 0.04715222 0.8534022
vt 0.04711037 0.8511393
vt 0.04715222 0.8534022
vt 0.04821509 0.8537053
vt 0.04830718 0.8515805
vt 0.04821509 0.8537053
vt 0.04875302 0.8540049
vt 0.04925537 0.8520459
vt 0.06403058 0.8624284
vt 0.06405353 0.8619411
vt 0.06377023 0.8622811
vt 0.06412667 0.8615662
vt 0.06394577 0.8614818
vt 0.06383931 0.8617113
vt 0.06394577 0.8614818
vt 0.06412667 0.8615662
vt 0.06424039 0.8612943
vt 0.06424039 0.8612943
vt 0.06439185 0.8609635
vt 0.06423085 0.8608939
vt 0.06439185 0.8609635
vt 0.06452578 0.8606948
vt 0.06437188 0.8606342
vt 0.06371247 0.8613585
vt 0.06383931 0.8617113
vt 0.06394577 0.8614818
vt 0.06371247 0.8613585
vt 0.06394577 0.8614818
vt 0.06407129 0.8612125
vt 0.06371295 0.8609916
vt 0.06407129 0.8612125
vt 0.06423085 0.8608939
vt 0.06423085 0.8608939
vt 0.06437188 0.8606342
vt 0.06391596 0.8604338
vt 0.06452578 0.8606948
vt 0.06463575 0.8604667
vt 0.06448686 0.8604137
vt 0.06437188 0.8606342
vt 0.06448686 0.8604137
vt 0.06410032 0.8602102
vt 0.06463575 0.8604667
vt 0.0647962 0.8603392
vt 0.06467467 0.8602292
vt 0.06448686 0.8604137
vt 0.06467467 0.8602292
vt 0.06431043 0.8600396
vt 0.0647962 0.8603392
vt 0.06492853 0.8602101
vt 0.06477373 0.8600979
vt 0.06467467 0.8602292
vt 0.06477373 0.8600979
vt 0.06453573 0.8599162
vt 0.06492853 0.8602101
vt 0.06506085 0.8600736
vt 0.06491005 0.8599659
vt 0.06477373 0.8600979
vt 0.06491005 0.8599659
vt 0.06478875 0.8598412
vt 0.06506085 0.8600736
vt 0.0652008 0.8599466
vt 0.06504547 0.8598052
vt 0.06478875 0.8598412
vt 0.06491005 0.8599659
vt 0.06504547 0.8598052
vt 0.06352555 0.8636978
vt 0.06370246 0.8628271
vt 0.06265467 0.8629813
vt 0.06352555 0.8636978
vt 0.06265467 0.8629813
vt 0.06166189 0.862915
vt 0.06166189 0.862915
vt 0.06265467 0.8629813
vt 0.06162565 0.8621189
vt 0.06110948 0.8608646
vt 0.06162565 0.8621189
vt 0.06176054 0.861143
vt 0.06265467 0.8629813
vt 0.06370246 0.8628271
vt 0.06344288 0.8625618
vt 0.06162565 0.8621189
vt 0.06265467 0.8629813
vt 0.06231385 0.8621291
vt 0.07705551 0.8595806
vt 0.08158147 0.8615956
vt 0.08137416 0.8553967
vt 0.07414001 0.8590136
vt 0.07705551 0.8595806
vt 0.0771709 0.8557885
vt 0.07414001 0.8590136
vt 0.07424026 0.8559642
vt 0.07264763 0.855986
vt 0.07087916 0.8583473
vt 0.07233124 0.8587958
vt 0.07264763 0.855986
vt 0.07031184 0.858136
vt 0.07087916 0.8583473
vt 0.07103323 0.8560852
vt 0.08137416 0.8553967
vt 0.08104336 0.8516371
vt 0.07670402 0.8530618
vt 0.07424026 0.8559642
vt 0.0771709 0.8557885
vt 0.07670402 0.8530618
vt 0.07264763 0.855986
vt 0.07424026 0.8559642
vt 0.07387936 0.8538963
vt 0.07264763 0.855986
vt 0.07234084 0.8543407
vt 0.07085692 0.8548269
vt 0.07103323 0.8560852
vt 0.07085692 0.8548269
vt 0.0702933 0.8549822
vt 0.07670402 0.8530618
vt 0.08104336 0.8516371
vt 0.07891547 0.8487577
vt 0.07387936 0.8538963
vt 0.07670402 0.8530618
vt 0.07552653 0.8505767
vt 0.07234084 0.8543407
vt 0.07387936 0.8538963
vt 0.07300776 0.8519875
vt 0.07234084 0.8543407
vt 0.07163721 0.8528018
vt 0.07040828 0.853672
vt 0.07085692 0.8548269
vt 0.07040828 0.853672
vt 0.06989872 0.8540146
vt 0.07552653 0.8505767
vt 0.07891547 0.8487577
vt 0.07643997 0.845937
vt 0.07300776 0.8519875
vt 0.07552653 0.8505767
vt 0.07363897 0.8484319
vt 0.07163721 0.8528018
vt 0.07300776 0.8519875
vt 0.07160365 0.8503471
vt 0.07163721 0.8528018
vt 0.07051438 0.8515183
vt 0.0696361 0.8526918
vt 0.07040828 0.853672
vt 0.0696361 0.8526918
vt 0.06930333 0.8531696
vt 0.07363897 0.8484319
vt 0.07643997 0.845937
vt 0.07340878 0.8431132
vt 0.07160365 0.8503471
vt 0.07363897 0.8484319
vt 0.0705685 0.8468016
vt 0.07051438 0.8515183
vt 0.07160365 0.8503471
vt 0.06940484 0.8492159
vt 0.07051438 0.8515183
vt 0.06882655 0.8506257
vt 0.06834477 0.8518925
vt 0.0696361 0.8526918
vt 0.06834477 0.8518925
vt 0.0682379 0.8524517
vt 0.07643997 0.845937
vt 0.07891547 0.8487577
vt 0.08065789 0.847617
vt 0.07643997 0.845937
vt 0.07986325 0.8440057
vt 0.07807892 0.8390834
vt 0.08104336 0.8516371
vt 0.08065789 0.847617
vt 0.07891547 0.8487577
vt 0.0705685 0.8468016
vt 0.07340878 0.8431132
vt 0.06942886 0.8419791
vt 0.0705685 0.8468016
vt 0.06829684 0.8450313
vt 0.06772398 0.8478841
vt 0.06940484 0.8492159
vt 0.06772398 0.8478841
vt 0.06738901 0.8502557
vt 0.06882655 0.8506257
vt 0.06738901 0.8502557
vt 0.06724673 0.8516066
vt 0.06834477 0.8518925
vt 0.06724673 0.8516066
vt 0.06725311 0.8521878
vt 0.07340878 0.8431132
vt 0.07807892 0.8390834
vt 0.07137358 0.8376776
vt 0.06829684 0.8450313
vt 0.06942886 0.8419791
vt 0.06573206 0.8418658
vt 0.06829684 0.8450313
vt 0.06544786 0.8447269
vt 0.06542533 0.8473518
vt 0.06772398 0.8478841
vt 0.06542533 0.8473518
vt 0.06589919 0.8502419
vt 0.06738901 0.8502557
vt 0.06589919 0.8502419
vt 0.06609517 0.851594
vt 0.06724673 0.8516066
vt 0.06609517 0.851594
vt 0.06621676 0.8521944
vt 0.06942886 0.8419791
vt 0.07137358 0.8376776
vt 0.06657397 0.837399
vt 0.03673213 0.8474144
vt 0.03958827 0.8481627
vt 0.04004657 0.8422786
vt 0.03958827 0.8481627
vt 0.04174202 0.8489622
vt 0.04246509 0.8440244
vt 0.04174202 0.8489622
vt 0.04390639 0.8497857
vt 0.04458194 0.8455094
vt 0.04390639 0.8497857
vt 0.04558265 0.8505497
vt 0.04693633 0.8471314
vt 0.04558265 0.8505497
vt 0.04711037 0.8511393
vt 0.04853832 0.8482922
vt 0.04830718 0.8515805
vt 0.04964917 0.848885
vt 0.04853832 0.8482922
vt 0.04830718 0.8515805
vt 0.04925537 0.8520459
vt 0.05052161 0.8493533
vt 0.03766286 0.8399471
vt 0.04004657 0.8422786
vt 0.04241567 0.8375445
vt 0.04004657 0.8422786
vt 0.04246509 0.8440244
vt 0.04435718 0.8392811
vt 0.04246509 0.8440244
vt 0.04458194 0.8455094
vt 0.04704552 0.8416181
vt 0.04458194 0.8455094
vt 0.04693633 0.8471314
vt 0.04932016 0.8436952
vt 0.04693633 0.8471314
vt 0.04853832 0.8482922
vt 0.05079644 0.8451859
vt 0.04853832 0.8482922
vt 0.04964917 0.848885
vt 0.05176401 0.8464763
vt 0.04964917 0.848885
vt 0.05052161 0.8493533
vt 0.05216866 0.8478588
vt 0.1475784 0.8084194
vt 0.14806 0.8077835
vt 0.1458812 0.8065561
vt 0.1458812 0.8065561
vt 0.1434215 0.8059176
vt 0.1433248 0.806708
vt 0.1342875 0.8203626
vt 0.1336135 0.82116
vt 0.1346048 0.82125
vt 0.1346048 0.82125
vt 0.1363637 0.8230323
vt 0.1368519 0.8224031
vt 0.1368519 0.8224031
vt 0.1363637 0.8230323
vt 0.1385548 0.8242766
vt 0.1385548 0.8242766
vt 0.1409632 0.8249481
vt 0.1410711 0.8241606
vt 0.1410711 0.8241606
vt 0.1409632 0.8249481
vt 0.1435034 0.8249481
vt 0.1435034 0.8249481
vt 0.1459248 0.8243081
vt 0.1456218 0.8235738
vt 0.1459248 0.8243081
vt 0.1481192 0.8230421
vt 0.1476344 0.8224125
vt 0.1481192 0.8230421
vt 0.1498854 0.8212853
vt 0.1492542 0.8208013
vt 0.1498854 0.8212853
vt 0.1511576 0.8190821
vt 0.1504209 0.8187805
vt 0.1511576 0.8190821
vt 0.1518052 0.8166504
vt 0.1510147 0.8165503
vt 0.1518052 0.8166504
vt 0.1517994 0.8141334
vt 0.1510091 0.8142417
vt 0.1517994 0.8141334
vt 0.1511403 0.8117033
vt 0.1504042 0.8120128
vt 0.1511403 0.8117033
vt 0.1498728 0.8095264
vt 0.1492413 0.8100162
vt 0.1492413 0.8100162
vt 0.1498728 0.8095264
vt 0.14806 0.8077835
vt 0.06664723 0.8532414
vt 0.06616175 0.853302
vt 0.06635755 0.8549012
vt 0.06635755 0.8549012
vt 0.06616175 0.853302
vt 0.06568139 0.8534317
vt 0.06588888 0.8549492
vt 0.06568139 0.8534317
vt 0.0652461 0.8535673
vt 0.06542694 0.8549971
vt 0.0652461 0.8535673
vt 0.06484079 0.8536485
vt 0.06496119 0.8550393
vt 0.06484079 0.8536485
vt 0.06445616 0.8536938
vt 0.06450152 0.8550694
vt 0.06445616 0.8536938
vt 0.06407421 0.8536966
vt 0.06402879 0.8550844
vt 0.06407421 0.8536966
vt 0.06369954 0.8536571
vt 0.06354898 0.8550805
vt 0.06369954 0.8536571
vt 0.06331366 0.8535682
vt 0.06303316 0.8550531
vt 0.06331366 0.8535682
vt 0.06292402 0.8534252
vt 0.06248611 0.854998
vt 0.06292402 0.8534252
vt 0.06252288 0.8532138
vt 0.0618869 0.8549074
vt 0.06252288 0.8532138
vt 0.06210982 0.8529125
vt 0.06121635 0.8547714
vt 0.06210982 0.8529125
vt 0.06169259 0.8524881
vt 0.0609306 0.8509956
vt 0.06128376 0.8518994
vt 0.06158518 0.8517541
vt 0.06658029 0.8530323
vt 0.06590735 0.8530734
vt 0.06616175 0.853302
vt 0.06590735 0.8530734
vt 0.06561505 0.853241
vt 0.06568139 0.8534317
vt 0.06568139 0.8534317
vt 0.06561505 0.853241
vt 0.06519842 0.8533921
vt 0.06519842 0.8533921
vt 0.06481218 0.8534847
vt 0.06484079 0.8536485
vt 0.06484079 0.8536485
vt 0.06481218 0.8534847
vt 0.06444662 0.8535339
vt 0.06445616 0.8536938
vt 0.06444662 0.8535339
vt 0.06408333 0.8535383
vt 0.06407421 0.8536966
vt 0.06408333 0.8535383
vt 0.06372827 0.8534985
vt 0.06369954 0.8536571
vt 0.06372827 0.8534985
vt 0.06336486 0.853408
vt 0.06331366 0.8535682
vt 0.06336486 0.853408
vt 0.06300181 0.8532622
vt 0.06292402 0.8534252
vt 0.06300181 0.8532622
vt 0.06263422 0.8530478
vt 0.06252288 0.8532138
vt 0.06263422 0.8530478
vt 0.06226527 0.8527459
vt 0.06210982 0.8529125
vt 0.06226527 0.8527459
vt 0.06190437 0.8523286
vt 0.06190437 0.8523286
vt 0.06158518 0.8517541
vt 0.06128376 0.8518994
vt 0.06138014 0.8509402
vt 0.06158518 0.8517541
vt 0.06193852 0.8516306
vt 0.06138014 0.8509402
vt 0.06185418 0.8509387
vt 0.06204378 0.8501146
vt 0.06567031 0.8529166
vt 0.06551057 0.8530161
vt 0.06561505 0.853241
vt 0.06561505 0.853241
vt 0.06551057 0.8530161
vt 0.06513071 0.8531874
vt 0.06513071 0.8531874
vt 0.06477248 0.8532915
vt 0.06481218 0.8534847
vt 0.06481218 0.8534847
vt 0.06477248 0.8532915
vt 0.06443208 0.8533452
vt 0.06444662 0.8535339
vt 0.06443208 0.8533452
vt 0.06409347 0.8533516
vt 0.06408333 0.8535383
vt 0.06409347 0.8533516
vt 0.06376355 0.8533126
vt 0.06372827 0.8534985
vt 0.06376355 0.8533126
vt 0.06342887 0.8532217
vt 0.06336486 0.853408
vt 0.06342887 0.8532217
vt 0.06309908 0.8530754
vt 0.06300181 0.8532622
vt 0.06309908 0.8530754
vt 0.06277215 0.8528622
vt 0.06263422 0.8530478
vt 0.06277215 0.8528622
vt 0.06245493 0.8525662
vt 0.06226527 0.8527459
vt 0.06245493 0.8525662
vt 0.06216174 0.8521656
vt 0.06216174 0.8521656
vt 0.06193852 0.8516306
vt 0.06158518 0.8517541
vt 0.06185418 0.8509387
vt 0.06193852 0.8516306
vt 0.06224381 0.8515592
vt 0.06185418 0.8509387
vt 0.06222552 0.8509716
vt 0.06242525 0.8503117
vt 0.06242525 0.8503117
vt 0.06291878 0.8497501
vt 0.06255906 0.849365
vt 0.06548851 0.8527279
vt 0.06539005 0.8528263
vt 0.06551057 0.8530161
vt 0.06551057 0.8530161
vt 0.06539005 0.8528263
vt 0.06505775 0.8530055
vt 0.06505775 0.8530055
vt 0.06473064 0.8531184
vt 0.06477248 0.8532915
vt 0.06477248 0.8532915
vt 0.06473064 0.8531184
vt 0.06441563 0.8531746
vt 0.06443208 0.8533452
vt 0.06441563 0.8531746
vt 0.06410169 0.8531831
vt 0.06409347 0.8533516
vt 0.06410169 0.8531831
vt 0.06379663 0.8531454
vt 0.06376355 0.8533126
vt 0.06379663 0.8531454
vt 0.06349003 0.8530558
vt 0.06342887 0.8532217
vt 0.06349003 0.8530558
vt 0.06319212 0.8529119
vt 0.06309908 0.8530754
vt 0.06319212 0.8529119
vt 0.06290298 0.852704
vt 0.06277215 0.8528622
vt 0.06290298 0.852704
vt 0.06263214 0.8524194
vt 0.06245493 0.8525662
vt 0.06263214 0.8524194
vt 0.06239771 0.8520426
vt 0.06239771 0.8520426
vt 0.06224381 0.8515592
vt 0.06193852 0.8516306
vt 0.06222552 0.8509716
vt 0.06224381 0.8515592
vt 0.06290709 0.8514962
vt 0.06222552 0.8509716
vt 0.06295901 0.8511289
vt 0.06312948 0.8507599
vt 0.06312948 0.8507599
vt 0.06354141 0.8504068
vt 0.06291878 0.8497501
vt 0.06539005 0.8528263
vt 0.06508338 0.8524241
vt 0.06484675 0.8525933
vt 0.06484675 0.8525933
vt 0.06460475 0.8527056
vt 0.06473064 0.8531184
vt 0.06473064 0.8531184
vt 0.06460475 0.8527056
vt 0.06436127 0.8527636
vt 0.06441563 0.8531746
vt 0.06436127 0.8527636
vt 0.06411629 0.8527778
vt 0.06410169 0.8531831
vt 0.06411629 0.8527778
vt 0.0638808 0.8527488
vt 0.06379663 0.8531454
vt 0.0638808 0.8527488
vt 0.06365078 0.8526674
vt 0.06349003 0.8530558
vt 0.06365078 0.8526674
vt 0.06343525 0.8525395
vt 0.06319212 0.8529119
vt 0.06343525 0.8525395
vt 0.06323546 0.8523646
vt 0.06290298 0.852704
vt 0.06323546 0.8523646
vt 0.06306737 0.8521315
vt 0.06263214 0.8524194
vt 0.06306737 0.8521315
vt 0.06294995 0.8518372
vt 0.06294995 0.8518372
vt 0.06290709 0.8514962
vt 0.06224381 0.8515592
vt 0.03966498 0.8353299
vt 0.04241567 0.8375445
vt 0.04387634 0.8312343
vt 0.04241567 0.8375445
vt 0.04435718 0.8392811
vt 0.04673695 0.8345637
vt 0.04435718 0.8392811
vt 0.04704552 0.8416181
vt 0.04927259 0.8374128
vt 0.04704552 0.8416181
vt 0.04932016 0.8436952
vt 0.05166071 0.8403922
vt 0.04932016 0.8436952
vt 0.05079644 0.8451859
vt 0.05294096 0.8425297
vt 0.05079644 0.8451859
vt 0.05176401 0.8464763
vt 0.05443829 0.8449124
vt 0.05216866 0.8478588
vt 0.05554932 0.8467628
vt 0.05443829 0.8449124
vt 0.04139858 0.8274929
vt 0.04387634 0.8312343
vt 0.0464726 0.8257117
vt 0.04387634 0.8312343
vt 0.04673695 0.8345637
vt 0.04921263 0.8300875
vt 0.04673695 0.8345637
vt 0.04927259 0.8374128
vt 0.05198001 0.834442
vt 0.04927259 0.8374128
vt 0.05166071 0.8403922
vt 0.05406308 0.8379676
vt 0.05166071 0.8403922
vt 0.05294096 0.8425297
vt 0.05553275 0.840795
vt 0.05294096 0.8425297
vt 0.05443829 0.8449124
vt 0.05662697 0.843433
vt 0.05554932 0.8467628
vt 0.05816942 0.8456742
vt 0.05662697 0.843433
vt 0.05816942 0.8456742
vt 0.05554932 0.8467628
vt 0.05772113 0.8475329
vt 0.05976068 0.8479752
vt 0.05772113 0.8475329
vt 0.05887871 0.8487387
vt 0.05887871 0.8487387
vt 0.06009119 0.8503704
vt 0.06085783 0.8495853
vt 0.04921263 0.8300875
vt 0.05198001 0.834442
vt 0.05824565 0.8306971
vt 0.05198001 0.834442
vt 0.05406308 0.8379676
vt 0.05994987 0.8349647
vt 0.05406308 0.8379676
vt 0.05553275 0.840795
vt 0.06097948 0.8379372
vt 0.05662697 0.843433
vt 0.06193459 0.8421971
vt 0.06097948 0.8379372
vt 0.05816942 0.8456742
vt 0.0619322 0.8452563
vt 0.06193459 0.8421971
vt 0.05976068 0.8479752
vt 0.06275522 0.8473249
vt 0.0619322 0.8452563
vt 0.05976068 0.8479752
vt 0.06085783 0.8495853
vt 0.06254571 0.8488619
vt 0.06573206 0.8418658
vt 0.06657397 0.837399
vt 0.06097948 0.8379372
vt 0.06544786 0.8447269
vt 0.06573206 0.8418658
vt 0.06193459 0.8421971
vt 0.06544786 0.8447269
vt 0.0619322 0.8452563
vt 0.06275522 0.8473249
vt 0.05546122 0.8256907
vt 0.05824565 0.8306971
vt 0.06417679 0.8280104
vt 0.05824565 0.8306971
vt 0.05994987 0.8349647
vt 0.06509423 0.8331163
vt 0.04810309 0.8036687
vt 0.05238026 0.8097474
vt 0.05672127 0.8048358
vt 0.06173145 0.8218425
vt 0.06417679 0.8280104
vt 0.0695132 0.8259056
vt 0.06417679 0.8280104
vt 0.06509423 0.8331163
vt 0.06952387 0.8319594
vt 0.04810309 0.8036687
vt 0.04587173 0.7967102
vt 0.04403591 0.8026909
vt 0.05243724 0.7985397
vt 0.04981458 0.7928821
vt 0.04587173 0.7967102
vt 0.05672127 0.8048358
vt 0.06175208 0.8000303
vt 0.0583676 0.7954298
vt 0.05243724 0.7985397
vt 0.0583676 0.7954298
vt 0.05384135 0.7914057
vt 0.05196493 0.8209933
vt 0.04937237 0.8181364
vt 0.0464726 0.8257117
vt 0.04937237 0.8181364
vt 0.05196493 0.8209933
vt 0.05803501 0.8160017
vt 0.05196493 0.8209933
vt 0.05546122 0.8256907
vt 0.06173145 0.8218425
vt 0.05238026 0.8097474
vt 0.05803501 0.8160017
vt 0.06228834 0.8115811
vt 0.05803501 0.8160017
vt 0.06173145 0.8218425
vt 0.06702023 0.8180464
vt 0.05672127 0.8048358
vt 0.06228834 0.8115811
vt 0.06610411 0.8066679
vt 0.06228834 0.8115811
vt 0.06702023 0.8180464
vt 0.06878554 0.8101216
vt 0.0464726 0.8257117
vt 0.04921263 0.8300875
vt 0.05546122 0.8256907
vt 0.04309105 0.8206277
vt 0.0464726 0.8257117
vt 0.04937237 0.8181364
vt 0.0468353 0.812969
vt 0.04937237 0.8181364
vt 0.05238026 0.8097474
vt 0.06509423 0.8331163
vt 0.05994987 0.8349647
vt 0.06097948 0.8379372
vt 0.06952387 0.8319594
vt 0.06509423 0.8331163
vt 0.06657397 0.837399
vt 0.0695132 0.8259056
vt 0.06952387 0.8319594
vt 0.07280933 0.8314641
vt 0.07137358 0.8376776
vt 0.07562685 0.8353074
vt 0.07280933 0.8314641
vt 0.07807892 0.8390834
vt 0.07688623 0.8373297
vt 0.07137358 0.8376776
vt 0.07688623 0.8373297
vt 0.07562685 0.8353074
vt 0.07137358 0.8376776
vt 0.06589919 0.8502419
vt 0.06428015 0.8502051
vt 0.06500273 0.8514584
vt 0.06609517 0.851594
vt 0.06500273 0.8514584
vt 0.06525993 0.8523208
vt 0.06428015 0.8502051
vt 0.06354141 0.8504068
vt 0.06448549 0.8514601
vt 0.06500273 0.8514584
vt 0.06448549 0.8514601
vt 0.06508338 0.8524241
vt 0.06418514 0.8516911
vt 0.06448549 0.8514601
vt 0.06354141 0.8504068
vt 0.06418514 0.8516911
vt 0.06484675 0.8525933
vt 0.06508338 0.8524241
vt 0.06144642 0.8499054
vt 0.06255906 0.849365
vt 0.06254571 0.8488619
vt 0.06307494 0.8497088
vt 0.06428015 0.8502051
vt 0.06275522 0.8473249
vt 0.06254571 0.8488619
vt 0.06307494 0.8497088
vt 0.06275522 0.8473249
vt 0.06307494 0.8497088
vt 0.06354141 0.8504068
vt 0.06428015 0.8502051
vt 0.06255906 0.849365
vt 0.06291878 0.8497501
vt 0.06307494 0.8497088
vt 0.06291878 0.8497501
vt 0.06354141 0.8504068
vt 0.06307494 0.8497088
vt 0.06542533 0.8473518
vt 0.06275522 0.8473249
vt 0.06428015 0.8502051
vt 0.06144642 0.8499054
vt 0.06204378 0.8501146
vt 0.06255906 0.849365
vt 0.06295901 0.8511289
vt 0.0639528 0.8519192
vt 0.06418514 0.8516911
vt 0.06290709 0.8514962
vt 0.06376981 0.8521194
vt 0.0639528 0.8519192
vt 0.06294995 0.8518372
vt 0.06362152 0.8522975
vt 0.06376981 0.8521194
vt 0.06306737 0.8521315
vt 0.06362152 0.8522975
vt 0.06294995 0.8518372
vt 0.06323546 0.8523646
vt 0.06362152 0.8522975
vt 0.06306737 0.8521315
vt 0.06343525 0.8525395
vt 0.06362152 0.8522975
vt 0.06323546 0.8523646
vt 0.06365078 0.8526674
vt 0.06362152 0.8522975
vt 0.06343525 0.8525395
vt 0.0638808 0.8527488
vt 0.06362152 0.8522975
vt 0.06365078 0.8526674
vt 0.06411629 0.8527778
vt 0.06362152 0.8522975
vt 0.0638808 0.8527488
vt 0.06376981 0.8521194
vt 0.06362152 0.8522975
vt 0.06411629 0.8527778
vt 0.0639528 0.8519192
vt 0.06376981 0.8521194
vt 0.06436127 0.8527636
vt 0.06418514 0.8516911
vt 0.0639528 0.8519192
vt 0.06460475 0.8527056
vt 0.06548851 0.8527279
vt 0.06525993 0.8523208
vt 0.06508338 0.8524241
vt 0.06701171 0.8572899
vt 0.06703335 0.8583244
vt 0.06715732 0.8583261
vt 0.06715732 0.8583261
vt 0.06779044 0.8583364
vt 0.06778371 0.8573453
vt 0.06703406 0.8548367
vt 0.06762355 0.8547087
vt 0.06761986 0.8536019
vt 0.06778371 0.8573453
vt 0.06779044 0.8583364
vt 0.06856322 0.8583234
vt 0.06762355 0.8547087
vt 0.06882506 0.8544391
vt 0.06827026 0.8538956
vt 0.06778371 0.8573453
vt 0.06922066 0.8574261
vt 0.06933867 0.8559356
vt 0.06773459 0.8560343
vt 0.06933867 0.8559356
vt 0.06882506 0.8544391
vt 0.0669347 0.8586429
vt 0.06677865 0.8589361
vt 0.06694811 0.8589613
vt 0.0661239 0.8594693
vt 0.0665102 0.8593434
vt 0.06640017 0.8592331
vt 0.06677865 0.8589361
vt 0.06640017 0.8592331
vt 0.0665102 0.8593434
vt 0.06703335 0.8583244
vt 0.0669347 0.8586429
vt 0.06713211 0.8586141
vt 0.06779044 0.8583364
vt 0.06775808 0.858676
vt 0.06809532 0.858813
vt 0.06715732 0.8583261
vt 0.06713211 0.8586141
vt 0.06775808 0.858676
vt 0.06809532 0.858813
vt 0.06775808 0.858676
vt 0.06776154 0.8590265
vt 0.06713211 0.8586141
vt 0.06694811 0.8589613
vt 0.06776154 0.8590265
vt 0.06694811 0.8589613
vt 0.0665102 0.8593434
vt 0.06727498 0.8594057
vt 0.06674855 0.8597775
vt 0.06727498 0.8594057
vt 0.0665102 0.8593434
vt 0.0661239 0.8594693
vt 0.06628602 0.8598649
vt 0.06674855 0.8597775
vt 0.06571274 0.8595667
vt 0.0661239 0.8594693
vt 0.06606358 0.8593082
vt 0.06599342 0.8599104
vt 0.06628602 0.8598649
vt 0.0661239 0.8594693
vt 0.06682187 0.860852
vt 0.06691533 0.8603421
vt 0.06588268 0.8601423
vt 0.06370246 0.8628271
vt 0.06352555 0.8636978
vt 0.06622463 0.8638815
vt 0.06529587 0.859669
vt 0.06504547 0.8598052
vt 0.0652008 0.8599466
vt 0.06588268 0.8601423
vt 0.06561595 0.8598409
vt 0.06533968 0.8601893
vt 0.06561595 0.8598409
vt 0.06533604 0.8595139
vt 0.06529587 0.859669
vt 0.06424039 0.8612943
vt 0.06422847 0.8617905
vt 0.06454944 0.861126
vt 0.06422847 0.8617905
vt 0.06412667 0.8615662
vt 0.06405353 0.8619411
vt 0.06403058 0.8624284
vt 0.06422847 0.8617905
vt 0.06405353 0.8619411
vt 0.06422847 0.8617905
vt 0.06424039 0.8612943
vt 0.06412667 0.8615662
vt 0.06439185 0.8609635
vt 0.06454944 0.861126
vt 0.06452578 0.8606948
vt 0.0647962 0.8603392
vt 0.06487268 0.8607458
vt 0.0649302 0.8603828
vt 0.06487268 0.8607458
vt 0.06506955 0.861051
vt 0.06546384 0.8605302
vt 0.06454944 0.861126
vt 0.06506955 0.861051
vt 0.06487268 0.8607458
vt 0.0652008 0.8599466
vt 0.06533968 0.8601893
vt 0.06529587 0.859669
vt 0.06506085 0.8600736
vt 0.06533968 0.8601893
vt 0.0652008 0.8599466
vt 0.0649302 0.8603828
vt 0.06546384 0.8605302
vt 0.06533968 0.8601893
vt 0.0649302 0.8603828
vt 0.06533968 0.8601893
vt 0.06506085 0.8600736
vt 0.06622463 0.8638815
vt 0.06655514 0.8623268
vt 0.06403058 0.8624284
vt 0.06682187 0.860852
vt 0.06546384 0.8605302
vt 0.06506955 0.861051
vt 0.06403058 0.8624284
vt 0.064417 0.8619299
vt 0.06422847 0.8617905
vt 0.06454944 0.861126
vt 0.06422847 0.8617905
vt 0.064417 0.8619299
vt 0.06655514 0.8623268
vt 0.06506955 0.861051
vt 0.064417 0.8619299
vt 0.06655514 0.8623268
vt 0.064417 0.8619299
vt 0.06403058 0.8624284
vt 0.06571274 0.8595667
vt 0.06533604 0.8595139
vt 0.06561595 0.8598409
vt 0.06650698 0.8589256
vt 0.06640017 0.8592331
vt 0.06677865 0.8589361
vt 0.06487268 0.8607458
vt 0.06463575 0.8604667
vt 0.06452578 0.8606948
vt 0.06487268 0.8607458
vt 0.0647962 0.8603392
vt 0.06463575 0.8604667
vt 0.06703406 0.8548367
vt 0.06664723 0.8532414
vt 0.06683897 0.8548571
vt 0.05573898 0.860748
vt 0.0551005 0.8531845
vt 0.05356884 0.8528782
vt 0.0505917 0.8564736
vt 0.05096286 0.8584475
vt 0.05443054 0.8615012
vt 0.05085575 0.8524371
vt 0.05063802 0.8544693
vt 0.05356884 0.8528782
vt 0.05146533 0.8604978
vt 0.05208414 0.862453
vt 0.05443054 0.8615012
vt 0.05063802 0.8544693
vt 0.0505917 0.8564736
vt 0.05356884 0.8528782
vt 0.05096286 0.8584475
vt 0.05146533 0.8604978
vt 0.05443054 0.8615012
vt 0.06005704 0.8635583
vt 0.05938786 0.8630017
vt 0.05814659 0.8646195
vt 0.05814659 0.8646195
vt 0.05590784 0.865195
vt 0.05704718 0.8661737
vt 0.05590784 0.865195
vt 0.0545597 0.8654435
vt 0.05536019 0.8661026
vt 0.0595436 0.8619521
vt 0.06010419 0.8620439
vt 0.06015312 0.8613745
vt 0.05841839 0.8621305
vt 0.0569905 0.8630475
vt 0.05814659 0.8646195
vt 0.05693036 0.8602826
vt 0.05573898 0.860748
vt 0.0569905 0.8630475
vt 0.05848079 0.8595378
vt 0.05693036 0.8602826
vt 0.05841839 0.8621305
vt 0.0569905 0.8630475
vt 0.05505162 0.864266
vt 0.05590784 0.865195
vt 0.0569905 0.8630475
vt 0.05573898 0.860748
vt 0.05443054 0.8615012
vt 0.05505162 0.864266
vt 0.05371636 0.8645774
vt 0.0545597 0.8654435
vt 0.05443054 0.8615012
vt 0.05208414 0.862453
vt 0.05371636 0.8645774
vt 0.06015312 0.8613745
vt 0.05944883 0.8591299
vt 0.05848079 0.8595378
vt 0.06144642 0.8499054
vt 0.06085783 0.8495853
vt 0.0609306 0.8509956
vt 0.06128376 0.8518994
vt 0.06038635 0.8518594
vt 0.06169259 0.8524881
vt 0.0609306 0.8509956
vt 0.06085783 0.8495853
vt 0.06009119 0.8503704
vt 0.0609306 0.8509956
vt 0.0600447 0.8514523
vt 0.06038635 0.8518594
vt 0.05909591 0.8523767
vt 0.05881947 0.8512632
vt 0.05806553 0.854071
vt 0.05643159 0.8535381
vt 0.05806553 0.854071
vt 0.05881947 0.8512632
vt 0.0551005 0.8531845
vt 0.05643159 0.8535381
vt 0.05782276 0.8499939
vt 0.05481016 0.8492518
vt 0.05356884 0.8528782
vt 0.0551005 0.8531845
vt 0.05172163 0.8497656
vt 0.05085575 0.8524371
vt 0.05356884 0.8528782
vt 0.06056427 0.852743
vt 0.05982762 0.8544342
vt 0.06042879 0.8545754
vt 0.05883026 0.8671391
vt 0.06037175 0.8659828
vt 0.05891305 0.8656287
vt 0.05939304 0.8676974
vt 0.0622006 0.8661366
vt 0.06037175 0.8659828
vt 0.05891305 0.8656287
vt 0.06037175 0.8659828
vt 0.06082344 0.8639548
vt 0.06037175 0.8659828
vt 0.0622006 0.8661366
vt 0.06195938 0.8642927
vt 0.06005704 0.8635583
vt 0.06082344 0.8639548
vt 0.06081265 0.862913
vt 0.06082344 0.8639548
vt 0.06195938 0.8642927
vt 0.06166189 0.862915
vt 0.06004697 0.8589389
vt 0.0597279 0.8590298
vt 0.06076669 0.8611368
vt 0.0597279 0.8590298
vt 0.05944883 0.8591299
vt 0.06015312 0.8613745
vt 0.06076669 0.8611368
vt 0.06075024 0.8621123
vt 0.06162565 0.8621189
vt 0.06015312 0.8613745
vt 0.06010419 0.8620439
vt 0.06075024 0.8621123
vt 0.06162565 0.8621189
vt 0.06075024 0.8621123
vt 0.06081265 0.862913
vt 0.06075024 0.8621123
vt 0.06010419 0.8620439
vt 0.06013917 0.8628799
vt 0.05116999 0.8628838
vt 0.05041033 0.8607994
vt 0.04955995 0.8610321
vt 0.05208414 0.862453
vt 0.05146533 0.8604978
vt 0.05041033 0.8607994
vt 0.04955995 0.8610321
vt 0.05041033 0.8607994
vt 0.04986315 0.8586273
vt 0.05041033 0.8607994
vt 0.05146533 0.8604978
vt 0.05096286 0.8584475
vt 0.04893469 0.8586832
vt 0.04986315 0.8586273
vt 0.04963415 0.8565375
vt 0.04986315 0.8586273
vt 0.05096286 0.8584475
vt 0.0505917 0.8564736
vt 0.04882901 0.8565619
vt 0.04963415 0.8565375
vt 0.049645 0.8542765
vt 0.04963415 0.8565375
vt 0.0505917 0.8564736
vt 0.05063802 0.8544693
vt 0.04875302 0.8540049
vt 0.049645 0.8542765
vt 0.05005747 0.8522731
vt 0.049645 0.8542765
vt 0.05063802 0.8544693
vt 0.05085575 0.8524371
vt 0.05293846 0.8665848
vt 0.05341696 0.8662583
vt 0.0522316 0.8650252
vt 0.05341696 0.8662583
vt 0.0545597 0.8654435
vt 0.05371636 0.8645774
vt 0.05883026 0.8671391
vt 0.05535215 0.8667207
vt 0.05555278 0.8681395
vt 0.05704718 0.8661737
vt 0.05536019 0.8661026
vt 0.05535215 0.8667207
vt 0.05161738 0.8652236
vt 0.0522316 0.8650252
vt 0.05116999 0.8628838
vt 0.0522316 0.8650252
vt 0.05371636 0.8645774
vt 0.05208414 0.862453
vt 0.05535215 0.8667207
vt 0.05341696 0.8662583
vt 0.05293846 0.8665848
vt 0.05535215 0.8667207
vt 0.05536019 0.8661026
vt 0.0545597 0.8654435
vt 0.05005747 0.8522731
vt 0.05095767 0.849556
vt 0.05052161 0.8493533
vt 0.05085575 0.8524371
vt 0.05172163 0.8497656
vt 0.05095767 0.849556
vt 0.05933779 0.8516945
vt 0.05939036 0.8509846
vt 0.05881947 0.8512632
vt 0.0600447 0.8514523
vt 0.06009119 0.8503704
vt 0.05939036 0.8509846
vt 0.05844181 0.8494384
vt 0.05939036 0.8509846
vt 0.06009119 0.8503704
vt 0.05844181 0.8494384
vt 0.05782276 0.8499939
vt 0.05881947 0.8512632
vt 0.057047 0.8483041
vt 0.05844181 0.8494384
vt 0.05887871 0.8487387
vt 0.057047 0.8483041
vt 0.0566554 0.8493194
vt 0.05782276 0.8499939
vt 0.05554932 0.8467628
vt 0.05459225 0.8478857
vt 0.057047 0.8483041
vt 0.05481016 0.8492518
vt 0.0566554 0.8493194
vt 0.057047 0.8483041
vt 0.05216866 0.8478588
vt 0.05179375 0.8487789
vt 0.05459225 0.8478857
vt 0.05179375 0.8487789
vt 0.05172163 0.8497656
vt 0.05481016 0.8492518
vt 0.06038635 0.8518594
vt 0.06074476 0.8525378
vt 0.06169259 0.8524881
vt 0.06074476 0.8525378
vt 0.06056427 0.852743
vt 0.06169259 0.8524881
vt 0.05172163 0.8497656
vt 0.05179375 0.8487789
vt 0.05095767 0.849556
vt 0.05863678 0.854215
vt 0.05946815 0.8543824
vt 0.05983603 0.8526101
vt 0.05982762 0.8544342
vt 0.06056427 0.852743
vt 0.05983603 0.8526101
vt 0.0600149 0.8520235
vt 0.06074476 0.8525378
vt 0.06038635 0.8518594
vt 0.05909591 0.8523767
vt 0.05983603 0.8526101
vt 0.0600149 0.8520235
vt 0.06056427 0.852743
vt 0.06074476 0.8525378
vt 0.0600149 0.8520235
vt 0.0600447 0.8514523
vt 0.05933779 0.8516945
vt 0.0600149 0.8520235
vt 0.05052161 0.8493533
vt 0.05095767 0.849556
vt 0.05179375 0.8487789
vt 0.0595436 0.8619521
vt 0.05841839 0.8621305
vt 0.05938786 0.8630017
vt 0.06013917 0.8628799
vt 0.05938786 0.8630017
vt 0.06005704 0.8635583
vt 0.0595436 0.8619521
vt 0.05938786 0.8630017
vt 0.06013917 0.8628799
vt 0.07669758 0.8835372
vt 0.07940953 0.8854458
vt 0.08053648 0.8824167
vt 0.07790577 0.8785317
vt 0.08053648 0.8824167
vt 0.08271348 0.8747646
vt 0.08071291 0.8729514
vt 0.08271348 0.8747646
vt 0.08401751 0.8674482
vt 0.08234292 0.8665568
vt 0.08401751 0.8674482
vt 0.08360576 0.861993
vt 0.08158147 0.8615956
vt 0.08360576 0.861993
vt 0.08349281 0.8551582
vt 0.08104336 0.8516371
vt 0.08137416 0.8553967
vt 0.08349281 0.8551582
vt 0.07986325 0.8440057
vt 0.08065789 0.847617
vt 0.08233714 0.8467466
vt 0.07807892 0.8390834
vt 0.07986325 0.8440057
vt 0.0814948 0.8430736
vt 0.08065789 0.847617
vt 0.08104336 0.8516371
vt 0.08297812 0.8510177
vt 0.06878554 0.8101216
vt 0.06702023 0.8180464
vt 0.070149 0.8160905
vt 0.06460428 0.7946944
vt 0.06832492 0.7989369
vt 0.06931853 0.7981822
vt 0.06969618 0.8046695
vt 0.06878554 0.8101216
vt 0.07082611 0.8083631
vt 0.06832492 0.7989369
vt 0.06969618 0.8046695
vt 0.07103455 0.8037857
vt 0.05978184 0.7920487
vt 0.06460428 0.7946944
vt 0.06514644 0.7936999
vt 0.07280933 0.8314641
vt 0.07562685 0.8353074
vt 0.07652986 0.8324816
vt 0.0695132 0.8259056
vt 0.07280933 0.8314641
vt 0.07507652 0.8302371
vt 0.07562685 0.8353074
vt 0.07688623 0.8373297
vt 0.07818257 0.8349002
vt 0.07688623 0.8373297
vt 0.07807892 0.8390834
vt 0.0797258 0.8372638
vt 0.08271348 0.8747646
vt 0.08053648 0.8824167
vt 0.08460599 0.8824198
vt 0.08401751 0.8674482
vt 0.08271348 0.8747646
vt 0.08530187 0.8746232
vt 0.08401751 0.8674482
vt 0.08545011 0.8673521
vt 0.08488237 0.8618279
vt 0.08349281 0.8551582
vt 0.08360576 0.861993
vt 0.08488237 0.8618279
vt 0.08349281 0.8551582
vt 0.08474272 0.8551465
vt 0.08409559 0.8508484
vt 0.08233714 0.8467466
vt 0.08342784 0.8466206
vt 0.08272182 0.8429079
vt 0.0797258 0.8372638
vt 0.0814948 0.8430736
vt 0.08272182 0.8429079
vt 0.08297812 0.8510177
vt 0.08409559 0.8508484
vt 0.08342784 0.8466206
vt 0.07652986 0.8324816
vt 0.07853311 0.8314236
vt 0.07751512 0.829065
vt 0.07818257 0.8349002
vt 0.07976388 0.8342139
vt 0.07853311 0.8314236
vt 0.0797258 0.8372638
vt 0.08085888 0.8365737
vt 0.07976388 0.8342139
vt 0.08530187 0.8746232
vt 0.08460599 0.8824198
vt 0.08593022 0.8823686
vt 0.08530187 0.8746232
vt 0.08669376 0.8747041
vt 0.08647531 0.8674738
vt 0.08545011 0.8673521
vt 0.08647531 0.8674738
vt 0.08637231 0.8617504
vt 0.08474272 0.8551465
vt 0.08488237 0.8618279
vt 0.08637231 0.8617504
vt 0.08409559 0.8508484
vt 0.08474272 0.8551465
vt 0.0865091 0.8549093
vt 0.08272182 0.8429079
vt 0.08342784 0.8466206
vt 0.08488267 0.8458218
vt 0.08272182 0.8429079
vt 0.08372366 0.8423313
vt 0.08209347 0.8367208
vt 0.08342784 0.8466206
vt 0.08409559 0.8508484
vt 0.08566844 0.8502248
vt 0.07751512 0.829065
vt 0.07853311 0.8314236
vt 0.07976281 0.8313092
vt 0.07976388 0.8342139
vt 0.08099687 0.8338118
vt 0.07976281 0.8313092
vt 0.08085888 0.8365737
vt 0.08209347 0.8367208
vt 0.08099687 0.8338118
vt 0.0865091 0.8549093
vt 0.08829426 0.8550903
vt 0.08738219 0.8498646
vt 0.08488267 0.8458218
vt 0.08566844 0.8502248
vt 0.08738219 0.8498646
vt 0.08829426 0.8550903
vt 0.09167176 0.8554857
vt 0.09160321 0.8498328
vt 0.09167176 0.8554857
vt 0.09569674 0.8558435
vt 0.09597867 0.8508112
vt 0.08637231 0.8617504
vt 0.08792847 0.8621856
vt 0.08829426 0.8550903
vt 0.08792847 0.8621856
vt 0.08993923 0.8630974
vt 0.09167176 0.8554857
vt 0.09167176 0.8554857
vt 0.08993923 0.8630974
vt 0.09254145 0.8644683
vt 0.08993923 0.8630974
vt 0.08766752 0.8681558
vt 0.08989512 0.8686222
vt 0.08647531 0.8674738
vt 0.08766752 0.8681558
vt 0.08792847 0.8621856
vt 0.08792847 0.8621856
vt 0.08766752 0.8681558
vt 0.08993923 0.8630974
vt 0.08669376 0.8747041
vt 0.08766752 0.8681558
vt 0.08647531 0.8674738
vt 0.08669376 0.8747041
vt 0.08989512 0.8686222
vt 0.08766752 0.8681558
vt 0.09160321 0.8498328
vt 0.09597867 0.8508112
vt 0.09386909 0.844993
vt 0.08738219 0.8498646
vt 0.09160321 0.8498328
vt 0.08943986 0.8441373
vt 0.07976281 0.8313092
vt 0.08099687 0.8338118
vt 0.08269608 0.8333037
vt 0.08299869 0.830643
vt 0.08269608 0.8333037
vt 0.08453768 0.8330734
vt 0.08209347 0.8367208
vt 0.08373242 0.836495
vt 0.08269608 0.8333037
vt 0.08373242 0.836495
vt 0.08667767 0.8358345
vt 0.08453768 0.8330734
vt 0.08372366 0.8423313
vt 0.08536547 0.8420232
vt 0.08373242 0.836495
vt 0.08536547 0.8420232
vt 0.09048104 0.840222
vt 0.08667767 0.8358345
vt 0.08536547 0.8420232
vt 0.08658826 0.844926
vt 0.08943986 0.8441373
vt 0.09048104 0.840222
vt 0.08943986 0.8441373
vt 0.09386909 0.844993
vt 0.08658826 0.844926
vt 0.08536547 0.8420232
vt 0.08372366 0.8423313
vt 0.07976281 0.8313092
vt 0.08299869 0.830643
vt 0.08052873 0.8271879
vt 0.05773103 0.91964919
vt 0.05724138 0.92073459
vt 0.06388825 0.92258895
vt 0.05773103 0.91964919
vt 0.04955768 0.91399259
vt 0.0488761 0.91501707
vt 0.04955768 0.91399259
vt 0.04545646 0.90755618
vt 0.04407322 0.90928811
vt 0.07034075 0.91829908
vt 0.06980997 0.91753436
vt 0.06397426 0.92020095
vt 0.07034075 0.91829908
vt 0.07560688 0.91309345
vt 0.07431328 0.91219152
vt 0.07034075 0.91829908
vt 0.07160454 0.92095185
vt 0.07869154 0.91561163
vt 0.07431328 0.91219152
vt 0.07560688 0.91309345
vt 0.07849669 0.90672964
vt 0.07560688 0.91309345
vt 0.07869154 0.91561163
vt 0.08233278 0.90863634
vt 0.0770691 0.90588505
vt 0.07849669 0.90672964
vt 0.07902801 0.8992368
vt 0.07849669 0.90672964
vt 0.08233278 0.90863634
vt 0.08415687 0.90151668
vt 0.07647007 0.8975966
vt 0.07902801 0.8992368
vt 0.07952243 0.8902187
vt 0.07902801 0.8992368
vt 0.08415687 0.90151668
vt 0.0850712 0.892471
vt 0.06397426 0.92020095
vt 0.06388825 0.92258895
vt 0.07160454 0.92095185
vt 0.07940953 0.8854458
vt 0.07669758 0.8835372
vt 0.0772944 0.8892794
vt 0.08537292 0.8862615
vt 0.07940953 0.8854458
vt 0.07952243 0.8902187
vt 0.08460599 0.8824198
vt 0.08537292 0.8862615
vt 0.08593022 0.8823686
vt 0.07940953 0.8854458
vt 0.08537292 0.8862615
vt 0.08460599 0.8824198
vt 0.06843507 0.8538005
vt 0.06827026 0.8538956
vt 0.06882506 0.8544391
vt 0.06772911 0.8534343
vt 0.06761986 0.8536019
vt 0.06827026 0.8538956
vt 0.06664723 0.8532414
vt 0.06761986 0.8536019
vt 0.06772911 0.8534343
vt 0.06776154 0.8590265
vt 0.06727498 0.8594057
vt 0.06741112 0.8595641
vt 0.06871432 0.8584872
vt 0.06856322 0.8583234
vt 0.06809532 0.858813
vt 0.06795328 0.8591934
vt 0.06820708 0.8590215
vt 0.06809532 0.858813
vt 0.0693354 0.8575537
vt 0.06922066 0.8574261
vt 0.06856322 0.8583234
vt 0.06945639 0.8559766
vt 0.06933867 0.8559356
vt 0.06922066 0.8574261
vt 0.06898051 0.854407
vt 0.06882506 0.8544391
vt 0.06933867 0.8559356
vt 0.06727498 0.8594057
vt 0.06674855 0.8597775
vt 0.06679701 0.8598592
vt 0.06679701 0.8598592
vt 0.06674855 0.8597775
vt 0.06628602 0.8598649
vt 0.06872892 0.8536298
vt 0.06843507 0.8538005
vt 0.06898051 0.854407
vt 0.06793308 0.8530911
vt 0.06772911 0.8534343
vt 0.06843507 0.8538005
vt 0.066998 0.8528075
vt 0.06658029 0.8530323
vt 0.06772911 0.8534343
vt 0.06795328 0.8591934
vt 0.06741112 0.8595641
vt 0.06756097 0.8597436
vt 0.06902766 0.858839
vt 0.06871432 0.8584872
vt 0.06820708 0.8590215
vt 0.06818783 0.85944
vt 0.06837582 0.8593491
vt 0.06820708 0.8590215
vt 0.06959837 0.8577282
vt 0.0693354 0.8575537
vt 0.06871432 0.8584872
vt 0.06972461 0.856051
vt 0.06945639 0.8559766
vt 0.0693354 0.8575537
vt 0.06939488 0.854825
vt 0.06898051 0.854407
vt 0.06945639 0.8559766
vt 0.06923538 0.8543101
vt 0.06898051 0.854407
vt 0.06939488 0.854825
vt 0.06741112 0.8595641
vt 0.06679701 0.8598592
vt 0.06687748 0.8600341
vt 0.06913995 0.8534068
vt 0.0696401 0.8541641
vt 0.06989872 0.8540146
vt 0.06913995 0.8534068
vt 0.06872892 0.8536298
vt 0.06923538 0.8543101
vt 0.06815403 0.8527262
vt 0.06913995 0.8534068
vt 0.06930333 0.8531696
vt 0.06815403 0.8527262
vt 0.06793308 0.8530911
vt 0.06872892 0.8536298
vt 0.06725311 0.8521878
vt 0.06715983 0.8524865
vt 0.06815403 0.8527262
vt 0.06715983 0.8524865
vt 0.066998 0.8528075
vt 0.06793308 0.8530911
vt 0.06854218 0.8596815
vt 0.06774437 0.8600548
vt 0.06780999 0.860331
vt 0.06818783 0.85944
vt 0.06756097 0.8597436
vt 0.06774437 0.8600548
vt 0.06930917 0.8589987
vt 0.06854218 0.8596815
vt 0.06873148 0.8599163
vt 0.06902766 0.858839
vt 0.06837582 0.8593491
vt 0.06854218 0.8596815
vt 0.06818783 0.85944
vt 0.06854218 0.8596815
vt 0.06837582 0.8593491
vt 0.06990593 0.8579025
vt 0.06930917 0.8589987
vt 0.06968235 0.8591939
vt 0.06990593 0.8579025
vt 0.06959837 0.8577282
vt 0.06902766 0.858839
vt 0.07044297 0.8561039
vt 0.0700739 0.8560769
vt 0.06990593 0.8579025
vt 0.0700739 0.8560769
vt 0.06972461 0.856051
vt 0.06959837 0.8577282
vt 0.0702933 0.8549822
vt 0.06988531 0.8548875
vt 0.0700739 0.8560769
vt 0.06988531 0.8548875
vt 0.06939488 0.854825
vt 0.06972461 0.856051
vt 0.06989872 0.8540146
vt 0.0696401 0.8541641
vt 0.06988531 0.8548875
vt 0.0696401 0.8541641
vt 0.06923538 0.8543101
vt 0.06939488 0.854825
vt 0.06774437 0.8600548
vt 0.0668922 0.8601875
vt 0.06691533 0.8603421
vt 0.06756097 0.8597436
vt 0.06687748 0.8600341
vt 0.0668922 0.8601875
vt 0.066998 0.8528075
vt 0.06715983 0.8524865
vt 0.06629508 0.8524436
vt 0.06725311 0.8521878
vt 0.06621676 0.8521944
vt 0.06629508 0.8524436
vt 0.06658029 0.8530323
vt 0.066998 0.8528075
vt 0.06640201 0.8527341
vt 0.06621676 0.8521944
vt 0.06525993 0.8523208
vt 0.06548851 0.8527279
vt 0.06567031 0.8529166
vt 0.06640201 0.8527341
vt 0.06629508 0.8524436
vt 0.06590735 0.8530734
vt 0.06658029 0.8530323
vt 0.06640201 0.8527341
vt 0.06599342 0.8599104
vt 0.06561595 0.8598409
vt 0.06588268 0.8601423
vt 0.06691533 0.8603421
vt 0.0668922 0.8601875
vt 0.06588268 0.8601423
vt 0.06628602 0.8598649
vt 0.06599342 0.8599104
vt 0.06687748 0.8600341
vt 0.0668922 0.8601875
vt 0.06687748 0.8600341
vt 0.06599342 0.8599104
vt 0.070149 0.8160905
vt 0.07276028 0.8158159
vt 0.07255643 0.8084221
vt 0.06514644 0.7936999
vt 0.06931853 0.7981822
vt 0.07108193 0.7969421
vt 0.07103455 0.8037857
vt 0.07082611 0.8083631
vt 0.07255643 0.8084221
vt 0.06931853 0.7981822
vt 0.07103455 0.8037857
vt 0.07251858 0.8035763
vt 0.06514644 0.7936999
vt 0.06591385 0.7923873
vt 0.05995482 0.7903255
vt 0.07223707 0.8232046
vt 0.07507652 0.8302371
vt 0.07751512 0.829065
vt 0.07751512 0.829065
vt 0.08052873 0.8271879
vt 0.07655423 0.8217535
vt 0.07276028 0.8158159
vt 0.07504683 0.8157592
vt 0.07452189 0.808656
vt 0.07255643 0.8084221
vt 0.07452189 0.808656
vt 0.07369947 0.8034271
vt 0.07108193 0.7969421
vt 0.07251858 0.8035763
vt 0.07369947 0.8034271
vt 0.04587173 0.7967102
vt 0.04543691 0.7963757
vt 0.04255712 0.8021269
vt 0.04587173 0.7967102
vt 0.04981458 0.7928821
vt 0.04958009 0.7925019
vt 0.04981458 0.7928821
vt 0.05384135 0.7914057
vt 0.05368727 0.7907823
vt 0.05384135 0.7914057
vt 0.05978184 0.7920487
vt 0.05995482 0.7903255
vt 0.04543691 0.7963757
vt 0.04519331 0.7961616
vt 0.04162019 0.8017308
vt 0.04543691 0.7963757
vt 0.04958009 0.7925019
vt 0.04519331 0.7961616
vt 0.04403591 0.8026909
vt 0.04255712 0.8021269
vt 0.04151827 0.8094453
vt 0.04255712 0.8021269
vt 0.04162019 0.8017308
vt 0.03980028 0.8092354
vt 0.07090008 0.8199296
vt 0.06702023 0.8180464
vt 0.0695132 0.8259056
vt 0.07223707 0.8232046
vt 0.07090008 0.8199296
vt 0.0695132 0.8259056
vt 0.07090008 0.8199296
vt 0.070149 0.8160905
vt 0.06702023 0.8180464
vt 0.07090008 0.8199296
vt 0.07323396 0.8193678
vt 0.07276028 0.8158159
vt 0.07223707 0.8232046
vt 0.07413446 0.8226226
vt 0.07323396 0.8193678
vt 0.07323396 0.8193678
vt 0.07568216 0.8188377
vt 0.07504683 0.8157592
vt 0.07323396 0.8193678
vt 0.07413446 0.8226226
vt 0.07655423 0.8217535
vt 0.06175208 0.8000303
vt 0.0665422 0.7992612
vt 0.06292563 0.7948733
vt 0.0665422 0.7992612
vt 0.06832492 0.7989369
vt 0.06460428 0.7946944
vt 0.06292563 0.7948733
vt 0.06460428 0.7946944
vt 0.05978184 0.7920487
vt 0.06969618 0.8046695
vt 0.06850063 0.8050387
vt 0.06878554 0.8101216
vt 0.06850063 0.8050387
vt 0.06610411 0.8066679
vt 0.06878554 0.8101216
vt 0.06832492 0.7989369
vt 0.0665422 0.7992612
vt 0.06850063 0.8050387
vt 0.0665422 0.7992612
vt 0.06175208 0.8000303
vt 0.06610411 0.8066679
vt 0.05978184 0.7920487
vt 0.05384135 0.7914057
vt 0.0583676 0.7954298
vt 0.04309105 0.8206277
vt 0.0468353 0.812969
vt 0.04446762 0.8102527
vt 0.0468353 0.812969
vt 0.04810309 0.8036687
vt 0.04446762 0.8102527
vt 0.04151827 0.8094453
vt 0.03980028 0.8092354
vt 0.03995454 0.8168749
vt 0.04446762 0.8102527
vt 0.04151827 0.8094453
vt 0.04141926 0.8182325
vt 0.04025518 0.8642611
vt 0.04052788 0.8601335
vt 0.03865587 0.8605112
vt 0.03993558 0.8566677
vt 0.03811657 0.856627
vt 0.03865587 0.8605112
vt 0.0383625 0.8518022
vt 0.03628718 0.8513945
vt 0.03811657 0.856627
vt 0.03811657 0.856627
vt 0.03686946 0.8566018
vt 0.03725111 0.8607793
vt 0.03811657 0.856627
vt 0.03628718 0.8513945
vt 0.03686946 0.8566018
vt 0.0383625 0.8518022
vt 0.03673213 0.8474144
vt 0.03628718 0.8513945
vt 0.04025518 0.8642611
vt 0.03865122 0.8650943
vt 0.03790116 0.869295
vt 0.03865122 0.8650943
vt 0.03772902 0.8654728
vt 0.03790116 0.869295
vt 0.03865122 0.8650943
vt 0.03865587 0.8605112
vt 0.03725111 0.8607793
vt 0.0401932 0.8937611
vt 0.03855776 0.8932189
vt 0.04051566 0.90167237
vt 0.03928959 0.8893484
vt 0.03753083 0.889583
vt 0.03855776 0.8932189
vt 0.03926676 0.8844529
vt 0.04044681 0.8792201
vt 0.03733235 0.8808048
vt 0.03928959 0.8893484
vt 0.03926676 0.8844529
vt 0.03711789 0.884945
vt 0.03972262 0.8706091
vt 0.03790116 0.869295
vt 0.03749018 0.8759681
vt 0.04044681 0.8792201
vt 0.03996044 0.8750695
vt 0.03749018 0.8759681
vt 0.03855776 0.8932189
vt 0.03753083 0.889583
vt 0.03659069 0.8898945
vt 0.03711789 0.884945
vt 0.03733235 0.8808048
vt 0.03423756 0.8814326
vt 0.03753083 0.889583
vt 0.03711789 0.884945
vt 0.03511548 0.8853531
vt 0.03733235 0.8808048
vt 0.03749018 0.8759681
vt 0.03394585 0.8772748
vt 0.03566628 0.8724071
vt 0.03394585 0.8772748
vt 0.03749018 0.8759681
vt 0.04545646 0.90755618
vt 0.04213947 0.90097696
vt 0.04051566 0.90167237
vt 0.04051566 0.90167237
vt 0.03855776 0.8932189
vt 0.03764957 0.8936164
vt 0.03764957 0.8936164
vt 0.03542113 0.8936895
vt 0.03895437 0.90212304
vt 0.04407322 0.90928811
vt 0.04051566 0.90167237
vt 0.03895437 0.90212304
vt 0.03511548 0.8853531
vt 0.03423756 0.8814326
vt 0.03253793 0.8821291
vt 0.03511548 0.8853531
vt 0.0331071 0.8861664
vt 0.03405195 0.8904574
vt 0.03423756 0.8814326
vt 0.03394585 0.8772748
vt 0.03198426 0.8779752
vt 0.03659069 0.8898945
vt 0.03405195 0.8904574
vt 0.03542113 0.8936895
vt 0.0331071 0.8861664
vt 0.03253793 0.8821291
vt 0.02746582 0.8841869
vt 0.03405195 0.8904574
vt 0.0331071 0.8861664
vt 0.02736586 0.8871316
vt 0.03253793 0.8821291
vt 0.03198426 0.8779752
vt 0.02907484 0.8796738
vt 0.03405195 0.8904574
vt 0.02873396 0.8926505
vt 0.03194302 0.89609
vt 0.03198426 0.8779752
vt 0.03139948 0.8762299
vt 0.02907484 0.8796738
vt 0.03394585 0.8772748
vt 0.03566628 0.8724071
vt 0.03139948 0.8762299
vt 0.03895437 0.90212304
vt 0.03542113 0.8936895
vt 0.03194302 0.89609
vt 0.04141926 0.8182325
vt 0.03995454 0.8168749
vt 0.03873378 0.8245788
vt 0.04015928 0.8256149
vt 0.03873378 0.8245788
vt 0.03691899 0.8334168
vt 0.03816461 0.8341297
vt 0.03691899 0.8334168
vt 0.03483653 0.8377168
vt 0.03599256 0.8387833
vt 0.03483653 0.8377168
vt 0.03214627 0.8413716
vt 0.03766286 0.8399471
vt 0.03599256 0.8387833
vt 0.03336286 0.8429319
vt 0.03966498 0.8353299
vt 0.03816461 0.8341297
vt 0.03599256 0.8387833
vt 0.04139858 0.8274929
vt 0.04015928 0.8256149
vt 0.03816461 0.8341297
vt 0.04309105 0.8206277
vt 0.04141926 0.8182325
vt 0.04015928 0.8256149
vt 0.03483653 0.8377168
vt 0.0329352 0.83564
vt 0.03030407 0.8383647
vt 0.0329352 0.83564
vt 0.03072023 0.8308263
vt 0.02810019 0.8333864
vt 0.03072023 0.8308263
vt 0.02951669 0.8257843
vt 0.02736598 0.8303329
vt 0.03413128 0.8292908
vt 0.03274071 0.8227018
vt 0.02951669 0.8257843
vt 0.03550815 0.8323495
vt 0.03413128 0.8292908
vt 0.03072023 0.8308263
vt 0.03691899 0.8334168
vt 0.03550815 0.8323495
vt 0.0329352 0.83564
vt 0.03669548 0.8265554
vt 0.0369203 0.8215396
vt 0.03274071 0.8227018
vt 0.03669548 0.8265554
vt 0.03550815 0.8323495
vt 0.03691899 0.8334168
vt 0.03550815 0.8323495
vt 0.03669548 0.8265554
vt 0.03413128 0.8292908
vt 0.0369203 0.8215396
vt 0.03669548 0.8265554
vt 0.03873378 0.8245788
vt 0.06321817 0.91539848
vt 0.06462889 0.91532475
vt 0.06648898 0.90746278
vt 0.06976383 0.9005341
vt 0.06522661 0.90662277
vt 0.06648898 0.90746278
vt 0.07514178 0.8961555
vt 0.06976383 0.9005341
vt 0.07154136 0.90133632
vt 0.07514178 0.8961555
vt 0.07635867 0.8973902
vt 0.08256953 0.8928165
vt 0.08669376 0.8747041
vt 0.08593022 0.8823686
vt 0.08790135 0.8829269
vt 0.06631582 0.92307359
vt 0.07164192 0.92780555
vt 0.07222265 0.92650897
vt 0.08150684 0.93149537
vt 0.08274674 0.92957563
vt 0.07222265 0.92650897
vt 0.08910906 0.93231714
vt 0.08964657 0.93062699
vt 0.08274674 0.92957563
vt 0.06631582 0.92307359
vt 0.0674836 0.92228735
vt 0.06462889 0.91532475
vt 0.08196401 0.89104
vt 0.08256953 0.8928165
vt 0.08620512 0.88875
vt 0.08537292 0.8862615
vt 0.08620512 0.88875
vt 0.08790135 0.8829269
vt 0.09877628 0.93225444
vt 0.09841561 0.93056345
vt 0.08964657 0.93062699
vt 0.1173848 0.92273462
vt 0.1197592 0.92075766
vt 0.1173348 0.92001725
vt 0.112752 0.92653502
vt 0.1173848 0.92273462
vt 0.1150877 0.92184216
vt 0.1197592 0.92075766
vt 0.1238889 0.91819793
vt 0.1199123 0.91727442
vt 0.1084756 0.92912078
vt 0.112752 0.92653502
vt 0.1115474 0.92526424
vt 0.1238889 0.91819793
vt 0.1277794 0.91620356
vt 0.1208994 0.91513414
vt 0.1277794 0.91620356
vt 0.1334666 0.91366715
vt 0.1226621 0.90934515
vt 0.09877628 0.93225444
vt 0.1084756 0.92912078
vt 0.1075834 0.92783487
vt 0.1797739 0.8335521
vt 0.1792703 0.8325828
vt 0.1791927 0.8352092
vt 0.1792703 0.8325828
vt 0.1778414 0.8314387
vt 0.1777319 0.8342029
vt 0.1778414 0.8314387
vt 0.1751736 0.8305514
vt 0.175049 0.8333269
vt 0.1751736 0.8305514
vt 0.1736648 0.8299251
vt 0.1731781 0.8323068
vt 0.1777319 0.8342029
vt 0.175049 0.8333269
vt 0.1760531 0.8395517
vt 0.1731781 0.8323068
vt 0.1756964 0.8433632
vt 0.1760531 0.8395517
vt 0.1791927 0.8352092
vt 0.1777319 0.8342029
vt 0.1778078 0.8396177
vt 0.1797739 0.8359241
vt 0.1791927 0.8352092
vt 0.1790667 0.8396597
vt 0.03725111 0.8607793
vt 0.03686946 0.8566018
vt 0.03640401 0.8566686
vt 0.03686946 0.8566018
vt 0.03628718 0.8513945
vt 0.03584057 0.851485
vt 0.03628718 0.8513945
vt 0.03582805 0.84789
vt 0.03538149 0.8479805
vt 0.03772902 0.8654728
vt 0.03725695 0.8654653
vt 0.03743302 0.8692794
vt 0.03725111 0.8607793
vt 0.03676235 0.8608
vt 0.03725695 0.8654653
vt 0.08684128 0.8486308
vt 0.08950203 0.8481023
vt 0.08808976 0.8425058
vt 0.08684128 0.8486308
vt 0.08690518 0.8602676
vt 0.08956563 0.8597387
vt 0.08690518 0.8602676
vt 0.08614242 0.8662083
vt 0.08880245 0.865679
vt 0.08614242 0.8662083
vt 0.08669376 0.8747041
vt 0.08935338 0.8741743
vt 0.08542877 0.843034
vt 0.08808976 0.8425058
vt 0.08529573 0.8362823
vt 0.07518142 0.8216181
vt 0.07784277 0.8210914
vt 0.07694047 0.8180426
vt 0.07631391 0.8254412
vt 0.07897526 0.8249142
vt 0.07784277 0.8210914
vt 0.07920628 0.8313424
vt 0.08186745 0.8308151
vt 0.07897526 0.8249142
vt 0.08263468 0.83681
vt 0.08529573 0.8362823
vt 0.08186745 0.8308151
vt 0.07427906 0.818569
vt 0.07694047 0.8180426
vt 0.07522404 0.8139127
vt 0.04146623 0.8150993
vt 0.0420717 0.8134667
vt 0.03488808 0.8101012
vt 0.02924203 0.8054741
vt 0.03392934 0.8113328
vt 0.03488808 0.8101012
vt 0.07256257 0.8144388
vt 0.07522404 0.8139127
vt 0.06851541 0.8072337
vt 0.06191796 0.8071863
vt 0.06188738 0.8052939
vt 0.05481493 0.8088334
vt 0.05510735 0.8111076
vt 0.05481493 0.8088334
vt 0.04863965 0.8128918
vt 0.04146623 0.8150993
vt 0.04991877 0.8142505
vt 0.04863965 0.8128918
vt 0.02744334 0.7983292
vt 0.02991992 0.8014386
vt 0.03149348 0.7948148
vt 0.02924203 0.8054741
vt 0.03060466 0.804585
vt 0.02991992 0.8014386
vt 0.03669023 0.7810196
vt 0.03068965 0.786604
vt 0.03395497 0.7875352
vt 0.02790707 0.7930361
vt 0.03149348 0.7948148
vt 0.03395497 0.7875352
vt 0.04521793 0.7774456
vt 0.03669023 0.7810196
vt 0.03804838 0.7823986
vt 0.06536215 0.8072874
vt 0.06812006 0.8090491
vt 0.06851541 0.8072337
vt 0.06536215 0.8072874
vt 0.06602895 0.8056062
vt 0.06188738 0.8052939
vt 0.05361378 0.774319
vt 0.04521793 0.7774456
vt 0.04611033 0.7790869
vt 0.05902457 0.770336
vt 0.05991029 0.7715931
vt 0.06372541 0.7678919
vt 0.07348406 0.7621228
vt 0.06781548 0.7643449
vt 0.06845861 0.7657496
vt 0.06781548 0.7643449
vt 0.06283527 0.7666135
vt 0.06372541 0.7678919
vt 0.05361378 0.774319
vt 0.05510568 0.7761208
vt 0.05991029 0.7715931
vt 0.1858882 0.8528029
vt 0.1859233 0.8497153
vt 0.1732131 0.8497153
vt 0.1859233 0.8497153
vt 0.1859518 0.8469863
vt 0.1732416 0.8469863
vt 0.1859518 0.8469863
vt 0.1859714 0.8435101
vt 0.1732836 0.8435622
vt 0.1446303 0.8529499
vt 0.1435686 0.8548261
vt 0.1461011 0.8556649
vt 0.1435686 0.8548261
vt 0.1404978 0.8559332
vt 0.1470488 0.8582243
vt 0.1389001 0.8592516
vt 0.1420529 0.8589199
vt 0.1390561 0.8583839
vt 0.1420529 0.8589199
vt 0.1390231 0.8576583
vt 0.1390561 0.8583839
vt 0.1404978 0.8559332
vt 0.1390231 0.8576583
vt 0.1420529 0.8589199
vt 0.1470488 0.8582243
vt 0.1404978 0.8559332
vt 0.1446123 0.8589345
vt 0.1492686 0.8608991
vt 0.1470488 0.8582243
vt 0.147051 0.8596083
vt 0.1434215 0.8059176
vt 0.14083 0.8059337
vt 0.1409637 0.806719
vt 0.14083 0.8059337
vt 0.1384376 0.8066127
vt 0.1387676 0.8073534
vt 0.1385396 0.806348
vt 0.1384376 0.8066127
vt 0.14083 0.8059337
vt 0.1434215 0.8059176
vt 0.1429811 0.8022364
vt 0.1414057 0.8044675
vt 0.1451016 0.799989
vt 0.1429811 0.8022364
vt 0.1454451 0.8021412
vt 0.1454451 0.8021412
vt 0.1429811 0.8022364
vt 0.1434215 0.8059176
vt 0.14806 0.8077835
vt 0.1498728 0.8095264
vt 0.1487721 0.8080434
vt 0.14806 0.8077835
vt 0.1487721 0.8080434
vt 0.1485589 0.8070755
vt 0.14806 0.8077835
vt 0.1485589 0.8070755
vt 0.1488217 0.8050164
vt 0.1458812 0.8065561
vt 0.14806 0.8077835
vt 0.1480998 0.8039678
vt 0.07563179 0.078714
vt 0.07562673 0.0875974
vt 0.08676713 0.0875973
vt 0.08813846 0.0787142
vt 0.08676719 0.0787142
vt 0.08676713 0.0875973
vt 0.0895099 0.0787143
vt 0.08813846 0.0787142
vt 0.08816105 0.0875974
vt 0.1594728 0.8852905
vt 0.1580665 0.8820604
vt 0.155807 0.8801243
vt 0.155807 0.8801243
vt 0.1508508 0.8787535
vt 0.1563897 0.8918878
vt 0.1508508 0.8787535
vt 0.1476026 0.8783389
vt 0.1541903 0.8937733
vt 0.1476026 0.8783389
vt 0.1434886 0.8783389
vt 0.1513553 0.8959612
vt 0.1513553 0.8959612
vt 0.1434886 0.8783389
vt 0.1392149 0.8797056
vt 0.1497848 0.8979417
vt 0.1348381 0.8836211
vt 0.1336135 0.8848923
vt 0.1497848 0.8979417
vt 0.1359062 0.8827831
vt 0.1348381 0.8836211
vt 0.1497848 0.8979417
vt 0.137513 0.8811246
vt 0.1359062 0.8827831
vt 0.1497848 0.8979417
vt 0.1392149 0.8797056
vt 0.137513 0.8811246
vt 0.1497181 0.7902303
vt 0.1488007 0.7988452
vt 0.1504828 0.7963045
vt 0.1488007 0.7988452
vt 0.1497181 0.7902303
vt 0.1361004 0.7960009
vt 0.1488007 0.7988452
vt 0.1385943 0.7988685
vt 0.1446394 0.7998421
vt 0.1446394 0.7998421
vt 0.1385943 0.7988685
vt 0.1412881 0.7998421
vt 0.1446516 0.7858967
vt 0.1336135 0.792704
vt 0.1361004 0.7960009
vt 0.1471424 0.788288
vt 0.1361004 0.7960009
vt 0.1497181 0.7902303
vt 0.151308 0.7998421
vt 0.151308 0.7968256
vt 0.1510307 0.799179
vt 0.1640726 0.8913933
vt 0.1636946 0.8919952
vt 0.1640726 0.8938255
vt 0.1731781 0.8139363
vt 0.173464 0.8139194
vt 0.1738696 0.8118805
vt 0.1738696 0.8118805
vt 0.173464 0.8139194
vt 0.1792821 0.8139194
vt 0.173464 0.8139194
vt 0.1733544 0.8169935
vt 0.1791725 0.8169935
vt 0.194591 0.8567041
vt 0.1815232 0.8568442
vt 0.1815512 0.8619915
vt 0.08882063 0.0696522
vt 0.09334629 0.0696534
vt 0.09334629 0.0650587
vt 0.07993763 0.0695825
vt 0.07993763 0.0649877
vt 0.07562673 0.064989
vt 0.07993763 0.0695825
vt 0.08882063 0.0696522
vt 0.08882063 0.0650576
vt 0.09309571 0.0877215
vt 0.08850103 0.0877008
vt 0.08850103 0.0889146
vt 0.07529336 0.0877319
vt 0.07529336 0.0889457
vt 0.07961785 0.0889249
vt 0.07961785 0.0877111
vt 0.07961785 0.0889249
vt 0.08850103 0.0889146
vt 0.07092851 0.0631956
vt 0.07092851 0.0674882
vt 0.07552331 0.0665635
vt 0.06204551 0.063249
vt 0.05772095 0.0632456
vt 0.05772101 0.0666194
vt 0.06204551 0.063249
vt 0.06204551 0.0675416
vt 0.07092851 0.0674882
vt 0.08555275 0.1006837
vt 0.08839386 0.0988642
vt 0.08806633 0.0983528
vt 0.08362656 0.0998746
vt 0.08489823 0.0996615
vt 0.08406013 0.0983528
vt 0.08236712 0.0995988
vt 0.08362656 0.0998746
vt 0.08295804 0.0988307
vt 0.08489823 0.0996615
vt 0.08806633 0.0983528
vt 0.08406013 0.0983528
vt 0.08169847 0.0985548
vt 0.08118516 0.0984504
vt 0.08130079 0.098874
vt 0.08776909 0.152547
vt 0.08060413 0.152547
vt 0.08753049 0.154185
vt 0.0873745 0.1554637
vt 0.08753049 0.154185
vt 0.08060413 0.152547
vt 0.0877223 0.1567089
vt 0.0873745 0.1554637
vt 0.08060413 0.152547
vt 0.07403206 0.0679969
vt 0.07185715 0.0734611
vt 0.07552331 0.0688013
vt 0.07241415 0.0676451
vt 0.07185715 0.0734611
vt 0.07403206 0.0679969
vt 0.07076162 0.0677494
vt 0.07185715 0.0734611
vt 0.07241415 0.0676451
vt 0.06947249 0.0677634
vt 0.05844753 0.0734611
vt 0.07185715 0.0734611
vt 0.1889734 0.8806323
vt 0.1894083 0.8783128
vt 0.1723377 0.8783128
vt 0.1727726 0.880632
vt 0.1738256 0.8827444
vt 0.1879202 0.8827444
vt 0.1879202 0.8827444
vt 0.1738256 0.8827444
vt 0.1754162 0.8844879
vt 0.1754162 0.8844879
vt 0.1774229 0.8857297
vt 0.184323 0.88573
vt 0.184323 0.88573
vt 0.1774229 0.8857297
vt 0.1796931 0.8863752
vt 0.1819092 0.7822457
vt 0.1654899 0.7869031
vt 0.166327 0.7891026
vt 0.1652842 0.7845582
vt 0.1654899 0.7869031
vt 0.1819092 0.7822457
vt 0.180853 0.780142
vt 0.1792629 0.7784068
vt 0.1657264 0.7822462
vt 0.1772592 0.7771712
vt 0.1667828 0.7801428
vt 0.1657264 0.7822462
vt 0.1749945 0.7765288
vt 0.1683728 0.7784071
vt 0.1667828 0.7801428
vt 0.1749945 0.7765288
vt 0.172641 0.7765288
vt 0.1703763 0.7771711
vt 0.07286584 0.1609631
vt 0.07085055 0.1591757
vt 0.06530392 0.1675888
vt 0.06485623 0.1673174
vt 0.0650981 0.1674267
vt 0.06846636 0.1579244
vt 0.07439261 0.1631815
vt 0.07286584 0.1609631
vt 0.06546276 0.167796
vt 0.06585156 0.1572804
vt 0.06459242 0.1672656
vt 0.06846636 0.1579244
vt 0.07439261 0.1631815
vt 0.06546276 0.167796
vt 0.07534188 0.1657013
vt 0.06315958 0.1572804
vt 0.0643233 0.1672786
vt 0.06585156 0.1572804
vt 0.07534188 0.1657013
vt 0.06556528 0.1680363
vt 0.07565903 0.1683721
vt 0.06406462 0.1673555
vt 0.0643233 0.1672786
vt 0.06054431 0.1579245
vt 0.07565903 0.1683721
vt 0.06560599 0.1682963
vt 0.07532793 0.1710402
vt 0.05815845 0.1591756
vt 0.0638315 0.167492
vt 0.06054431 0.1579245
vt 0.06558167 0.1685607
vt 0.06549388 0.1688145
vt 0.07532793 0.1710402
vt 0.05614113 0.1609611
vt 0.06363767 0.1676801
vt 0.05815845 0.1591756
vt 0.07284349 0.1757575
vt 0.07437008 0.1735501
vt 0.06534624 0.1690419
vt 0.05460935 0.1631777
vt 0.0634945 0.1679087
vt 0.05614113 0.1609611
vt 0.07284349 0.1757575
vt 0.06534624 0.1690419
vt 0.07083785 0.1775377
vt 0.0536524 0.1656968
vt 0.06341016 0.1681643
vt 0.05460935 0.1631777
vt 0.06514674 0.1692288
vt 0.06491947 0.1693731
vt 0.07083785 0.1775377
vt 0.06338936 0.1684319
vt 0.06341016 0.1681643
vt 0.05332636 0.168372
vt 0.06846266 0.178792
vt 0.06491947 0.1693731
vt 0.06585371 0.1794438
vt 0.06343317 0.1686957
vt 0.06338936 0.1684319
vt 0.05365055 0.1710465
vt 0.06466704 0.1694562
vt 0.0644043 0.1694741
vt 0.06585371 0.1794438
vt 0.05460685 0.1735668
vt 0.06353873 0.1689404
vt 0.05365055 0.1710465
vt 0.06316334 0.1794523
vt 0.0644043 0.1694741
vt 0.06054645 0.1788146
vt 0.05613929 0.1757834
vt 0.06369954 0.1691514
vt 0.05460685 0.1735668
vt 0.06414598 0.1694264
vt 0.06390601 0.1693168
vt 0.06054645 0.1788146
vt 0.05815869 0.1775677
vt 0.06390601 0.1693168
vt 0.05613929 0.1757834
vt 0.09396409 0.1512498
vt 0.09282439 0.1506644
vt 0.09391015 0.1517047
vt 0.09282439 0.1506644
vt 0.09198457 0.1496969
vt 0.09273904 0.152418
vt 0.09198457 0.1496969
vt 0.09156554 0.1484863
vt 0.08112627 0.1524435
vt 0.091627 0.1472066
vt 0.08059334 0.1472066
vt 0.09156554 0.1484863
vt 0.08744406 0.0632134
vt 0.08749467 0.0619334
vt 0.07647067 0.0648842
vt 0.09462046 0.130411
vt 0.09132874 0.130411
vt 0.08852946 0.1321432
vt 0.07562673 0.0602785
vt 0.07577884 0.0619332
vt 0.08764666 0.0602785
vt 0.0870611 0.1350893
vt 0.09888815 0.1350893
vt 0.09614056 0.1310819
vt 0.0870611 0.1350893
vt 0.09614056 0.1310819
vt 0.08852946 0.1321432
vt 0.07589209 0.178171
vt 0.07589501 0.1794523
vt 0.08048695 0.1781595
vt 0.07588714 0.1768898
vt 0.07589209 0.178171
vt 0.08048188 0.17687
vt 0.07588011 0.1756085
vt 0.07588714 0.1768898
vt 0.08047491 0.1755807
vt 0.07587122 0.1743275
vt 0.07588011 0.1756085
vt 0.08046597 0.1742916
vt 0.07587122 0.1743275
vt 0.08046597 0.1742916
vt 0.07586038 0.1730463
vt 0.07586038 0.1730463
vt 0.08045506 0.1730022
vt 0.07584756 0.1717653
vt 0.07584756 0.1717653
vt 0.08044213 0.171713
vt 0.07583063 0.1701035
vt 0.07583063 0.1701035
vt 0.0804252 0.1700572
vt 0.07581549 0.168442
vt 0.07580226 0.16678
vt 0.07581549 0.168442
vt 0.0803377 0.1667086
vt 0.07580226 0.16678
vt 0.0803377 0.1667086
vt 0.07579094 0.1651182
vt 0.07579094 0.1651182
vt 0.08032655 0.1650903
vt 0.0757814 0.1634563
vt 0.07584321 0.1392188
vt 0.08036857 0.1392514
vt 0.07586306 0.1365813
vt 0.0757814 0.1634563
vt 0.08031648 0.1634058
vt 0.07577365 0.1617948
vt 0.07584321 0.1392188
vt 0.07582521 0.1418564
vt 0.08036857 0.1392514
vt 0.07577365 0.1617948
vt 0.08030819 0.1617544
vt 0.07576793 0.1601328
vt 0.07580912 0.1444937
vt 0.08033531 0.1445024
vt 0.07582521 0.1418564
vt 0.07576793 0.1601328
vt 0.08030164 0.1601027
vt 0.07576417 0.1584713
vt 0.07579433 0.1471316
vt 0.08032125 0.1471554
vt 0.07580912 0.1444937
vt 0.07576417 0.1584713
vt 0.08029687 0.158451
vt 0.07576245 0.1568093
vt 0.07576245 0.1568093
vt 0.08029413 0.1567998
vt 0.07576298 0.1551476
vt 0.08030623 0.1501875
vt 0.08032125 0.1471554
vt 0.07577842 0.1501624
vt 0.07576298 0.1551476
vt 0.08029347 0.155148
vt 0.07576572 0.1534859
vt 0.07577842 0.1501624
vt 0.07577091 0.1518242
vt 0.08030623 0.1501875
vt 0.07577091 0.1518242
vt 0.07576572 0.1534859
vt 0.08029943 0.1518435
vt 0.08551627 0.107231
vt 0.08551067 0.1059462
vt 0.08119183 0.1072514
vt 0.08551067 0.1059462
vt 0.08550745 0.1046616
vt 0.08118724 0.1059586
vt 0.08550745 0.1046616
vt 0.08550709 0.1033766
vt 0.08118516 0.1046655
vt 0.0750221 0.157177
vt 0.0750221 0.1553956
vt 0.07388502 0.1563706
vt 0.08550709 0.1033766
vt 0.08550947 0.1020919
vt 0.08118516 0.1033727
vt 0.08551448 0.1008072
vt 0.08119213 0.1007872
vt 0.08550947 0.1020919
vt 0.07673686 0.0915715
vt 0.08106178 0.0916213
vt 0.07675772 0.0899143
vt 0.07671868 0.0932288
vt 0.08104389 0.0932727
vt 0.07673686 0.0915715
vt 0.07671868 0.0932288
vt 0.07670301 0.0948862
vt 0.08104389 0.0932727
vt 0.07670301 0.0948862
vt 0.07669001 0.0965435
vt 0.08102822 0.0949241
vt 0.07976448 0.1287761
vt 0.07939386 0.1271606
vt 0.07968014 0.1304313
vt 0.07673609 0.1234639
vt 0.08104687 0.1234373
vt 0.07672077 0.1208081
vt 0.08059334 0.1386902
vt 0.09160029 0.1382688
vt 0.08059334 0.1360345
vt 0.07669001 0.0965435
vt 0.07667946 0.0982007
vt 0.08101469 0.0965755
vt 0.07670676 0.1181525
vt 0.07672077 0.1208081
vt 0.08101791 0.1181316
vt 0.07667946 0.0982007
vt 0.07667154 0.0998583
vt 0.08100336 0.0982269
vt 0.0766943 0.1154971
vt 0.07670676 0.1181525
vt 0.0810061 0.1154791
vt 0.0918706 0.1395247
vt 0.09160029 0.1382688
vt 0.08094143 0.1413227
vt 0.07667154 0.0998583
vt 0.07666599 0.1015158
vt 0.08099412 0.0998785
vt 0.07668334 0.1128415
vt 0.0766943 0.1154971
vt 0.08099621 0.1128261
vt 0.08099621 0.1128261
vt 0.0809859 0.1097876
vt 0.07668334 0.1128415
vt 0.0683943 0.1320009
vt 0.07743316 0.1245271
vt 0.06703048 0.1292854
vt 0.07666599 0.1015158
vt 0.07666277 0.1031733
vt 0.08098703 0.1015302
vt 0.07939386 0.1271606
vt 0.07859677 0.1257075
vt 0.07541257 0.1350893
vt 0.07914763 0.1320008
vt 0.07968014 0.1304313
vt 0.07692962 0.1344216
vt 0.07666277 0.1031733
vt 0.07666182 0.1048305
vt 0.08098226 0.1031815
vt 0.06933486 0.1333656
vt 0.07859677 0.1257075
vt 0.0683943 0.1320009
vt 0.07666182 0.1048305
vt 0.07666301 0.106488
vt 0.08097964 0.1048333
vt 0.07666635 0.1081454
vt 0.07667171 0.1098028
vt 0.08098143 0.1081362
vt 0.07666301 0.106488
vt 0.07666635 0.1081454
vt 0.08097952 0.1064846
vt 0.07061231 0.1344216
vt 0.07212942 0.1350893
vt 0.06933486 0.1333656
vt 0.189357 0.8461362
vt 0.191097 0.8460566
vt 0.1892551 0.8437825
vt 0.1894702 0.8484896
vt 0.1912099 0.8484016
vt 0.189357 0.8461362
vt 0.1892551 0.8437825
vt 0.1909954 0.8437112
vt 0.1891646 0.8414287
vt 0.1891646 0.8414287
vt 0.1909052 0.8413658
vt 0.1890856 0.8390742
vt 0.1890178 0.8367199
vt 0.1890856 0.8390742
vt 0.1907584 0.836674
vt 0.1914279 0.8527153
vt 0.1912099 0.8484016
vt 0.1896883 0.8528029
vt 0.159531 0.8773599
vt 0.1612727 0.876522
vt 0.159531 0.8735927
vt 0.1890178 0.8367199
vt 0.1907584 0.836674
vt 0.1889614 0.8343661
vt 0.1713075 0.8649607
vt 0.1730471 0.8649667
vt 0.1713163 0.8611948
vt 0.1612713 0.8735903
vt 0.1612727 0.876522
vt 0.1640452 0.8776163
vt 0.1736549 0.92963446
vt 0.1743679 0.93008101
vt 0.1729912 0.92717034
vt 0.1889614 0.8343661
vt 0.1907019 0.8343282
vt 0.1889164 0.832012
vt 0.1730559 0.8611968
vt 0.1730471 0.8649667
vt 0.1731222 0.8611731
vt 0.1730559 0.8574269
vt 0.1713163 0.857429
vt 0.1730559 0.8611968
vt 0.1888826 0.8296583
vt 0.1889164 0.832012
vt 0.1906226 0.8296376
vt 0.1730471 0.8536572
vt 0.1713075 0.8536634
vt 0.1730559 0.8574269
vt 0.1888602 0.8273051
vt 0.1888826 0.8296583
vt 0.1905999 0.8272927
vt 0.188849 0.8249524
vt 0.1888602 0.8273051
vt 0.1905885 0.8249483
vt 0.1888492 0.8225999
vt 0.188849 0.8249524
vt 0.1905885 0.8226045
vt 0.1888607 0.8202476
vt 0.1888492 0.8225999
vt 0.1905998 0.8202606
vt 0.1888836 0.817896
vt 0.1888607 0.8202476
vt 0.1906225 0.817917
vt 0.1815344 0.91599262
vt 0.1743679 0.93008101
vt 0.1832865 0.91650194
vt 0.1888836 0.817896
vt 0.1906225 0.817917
vt 0.1888998 0.8160728
vt 0.1888998 0.8160728
vt 0.1906386 0.8160826
vt 0.188904 0.8142499
vt 0.1729912 0.92717034
vt 0.1815344 0.91599262
vt 0.1723377 0.92421675
vt 0.1800945 0.914872
vt 0.1729915 0.91823745
vt 0.1723377 0.92421675
vt 0.188904 0.8142499
vt 0.1906428 0.8142479
vt 0.1888964 0.8124266
vt 0.1729915 0.91823745
vt 0.1800945 0.914872
vt 0.1742678 0.91549457
vt 0.1888964 0.8124266
vt 0.1906352 0.8124136
vt 0.1888768 0.8106037
vt 0.1798653 0.8166746
vt 0.1803597 0.8169935
vt 0.1794673 0.814894
vt 0.1888768 0.8106037
vt 0.1906154 0.8105793
vt 0.1888556 0.8093104
vt 0.1596197 0.8803146
vt 0.1613601 0.8803087
vt 0.1596197 0.8784785
vt 0.1658388 0.8697554
vt 0.159531 0.8697002
vt 0.1658388 0.8711656
vt 0.1731222 0.8611731
vt 0.1752814 0.8693132
vt 0.1792171 0.8595566
vt 0.1646558 0.820204
vt 0.158348 0.8202281
vt 0.1646638 0.8227569
vt 0.164646 0.8171771
vt 0.1583415 0.817194
vt 0.1646558 0.820204
vt 0.1646394 0.8141501
vt 0.1583352 0.8141603
vt 0.164646 0.8171771
vt 0.1646368 0.811125
vt 0.1583288 0.8111244
vt 0.1646394 0.8141501
vt 0.1646401 0.8080998
vt 0.1583321 0.8080872
vt 0.1646368 0.811125
vt 0.1646491 0.8050747
vt 0.1583411 0.8050499
vt 0.1646401 0.8080998
vt 0.1646491 0.8050747
vt 0.1646638 0.8020494
vt 0.1583411 0.8050499
vt 0.1721467 0.8712229
vt 0.1721467 0.8697004
vt 0.1658388 0.8711656
vt 0.1583589 0.8249481
vt 0.158348 0.8202281
vt 0.1520453 0.8227776
vt 0.1610304 0.8850389
vt 0.1623945 0.8833598
vt 0.1596197 0.8844661
vt 0.159384 0.8697003
vt 0.1530758 0.8697002
vt 0.1593841 0.8781916
vt 0.1596197 0.90068192
vt 0.161033 0.8965979
vt 0.1604714 0.8931959
vt 0.1623545 0.8931034
vt 0.1604571 0.8928242
vt 0.1605459 0.8933979
vt 0.1520417 0.8202329
vt 0.158348 0.8202281
vt 0.1520371 0.8172182
vt 0.1520371 0.8172182
vt 0.1583415 0.817194
vt 0.152029 0.8142025
vt 0.152029 0.8142025
vt 0.1583352 0.8141603
vt 0.1520177 0.8111857
vt 0.1572676 0.8018657
vt 0.1594336 0.8009286
vt 0.1519522 0.7856437
vt 0.1560027 0.7846193
vt 0.1542529 0.7851171
vt 0.1631108 0.79869
vt 0.1560027 0.7846193
vt 0.1631108 0.79869
vt 0.1644881 0.7957804
vt 0.1644881 0.7957804
vt 0.1651372 0.792837
vt 0.1560027 0.7846193
vt 0.1520177 0.8111857
vt 0.1583288 0.8111244
vt 0.1520016 0.8081701
vt 0.1574417 0.7835057
vt 0.1651372 0.792837
vt 0.1644887 0.7868793
vt 0.1583629 0.7819365
vt 0.1574417 0.7835057
vt 0.1632215 0.7841445
vt 0.1519797 0.8051544
vt 0.1520016 0.8081701
vt 0.1582909 0.8051031
vt 0.1519522 0.802139
vt 0.1519797 0.8051544
vt 0.1582632 0.8020753
vt 0.1713818 0.8039275
vt 0.1653892 0.8039275
vt 0.1653168 0.8044967
vt 0.1881884 0.8461464
vt 0.1882908 0.8437887
vt 0.1864501 0.8460644
vt 0.1880745 0.8485035
vt 0.1881884 0.8461464
vt 0.1863368 0.8484071
vt 0.1883819 0.8414304
vt 0.1866427 0.8413678
vt 0.1882908 0.8437887
vt 0.1863368 0.8484071
vt 0.1861184 0.8527148
vt 0.1880745 0.8485035
vt 0.1884616 0.839072
vt 0.186722 0.8390174
vt 0.1883819 0.8414304
vt 0.1884616 0.839072
vt 0.1885297 0.8367125
vt 0.186722 0.8390174
vt 0.1885297 0.8367125
vt 0.1885865 0.834353
vt 0.1867899 0.8366665
vt 0.1641373 0.8842034
vt 0.1641323 0.8804615
vt 0.1623945 0.8833598
vt 0.1626035 0.8964804
vt 0.1623545 0.8931034
vt 0.161033 0.8965979
vt 0.1885865 0.834353
vt 0.188632 0.8319935
vt 0.1868464 0.8343152
vt 0.1886664 0.8296335
vt 0.1869261 0.8296125
vt 0.188632 0.8319935
vt 0.1600622 0.8893528
vt 0.1604571 0.8928242
vt 0.1619034 0.8891451
vt 0.1614614 0.8851858
vt 0.1596197 0.8853893
vt 0.1619034 0.8891451
vt 0.1886895 0.8272738
vt 0.1869491 0.8272607
vt 0.1886664 0.8296335
vt 0.1886895 0.8272738
vt 0.1887015 0.8249137
vt 0.1869491 0.8272607
vt 0.1887015 0.8249137
vt 0.1887021 0.8225534
vt 0.1869611 0.824909
vt 0.1886914 0.8201936
vt 0.186951 0.8202057
vt 0.1887021 0.8225534
vt 0.1886693 0.8178335
vt 0.1869291 0.817854
vt 0.1886914 0.8201936
vt 0.1869137 0.8160231
vt 0.1869291 0.817854
vt 0.1886539 0.8160143
vt 0.1869104 0.8141922
vt 0.1869137 0.8160231
vt 0.1886506 0.8141949
vt 0.1869193 0.8123612
vt 0.1869104 0.8141922
vt 0.1886594 0.8123754
vt 0.1869193 0.8123612
vt 0.1886594 0.8123754
vt 0.1869404 0.8105306
vt 0.1869714 0.8087
vt 0.1869404 0.8105306
vt 0.1887021 0.809283
vt 0.161507 0.8803089
vt 0.1632474 0.8803146
vt 0.161507 0.8784895
vt 0.05332636 0.0736225
vt 0.05764871 0.0736213
vt 0.05332714 0.0723343
vt 0.05765217 0.0706789
vt 0.05332785 0.0706789
vt 0.05765026 0.0723364
vt 0.06898206 0.0602468
vt 0.0578432 0.0604272
vt 0.06898206 0.0630863
vt 0.05773103 0.91964919
vt 0.06397426 0.92020095
vt 0.06335109 0.91353572
vt 0.04955768 0.91399259
vt 0.05773103 0.91964919
vt 0.05633234 0.90748793
vt 0.04955768 0.91399259
vt 0.05633234 0.90748793
vt 0.04545646 0.90755618
vt 0.04545646 0.90755618
vt 0.05131918 0.90154249
vt 0.04213947 0.90097696
vt 0.04213947 0.90097696
vt 0.04741477 0.8954083
vt 0.0401932 0.8937611
vt 0.0401932 0.8937611
vt 0.04350966 0.8888028
vt 0.03928959 0.8893484
vt 0.03928959 0.8893484
vt 0.04163849 0.884533
vt 0.03926676 0.8844529
vt 0.06745237 0.90670175
vt 0.06335109 0.91353572
vt 0.07431328 0.91219152
vt 0.05999028 0.90106226
vt 0.05633234 0.90748793
vt 0.06745237 0.90670175
vt 0.0545718 0.8956377
vt 0.05131918 0.90154249
vt 0.05999028 0.90106226
vt 0.05002331 0.8904949
vt 0.04741477 0.8954083
vt 0.0545718 0.8956377
vt 0.04628723 0.8839055
vt 0.04350966 0.8888028
vt 0.05002331 0.8904949
vt 0.04413008 0.8801397
vt 0.04163849 0.884533
vt 0.04628723 0.8839055
vt 0.04269647 0.877208
vt 0.04044681 0.8792201
vt 0.04413008 0.8801397
vt 0.06921529 0.90048349
vt 0.06745237 0.90670175
vt 0.0770691 0.90588505
vt 0.06186324 0.8947887
vt 0.05999028 0.90106226
vt 0.06921529 0.90048349
vt 0.05665957 0.890848
vt 0.0545718 0.8956377
vt 0.06186324 0.8947887
vt 0.05206555 0.8852828
vt 0.05002331 0.8904949
vt 0.05665957 0.890848
vt 0.04845863 0.8802513
vt 0.04628723 0.8839055
vt 0.05206555 0.8852828
vt 0.04600203 0.8769447
vt 0.04413008 0.8801397
vt 0.04845863 0.8802513
vt 0.04472243 0.8750502
vt 0.04269647 0.877208
vt 0.04600203 0.8769447
vt 0.06943976 0.8934262
vt 0.06921529 0.90048349
vt 0.07647007 0.8975966
vt 0.06251102 0.8893597
vt 0.06186324 0.8947887
vt 0.06943976 0.8934262
vt 0.05798882 0.8857878
vt 0.05665957 0.890848
vt 0.06251102 0.8893597
vt 0.05351579 0.8805659
vt 0.05206555 0.8852828
vt 0.05798882 0.8857878
vt 0.05044138 0.8766445
vt 0.04845863 0.8802513
vt 0.05351579 0.8805659
vt 0.04887169 0.8730844
vt 0.04600203 0.8769447
vt 0.05044138 0.8766445
vt 0.04734188 0.8718805
vt 0.04472243 0.8750502
vt 0.04887169 0.8730844
vt 0.0696823 0.8859579
vt 0.06943976 0.8934262
vt 0.0772944 0.8892794
vt 0.06398218 0.8833004
vt 0.06251102 0.8893597
vt 0.0696823 0.8859579
vt 0.05951374 0.8803522
vt 0.05798882 0.8857878
vt 0.06398218 0.8833004
vt 0.05546468 0.8766792
vt 0.05351579 0.8805659
vt 0.05951374 0.8803522
vt 0.05264252 0.8737258
vt 0.05044138 0.8766445
vt 0.05546468 0.8766792
vt 0.05084156 0.8713648
vt 0.04887169 0.8730844
vt 0.05264252 0.8737258
vt 0.04734188 0.8718805
vt 0.04887169 0.8730844
vt 0.04952615 0.8697305
vt 0.07075029 0.8813291
vt 0.0696823 0.8859579
vt 0.07669758 0.8835372
vt 0.06540137 0.8792654
vt 0.06398218 0.8833004
vt 0.07075029 0.8813291
vt 0.06124985 0.8768329
vt 0.05951374 0.8803522
vt 0.06540137 0.8792654
vt 0.05720061 0.8742185
vt 0.05546468 0.8766792
vt 0.06124985 0.8768329
vt 0.05440998 0.8717236
vt 0.05264252 0.8737258
vt 0.05720061 0.8742185
vt 0.05251002 0.8693131
vt 0.05084156 0.8713648
vt 0.05440998 0.8717236
vt 0.05117541 0.8681198
vt 0.04952615 0.8697305
vt 0.05251002 0.8693131
vt 0.07075029 0.8813291
vt 0.07669758 0.8835372
vt 0.07213294 0.8774689
vt 0.06540137 0.8792654
vt 0.07075029 0.8813291
vt 0.06827545 0.8759706
vt 0.06124985 0.8768329
vt 0.06540137 0.8792654
vt 0.06376624 0.8745719
vt 0.05720061 0.8742185
vt 0.06124985 0.8768329
vt 0.05938202 0.8720845
vt 0.05440998 0.8717236
vt 0.05720061 0.8742185
vt 0.05626654 0.8701353
vt 0.05251002 0.8693131
vt 0.05440998 0.8717236
vt 0.05412316 0.8684246
vt 0.05117541 0.8681198
vt 0.05251002 0.8693131
vt 0.0521866 0.8671195
vt 0.07213294 0.8774689
vt 0.07790577 0.8785317
vt 0.07657068 0.8730566
vt 0.06827545 0.8759706
vt 0.07213294 0.8774689
vt 0.07197916 0.8729221
vt 0.06376624 0.8745719
vt 0.06827545 0.8759706
vt 0.0662716 0.8724124
vt 0.05938202 0.8720845
vt 0.06376624 0.8745719
vt 0.06134873 0.8706497
vt 0.05626654 0.8701353
vt 0.05938202 0.8720845
vt 0.05796241 0.8692285
vt 0.05412316 0.8684246
vt 0.05626654 0.8701353
vt 0.05555278 0.8681395
vt 0.0521866 0.8671195
vt 0.05412316 0.8684246
vt 0.05293846 0.8665848
vt 0.07657068 0.8730566
vt 0.08071291 0.8729514
vt 0.07958447 0.867256
vt 0.07197916 0.8729221
vt 0.07657068 0.8730566
vt 0.0752291 0.8690916
vt 0.0662716 0.8724124
vt 0.07197916 0.8729221
vt 0.06974518 0.8699825
vt 0.06134873 0.8706497
vt 0.0662716 0.8724124
vt 0.06539088 0.8697159
vt 0.05796241 0.8692285
vt 0.06134873 0.8706497
vt 0.0619266 0.8684651
vt 0.05555278 0.8681395
vt 0.05796241 0.8692285
vt 0.05939304 0.8676974
vt 0.07958447 0.867256
vt 0.08234292 0.8665568
vt 0.07795172 0.864057
vt 0.0752291 0.8690916
vt 0.07958447 0.867256
vt 0.07450497 0.8660228
vt 0.06974518 0.8699825
vt 0.0752291 0.8690916
vt 0.07040101 0.8671117
vt 0.06539088 0.8697159
vt 0.06974518 0.8699825
vt 0.06707441 0.8674908
vt 0.0619266 0.8684651
vt 0.06539088 0.8697159
vt 0.0640856 0.8668321
vt 0.05939304 0.8676974
vt 0.0619266 0.8684651
vt 0.0622006 0.8661366
vt 0.07466673 0.8620587
vt 0.07795172 0.864057
vt 0.07705551 0.8595806
vt 0.07209014 0.8638542
vt 0.07450497 0.8660228
vt 0.07466673 0.8620587
vt 0.0693472 0.8648758
vt 0.07040101 0.8671117
vt 0.07209014 0.8638542
vt 0.06695663 0.8654625
vt 0.06707441 0.8674908
vt 0.0693472 0.8648758
vt 0.06410598 0.8650627
vt 0.0640856 0.8668321
vt 0.06695663 0.8654625
vt 0.06195938 0.8642927
vt 0.0622006 0.8661366
vt 0.06410598 0.8650627
vt 0.07289022 0.8610606
vt 0.07466673 0.8620587
vt 0.07414001 0.8590136
vt 0.07064372 0.8627831
vt 0.07209014 0.8638542
vt 0.07289022 0.8610606
vt 0.06833195 0.8635615
vt 0.0693472 0.8648758
vt 0.07064372 0.8627831
vt 0.06622463 0.8638815
vt 0.06695663 0.8654625
vt 0.06833195 0.8635615
vt 0.06352555 0.8636978
vt 0.06410598 0.8650627
vt 0.06622463 0.8638815
vt 0.06166189 0.862915
vt 0.06195938 0.8642927
vt 0.06352555 0.8636978
vt 0.07140618 0.8602916
vt 0.07289022 0.8610606
vt 0.07233124 0.8587958
vt 0.06963956 0.861618
vt 0.07064372 0.8627831
vt 0.07140618 0.8602916
vt 0.06794315 0.8620879
vt 0.06833195 0.8635615
vt 0.06963956 0.861618
vt 0.06622463 0.8638815
vt 0.06833195 0.8635615
vt 0.06655514 0.8623268
vt 0.07024031 0.8594428
vt 0.07140618 0.8602916
vt 0.07087916 0.8583473
vt 0.06898498 0.8603639
vt 0.06963956 0.861618
vt 0.07024031 0.8594428
vt 0.06794315 0.8620879
vt 0.06963956 0.861618
vt 0.06787955 0.8608191
vt 0.06655514 0.8623268
vt 0.06794315 0.8620879
vt 0.06682187 0.860852
vt 0.06968235 0.8591939
vt 0.07024031 0.8594428
vt 0.07031184 0.858136
vt 0.06873148 0.8599163
vt 0.06898498 0.8603639
vt 0.06968235 0.8591939
vt 0.06787955 0.8608191
vt 0.06898498 0.8603639
vt 0.06780999 0.860331
vt 0.06682187 0.860852
vt 0.06787955 0.8608191
vt 0.06691533 0.8603421
vt 0.06073266 0.8586286
vt 0.06004697 0.8589389
vt 0.06170755 0.8600959
vt 0.06222546 0.8595949
vt 0.06146746 0.8583133
vt 0.06170755 0.8600959
vt 0.06270575 0.8592261
vt 0.06212925 0.8580662
vt 0.06222546 0.8595949
vt 0.06315976 0.8589497
vt 0.06272017 0.8578768
vt 0.06270575 0.8592261
vt 0.06359475 0.8587415
vt 0.06325972 0.8577303
vt 0.06315976 0.8589497
vt 0.06402146 0.858584
vt 0.06376892 0.8576151
vt 0.06359475 0.8587415
vt 0.06443232 0.8584713
vt 0.06424355 0.8575277
vt 0.06402146 0.858584
vt 0.06484782 0.8583907
vt 0.06471127 0.8574587
vt 0.06443232 0.8584713
vt 0.06526112 0.8583394
vt 0.06516587 0.8574051
vt 0.06484782 0.8583907
vt 0.06568413 0.8583065
vt 0.0656253 0.8573639
vt 0.06526112 0.8583394
vt 0.06611394 0.8582998
vt 0.06608027 0.8573338
vt 0.06568413 0.8583065
vt 0.06656259 0.8583067
vt 0.06654459 0.8573102
vt 0.06611394 0.8582998
vt 0.06701171 0.8572899
vt 0.06654459 0.8573102
vt 0.06703335 0.8583244
vt 0.06213968 0.8604156
vt 0.06170755 0.8600959
vt 0.06176054 0.861143
vt 0.06253939 0.85991
vt 0.06222546 0.8595949
vt 0.06213968 0.8604156
vt 0.06294101 0.8595317
vt 0.06270575 0.8592261
vt 0.06253939 0.85991
vt 0.06333768 0.8592467
vt 0.06315976 0.8589497
vt 0.06294101 0.8595317
vt 0.06372898 0.8590319
vt 0.06359475 0.8587415
vt 0.06333768 0.8592467
vt 0.0641207 0.8588706
vt 0.06402146 0.858584
vt 0.06372898 0.8590319
vt 0.06450384 0.8587569
vt 0.06443232 0.8584713
vt 0.0641207 0.8588706
vt 0.06489592 0.858678
vt 0.06484782 0.8583907
vt 0.06450384 0.8587569
vt 0.06528931 0.8586317
vt 0.06526112 0.8583394
vt 0.06489592 0.858678
vt 0.06568413 0.8583065
vt 0.06526112 0.8583394
vt 0.06569564 0.8586047
vt 0.0661084 0.8586087
vt 0.06611394 0.8582998
vt 0.06569564 0.8586047
vt 0.06656259 0.8583067
vt 0.06611394 0.8582998
vt 0.06654208 0.8586298
vt 0.06703335 0.8583244
vt 0.06656259 0.8583067
vt 0.0669347 0.8586429
vt 0.06213968 0.8604156
vt 0.06176054 0.861143
vt 0.0625351 0.8606417
vt 0.06283771 0.8601524
vt 0.06253939 0.85991
vt 0.0625351 0.8606417
vt 0.06316733 0.8597813
vt 0.06294101 0.8595317
vt 0.06283771 0.8601524
vt 0.06350964 0.8594986
vt 0.06333768 0.8592467
vt 0.06316733 0.8597813
vt 0.06385844 0.8592846
vt 0.06372898 0.8590319
vt 0.06350964 0.8594986
vt 0.06421548 0.8591244
vt 0.0641207 0.8588706
vt 0.06385844 0.8592846
vt 0.0645703 0.8590132
vt 0.06450384 0.8587569
vt 0.06421548 0.8591244
vt 0.06493836 0.8589386
vt 0.06489592 0.858678
vt 0.0645703 0.8590132
vt 0.06531184 0.8588983
vt 0.06528931 0.8586317
vt 0.06493836 0.8589386
vt 0.06569564 0.8586047
vt 0.06528931 0.8586317
vt 0.06570088 0.858881
vt 0.06609541 0.8588915
vt 0.0661084 0.8586087
vt 0.06570088 0.858881
vt 0.06654208 0.8586298
vt 0.0661084 0.8586087
vt 0.06650698 0.8589256
vt 0.0669347 0.8586429
vt 0.06654208 0.8586298
vt 0.06677865 0.8589361
vt 0.06176054 0.861143
vt 0.06162565 0.8621189
vt 0.06231594 0.861303
vt 0.0625351 0.8606417
vt 0.06231594 0.861303
vt 0.06309539 0.8608541
vt 0.06327468 0.8604275
vt 0.06283771 0.8601524
vt 0.06309539 0.8608541
vt 0.06350737 0.860094
vt 0.06316733 0.8597813
vt 0.06327468 0.8604275
vt 0.0637713 0.8598322
vt 0.06350964 0.8594986
vt 0.06350737 0.860094
vt 0.0640555 0.8596316
vt 0.06385844 0.8592846
vt 0.0637713 0.8598322
vt 0.06435769 0.8594819
vt 0.06421548 0.8591244
vt 0.0640555 0.8596316
vt 0.06466609 0.8593812
vt 0.0645703 0.8590132
vt 0.06435769 0.8594819
vt 0.0649935 0.8593191
vt 0.06493836 0.8589386
vt 0.06466609 0.8593812
vt 0.06533372 0.8592937
vt 0.06531184 0.8588983
vt 0.0649935 0.8593191
vt 0.06570088 0.858881
vt 0.06531184 0.8588983
vt 0.0656985 0.8593009
vt 0.06606358 0.8593082
vt 0.06609541 0.8588915
vt 0.0656985 0.8593009
vt 0.06650698 0.8589256
vt 0.06609541 0.8588915
vt 0.06640017 0.8592331
vt 0.06231385 0.8621291
vt 0.06265467 0.8629813
vt 0.06311905 0.8619593
vt 0.06231594 0.861303
vt 0.06231385 0.8621291
vt 0.06302744 0.8613706
vt 0.06309539 0.8608541
vt 0.06302744 0.8613706
vt 0.06338745 0.8609271
vt 0.06327468 0.8604275
vt 0.06309539 0.8608541
vt 0.06351244 0.8605457
vt 0.06369829 0.8602419
vt 0.06350737 0.860094
vt 0.06351244 0.8605457
vt 0.06391823 0.8599982
vt 0.0637713 0.8598322
vt 0.06369829 0.8602419
vt 0.06417191 0.8598081
vt 0.0640555 0.8596316
vt 0.06391823 0.8599982
vt 0.06444346 0.8596644
vt 0.06435769 0.8594819
vt 0.06417191 0.8598081
vt 0.06472301 0.8595743
vt 0.06466609 0.8593812
vt 0.06444346 0.8596644
vt 0.0650193 0.8595196
vt 0.0649935 0.8593191
vt 0.06472301 0.8595743
vt 0.06533604 0.8595139
vt 0.06533372 0.8592937
vt 0.0650193 0.8595196
vt 0.06571274 0.8595667
vt 0.0656985 0.8593009
vt 0.06533604 0.8595139
vt 0.06344288 0.8625618
vt 0.06370246 0.8628271
vt 0.06377023 0.8622811
vt 0.06311905 0.8619593
vt 0.06344288 0.8625618
vt 0.06347787 0.8618364
vt 0.06302744 0.8613706
vt 0.06311905 0.8619593
vt 0.06336939 0.8613578
vt 0.06338745 0.8609271
vt 0.06336939 0.8613578
vt 0.06371295 0.8609916
vt 0.06351244 0.8605457
vt 0.06338745 0.8609271
vt 0.0637899 0.8606858
vt 0.06369829 0.8602419
vt 0.06351244 0.8605457
vt 0.06391596 0.8604338
vt 0.06391823 0.8599982
vt 0.06369829 0.8602419
vt 0.06410032 0.8602102
vt 0.06417191 0.8598081
vt 0.06391823 0.8599982
vt 0.06431043 0.8600396
vt 0.06444346 0.8596644
vt 0.06417191 0.8598081
vt 0.06453573 0.8599162
vt 0.06472301 0.8595743
vt 0.06444346 0.8596644
vt 0.06478875 0.8598412
vt 0.06504547 0.8598052
vt 0.0650193 0.8595196
vt 0.06478875 0.8598412
vt 0.06533604 0.8595139
vt 0.0650193 0.8595196
vt 0.06529587 0.859669
vt 0.06347787 0.8618364
vt 0.06377023 0.8622811
vt 0.06383931 0.8617113
vt 0.06336939 0.8613578
vt 0.06347787 0.8618364
vt 0.06371247 0.8613585
vt 0.04044681 0.8792201
vt 0.04269647 0.877208
vt 0.03996044 0.8750695
vt 0.04269647 0.877208
vt 0.04472243 0.8750502
vt 0.04184812 0.8730773
vt 0.04472243 0.8750502
vt 0.04734188 0.8718805
vt 0.04344016 0.8718076
vt 0.04734188 0.8718805
vt 0.04952615 0.8697305
vt 0.04607856 0.8695762
vt 0.04952615 0.8697305
vt 0.05117541 0.8681198
vt 0.04811763 0.8681319
vt 0.05117541 0.8681198
vt 0.0521866 0.8671195
vt 0.04999881 0.8665663
vt 0.05096513 0.8657412
vt 0.0521866 0.8671195
vt 0.05161738 0.8652236
vt 0.03996044 0.8750695
vt 0.04184812 0.8730773
vt 0.03972262 0.8706091
vt 0.04184812 0.8730773
vt 0.04344016 0.8718076
vt 0.04208308 0.8692085
vt 0.04344016 0.8718076
vt 0.04607856 0.8695762
vt 0.04346638 0.8682535
vt 0.04607856 0.8695762
vt 0.04811763 0.8681319
vt 0.04558604 0.86697
vt 0.04811763 0.8681319
vt 0.04999881 0.8665663
vt 0.04730707 0.865708
vt 0.04999881 0.8665663
vt 0.05096513 0.8657412
vt 0.04907774 0.8645928
vt 0.05096513 0.8657412
vt 0.05161738 0.8652236
vt 0.04990917 0.8637668
vt 0.1399463 0.8603606
vt 0.1389001 0.8592516
vt 0.1379261 0.8614679
vt 0.1373967 0.8607668
vt 0.1355884 0.8625517
vt 0.1379261 0.8614679
vt 0.1355884 0.8625517
vt 0.1343037 0.8647438
vt 0.1362805 0.8630921
vt 0.1343037 0.8647438
vt 0.13363 0.8671937
vt 0.1351115 0.865087
vt 0.13363 0.8671937
vt 0.1336135 0.8697345
vt 0.1344984 0.8673164
vt 0.1336135 0.8697345
vt 0.1342638 0.8722201
vt 0.1344833 0.8696285
vt 0.1342638 0.8722201
vt 0.1355127 0.8744044
vt 0.1350752 0.8718904
vt 0.1355127 0.8744044
vt 0.1373085 0.8762275
vt 0.1362116 0.8738781
vt 0.1373085 0.8762275
vt 0.1394928 0.8775042
vt 0.1378459 0.8755371
vt 0.1398336 0.8766989
vt 0.1394928 0.8775042
vt 0.1420832 0.8773248
vt 0.141965 0.878192
vt 0.1444907 0.878192
vt 0.1420832 0.8773248
vt 0.1443816 0.8773248
vt 0.1444907 0.878192
vt 0.1466289 0.8767646
vt 0.1469603 0.8775764
vt 0.1491555 0.8763202
vt 0.1466289 0.8767646
vt 0.1486266 0.8756215
vt 0.1491555 0.8763202
vt 0.1496531 0.8754866
vt 0.1501479 0.8764934
vt 0.1522411 0.8723736
vt 0.1496531 0.8754866
vt 0.1514345 0.8720301
vt 0.1522411 0.8723736
vt 0.1520603 0.8697804
vt 0.1529289 0.8699014
vt 0.1529289 0.8673758
vt 0.1520603 0.8697804
vt 0.1520603 0.8674821
vt 0.1529289 0.8673758
vt 0.1515003 0.8652349
vt 0.1523134 0.8649064
vt 0.151031 0.862708
vt 0.1515003 0.8652349
vt 0.1503333 0.8632344
vt 0.151031 0.862708
vt 0.1487295 0.8615882
vt 0.1492686 0.8608991
vt 0.147051 0.8596083
vt 0.1487295 0.8615882
vt 0.1467114 0.8604137
vt 0.147051 0.8596083
vt 0.1444922 0.8598004
vt 0.1446123 0.8589345
vt 0.1420529 0.8589199
vt 0.1444922 0.8598004
vt 0.1421632 0.8597874
vt 0.1420529 0.8589199
vt 0.1399463 0.8603606
vt 0.03972262 0.8706091
vt 0.04208308 0.8692085
vt 0.04025518 0.8642611
vt 0.04208308 0.8692085
vt 0.04346638 0.8682535
vt 0.04176509 0.863938
vt 0.04346638 0.8682535
vt 0.04558604 0.86697
vt 0.04359531 0.8636271
vt 0.04558604 0.86697
vt 0.04730707 0.865708
vt 0.04568505 0.8631074
vt 0.04730707 0.865708
vt 0.04907774 0.8645928
vt 0.04701292 0.8626036
vt 0.04907774 0.8645928
vt 0.04990917 0.8637668
vt 0.04824906 0.8620852
vt 0.04990917 0.8637668
vt 0.05047625 0.8633032
vt 0.04912006 0.861538
vt 0.04025518 0.8642611
vt 0.04176509 0.863938
vt 0.04052788 0.8601335
vt 0.04176509 0.863938
vt 0.04359531 0.8636271
vt 0.04258042 0.8597422
vt 0.04359531 0.8636271
vt 0.04568505 0.8631074
vt 0.0441398 0.859467
vt 0.04568505 0.8631074
vt 0.04701292 0.8626036
vt 0.04529595 0.8592721
vt 0.04701292 0.8626036
vt 0.04824906 0.8620852
vt 0.04637604 0.8590053
vt 0.04824906 0.8620852
vt 0.04912006 0.861538
vt 0.04761874 0.8588546
vt 0.04912006 0.861538
vt 0.04955995 0.8610321
vt 0.04869163 0.858723
vt 0.03993558 0.8566677
vt 0.04052788 0.8601335
vt 0.04175102 0.8566916
vt 0.04175102 0.8566916
vt 0.04258042 0.8597422
vt 0.04345238 0.8566332
vt 0.04345238 0.8566332
vt 0.0441398 0.859467
vt 0.04511505 0.8566923
vt 0.04529595 0.8592721
vt 0.04637604 0.8590053
vt 0.04511505 0.8566923
vt 0.04637604 0.8590053
vt 0.04761874 0.8588546
vt 0.04625588 0.8566552
vt 0.04734486 0.856596
vt 0.04761874 0.8588546
vt 0.04832017 0.856571
vt 0.04832017 0.856571
vt 0.04869163 0.858723
vt 0.04882901 0.8565619
vt 0.0383625 0.8518022
vt 0.03993558 0.8566677
vt 0.04040002 0.85219
vt 0.04040002 0.85219
vt 0.04175102 0.8566916
vt 0.04224807 0.8525185
vt 0.04224807 0.8525185
vt 0.04345238 0.8566332
vt 0.04409497 0.8527163
vt 0.04409497 0.8527163
vt 0.04511505 0.8566923
vt 0.04594355 0.8531151
vt 0.04594355 0.8531151
vt 0.04625588 0.8566552
vt 0.04715222 0.8534022
vt 0.04715222 0.8534022
vt 0.04734486 0.856596
vt 0.04821509 0.8537053
vt 0.04821509 0.8537053
vt 0.04832017 0.856571
vt 0.04875302 0.8540049
vt 0.03673213 0.8474144
vt 0.0383625 0.8518022
vt 0.03958827 0.8481627
vt 0.03958827 0.8481627
vt 0.04040002 0.85219
vt 0.04174202 0.8489622
vt 0.04174202 0.8489622
vt 0.04224807 0.8525185
vt 0.04390639 0.8497857
vt 0.04390639 0.8497857
vt 0.04409497 0.8527163
vt 0.04558265 0.8505497
vt 0.04558265 0.8505497
vt 0.04594355 0.8531151
vt 0.04711037 0.8511393
vt 0.04711037 0.8511393
vt 0.04715222 0.8534022
vt 0.04830718 0.8515805
vt 0.04830718 0.8515805
vt 0.04821509 0.8537053
vt 0.04925537 0.8520459
vt 0.06405353 0.8619411
vt 0.06412667 0.8615662
vt 0.06383931 0.8617113
vt 0.06407129 0.8612125
vt 0.06394577 0.8614818
vt 0.06424039 0.8612943
vt 0.06407129 0.8612125
vt 0.06424039 0.8612943
vt 0.06423085 0.8608939
vt 0.06423085 0.8608939
vt 0.06439185 0.8609635
vt 0.06437188 0.8606342
vt 0.06371295 0.8609916
vt 0.06371247 0.8613585
vt 0.06407129 0.8612125
vt 0.0637899 0.8606858
vt 0.06371295 0.8609916
vt 0.06423085 0.8608939
vt 0.0637899 0.8606858
vt 0.06423085 0.8608939
vt 0.06391596 0.8604338
vt 0.06437188 0.8606342
vt 0.06452578 0.8606948
vt 0.06448686 0.8604137
vt 0.06391596 0.8604338
vt 0.06437188 0.8606342
vt 0.06410032 0.8602102
vt 0.06448686 0.8604137
vt 0.06463575 0.8604667
vt 0.06467467 0.8602292
vt 0.06410032 0.8602102
vt 0.06448686 0.8604137
vt 0.06431043 0.8600396
vt 0.06467467 0.8602292
vt 0.0647962 0.8603392
vt 0.06477373 0.8600979
vt 0.06431043 0.8600396
vt 0.06467467 0.8602292
vt 0.06453573 0.8599162
vt 0.06477373 0.8600979
vt 0.06492853 0.8602101
vt 0.06491005 0.8599659
vt 0.06453573 0.8599162
vt 0.06477373 0.8600979
vt 0.06478875 0.8598412
vt 0.06491005 0.8599659
vt 0.06506085 0.8600736
vt 0.06504547 0.8598052
vt 0.0771709 0.8557885
vt 0.07705551 0.8595806
vt 0.08137416 0.8553967
vt 0.07424026 0.8559642
vt 0.07414001 0.8590136
vt 0.0771709 0.8557885
vt 0.07233124 0.8587958
vt 0.07414001 0.8590136
vt 0.07264763 0.855986
vt 0.07103323 0.8560852
vt 0.07087916 0.8583473
vt 0.07264763 0.855986
vt 0.07044297 0.8561039
vt 0.07031184 0.858136
vt 0.07103323 0.8560852
vt 0.0771709 0.8557885
vt 0.08137416 0.8553967
vt 0.07670402 0.8530618
vt 0.07387936 0.8538963
vt 0.07424026 0.8559642
vt 0.07670402 0.8530618
vt 0.07234084 0.8543407
vt 0.07264763 0.855986
vt 0.07387936 0.8538963
vt 0.07103323 0.8560852
vt 0.07264763 0.855986
vt 0.07085692 0.8548269
vt 0.07044297 0.8561039
vt 0.07103323 0.8560852
vt 0.0702933 0.8549822
vt 0.07552653 0.8505767
vt 0.07670402 0.8530618
vt 0.07891547 0.8487577
vt 0.07300776 0.8519875
vt 0.07387936 0.8538963
vt 0.07552653 0.8505767
vt 0.07163721 0.8528018
vt 0.07234084 0.8543407
vt 0.07300776 0.8519875
vt 0.07085692 0.8548269
vt 0.07234084 0.8543407
vt 0.07040828 0.853672
vt 0.0702933 0.8549822
vt 0.07085692 0.8548269
vt 0.06989872 0.8540146
vt 0.07363897 0.8484319
vt 0.07552653 0.8505767
vt 0.07643997 0.845937
vt 0.07160365 0.8503471
vt 0.07300776 0.8519875
vt 0.07363897 0.8484319
vt 0.07051438 0.8515183
vt 0.07163721 0.8528018
vt 0.07160365 0.8503471
vt 0.07040828 0.853672
vt 0.07163721 0.8528018
vt 0.0696361 0.8526918
vt 0.06989872 0.8540146
vt 0.07040828 0.853672
vt 0.06930333 0.8531696
vt 0.0705685 0.8468016
vt 0.07363897 0.8484319
vt 0.07340878 0.8431132
vt 0.06940484 0.8492159
vt 0.07160365 0.8503471
vt 0.0705685 0.8468016
vt 0.06882655 0.8506257
vt 0.07051438 0.8515183
vt 0.06940484 0.8492159
vt 0.0696361 0.8526918
vt 0.07051438 0.8515183
vt 0.06834477 0.8518925
vt 0.06930333 0.8531696
vt 0.0696361 0.8526918
vt 0.0682379 0.8524517
vt 0.07986325 0.8440057
vt 0.07643997 0.845937
vt 0.08065789 0.847617
vt 0.07340878 0.8431132
vt 0.07643997 0.845937
vt 0.07807892 0.8390834
vt 0.06829684 0.8450313
vt 0.0705685 0.8468016
vt 0.06942886 0.8419791
vt 0.06940484 0.8492159
vt 0.0705685 0.8468016
vt 0.06772398 0.8478841
vt 0.06882655 0.8506257
vt 0.06940484 0.8492159
vt 0.06738901 0.8502557
vt 0.06834477 0.8518925
vt 0.06882655 0.8506257
vt 0.06724673 0.8516066
vt 0.0682379 0.8524517
vt 0.06834477 0.8518925
vt 0.06725311 0.8521878
vt 0.06942886 0.8419791
vt 0.07340878 0.8431132
vt 0.07137358 0.8376776
vt 0.06544786 0.8447269
vt 0.06829684 0.8450313
vt 0.06573206 0.8418658
vt 0.06772398 0.8478841
vt 0.06829684 0.8450313
vt 0.06542533 0.8473518
vt 0.06738901 0.8502557
vt 0.06772398 0.8478841
vt 0.06589919 0.8502419
vt 0.06724673 0.8516066
vt 0.06738901 0.8502557
vt 0.06609517 0.851594
vt 0.06725311 0.8521878
vt 0.06724673 0.8516066
vt 0.06621676 0.8521944
vt 0.06573206 0.8418658
vt 0.06942886 0.8419791
vt 0.06657397 0.837399
vt 0.03766286 0.8399471
vt 0.03673213 0.8474144
vt 0.04004657 0.8422786
vt 0.04004657 0.8422786
vt 0.03958827 0.8481627
vt 0.04246509 0.8440244
vt 0.04246509 0.8440244
vt 0.04174202 0.8489622
vt 0.04458194 0.8455094
vt 0.04458194 0.8455094
vt 0.04390639 0.8497857
vt 0.04693633 0.8471314
vt 0.04693633 0.8471314
vt 0.04558265 0.8505497
vt 0.04853832 0.8482922
vt 0.04711037 0.8511393
vt 0.04830718 0.8515805
vt 0.04853832 0.8482922
vt 0.04964917 0.848885
vt 0.04830718 0.8515805
vt 0.05052161 0.8493533
vt 0.03966498 0.8353299
vt 0.03766286 0.8399471
vt 0.04241567 0.8375445
vt 0.04241567 0.8375445
vt 0.04004657 0.8422786
vt 0.04435718 0.8392811
vt 0.04435718 0.8392811
vt 0.04246509 0.8440244
vt 0.04704552 0.8416181
vt 0.04704552 0.8416181
vt 0.04458194 0.8455094
vt 0.04932016 0.8436952
vt 0.04932016 0.8436952
vt 0.04693633 0.8471314
vt 0.05079644 0.8451859
vt 0.05079644 0.8451859
vt 0.04853832 0.8482922
vt 0.05176401 0.8464763
vt 0.05176401 0.8464763
vt 0.04964917 0.848885
vt 0.05216866 0.8478588
vt 0.145581 0.807294
vt 0.1475784 0.8084194
vt 0.1458812 0.8065561
vt 0.145581 0.807294
vt 0.1458812 0.8065561
vt 0.1433248 0.806708
vt 0.1352382 0.8207679
vt 0.1342875 0.8203626
vt 0.1346048 0.82125
vt 0.1352382 0.8207679
vt 0.1346048 0.82125
vt 0.1368519 0.8224031
vt 0.1388618 0.8235446
vt 0.1368519 0.8224031
vt 0.1385548 0.8242766
vt 0.1388618 0.8235446
vt 0.1385548 0.8242766
vt 0.1410711 0.8241606
vt 0.143401 0.8241606
vt 0.1410711 0.8241606
vt 0.1435034 0.8249481
vt 0.143401 0.8241606
vt 0.1435034 0.8249481
vt 0.1456218 0.8235738
vt 0.1456218 0.8235738
vt 0.1459248 0.8243081
vt 0.1476344 0.8224125
vt 0.1476344 0.8224125
vt 0.1481192 0.8230421
vt 0.1492542 0.8208013
vt 0.1492542 0.8208013
vt 0.1498854 0.8212853
vt 0.1504209 0.8187805
vt 0.1504209 0.8187805
vt 0.1511576 0.8190821
vt 0.1510147 0.8165503
vt 0.1510147 0.8165503
vt 0.1518052 0.8166504
vt 0.1510091 0.8142417
vt 0.1510091 0.8142417
vt 0.1517994 0.8141334
vt 0.1504042 0.8120128
vt 0.1504042 0.8120128
vt 0.1511403 0.8117033
vt 0.1492413 0.8100162
vt 0.1475784 0.8084194
vt 0.1492413 0.8100162
vt 0.14806 0.8077835
vt 0.06683897 0.8548571
vt 0.06664723 0.8532414
vt 0.06635755 0.8549012
vt 0.06588888 0.8549492
vt 0.06635755 0.8549012
vt 0.06568139 0.8534317
vt 0.06542694 0.8549971
vt 0.06588888 0.8549492
vt 0.0652461 0.8535673
vt 0.06496119 0.8550393
vt 0.06542694 0.8549971
vt 0.06484079 0.8536485
vt 0.06450152 0.8550694
vt 0.06496119 0.8550393
vt 0.06445616 0.8536938
vt 0.06402879 0.8550844
vt 0.06450152 0.8550694
vt 0.06407421 0.8536966
vt 0.06354898 0.8550805
vt 0.06402879 0.8550844
vt 0.06369954 0.8536571
vt 0.06303316 0.8550531
vt 0.06354898 0.8550805
vt 0.06331366 0.8535682
vt 0.06248611 0.854998
vt 0.06303316 0.8550531
vt 0.06292402 0.8534252
vt 0.0618869 0.8549074
vt 0.06248611 0.854998
vt 0.06252288 0.8532138
vt 0.06121635 0.8547714
vt 0.0618869 0.8549074
vt 0.06210982 0.8529125
vt 0.06042879 0.8545754
vt 0.06121635 0.8547714
vt 0.06169259 0.8524881
vt 0.06138014 0.8509402
vt 0.0609306 0.8509956
vt 0.06158518 0.8517541
vt 0.06664723 0.8532414
vt 0.06658029 0.8530323
vt 0.06616175 0.853302
vt 0.06616175 0.853302
vt 0.06590735 0.8530734
vt 0.06568139 0.8534317
vt 0.0652461 0.8535673
vt 0.06568139 0.8534317
vt 0.06519842 0.8533921
vt 0.0652461 0.8535673
vt 0.06519842 0.8533921
vt 0.06484079 0.8536485
vt 0.06445616 0.8536938
vt 0.06484079 0.8536485
vt 0.06444662 0.8535339
vt 0.06407421 0.8536966
vt 0.06445616 0.8536938
vt 0.06408333 0.8535383
vt 0.06369954 0.8536571
vt 0.06407421 0.8536966
vt 0.06372827 0.8534985
vt 0.06331366 0.8535682
vt 0.06369954 0.8536571
vt 0.06336486 0.853408
vt 0.06292402 0.8534252
vt 0.06331366 0.8535682
vt 0.06300181 0.8532622
vt 0.06252288 0.8532138
vt 0.06292402 0.8534252
vt 0.06263422 0.8530478
vt 0.06210982 0.8529125
vt 0.06252288 0.8532138
vt 0.06226527 0.8527459
vt 0.06169259 0.8524881
vt 0.06210982 0.8529125
vt 0.06190437 0.8523286
vt 0.06169259 0.8524881
vt 0.06190437 0.8523286
vt 0.06128376 0.8518994
vt 0.06185418 0.8509387
vt 0.06138014 0.8509402
vt 0.06193852 0.8516306
vt 0.06144642 0.8499054
vt 0.06138014 0.8509402
vt 0.06204378 0.8501146
vt 0.06590735 0.8530734
vt 0.06567031 0.8529166
vt 0.06561505 0.853241
vt 0.06519842 0.8533921
vt 0.06561505 0.853241
vt 0.06513071 0.8531874
vt 0.06519842 0.8533921
vt 0.06513071 0.8531874
vt 0.06481218 0.8534847
vt 0.06444662 0.8535339
vt 0.06481218 0.8534847
vt 0.06443208 0.8533452
vt 0.06408333 0.8535383
vt 0.06444662 0.8535339
vt 0.06409347 0.8533516
vt 0.06372827 0.8534985
vt 0.06408333 0.8535383
vt 0.06376355 0.8533126
vt 0.06336486 0.853408
vt 0.06372827 0.8534985
vt 0.06342887 0.8532217
vt 0.06300181 0.8532622
vt 0.06336486 0.853408
vt 0.06309908 0.8530754
vt 0.06263422 0.8530478
vt 0.06300181 0.8532622
vt 0.06277215 0.8528622
vt 0.06226527 0.8527459
vt 0.06263422 0.8530478
vt 0.06245493 0.8525662
vt 0.06190437 0.8523286
vt 0.06226527 0.8527459
vt 0.06216174 0.8521656
vt 0.06190437 0.8523286
vt 0.06216174 0.8521656
vt 0.06158518 0.8517541
vt 0.06222552 0.8509716
vt 0.06185418 0.8509387
vt 0.06224381 0.8515592
vt 0.06204378 0.8501146
vt 0.06185418 0.8509387
vt 0.06242525 0.8503117
vt 0.06204378 0.8501146
vt 0.06242525 0.8503117
vt 0.06255906 0.849365
vt 0.06567031 0.8529166
vt 0.06548851 0.8527279
vt 0.06551057 0.8530161
vt 0.06513071 0.8531874
vt 0.06551057 0.8530161
vt 0.06505775 0.8530055
vt 0.06513071 0.8531874
vt 0.06505775 0.8530055
vt 0.06477248 0.8532915
vt 0.06443208 0.8533452
vt 0.06477248 0.8532915
vt 0.06441563 0.8531746
vt 0.06409347 0.8533516
vt 0.06443208 0.8533452
vt 0.06410169 0.8531831
vt 0.06376355 0.8533126
vt 0.06409347 0.8533516
vt 0.06379663 0.8531454
vt 0.06342887 0.8532217
vt 0.06376355 0.8533126
vt 0.06349003 0.8530558
vt 0.06309908 0.8530754
vt 0.06342887 0.8532217
vt 0.06319212 0.8529119
vt 0.06277215 0.8528622
vt 0.06309908 0.8530754
vt 0.06290298 0.852704
vt 0.06245493 0.8525662
vt 0.06277215 0.8528622
vt 0.06263214 0.8524194
vt 0.06216174 0.8521656
vt 0.06245493 0.8525662
vt 0.06239771 0.8520426
vt 0.06216174 0.8521656
vt 0.06239771 0.8520426
vt 0.06193852 0.8516306
vt 0.06295901 0.8511289
vt 0.06222552 0.8509716
vt 0.06290709 0.8514962
vt 0.06242525 0.8503117
vt 0.06222552 0.8509716
vt 0.06312948 0.8507599
vt 0.06242525 0.8503117
vt 0.06312948 0.8507599
vt 0.06291878 0.8497501
vt 0.06505775 0.8530055
vt 0.06539005 0.8528263
vt 0.06484675 0.8525933
vt 0.06505775 0.8530055
vt 0.06484675 0.8525933
vt 0.06473064 0.8531184
vt 0.06441563 0.8531746
vt 0.06473064 0.8531184
vt 0.06436127 0.8527636
vt 0.06410169 0.8531831
vt 0.06441563 0.8531746
vt 0.06411629 0.8527778
vt 0.06379663 0.8531454
vt 0.06410169 0.8531831
vt 0.0638808 0.8527488
vt 0.06349003 0.8530558
vt 0.06379663 0.8531454
vt 0.06365078 0.8526674
vt 0.06319212 0.8529119
vt 0.06349003 0.8530558
vt 0.06343525 0.8525395
vt 0.06290298 0.852704
vt 0.06319212 0.8529119
vt 0.06323546 0.8523646
vt 0.06263214 0.8524194
vt 0.06290298 0.852704
vt 0.06306737 0.8521315
vt 0.06239771 0.8520426
vt 0.06263214 0.8524194
vt 0.06294995 0.8518372
vt 0.06239771 0.8520426
vt 0.06294995 0.8518372
vt 0.06224381 0.8515592
vt 0.04139858 0.8274929
vt 0.03966498 0.8353299
vt 0.04387634 0.8312343
vt 0.04387634 0.8312343
vt 0.04241567 0.8375445
vt 0.04673695 0.8345637
vt 0.04673695 0.8345637
vt 0.04435718 0.8392811
vt 0.04927259 0.8374128
vt 0.04927259 0.8374128
vt 0.04704552 0.8416181
vt 0.05166071 0.8403922
vt 0.05166071 0.8403922
vt 0.04932016 0.8436952
vt 0.05294096 0.8425297
vt 0.05294096 0.8425297
vt 0.05079644 0.8451859
vt 0.05443829 0.8449124
vt 0.05176401 0.8464763
vt 0.05216866 0.8478588
vt 0.05443829 0.8449124
vt 0.04309105 0.8206277
vt 0.04139858 0.8274929
vt 0.0464726 0.8257117
vt 0.0464726 0.8257117
vt 0.04387634 0.8312343
vt 0.04921263 0.8300875
vt 0.04921263 0.8300875
vt 0.04673695 0.8345637
vt 0.05198001 0.834442
vt 0.05198001 0.834442
vt 0.04927259 0.8374128
vt 0.05406308 0.8379676
vt 0.05406308 0.8379676
vt 0.05166071 0.8403922
vt 0.05553275 0.840795
vt 0.05553275 0.840795
vt 0.05294096 0.8425297
vt 0.05662697 0.843433
vt 0.05443829 0.8449124
vt 0.05554932 0.8467628
vt 0.05662697 0.843433
vt 0.05976068 0.8479752
vt 0.05816942 0.8456742
vt 0.05772113 0.8475329
vt 0.05976068 0.8479752
vt 0.05887871 0.8487387
vt 0.06085783 0.8495853
vt 0.05546122 0.8256907
vt 0.04921263 0.8300875
vt 0.05824565 0.8306971
vt 0.05824565 0.8306971
vt 0.05198001 0.834442
vt 0.05994987 0.8349647
vt 0.05994987 0.8349647
vt 0.05406308 0.8379676
vt 0.06097948 0.8379372
vt 0.05553275 0.840795
vt 0.05662697 0.843433
vt 0.06097948 0.8379372
vt 0.05662697 0.843433
vt 0.05816942 0.8456742
vt 0.06193459 0.8421971
vt 0.05816942 0.8456742
vt 0.05976068 0.8479752
vt 0.0619322 0.8452563
vt 0.06275522 0.8473249
vt 0.05976068 0.8479752
vt 0.06254571 0.8488619
vt 0.06193459 0.8421971
vt 0.06573206 0.8418658
vt 0.06097948 0.8379372
vt 0.0619322 0.8452563
vt 0.06544786 0.8447269
vt 0.06193459 0.8421971
vt 0.06542533 0.8473518
vt 0.06544786 0.8447269
vt 0.06275522 0.8473249
vt 0.06173145 0.8218425
vt 0.05546122 0.8256907
vt 0.06417679 0.8280104
vt 0.06417679 0.8280104
vt 0.05824565 0.8306971
vt 0.06509423 0.8331163
vt 0.05243724 0.7985397
vt 0.04810309 0.8036687
vt 0.05672127 0.8048358
vt 0.06702023 0.8180464
vt 0.06173145 0.8218425
vt 0.0695132 0.8259056
vt 0.0695132 0.8259056
vt 0.06417679 0.8280104
vt 0.06952387 0.8319594
vt 0.04446762 0.8102527
vt 0.04810309 0.8036687
vt 0.04403591 0.8026909
vt 0.04810309 0.8036687
vt 0.05243724 0.7985397
vt 0.04587173 0.7967102
vt 0.05243724 0.7985397
vt 0.05672127 0.8048358
vt 0.0583676 0.7954298
vt 0.04981458 0.7928821
vt 0.05243724 0.7985397
vt 0.05384135 0.7914057
vt 0.05238026 0.8097474
vt 0.04937237 0.8181364
vt 0.05803501 0.8160017
vt 0.05803501 0.8160017
vt 0.05196493 0.8209933
vt 0.06173145 0.8218425
vt 0.05672127 0.8048358
vt 0.05238026 0.8097474
vt 0.06228834 0.8115811
vt 0.06228834 0.8115811
vt 0.05803501 0.8160017
vt 0.06702023 0.8180464
vt 0.06175208 0.8000303
vt 0.05672127 0.8048358
vt 0.06610411 0.8066679
vt 0.06610411 0.8066679
vt 0.06228834 0.8115811
vt 0.06878554 0.8101216
vt 0.05196493 0.8209933
vt 0.0464726 0.8257117
vt 0.05546122 0.8256907
vt 0.0468353 0.812969
vt 0.04309105 0.8206277
vt 0.04937237 0.8181364
vt 0.04810309 0.8036687
vt 0.0468353 0.812969
vt 0.05238026 0.8097474
vt 0.06657397 0.837399
vt 0.06509423 0.8331163
vt 0.06097948 0.8379372
vt 0.07137358 0.8376776
vt 0.06952387 0.8319594
vt 0.06657397 0.837399
vt 0.06952387 0.8319594
vt 0.07137358 0.8376776
vt 0.07280933 0.8314641
vt 0.06609517 0.851594
vt 0.06589919 0.8502419
vt 0.06500273 0.8514584
vt 0.06621676 0.8521944
vt 0.06609517 0.851594
vt 0.06525993 0.8523208
vt 0.06500273 0.8514584
vt 0.06428015 0.8502051
vt 0.06448549 0.8514601
vt 0.06525993 0.8523208
vt 0.06500273 0.8514584
vt 0.06508338 0.8524241
vt 0.06312948 0.8507599
vt 0.06418514 0.8516911
vt 0.06354141 0.8504068
vt 0.06448549 0.8514601
vt 0.06418514 0.8516911
vt 0.06508338 0.8524241
vt 0.06085783 0.8495853
vt 0.06144642 0.8499054
vt 0.06254571 0.8488619
vt 0.06254571 0.8488619
vt 0.06255906 0.849365
vt 0.06307494 0.8497088
vt 0.06589919 0.8502419
vt 0.06542533 0.8473518
vt 0.06428015 0.8502051
vt 0.06312948 0.8507599
vt 0.06295901 0.8511289
vt 0.06418514 0.8516911
vt 0.06295901 0.8511289
vt 0.06290709 0.8514962
vt 0.0639528 0.8519192
vt 0.06290709 0.8514962
vt 0.06294995 0.8518372
vt 0.06376981 0.8521194
vt 0.06436127 0.8527636
vt 0.06376981 0.8521194
vt 0.06411629 0.8527778
vt 0.06460475 0.8527056
vt 0.0639528 0.8519192
vt 0.06436127 0.8527636
vt 0.06484675 0.8525933
vt 0.06418514 0.8516911
vt 0.06460475 0.8527056
vt 0.06539005 0.8528263
vt 0.06548851 0.8527279
vt 0.06508338 0.8524241
vt 0.06720316 0.8572822
vt 0.06701171 0.8572899
vt 0.06715732 0.8583261
vt 0.06720316 0.8572822
vt 0.06715732 0.8583261
vt 0.06778371 0.8573453
vt 0.06664723 0.8532414
vt 0.06703406 0.8548367
vt 0.06761986 0.8536019
vt 0.06922066 0.8574261
vt 0.06778371 0.8573453
vt 0.06856322 0.8583234
vt 0.06761986 0.8536019
vt 0.06762355 0.8547087
vt 0.06827026 0.8538956
vt 0.06773459 0.8560343
vt 0.06778371 0.8573453
vt 0.06933867 0.8559356
vt 0.06762355 0.8547087
vt 0.06773459 0.8560343
vt 0.06882506 0.8544391
vt 0.06713211 0.8586141
vt 0.0669347 0.8586429
vt 0.06694811 0.8589613
vt 0.06606358 0.8593082
vt 0.0661239 0.8594693
vt 0.06640017 0.8592331
vt 0.06694811 0.8589613
vt 0.06677865 0.8589361
vt 0.0665102 0.8593434
vt 0.06715732 0.8583261
vt 0.06703335 0.8583244
vt 0.06713211 0.8586141
vt 0.06856322 0.8583234
vt 0.06779044 0.8583364
vt 0.06809532 0.858813
vt 0.06779044 0.8583364
vt 0.06715732 0.8583261
vt 0.06775808 0.858676
vt 0.06775808 0.858676
vt 0.06713211 0.8586141
vt 0.06776154 0.8590265
vt 0.06776154 0.8590265
vt 0.06694811 0.8589613
vt 0.06727498 0.8594057
vt 0.0661239 0.8594693
vt 0.06674855 0.8597775
vt 0.0665102 0.8593434
vt 0.0656985 0.8593009
vt 0.06571274 0.8595667
vt 0.06606358 0.8593082
vt 0.06571274 0.8595667
vt 0.06599342 0.8599104
vt 0.0661239 0.8594693
vt 0.06546384 0.8605302
vt 0.06682187 0.860852
vt 0.06588268 0.8601423
vt 0.06546384 0.8605302
vt 0.06588268 0.8601423
vt 0.06533968 0.8601893
vt 0.06533968 0.8601893
vt 0.06561595 0.8598409
vt 0.06529587 0.859669
vt 0.06439185 0.8609635
vt 0.06424039 0.8612943
vt 0.06454944 0.861126
vt 0.06492853 0.8602101
vt 0.0647962 0.8603392
vt 0.0649302 0.8603828
vt 0.0649302 0.8603828
vt 0.06487268 0.8607458
vt 0.06546384 0.8605302
vt 0.06492853 0.8602101
vt 0.0649302 0.8603828
vt 0.06506085 0.8600736
vt 0.06370246 0.8628271
vt 0.06622463 0.8638815
vt 0.06403058 0.8624284
vt 0.06655514 0.8623268
vt 0.06682187 0.860852
vt 0.06506955 0.861051
vt 0.06506955 0.861051
vt 0.06454944 0.861126
vt 0.064417 0.8619299
vt 0.06599342 0.8599104
vt 0.06571274 0.8595667
vt 0.06561595 0.8598409
vt 0.06454944 0.861126
vt 0.06487268 0.8607458
vt 0.06452578 0.8606948
vt 0.05443054 0.8615012
vt 0.05573898 0.860748
vt 0.05356884 0.8528782
vt 0.05356884 0.8528782
vt 0.0505917 0.8564736
vt 0.05443054 0.8615012
vt 0.05891305 0.8656287
vt 0.06005704 0.8635583
vt 0.05814659 0.8646195
vt 0.05891305 0.8656287
vt 0.05814659 0.8646195
vt 0.05704718 0.8661737
vt 0.05704718 0.8661737
vt 0.05590784 0.865195
vt 0.05536019 0.8661026
vt 0.05938786 0.8630017
vt 0.05841839 0.8621305
vt 0.05814659 0.8646195
vt 0.05841839 0.8621305
vt 0.05693036 0.8602826
vt 0.0569905 0.8630475
vt 0.0595436 0.8619521
vt 0.05848079 0.8595378
vt 0.05841839 0.8621305
vt 0.05814659 0.8646195
vt 0.0569905 0.8630475
vt 0.05590784 0.865195
vt 0.05505162 0.864266
vt 0.0569905 0.8630475
vt 0.05443054 0.8615012
vt 0.05590784 0.865195
vt 0.05505162 0.864266
vt 0.0545597 0.8654435
vt 0.05505162 0.864266
vt 0.05443054 0.8615012
vt 0.05371636 0.8645774
vt 0.0595436 0.8619521
vt 0.06015312 0.8613745
vt 0.05848079 0.8595378
vt 0.06138014 0.8509402
vt 0.06144642 0.8499054
vt 0.0609306 0.8509956
vt 0.0600447 0.8514523
vt 0.0609306 0.8509956
vt 0.06009119 0.8503704
vt 0.06128376 0.8518994
vt 0.0609306 0.8509956
vt 0.06038635 0.8518594
vt 0.05863678 0.854215
vt 0.05909591 0.8523767
vt 0.05806553 0.854071
vt 0.05782276 0.8499939
vt 0.05643159 0.8535381
vt 0.05881947 0.8512632
vt 0.0566554 0.8493194
vt 0.0551005 0.8531845
vt 0.05782276 0.8499939
vt 0.0566554 0.8493194
vt 0.05481016 0.8492518
vt 0.0551005 0.8531845
vt 0.05481016 0.8492518
vt 0.05172163 0.8497656
vt 0.05356884 0.8528782
vt 0.06169259 0.8524881
vt 0.06056427 0.852743
vt 0.06042879 0.8545754
vt 0.05704718 0.8661737
vt 0.05883026 0.8671391
vt 0.05891305 0.8656287
vt 0.05883026 0.8671391
vt 0.05939304 0.8676974
vt 0.06037175 0.8659828
vt 0.06005704 0.8635583
vt 0.05891305 0.8656287
vt 0.06082344 0.8639548
vt 0.06082344 0.8639548
vt 0.06037175 0.8659828
vt 0.06195938 0.8642927
vt 0.06013917 0.8628799
vt 0.06005704 0.8635583
vt 0.06081265 0.862913
vt 0.06081265 0.862913
vt 0.06082344 0.8639548
vt 0.06166189 0.862915
vt 0.06110948 0.8608646
vt 0.06004697 0.8589389
vt 0.06076669 0.8611368
vt 0.06076669 0.8611368
vt 0.0597279 0.8590298
vt 0.06015312 0.8613745
vt 0.06110948 0.8608646
vt 0.06076669 0.8611368
vt 0.06162565 0.8621189
vt 0.06076669 0.8611368
vt 0.06015312 0.8613745
vt 0.06075024 0.8621123
vt 0.06166189 0.862915
vt 0.06162565 0.8621189
vt 0.06081265 0.862913
vt 0.06081265 0.862913
vt 0.06075024 0.8621123
vt 0.06013917 0.8628799
vt 0.05047625 0.8633032
vt 0.05116999 0.8628838
vt 0.04955995 0.8610321
vt 0.05116999 0.8628838
vt 0.05208414 0.862453
vt 0.05041033 0.8607994
vt 0.04893469 0.8586832
vt 0.04955995 0.8610321
vt 0.04986315 0.8586273
vt 0.04986315 0.8586273
vt 0.05041033 0.8607994
vt 0.05096286 0.8584475
vt 0.04882901 0.8565619
vt 0.04893469 0.8586832
vt 0.04963415 0.8565375
vt 0.04963415 0.8565375
vt 0.04986315 0.8586273
vt 0.0505917 0.8564736
vt 0.04875302 0.8540049
vt 0.04882901 0.8565619
vt 0.049645 0.8542765
vt 0.049645 0.8542765
vt 0.04963415 0.8565375
vt 0.05063802 0.8544693
vt 0.04925537 0.8520459
vt 0.04875302 0.8540049
vt 0.05005747 0.8522731
vt 0.05005747 0.8522731
vt 0.049645 0.8542765
vt 0.05085575 0.8524371
vt 0.05161738 0.8652236
vt 0.05293846 0.8665848
vt 0.0522316 0.8650252
vt 0.0522316 0.8650252
vt 0.05341696 0.8662583
vt 0.05371636 0.8645774
vt 0.05939304 0.8676974
vt 0.05883026 0.8671391
vt 0.05555278 0.8681395
vt 0.05883026 0.8671391
vt 0.05704718 0.8661737
vt 0.05535215 0.8667207
vt 0.05047625 0.8633032
vt 0.05161738 0.8652236
vt 0.05116999 0.8628838
vt 0.05116999 0.8628838
vt 0.0522316 0.8650252
vt 0.05208414 0.862453
vt 0.05555278 0.8681395
vt 0.05535215 0.8667207
vt 0.05293846 0.8665848
vt 0.05341696 0.8662583
vt 0.05535215 0.8667207
vt 0.0545597 0.8654435
vt 0.04925537 0.8520459
vt 0.05005747 0.8522731
vt 0.05052161 0.8493533
vt 0.05005747 0.8522731
vt 0.05085575 0.8524371
vt 0.05095767 0.849556
vt 0.05909591 0.8523767
vt 0.05933779 0.8516945
vt 0.05881947 0.8512632
vt 0.05933779 0.8516945
vt 0.0600447 0.8514523
vt 0.05939036 0.8509846
vt 0.05887871 0.8487387
vt 0.05844181 0.8494384
vt 0.06009119 0.8503704
vt 0.05939036 0.8509846
vt 0.05844181 0.8494384
vt 0.05881947 0.8512632
vt 0.05772113 0.8475329
vt 0.057047 0.8483041
vt 0.05887871 0.8487387
vt 0.05844181 0.8494384
vt 0.057047 0.8483041
vt 0.05782276 0.8499939
vt 0.05772113 0.8475329
vt 0.05554932 0.8467628
vt 0.057047 0.8483041
vt 0.05459225 0.8478857
vt 0.05481016 0.8492518
vt 0.057047 0.8483041
vt 0.05554932 0.8467628
vt 0.05216866 0.8478588
vt 0.05459225 0.8478857
vt 0.05459225 0.8478857
vt 0.05179375 0.8487789
vt 0.05481016 0.8492518
vt 0.05909591 0.8523767
vt 0.05863678 0.854215
vt 0.05983603 0.8526101
vt 0.05946815 0.8543824
vt 0.05982762 0.8544342
vt 0.05983603 0.8526101
vt 0.05933779 0.8516945
vt 0.05909591 0.8523767
vt 0.0600149 0.8520235
vt 0.05983603 0.8526101
vt 0.06056427 0.852743
vt 0.0600149 0.8520235
vt 0.06038635 0.8518594
vt 0.0600447 0.8514523
vt 0.0600149 0.8520235
vt 0.05216866 0.8478588
vt 0.05052161 0.8493533
vt 0.05179375 0.8487789
vt 0.06010419 0.8620439
vt 0.0595436 0.8619521
vt 0.06013917 0.8628799
vt 0.07790577 0.8785317
vt 0.07669758 0.8835372
vt 0.08053648 0.8824167
vt 0.08071291 0.8729514
vt 0.07790577 0.8785317
vt 0.08271348 0.8747646
vt 0.08234292 0.8665568
vt 0.08071291 0.8729514
vt 0.08401751 0.8674482
vt 0.08158147 0.8615956
vt 0.08234292 0.8665568
vt 0.08360576 0.861993
vt 0.08137416 0.8553967
vt 0.08158147 0.8615956
vt 0.08349281 0.8551582
vt 0.08297812 0.8510177
vt 0.08104336 0.8516371
vt 0.08349281 0.8551582
vt 0.0814948 0.8430736
vt 0.07986325 0.8440057
vt 0.08233714 0.8467466
vt 0.0797258 0.8372638
vt 0.07807892 0.8390834
vt 0.0814948 0.8430736
vt 0.08233714 0.8467466
vt 0.08065789 0.847617
vt 0.08297812 0.8510177
vt 0.07082611 0.8083631
vt 0.06878554 0.8101216
vt 0.070149 0.8160905
vt 0.06514644 0.7936999
vt 0.06460428 0.7946944
vt 0.06931853 0.7981822
vt 0.07103455 0.8037857
vt 0.06969618 0.8046695
vt 0.07082611 0.8083631
vt 0.06931853 0.7981822
vt 0.06832492 0.7989369
vt 0.07103455 0.8037857
vt 0.05995482 0.7903255
vt 0.05978184 0.7920487
vt 0.06514644 0.7936999
vt 0.07507652 0.8302371
vt 0.07280933 0.8314641
vt 0.07652986 0.8324816
vt 0.07223707 0.8232046
vt 0.0695132 0.8259056
vt 0.07507652 0.8302371
vt 0.07652986 0.8324816
vt 0.07562685 0.8353074
vt 0.07818257 0.8349002
vt 0.07818257 0.8349002
vt 0.07688623 0.8373297
vt 0.0797258 0.8372638
vt 0.08530187 0.8746232
vt 0.08271348 0.8747646
vt 0.08460599 0.8824198
vt 0.08545011 0.8673521
vt 0.08401751 0.8674482
vt 0.08530187 0.8746232
vt 0.08360576 0.861993
vt 0.08401751 0.8674482
vt 0.08488237 0.8618279
vt 0.08474272 0.8551465
vt 0.08349281 0.8551582
vt 0.08488237 0.8618279
vt 0.08297812 0.8510177
vt 0.08349281 0.8551582
vt 0.08409559 0.8508484
vt 0.0814948 0.8430736
vt 0.08233714 0.8467466
vt 0.08272182 0.8429079
vt 0.08085888 0.8365737
vt 0.0797258 0.8372638
vt 0.08272182 0.8429079
vt 0.08233714 0.8467466
vt 0.08297812 0.8510177
vt 0.08342784 0.8466206
vt 0.07507652 0.8302371
vt 0.07652986 0.8324816
vt 0.07751512 0.829065
vt 0.07652986 0.8324816
vt 0.07818257 0.8349002
vt 0.07853311 0.8314236
vt 0.07818257 0.8349002
vt 0.0797258 0.8372638
vt 0.07976388 0.8342139
vt 0.08669376 0.8747041
vt 0.08530187 0.8746232
vt 0.08593022 0.8823686
vt 0.08545011 0.8673521
vt 0.08530187 0.8746232
vt 0.08647531 0.8674738
vt 0.08488237 0.8618279
vt 0.08545011 0.8673521
vt 0.08637231 0.8617504
vt 0.0865091 0.8549093
vt 0.08474272 0.8551465
vt 0.08637231 0.8617504
vt 0.08566844 0.8502248
vt 0.08409559 0.8508484
vt 0.0865091 0.8549093
vt 0.08372366 0.8423313
vt 0.08272182 0.8429079
vt 0.08488267 0.8458218
vt 0.08085888 0.8365737
vt 0.08272182 0.8429079
vt 0.08209347 0.8367208
vt 0.08488267 0.8458218
vt 0.08342784 0.8466206
vt 0.08566844 0.8502248
vt 0.07853311 0.8314236
vt 0.07976388 0.8342139
vt 0.07976281 0.8313092
vt 0.07976388 0.8342139
vt 0.08085888 0.8365737
vt 0.08099687 0.8338118
vt 0.08566844 0.8502248
vt 0.0865091 0.8549093
vt 0.08738219 0.8498646
vt 0.08658826 0.844926
vt 0.08488267 0.8458218
vt 0.08738219 0.8498646
vt 0.08738219 0.8498646
vt 0.08829426 0.8550903
vt 0.09160321 0.8498328
vt 0.09160321 0.8498328
vt 0.09167176 0.8554857
vt 0.09597867 0.8508112
vt 0.0865091 0.8549093
vt 0.08637231 0.8617504
vt 0.08829426 0.8550903
vt 0.08829426 0.8550903
vt 0.08792847 0.8621856
vt 0.09167176 0.8554857
vt 0.09569674 0.8558435
vt 0.09167176 0.8554857
vt 0.09254145 0.8644683
vt 0.09254145 0.8644683
vt 0.08993923 0.8630974
vt 0.08989512 0.8686222
vt 0.08637231 0.8617504
vt 0.08647531 0.8674738
vt 0.08792847 0.8621856
vt 0.08943986 0.8441373
vt 0.09160321 0.8498328
vt 0.09386909 0.844993
vt 0.08658826 0.844926
vt 0.08738219 0.8498646
vt 0.08943986 0.8441373
vt 0.08299869 0.830643
vt 0.07976281 0.8313092
vt 0.08269608 0.8333037
vt 0.08099687 0.8338118
vt 0.08209347 0.8367208
vt 0.08269608 0.8333037
vt 0.08269608 0.8333037
vt 0.08373242 0.836495
vt 0.08453768 0.8330734
vt 0.08209347 0.8367208
vt 0.08372366 0.8423313
vt 0.08373242 0.836495
vt 0.08373242 0.836495
vt 0.08536547 0.8420232
vt 0.08667767 0.8358345
vt 0.09048104 0.840222
vt 0.08536547 0.8420232
vt 0.08943986 0.8441373
vt 0.08488267 0.8458218
vt 0.08658826 0.844926
vt 0.08372366 0.8423313
vt 0.07751512 0.829065
vt 0.07976281 0.8313092
vt 0.08052873 0.8271879
vt 0.06397426 0.92020095
vt 0.05773103 0.91964919
vt 0.06388825 0.92258895
vt 0.05724138 0.92073459
vt 0.05773103 0.91964919
vt 0.0488761 0.91501707
vt 0.0488761 0.91501707
vt 0.04955768 0.91399259
vt 0.04407322 0.90928811
vt 0.06980997 0.91753436
vt 0.07034075 0.91829908
vt 0.07431328 0.91219152
vt 0.07560688 0.91309345
vt 0.07034075 0.91829908
vt 0.07869154 0.91561163
vt 0.0770691 0.90588505
vt 0.07431328 0.91219152
vt 0.07849669 0.90672964
vt 0.07849669 0.90672964
vt 0.07560688 0.91309345
vt 0.08233278 0.90863634
vt 0.07647007 0.8975966
vt 0.0770691 0.90588505
vt 0.07902801 0.8992368
vt 0.07902801 0.8992368
vt 0.07849669 0.90672964
vt 0.08415687 0.90151668
vt 0.0772944 0.8892794
vt 0.07647007 0.8975966
vt 0.07952243 0.8902187
vt 0.07952243 0.8902187
vt 0.07902801 0.8992368
vt 0.0850712 0.892471
vt 0.07034075 0.91829908
vt 0.06397426 0.92020095
vt 0.07160454 0.92095185
vt 0.07952243 0.8902187
vt 0.07940953 0.8854458
vt 0.0772944 0.8892794
vt 0.0850712 0.892471
vt 0.08537292 0.8862615
vt 0.07952243 0.8902187
vt 0.08053648 0.8824167
vt 0.07940953 0.8854458
vt 0.08460599 0.8824198
vt 0.06898051 0.854407
vt 0.06843507 0.8538005
vt 0.06882506 0.8544391
vt 0.06843507 0.8538005
vt 0.06772911 0.8534343
vt 0.06827026 0.8538956
vt 0.06658029 0.8530323
vt 0.06664723 0.8532414
vt 0.06772911 0.8534343
vt 0.06795328 0.8591934
vt 0.06776154 0.8590265
vt 0.06741112 0.8595641
vt 0.06820708 0.8590215
vt 0.06871432 0.8584872
vt 0.06809532 0.858813
vt 0.06776154 0.8590265
vt 0.06795328 0.8591934
vt 0.06809532 0.858813
vt 0.06871432 0.8584872
vt 0.0693354 0.8575537
vt 0.06856322 0.8583234
vt 0.0693354 0.8575537
vt 0.06945639 0.8559766
vt 0.06922066 0.8574261
vt 0.06945639 0.8559766
vt 0.06898051 0.854407
vt 0.06933867 0.8559356
vt 0.06741112 0.8595641
vt 0.06727498 0.8594057
vt 0.06679701 0.8598592
vt 0.06923538 0.8543101
vt 0.06872892 0.8536298
vt 0.06898051 0.854407
vt 0.06872892 0.8536298
vt 0.06793308 0.8530911
vt 0.06843507 0.8538005
vt 0.06793308 0.8530911
vt 0.066998 0.8528075
vt 0.06772911 0.8534343
vt 0.06818783 0.85944
vt 0.06795328 0.8591934
vt 0.06756097 0.8597436
vt 0.06837582 0.8593491
vt 0.06902766 0.858839
vt 0.06820708 0.8590215
vt 0.06795328 0.8591934
vt 0.06818783 0.85944
vt 0.06820708 0.8590215
vt 0.06902766 0.858839
vt 0.06959837 0.8577282
vt 0.06871432 0.8584872
vt 0.06959837 0.8577282
vt 0.06972461 0.856051
vt 0.0693354 0.8575537
vt 0.06972461 0.856051
vt 0.06939488 0.854825
vt 0.06945639 0.8559766
vt 0.06756097 0.8597436
vt 0.06741112 0.8595641
vt 0.06687748 0.8600341
vt 0.06930333 0.8531696
vt 0.06913995 0.8534068
vt 0.06989872 0.8540146
vt 0.0696401 0.8541641
vt 0.06913995 0.8534068
vt 0.06923538 0.8543101
vt 0.0682379 0.8524517
vt 0.06815403 0.8527262
vt 0.06930333 0.8531696
vt 0.06913995 0.8534068
vt 0.06815403 0.8527262
vt 0.06872892 0.8536298
vt 0.0682379 0.8524517
vt 0.06725311 0.8521878
vt 0.06815403 0.8527262
vt 0.06815403 0.8527262
vt 0.06715983 0.8524865
vt 0.06793308 0.8530911
vt 0.06873148 0.8599163
vt 0.06854218 0.8596815
vt 0.06780999 0.860331
vt 0.06854218 0.8596815
vt 0.06818783 0.85944
vt 0.06774437 0.8600548
vt 0.06968235 0.8591939
vt 0.06930917 0.8589987
vt 0.06873148 0.8599163
vt 0.06930917 0.8589987
vt 0.06902766 0.858839
vt 0.06854218 0.8596815
vt 0.07031184 0.858136
vt 0.06990593 0.8579025
vt 0.06968235 0.8591939
vt 0.06930917 0.8589987
vt 0.06990593 0.8579025
vt 0.06902766 0.858839
vt 0.07031184 0.858136
vt 0.07044297 0.8561039
vt 0.06990593 0.8579025
vt 0.06990593 0.8579025
vt 0.0700739 0.8560769
vt 0.06959837 0.8577282
vt 0.07044297 0.8561039
vt 0.0702933 0.8549822
vt 0.0700739 0.8560769
vt 0.0700739 0.8560769
vt 0.06988531 0.8548875
vt 0.06972461 0.856051
vt 0.0702933 0.8549822
vt 0.06989872 0.8540146
vt 0.06988531 0.8548875
vt 0.06988531 0.8548875
vt 0.0696401 0.8541641
vt 0.06939488 0.854825
vt 0.06780999 0.860331
vt 0.06774437 0.8600548
vt 0.06691533 0.8603421
vt 0.06774437 0.8600548
vt 0.06756097 0.8597436
vt 0.0668922 0.8601875
vt 0.06640201 0.8527341
vt 0.066998 0.8528075
vt 0.06629508 0.8524436
vt 0.06715983 0.8524865
vt 0.06725311 0.8521878
vt 0.06629508 0.8524436
vt 0.06629508 0.8524436
vt 0.06621676 0.8521944
vt 0.06548851 0.8527279
vt 0.06548851 0.8527279
vt 0.06567031 0.8529166
vt 0.06629508 0.8524436
vt 0.06567031 0.8529166
vt 0.06590735 0.8530734
vt 0.06640201 0.8527341
vt 0.06679701 0.8598592
vt 0.06628602 0.8598649
vt 0.06687748 0.8600341
vt 0.06588268 0.8601423
vt 0.0668922 0.8601875
vt 0.06599342 0.8599104
vt 0.07082611 0.8083631
vt 0.070149 0.8160905
vt 0.07255643 0.8084221
vt 0.06591385 0.7923873
vt 0.06514644 0.7936999
vt 0.07108193 0.7969421
vt 0.07251858 0.8035763
vt 0.07103455 0.8037857
vt 0.07255643 0.8084221
vt 0.07108193 0.7969421
vt 0.06931853 0.7981822
vt 0.07251858 0.8035763
vt 0.07413446 0.8226226
vt 0.07223707 0.8232046
vt 0.07751512 0.829065
vt 0.07413446 0.8226226
vt 0.07751512 0.829065
vt 0.07655423 0.8217535
vt 0.07255643 0.8084221
vt 0.07276028 0.8158159
vt 0.07452189 0.808656
vt 0.07251858 0.8035763
vt 0.07255643 0.8084221
vt 0.07369947 0.8034271
vt 0.04403591 0.8026909
vt 0.04587173 0.7967102
vt 0.04255712 0.8021269
vt 0.04543691 0.7963757
vt 0.04587173 0.7967102
vt 0.04958009 0.7925019
vt 0.04958009 0.7925019
vt 0.04981458 0.7928821
vt 0.05368727 0.7907823
vt 0.05368727 0.7907823
vt 0.05384135 0.7914057
vt 0.05995482 0.7903255
vt 0.04255712 0.8021269
vt 0.04543691 0.7963757
vt 0.04162019 0.8017308
vt 0.04446762 0.8102527
vt 0.04403591 0.8026909
vt 0.04151827 0.8094453
vt 0.04151827 0.8094453
vt 0.04255712 0.8021269
vt 0.03980028 0.8092354
vt 0.070149 0.8160905
vt 0.07090008 0.8199296
vt 0.07276028 0.8158159
vt 0.07090008 0.8199296
vt 0.07223707 0.8232046
vt 0.07323396 0.8193678
vt 0.07276028 0.8158159
vt 0.07323396 0.8193678
vt 0.07504683 0.8157592
vt 0.07568216 0.8188377
vt 0.07323396 0.8193678
vt 0.07655423 0.8217535
vt 0.0583676 0.7954298
vt 0.06175208 0.8000303
vt 0.06292563 0.7948733
vt 0.06292563 0.7948733
vt 0.0665422 0.7992612
vt 0.06460428 0.7946944
vt 0.06969618 0.8046695
vt 0.06832492 0.7989369
vt 0.06850063 0.8050387
vt 0.06850063 0.8050387
vt 0.0665422 0.7992612
vt 0.06610411 0.8066679
vt 0.06292563 0.7948733
vt 0.05978184 0.7920487
vt 0.0583676 0.7954298
vt 0.04141926 0.8182325
vt 0.04151827 0.8094453
vt 0.03995454 0.8168749
vt 0.04309105 0.8206277
vt 0.04446762 0.8102527
vt 0.04141926 0.8182325
vt 0.03865122 0.8650943
vt 0.04025518 0.8642611
vt 0.03865587 0.8605112
vt 0.04052788 0.8601335
vt 0.03993558 0.8566677
vt 0.03865587 0.8605112
vt 0.03993558 0.8566677
vt 0.0383625 0.8518022
vt 0.03811657 0.856627
vt 0.03865587 0.8605112
vt 0.03811657 0.856627
vt 0.03725111 0.8607793
vt 0.03972262 0.8706091
vt 0.04025518 0.8642611
vt 0.03790116 0.869295
vt 0.03772902 0.8654728
vt 0.03865122 0.8650943
vt 0.03725111 0.8607793
vt 0.04213947 0.90097696
vt 0.0401932 0.8937611
vt 0.04051566 0.90167237
vt 0.0401932 0.8937611
vt 0.03928959 0.8893484
vt 0.03855776 0.8932189
vt 0.03711789 0.884945
vt 0.03926676 0.8844529
vt 0.03733235 0.8808048
vt 0.03753083 0.889583
vt 0.03928959 0.8893484
vt 0.03711789 0.884945
vt 0.03996044 0.8750695
vt 0.03972262 0.8706091
vt 0.03749018 0.8759681
vt 0.03733235 0.8808048
vt 0.04044681 0.8792201
vt 0.03749018 0.8759681
vt 0.03764957 0.8936164
vt 0.03855776 0.8932189
vt 0.03659069 0.8898945
vt 0.03511548 0.8853531
vt 0.03711789 0.884945
vt 0.03423756 0.8814326
vt 0.03659069 0.8898945
vt 0.03753083 0.889583
vt 0.03511548 0.8853531
vt 0.03423756 0.8814326
vt 0.03733235 0.8808048
vt 0.03394585 0.8772748
vt 0.03790116 0.869295
vt 0.03566628 0.8724071
vt 0.03749018 0.8759681
vt 0.04407322 0.90928811
vt 0.04545646 0.90755618
vt 0.04051566 0.90167237
vt 0.04051566 0.90167237
vt 0.03764957 0.8936164
vt 0.03895437 0.90212304
vt 0.0331071 0.8861664
vt 0.03511548 0.8853531
vt 0.03253793 0.8821291
vt 0.03659069 0.8898945
vt 0.03511548 0.8853531
vt 0.03405195 0.8904574
vt 0.03253793 0.8821291
vt 0.03423756 0.8814326
vt 0.03198426 0.8779752
vt 0.03764957 0.8936164
vt 0.03659069 0.8898945
vt 0.03542113 0.8936895
vt 0.02736586 0.8871316
vt 0.0331071 0.8861664
vt 0.02746582 0.8841869
vt 0.02873396 0.8926505
vt 0.03405195 0.8904574
vt 0.02736586 0.8871316
vt 0.02746582 0.8841869
vt 0.03253793 0.8821291
vt 0.02907484 0.8796738
vt 0.03542113 0.8936895
vt 0.03405195 0.8904574
vt 0.03194302 0.89609
vt 0.03198426 0.8779752
vt 0.03394585 0.8772748
vt 0.03139948 0.8762299
vt 0.04015928 0.8256149
vt 0.04141926 0.8182325
vt 0.03873378 0.8245788
vt 0.03816461 0.8341297
vt 0.04015928 0.8256149
vt 0.03691899 0.8334168
vt 0.03599256 0.8387833
vt 0.03816461 0.8341297
vt 0.03483653 0.8377168
vt 0.03336286 0.8429319
vt 0.03599256 0.8387833
vt 0.03214627 0.8413716
vt 0.03673213 0.8474144
vt 0.03766286 0.8399471
vt 0.03336286 0.8429319
vt 0.03766286 0.8399471
vt 0.03966498 0.8353299
vt 0.03599256 0.8387833
vt 0.03966498 0.8353299
vt 0.04139858 0.8274929
vt 0.03816461 0.8341297
vt 0.04139858 0.8274929
vt 0.04309105 0.8206277
vt 0.04015928 0.8256149
vt 0.03214627 0.8413716
vt 0.03483653 0.8377168
vt 0.03030407 0.8383647
vt 0.03030407 0.8383647
vt 0.0329352 0.83564
vt 0.02810019 0.8333864
vt 0.02810019 0.8333864
vt 0.03072023 0.8308263
vt 0.02736598 0.8303329
vt 0.03072023 0.8308263
vt 0.03413128 0.8292908
vt 0.02951669 0.8257843
vt 0.0329352 0.83564
vt 0.03550815 0.8323495
vt 0.03072023 0.8308263
vt 0.03483653 0.8377168
vt 0.03691899 0.8334168
vt 0.0329352 0.83564
vt 0.03413128 0.8292908
vt 0.03669548 0.8265554
vt 0.03274071 0.8227018
vt 0.03873378 0.8245788
vt 0.03669548 0.8265554
vt 0.03691899 0.8334168
vt 0.03995454 0.8168749
vt 0.0369203 0.8215396
vt 0.03873378 0.8245788
vt 0.06522661 0.90662277
vt 0.06321817 0.91539848
vt 0.06648898 0.90746278
vt 0.07154136 0.90133632
vt 0.06976383 0.9005341
vt 0.06648898 0.90746278
vt 0.07635867 0.8973902
vt 0.07514178 0.8961555
vt 0.07154136 0.90133632
vt 0.08196401 0.89104
vt 0.07514178 0.8961555
vt 0.08256953 0.8928165
vt 0.08935338 0.8741743
vt 0.08669376 0.8747041
vt 0.08790135 0.8829269
vt 0.0674836 0.92228735
vt 0.06631582 0.92307359
vt 0.07222265 0.92650897
vt 0.07164192 0.92780555
vt 0.08150684 0.93149537
vt 0.07222265 0.92650897
vt 0.08150684 0.93149537
vt 0.08910906 0.93231714
vt 0.08274674 0.92957563
vt 0.06321817 0.91539848
vt 0.06631582 0.92307359
vt 0.06462889 0.91532475
vt 0.08537292 0.8862615
vt 0.08196401 0.89104
vt 0.08620512 0.88875
vt 0.08593022 0.8823686
vt 0.08537292 0.8862615
vt 0.08790135 0.8829269
vt 0.08910906 0.93231714
vt 0.09877628 0.93225444
vt 0.08964657 0.93062699
vt 0.1150877 0.92184216
vt 0.1173848 0.92273462
vt 0.1173348 0.92001725
vt 0.1115474 0.92526424
vt 0.112752 0.92653502
vt 0.1150877 0.92184216
vt 0.1173348 0.92001725
vt 0.1197592 0.92075766
vt 0.1199123 0.91727442
vt 0.1075834 0.92783487
vt 0.1084756 0.92912078
vt 0.1115474 0.92526424
vt 0.1199123 0.91727442
vt 0.1238889 0.91819793
vt 0.1208994 0.91513414
vt 0.1208994 0.91513414
vt 0.1277794 0.91620356
vt 0.1226621 0.90934515
vt 0.09841561 0.93056345
vt 0.09877628 0.93225444
vt 0.1075834 0.92783487
vt 0.1797739 0.8359241
vt 0.1797739 0.8335521
vt 0.1791927 0.8352092
vt 0.1791927 0.8352092
vt 0.1792703 0.8325828
vt 0.1777319 0.8342029
vt 0.1777319 0.8342029
vt 0.1778414 0.8314387
vt 0.175049 0.8333269
vt 0.175049 0.8333269
vt 0.1751736 0.8305514
vt 0.1731781 0.8323068
vt 0.1778078 0.8396177
vt 0.1777319 0.8342029
vt 0.1760531 0.8395517
vt 0.175049 0.8333269
vt 0.1731781 0.8323068
vt 0.1760531 0.8395517
vt 0.1790667 0.8396597
vt 0.1791927 0.8352092
vt 0.1778078 0.8396177
vt 0.03676235 0.8608
vt 0.03725111 0.8607793
vt 0.03640401 0.8566686
vt 0.03640401 0.8566686
vt 0.03686946 0.8566018
vt 0.03584057 0.851485
vt 0.03584057 0.851485
vt 0.03628718 0.8513945
vt 0.03538149 0.8479805
vt 0.03790116 0.869295
vt 0.03772902 0.8654728
vt 0.03743302 0.8692794
vt 0.03772902 0.8654728
vt 0.03725111 0.8607793
vt 0.03725695 0.8654653
vt 0.08542877 0.843034
vt 0.08684128 0.8486308
vt 0.08808976 0.8425058
vt 0.08950203 0.8481023
vt 0.08684128 0.8486308
vt 0.08956563 0.8597387
vt 0.08956563 0.8597387
vt 0.08690518 0.8602676
vt 0.08880245 0.865679
vt 0.08880245 0.865679
vt 0.08614242 0.8662083
vt 0.08935338 0.8741743
vt 0.08263468 0.83681
vt 0.08542877 0.843034
vt 0.08529573 0.8362823
vt 0.07427906 0.818569
vt 0.07518142 0.8216181
vt 0.07694047 0.8180426
vt 0.07518142 0.8216181
vt 0.07631391 0.8254412
vt 0.07784277 0.8210914
vt 0.07631391 0.8254412
vt 0.07920628 0.8313424
vt 0.07897526 0.8249142
vt 0.07920628 0.8313424
vt 0.08263468 0.83681
vt 0.08186745 0.8308151
vt 0.07256257 0.8144388
vt 0.07427906 0.818569
vt 0.07522404 0.8139127
vt 0.03392934 0.8113328
vt 0.04146623 0.8150993
vt 0.03488808 0.8101012
vt 0.03060466 0.804585
vt 0.02924203 0.8054741
vt 0.03488808 0.8101012
vt 0.06812006 0.8090491
vt 0.07256257 0.8144388
vt 0.06851541 0.8072337
vt 0.05510735 0.8111076
vt 0.06191796 0.8071863
vt 0.05481493 0.8088334
vt 0.04991877 0.8142505
vt 0.05510735 0.8111076
vt 0.04863965 0.8128918
vt 0.0420717 0.8134667
vt 0.04146623 0.8150993
vt 0.04863965 0.8128918
vt 0.02790707 0.7930361
vt 0.02744334 0.7983292
vt 0.03149348 0.7948148
vt 0.02744334 0.7983292
vt 0.02924203 0.8054741
vt 0.02991992 0.8014386
vt 0.03804838 0.7823986
vt 0.03669023 0.7810196
vt 0.03395497 0.7875352
vt 0.03068965 0.786604
vt 0.02790707 0.7930361
vt 0.03395497 0.7875352
vt 0.04611033 0.7790869
vt 0.04521793 0.7774456
vt 0.03804838 0.7823986
vt 0.06602895 0.8056062
vt 0.06536215 0.8072874
vt 0.06851541 0.8072337
vt 0.06191796 0.8071863
vt 0.06536215 0.8072874
vt 0.06188738 0.8052939
vt 0.05510568 0.7761208
vt 0.05361378 0.774319
vt 0.04611033 0.7790869
vt 0.06283527 0.7666135
vt 0.05902457 0.770336
vt 0.06372541 0.7678919
vt 0.07423311 0.7635706
vt 0.07348406 0.7621228
vt 0.06845861 0.7657496
vt 0.06845861 0.7657496
vt 0.06781548 0.7643449
vt 0.06372541 0.7678919
vt 0.05902457 0.770336
vt 0.05361378 0.774319
vt 0.05991029 0.7715931
vt 0.1731781 0.8528029
vt 0.1858882 0.8528029
vt 0.1732131 0.8497153
vt 0.1732131 0.8497153
vt 0.1859233 0.8497153
vt 0.1732416 0.8469863
vt 0.1732416 0.8469863
vt 0.1859518 0.8469863
vt 0.1732836 0.8435622
vt 0.1461011 0.8556649
vt 0.1435686 0.8548261
vt 0.1470488 0.8582243
vt 0.1446123 0.8589345
vt 0.1404978 0.8559332
vt 0.1420529 0.8589199
vt 0.147051 0.8596083
vt 0.1470488 0.8582243
vt 0.1446123 0.8589345
vt 0.1433248 0.806708
vt 0.1434215 0.8059176
vt 0.1409637 0.806719
vt 0.1409637 0.806719
vt 0.14083 0.8059337
vt 0.1387676 0.8073534
vt 0.1414057 0.8044675
vt 0.1385396 0.806348
vt 0.14083 0.8059337
vt 0.14083 0.8059337
vt 0.1434215 0.8059176
vt 0.1414057 0.8044675
vt 0.1458812 0.8065561
vt 0.1454451 0.8021412
vt 0.1434215 0.8059176
vt 0.1480998 0.8039678
vt 0.14806 0.8077835
vt 0.1488217 0.8050164
vt 0.1454451 0.8021412
vt 0.1458812 0.8065561
vt 0.1480998 0.8039678
vt 0.08676719 0.0787142
vt 0.07563179 0.078714
vt 0.08676713 0.0875973
vt 0.08816105 0.0875974
vt 0.08813846 0.0787142
vt 0.08676713 0.0875973
vt 0.08955484 0.0875974
vt 0.0895099 0.0787143
vt 0.08816105 0.0875974
vt 0.1586781 0.8889798
vt 0.1594728 0.8852905
vt 0.155807 0.8801243
vt 0.1586781 0.8889798
vt 0.155807 0.8801243
vt 0.1563897 0.8918878
vt 0.1563897 0.8918878
vt 0.1508508 0.8787535
vt 0.1541903 0.8937733
vt 0.1541903 0.8937733
vt 0.1476026 0.8783389
vt 0.1513553 0.8959612
vt 0.1497848 0.8979417
vt 0.1513553 0.8959612
vt 0.1392149 0.8797056
vt 0.1491807 0.90068192
vt 0.1497848 0.8979417
vt 0.1336135 0.8848923
vt 0.1508764 0.7928649
vt 0.1497181 0.7902303
vt 0.1504828 0.7963045
vt 0.1385943 0.7988685
vt 0.1488007 0.7988452
vt 0.1361004 0.7960009
vt 0.147596 0.7995673
vt 0.1488007 0.7988452
vt 0.1446394 0.7998421
vt 0.1471424 0.788288
vt 0.1446516 0.7858967
vt 0.1361004 0.7960009
vt 0.1510233 0.79981
vt 0.151308 0.7998421
vt 0.1510307 0.799179
vt 0.1793203 0.811615
vt 0.1738696 0.8118805
vt 0.1792821 0.8139194
vt 0.1792821 0.8139194
vt 0.173464 0.8139194
vt 0.1791725 0.8169935
vt 0.194591 0.8625222
vt 0.194591 0.8567041
vt 0.1815512 0.8619915
vt 0.08882063 0.0650576
vt 0.08882063 0.0696522
vt 0.09334629 0.0650587
vt 0.07562673 0.0695837
vt 0.07993763 0.0695825
vt 0.07562673 0.064989
vt 0.07993763 0.0649877
vt 0.07993763 0.0695825
vt 0.08882063 0.0650576
vt 0.09309571 0.0889352
vt 0.09309571 0.0877215
vt 0.08850103 0.0889146
vt 0.07961785 0.0877111
vt 0.07529336 0.0877319
vt 0.07961785 0.0889249
vt 0.08850103 0.0877008
vt 0.07961785 0.0877111
vt 0.08850103 0.0889146
vt 0.07552331 0.0631898
vt 0.07092851 0.0631956
vt 0.07552331 0.0665635
vt 0.06204551 0.0675416
vt 0.06204551 0.063249
vt 0.05772101 0.0666194
vt 0.07092851 0.0631956
vt 0.06204551 0.063249
vt 0.07092851 0.0674882
vt 0.08489823 0.0996615
vt 0.08555275 0.1006837
vt 0.08806633 0.0983528
vt 0.08295804 0.0988307
vt 0.08362656 0.0998746
vt 0.08406013 0.0983528
vt 0.08169847 0.0985548
vt 0.08236712 0.0995988
vt 0.08295804 0.0988307
vt 0.08236712 0.0995988
vt 0.08169847 0.0985548
vt 0.08130079 0.098874
vt 0.08059334 0.1659573
vt 0.0877223 0.1567089
vt 0.08060413 0.152547
vt 0.07076162 0.0677494
vt 0.06947249 0.0677634
vt 0.07185715 0.0734611
vt 0.1727726 0.880632
vt 0.1889734 0.8806323
vt 0.1723377 0.8783128
vt 0.1889734 0.8806323
vt 0.1727726 0.880632
vt 0.1879202 0.8827444
vt 0.18633 0.8844879
vt 0.1879202 0.8827444
vt 0.1754162 0.8844879
vt 0.18633 0.8844879
vt 0.1754162 0.8844879
vt 0.184323 0.88573
vt 0.1820529 0.8863751
vt 0.184323 0.88573
vt 0.1796931 0.8863752
vt 0.1823518 0.7845578
vt 0.1819092 0.7822457
vt 0.166327 0.7891026
vt 0.180853 0.780142
vt 0.1652842 0.7845582
vt 0.1819092 0.7822457
vt 0.1652842 0.7845582
vt 0.180853 0.780142
vt 0.1657264 0.7822462
vt 0.1792629 0.7784068
vt 0.1772592 0.7771712
vt 0.1657264 0.7822462
vt 0.1772592 0.7771712
vt 0.1749945 0.7765288
vt 0.1667828 0.7801428
vt 0.1683728 0.7784071
vt 0.1749945 0.7765288
vt 0.1703763 0.7771711
usemtl LHipPitchUV
f 2/1 3/2 4/3
f 3/4 2/5 6/6
f 1/7 4/8 8/9
f 9/10 5/11 6/12
f 8/13 11/14 12/15
f 13/16 9/17 10/18
f 11/19 15/20 16/21
f 13/22 14/23 18/24
f 15/25 19/26 20/27
f 21/28 17/29 18/30
f 23/31 24/32 20/33
f 25/34 21/35 22/36
f 24/37 23/38 28/39
f 29/40 25/41 26/42
f 28/43 31/44 32/45
f 33/46 29/47 30/48
f 35/49 36/50 32/51
f 33/52 34/53 38/54
f 35/55 39/56 40/57
f 37/58 38/59 42/60
f 43/61 44/62 40/63
f 45/64 41/65 42/66
f 43/67 47/68 48/69
f 49/70 45/71 46/72
f 51/73 52/74 48/75
f 51/76 49/77 50/78
f 53/79 54/80 55/81
f 57/82 58/83 54/84
f 59/85 60/86 58/87
f 62/88 60/89 59/90
f 63/91 64/92 65/93
f 67/94 68/95 69/96
f 64/97 63/98 70/99
f 72/100 73/101 74/102
f 74/103 66/104 69/105
f 75/106 76/107 77/108
f 78/109 77/110 79/111
f 80/112 79/113 81/114
f 82/115 81/116 83/117
f 83/118 85/119 86/120
f 85/121 87/122 88/123
f 87/124 89/125 90/126
f 89/127 91/128 92/129
f 92/130 91/131 93/132
f 93/133 95/134 96/135
f 95/136 97/137 98/138
f 100/139 101/140 102/141
f 97/142 103/143 104/144
f 105/145 106/146 100/147
f 103/148 107/149 108/150
f 110/151 106/152 105/153
f 107/154 111/155 112/156
f 114/157 110/158 109/159
f 111/160 115/161 116/162
f 115/163 117/164 118/165
f 114/166 113/167 119/168
f 117/169 121/170 122/171
f 123/172 124/173 120/174
f 122/175 121/176 124/177
f 125/178 126/179 127/180
f 129/181 130/182 126/183
f 131/184 132/185 130/186
f 134/187 135/188 136/189
f 137/190 138/191 132/192
f 140/193 138/194 137/195
f 142/196 143/197 144/198
f 146/199 142/200 141/201
f 147/202 148/203 146/204
f 149/205 150/206 148/207
f 152/208 153/209 154/210
f 156/211 157/212 158/213
f 160/214 161/215 162/216
f 163/217 164/218 150/219
f 158/220 157/221 165/222
f 167/223 168/224 164/225
f 166/226 165/227 169/228
f 160/229 159/230 172/231
f 173/232 174/233 168/234
f 170/235 169/236 175/237
f 177/238 178/239 176/240
f 180/241 171/242 181/243
f 182/244 183/245 174/246
f 184/247 185/248 153/249
f 154/250 153/251 186/252
f 188/253 189/254 183/255
f 184/256 180/257 179/258
f 191/259 192/260 189/261
f 178/262 177/263 193/264
f 194/265 193/266 192/267
f 185/268 184/269 190/270
f 197/271 198/272 199/273
f 201/274 197/275 196/276
f 198/277 202/278 203/279
f 202/280 204/281 205/282
f 205/283 204/284 206/285
f 201/286 200/287 209/288
f 210/289 211/290 212/291
f 206/292 213/293 214/294
f 216/295 217/296 218/297
f 210/298 219/299 220/300
f 222/301 223/302 224/303
f 213/304 225/305 226/306
f 216/307 227/308 228/309
f 230/310 218/311 217/312
f 226/313 225/314 231/315
f 234/316 230/317 229/318
f 232/319 231/320 235/321
f 236/322 235/323 237/324
f 238/325 237/326 239/327
f 240/328 239/329 241/330
f 242/331 241/332 243/333
f 222/334 245/335 246/336
f 243/337 247/338 248/339
f 247/340 249/341 250/342
f 223/343 251/344 252/345
f 253/346 254/347 252/348
f 249/349 255/350 256/351
f 251/352 257/353 258/354
f 255/355 259/356 260/357
f 261/358 262/359 257/360
f 259/361 264/362 265/363
f 267/364 268/365 264/366
f 269/367 270/368 271/369
f 227/370 273/371 274/372
f 276/373 277/374 278/375
f 280/376 276/377 275/378
f 282/379 280/380 279/381
f 284/382 282/383 281/384
f 286/385 284/386 283/387
f 288/388 286/389 285/390
f 289/391 290/392 288/393
f 292/394 272/395 271/396
f 276/397 293/398 294/399
f 296/400 297/401 298/402
f 299/403 300/404 301/405
f 304/406 305/407 306/408
f 308/409 306/410 305/411
f 276/412 280/413 309/414
f 280/415 282/416 310/417
f 282/418 284/419 311/420
f 312/421 313/422 314/423
f 313/424 312/425 316/426
f 316/427 318/428 319/429
f 320/430 321/431 317/432
f 284/433 322/434 323/435
f 320/436 324/437 325/438
f 321/439 325/440 326/441
f 323/442 322/443 328/444
f 329/445 328/446 330/447
f 332/448 333/449 334/450
f 335/451 336/452 337/453
f 338/454 337/455 339/456
f 342/457 336/458 335/459
f 343/460 344/461 340/462
f 346/463 342/464 341/465
f 347/466 348/467 346/468
f 349/469 350/470 348/471
f 351/472 297/473 296/474
f 307/475 305/476 304/477
f 353/478 354/479 350/480
f 356/481 354/482 353/483
f 308/484 307/485 358/486
f 360/487 357/488 358/489
f 362/490 356/491 355/492
f 363/493 364/494 362/495
f 365/496 366/497 364/498
f 368/499 366/500 365/501
f 370/502 368/503 367/504
f 370/505 369/506 371/507
f 372/508 371/509 373/510
f 374/511 373/512 375/513
f 375/514 377/515 378/516
f 378/517 377/518 379/519
f 382/520 380/521 383/522
f 384/523 385/524 386/525
f 387/526 388/527 389/528
f 390/529 391/530 392/531
f 393/532 394/533 395/534
f 396/535 397/536 398/537
f 399/538 400/539 390/540
f 401/541 402/542 403/543
f 404/544 405/545 406/546
f 407/547 408/548 409/549
f 410/550 411/551 412/552
f 413/553 414/554 415/555
f 416/556 417/557 418/558
f 419/559 420/560 421/561
f 422/562 423/563 424/564
f 424/565 425/566 422/567
f 426/568 427/569 428/570
f 429/571 430/572 431/573
f 432/574 417/575 433/576
f 434/577 435/578 436/579
f 437/580 438/581 434/582
f 439/583 440/584 441/585
f 442/586 443/587 444/588
f 445/589 446/590 447/591
f 448/592 449/593 450/594
f 451/595 452/596 450/597
f 453/598 454/599 450/600
f 455/601 456/602 450/603
f 456/604 457/605 450/606
f 458/607 459/608 450/609
f 459/610 453/611 450/612
f 452/613 448/614 450/615
f 460/616 455/617 450/618
f 461/619 460/620 450/621
f 454/622 451/623 450/624
f 462/625 461/626 450/627
f 463/628 462/629 450/630
f 464/631 463/632 450/633
f 449/634 464/635 450/636
f 465/637 466/638 467/639
f 466/640 468/641 467/642
f 469/643 470/644 467/645
f 470/646 471/647 467/648
f 471/649 472/650 467/651
f 473/652 474/653 467/654
f 472/655 475/656 467/657
f 476/658 473/659 467/660
f 475/661 477/662 467/663
f 478/664 476/665 467/666
f 477/667 479/668 467/669
f 468/670 478/671 467/672
f 479/673 480/674 467/675
f 480/676 481/677 467/678
f 481/679 482/680 467/681
f 482/682 483/683 467/684
f 483/685 465/686 467/687
f 484/688 485/689 486/690
f 488/691 486/692 485/693
f 491/694 492/695 493/696
f 494/697 495/698 496/699
f 497/700 498/701 499/702
f 500/703 499/704 501/705
f 501/706 503/707 504/708
f 503/709 505/710 506/711
f 505/712 507/713 508/714
f 507/715 509/716 510/717
f 509/718 511/719 512/720
f 499/721 498/722 513/723
f 501/724 499/725 514/726
f 503/727 501/728 515/729
f 505/730 503/731 516/732
f 507/733 505/734 517/735
f 509/736 507/737 518/738
f 511/739 509/740 519/741
f 514/742 513/743 521/744
f 515/745 514/746 522/747
f 516/748 515/749 523/750
f 517/751 516/752 524/753
f 518/754 517/755 525/756
f 519/757 518/758 526/759
f 520/760 519/761 527/762
f 522/763 521/764 529/765
f 523/766 522/767 530/768
f 524/769 523/770 531/771
f 525/772 524/773 532/774
f 526/775 525/776 533/777
f 527/778 526/779 534/780
f 528/781 527/782 535/783
f 530/784 529/785 537/786
f 531/787 530/788 538/789
f 532/790 531/791 539/792
f 533/793 532/794 540/795
f 534/796 533/797 541/798
f 535/799 534/800 542/801
f 535/802 543/803 544/804
f 538/805 537/806 545/807
f 539/808 538/809 546/810
f 540/811 539/812 547/813
f 541/814 540/815 548/816
f 542/817 541/818 549/819
f 543/820 542/821 550/822
f 544/823 543/824 551/825
f 545/826 553/827 554/828
f 546/829 554/830 555/831
f 547/832 555/833 556/834
f 548/835 556/836 557/837
f 549/838 557/839 558/840
f 550/841 558/842 559/843
f 551/844 559/845 560/846
f 553/847 561/848 562/849
f 554/850 562/851 563/852
f 555/853 563/854 564/855
f 556/856 564/857 565/858
f 557/859 565/860 566/861
f 558/862 566/863 567/864
f 559/865 567/866 568/867
f 561/868 569/869 570/870
f 562/871 570/872 571/873
f 563/874 571/875 572/876
f 564/877 572/878 573/879
f 565/880 573/881 574/882
f 566/883 574/884 575/885
f 569/886 576/887 577/888
f 570/889 577/890 578/891
f 571/892 578/893 579/894
f 572/895 579/896 580/897
f 573/898 580/899 581/900
f 574/901 581/902 582/903
f 577/904 576/905 583/906
f 578/907 577/908 584/909
f 579/910 578/911 585/912
f 580/913 579/914 586/915
f 581/916 580/917 587/918
f 582/919 581/920 588/921
f 584/922 583/923 590/924
f 585/925 584/926 591/927
f 586/928 585/929 592/930
f 587/931 586/932 593/933
f 588/934 587/935 594/936
f 589/937 588/938 595/939
f 591/940 590/941 597/942
f 592/943 591/944 598/945
f 593/946 592/947 599/948
f 593/949 600/950 601/951
f 598/952 597/953 602/954
f 599/955 598/956 603/957
f 599/958 604/959 605/960
f 600/961 605/962 606/963
f 603/964 602/965 607/966
f 604/967 603/968 608/969
f 604/970 609/971 610/972
f 605/973 610/974 611/975
f 613/976 614/977 615/978
f 616/979 612/980 615/981
f 618/982 616/983 617/984
f 620/985 618/986 619/987
f 622/988 620/989 621/990
f 624/991 622/992 623/993
f 626/994 624/995 625/996
f 628/997 626/998 627/999
f 630/1000 628/1001 629/1002
f 632/1003 630/1004 631/1005
f 634/1006 632/1007 633/1008
f 636/1009 634/1010 635/1011
f 636/1012 637/1013 639/1014
f 615/1015 614/1016 640/1017
f 617/1018 615/1019 641/1020
f 619/1021 617/1022 642/1023
f 621/1024 619/1025 643/1026
f 623/1027 621/1028 644/1029
f 625/1030 623/1031 645/1032
f 627/1033 625/1034 646/1035
f 629/1036 627/1037 647/1038
f 631/1039 629/1040 648/1041
f 631/1042 649/1043 650/1044
f 635/1045 633/1046 650/1047
f 635/1048 651/1049 652/1050
f 637/1051 652/1052 653/1053
f 640/1054 654/1055 655/1056
f 642/1057 641/1058 655/1059
f 643/1060 642/1061 656/1062
f 644/1063 643/1064 657/1065
f 645/1066 644/1067 658/1068
f 646/1069 645/1070 659/1071
f 647/1072 646/1073 660/1074
f 648/1075 647/1076 661/1077
f 649/1078 648/1079 662/1080
f 649/1081 663/1082 664/1083
f 651/1084 650/1085 664/1086
f 651/1087 665/1088 666/1089
f 652/1090 666/1091 667/1092
f 668/1093 669/1094 654/1095
f 654/1096 670/1097 671/1098
f 656/1099 655/1100 671/1101
f 657/1102 656/1103 672/1104
f 658/1105 657/1106 673/1107
f 659/1108 658/1109 674/1110
f 660/1111 659/1112 675/1113
f 661/1114 660/1115 676/1116
f 662/1117 661/1118 677/1119
f 663/1120 662/1121 678/1122
f 663/1123 679/1124 680/1125
f 665/1126 664/1127 680/1128
f 665/1129 681/1130 682/1131
f 683/1132 684/1133 685/1134
f 669/1135 685/1136 670/1137
f 670/1138 686/1139 687/1140
f 671/1141 687/1142 688/1143
f 673/1144 672/1145 688/1146
f 674/1147 673/1148 689/1149
f 675/1150 674/1151 690/1152
f 676/1153 675/1154 691/1155
f 677/1156 676/1157 692/1158
f 678/1159 677/1160 693/1161
f 679/1162 678/1163 694/1164
f 680/1165 679/1166 695/1167
f 697/1168 698/1169 699/1170
f 684/1171 699/1172 700/1173
f 685/1174 700/1175 686/1176
f 686/1177 701/1178 702/1179
f 687/1180 702/1181 703/1182
f 688/1183 703/1184 704/1185
f 689/1186 704/1187 705/1188
f 690/1189 705/1190 706/1191
f 691/1192 706/1193 707/1194
f 692/1195 707/1196 708/1197
f 694/1198 693/1199 708/1200
f 694/1201 709/1202 710/1203
f 699/1204 711/1205 712/1206
f 700/1207 712/1208 701/1209
f 520/1210 713/1211 714/1212
f 528/1213 715/1214 713/1215
f 536/1216 716/1217 715/1218
f 544/1219 717/1220 716/1221
f 552/1222 718/1223 717/1224
f 560/1225 719/1226 718/1227
f 560/1228 568/1229 720/1230
f 713/1231 721/1232 722/1233
f 715/1234 723/1235 721/1236
f 716/1237 724/1238 723/1239
f 717/1240 725/1241 724/1242
f 718/1243 726/1244 725/1245
f 719/1246 727/1247 726/1248
f 720/1249 728/1250 727/1251
f 729/1252 730/1253 731/1254
f 733/1255 734/1256 731/1257
f 735/1258 736/1259 734/1260
f 737/1261 738/1262 736/1263
f 739/1264 740/1265 738/1266
f 741/1267 742/1268 740/1269
f 743/1270 744/1271 742/1272
f 745/1273 746/1274 744/1275
f 747/1276 748/1277 746/1278
f 747/1279 749/1280 750/1281
f 751/1282 752/1283 750/1284
f 751/1285 753/1286 754/1287
f 755/1288 756/1289 754/1290
f 755/1291 757/1292 758/1293
f 759/1294 760/1295 758/1296
f 759/1297 761/1298 762/1299
f 763/1300 764/1301 762/1302
f 763/1303 765/1304 766/1305
f 767/1306 768/1307 766/1308
f 767/1309 769/1310 770/1311
f 771/1312 772/1313 770/1314
f 771/1315 773/1316 774/1317
f 775/1318 776/1319 774/1320
f 775/1321 729/1322 732/1323
f 721/1324 777/1325 778/1326
f 723/1327 779/1328 777/1329
f 724/1330 780/1331 779/1332
f 725/1333 781/1334 780/1335
f 726/1336 782/1337 781/1338
f 727/1339 783/1340 782/1341
f 728/1342 784/1343 783/1344
f 777/1345 785/1346 786/1347
f 779/1348 787/1349 785/1350
f 780/1351 788/1352 787/1353
f 781/1354 789/1355 788/1356
f 782/1357 790/1358 789/1359
f 783/1360 791/1361 790/1362
f 784/1363 792/1364 791/1365
f 786/1366 785/1367 793/1368
f 785/1369 787/1370 795/1371
f 787/1372 788/1373 796/1374
f 789/1375 797/1376 796/1377
f 790/1378 798/1379 797/1380
f 790/1381 791/1382 799/1383
f 791/1384 792/1385 800/1386
f 794/1387 793/1388 801/1389
f 793/1390 795/1391 803/1392
f 795/1393 796/1394 804/1395
f 796/1396 797/1397 805/1398
f 797/1399 798/1400 806/1401
f 798/1402 799/1403 807/1404
f 799/1405 800/1406 808/1407
f 802/1408 801/1409 809/1410
f 801/1411 803/1412 811/1413
f 803/1414 804/1415 812/1416
f 804/1417 805/1418 813/1419
f 805/1420 806/1421 814/1422
f 806/1423 807/1424 815/1425
f 807/1426 808/1427 816/1428
f 698/1429 711/1430 699/1431
f 817/1432 818/1433 712/1434
f 818/1435 817/1436 819/1437
f 819/1438 821/1439 822/1440
f 821/1441 823/1442 824/1443
f 701/1444 712/1445 818/1446
f 701/1447 818/1448 820/1449
f 702/1450 820/1451 822/1452
f 822/1453 824/1454 704/1455
f 823/1456 825/1457 826/1458
f 824/1459 826/1460 705/1461
f 825/1462 827/1463 828/1464
f 826/1465 828/1466 706/1467
f 827/1468 829/1469 830/1470
f 828/1471 830/1472 707/1473
f 829/1474 831/1475 832/1476
f 830/1477 832/1478 708/1479
f 831/1480 833/1481 709/1482
f 708/1483 832/1484 709/1485
f 595/1486 697/1487 683/1488
f 595/1489 683/1490 596/1491
f 596/1492 683/1493 668/1494
f 614/1495 668/1496 640/1497
f 683/1498 697/1499 684/1500
f 668/1501 683/1502 669/1503
f 583/1504 576/1505 834/1506
f 590/1507 583/1508 835/1509
f 590/1510 836/1511 837/1512
f 602/1513 597/1514 837/1515
f 607/1516 602/1517 838/1518
f 834/1519 840/1520 841/1521
f 836/1522 835/1523 841/1524
f 837/1525 836/1526 842/1527
f 837/1528 843/1529 844/1530
f 838/1531 844/1532 845/1533
f 841/1534 840/1535 846/1536
f 842/1537 841/1538 847/1539
f 843/1540 842/1541 848/1542
f 843/1543 849/1544 850/1545
f 844/1546 850/1547 851/1548
f 847/1549 846/1550 852/1551
f 848/1552 847/1553 853/1554
f 849/1555 848/1556 854/1557
f 849/1558 855/1559 856/1560
f 850/1561 856/1562 857/1563
f 853/1564 852/1565 858/1566
f 854/1567 853/1568 859/1569
f 855/1570 854/1571 860/1572
f 855/1573 861/1574 862/1575
f 856/1576 862/1577 863/1578
f 852/1579 846/1580 864/1581
f 852/1582 865/1583 866/1584
f 840/1585 864/1586 846/1587
f 859/1588 858/1589 867/1590
f 859/1591 868/1592 869/1593
f 860/1594 869/1595 870/1596
f 861/1597 870/1598 871/1599
f 862/1600 871/1601 872/1602
f 858/1603 866/1604 873/1605
f 868/1606 867/1607 874/1608
f 868/1609 875/1610 876/1611
f 869/1612 876/1613 877/1614
f 870/1615 877/1616 878/1617
f 871/1618 878/1619 879/1620
f 867/1621 873/1622 880/1623
f 810/1624 809/1625 881/1626
f 809/1627 811/1628 883/1629
f 811/1630 812/1631 884/1632
f 812/1633 813/1634 885/1635
f 813/1636 814/1637 886/1638
f 815/1639 887/1640 886/1641
f 815/1642 816/1643 888/1644
f 882/1645 881/1646 889/1647
f 881/1648 883/1649 891/1650
f 883/1651 884/1652 892/1653
f 884/1654 885/1655 893/1656
f 885/1657 886/1658 894/1659
f 886/1660 887/1661 895/1662
f 887/1663 888/1664 896/1665
f 898/1666 899/1667 900/1668
f 900/1669 901/1670 902/1671
f 903/1672 904/1673 905/1674
f 905/1675 907/1676 908/1677
f 908/1678 907/1679 909/1680
f 909/1681 911/1682 912/1683
f 912/1684 911/1685 913/1686
f 913/1687 915/1688 916/1689
f 915/1690 917/1691 918/1692
f 917/1693 919/1694 920/1695
f 919/1696 921/1697 922/1698
f 921/1699 923/1700 924/1701
f 923/1702 925/1703 926/1704
f 925/1705 927/1706 928/1707
f 927/1708 929/1709 930/1710
f 930/1711 929/1712 899/1713
f 932/1714 933/1715 934/1716
f 934/1717 933/1718 935/1719
f 936/1720 935/1721 937/1722
f 938/1723 937/1724 939/1725
f 940/1726 939/1727 941/1728
f 942/1729 941/1730 943/1731
f 944/1732 943/1733 945/1734
f 946/1735 945/1736 947/1737
f 948/1738 947/1739 949/1740
f 950/1741 949/1742 951/1743
f 952/1744 951/1745 953/1746
f 954/1747 953/1748 955/1749
f 957/1750 958/1751 959/1752
f 961/1753 962/1754 933/1755
f 962/1756 963/1757 935/1758
f 935/1759 963/1760 964/1761
f 964/1762 965/1763 939/1764
f 939/1765 965/1766 966/1767
f 941/1768 966/1769 967/1770
f 943/1771 967/1772 968/1773
f 945/1774 968/1775 969/1776
f 947/1777 969/1778 970/1779
f 949/1780 970/1781 971/1782
f 951/1783 971/1784 972/1785
f 953/1786 972/1787 973/1788
f 973/1789 959/1790 958/1791
f 960/1792 959/1793 974/1794
f 960/1795 975/1796 976/1797
f 978/1798 979/1799 963/1800
f 963/1801 979/1802 980/1803
f 980/1804 981/1805 965/1806
f 965/1807 981/1808 982/1809
f 966/1810 982/1811 983/1812
f 967/1813 983/1814 984/1815
f 968/1816 984/1817 985/1818
f 969/1819 985/1820 986/1821
f 970/1822 986/1823 987/1824
f 971/1825 987/1826 988/1827
f 972/1828 988/1829 989/1830
f 989/1831 974/1832 959/1833
f 975/1834 974/1835 990/1836
f 975/1837 991/1838 992/1839
f 992/1840 993/1841 994/1842
f 995/1843 996/1844 979/1845
f 979/1846 996/1847 997/1848
f 997/1849 998/1850 981/1851
f 981/1852 998/1853 999/1854
f 982/1855 999/1856 1000/1857
f 983/1858 1000/1859 1001/1860
f 984/1861 1001/1862 1002/1863
f 985/1864 1002/1865 1003/1866
f 986/1867 1003/1868 1004/1869
f 987/1870 1004/1871 1005/1872
f 988/1873 1005/1874 1006/1875
f 1006/1876 990/1877 974/1878
f 991/1879 990/1880 1007/1881
f 991/1882 1008/1883 1009/1884
f 1009/1885 1010/1886 993/1887
f 996/1888 1011/1889 1012/1890
f 1012/1891 1013/1892 998/1893
f 998/1894 1013/1895 1014/1896
f 999/1897 1014/1898 1015/1899
f 1000/1900 1015/1901 1016/1902
f 1001/1903 1016/1904 1017/1905
f 1002/1906 1017/1907 1018/1908
f 1003/1909 1018/1910 1019/1911
f 1004/1912 1019/1913 1020/1914
f 1005/1915 1020/1916 1021/1917
f 1021/1918 1007/1919 990/1920
f 890/1921 889/1922 1022/1923
f 889/1924 891/1925 1024/1926
f 891/1927 892/1928 1025/1929
f 892/1930 893/1931 1026/1932
f 893/1933 894/1934 1027/1935
f 894/1936 895/1937 1028/1938
f 896/1939 1029/1940 1028/1941
f 1023/1942 1022/1943 1030/1944
f 1022/1945 1024/1946 1032/1947
f 1024/1948 1025/1949 1033/1950
f 1025/1951 1026/1952 1034/1953
f 1026/1954 1027/1955 1035/1956
f 1027/1957 1028/1958 1036/1959
f 1029/1960 1037/1961 1036/1962
f 1037/1963 1029/1964 1038/1965
f 1039/1966 1038/1967 1040/1968
f 1040/1969 1041/1970 1042/1971
f 1032/1972 1033/1973 1043/1974
f 1033/1975 1034/1976 1045/1977
f 1034/1978 1035/1979 1046/1980
f 1036/1981 1047/1982 1046/1983
f 1037/1984 1048/1985 1047/1986
f 1039/1987 1049/1988 1048/1989
f 1039/1990 1042/1991 1050/1992
f 874/1993 880/1994 1046/1995
f 875/1996 874/1997 1047/1998
f 875/1999 1048/2000 1049/2001
f 1044/2002 1043/2003 1051/2004
f 1043/2005 1045/2006 1053/2007
f 1054/2008 1055/2009 1056/2010
f 1052/2011 1051/2012 1058/2013
f 1051/2014 1053/2015 1060/2016
f 1054/2017 1062/2018 1063/2019
f 1057/2020 1064/2021 1062/2022
f 1056/2023 1065/2024 1066/2025
f 1057/2026 1066/2027 1067/2028
f 1068/2029 1069/2030 1030/2031
f 1069/2032 1068/2033 1070/2034
f 1068/2035 1044/2036 1052/2037
f 1055/2038 1070/2039 1071/2040
f 1070/2041 1052/2042 1059/2043
f 1056/2044 1071/2045 1072/2046
f 1071/2047 1059/2048 1073/2049
f 1030/2050 1032/2051 1044/2052
f 1031/2053 1030/2054 1069/2055
f 1074/2056 1069/2057 1055/2058
f 1053/2059 1045/2060 1046/2061
f 1060/2062 1053/2063 880/2064
f 1058/2065 1060/2066 1075/2067
f 873/2068 1076/2069 1075/2070
f 866/2071 1077/2072 873/2073
f 1077/2074 1076/2075 873/2076
f 877/2077 1078/2078 1079/2079
f 878/2080 1079/2081 1080/2082
f 1078/2083 1010/2084 1081/2085
f 1079/2086 1081/2087 1011/2088
f 1082/2089 1081/2090 1010/2091
f 1082/2092 1012/2093 1011/2094
f 977/2095 994/2096 1050/2097
f 1083/2098 1078/2099 1049/2100
f 1050/2101 1083/2102 1049/2103
f 1083/2104 1010/2105 1078/2106
f 994/2107 993/2108 1083/2109
f 993/2110 1010/2111 1083/2112
f 876/2113 1049/2114 1078/2115
f 977/2116 976/2117 994/2118
f 1008/2119 1084/2120 1082/2121
f 1007/2122 1085/2123 1084/2124
f 1021/2125 1086/2126 1085/2127
f 1020/2128 1086/2129 1021/2130
f 1019/2131 1086/2132 1020/2133
f 1018/2134 1086/2135 1019/2136
f 1017/2137 1086/2138 1018/2139
f 1016/2140 1086/2141 1017/2142
f 1015/2143 1086/2144 1016/2145
f 1085/2146 1086/2147 1015/2148
f 1084/2149 1085/2150 1014/2151
f 1082/2152 1084/2153 1013/2154
f 995/2155 1080/2156 1011/2157
f 638/2158 639/2159 1087/2160
f 1087/2161 1089/2162 1090/2163
f 1091/2164 1092/2165 1093/2166
f 1090/2167 1089/2168 1094/2169
f 1092/2170 1096/2171 1097/2172
f 1090/2173 1095/2174 1099/2175
f 1098/2176 1099/2177 1096/2178
f 653/2179 667/2180 1100/2181
f 1102/2182 1103/2183 682/2184
f 667/2185 682/2186 1103/2187
f 639/2188 653/2189 1101/2190
f 1089/2191 1104/2192 1105/2193
f 1087/2194 1101/2195 1104/2196
f 1105/2197 1104/2198 1106/2199
f 1101/2200 1100/2201 1106/2202
f 1100/2203 1103/2204 1107/2205
f 1108/2206 1107/2207 1103/2208
f 1102/2209 1109/2210 1108/2211
f 696/2212 1102/2213 681/2214
f 1110/2215 1109/2216 1102/2217
f 606/2218 611/2219 1111/2220
f 697/2221 595/2222 594/2223
f 710/2224 709/2225 833/2226
f 1111/2227 1113/2228 1114/2229
f 1113/2230 695/2231 710/2232
f 819/2233 1115/2234 1116/2235
f 1115/2236 817/2237 711/2238
f 698/2239 1115/2240 711/2241
f 1115/2242 819/2243 817/2244
f 821/2245 1116/2246 823/2247
f 827/2248 1117/2249 1118/2250
f 1117/2251 1119/2252 1112/2253
f 1116/2254 1119/2255 1117/2256
f 833/2257 1114/2258 710/2259
f 831/2260 1114/2261 833/2262
f 1118/2263 1112/2264 1114/2265
f 1118/2266 1114/2267 831/2268
f 594/2269 601/2270 698/2271
f 606/2272 1112/2273 1119/2274
f 698/2275 1120/2276 1115/2277
f 1116/2278 1115/2279 1120/2280
f 601/2281 1119/2282 1120/2283
f 601/2284 1120/2285 698/2286
f 696/2287 695/2288 1113/2289
f 666/2290 682/2291 667/2292
f 1117/2293 825/2294 823/2295
f 1117/2296 827/2297 825/2298
f 1091/2299 932/2300 931/2301
f 1121/2302 1122/2303 1123/2304
f 1125/2305 1126/2306 1124/2307
f 1127/2308 1128/2309 1123/2310
f 1129/2311 1130/2312 1124/2313
f 1128/2314 1125/2315 1123/2316
f 1126/2317 1129/2318 1124/2319
f 1131/2320 1132/2321 1133/2322
f 1133/2323 1135/2324 1136/2325
f 1135/2326 1137/2327 1138/2328
f 1139/2329 1140/2330 1141/2331
f 1142/2332 1143/2333 1133/2334
f 1144/2335 1121/2336 1143/2337
f 1145/2338 1144/2339 1142/2340
f 1143/2341 1146/2342 1135/2343
f 1143/2344 1121/2345 1124/2346
f 1146/2347 1147/2348 1137/2349
f 1124/2350 1130/2351 1147/2352
f 1141/2353 1148/2354 1145/2355
f 977/2356 1042/2357 957/2358
f 958/2359 1149/2360 955/2361
f 957/2362 1042/2363 1041/2364
f 957/2365 1150/2366 1149/2367
f 1152/2368 1153/2369 1154/2370
f 1156/2371 1154/2372 1153/2373
f 1122/2374 1156/2375 1155/2376
f 1158/2377 1123/2378 1122/2379
f 1159/2380 1127/2381 1123/2382
f 1160/2383 1161/2384 956/2385
f 1162/2386 1163/2387 1134/2388
f 575/2389 582/2390 1163/2391
f 1134/2392 1163/2393 1164/2394
f 1163/2395 582/2396 589/2397
f 1131/2398 1164/2399 1165/2400
f 1164/2401 589/2402 596/2403
f 613/2404 1167/2405 1168/2406
f 1167/2407 1148/2408 1141/2409
f 1168/2410 1169/2411 668/2412
f 1141/2413 1140/2414 1169/2415
f 668/2416 1169/2417 1165/2418
f 1169/2419 1140/2420 1166/2421
f 1170/2422 1171/2423 784/2424
f 1130/2425 1129/2426 1171/2427
f 784/2428 1171/2429 1172/2430
f 1171/2431 1129/2432 1126/2433
f 792/2434 1172/2435 1173/2436
f 1172/2437 1126/2438 1125/2439
f 800/2440 1173/2441 1174/2442
f 1173/2443 1125/2444 1128/2445
f 808/2446 1174/2447 1175/2448
f 1174/2449 1128/2450 1127/2451
f 568/2452 1176/2453 1177/2454
f 1176/2455 1137/2456 1147/2457
f 1162/2458 1178/2459 567/2460
f 1136/2461 1138/2462 1178/2463
f 720/2464 1177/2465 1170/2466
f 1177/2467 1147/2468 1130/2469
f 1178/2470 1176/2471 568/2472
f 1178/2473 1138/2474 1137/2475
f 1175/2476 1179/2477 888/2478
f 1127/2479 1159/2480 1179/2481
f 1180/2482 1181/2483 1153/2484
f 1150/2485 1041/2486 1181/2487
f 1182/2488 1181/2489 1041/2490
f 1182/2491 1155/2492 1153/2493
f 1183/2494 1182/2495 1040/2496
f 1183/2497 1157/2498 1155/2499
f 1029/2500 1184/2501 1183/2502
f 1158/2503 1157/2504 1183/2505
f 896/2506 1185/2507 1184/2508
f 1185/2509 1159/2510 1158/2511
f 1149/2512 1186/2513 955/2514
f 1186/2515 1160/2516 955/2517
f 1159/2518 1185/2519 1179/2520
f 1151/2521 1187/2522 1188/2523
f 1161/2524 1160/2525 1188/2526
f 1189/2527 1186/2528 1149/2529
f 1152/2530 1188/2531 1189/2532
f 1160/2533 1186/2534 1189/2535
f 1150/2536 1180/2537 1189/2538
f 888/2539 1179/2540 1185/2541
f 1139/2542 1142/2543 1132/2544
f 1166/2545 1132/2546 1131/2547
f 1139/2548 1132/2549 1166/2550
f 545/2551 1190/2552 1191/2553
f 553/2554 1191/2555 1192/2556
f 561/2557 1192/2558 1193/2559
f 569/2560 1193/2561 1194/2562
f 576/2563 1194/2564 1195/2565
f 840/2566 834/2567 1195/2568
f 865/2569 864/2570 1197/2571
f 866/2572 865/2573 1198/2574
f 864/2575 840/2576 1196/2577
f 1073/2578 1059/2579 1200/2580
f 1202/2581 1203/2582 1204/2583
f 1206/2584 1073/2585 1201/2586
f 1203/2587 1206/2588 1207/2589
f 1208/2590 1202/2591 1205/2592
f 1075/2593 1076/2594 1210/2595
f 1058/2596 1075/2597 1211/2598
f 1076/2599 1077/2600 1213/2601
f 1077/2602 866/2603 1199/2604
f 1192/2605 1191/2606 1214/2607
f 1193/2608 1192/2609 1215/2610
f 1193/2611 1216/2612 1217/2613
f 1195/2614 1194/2615 1217/2616
f 1195/2617 1218/2618 1219/2619
f 1197/2620 1220/2621 1221/2622
f 1199/2623 1198/2624 1221/2625
f 1196/2626 1219/2627 1220/2628
f 1210/2629 1223/2630 1224/2631
f 1213/2632 1225/2633 1223/2634
f 1199/2635 1222/2636 1225/2637
f 1215/2638 1214/2639 1226/2640
f 1215/2641 1227/2642 1228/2643
f 1216/2644 1228/2645 1229/2646
f 1218/2647 1217/2648 1229/2649
f 1219/2650 1218/2651 1230/2652
f 1221/2653 1220/2654 1232/2655
f 1221/2656 1233/2657 1234/2658
f 1220/2659 1219/2660 1231/2661
f 1224/2662 1223/2663 1235/2664
f 1225/2665 1236/2666 1235/2667
f 1222/2668 1234/2669 1236/2670
f 1230/2671 1237/2672 1238/2673
f 1232/2674 1231/2675 1238/2676
f 1237/2677 1240/2678 1241/2679
f 1240/2680 1242/2681 1243/2682
f 1229/2683 1244/2684 1237/2685
f 1244/2686 1245/2687 1240/2688
f 1240/2689 1245/2690 1246/2691
f 1245/2692 1247/2693 1248/2694
f 1228/2695 1247/2696 1244/2697
f 1244/2698 1247/2699 1245/2700
f 1227/2701 1247/2702 1228/2703
f 1227/2704 1248/2705 1247/2706
f 1241/2707 1243/2708 1249/2709
f 1238/2710 1241/2711 1250/2712
f 1235/2713 1236/2714 1251/2715
f 1252/2716 1251/2717 1253/2718
f 1234/2719 1254/2720 1251/2721
f 1254/2722 1255/2723 1253/2724
f 1233/2725 1256/2726 1254/2727
f 1256/2728 1257/2729 1255/2730
f 1256/2731 1239/2732 1250/2733
f 1257/2734 1250/2735 1249/2736
f 1239/2737 1256/2738 1233/2739
f 1235/2740 1252/2741 1258/2742
f 500/2743 1259/2744 1260/2745
f 500/2746 502/2747 1261/2748
f 502/2749 504/2750 1262/2751
f 1263/2752 498/2753 497/2754
f 1263/2755 1264/2756 513/2757
f 1263/2758 1265/2759 1266/2760
f 513/2761 1264/2762 1267/2763
f 1264/2764 1266/2765 1268/2766
f 521/2767 1267/2768 1269/2769
f 1267/2770 1268/2771 1270/2772
f 529/2773 1269/2774 1271/2775
f 1269/2776 1270/2777 1272/2778
f 497/2779 1260/2780 1265/2781
f 1190/2782 545/2783 537/2784
f 1273/2785 1190/2786 1271/2787
f 1214/2788 1273/2789 1226/2790
f 1190/2791 1273/2792 1214/2793
f 1274/2794 1097/2795 1096/2796
f 1276/2797 1093/2798 1097/2799
f 932/2800 1093/2801 1276/2802
f 1106/2803 1107/2804 1278/2805
f 1279/2806 1094/2807 1105/2808
f 1277/2809 1280/2810 1105/2811
f 1281/2812 1095/2813 1094/2814
f 1282/2815 1099/2816 1095/2817
f 1275/2818 1096/2819 1099/2820
f 1107/2821 1108/2822 1283/2823
f 1283/2824 1108/2825 1109/2826
f 1284/2827 1274/2828 1275/2829
f 1286/2830 1276/2831 1274/2832
f 1287/2833 961/2834 1276/2835
f 1277/2836 1278/2837 1289/2838
f 1290/2839 1279/2840 1280/2841
f 1288/2842 1291/2843 1280/2844
f 1292/2845 1281/2846 1279/2847
f 1293/2848 1282/2849 1281/2850
f 1294/2851 1275/2852 1282/2853
f 1285/2854 1275/2855 1294/2856
f 1278/2857 1283/2858 1295/2859
f 1296/2860 1297/2861 851/2862
f 1296/2863 1284/2864 1285/2865
f 1298/2866 1296/2867 857/2868
f 1298/2869 1286/2870 1284/2871
f 872/2872 1299/2873 1298/2874
f 1299/2875 1287/2876 1286/2877
f 1300/2878 1301/2879 610/2880
f 1288/2881 1289/2882 1301/2883
f 1302/2884 1300/2885 609/2886
f 1290/2887 1291/2888 1300/2889
f 1288/2890 1300/2891 1291/2892
f 1303/2893 1302/2894 608/2895
f 1303/2896 1292/2897 1290/2898
f 839/2899 1304/2900 1303/2901
f 1304/2902 1293/2903 1292/2904
f 845/2905 1305/2906 1304/2907
f 1305/2908 1294/2909 1293/2910
f 851/2911 1297/2912 1305/2913
f 1297/2914 1285/2915 1294/2916
f 1301/2917 1306/2918 611/2919
f 1289/2920 1295/2921 1306/2922
f 1287/2923 1299/2924 1307/2925
f 872/2926 879/2927 1307/2928
f 961/2929 1287/2930 1308/2931
f 879/2932 1080/2933 995/2934
f 978/2935 1308/2936 1307/2937
f 962/2938 961/2939 1308/2940
f 1110/2941 1113/2942 1111/2943
f 611/2944 1306/2945 1111/2946
f 1109/2947 1110/2948 1295/2949
f 1306/2950 1295/2951 1110/2952
f 1200/2953 1309/2954 1310/2955
f 1205/2956 1204/2957 1311/2958
f 1207/2959 1201/2960 1310/2961
f 1204/2962 1207/2963 1313/2964
f 1205/2965 1312/2966 1209/2967
f 1212/2968 1211/2969 1224/2970
f 1224/2971 1258/2972 1315/2973
f 1309/2974 1316/2975 1317/2976
f 1310/2977 1317/2978 1318/2979
f 1311/2980 1313/2981 1318/2982
f 1062/2983 1319/2984 1320/2985
f 1062/2986 1064/2987 1321/2988
f 1064/2989 1067/2990 1322/2991
f 1067/2992 1208/2993 1209/2994
f 1319/2995 1323/2996 1324/2997
f 1319/2998 1321/2999 1323/3000
f 1063/3001 1320/3002 1325/3003
f 1320/3004 1324/3005 1326/3006
f 1327/3007 1059/3008 1058/3009
f 1212/3010 1327/3011 1058/3012
f 1327/3013 1200/3014 1059/3015
f 1327/3016 1328/3017 1309/3018
f 1212/3019 1314/3020 1328/3021
f 1328/3022 1329/3023 1316/3024
f 1328/3025 1314/3026 1315/3027
f 1065/3028 1330/3029 1331/3030
f 1330/3031 1203/3032 1202/3033
f 1331/3034 1202/3035 1208/3036
f 1206/3037 1332/3038 1073/3039
f 1332/3040 1072/3041 1073/3042
f 1203/3043 1330/3044 1332/3045
f 1330/3046 1065/3047 1072/3048
f 1208/3049 1067/3050 1066/3051
f 1031/3052 1074/3053 1061/3054
f 1074/3055 1054/3056 1061/3057
f 1325/3058 1326/3059 1333/3060
f 1061/3061 1325/3062 1334/3063
f 778/3064 786/3065 1335/3066
f 794/3067 1337/3068 1335/3069
f 802/3070 1338/3071 1337/3072
f 1337/3073 1339/3074 1340/3075
f 1337/3076 1338/3077 1339/3078
f 802/3079 810/3080 1338/3081
f 778/3082 1336/3083 1341/3084
f 1336/3085 1342/3086 1341/3087
f 1336/3088 1335/3089 1340/3090
f 508/3091 1343/3092 1344/3093
f 510/3094 1345/3095 1343/3096
f 512/3097 511/3098 1346/3099
f 510/3100 512/3101 1347/3102
f 722/3103 1341/3104 1348/3105
f 511/3106 714/3107 1348/3108
f 1343/3109 1345/3110 1349/3111
f 1347/3112 1346/3113 1351/3114
f 1345/3115 1347/3116 1352/3117
f 1346/3118 1348/3119 1353/3120
f 1354/3121 1353/3122 1348/3123
f 504/3124 506/3125 1344/3126
f 1344/3127 1343/3128 1350/3129
f 1350/3130 1355/3131 1356/3132
f 1262/3133 1344/3134 1356/3135
f 1352/3136 1351/3137 1357/3138
f 1352/3139 1358/3140 1359/3141
f 1351/3142 1353/3143 1360/3144
f 1349/3145 1359/3146 1355/3147
f 1358/3148 1357/3149 1361/3150
f 1359/3151 1358/3152 1362/3153
f 1357/3154 1360/3155 1364/3156
f 1359/3157 1363/3158 1365/3159
f 1360/3160 1366/3161 1364/3162
f 1353/3163 1354/3164 1366/3165
f 1356/3166 1355/3167 1365/3168
f 1334/3169 1333/3170 1367/3171
f 1368/3172 1367/3173 1369/3174
f 1370/3175 1369/3176 1371/3177
f 1372/3178 1371/3179 1373/3180
f 882/3181 1372/3182 1374/3183
f 890/3184 1370/3185 1372/3186
f 1023/3187 1368/3188 1370/3189
f 1031/3190 1334/3191 1368/3192
f 1371/3193 1375/3194 1376/3195
f 1375/3196 1377/3197 1378/3198
f 1377/3199 1379/3200 1380/3201
f 1381/3202 1382/3203 1379/3204
f 1383/3205 1381/3206 1377/3207
f 1369/3208 1383/3209 1375/3210
f 1384/3211 1385/3212 1382/3213
f 1384/3214 1383/3215 1369/3216
f 1383/3217 1384/3218 1381/3219
f 1385/3220 1384/3221 1367/3222
f 1387/3223 1388/3224 1389/3225
f 1390/3226 1386/3227 1389/3228
f 1392/3229 1390/3230 1391/3231
f 1392/3232 1393/3233 1395/3234
f 1227/3235 1226/3236 1396/3237
f 1398/3238 1399/3239 1400/3240
f 1402/3241 1403/3242 1400/3243
f 1404/3244 1405/3245 1403/3246
f 1398/3247 1401/3248 1388/3249
f 1394/3250 1395/3251 1406/3252
f 1273/3253 1406/3254 1396/3255
f 1407/3256 1408/3257 1405/3258
f 1409/3259 1410/3260 1411/3261
f 1413/3262 1409/3263 1412/3264
f 1410/3265 1415/3266 1416/3267
f 1417/3268 1413/3269 1414/3270
f 1415/3271 1419/3272 1420/3273
f 1419/3274 1421/3275 1422/3276
f 1407/3277 1417/3278 1418/3279
f 1423/3280 1424/3281 1425/3282
f 1424/3283 1427/3284 1428/3285
f 1427/3286 1429/3287 1430/3288
f 1429/3289 1431/3290 1432/3291
f 1428/3292 1430/3293 1433/3294
f 1432/3295 1435/3296 1433/3297
f 1425/3298 1428/3299 1434/3300
f 1426/3301 1425/3302 1436/3303
f 1340/3304 1339/3305 1437/3306
f 1339/3307 1338/3308 1439/3309
f 1338/3310 1440/3311 1441/3312
f 1342/3313 1442/3314 1443/3315
f 1340/3316 1438/3317 1442/3318
f 1445/3319 1446/3320 1447/3321
f 1445/3322 1448/3323 1449/3324
f 1448/3325 1450/3326 1451/3327
f 1450/3328 1227/3329 1397/3330
f 1444/3331 1447/3332 1453/3333
f 1455/3334 1456/3335 1457/3336
f 1458/3337 1459/3338 1456/3339
f 1460/3340 1461/3341 1459/3342
f 1452/3343 1453/3344 1461/3345
f 1454/3346 1457/3347 1463/3348
f 1465/3349 1466/3350 1467/3351
f 1468/3352 1464/3353 1467/3354
f 1462/3355 1463/3356 1471/3357
f 1473/3358 1474/3359 1475/3360
f 1472/3361 1475/3362 1477/3363
f 1465/3364 1476/3365 1477/3366
f 1479/3367 1480/3368 1481/3369
f 1468/3370 1469/3371 1480/3372
f 1482/3373 1483/3374 1484/3375
f 1478/3376 1481/3377 1484/3378
f 1486/3379 1482/3380 1485/3381
f 1488/3382 1470/3383 1471/3384
f 1488/3385 1489/3386 1474/3387
f 1490/3388 1486/3389 1487/3390
f 1493/3391 1494/3392 1495/3393
f 1496/3394 1497/3395 1498/3396
f 1497/3397 1492/3398 1495/3399
f 1490/3400 1491/3401 1494/3402
f 1501/3403 1502/3404 1503/3405
f 1502/3406 1504/3407 1505/3408
f 1504/3409 1506/3410 1507/3411
f 1508/3412 1509/3413 1510/3414
f 1509/3415 1511/3416 1512/3417
f 729/3418 775/3419 1513/3420
f 775/3421 1514/3422 1513/3423
f 1511/3424 1514/3425 775/3426
f 1512/3427 1511/3428 773/3429
f 769/3430 1512/3431 771/3432
f 901/3433 1515/3434 1516/3435
f 1515/3436 1517/3437 1518/3438
f 1520/3439 1517/3440 1515/3441
f 901/3442 1521/3443 1519/3444
f 1522/3445 1521/3446 1523/3447
f 1523/3448 1521/3449 901/3450
f 899/3451 929/3452 1524/3453
f 899/3454 1524/3455 1525/3456
f 899/3457 1525/3458 1526/3459
f 900/3460 899/3461 1527/3462
f 1529/3463 1530/3464 1531/3465
f 1532/3466 1528/3467 1531/3468
f 1534/3469 1532/3470 1533/3471
f 1536/3472 1537/3473 1538/3474
f 1538/3475 1540/3476 1541/3477
f 1540/3478 1542/3479 1543/3480
f 1542/3481 1544/3482 1545/3483
f 1545/3484 1544/3485 1546/3486
f 1547/3487 1549/3488 1550/3489
f 1547/3490 1551/3491 1549/3492
f 1547/3493 1552/3494 1551/3495
f 1547/3496 1546/3497 1552/3498
f 1554/3499 1555/3500 1556/3501
f 1555/3502 1554/3503 1557/3504
f 1555/3505 1558/3506 1559/3507
f 1559/3508 1558/3509 1561/3510
f 1563/3511 1564/3512 1557/3513
f 1562/3514 1557/3515 1554/3516
f 1566/3517 1567/3518 1568/3519
f 1569/3520 1570/3521 1571/3522
f 1572/3523 1573/3524 1574/3525
f 1574/3526 1573/3527 1575/3528
f 1573/3529 1577/3530 1578/3531
f 1580/3532 1581/3533 1582/3534
f 1583/3535 1584/3536 1585/3537
f 1588/3538 1589/3539 1590/3540
f 1588/3541 1583/3542 1586/3543
f 1591/3544 1592/3545 1593/3546
f 1596/3547 1597/3548 1598/3549
f 1595/3550 1598/3551 1593/3552
f 1600/3553 1601/3554 1602/3555
f 1603/3556 1604/3557 1605/3558
f 1603/3559 1606/3560 1601/3561
f 1608/3562 1609/3563 1610/3564
f 1611/3565 1607/3566 1612/3567
f 1614/3568 1611/3569 1613/3570
f 1607/3571 1610/3572 1612/3573
f 1615/3574 1616/3575 1617/3576
f 1618/3577 1619/3578 1620/3579
f 1621/3580 1620/3581 1619/3582
f 1622/3583 1621/3584 1619/3585
f 1624/3586 1625/3587 1626/3588
f 1627/3589 1625/3590 1624/3591
f 1628/3592 1625/3593 1627/3594
f 1629/3595 1630/3596 1625/3597
f 1631/3598 1632/3599 1633/3600
f 1634/3601 1635/3602 1636/3603
f 1636/3604 1635/3605 1637/3606
f 1637/3607 1639/3608 1640/3609
f 1640/3610 1639/3611 1641/3612
f 1643/3613 1644/3614 1645/3615
f 1648/3616 1644/3617 1643/3618
f 1647/3619 1649/3620 1650/3621
f 1651/3622 1652/3623 1650/3624
f 1653/3625 1654/3626 1652/3627
f 1653/3628 1655/3629 1656/3630
f 1/3631 2/3632 4/3633
f 5/3634 3/3635 6/3636
f 7/3637 1/3638 8/3639
f 10/3640 9/3641 6/3642
f 7/3643 8/3644 12/3645
f 14/3646 13/3647 10/3648
f 12/3649 11/3650 16/3651
f 17/3652 13/3653 18/3654
f 16/3655 15/3656 20/3657
f 22/3658 21/3659 18/3660
f 19/3661 23/3662 20/3663
f 26/3664 25/3665 22/3666
f 27/3667 24/3668 28/3669
f 30/3670 29/3671 26/3672
f 27/3673 28/3674 32/3675
f 34/3676 33/3677 30/3678
f 31/3679 35/3680 32/3681
f 37/3682 33/3683 38/3684
f 36/3685 35/3686 40/3687
f 41/3688 37/3689 42/3690
f 39/3691 43/3692 40/3693
f 46/3694 45/3695 42/3696
f 44/3697 43/3698 48/3699
f 50/3700 49/3701 46/3702
f 47/3703 51/3704 48/3705
f 52/3706 51/3707 50/3708
f 56/3709 53/3710 55/3711
f 53/3712 57/3713 54/3714
f 57/3715 59/3716 58/3717
f 61/3718 62/3719 59/3720
f 61/3721 63/3722 65/3723
f 66/3724 67/3725 69/3726
f 71/3727 64/3728 70/3729
f 71/3730 72/3731 74/3732
f 71/3733 74/3734 69/3735
f 78/3736 75/3737 77/3738
f 80/3739 78/3740 79/3741
f 82/3742 80/3743 81/3744
f 84/3745 82/3746 83/3747
f 84/3748 83/3749 86/3750
f 86/3751 85/3752 88/3753
f 88/3754 87/3755 90/3756
f 90/3757 89/3758 92/3759
f 94/3760 92/3761 93/3762
f 94/3763 93/3764 96/3765
f 96/3766 95/3767 98/3768
f 99/3769 100/3770 102/3771
f 98/3772 97/3773 104/3774
f 99/3775 105/3776 100/3777
f 104/3778 103/3779 108/3780
f 109/3781 110/3782 105/3783
f 108/3784 107/3785 112/3786
f 113/3787 114/3788 109/3789
f 112/3790 111/3791 116/3792
f 116/3793 115/3794 118/3795
f 120/3796 114/3797 119/3798
f 118/3799 117/3800 122/3801
f 119/3802 123/3803 120/3804
f 123/3805 122/3806 124/3807
f 128/3808 125/3809 127/3810
f 125/3811 129/3812 126/3813
f 129/3814 131/3815 130/3816
f 133/3817 134/3818 136/3819
f 131/3820 137/3821 132/3822
f 139/3823 140/3824 137/3825
f 141/3826 142/3827 144/3828
f 145/3829 146/3830 141/3831
f 145/3832 147/3833 146/3834
f 147/3835 149/3836 148/3837
f 151/3838 152/3839 154/3840
f 155/3841 156/3842 158/3843
f 159/3844 160/3845 162/3846
f 149/3847 163/3848 150/3849
f 166/3850 158/3851 165/3852
f 163/3853 167/3854 164/3855
f 170/3856 166/3857 169/3858
f 171/3859 160/3860 172/3861
f 167/3862 173/3863 168/3864
f 176/3865 170/3866 175/3867
f 175/3868 177/3869 176/3870
f 179/3871 180/3872 181/3873
f 173/3874 182/3875 174/3876
f 152/3877 184/3878 153/3879
f 187/3880 154/3881 186/3882
f 182/3883 188/3884 183/3885
f 190/3886 184/3887 179/3888
f 188/3889 191/3890 189/3891
f 194/3892 178/3893 193/3894
f 191/3895 194/3896 192/3897
f 195/3898 185/3899 190/3900
f 196/3901 197/3902 199/3903
f 200/3904 201/3905 196/3906
f 199/3907 198/3908 203/3909
f 203/3910 202/3911 205/3912
f 207/3913 205/3914 206/3915
f 208/3916 201/3917 209/3918
f 208/3919 210/3920 212/3921
f 207/3922 206/3923 214/3924
f 215/3925 216/3926 218/3927
f 211/3928 210/3929 220/3930
f 221/3931 222/3932 224/3933
f 214/3934 213/3935 226/3936
f 217/3937 216/3938 228/3939
f 229/3940 230/3941 217/3942
f 232/3943 226/3944 231/3945
f 233/3946 234/3947 229/3948
f 236/3949 232/3950 235/3951
f 238/3952 236/3953 237/3954
f 240/3955 238/3956 239/3957
f 242/3958 240/3959 241/3960
f 244/3961 242/3962 243/3963
f 223/3964 222/3965 246/3966
f 244/3967 243/3968 248/3969
f 248/3970 247/3971 250/3972
f 224/3973 223/3974 252/3975
f 251/3976 253/3977 252/3978
f 250/3979 249/3980 256/3981
f 253/3982 251/3983 258/3984
f 256/3985 255/3986 260/3987
f 263/3988 261/3989 257/3990
f 260/3991 259/3992 265/3993
f 266/3994 267/3995 264/3996
f 272/3997 269/3998 271/3999
f 228/4000 227/4001 274/4002
f 275/4003 276/4004 278/4005
f 279/4006 280/4007 275/4008
f 281/4009 282/4010 279/4011
f 283/4012 284/4013 281/4014
f 285/4015 286/4016 283/4017
f 287/4018 288/4019 285/4020
f 287/4021 289/4022 288/4023
f 291/4024 292/4025 271/4026
f 277/4027 276/4028 294/4029
f 295/4030 296/4031 298/4032
f 302/4033 299/4034 301/4035
f 303/4036 304/4037 306/4038
f 307/4039 308/4040 305/4041
f 293/4042 276/4043 309/4044
f 309/4045 280/4046 310/4047
f 310/4048 282/4049 311/4050
f 315/4051 312/4052 314/4053
f 317/4054 313/4055 316/4056
f 317/4057 316/4058 319/4059
f 319/4060 320/4061 317/4062
f 311/4063 284/4064 323/4065
f 321/4066 320/4067 325/4068
f 327/4069 321/4070 326/4071
f 329/4072 323/4073 328/4074
f 331/4075 329/4076 330/4077
f 326/4078 332/4079 334/4080
f 338/4081 335/4082 337/4083
f 340/4084 338/4085 339/4086
f 341/4087 342/4088 335/4089
f 339/4090 343/4091 340/4092
f 345/4093 346/4094 341/4095
f 345/4096 347/4097 346/4098
f 347/4099 349/4100 348/4101
f 343/4102 351/4103 296/4104
f 352/4105 307/4106 304/4107
f 349/4108 353/4109 350/4110
f 355/4111 356/4112 353/4113
f 357/4114 308/4115 358/4116
f 359/4117 360/4118 358/4119
f 361/4120 362/4121 355/4122
f 361/4123 363/4124 362/4125
f 363/4126 365/4127 364/4128
f 367/4129 368/4130 365/4131
f 369/4132 370/4133 367/4134
f 372/4135 370/4136 371/4137
f 374/4138 372/4139 373/4140
f 376/4141 374/4142 375/4143
f 376/4144 375/4145 378/4146
f 380/4147 378/4148 379/4149
f 381/4150 382/4151 383/4152
f 487/4153 484/4154 486/4155
f 489/4156 488/4157 485/4158
f 490/4159 491/4160 493/4161
f 500/4162 497/4163 499/4164
f 502/4165 500/4166 501/4167
f 502/4168 501/4169 504/4170
f 504/4171 503/4172 506/4173
f 506/4174 505/4175 508/4176
f 508/4177 507/4178 510/4179
f 510/4180 509/4181 512/4182
f 514/4183 499/4184 513/4185
f 515/4186 501/4187 514/4188
f 516/4189 503/4190 515/4191
f 517/4192 505/4193 516/4194
f 518/4195 507/4196 517/4197
f 519/4198 509/4199 518/4200
f 520/4201 511/4202 519/4203
f 522/4204 514/4205 521/4206
f 523/4207 515/4208 522/4209
f 524/4210 516/4211 523/4212
f 525/4213 517/4214 524/4215
f 526/4216 518/4217 525/4218
f 527/4219 519/4220 526/4221
f 528/4222 520/4223 527/4224
f 530/4225 522/4226 529/4227
f 531/4228 523/4229 530/4230
f 532/4231 524/4232 531/4233
f 533/4234 525/4235 532/4236
f 534/4237 526/4238 533/4239
f 535/4240 527/4241 534/4242
f 536/4243 528/4244 535/4245
f 538/4246 530/4247 537/4248
f 539/4249 531/4250 538/4251
f 540/4252 532/4253 539/4254
f 541/4255 533/4256 540/4257
f 542/4258 534/4259 541/4260
f 543/4261 535/4262 542/4263
f 536/4264 535/4265 544/4266
f 546/4267 538/4268 545/4269
f 547/4270 539/4271 546/4272
f 548/4273 540/4274 547/4275
f 549/4276 541/4277 548/4278
f 550/4279 542/4280 549/4281
f 551/4282 543/4283 550/4284
f 552/4285 544/4286 551/4287
f 546/4288 545/4289 554/4290
f 547/4291 546/4292 555/4293
f 548/4294 547/4295 556/4296
f 549/4297 548/4298 557/4299
f 550/4300 549/4301 558/4302
f 551/4303 550/4304 559/4305
f 552/4306 551/4307 560/4308
f 554/4309 553/4310 562/4311
f 555/4312 554/4313 563/4314
f 556/4315 555/4316 564/4317
f 557/4318 556/4319 565/4320
f 558/4321 557/4322 566/4323
f 559/4324 558/4325 567/4326
f 560/4327 559/4328 568/4329
f 562/4330 561/4331 570/4332
f 563/4333 562/4334 571/4335
f 564/4336 563/4337 572/4338
f 565/4339 564/4340 573/4341
f 566/4342 565/4343 574/4344
f 567/4345 566/4346 575/4347
f 570/4348 569/4349 577/4350
f 571/4351 570/4352 578/4353
f 572/4354 571/4355 579/4356
f 573/4357 572/4358 580/4359
f 574/4360 573/4361 581/4362
f 575/4363 574/4364 582/4365
f 584/4366 577/4367 583/4368
f 585/4369 578/4370 584/4371
f 586/4372 579/4373 585/4374
f 587/4375 580/4376 586/4377
f 588/4378 581/4379 587/4380
f 589/4381 582/4382 588/4383
f 591/4384 584/4385 590/4386
f 592/4387 585/4388 591/4389
f 593/4390 586/4391 592/4392
f 594/4393 587/4394 593/4395
f 595/4396 588/4397 594/4398
f 596/4399 589/4400 595/4401
f 598/4402 591/4403 597/4404
f 599/4405 592/4406 598/4407
f 600/4408 593/4409 599/4410
f 594/4411 593/4412 601/4413
f 603/4414 598/4415 602/4416
f 604/4417 599/4418 603/4419
f 600/4420 599/4421 605/4422
f 601/4423 600/4424 606/4425
f 608/4426 603/4427 607/4428
f 609/4429 604/4430 608/4431
f 605/4432 604/4433 610/4434
f 606/4435 605/4436 611/4437
f 612/4438 613/4439 615/4440
f 617/4441 616/4442 615/4443
f 619/4444 618/4445 617/4446
f 621/4447 620/4448 619/4449
f 623/4450 622/4451 621/4452
f 625/4453 624/4454 623/4455
f 627/4456 626/4457 625/4458
f 629/4459 628/4460 627/4461
f 631/4462 630/4463 629/4464
f 633/4465 632/4466 631/4467
f 635/4468 634/4469 633/4470
f 637/4471 636/4472 635/4473
f 638/4474 636/4475 639/4476
f 641/4477 615/4478 640/4479
f 642/4480 617/4481 641/4482
f 643/4483 619/4484 642/4485
f 644/4486 621/4487 643/4488
f 645/4489 623/4490 644/4491
f 646/4492 625/4493 645/4494
f 647/4495 627/4496 646/4497
f 648/4498 629/4499 647/4500
f 649/4501 631/4502 648/4503
f 633/4504 631/4505 650/4506
f 651/4507 635/4508 650/4509
f 637/4510 635/4511 652/4512
f 639/4513 637/4514 653/4515
f 641/4516 640/4517 655/4518
f 656/4519 642/4520 655/4521
f 657/4522 643/4523 656/4524
f 658/4525 644/4526 657/4527
f 659/4528 645/4529 658/4530
f 660/4531 646/4532 659/4533
f 661/4534 647/4535 660/4536
f 662/4537 648/4538 661/4539
f 663/4540 649/4541 662/4542
f 650/4543 649/4544 664/4545
f 665/4546 651/4547 664/4548
f 652/4549 651/4550 666/4551
f 653/4552 652/4553 667/4554
f 640/4555 668/4556 654/4557
f 655/4558 654/4559 671/4560
f 672/4561 656/4562 671/4563
f 673/4564 657/4565 672/4566
f 674/4567 658/4568 673/4569
f 675/4570 659/4571 674/4572
f 676/4573 660/4574 675/4575
f 677/4576 661/4577 676/4578
f 678/4579 662/4580 677/4581
f 679/4582 663/4583 678/4584
f 664/4585 663/4586 680/4587
f 681/4588 665/4589 680/4590
f 666/4591 665/4592 682/4593
f 669/4594 683/4595 685/4596
f 654/4597 669/4598 670/4599
f 671/4600 670/4601 687/4602
f 672/4603 671/4604 688/4605
f 689/4606 673/4607 688/4608
f 690/4609 674/4610 689/4611
f 691/4612 675/4613 690/4614
f 692/4615 676/4616 691/4617
f 693/4618 677/4619 692/4620
f 694/4621 678/4622 693/4623
f 695/4624 679/4625 694/4626
f 696/4627 680/4628 695/4629
f 684/4630 697/4631 699/4632
f 685/4633 684/4634 700/4635
f 670/4636 685/4637 686/4638
f 687/4639 686/4640 702/4641
f 688/4642 687/4643 703/4644
f 689/4645 688/4646 704/4647
f 690/4648 689/4649 705/4650
f 691/4651 690/4652 706/4653
f 692/4654 691/4655 707/4656
f 693/4657 692/4658 708/4659
f 709/4660 694/4661 708/4662
f 695/4663 694/4664 710/4665
f 700/4666 699/4667 712/4668
f 686/4669 700/4670 701/4671
f 511/4672 520/4673 714/4674
f 520/4675 528/4676 713/4677
f 528/4678 536/4679 715/4680
f 536/4681 544/4682 716/4683
f 544/4684 552/4685 717/4686
f 552/4687 560/4688 718/4689
f 719/4690 560/4691 720/4692
f 714/4693 713/4694 722/4695
f 713/4696 715/4697 721/4698
f 715/4699 716/4700 723/4701
f 716/4702 717/4703 724/4704
f 717/4705 718/4706 725/4707
f 718/4708 719/4709 726/4710
f 719/4711 720/4712 727/4713
f 732/4714 729/4715 731/4716
f 730/4717 733/4718 731/4719
f 733/4720 735/4721 734/4722
f 735/4723 737/4724 736/4725
f 737/4726 739/4727 738/4728
f 739/4729 741/4730 740/4731
f 741/4732 743/4733 742/4734
f 743/4735 745/4736 744/4737
f 745/4738 747/4739 746/4740
f 748/4741 747/4742 750/4743
f 749/4744 751/4745 750/4746
f 752/4747 751/4748 754/4749
f 753/4750 755/4751 754/4752
f 756/4753 755/4754 758/4755
f 757/4756 759/4757 758/4758
f 760/4759 759/4760 762/4761
f 761/4762 763/4763 762/4764
f 764/4765 763/4766 766/4767
f 765/4768 767/4769 766/4770
f 768/4771 767/4772 770/4773
f 769/4774 771/4775 770/4776
f 772/4777 771/4778 774/4779
f 773/4780 775/4781 774/4782
f 776/4783 775/4784 732/4785
f 722/4786 721/4787 778/4788
f 721/4789 723/4790 777/4791
f 723/4792 724/4793 779/4794
f 724/4795 725/4796 780/4797
f 725/4798 726/4799 781/4800
f 726/4801 727/4802 782/4803
f 727/4804 728/4805 783/4806
f 778/4807 777/4808 786/4809
f 777/4810 779/4811 785/4812
f 779/4813 780/4814 787/4815
f 780/4816 781/4817 788/4818
f 781/4819 782/4820 789/4821
f 782/4822 783/4823 790/4824
f 783/4825 784/4826 791/4827
f 794/4828 786/4829 793/4830
f 793/4831 785/4832 795/4833
f 795/4834 787/4835 796/4836
f 788/4837 789/4838 796/4839
f 789/4840 790/4841 797/4842
f 798/4843 790/4844 799/4845
f 799/4846 791/4847 800/4848
f 802/4849 794/4850 801/4851
f 801/4852 793/4853 803/4854
f 803/4855 795/4856 804/4857
f 804/4858 796/4859 805/4860
f 805/4861 797/4862 806/4863
f 806/4864 798/4865 807/4866
f 807/4867 799/4868 808/4869
f 810/4870 802/4871 809/4872
f 809/4873 801/4874 811/4875
f 811/4876 803/4877 812/4878
f 812/4879 804/4880 813/4881
f 813/4882 805/4883 814/4884
f 814/4885 806/4886 815/4887
f 815/4888 807/4889 816/4890
f 711/4891 817/4892 712/4893
f 820/4894 818/4895 819/4896
f 820/4897 819/4898 822/4899
f 822/4900 821/4901 824/4902
f 702/4903 701/4904 820/4905
f 703/4906 702/4907 822/4908
f 703/4909 822/4910 704/4911
f 824/4912 823/4913 826/4914
f 704/4915 824/4916 705/4917
f 826/4918 825/4919 828/4920
f 705/4921 826/4922 706/4923
f 828/4924 827/4925 830/4926
f 706/4927 828/4928 707/4929
f 830/4930 829/4931 832/4932
f 707/4933 830/4934 708/4935
f 832/4936 831/4937 709/4938
f 835/4939 583/4940 834/4941
f 836/4942 590/4943 835/4944
f 597/4945 590/4946 837/4947
f 838/4948 602/4949 837/4950
f 839/4951 607/4952 838/4953
f 835/4954 834/4955 841/4956
f 842/4957 836/4958 841/4959
f 843/4960 837/4961 842/4962
f 838/4963 837/4964 844/4965
f 839/4966 838/4967 845/4968
f 847/4969 841/4970 846/4971
f 848/4972 842/4973 847/4974
f 849/4975 843/4976 848/4977
f 844/4978 843/4979 850/4980
f 845/4981 844/4982 851/4983
f 853/4984 847/4985 852/4986
f 854/4987 848/4988 853/4989
f 855/4990 849/4991 854/4992
f 850/4993 849/4994 856/4995
f 851/4996 850/4997 857/4998
f 859/4999 853/5000 858/5001
f 860/5002 854/5003 859/5004
f 861/5005 855/5006 860/5007
f 856/5008 855/5009 862/5010
f 857/5011 856/5012 863/5013
f 865/5014 852/5015 864/5016
f 858/5017 852/5018 866/5019
f 868/5020 859/5021 867/5022
f 860/5023 859/5024 869/5025
f 861/5026 860/5027 870/5028
f 862/5029 861/5030 871/5031
f 863/5032 862/5033 872/5034
f 867/5035 858/5036 873/5037
f 875/5038 868/5039 874/5040
f 869/5041 868/5042 876/5043
f 870/5044 869/5045 877/5046
f 871/5047 870/5048 878/5049
f 872/5050 871/5051 879/5052
f 874/5053 867/5054 880/5055
f 882/5056 810/5057 881/5058
f 881/5059 809/5060 883/5061
f 883/5062 811/5063 884/5064
f 884/5065 812/5066 885/5067
f 885/5068 813/5069 886/5070
f 814/5071 815/5072 886/5073
f 887/5074 815/5075 888/5076
f 890/5077 882/5078 889/5079
f 889/5080 881/5081 891/5082
f 891/5083 883/5084 892/5085
f 892/5086 884/5087 893/5088
f 893/5089 885/5090 894/5091
f 894/5092 886/5093 895/5094
f 895/5095 887/5096 896/5097
f 897/5098 898/5099 900/5100
f 897/5101 900/5102 902/5103
f 906/5104 903/5105 905/5106
f 906/5107 905/5108 908/5109
f 910/5110 908/5111 909/5112
f 910/5113 909/5114 912/5115
f 914/5116 912/5117 913/5118
f 914/5119 913/5120 916/5121
f 916/5122 915/5123 918/5124
f 918/5125 917/5126 920/5127
f 920/5128 919/5129 922/5130
f 922/5131 921/5132 924/5133
f 924/5134 923/5135 926/5136
f 926/5137 925/5138 928/5139
f 928/5140 927/5141 930/5142
f 898/5143 930/5144 899/5145
f 931/5146 932/5147 934/5148
f 936/5149 934/5150 935/5151
f 938/5152 936/5153 937/5154
f 940/5155 938/5156 939/5157
f 942/5158 940/5159 941/5160
f 944/5161 942/5162 943/5163
f 946/5164 944/5165 945/5166
f 948/5167 946/5168 947/5169
f 950/5170 948/5171 949/5172
f 952/5173 950/5174 951/5175
f 954/5176 952/5177 953/5178
f 956/5179 954/5180 955/5181
f 960/5182 957/5183 959/5184
f 932/5185 961/5186 933/5187
f 933/5188 962/5189 935/5190
f 937/5191 935/5192 964/5193
f 937/5194 964/5195 939/5196
f 941/5197 939/5198 966/5199
f 943/5200 941/5201 967/5202
f 945/5203 943/5204 968/5205
f 947/5206 945/5207 969/5208
f 949/5209 947/5210 970/5211
f 951/5212 949/5213 971/5214
f 953/5215 951/5216 972/5217
f 955/5218 953/5219 973/5220
f 955/5221 973/5222 958/5223
f 975/5224 960/5225 974/5226
f 977/5227 960/5228 976/5229
f 962/5230 978/5231 963/5232
f 964/5233 963/5234 980/5235
f 964/5236 980/5237 965/5238
f 966/5239 965/5240 982/5241
f 967/5242 966/5243 983/5244
f 968/5245 967/5246 984/5247
f 969/5248 968/5249 985/5250
f 970/5251 969/5252 986/5253
f 971/5254 970/5255 987/5256
f 972/5257 971/5258 988/5259
f 973/5260 972/5261 989/5262
f 973/5263 989/5264 959/5265
f 991/5266 975/5267 990/5268
f 976/5269 975/5270 992/5271
f 976/5272 992/5273 994/5274
f 978/5275 995/5276 979/5277
f 980/5278 979/5279 997/5280
f 980/5281 997/5282 981/5283
f 982/5284 981/5285 999/5286
f 983/5287 982/5288 1000/5289
f 984/5290 983/5291 1001/5292
f 985/5293 984/5294 1002/5295
f 986/5296 985/5297 1003/5298
f 987/5299 986/5300 1004/5301
f 988/5302 987/5303 1005/5304
f 989/5305 988/5306 1006/5307
f 989/5308 1006/5309 974/5310
f 1008/5311 991/5312 1007/5313
f 992/5314 991/5315 1009/5316
f 992/5317 1009/5318 993/5319
f 997/5320 996/5321 1012/5322
f 997/5323 1012/5324 998/5325
f 999/5326 998/5327 1014/5328
f 1000/5329 999/5330 1015/5331
f 1001/5332 1000/5333 1016/5334
f 1002/5335 1001/5336 1017/5337
f 1003/5338 1002/5339 1018/5340
f 1004/5341 1003/5342 1019/5343
f 1005/5344 1004/5345 1020/5346
f 1006/5347 1005/5348 1021/5349
f 1006/5350 1021/5351 990/5352
f 1023/5353 890/5354 1022/5355
f 1022/5356 889/5357 1024/5358
f 1024/5359 891/5360 1025/5361
f 1025/5362 892/5363 1026/5364
f 1026/5365 893/5366 1027/5367
f 1027/5368 894/5369 1028/5370
f 895/5371 896/5372 1028/5373
f 1031/5374 1023/5375 1030/5376
f 1030/5377 1022/5378 1032/5379
f 1032/5380 1024/5381 1033/5382
f 1033/5383 1025/5384 1034/5385
f 1034/5386 1026/5387 1035/5388
f 1035/5389 1027/5390 1036/5391
f 1028/5392 1029/5393 1036/5394
f 1039/5395 1037/5396 1038/5397
f 1039/5398 1040/5399 1042/5400
f 1044/5401 1032/5402 1043/5403
f 1043/5404 1033/5405 1045/5406
f 1045/5407 1034/5408 1046/5409
f 1035/5410 1036/5411 1046/5412
f 1036/5413 1037/5414 1047/5415
f 1037/5416 1039/5417 1048/5418
f 1049/5419 1039/5420 1050/5421
f 1047/5422 874/5423 1046/5424
f 1048/5425 875/5426 1047/5427
f 876/5428 875/5429 1049/5430
f 1052/5431 1044/5432 1051/5433
f 1051/5434 1043/5435 1053/5436
f 1057/5437 1054/5438 1056/5439
f 1059/5440 1052/5441 1058/5442
f 1058/5443 1051/5444 1060/5445
f 1061/5446 1054/5447 1063/5448
f 1054/5449 1057/5450 1062/5451
f 1057/5452 1056/5453 1066/5454
f 1064/5455 1057/5456 1067/5457
f 1055/5458 1069/5459 1070/5460
f 1070/5461 1068/5462 1052/5463
f 1056/5464 1055/5465 1071/5466
f 1071/5467 1070/5468 1059/5469
f 1065/5470 1056/5471 1072/5472
f 1072/5473 1071/5474 1073/5475
f 1068/5476 1030/5477 1044/5478
f 1074/5479 1031/5480 1069/5481
f 1054/5482 1074/5483 1055/5484
f 880/5485 1053/5486 1046/5487
f 873/5488 1060/5489 880/5490
f 1060/5491 873/5492 1075/5493
f 878/5494 877/5495 1079/5496
f 879/5497 878/5498 1080/5499
f 1079/5500 1078/5501 1081/5502
f 1080/5503 1079/5504 1011/5505
f 1009/5506 1082/5507 1010/5508
f 1081/5509 1082/5510 1011/5511
f 1042/5512 977/5513 1050/5514
f 1050/5515 994/5516 1083/5517
f 877/5518 876/5519 1078/5520
f 1009/5521 1008/5522 1082/5523
f 1008/5524 1007/5525 1084/5526
f 1007/5527 1021/5528 1085/5529
f 1014/5530 1085/5531 1015/5532
f 1013/5533 1084/5534 1014/5535
f 1012/5536 1082/5537 1013/5538
f 996/5539 995/5540 1011/5541
f 1088/5542 638/5543 1087/5544
f 1088/5545 1087/5546 1090/5547
f 932/5548 1091/5549 1093/5550
f 1095/5551 1090/5552 1094/5553
f 1093/5554 1092/5555 1097/5556
f 1098/5557 1090/5558 1099/5559
f 1092/5560 1098/5561 1096/5562
f 1101/5563 653/5564 1100/5565
f 681/5566 1102/5567 682/5568
f 1100/5569 667/5570 1103/5571
f 1087/5572 639/5573 1101/5574
f 1094/5575 1089/5576 1105/5577
f 1089/5578 1087/5579 1104/5580
f 1104/5581 1101/5582 1106/5583
f 1106/5584 1100/5585 1107/5586
f 1102/5587 1108/5588 1103/5589
f 680/5590 696/5591 681/5592
f 696/5593 1110/5594 1102/5595
f 1112/5596 606/5597 1111/5598
f 1112/5599 1111/5600 1114/5601
f 1114/5602 1113/5603 710/5604
f 821/5605 819/5606 1116/5607
f 829/5608 827/5609 1118/5610
f 1118/5611 1117/5612 1112/5613
f 829/5614 1118/5615 831/5616
f 697/5617 594/5618 698/5619
f 601/5620 606/5621 1119/5622
f 1119/5623 1116/5624 1120/5625
f 1110/5626 696/5627 1113/5628
f 1116/5629 1117/5630 823/5631
f 1124/5632 1121/5633 1123/5634
f 1123/5635 1125/5636 1124/5637
f 1134/5638 1131/5639 1133/5640
f 1134/5641 1133/5642 1136/5643
f 1136/5644 1135/5645 1138/5646
f 1132/5647 1142/5648 1133/5649
f 1142/5650 1144/5651 1143/5652
f 1139/5653 1145/5654 1142/5655
f 1133/5656 1143/5657 1135/5658
f 1146/5659 1143/5660 1124/5661
f 1135/5662 1146/5663 1137/5664
f 1146/5665 1124/5666 1147/5667
f 1139/5668 1141/5669 1145/5670
f 960/5671 977/5672 957/5673
f 1150/5674 957/5675 1041/5676
f 958/5677 957/5678 1149/5679
f 1151/5680 1152/5681 1154/5682
f 1155/5683 1156/5684 1153/5685
f 1157/5686 1122/5687 1155/5688
f 1157/5689 1158/5690 1122/5691
f 1158/5692 1159/5693 1123/5694
f 955/5695 1160/5696 956/5697
f 1136/5698 1162/5699 1134/5700
f 1162/5701 575/5702 1163/5703
f 1131/5704 1134/5705 1164/5706
f 1164/5707 1163/5708 589/5709
f 1166/5710 1131/5711 1165/5712
f 1165/5713 1164/5714 596/5715
f 614/5716 613/5717 1168/5718
f 1168/5719 1167/5720 1141/5721
f 614/5722 1168/5723 668/5724
f 1168/5725 1141/5726 1169/5727
f 596/5728 668/5729 1165/5730
f 1165/5731 1169/5732 1166/5733
f 728/5734 1170/5735 784/5736
f 1170/5737 1130/5738 1171/5739
f 792/5740 784/5741 1172/5742
f 1172/5743 1171/5744 1126/5745
f 800/5746 792/5747 1173/5748
f 1173/5749 1172/5750 1125/5751
f 808/5752 800/5753 1174/5754
f 1174/5755 1173/5756 1128/5757
f 816/5758 808/5759 1175/5760
f 1175/5761 1174/5762 1127/5763
f 720/5764 568/5765 1177/5766
f 1177/5767 1176/5768 1147/5769
f 575/5770 1162/5771 567/5772
f 1162/5773 1136/5774 1178/5775
f 728/5776 720/5777 1170/5778
f 1170/5779 1177/5780 1130/5781
f 567/5782 1178/5783 568/5784
f 1176/5785 1178/5786 1137/5787
f 816/5788 1175/5789 888/5790
f 1175/5791 1127/5792 1179/5793
f 1152/5794 1180/5795 1153/5796
f 1180/5797 1150/5798 1181/5799
f 1040/5800 1182/5801 1041/5802
f 1181/5803 1182/5804 1153/5805
f 1038/5806 1183/5807 1040/5808
f 1182/5809 1183/5810 1155/5811
f 1038/5812 1029/5813 1183/5814
f 1184/5815 1158/5816 1183/5817
f 1029/5818 896/5819 1184/5820
f 1184/5821 1185/5822 1158/5823
f 1152/5824 1151/5825 1188/5826
f 1187/5827 1161/5828 1188/5829
f 1180/5830 1152/5831 1189/5832
f 1188/5833 1160/5834 1189/5835
f 1149/5836 1150/5837 1189/5838
f 896/5839 888/5840 1185/5841
f 1140/5842 1139/5843 1166/5844
f 553/5845 545/5846 1191/5847
f 561/5848 553/5849 1192/5850
f 569/5851 561/5852 1193/5853
f 576/5854 569/5855 1194/5856
f 834/5857 576/5858 1195/5859
f 1196/5860 840/5861 1195/5862
f 1198/5863 865/5864 1197/5865
f 1199/5866 866/5867 1198/5868
f 1197/5869 864/5870 1196/5871
f 1201/5872 1073/5873 1200/5874
f 1205/5875 1202/5876 1204/5877
f 1207/5878 1206/5879 1201/5880
f 1204/5881 1203/5882 1207/5883
f 1209/5884 1208/5885 1205/5886
f 1211/5887 1075/5888 1210/5889
f 1212/5890 1058/5891 1211/5892
f 1210/5893 1076/5894 1213/5895
f 1213/5896 1077/5897 1199/5898
f 1215/5899 1192/5900 1214/5901
f 1216/5902 1193/5903 1215/5904
f 1194/5905 1193/5906 1217/5907
f 1218/5908 1195/5909 1217/5910
f 1196/5911 1195/5912 1219/5913
f 1198/5914 1197/5915 1221/5916
f 1222/5917 1199/5918 1221/5919
f 1197/5920 1196/5921 1220/5922
f 1211/5923 1210/5924 1224/5925
f 1210/5926 1213/5927 1223/5928
f 1213/5929 1199/5930 1225/5931
f 1227/5932 1215/5933 1226/5934
f 1216/5935 1215/5936 1228/5937
f 1217/5938 1216/5939 1229/5940
f 1230/5941 1218/5942 1229/5943
f 1231/5944 1219/5945 1230/5946
f 1233/5947 1221/5948 1232/5949
f 1222/5950 1221/5951 1234/5952
f 1232/5953 1220/5954 1231/5955
f 1223/5956 1225/5957 1235/5958
f 1225/5959 1222/5960 1236/5961
f 1231/5962 1230/5963 1238/5964
f 1239/5965 1232/5966 1238/5967
f 1238/5968 1237/5969 1241/5970
f 1241/5971 1240/5972 1243/5973
f 1230/5974 1229/5975 1237/5976
f 1237/5977 1244/5978 1240/5979
f 1242/5980 1240/5981 1246/5982
f 1246/5983 1245/5984 1248/5985
f 1229/5986 1228/5987 1244/5988
f 1250/5989 1241/5990 1249/5991
f 1239/5992 1238/5993 1250/5994
f 1252/5995 1235/5996 1251/5997
f 1236/5998 1234/5999 1251/6000
f 1251/6001 1254/6002 1253/6003
f 1234/6004 1233/6005 1254/6006
f 1254/6007 1256/6008 1255/6009
f 1257/6010 1256/6011 1250/6012
f 1232/6013 1239/6014 1233/6015
f 1224/6016 1235/6017 1258/6018
f 497/6019 500/6020 1260/6021
f 1259/6022 500/6023 1261/6024
f 1261/6025 502/6026 1262/6027
f 498/6028 1263/6029 513/6030
f 1264/6031 1263/6032 1266/6033
f 521/6034 513/6035 1267/6036
f 1267/6037 1264/6038 1268/6039
f 529/6040 521/6041 1269/6042
f 1269/6043 1267/6044 1270/6045
f 537/6046 529/6047 1271/6048
f 1271/6049 1269/6050 1272/6051
f 1263/6052 497/6053 1265/6054
f 1271/6055 1190/6056 537/6057
f 1272/6058 1273/6059 1271/6060
f 1191/6061 1190/6062 1214/6063
f 1275/6064 1274/6065 1096/6066
f 1274/6067 1276/6068 1097/6069
f 961/6070 932/6071 1276/6072
f 1277/6073 1106/6074 1278/6075
f 1280/6076 1279/6077 1105/6078
f 1106/6079 1277/6080 1105/6081
f 1279/6082 1281/6083 1094/6084
f 1281/6085 1282/6086 1095/6087
f 1282/6088 1275/6089 1099/6090
f 1278/6091 1107/6092 1283/6093
f 1285/6094 1284/6095 1275/6096
f 1284/6097 1286/6098 1274/6099
f 1286/6100 1287/6101 1276/6102
f 1288/6103 1277/6104 1289/6105
f 1291/6106 1290/6107 1280/6108
f 1277/6109 1288/6110 1280/6111
f 1290/6112 1292/6113 1279/6114
f 1292/6115 1293/6116 1281/6117
f 1293/6118 1294/6119 1282/6120
f 1289/6121 1278/6122 1295/6123
f 857/6124 1296/6125 851/6126
f 1297/6127 1296/6128 1285/6129
f 863/6130 1298/6131 857/6132
f 1296/6133 1298/6134 1284/6135
f 863/6136 872/6137 1298/6138
f 1298/6139 1299/6140 1286/6141
f 609/6142 1300/6143 610/6144
f 1300/6145 1288/6146 1301/6147
f 608/6148 1302/6149 609/6150
f 1302/6151 1290/6152 1300/6153
f 607/6154 1303/6155 608/6156
f 1302/6157 1303/6158 1290/6159
f 607/6160 839/6161 1303/6162
f 1303/6163 1304/6164 1292/6165
f 839/6166 845/6167 1304/6168
f 1304/6169 1305/6170 1293/6171
f 845/6172 851/6173 1305/6174
f 1305/6175 1297/6176 1294/6177
f 610/6178 1301/6179 611/6180
f 1301/6181 1289/6182 1306/6183
f 1308/6184 1287/6185 1307/6186
f 1299/6187 872/6188 1307/6189
f 1307/6190 879/6191 995/6192
f 995/6193 978/6194 1307/6195
f 978/6196 962/6197 1308/6198
f 1283/6199 1109/6200 1295/6201
f 1111/6202 1306/6203 1110/6204
f 1201/6205 1200/6206 1310/6207
f 1312/6208 1205/6209 1311/6210
f 1313/6211 1207/6212 1310/6213
f 1311/6214 1204/6215 1313/6216
f 1314/6217 1212/6218 1224/6219
f 1314/6220 1224/6221 1315/6222
f 1310/6223 1309/6224 1317/6225
f 1313/6226 1310/6227 1318/6228
f 1063/6229 1062/6230 1320/6231
f 1319/6232 1062/6233 1321/6234
f 1321/6235 1064/6236 1322/6237
f 1322/6238 1067/6239 1209/6240
f 1320/6241 1319/6242 1324/6243
f 1061/6244 1063/6245 1325/6246
f 1325/6247 1320/6248 1326/6249
f 1200/6250 1327/6251 1309/6252
f 1327/6253 1212/6254 1328/6255
f 1309/6256 1328/6257 1316/6258
f 1329/6259 1328/6260 1315/6261
f 1066/6262 1065/6263 1331/6264
f 1331/6265 1330/6266 1202/6267
f 1206/6268 1203/6269 1332/6270
f 1332/6271 1330/6272 1072/6273
f 1331/6274 1208/6275 1066/6276
f 1334/6277 1325/6278 1333/6279
f 1031/6280 1061/6281 1334/6282
f 1336/6283 778/6284 1335/6285
f 786/6286 794/6287 1335/6288
f 794/6289 802/6290 1337/6291
f 1335/6292 1337/6293 1340/6294
f 722/6295 778/6296 1341/6297
f 1342/6298 1336/6299 1340/6300
f 506/6301 508/6302 1344/6303
f 508/6304 510/6305 1343/6306
f 1347/6307 512/6308 1346/6309
f 1345/6310 510/6311 1347/6312
f 714/6313 722/6314 1348/6315
f 1346/6316 511/6317 1348/6318
f 1350/6319 1343/6320 1349/6321
f 1352/6322 1347/6323 1351/6324
f 1349/6325 1345/6326 1352/6327
f 1351/6328 1346/6329 1353/6330
f 1341/6331 1354/6332 1348/6333
f 1262/6334 504/6335 1344/6336
f 1344/6337 1350/6338 1356/6339
f 1358/6340 1352/6341 1357/6342
f 1349/6343 1352/6344 1359/6345
f 1357/6346 1351/6347 1360/6348
f 1350/6349 1349/6350 1355/6351
f 1362/6352 1358/6353 1361/6354
f 1363/6355 1359/6356 1362/6357
f 1361/6358 1357/6359 1364/6360
f 1355/6361 1359/6362 1365/6363
f 1360/6364 1353/6365 1366/6366
f 1368/6367 1334/6368 1367/6369
f 1370/6370 1368/6371 1369/6372
f 1372/6373 1370/6374 1371/6375
f 1374/6376 1372/6377 1373/6378
f 810/6379 882/6380 1374/6381
f 882/6382 890/6383 1372/6384
f 890/6385 1023/6386 1370/6387
f 1023/6388 1031/6389 1368/6390
f 1373/6391 1371/6392 1376/6393
f 1376/6394 1375/6395 1378/6396
f 1378/6397 1377/6398 1380/6399
f 1377/6400 1381/6401 1379/6402
f 1375/6403 1383/6404 1377/6405
f 1371/6406 1369/6407 1375/6408
f 1381/6409 1384/6410 1382/6411
f 1367/6412 1384/6413 1369/6414
f 1333/6415 1385/6416 1367/6417
f 1386/6418 1387/6419 1389/6420
f 1391/6421 1390/6422 1389/6423
f 1393/6424 1392/6425 1391/6426
f 1394/6427 1392/6428 1395/6429
f 1397/6430 1227/6431 1396/6432
f 1401/6433 1398/6434 1400/6435
f 1399/6436 1402/6437 1400/6438
f 1402/6439 1404/6440 1403/6441
f 1387/6442 1398/6443 1388/6444
f 1273/6445 1394/6446 1406/6447
f 1226/6448 1273/6449 1396/6450
f 1404/6451 1407/6452 1405/6453
f 1412/6454 1409/6455 1411/6456
f 1414/6457 1413/6458 1412/6459
f 1411/6460 1410/6461 1416/6462
f 1418/6463 1417/6464 1414/6465
f 1416/6466 1415/6467 1420/6468
f 1420/6469 1419/6470 1422/6471
f 1408/6472 1407/6473 1418/6474
f 1426/6475 1423/6476 1425/6477
f 1425/6478 1424/6479 1428/6480
f 1428/6481 1427/6482 1430/6483
f 1430/6484 1429/6485 1432/6486
f 1434/6487 1428/6488 1433/6489
f 1430/6490 1432/6491 1433/6492
f 1436/6493 1425/6494 1434/6495
f 1438/6496 1340/6497 1437/6498
f 1437/6499 1339/6500 1439/6501
f 1439/6502 1338/6503 1441/6504
f 1341/6505 1342/6506 1443/6507
f 1342/6508 1340/6509 1442/6510
f 1444/6511 1445/6512 1447/6513
f 1446/6514 1445/6515 1449/6516
f 1449/6517 1448/6518 1451/6519
f 1451/6520 1450/6521 1397/6522
f 1452/6523 1444/6524 1453/6525
f 1454/6526 1455/6527 1457/6528
f 1455/6529 1458/6530 1456/6531
f 1458/6532 1460/6533 1459/6534
f 1460/6535 1452/6536 1461/6537
f 1462/6538 1454/6539 1463/6540
f 1464/6541 1465/6542 1467/6543
f 1469/6544 1468/6545 1467/6546
f 1470/6547 1462/6548 1471/6549
f 1472/6550 1473/6551 1475/6552
f 1476/6553 1472/6554 1477/6555
f 1466/6556 1465/6557 1477/6558
f 1478/6559 1479/6560 1481/6561
f 1479/6562 1468/6563 1480/6564
f 1485/6565 1482/6566 1484/6567
f 1483/6568 1478/6569 1484/6570
f 1487/6571 1486/6572 1485/6573
f 1489/6574 1488/6575 1471/6576
f 1473/6577 1488/6578 1474/6579
f 1491/6580 1490/6581 1487/6582
f 1492/6583 1493/6584 1495/6585
f 1499/6586 1496/6587 1498/6588
f 1498/6589 1497/6590 1495/6591
f 1493/6592 1490/6593 1494/6594
f 1500/6595 1501/6596 1503/6597
f 1503/6598 1502/6599 1505/6600
f 1505/6601 1504/6602 1507/6603
f 1510/6604 1509/6605 1512/6606
f 773/6607 1511/6608 775/6609
f 771/6610 1512/6611 773/6612
f 902/6613 901/6614 1516/6615
f 1516/6616 1515/6617 1518/6618
f 1519/6619 1520/6620 1515/6621
f 1515/6622 901/6623 1519/6624
f 900/6625 1523/6626 901/6627
f 1527/6628 899/6629 1526/6630
f 1523/6631 900/6632 1527/6633
f 1528/6634 1529/6635 1531/6636
f 1533/6637 1532/6638 1531/6639
f 1535/6640 1534/6641 1533/6642
f 1539/6643 1536/6644 1538/6645
f 1539/6646 1538/6647 1541/6648
f 1541/6649 1540/6650 1543/6651
f 1543/6652 1542/6653 1545/6654
f 1547/6655 1545/6656 1546/6657
f 1548/6658 1547/6659 1550/6660
f 1553/6661 1554/6662 1556/6663
f 1558/6664 1555/6665 1557/6666
f 1560/6667 1555/6668 1559/6669
f 1562/6670 1563/6671 1557/6672
f 1565/6673 1566/6674 1568/6675
f 1576/6676 1574/6677 1575/6678
f 1575/6679 1573/6680 1578/6681
f 1579/6682 1580/6683 1582/6684
f 1586/6685 1583/6686 1585/6687
f 1587/6688 1588/6689 1590/6690
f 1589/6691 1588/6692 1586/6693
f 1594/6694 1591/6695 1593/6696
f 1595/6697 1596/6698 1598/6699
f 1592/6700 1595/6701 1593/6702
f 1599/6703 1600/6704 1602/6705
f 1606/6706 1603/6707 1605/6708
f 1600/6709 1603/6710 1601/6711
f 1607/6712 1608/6713 1610/6714
f 1613/6715 1611/6716 1612/6717
f 1615/6718 1614/6719 1613/6720
f 1614/6721 1615/6722 1617/6723
f 1623/6724 1622/6725 1619/6726
f 1628/6727 1629/6728 1625/6729
f 1634/6730 1631/6731 1633/6732
f 1631/6733 1634/6734 1636/6735
f 1638/6736 1636/6737 1637/6738
f 1638/6739 1637/6740 1640/6741
f 1642/6742 1640/6743 1641/6744
f 1646/6745 1643/6746 1645/6747
f 1647/6748 1648/6749 1643/6750
f 1648/6751 1647/6752 1650/6753
f 1649/6754 1651/6755 1650/6756
f 1651/6757 1653/6758 1652/6759
f 1654/6760 1653/6761 1656/6762
