mtllib LKneePitch.mtl
o LKneePitch
usemtl nao_texture
v 0.2792465 0.1821894 -1.106934
v 0.269259 0.1821894 -0.4192917
v -0.0888001 0.1821894 -0.4342728
v -0.3136707 0.1821894 -0.9584079
v -0.1462273 0.1821894 -1.184336
v 0.2583914 0.1821894 -1.155347
v -0.014974 0.1821894 -1.239677
v 0.1064116 0.1821894 -1.230981
v -0.1462273 -0.1778106 -1.184336
v 0.2583914 -0.1778106 -1.155347
v 0.1064116 -0.1778106 -1.230981
v -0.014974 -0.1778106 -1.239677
v -0.3136707 -0.1778106 -0.9584079
v 0.2792465 -0.1778106 -1.106934
v -0.08880009 -0.1778106 -0.4342728
v 0.269259 -0.1778106 -0.4192917
v 0.1007919 -0.1456976 -1.097699
v 0.1794535 -0.1456909 -1.121277
v 0.148001 -0.145697 -1.163932
v -0.2006045 -0.1457209 -0.9711392
v -0.09948587 -0.1457104 -0.9740128
v -0.1113227 -0.1457145 -1.015813
v -0.1681133 -0.1457272 -1.118613
v -0.0878533 -0.1457174 -1.097921
v -0.1373167 -0.1457267 -1.161742
v 0.1121305 -0.1456882 -0.9737693
v 0.1717088 -0.1456784 -0.9189398
v 0.1943946 -0.1456792 -0.9668369
v -0.0150677 -0.1537127 -1.142105
v 0.006530265 -0.1457106 -1.14478
v -0.01519845 -0.1457127 -1.142792
v -0.01509979 0.1522874 -1.142126
v -0.01522886 0.1442873 -1.142812
v 0.006499856 0.1442894 -1.144799
v 0.1121001 0.1443118 -0.9737882
v 0.1943641 0.1443208 -0.9668561
v 0.1716784 0.1443216 -0.9189591
v -0.2006349 0.1442791 -0.9711582
v -0.1113532 0.1442855 -1.015832
v -0.09951628 0.1442895 -0.9740317
v -0.08788372 0.1442826 -1.097941
v -0.1681437 0.1442728 -1.118632
v -0.1373471 0.1442732 -1.161761
v 0.1007615 0.1443024 -1.097718
v 0.1479706 0.144303 -1.163951
v 0.1794231 0.1443091 -1.121296
v -0.154576 -0.1457152 -0.9579087
v -0.1546064 0.1442848 -0.9579279
v -0.1583322 0.1442838 -0.9674063
v -0.01519845 -0.1457127 -1.142792
v -0.04758306 -0.1457209 -1.216333
v -0.09614861 -0.1457246 -1.195115
v -0.05571402 -0.1457159 -1.127145
v -0.04767848 -0.185721 -1.216667
v -0.04758306 -0.1457209 -1.216333
v 0.004876215 -0.1457159 -1.223851
v 0.004872285 -0.185716 -1.224196
v -0.09632532 -0.1857247 -1.195408
v -0.09614861 -0.1457246 -1.195115
v 0.006530265 -0.1457106 -1.14478
v 0.004876215 -0.1457159 -1.223851
v 0.05744598 -0.14571 -1.217137
v 0.05754027 -0.18571 -1.217475
v -0.1375679 -0.1857268 -1.161977
v -0.1373167 -0.1457267 -1.161742
v 0.02823894 -0.1457082 -1.142743
v 0.05744598 -0.14571 -1.217137
v 0.1063319 -0.1457035 -1.196667
v 0.106503 -0.1857035 -1.196968
v -0.186311 -0.1457258 -1.068843
v -0.1072607 -0.1457169 -1.059056
v -0.16841 -0.1857272 -1.118767
v -0.1681133 -0.1457272 -1.118613
v 0.06873042 -0.1457029 -1.127001
v 0.1063319 -0.1457035 -1.196667
v 0.148001 -0.145697 -1.163932
v 0.1482589 -0.185697 -1.164169
v -0.05571402 -0.1457159 -1.127145
v -0.05535137 -0.1537159 -1.126552
v -0.0878533 -0.1457174 -1.097921
v -0.08729531 -0.1537173 -1.097494
v 0.02823894 -0.1457082 -1.142743
v 0.02811672 -0.1537082 -1.14205
v -0.1862941 -0.1857258 -1.068835
v -0.186311 -0.1457258 -1.068843
v -0.1072607 -0.1457169 -1.059056
v -0.106588 -0.1537168 -1.058872
v 0.1794535 -0.1456909 -1.121277
v 0.1797606 -0.1856909 -1.121436
v 0.06835912 -0.1537029 -1.12641
v 0.06873042 -0.1457029 -1.127001
v -0.1113227 -0.1457145 -1.015813
v -0.1106211 -0.1537144 -1.015873
v 0.1002428 -0.1536976 -1.097278
v 0.1007919 -0.1456976 -1.097699
v 0.1201119 -0.145693 -1.058791
v 0.1984095 -0.1456857 -1.071792
v 0.1984095 -0.1456857 -1.071792
v 0.1987567 -0.1856856 -1.07187
v -0.09948587 -0.1457104 -0.9740128
v -0.09885345 -0.1537104 -0.9743241
v -0.2009488 -0.1857209 -0.97116
v -0.2006045 -0.1457209 -0.9711392
v 0.1240653 -0.1456897 -1.015538
v 0.2035239 -0.1456816 -1.019042
v 0.119437 -0.1536931 -1.0586
v 0.1201119 -0.145693 -1.058791
v -0.07334023 -0.1457054 -0.9393219
v -0.07287692 -0.1537054 -0.939838
v 0.2035239 -0.1456816 -1.019042
v 0.2038731 -0.1856816 -1.019026
v 0.1233752 -0.1536898 -1.015598
v 0.1240653 -0.1456897 -1.015538
v -0.03643628 -0.1457001 -0.9164145
v -0.03619123 -0.1537001 -0.9170648
v 0.1943946 -0.1456792 -0.9668369
v 0.1947367 -0.1856791 -0.9667218
v -0.2013466 -0.1857145 -0.8723725
v -0.2010003 -0.1457144 -0.8724054
v 0.08591847 -0.1456887 -0.9391416
v 0.1489084 -0.1456778 -0.8735202
v 0.1115072 -0.1536884 -0.9740863
v 0.1121305 -0.1456882 -0.9737693
v 0.006247736 -0.1456951 -0.9083789
v 0.006251245 -0.1536951 -0.9090808
v 0.04896118 -0.1456911 -0.916315
v 0.1367583 -0.1456758 -0.8241608
v 0.08544873 -0.1536888 -0.9396521
v 0.08591847 -0.1456887 -0.9391416
v 0.04896118 -0.1456911 -0.916315
v 0.04870646 -0.1536912 -0.9169663
v 0.1717088 -0.1456784 -0.9189398
v 0.1717002 -0.1856784 -0.9189432
v 0.1489084 -0.1456778 -0.8735202
v 0.1492444 -0.1856778 -0.8733924
v -0.1878293 -0.1857066 -0.7745163
v -0.1875 -0.1457066 -0.7745963
v 0.1367583 -0.1456758 -0.8241608
v 0.1371084 -0.1856758 -0.8241126
v 0.1358651 -0.1456726 -0.7733432
v 0.1362198 -0.1856726 -0.773371
v -0.1606793 -0.1856976 -0.679531
v -0.1603576 -0.1456975 -0.6796613
v 0.1462773 -0.1456683 -0.7235926
v 0.1466143 -0.1856682 -0.7236988
v 0.1674722 -0.145663 -0.677399
v 0.1677726 -0.185663 -0.6775772
v -0.120422 -0.1856874 -0.5893207
v -0.1201137 -0.1456874 -0.5894888
v 0.004833485 0.1842841 -1.224221
v 0.004845805 0.1442841 -1.22387
v -0.04761348 0.144279 -1.216352
v -0.04771727 0.184279 -1.216691
v -0.096179 0.1442754 -1.195134
v -0.09636411 0.1842754 -1.195433
v 0.05750148 0.18429 -1.2175
v 0.05741557 0.14429 -1.217156
v -0.1373471 0.1442732 -1.161761
v -0.1376067 0.1842732 -1.162001
v 0.1064642 0.1842965 -1.196993
v 0.1063015 0.1442965 -1.196686
v -0.1681437 0.1442728 -1.118632
v -0.1684488 0.1842728 -1.118792
v 0.1482201 0.1843031 -1.164194
v 0.1479706 0.144303 -1.163951
v -0.1863414 0.1442742 -1.068863
v -0.1863329 0.1842742 -1.068859
v 0.1797218 0.1843092 -1.121461
v 0.1794231 0.1443091 -1.121296
v 0.1987179 0.1843144 -1.071894
v 0.1983791 0.1443143 -1.071811
v -0.2006349 0.1442791 -0.9711582
v -0.2006168 0.1842791 -0.9711582
v 0.2038343 0.1843184 -1.01905
v 0.2034935 0.1443183 -1.019061
v 0.1946979 0.1843208 -0.9667462
v 0.1943641 0.1443208 -0.9668561
v -0.2010307 0.1442856 -0.8724243
v -0.2010128 0.1842856 -0.8724243
v 0.1716614 0.1843216 -0.9189676
v 0.1716784 0.1443216 -0.9189591
v 0.1492056 0.1843222 -0.8734168
v 0.148878 0.1443222 -0.8735395
v -0.1875304 0.1442934 -0.7746155
v -0.1875124 0.1842934 -0.7746155
v 0.1370696 0.1843242 -0.824137
v 0.1367279 0.1443241 -0.82418
v 0.136181 0.1843275 -0.7733951
v 0.1358347 0.1443274 -0.7733625
v -0.160388 0.1443024 -0.6796805
v -0.1603733 0.1843025 -0.67969
v 0.1465755 0.1843318 -0.7237232
v 0.1462469 0.1443317 -0.7236118
v 0.1677338 0.184337 -0.6776013
v 0.1674418 0.144337 -0.6774179
v -0.1201442 0.1443126 -0.589508
v -0.1201424 0.1843126 -0.5895233
v -0.05538345 0.1522842 -1.126573
v -0.05574443 0.1442841 -1.127165
v -0.0873274 0.1522828 -1.097514
v -0.08788372 0.1442826 -1.097941
v 0.02820853 0.1442918 -1.142762
v 0.02808465 0.1522919 -1.14207
v -0.1066201 0.1522832 -1.058892
v -0.1072911 0.1442831 -1.059075
v 0.06870001 0.1442971 -1.12702
v 0.06832703 0.1522972 -1.12643
v -0.1106532 0.1522857 -1.015893
v -0.1113532 0.1442855 -1.015832
v 0.1007615 0.1443024 -1.097718
v 0.1002107 0.1523024 -1.097298
v -0.09888554 0.1522897 -0.9743442
v -0.09951628 0.1442895 -0.9740317
v 0.1200815 0.144307 -1.05881
v 0.1194049 0.152307 -1.05862
v -0.07290901 0.1522946 -0.9398581
v -0.07337065 0.1442945 -0.9393408
v 0.1240349 0.1443102 -1.015557
v 0.1233431 0.1523103 -1.015618
v -0.03622333 0.1523 -0.917085
v -0.03646669 0.1442999 -0.9164337
v 0.1121001 0.1443118 -0.9737882
v 0.1114751 0.1523117 -0.9741065
v 0.006219155 0.1523049 -0.909101
v 0.006217325 0.1443049 -0.9083982
v 0.08588806 0.1443112 -0.9391608
v 0.08541664 0.1523112 -0.9396723
v 0.04867437 0.1523089 -0.9169867
v 0.04893077 0.1443089 -0.9163343
v -0.01522886 0.1442873 -1.142812
v -0.04761348 0.144279 -1.216352
v 0.004845805 0.1442841 -1.22387
v 0.006499856 0.1442894 -1.144799
v -0.05574443 0.1442841 -1.127165
v -0.096179 0.1442754 -1.195134
v 0.05741557 0.14429 -1.217156
v 0.02820853 0.1442918 -1.142762
v 0.1063015 0.1442965 -1.196686
v 0.06870001 0.1442971 -1.12702
v -0.1863414 0.1442742 -1.068863
v -0.1072911 0.1442831 -1.059075
v 0.1983791 0.1443143 -1.071811
v 0.1200815 0.144307 -1.05881
v 0.2034935 0.1443183 -1.019061
v 0.1240349 0.1443102 -1.015557
v 0.148878 0.1443222 -0.8735395
v 0.08588806 0.1443112 -0.9391608
v 0.1367279 0.1443241 -0.82418
v 0.04893077 0.1443089 -0.9163343
v -0.08921772 0.1442775 -1.173195
v -0.05284284 0.1442802 -1.191286
v -0.05281243 -0.1457198 -1.191267
v -0.08918733 -0.1457225 -1.173176
v -0.01326538 0.1442837 -1.200496
v -0.01323496 -0.1457163 -1.200477
v -0.1204548 0.144276 -1.147197
v -0.1204244 -0.145724 -1.147177
v 0.02736587 0.1442879 -1.20033
v 0.02739628 -0.145712 -1.200311
v -0.1448408 0.1442755 -1.114702
v -0.1448104 -0.1457244 -1.114683
v 0.066868 0.1442928 -1.1908
v 0.0668984 -0.1457072 -1.190781
v -0.1610914 0.1442763 -1.07746
v -0.161061 -0.1457237 -1.077441
v 0.1031094 0.1442977 -1.172426
v 0.1031398 -0.1457022 -1.172407
v -0.1683009 0.1442782 -1.037475
v -0.1682705 -0.1457219 -1.037455
v 0.1341254 0.1443027 -1.14618
v 0.1341559 -0.1456973 -1.146161
v -0.1661052 0.1442811 -0.9968952
v -0.1660748 -0.145719 -0.9968762
v 0.1582571 0.1443074 -1.113486
v 0.1582875 -0.1456926 -1.113467
v 0.1742072 0.1443115 -1.076119
v 0.1742376 -0.1456885 -1.076099
v -0.1344289 0.1442892 -0.9226645
v -0.1343985 -0.1457108 -0.9226453
v 0.181097 0.1443149 -1.036079
v 0.1811274 -0.1456851 -1.03606
v -0.106667 0.1442941 -0.8929962
v -0.1066366 -0.1457059 -0.8929773
v 0.1785758 0.1443172 -0.9955255
v 0.1786063 -0.1456827 -0.9955063
v -0.07280986 0.1442992 -0.870524
v -0.07277944 -0.1457008 -0.8705048
v 0.1667637 0.1443186 -0.9566376
v 0.1667941 -0.1456814 -0.9566187
v -0.03468292 0.144304 -0.8564832
v -0.03465252 -0.1456959 -0.856464
v 0.1463099 0.1443188 -0.9215402
v 0.1463404 -0.1456812 -0.921521
v 0.005656505 0.1443086 -0.8516004
v 0.005686916 -0.1456914 -0.8515811
v 0.1183101 0.1443178 -0.8920932
v 0.1183406 -0.1456823 -0.892074
v 0.04603532 0.1443125 -0.8561576
v 0.04606573 -0.1456874 -0.8561383
v 0.08427029 0.1443156 -0.8699008
v 0.08430069 -0.1456843 -0.8698816
v -0.1603576 -0.1456975 -0.6796613
v -0.1201137 -0.1456874 -0.5894888
v 0.1674722 -0.145663 -0.677399
v 0.1462773 -0.1456683 -0.7235926
v -0.07337065 0.1442945 -0.9393408
v -0.2010307 0.1442856 -0.8724243
v -0.03646669 0.1442999 -0.9164337
v -0.1875304 0.1442934 -0.7746155
v 0.006217325 0.1443049 -0.9083982
v 0.1358347 0.1443274 -0.7733625
v 0.1462469 0.1443317 -0.7236118
v -0.160388 0.1443024 -0.6796805
v 0.1674418 0.144337 -0.6774179
v -0.1201442 0.1443126 -0.589508
v -0.1606793 -0.1856976 -0.679531
v 0.1466143 -0.1856682 -0.7236988
v 0.1677726 -0.185663 -0.6775772
v -0.120422 -0.1856874 -0.5893207
v -0.1878293 -0.1857066 -0.7745163
v 0.1362198 -0.1856726 -0.773371
v -0.2013466 -0.1857145 -0.8723725
v 0.1371084 -0.1856758 -0.8241126
v -0.2009488 -0.1857209 -0.97116
v 0.1492444 -0.1856778 -0.8733924
v -0.1862941 -0.1857258 -1.068835
v 0.1717002 -0.1856784 -0.9189432
v -0.16841 -0.1857272 -1.118767
v 0.1947367 -0.1856791 -0.9667218
v -0.1375679 -0.1857268 -1.161977
v 0.2038731 -0.1856816 -1.019026
v -0.09632532 -0.1857247 -1.195408
v 0.1987567 -0.1856856 -1.07187
v -0.04767848 -0.185721 -1.216667
v 0.1797606 -0.1856909 -1.121436
v 0.004872285 -0.185716 -1.224196
v 0.1482589 -0.185697 -1.164169
v 0.1465755 0.1843318 -0.7237232
v -0.1603733 0.1843025 -0.67969
v -0.1201424 0.1843126 -0.5895233
v 0.1677338 0.184337 -0.6776013
v 0.136181 0.1843275 -0.7733951
v -0.1875124 0.1842934 -0.7746155
v 0.1370696 0.1843242 -0.824137
v -0.2010128 0.1842856 -0.8724243
v 0.1492056 0.1843222 -0.8734168
v -0.2006168 0.1842791 -0.9711582
v 0.1716614 0.1843216 -0.9189676
v -0.1863329 0.1842742 -1.068859
v -0.1684488 0.1842728 -1.118792
v 0.1946979 0.1843208 -0.9667462
v -0.1376067 0.1842732 -1.162001
v 0.2038343 0.1843184 -1.01905
v -0.09636411 0.1842754 -1.195433
v 0.1987179 0.1843144 -1.071894
v -0.04771727 0.184279 -1.216691
v 0.1797218 0.1843092 -1.121461
v 0.1482201 0.1843031 -1.164194
v 0.004833485 0.1842841 -1.224221
v -0.08099574 -0.1855657 -0.5116601
v -0.08070439 -0.1455657 -0.5118664
v 0.1976349 -0.1455703 -0.6257132
v 0.197918 -0.1855703 -0.6259073
v 0.1978746 0.1844296 -0.6260287
v 0.1976009 0.1444297 -0.6258084
v -0.08073842 0.1444344 -0.5119617
v -0.08073829 0.1844344 -0.5119879
v -0.08070439 -0.1455657 -0.5118664
v 0.1976349 -0.1455703 -0.6257132
v 0.1976009 0.1444297 -0.6258084
v -0.08073842 0.1444344 -0.5119617
v 0.197918 -0.1855703 -0.6259073
v -0.08099574 -0.1855657 -0.5116601
v -0.08073829 0.1844344 -0.5119879
v 0.1978746 0.1844296 -0.6260287
v -0.03619922 -0.1854277 -0.4297537
v -0.03590888 -0.1454277 -0.4299621
v 0.2418824 -0.145434 -0.5451398
v 0.2421645 -0.1854341 -0.5453348
v 0.2421206 0.1845659 -0.5454611
v 0.241848 0.1445659 -0.5452389
v -0.03594327 0.1445723 -0.430061
v -0.03594326 0.1845723 -0.4300882
v -0.03590888 -0.1454277 -0.4299621
v 0.2418824 -0.145434 -0.5451398
v 0.241848 0.1445659 -0.5452389
v -0.03594327 0.1445723 -0.430061
v 0.2421645 -0.1854341 -0.5453348
v -0.03619922 -0.1854277 -0.4297537
v -0.03594326 0.1845723 -0.4300882
v 0.2421206 0.1845659 -0.5454611
v 0.02096112 -0.185253 -0.3482992
v 0.02121968 -0.1452532 -0.3485614
v 0.2807691 -0.1453159 -0.5004428
v 0.2810229 -0.185316 -0.5006579
v 0.2809552 0.1846838 -0.5009265
v 0.280716 0.144684 -0.5006534
v 0.02116653 0.1447467 -0.348772
v 0.0211621 0.1847467 -0.3488147
v 0.02121968 -0.1452532 -0.3485614
v 0.2807691 -0.1453159 -0.5004428
v 0.280716 0.144684 -0.5006534
v 0.02116653 0.1447467 -0.348772
v 0.2810229 -0.185316 -0.5006579
v 0.02096112 -0.185253 -0.3482992
v 0.0211621 0.1847467 -0.3488147
v 0.2809552 0.1846838 -0.5009265
v 0.02096112 -0.185253 -0.3482992
v 0.2810229 -0.185316 -0.5006579
v 0.2807691 -0.1453159 -0.5004428
v 0.02121968 -0.1452532 -0.3485614
v 0.280716 0.144684 -0.5006534
v 0.2809552 0.1846838 -0.5009265
v 0.0211621 0.1847467 -0.3488147
v 0.02116653 0.1447467 -0.348772
v -0.02646385 0.2312518 0.02631287
v -0.03095031 0.2312381 0.02086517
v -0.03457552 0.2273076 0.02328705
v -0.02955133 0.2273229 0.02938812
v -0.03322535 -0.2275068 0.02331482
v -0.02957685 -0.231416 0.02089325
v -0.0250904 -0.2314024 0.02634094
v -0.02820114 -0.2274915 0.02941559
v -0.03428771 0.2312278 0.01464661
v -0.03831295 0.2272961 0.01632324
v -0.03696276 -0.2275183 0.01635101
v -0.03291425 -0.2314263 0.01467468
v -0.03634784 0.2312213 0.007896729
v -0.04062002 0.2272887 0.008764343
v -0.03926982 -0.2275256 0.008791809
v -0.03497438 -0.2314328 0.007924805
v -0.03666163 0.2312199 0.0004388427
v -0.04097142 0.2272872 0.0004125976
v -0.03962122 -0.2275272 0.0004400634
v -0.03528816 -0.2314342 0.0004669189
v -0.0357583 0.2312222 -0.006322632
v -0.03995981 0.2272897 -0.007159424
v -0.03860961 -0.2275246 -0.007131653
v -0.03438484 -0.2314319 -0.006294556
v -0.03395488 0.2312271 -0.01308563
v -0.03794023 0.2272952 -0.01473297
v -0.03659004 -0.2275191 -0.0147052
v -0.03258142 -0.231427 -0.01305756
v -0.03034225 0.2312374 -0.01940063
v -0.03389458 0.2273068 -0.02180481
v -0.03254441 -0.2275075 -0.02177704
v -0.02896879 -0.2314167 -0.01937225
v -0.02582669 0.2312505 -0.02481537
v -0.02883779 0.2273215 -0.02786865
v -0.02748759 -0.2274929 -0.02784088
v -0.02445322 -0.2314036 -0.02478729
v -0.02041234 0.2312663 -0.02933044
v -0.02277447 0.2273392 -0.0329248
v -0.02142429 -0.2274752 -0.03289703
v -0.01903888 -0.2313878 -0.02930237
v -0.01410051 0.2312849 -0.03249481
v -0.0157061 0.2273599 -0.0364682
v -0.01435592 -0.2274544 -0.03644073
v -0.01272706 -0.2313692 -0.03246643
v -0.007345955 0.2313048 -0.0347583
v -0.008141945 0.2273823 -0.0390033
v -0.006791765 -0.2274321 -0.03897552
v -0.005972495 -0.2313493 -0.03473022
v -0.0006043547 0.2313248 -0.03521912
v -0.0005922847 0.2274046 -0.03951935
v 0.0007579052 -0.2274097 -0.03949188
v 0.0007691049 -0.2313293 -0.03519104
v 0.006571896 0.2313461 -0.03477936
v 0.007444115 0.2274285 -0.0390271
v 0.008794295 -0.2273858 -0.03899933
v 0.007945355 -0.231308 -0.03475128
v 0.01329091 0.2313662 -0.03253632
v 0.01496847 0.227451 -0.0365152
v 0.01631865 -0.2273633 -0.03648743
v 0.01466436 -0.2312879 -0.03250824
v 0.01956822 0.231385 -0.02939148
v 0.02199818 0.2274721 -0.03299286
v 0.02334836 -0.2273423 -0.03296539
v 0.02094166 -0.2312691 -0.0293631
v 0.02495507 0.2314012 -0.02489288
v 0.02803071 0.2274903 -0.02795532
v 0.02938089 -0.2273241 -0.02792755
v 0.02632853 -0.2312528 -0.02486481
v 0.02941035 0.2314148 -0.01949158
v 0.03302 0.2275055 -0.02190674
v 0.0343702 -0.2273089 -0.02187897
v 0.03078382 -0.2312393 -0.0194635
v 0.03218605 0.2314234 -0.01302032
v 0.03612841 0.2275151 -0.01465973
v 0.03747859 -0.2272992 -0.01463226
v 0.03355952 -0.2312306 -0.01299225
v 0.03424621 0.23143 -0.006270447
v 0.03843548 0.2275224 -0.00710083
v 0.03978565 -0.2272919 -0.007073059
v 0.03561965 -0.2312241 -0.006242066
v 0.03494988 0.2314325 0.0007519531
v 0.03922352 0.2275253 0.0007632446
v 0.04057369 -0.2272891 0.0007910156
v 0.03632334 -0.2312216 0.0007800292
v 0.03427007 0.2314309 0.007776489
v 0.03846221 0.2275235 0.008629761
v 0.0398124 -0.2272908 0.008657532
v 0.03564352 -0.2312232 0.007804566
v 0.03223292 0.2314253 0.01453339
v 0.03618088 0.2275172 0.01619659
v 0.03753107 -0.2272972 0.01622437
v 0.03360637 -0.2312288 0.01456177
v 0.02949959 0.2314175 0.02061859
v 0.03311993 0.2275085 0.02301117
v 0.0344701 -0.2273058 0.02303864
v 0.03087304 -0.2312366 0.02064667
v 0.02507172 0.2314047 0.02603332
v 0.02816133 0.2274941 0.02907501
v 0.02951152 -0.2273202 0.02910278
v 0.02644516 -0.2312494 0.02606171
v 0.01973773 0.2313892 0.0305484
v 0.02218801 0.2274767 0.03413116
v 0.02353819 -0.2273376 0.03415894
v 0.02111118 -0.2312649 0.03057648
v 0.01346997 0.2313707 0.03371277
v 0.01516901 0.2274561 0.03767487
v 0.01651919 -0.2273582 0.03770264
v 0.01484344 -0.2312833 0.03374084
v 0.006733065 0.2313509 0.03597656
v 0.007624595 0.2274339 0.04020996
v 0.008974785 -0.2273805 0.04023743
v 0.008106516 -0.2313032 0.03600464
v -0.0004690146 0.2313295 0.03643799
v -0.0004407143 0.22741 0.04072693
v 0.0009094649 -0.2274044 0.04075439
v 0.000904445 -0.2313246 0.03646637
v -0.007237465 0.2313094 0.03599762
v -0.008020434 0.2273874 0.04023346
v -0.006670255 -0.2274269 0.04026123
v -0.005864005 -0.2313447 0.0360257
v -0.0142852 0.2312884 0.03375427
v -0.01591293 0.2273639 0.03772125
v -0.01456275 -0.2274505 0.03774872
v -0.01291174 -0.2313657 0.03378235
v -0.0205995 0.2312694 0.03060913
v -0.02298406 0.2273427 0.03419922
v -0.02163388 -0.2274717 0.03422668
v -0.01922604 -0.2313847 0.03063721
v -0.02955133 0.2273229 0.02938812
v -0.03457552 0.2273076 0.02328705
v -0.03448045 0.1952784 0.02328918
v -0.02945624 0.1952937 0.02938995
v -0.03332042 -0.1954776 0.02331299
v -0.03322535 -0.2275068 0.02331482
v -0.02820114 -0.2274915 0.02941559
v -0.02829623 -0.1954624 0.02941376
v -0.03831295 0.2272961 0.01632324
v -0.03821786 0.1952669 0.01632538
v -0.03705785 -0.1954892 0.01634918
v -0.03696276 -0.2275183 0.01635101
v -0.04062002 0.2272887 0.008764343
v -0.04052493 0.1952596 0.008766174
v -0.03936491 -0.1954965 0.008789978
v -0.03926982 -0.2275256 0.008791809
v -0.04097142 0.2272872 0.0004125976
v -0.04087632 0.195258 0.0004144287
v -0.03971632 -0.195498 0.0004382324
v -0.03962122 -0.2275272 0.0004400634
v -0.03995981 0.2272897 -0.007159424
v -0.03986471 0.1952606 -0.007157593
v -0.03870471 -0.1954955 -0.007133789
v -0.03860961 -0.2275246 -0.007131653
v -0.03794023 0.2272952 -0.01473297
v -0.03784514 0.1952661 -0.01473083
v -0.03668512 -0.1954899 -0.01470703
v -0.03659004 -0.2275191 -0.0147052
v -0.03389458 0.2273068 -0.02180481
v -0.03379951 0.1952777 -0.02180267
v -0.03263949 -0.1954784 -0.02177887
v -0.03254441 -0.2275075 -0.02177704
v -0.02883779 0.2273215 -0.02786865
v -0.02874269 0.1952924 -0.02786682
v -0.02758268 -0.1954637 -0.02784302
v -0.02748759 -0.2274929 -0.02784088
v -0.02277447 0.2273392 -0.0329248
v -0.0226794 0.1953101 -0.03292267
v -0.02151938 -0.195446 -0.03289886
v -0.02142429 -0.2274752 -0.03289703
v -0.0157061 0.2273599 -0.0364682
v -0.01561102 0.1953308 -0.03646637
v -0.014451 -0.1954253 -0.03644257
v -0.01435592 -0.2274544 -0.03644073
v -0.008141945 0.2273823 -0.0390033
v -0.008046855 0.1953531 -0.03900116
v -0.006886845 -0.195403 -0.03897766
v -0.006791765 -0.2274321 -0.03897552
v -0.0005922847 0.2274046 -0.03951935
v -0.0004971945 0.1953754 -0.03951752
v 0.0006628149 -0.1953806 -0.03949371
v 0.0007579052 -0.2274097 -0.03949188
v 0.007444115 0.2274285 -0.0390271
v 0.007539196 0.1953994 -0.03902496
v 0.008699216 -0.1953567 -0.03900116
v 0.008794295 -0.2273858 -0.03899933
v 0.01496847 0.227451 -0.0365152
v 0.01506355 0.1954218 -0.03651306
v 0.01622357 -0.1953342 -0.03648926
v 0.01631865 -0.2273633 -0.03648743
v 0.02199818 0.2274721 -0.03299286
v 0.02209326 0.195443 -0.03299103
v 0.02325328 -0.1953131 -0.03296722
v 0.02334836 -0.2273423 -0.03296539
v 0.02803071 0.2274903 -0.02795532
v 0.02812578 0.1954612 -0.02795319
v 0.0292858 -0.1952949 -0.02792969
v 0.02938089 -0.2273241 -0.02792755
v 0.03302 0.2275055 -0.02190674
v 0.0331151 0.1954764 -0.0219046
v 0.0342751 -0.1952797 -0.0218811
v 0.0343702 -0.2273089 -0.02187897
v 0.03612841 0.2275151 -0.01465973
v 0.03622349 0.195486 -0.0146579
v 0.03738351 -0.1952701 -0.01463409
v 0.03747859 -0.2272992 -0.01463226
v 0.03843548 0.2275224 -0.00710083
v 0.03853055 0.1954933 -0.007098694
v 0.03969058 -0.1952627 -0.00707489
v 0.03978565 -0.2272919 -0.007073059
v 0.03922352 0.2275253 0.0007632446
v 0.03931859 0.1954961 0.0007650756
v 0.0404786 -0.1952599 0.0007888793
v 0.04057369 -0.2272891 0.0007910156
v 0.03846221 0.2275235 0.008629761
v 0.0385573 0.1954943 0.008631592
v 0.03971731 -0.1952617 0.008655396
v 0.0398124 -0.2272908 0.008657532
v 0.03618088 0.2275172 0.01619659
v 0.03627597 0.1954881 0.01619873
v 0.03743597 -0.195268 0.01622253
v 0.03753107 -0.2272972 0.01622437
v 0.03311993 0.2275085 0.02301117
v 0.03321501 0.1954794 0.023013
v 0.03437503 -0.1952767 0.0230368
v 0.0344701 -0.2273058 0.02303864
v 0.02816133 0.2274941 0.02907501
v 0.02825642 0.195465 0.02907715
v 0.02941642 -0.195291 0.02910065
v 0.02951152 -0.2273202 0.02910278
v 0.02218801 0.2274767 0.03413116
v 0.02228308 0.1954476 0.0341333
v 0.0234431 -0.1953085 0.0341568
v 0.02353819 -0.2273376 0.03415894
v 0.01516901 0.2274561 0.03767487
v 0.01526409 0.1954269 0.0376767
v 0.0164241 -0.1953291 0.0377005
v 0.01651919 -0.2273582 0.03770264
v 0.007624595 0.2274339 0.04020996
v 0.007719675 0.1954047 0.04021179
v 0.008879696 -0.1953513 0.0402356
v 0.008974785 -0.2273805 0.04023743
v -0.0004407143 0.22741 0.04072693
v -0.0003456348 0.1953808 0.04072876
v 0.0008143752 -0.1953752 0.04075256
v 0.0009094649 -0.2274044 0.04075439
v -0.008020434 0.2273874 0.04023346
v -0.007925355 0.1953583 0.0402356
v -0.006765345 -0.1953978 0.0402594
v -0.006670255 -0.2274269 0.04026123
v -0.01591293 0.2273639 0.03772125
v -0.01581785 0.1953347 0.03772308
v -0.01465783 -0.1954214 0.03774689
v -0.01456275 -0.2274505 0.03774872
v -0.02298406 0.2273427 0.03419922
v -0.02288897 0.1953135 0.03420105
v -0.02172896 -0.1954426 0.03422485
v -0.02163388 -0.2274717 0.03422668
v -0.02945624 0.1952937 0.02938995
v -0.03448045 0.1952784 0.02328918
v -0.06261949 0.195196 0.04202759
v -0.05343462 0.195224 0.05318054
v -0.06145948 -0.19556 0.04205139
v -0.03332042 -0.1954776 0.02331299
v -0.02829623 -0.1954624 0.02941376
v -0.05227461 -0.1955321 0.05320435
v -0.03821786 0.1952669 0.01632538
v -0.06945197 0.1951749 0.02929687
v -0.06829195 -0.1955811 0.02932068
v -0.03705785 -0.1954892 0.01634918
v -0.04052493 0.1952596 0.008766174
v -0.07366957 0.1951616 0.01547791
v -0.07250955 -0.1955945 0.01550171
v -0.03936491 -0.1954965 0.008789978
v -0.04087632 0.195258 0.0004144287
v -0.07431196 0.1951588 0.0002096557
v -0.07315195 -0.1955973 0.0002334594
v -0.03971632 -0.195498 0.0004382324
v -0.03986471 0.1952606 -0.007157593
v -0.07246263 0.1951634 -0.01363251
v -0.07130262 -0.1955926 -0.01360901
v -0.03870471 -0.1954955 -0.007133789
v -0.03784514 0.1952661 -0.01473083
v -0.06877058 0.1951736 -0.02747772
v -0.06761057 -0.1955825 -0.02745422
v -0.03668512 -0.1954899 -0.01470703
v -0.03379951 0.1952777 -0.02180267
v -0.06137465 0.1951947 -0.04040588
v -0.06021464 -0.1955614 -0.04038208
v -0.03263949 -0.1954784 -0.02177887
v -0.02874269 0.1952924 -0.02786682
v -0.05213017 0.1952215 -0.0514917
v -0.05097016 -0.1955346 -0.0514679
v -0.02758268 -0.1954637 -0.02784302
v -0.0226794 0.1953101 -0.03292267
v -0.0410457 0.1952538 -0.06073486
v -0.03988569 -0.1955023 -0.06071106
v -0.02151938 -0.195446 -0.03289886
v -0.01561102 0.1953308 -0.03646637
v -0.02812383 0.1952918 -0.06721283
v -0.02696382 -0.1954643 -0.06718903
v -0.014451 -0.1954253 -0.03644257
v -0.008046855 0.1953531 -0.03900116
v -0.01429559 0.1953326 -0.07184723
v -0.01313557 -0.1954235 -0.07182343
v -0.006886845 -0.195403 -0.03897766
v -0.0004971945 0.1953754 -0.03951752
v -0.0004938644 0.1953735 -0.07279083
v 0.0006661552 -0.1953826 -0.07276703
v 0.0006628149 -0.1953806 -0.03949371
v 0.007539196 0.1953994 -0.03902496
v 0.01419767 0.1954171 -0.07189056
v 0.01535768 -0.1953389 -0.07186676
v 0.008699216 -0.1953567 -0.03900116
v 0.01506355 0.1954218 -0.03651306
v 0.02795313 0.1954582 -0.06729858
v 0.02911314 -0.1952978 -0.06727478
v 0.01622357 -0.1953342 -0.03648926
v 0.02209326 0.195443 -0.03299103
v 0.0408043 0.1954968 -0.06085968
v 0.04196432 -0.1952593 -0.06083588
v 0.02325328 -0.1953131 -0.03296722
v 0.02812578 0.1954612 -0.02795319
v 0.05183252 0.1955301 -0.05165009
v 0.05299253 -0.195226 -0.05162628
v 0.0292858 -0.1952949 -0.02792969
v 0.0331151 0.1954764 -0.0219046
v 0.06095359 0.1955579 -0.04059265
v 0.06211361 -0.1951982 -0.04056885
v 0.0342751 -0.1952797 -0.0218811
v 0.03622349 0.195486 -0.0146579
v 0.06663612 0.1955756 -0.02734436
v 0.06779614 -0.1951806 -0.02732056
v 0.03738351 -0.1952701 -0.01463409
v 0.03853055 0.1954933 -0.007098694
v 0.07085374 0.1955888 -0.01352539
v 0.07201375 -0.1951671 -0.01350159
v 0.03969058 -0.1952627 -0.00707489
v 0.03931859 0.1954961 0.0007650756
v 0.07229437 0.195594 0.0008511352
v 0.07345439 -0.195162 0.0008746337
v 0.0404786 -0.1952599 0.0007888793
v 0.0385573 0.1954943 0.008631592
v 0.07090262 0.1955908 0.01523193
v 0.07206264 -0.1951653 0.01525574
v 0.03971731 -0.1952617 0.008655396
v 0.03627597 0.1954881 0.01619873
v 0.06673206 0.1955792 0.02906525
v 0.06789208 -0.1951768 0.02908905
v 0.03743597 -0.195268 0.01622253
v 0.03321501 0.1954794 0.023013
v 0.06113626 0.1955634 0.04152283
v 0.06229627 -0.1951926 0.04154633
v 0.03437503 -0.1952767 0.0230368
v 0.02825642 0.195465 0.02907715
v 0.05207132 0.1955371 0.05260834
v 0.05323134 -0.1952189 0.05263214
v 0.02941642 -0.195291 0.02910065
v 0.02228308 0.1954476 0.0341333
v 0.04115133 0.1955053 0.06185181
v 0.04231135 -0.1952507 0.06187561
v 0.0234431 -0.1953085 0.0341568
v 0.01526409 0.1954269 0.0376767
v 0.02831973 0.1954676 0.06833008
v 0.02947974 -0.1952885 0.06835388
v 0.0164241 -0.1953291 0.0377005
v 0.007719675 0.1954047 0.04021179
v 0.01452761 0.1954269 0.07296417
v 0.01568763 -0.1953291 0.07298798
v 0.008879696 -0.1953513 0.0402356
v -0.0003456348 0.1953808 0.04072876
v -0.0002167946 0.1953832 0.0739093
v 0.000943225 -0.1953728 0.07393311
v 0.0008143752 -0.1953752 0.04075256
v -0.007925355 0.1953583 0.0402356
v -0.01407347 0.195342 0.07300751
v -0.01291345 -0.195414 0.07303131
v -0.006765345 -0.1953978 0.0402594
v -0.01581785 0.1953347 0.03772308
v -0.02850193 0.1952989 0.06841461
v -0.02734191 -0.1954572 0.06843842
v -0.01465783 -0.1954214 0.03774689
v -0.02288897 0.1953135 0.03420105
v -0.04142885 0.1952602 0.06197571
v -0.04026882 -0.1954959 0.06199951
v -0.02172896 -0.1954426 0.03422485
v -0.05343462 0.195224 0.05318054
v -0.06261949 0.195196 0.04202759
v -0.06246718 0.1438857 0.04203064
v -0.05328231 0.1439136 0.05318359
v -0.0616118 -0.1442497 0.04204803
v -0.06145948 -0.19556 0.04205139
v -0.05227461 -0.1955321 0.05320435
v -0.05242692 -0.1442217 0.05320129
v -0.06945197 0.1951749 0.02929687
v -0.06929965 0.1438647 0.02929993
v -0.06844428 -0.1442707 0.02931763
v -0.06829195 -0.1955811 0.02932068
v -0.07366957 0.1951616 0.01547791
v -0.07351725 0.1438512 0.01548096
v -0.07266188 -0.1442841 0.01549866
v -0.07250955 -0.1955945 0.01550171
v -0.07431196 0.1951588 0.0002096557
v -0.07415963 0.1438484 0.0002130126
v -0.07330427 -0.144287 0.0002304077
v -0.07315195 -0.1955973 0.0002334594
v -0.07246263 0.1951634 -0.01363251
v -0.0723103 0.1438531 -0.01362946
v -0.07145493 -0.1442823 -0.01361206
v -0.07130262 -0.1955926 -0.01360901
v -0.06877058 0.1951736 -0.02747772
v -0.06861825 0.1438632 -0.02747467
v -0.06776288 -0.1442722 -0.02745728
v -0.06761057 -0.1955825 -0.02745422
v -0.06137465 0.1951947 -0.04040588
v -0.06122233 0.1438844 -0.04040283
v -0.06036695 -0.144251 -0.04038544
v -0.06021464 -0.1955614 -0.04038208
v -0.05213017 0.1952215 -0.0514917
v -0.05197786 0.1439111 -0.05148865
v -0.05112247 -0.1442242 -0.05147095
v -0.05097016 -0.1955346 -0.0514679
v -0.0410457 0.1952538 -0.06073486
v -0.04089339 0.1439435 -0.06073181
v -0.04003801 -0.1441919 -0.06071411
v -0.03988569 -0.1955023 -0.06071106
v -0.02812383 0.1952918 -0.06721283
v -0.02797152 0.1439815 -0.06720978
v -0.02711614 -0.1441539 -0.06719238
v -0.02696382 -0.1954643 -0.06718903
v -0.01429559 0.1953326 -0.07184723
v -0.01414327 0.1440222 -0.07184387
v -0.01328789 -0.1441132 -0.07182648
v -0.01313557 -0.1954235 -0.07182343
v -0.0004938644 0.1953735 -0.07279083
v -0.0003415447 0.1440631 -0.07278778
v 0.0005138248 -0.1440722 -0.07277008
v 0.0006661552 -0.1953826 -0.07276703
v 0.01419767 0.1954171 -0.07189056
v 0.01434998 0.1441068 -0.07188751
v 0.01520536 -0.1440286 -0.07186981
v 0.01535768 -0.1953389 -0.07186676
v 0.02795313 0.1954582 -0.06729858
v 0.02810544 0.1441479 -0.06729553
v 0.02896081 -0.1439875 -0.06727783
v 0.02911314 -0.1952978 -0.06727478
v 0.0408043 0.1954968 -0.06085968
v 0.04095662 0.1441865 -0.06085663
v 0.04181199 -0.1439489 -0.06083893
v 0.04196432 -0.1952593 -0.06083588
v 0.05183252 0.1955301 -0.05165009
v 0.05198484 0.1442197 -0.05164703
v 0.05284021 -0.1439156 -0.05162933
v 0.05299253 -0.195226 -0.05162628
v 0.06095359 0.1955579 -0.04059265
v 0.06110592 0.1442475 -0.04058929
v 0.06196129 -0.1438879 -0.0405719
v 0.06211361 -0.1951982 -0.04056885
v 0.06663612 0.1955756 -0.02734436
v 0.06678844 0.1442652 -0.027341
v 0.06764382 -0.1438702 -0.02732361
v 0.06779614 -0.1951806 -0.02732056
v 0.07085374 0.1955888 -0.01352539
v 0.07100606 0.1442785 -0.01352234
v 0.07186143 -0.1438568 -0.01350464
v 0.07201375 -0.1951671 -0.01350159
v 0.07229437 0.195594 0.0008511352
v 0.07244669 0.1442837 0.000854187
v 0.07330206 -0.1438517 0.000871582
v 0.07345439 -0.195162 0.0008746337
v 0.07090262 0.1955908 0.01523193
v 0.07105494 0.1442804 0.01523499
v 0.07191032 -0.1438549 0.01525269
v 0.07206264 -0.1951653 0.01525574
v 0.06673206 0.1955792 0.02906525
v 0.06688438 0.1442689 0.0290683
v 0.06773975 -0.1438664 0.029086
v 0.06789208 -0.1951768 0.02908905
v 0.06113626 0.1955634 0.04152283
v 0.06128857 0.144253 0.04152588
v 0.06214394 -0.1438823 0.04154327
v 0.06229627 -0.1951926 0.04154633
v 0.05207132 0.1955371 0.05260834
v 0.05222364 0.1442268 0.05261169
v 0.05307902 -0.1439085 0.05262909
v 0.05323134 -0.1952189 0.05263214
v 0.04115133 0.1955053 0.06185181
v 0.04130365 0.1441949 0.06185486
v 0.04215902 -0.1439404 0.06187256
v 0.04231135 -0.1952507 0.06187561
v 0.02831973 0.1954676 0.06833008
v 0.02847204 0.1441573 0.06833313
v 0.02932742 -0.1439781 0.06835052
v 0.02947974 -0.1952885 0.06835388
v 0.01452761 0.1954269 0.07296417
v 0.01467993 0.1441166 0.07296753
v 0.01553529 -0.1440187 0.07298492
v 0.01568763 -0.1953291 0.07298798
v -0.0002167946 0.1953832 0.0739093
v -6.44648e-05 0.1440729 0.07391235
v 0.0007909047 -0.1440625 0.07393005
v 0.000943225 -0.1953728 0.07393311
v -0.01407347 0.195342 0.07300751
v -0.01392115 0.1440317 0.07301086
v -0.01306577 -0.1441037 0.07302826
v -0.01291345 -0.195414 0.07303131
v -0.02850193 0.1952989 0.06841461
v -0.02834961 0.1439886 0.06841797
v -0.02749424 -0.1441468 0.06843536
v -0.02734191 -0.1954572 0.06843842
v -0.04142885 0.1952602 0.06197571
v -0.04127652 0.1439498 0.06197906
v -0.04042115 -0.1441856 0.06199646
v -0.04026882 -0.1954959 0.06199951
v -0.05328231 0.1439136 0.05318359
v -0.06246718 0.1438857 0.04203064
v -0.08829994 0.14381 0.0592334
v -0.07529541 0.1438496 0.07502441
v -0.08744456 -0.1443253 0.05925079
v -0.0616118 -0.1442497 0.04204803
v -0.05242692 -0.1442217 0.05320129
v -0.07444004 -0.1442858 0.07504211
v -0.06929965 0.1438647 0.02929993
v -0.0979738 0.1437803 0.0412085
v -0.09711842 -0.1443552 0.04122589
v -0.06844428 -0.1442707 0.02931763
v -0.07351725 0.1438512 0.01548096
v -0.1039453 0.1437614 0.02164276
v -0.10309 -0.1443741 0.02166016
v -0.07266188 -0.1442841 0.01549866
v -0.07415963 0.1438484 0.0002130126
v -0.1048549 0.1437573 2.502441e-05
v -0.1039995 -0.1443781 4.241943e-05
v -0.07330427 -0.144287 0.0002304077
v -0.0723103 0.1438531 -0.01362946
v -0.1022365 0.1437639 -0.01957397
v -0.1013811 -0.1443715 -0.01955658
v -0.07145493 -0.1442823 -0.01361206
v -0.06861825 0.1438632 -0.02747467
v -0.09700905 0.1437782 -0.03917694
v -0.09615367 -0.1443572 -0.03915955
v -0.06776288 -0.1442722 -0.02745728
v -0.06122233 0.1438844 -0.04040283
v -0.08653741 0.1438082 -0.05748138
v -0.08568203 -0.1443272 -0.05746399
v -0.06036695 -0.144251 -0.04038544
v -0.05197786 0.1439111 -0.05148865
v -0.07344848 0.1438461 -0.07317718
v -0.0725931 -0.1442893 -0.07315979
v -0.05112247 -0.1442242 -0.05147095
v -0.04089339 0.1439435 -0.06073181
v -0.05775438 0.1438919 -0.08626435
v -0.05689901 -0.1442435 -0.08624665
v -0.04003801 -0.1441919 -0.06071411
v -0.02797152 0.1439815 -0.06720978
v -0.03945876 0.1439456 -0.09543641
v -0.03860339 -0.1441898 -0.09541871
v -0.02711614 -0.1441539 -0.06719238
v -0.01414327 0.1440222 -0.07184387
v -0.01987985 0.1440034 -0.1019977
v -0.01902448 -0.144132 -0.1019803
v -0.01328789 -0.1441132 -0.07182648
v -0.0003415447 0.1440631 -0.07278778
v -0.0003384846 0.1440613 -0.103334
v 0.000516895 -0.1440741 -0.1033163
v 0.0005138248 -0.1440722 -0.07277008
v 0.01434998 0.1441068 -0.07188751
v 0.02046272 0.1441232 -0.1020593
v 0.02131809 -0.1440123 -0.1020419
v 0.01520536 -0.1440286 -0.07186981
v 0.02810544 0.1441479 -0.06729553
v 0.03993859 0.1441814 -0.09555756
v 0.04079395 -0.1439541 -0.09554017
v 0.02896081 -0.1439875 -0.06727783
v 0.04095662 0.1441865 -0.06085663
v 0.05813412 0.1442359 -0.08644104
v 0.0589895 -0.1438995 -0.08642334
v 0.04181199 -0.1439489 -0.06083893
v 0.05198484 0.1442197 -0.05164703
v 0.07374857 0.1442831 -0.07340149
v 0.07460394 -0.1438523 -0.07338409
v 0.05284021 -0.1439156 -0.05162933
v 0.06110592 0.1442475 -0.04058929
v 0.08666279 0.1443224 -0.05774567
v 0.08751815 -0.1438131 -0.05772797
v 0.06196129 -0.1438879 -0.0405719
v 0.06678844 0.1442652 -0.027341
v 0.09470849 0.1443474 -0.03898773
v 0.09556385 -0.143788 -0.03897034
v 0.06764382 -0.1438702 -0.02732361
v 0.07100606 0.1442785 -0.01352234
v 0.10068 0.1443662 -0.019422
v 0.1015354 -0.1437691 -0.0194046
v 0.07186143 -0.1438568 -0.01350464
v 0.07244669 0.1442837 0.000854187
v 0.1027198 0.1443735 0.0009329223
v 0.1035752 -0.1437618 0.0009503173
v 0.07330206 -0.1438517 0.000871582
v 0.07105494 0.1442804 0.01523499
v 0.1007492 0.1443689 0.02129456
v 0.1016046 -0.1437664 0.02131195
v 0.07191032 -0.1438549 0.01525269
v 0.06688438 0.1442689 0.0290683
v 0.09484432 0.1443526 0.04088043
v 0.09569969 -0.1437827 0.04089813
v 0.06773975 -0.1438664 0.029086
v 0.06128857 0.144253 0.04152588
v 0.08692141 0.1443301 0.05851837
v 0.08777678 -0.1438052 0.05853607
v 0.06214394 -0.1438823 0.04154327
v 0.05222364 0.1442268 0.05261169
v 0.07408669 0.144293 0.07421448
v 0.07494206 -0.1438423 0.07423187
v 0.05307902 -0.1439085 0.05262909
v 0.04130365 0.1441949 0.06185486
v 0.05862546 0.1442479 0.08730164
v 0.05948084 -0.1438874 0.08731934
v 0.04215902 -0.1439404 0.06187256
v 0.02847204 0.1441573 0.06833313
v 0.04045764 0.1441945 0.096474
v 0.04131302 -0.1439408 0.0964914
v 0.02932742 -0.1439781 0.06835052
v 0.01467993 0.1441166 0.07296753
v 0.02092988 0.144137 0.1030356
v 0.02178524 -0.1439984 0.103053
v 0.01553529 -0.1440187 0.07298492
v -6.44648e-05 0.1440729 0.07391235
v 5.381464e-05 0.1440751 0.1043738
v 0.0009091848 -0.1440602 0.1043912
v 0.0007909047 -0.1440625 0.07393005
v -0.01392115 0.1440317 0.07301086
v -0.01956536 0.1440167 0.1030969
v -0.01870999 -0.1441186 0.1031143
v -0.01306577 -0.1441037 0.07302826
v -0.02834961 0.1439886 0.06841797
v -0.0399941 0.1439558 0.09659394
v -0.03913873 -0.1441797 0.09661133
v -0.02749424 -0.1441468 0.06843536
v -0.04127652 0.1439498 0.06197906
v -0.05829685 0.1439008 0.08747742
v -0.05744148 -0.1442346 0.08749482
v -0.04042115 -0.1441856 0.06199646
v -0.07529541 0.1438496 0.07502441
v -0.08829994 0.14381 0.0592334
v -0.08828774 0.1397038 0.0592334
v -0.07528323 0.1397434 0.07502472
v -0.08745675 -0.1402191 0.05925049
v -0.08744456 -0.1443253 0.05925079
v -0.07444004 -0.1442858 0.07504211
v -0.07445223 -0.1401796 0.07504181
v -0.0979738 0.1437803 0.0412085
v -0.09796161 0.139674 0.0412088
v -0.09713063 -0.1402489 0.04122559
v -0.09711842 -0.1443552 0.04122589
v -0.1039453 0.1437614 0.02164276
v -0.1039332 0.1396551 0.02164276
v -0.1031022 -0.1402679 0.02165985
v -0.10309 -0.1443741 0.02166016
v -0.1048549 0.1437573 2.502441e-05
v -0.1048427 0.1396511 2.532958e-05
v -0.1040117 -0.1402719 4.241943e-05
v -0.1039995 -0.1443781 4.241943e-05
v -0.1022365 0.1437639 -0.01957397
v -0.1022243 0.1396577 -0.01957367
v -0.1013933 -0.1402653 -0.01955658
v -0.1013811 -0.1443715 -0.01955658
v -0.09700905 0.1437782 -0.03917694
v -0.09699685 0.139672 -0.03917664
v -0.09616586 -0.140251 -0.03915955
v -0.09615367 -0.1443572 -0.03915955
v -0.08653741 0.1438082 -0.05748138
v -0.08652523 0.139702 -0.05748108
v -0.08569422 -0.140221 -0.05746399
v -0.08568203 -0.1443272 -0.05746399
v -0.07344848 0.1438461 -0.07317718
v -0.07343629 0.1397399 -0.07317688
v -0.07260529 -0.1401831 -0.07316009
v -0.0725931 -0.1442893 -0.07315979
v -0.05775438 0.1438919 -0.08626435
v -0.05774219 0.1397856 -0.08626404
v -0.0569112 -0.1401373 -0.08624695
v -0.05689901 -0.1442435 -0.08624665
v -0.03945876 0.1439456 -0.09543641
v -0.03944658 0.1398394 -0.0954361
v -0.03861558 -0.1400835 -0.09541901
v -0.03860339 -0.1441898 -0.09541871
v -0.01987985 0.1440034 -0.1019977
v -0.01986766 0.1398972 -0.1019977
v -0.01903667 -0.1400258 -0.1019806
v -0.01902448 -0.144132 -0.1019803
v -0.0003384846 0.1440613 -0.103334
v -0.0003262943 0.1399551 -0.1033337
v 0.0005047047 -0.1399679 -0.1033166
v 0.000516895 -0.1440741 -0.1033163
v 0.02046272 0.1441232 -0.1020593
v 0.02047492 0.1400169 -0.102059
v 0.0213059 -0.139906 -0.1020419
v 0.02131809 -0.1440123 -0.1020419
v 0.03993859 0.1441814 -0.09555756
v 0.03995078 0.1400751 -0.09555726
v 0.04078177 -0.1398478 -0.09554017
v 0.04079395 -0.1439541 -0.09554017
v 0.05813412 0.1442359 -0.08644104
v 0.05814631 0.1401297 -0.08644074
v 0.05897731 -0.1397933 -0.08642365
v 0.0589895 -0.1438995 -0.08642334
v 0.07374857 0.1442831 -0.07340149
v 0.07376075 0.1401768 -0.07340118
v 0.07459175 -0.1397461 -0.07338409
v 0.07460394 -0.1438523 -0.07338409
v 0.08666279 0.1443224 -0.05774567
v 0.08667498 0.1402161 -0.05774536
v 0.08750597 -0.1397068 -0.05772827
v 0.08751815 -0.1438131 -0.05772797
v 0.09470849 0.1443474 -0.03898773
v 0.09472067 0.1402412 -0.03898743
v 0.09555167 -0.1396818 -0.03897064
v 0.09556385 -0.143788 -0.03897034
v 0.10068 0.1443662 -0.019422
v 0.1006922 0.14026 -0.01942169
v 0.1015232 -0.1396629 -0.01940491
v 0.1015354 -0.1437691 -0.0194046
v 0.1027198 0.1443735 0.0009329223
v 0.102732 0.1402673 0.0009332275
v 0.103563 -0.1396555 0.0009500122
v 0.1035752 -0.1437618 0.0009503173
v 0.1007492 0.1443689 0.02129456
v 0.1007614 0.1402627 0.02129456
v 0.1015924 -0.1396601 0.02131165
v 0.1016046 -0.1437664 0.02131195
v 0.09484432 0.1443526 0.04088043
v 0.09485651 0.1402464 0.04088074
v 0.0956875 -0.1396765 0.04089783
v 0.09569969 -0.1437827 0.04089813
v 0.08692141 0.1443301 0.05851837
v 0.0869336 0.1402239 0.05851868
v 0.08776459 -0.1396989 0.05853577
v 0.08777678 -0.1438052 0.05853607
v 0.07408669 0.144293 0.07421448
v 0.07409888 0.1401868 0.07421478
v 0.07492987 -0.1397361 0.07423187
v 0.07494206 -0.1438423 0.07423187
v 0.05862546 0.1442479 0.08730164
v 0.05863765 0.1401417 0.08730195
v 0.05946864 -0.1397812 0.08731904
v 0.05948084 -0.1438874 0.08731934
v 0.04045764 0.1441945 0.096474
v 0.04046983 0.1400883 0.09647431
v 0.04130082 -0.1398346 0.0964914
v 0.04131302 -0.1439408 0.0964914
v 0.02092988 0.144137 0.1030356
v 0.02094207 0.1400307 0.1030359
v 0.02177305 -0.1398921 0.1030527
v 0.02178524 -0.1439984 0.103053
v 5.381464e-05 0.1440751 0.1043738
v 6.600499e-05 0.1399688 0.1043738
v 0.000896995 -0.139954 0.1043909
v 0.0009091848 -0.1440602 0.1043912
v -0.01956536 0.1440167 0.1030969
v -0.01955317 0.1399105 0.1030972
v -0.01872218 -0.1400124 0.1031143
v -0.01870999 -0.1441186 0.1031143
v -0.0399941 0.1439558 0.09659394
v -0.03998192 0.1398495 0.09659424
v -0.03915092 -0.1400735 0.09661133
v -0.03913873 -0.1441797 0.09661133
v -0.05829685 0.1439008 0.08747742
v -0.05828465 0.1397946 0.08747773
v -0.05745367 -0.1401283 0.08749451
v -0.05744148 -0.1442346 0.08749482
v -0.07528323 0.1397434 0.07502472
v -0.08828774 0.1397038 0.0592334
v -0.184625 0.1394218 0.1233865
v -0.157376 0.1395047 0.1564749
v -0.183794 -0.1405012 0.1234036
v -0.08745675 -0.1402191 0.05925049
v -0.07445223 -0.1401796 0.07504181
v -0.156545 -0.1404183 0.1564917
v -0.09796161 0.139674 0.0412088
v -0.2048951 0.1393593 0.08561829
v -0.2040641 -0.1405637 0.08563538
v -0.09713063 -0.1402489 0.04122559
v -0.1039332 0.1396551 0.02164276
v -0.2174076 0.1393197 0.04462097
v -0.2165766 -0.1406034 0.04463806
v -0.1031022 -0.1402679 0.02165985
v -0.1048427 0.1396511 2.532958e-05
v -0.2193134 0.1393113 -0.000675354
v -0.2184824 -0.1406118 -0.0006582641
v -0.1040117 -0.1402719 4.241943e-05
v -0.1022243 0.1396577 -0.01957367
v -0.213827 0.139325 -0.04174225
v -0.212996 -0.140598 -0.04172516
v -0.1013933 -0.1402653 -0.01955658
v -0.09699685 0.139672 -0.03917664
v -0.205603 0.1393469 -0.08306519
v -0.204772 -0.1405761 -0.08304841
v -0.09616586 -0.140251 -0.03915955
v -0.08652523 0.139702 -0.05748108
v -0.1952942 0.1393749 -0.1269589
v -0.1944632 -0.1405481 -0.1269418
v -0.08569422 -0.140221 -0.05746399
v -0.07343629 0.1397399 -0.07317688
v -0.1852312 0.1394017 -0.1767474
v -0.1844002 -0.1405213 -0.1767304
v -0.07260529 -0.1401831 -0.07316009
v -0.05774219 0.1397856 -0.08626404
v -0.1688159 0.1394472 -0.2305725
v -0.167985 -0.1404758 -0.2305554
v -0.0569112 -0.1401373 -0.08624695
v -0.03944658 0.1398394 -0.0954361
v -0.1422138 0.1395229 -0.2847934
v -0.1413828 -0.1404002 -0.2847763
v -0.03861558 -0.1400835 -0.09541901
v -0.01986766 0.1398972 -0.1019977
v -0.1102822 0.1396151 -0.3261703
v -0.1094512 -0.1403079 -0.3261532
v -0.01903667 -0.1400258 -0.1019806
v -0.0003262943 0.1399551 -0.1033337
v -0.0003148847 0.1399482 -0.2172488
v 0.0005161148 -0.1399748 -0.2172318
v 0.0005047047 -0.1399679 -0.1033166
v 0.02047492 0.1400169 -0.102059
v 0.04327094 0.1400777 -0.2145779
v 0.04410194 -0.1398453 -0.2145609
v 0.0213059 -0.139906 -0.1020419
v 0.03995078 0.1400751 -0.09555726
v 0.08407972 0.1401997 -0.2009546
v 0.08491071 -0.1397233 -0.2009375
v 0.04078177 -0.1398478 -0.09554017
v 0.05814631 0.1401297 -0.08644074
v 0.1222058 0.1403141 -0.1818521
v 0.1230368 -0.1396089 -0.181835
v 0.05897731 -0.1397933 -0.08642365
v 0.07376075 0.1401768 -0.07340118
v 0.1549235 0.1404129 -0.1545297
v 0.1557545 -0.1395102 -0.1545126
v 0.07459175 -0.1397461 -0.07338409
v 0.08667498 0.1402161 -0.05774536
v 0.1819833 0.1404952 -0.1217252
v 0.1828143 -0.1394278 -0.1217081
v 0.08750597 -0.1397068 -0.05772827
v 0.09472067 0.1402412 -0.03898743
v 0.1988419 0.1405476 -0.08242096
v 0.1996729 -0.1393754 -0.08240387
v 0.09555167 -0.1396818 -0.03897064
v 0.1006922 0.14026 -0.01942169
v 0.2322132 0.1406486 -0.04914093
v 0.2330442 -0.1392742 -0.04912384
v 0.1015232 -0.1396629 -0.01940491
v 0.102732 0.1402673 0.0009332275
v 0.2214907 0.1406199 0.001216735
v 0.2223217 -0.1393029 0.001233825
v 0.103563 -0.1396555 0.0009500122
v 0.1007614 0.1402627 0.02129456
v 0.2114994 0.1405928 0.0438913
v 0.2123304 -0.13933 0.04390839
v 0.1015924 -0.1396601 0.02131165
v 0.09485651 0.1402464 0.04088074
v 0.1991265 0.1405585 0.08493103
v 0.1999575 -0.1393642 0.08494812
v 0.0956875 -0.1396765 0.04089783
v 0.0869336 0.1402239 0.05851868
v 0.1825252 0.1405115 0.121889
v 0.1833562 -0.1394113 0.1219061
v 0.08776459 -0.1396989 0.05853577
v 0.07409888 0.1401868 0.07421478
v 0.155632 0.1404337 0.1547775
v 0.156463 -0.1394891 0.1547946
v 0.07492987 -0.1397361 0.07423187
v 0.05863765 0.1401417 0.08730195
v 0.1232353 0.1403392 0.1822
v 0.1240663 -0.1395836 0.1822171
v 0.05946864 -0.1397812 0.08731904
v 0.04046983 0.1400883 0.09647431
v 0.08516732 0.1402274 0.2014191
v 0.08599831 -0.1396955 0.2014362
v 0.04130082 -0.1398346 0.0964914
v 0.02094207 0.1400307 0.1030359
v 0.04424978 0.1401067 0.2151679
v 0.04508078 -0.1398161 0.2151849
v 0.02177305 -0.1398921 0.1030527
v 6.600499e-05 0.1399688 0.1043738
v 0.0005071246 0.139977 0.2179715
v 0.001338115 -0.1399458 0.2179886
v 0.000896995 -0.139954 0.1043909
v -0.01955317 0.1399105 0.1030972
v -0.04060194 0.1398548 0.2152963
v -0.03977095 -0.140068 0.2153134
v -0.01872218 -0.1400124 0.1031143
v -0.03998192 0.1398495 0.09659424
v -0.08340736 0.139727 0.2016702
v -0.08257637 -0.140196 0.2016873
v -0.03915092 -0.1400735 0.09661133
v -0.05828465 0.1397946 0.08747773
v -0.121758 0.139612 0.1825678
v -0.120927 -0.140311 0.1825848
v -0.05745367 -0.1401283 0.08749451
v 0.2716778 0.1407655 -0.05331268
v 0.2642608 0.1422075 -0.09070771
v 0.2725087 -0.1391573 -0.05329559
v 0.2651005 -0.1406478 -0.09069062
v 0.04301577 0.1400679 -0.3645776
v -0.04940791 0.1397902 -0.4195526
v -0.04857693 -0.1401329 -0.4195355
v 0.04384676 -0.1398552 -0.3645608
v 0.08382454 0.1401899 -0.3509543
v 0.08465554 -0.1397332 -0.3509372
v 0.1219506 0.1403042 -0.3318518
v 0.1227816 -0.1396188 -0.3318347
v 0.1546683 0.140403 -0.3045294
v 0.1554993 -0.13952 -0.3045126
v 0.1817281 0.1404853 -0.2717249
v 0.1825591 -0.1394377 -0.2717078
v 0.1985867 0.1405377 -0.2324207
v 0.1994177 -0.1393853 -0.2324036
v 0.2640056 0.1421976 -0.2407077
v 0.2648454 -0.1406577 -0.2406903
v -0.07219446 0.1397258 -0.364874
v -0.07136348 -0.1401972 -0.3648569
v -0.157376 0.1395047 0.1564749
v -0.184625 0.1394218 0.1233865
v -0.1842095 -0.0005397415 0.1233951
v -0.1569605 -0.0004568099 0.1564835
v -0.183794 -0.1405012 0.1234036
v -0.156545 -0.1404183 0.1564917
v -0.2048951 0.1393593 0.08561829
v -0.2044796 -0.0006021881 0.08562684
v -0.2040641 -0.1405637 0.08563538
v -0.2174076 0.1393197 0.04462097
v -0.2169921 -0.0006418609 0.04462952
v -0.2165766 -0.1406034 0.04463806
v -0.2193134 0.1393113 -0.000675354
v -0.2188979 -0.0006502532 -0.000666809
v -0.2184824 -0.1406118 -0.0006582641
v -0.213827 0.139325 -0.04174225
v -0.2134115 -0.0006364822 -0.0417337
v -0.212996 -0.140598 -0.04172516
v -0.205603 0.1393469 -0.08306519
v -0.2051875 -0.0006145858 -0.08305695
v -0.204772 -0.1405761 -0.08304841
v -0.1952942 0.1393749 -0.1269589
v -0.1948787 -0.0005866241 -0.1269504
v -0.1944632 -0.1405481 -0.1269418
v -0.1852312 0.1394017 -0.1767474
v -0.1848157 -0.0005598068 -0.1767389
v -0.1844002 -0.1405213 -0.1767304
v -0.1688159 0.1394472 -0.2305725
v -0.1684004 -0.0005143356 -0.230564
v -0.167985 -0.1404758 -0.2305554
v -0.1422138 0.1395229 -0.2847934
v -0.1417983 -0.000438652 -0.2847849
v -0.1413828 -0.1404002 -0.2847763
v -0.1102822 0.1396151 -0.3261703
v -0.1098667 -0.0003463745 -0.3261618
v -0.1094512 -0.1403079 -0.3261532
v 0.2214907 0.1406199 0.001216735
v 0.2219062 0.0006584548 0.00122528
v 0.2326287 0.0006872177 -0.04913239
v 0.2322132 0.1406486 -0.04914093
v 0.2223217 -0.1393029 0.001233825
v 0.2330442 -0.1392742 -0.04912384
v 0.2114994 0.1405928 0.0438913
v 0.2119149 0.0006313705 0.04389984
v 0.2123304 -0.13933 0.04390839
v 0.1991265 0.1405585 0.08493103
v 0.199542 0.0005971527 0.08493958
v 0.1999575 -0.1393642 0.08494812
v 0.1825252 0.1405115 0.121889
v 0.1829407 0.0005501174 0.1218976
v 0.1833562 -0.1394113 0.1219061
v 0.155632 0.1404337 0.1547775
v 0.1560475 0.0004722976 0.1547861
v 0.156463 -0.1394891 0.1547946
v 0.1232353 0.1403392 0.1822
v 0.1236508 0.0003777694 0.1822086
v 0.1240663 -0.1395836 0.1822171
v 0.08516732 0.1402274 0.2014191
v 0.08558281 0.0002659225 0.2014276
v 0.08599831 -0.1396955 0.2014362
v 0.04424978 0.1401067 0.2151679
v 0.04466527 0.0001453018 0.2151764
v 0.04508078 -0.1398161 0.2151849
v 0.0005071246 0.139977 0.2179715
v 0.0009226149 1.560211e-05 0.21798
v 0.001338115 -0.1399458 0.2179886
v -0.04060194 0.1398548 0.2152963
v -0.04018647 -0.0001065826 0.2153049
v -0.03977095 -0.140068 0.2153134
v -0.08340736 0.139727 0.2016702
v -0.08299187 -0.0002344894 0.2016788
v -0.08257637 -0.140196 0.2016873
v -0.121758 0.139612 0.1825678
v -0.1213425 -0.0003495025 0.1825763
v -0.120927 -0.140311 0.1825848
v 0.2716778 0.1407655 -0.05331268
v 0.2322132 0.1406486 -0.04914093
v 0.2326287 0.0006872177 -0.04913239
v 0.2720933 0.0008041381 -0.05330414
v 0.2330442 -0.1392742 -0.04912384
v 0.2725087 -0.1391573 -0.05329559
v 0.04301577 0.1400679 -0.3645776
v 0.04343126 0.0001063537 -0.3645694
v -0.04899242 -0.0001713562 -0.4195441
v -0.04940791 0.1397902 -0.4195526
v 0.04384676 -0.1398552 -0.3645608
v -0.04857693 -0.1401329 -0.4195355
v 0.08382454 0.1401899 -0.3509543
v 0.08424003 0.0002283477 -0.3509457
v 0.08465554 -0.1397332 -0.3509372
v 0.1219506 0.1403042 -0.3318518
v 0.1223661 0.0003426742 -0.3318432
v 0.1227816 -0.1396188 -0.3318347
v 0.1546683 0.140403 -0.3045294
v 0.1550838 0.0004414749 -0.3045212
v 0.1554993 -0.13952 -0.3045126
v 0.1817281 0.1404853 -0.2717249
v 0.1821436 0.000523796 -0.2717163
v 0.1825591 -0.1394377 -0.2717078
v 0.1985867 0.1405377 -0.2324207
v 0.1990022 0.0005762481 -0.2324121
v 0.1994177 -0.1393853 -0.2324036
v 0.2640056 0.1421976 -0.2407077
v 0.264435 0.0007699966 -0.2407718
v 0.2648454 -0.1406577 -0.2406903
v -0.04940791 0.1397902 -0.4195526
v -0.04899242 -0.0001713562 -0.4195441
v -0.07177898 -0.0002356719 -0.3648654
v -0.07219446 0.1397258 -0.364874
v -0.04857693 -0.1401329 -0.4195355
v -0.07136348 -0.1401972 -0.3648569
v -0.03095031 0.2312381 0.02086517
v -0.02646385 0.2312518 0.02631287
v -0.0006079548 0.2313269 0.0006594848
v 0.0007655048 -0.2313272 0.000687561
v -0.0250904 -0.2314024 0.02634094
v -0.02957685 -0.231416 0.02089325
v -0.03428771 0.2312278 0.01464661
v -0.03291425 -0.2314263 0.01467468
v -0.03634784 0.2312213 0.007896729
v -0.03497438 -0.2314328 0.007924805
v -0.03666163 0.2312199 0.0004388427
v -0.03528816 -0.2314342 0.0004669189
v -0.0357583 0.2312222 -0.006322632
v -0.03438484 -0.2314319 -0.006294556
v -0.03395488 0.2312271 -0.01308563
v -0.03258142 -0.231427 -0.01305756
v -0.03034225 0.2312374 -0.01940063
v -0.02896879 -0.2314167 -0.01937225
v -0.02582669 0.2312505 -0.02481537
v -0.02445322 -0.2314036 -0.02478729
v -0.02041234 0.2312663 -0.02933044
v -0.01903888 -0.2313878 -0.02930237
v -0.01410051 0.2312849 -0.03249481
v -0.01272706 -0.2313692 -0.03246643
v -0.007345955 0.2313048 -0.0347583
v -0.005972495 -0.2313493 -0.03473022
v -0.0006043547 0.2313248 -0.03521912
v 0.0007691049 -0.2313293 -0.03519104
v 0.006571896 0.2313461 -0.03477936
v 0.007945355 -0.231308 -0.03475128
v 0.01329091 0.2313662 -0.03253632
v 0.01466436 -0.2312879 -0.03250824
v 0.01956822 0.231385 -0.02939148
v 0.02094166 -0.2312691 -0.0293631
v 0.02495507 0.2314012 -0.02489288
v 0.02632853 -0.2312528 -0.02486481
v 0.02941035 0.2314148 -0.01949158
v 0.03078382 -0.2312393 -0.0194635
v 0.03218605 0.2314234 -0.01302032
v 0.03355952 -0.2312306 -0.01299225
v 0.03424621 0.23143 -0.006270447
v 0.03561965 -0.2312241 -0.006242066
v 0.03494988 0.2314325 0.0007519531
v 0.03632334 -0.2312216 0.0007800292
v 0.03427007 0.2314309 0.007776489
v 0.03564352 -0.2312232 0.007804566
v 0.03223292 0.2314253 0.01453339
v 0.03360637 -0.2312288 0.01456177
v 0.02949959 0.2314175 0.02061859
v 0.03087304 -0.2312366 0.02064667
v 0.02507172 0.2314047 0.02603332
v 0.02644516 -0.2312494 0.02606171
v 0.01973773 0.2313892 0.0305484
v 0.02111118 -0.2312649 0.03057648
v 0.01346997 0.2313707 0.03371277
v 0.01484344 -0.2312833 0.03374084
v 0.006733065 0.2313509 0.03597656
v 0.008106516 -0.2313032 0.03600464
v -0.0004690146 0.2313295 0.03643799
v 0.000904445 -0.2313246 0.03646637
v -0.007237465 0.2313094 0.03599762
v -0.005864005 -0.2313447 0.0360257
v -0.0142852 0.2312884 0.03375427
v -0.01291174 -0.2313657 0.03378235
v -0.0205995 0.2312694 0.03060913
v -0.01922604 -0.2313847 0.03063721
v 0.2716778 0.1407655 -0.05331268
v 0.2720933 0.0008041381 -0.05330414
v 0.2646807 0.0007798385 -0.09069916
v 0.2642608 0.1422075 -0.09070771
v 0.2725087 -0.1391573 -0.05329559
v 0.2651005 -0.1406478 -0.09069062
v 0.2644255 0.0007699584 -0.2406989
v 0.2640056 0.1421976 -0.2407077
v 0.2648454 -0.1406577 -0.2406903
v 0.2772281 -0.08999569 -0.5199872
v 0.283432 -0.08440598 -0.5422885
v 0.282952 -0.02310856 -0.5422916
v 0.2746003 -0.0187994 -0.5243469
v 0.2704757 -0.01984081 -0.5929245
v 0.2837987 -0.02310772 -0.5701562
v 0.2839641 -0.07883347 -0.5701526
v 0.2764757 -0.07885708 -0.5924304
v 0.2853856 -0.1401265 -0.5422879
v 0.2847139 -0.1178382 -0.547861
v 0.2846855 -0.1178394 -0.5645788
v 0.2841201 -0.1345596 -0.575722
v 0.2911475 -0.01822723 -0.4463278
v 0.2916729 -0.09552102 -0.4475674
v 0.3011597 -0.1790822 -0.4475781
v 0.2898864 -0.1791245 -0.5924466
v 0.2939592 -0.1508868 -0.6754261
v 0.2883728 -0.09026329 -0.6693805
v 0.2822038 -0.01799091 -0.6658362
v 0.2823109 -0.2368956 -0.5709717
v 0.2812612 -0.2313061 -0.6526941
v 0.30068 -0.1508716 -0.7540586
v 0.2773402 -0.2261061 -0.7601834
v 0.3218825 -0.1508178 -0.9039994
v 0.2821158 -0.2361228 -0.9003366
v 0.2921025 -0.2389856 -0.9912357
v 0.3273844 -0.1508072 -0.9983545
v 0.3147052 -0.1508506 -1.093727
v 0.2844043 -0.2293252 -1.099541
v 0.2455808 -0.2317462 -1.17369
v 0.2779059 -0.150965 -1.177527
v 0.3553694 -0.09532414 -0.3195056
v 0.3572405 -0.02287445 -0.3195136
v 0.4376654 -0.02301548 -0.2161212
v 0.4309182 -0.09470685 -0.2185483
v 0.3609939 -0.1733231 -0.3027924
v 0.4236742 -0.1753958 -0.2094986
v 0.340707 -0.2569717 -0.2860346
v 0.392639 -0.2498402 -0.2009406
v 0.5007115 -0.02342075 -0.1064612
v 0.4631695 -0.01244266 -0.07555756
v 0.4511691 -0.09197682 -0.07910828
v 0.4897508 -0.0951772 -0.1055255
v 0.4286947 -0.1741629 -0.08174683
v 0.4657594 -0.1795406 -0.1048721
v 0.4001838 -0.2277088 -0.08126191
v 0.4269548 -0.2400221 -0.1048566
v -0.3097344 -0.3827548 -0.9592581
v -0.3408652 -0.3496786 -0.9586292
v -0.26323 -0.3320589 -1.070383
v -0.2383875 -0.3652644 -1.071602
v -0.3288567 -0.4125434 -0.6912577
v -0.3769917 -0.3777964 -0.704979
v -0.3960628 -0.3558959 -0.8063983
v -0.3771788 -0.3880121 -0.8062894
v -0.2723041 -0.4070604 -0.609111
v -0.3183679 -0.3761642 -0.6076486
v -0.1738418 -0.2595987 -1.180607
v -0.1496098 -0.2929408 -1.181954
v 0.2103893 -0.3751245 -0.1748566
v 0.1664361 -0.3645178 -0.1571176
v 0.09164946 -0.3839608 -0.211312
v 0.1042055 -0.3990876 -0.2429584
v 0.2878173 -0.08519875 -0.5545416
v 0.2872041 -0.02265388 -0.554509
v 0.287947 -0.1300311 -0.5531103
v 0.2909074 -0.1549531 -0.55513
v 0.2965344 -0.1833096 -0.5164786
v 0.2811833 -0.2389342 -0.5111255
v 0.2799077 -0.2515898 -0.4531097
v -0.1559497 -0.3935911 -0.4313031
v -0.184563 -0.3749448 -0.4305981
v -0.245031 -0.3825163 -0.5133581
v -0.2131874 -0.3957484 -0.5169333
v -0.3702145 -0.3272657 -0.6958502
v -0.3857769 -0.2970569 -0.820748
v -0.04440842 -0.309353 -1.188139
v -0.03970746 -0.3436404 -1.149621
v 0.04426037 -0.3599122 -1.120979
v -0.01378144 -0.3933646 -1.006131
v -0.1553672 -0.3861812 -1.047872
v -0.03797178 -0.3892888 -0.9087751
v -0.1836216 -0.3907621 -0.9384857
v -0.04380609 -0.3709246 -0.7980002
v -0.04558494 -0.3655593 -0.6974283
v -0.180901 -0.3877168 -0.6971967
v -0.1965647 -0.3841934 -0.8035416
v -0.04106635 -0.3610351 -0.6252673
v -0.1674102 -0.3886083 -0.6183353
v -0.0004583948 -0.3763447 -0.2251206
v 0.04730512 -0.401028 -0.2460849
v -0.03845342 -0.3620088 -0.2416275
v -0.02811266 -0.3928967 -0.2415018
v -0.02143223 -0.35944 -0.5314612
v 0.006999375 -0.3754435 -0.4420444
v -0.06474065 -0.3869988 -0.4374283
v -0.1061891 -0.3780997 -0.5264529
v 0.06779895 -0.3311927 -0.6706687
v 0.06869686 -0.3320376 -0.5921515
v 0.1642363 -0.3025695 -0.6516092
v 0.1621311 -0.302571 -0.5732608
v 0.06507376 -0.3455793 -0.774574
v 0.1771196 -0.3085505 -0.7505896
v 0.08524969 -0.3744778 -0.9994257
v 0.07256353 -0.3619655 -0.9051367
v 0.2183367 -0.3172545 -0.9944611
v 0.1840252 -0.3195524 -0.8884793
v 0.1332941 -0.3360913 -1.117419
v 0.2166324 -0.2979814 -1.114809
v 0.1951396 -0.3703795 -0.2589578
v 0.2745864 -0.3445589 -0.1827289
v 0.278638 -0.3240268 -0.2747794
v 0.3323508 -0.3117384 -0.1942951
v 0.3646001 -0.2967946 -0.1041391
v 0.3450551 -0.2860144 -0.08332856
v 0.3010602 -0.3085721 -0.08710053
v 0.3250061 -0.3207396 -0.1072293
v 0.0710557 -0.3343363 -0.5161459
v 0.175266 -0.3108267 -0.5028512
v 0.101902 -0.3526956 -0.440499
v 0.212177 -0.3146861 -0.4400525
v 0.08249753 -0.3077283 -1.185161
v 0.1609058 -0.2832879 -1.185743
v -0.3364228 -0.2390785 -0.980466
v -0.2514097 -0.2304116 -1.095922
v -0.3263787 -0.1517002 -1.006677
v -0.2315149 -0.1514259 -1.127391
v -0.1697189 -0.1958408 -1.191939
v -0.1624039 -0.1593193 -1.200723
v 0.3106843 -0.1508465 -0.8295523
v 0.2762603 -0.2318057 -0.8310831
v -0.368188 -0.3527561 -0.8832749
v -0.3431195 -0.3853572 -0.8835385
v -0.04195511 -0.3750948 -0.8540897
v -0.188948 -0.3838771 -0.8731793
v 0.06885609 -0.3538543 -0.8405081
v 0.1739941 -0.3161139 -0.822681
v -0.3766178 -0.26884 -0.9026447
v -0.3578562 -0.2108981 -0.9480823
v -0.3565579 -0.1871895 -0.9560041
v -0.3623218 -0.1867122 -0.9399869
v -0.3766426 -0.2529815 -0.8895862
v -0.3611159 -0.1839094 -0.92693
v -0.3062317 -0.3368005 -0.5978668
v -0.2542815 -0.3413489 -0.5265732
v -0.1880883 -0.3434235 -0.4396316
v 0.250179 -0.2667055 -0.6514597
v 0.249291 -0.269894 -0.570751
v 0.2485707 -0.2632773 -0.7565613
v 0.2555169 -0.2670113 -0.8947376
v 0.2747854 -0.2653517 -0.9930799
v 0.2659803 -0.2601297 -1.105388
v 0.3176201 -0.2831687 -0.2822253
v 0.3726109 -0.2750635 -0.2000928
v 0.3782925 -0.2561166 -0.08253235
v 0.4049319 -0.2639773 -0.1048895
v 0.2525611 -0.2742379 -0.4973904
v 0.2575209 -0.2780368 -0.449053
v 0.2145448 -0.2572803 -1.183097
v 0.2481046 -0.2655971 -0.8279267
v -0.2647948 -0.2903454 -0.6823011
v -0.3072749 -0.2717873 -0.7698526
v -0.3405018 -0.2445266 -0.8492978
v -0.232799 -0.3089137 -0.6051126
v -0.2062073 -0.314076 -0.5547385
v -0.1491826 -0.3192012 -0.4547162
v -0.1394718 -0.1552173 -0.5167804
v -0.1417373 0.006103973 -0.5158548
v -0.1858091 0.006421166 -0.5822995
v -0.1803494 -0.1543351 -0.5840674
v -0.1400462 0.1413263 -0.5121365
v -0.1829646 0.1418726 -0.5789453
v -0.07944573 -0.1449059 -0.4264279
v -0.08125085 -0.0021072 -0.4282858
v -0.08253321 0.1419018 -0.4217395
v 0.3239463 -0.02272316 -0.3785361
v 0.3218343 -0.09474656 -0.3818838
v 0.3269942 -0.1695479 -0.3735608
v 0.3064905 -0.2483381 -0.3676895
v -0.1050131 -0.385074 -0.3322897
v -0.08888004 -0.3999305 -0.3345331
v 0.05716671 -0.3951828 -0.3419153
v -0.004896005 -0.4043882 -0.3392209
v 0.1521606 -0.3723107 -0.3472729
v 0.244168 -0.3196135 -0.3552875
v -0.1216555 -0.351622 -0.3449673
v -0.07044998 -0.3515812 -0.2855545
v 0.2854999 -0.2775632 -0.3640777
v -0.09961471 -0.3026272 -0.3954486
v 0.2475674 -0.330306 -0.09093995
v 0.2623051 -0.3463554 -0.1041885
v -0.09950534 -0.1449626 -0.380545
v -0.09876112 0.005462418 -0.3813336
v -0.09975807 0.1418533 -0.3790094
v -0.1008029 -0.1449656 -0.3660373
v -0.1020165 0.006230774 -0.3665631
v -0.1024165 0.1418462 -0.3650171
v -0.1002102 -0.2442276 -0.3528305
v -0.08667263 -0.2435765 -0.3243375
v -0.09061184 -0.1449333 -0.3317331
v -0.06227197 -0.2433395 -0.3073178
v -0.05301707 -0.1448201 -0.3058942
v -0.01779013 -0.2445229 -0.2902976
v -8.477449e-05 -0.1446621 -0.2921542
v -0.09977755 -0.3364368 -0.3366955
v -0.08307641 -0.326349 -0.3193274
v -0.0657837 -0.3199055 -0.3045529
v -0.04968437 -0.3080608 -0.2919772
v 0.0009400349 -0.2467514 -0.2461319
v 0.01993358 -0.1445997 -0.24319
v -0.0260185 -0.3083521 -0.2449869
v 0.02514207 -0.2501192 -0.2297662
v 0.04568465 -0.1445222 -0.2254895
v 0.003152225 -0.3098434 -0.2311185
v 0.09775867 -0.2485415 -0.2034064
v 0.1091981 -0.144332 -0.1977103
v 0.09302506 -0.3106222 -0.2075086
v 0.1555752 -0.2474269 -0.1621307
v 0.1632314 -0.1441689 -0.1547153
v 0.1532259 -0.3087614 -0.166391
v 0.1939484 -0.2449857 -0.1156186
v 0.1983179 -0.1440618 -0.1066339
v 0.191582 -0.305704 -0.1198804
v 0.2081551 -0.2438649 -0.09171723
v 0.213175 -0.1440163 -0.08236573
v 0.2061892 -0.3044268 -0.09553711
v 0.2181188 -0.2459832 -0.08228241
v 0.229198 -0.1439682 -0.07421783
v 0.215907 -0.3066958 -0.08602723
v 0.3029986 -0.2344431 -0.07799225
v 0.3449801 -0.2242069 -0.07981293
v 0.345895 -0.1372414 -0.07335144
v 0.3035266 -0.1434446 -0.07362884
v 0.3798332 -0.1935272 -0.07987427
v 0.3800754 -0.106343 -0.07442322
v 0.4024618 -0.1646309 -0.0796167
v 0.4027389 -0.07729874 -0.07458374
v 0.427642 -0.1121396 -0.07876892
v 0.4325976 -0.01253326 -0.07312134
v 0.2797267 -0.2402013 -0.07810547
v 0.2792727 -0.1438195 -0.07306427
v 0.4058133 -0.01241062 -0.07006256
v 0.3819744 -0.01248131 -0.06823395
v 0.348732 -0.01257992 -0.06698517
v 0.3067589 -0.01270443 -0.06572174
v 0.2825821 -0.01277615 -0.06508453
v -0.3273835 -0.1516965 -0.8966053
v -0.332729 -0.1991773 -0.872616
v -0.2897162 -0.211879 -0.7890677
v -0.272992 -0.1515296 -0.8075934
v -0.2461442 -0.2212869 -0.6919882
v -0.2284049 -0.1513907 -0.7007444
v -0.2175228 -0.2304127 -0.619151
v -0.2022466 -0.1519116 -0.6331897
v -0.1932783 -0.2342055 -0.5694031
v -0.1443272 -0.2372093 -0.4857483
v -0.08617722 -0.2524555 -0.411738
v -0.0984506 -0.2469033 -0.3804843
v -0.09948585 -0.3006464 -0.3799371
v -0.07511228 -0.3312598 -0.3046643
v -0.06518596 -0.323701 -0.2992749
v -0.08869553 -0.3375772 -0.3164276
v -0.1395794 0.2234782 -0.5164355
v -0.1810484 0.2247633 -0.5815808
v -0.1604933 0.3081893 -0.5027872
v -0.1968303 0.3104728 -0.5708377
v -0.08192933 0.2118366 -0.4154199
v -0.09678405 0.2915994 -0.3965863
v -0.09892426 0.2177612 -0.3771307
v -0.1003253 0.2938898 -0.3706
v -0.1003109 0.2210793 -0.3625418
v -0.1006213 0.3010131 -0.357001
v -0.09713068 0.1418638 -0.3346768
v -0.09234478 0.2241849 -0.3369159
v -0.09611798 0.3049135 -0.3308038
v -0.06669003 0.1419556 -0.3097751
v -0.066335 0.2221128 -0.3113019
v -0.0686507 0.3004633 -0.3097821
v -0.2435671 0.3063507 -0.6487497
v -0.2176264 0.2243031 -0.6488956
v -0.2089189 0.1455926 -0.6355881
v -0.2945163 0.2931757 -0.7350891
v -0.249676 0.2179502 -0.7286667
v -0.2334569 0.1414144 -0.7015982
v -0.3291275 0.2710723 -0.8247614
v -0.2875877 0.20774 -0.8221253
v -0.2673078 0.1413077 -0.8041162
v -0.3526523 0.2600105 -0.8812088
v -0.3169402 0.2019316 -0.8873828
v -0.2981336 0.1412115 -0.8802179
v -0.006079624 0.1421362 -0.2995993
v 0.016897 0.1422071 -0.2556253
v 0.003677035 0.2185622 -0.2551373
v -0.0181371 0.2176701 -0.2992218
v -0.02081133 0.2835359 -0.2555985
v -0.04490402 0.2836378 -0.2999664
v 0.1150918 0.1425023 -0.1949921
v 0.1535871 0.1426183 -0.1653308
v 0.1562781 0.2400478 -0.1653418
v 0.1094587 0.2302001 -0.1998416
v 0.1417971 0.2982448 -0.1671411
v 0.09736217 0.2890109 -0.2004315
v 0.2012867 0.1427638 -0.1018192
v 0.2136059 0.1428015 -0.08307496
v 0.2144727 0.2595406 -0.08511353
v 0.2022976 0.2602206 -0.102597
v 0.2062372 0.3056608 -0.08765839
v 0.1866596 0.3021068 -0.1121829
v 0.2285791 0.1428464 -0.07473938
v 0.2318039 0.2591296 -0.07928894
v 0.2184586 0.3100652 -0.08529541
v 0.2782899 0.1429942 -0.07303558
v 0.28239 0.259586 -0.08063233
v 0.2575918 0.3735463 -0.09236512
v 0.3000407 0.1393272 -0.07426941
v 0.3025138 0.2491625 -0.0806659
v 0.308624 0.335633 -0.08909821
v 0.3406675 0.1325469 -0.07451416
v 0.3392459 0.2352937 -0.0810257
v 0.3591275 0.2999991 -0.09238862
v 0.3738568 0.1067611 -0.07486694
v 0.3786938 0.1899833 -0.08049378
v 0.3854525 0.263386 -0.08766266
v 0.3996339 0.06486298 -0.07401398
v 0.3997441 0.1620904 -0.07993164
v 0.4056635 0.2250074 -0.08531037
v 0.4313503 0.1097678 -0.07938599
v 0.4294113 0.1726616 -0.08236695
v 0.4524163 0.07663322 -0.07882355
v -0.3463872 0.2012284 -0.9438922
v -0.3412521 0.1410788 -0.9582877
v -0.3634385 0.2579537 -0.905167
v -0.199305 0.3382874 -0.4568512
v -0.2434249 0.3424976 -0.5218729
v -0.1227384 0.3263175 -0.3614935
v -0.2947464 0.3443664 -0.5930466
v -0.3523441 0.3420912 -0.6754181
v -0.3836968 0.3295031 -0.7702332
v -0.373398 0.3010278 -0.8349243
v -0.3720444 0.2760985 -0.8870572
v -0.051221 0.3221474 -0.2576868
v -0.08174883 0.3221363 -0.3039252
v -0.1022217 0.3243946 -0.3302496
v -0.1152832 0.3250072 -0.3488809
v 0.287611 0.06594257 -0.6693897
v 0.278887 0.06560696 -0.5923721
v 0.2805026 0.06561623 -0.5185824
v 0.2971426 0.06696899 -0.4451855
v 0.2859664 0.06211803 -0.5414044
v 0.2859193 0.0621162 -0.5690729
v 0.3593602 0.06234943 -0.318978
v 0.4360086 0.06125092 -0.2144531
v 0.287734 0.06212254 -0.5534372
v 0.3261795 0.06224735 -0.3778677
v 0.2923374 0.1429772 -0.6698899
v 0.2858594 0.1310669 -0.5840344
v 0.289503 0.1359537 -0.5360062
v 0.3111573 0.162046 -0.4500275
v 0.2883436 0.1185457 -0.5471417
v 0.2862082 0.1237059 -0.5670383
v 0.3540056 0.157369 -0.3225842
v 0.417811 0.1544012 -0.2197388
v 0.2888841 0.1324699 -0.5554974
v 0.3285714 0.1572898 -0.3826898
v 0.2897282 0.148484 -0.5568921
v 0.3281242 0.242704 -0.3213428
v 0.3848777 0.2398824 -0.2197794
v 0.2778254 0.2473589 -0.4487735
v 0.2958356 0.2426045 -0.3814368
v 0.2988083 0.1740215 -0.5714575
v 0.299935 0.1788038 -0.5179449
v 0.304102 0.1430077 -0.7417035
v 0.2910141 0.2354374 -0.7408524
v 0.2947534 0.2345522 -0.6665607
v 0.3173795 0.1430424 -0.8201981
v 0.2995355 0.235458 -0.8185041
v 0.3296141 0.1430736 -0.9043619
v 0.3119679 0.2329844 -0.8936579
v 0.3336259 0.1430798 -0.9987189
v 0.3111756 0.2287998 -0.9888245
v 0.2874562 0.2479873 -0.5051337
v 0.2985975 0.237173 -0.5851645
v -0.03823469 -0.2776948 -1.241451
v 0.09019531 -0.2716736 -1.231537
v -0.1347816 -0.279201 -1.198073
v 0.1611161 -0.2706712 -1.193213
v 0.2140991 -0.234661 -1.196882
v 0.2369503 -0.2159022 -1.193346
v -0.0375793 -0.2287662 -1.244138
v 0.08946052 -0.2311153 -1.233029
v -0.1321801 -0.2215882 -1.224904
v 0.1641743 -0.2283648 -1.214977
v 0.2136045 -0.2066844 -1.211486
v 0.2388953 -0.1811361 -1.200888
v -0.03210177 -0.1805255 -1.253389
v 0.09211831 -0.1844115 -1.245851
v -0.1319254 -0.1768723 -1.233848
v 0.1652223 -0.1832441 -1.230181
v 0.2163616 -0.1781244 -1.216261
v 0.09687668 -0.151507 -1.253744
v -0.01763561 -0.1579147 -1.252148
v 0.1815487 -0.1512544 -1.23397
v 0.2256844 -0.1511224 -1.217273
v 0.2480574 -0.1510552 -1.204731
v 0.03153296 0.3623084 -0.4433548
v -0.02441462 0.3770441 -0.4336551
v 0.04900585 0.4055784 -0.3691626
v 0.107593 0.3851881 -0.3779932
v 0.09264142 0.4596542 -0.3054944
v 0.1556217 0.4300381 -0.3160785
v -0.02749989 0.4376966 -0.7402338
v -0.1180512 0.4401111 -0.7212097
v -0.09823448 0.3979718 -0.6465995
v 0.003287325 0.3578454 -0.6501627
v -0.03656643 0.4814746 -0.8169593
v -0.1258936 0.4844878 -0.8168076
v -0.0367326 0.491304 -0.8974716
v -0.1323281 0.4877421 -0.8960511
v -0.03807823 0.4725194 -0.9817545
v -0.1172994 0.4606612 -0.9828769
v -0.07529753 0.3721168 -0.5628064
v -0.003627625 0.3556393 -0.5786453
v -0.05198728 0.3656334 -0.4994211
v 0.007851356 0.3541874 -0.5105527
v 0.3429518 0.3164253 -0.2131281
v 0.2805239 0.3208536 -0.3142514
v 0.2312537 0.3720608 -0.3149967
v 0.3096372 0.3629535 -0.216283
v 0.2255866 0.3206869 -0.3737311
v 0.1662062 0.3239651 -0.4427081
v 0.1163499 0.3411024 -0.4434976
v 0.1777973 0.3550021 -0.3754349
v 0.1888639 0.3127808 -0.6622589
v 0.2113903 0.3125453 -0.7339722
v 0.1773621 0.3309217 -0.7351728
v 0.1510891 0.3245898 -0.6584232
v 0.2326677 0.3063453 -0.8107126
v 0.1991063 0.3343536 -0.8236405
v 0.2464545 0.3111793 -0.8852869
v 0.2186057 0.3313322 -0.8974546
v 0.2555926 0.305411 -0.9814276
v 0.2113325 0.3354242 -0.9840775
v 0.1764201 0.3130468 -0.5805032
v 0.1285744 0.3230375 -0.5829373
v 0.1503522 0.321529 -0.5212717
v 0.1066452 0.3315325 -0.5150854
v 0.3053524 0.2857584 -0.3183331
v 0.3634713 0.2800382 -0.2163391
v 0.2199562 0.2944379 -0.4458423
v 0.2612591 0.2844318 -0.3778299
v 0.2506992 0.2894451 -0.7366611
v 0.2408672 0.297169 -0.6628894
v 0.2671145 0.2859129 -0.8138413
v 0.2826124 0.2805898 -0.8898993
v 0.2843769 0.2764169 -0.9849332
v 0.2367356 0.301036 -0.5820352
v 0.214137 0.3033572 -0.5139148
v 0.1206356 0.365622 -0.7375937
v 0.07930547 0.3497092 -0.6532727
v 0.1562383 0.3687974 -0.8197959
v 0.1774943 0.3664715 -0.900344
v 0.1685461 0.3682281 -0.9808411
v 0.09948836 0.416611 -0.8184445
v 0.06947965 0.3995393 -0.7403961
v 0.1182329 0.4163641 -0.8926984
v 0.1319805 0.3985184 -0.9770069
v 0.1144902 0.4859585 -0.2049951
v 0.0401926 0.4711218 -0.2992935
v -0.01584326 0.4690714 -0.3052466
v 0.04556012 0.4957839 -0.2049295
v -0.07235144 0.3812736 -0.4281814
v -0.002564535 0.4134721 -0.3664557
v -0.1384116 0.3985486 -0.4254974
v -0.06916604 0.4282632 -0.3501654
v -0.2425906 0.4427221 -0.714708
v -0.2004989 0.4113776 -0.6438065
v -0.2466171 0.4736989 -0.8090534
v -0.2215881 0.4767491 -0.8808023
v -0.1864602 0.4550918 -0.9752109
v -0.1534346 0.3856808 -0.5610852
v -0.1067453 0.3810554 -0.4894894
v -0.1762376 0.3951549 -0.4769913
v -0.3017281 0.4458247 -0.7158658
v -0.2580957 0.4163598 -0.6426435
v -0.3424398 0.4479931 -0.7239231
v -0.2948502 0.4162509 -0.6364972
v -0.3141602 0.4718327 -0.8116489
v -0.3489229 0.4658503 -0.8056485
v -0.2819584 0.4670326 -0.889505
v -0.3251338 0.4656187 -0.8748499
v -0.2392573 0.441226 -0.9763779
v -0.2912374 0.4341226 -0.9742453
v -0.2221378 0.3979081 -0.5468402
v -0.2129465 0.390955 -0.541297
v 0.4945428 0.06088448 -0.1077759
v 0.4709003 0.1551998 -0.1081634
v 0.4233288 0.2406014 -0.1054178
v 0.3900341 0.2807349 -0.1022751
v 0.3506575 0.317083 -0.0993158
v 0.1963214 0.399222 -0.3153772
v 0.2436137 0.4335838 -0.2111081
v 0.1815171 0.4596255 -0.2137503
v 0.08317145 0.3504759 -0.4428796
v 0.1451997 0.3742729 -0.3763101
v 0.05983393 0.3292312 -0.580441
v 0.07342229 0.3388845 -0.5141562
v 0.3086565 0.3600044 -0.1157333
v 0.2591273 0.3906718 -0.1092218
v 0.3266965 0.1430566 -1.042737
v 0.3024464 0.2289452 -1.032803
v 0.3150198 0.1430183 -1.10113
v 0.2847831 0.229704 -1.097446
v 0.2330162 0.3103983 -1.025145
v 0.1937369 0.3268742 -1.034975
v 0.1973169 0.3078639 -1.095119
v 0.1470708 0.3276256 -1.104086
v 0.2695929 0.2783199 -1.028978
v 0.2374353 0.2811605 -1.099552
v 0.05388156 0.3473152 -1.126573
v 0.1030179 0.3590879 -1.062499
v 0.1471111 0.3443183 -1.051251
v -0.08952711 0.3835505 -1.060915
v -0.157434 0.3800712 -1.051993
v -0.04426239 0.3604356 -1.115085
v -0.13984 0.3529996 -1.10989
v -0.2331262 0.3629141 -1.071832
v -0.2140268 0.391528 -1.021706
v -0.02789948 0.3870116 -1.063536
v -0.2716966 0.3866448 -1.018647
v 0.2792962 0.1627157 -1.16717
v 0.2399092 0.1800501 -1.195455
v 0.2153055 0.2158306 -1.199938
v 0.2480068 0.2321132 -1.167576
v 0.1605283 0.2637272 -1.197274
v 0.1932295 0.2800097 -1.164912
v 0.02288624 0.3067609 -1.190183
v 0.03116172 0.3001883 -1.219588
v -0.02635802 0.3000176 -1.21949
v -0.05253314 0.305643 -1.189634
v 0.144284 0.3035463 -1.168913
v 0.1236795 0.2930133 -1.203736
v 0.08088809 0.2988457 -1.221614
v 0.08947197 0.306959 -1.183559
v -0.0581793 0.2999231 -1.219195
v -0.0929745 0.3076096 -1.180722
v -0.09913294 0.2947358 -1.207723
v -0.1483446 0.2975447 -1.174545
v 0.02241429 0.2956912 -1.233398
v -0.01326339 0.2958833 -1.233338
v 0.05445996 0.2942963 -1.230542
v -0.03849601 0.2967027 -1.228515
v 0.09351048 0.2529065 -1.229459
v -0.04549757 0.2539494 -1.240846
v -0.08620784 0.2487326 -1.226769
v 0.03527857 0.2498203 -1.245453
v -0.0003811848 0.2504424 -1.246585
v 0.06731331 0.2484596 -1.237759
v -0.02584806 0.2510951 -1.244455
v -0.04463793 0.2088093 -1.242036
v 0.01429213 0.2097121 -1.247203
v 0.03030493 0.2090315 -1.246038
v 0.06379031 0.2084032 -1.239836
v 0.186965 0.1777383 -1.223209
v 0.1666399 0.2231989 -1.214409
v 0.1121593 0.2360652 -1.218555
v 0.1121598 0.2256599 -1.224016
v 0.1418077 0.1712283 -1.236594
v 0.07098456 0.1422845 -1.256248
v 0.06774452 0.1922806 -1.245973
v 0.01509108 0.190919 -1.247833
v 0.02803878 0.1421569 -1.2572
v -0.03364567 0.1419739 -1.255843
v -0.04615364 0.194511 -1.245096
v -0.1078448 0.1417544 -1.242902
v -0.1203569 0.1950195 -1.233347
v -0.09370609 0.3923629 -0.3096576
v -0.1416448 0.3597157 -0.3668808
v -0.2037766 0.3432227 -0.4537741
v -0.2497948 0.3490513 -0.5154919
v 0.02160604 0.4229411 -0.7403162
v 0.03511331 0.4574096 -0.8166721
v 0.05014925 0.465932 -0.895102
v 0.05004204 0.4501308 -0.9856769
v 0.04257462 0.37828 -1.063655
v -0.296944 0.3309115 -1.027427
v -0.324727 0.3786359 -0.9833527
v -0.2576241 0.307123 -1.080328
v -0.3022911 0.2239652 -1.028669
v -0.3329573 0.2389729 -0.9845874
v -0.2624275 0.2177902 -1.081572
v -0.3023563 0.1411895 -1.036211
v -0.3332756 0.1411004 -0.9921283
v -0.2601292 0.1413116 -1.090377
v -0.1711942 0.1415694 -1.192426
v -0.1749211 0.1966576 -1.184876
v -0.1729673 0.2419517 -1.183624
v 0.2979007 0.1429655 -1.132829
v 0.2672466 0.2380697 -1.131537
v 0.1726954 0.3057386 -1.13138
v 0.1197882 0.3231643 -1.142613
v 0.03922629 0.3312689 -1.157573
v 0.2167977 0.2814315 -1.131454
v -0.04677055 0.3368821 -1.151561
v -0.1167549 0.3346809 -1.144728
v -0.1924311 0.3315368 -1.121134
v -0.2182754 0.2757867 -1.129455
v -0.2207602 0.2078468 -1.131963
v -0.2181917 0.1414331 -1.139511
v -0.3437012 0.2087773 -0.9520313
v -0.3396568 0.1410831 -0.9650559
v -0.3556962 0.2820902 -0.9208039
v -0.373601 0.3033434 -0.9044327
v -0.3926559 0.3321191 -0.8432511
v -0.3767421 0.3567725 -0.7773163
v -0.3503633 0.3632716 -0.685119
v -0.2947672 0.3587433 -0.6017367
v 0.1480037 0.472792 -0.2093729
v 0.4874413 -0.09589875 -0.1383972
v 0.4965852 -0.02291542 -0.1376865
v 0.4668424 -0.1777702 -0.1357886
v 0.4284626 -0.2433441 -0.1320932
v 0.2485474 -0.3539792 -0.1229156
v 0.3216056 -0.3266884 -0.1284503
v 0.3654649 -0.3001412 -0.1299728
v 0.4076079 -0.2660351 -0.1323282
v 0.4909446 0.06137154 -0.137821
v 0.4691189 0.15446 -0.139855
v 0.4250607 0.2398807 -0.1377783
v 0.3625756 0.3176543 -0.1323148
v 0.3094566 0.3691485 -0.13418
v 0.3952791 0.2800333 -0.1353046
v 0.2556007 0.4082203 -0.1318701
v 0.4737194 -0.02366413 -0.171767
v 0.4660365 -0.09538166 -0.1727356
v 0.4508278 -0.1772873 -0.1673117
v 0.415031 -0.2453839 -0.162868
v 0.2321394 -0.3630717 -0.1452502
v 0.3056166 -0.3351157 -0.1537173
v 0.3539736 -0.3047283 -0.1585965
v 0.3947073 -0.269351 -0.161944
v 0.4686643 0.06062603 -0.1720129
v 0.4480068 0.1549786 -0.1742493
v 0.4080472 0.2404216 -0.1729526
v 0.3178072 0.3660114 -0.1716821
v 0.3577462 0.3169613 -0.1672678
v 0.3840635 0.2805846 -0.1703021
v 0.2501248 0.4178541 -0.1663324
v 0.1661862 0.1426584 -0.1219101
v 0.1909567 0.2540705 -0.1226703
v 0.1785929 0.3003348 -0.1270203
v 0.1719588 0.4631596 -0.1944516
v -0.3400091 0.2407565 -0.9727429
v -0.3369448 0.1410905 -0.9765619
v -0.3388928 0.3736038 -0.9606769
v -0.3475764 0.3977325 -0.9425489
v -0.3803059 0.4248126 -0.8639969
v -0.3932943 0.421759 -0.7960434
v -0.3469958 0.3992782 -0.7016107
v -0.2948025 0.383184 -0.61651
v -0.2341343 0.365661 -0.5285577
v -0.1920726 0.3652939 -0.4636413
v -0.1474893 0.3743058 -0.3928677
v -0.02447265 0.4537421 -0.2670648
v 0.03594353 0.4749118 -0.1797473
v -0.03004309 0.4429803 -0.2393698
v 0.04514131 0.4598067 -0.1617481
v -0.08327657 0.4076205 -0.3268735
v 0.1403069 0.4679402 -0.16414
v 0.226847 0.3781943 -0.08922272
v 0.220061 0.4012543 -0.09846558
v 0.1802655 0.3984586 -0.09852967
v 0.1972871 0.3755226 -0.09152222
v 0.2114349 0.4136807 -0.1230981
v 0.1678332 0.4213735 -0.113642
v 0.1087592 0.4375707 -0.1338263
v 0.1793898 0.4452875 -0.1500806
v -0.02305054 0.1420856 -0.3024484
v -0.03163251 0.218914 -0.3026041
v -0.05155309 0.2883489 -0.3027149
v 0.1075506 0.3486555 -0.1513956
v 0.02923463 0.345994 -0.1888132
v 0.1006066 0.3686708 -0.1257217
v 0.008712015 0.369641 -0.2097284
v 0.2003277 0.3181183 -0.08873414
v 0.1829497 0.3179144 -0.1125806
v 0.1772494 0.3423304 -0.09254334
v 0.1606839 0.3460429 -0.1027359
v 0.2125549 0.3205659 -0.08645417
v 0.1973737 0.3475676 -0.08943421
v -0.02932603 0.2943472 -0.2561832
v 0.1335645 0.3441659 -0.135986
v 0.1305717 0.3633668 -0.1105771
v 0.06971162 0.3931538 -0.1547617
v -0.01704416 0.3803911 -0.2194873
v -0.06524108 0.3453185 -0.274837
v 0.1973451 0.3567927 -0.0901233
v 0.183526 0.3660931 -0.09381958
v 0.1715695 0.37929 -0.1136157
v 0.1166379 0.3846924 -0.13168
v 0.03672131 0.1422675 -0.2289877
v 0.02362715 0.2200051 -0.2314914
v 0.004911205 0.2821858 -0.2310816
v -0.02509004 0.3257858 -0.2300162
v -0.02116148 0.3456845 -0.220029
v -0.04066614 0.3626118 -0.244137
v 0.2342472 -0.3253911 -0.09986298
v 0.2200647 -0.3298416 -0.121398
v -0.2089189 0.1455926 -0.6355881
v -0.1886188 0.1456726 -0.6727094
v -0.1535206 0.1419597 -0.5847421
v -0.1829646 0.1418726 -0.5789453
v -0.2334569 0.1414144 -0.7015982
v -0.2107029 0.1419122 -0.7321186
v -0.2673078 0.1413077 -0.8041162
v -0.2411688 0.1418162 -0.8243845
v -0.2981336 0.1412115 -0.8802179
v -0.2689119 0.1417296 -0.8928763
v -0.3412521 0.1410788 -0.9582877
v -0.3077186 0.1416102 -0.9631391
v 0.2923374 0.1429772 -0.6698899
v 0.2742513 0.1429237 -0.6665921
v 0.2731002 0.1433463 -0.7682132
v 0.304102 0.1430077 -0.7417035
v 0.2850499 0.1433774 -0.8388584
v 0.3173795 0.1430424 -0.8201981
v 0.296061 0.1434055 -0.9146057
v 0.3296141 0.1430736 -0.9043619
v 0.2996717 0.143411 -0.999527
v 0.3336259 0.1430798 -0.9987189
v 0.2934352 0.1433901 -1.039144
v 0.3266965 0.1430566 -1.042737
v 0.2829261 0.1433557 -1.091697
v 0.3150198 0.1430183 -1.10113
v 0.2792962 0.1627157 -1.16717
v 0.2507749 0.1610834 -1.151133
v 0.2153266 0.1766843 -1.17659
v 0.2399092 0.1800501 -1.195455
v 0.186965 0.1777383 -1.223209
v 0.1676768 0.1746037 -1.201568
v 0.1270353 0.1687447 -1.213615
v 0.1418077 0.1712283 -1.236594
v 0.0632944 0.1426952 -1.231303
v 0.07098456 0.1422845 -1.256248
v 0.02464318 0.1425804 -1.23216
v 0.02803878 0.1421569 -1.2572
v -0.0308728 0.1424157 -1.230938
v -0.03364567 0.1419739 -1.255843
v -0.097652 0.1422182 -1.219291
v -0.1078448 0.1417544 -1.242902
v -0.3023563 0.1411895 -1.036211
v -0.2727124 0.1417098 -1.03327
v -0.3005398 0.1416296 -0.9935956
v -0.3332756 0.1411004 -0.9921283
v -0.2601292 0.1413116 -1.090377
v -0.234708 0.1418197 -1.082019
v -0.1546665 0.1420517 -1.173864
v -0.1711942 0.1415694 -1.192426
v 0.2675189 0.1433083 -1.120226
v 0.2979007 0.1429655 -1.132829
v -0.1969642 0.141929 -1.126239
v -0.2181917 0.1414331 -1.139511
v -0.3396568 0.1410831 -0.9650559
v -0.3062828 0.1416141 -0.9692304
v -0.303842 0.1416206 -0.9795856
v -0.3369448 0.1410905 -0.9765619
v 0.2939592 -0.1508868 -0.6754261
v 0.2757982 -0.1509404 -0.6715729
v 0.2707524 -0.0903154 -0.6661325
v 0.2883728 -0.09026329 -0.6693805
v 0.2651788 -0.01804127 -0.6629428
v 0.2822038 -0.01799091 -0.6658362
v -0.1858091 0.006421166 -0.5822995
v -0.1560405 0.006509209 -0.5877603
v -0.1510789 -0.1542485 -0.5893503
v -0.1803494 -0.1543351 -0.5840674
v 0.2700205 0.06589054 -0.6661417
v 0.287611 0.06594257 -0.6693897
v -0.117355 -0.1586858 -1.210792
v -0.09804124 -0.1590648 -1.220135
v 0.30068 -0.1508716 -0.7540586
v 0.2692306 -0.1514555 -0.7778742
v 0.3273844 -0.1508072 -0.9983545
v 0.2932647 -0.1513976 -0.9977405
v 0.2883129 -0.1514071 -0.9128208
v 0.3218825 -0.1508178 -0.9039994
v 0.3147052 -0.1508506 -1.093727
v 0.2818534 -0.1514366 -1.083575
v 0.2779059 -0.150965 -1.177527
v 0.248734 -0.1515395 -1.158996
v -0.3263787 -0.1517002 -1.006677
v -0.2951222 -0.1522012 -1.00523
v -0.2097448 -0.1519544 -1.113873
v -0.2315149 -0.1514259 -1.127391
v -0.1475448 -0.1590585 -1.179872
v -0.1624039 -0.1593193 -1.200723
v -0.3565579 -0.1871895 -0.9560041
v -0.3222835 -0.1841417 -0.959625
v -0.3623218 -0.1867122 -0.9399869
v -0.327471 -0.183712 -0.9452097
v -0.3611159 -0.1839094 -0.92693
v -0.3263856 -0.1811895 -0.9334583
v 0.2782345 -0.1514329 -0.8458185
v 0.3106843 -0.1508465 -0.8295523
v -0.3273835 -0.1516965 -0.8966053
v -0.2960265 -0.1521979 -0.9061661
v -0.272992 -0.1515296 -0.8075934
v -0.2470742 -0.1520477 -0.8260556
v -0.2284049 -0.1513907 -0.7007444
v -0.2069458 -0.1519227 -0.7298914
v -0.2022466 -0.1519116 -0.6331897
v -0.1834033 -0.1523915 -0.6690921
v 0.1815487 -0.1512544 -1.23397
v 0.1620125 -0.1518001 -1.209795
v 0.2017346 -0.1516812 -1.194767
v 0.2256844 -0.1511224 -1.217273
v 0.2218703 -0.1516208 -1.18348
v 0.2480574 -0.1510552 -1.204731
v -0.1070008 -0.1584883 -1.188935
v -0.117355 -0.1586858 -1.210792
v -0.08961846 -0.1588294 -1.197343
v -0.09804124 -0.1590648 -1.220135
v -0.01725338 -0.1577943 -1.226155
v -0.01763561 -0.1579147 -1.252148
v 0.0858077 -0.1520274 -1.227591
v 0.09687668 -0.151507 -1.253744
v -0.09061184 -0.1449333 -0.3317331
v -0.08062891 -0.1449042 -0.3417502
v -0.08080307 -0.1449062 -0.3660715
v -0.1008029 -0.1449656 -0.3660373
v -0.05301707 -0.1448201 -0.3058942
v -0.04303413 -0.1447911 -0.315911
v -0.1024165 0.1418462 -0.3650171
v -0.0824166 0.1419056 -0.3650513
v -0.08714775 0.1418928 -0.3446939
v -0.09713068 0.1418638 -0.3346768
v -0.0567071 0.1419847 -0.3197922
v -0.06669003 0.1419556 -0.3097751
v -8.477449e-05 -0.1446621 -0.2921542
v 0.009898155 -0.1446331 -0.3021713
v 0.01993358 -0.1445997 -0.24319
v 0.02991651 -0.1445707 -0.2532068
v 0.04568465 -0.1445222 -0.2254895
v 0.05566759 -0.1444932 -0.2355063
v 0.1091981 -0.144332 -0.1977103
v 0.1191811 -0.1443029 -0.2077274
v 0.1632314 -0.1441689 -0.1547153
v 0.1732143 -0.1441399 -0.1647321
v 0.1983179 -0.1440618 -0.1066339
v 0.2083008 -0.1440328 -0.116651
v 0.213175 -0.1440163 -0.08236573
v 0.2231579 -0.1439872 -0.09238282
v 0.229198 -0.1439682 -0.07421783
v 0.2391809 -0.1439392 -0.08423462
v 0.2792727 -0.1438195 -0.07306427
v 0.2792387 -0.1438208 -0.09306427
v -0.006079624 0.1421362 -0.2995993
v 0.003903305 0.1421652 -0.3096161
v 0.02687994 0.1422361 -0.2656424
v 0.016897 0.1422071 -0.2556253
v 0.1150918 0.1425023 -0.1949921
v 0.1250747 0.1425313 -0.2050092
v 0.1635701 0.1426474 -0.1753479
v 0.1535871 0.1426183 -0.1653308
v 0.2012867 0.1427638 -0.1018192
v 0.2112697 0.1427928 -0.1118362
v 0.2235888 0.1428306 -0.09309205
v 0.2136059 0.1428015 -0.08307496
v 0.238562 0.1428755 -0.08475647
v 0.2285791 0.1428464 -0.07473938
v 0.2782558 0.1429929 -0.09303559
v 0.2782899 0.1429942 -0.07303558
v 0.1761692 0.1426874 -0.1319269
v 0.1661862 0.1426584 -0.1219101
v -0.0130676 0.1421146 -0.3124655
v -0.02305054 0.1420856 -0.3024484
v 0.04670423 0.1422966 -0.2390045
v 0.03672131 0.1422675 -0.2289877
v -0.08201666 0.006290131 -0.3665973
v -0.1020165 0.006230774 -0.3665631
v 0.2825481 -0.01277748 -0.08508454
v 0.2825821 -0.01277615 -0.06508453
v 0.1367279 0.1443241 -0.82418
v 0.1358347 0.1443274 -0.7733625
v 0.006217325 0.1443049 -0.9083982
v 0.04893077 0.1443089 -0.9163343
v -0.1603576 -0.1456975 -0.6796613
v 0.1462773 -0.1456683 -0.7235926
v 0.1358651 -0.1456726 -0.7733432
v -0.1875 -0.1457066 -0.7745963
v -0.03643628 -0.1457001 -0.9164145
v 0.006247736 -0.1456951 -0.9083789
v -0.07334023 -0.1457054 -0.9393219
v -0.2010003 -0.1457144 -0.8724054
v -0.09948587 -0.1457104 -0.9740128
v -0.2006045 -0.1457209 -0.9711392
v 0.1367583 -0.1456758 -0.8241608
v 0.04896118 -0.1456911 -0.916315
v 0.05243361 0.4548819 -0.7788034
v 0.08418909 0.4402788 -0.7915753
v 0.08751132 0.4512173 -0.8328009
v 0.05315355 0.472973 -0.8271945
v 0.09084271 0.4541975 -0.8736829
v 0.05315355 0.4801255 -0.8742685
v 0.09442032 0.4527957 -0.9138474
v 0.05881716 0.4801977 -0.919404
v -0.1604268 0.504369 -0.7995716
v -0.1116172 0.4946775 -0.7749988
v -0.1366664 0.5126101 -0.8283557
v -0.1761723 0.5123121 -0.8409711
v -0.1591534 0.5158883 -0.8799283
v -0.1900221 0.5132061 -0.8817792
v -0.1879898 0.5065984 -0.9281818
v -0.2014078 0.5063003 -0.9219315
v -0.2121785 0.504965 -0.8106107
v -0.2221348 0.5087357 -0.846702
v -0.2295344 0.5084377 -0.8827555
v -0.2341881 0.5021281 -0.9181851
v -0.2433 0.5037729 -0.8151862
v -0.2529927 0.5060536 -0.848591
v -0.2600774 0.5042654 -0.8818106
v -0.2641586 0.4976577 -0.9144388
v -0.2644468 0.5027087 -0.8227866
v -0.2747192 0.5033713 -0.8493784
v -0.2813316 0.5015832 -0.8753556
v -0.2847633 0.4970617 -0.9008585
v -0.2932959 0.5000419 -0.8693683
v -0.2835327 0.5018146 -0.8411008
v 0.1215348 0.4116685 -0.7900934
v 0.1299866 0.4163486 -0.8316059
v 0.1386953 0.4139644 -0.8730854
v 0.1466461 0.4089863 -0.9143039
v 0.1542124 0.3842503 -0.7876963
v 0.1613452 0.3874403 -0.8280213
v 0.1676821 0.3871423 -0.8685773
v 0.1737995 0.3848464 -0.9092273
v 0.1894909 0.3577263 -0.7949826
v 0.1966145 0.3567439 -0.8271158
v 0.2009598 0.357042 -0.8585105
v 0.2050875 0.3559381 -0.8897605
v 0.2119697 0.3419311 -0.8153598
v 0.2188444 0.3413351 -0.8583972
v 0.05207522 0.3773797 -0.6389731
v 0.03537969 0.3901947 -0.6540399
v 0.005927556 0.4002553 -0.6550022
v 0.01332031 0.3892285 -0.6398062
v -0.02309587 0.4083019 -0.6550022
v -0.0251494 0.3999573 -0.6398059
v -0.05094847 0.4146326 -0.6540396
v -0.0623503 0.4092682 -0.6389731
v 0.02275624 0.406288 -0.6739929
v -0.0007806843 0.4142624 -0.675127
v -0.02378036 0.4208189 -0.675127
v -0.04565474 0.4259576 -0.6739929
v 0.01786974 0.4202951 -0.6935391
v -0.004340165 0.4285675 -0.694841
v -0.02597081 0.43423 -0.694841
v -0.04646918 0.4384745 -0.6935391
v 0.01705532 0.4307259 -0.7094202
v -0.007215124 0.4401904 -0.7108585
v -0.03089931 0.447045 -0.7108585
v -0.05189102 0.4502016 -0.7094202
v 0.01868414 0.4411567 -0.7257086
v -0.009542475 0.4518133 -0.727287
v -0.03719686 0.4592639 -0.727287
v -0.06207124 0.4627186 -0.7257083
v 0.02319472 0.4489214 -0.7416837
v -0.01036389 0.4625422 -0.7433048
v -0.04376819 0.4708868 -0.7433045
v -0.07428749 0.4743416 -0.7415897
v 0.03209959 0.4545838 -0.7579987
v -0.009953184 0.4723769 -0.759733
v -0.05198236 0.4828078 -0.759733
v -0.09098301 0.4853684 -0.7578778
v -0.002624085 0.4807216 -0.7790082
v -0.05840174 0.4935366 -0.7778958
v -0.1598022 0.5024261 -0.9499936
v -0.1033758 0.5158883 -0.9281147
v -0.09881787 0.5093318 -0.9495551
v -0.02511111 0.511716 -0.9247287
v -0.03790155 0.5090338 -0.9456098
v 0.02807281 0.4924167 -0.938259
v -0.1474159 0.4884189 -0.9763819
v -0.09723081 0.4950267 -0.9762033
v -0.0472202 0.4983049 -0.9722916
v 0.005864846 0.4915226 -0.9658249
v -0.1362434 0.4593361 -1.010635
v -0.09471877 0.4640323 -1.010172
v -0.05389958 0.4708868 -1.005464
v -0.01210053 0.4742373 -0.9976966
v -0.1184444 0.4343021 -1.037021
v -0.08695044 0.4366141 -1.035699
v -0.05761968 0.4425746 -1.030991
v -0.02746299 0.4509914 -1.024142
v -0.04944213 0.4310239 -1.046627
v -0.08689772 0.4256595 -1.051274
v -0.07339309 0.5143983 -0.8279688
v -0.01011975 0.5030733 -0.8275818
v -0.08838445 0.5203586 -0.8780417
v -0.01761543 0.512312 -0.8761551
v 0.04378448 0.3559221 -0.537731
v 0.07893286 0.3481734 -0.5339133
v 0.0784465 0.3486973 -0.5659427
v 0.04621533 0.35734 -0.5717309
v 0.0780145 0.3546578 -0.5980423
v 0.04900267 0.3647906 -0.6057684
v 0.07764791 0.3645647 -0.6293915
v 0.1190549 0.3384866 -0.5294339
v 0.1142445 0.3397566 -0.5618515
v 0.1093612 0.344823 -0.5943774
v 0.1043139 0.354432 -0.6261807
v 0.1468588 0.3313341 -0.5296496
v 0.1437682 0.33171 -0.5613669
v 0.1384084 0.3358823 -0.5934082
v 0.1326414 0.3442992 -0.6247391
v 0.1699215 0.3240336 -0.545069
v 0.1657322 0.3257495 -0.571532
v 0.1609796 0.3290278 -0.5956671
v 0.1556222 0.3350604 -0.61914
v 0.1804284 0.3210534 -0.570397
v 0.1744564 0.3252257 -0.5999615
v -0.1652927 0.4109842 -0.5659833
v -0.1682526 0.4151565 -0.5852063
v -0.1806835 0.4182403 -0.5870831
v -0.1751872 0.4128758 -0.5635992
v -0.1602227 0.4075114 -0.54672
v -0.1691896 0.4197304 -0.6048764
v -0.1446998 0.4109842 -0.591
v -0.1455428 0.4185383 -0.6179416
v -0.1417084 0.4053217 -0.564393
v -0.1369713 0.401551 -0.5383118
v -0.09350088 0.3993613 -0.5955029
v -0.09318979 0.4089572 -0.6240069
v -0.09178481 0.3925067 -0.5671167
v -0.08857448 0.3887046 -0.5387591
v -0.05897397 0.3936988 -0.6067575
v -0.05432887 0.383268 -0.5737094
v -0.04853371 0.3776778 -0.5406729
v -0.02298702 0.3841621 -0.6068634
v -0.02082463 0.3743273 -0.5739209
v -0.01777659 0.3699291 -0.5409878
v 0.01277955 0.3749233 -0.6063553
v 0.01223878 0.3659827 -0.5729047
v 0.01232491 0.3623285 -0.5395816
v 0.1190549 0.3031752 -0.5294339
v 0.1468588 0.2960227 -0.5296496
v 0.07893286 0.3128621 -0.5339133
v 0.1699214 0.2887222 -0.545069
v 0.1804284 0.285742 -0.570397
v 0.1744564 0.2899143 -0.5999615
v 0.1556222 0.2997491 -0.61914
v 0.1326414 0.3089877 -0.6247391
v 0.1043139 0.3191206 -0.6261807
v 0.07764791 0.3292533 -0.6293915
v 0.05207522 0.3420683 -0.6389731
v 0.0353797 0.3548833 -0.6540399
v 0.02275624 0.3709766 -0.6739929
v 0.01786974 0.3849837 -0.6935391
v 0.01705532 0.3954145 -0.7094202
v 0.01868414 0.4058452 -0.7257086
v 0.02319472 0.41361 -0.7416837
v 0.03209959 0.4192724 -0.7579987
v 0.05243361 0.4195705 -0.7788034
v -0.05094846 0.3793212 -0.6540399
v -0.06235029 0.3739567 -0.6389731
v -0.04565474 0.3906461 -0.6739929
v -0.04646917 0.4031631 -0.6935391
v -0.05189102 0.4148903 -0.7094202
v -0.06207124 0.4274072 -0.7257086
v -0.07428749 0.4390301 -0.7415897
v -0.09098301 0.4500571 -0.7578778
v 0.04378448 0.3206106 -0.537731
v 0.08418909 0.4049673 -0.7915753
v -0.1116172 0.4593661 -0.7749988
v -0.2121785 0.4696536 -0.8106107
v -0.1604268 0.4690575 -0.7995713
v -0.2433 0.4684615 -0.8151862
v -0.2835327 0.4665031 -0.8411008
v -0.2644468 0.4673972 -0.8227866
v -0.2932959 0.4647304 -0.8693683
v -0.2847633 0.4617502 -0.9008585
v -0.2641586 0.4623463 -0.9144388
v -0.2341881 0.4668166 -0.9181851
v -0.2014078 0.4709889 -0.9219315
v -0.1879898 0.471287 -0.9281815
v -0.1455428 0.3832268 -0.6179416
v -0.1691896 0.3844189 -0.6048764
v -0.1806835 0.3829288 -0.5870831
v -0.1751872 0.3775644 -0.5635992
v -0.1602228 0.3722 -0.54672
v -0.1369713 0.3662395 -0.5383115
v -0.08857447 0.3533932 -0.5387591
v -0.04853371 0.3423663 -0.5406729
v -0.09318979 0.3736458 -0.6240069
v 0.1215348 0.376357 -0.7900934
v 0.1542124 0.348939 -0.7876963
v 0.1894909 0.3224148 -0.7949826
v 0.2119697 0.3066197 -0.8153598
v 0.2188444 0.3060236 -0.8583972
v 0.2050875 0.3206267 -0.8897605
v 0.1737995 0.349535 -0.9092273
v 0.1466461 0.3736748 -0.9143039
v 0.09442032 0.4174843 -0.9138474
v 0.05881716 0.4448863 -0.919404
v -0.1598022 0.4671146 -0.9499936
v -0.1474159 0.4531076 -0.9763819
v -0.1362434 0.4240246 -1.010635
v -0.1184443 0.3989907 -1.037022
v -0.08689772 0.390348 -1.051274
v -0.04944213 0.3957124 -1.046627
v -0.02746297 0.41568 -1.024142
v -0.01210053 0.4389258 -0.9976966
v 0.005864846 0.4562112 -0.9658249
v 0.02807281 0.4571052 -0.938259
v 0.01232493 0.327017 -0.5395816
v -0.01777659 0.3346177 -0.5409878
vt 0.08026868 0.6649991
vt 0.08577245 0.6535249
vt 0.07971715 0.6508211
vt 0.08026868 0.6649991
vt 0.07167059 0.6576503
vt 0.07258188 0.6627736
vt 0.07258188 0.6627736
vt 0.07430005 0.6647726
vt 0.07638269 0.6656293
vt 0.108016 0.6644342
vt 0.1005094 0.6644342
vt 0.1034145 0.6656293
vt 0.1000604 0.6635682
vt 0.1005094 0.6644342
vt 0.108016 0.6644342
vt 0.1000604 0.6635682
vt 0.1108077 0.6600428
vt 0.1059641 0.6506659
vt 0.1696934 0.2066969
vt 0.1733053 0.2081818
vt 0.173421 0.2056641
vt 0.1547706 0.2023463
vt 0.1585919 0.205268
vt 0.1594063 0.2033695
vt 0.1603867 0.1978716
vt 0.1627318 0.2010392
vt 0.1628158 0.1972006
vt 0.1664005 0.2116145
vt 0.1669592 0.2154243
vt 0.1692317 0.2143344
vt 0.03835451 0.1551556
vt 0.03747457 0.1558152
vt 0.03851723 0.1554984
vt 0.04561728 0.1551556
vt 0.04545456 0.1554985
vt 0.04649722 0.1558152
vt 0.160912 0.3061299
vt 0.1648248 0.305817
vt 0.163756 0.3035351
vt 0.1460401 0.3059425
vt 0.1502773 0.308084
vt 0.1508482 0.3060985
vt 0.1513774 0.3119931
vt 0.1475569 0.3129615
vt 0.1490131 0.3150182
vt 0.1603479 0.3120201
vt 0.1625791 0.3151787
vt 0.1640832 0.313157
vt 0.1156106 0.174601
vt 0.1010116 0.168699
vt 0.1007618 0.1693431
vt 0.1677653 0.1978711
vt 0.165336 0.1972006
vt 0.1647942 0.2009222
vt 0.0640338 0.2732047
vt 0.06403386 0.2757288
vt 0.06593793 0.275731
vt 0.1647942 0.2009222
vt 0.165336 0.1972006
vt 0.1628158 0.1972006
vt 0.06593954 0.2732032
vt 0.06593614 0.2706734
vt 0.06402891 0.2706784
vt 0.1667593 0.2015574
vt 0.1676214 0.2021348
vt 0.1699283 0.1991644
vt 0.06403386 0.2757288
vt 0.06402921 0.2782508
vt 0.06593167 0.2782566
vt 0.06401908 0.2681503
vt 0.06402891 0.2706784
vt 0.06593614 0.2706734
vt 0.1683623 0.2028602
vt 0.1716692 0.2009867
vt 0.1699283 0.1991644
vt 0.06402921 0.2782508
vt 0.06401968 0.2807709
vt 0.06592148 0.2807798
vt 0.1608512 0.2018937
vt 0.1627318 0.2010392
vt 0.1603867 0.1978716
vt 0.06400418 0.2656203
vt 0.06401908 0.2681503
vt 0.06592774 0.2681414
vt 0.1693866 0.2046543
vt 0.1728619 0.203207
vt 0.1716692 0.2009867
vt 0.06401968 0.2807709
vt 0.06400471 0.28329
vt 0.0659061 0.2833038
vt 0.03835451 0.1551556
vt 0.03851723 0.1554984
vt 0.04024565 0.1542745
vt 0.03995621 0.1539917
vt 0.04024565 0.1542745
vt 0.04147869 0.1524188
vt 0.03747457 0.1558152
vt 0.03835451 0.1551556
vt 0.03639322 0.1556292
vt 0.1594063 0.2033695
vt 0.1608512 0.2018937
vt 0.1582242 0.1991651
vt 0.06589549 0.2630745
vt 0.06398433 0.2630889
vt 0.06400418 0.2656203
vt 0.04147869 0.1524188
vt 0.0419104 0.1502076
vt 0.04149621 0.1502091
vt 0.173421 0.2056641
vt 0.1728619 0.203207
vt 0.1693866 0.2046543
vt 0.0659061 0.2833038
vt 0.06400471 0.28329
vt 0.06398391 0.2858091
vt 0.03639322 0.1556292
vt 0.03445237 0.1553323
vt 0.03432685 0.1557097
vt 0.0419104 0.1502076
vt 0.04151237 0.1480534
vt 0.04114043 0.1481945
vt 0.0324338 0.154646
vt 0.03432685 0.1557097
vt 0.03445237 0.1553323
vt 0.1692417 0.2087128
vt 0.1725235 0.2105775
vt 0.1733053 0.2081818
vt 0.06588512 0.2858271
vt 0.06398391 0.2858091
vt 0.06395763 0.2883274
vt 0.04114043 0.1481945
vt 0.04151237 0.1480534
vt 0.0403698 0.1461401
vt 0.06394946 0.2583692
vt 0.06398433 0.2630889
vt 0.06589549 0.2630745
vt 0.1711326 0.2126793
vt 0.1725235 0.2105775
vt 0.1692417 0.2087128
vt 0.03088617 0.1531042
vt 0.0324338 0.154646
vt 0.03267604 0.1543196
vt 0.0403698 0.1461401
vt 0.03856563 0.1447641
vt 0.03838056 0.1451406
vt 0.06585848 0.2883496
vt 0.06395763 0.2883274
vt 0.06392544 0.2908457
vt 0.1692317 0.2143344
vt 0.1711326 0.2126793
vt 0.1680924 0.210429
vt 0.03000187 0.1510517
vt 0.03088617 0.1531042
vt 0.03122502 0.1528692
vt 0.03856563 0.1447641
vt 0.03642171 0.1441418
vt 0.03638577 0.1445545
vt 0.06582599 0.2908723
vt 0.06392544 0.2908457
vt 0.06388735 0.2933637
vt 0.06391 0.2536475
vt 0.06394946 0.2583692
vt 0.06586188 0.2583542
vt 0.1643951 0.2121086
vt 0.1647566 0.2164193
vt 0.1669592 0.2154243
vt 0.03040045 0.1489055
vt 0.03000187 0.148825
vt 0.03000187 0.1510517
vt 0.03642171 0.1441418
vt 0.03421825 0.14433
vt 0.03433126 0.1447238
vt 0.1623462 0.211845
vt 0.1628294 0.2178788
vt 0.1647566 0.2164193
vt 0.03113162 0.147053
vt 0.03080773 0.146847
vt 0.03000187 0.148825
vt 0.03421825 0.14433
vt 0.03225535 0.1452876
vt 0.03249746 0.1456084
vt 0.03225535 0.1452876
vt 0.03080773 0.146847
vt 0.03113162 0.147053
vt 0.06388735 0.2933637
vt 0.06384336 0.2958816
vt 0.06574374 0.2959149
vt 0.06384336 0.2958816
vt 0.06380105 0.2982962
vt 0.06570166 0.2983277
vt 0.06386572 0.2489235
vt 0.06391 0.2536475
vt 0.06582331 0.2536304
vt 0.06570166 0.2983277
vt 0.06380105 0.2982962
vt 0.06376355 0.3007114
vt 0.06566423 0.300739
vt 0.06376355 0.3007114
vt 0.06373071 0.3031264
vt 0.06381654 0.2441977
vt 0.06386572 0.2489235
vt 0.0657798 0.2489045
vt 0.0656315 0.3031505
vt 0.06373071 0.3031264
vt 0.06370252 0.3055419
vt 0.06370252 0.3055419
vt 0.06367903 0.3079572
vt 0.06558007 0.3079737
vt 0.06376218 0.2394701
vt 0.06381654 0.2441977
vt 0.06573134 0.2441765
vt 0.1434794 0.2757475
vt 0.1453807 0.2757451
vt 0.1453806 0.2732273
vt 0.1434801 0.2732242
vt 0.1453806 0.2732273
vt 0.1453879 0.2707103
vt 0.1434862 0.2782724
vt 0.1453883 0.2782642
vt 0.1453807 0.2757451
vt 0.1434882 0.2707019
vt 0.1453879 0.2707103
vt 0.1454025 0.2681943
vt 0.1435016 0.2807972
vt 0.1454033 0.2807841
vt 0.1453883 0.2782642
vt 0.1435033 0.2681804
vt 0.1454025 0.2681943
vt 0.1454241 0.2656791
vt 0.1435227 0.283321
vt 0.1454238 0.283303
vt 0.1454033 0.2807841
vt 0.1454241 0.2656791
vt 0.1454529 0.2631646
vt 0.1435548 0.2631423
vt 0.14545 0.2858217
vt 0.1454238 0.283303
vt 0.1435227 0.283321
vt 0.1454818 0.2883394
vt 0.14545 0.2858217
vt 0.1435493 0.2858438
vt 0.1435548 0.2631423
vt 0.1454529 0.2631646
vt 0.1455081 0.2584798
vt 0.1436193 0.2908875
vt 0.1455193 0.2908568
vt 0.1454818 0.2883394
vt 0.1455625 0.293374
vt 0.1455193 0.2908568
vt 0.1436193 0.2908875
vt 0.1436104 0.2584571
vt 0.1455081 0.2584798
vt 0.1455646 0.2537962
vt 0.1437122 0.2959281
vt 0.1456119 0.2958909
vt 0.1455625 0.293374
vt 0.1437594 0.2983401
vt 0.1456593 0.2983047
vt 0.1456119 0.2958909
vt 0.1436671 0.2537728
vt 0.1455646 0.2537962
vt 0.1456221 0.249113
vt 0.1457018 0.3007192
vt 0.1456593 0.2983047
vt 0.1437594 0.2983401
vt 0.1457396 0.3031337
vt 0.1457018 0.3007192
vt 0.1438017 0.3007507
vt 0.1437249 0.2490892
vt 0.1456221 0.249113
vt 0.1456806 0.2444301
vt 0.1457725 0.3055487
vt 0.1457396 0.3031337
vt 0.1438392 0.3031616
vt 0.1438999 0.3079839
vt 0.1458008 0.3079637
vt 0.1457725 0.3055487
vt 0.1456806 0.2444301
vt 0.1457394 0.2397473
vt 0.1438423 0.2397237
vt 0.04561728 0.1551556
vt 0.04401552 0.1539917
vt 0.04372608 0.1542746
vt 0.04249304 0.1524188
vt 0.04372608 0.1542746
vt 0.04401552 0.1539917
vt 0.04649722 0.1558152
vt 0.04756641 0.1560066
vt 0.04757851 0.1556292
vt 0.04247552 0.1502091
vt 0.04206132 0.1502076
vt 0.04249304 0.1524188
vt 0.04757851 0.1556292
vt 0.04756641 0.1560066
vt 0.04964494 0.1557097
vt 0.04283136 0.1481945
vt 0.0424593 0.1480533
vt 0.04206132 0.1502076
vt 0.04951936 0.1553323
vt 0.04964494 0.1557097
vt 0.05153799 0.154646
vt 0.04360193 0.14614
vt 0.0424593 0.1480533
vt 0.04283136 0.1481945
vt 0.05129569 0.1543196
vt 0.05153799 0.154646
vt 0.0530855 0.1531043
vt 0.04559111 0.1451406
vt 0.04540604 0.144764
vt 0.04360193 0.14614
vt 0.05274671 0.1528692
vt 0.0530855 0.1531043
vt 0.05396986 0.1510517
vt 0.04758596 0.1445545
vt 0.04755002 0.1441418
vt 0.04540604 0.144764
vt 0.05396986 0.1510517
vt 0.05396986 0.148825
vt 0.05357128 0.1489055
vt 0.04964041 0.1447238
vt 0.04975342 0.14433
vt 0.04755002 0.1441418
vt 0.05396986 0.148825
vt 0.053164 0.1468471
vt 0.05284017 0.147053
vt 0.05147427 0.1456084
vt 0.05171638 0.1452876
vt 0.04975342 0.14433
vt 0.05284017 0.147053
vt 0.053164 0.1468471
vt 0.05171638 0.1452876
vt 0.1548234 0.3141408
vt 0.1532692 0.3176312
vt 0.155762 0.317999
vt 0.1529 0.3133889
vt 0.1509641 0.3166129
vt 0.1532692 0.3176312
vt 0.155762 0.317999
vt 0.1582629 0.3176902
vt 0.156889 0.3141471
vt 0.1490131 0.3150182
vt 0.1509641 0.3166129
vt 0.1529 0.3133889
vt 0.1582629 0.3176902
vt 0.1605913 0.3167267
vt 0.1588175 0.3134068
vt 0.1475569 0.3129615
vt 0.1513774 0.3119931
vt 0.150462 0.3101412
vt 0.1588175 0.3134068
vt 0.1605913 0.3167267
vt 0.1625791 0.3151787
vt 0.1502773 0.308084
vt 0.1460401 0.3059425
vt 0.1467012 0.3105914
vt 0.1640832 0.313157
vt 0.1649944 0.310808
vt 0.1612744 0.310174
vt 0.1612744 0.310174
vt 0.1649944 0.310808
vt 0.1652483 0.308301
vt 0.1614711 0.3081183
vt 0.1652483 0.308301
vt 0.1648248 0.305817
vt 0.163756 0.3035351
vt 0.1626811 0.301371
vt 0.1596728 0.3044782
vt 0.1626811 0.301371
vt 0.1621134 0.2990217
vt 0.1579203 0.3033854
vt 0.1076808 0.1895799
vt 0.1112785 0.191394
vt 0.1166871 0.1767495
vt 0.1151999 0.1923262
vt 0.1170743 0.1768184
vt 0.1166871 0.1767495
vt 0.1076808 0.1895799
vt 0.1163278 0.1765938
vt 0.1160158 0.1763602
vt 0.1151999 0.1923262
vt 0.11923 0.1923262
vt 0.1174684 0.1767959
vt 0.1022079 0.1837368
vt 0.1045998 0.1869795
vt 0.1160158 0.1763602
vt 0.11923 0.1923262
vt 0.1231515 0.191395
vt 0.1178476 0.176683
vt 0.1006348 0.1800262
vt 0.1022079 0.1837368
vt 0.115768 0.1760622
vt 0.126752 0.1895841
vt 0.1181912 0.1764854
vt 0.1178476 0.176683
vt 0.09996879 0.1760521
vt 0.1006348 0.1800262
vt 0.1155972 0.1757167
vt 0.126752 0.1895841
vt 0.1298379 0.1869917
vt 0.1184808 0.17623
vt 0.1002475 0.1720316
vt 0.09996879 0.1760521
vt 0.1155118 0.1753445
vt 0.1322447 0.1837502
vt 0.1186999 0.1759142
vt 0.1184808 0.17623
vt 0.1155163 0.1749656
vt 0.1156106 0.174601
vt 0.1007618 0.1693431
vt 0.1338358 0.1800353
vt 0.1188373 0.1755564
vt 0.1186999 0.1759142
vt 0.102972 0.1651116
vt 0.1010116 0.168699
vt 0.1156106 0.174601
vt 0.134522 0.1760482
vt 0.1188856 0.1751764
vt 0.1188373 0.1755564
vt 0.1057097 0.1620883
vt 0.102972 0.1651116
vt 0.1157886 0.1742698
vt 0.1342627 0.172007
vt 0.1188428 0.1747952
vt 0.1188856 0.1751764
vt 0.1057097 0.1620883
vt 0.116043 0.1739843
vt 0.1163616 0.1737608
vt 0.1342627 0.172007
vt 0.1330697 0.1681324
vt 0.1187109 0.1744336
vt 0.1128643 0.1583303
vt 0.109068 0.1597885
vt 0.1163616 0.1737608
vt 0.1310093 0.1646413
vt 0.1184975 0.1741118
vt 0.1187109 0.1744336
vt 0.1128643 0.1583303
vt 0.1167213 0.173601
vt 0.1171076 0.1735285
vt 0.128192 0.1617216
vt 0.1182135 0.1738475
vt 0.1184975 0.1741118
vt 0.1209365 0.1582001
vt 0.1168937 0.1577911
vt 0.1171076 0.1735285
vt 0.128192 0.1617216
vt 0.1247718 0.1595345
vt 0.1178747 0.1736557
vt 0.1209365 0.1582001
vt 0.1174992 0.1735473
vt 0.1178747 0.1736557
vt 0.1046493 0.1575131
vt 0.1075439 0.1435084
vt 0.1051329 0.1433387
vt 0.1460401 0.3059425
vt 0.1508482 0.3060985
vt 0.1520982 0.3044537
vt 0.1538576 0.3033714
vt 0.1467007 0.2965982
vt 0.14604 0.3012471
vt 0.1538576 0.3033714
vt 0.1558891 0.3029974
vt 0.162079 0.2966003
vt 0.162079 0.2966003
vt 0.1625837 0.2942364
vt 0.1480096 0.2920887
vt 0.1625837 0.2942364
vt 0.1636004 0.2920436
vt 0.1499407 0.2878081
vt 0.08588737 0.2913025
vt 0.08751338 0.2930828
vt 0.09671455 0.2821077
vt 0.08390647 0.2899274
vt 0.08588737 0.2913025
vt 0.09351319 0.2786748
vt 0.08166974 0.2890263
vt 0.08390647 0.2899274
vt 0.08986002 0.2757271
vt 0.0792886 0.2886444
vt 0.08166974 0.2890263
vt 0.0858286 0.2733226
vt 0.08149868 0.2715098
vt 0.07695323 0.2703414
vt 0.07687944 0.2887831
vt 0.07443702 0.2701988
vt 0.07436197 0.288906
vt 0.07687944 0.2887831
vt 0.07190406 0.2883367
vt 0.07436197 0.288906
vt 0.07443702 0.2701988
vt 0.06974786 0.2719329
vt 0.06968653 0.2871339
vt 0.07190406 0.2883367
vt 0.06786954 0.2853845
vt 0.06968653 0.2871339
vt 0.06974786 0.2719329
vt 0.06661325 0.2758277
vt 0.06658321 0.2832144
vt 0.06786954 0.2853845
vt 0.06661325 0.2758277
vt 0.06593167 0.2782566
vt 0.06592148 0.2807798
vt 0.1235396 0.2913853
vt 0.115884 0.2787743
vt 0.1126888 0.2822177
vt 0.1255193 0.2900033
vt 0.1195317 0.275815
vt 0.115884 0.2787743
vt 0.1277564 0.2890953
vt 0.1235601 0.2733989
vt 0.1195317 0.275815
vt 0.1301395 0.2887066
vt 0.1278883 0.2715735
vt 0.1235601 0.2733989
vt 0.1325519 0.2888392
vt 0.1324304 0.2703753
vt 0.1278883 0.2715735
vt 0.1349495 0.2702261
vt 0.1324304 0.2703753
vt 0.1325519 0.2888392
vt 0.1349495 0.2702261
vt 0.1350727 0.2889556
vt 0.137532 0.2883792
vt 0.1396487 0.2719505
vt 0.1374161 0.2707695
vt 0.137532 0.2883792
vt 0.1396487 0.2719505
vt 0.1397491 0.2871691
vt 0.1415637 0.2854128
vt 0.1415637 0.2854128
vt 0.1428458 0.2832367
vt 0.1427972 0.2758419
vt 0.1427972 0.2758419
vt 0.1428458 0.2832367
vt 0.1435016 0.2807972
vt 0.06376218 0.2394701
vt 0.06567758 0.2394471
vt 0.06562328 0.2352763
vt 0.06367903 0.3079572
vt 0.06364971 0.3108011
vt 0.06555074 0.3108166
vt 0.1438999 0.3079839
vt 0.1439262 0.3108225
vt 0.1458272 0.3108044
vt 0.1438423 0.2397237
vt 0.1457394 0.2397473
vt 0.1457864 0.2356223
vt 0.1075439 0.1435084
vt 0.1046493 0.1575131
vt 0.1087871 0.1576401
vt 0.1636004 0.2920436
vt 0.1650444 0.289595
vt 0.1518294 0.2841278
vt 0.08751338 0.2930828
vt 0.08921575 0.2953591
vt 0.09938222 0.2852718
vt 0.1219161 0.2931721
vt 0.1126888 0.2822177
vt 0.1100311 0.2853892
vt 0.06370747 0.2353011
vt 0.06562328 0.2352763
vt 0.06556373 0.2308049
vt 0.06364971 0.3108011
vt 0.06360381 0.3151696
vt 0.06550484 0.3151851
vt 0.1458272 0.3108044
vt 0.1439262 0.3108225
vt 0.143968 0.3151909
vt 0.1438894 0.235599
vt 0.1457864 0.2356223
vt 0.1458367 0.2311955
vt 0.1103886 0.1434294
vt 0.1087871 0.1576401
vt 0.1132264 0.1576401
vt 0.1650444 0.289595
vt 0.167164 0.2857718
vt 0.1539753 0.2802415
vt 0.08921575 0.2953591
vt 0.09192144 0.2987879
vt 0.1021361 0.2887493
vt 0.1202216 0.2954536
vt 0.1100311 0.2853892
vt 0.1072831 0.2888781
vt 0.06364768 0.2308297
vt 0.06556373 0.2308049
vt 0.06549412 0.2260382
vt 0.06360381 0.3151696
vt 0.06357795 0.3179851
vt 0.06547898 0.317999
vt 0.143968 0.3151909
vt 0.1439881 0.317999
vt 0.1458892 0.3179839
vt 0.1439399 0.2311722
vt 0.1458367 0.2311955
vt 0.1458892 0.2264845
vt 0.11476 0.1434219
vt 0.1132264 0.1576401
vt 0.1179264 0.1571141
vt 0.167164 0.2857718
vt 0.169021 0.2836589
vt 0.1567067 0.2763865
vt 0.09192144 0.2987879
vt 0.09315639 0.301316
vt 0.1046412 0.2927595
vt 0.1175217 0.2988936
vt 0.1072831 0.2888781
vt 0.1047921 0.2928941
vt 0.09895676 0.1541204
vt 0.09894078 0.1522182
vt 0.08464008 0.1522182
vt 0.1489735 0.1537217
vt 0.1489895 0.1518195
vt 0.1346732 0.1518195
vt 0.05606335 0.1631836
vt 0.05614674 0.1629141
vt 0.05576604 0.1628379
vt 0.05915272 0.1631836
vt 0.05947953 0.1631194
vt 0.05944997 0.1628379
vt 0.05637115 0.1633096
vt 0.05650311 0.1630624
vt 0.05614674 0.1629141
vt 0.05906933 0.1629141
vt 0.05871295 0.1630624
vt 0.05884492 0.1633096
vt 0.05637115 0.1633096
vt 0.05664688 0.163495
vt 0.0568248 0.1632757
vt 0.05839121 0.1632757
vt 0.05856913 0.163495
vt 0.05884492 0.1633096
vt 0.05710315 0.1635784
vt 0.0568248 0.1632757
vt 0.05664688 0.163495
vt 0.05811285 0.1635784
vt 0.05833238 0.1637569
vt 0.05856913 0.163495
vt 0.05730515 0.1638977
vt 0.05710315 0.1635784
vt 0.05688369 0.1637568
vt 0.05791091 0.1638977
vt 0.0581609 0.164032
vt 0.05833238 0.1637569
vt 0.05719357 0.1643335
vt 0.05746161 0.164251
vt 0.05730515 0.1638977
vt 0.05791091 0.1638977
vt 0.05775445 0.164251
vt 0.05802243 0.1643335
vt 0.05719357 0.1643335
vt 0.05725193 0.1646727
vt 0.0575326 0.1646447
vt 0.05768346 0.1646447
vt 0.05796414 0.1646727
vt 0.05802243 0.1643335
vt 0.05725193 0.1646727
vt 0.05725008 0.1650081
vt 0.0575326 0.1650354
vt 0.05768346 0.1650354
vt 0.05796599 0.1650081
vt 0.05796414 0.1646727
vt 0.05719083 0.1653367
vt 0.05745935 0.1654181
vt 0.0575326 0.1650354
vt 0.05768346 0.1650354
vt 0.05775672 0.165418
vt 0.05802524 0.1653367
vt 0.05730557 0.1657762
vt 0.05745935 0.1654181
vt 0.05719083 0.1653367
vt 0.05791044 0.1657762
vt 0.05816006 0.165643
vt 0.05802524 0.1653367
vt 0.05687868 0.1659296
vt 0.05709511 0.1661079
vt 0.05730557 0.1657762
vt 0.05791044 0.1657762
vt 0.0581209 0.1661079
vt 0.05833739 0.1659296
vt 0.05682754 0.1663673
vt 0.05709511 0.1661079
vt 0.05687868 0.1659296
vt 0.05838853 0.1663673
vt 0.05856913 0.1661496
vt 0.05833739 0.1659296
vt 0.05637246 0.1663498
vt 0.0565049 0.166597
vt 0.05682754 0.1663673
vt 0.05838853 0.1663673
vt 0.05871111 0.166597
vt 0.05884361 0.1663498
vt 0.05614238 0.1667406
vt 0.0565049 0.166597
vt 0.05637246 0.1663498
vt 0.05907368 0.1667406
vt 0.05915564 0.1664699
vt 0.05884361 0.1663498
vt 0.05573743 0.1665435
vt 0.05576497 0.1668231
vt 0.05614238 0.1667406
vt 0.05907368 0.1667406
vt 0.05945104 0.1668231
vt 0.05947858 0.1665435
vt 0.05537819 0.1668226
vt 0.05576497 0.1668231
vt 0.05573743 0.1665435
vt 0.05983781 0.1668226
vt 0.05980944 0.1665405
vt 0.05947858 0.1665435
vt 0.05508291 0.1664768
vt 0.05499958 0.166745
vt 0.05537819 0.1668226
vt 0.06013309 0.1664768
vt 0.05980944 0.1665405
vt 0.05983781 0.1668226
vt 0.05465143 0.1665707
vt 0.05499958 0.166745
vt 0.05508291 0.1664768
vt 0.06056457 0.1665707
vt 0.06042879 0.1663226
vt 0.06013309 0.1664768
vt 0.05450886 0.166136
vt 0.05432862 0.1663512
vt 0.05465143 0.1665707
vt 0.06070727 0.166136
vt 0.06042879 0.1663226
vt 0.06056457 0.1665707
vt 0.05427217 0.1658993
vt 0.05405437 0.1660752
vt 0.05432862 0.1663512
vt 0.06088745 0.1663512
vt 0.06116163 0.1660751
vt 0.06094384 0.1658993
vt 0.05408567 0.1656216
vt 0.05383849 0.1657524
vt 0.05405437 0.1660752
vt 0.0611304 0.1656216
vt 0.06094384 0.1658993
vt 0.06116163 0.1660751
vt 0.05395519 0.1653128
vt 0.05368739 0.1653955
vt 0.05383849 0.1657524
vt 0.06137758 0.1657523
vt 0.06152868 0.1653955
vt 0.06126087 0.1653128
vt 0.05386984 0.165009
vt 0.05359196 0.1650417
vt 0.05368739 0.1653955
vt 0.06152868 0.1653955
vt 0.0616241 0.1650416
vt 0.06134623 0.165009
vt 0.05358451 0.1646557
vt 0.05359196 0.1650417
vt 0.05386984 0.165009
vt 0.0616315 0.1646557
vt 0.06134921 0.1646793
vt 0.06134623 0.165009
vt 0.05392402 0.1643543
vt 0.05365395 0.1642762
vt 0.05358451 0.1646557
vt 0.0616315 0.1646557
vt 0.06156212 0.1642762
vt 0.06129205 0.1643543
vt 0.05380517 0.1639198
vt 0.05365395 0.1642762
vt 0.05392402 0.1643543
vt 0.06141084 0.1639198
vt 0.06115955 0.1640499
vt 0.06129205 0.1643543
vt 0.05423331 0.1637646
vt 0.0540148 0.163589
vt 0.05380517 0.1639198
vt 0.06141084 0.1639198
vt 0.06120127 0.163589
vt 0.0609827 0.1637646
vt 0.05423331 0.1637646
vt 0.05448186 0.1635308
vt 0.05430132 0.1633135
vt 0.06091469 0.1633135
vt 0.06073415 0.1635308
vt 0.0609827 0.1637646
vt 0.05474215 0.1633428
vt 0.05460649 0.1630974
vt 0.05430132 0.1633135
vt 0.06091469 0.1633135
vt 0.06060951 0.1630974
vt 0.06047391 0.1633428
vt 0.05498355 0.1629418
vt 0.05460649 0.1630974
vt 0.05474215 0.1633428
vt 0.06023246 0.1629418
vt 0.06014865 0.1632129
vt 0.06047391 0.1633428
vt 0.05539387 0.1631371
vt 0.05536502 0.1628556
vt 0.05498355 0.1629418
vt 0.0598222 0.1631371
vt 0.06014865 0.1632129
vt 0.06023246 0.1629418
vt 0.05573654 0.1631194
vt 0.05576604 0.1628379
vt 0.05536502 0.1628556
vt 0.05985099 0.1628556
vt 0.05944997 0.1628379
vt 0.05947953 0.1631194
vt 0.05431926 0.1742831
vt 0.05569052 0.1754398
vt 0.05587333 0.1752533
vt 0.05581516 0.1670718
vt 0.05627477 0.1687124
vt 0.05652779 0.1686621
vt 0.05553668 0.1756575
vt 0.05569052 0.1754398
vt 0.05431926 0.1742831
vt 0.0552603 0.1672829
vt 0.0560376 0.168812
vt 0.05627477 0.1687124
vt 0.05398404 0.1748081
vt 0.05376231 0.1753819
vt 0.0554282 0.1759021
vt 0.05475372 0.1676015
vt 0.05582571 0.1689566
vt 0.0560376 0.168812
vt 0.05360412 0.1760255
vt 0.05538898 0.1761795
vt 0.0554282 0.1759021
vt 0.05428695 0.1680544
vt 0.05564492 0.1691612
vt 0.05582571 0.1689566
vt 0.05358451 0.176627
vt 0.05539989 0.1764402
vt 0.05538898 0.1761795
vt 0.05428695 0.1680544
vt 0.05396026 0.1685359
vt 0.05551064 0.1693797
vt 0.05544239 0.1767037
vt 0.05539989 0.1764402
vt 0.05358451 0.176627
vt 0.05396026 0.1685359
vt 0.05371969 0.1690876
vt 0.05541062 0.1696172
vt 0.0537303 0.1772361
vt 0.05400198 0.1778151
vt 0.05554711 0.1769596
vt 0.05358451 0.1697194
vt 0.05536705 0.1698871
vt 0.05541062 0.1696172
vt 0.05400198 0.1778151
vt 0.05432903 0.1783382
vt 0.05570507 0.177178
vt 0.0553618 0.1701569
vt 0.05536705 0.1698871
vt 0.05358451 0.1697194
vt 0.05589115 0.1773713
vt 0.05570507 0.177178
vt 0.05432903 0.1783382
vt 0.05362921 0.1703322
vt 0.05374228 0.1709235
vt 0.05541825 0.1704178
vt 0.05530625 0.1790686
vt 0.05611366 0.1775201
vt 0.05589115 0.1773713
vt 0.05397123 0.1714897
vt 0.05552858 0.170662
vt 0.05541825 0.1704178
vt 0.05636006 0.1776312
vt 0.05611366 0.1775201
vt 0.05530625 0.1790686
vt 0.05397123 0.1714897
vt 0.05430918 0.1720052
vt 0.0556795 0.1708856
vt 0.05643182 0.1794087
vt 0.05660837 0.1776771
vt 0.05636006 0.1776312
vt 0.0547201 0.1724259
vt 0.05586707 0.1710621
vt 0.0556795 0.1708856
vt 0.05687183 0.1776898
vt 0.05660837 0.1776771
vt 0.05643182 0.1794087
vt 0.0547201 0.1724259
vt 0.0552389 0.1727856
vt 0.05609285 0.1712139
vt 0.05764591 0.1792917
vt 0.05712461 0.1776337
vt 0.05687183 0.1776898
vt 0.0552389 0.1727856
vt 0.05582106 0.1730328
vt 0.0563426 0.1713079
vt 0.05736207 0.1775429
vt 0.05712461 0.1776337
vt 0.05764591 0.1792917
vt 0.05582106 0.1730328
vt 0.05643689 0.1731068
vt 0.05659896 0.1713691
vt 0.05757701 0.1773969
vt 0.05736207 0.1775429
vt 0.05818831 0.1790375
vt 0.05704313 0.1731068
vt 0.05686295 0.1713626
vt 0.05659896 0.1713691
vt 0.05908769 0.1782911
vt 0.05775368 0.1772137
vt 0.05757701 0.1773969
vt 0.05763715 0.1729885
vt 0.05711996 0.171307
vt 0.05686295 0.1713626
vt 0.05944287 0.1777962
vt 0.05788046 0.1769827
vt 0.05775368 0.1772137
vt 0.05820846 0.1727488
vt 0.05735117 0.1711897
vt 0.05711996 0.171307
vt 0.05944287 0.1777962
vt 0.05969589 0.1772371
vt 0.05797469 0.1767386
vt 0.05756986 0.1710448
vt 0.05735117 0.1711897
vt 0.05820846 0.1727488
vt 0.05978739 0.1766245
vt 0.05802637 0.1764763
vt 0.05797469 0.1767386
vt 0.05910569 0.1719397
vt 0.05775314 0.1708527
vt 0.05756986 0.1710448
vt 0.05978739 0.1766245
vt 0.05975878 0.1760172
vt 0.05802571 0.1762075
vt 0.05943763 0.1714372
vt 0.05789405 0.17063
vt 0.05775314 0.1708527
vt 0.05797326 0.1759417
vt 0.05802571 0.1762075
vt 0.05975878 0.1760172
vt 0.05966669 0.1708761
vt 0.05798745 0.1703849
vt 0.05789405 0.17063
vt 0.0594325 0.1749197
vt 0.05787879 0.1757075
vt 0.05797326 0.1759417
vt 0.05966669 0.1708761
vt 0.05973678 0.1703141
vt 0.05804473 0.1701431
vt 0.05774861 0.1754872
vt 0.05787879 0.1757075
vt 0.0594325 0.1749197
vt 0.05973678 0.1703141
vt 0.05974197 0.1697253
vt 0.05803614 0.1698895
vt 0.05868905 0.1740208
vt 0.05757886 0.1752953
vt 0.05774861 0.1754872
vt 0.05963397 0.1691474
vt 0.05797952 0.169641
vt 0.05803614 0.1698895
vt 0.05822652 0.1736551
vt 0.05736571 0.1751483
vt 0.05757886 0.1752953
vt 0.05941218 0.1685905
vt 0.05786281 0.1694074
vt 0.05797952 0.169641
vt 0.05713158 0.175034
vt 0.05736571 0.1751483
vt 0.05822652 0.1736551
vt 0.05941218 0.1685905
vt 0.0590831 0.1680796
vt 0.05771005 0.1691919
vt 0.05707716 0.1732577
vt 0.05687052 0.1749847
vt 0.05713158 0.175034
vt 0.05862241 0.1676718
vt 0.05752235 0.1689969
vt 0.05771005 0.1691919
vt 0.0565043 0.1732577
vt 0.05661755 0.1749703
vt 0.05687052 0.1749847
vt 0.05862241 0.1676718
vt 0.05816596 0.1673476
vt 0.05730742 0.1688458
vt 0.05634373 0.1750199
vt 0.05661755 0.1749703
vt 0.0565043 0.1732577
vt 0.05758827 0.1670833
vt 0.05705142 0.16874
vt 0.05730742 0.1688458
vt 0.05533581 0.1735643
vt 0.05609887 0.1751135
vt 0.05634373 0.1750199
vt 0.05700242 0.1669944
vt 0.05679631 0.1686781
vt 0.05705142 0.16874
vt 0.05478942 0.1738714
vt 0.05587333 0.1752533
vt 0.05609887 0.1751135
vt 0.05639898 0.1669739
vt 0.05652779 0.1686621
vt 0.05679631 0.1686781
vt 0.05888652 0.1824992
vt 0.06042653 0.1820376
vt 0.06016361 0.1814028
vt 0.1398086 0.2218404
vt 0.1399524 0.2214931
vt 0.1385315 0.2207439
vt 0.05895984 0.1828678
vt 0.06056058 0.1827114
vt 0.06042653 0.1820376
vt 0.1382686 0.2213787
vt 0.1381345 0.2220526
vt 0.1397352 0.222209
vt 0.05895984 0.1828678
vt 0.05895984 0.1832437
vt 0.06056058 0.1833985
vt 0.1381345 0.2227397
vt 0.1397353 0.2225848
vt 0.1397352 0.222209
vt 0.06037783 0.1841019
vt 0.06056058 0.1833985
vt 0.05895984 0.1832437
vt 0.1383173 0.223443
vt 0.1398351 0.2229696
vt 0.1397353 0.2225848
vt 0.06010156 0.1847058
vt 0.06037783 0.1841019
vt 0.05885988 0.1836284
vt 0.1385936 0.224047
vt 0.1399863 0.2233
vt 0.1398351 0.2229696
vt 0.05851179 0.1842752
vt 0.05974143 0.1852842
vt 0.06010156 0.1847058
vt 0.1385936 0.224047
vt 0.1389537 0.2246255
vt 0.1401832 0.2236164
vt 0.05851179 0.1842752
vt 0.05822962 0.1845407
vt 0.05922561 0.1857696
vt 0.1394696 0.2251108
vt 0.1404654 0.2238818
vt 0.1401832 0.2236164
vt 0.05822962 0.1845407
vt 0.05791544 0.1847463
vt 0.05865126 0.1861455
vt 0.1400439 0.2254867
vt 0.1407797 0.2240875
vt 0.1404654 0.2238818
vt 0.0575695 0.1848921
vt 0.0580188 0.186412
vt 0.05865126 0.1861455
vt 0.1400439 0.2254867
vt 0.1406763 0.2257532
vt 0.1411256 0.2242333
vt 0.05734109 0.1865273
vt 0.0580188 0.186412
vt 0.0575695 0.1848921
vt 0.141354 0.2258685
vt 0.1414963 0.2242963
vt 0.1411256 0.2242333
vt 0.05681955 0.1849654
vt 0.05664783 0.1865461
vt 0.05734109 0.1865273
vt 0.141354 0.2258685
vt 0.1420474 0.2258873
vt 0.1418756 0.2243066
vt 0.05600696 0.1863975
vt 0.05664783 0.1865461
vt 0.05681955 0.1849654
vt 0.1426881 0.2257386
vt 0.142226 0.2242253
vt 0.1418756 0.2243066
vt 0.05611032 0.1847502
vt 0.05535125 0.1861526
vt 0.05600696 0.1863975
vt 0.1426881 0.2257386
vt 0.1433439 0.2254937
vt 0.1425848 0.2240913
vt 0.05478936 0.1857528
vt 0.05535125 0.1861526
vt 0.05611032 0.1847502
vt 0.1439057 0.225094
vt 0.1428921 0.2238727
vt 0.1425848 0.2240913
vt 0.05553209 0.1842737
vt 0.05429416 0.1852815
vt 0.05478936 0.1857528
vt 0.1439057 0.225094
vt 0.1444008 0.2246227
vt 0.143163 0.2236149
vt 0.05392044 0.1847095
vt 0.05429416 0.1852815
vt 0.05553209 0.1842737
vt 0.1447746 0.2240507
vt 0.1433675 0.223302
vt 0.143163 0.2236149
vt 0.05518466 0.1836164
vt 0.05365908 0.18408
vt 0.05392044 0.1847095
vt 0.1435104 0.2229576
vt 0.1433675 0.223302
vt 0.1447746 0.2240507
vt 0.05358451 0.1833985
vt 0.05365908 0.18408
vt 0.05518466 0.1836164
vt 0.1451106 0.2227397
vt 0.1435512 0.2225848
vt 0.1435104 0.2229576
vt 0.05514395 0.1828678
vt 0.05358451 0.1827115
vt 0.05358451 0.1833985
vt 0.1435512 0.222209
vt 0.1435512 0.2225848
vt 0.1451106 0.2227397
vt 0.05521726 0.1824992
vt 0.05371856 0.1820375
vt 0.05358451 0.1827115
vt 0.1451106 0.2220526
vt 0.1449765 0.2213787
vt 0.1434779 0.2218404
vt 0.05536109 0.182152
vt 0.05398148 0.1814028
vt 0.05371856 0.1820375
vt 0.143334 0.2214932
vt 0.1434779 0.2218404
vt 0.1449765 0.2213787
vt 0.05556988 0.1818395
vt 0.05436325 0.1808315
vt 0.05398148 0.1814028
vt 0.1447136 0.2207439
vt 0.1443319 0.2201726
vt 0.1431252 0.2211807
vt 0.05580371 0.1815721
vt 0.05479067 0.1803425
vt 0.05436325 0.1808315
vt 0.1443319 0.2201726
vt 0.1439045 0.2196838
vt 0.1428915 0.2209132
vt 0.05535686 0.1799642
vt 0.05479067 0.1803425
vt 0.05580371 0.1815721
vt 0.1433383 0.2193054
vt 0.1425817 0.2207062
vt 0.1428915 0.2209132
vt 0.05645525 0.181218
vt 0.05598187 0.1796954
vt 0.05535686 0.1799642
vt 0.1433383 0.2193054
vt 0.1427133 0.2190366
vt 0.1422399 0.2205592
vt 0.05665546 0.1795788
vt 0.05598187 0.1796954
vt 0.05645525 0.181218
vt 0.1420397 0.21892
vt 0.1418714 0.2204955
vt 0.1422399 0.2205592
vt 0.05720204 0.1811437
vt 0.05734705 0.1795595
vt 0.05665546 0.1795788
vt 0.1420397 0.21892
vt 0.1413481 0.2189007
vt 0.141493 0.2204848
vt 0.05720204 0.1811437
vt 0.05757606 0.1812321
vt 0.05803078 0.1797212
vt 0.1406642 0.2190624
vt 0.141119 0.2205733
vt 0.141493 0.2204848
vt 0.05791395 0.1813598
vt 0.05864852 0.1799546
vt 0.05803078 0.1797212
vt 0.1406642 0.2190624
vt 0.1400466 0.2192957
vt 0.1407811 0.220701
vt 0.05924105 0.1803638
vt 0.05864852 0.1799546
vt 0.05791395 0.1813598
vt 0.1394541 0.2197049
vt 0.140457 0.2209248
vt 0.1407811 0.220701
vt 0.05851083 0.181842
vt 0.05973964 0.1808361
vt 0.05924105 0.1803638
vt 0.1401843 0.2211832
vt 0.140457 0.2209248
vt 0.1394541 0.2197049
vt 0.0587427 0.182152
vt 0.06016361 0.1814028
vt 0.05973964 0.1808361
vt 0.1389555 0.2201772
vt 0.1385315 0.2207439
vt 0.1399524 0.2214931
vt 0.1680676 0.1778755
vt 0.166271 0.1800597
vt 0.1671551 0.1807246
vt 0.164442 0.1854365
vt 0.1643059 0.1865104
vt 0.1670543 0.1867393
vt 0.1677052 0.177494
vt 0.165486 0.1793017
vt 0.166271 0.1800597
vt 0.1671611 0.1862369
vt 0.1673505 0.1857483
vt 0.1648685 0.1844419
vt 0.1674039 0.1770652
vt 0.1649389 0.1783558
vt 0.165486 0.1793017
vt 0.167648 0.1853244
vt 0.1654212 0.1834944
vt 0.1648685 0.1844419
vt 0.1644989 0.1772913
vt 0.1649389 0.1783558
vt 0.1674039 0.1770652
vt 0.1680462 0.1849353
vt 0.1662803 0.1826925
vt 0.1654212 0.1834944
vt 0.1643059 0.1762708
vt 0.1644989 0.1772913
vt 0.1672235 0.1765451
vt 0.1684764 0.1846498
vt 0.1671583 0.1821473
vt 0.1662803 0.1826925
vt 0.1643059 0.1751928
vt 0.1643059 0.1762708
vt 0.1671493 0.1760384
vt 0.1689542 0.1844322
vt 0.1681514 0.1817639
vt 0.1671583 0.1821473
vt 0.1672621 0.174994
vt 0.1646201 0.1741105
vt 0.1643059 0.1751928
vt 0.1692479 0.1814915
vt 0.1681514 0.1817639
vt 0.1689542 0.1844322
vt 0.1674617 0.1745176
vt 0.1651043 0.1731811
vt 0.1646201 0.1741105
vt 0.1703603 0.1814491
vt 0.1692479 0.1814915
vt 0.1694916 0.1843511
vt 0.1677619 0.1740899
vt 0.1656836 0.17233
vt 0.1651043 0.1731811
vt 0.1705414 0.1844676
vt 0.1714505 0.1817149
vt 0.1703603 0.1814491
vt 0.168143 0.1737425
vt 0.1664273 0.1715946
vt 0.1656836 0.17233
vt 0.1705414 0.1844676
vt 0.1710265 0.1846732
vt 0.1724444 0.1821806
vt 0.1673094 0.1710111
vt 0.1664273 0.1715946
vt 0.168143 0.1737425
vt 0.1710265 0.1846732
vt 0.1714737 0.1849605
vt 0.1733334 0.1828387
vt 0.1690444 0.1732927
vt 0.1682442 0.1706261
vt 0.1673094 0.1710111
vt 0.1714737 0.1849605
vt 0.17182 0.1853143
vt 0.1740174 0.183583
vt 0.1693074 0.1704113
vt 0.1682442 0.1706261
vt 0.1690444 0.1732927
vt 0.1721282 0.1857387
vt 0.174586 0.1845129
vt 0.1740174 0.183583
vt 0.1703959 0.1704173
vt 0.1693074 0.1704113
vt 0.1695604 0.1731927
vt 0.1721282 0.1857387
vt 0.1723158 0.18621
vt 0.1749405 0.1854945
vt 0.1714481 0.1706362
vt 0.1703959 0.1704173
vt 0.1700686 0.173227
vt 0.1723158 0.18621
vt 0.172428 0.1867039
vt 0.1750953 0.1865113
vt 0.1710246 0.1735628
vt 0.1724548 0.1710675
vt 0.1714481 0.1706362
vt 0.172428 0.1867039
vt 0.1724253 0.1872024
vt 0.1750494 0.1875188
vt 0.1710246 0.1735628
vt 0.1714302 0.1738701
vt 0.1733018 0.1717543
vt 0.174883 0.1885221
vt 0.1750494 0.1875188
vt 0.1724253 0.1872024
vt 0.1717789 0.1742511
vt 0.1739764 0.1725522
vt 0.1733018 0.1717543
vt 0.1723251 0.187694
vt 0.172088 0.1881391
vt 0.1744534 0.1894448
vt 0.17208 0.1746812
vt 0.1744893 0.1734445
vt 0.1739764 0.1725522
vt 0.1739165 0.1903242
vt 0.1744534 0.1894448
vt 0.172088 0.1881391
vt 0.1748965 0.1743824
vt 0.1744893 0.1734445
vt 0.17208 0.1746812
vt 0.1717969 0.1885619
vt 0.1714262 0.1889342
vt 0.1731593 0.1910407
vt 0.172392 0.1756545
vt 0.1750497 0.1753925
vt 0.1748965 0.1743824
vt 0.1723166 0.1916684
vt 0.1731593 0.1910407
vt 0.1714262 0.1889342
vt 0.1750853 0.1764092
vt 0.1750497 0.1753925
vt 0.172392 0.1756545
vt 0.1709854 0.1892112
vt 0.1704955 0.1893983
vt 0.1713423 0.1921356
vt 0.174943 0.1773619
vt 0.1750853 0.1764092
vt 0.172396 0.1761615
vt 0.1704955 0.1893983
vt 0.1700083 0.1895201
vt 0.1703398 0.1923262
vt 0.1721453 0.1771001
vt 0.174533 0.1783034
vt 0.174943 0.1773619
vt 0.1700083 0.1895201
vt 0.1695046 0.1895496
vt 0.1692846 0.1923262
vt 0.1740153 0.1791853
vt 0.174533 0.1783034
vt 0.1721453 0.1771001
vt 0.1695046 0.1895496
vt 0.1690058 0.1894835
vt 0.1682584 0.1921261
vt 0.1733127 0.1799712
vt 0.1740153 0.1791853
vt 0.1718668 0.1775177
vt 0.168528 0.1892973
vt 0.1673039 0.1917398
vt 0.1682584 0.1921261
vt 0.1710686 0.1781599
vt 0.1724476 0.1806169
vt 0.1733127 0.1799712
vt 0.168528 0.1892973
vt 0.1680842 0.1890402
vt 0.1664282 0.1911707
vt 0.1705697 0.1783701
vt 0.1714203 0.1810007
vt 0.1724476 0.1806169
vt 0.1677175 0.1886674
vt 0.1656 0.1904724
vt 0.1664282 0.1911707
vt 0.1700763 0.1784733
vt 0.1704459 0.1812424
vt 0.1714203 0.1810007
vt 0.1674178 0.1882706
vt 0.1650295 0.1896385
vt 0.1656 0.1904724
vt 0.1693032 0.1812982
vt 0.1704459 0.1812424
vt 0.1700763 0.1784733
vt 0.1672 0.1877695
vt 0.1645998 0.1886276
vt 0.1650295 0.1896385
vt 0.1695283 0.1784623
vt 0.1690116 0.1783602
vt 0.168229 0.1811272
vt 0.1643086 0.1876162
vt 0.1645998 0.1886276
vt 0.1672 0.1877695
vt 0.1671551 0.1807246
vt 0.168229 0.1811272
vt 0.1690116 0.1783602
vt 0.1670543 0.1867393
vt 0.1643059 0.1865104
vt 0.1643086 0.1876162
vt 0.1725794 0.1542546
vt 0.1739932 0.1538308
vt 0.1736209 0.152932
vt 0.1661719 0.1636473
vt 0.1665536 0.163076
vt 0.1654084 0.1621469
vt 0.1727135 0.1549285
vt 0.174183 0.1547849
vt 0.1739932 0.1538308
vt 0.1648679 0.1629558
vt 0.1644958 0.1638545
vt 0.165909 0.164282
vt 0.1727135 0.1549285
vt 0.1727135 0.1556156
vt 0.174183 0.1557577
vt 0.1643059 0.1648086
vt 0.1657749 0.1649559
vt 0.165909 0.164282
vt 0.1739243 0.1567536
vt 0.174183 0.1557577
vt 0.1727135 0.1556156
vt 0.1643654 0.1658358
vt 0.1658169 0.1656814
vt 0.1657749 0.1649559
vt 0.1735332 0.1576087
vt 0.1739243 0.1567536
vt 0.1725308 0.1563189
vt 0.1645822 0.1667508
vt 0.16597 0.1663276
vt 0.1658169 0.1656814
vt 0.1718944 0.1575013
vt 0.1730233 0.1584277
vt 0.1735332 0.1576087
vt 0.1645822 0.1667508
vt 0.1649225 0.1676536
vt 0.1662104 0.1669652
vt 0.1718944 0.1575013
vt 0.1713786 0.1579867
vt 0.1722929 0.1591149
vt 0.1655049 0.1684701
vt 0.1666216 0.1675419
vt 0.1662104 0.1669652
vt 0.1713786 0.1579867
vt 0.1708041 0.1583626
vt 0.1714797 0.1596471
vt 0.1661986 0.1691507
vt 0.1671117 0.1680226
vt 0.1666216 0.1675419
vt 0.1701716 0.1586291
vt 0.1705841 0.1600245
vt 0.1714797 0.1596471
vt 0.1661986 0.1691507
vt 0.1670032 0.1696955
vt 0.1676799 0.1684074
vt 0.1696246 0.1601877
vt 0.1705841 0.1600245
vt 0.1701716 0.1586291
vt 0.1679124 0.1700427
vt 0.1683221 0.1686526
vt 0.1676799 0.1684074
vt 0.1688007 0.1587632
vt 0.1686431 0.1602143
vt 0.1696246 0.1601877
vt 0.1679124 0.1700427
vt 0.1688699 0.1702604
vt 0.1689984 0.1688064
vt 0.1677356 0.1600038
vt 0.1686431 0.1602143
vt 0.1688007 0.1587632
vt 0.1698009 0.1702309
vt 0.169656 0.1687856
vt 0.1689984 0.1688064
vt 0.1675042 0.1583696
vt 0.1668072 0.1596571
vt 0.1677356 0.1600038
vt 0.1698009 0.1702309
vt 0.1707792 0.170072
vt 0.1703469 0.1686733
vt 0.1660117 0.159091
vt 0.1668072 0.1596571
vt 0.1675042 0.1583696
vt 0.1716699 0.169672
vt 0.170976 0.1683908
vt 0.1703469 0.1686733
vt 0.1664472 0.1574985
vt 0.1653106 0.1584237
vt 0.1660117 0.159091
vt 0.1716699 0.169672
vt 0.1724876 0.1691543
vt 0.1715536 0.1680252
vt 0.1647815 0.1576139
vt 0.1653106 0.1584237
vt 0.1664472 0.1574985
vt 0.1731647 0.1684633
vt 0.1720317 0.1675371
vt 0.1715536 0.1680252
vt 0.165812 0.156297
vt 0.1644114 0.1567225
vt 0.1647815 0.1576139
vt 0.1724109 0.1669707
vt 0.1720317 0.1675371
vt 0.1731647 0.1684633
vt 0.1643059 0.1557577
vt 0.1644114 0.1567225
vt 0.165812 0.156297
vt 0.1739932 0.1667356
vt 0.1726169 0.1663169
vt 0.1724109 0.1669707
vt 0.1657375 0.1549285
vt 0.1643059 0.1547849
vt 0.1643059 0.1557577
vt 0.172751 0.165643
vt 0.1726169 0.1663169
vt 0.1739932 0.1667356
vt 0.1658715 0.1542546
vt 0.1644958 0.1538308
vt 0.1643059 0.1547849
vt 0.174183 0.1657814
vt 0.174183 0.1648086
vt 0.172751 0.1649559
vt 0.1661345 0.1536198
vt 0.1648679 0.152932
vt 0.1644958 0.1538308
vt 0.1726169 0.164282
vt 0.172751 0.1649559
vt 0.174183 0.1648086
vt 0.1665161 0.1530486
vt 0.1654084 0.1521232
vt 0.1648679 0.152932
vt 0.1739932 0.1638545
vt 0.1736209 0.1629557
vt 0.1723541 0.1636472
vt 0.1669436 0.1525596
vt 0.1660136 0.151431
vt 0.1654084 0.1521232
vt 0.1736209 0.1629557
vt 0.1731625 0.1621587
vt 0.1720301 0.1630843
vt 0.1668152 0.1508952
vt 0.1660136 0.151431
vt 0.1669436 0.1525596
vt 0.1724807 0.1614769
vt 0.1715486 0.1626028
vt 0.1720301 0.1630843
vt 0.1681348 0.1519124
vt 0.1677001 0.1505146
vt 0.1668152 0.1508952
vt 0.1724807 0.1614769
vt 0.1716871 0.1609309
vt 0.1709881 0.1622171
vt 0.1686538 0.1503496
vt 0.1677001 0.1505146
vt 0.1681348 0.1519124
vt 0.1707838 0.1605831
vt 0.1703502 0.1619714
vt 0.1709881 0.1622171
vt 0.1694999 0.1517765
vt 0.1696331 0.1503222
vt 0.1686538 0.1503496
vt 0.1707838 0.1605831
vt 0.1698288 0.1603652
vt 0.1696757 0.1618176
vt 0.1694999 0.1517765
vt 0.1701837 0.1519382
vt 0.1706011 0.1505511
vt 0.1688346 0.1604009
vt 0.1689735 0.1618428
vt 0.1696757 0.1618176
vt 0.1708014 0.1521716
vt 0.1714758 0.1508815
vt 0.1706011 0.1505511
vt 0.1688346 0.1604009
vt 0.1679123 0.1605543
vt 0.168322 0.1619512
vt 0.1723147 0.1514609
vt 0.1714758 0.1508815
vt 0.1708014 0.1521716
vt 0.1669765 0.1609589
vt 0.1676611 0.1622369
vt 0.168322 0.1619512
vt 0.1718926 0.1530531
vt 0.1730207 0.1521296
vt 0.1723147 0.1514609
vt 0.16708 0.1626029
vt 0.1676611 0.1622369
vt 0.1669765 0.1609589
vt 0.1723165 0.1536198
vt 0.1736209 0.152932
vt 0.1730207 0.1521296
vt 0.1661537 0.161477
vt 0.1654084 0.1621469
vt 0.1665536 0.163076
vt 0.07431715 0.1474628
vt 0.07450711 0.1475247
vt 0.07487851 0.1466589
vt 0.06398367 0.1474967
vt 0.06437844 0.1466147
vt 0.06420427 0.1465109
vt 0.07410734 0.1484451
vt 0.07430821 0.1484677
vt 0.07450711 0.1475247
vt 0.06379133 0.1474346
vt 0.06357795 0.1484187
vt 0.06377762 0.1484393
vt 0.07410198 0.1494589
vt 0.07430607 0.1494369
vt 0.07430821 0.1484677
vt 0.06377148 0.1493873
vt 0.06377762 0.1484393
vt 0.06357795 0.1484187
vt 0.07434833 0.1505264
vt 0.07455033 0.1504588
vt 0.07430607 0.1494369
vt 0.06381326 0.1504382
vt 0.06400644 0.1503758
vt 0.06377148 0.1493873
vt 0.07494181 0.1513503
vt 0.07455033 0.1504588
vt 0.07434833 0.1505264
vt 0.06420046 0.1513429
vt 0.06438124 0.1512487
vt 0.06400644 0.1503758
vt 0.07547694 0.1521619
vt 0.07494181 0.1513503
vt 0.07475936 0.1514509
vt 0.06473988 0.152194
vt 0.06489926 0.1520672
vt 0.06438124 0.1512487
vt 0.07532131 0.1522948
vt 0.07608932 0.1530223
vt 0.07621502 0.1528596
vt 0.06548947 0.1529413
vt 0.06562262 0.1527806
vt 0.06489926 0.1520672
vt 0.07608932 0.1530223
vt 0.07695448 0.1535739
vt 0.07704699 0.1533901
vt 0.06635516 0.1535268
vt 0.06645643 0.1533384
vt 0.06562262 0.1527806
vt 0.07795774 0.1537515
vt 0.07704699 0.1533901
vt 0.07695448 0.1535739
vt 0.06635516 0.1535268
vt 0.06731718 0.1539242
vt 0.06737536 0.1537255
vt 0.07892251 0.1539211
vt 0.07795774 0.1537515
vt 0.0779038 0.1539475
vt 0.06731718 0.1539242
vt 0.06833308 0.1541143
vt 0.06835216 0.153909
vt 0.07993274 0.1541204
vt 0.07991176 0.1539166
vt 0.07892251 0.1539211
vt 0.06833308 0.1541143
vt 0.06935691 0.1541204
vt 0.0693376 0.1539221
vt 0.08090412 0.1539131
vt 0.08084088 0.1537098
vt 0.07991176 0.1539166
vt 0.06935691 0.1541204
vt 0.07031267 0.1539277
vt 0.07025402 0.1537286
vt 0.08177489 0.1533337
vt 0.08084088 0.1537098
vt 0.08090412 0.1539131
vt 0.07031267 0.1539277
vt 0.07130169 0.1535361
vt 0.07120198 0.1533492
vt 0.0827071 0.1529317
vt 0.08257609 0.1527734
vt 0.08177489 0.1533337
vt 0.07130169 0.1535361
vt 0.07216292 0.1529426
vt 0.07202917 0.1527828
vt 0.08343005 0.1522088
vt 0.08327198 0.1520792
vt 0.08257609 0.1527734
vt 0.07216292 0.1529426
vt 0.07289022 0.152219
vt 0.0727303 0.1520901
vt 0.08398276 0.1513563
vt 0.08380043 0.1512619
vt 0.08327198 0.1520792
vt 0.07289022 0.152219
vt 0.07344585 0.1513676
vt 0.07326453 0.1512744
vt 0.08434975 0.1504089
vt 0.08415323 0.1503575
vt 0.08380043 0.1512619
vt 0.07362449 0.150394
vt 0.07326453 0.1512744
vt 0.07344585 0.1513676
vt 0.08447271 0.1494082
vt 0.08426719 0.1493987
vt 0.08415323 0.1503575
vt 0.07395112 0.1494675
vt 0.07374924 0.1494548
vt 0.07362449 0.150394
vt 0.08443742 0.1483825
vt 0.08423441 0.1484079
vt 0.08426719 0.1493987
vt 0.07393342 0.1484535
vt 0.07373309 0.1484747
vt 0.07374924 0.1494548
vt 0.08421093 0.1473808
vt 0.08401286 0.1474476
vt 0.08423441 0.1484079
vt 0.07372784 0.147467
vt 0.07353496 0.1475266
vt 0.07373309 0.1484747
vt 0.08421093 0.1473808
vt 0.08378529 0.146458
vt 0.08361262 0.1465588
vt 0.07333046 0.1465408
vt 0.07315301 0.1466375
vt 0.07353496 0.1475266
vt 0.08305889 0.1457805
vt 0.08361262 0.1465588
vt 0.08378529 0.146458
vt 0.07275712 0.1457097
vt 0.0725978 0.1458383
vt 0.07315301 0.1466375
vt 0.08256423 0.1449804
vt 0.08243972 0.1451311
vt 0.08305889 0.1457805
vt 0.07209056 0.1450012
vt 0.07195889 0.1451611
vt 0.0725978 0.1458383
vt 0.08173936 0.1444695
vt 0.08165121 0.1446465
vt 0.08243972 0.1451311
vt 0.07209056 0.1450012
vt 0.07124191 0.1444779
vt 0.07115364 0.144658
vt 0.08082562 0.1441247
vt 0.0807771 0.144317
vt 0.08165121 0.1446465
vt 0.07124191 0.1444779
vt 0.07032531 0.1441288
vt 0.07027834 0.1443208
vt 0.07983958 0.1440011
vt 0.07982987 0.1442022
vt 0.0807771 0.144317
vt 0.07032531 0.1441288
vt 0.06934565 0.1440014
vt 0.06933635 0.1441997
vt 0.07882964 0.144036
vt 0.07885015 0.1442324
vt 0.07982987 0.1442022
vt 0.06934565 0.1440014
vt 0.06836503 0.1440307
vt 0.06838554 0.1442233
vt 0.07882964 0.144036
vt 0.0778566 0.1442194
vt 0.07790607 0.1444117
vt 0.06739747 0.1442042
vt 0.06744349 0.1443897
vt 0.06838554 0.1442233
vt 0.07694631 0.1445193
vt 0.07703459 0.1447031
vt 0.07790607 0.1444117
vt 0.06650489 0.1444863
vt 0.06658512 0.1446644
vt 0.06744349 0.1443897
vt 0.07618141 0.1452507
vt 0.07703459 0.1447031
vt 0.07694631 0.1445193
vt 0.06562167 0.1450272
vt 0.06574058 0.1451904
vt 0.06658512 0.1446644
vt 0.07605874 0.1450915
vt 0.07531964 0.1457604
vt 0.07546633 0.1458942
vt 0.06485098 0.1456894
vt 0.06500136 0.1458332
vt 0.06574058 0.1451904
vt 0.07487851 0.1466589
vt 0.07546633 0.1458942
vt 0.07531964 0.1457604
vt 0.06485098 0.1456894
vt 0.06420427 0.1465109
vt 0.06437844 0.1466147
vt 0.1743163 0.2539181
vt 0.1778085 0.2496637
vt 0.17611 0.2485367
vt 0.03611117 0.1638722
vt 0.03669846 0.1630967
vt 0.03263968 0.159386
vt 0.1750065 0.2546038
vt 0.1792544 0.2511005
vt 0.1778085 0.2496637
vt 0.0314092 0.161011
vt 0.03051942 0.1628449
vt 0.03568655 0.1647474
vt 0.1750065 0.2546038
vt 0.1755495 0.255411
vt 0.1803922 0.2527918
vt 0.0300045 0.1648172
vt 0.03544074 0.1656887
vt 0.03568655 0.1647474
vt 0.1811072 0.2548256
vt 0.1803922 0.2527918
vt 0.1755495 0.255411
vt 0.03000187 0.1669731
vt 0.03543955 0.1667176
vt 0.03544074 0.1656887
vt 0.1814273 0.2567697
vt 0.1811072 0.2548256
vt 0.1758906 0.2563816
vt 0.03034228 0.1689137
vt 0.03560197 0.1676437
vt 0.03543955 0.1667176
vt 0.1760776 0.2582736
vt 0.1816264 0.2587634
vt 0.1814273 0.2567697
vt 0.03034228 0.1689137
vt 0.03081327 0.1708612
vt 0.03588843 0.168565
vt 0.1758551 0.2592515
vt 0.1817664 0.2609029
vt 0.1816264 0.2587634
vt 0.03642153 0.1694145
vt 0.03588843 0.168565
vt 0.03081327 0.1708612
vt 0.1754775 0.260147
vt 0.1819993 0.2633072
vt 0.1817664 0.2609029
vt 0.03707391 0.1701348
vt 0.03642153 0.1694145
vt 0.03138822 0.1729268
vt 0.1749451 0.26096
vt 0.1819993 0.2659832
vt 0.1819993 0.2633072
vt 0.03196305 0.1752729
vt 0.03284746 0.1777986
vt 0.03784501 0.1707262
vt 0.1742402 0.2616309
vt 0.1815414 0.2688185
vt 0.1819993 0.2659832
vt 0.03284746 0.1777986
vt 0.0342167 0.1803232
vt 0.03873217 0.1711265
vt 0.1734406 0.262201
vt 0.1806629 0.2711435
vt 0.1815414 0.2688185
vt 0.0342167 0.1803232
vt 0.03581422 0.1822272
vt 0.03967517 0.1714002
vt 0.1741499 0.2677146
vt 0.1806629 0.2711435
vt 0.1734406 0.262201
vt 0.04082792 0.1768384
vt 0.04060631 0.1714258
vt 0.03967517 0.1714002
vt 0.1716064 0.2627634
vt 0.1721303 0.2681977
vt 0.1741499 0.2677146
vt 0.04082792 0.1768384
vt 0.04289376 0.1766269
vt 0.04159218 0.1713248
vt 0.1700851 0.2681441
vt 0.1721303 0.2681977
vt 0.1716064 0.2627634
vt 0.0448063 0.1759004
vt 0.04250496 0.1709781
vt 0.04159218 0.1713248
vt 0.1696762 0.2625756
vt 0.1680858 0.2678041
vt 0.1700851 0.2681441
vt 0.0448063 0.1759004
vt 0.04658085 0.1749188
vt 0.04335182 0.1705096
vt 0.1662186 0.2670152
vt 0.1680858 0.2678041
vt 0.1696762 0.2625756
vt 0.04808241 0.173557
vt 0.04406845 0.1698597
vt 0.04335182 0.1705096
vt 0.1679805 0.261666
vt 0.1645326 0.2658983
vt 0.1662186 0.2670152
vt 0.04465168 0.1690907
vt 0.04406845 0.1698597
vt 0.04808241 0.173557
vt 0.1632205 0.2643444
vt 0.1645326 0.2658983
vt 0.1679805 0.261666
vt 0.05002945 0.1700454
vt 0.04499757 0.1681839
vt 0.04465168 0.1690907
vt 0.1668113 0.2601173
vt 0.1612409 0.2632934
vt 0.1632205 0.2643444
vt 0.04524332 0.1672426
vt 0.04499757 0.1681839
vt 0.05002945 0.1700454
vt 0.1610301 0.260854
vt 0.1612409 0.2632934
vt 0.1668113 0.2601173
vt 0.05094301 0.1660273
vt 0.04530072 0.1662715
vt 0.04524332 0.1672426
vt 0.1664361 0.2592196
vt 0.1662434 0.2582662
vt 0.1608927 0.2587743
vt 0.05038541 0.164019
vt 0.0451675 0.1653078
vt 0.04530072 0.1662715
vt 0.1662403 0.2572933
vt 0.1608864 0.2567359
vt 0.1608927 0.2587743
vt 0.05038541 0.164019
vt 0.04971778 0.162093
vt 0.04484897 0.1643886
vt 0.166356 0.2563811
vt 0.1611289 0.2548245
vt 0.1608864 0.2567359
vt 0.04971778 0.162093
vt 0.04885715 0.1603693
vt 0.04443824 0.163566
vt 0.161896 0.2529555
vt 0.1611289 0.2548245
vt 0.166356 0.2563811
vt 0.04751545 0.1588588
vt 0.04379791 0.1628451
vt 0.04443824 0.163566
vt 0.1672438 0.2546794
vt 0.1629893 0.2512588
vt 0.161896 0.2529555
vt 0.04751545 0.1588588
vt 0.04592293 0.1576188
vt 0.04303783 0.1622533
vt 0.1644543 0.2498566
vt 0.1629893 0.2512588
vt 0.1672438 0.2546794
vt 0.0440768 0.1567795
vt 0.04215681 0.1618527
vt 0.04303783 0.1622533
vt 0.1687402 0.2534408
vt 0.1661248 0.2486637
vt 0.1644543 0.2498566
vt 0.0440768 0.1567795
vt 0.04210597 0.1562057
vt 0.04121619 0.1615789
vt 0.1687402 0.2534408
vt 0.1696712 0.2530904
vt 0.1680756 0.2479294
vt 0.04002207 0.1561574
vt 0.04022169 0.1615558
vt 0.04121619 0.1615789
vt 0.1705814 0.2528763
vt 0.1699826 0.2474809
vt 0.1680756 0.2479294
vt 0.04002207 0.1561574
vt 0.03807395 0.1563644
vt 0.03929191 0.1616546
vt 0.1721186 0.247507
vt 0.1699826 0.2474809
vt 0.1705814 0.2528763
vt 0.03606647 0.1570949
vt 0.03833389 0.1620032
vt 0.03929191 0.1616546
vt 0.1725599 0.2530496
vt 0.1741279 0.2478439
vt 0.1721186 0.247507
vt 0.0374819 0.1624719
vt 0.03833389 0.1620032
vt 0.03606647 0.1570949
vt 0.1735058 0.2533802
vt 0.17611 0.2485367
vt 0.1741279 0.2478439
vt 0.03428143 0.158077
vt 0.03263968 0.159386
vt 0.03669846 0.1630967
vt 0.1612409 0.2632934
vt 0.1595033 0.2640295
vt 0.1603588 0.2656293
vt 0.05155038 0.1683992
vt 0.05002945 0.1700454
vt 0.05315494 0.1703124
vt 0.1742227 0.2750171
vt 0.1791894 0.2762356
vt 0.1741499 0.2677146
vt 0.04317277 0.1837547
vt 0.04289376 0.1766269
vt 0.04082792 0.1768384
vt 0.1721776 0.2749635
vt 0.1742227 0.2750171
vt 0.1721303 0.2681977
vt 0.04508531 0.1830281
vt 0.0448063 0.1759004
vt 0.04289376 0.1766269
vt 0.1701784 0.2746235
vt 0.1721776 0.2749635
vt 0.1700851 0.2681441
vt 0.0468598 0.1820465
vt 0.04658085 0.1749188
vt 0.0448063 0.1759004
vt 0.1683111 0.2738346
vt 0.1701784 0.2746235
vt 0.1680858 0.2678041
vt 0.04836136 0.1806848
vt 0.04808241 0.173557
vt 0.04658085 0.1749188
vt 0.1662186 0.2670152
vt 0.1645326 0.2658983
vt 0.1666252 0.2727178
vt 0.04958343 0.1790736
vt 0.0493046 0.1719458
vt 0.04808241 0.173557
vt 0.1653131 0.2711639
vt 0.1666252 0.2727178
vt 0.1645326 0.2658983
vt 0.05030816 0.1771733
vt 0.05002945 0.1700454
vt 0.0493046 0.1719458
vt 0.1603588 0.2656293
vt 0.1624515 0.2724487
vt 0.1653131 0.2711639
vt 0.05315494 0.1703124
vt 0.05002945 0.1700454
vt 0.05030816 0.1771733
vt 0.1806629 0.2711435
vt 0.1741499 0.2677146
vt 0.1794673 0.2734324
vt 0.0376991 0.1839923
vt 0.04082792 0.1768384
vt 0.03581422 0.1822272
vt 0.1794673 0.2734324
vt 0.1741499 0.2677146
vt 0.1791894 0.2762356
vt 0.03888791 0.1865461
vt 0.04082792 0.1768384
vt 0.0376991 0.1839923
vt 0.14604 0.2480361
vt 0.1526959 0.2480361
vt 0.1526959 0.2459978
vt 0.1526959 0.2480361
vt 0.1593517 0.2480361
vt 0.1593517 0.2459978
vt 0.1526959 0.2500745
vt 0.1526959 0.2480361
vt 0.14604 0.2480361
vt 0.1526959 0.2480361
vt 0.1526959 0.2500745
vt 0.1593517 0.2500745
vt 0.1460401 0.252113
vt 0.1526959 0.2521129
vt 0.1526959 0.2500745
vt 0.1526959 0.2521129
vt 0.1593518 0.2521129
vt 0.1593517 0.2500745
vt 0.152696 0.2542689
vt 0.1526959 0.2521129
vt 0.1460401 0.252113
vt 0.1526959 0.2521129
vt 0.152696 0.2542689
vt 0.1593518 0.2542688
vt 0.1460402 0.2562393
vt 0.152696 0.2562392
vt 0.152696 0.2542689
vt 0.152696 0.2562392
vt 0.1593519 0.256239
vt 0.1593518 0.2542688
vt 0.1460402 0.258243
vt 0.1526961 0.2582428
vt 0.152696 0.2562392
vt 0.152696 0.2562392
vt 0.1526961 0.2582428
vt 0.1593519 0.2582427
vt 0.1460403 0.2603871
vt 0.1526961 0.2603869
vt 0.1526961 0.2582428
vt 0.1593519 0.2603868
vt 0.1593519 0.2582427
vt 0.1526961 0.2582428
vt 0.1460403 0.2603871
vt 0.1460403 0.2628027
vt 0.1526961 0.2628025
vt 0.1526961 0.2628025
vt 0.159352 0.2628023
vt 0.1593519 0.2603868
vt 0.1526962 0.2654785
vt 0.1526961 0.2628025
vt 0.1460403 0.2628027
vt 0.1526961 0.2628025
vt 0.1526962 0.2654785
vt 0.1593521 0.2654784
vt 0.1526963 0.2683506
vt 0.1526962 0.2654785
vt 0.1460404 0.2654787
vt 0.1526962 0.2654785
vt 0.1526963 0.2683506
vt 0.1593522 0.2683504
vt 0.1526964 0.2708361
vt 0.1526963 0.2683506
vt 0.1460404 0.2683508
vt 0.1526963 0.2683506
vt 0.1526964 0.2708361
vt 0.1593523 0.2708359
vt 0.1526965 0.2215122
vt 0.1526966 0.2190638
vt 0.1460407 0.2190635
vt 0.1526965 0.2215122
vt 0.1593523 0.2215125
vt 0.1593525 0.2190641
vt 0.1460406 0.2235962
vt 0.1526964 0.2235964
vt 0.1526965 0.2215122
vt 0.1526964 0.2235964
vt 0.1593523 0.2235967
vt 0.1593523 0.2215125
vt 0.1460406 0.2256346
vt 0.1526964 0.2256349
vt 0.1526964 0.2235964
vt 0.1526964 0.2235964
vt 0.1526964 0.2256349
vt 0.1593521 0.2256352
vt 0.1526963 0.2275616
vt 0.1526964 0.2256349
vt 0.1460406 0.2256346
vt 0.1526963 0.2275616
vt 0.1593521 0.2275618
vt 0.1593521 0.2256352
vt 0.1460404 0.2295816
vt 0.1526962 0.2295819
vt 0.1526963 0.2275616
vt 0.1526962 0.2295819
vt 0.159352 0.2295821
vt 0.1593521 0.2275618
vt 0.1526961 0.2316003
vt 0.1526962 0.2295819
vt 0.1460404 0.2295816
vt 0.1526961 0.2316003
vt 0.1593519 0.2316005
vt 0.159352 0.2295821
vt 0.1460403 0.233628
vt 0.1526961 0.2336282
vt 0.1526961 0.2316003
vt 0.1526961 0.2336282
vt 0.1593519 0.2336284
vt 0.1593519 0.2316005
vt 0.152696 0.2356809
vt 0.1526961 0.2336282
vt 0.1460403 0.233628
vt 0.1526961 0.2336282
vt 0.152696 0.2356809
vt 0.1593518 0.2356811
vt 0.1460402 0.2377652
vt 0.152696 0.2377654
vt 0.152696 0.2356809
vt 0.152696 0.2377654
vt 0.1593517 0.2377655
vt 0.1593518 0.2356811
vt 0.1526959 0.2397244
vt 0.152696 0.2377654
vt 0.1460402 0.2377652
vt 0.152696 0.2377654
vt 0.1526959 0.2397244
vt 0.1593517 0.2397245
vt 0.1526959 0.2418606
vt 0.1526959 0.2397244
vt 0.1460402 0.2397243
vt 0.1526959 0.2418606
vt 0.1593517 0.2418607
vt 0.1593517 0.2397245
vt 0.1460402 0.2418606
vt 0.1460401 0.243898
vt 0.1526959 0.2438981
vt 0.1526959 0.2438981
vt 0.1593517 0.2438981
vt 0.1593517 0.2418607
vt 0.1526959 0.2459978
vt 0.1526959 0.2438981
vt 0.1460401 0.243898
vt 0.1526959 0.2459978
vt 0.1593517 0.2459978
vt 0.1593517 0.2438981
vt 0.162452 0.1518345
vt 0.1557962 0.1518345
vt 0.1557962 0.1537217
vt 0.1557962 0.1518345
vt 0.1491404 0.1518345
vt 0.1491404 0.1537217
vt 0.166229 0.2340361
vt 0.166229 0.2289222
vt 0.159573 0.2289222
vt 0.166229 0.2340361
vt 0.1728848 0.2340361
vt 0.1728848 0.2289222
vt 0.166229 0.2360821
vt 0.166229 0.2340361
vt 0.159573 0.2340361
vt 0.166229 0.2340361
vt 0.166229 0.2360821
vt 0.1728848 0.2360821
vt 0.159573 0.2381099
vt 0.1662288 0.2381099
vt 0.166229 0.2360821
vt 0.1662288 0.2381099
vt 0.1728848 0.2381099
vt 0.1728848 0.2360821
vt 0.1662288 0.240137
vt 0.1662288 0.2381099
vt 0.159573 0.2381099
vt 0.1662288 0.2381099
vt 0.1662288 0.240137
vt 0.1728848 0.240137
vt 0.159573 0.240137
vt 0.159573 0.2421592
vt 0.1662288 0.2421592
vt 0.1662288 0.2421592
vt 0.1728847 0.2421592
vt 0.1728848 0.240137
vt 0.159573 0.2441931
vt 0.1662288 0.2441931
vt 0.1662288 0.2421592
vt 0.1662288 0.2441931
vt 0.1728847 0.2441931
vt 0.1728847 0.2421592
vt 0.159573 0.2441931
vt 0.1595033 0.2473291
vt 0.1662288 0.2473299
vt 0.1662288 0.2473299
vt 0.1729544 0.2473291
vt 0.1728847 0.2441931
vt 0.1526965 0.2762353
vt 0.1526964 0.2734184
vt 0.1460406 0.2734186
vt 0.1526964 0.2734184
vt 0.1526965 0.2762353
vt 0.1593525 0.2762352
vt 0.1460406 0.2734186
vt 0.1526964 0.2734184
vt 0.1526964 0.2708361
vt 0.1526964 0.2708361
vt 0.1526964 0.2734184
vt 0.1593524 0.2734182
vt 0.06328034 0.1744681
vt 0.06315195 0.174158
vt 0.06161981 0.1749659
vt 0.06161832 0.1713989
vt 0.06027323 0.1703077
vt 0.06008678 0.1705867
vt 0.06328034 0.1744681
vt 0.06161981 0.1749659
vt 0.06334584 0.1747973
vt 0.05995833 0.1708968
vt 0.06161832 0.1713989
vt 0.06008678 0.1705867
vt 0.06334584 0.1751329
vt 0.06334584 0.1747973
vt 0.06161981 0.1749659
vt 0.06161832 0.1713989
vt 0.05995833 0.1708968
vt 0.05989283 0.171226
vt 0.06334584 0.1751329
vt 0.06161981 0.1749659
vt 0.06325656 0.1754764
vt 0.05991333 0.1715803
vt 0.06161832 0.1713989
vt 0.05989283 0.171226
vt 0.06325656 0.1754764
vt 0.06161981 0.1749659
vt 0.06312161 0.1757715
vt 0.05998814 0.171896
vt 0.06161832 0.1713989
vt 0.05991333 0.1715803
vt 0.06312161 0.1757715
vt 0.06161981 0.1749659
vt 0.06294572 0.176054
vt 0.06010556 0.1722075
vt 0.06161832 0.1713989
vt 0.05998814 0.171896
vt 0.06269371 0.1762911
vt 0.06294572 0.176054
vt 0.06161981 0.1749659
vt 0.06161832 0.1713989
vt 0.06010556 0.1722075
vt 0.06030642 0.1724891
vt 0.06241315 0.1764747
vt 0.06269371 0.1762911
vt 0.06161981 0.1749659
vt 0.06161832 0.1713989
vt 0.06030642 0.1724891
vt 0.0605458 0.1727239
vt 0.06241315 0.1764747
vt 0.06161981 0.1749659
vt 0.06210422 0.1766049
vt 0.06082338 0.1729119
vt 0.06161832 0.1713989
vt 0.0605458 0.1727239
vt 0.06210422 0.1766049
vt 0.06161981 0.1749659
vt 0.06177324 0.1766612
vt 0.06113708 0.1730317
vt 0.06161832 0.1713989
vt 0.06082338 0.1729119
vt 0.06177324 0.1766612
vt 0.06161981 0.1749659
vt 0.06143456 0.1766704
vt 0.0614674 0.1731068
vt 0.06161832 0.1713989
vt 0.06113708 0.1730317
vt 0.06143456 0.1766704
vt 0.06161981 0.1749659
vt 0.06112158 0.1765978
vt 0.06178861 0.1730966
vt 0.06161832 0.1713989
vt 0.0614674 0.1731068
vt 0.06112158 0.1765978
vt 0.06161981 0.1749659
vt 0.06080126 0.1764781
vt 0.06212604 0.1730418
vt 0.06161832 0.1713989
vt 0.06178861 0.1730966
vt 0.06080126 0.1764781
vt 0.06161981 0.1749659
vt 0.06052678 0.1762828
vt 0.06243336 0.1729038
vt 0.06161832 0.1713989
vt 0.06212604 0.1730418
vt 0.06052678 0.1762828
vt 0.06161981 0.1749659
vt 0.06028497 0.1760526
vt 0.06271547 0.1727252
vt 0.06161832 0.1713989
vt 0.06243336 0.1729038
vt 0.06028497 0.1760526
vt 0.06161981 0.1749659
vt 0.0601024 0.1757733
vt 0.06294906 0.1724868
vt 0.06161832 0.1713989
vt 0.06271547 0.1727252
vt 0.05997473 0.1754657
vt 0.0601024 0.1757733
vt 0.06161981 0.1749659
vt 0.06161832 0.1713989
vt 0.06294906 0.1724868
vt 0.06313425 0.1722101
vt 0.05997473 0.1754657
vt 0.06161981 0.1749659
vt 0.05993831 0.1751329
vt 0.06323486 0.1718907
vt 0.06161832 0.1713989
vt 0.06313425 0.1722101
vt 0.05993831 0.1747972
vt 0.05993831 0.1751329
vt 0.06161981 0.1749659
vt 0.06161832 0.1713989
vt 0.06323486 0.1718907
vt 0.06330037 0.1715615
vt 0.05993831 0.1747972
vt 0.06161981 0.1749659
vt 0.06000381 0.1744681
vt 0.06330037 0.171226
vt 0.06161832 0.1713989
vt 0.06330037 0.1715615
vt 0.0601322 0.174158
vt 0.06000381 0.1744681
vt 0.06161981 0.1749659
vt 0.06161832 0.1713989
vt 0.06330037 0.171226
vt 0.06323486 0.1708968
vt 0.0601322 0.174158
vt 0.06161981 0.1749659
vt 0.06031864 0.173879
vt 0.06310647 0.1705867
vt 0.06161832 0.1713989
vt 0.06323486 0.1708968
vt 0.06031864 0.173879
vt 0.06161981 0.1749659
vt 0.06052744 0.1736401
vt 0.06294828 0.1703117
vt 0.06161832 0.1713989
vt 0.06310647 0.1705867
vt 0.06052744 0.1736401
vt 0.06161981 0.1749659
vt 0.060804 0.1734553
vt 0.06271308 0.1700765
vt 0.06161832 0.1713989
vt 0.06294828 0.1703117
vt 0.060804 0.1734553
vt 0.06161981 0.1749659
vt 0.0611093 0.173324
vt 0.06243926 0.1698882
vt 0.06161832 0.1713989
vt 0.06271308 0.1700765
vt 0.0611093 0.173324
vt 0.06161981 0.1749659
vt 0.06143832 0.1732671
vt 0.0621277 0.1697682
vt 0.06161832 0.1713989
vt 0.06243926 0.1698882
vt 0.06143832 0.1732671
vt 0.06161981 0.1749659
vt 0.06177616 0.1732576
vt 0.06179821 0.169693
vt 0.06161832 0.1713989
vt 0.0621277 0.1697682
vt 0.06211012 0.1733367
vt 0.06177616 0.1732576
vt 0.06161981 0.1749659
vt 0.06161832 0.1713989
vt 0.06179821 0.169693
vt 0.06145519 0.1697053
vt 0.06211012 0.1733367
vt 0.06161981 0.1749659
vt 0.0624119 0.1734506
vt 0.06113702 0.1697583
vt 0.06161832 0.1713989
vt 0.06145519 0.1697053
vt 0.0624119 0.1734506
vt 0.06161981 0.1749659
vt 0.06270134 0.1736505
vt 0.0608142 0.1698978
vt 0.06161832 0.1713989
vt 0.06113702 0.1697583
vt 0.06294482 0.1738812
vt 0.06270134 0.1736505
vt 0.06161981 0.1749659
vt 0.06161832 0.1713989
vt 0.0608142 0.1698978
vt 0.06053036 0.1700766
vt 0.06161981 0.1749659
vt 0.06315195 0.174158
vt 0.06294482 0.1738812
vt 0.06053036 0.1700766
vt 0.06027323 0.1703077
vt 0.06161832 0.1713989
vt 0.1728853 0.2198251
vt 0.1662294 0.2198248
vt 0.1662293 0.2216377
vt 0.1662293 0.2216377
vt 0.1662294 0.2198248
vt 0.1595736 0.2198244
vt 0.1729549 0.2216381
vt 0.1662293 0.2216377
vt 0.1662288 0.2287708
vt 0.1662288 0.2287708
vt 0.1662293 0.2216377
vt 0.1595038 0.2216372
vt 0.05303955 0.6872252
vt 0.05280202 0.6885298
vt 0.05320662 0.6886468
vt 0.05214136 0.6884861
vt 0.05236667 0.6871607
vt 0.05177021 0.6869806
vt 0.05318748 0.6865107
vt 0.05303955 0.6872252
vt 0.05352938 0.6872564
vt 0.05177021 0.6869806
vt 0.05236667 0.6871607
vt 0.05281585 0.6863596
vt 0.05352938 0.6872564
vt 0.05320662 0.6886468
vt 0.05458956 0.6887531
vt 0.0534752 0.6861175
vt 0.05352938 0.6872564
vt 0.0548318 0.6875638
vt 0.05289405 0.684708
vt 0.05024695 0.6837065
vt 0.05177021 0.6869806
vt 0.05024695 0.6837065
vt 0.0495913 0.6858028
vt 0.05177021 0.6869806
vt 0.04911178 0.6884165
vt 0.05148279 0.6885328
vt 0.05177021 0.6869806
vt 0.05289405 0.684708
vt 0.05423963 0.6840032
vt 0.05282437 0.6825496
vt 0.05024695 0.6837065
vt 0.05282437 0.6825496
vt 0.05125176 0.6798466
vt 0.0472455 0.6757842
vt 0.0503965 0.675572
vt 0.05021923 0.6728494
vt 0.04715979 0.6723959
vt 0.05021923 0.6728494
vt 0.05053251 0.6697429
vt 0.05053251 0.6697429
vt 0.05184811 0.6678083
vt 0.04952013 0.6663941
vt 0.05642819 0.6888317
vt 0.05750727 0.6889131
vt 0.05755311 0.6884273
vt 0.0570181 0.687505
vt 0.05655509 0.6881219
vt 0.05755311 0.6884273
vt 0.0570181 0.687505
vt 0.05778133 0.6879551
vt 0.05803972 0.6875182
vt 0.05823945 0.6889385
vt 0.05846834 0.6889884
vt 0.05849248 0.6886049
vt 0.05849248 0.6886049
vt 0.05855125 0.6882025
vt 0.05834889 0.688198
vt 0.05855125 0.6882025
vt 0.05863326 0.6879306
vt 0.05846333 0.6878909
vt 0.06450015 0.6738112
vt 0.06539756 0.6737376
vt 0.06418818 0.6711496
vt 0.06532508 0.6781514
vt 0.06586337 0.6767076
vt 0.06527537 0.6766744
vt 0.064745 0.6797301
vt 0.06532508 0.6781514
vt 0.06448107 0.67835
vt 0.06418818 0.6711496
vt 0.06271535 0.6677084
vt 0.06186693 0.66823
vt 0.05953413 0.6865939
vt 0.05996042 0.6859396
vt 0.05973577 0.6856792
vt 0.05303955 0.6872252
vt 0.05276715 0.6871246
vt 0.05251109 0.6885208
vt 0.05251109 0.6885208
vt 0.05276715 0.6871246
vt 0.05236667 0.6871607
vt 0.05274099 0.6859011
vt 0.05281585 0.6863596
vt 0.05316704 0.6862104
vt 0.05316704 0.6862104
vt 0.05318748 0.6865107
vt 0.0534752 0.6861175
vt 0.05318748 0.6865107
vt 0.05316704 0.6862104
vt 0.05276715 0.6871246
vt 0.05276715 0.6871246
vt 0.05316704 0.6862104
vt 0.05281585 0.6863596
vt 0.05289405 0.684708
vt 0.05274099 0.6859011
vt 0.05338317 0.6856959
vt 0.05440348 0.6856265
vt 0.05338317 0.6856959
vt 0.0534752 0.6861175
vt 0.05423963 0.6840032
vt 0.05289405 0.684708
vt 0.05440348 0.6856265
vt 0.05517691 0.6848158
vt 0.05440348 0.6856265
vt 0.05541074 0.686368
vt 0.06289488 0.6829342
vt 0.06370526 0.6814363
vt 0.06312298 0.6814124
vt 0.06370526 0.6814363
vt 0.064745 0.6797301
vt 0.06383866 0.6797302
vt 0.06603282 0.6784993
vt 0.06695133 0.6764756
vt 0.06586337 0.6767076
vt 0.05938082 0.6682551
vt 0.05924433 0.6694131
vt 0.06186693 0.66823
vt 0.05864709 0.6726239
vt 0.06156742 0.6718291
vt 0.05924433 0.6694131
vt 0.06156742 0.6718291
vt 0.06333345 0.6714296
vt 0.06186693 0.66823
vt 0.0591616 0.6746112
vt 0.06205374 0.674036
vt 0.06156742 0.6718291
vt 0.06205374 0.674036
vt 0.06450015 0.6738112
vt 0.06333345 0.6714296
vt 0.05938196 0.6768597
vt 0.05967628 0.6787665
vt 0.06211447 0.6784543
vt 0.06225961 0.6765652
vt 0.06211447 0.6784543
vt 0.06448107 0.67835
vt 0.05967628 0.6787665
vt 0.05984157 0.6800728
vt 0.06207442 0.6798219
vt 0.06211447 0.6784543
vt 0.06207442 0.6798219
vt 0.06383866 0.6797302
vt 0.05996042 0.6859396
vt 0.06071615 0.6855512
vt 0.0602113 0.6854498
vt 0.06071615 0.6855512
vt 0.06108593 0.6854327
vt 0.06084209 0.6852742
vt 0.05989927 0.6816983
vt 0.05991619 0.6831422
vt 0.0609501 0.6829669
vt 0.06130748 0.6814937
vt 0.0609501 0.6829669
vt 0.06235849 0.6829071
vt 0.05984157 0.6800728
vt 0.05989927 0.6816983
vt 0.06130748 0.6814937
vt 0.06207442 0.6798219
vt 0.06130748 0.6814937
vt 0.06312298 0.6814124
vt 0.05984157 0.6800728
vt 0.05967628 0.6787665
vt 0.05758196 0.679775
vt 0.05804479 0.6811857
vt 0.05758196 0.679775
vt 0.0557633 0.680855
vt 0.05967628 0.6787665
vt 0.05938196 0.6768597
vt 0.05719053 0.677667
vt 0.05758196 0.679775
vt 0.05719053 0.677667
vt 0.05471718 0.678828
vt 0.05864709 0.6726239
vt 0.05649244 0.6727571
vt 0.05676406 0.6748449
vt 0.05649244 0.6727571
vt 0.05311268 0.6728629
vt 0.05398631 0.6754869
vt 0.057397 0.6700942
vt 0.05533176 0.6700128
vt 0.05649244 0.6727571
vt 0.05533176 0.6700128
vt 0.05315959 0.6698519
vt 0.05311268 0.6728629
vt 0.05917388 0.6865765
vt 0.05973577 0.6856792
vt 0.05889463 0.6859499
vt 0.05874276 0.6868173
vt 0.05889463 0.6859499
vt 0.05815541 0.6863733
vt 0.05880922 0.6875935
vt 0.05897212 0.6874133
vt 0.05880683 0.6873615
vt 0.05989927 0.6816983
vt 0.05984157 0.6800728
vt 0.05804479 0.6811857
vt 0.05849343 0.6824036
vt 0.05804479 0.6811857
vt 0.05654305 0.6822544
vt 0.05991619 0.6831422
vt 0.05989927 0.6816983
vt 0.05849343 0.6824036
vt 0.0586453 0.6836461
vt 0.05849343 0.6824036
vt 0.05705487 0.6834271
vt 0.05938082 0.6682551
vt 0.057397 0.6700942
vt 0.05924433 0.6694131
vt 0.057397 0.6700942
vt 0.05938082 0.6682551
vt 0.05645453 0.6682628
vt 0.05533176 0.6700128
vt 0.05645453 0.6682628
vt 0.05447041 0.6680004
vt 0.06418818 0.6711496
vt 0.06539756 0.6737376
vt 0.0675987 0.6722466
vt 0.06555825 0.6689654
vt 0.0675987 0.6722466
vt 0.06961125 0.6703492
vt 0.06271535 0.6677084
vt 0.06418818 0.6711496
vt 0.06555825 0.6689654
vt 0.06333899 0.6659722
vt 0.06555825 0.6689654
vt 0.06637346 0.6664905
vt 0.0503965 0.675572
vt 0.0472455 0.6757842
vt 0.04784196 0.6784754
vt 0.04784196 0.6784754
vt 0.04887002 0.681089
vt 0.05125176 0.6798466
vt 0.06527537 0.6766744
vt 0.06586337 0.6767076
vt 0.06575113 0.6752782
vt 0.06497228 0.6752818
vt 0.06575113 0.6752782
vt 0.06539756 0.6737376
vt 0.0591616 0.6746112
vt 0.05925983 0.6757502
vt 0.06212306 0.6752976
vt 0.05925983 0.6757502
vt 0.05938196 0.6768597
vt 0.06225961 0.6765652
vt 0.06450015 0.6738112
vt 0.06205374 0.674036
vt 0.06212306 0.6752976
vt 0.06497228 0.6752818
vt 0.06212306 0.6752976
vt 0.06225961 0.6765652
vt 0.05938196 0.6768597
vt 0.05925983 0.6757502
vt 0.05693358 0.6762604
vt 0.05925983 0.6757502
vt 0.0591616 0.6746112
vt 0.05676406 0.6748449
vt 0.05719053 0.677667
vt 0.05693358 0.6762604
vt 0.05442023 0.6770812
vt 0.05693358 0.6762604
vt 0.05676406 0.6748449
vt 0.05398631 0.6754869
vt 0.0675987 0.6722466
vt 0.06750386 0.6746122
vt 0.06870603 0.6730064
vt 0.06870603 0.6730064
vt 0.06930458 0.6725402
vt 0.06961125 0.6703492
vt 0.06539756 0.6737376
vt 0.06575113 0.6752782
vt 0.06750386 0.6746122
vt 0.06695133 0.6764756
vt 0.06750386 0.6746122
vt 0.06575113 0.6752782
vt 0.06870603 0.6730064
vt 0.06750386 0.6746122
vt 0.06949096 0.673066
vt 0.06791883 0.6748774
vt 0.06750386 0.6746122
vt 0.06695133 0.6764756
vt 0.06949096 0.673066
vt 0.06750386 0.6746122
vt 0.06791883 0.6748774
vt 0.064745 0.6797301
vt 0.06524431 0.6802311
vt 0.06603282 0.6784993
vt 0.06445908 0.6815619
vt 0.06524431 0.6802311
vt 0.064745 0.6797301
vt 0.06340175 0.6830959
vt 0.06445908 0.6815619
vt 0.06370526 0.6814363
vt 0.0557633 0.680855
vt 0.0538665 0.6818872
vt 0.05500435 0.6833275
vt 0.0538665 0.6818872
vt 0.05282437 0.6825496
vt 0.05423963 0.6840032
vt 0.05471718 0.678828
vt 0.05257958 0.6794229
vt 0.0538665 0.6818872
vt 0.05257958 0.6794229
vt 0.05125176 0.6798466
vt 0.05282437 0.6825496
vt 0.0503965 0.675572
vt 0.0516076 0.6756112
vt 0.05111396 0.6728386
vt 0.0516076 0.6756112
vt 0.05398631 0.6754869
vt 0.05311268 0.6728629
vt 0.05311268 0.6728629
vt 0.05315959 0.6698519
vt 0.05154162 0.6698388
vt 0.05111396 0.6728386
vt 0.05154162 0.6698388
vt 0.05053251 0.6697429
vt 0.05838483 0.6870757
vt 0.05815541 0.6863733
vt 0.05777525 0.6866995
vt 0.05815136 0.6873409
vt 0.05777525 0.6866995
vt 0.05758249 0.6869364
vt 0.05863326 0.6879306
vt 0.05869942 0.6877753
vt 0.05853039 0.6877541
vt 0.05869942 0.6877753
vt 0.05880922 0.6875935
vt 0.05866903 0.6875471
vt 0.05705487 0.6834271
vt 0.05654305 0.6822544
vt 0.05500435 0.6833275
vt 0.05500435 0.6833275
vt 0.05423963 0.6840032
vt 0.05517691 0.6848158
vt 0.05723905 0.6845375
vt 0.05705487 0.6834271
vt 0.055956 0.6844066
vt 0.055956 0.6844066
vt 0.05517691 0.6848158
vt 0.05608403 0.6853485
vt 0.05315959 0.6698519
vt 0.05447041 0.6680004
vt 0.05295103 0.6678575
vt 0.05154162 0.6698388
vt 0.05295103 0.6678575
vt 0.05184811 0.6678083
vt 0.05125176 0.6798466
vt 0.05257958 0.6794229
vt 0.05205446 0.6774765
vt 0.05257958 0.6794229
vt 0.05471718 0.678828
vt 0.05442023 0.6770812
vt 0.05076307 0.6776925
vt 0.05205446 0.6774765
vt 0.0516076 0.6756112
vt 0.05205446 0.6774765
vt 0.05442023 0.6770812
vt 0.05398631 0.6754869
vt 0.06603282 0.6784993
vt 0.06724113 0.6801065
vt 0.0680685 0.6781435
vt 0.06695133 0.6764756
vt 0.0680685 0.6781435
vt 0.06857174 0.6760821
vt 0.06524431 0.6802311
vt 0.06610465 0.6814233
vt 0.06724113 0.6801065
vt 0.06445908 0.6815619
vt 0.0653603 0.6822637
vt 0.06610465 0.6814233
vt 0.06340175 0.6830959
vt 0.06389456 0.6837328
vt 0.0653603 0.6822637
vt 0.06718891 0.6890852
vt 0.0691573 0.6891422
vt 0.06844532 0.6848013
vt 0.06718891 0.6890852
vt 0.06645679 0.6918597
vt 0.06835228 0.6928103
vt 0.0665434 0.6857536
vt 0.06466567 0.6866861
vt 0.06505203 0.6888848
vt 0.06718891 0.6890852
vt 0.06505203 0.6888848
vt 0.06461918 0.691094
vt 0.05458956 0.6887531
vt 0.05567342 0.6887726
vt 0.05579406 0.6878822
vt 0.05567342 0.6887726
vt 0.05642819 0.6888317
vt 0.05655509 0.6881219
vt 0.05541074 0.686368
vt 0.05629491 0.6870844
vt 0.05688923 0.6863028
vt 0.05688923 0.6863028
vt 0.05629491 0.6870844
vt 0.0570181 0.687505
vt 0.05541074 0.686368
vt 0.0548318 0.6875638
vt 0.05579406 0.6878822
vt 0.05629491 0.6870844
vt 0.05579406 0.6878822
vt 0.05655509 0.6881219
vt 0.06108593 0.6854327
vt 0.06174522 0.6843655
vt 0.06147933 0.6842981
vt 0.06174522 0.6843655
vt 0.06289488 0.6829342
vt 0.06235849 0.6829071
vt 0.05991619 0.6831422
vt 0.05977195 0.6845662
vt 0.06045269 0.6843843
vt 0.05977195 0.6845662
vt 0.05973577 0.6856792
vt 0.0602113 0.6854498
vt 0.0609501 0.6829669
vt 0.06045269 0.6843843
vt 0.06147933 0.6842981
vt 0.06045269 0.6843843
vt 0.0602113 0.6854498
vt 0.06084209 0.6852742
vt 0.05973577 0.6856792
vt 0.05977195 0.6845662
vt 0.0587663 0.6849795
vt 0.05977195 0.6845662
vt 0.05991619 0.6831422
vt 0.0586453 0.6836461
vt 0.05889463 0.6859499
vt 0.0587663 0.6849795
vt 0.05774545 0.6855941
vt 0.0587663 0.6849795
vt 0.0586453 0.6836461
vt 0.05723905 0.6845375
vt 0.06289488 0.6829342
vt 0.06174522 0.6843655
vt 0.06227105 0.6844404
vt 0.06174522 0.6843655
vt 0.06108593 0.6854327
vt 0.06155776 0.6851283
vt 0.05815541 0.6863733
vt 0.05774545 0.6855941
vt 0.05719083 0.6860024
vt 0.05774545 0.6855941
vt 0.05723905 0.6845375
vt 0.05649667 0.6850054
vt 0.05777525 0.6866995
vt 0.05719083 0.6860024
vt 0.05688923 0.6863028
vt 0.05719083 0.6860024
vt 0.05649667 0.6850054
vt 0.05608403 0.6853485
vt 0.06340175 0.6830959
vt 0.06227105 0.6844404
vt 0.06323212 0.6847863
vt 0.05897212 0.6874133
vt 0.05918115 0.6872237
vt 0.05907791 0.6871549
vt 0.06395208 0.6869001
vt 0.06426221 0.6889971
vt 0.06505203 0.6888848
vt 0.06426221 0.6889971
vt 0.06395608 0.690887
vt 0.06461918 0.691094
vt 0.06375759 0.6869538
vt 0.06404715 0.6890072
vt 0.06426221 0.6889971
vt 0.06404715 0.6890072
vt 0.0637688 0.690834
vt 0.06395608 0.690887
vt 0.06310069 0.6857712
vt 0.06273645 0.6859702
vt 0.06331127 0.6870826
vt 0.06241548 0.6861451
vt 0.06279176 0.6872539
vt 0.06331127 0.6870826
vt 0.06194382 0.6863982
vt 0.06219339 0.6874387
vt 0.06279176 0.6872539
vt 0.06310069 0.6857712
vt 0.06225794 0.6848097
vt 0.0620923 0.6851231
vt 0.06273645 0.6859702
vt 0.0620923 0.6851231
vt 0.06192135 0.6853683
vt 0.06241548 0.6861451
vt 0.06192135 0.6853683
vt 0.06181561 0.6856268
vt 0.06146353 0.6865415
vt 0.06167072 0.6875603
vt 0.06219339 0.6874387
vt 0.0613268 0.6858837
vt 0.06146353 0.6865415
vt 0.06194382 0.6863982
vt 0.06119143 0.686637
vt 0.06138354 0.687634
vt 0.06167072 0.6875603
vt 0.06106388 0.6860483
vt 0.06119143 0.686637
vt 0.06146353 0.6865415
vt 0.06057965 0.6869736
vt 0.06081032 0.6878127
vt 0.06138354 0.687634
vt 0.06034702 0.686492
vt 0.06057965 0.6869736
vt 0.06119143 0.686637
vt 0.06009072 0.6872474
vt 0.06029474 0.6879722
vt 0.06081032 0.6878127
vt 0.05988079 0.6868471
vt 0.06009072 0.6872474
vt 0.06057965 0.6869736
vt 0.05973488 0.6874552
vt 0.05989509 0.6880826
vt 0.06029474 0.6879722
vt 0.05955296 0.6871084
vt 0.05973488 0.6874552
vt 0.06009072 0.6872474
vt 0.05958199 0.6875373
vt 0.05972045 0.6881229
vt 0.05989509 0.6880826
vt 0.059435 0.6872299
vt 0.05958199 0.6875373
vt 0.05973488 0.6874552
vt 0.05950427 0.6875588
vt 0.0596143 0.6881466
vt 0.05972045 0.6881229
vt 0.059435 0.6872299
vt 0.05937266 0.6872672
vt 0.05950427 0.6875588
vt 0.05889689 0.6878817
vt 0.05898678 0.6883139
vt 0.05920243 0.6882397
vt 0.05880922 0.6875935
vt 0.05889689 0.6878817
vt 0.05908846 0.6877733
vt 0.05876469 0.6880683
vt 0.05883389 0.6884963
vt 0.05898678 0.6883139
vt 0.05869942 0.6877753
vt 0.05876469 0.6880683
vt 0.05889689 0.6878817
vt 0.0586819 0.6882271
vt 0.05873668 0.6886542
vt 0.05883389 0.6884963
vt 0.05863326 0.6879306
vt 0.0586819 0.6882271
vt 0.05876469 0.6880683
vt 0.05859422 0.688496
vt 0.05861824 0.6889838
vt 0.05873668 0.6886542
vt 0.05855125 0.6882025
vt 0.05859422 0.688496
vt 0.0586819 0.6882271
vt 0.05861824 0.6889838
vt 0.05859422 0.688496
vt 0.05849248 0.6886049
vt 0.0596143 0.6881466
vt 0.05950427 0.6875588
vt 0.05919587 0.6877084
vt 0.05933213 0.6882114
vt 0.05919587 0.6877084
vt 0.05908846 0.6877733
vt 0.05950427 0.6875588
vt 0.05937266 0.6872672
vt 0.05918115 0.6872237
vt 0.05919587 0.6877084
vt 0.05918115 0.6872237
vt 0.05897212 0.6874133
vt 0.05873668 0.6886542
vt 0.05861824 0.6889838
vt 0.05874979 0.68898
vt 0.05873668 0.6886542
vt 0.05874979 0.68898
vt 0.05887258 0.6889753
vt 0.05883389 0.6884963
vt 0.05887258 0.6889753
vt 0.05904763 0.6889675
vt 0.05898678 0.6883139
vt 0.05904763 0.6889675
vt 0.05927699 0.6889561
vt 0.05920243 0.6882397
vt 0.05927699 0.6889561
vt 0.05941349 0.6889492
vt 0.05849248 0.6886049
vt 0.05859422 0.688496
vt 0.05855125 0.6882025
vt 0.07116717 0.6744901
vt 0.06965959 0.6734167
vt 0.06977057 0.6753715
vt 0.06857174 0.6760821
vt 0.0680685 0.6781435
vt 0.06967377 0.6780088
vt 0.06977057 0.6753715
vt 0.06967377 0.6780088
vt 0.07161188 0.6778303
vt 0.0680685 0.6781435
vt 0.06724113 0.6801065
vt 0.06882762 0.6806917
vt 0.06967377 0.6780088
vt 0.06882762 0.6806917
vt 0.07081407 0.6814614
vt 0.06724113 0.6801065
vt 0.06610465 0.6814233
vt 0.06767618 0.6823206
vt 0.06882762 0.6806917
vt 0.06767618 0.6823206
vt 0.06965506 0.6835425
vt 0.06610465 0.6814233
vt 0.0653603 0.6822637
vt 0.06676977 0.6832773
vt 0.06767618 0.6823206
vt 0.06676977 0.6832773
vt 0.06844532 0.6848013
vt 0.0653603 0.6822637
vt 0.06389456 0.6837328
vt 0.06521761 0.6845615
vt 0.06676977 0.6832773
vt 0.06521761 0.6845615
vt 0.0665434 0.6857536
vt 0.06389456 0.6837328
vt 0.06323212 0.6847863
vt 0.06382256 0.6853054
vt 0.06521761 0.6845615
vt 0.06382256 0.6853054
vt 0.06466567 0.6866861
vt 0.06382256 0.6853054
vt 0.06342065 0.6855765
vt 0.06395208 0.6869001
vt 0.06375759 0.6869538
vt 0.06395208 0.6869001
vt 0.06342065 0.6855765
vt 0.06323212 0.6847863
vt 0.06305062 0.6849113
vt 0.06342065 0.6855765
vt 0.06310069 0.6857712
vt 0.06342065 0.6855765
vt 0.06305062 0.6849113
vt 0.06227105 0.6844404
vt 0.06225794 0.6848097
vt 0.06305062 0.6849113
vt 0.06192135 0.6853683
vt 0.06188082 0.6851944
vt 0.06184381 0.6853551
vt 0.0620923 0.6851231
vt 0.0619989 0.6849822
vt 0.06188082 0.6851944
vt 0.0620923 0.6851231
vt 0.06225794 0.6848097
vt 0.0619989 0.6849822
vt 0.06835228 0.6928103
vt 0.06645679 0.6918597
vt 0.06562852 0.6933314
vt 0.06682544 0.6944652
vt 0.06562852 0.6933314
vt 0.06447839 0.6945008
vt 0.06645679 0.6918597
vt 0.06461918 0.691094
vt 0.0641151 0.6920447
vt 0.06562852 0.6933314
vt 0.0641151 0.6920447
vt 0.0632655 0.6929124
vt 0.06395608 0.690887
vt 0.0635336 0.6918596
vt 0.0641151 0.6920447
vt 0.0635336 0.6918596
vt 0.06291031 0.6927631
vt 0.0632655 0.6929124
vt 0.0637688 0.690834
vt 0.06333339 0.6918111
vt 0.0635336 0.6918596
vt 0.06333339 0.6918111
vt 0.06268733 0.6927405
vt 0.06291031 0.6927631
vt 0.06339132 0.6907253
vt 0.06299555 0.6916847
vt 0.06333339 0.6918111
vt 0.06299555 0.6916847
vt 0.06235629 0.692556
vt 0.06268733 0.6927405
vt 0.06339132 0.6907253
vt 0.06294536 0.6905879
vt 0.06261062 0.6914478
vt 0.06299555 0.6916847
vt 0.06261062 0.6914478
vt 0.06208223 0.6921971
vt 0.06536346 0.695596
vt 0.06632882 0.6970673
vt 0.0679295 0.6959438
vt 0.06682544 0.6944652
vt 0.0679295 0.6959438
vt 0.06958276 0.6943296
vt 0.06632882 0.6970673
vt 0.06720137 0.6989158
vt 0.06897199 0.697894
vt 0.0679295 0.6959438
vt 0.06897199 0.697894
vt 0.07081735 0.6962718
vt 0.06720137 0.6989158
vt 0.06778973 0.7009081
vt 0.06959229 0.7005275
vt 0.06897199 0.697894
vt 0.06959229 0.7005275
vt 0.07161182 0.6997497
vt 0.06778973 0.7009081
vt 0.06774932 0.7022801
vt 0.06946629 0.7025069
vt 0.06959229 0.7005275
vt 0.06946629 0.7025069
vt 0.0714088 0.7024781
vt 0.06238478 0.6903418
vt 0.06187224 0.6902323
vt 0.06170213 0.6909735
vt 0.06216096 0.6911401
vt 0.06170213 0.6909735
vt 0.06153345 0.691627
vt 0.06048518 0.6899383
vt 0.06032019 0.6905803
vt 0.06072312 0.6906437
vt 0.06072312 0.6906437
vt 0.06032019 0.6905803
vt 0.06027734 0.6909576
vt 0.05992561 0.6898786
vt 0.05978721 0.6898731
vt 0.05968546 0.6905634
vt 0.05981063 0.6905924
vt 0.05968546 0.6905634
vt 0.05966544 0.6908462
vt 0.05978721 0.6898731
vt 0.05968588 0.689864
vt 0.05957865 0.6905382
vt 0.05968546 0.6905634
vt 0.05957865 0.6905382
vt 0.05958795 0.6908499
vt 0.05940288 0.6898352
vt 0.05929106 0.6904826
vt 0.05957865 0.6905382
vt 0.05929106 0.6904826
vt 0.05927556 0.6911245
vt 0.05958795 0.6908499
vt 0.05940288 0.6898352
vt 0.05928307 0.6898037
vt 0.05918991 0.6904054
vt 0.05929106 0.6904826
vt 0.05918991 0.6904054
vt 0.05905699 0.6908646
vt 0.05928307 0.6898037
vt 0.05906409 0.6897458
vt 0.05900353 0.6902968
vt 0.05918991 0.6904054
vt 0.05900353 0.6902968
vt 0.05882889 0.6906225
vt 0.05906409 0.6897458
vt 0.05889475 0.6895958
vt 0.0588299 0.6900277
vt 0.05900353 0.6902968
vt 0.0588299 0.6900277
vt 0.05873388 0.690402
vt 0.05889475 0.6895958
vt 0.05877071 0.6893722
vt 0.05873793 0.6898706
vt 0.0588299 0.6900277
vt 0.05873793 0.6898706
vt 0.05866283 0.690189
vt 0.05877071 0.6893722
vt 0.05861824 0.6889838
vt 0.05859696 0.689592
vt 0.05873793 0.6898706
vt 0.05859696 0.689592
vt 0.05858236 0.6899072
vt 0.05861824 0.6889838
vt 0.05846834 0.6889884
vt 0.05850267 0.68942
vt 0.05877071 0.6893722
vt 0.05874979 0.68898
vt 0.05861824 0.6889838
vt 0.05887258 0.6889753
vt 0.05874979 0.68898
vt 0.05877071 0.6893722
vt 0.05904763 0.6889675
vt 0.05887258 0.6889753
vt 0.05889475 0.6895958
vt 0.05927699 0.6889561
vt 0.05904763 0.6889675
vt 0.05906409 0.6897458
vt 0.05941349 0.6889492
vt 0.05927699 0.6889561
vt 0.05928307 0.6898037
vt 0.05859696 0.689592
vt 0.05850267 0.68942
vt 0.05858236 0.6899072
vt 0.06946629 0.7025069
vt 0.06886994 0.7042335
vt 0.070445 0.7051974
vt 0.06759685 0.7028776
vt 0.06886994 0.7042335
vt 0.06946629 0.7025069
vt 0.06447839 0.6945008
vt 0.06339895 0.6949251
vt 0.06408751 0.6960683
vt 0.0632655 0.6929124
vt 0.0624991 0.6932055
vt 0.06339895 0.6949251
vt 0.06536346 0.695596
vt 0.06408751 0.6960683
vt 0.0647419 0.6974577
vt 0.06632882 0.6970673
vt 0.0647419 0.6974577
vt 0.06548953 0.6989466
vt 0.06720137 0.6989158
vt 0.06548953 0.6989466
vt 0.06610041 0.700355
vt 0.06778973 0.7009081
vt 0.06610041 0.700355
vt 0.06679576 0.7013519
vt 0.06774932 0.7022801
vt 0.06679576 0.7013519
vt 0.06721001 0.7024147
vt 0.06208223 0.6921971
vt 0.06145405 0.6920802
vt 0.06191581 0.6924574
vt 0.06235629 0.692556
vt 0.06191581 0.6924574
vt 0.06219142 0.6927784
vt 0.06268733 0.6927405
vt 0.06219142 0.6927784
vt 0.06237763 0.6930323
vt 0.06291031 0.6927631
vt 0.06237763 0.6930323
vt 0.0624991 0.6932055
vt 0.04911178 0.6884165
vt 0.04938346 0.6913956
vt 0.05170595 0.6907
vt 0.05341821 0.6903379
vt 0.05473852 0.6900887
vt 0.05458956 0.6887531
vt 0.05292147 0.6903675
vt 0.05341821 0.6903379
vt 0.05320662 0.6886468
vt 0.05148279 0.6885328
vt 0.05170595 0.6907
vt 0.05229437 0.6904906
vt 0.05649 0.6896787
vt 0.05756169 0.6894729
vt 0.05750727 0.6889131
vt 0.05251109 0.6885208
vt 0.05265462 0.6904211
vt 0.05292147 0.6903675
vt 0.05229437 0.6904906
vt 0.05265462 0.6904211
vt 0.05251109 0.6885208
vt 0.05458956 0.6887531
vt 0.05473852 0.6900887
vt 0.05572909 0.6898262
vt 0.05572909 0.6898262
vt 0.05649 0.6896787
vt 0.05642819 0.6888317
vt 0.04938346 0.6913956
vt 0.05046749 0.6939219
vt 0.05247056 0.692212
vt 0.05353105 0.691849
vt 0.05524986 0.6915239
vt 0.05473852 0.6900887
vt 0.05318886 0.691588
vt 0.05353105 0.691849
vt 0.05341821 0.6903379
vt 0.05170595 0.6907
vt 0.05247056 0.692212
vt 0.05278909 0.6918706
vt 0.05649 0.6896787
vt 0.05676329 0.6906086
vt 0.05766749 0.6901027
vt 0.05265462 0.6904211
vt 0.05311495 0.6919483
vt 0.05318886 0.691588
vt 0.05278909 0.6918706
vt 0.05311495 0.6919483
vt 0.05265462 0.6904211
vt 0.05473852 0.6900887
vt 0.05524986 0.6915239
vt 0.0561003 0.6909758
vt 0.05572909 0.6898262
vt 0.0561003 0.6909758
vt 0.05676329 0.6906086
vt 0.05353105 0.691849
vt 0.05318886 0.691588
vt 0.05311495 0.6919483
vt 0.05324399 0.69229
vt 0.05311495 0.6919483
vt 0.05278909 0.6918706
vt 0.05676329 0.6906086
vt 0.05723434 0.6913826
vt 0.05791026 0.6906838
vt 0.05524986 0.6915239
vt 0.05608558 0.6927266
vt 0.05672848 0.6919616
vt 0.0561003 0.6909758
vt 0.05672848 0.6919616
vt 0.05723434 0.6913826
vt 0.05329692 0.6929968
vt 0.05430752 0.6924181
vt 0.05324399 0.69229
vt 0.05046749 0.6939219
vt 0.04913914 0.6961205
vt 0.05183041 0.6974106
vt 0.04913914 0.6961205
vt 0.04809743 0.6987032
vt 0.05098372 0.6995011
vt 0.04809743 0.6987032
vt 0.04746317 0.7015887
vt 0.05035787 0.7015976
vt 0.04746317 0.7015887
vt 0.04744529 0.7047959
vt 0.05014622 0.7042684
vt 0.05353105 0.691849
vt 0.05324399 0.69229
vt 0.05430752 0.6924181
vt 0.05430752 0.6924181
vt 0.05531817 0.6933151
vt 0.05608558 0.6927266
vt 0.05046749 0.6939219
vt 0.05329692 0.6929968
vt 0.05247056 0.692212
vt 0.05278229 0.6956062
vt 0.05402427 0.6942169
vt 0.05329692 0.6929968
vt 0.05402427 0.6942169
vt 0.05531817 0.6933151
vt 0.05430752 0.6924181
vt 0.0592572 0.6668709
vt 0.05622881 0.6668403
vt 0.05645453 0.6682628
vt 0.06156009 0.6677084
vt 0.0592572 0.6668709
vt 0.05938082 0.6682551
vt 0.05622881 0.6668403
vt 0.05438327 0.6676335
vt 0.05447041 0.6680004
vt 0.05274057 0.6671818
vt 0.05192327 0.6670491
vt 0.05184811 0.6678083
vt 0.05438327 0.6676335
vt 0.05274057 0.6671818
vt 0.05295103 0.6678575
vt 0.0593841 0.66568
vt 0.05605429 0.6658322
vt 0.05622881 0.6668403
vt 0.06178259 0.6661503
vt 0.0593841 0.66568
vt 0.0592572 0.6668709
vt 0.05622881 0.6668403
vt 0.05605429 0.6658322
vt 0.05400133 0.6663893
vt 0.05245268 0.6663412
vt 0.0513218 0.6661639
vt 0.05192327 0.6670491
vt 0.05400133 0.6663893
vt 0.05245268 0.6663412
vt 0.05274057 0.6671818
vt 0.05942898 0.6642858
vt 0.05578905 0.6644729
vt 0.05605429 0.6658322
vt 0.06199663 0.6650848
vt 0.05942898 0.6642858
vt 0.0593841 0.66568
vt 0.05605429 0.6658322
vt 0.05578905 0.6644729
vt 0.05357372 0.6650336
vt 0.05245268 0.6663412
vt 0.05198723 0.6655894
vt 0.0513218 0.6661639
vt 0.05357372 0.6650336
vt 0.05198723 0.6655894
vt 0.05245268 0.6663412
vt 0.06271535 0.6677084
vt 0.06178259 0.6661503
vt 0.06156009 0.6677084
vt 0.06333899 0.6659722
vt 0.06199663 0.6650848
vt 0.06178259 0.6661503
vt 0.05578905 0.6644729
vt 0.05942898 0.6642858
vt 0.05908918 0.6635812
vt 0.0555064 0.6634388
vt 0.05273801 0.664201
vt 0.05357372 0.6650336
vt 0.05273801 0.664201
vt 0.05128103 0.6649445
vt 0.05198723 0.6655894
vt 0.0513218 0.6661639
vt 0.05198723 0.6655894
vt 0.05128103 0.6649445
vt 0.05184811 0.6678083
vt 0.05192327 0.6670491
vt 0.04952013 0.6663941
vt 0.0513218 0.6661639
vt 0.04952013 0.6663941
vt 0.05192327 0.6670491
vt 0.04952013 0.6663941
vt 0.0513218 0.6661639
vt 0.05054992 0.6654569
vt 0.05939054 0.694698
vt 0.06017249 0.6947213
vt 0.05957347 0.6936768
vt 0.05893373 0.6935677
vt 0.05957347 0.6936768
vt 0.05952745 0.6928503
vt 0.05950719 0.6997918
vt 0.06097191 0.699585
vt 0.06073474 0.6981911
vt 0.05966442 0.7011823
vt 0.0610314 0.7012213
vt 0.06097191 0.699585
vt 0.05963939 0.7024416
vt 0.06112581 0.7024344
vt 0.0610314 0.7012213
vt 0.06093782 0.7039186
vt 0.06112581 0.7024344
vt 0.05963939 0.7024416
vt 0.05899065 0.6978261
vt 0.06073474 0.6981911
vt 0.06055027 0.6967416
vt 0.05935817 0.6967345
vt 0.06055027 0.6967416
vt 0.06035971 0.6957174
vt 0.05944031 0.6956881
vt 0.06035971 0.6957174
vt 0.06017249 0.6947213
vt 0.05784451 0.6919877
vt 0.05832421 0.6923871
vt 0.05853205 0.6914536
vt 0.05770128 0.6939434
vt 0.05832678 0.694289
vt 0.05820834 0.693179
vt 0.05766868 0.6928012
vt 0.05820834 0.693179
vt 0.05832421 0.6923871
vt 0.05556523 0.6970723
vt 0.05456823 0.6983549
vt 0.0553714 0.6986482
vt 0.05456823 0.6983549
vt 0.05359601 0.6999454
vt 0.05451333 0.7004621
vt 0.05308252 0.7017141
vt 0.05387139 0.7020938
vt 0.05451333 0.7004621
vt 0.05266797 0.704048
vt 0.05396842 0.7041377
vt 0.05387139 0.7020938
vt 0.05645233 0.6957561
vt 0.05556523 0.6970723
vt 0.05632442 0.6972922
vt 0.05731797 0.6950743
vt 0.05645233 0.6957561
vt 0.05721557 0.696152
vt 0.05731797 0.6950743
vt 0.05798768 0.6952802
vt 0.05832678 0.694289
vt 0.05723434 0.6913826
vt 0.05754512 0.6917295
vt 0.05809754 0.6909472
vt 0.05754512 0.6917295
vt 0.05784451 0.6919877
vt 0.05829119 0.6911626
vt 0.05608558 0.6927266
vt 0.05695569 0.6934817
vt 0.05719149 0.6924451
vt 0.05695569 0.6934817
vt 0.05770128 0.6939434
vt 0.05766868 0.6928012
vt 0.05672848 0.6919616
vt 0.05719149 0.6924451
vt 0.05754512 0.6917295
vt 0.05719149 0.6924451
vt 0.05766868 0.6928012
vt 0.05784451 0.6919877
vt 0.05278229 0.6956062
vt 0.05183041 0.6974106
vt 0.05352777 0.6980438
vt 0.05451685 0.6965907
vt 0.05352777 0.6980438
vt 0.05456823 0.6983549
vt 0.05183041 0.6974106
vt 0.05098372 0.6995011
vt 0.05260282 0.6998056
vt 0.05352777 0.6980438
vt 0.05260282 0.6998056
vt 0.05359601 0.6999454
vt 0.05098372 0.6995011
vt 0.05035787 0.7015976
vt 0.05188345 0.7016834
vt 0.05260282 0.6998056
vt 0.05188345 0.7016834
vt 0.05308252 0.7017141
vt 0.05035787 0.7015976
vt 0.05014622 0.7042684
vt 0.05162757 0.7041259
vt 0.05188345 0.7016834
vt 0.05162757 0.7041259
vt 0.05266797 0.704048
vt 0.05402427 0.6942169
vt 0.05278229 0.6956062
vt 0.05451685 0.6965907
vt 0.05545687 0.6952311
vt 0.05451685 0.6965907
vt 0.05556523 0.6970723
vt 0.05531817 0.6933151
vt 0.05402427 0.6942169
vt 0.05545687 0.6952311
vt 0.05644422 0.6944311
vt 0.05545687 0.6952311
vt 0.05645233 0.6957561
vt 0.05531817 0.6933151
vt 0.05644422 0.6944311
vt 0.05695569 0.6934817
vt 0.05644422 0.6944311
vt 0.05731797 0.6950743
vt 0.05770128 0.6939434
vt 0.05632442 0.6972922
vt 0.0553714 0.6986482
vt 0.05665898 0.6990968
vt 0.0553714 0.6986482
vt 0.05451333 0.7004621
vt 0.05569815 0.7006265
vt 0.05451333 0.7004621
vt 0.05387139 0.7020938
vt 0.05507022 0.7022784
vt 0.05396842 0.7041377
vt 0.05521112 0.7040459
vt 0.05507022 0.7022784
vt 0.05665898 0.6990968
vt 0.05569815 0.7006265
vt 0.05712962 0.7008894
vt 0.05569815 0.7006265
vt 0.05507022 0.7022784
vt 0.05666327 0.7022539
vt 0.05507022 0.7022784
vt 0.05521112 0.7040459
vt 0.05621373 0.7039226
vt 0.059906 0.6929186
vt 0.06032568 0.6930282
vt 0.05999648 0.6923442
vt 0.06017249 0.6947213
vt 0.06083142 0.6947449
vt 0.06011384 0.6937568
vt 0.06083142 0.6947449
vt 0.06185239 0.6946854
vt 0.06090426 0.6935572
vt 0.05957347 0.6936768
vt 0.06011384 0.6937568
vt 0.059906 0.6929186
vt 0.06011384 0.6937568
vt 0.06090426 0.6935572
vt 0.06032568 0.6930282
vt 0.06097191 0.699585
vt 0.06289738 0.6996747
vt 0.06240218 0.6983898
vt 0.06097191 0.699585
vt 0.0610314 0.7012213
vt 0.06281477 0.7011021
vt 0.0610314 0.7012213
vt 0.06112581 0.7024344
vt 0.06248217 0.7021665
vt 0.06112581 0.7024344
vt 0.06093782 0.7039186
vt 0.0620954 0.7037412
vt 0.06073474 0.6981911
vt 0.06240218 0.6983898
vt 0.06180208 0.696915
vt 0.06055027 0.6967416
vt 0.06180208 0.696915
vt 0.06124114 0.6956818
vt 0.06035971 0.6957174
vt 0.06124114 0.6956818
vt 0.06083142 0.6947449
vt 0.06124114 0.6956818
vt 0.06242245 0.6955652
vt 0.06185239 0.6946854
vt 0.06289738 0.6996747
vt 0.06371706 0.6998376
vt 0.06335443 0.6985271
vt 0.06371706 0.6998376
vt 0.06422293 0.7000571
vt 0.06394296 0.6985861
vt 0.06281477 0.7011021
vt 0.06373 0.7011428
vt 0.06371706 0.6998376
vt 0.06373 0.7011428
vt 0.06417626 0.7010731
vt 0.06422293 0.7000571
vt 0.06281477 0.7011021
vt 0.06248217 0.7021665
vt 0.06337523 0.7022254
vt 0.06373 0.7011428
vt 0.06337523 0.7022254
vt 0.06394267 0.7019498
vt 0.06248217 0.7021665
vt 0.0620954 0.7037412
vt 0.06299096 0.7037083
vt 0.06337523 0.7022254
vt 0.06299096 0.7037083
vt 0.0637995 0.7035068
vt 0.06240218 0.6983898
vt 0.06335443 0.6985271
vt 0.06292402 0.6968822
vt 0.06335443 0.6985271
vt 0.06394296 0.6985861
vt 0.06300598 0.6966894
vt 0.06300598 0.6966894
vt 0.06242245 0.6955652
vt 0.06292402 0.6968822
vt 0.06242245 0.6955652
vt 0.06124114 0.6956818
vt 0.06180208 0.696915
vt 0.05769902 0.6976494
vt 0.05665898 0.6990968
vt 0.05775326 0.6994615
vt 0.05846834 0.6889884
vt 0.05823945 0.6889385
vt 0.0582531 0.6893415
vt 0.05850267 0.68942
vt 0.0582531 0.6893415
vt 0.05833935 0.6898109
vt 0.05858236 0.6899072
vt 0.05833935 0.6898109
vt 0.05852454 0.6902706
vt 0.05873388 0.690402
vt 0.05866283 0.690189
vt 0.05852454 0.6902706
vt 0.05882889 0.6906225
vt 0.05873388 0.690402
vt 0.05866593 0.6905037
vt 0.05832421 0.6923871
vt 0.05863863 0.6925781
vt 0.05898416 0.6918173
vt 0.05863863 0.6925781
vt 0.05901008 0.6927363
vt 0.05928802 0.6920574
vt 0.05832678 0.694289
vt 0.05873858 0.6944664
vt 0.05857086 0.6933656
vt 0.05873858 0.6944664
vt 0.05939054 0.694698
vt 0.05893373 0.6935677
vt 0.05820834 0.693179
vt 0.05857086 0.6933656
vt 0.05863863 0.6925781
vt 0.05857086 0.6933656
vt 0.05893373 0.6935677
vt 0.05901008 0.6927363
vt 0.05798768 0.6952802
vt 0.05721557 0.696152
vt 0.05830395 0.6964793
vt 0.05830395 0.6964793
vt 0.05935817 0.6967345
vt 0.05944031 0.6956881
vt 0.05798768 0.6952802
vt 0.05847197 0.6954459
vt 0.05873858 0.6944664
vt 0.05847197 0.6954459
vt 0.05944031 0.6956881
vt 0.05939054 0.694698
vt 0.05769902 0.6976494
vt 0.05830395 0.6964793
vt 0.05721557 0.696152
vt 0.05899065 0.6978261
vt 0.05935817 0.6967345
vt 0.05830395 0.6964793
vt 0.05905699 0.6908646
vt 0.05882889 0.6906225
vt 0.05884182 0.6907311
vt 0.05927556 0.6911245
vt 0.05905699 0.6908646
vt 0.05897414 0.6910427
vt 0.04744529 0.7047959
vt 0.04769051 0.706239
vt 0.05034494 0.7055357
vt 0.05034494 0.7055357
vt 0.04769051 0.706239
vt 0.04815894 0.7081618
vt 0.05396842 0.7041377
vt 0.05266797 0.704048
vt 0.05319213 0.7051597
vt 0.05423235 0.7054144
vt 0.05319213 0.7051597
vt 0.05398714 0.7069372
vt 0.05162757 0.7041259
vt 0.05014622 0.7042684
vt 0.05034494 0.7055357
vt 0.05195474 0.7052987
vt 0.05034494 0.7055357
vt 0.05088514 0.7073552
vt 0.05266797 0.704048
vt 0.05162757 0.7041259
vt 0.05195474 0.7052987
vt 0.05319213 0.7051597
vt 0.05195474 0.7052987
vt 0.05277347 0.7071429
vt 0.05530583 0.7070951
vt 0.05752384 0.707513
vt 0.05647933 0.7060217
vt 0.05541509 0.7057888
vt 0.05647933 0.7060217
vt 0.05621373 0.7039226
vt 0.05541509 0.7057888
vt 0.05423235 0.7054144
vt 0.05530583 0.7070951
vt 0.06093782 0.7039186
vt 0.06058353 0.7059877
vt 0.06191992 0.705749
vt 0.06058353 0.7059877
vt 0.059668 0.7072181
vt 0.06171524 0.7071029
vt 0.06351107 0.7059824
vt 0.0628916 0.7049635
vt 0.06191992 0.705749
vt 0.0628916 0.7049635
vt 0.06299096 0.7037083
vt 0.0620954 0.7037412
vt 0.06058353 0.7059877
vt 0.05934387 0.7060025
vt 0.059668 0.7072181
vt 0.06394338 0.7046733
vt 0.0628916 0.7049635
vt 0.06351107 0.7059824
vt 0.05423235 0.7054144
vt 0.05541509 0.7057888
vt 0.05521112 0.7040459
vt 0.05959981 0.703825
vt 0.05934387 0.7060025
vt 0.06058353 0.7059877
vt 0.06299096 0.7037083
vt 0.0628916 0.7049635
vt 0.06394338 0.7046733
vt 0.05132645 0.7109887
vt 0.0526483 0.7105468
vt 0.05201268 0.7092971
vt 0.0526483 0.7105468
vt 0.05462336 0.7099507
vt 0.05391734 0.7088526
vt 0.0581687 0.7092215
vt 0.05797928 0.7099033
vt 0.05926471 0.709915
vt 0.05583018 0.7096515
vt 0.05686759 0.7099447
vt 0.05664378 0.7090666
vt 0.05686759 0.7099447
vt 0.05797928 0.7099033
vt 0.0581687 0.7092215
vt 0.05987524 0.7092478
vt 0.05926471 0.709915
vt 0.05998671 0.7099371
vt 0.0608108 0.7090537
vt 0.05998671 0.7099371
vt 0.06095683 0.709754
vt 0.05797928 0.7099033
vt 0.05817383 0.7102321
vt 0.05896496 0.710233
vt 0.05745071 0.7101807
vt 0.05817383 0.7102321
vt 0.05797928 0.7099033
vt 0.05926471 0.709915
vt 0.05896496 0.710233
vt 0.05953019 0.7101419
vt 0.05583018 0.7096515
vt 0.05462336 0.7099507
vt 0.05632728 0.7109587
vt 0.05998671 0.7099371
vt 0.05981105 0.7111616
vt 0.06091719 0.7110359
vt 0.05817383 0.7102321
vt 0.05780559 0.7113244
vt 0.05868554 0.7113454
vt 0.05745071 0.7101807
vt 0.05698144 0.7112356
vt 0.05780559 0.7113244
vt 0.05686759 0.7099447
vt 0.05632728 0.7109587
vt 0.05698144 0.7112356
vt 0.05953019 0.7101419
vt 0.0593273 0.7113042
vt 0.05981105 0.7111616
vt 0.05896496 0.710233
vt 0.05868554 0.7113454
vt 0.0593273 0.7113042
vt 0.05981105 0.7111616
vt 0.05996972 0.7123492
vt 0.06091719 0.7110359
vt 0.05780559 0.7113244
vt 0.05829995 0.7124413
vt 0.05868554 0.7113454
vt 0.05784595 0.7124356
vt 0.05829995 0.7124413
vt 0.05780559 0.7113244
vt 0.05687415 0.7123266
vt 0.05784595 0.7124356
vt 0.05698144 0.7112356
vt 0.0593273 0.7113042
vt 0.05996972 0.7123492
vt 0.05981105 0.7111616
vt 0.05829995 0.7124413
vt 0.05996972 0.7123492
vt 0.0593273 0.7113042
vt 0.05530238 0.7087728
vt 0.05391734 0.7088526
vt 0.05462336 0.7099507
vt 0.0526483 0.7105468
vt 0.05132645 0.7109887
vt 0.05293709 0.7121854
vt 0.0526483 0.7105468
vt 0.05406296 0.7110661
vt 0.05462336 0.7099507
vt 0.05564886 0.7111875
vt 0.05687415 0.7123266
vt 0.05632728 0.7109587
vt 0.05564886 0.7111875
vt 0.05632728 0.7109587
vt 0.05462336 0.7099507
vt 0.05406296 0.7110661
vt 0.05559098 0.7115089
vt 0.05564886 0.7111875
vt 0.05430346 0.7129766
vt 0.05559098 0.7115089
vt 0.05406296 0.7110661
vt 0.05430346 0.7129766
vt 0.05642879 0.7143943
vt 0.0567106 0.7128228
vt 0.05559098 0.7115089
vt 0.0567106 0.7128228
vt 0.05687415 0.7123266
vt 0.05826878 0.7129878
vt 0.05829995 0.7124413
vt 0.05784595 0.7124356
vt 0.05782532 0.7145318
vt 0.05826878 0.7129878
vt 0.0567106 0.7128228
vt 0.05987221 0.7144788
vt 0.06006371 0.7127626
vt 0.05826878 0.7129878
vt 0.06232935 0.7139422
vt 0.06218552 0.712218
vt 0.06006371 0.7127626
vt 0.06137537 0.6930841
vt 0.06220483 0.6937012
vt 0.06219142 0.6927784
vt 0.06219142 0.6927784
vt 0.06220483 0.6937012
vt 0.06237763 0.6930323
vt 0.0624991 0.6932055
vt 0.06237763 0.6930323
vt 0.06220483 0.6937012
vt 0.06339895 0.6949251
vt 0.0624991 0.6932055
vt 0.06220483 0.6937012
vt 0.06339895 0.6949251
vt 0.06329822 0.6949923
vt 0.06391179 0.6961374
vt 0.05953413 0.6865939
vt 0.05988079 0.6868471
vt 0.06034702 0.686492
vt 0.06034702 0.686492
vt 0.06106388 0.6860483
vt 0.06071615 0.6855512
vt 0.06108593 0.6854327
vt 0.06071615 0.6855512
vt 0.06106388 0.6860483
vt 0.0613268 0.6858837
vt 0.06181561 0.6856268
vt 0.06155776 0.6851283
vt 0.06225794 0.6848097
vt 0.06227105 0.6844404
vt 0.0619989 0.6849822
vt 0.0619989 0.6849822
vt 0.06227105 0.6844404
vt 0.06155776 0.6851283
vt 0.06155776 0.6851283
vt 0.06188082 0.6851944
vt 0.0619989 0.6849822
vt 0.06155776 0.6851283
vt 0.06184381 0.6853551
vt 0.06188082 0.6851944
vt 0.06155776 0.6851283
vt 0.06181561 0.6856268
vt 0.06184381 0.6853551
vt 0.05950719 0.6997918
vt 0.05899065 0.6978261
vt 0.05866777 0.6996703
vt 0.05866777 0.6996703
vt 0.05899065 0.6978261
vt 0.05775326 0.6994615
vt 0.05775326 0.6994615
vt 0.05712962 0.7008894
vt 0.05845439 0.7010691
vt 0.05845439 0.7010691
vt 0.05966442 0.7011823
vt 0.05950719 0.6997918
vt 0.05712962 0.7008894
vt 0.05666327 0.7022539
vt 0.05817723 0.7023743
vt 0.05845439 0.7010691
vt 0.05817723 0.7023743
vt 0.05963939 0.7024416
vt 0.05666327 0.7022539
vt 0.05621373 0.7039226
vt 0.05806088 0.7039419
vt 0.05817723 0.7023743
vt 0.05806088 0.7039419
vt 0.05959981 0.703825
vt 0.05934387 0.7060025
vt 0.05959981 0.703825
vt 0.05806088 0.7039419
vt 0.05785852 0.7060099
vt 0.05806088 0.7039419
vt 0.05621373 0.7039226
vt 0.059668 0.7072181
vt 0.05934387 0.7060025
vt 0.05785852 0.7060099
vt 0.05752384 0.707513
vt 0.05785852 0.7060099
vt 0.05647933 0.7060217
vt 0.06394338 0.7046733
vt 0.06507533 0.7052113
vt 0.06481468 0.7038831
vt 0.06351107 0.7059824
vt 0.06463295 0.7066842
vt 0.06507533 0.7052113
vt 0.06507533 0.7052113
vt 0.06730556 0.7064501
vt 0.06756478 0.7050317
vt 0.06463295 0.7066842
vt 0.06643563 0.7080458
vt 0.06730556 0.7064501
vt 0.06730556 0.7064501
vt 0.0693919 0.7077744
vt 0.07011765 0.7061769
vt 0.06643563 0.7080458
vt 0.06812971 0.7096872
vt 0.0693919 0.7077744
vt 0.06218552 0.712218
vt 0.06232935 0.7139422
vt 0.06474387 0.7127327
vt 0.06095683 0.709754
vt 0.06091719 0.7110359
vt 0.06326836 0.7100983
vt 0.05088514 0.7073552
vt 0.04815894 0.7081618
vt 0.0486508 0.7092475
vt 0.05154782 0.7082437
vt 0.0486508 0.7092475
vt 0.0498088 0.7101212
vt 0.05530583 0.7070951
vt 0.05398714 0.7069372
vt 0.05457776 0.7078539
vt 0.05594819 0.7080153
vt 0.05457776 0.7078539
vt 0.05530238 0.7087728
vt 0.05752384 0.707513
vt 0.05530583 0.7070951
vt 0.05594819 0.7080153
vt 0.05782228 0.7083026
vt 0.05594819 0.7080153
vt 0.05664378 0.7090666
vt 0.05277347 0.7071429
vt 0.05088514 0.7073552
vt 0.05154782 0.7082437
vt 0.05330431 0.7079782
vt 0.05154782 0.7082437
vt 0.05201268 0.7092971
vt 0.05398714 0.7069372
vt 0.05277347 0.7071429
vt 0.05330431 0.7079782
vt 0.05457776 0.7078539
vt 0.05330431 0.7079782
vt 0.05391734 0.7088526
vt 0.059668 0.7072181
vt 0.05973452 0.708154
vt 0.06128859 0.7079987
vt 0.05973452 0.708154
vt 0.05987524 0.7092478
vt 0.0608108 0.7090537
vt 0.06171524 0.7071029
vt 0.06128859 0.7079987
vt 0.06294637 0.7073901
vt 0.06128859 0.7079987
vt 0.0608108 0.7090537
vt 0.06215393 0.7089988
vt 0.0581687 0.7092215
vt 0.05987524 0.7092478
vt 0.05973452 0.708154
vt 0.05782228 0.7083026
vt 0.05973452 0.708154
vt 0.059668 0.7072181
vt 0.06215393 0.7089988
vt 0.06326836 0.7100983
vt 0.06412988 0.7082753
vt 0.06294637 0.7073901
vt 0.06412988 0.7082753
vt 0.06463295 0.7066842
vt 0.06326836 0.7100983
vt 0.06399357 0.711135
vt 0.0653854 0.709606
vt 0.06412988 0.7082753
vt 0.0653854 0.709606
vt 0.06643563 0.7080458
vt 0.06399357 0.711135
vt 0.06474387 0.7127327
vt 0.06663942 0.7112796
vt 0.0653854 0.709606
vt 0.06663942 0.7112796
vt 0.06812971 0.7096872
vt 0.06218552 0.712218
vt 0.06399357 0.711135
vt 0.06326836 0.7100983
vt 0.06886994 0.7042335
vt 0.06861317 0.7044103
vt 0.07038348 0.7053912
vt 0.06759685 0.7028776
vt 0.0669955 0.7031981
vt 0.06861317 0.7044103
vt 0.06721001 0.7024147
vt 0.06662529 0.7026603
vt 0.0669955 0.7031981
vt 0.06679576 0.7013519
vt 0.06616145 0.7015172
vt 0.06662529 0.7026603
vt 0.06610041 0.700355
vt 0.06568604 0.7005138
vt 0.06616145 0.7015172
vt 0.06610041 0.700355
vt 0.06548953 0.6989466
vt 0.06521153 0.699182
vt 0.06548953 0.6989466
vt 0.0647419 0.6974577
vt 0.06456512 0.6976955
vt 0.0647419 0.6974577
vt 0.06408751 0.6960683
vt 0.06391179 0.6961374
vt 0.05967718 0.6922116
vt 0.05948346 0.6921472
vt 0.05952745 0.6928503
vt 0.05948346 0.6921472
vt 0.05928802 0.6920574
vt 0.05901008 0.6927363
vt 0.05808413 0.6889382
vt 0.05823945 0.6889385
vt 0.05826503 0.688598
vt 0.05820572 0.6881691
vt 0.05810612 0.6885706
vt 0.05826503 0.688598
vt 0.05834507 0.6878301
vt 0.05820572 0.6881691
vt 0.05834889 0.688198
vt 0.05907791 0.6871549
vt 0.05909836 0.6870209
vt 0.05874574 0.6872589
vt 0.05880683 0.6873615
vt 0.05874574 0.6872589
vt 0.05856561 0.687463
vt 0.05853039 0.6877541
vt 0.05866903 0.6875471
vt 0.05856561 0.687463
vt 0.05853039 0.6877541
vt 0.0584104 0.6876921
vt 0.05834507 0.6878301
vt 0.05808413 0.6889382
vt 0.05810171 0.6893656
vt 0.0582531 0.6893415
vt 0.05810171 0.6893656
vt 0.05818325 0.6898522
vt 0.05833935 0.6898109
vt 0.05836182 0.6903322
vt 0.05852454 0.6902706
vt 0.05833935 0.6898109
vt 0.05866026 0.690806
vt 0.05891013 0.6911375
vt 0.05897414 0.6910427
vt 0.05866026 0.690806
vt 0.05884182 0.6907311
vt 0.05866593 0.6905037
vt 0.05849677 0.6905754
vt 0.05866593 0.6905037
vt 0.05852454 0.6902706
vt 0.05891013 0.6911375
vt 0.05917328 0.6913834
vt 0.05922073 0.6912388
vt 0.05750727 0.6889131
vt 0.05786329 0.6889266
vt 0.05789327 0.6885204
vt 0.05786329 0.6889266
vt 0.05808413 0.6889382
vt 0.05810612 0.6885706
vt 0.05778133 0.6879551
vt 0.05755311 0.6884273
vt 0.05789327 0.6885204
vt 0.05789327 0.6885204
vt 0.05810612 0.6885706
vt 0.05820572 0.6881691
vt 0.05778133 0.6879551
vt 0.05804485 0.6880901
vt 0.05821406 0.6877151
vt 0.05804485 0.6880901
vt 0.05820572 0.6881691
vt 0.05834507 0.6878301
vt 0.05909836 0.6870209
vt 0.05913132 0.6868387
vt 0.05871766 0.6870883
vt 0.05913132 0.6868387
vt 0.05917388 0.6865765
vt 0.05874276 0.6868173
vt 0.05874574 0.6872589
vt 0.05871766 0.6870883
vt 0.05847799 0.6873163
vt 0.05871766 0.6870883
vt 0.05874276 0.6868173
vt 0.05838483 0.6870757
vt 0.05856561 0.687463
vt 0.05847799 0.6873163
vt 0.05829823 0.6875622
vt 0.05847799 0.6873163
vt 0.05838483 0.6870757
vt 0.05815136 0.6873409
vt 0.0584104 0.6876921
vt 0.05829823 0.6875622
vt 0.05821406 0.6877151
vt 0.05829823 0.6875622
vt 0.05815136 0.6873409
vt 0.05803972 0.6875182
vt 0.05750727 0.6889131
vt 0.05756169 0.6894729
vt 0.05788314 0.6894041
vt 0.05786329 0.6889266
vt 0.05788314 0.6894041
vt 0.05810171 0.6893656
vt 0.05756169 0.6894729
vt 0.05766749 0.6901027
vt 0.05798172 0.6899512
vt 0.05788314 0.6894041
vt 0.05798172 0.6899512
vt 0.05818325 0.6898522
vt 0.05766749 0.6901027
vt 0.05791026 0.6906838
vt 0.05818277 0.6904723
vt 0.05798172 0.6899512
vt 0.05818277 0.6904723
vt 0.05836182 0.6903322
vt 0.05829119 0.6911626
vt 0.05853205 0.6914536
vt 0.0587179 0.6912457
vt 0.0587179 0.6912457
vt 0.05891013 0.6911375
vt 0.05866026 0.690806
vt 0.05809754 0.6909472
vt 0.05829119 0.6911626
vt 0.05850166 0.6909366
vt 0.05833423 0.6907174
vt 0.05850166 0.6909366
vt 0.05866026 0.690806
vt 0.05791026 0.6906838
vt 0.05809754 0.6909472
vt 0.05833423 0.6907174
vt 0.05818277 0.6904723
vt 0.05833423 0.6907174
vt 0.05849677 0.6905754
vt 0.05853205 0.6914536
vt 0.05898416 0.6918173
vt 0.05908769 0.6915647
vt 0.05908769 0.6915647
vt 0.05917328 0.6913834
vt 0.05891013 0.6911375
vt 0.05917388 0.6865765
vt 0.05913132 0.6868387
vt 0.05953413 0.6865939
vt 0.06032019 0.6905803
vt 0.06048518 0.6899383
vt 0.06018406 0.6898967
vt 0.05995613 0.6905824
vt 0.06018406 0.6898967
vt 0.05992561 0.6898786
vt 0.06032019 0.6905803
vt 0.05995613 0.6905824
vt 0.05995672 0.6908755
vt 0.05995613 0.6905824
vt 0.05981063 0.6905924
vt 0.0598551 0.6908656
vt 0.05898416 0.6918173
vt 0.05928802 0.6920574
vt 0.05940049 0.6919961
vt 0.06861317 0.7044103
vt 0.06763774 0.7047043
vt 0.07027333 0.7057288
vt 0.07027333 0.7057288
vt 0.06763774 0.7047043
vt 0.06756478 0.7050317
vt 0.0669955 0.7031981
vt 0.06509572 0.7034713
vt 0.06763774 0.7047043
vt 0.06509572 0.7034713
vt 0.06481468 0.7038831
vt 0.06756478 0.7050317
vt 0.06662529 0.7026603
vt 0.06484717 0.7030152
vt 0.06509572 0.7034713
vt 0.06484717 0.7030152
vt 0.0637995 0.7035068
vt 0.06481468 0.7038831
vt 0.06616145 0.7015172
vt 0.06480675 0.7017549
vt 0.06484717 0.7030152
vt 0.06484717 0.7030152
vt 0.06480675 0.7017549
vt 0.06394267 0.7019498
vt 0.06616145 0.7015172
vt 0.06568604 0.7005138
vt 0.06489777 0.7009307
vt 0.06480675 0.7017549
vt 0.06489777 0.7009307
vt 0.06417626 0.7010731
vt 0.06568604 0.7005138
vt 0.06521153 0.699182
vt 0.0647751 0.6995663
vt 0.06489777 0.7009307
vt 0.0647751 0.6995663
vt 0.06422293 0.7000571
vt 0.06521153 0.699182
vt 0.06456512 0.6976955
vt 0.06428766 0.6980848
vt 0.0647751 0.6995663
vt 0.06428766 0.6980848
vt 0.06394296 0.6985861
vt 0.06456512 0.6976955
vt 0.06391179 0.6961374
vt 0.06354576 0.6964003
vt 0.06428766 0.6980848
vt 0.06354576 0.6964003
vt 0.06300598 0.6966894
vt 0.06242245 0.6955652
vt 0.06300598 0.6966894
vt 0.06354576 0.6964003
vt 0.06292611 0.6952445
vt 0.06354576 0.6964003
vt 0.06391179 0.6961374
vt 0.06185239 0.6946854
vt 0.06242245 0.6955652
vt 0.06292611 0.6952445
vt 0.0621646 0.6941436
vt 0.06292611 0.6952445
vt 0.06329822 0.6949923
vt 0.05999648 0.6923442
vt 0.06032568 0.6930282
vt 0.06047701 0.6927422
vt 0.06009328 0.6922076
vt 0.06047701 0.6927422
vt 0.06054502 0.6925337
vt 0.06032568 0.6930282
vt 0.06090426 0.6935572
vt 0.06119841 0.6932924
vt 0.06047701 0.6927422
vt 0.06119841 0.6932924
vt 0.06137537 0.6930841
vt 0.06090426 0.6935572
vt 0.06185239 0.6946854
vt 0.0621646 0.6941436
vt 0.06119841 0.6932924
vt 0.0621646 0.6941436
vt 0.06220483 0.6937012
vt 0.05948346 0.6921472
vt 0.05967718 0.6922116
vt 0.0596345 0.6919413
vt 0.05967718 0.6922116
vt 0.05999648 0.6923442
vt 0.06009328 0.6922076
vt 0.05940049 0.6919961
vt 0.05928802 0.6920574
vt 0.05948346 0.6921472
vt 0.05942338 0.6911939
vt 0.05958795 0.6908499
vt 0.05927556 0.6911245
vt 0.05922073 0.6912388
vt 0.05941581 0.6913223
vt 0.05942338 0.6911939
vt 0.05941581 0.6913223
vt 0.05960351 0.6913873
vt 0.0595721 0.691238
vt 0.05917328 0.6913834
vt 0.05939716 0.6914706
vt 0.05941581 0.6913223
vt 0.05939716 0.6914706
vt 0.0596289 0.6915437
vt 0.05960351 0.6913873
vt 0.0596289 0.6915437
vt 0.05939716 0.6914706
vt 0.05948305 0.6917397
vt 0.05939716 0.6914706
vt 0.05917328 0.6913834
vt 0.05908769 0.6915647
vt 0.05948305 0.6917397
vt 0.0596345 0.6919413
vt 0.05987089 0.6917851
vt 0.05940049 0.6919961
vt 0.0596345 0.6919413
vt 0.05948305 0.6917397
vt 0.05987089 0.6917851
vt 0.0596345 0.6919413
vt 0.06009328 0.6922076
vt 0.06294536 0.6905879
vt 0.06259125 0.6904375
vt 0.06228065 0.6912265
vt 0.06259125 0.6904375
vt 0.06238478 0.6903418
vt 0.06216096 0.6911401
vt 0.06261062 0.6914478
vt 0.06228065 0.6912265
vt 0.06201457 0.6919444
vt 0.06228065 0.6912265
vt 0.06216096 0.6911401
vt 0.061984 0.6918548
vt 0.06062328 0.6910531
vt 0.06027734 0.6909576
vt 0.06023061 0.6913257
vt 0.06066721 0.6916817
vt 0.06023061 0.6913257
vt 0.06009858 0.6914576
vt 0.0598551 0.6908656
vt 0.05966544 0.6908462
vt 0.05967539 0.690929
vt 0.05984967 0.6909615
vt 0.05967539 0.690929
vt 0.05974549 0.691113
vt 0.05966544 0.6908462
vt 0.05958795 0.6908499
vt 0.059601 0.6909177
vt 0.05967539 0.690929
vt 0.059601 0.6909177
vt 0.0596289 0.6910961
vt 0.06145405 0.6920802
vt 0.06208223 0.6921971
vt 0.06201457 0.6919444
vt 0.06151854 0.6917581
vt 0.06201457 0.6919444
vt 0.061984 0.6918548
vt 0.05995672 0.6908755
vt 0.0598551 0.6908656
vt 0.05984967 0.6909615
vt 0.06008565 0.691223
vt 0.05984967 0.6909615
vt 0.05984002 0.691179
vt 0.06027734 0.6909576
vt 0.05995672 0.6908755
vt 0.06008565 0.691223
vt 0.06008565 0.691223
vt 0.05995661 0.6913416
vt 0.06009858 0.6914576
vt 0.05958795 0.6908499
vt 0.05942338 0.6911939
vt 0.059601 0.6909177
vt 0.059601 0.6909177
vt 0.05942338 0.6911939
vt 0.0596289 0.6910961
vt 0.06072849 0.6919343
vt 0.06009858 0.6914576
vt 0.06021022 0.6917202
vt 0.06081402 0.6921244
vt 0.06021022 0.6917202
vt 0.06009984 0.6920777
vt 0.06137537 0.6930841
vt 0.06191581 0.6924574
vt 0.06146061 0.6923962
vt 0.06146061 0.6923962
vt 0.06191581 0.6924574
vt 0.06145405 0.6920802
vt 0.0596289 0.6910961
vt 0.05961018 0.6911437
vt 0.05966264 0.6912231
vt 0.05966264 0.6912231
vt 0.05961018 0.6911437
vt 0.0595721 0.691238
vt 0.05984002 0.691179
vt 0.05974549 0.691113
vt 0.05966264 0.6912231
vt 0.05972856 0.6913481
vt 0.05966264 0.6912231
vt 0.05960351 0.6913873
vt 0.05987089 0.6917851
vt 0.06009984 0.6920777
vt 0.06021022 0.6917202
vt 0.05998212 0.6915188
vt 0.06021022 0.6917202
vt 0.06009858 0.6914576
vt 0.0596289 0.6915437
vt 0.05987089 0.6917851
vt 0.05998212 0.6915188
vt 0.05972856 0.6913481
vt 0.05998212 0.6915188
vt 0.05995661 0.6913416
vt 0.0596289 0.6910961
vt 0.05942338 0.6911939
vt 0.05961018 0.6911437
vt 0.05961018 0.6911437
vt 0.05942338 0.6911939
vt 0.0595721 0.691238
vt 0.06187224 0.6902323
vt 0.06156474 0.6901727
vt 0.06143164 0.6908744
vt 0.06156474 0.6901727
vt 0.06083732 0.689996
vt 0.06072312 0.6906437
vt 0.06170213 0.6909735
vt 0.06143164 0.6908744
vt 0.06126701 0.6914334
vt 0.06143164 0.6908744
vt 0.06072312 0.6906437
vt 0.06062328 0.6910531
vt 0.06151854 0.6917581
vt 0.06153345 0.691627
vt 0.06126701 0.6914334
vt 0.06126701 0.6914334
vt 0.06062328 0.6910531
vt 0.06066721 0.6916817
vt 0.06145405 0.6920802
vt 0.06151854 0.6917581
vt 0.06117153 0.6918875
vt 0.06117153 0.6918875
vt 0.06066721 0.6916817
vt 0.06072849 0.6919343
vt 0.06145405 0.6920802
vt 0.0610131 0.6919746
vt 0.06109231 0.692239
vt 0.0610131 0.6919746
vt 0.06072849 0.6919343
vt 0.06081402 0.6921244
vt 0.06109231 0.692239
vt 0.06054502 0.6925337
vt 0.06137537 0.6930841
vt 0.06081402 0.6921244
vt 0.06054502 0.6925337
vt 0.06109231 0.692239
vt 0.06109231 0.692239
vt 0.06137537 0.6930841
vt 0.06146061 0.6923962
vt 0.05907791 0.6871549
vt 0.05918115 0.6872237
vt 0.05925613 0.6871758
vt 0.05909836 0.6870209
vt 0.05907791 0.6871549
vt 0.05925613 0.6871758
vt 0.05932211 0.6870392
vt 0.05925613 0.6871758
vt 0.059435 0.6872299
vt 0.05937266 0.6872672
vt 0.059435 0.6872299
vt 0.05925613 0.6871758
vt 0.05953413 0.6865939
vt 0.05932211 0.6870392
vt 0.05955296 0.6871084
vt 0.05913132 0.6868387
vt 0.05909836 0.6870209
vt 0.05932211 0.6870392
vt 0.08983284 0.6768444
vt 0.09043616 0.6763458
vt 0.08871287 0.6760147
vt 0.09111964 0.677062
vt 0.09159541 0.6765417
vt 0.09043616 0.6763458
vt 0.0931015 0.677322
vt 0.09338086 0.6767764
vt 0.09159541 0.6765417
vt 0.09459149 0.6776251
vt 0.0947259 0.677049
vt 0.09338086 0.6767764
vt 0.09613889 0.6775353
vt 0.0947259 0.677049
vt 0.09459149 0.6776251
vt 0.08871555 0.6679451
vt 0.09056776 0.6676159
vt 0.08997929 0.6671442
vt 0.09056776 0.6676159
vt 0.09181034 0.6671538
vt 0.09135901 0.6666311
vt 0.09181034 0.6671538
vt 0.09314882 0.6666902
vt 0.09284597 0.6661162
vt 0.09314882 0.6666902
vt 0.09467917 0.6663287
vt 0.09454619 0.6657153
vt 0.09467917 0.6663287
vt 0.09541928 0.6663035
vt 0.09536844 0.665688
vt 0.09541928 0.6663035
vt 0.09640854 0.6663101
vt 0.09646683 0.6656958
vt 0.09767544 0.6667003
vt 0.09831875 0.6672639
vt 0.09858405 0.6667543
vt 0.09892851 0.6680496
vt 0.09928405 0.6687575
vt 0.09965002 0.6684062
vt 0.09928405 0.6687575
vt 0.09987401 0.6699355
vt 0.1003005 0.6697141
vt 0.09987401 0.6699355
vt 0.1000111 0.6706328
vt 0.1004561 0.6704918
vt 0.09831875 0.6672639
vt 0.09892851 0.6680496
vt 0.0992577 0.6676251
vt 0.1000111 0.6706328
vt 0.1001615 0.6716465
vt 0.1006238 0.6716195
vt 0.1006238 0.6716195
vt 0.1001615 0.6716465
vt 0.1001566 0.6728988
vt 0.09745728 0.6772059
vt 0.09731006 0.6766736
vt 0.09667295 0.6773074
vt 0.09831327 0.6762644
vt 0.09808093 0.6758266
vt 0.09731006 0.6766736
vt 0.1001566 0.6728988
vt 0.09950619 0.6740793
vt 0.09989613 0.6743228
vt 0.09640854 0.6663101
vt 0.09697967 0.666489
vt 0.09710049 0.6658944
vt 0.09697967 0.666489
vt 0.09767544 0.6667003
vt 0.09787154 0.6661295
vt 0.09989613 0.6743228
vt 0.09950619 0.6740793
vt 0.09876972 0.6749995
vt 0.09907823 0.6753452
vt 0.09876972 0.6749995
vt 0.09808093 0.6758266
vt 0.09627562 0.678113
vt 0.0962457 0.6774896
vt 0.09613889 0.6775353
vt 0.09674996 0.6779103
vt 0.09667295 0.6773074
vt 0.09642726 0.677412
vt 0.09647727 0.6780268
vt 0.09642726 0.677412
vt 0.0962457 0.6774896
vt 0.08327102 0.667919
vt 0.084396 0.6680238
vt 0.08439552 0.6676919
vt 0.084396 0.6680238
vt 0.08573496 0.6681318
vt 0.08573502 0.667812
vt 0.08620452 0.6760503
vt 0.08323329 0.6759506
vt 0.08322834 0.6765003
vt 0.08871078 0.6765704
vt 0.08871287 0.6760147
vt 0.08620452 0.6760503
vt 0.08573502 0.667812
vt 0.08573496 0.6681318
vt 0.08728885 0.668029
vt 0.08728873 0.6676981
vt 0.08728885 0.668029
vt 0.08871555 0.6679451
vt 0.06229251 0.6642632
vt 0.06333899 0.6659722
vt 0.06358653 0.6648502
vt 0.06791883 0.6748774
vt 0.06857174 0.6760821
vt 0.06977057 0.6753715
vt 0.0616334 0.6640645
vt 0.05908918 0.6635812
vt 0.05942898 0.6642858
vt 0.06199663 0.6650848
vt 0.06333899 0.6659722
vt 0.06229251 0.6642632
vt 0.08186608 0.6671665
vt 0.08131927 0.6676515
vt 0.08327102 0.667919
vt 0.07752299 0.6658006
vt 0.07741135 0.6664229
vt 0.07893669 0.6668184
vt 0.07581055 0.6663215
vt 0.07741135 0.6664229
vt 0.07752299 0.6658006
vt 0.07432121 0.666652
vt 0.07581055 0.6663215
vt 0.07574421 0.665688
vt 0.07516562 0.6771253
vt 0.07347089 0.6751337
vt 0.0731523 0.6754684
vt 0.07347089 0.6751337
vt 0.07251262 0.6737722
vt 0.07208335 0.6739637
vt 0.07588762 0.677943
vt 0.07516562 0.6771253
vt 0.07497811 0.6776856
vt 0.07609897 0.6780701
vt 0.07588762 0.677943
vt 0.07581394 0.6785182
vt 0.07629948 0.6780847
vt 0.07609897 0.6780701
vt 0.07607251 0.6786732
vt 0.07921785 0.66624
vt 0.07893669 0.6668184
vt 0.08011782 0.6672427
vt 0.0805304 0.6667117
vt 0.08011782 0.6672427
vt 0.08131927 0.6676515
vt 0.07710015 0.6781076
vt 0.07697701 0.6775051
vt 0.07629948 0.6780847
vt 0.07887166 0.6773827
vt 0.07862538 0.6768641
vt 0.07697701 0.6775051
vt 0.08048802 0.6764692
vt 0.07862538 0.6768641
vt 0.07887166 0.6773827
vt 0.08167141 0.6762558
vt 0.08048802 0.6764692
vt 0.08093863 0.6769577
vt 0.08323329 0.6759506
vt 0.08167141 0.6762558
vt 0.08225643 0.6767259
vt 0.07271844 0.6676031
vt 0.07308721 0.6680447
vt 0.07350277 0.6673773
vt 0.0731799 0.6668615
vt 0.07350277 0.6673773
vt 0.07378005 0.6670521
vt 0.07348799 0.6665001
vt 0.07378005 0.6670521
vt 0.07432121 0.666652
vt 0.07251262 0.6737722
vt 0.07249581 0.6730046
vt 0.07206261 0.6731136
vt 0.07206261 0.6731136
vt 0.07249581 0.6730046
vt 0.07240575 0.672659
vt 0.07196229 0.67273
vt 0.07240575 0.672659
vt 0.07214355 0.6712426
vt 0.07167059 0.671156
vt 0.07214355 0.6712426
vt 0.07248997 0.6693641
vt 0.0720551 0.6690689
vt 0.07248997 0.6693641
vt 0.07308721 0.6680447
vt 0.1067391 0.674936
vt 0.1063685 0.6751134
vt 0.1064681 0.6754692
vt 0.1070656 0.6741322
vt 0.1067981 0.6740753
vt 0.1067391 0.674936
vt 0.1012591 0.6752484
vt 0.1013738 0.6749148
vt 0.1010383 0.6748322
vt 0.1010383 0.6748322
vt 0.1009505 0.6741097
vt 0.1006825 0.6741627
vt 0.1066998 0.6731398
vt 0.1064406 0.673131
vt 0.1067981 0.6740753
vt 0.1067474 0.6720513
vt 0.1064406 0.673131
vt 0.1066998 0.6731398
vt 0.1069925 0.671421
vt 0.1067143 0.6713782
vt 0.1067474 0.6720513
vt 0.1067555 0.6700408
vt 0.1064869 0.6699988
vt 0.1067143 0.6713782
vt 0.1067414 0.6687111
vt 0.1064612 0.6687032
vt 0.1064869 0.6699988
vt 0.1065889 0.6674158
vt 0.1064612 0.6687032
vt 0.1067414 0.6687111
vt 0.1067682 0.6667437
vt 0.1065889 0.6674158
vt 0.10692 0.6674107
vt 0.1069512 0.6663473
vt 0.1066408 0.6663675
vt 0.1067682 0.6667437
vt 0.1061458 0.665688
vt 0.1060162 0.6660214
vt 0.1066408 0.6663675
vt 0.1011832 0.6730587
vt 0.1014227 0.6730278
vt 0.1011907 0.6721843
vt 0.1013567 0.6698616
vt 0.1013662 0.6689874
vt 0.1011039 0.6690006
vt 0.1009161 0.6674514
vt 0.1012078 0.6674467
vt 0.1010856 0.6669975
vt 0.1010856 0.6669975
vt 0.1011636 0.666684
vt 0.1008989 0.6666812
vt 0.1011636 0.666684
vt 0.1016825 0.6663591
vt 0.1015403 0.6660647
vt 0.1011039 0.6690006
vt 0.1013662 0.6689874
vt 0.1009753 0.6682374
vt 0.1009753 0.6682374
vt 0.1012078 0.6674467
vt 0.1009161 0.6674514
vt 0.1009505 0.6741097
vt 0.1013234 0.6733116
vt 0.1010459 0.6733692
vt 0.1013234 0.6733116
vt 0.1014227 0.6730278
vt 0.1011832 0.6730587
vt 0.1009345 0.6721819
vt 0.1011907 0.6721843
vt 0.1011061 0.6715416
vt 0.1011061 0.6715416
vt 0.1013567 0.6698616
vt 0.1011024 0.6699056
vt 0.1064681 0.6754692
vt 0.1063685 0.6751134
vt 0.103668 0.6752134
vt 0.1036508 0.6755724
vt 0.103668 0.6752134
vt 0.1013738 0.6749148
vt 0.1015403 0.6660647
vt 0.1016825 0.6663591
vt 0.1040154 0.6660089
vt 0.1040154 0.6660089
vt 0.1060162 0.6660214
vt 0.1061458 0.665688
vt 0.06006371 0.7127626
vt 0.05996972 0.7123492
vt 0.05829995 0.7124413
vt 0.06091719 0.7110359
vt 0.05996972 0.7123492
vt 0.06006371 0.7127626
vt 0.0567106 0.7128228
vt 0.05826878 0.7129878
vt 0.05784595 0.7124356
vt 0.06241559 0.179359
vt 0.06071144 0.177645
vt 0.06071144 0.1865461
vt 0.1320698 0.1569788
vt 0.1319941 0.1422483
vt 0.1295827 0.1424153
vt 0.1217226 0.1496017
vt 0.1274212 0.1576401
vt 0.1295827 0.1424153
vt 0.1217226 0.1496017
vt 0.1204036 0.1511912
vt 0.1227258 0.1576401
vt 0.1180772 0.1569795
vt 0.1227258 0.1576401
vt 0.1204036 0.1511912
vt 0.1271947 0.1420427
vt 0.1222826 0.1455794
vt 0.1223787 0.1476432
vt 0.8008581 0.148442
vt 0.7966736 0.1520216
vt 0.8001365 0.1558075
vt 0.7966736 0.1520216
vt 0.7924199 0.1547813
vt 0.7955 0.1594855
vt 0.7924199 0.1547813
vt 0.7880076 0.1571036
vt 0.7905244 0.162181
vt 0.8177283 0.1767493
vt 0.8175023 0.1696923
vt 0.8130667 0.1760116
vt 0.8140929 0.1808067
vt 0.8130667 0.1760116
vt 0.8091665 0.1814635
vt 0.8109418 0.1845948
vt 0.8091665 0.1814635
vt 0.8062455 0.1877891
vt 0.8190528 0.1829175
vt 0.8177283 0.1767493
vt 0.8140929 0.1808067
vt 0.8159655 0.1854927
vt 0.8140929 0.1808067
vt 0.8109418 0.1845948
vt 0.8133099 0.1881128
vt 0.8109418 0.1845948
vt 0.8078894 0.1886337
vt 0.8196613 0.1861214
vt 0.8190528 0.1829175
vt 0.8159655 0.1854927
vt 0.8172333 0.1881713
vt 0.8159655 0.1854927
vt 0.8133099 0.1881128
vt 0.8151606 0.1903312
vt 0.8133099 0.1881128
vt 0.810967 0.1909943
vt 0.8196743 0.1881543
vt 0.8196613 0.1861214
vt 0.8172333 0.1881713
vt 0.8180939 0.1898333
vt 0.8172333 0.1881713
vt 0.8151606 0.1903312
vt 0.8151606 0.1903312
vt 0.8134287 0.1926322
vt 0.8154236 0.1929464
vt 0.8176125 0.1918843
vt 0.8190359 0.1901534
vt 0.8180939 0.1898333
vt 0.8154236 0.1929464
vt 0.8176125 0.1918843
vt 0.8166972 0.1914204
vt 0.8180939 0.1898333
vt 0.8190359 0.1901534
vt 0.8196743 0.1881543
vt 0.8008581 0.148442
vt 0.797186 0.1437428
vt 0.7929537 0.1465402
vt 0.7929537 0.1465402
vt 0.7884356 0.1485292
vt 0.7924199 0.1547813
vt 0.7884356 0.1485292
vt 0.7839304 0.1501011
vt 0.7880076 0.1571036
vt 0.79416 0.1398129
vt 0.7903442 0.1423901
vt 0.7929537 0.1465402
vt 0.7903442 0.1423901
vt 0.7863743 0.1445608
vt 0.7884356 0.1485292
vt 0.7863743 0.1445608
vt 0.782275 0.1464276
vt 0.7839304 0.1501011
vt 0.7904179 0.1367576
vt 0.7873815 0.1383346
vt 0.7903442 0.1423901
vt 0.7903442 0.1423901
vt 0.7873815 0.1383346
vt 0.7845128 0.1400127
vt 0.7863743 0.1445608
vt 0.7845128 0.1400127
vt 0.7816202 0.1415209
vt 0.7873815 0.1383346
vt 0.7870364 0.1358232
vt 0.7830799 0.1379682
vt 0.7816202 0.1415209
vt 0.7845128 0.1400127
vt 0.7830799 0.1379682
vt 0.7873815 0.1383346
vt 0.7904179 0.1367576
vt 0.7870364 0.1358232
vt 0.8217001 0.1385645
vt 0.8242983 0.1426037
vt 0.825491 0.1397958
vt 0.8242983 0.1426037
vt 0.8272079 0.1463606
vt 0.8292807 0.1446146
vt 0.8292807 0.1446146
vt 0.8272079 0.1463606
vt 0.8305026 0.150107
vt 0.8202838 0.1427419
vt 0.8223426 0.1460034
vt 0.8242983 0.1426037
vt 0.8223426 0.1460034
vt 0.824519 0.1491007
vt 0.8272079 0.1463606
vt 0.8272079 0.1463606
vt 0.824519 0.1491007
vt 0.8268253 0.1520925
vt 0.8182131 0.1458697
vt 0.8200088 0.1489965
vt 0.8223426 0.1460034
vt 0.8200088 0.1489965
vt 0.8219166 0.1518704
vt 0.824519 0.1491007
vt 0.8219166 0.1518704
vt 0.8238616 0.1545686
vt 0.8268253 0.1520925
vt 0.8162553 0.1479171
vt 0.8180976 0.1513182
vt 0.8200088 0.1489965
vt 0.8180976 0.1513182
vt 0.8200011 0.1544467
vt 0.8219166 0.1518704
vt 0.8200011 0.1544467
vt 0.8218403 0.1570198
vt 0.8238616 0.1545686
vt 0.8140361 0.1496872
vt 0.8161098 0.1535112
vt 0.8180976 0.1513182
vt 0.8161098 0.1535112
vt 0.8182213 0.1570028
vt 0.8200011 0.1544467
vt 0.8182213 0.1570028
vt 0.8202207 0.1599043
vt 0.8218403 0.1570198
vt 0.8116878 0.1508799
vt 0.8141236 0.1553771
vt 0.8161098 0.1535112
vt 0.8141236 0.1553771
vt 0.8166018 0.1594036
vt 0.8182213 0.1570028
vt 0.8166018 0.1594036
vt 0.8189787 0.1628059
vt 0.8202207 0.1599043
vt 0.8116878 0.1508799
vt 0.809029 0.1515652
vt 0.8121138 0.1570308
vt 0.8121138 0.1570308
vt 0.8151246 0.1619168
vt 0.8166018 0.1594036
vt 0.8151246 0.1619168
vt 0.8180732 0.1660736
vt 0.8189787 0.1628059
vt 0.809029 0.1515652
vt 0.8050484 0.1511447
vt 0.8093815 0.1580429
vt 0.8093815 0.1580429
vt 0.8134295 0.1642091
vt 0.8151246 0.1619168
vt 0.8134295 0.1642091
vt 0.8175023 0.1696923
vt 0.8180732 0.1660736
vt 0.801981 0.1862521
vt 0.8062455 0.1877891
vt 0.8009955 0.1788524
vt 0.8009955 0.1788524
vt 0.7965024 0.1711706
vt 0.7953019 0.1736829
vt 0.7965024 0.1711706
vt 0.7905244 0.162181
vt 0.7911655 0.1668557
vt 0.7979968 0.1865606
vt 0.801981 0.1862521
vt 0.7985488 0.1797323
vt 0.7985488 0.1797323
vt 0.7953019 0.1736829
vt 0.7931321 0.1762577
vt 0.7953019 0.1736829
vt 0.7911655 0.1668557
vt 0.7901816 0.1709835
vt 0.7928557 0.1877543
vt 0.7979968 0.1865606
vt 0.7955011 0.1813083
vt 0.7955011 0.1813083
vt 0.7931321 0.1762577
vt 0.7894641 0.1793154
vt 0.7931321 0.1762577
vt 0.7901816 0.1709835
vt 0.7878111 0.1749013
vt 0.7884678 0.1879273
vt 0.7928557 0.1877543
vt 0.7909632 0.1836002
vt 0.7909632 0.1836002
vt 0.7894641 0.1793154
vt 0.7861787 0.181811
vt 0.7894641 0.1793154
vt 0.7878111 0.1749013
vt 0.7853803 0.1784184
vt 0.7861787 0.181811
vt 0.7839635 0.1821452
vt 0.7853235 0.1858726
vt 0.7853803 0.1784184
vt 0.7839635 0.1821452
vt 0.7861787 0.181811
vt 0.7870746 0.1848927
vt 0.7853235 0.1858726
vt 0.7884678 0.1879273
vt 0.8175023 0.1696923
vt 0.8134295 0.1642091
vt 0.8090109 0.1695734
vt 0.8134295 0.1642091
vt 0.8093815 0.1580429
vt 0.8048284 0.1630769
vt 0.8093815 0.1580429
vt 0.8050484 0.1511447
vt 0.8001365 0.1558075
vt 0.8130667 0.1760116
vt 0.8090109 0.1695734
vt 0.8049956 0.1743032
vt 0.8090109 0.1695734
vt 0.8048284 0.1630769
vt 0.8006297 0.1672863
vt 0.8048284 0.1630769
vt 0.8001365 0.1558075
vt 0.7955 0.1594855
vt 0.8091665 0.1814635
vt 0.8049956 0.1743032
vt 0.8009955 0.1788524
vt 0.8049956 0.1743032
vt 0.8006297 0.1672863
vt 0.7965024 0.1711706
vt 0.8006297 0.1672863
vt 0.7955 0.1594855
vt 0.7905244 0.162181
vt 0.833779 0.1270903
vt 0.8313947 0.1234931
vt 0.828513 0.1258021
vt 0.8302829 0.1294922
vt 0.828513 0.1258021
vt 0.8253433 0.1280773
vt 0.8264727 0.1319857
vt 0.8253433 0.1280773
vt 0.8216838 0.1303093
vt 0.8313947 0.1234931
vt 0.8288429 0.1198473
vt 0.8265923 0.1222324
vt 0.828513 0.1258021
vt 0.8265923 0.1222324
vt 0.8239611 0.1245243
vt 0.8253433 0.1280773
vt 0.8239611 0.1245243
vt 0.8208766 0.1267323
vt 0.8288429 0.1198473
vt 0.8270656 0.1179187
vt 0.8250122 0.1197566
vt 0.8265923 0.1222324
vt 0.8250122 0.1197566
vt 0.8227071 0.1217205
vt 0.8239611 0.1245243
vt 0.8227071 0.1217205
vt 0.8201596 0.1235655
vt 0.8249148 0.1170232
vt 0.8232083 0.1184716
vt 0.8250122 0.1197566
vt 0.8232083 0.1184716
vt 0.82158 0.1198704
vt 0.8227071 0.1217205
vt 0.8227071 0.1217205
vt 0.82158 0.1198704
vt 0.8199881 0.1212388
vt 0.8232083 0.1184716
vt 0.8226394 0.1172407
vt 0.8207139 0.1189535
vt 0.8199881 0.1212388
vt 0.82158 0.1198704
vt 0.8207139 0.1189535
vt 0.8232083 0.1184716
vt 0.8249148 0.1170232
vt 0.8226394 0.1172407
vt 0.8475471 0.1477804
vt 0.8481437 0.148288
vt 0.8487426 0.1469257
vt 0.8487629 0.1453215
vt 0.8481177 0.1465919
vt 0.8487426 0.1469257
vt 0.8475471 0.1477804
vt 0.8470981 0.1489416
vt 0.8481437 0.148288
vt 0.8470981 0.1489416
vt 0.8475471 0.1477804
vt 0.8458626 0.1473319
vt 0.8481177 0.1465919
vt 0.8467825 0.145342
vt 0.8458626 0.1473319
vt 0.8487629 0.1453215
vt 0.8479906 0.1434413
vt 0.8467825 0.145342
vt 0.8452706 0.1495308
vt 0.8458626 0.1473319
vt 0.8409758 0.1453439
vt 0.8467825 0.145342
vt 0.8427527 0.142458
vt 0.8409758 0.1453439
vt 0.8479906 0.1434413
vt 0.8446825 0.1398458
vt 0.8427527 0.142458
vt 0.8394566 0.148971
vt 0.8409758 0.1453439
vt 0.8364306 0.1439878
vt 0.8409758 0.1453439
vt 0.8427527 0.142458
vt 0.8387829 0.139918
vt 0.8387829 0.139918
vt 0.8427527 0.142458
vt 0.8446825 0.1398458
vt 0.8292807 0.1446146
vt 0.8339373 0.1492549
vt 0.8364306 0.1439878
vt 0.8326563 0.1402745
vt 0.8364306 0.1439878
vt 0.8387829 0.139918
vt 0.8356893 0.1366688
vt 0.8387829 0.139918
vt 0.8412348 0.136403
vt 0.825491 0.1397958
vt 0.8292807 0.1446146
vt 0.8326563 0.1402745
vt 0.8293735 0.1362443
vt 0.8326563 0.1402745
vt 0.8356893 0.1366688
vt 0.8329017 0.1331642
vt 0.8356893 0.1366688
vt 0.8385728 0.1334573
vt 0.8220922 0.1346493
vt 0.825491 0.1397958
vt 0.8293735 0.1362443
vt 0.8264727 0.1319857
vt 0.8293735 0.1362443
vt 0.8329017 0.1331642
vt 0.8302829 0.1294922
vt 0.8329017 0.1331642
vt 0.8361647 0.1303366
vt 0.8270656 0.1179187
vt 0.8288429 0.1198473
vt 0.8308469 0.1164477
vt 0.8288429 0.1198473
vt 0.8313947 0.1234931
vt 0.8341385 0.1203105
vt 0.8249148 0.1170232
vt 0.8270656 0.1179187
vt 0.8279044 0.1144078
vt 0.8226394 0.1172407
vt 0.8249148 0.1170232
vt 0.8245345 0.1134908
vt 0.8226394 0.1172407
vt 0.8213663 0.1140283
vt 0.8184683 0.1161159
vt 0.8199881 0.1212388
vt 0.8169497 0.1192475
vt 0.8165476 0.1223186
vt 0.8201596 0.1235655
vt 0.8165476 0.1223186
vt 0.8167902 0.1259042
vt 0.8208766 0.1267323
vt 0.8167902 0.1259042
vt 0.817334 0.1292297
vt 0.8216838 0.1303093
vt 0.817334 0.1292297
vt 0.8178712 0.1326526
vt 0.8220922 0.1346493
vt 0.8178712 0.1326526
vt 0.8179844 0.1355833
vt 0.8217001 0.1385645
vt 0.8179844 0.1355833
vt 0.817595 0.1388052
vt 0.8202838 0.1427419
vt 0.817595 0.1388052
vt 0.816514 0.1414084
vt 0.8182131 0.1458697
vt 0.816514 0.1414084
vt 0.8151493 0.1432464
vt 0.8162553 0.1479171
vt 0.8151493 0.1432464
vt 0.8134699 0.1449386
vt 0.8140361 0.1496872
vt 0.8134699 0.1449386
vt 0.8115124 0.1461231
vt 0.8116878 0.1508799
vt 0.8115124 0.1461231
vt 0.809212 0.146867
vt 0.809029 0.1515652
vt 0.809212 0.146867
vt 0.8056181 0.1466186
vt 0.8339373 0.1492549
vt 0.8305026 0.150107
vt 0.8334699 0.1544122
vt 0.8305026 0.150107
vt 0.8268253 0.1520925
vt 0.8309999 0.1548593
vt 0.8268253 0.1520925
vt 0.8238616 0.1545686
vt 0.8286221 0.1560358
vt 0.8238616 0.1545686
vt 0.8218403 0.1570198
vt 0.8266992 0.1575858
vt 0.8218403 0.1570198
vt 0.8202207 0.1599043
vt 0.8249121 0.1597933
vt 0.8202207 0.1599043
vt 0.8189787 0.1628059
vt 0.8235433 0.1623428
vt 0.8189787 0.1628059
vt 0.8180732 0.1660736
vt 0.8225125 0.165384
vt 0.8313947 0.1234931
vt 0.833779 0.1270903
vt 0.8366954 0.1238989
vt 0.8008581 0.148442
vt 0.8050484 0.1511447
vt 0.8056181 0.1466186
vt 0.8180732 0.1660736
vt 0.8175023 0.1696923
vt 0.8219128 0.1688869
vt 0.8177283 0.1767493
vt 0.8190528 0.1829175
vt 0.8233067 0.1823643
vt 0.8196613 0.1861214
vt 0.8236282 0.1863755
vt 0.8233067 0.1823643
vt 0.8190359 0.1901534
vt 0.8219158 0.192216
vt 0.8232622 0.1892118
vt 0.8176125 0.1918843
vt 0.8193579 0.194801
vt 0.8219158 0.192216
vt 0.8154236 0.1929464
vt 0.8158437 0.1962364
vt 0.8193579 0.194801
vt 0.8154236 0.1929464
vt 0.8134287 0.1926322
vt 0.8129284 0.1962323
vt 0.8134287 0.1926322
vt 0.810967 0.1909943
vt 0.8094301 0.1947868
vt 0.810967 0.1909943
vt 0.8078894 0.1886337
vt 0.8059099 0.1925641
vt 0.8078894 0.1886337
vt 0.8062455 0.1877891
vt 0.8043243 0.1917267
vt 0.8452706 0.1495308
vt 0.8457966 0.1529774
vt 0.8490262 0.1518794
vt 0.8481437 0.148288
vt 0.8470981 0.1489416
vt 0.8490262 0.1518794
vt 0.8487426 0.1469257
vt 0.8481437 0.148288
vt 0.8510054 0.1498302
vt 0.8487629 0.1453215
vt 0.8487426 0.1469257
vt 0.852131 0.1468333
vt 0.8479906 0.1434413
vt 0.8487629 0.1453215
vt 0.8519449 0.1438948
vt 0.8446825 0.1398458
vt 0.8479906 0.1434413
vt 0.8506838 0.1409869
vt 0.8412348 0.136403
vt 0.8446825 0.1398458
vt 0.8468808 0.136469
vt 0.8394566 0.148971
vt 0.8396053 0.1536711
vt 0.8457966 0.1529774
vt 0.8394566 0.148971
vt 0.8339373 0.1492549
vt 0.835563 0.1541466
vt 0.8207139 0.1189535
vt 0.8184683 0.1161159
vt 0.8169497 0.1192475
vt 0.797186 0.1437428
vt 0.8008581 0.148442
vt 0.8018293 0.1440182
vt 0.79416 0.1398129
vt 0.797186 0.1437428
vt 0.7981212 0.1395124
vt 0.7904179 0.1367576
vt 0.79416 0.1398129
vt 0.7945186 0.1356301
vt 0.7870364 0.1358232
vt 0.7904179 0.1367576
vt 0.7897663 0.1327025
vt 0.7830799 0.1379682
vt 0.7870364 0.1358232
vt 0.7853863 0.1320854
vt 0.7816202 0.1415209
vt 0.7786201 0.1388218
vt 0.7786201 0.1445538
vt 0.782275 0.1464276
vt 0.7786201 0.1445538
vt 0.7798929 0.1489707
vt 0.7839304 0.1501011
vt 0.7798929 0.1489707
vt 0.7836646 0.1563009
vt 0.7880076 0.1571036
vt 0.7836646 0.1563009
vt 0.7862017 0.1613472
vt 0.8175023 0.1696923
vt 0.8177283 0.1767493
vt 0.8220553 0.1758723
vt 0.8196743 0.1881543
vt 0.8232622 0.1892118
vt 0.8236282 0.1863755
vt 0.7830799 0.1379682
vt 0.7807636 0.1347465
vt 0.7786201 0.1388218
vt 0.801981 0.1862521
vt 0.8001676 0.190332
vt 0.8043243 0.1917267
vt 0.7979968 0.1865606
vt 0.7961697 0.1904158
vt 0.8001676 0.190332
vt 0.7928557 0.1877543
vt 0.7905674 0.1911887
vt 0.7961697 0.1904158
vt 0.7884678 0.1879273
vt 0.7855618 0.1908275
vt 0.7905674 0.1911887
vt 0.7853235 0.1858726
vt 0.7820535 0.1881528
vt 0.7855618 0.1908275
vt 0.7853235 0.1858726
vt 0.7839635 0.1821452
vt 0.7802331 0.1838037
vt 0.7839635 0.1821452
vt 0.7853803 0.1784184
vt 0.7812356 0.1791717
vt 0.7853803 0.1784184
vt 0.7878111 0.1749013
vt 0.7836115 0.1749336
vt 0.7878111 0.1749013
vt 0.7901816 0.1709835
vt 0.7859701 0.1704224
vt 0.7901816 0.1709835
vt 0.7911655 0.1668557
vt 0.7868334 0.1660476
vt 0.7905244 0.162181
vt 0.7862017 0.1613472
vt 0.7868334 0.1660476
vt 0.833779 0.1270903
vt 0.8361647 0.1303366
vt 0.8389929 0.1270175
vt 0.8361647 0.1303366
vt 0.8385728 0.1334573
vt 0.8411845 0.1299934
vt 0.8385728 0.1334573
vt 0.8412348 0.136403
vt 0.8435928 0.132854
vt 0.07167059 0.6576503
vt 0.08026868 0.6649991
vt 0.07971715 0.6508211
vt 0.07952404 0.6656293
vt 0.08026868 0.6649991
vt 0.07258188 0.6627736
vt 0.07952404 0.6656293
vt 0.07258188 0.6627736
vt 0.07638269 0.6656293
vt 0.1056665 0.6656293
vt 0.108016 0.6644342
vt 0.1034145 0.6656293
vt 0.1108077 0.6600428
vt 0.1000604 0.6635682
vt 0.108016 0.6644342
vt 0.09933543 0.6508629
vt 0.1000604 0.6635682
vt 0.1059641 0.6506659
vt 0.1667593 0.2015574
vt 0.1677653 0.1978711
vt 0.1647942 0.2009222
vt 0.06593954 0.2732032
vt 0.0640338 0.2732047
vt 0.06593793 0.275731
vt 0.1627318 0.2010392
vt 0.1647942 0.2009222
vt 0.1628158 0.1972006
vt 0.0640338 0.2732047
vt 0.06593954 0.2732032
vt 0.06402891 0.2706784
vt 0.1677653 0.1978711
vt 0.1667593 0.2015574
vt 0.1699283 0.1991644
vt 0.06593793 0.275731
vt 0.06403386 0.2757288
vt 0.06593167 0.2782566
vt 0.06592774 0.2681414
vt 0.06401908 0.2681503
vt 0.06593614 0.2706734
vt 0.1676214 0.2021348
vt 0.1683623 0.2028602
vt 0.1699283 0.1991644
vt 0.06593167 0.2782566
vt 0.06402921 0.2782508
vt 0.06592148 0.2807798
vt 0.1582242 0.1991651
vt 0.1608512 0.2018937
vt 0.1603867 0.1978716
vt 0.06591421 0.2656076
vt 0.06400418 0.2656203
vt 0.06592774 0.2681414
vt 0.1683623 0.2028602
vt 0.1693866 0.2046543
vt 0.1716692 0.2009867
vt 0.06592148 0.2807798
vt 0.06401968 0.2807709
vt 0.0659061 0.2833038
vt 0.03995621 0.1539917
vt 0.03835451 0.1551556
vt 0.04024565 0.1542745
vt 0.04107785 0.1522553
vt 0.03995621 0.1539917
vt 0.04147869 0.1524188
vt 0.03640538 0.1560066
vt 0.03747457 0.1558152
vt 0.03639322 0.1556292
vt 0.1547706 0.2023463
vt 0.1594063 0.2033695
vt 0.1582242 0.1991651
vt 0.06591421 0.2656076
vt 0.06589549 0.2630745
vt 0.06400418 0.2656203
vt 0.04107785 0.1522553
vt 0.04147869 0.1524188
vt 0.04149621 0.1502091
vt 0.1696934 0.2066969
vt 0.173421 0.2056641
vt 0.1693866 0.2046543
vt 0.06588512 0.2858271
vt 0.0659061 0.2833038
vt 0.06398391 0.2858091
vt 0.03640538 0.1560066
vt 0.03639322 0.1556292
vt 0.03432685 0.1557097
vt 0.04149621 0.1502091
vt 0.0419104 0.1502076
vt 0.04114043 0.1481945
vt 0.03267604 0.1543196
vt 0.0324338 0.154646
vt 0.03445237 0.1553323
vt 0.1696934 0.2066969
vt 0.1692417 0.2087128
vt 0.1733053 0.2081818
vt 0.06585848 0.2883496
vt 0.06588512 0.2858271
vt 0.06395763 0.2883274
vt 0.04004704 0.1464305
vt 0.04114043 0.1481945
vt 0.0403698 0.1461401
vt 0.06586188 0.2583542
vt 0.06394946 0.2583692
vt 0.06589549 0.2630745
vt 0.1680924 0.210429
vt 0.1711326 0.2126793
vt 0.1692417 0.2087128
vt 0.03122502 0.1528692
vt 0.03088617 0.1531042
vt 0.03267604 0.1543196
vt 0.04004704 0.1464305
vt 0.0403698 0.1461401
vt 0.03838056 0.1451406
vt 0.06582599 0.2908723
vt 0.06585848 0.2883496
vt 0.06392544 0.2908457
vt 0.1664005 0.2116145
vt 0.1692317 0.2143344
vt 0.1680924 0.210429
vt 0.03042411 0.150964
vt 0.03000187 0.1510517
vt 0.03122502 0.1528692
vt 0.03838056 0.1451406
vt 0.03856563 0.1447641
vt 0.03638577 0.1445545
vt 0.06578791 0.2933949
vt 0.06582599 0.2908723
vt 0.06388735 0.2933637
vt 0.06582331 0.2536304
vt 0.06391 0.2536475
vt 0.06586188 0.2583542
vt 0.1664005 0.2116145
vt 0.1643951 0.2121086
vt 0.1669592 0.2154243
vt 0.03042411 0.150964
vt 0.03040045 0.1489055
vt 0.03000187 0.1510517
vt 0.03638577 0.1445545
vt 0.03642171 0.1441418
vt 0.03433126 0.1447238
vt 0.1643951 0.2121086
vt 0.1623462 0.211845
vt 0.1647566 0.2164193
vt 0.03040045 0.1489055
vt 0.03113162 0.147053
vt 0.03000187 0.148825
vt 0.03433126 0.1447238
vt 0.03421825 0.14433
vt 0.03249746 0.1456084
vt 0.03249746 0.1456084
vt 0.03225535 0.1452876
vt 0.03113162 0.147053
vt 0.06578791 0.2933949
vt 0.06388735 0.2933637
vt 0.06574374 0.2959149
vt 0.06574374 0.2959149
vt 0.06384336 0.2958816
vt 0.06570166 0.2983277
vt 0.0657798 0.2489045
vt 0.06386572 0.2489235
vt 0.06582331 0.2536304
vt 0.06566423 0.300739
vt 0.06570166 0.2983277
vt 0.06376355 0.3007114
vt 0.0656315 0.3031505
vt 0.06566423 0.300739
vt 0.06373071 0.3031264
vt 0.06573134 0.2441765
vt 0.06381654 0.2441977
vt 0.0657798 0.2489045
vt 0.06560349 0.3055622
vt 0.0656315 0.3031505
vt 0.06370252 0.3055419
vt 0.06560349 0.3055622
vt 0.06370252 0.3055419
vt 0.06558007 0.3079737
vt 0.06567758 0.2394471
vt 0.06376218 0.2394701
vt 0.06573134 0.2441765
vt 0.1434801 0.2732242
vt 0.1434794 0.2757475
vt 0.1453806 0.2732273
vt 0.1434882 0.2707019
vt 0.1434801 0.2732242
vt 0.1453879 0.2707103
vt 0.1434794 0.2757475
vt 0.1434862 0.2782724
vt 0.1453807 0.2757451
vt 0.1435033 0.2681804
vt 0.1434882 0.2707019
vt 0.1454025 0.2681943
vt 0.1434862 0.2782724
vt 0.1435016 0.2807972
vt 0.1453883 0.2782642
vt 0.1435256 0.2656599
vt 0.1435033 0.2681804
vt 0.1454241 0.2656791
vt 0.1435016 0.2807972
vt 0.1435227 0.283321
vt 0.1454033 0.2807841
vt 0.1435256 0.2656599
vt 0.1454241 0.2656791
vt 0.1435548 0.2631423
vt 0.1435493 0.2858438
vt 0.14545 0.2858217
vt 0.1435227 0.283321
vt 0.1435815 0.2883657
vt 0.1454818 0.2883394
vt 0.1435493 0.2858438
vt 0.1436104 0.2584571
vt 0.1435548 0.2631423
vt 0.1455081 0.2584798
vt 0.1435815 0.2883657
vt 0.1436193 0.2908875
vt 0.1454818 0.2883394
vt 0.1436628 0.2934092
vt 0.1455625 0.293374
vt 0.1436193 0.2908875
vt 0.1436671 0.2537728
vt 0.1436104 0.2584571
vt 0.1455646 0.2537962
vt 0.1436628 0.2934092
vt 0.1437122 0.2959281
vt 0.1455625 0.293374
vt 0.1437122 0.2959281
vt 0.1437594 0.2983401
vt 0.1456119 0.2958909
vt 0.1437249 0.2490892
vt 0.1436671 0.2537728
vt 0.1456221 0.249113
vt 0.1438017 0.3007507
vt 0.1457018 0.3007192
vt 0.1437594 0.2983401
vt 0.1438392 0.3031616
vt 0.1457396 0.3031337
vt 0.1438017 0.3007507
vt 0.1437833 0.2444063
vt 0.1437249 0.2490892
vt 0.1456806 0.2444301
vt 0.143872 0.3055727
vt 0.1457725 0.3055487
vt 0.1438392 0.3031616
vt 0.143872 0.3055727
vt 0.1438999 0.3079839
vt 0.1457725 0.3055487
vt 0.1437833 0.2444063
vt 0.1456806 0.2444301
vt 0.1438423 0.2397237
vt 0.04545456 0.1554985
vt 0.04561728 0.1551556
vt 0.04372608 0.1542746
vt 0.04289382 0.1522553
vt 0.04249304 0.1524188
vt 0.04401552 0.1539917
vt 0.04561728 0.1551556
vt 0.04649722 0.1558152
vt 0.04757851 0.1556292
vt 0.04289382 0.1522553
vt 0.04247552 0.1502091
vt 0.04249304 0.1524188
vt 0.04951936 0.1553323
vt 0.04757851 0.1556292
vt 0.04964494 0.1557097
vt 0.04247552 0.1502091
vt 0.04283136 0.1481945
vt 0.04206132 0.1502076
vt 0.05129569 0.1543196
vt 0.04951936 0.1553323
vt 0.05153799 0.154646
vt 0.04392468 0.1464304
vt 0.04360193 0.14614
vt 0.04283136 0.1481945
vt 0.05274671 0.1528692
vt 0.05129569 0.1543196
vt 0.0530855 0.1531043
vt 0.04392468 0.1464304
vt 0.04559111 0.1451406
vt 0.04360193 0.14614
vt 0.05354756 0.150964
vt 0.05274671 0.1528692
vt 0.05396986 0.1510517
vt 0.04559111 0.1451406
vt 0.04758596 0.1445545
vt 0.04540604 0.144764
vt 0.05354756 0.150964
vt 0.05396986 0.1510517
vt 0.05357128 0.1489055
vt 0.04758596 0.1445545
vt 0.04964041 0.1447238
vt 0.04755002 0.1441418
vt 0.05357128 0.1489055
vt 0.05396986 0.148825
vt 0.05284017 0.147053
vt 0.04964041 0.1447238
vt 0.05147427 0.1456084
vt 0.04975342 0.14433
vt 0.05147427 0.1456084
vt 0.05284017 0.147053
vt 0.05171638 0.1452876
vt 0.1558563 0.3142396
vt 0.1548234 0.3141408
vt 0.155762 0.317999
vt 0.1548234 0.3141408
vt 0.1529 0.3133889
vt 0.1532692 0.3176312
vt 0.1558563 0.3142396
vt 0.155762 0.317999
vt 0.156889 0.3141471
vt 0.1513774 0.3119931
vt 0.1490131 0.3150182
vt 0.1529 0.3133889
vt 0.156889 0.3141471
vt 0.1582629 0.3176902
vt 0.1588175 0.3134068
vt 0.1467012 0.3105914
vt 0.1475569 0.3129615
vt 0.150462 0.3101412
vt 0.1603479 0.3120201
vt 0.1588175 0.3134068
vt 0.1625791 0.3151787
vt 0.150462 0.3101412
vt 0.1502773 0.308084
vt 0.1467012 0.3105914
vt 0.1603479 0.3120201
vt 0.1640832 0.313157
vt 0.1612744 0.310174
vt 0.1614711 0.3081183
vt 0.1612744 0.310174
vt 0.1652483 0.308301
vt 0.160912 0.3061299
vt 0.1614711 0.3081183
vt 0.1648248 0.305817
vt 0.160912 0.3061299
vt 0.163756 0.3035351
vt 0.1596728 0.3044782
vt 0.1596728 0.3044782
vt 0.1626811 0.301371
vt 0.1579203 0.3033854
vt 0.1163278 0.1765938
vt 0.1076808 0.1895799
vt 0.1166871 0.1767495
vt 0.1112785 0.191394
vt 0.1151999 0.1923262
vt 0.1166871 0.1767495
vt 0.1045998 0.1869795
vt 0.1076808 0.1895799
vt 0.1160158 0.1763602
vt 0.1170743 0.1768184
vt 0.1151999 0.1923262
vt 0.1174684 0.1767959
vt 0.115768 0.1760622
vt 0.1022079 0.1837368
vt 0.1160158 0.1763602
vt 0.1174684 0.1767959
vt 0.11923 0.1923262
vt 0.1178476 0.176683
vt 0.1155972 0.1757167
vt 0.1006348 0.1800262
vt 0.115768 0.1760622
vt 0.1231515 0.191395
vt 0.126752 0.1895841
vt 0.1178476 0.176683
vt 0.1155118 0.1753445
vt 0.09996879 0.1760521
vt 0.1155972 0.1757167
vt 0.1181912 0.1764854
vt 0.126752 0.1895841
vt 0.1184808 0.17623
vt 0.1155163 0.1749656
vt 0.1002475 0.1720316
vt 0.1155118 0.1753445
vt 0.1298379 0.1869917
vt 0.1322447 0.1837502
vt 0.1184808 0.17623
vt 0.1002475 0.1720316
vt 0.1155163 0.1749656
vt 0.1007618 0.1693431
vt 0.1322447 0.1837502
vt 0.1338358 0.1800353
vt 0.1186999 0.1759142
vt 0.1157886 0.1742698
vt 0.102972 0.1651116
vt 0.1156106 0.174601
vt 0.1338358 0.1800353
vt 0.134522 0.1760482
vt 0.1188373 0.1755564
vt 0.116043 0.1739843
vt 0.1057097 0.1620883
vt 0.1157886 0.1742698
vt 0.134522 0.1760482
vt 0.1342627 0.172007
vt 0.1188856 0.1751764
vt 0.109068 0.1597885
vt 0.1057097 0.1620883
vt 0.1163616 0.1737608
vt 0.1188428 0.1747952
vt 0.1342627 0.172007
vt 0.1187109 0.1744336
vt 0.1167213 0.173601
vt 0.1128643 0.1583303
vt 0.1163616 0.1737608
vt 0.1330697 0.1681324
vt 0.1310093 0.1646413
vt 0.1187109 0.1744336
vt 0.1168937 0.1577911
vt 0.1128643 0.1583303
vt 0.1171076 0.1735285
vt 0.1310093 0.1646413
vt 0.128192 0.1617216
vt 0.1184975 0.1741118
vt 0.1174992 0.1735473
vt 0.1209365 0.1582001
vt 0.1171076 0.1735285
vt 0.1182135 0.1738475
vt 0.128192 0.1617216
vt 0.1178747 0.1736557
vt 0.1247718 0.1595345
vt 0.1209365 0.1582001
vt 0.1178747 0.1736557
vt 0.09996879 0.1571346
vt 0.1046493 0.1575131
vt 0.1051329 0.1433387
vt 0.14604 0.3012471
vt 0.1460401 0.3059425
vt 0.1520982 0.3044537
vt 0.1520982 0.3044537
vt 0.1538576 0.3033714
vt 0.14604 0.3012471
vt 0.1467007 0.2965982
vt 0.1538576 0.3033714
vt 0.162079 0.2966003
vt 0.1467007 0.2965982
vt 0.162079 0.2966003
vt 0.1480096 0.2920887
vt 0.1480096 0.2920887
vt 0.1625837 0.2942364
vt 0.1499407 0.2878081
vt 0.09351319 0.2786748
vt 0.08588737 0.2913025
vt 0.09671455 0.2821077
vt 0.08986002 0.2757271
vt 0.08390647 0.2899274
vt 0.09351319 0.2786748
vt 0.0858286 0.2733226
vt 0.08166974 0.2890263
vt 0.08986002 0.2757271
vt 0.08149868 0.2715098
vt 0.0792886 0.2886444
vt 0.0858286 0.2733226
vt 0.0792886 0.2886444
vt 0.08149868 0.2715098
vt 0.07687944 0.2887831
vt 0.07695323 0.2703414
vt 0.07443702 0.2701988
vt 0.07687944 0.2887831
vt 0.07197487 0.2707478
vt 0.07190406 0.2883367
vt 0.07443702 0.2701988
vt 0.07197487 0.2707478
vt 0.06974786 0.2719329
vt 0.07190406 0.2883367
vt 0.06791639 0.2736677
vt 0.06786954 0.2853845
vt 0.06974786 0.2719329
vt 0.06791639 0.2736677
vt 0.06661325 0.2758277
vt 0.06786954 0.2853845
vt 0.06658321 0.2832144
vt 0.06661325 0.2758277
vt 0.06592148 0.2807798
vt 0.1219161 0.2931721
vt 0.1235396 0.2913853
vt 0.1126888 0.2822177
vt 0.1235396 0.2913853
vt 0.1255193 0.2900033
vt 0.115884 0.2787743
vt 0.1255193 0.2900033
vt 0.1277564 0.2890953
vt 0.1195317 0.275815
vt 0.1277564 0.2890953
vt 0.1301395 0.2887066
vt 0.1235601 0.2733989
vt 0.1301395 0.2887066
vt 0.1325519 0.2888392
vt 0.1278883 0.2715735
vt 0.1350727 0.2889556
vt 0.1349495 0.2702261
vt 0.1325519 0.2888392
vt 0.1374161 0.2707695
vt 0.1349495 0.2702261
vt 0.137532 0.2883792
vt 0.1397491 0.2871691
vt 0.1396487 0.2719505
vt 0.137532 0.2883792
vt 0.141487 0.2736826
vt 0.1396487 0.2719505
vt 0.1415637 0.2854128
vt 0.141487 0.2736826
vt 0.1415637 0.2854128
vt 0.1427972 0.2758419
vt 0.1434862 0.2782724
vt 0.1427972 0.2758419
vt 0.1435016 0.2807972
vt 0.06370747 0.2353011
vt 0.06376218 0.2394701
vt 0.06562328 0.2352763
vt 0.06558007 0.3079737
vt 0.06367903 0.3079572
vt 0.06555074 0.3108166
vt 0.1458008 0.3079637
vt 0.1438999 0.3079839
vt 0.1458272 0.3108044
vt 0.1438894 0.235599
vt 0.1438423 0.2397237
vt 0.1457864 0.2356223
vt 0.1103886 0.1434294
vt 0.1075439 0.1435084
vt 0.1087871 0.1576401
vt 0.1499407 0.2878081
vt 0.1636004 0.2920436
vt 0.1518294 0.2841278
vt 0.09671455 0.2821077
vt 0.08751338 0.2930828
vt 0.09938222 0.2852718
vt 0.1202216 0.2954536
vt 0.1219161 0.2931721
vt 0.1100311 0.2853892
vt 0.06364768 0.2308297
vt 0.06370747 0.2353011
vt 0.06556373 0.2308049
vt 0.06555074 0.3108166
vt 0.06364971 0.3108011
vt 0.06550484 0.3151851
vt 0.1458691 0.3151729
vt 0.1458272 0.3108044
vt 0.143968 0.3151909
vt 0.1439399 0.2311722
vt 0.1438894 0.235599
vt 0.1458367 0.2311955
vt 0.11476 0.1434219
vt 0.1103886 0.1434294
vt 0.1132264 0.1576401
vt 0.1518294 0.2841278
vt 0.1650444 0.289595
vt 0.1539753 0.2802415
vt 0.09938222 0.2852718
vt 0.08921575 0.2953591
vt 0.1021361 0.2887493
vt 0.1175217 0.2988936
vt 0.1202216 0.2954536
vt 0.1072831 0.2888781
vt 0.063578 0.226066
vt 0.06364768 0.2308297
vt 0.06549412 0.2260382
vt 0.06550484 0.3151851
vt 0.06360381 0.3151696
vt 0.06547898 0.317999
vt 0.1458691 0.3151729
vt 0.143968 0.3151909
vt 0.1458892 0.3179839
vt 0.1439924 0.2264618
vt 0.1439399 0.2311722
vt 0.1458892 0.2264845
vt 0.1175122 0.1428194
vt 0.11476 0.1434219
vt 0.1179264 0.1571141
vt 0.1539753 0.2802415
vt 0.167164 0.2857718
vt 0.1567067 0.2763865
vt 0.1021361 0.2887493
vt 0.09192144 0.2987879
vt 0.1046412 0.2927595
vt 0.1162976 0.3014243
vt 0.1175217 0.2988936
vt 0.1047921 0.2928941
vt 0.08462363 0.1541204
vt 0.09895676 0.1541204
vt 0.08464008 0.1522182
vt 0.1346728 0.1537217
vt 0.1489735 0.1537217
vt 0.1346732 0.1518195
vt 0.05573654 0.1631194
vt 0.05606335 0.1631836
vt 0.05576604 0.1628379
vt 0.05906933 0.1629141
vt 0.05915272 0.1631836
vt 0.05944997 0.1628379
vt 0.05606335 0.1631836
vt 0.05637115 0.1633096
vt 0.05614674 0.1629141
vt 0.05915272 0.1631836
vt 0.05906933 0.1629141
vt 0.05884492 0.1633096
vt 0.05650311 0.1630624
vt 0.05637115 0.1633096
vt 0.0568248 0.1632757
vt 0.05871295 0.1630624
vt 0.05839121 0.1632757
vt 0.05884492 0.1633096
vt 0.05688369 0.1637568
vt 0.05710315 0.1635784
vt 0.05664688 0.163495
vt 0.05839121 0.1632757
vt 0.05811285 0.1635784
vt 0.05856913 0.163495
vt 0.05705517 0.164032
vt 0.05730515 0.1638977
vt 0.05688369 0.1637568
vt 0.05811285 0.1635784
vt 0.05791091 0.1638977
vt 0.05833238 0.1637569
vt 0.05705517 0.164032
vt 0.05719357 0.1643335
vt 0.05730515 0.1638977
vt 0.0581609 0.164032
vt 0.05791091 0.1638977
vt 0.05802243 0.1643335
vt 0.05746161 0.164251
vt 0.05719357 0.1643335
vt 0.0575326 0.1646447
vt 0.05775445 0.164251
vt 0.05768346 0.1646447
vt 0.05802243 0.1643335
vt 0.0575326 0.1646447
vt 0.05725193 0.1646727
vt 0.0575326 0.1650354
vt 0.05768346 0.1646447
vt 0.05768346 0.1650354
vt 0.05796414 0.1646727
vt 0.05725008 0.1650081
vt 0.05719083 0.1653367
vt 0.0575326 0.1650354
vt 0.05796599 0.1650081
vt 0.05768346 0.1650354
vt 0.05802524 0.1653367
vt 0.057056 0.165643
vt 0.05730557 0.1657762
vt 0.05719083 0.1653367
vt 0.05775672 0.165418
vt 0.05791044 0.1657762
vt 0.05802524 0.1653367
vt 0.057056 0.165643
vt 0.05687868 0.1659296
vt 0.05730557 0.1657762
vt 0.05816006 0.165643
vt 0.05791044 0.1657762
vt 0.05833739 0.1659296
vt 0.05664688 0.1661496
vt 0.05682754 0.1663673
vt 0.05687868 0.1659296
vt 0.0581209 0.1661079
vt 0.05838853 0.1663673
vt 0.05833739 0.1659296
vt 0.05664688 0.1661496
vt 0.05637246 0.1663498
vt 0.05682754 0.1663673
vt 0.05856913 0.1661496
vt 0.05838853 0.1663673
vt 0.05884361 0.1663498
vt 0.05606043 0.1664699
vt 0.05614238 0.1667406
vt 0.05637246 0.1663498
vt 0.05871111 0.166597
vt 0.05907368 0.1667406
vt 0.05884361 0.1663498
vt 0.05606043 0.1664699
vt 0.05573743 0.1665435
vt 0.05614238 0.1667406
vt 0.05915564 0.1664699
vt 0.05907368 0.1667406
vt 0.05947858 0.1665435
vt 0.05540657 0.1665405
vt 0.05537819 0.1668226
vt 0.05573743 0.1665435
vt 0.05945104 0.1668231
vt 0.05983781 0.1668226
vt 0.05947858 0.1665435
vt 0.05540657 0.1665405
vt 0.05508291 0.1664768
vt 0.05537819 0.1668226
vt 0.06021648 0.166745
vt 0.06013309 0.1664768
vt 0.05983781 0.1668226
vt 0.05478721 0.1663226
vt 0.05465143 0.1665707
vt 0.05508291 0.1664768
vt 0.06021648 0.166745
vt 0.06056457 0.1665707
vt 0.06013309 0.1664768
vt 0.05478721 0.1663226
vt 0.05450886 0.166136
vt 0.05465143 0.1665707
vt 0.06088745 0.1663512
vt 0.06070727 0.166136
vt 0.06056457 0.1665707
vt 0.05450886 0.166136
vt 0.05427217 0.1658993
vt 0.05432862 0.1663512
vt 0.06070727 0.166136
vt 0.06088745 0.1663512
vt 0.06094384 0.1658993
vt 0.05427217 0.1658993
vt 0.05408567 0.1656216
vt 0.05405437 0.1660752
vt 0.06137758 0.1657523
vt 0.0611304 0.1656216
vt 0.06116163 0.1660751
vt 0.05408567 0.1656216
vt 0.05395519 0.1653128
vt 0.05383849 0.1657524
vt 0.0611304 0.1656216
vt 0.06137758 0.1657523
vt 0.06126087 0.1653128
vt 0.05395519 0.1653128
vt 0.05386984 0.165009
vt 0.05368739 0.1653955
vt 0.06126087 0.1653128
vt 0.06152868 0.1653955
vt 0.06134623 0.165009
vt 0.0538668 0.1646793
vt 0.05358451 0.1646557
vt 0.05386984 0.165009
vt 0.0616241 0.1650416
vt 0.0616315 0.1646557
vt 0.06134623 0.165009
vt 0.0538668 0.1646793
vt 0.05392402 0.1643543
vt 0.05358451 0.1646557
vt 0.06134921 0.1646793
vt 0.0616315 0.1646557
vt 0.06129205 0.1643543
vt 0.05405646 0.16405
vt 0.05380517 0.1639198
vt 0.05392402 0.1643543
vt 0.06156212 0.1642762
vt 0.06141084 0.1639198
vt 0.06129205 0.1643543
vt 0.05405646 0.16405
vt 0.05423331 0.1637646
vt 0.05380517 0.1639198
vt 0.06115955 0.1640499
vt 0.06141084 0.1639198
vt 0.0609827 0.1637646
vt 0.0540148 0.163589
vt 0.05423331 0.1637646
vt 0.05430132 0.1633135
vt 0.06120127 0.163589
vt 0.06091469 0.1633135
vt 0.0609827 0.1637646
vt 0.05448186 0.1635308
vt 0.05474215 0.1633428
vt 0.05430132 0.1633135
vt 0.06073415 0.1635308
vt 0.06091469 0.1633135
vt 0.06047391 0.1633428
vt 0.05506736 0.1632129
vt 0.05498355 0.1629418
vt 0.05474215 0.1633428
vt 0.06060951 0.1630974
vt 0.06023246 0.1629418
vt 0.06047391 0.1633428
vt 0.05506736 0.1632129
vt 0.05539387 0.1631371
vt 0.05498355 0.1629418
vt 0.05985099 0.1628556
vt 0.0598222 0.1631371
vt 0.06023246 0.1629418
vt 0.05539387 0.1631371
vt 0.05573654 0.1631194
vt 0.05536502 0.1628556
vt 0.0598222 0.1631371
vt 0.05985099 0.1628556
vt 0.05947953 0.1631194
vt 0.05478942 0.1738714
vt 0.05431926 0.1742831
vt 0.05587333 0.1752533
vt 0.05639898 0.1669739
vt 0.05581516 0.1670718
vt 0.05652779 0.1686621
vt 0.05398404 0.1748081
vt 0.05553668 0.1756575
vt 0.05431926 0.1742831
vt 0.05581516 0.1670718
vt 0.0552603 0.1672829
vt 0.05627477 0.1687124
vt 0.05553668 0.1756575
vt 0.05398404 0.1748081
vt 0.0554282 0.1759021
vt 0.0552603 0.1672829
vt 0.05475372 0.1676015
vt 0.0560376 0.168812
vt 0.05376231 0.1753819
vt 0.05360412 0.1760255
vt 0.0554282 0.1759021
vt 0.05475372 0.1676015
vt 0.05428695 0.1680544
vt 0.05582571 0.1689566
vt 0.05360412 0.1760255
vt 0.05358451 0.176627
vt 0.05538898 0.1761795
vt 0.05564492 0.1691612
vt 0.05428695 0.1680544
vt 0.05551064 0.1693797
vt 0.0537303 0.1772361
vt 0.05544239 0.1767037
vt 0.05358451 0.176627
vt 0.05551064 0.1693797
vt 0.05396026 0.1685359
vt 0.05541062 0.1696172
vt 0.05544239 0.1767037
vt 0.0537303 0.1772361
vt 0.05554711 0.1769596
vt 0.05371969 0.1690876
vt 0.05358451 0.1697194
vt 0.05541062 0.1696172
vt 0.05554711 0.1769596
vt 0.05400198 0.1778151
vt 0.05570507 0.177178
vt 0.05362921 0.1703322
vt 0.0553618 0.1701569
vt 0.05358451 0.1697194
vt 0.05478823 0.1787557
vt 0.05589115 0.1773713
vt 0.05432903 0.1783382
vt 0.0553618 0.1701569
vt 0.05362921 0.1703322
vt 0.05541825 0.1704178
vt 0.05478823 0.1787557
vt 0.05530625 0.1790686
vt 0.05589115 0.1773713
vt 0.05374228 0.1709235
vt 0.05397123 0.1714897
vt 0.05541825 0.1704178
vt 0.05587726 0.1792763
vt 0.05636006 0.1776312
vt 0.05530625 0.1790686
vt 0.05552858 0.170662
vt 0.05397123 0.1714897
vt 0.0556795 0.1708856
vt 0.05587726 0.1792763
vt 0.05643182 0.1794087
vt 0.05636006 0.1776312
vt 0.05430918 0.1720052
vt 0.0547201 0.1724259
vt 0.0556795 0.1708856
vt 0.05704706 0.1793873
vt 0.05687183 0.1776898
vt 0.05643182 0.1794087
vt 0.05586707 0.1710621
vt 0.0547201 0.1724259
vt 0.05609285 0.1712139
vt 0.05704706 0.1793873
vt 0.05764591 0.1792917
vt 0.05687183 0.1776898
vt 0.05609285 0.1712139
vt 0.0552389 0.1727856
vt 0.0563426 0.1713079
vt 0.05818831 0.1790375
vt 0.05736207 0.1775429
vt 0.05764591 0.1792917
vt 0.0563426 0.1713079
vt 0.05582106 0.1730328
vt 0.05659896 0.1713691
vt 0.05865973 0.1786904
vt 0.05757701 0.1773969
vt 0.05818831 0.1790375
vt 0.05643689 0.1731068
vt 0.05704313 0.1731068
vt 0.05659896 0.1713691
vt 0.05865973 0.1786904
vt 0.05908769 0.1782911
vt 0.05757701 0.1773969
vt 0.05704313 0.1731068
vt 0.05763715 0.1729885
vt 0.05686295 0.1713626
vt 0.05908769 0.1782911
vt 0.05944287 0.1777962
vt 0.05775368 0.1772137
vt 0.05763715 0.1729885
vt 0.05820846 0.1727488
vt 0.05711996 0.171307
vt 0.05788046 0.1769827
vt 0.05944287 0.1777962
vt 0.05797469 0.1767386
vt 0.05868566 0.1723658
vt 0.05756986 0.1710448
vt 0.05820846 0.1727488
vt 0.05969589 0.1772371
vt 0.05978739 0.1766245
vt 0.05797469 0.1767386
vt 0.05868566 0.1723658
vt 0.05910569 0.1719397
vt 0.05756986 0.1710448
vt 0.05802637 0.1764763
vt 0.05978739 0.1766245
vt 0.05802571 0.1762075
vt 0.05910569 0.1719397
vt 0.05943763 0.1714372
vt 0.05775314 0.1708527
vt 0.05961906 0.1754408
vt 0.05797326 0.1759417
vt 0.05975878 0.1760172
vt 0.05943763 0.1714372
vt 0.05966669 0.1708761
vt 0.05789405 0.17063
vt 0.05961906 0.1754408
vt 0.0594325 0.1749197
vt 0.05797326 0.1759417
vt 0.05798745 0.1703849
vt 0.05966669 0.1708761
vt 0.05804473 0.1701431
vt 0.05910116 0.1744321
vt 0.05774861 0.1754872
vt 0.0594325 0.1749197
vt 0.05804473 0.1701431
vt 0.05973678 0.1703141
vt 0.05803614 0.1698895
vt 0.05910116 0.1744321
vt 0.05868905 0.1740208
vt 0.05774861 0.1754872
vt 0.05974197 0.1697253
vt 0.05963397 0.1691474
vt 0.05803614 0.1698895
vt 0.05868905 0.1740208
vt 0.05822652 0.1736551
vt 0.05757886 0.1752953
vt 0.05963397 0.1691474
vt 0.05941218 0.1685905
vt 0.05797952 0.169641
vt 0.05767178 0.1734236
vt 0.05713158 0.175034
vt 0.05822652 0.1736551
vt 0.05786281 0.1694074
vt 0.05941218 0.1685905
vt 0.05771005 0.1691919
vt 0.05767178 0.1734236
vt 0.05707716 0.1732577
vt 0.05713158 0.175034
vt 0.0590831 0.1680796
vt 0.05862241 0.1676718
vt 0.05771005 0.1691919
vt 0.05707716 0.1732577
vt 0.0565043 0.1732577
vt 0.05687052 0.1749847
vt 0.05752235 0.1689969
vt 0.05862241 0.1676718
vt 0.05730742 0.1688458
vt 0.05589485 0.1733807
vt 0.05634373 0.1750199
vt 0.0565043 0.1732577
vt 0.05816596 0.1673476
vt 0.05758827 0.1670833
vt 0.05730742 0.1688458
vt 0.05589485 0.1733807
vt 0.05533581 0.1735643
vt 0.05634373 0.1750199
vt 0.05758827 0.1670833
vt 0.05700242 0.1669944
vt 0.05705142 0.16874
vt 0.05533581 0.1735643
vt 0.05478942 0.1738714
vt 0.05609887 0.1751135
vt 0.05700242 0.1669944
vt 0.05639898 0.1669739
vt 0.05679631 0.1686781
vt 0.0587427 0.182152
vt 0.05888652 0.1824992
vt 0.06016361 0.1814028
vt 0.1382686 0.2213787
vt 0.1398086 0.2218404
vt 0.1385315 0.2207439
vt 0.05888652 0.1824992
vt 0.05895984 0.1828678
vt 0.06042653 0.1820376
vt 0.1398086 0.2218404
vt 0.1382686 0.2213787
vt 0.1397352 0.222209
vt 0.06056058 0.1827114
vt 0.05895984 0.1828678
vt 0.06056058 0.1833985
vt 0.1381345 0.2220526
vt 0.1381345 0.2227397
vt 0.1397352 0.222209
vt 0.05885988 0.1836284
vt 0.06037783 0.1841019
vt 0.05895984 0.1832437
vt 0.1381345 0.2227397
vt 0.1383173 0.223443
vt 0.1397353 0.2225848
vt 0.05870884 0.1839588
vt 0.06010156 0.1847058
vt 0.05885988 0.1836284
vt 0.1383173 0.223443
vt 0.1385936 0.224047
vt 0.1398351 0.2229696
vt 0.05870884 0.1839588
vt 0.05851179 0.1842752
vt 0.06010156 0.1847058
vt 0.1399863 0.2233
vt 0.1385936 0.224047
vt 0.1401832 0.2236164
vt 0.05974143 0.1852842
vt 0.05851179 0.1842752
vt 0.05922561 0.1857696
vt 0.1389537 0.2246255
vt 0.1394696 0.2251108
vt 0.1401832 0.2236164
vt 0.05922561 0.1857696
vt 0.05822962 0.1845407
vt 0.05865126 0.1861455
vt 0.1394696 0.2251108
vt 0.1400439 0.2254867
vt 0.1404654 0.2238818
vt 0.05791544 0.1847463
vt 0.0575695 0.1848921
vt 0.05865126 0.1861455
vt 0.1407797 0.2240875
vt 0.1400439 0.2254867
vt 0.1411256 0.2242333
vt 0.05719882 0.1849552
vt 0.05734109 0.1865273
vt 0.0575695 0.1848921
vt 0.1406763 0.2257532
vt 0.141354 0.2258685
vt 0.1411256 0.2242333
vt 0.05719882 0.1849552
vt 0.05681955 0.1849654
vt 0.05734109 0.1865273
vt 0.1414963 0.2242963
vt 0.141354 0.2258685
vt 0.1418756 0.2243066
vt 0.05646902 0.1848841
vt 0.05600696 0.1863975
vt 0.05681955 0.1849654
vt 0.1420474 0.2258873
vt 0.1426881 0.2257386
vt 0.1418756 0.2243066
vt 0.05646902 0.1848841
vt 0.05611032 0.1847502
vt 0.05600696 0.1863975
vt 0.142226 0.2242253
vt 0.1426881 0.2257386
vt 0.1425848 0.2240913
vt 0.055803 0.1845315
vt 0.05478936 0.1857528
vt 0.05611032 0.1847502
vt 0.1433439 0.2254937
vt 0.1439057 0.225094
vt 0.1425848 0.2240913
vt 0.055803 0.1845315
vt 0.05553209 0.1842737
vt 0.05478936 0.1857528
vt 0.1428921 0.2238727
vt 0.1439057 0.225094
vt 0.143163 0.2236149
vt 0.05532765 0.1839608
vt 0.05392044 0.1847095
vt 0.05553209 0.1842737
vt 0.1444008 0.2246227
vt 0.1447746 0.2240507
vt 0.143163 0.2236149
vt 0.05532765 0.1839608
vt 0.05518466 0.1836164
vt 0.05392044 0.1847095
vt 0.1450361 0.2234211
vt 0.1435104 0.2229576
vt 0.1447746 0.2240507
vt 0.05514395 0.1832437
vt 0.05358451 0.1833985
vt 0.05518466 0.1836164
vt 0.1450361 0.2234211
vt 0.1451106 0.2227397
vt 0.1435104 0.2229576
vt 0.05514395 0.1832437
vt 0.05514395 0.1828678
vt 0.05358451 0.1833985
vt 0.1451106 0.2220526
vt 0.1435512 0.222209
vt 0.1451106 0.2227397
vt 0.05514395 0.1828678
vt 0.05521726 0.1824992
vt 0.05358451 0.1827115
vt 0.1435512 0.222209
vt 0.1451106 0.2220526
vt 0.1434779 0.2218404
vt 0.05521726 0.1824992
vt 0.05536109 0.182152
vt 0.05371856 0.1820375
vt 0.1447136 0.2207439
vt 0.143334 0.2214932
vt 0.1449765 0.2213787
vt 0.05536109 0.182152
vt 0.05556988 0.1818395
vt 0.05398148 0.1814028
vt 0.143334 0.2214932
vt 0.1447136 0.2207439
vt 0.1431252 0.2211807
vt 0.05556988 0.1818395
vt 0.05580371 0.1815721
vt 0.05436325 0.1808315
vt 0.1431252 0.2211807
vt 0.1443319 0.2201726
vt 0.1428915 0.2209132
vt 0.05611342 0.1813651
vt 0.05535686 0.1799642
vt 0.05580371 0.1815721
vt 0.1439045 0.2196838
vt 0.1433383 0.2193054
vt 0.1428915 0.2209132
vt 0.05611342 0.1813651
vt 0.05645525 0.181218
vt 0.05535686 0.1799642
vt 0.1425817 0.2207062
vt 0.1433383 0.2193054
vt 0.1422399 0.2205592
vt 0.05682373 0.1811543
vt 0.05665546 0.1795788
vt 0.05645525 0.181218
vt 0.1427133 0.2190366
vt 0.1420397 0.21892
vt 0.1422399 0.2205592
vt 0.05682373 0.1811543
vt 0.05720204 0.1811437
vt 0.05665546 0.1795788
vt 0.1418714 0.2204955
vt 0.1420397 0.21892
vt 0.141493 0.2204848
vt 0.05734705 0.1795595
vt 0.05720204 0.1811437
vt 0.05803078 0.1797212
vt 0.1413481 0.2189007
vt 0.1406642 0.2190624
vt 0.141493 0.2204848
vt 0.05757606 0.1812321
vt 0.05791395 0.1813598
vt 0.05803078 0.1797212
vt 0.141119 0.2205733
vt 0.1406642 0.2190624
vt 0.1407811 0.220701
vt 0.05823808 0.1815837
vt 0.05924105 0.1803638
vt 0.05791395 0.1813598
vt 0.1400466 0.2192957
vt 0.1394541 0.2197049
vt 0.1407811 0.220701
vt 0.05823808 0.1815837
vt 0.05851083 0.181842
vt 0.05924105 0.1803638
vt 0.1389555 0.2201772
vt 0.1401843 0.2211832
vt 0.1394541 0.2197049
vt 0.05851083 0.181842
vt 0.0587427 0.182152
vt 0.05973964 0.1808361
vt 0.1401843 0.2211832
vt 0.1389555 0.2201772
vt 0.1399524 0.2214931
vt 0.1685131 0.1781567
vt 0.1680676 0.1778755
vt 0.1671551 0.1807246
vt 0.1671611 0.1862369
vt 0.164442 0.1854365
vt 0.1670543 0.1867393
vt 0.1680676 0.1778755
vt 0.1677052 0.177494
vt 0.166271 0.1800597
vt 0.164442 0.1854365
vt 0.1671611 0.1862369
vt 0.1648685 0.1844419
vt 0.1677052 0.177494
vt 0.1674039 0.1770652
vt 0.165486 0.1793017
vt 0.1673505 0.1857483
vt 0.167648 0.1853244
vt 0.1648685 0.1844419
vt 0.1672235 0.1765451
vt 0.1644989 0.1772913
vt 0.1674039 0.1770652
vt 0.167648 0.1853244
vt 0.1680462 0.1849353
vt 0.1654212 0.1834944
vt 0.1671493 0.1760384
vt 0.1643059 0.1762708
vt 0.1672235 0.1765451
vt 0.1680462 0.1849353
vt 0.1684764 0.1846498
vt 0.1662803 0.1826925
vt 0.1671556 0.1755115
vt 0.1643059 0.1751928
vt 0.1671493 0.1760384
vt 0.1684764 0.1846498
vt 0.1689542 0.1844322
vt 0.1671583 0.1821473
vt 0.1671556 0.1755115
vt 0.1672621 0.174994
vt 0.1643059 0.1751928
vt 0.1694916 0.1843511
vt 0.1692479 0.1814915
vt 0.1689542 0.1844322
vt 0.1672621 0.174994
vt 0.1674617 0.1745176
vt 0.1646201 0.1741105
vt 0.170022 0.1843719
vt 0.1703603 0.1814491
vt 0.1694916 0.1843511
vt 0.1674617 0.1745176
vt 0.1677619 0.1740899
vt 0.1651043 0.1731811
vt 0.170022 0.1843719
vt 0.1705414 0.1844676
vt 0.1703603 0.1814491
vt 0.1677619 0.1740899
vt 0.168143 0.1737425
vt 0.1656836 0.17233
vt 0.1714505 0.1817149
vt 0.1705414 0.1844676
vt 0.1724444 0.1821806
vt 0.168581 0.1734545
vt 0.1673094 0.1710111
vt 0.168143 0.1737425
vt 0.1724444 0.1821806
vt 0.1710265 0.1846732
vt 0.1733334 0.1828387
vt 0.168581 0.1734545
vt 0.1690444 0.1732927
vt 0.1673094 0.1710111
vt 0.1733334 0.1828387
vt 0.1714737 0.1849605
vt 0.1740174 0.183583
vt 0.1695604 0.1731927
vt 0.1693074 0.1704113
vt 0.1690444 0.1732927
vt 0.17182 0.1853143
vt 0.1721282 0.1857387
vt 0.1740174 0.183583
vt 0.1700686 0.173227
vt 0.1703959 0.1704173
vt 0.1695604 0.1731927
vt 0.174586 0.1845129
vt 0.1721282 0.1857387
vt 0.1749405 0.1854945
vt 0.1705695 0.1733394
vt 0.1714481 0.1706362
vt 0.1700686 0.173227
vt 0.1749405 0.1854945
vt 0.1723158 0.18621
vt 0.1750953 0.1865113
vt 0.1705695 0.1733394
vt 0.1710246 0.1735628
vt 0.1714481 0.1706362
vt 0.1750953 0.1865113
vt 0.172428 0.1867039
vt 0.1750494 0.1875188
vt 0.1724548 0.1710675
vt 0.1710246 0.1735628
vt 0.1733018 0.1717543
vt 0.1723251 0.187694
vt 0.174883 0.1885221
vt 0.1724253 0.1872024
vt 0.1714302 0.1738701
vt 0.1717789 0.1742511
vt 0.1733018 0.1717543
vt 0.174883 0.1885221
vt 0.1723251 0.187694
vt 0.1744534 0.1894448
vt 0.1717789 0.1742511
vt 0.17208 0.1746812
vt 0.1739764 0.1725522
vt 0.1717969 0.1885619
vt 0.1739165 0.1903242
vt 0.172088 0.1881391
vt 0.1722853 0.1751546
vt 0.1748965 0.1743824
vt 0.17208 0.1746812
vt 0.1739165 0.1903242
vt 0.1717969 0.1885619
vt 0.1731593 0.1910407
vt 0.1722853 0.1751546
vt 0.172392 0.1756545
vt 0.1748965 0.1743824
vt 0.1709854 0.1892112
vt 0.1723166 0.1916684
vt 0.1714262 0.1889342
vt 0.172396 0.1761615
vt 0.1750853 0.1764092
vt 0.172392 0.1756545
vt 0.1723166 0.1916684
vt 0.1709854 0.1892112
vt 0.1713423 0.1921356
vt 0.1723338 0.1766274
vt 0.174943 0.1773619
vt 0.172396 0.1761615
vt 0.1713423 0.1921356
vt 0.1704955 0.1893983
vt 0.1703398 0.1923262
vt 0.1723338 0.1766274
vt 0.1721453 0.1771001
vt 0.174943 0.1773619
vt 0.1703398 0.1923262
vt 0.1700083 0.1895201
vt 0.1692846 0.1923262
vt 0.1718668 0.1775177
vt 0.1740153 0.1791853
vt 0.1721453 0.1771001
vt 0.1692846 0.1923262
vt 0.1695046 0.1895496
vt 0.1682584 0.1921261
vt 0.1714956 0.177871
vt 0.1733127 0.1799712
vt 0.1718668 0.1775177
vt 0.1690058 0.1894835
vt 0.168528 0.1892973
vt 0.1682584 0.1921261
vt 0.1714956 0.177871
vt 0.1710686 0.1781599
vt 0.1733127 0.1799712
vt 0.1673039 0.1917398
vt 0.168528 0.1892973
vt 0.1664282 0.1911707
vt 0.1710686 0.1781599
vt 0.1705697 0.1783701
vt 0.1724476 0.1806169
vt 0.1680842 0.1890402
vt 0.1677175 0.1886674
vt 0.1664282 0.1911707
vt 0.1705697 0.1783701
vt 0.1700763 0.1784733
vt 0.1714203 0.1810007
vt 0.1677175 0.1886674
vt 0.1674178 0.1882706
vt 0.1656 0.1904724
vt 0.1695283 0.1784623
vt 0.1693032 0.1812982
vt 0.1700763 0.1784733
vt 0.1674178 0.1882706
vt 0.1672 0.1877695
vt 0.1650295 0.1896385
vt 0.1693032 0.1812982
vt 0.1695283 0.1784623
vt 0.168229 0.1811272
vt 0.1670865 0.1872682
vt 0.1643086 0.1876162
vt 0.1672 0.1877695
vt 0.1685131 0.1781567
vt 0.1671551 0.1807246
vt 0.1690116 0.1783602
vt 0.1670865 0.1872682
vt 0.1670543 0.1867393
vt 0.1643086 0.1876162
vt 0.1723165 0.1536198
vt 0.1725794 0.1542546
vt 0.1736209 0.152932
vt 0.1648679 0.1629558
vt 0.1661719 0.1636473
vt 0.1654084 0.1621469
vt 0.1725794 0.1542546
vt 0.1727135 0.1549285
vt 0.1739932 0.1538308
vt 0.1661719 0.1636473
vt 0.1648679 0.1629558
vt 0.165909 0.164282
vt 0.174183 0.1547849
vt 0.1727135 0.1549285
vt 0.174183 0.1557577
vt 0.1644958 0.1638545
vt 0.1643059 0.1648086
vt 0.165909 0.164282
vt 0.1725308 0.1563189
vt 0.1739243 0.1567536
vt 0.1727135 0.1556156
vt 0.1643059 0.1648086
vt 0.1643654 0.1658358
vt 0.1657749 0.1649559
vt 0.1722545 0.1569229
vt 0.1735332 0.1576087
vt 0.1725308 0.1563189
vt 0.1643654 0.1658358
vt 0.1645822 0.1667508
vt 0.1658169 0.1656814
vt 0.1722545 0.1569229
vt 0.1718944 0.1575013
vt 0.1735332 0.1576087
vt 0.16597 0.1663276
vt 0.1645822 0.1667508
vt 0.1662104 0.1669652
vt 0.1730233 0.1584277
vt 0.1718944 0.1575013
vt 0.1722929 0.1591149
vt 0.1649225 0.1676536
vt 0.1655049 0.1684701
vt 0.1662104 0.1669652
vt 0.1722929 0.1591149
vt 0.1713786 0.1579867
vt 0.1714797 0.1596471
vt 0.1655049 0.1684701
vt 0.1661986 0.1691507
vt 0.1666216 0.1675419
vt 0.1708041 0.1583626
vt 0.1701716 0.1586291
vt 0.1714797 0.1596471
vt 0.1671117 0.1680226
vt 0.1661986 0.1691507
vt 0.1676799 0.1684074
vt 0.169494 0.1587444
vt 0.1696246 0.1601877
vt 0.1701716 0.1586291
vt 0.1670032 0.1696955
vt 0.1679124 0.1700427
vt 0.1676799 0.1684074
vt 0.169494 0.1587444
vt 0.1688007 0.1587632
vt 0.1696246 0.1601877
vt 0.1683221 0.1686526
vt 0.1679124 0.1700427
vt 0.1689984 0.1688064
vt 0.1681599 0.1586145
vt 0.1677356 0.1600038
vt 0.1688007 0.1587632
vt 0.1688699 0.1702604
vt 0.1698009 0.1702309
vt 0.1689984 0.1688064
vt 0.1681599 0.1586145
vt 0.1675042 0.1583696
vt 0.1677356 0.1600038
vt 0.169656 0.1687856
vt 0.1698009 0.1702309
vt 0.1703469 0.1686733
vt 0.1669422 0.1579698
vt 0.1660117 0.159091
vt 0.1675042 0.1583696
vt 0.1707792 0.170072
vt 0.1716699 0.169672
vt 0.1703469 0.1686733
vt 0.1669422 0.1579698
vt 0.1664472 0.1574985
vt 0.1660117 0.159091
vt 0.170976 0.1683908
vt 0.1716699 0.169672
vt 0.1715536 0.1680252
vt 0.1660734 0.1569266
vt 0.1647815 0.1576139
vt 0.1664472 0.1574985
vt 0.1724876 0.1691543
vt 0.1731647 0.1684633
vt 0.1715536 0.1680252
vt 0.1660734 0.1569266
vt 0.165812 0.156297
vt 0.1647815 0.1576139
vt 0.1737015 0.1676613
vt 0.1724109 0.1669707
vt 0.1731647 0.1684633
vt 0.1657375 0.1556156
vt 0.1643059 0.1557577
vt 0.165812 0.156297
vt 0.1737015 0.1676613
vt 0.1739932 0.1667356
vt 0.1724109 0.1669707
vt 0.1657375 0.1556156
vt 0.1657375 0.1549285
vt 0.1643059 0.1557577
vt 0.174183 0.1657814
vt 0.172751 0.165643
vt 0.1739932 0.1667356
vt 0.1657375 0.1549285
vt 0.1658715 0.1542546
vt 0.1643059 0.1547849
vt 0.172751 0.165643
vt 0.174183 0.1657814
vt 0.172751 0.1649559
vt 0.1658715 0.1542546
vt 0.1661345 0.1536198
vt 0.1644958 0.1538308
vt 0.1739932 0.1638545
vt 0.1726169 0.164282
vt 0.174183 0.1648086
vt 0.1661345 0.1536198
vt 0.1665161 0.1530486
vt 0.1648679 0.152932
vt 0.1726169 0.164282
vt 0.1739932 0.1638545
vt 0.1723541 0.1636472
vt 0.1665161 0.1530486
vt 0.1669436 0.1525596
vt 0.1654084 0.1521232
vt 0.1723541 0.1636472
vt 0.1736209 0.1629557
vt 0.1720301 0.1630843
vt 0.1675097 0.1521813
vt 0.1668152 0.1508952
vt 0.1669436 0.1525596
vt 0.1731625 0.1621587
vt 0.1724807 0.1614769
vt 0.1720301 0.1630843
vt 0.1675097 0.1521813
vt 0.1681348 0.1519124
vt 0.1668152 0.1508952
vt 0.1715486 0.1626028
vt 0.1724807 0.1614769
vt 0.1709881 0.1622171
vt 0.1688084 0.1517959
vt 0.1686538 0.1503496
vt 0.1681348 0.1519124
vt 0.1716871 0.1609309
vt 0.1707838 0.1605831
vt 0.1709881 0.1622171
vt 0.1688084 0.1517959
vt 0.1694999 0.1517765
vt 0.1686538 0.1503496
vt 0.1703502 0.1619714
vt 0.1707838 0.1605831
vt 0.1696757 0.1618176
vt 0.1696331 0.1503222
vt 0.1694999 0.1517765
vt 0.1706011 0.1505511
vt 0.1698288 0.1603652
vt 0.1688346 0.1604009
vt 0.1696757 0.1618176
vt 0.1701837 0.1519382
vt 0.1708014 0.1521716
vt 0.1706011 0.1505511
vt 0.1689735 0.1618428
vt 0.1688346 0.1604009
vt 0.168322 0.1619512
vt 0.171394 0.1525808
vt 0.1723147 0.1514609
vt 0.1708014 0.1521716
vt 0.1679123 0.1605543
vt 0.1669765 0.1609589
vt 0.168322 0.1619512
vt 0.171394 0.1525808
vt 0.1718926 0.1530531
vt 0.1723147 0.1514609
vt 0.1661537 0.161477
vt 0.16708 0.1626029
vt 0.1669765 0.1609589
vt 0.1718926 0.1530531
vt 0.1723165 0.1536198
vt 0.1730207 0.1521296
vt 0.16708 0.1626029
vt 0.1661537 0.161477
vt 0.1665536 0.163076
vt 0.07471305 0.146562
vt 0.07431715 0.1474628
vt 0.07487851 0.1466589
vt 0.06379133 0.1474346
vt 0.06398367 0.1474967
vt 0.06420427 0.1465109
vt 0.07431715 0.1474628
vt 0.07410734 0.1484451
vt 0.07450711 0.1475247
vt 0.06398367 0.1474967
vt 0.06379133 0.1474346
vt 0.06377762 0.1484393
vt 0.07410734 0.1484451
vt 0.07410198 0.1494589
vt 0.07430821 0.1484677
vt 0.06357795 0.1494093
vt 0.06377148 0.1493873
vt 0.06357795 0.1484187
vt 0.07410198 0.1494589
vt 0.07434833 0.1505264
vt 0.07430607 0.1494369
vt 0.06357795 0.1494093
vt 0.06381326 0.1504382
vt 0.06377148 0.1493873
vt 0.07475936 0.1514509
vt 0.07494181 0.1513503
vt 0.07434833 0.1505264
vt 0.06381326 0.1504382
vt 0.06420046 0.1513429
vt 0.06400644 0.1503758
vt 0.07532131 0.1522948
vt 0.07547694 0.1521619
vt 0.07475936 0.1514509
vt 0.06420046 0.1513429
vt 0.06473988 0.152194
vt 0.06438124 0.1512487
vt 0.07547694 0.1521619
vt 0.07532131 0.1522948
vt 0.07621502 0.1528596
vt 0.06473988 0.152194
vt 0.06548947 0.1529413
vt 0.06489926 0.1520672
vt 0.07621502 0.1528596
vt 0.07608932 0.1530223
vt 0.07704699 0.1533901
vt 0.06548947 0.1529413
vt 0.06635516 0.1535268
vt 0.06562262 0.1527806
vt 0.0779038 0.1539475
vt 0.07795774 0.1537515
vt 0.07695448 0.1535739
vt 0.06645643 0.1533384
vt 0.06635516 0.1535268
vt 0.06737536 0.1537255
vt 0.07890546 0.1541204
vt 0.07892251 0.1539211
vt 0.0779038 0.1539475
vt 0.06737536 0.1537255
vt 0.06731718 0.1539242
vt 0.06835216 0.153909
vt 0.07890546 0.1541204
vt 0.07993274 0.1541204
vt 0.07892251 0.1539211
vt 0.06835216 0.153909
vt 0.06833308 0.1541143
vt 0.0693376 0.1539221
vt 0.07993274 0.1541204
vt 0.08090412 0.1539131
vt 0.07991176 0.1539166
vt 0.0693376 0.1539221
vt 0.06935691 0.1541204
vt 0.07025402 0.1537286
vt 0.08187049 0.1535094
vt 0.08177489 0.1533337
vt 0.08090412 0.1539131
vt 0.07025402 0.1537286
vt 0.07031267 0.1539277
vt 0.07120198 0.1533492
vt 0.08187049 0.1535094
vt 0.0827071 0.1529317
vt 0.08177489 0.1533337
vt 0.07120198 0.1533492
vt 0.07130169 0.1535361
vt 0.07202917 0.1527828
vt 0.0827071 0.1529317
vt 0.08343005 0.1522088
vt 0.08257609 0.1527734
vt 0.07202917 0.1527828
vt 0.07216292 0.1529426
vt 0.0727303 0.1520901
vt 0.08343005 0.1522088
vt 0.08398276 0.1513563
vt 0.08327198 0.1520792
vt 0.0727303 0.1520901
vt 0.07289022 0.152219
vt 0.07326453 0.1512744
vt 0.08398276 0.1513563
vt 0.08434975 0.1504089
vt 0.08380043 0.1512619
vt 0.07381242 0.1504442
vt 0.07362449 0.150394
vt 0.07344585 0.1513676
vt 0.08434975 0.1504089
vt 0.08447271 0.1494082
vt 0.08415323 0.1503575
vt 0.07381242 0.1504442
vt 0.07395112 0.1494675
vt 0.07362449 0.150394
vt 0.08447271 0.1494082
vt 0.08443742 0.1483825
vt 0.08426719 0.1493987
vt 0.07395112 0.1494675
vt 0.07393342 0.1484535
vt 0.07374924 0.1494548
vt 0.08443742 0.1483825
vt 0.08421093 0.1473808
vt 0.08423441 0.1484079
vt 0.07393342 0.1484535
vt 0.07372784 0.147467
vt 0.07373309 0.1484747
vt 0.08401286 0.1474476
vt 0.08421093 0.1473808
vt 0.08361262 0.1465588
vt 0.07372784 0.147467
vt 0.07333046 0.1465408
vt 0.07353496 0.1475266
vt 0.08320879 0.145656
vt 0.08305889 0.1457805
vt 0.08378529 0.146458
vt 0.07333046 0.1465408
vt 0.07275712 0.1457097
vt 0.07315301 0.1466375
vt 0.08320879 0.145656
vt 0.08256423 0.1449804
vt 0.08305889 0.1457805
vt 0.07275712 0.1457097
vt 0.07209056 0.1450012
vt 0.0725978 0.1458383
vt 0.08256423 0.1449804
vt 0.08173936 0.1444695
vt 0.08243972 0.1451311
vt 0.07195889 0.1451611
vt 0.07209056 0.1450012
vt 0.07115364 0.144658
vt 0.08173936 0.1444695
vt 0.08082562 0.1441247
vt 0.08165121 0.1446465
vt 0.07115364 0.144658
vt 0.07124191 0.1444779
vt 0.07027834 0.1443208
vt 0.08082562 0.1441247
vt 0.07983958 0.1440011
vt 0.0807771 0.144317
vt 0.07027834 0.1443208
vt 0.07032531 0.1441288
vt 0.06933635 0.1441997
vt 0.07983958 0.1440011
vt 0.07882964 0.144036
vt 0.07982987 0.1442022
vt 0.06933635 0.1441997
vt 0.06934565 0.1440014
vt 0.06838554 0.1442233
vt 0.07885015 0.1442324
vt 0.07882964 0.144036
vt 0.07790607 0.1444117
vt 0.06836503 0.1440307
vt 0.06739747 0.1442042
vt 0.06838554 0.1442233
vt 0.0778566 0.1442194
vt 0.07694631 0.1445193
vt 0.07790607 0.1444117
vt 0.06739747 0.1442042
vt 0.06650489 0.1444863
vt 0.06744349 0.1443897
vt 0.07605874 0.1450915
vt 0.07618141 0.1452507
vt 0.07694631 0.1445193
vt 0.06650489 0.1444863
vt 0.06562167 0.1450272
vt 0.06658512 0.1446644
vt 0.07618141 0.1452507
vt 0.07605874 0.1450915
vt 0.07546633 0.1458942
vt 0.06562167 0.1450272
vt 0.06485098 0.1456894
vt 0.06574058 0.1451904
vt 0.07471305 0.146562
vt 0.07487851 0.1466589
vt 0.07531964 0.1457604
vt 0.06500136 0.1458332
vt 0.06485098 0.1456894
vt 0.06437844 0.1466147
vt 0.1735058 0.2533802
vt 0.1743163 0.2539181
vt 0.17611 0.2485367
vt 0.0314092 0.161011
vt 0.03611117 0.1638722
vt 0.03263968 0.159386
vt 0.1743163 0.2539181
vt 0.1750065 0.2546038
vt 0.1778085 0.2496637
vt 0.03611117 0.1638722
vt 0.0314092 0.161011
vt 0.03568655 0.1647474
vt 0.1792544 0.2511005
vt 0.1750065 0.2546038
vt 0.1803922 0.2527918
vt 0.03051942 0.1628449
vt 0.0300045 0.1648172
vt 0.03568655 0.1647474
vt 0.1758906 0.2563816
vt 0.1811072 0.2548256
vt 0.1755495 0.255411
vt 0.0300045 0.1648172
vt 0.03000187 0.1669731
vt 0.03544074 0.1656887
vt 0.1760433 0.2573094
vt 0.1814273 0.2567697
vt 0.1758906 0.2563816
vt 0.03000187 0.1669731
vt 0.03034228 0.1689137
vt 0.03543955 0.1667176
vt 0.1760433 0.2573094
vt 0.1760776 0.2582736
vt 0.1814273 0.2567697
vt 0.03560197 0.1676437
vt 0.03034228 0.1689137
vt 0.03588843 0.168565
vt 0.1760776 0.2582736
vt 0.1758551 0.2592515
vt 0.1816264 0.2587634
vt 0.03138822 0.1729268
vt 0.03642153 0.1694145
vt 0.03081327 0.1708612
vt 0.1758551 0.2592515
vt 0.1754775 0.260147
vt 0.1817664 0.2609029
vt 0.03196305 0.1752729
vt 0.03707391 0.1701348
vt 0.03138822 0.1729268
vt 0.1754775 0.260147
vt 0.1749451 0.26096
vt 0.1819993 0.2633072
vt 0.03707391 0.1701348
vt 0.03196305 0.1752729
vt 0.03784501 0.1707262
vt 0.1749451 0.26096
vt 0.1742402 0.2616309
vt 0.1819993 0.2659832
vt 0.03784501 0.1707262
vt 0.03284746 0.1777986
vt 0.03873217 0.1711265
vt 0.1742402 0.2616309
vt 0.1734406 0.262201
vt 0.1815414 0.2688185
vt 0.03873217 0.1711265
vt 0.0342167 0.1803232
vt 0.03967517 0.1714002
vt 0.1725703 0.2625328
vt 0.1741499 0.2677146
vt 0.1734406 0.262201
vt 0.03581422 0.1822272
vt 0.04082792 0.1768384
vt 0.03967517 0.1714002
vt 0.1725703 0.2625328
vt 0.1716064 0.2627634
vt 0.1741499 0.2677146
vt 0.04060631 0.1714258
vt 0.04082792 0.1768384
vt 0.04159218 0.1713248
vt 0.1706303 0.2627379
vt 0.1700851 0.2681441
vt 0.1716064 0.2627634
vt 0.04289376 0.1766269
vt 0.0448063 0.1759004
vt 0.04159218 0.1713248
vt 0.1706303 0.2627379
vt 0.1696762 0.2625756
vt 0.1700851 0.2681441
vt 0.04250496 0.1709781
vt 0.0448063 0.1759004
vt 0.04335182 0.1705096
vt 0.1687851 0.262199
vt 0.1662186 0.2670152
vt 0.1696762 0.2625756
vt 0.04658085 0.1749188
vt 0.04808241 0.173557
vt 0.04335182 0.1705096
vt 0.1687851 0.262199
vt 0.1679805 0.261666
vt 0.1662186 0.2670152
vt 0.0493046 0.1719458
vt 0.04465168 0.1690907
vt 0.04808241 0.173557
vt 0.1673544 0.2609244
vt 0.1632205 0.2643444
vt 0.1679805 0.261666
vt 0.0493046 0.1719458
vt 0.05002945 0.1700454
vt 0.04465168 0.1690907
vt 0.1673544 0.2609244
vt 0.1668113 0.2601173
vt 0.1632205 0.2643444
vt 0.05155038 0.1683992
vt 0.04524332 0.1672426
vt 0.05002945 0.1700454
vt 0.1664361 0.2592196
vt 0.1610301 0.260854
vt 0.1668113 0.2601173
vt 0.05155038 0.1683992
vt 0.05094301 0.1660273
vt 0.04524332 0.1672426
vt 0.1610301 0.260854
vt 0.1664361 0.2592196
vt 0.1608927 0.2587743
vt 0.05094301 0.1660273
vt 0.05038541 0.164019
vt 0.04530072 0.1662715
vt 0.1662434 0.2582662
vt 0.1662403 0.2572933
vt 0.1608927 0.2587743
vt 0.0451675 0.1653078
vt 0.05038541 0.164019
vt 0.04484897 0.1643886
vt 0.1662403 0.2572933
vt 0.166356 0.2563811
vt 0.1608864 0.2567359
vt 0.04484897 0.1643886
vt 0.04971778 0.162093
vt 0.04443824 0.163566
vt 0.1667221 0.2554892
vt 0.161896 0.2529555
vt 0.166356 0.2563811
vt 0.04885715 0.1603693
vt 0.04751545 0.1588588
vt 0.04443824 0.163566
vt 0.1667221 0.2554892
vt 0.1672438 0.2546794
vt 0.161896 0.2529555
vt 0.04379791 0.1628451
vt 0.04751545 0.1588588
vt 0.04303783 0.1622533
vt 0.167943 0.2540102
vt 0.1644543 0.2498566
vt 0.1672438 0.2546794
vt 0.04592293 0.1576188
vt 0.0440768 0.1567795
vt 0.04303783 0.1622533
vt 0.167943 0.2540102
vt 0.1687402 0.2534408
vt 0.1644543 0.2498566
vt 0.04215681 0.1618527
vt 0.0440768 0.1567795
vt 0.04121619 0.1615789
vt 0.1661248 0.2486637
vt 0.1687402 0.2534408
vt 0.1680756 0.2479294
vt 0.04210597 0.1562057
vt 0.04002207 0.1561574
vt 0.04121619 0.1615789
vt 0.1696712 0.2530904
vt 0.1705814 0.2528763
vt 0.1680756 0.2479294
vt 0.04022169 0.1615558
vt 0.04002207 0.1561574
vt 0.03929191 0.1616546
vt 0.1716008 0.2528888
vt 0.1721186 0.247507
vt 0.1705814 0.2528763
vt 0.03807395 0.1563644
vt 0.03606647 0.1570949
vt 0.03929191 0.1616546
vt 0.1716008 0.2528888
vt 0.1725599 0.2530496
vt 0.1721186 0.247507
vt 0.03428143 0.158077
vt 0.0374819 0.1624719
vt 0.03606647 0.1570949
vt 0.1725599 0.2530496
vt 0.1735058 0.2533802
vt 0.1741279 0.2478439
vt 0.0374819 0.1624719
vt 0.03428143 0.158077
vt 0.03669846 0.1630967
vt 0.1632205 0.2643444
vt 0.1612409 0.2632934
vt 0.1603588 0.2656293
vt 0.05343359 0.1685198
vt 0.05155038 0.1683992
vt 0.05315494 0.1703124
vt 0.1721303 0.2681977
vt 0.1742227 0.2750171
vt 0.1741499 0.2677146
vt 0.03888791 0.1865461
vt 0.04317277 0.1837547
vt 0.04082792 0.1768384
vt 0.1700851 0.2681441
vt 0.1721776 0.2749635
vt 0.1721303 0.2681977
vt 0.04317277 0.1837547
vt 0.04508531 0.1830281
vt 0.04289376 0.1766269
vt 0.1680858 0.2678041
vt 0.1701784 0.2746235
vt 0.1700851 0.2681441
vt 0.04508531 0.1830281
vt 0.0468598 0.1820465
vt 0.0448063 0.1759004
vt 0.1662186 0.2670152
vt 0.1683111 0.2738346
vt 0.1680858 0.2678041
vt 0.0468598 0.1820465
vt 0.04836136 0.1806848
vt 0.04658085 0.1749188
vt 0.1683111 0.2738346
vt 0.1662186 0.2670152
vt 0.1666252 0.2727178
vt 0.04836136 0.1806848
vt 0.04958343 0.1790736
vt 0.04808241 0.173557
vt 0.1632205 0.2643444
vt 0.1653131 0.2711639
vt 0.1645326 0.2658983
vt 0.04958343 0.1790736
vt 0.05030816 0.1771733
vt 0.0493046 0.1719458
vt 0.1632205 0.2643444
vt 0.1603588 0.2656293
vt 0.1653131 0.2711639
vt 0.05343359 0.1774402
vt 0.05315494 0.1703124
vt 0.05030816 0.1771733
vt 0.14604 0.2459978
vt 0.14604 0.2480361
vt 0.1526959 0.2459978
vt 0.1526959 0.2459978
vt 0.1526959 0.2480361
vt 0.1593517 0.2459978
vt 0.1460401 0.2500746
vt 0.1526959 0.2500745
vt 0.14604 0.2480361
vt 0.1593517 0.2480361
vt 0.1526959 0.2480361
vt 0.1593517 0.2500745
vt 0.1460401 0.2500746
vt 0.1460401 0.252113
vt 0.1526959 0.2500745
vt 0.1526959 0.2500745
vt 0.1526959 0.2521129
vt 0.1593517 0.2500745
vt 0.1460402 0.254269
vt 0.152696 0.2542689
vt 0.1460401 0.252113
vt 0.1593518 0.2521129
vt 0.1526959 0.2521129
vt 0.1593518 0.2542688
vt 0.1460402 0.254269
vt 0.1460402 0.2562393
vt 0.152696 0.2542689
vt 0.152696 0.2542689
vt 0.152696 0.2562392
vt 0.1593518 0.2542688
vt 0.1460402 0.2562393
vt 0.1460402 0.258243
vt 0.152696 0.2562392
vt 0.1593519 0.256239
vt 0.152696 0.2562392
vt 0.1593519 0.2582427
vt 0.1460402 0.258243
vt 0.1460403 0.2603871
vt 0.1526961 0.2582428
vt 0.1526961 0.2603869
vt 0.1593519 0.2603868
vt 0.1526961 0.2582428
vt 0.1526961 0.2603869
vt 0.1460403 0.2603871
vt 0.1526961 0.2628025
vt 0.1526961 0.2603869
vt 0.1526961 0.2628025
vt 0.1593519 0.2603868
vt 0.1460404 0.2654787
vt 0.1526962 0.2654785
vt 0.1460403 0.2628027
vt 0.159352 0.2628023
vt 0.1526961 0.2628025
vt 0.1593521 0.2654784
vt 0.1460404 0.2683508
vt 0.1526963 0.2683506
vt 0.1460404 0.2654787
vt 0.1593521 0.2654784
vt 0.1526962 0.2654785
vt 0.1593522 0.2683504
vt 0.1460404 0.2708363
vt 0.1526964 0.2708361
vt 0.1460404 0.2683508
vt 0.1593522 0.2683504
vt 0.1526963 0.2683506
vt 0.1593523 0.2708359
vt 0.1460407 0.221512
vt 0.1526965 0.2215122
vt 0.1460407 0.2190635
vt 0.1526966 0.2190638
vt 0.1526965 0.2215122
vt 0.1593525 0.2190641
vt 0.1460407 0.221512
vt 0.1460406 0.2235962
vt 0.1526965 0.2215122
vt 0.1526965 0.2215122
vt 0.1526964 0.2235964
vt 0.1593523 0.2215125
vt 0.1460406 0.2235962
vt 0.1460406 0.2256346
vt 0.1526964 0.2235964
vt 0.1593523 0.2235967
vt 0.1526964 0.2235964
vt 0.1593521 0.2256352
vt 0.1460404 0.2275613
vt 0.1526963 0.2275616
vt 0.1460406 0.2256346
vt 0.1526964 0.2256349
vt 0.1526963 0.2275616
vt 0.1593521 0.2256352
vt 0.1460404 0.2275613
vt 0.1460404 0.2295816
vt 0.1526963 0.2275616
vt 0.1526963 0.2275616
vt 0.1526962 0.2295819
vt 0.1593521 0.2275618
vt 0.1460404 0.2316001
vt 0.1526961 0.2316003
vt 0.1460404 0.2295816
vt 0.1526962 0.2295819
vt 0.1526961 0.2316003
vt 0.159352 0.2295821
vt 0.1460404 0.2316001
vt 0.1460403 0.233628
vt 0.1526961 0.2316003
vt 0.1526961 0.2316003
vt 0.1526961 0.2336282
vt 0.1593519 0.2316005
vt 0.1460403 0.2356808
vt 0.152696 0.2356809
vt 0.1460403 0.233628
vt 0.1593519 0.2336284
vt 0.1526961 0.2336282
vt 0.1593518 0.2356811
vt 0.1460403 0.2356808
vt 0.1460402 0.2377652
vt 0.152696 0.2356809
vt 0.152696 0.2356809
vt 0.152696 0.2377654
vt 0.1593518 0.2356811
vt 0.1460402 0.2397243
vt 0.1526959 0.2397244
vt 0.1460402 0.2377652
vt 0.1593517 0.2377655
vt 0.152696 0.2377654
vt 0.1593517 0.2397245
vt 0.1460402 0.2418606
vt 0.1526959 0.2418606
vt 0.1460402 0.2397243
vt 0.1526959 0.2397244
vt 0.1526959 0.2418606
vt 0.1593517 0.2397245
vt 0.1526959 0.2418606
vt 0.1460402 0.2418606
vt 0.1526959 0.2438981
vt 0.1526959 0.2418606
vt 0.1526959 0.2438981
vt 0.1593517 0.2418607
vt 0.14604 0.2459978
vt 0.1526959 0.2459978
vt 0.1460401 0.243898
vt 0.1526959 0.2438981
vt 0.1526959 0.2459978
vt 0.1593517 0.2438981
vt 0.162452 0.1537217
vt 0.162452 0.1518345
vt 0.1557962 0.1537217
vt 0.1557962 0.1537217
vt 0.1557962 0.1518345
vt 0.1491404 0.1537217
vt 0.159573 0.2340361
vt 0.166229 0.2340361
vt 0.159573 0.2289222
vt 0.166229 0.2289222
vt 0.166229 0.2340361
vt 0.1728848 0.2289222
vt 0.159573 0.2360821
vt 0.166229 0.2360821
vt 0.159573 0.2340361
vt 0.1728848 0.2340361
vt 0.166229 0.2340361
vt 0.1728848 0.2360821
vt 0.159573 0.2360821
vt 0.159573 0.2381099
vt 0.166229 0.2360821
vt 0.166229 0.2360821
vt 0.1662288 0.2381099
vt 0.1728848 0.2360821
vt 0.159573 0.240137
vt 0.1662288 0.240137
vt 0.159573 0.2381099
vt 0.1728848 0.2381099
vt 0.1662288 0.2381099
vt 0.1728848 0.240137
vt 0.1662288 0.240137
vt 0.159573 0.240137
vt 0.1662288 0.2421592
vt 0.1662288 0.240137
vt 0.1662288 0.2421592
vt 0.1728848 0.240137
vt 0.159573 0.2421592
vt 0.159573 0.2441931
vt 0.1662288 0.2421592
vt 0.1662288 0.2421592
vt 0.1662288 0.2441931
vt 0.1728847 0.2421592
vt 0.1662288 0.2441931
vt 0.159573 0.2441931
vt 0.1662288 0.2473299
vt 0.1662288 0.2441931
vt 0.1662288 0.2473299
vt 0.1728847 0.2441931
vt 0.1460407 0.2762356
vt 0.1526965 0.2762353
vt 0.1460406 0.2734186
vt 0.1593524 0.2734182
vt 0.1526964 0.2734184
vt 0.1593525 0.2762352
vt 0.1460404 0.2708363
vt 0.1460406 0.2734186
vt 0.1526964 0.2708361
vt 0.1593523 0.2708359
vt 0.1526964 0.2708361
vt 0.1593524 0.2734182
vt 0.1729549 0.2216381
vt 0.1728853 0.2198251
vt 0.1662293 0.2216377
vt 0.1595038 0.2216372
vt 0.1662293 0.2216377
vt 0.1595736 0.2198244
vt 0.1729544 0.2287713
vt 0.1729549 0.2216381
vt 0.1662288 0.2287708
vt 0.1595033 0.2287705
vt 0.1662288 0.2287708
vt 0.1595038 0.2216372
vt 0.05352938 0.6872564
vt 0.05303955 0.6872252
vt 0.05320662 0.6886468
vt 0.05148279 0.6885328
vt 0.05214136 0.6884861
vt 0.05177021 0.6869806
vt 0.0534752 0.6861175
vt 0.05318748 0.6865107
vt 0.05352938 0.6872564
vt 0.05274099 0.6859011
vt 0.05177021 0.6869806
vt 0.05281585 0.6863596
vt 0.0548318 0.6875638
vt 0.05352938 0.6872564
vt 0.05458956 0.6887531
vt 0.05541074 0.686368
vt 0.0534752 0.6861175
vt 0.0548318 0.6875638
vt 0.05274099 0.6859011
vt 0.05289405 0.684708
vt 0.05177021 0.6869806
vt 0.0495913 0.6858028
vt 0.04911178 0.6884165
vt 0.05177021 0.6869806
vt 0.05024695 0.6837065
vt 0.05289405 0.684708
vt 0.05282437 0.6825496
vt 0.04887002 0.681089
vt 0.05024695 0.6837065
vt 0.05125176 0.6798466
vt 0.04715979 0.6723959
vt 0.0472455 0.6757842
vt 0.05021923 0.6728494
vt 0.04796487 0.6691824
vt 0.04715979 0.6723959
vt 0.05053251 0.6697429
vt 0.04796487 0.6691824
vt 0.05053251 0.6697429
vt 0.04952013 0.6663941
vt 0.05655509 0.6881219
vt 0.05642819 0.6888317
vt 0.05755311 0.6884273
vt 0.05778133 0.6879551
vt 0.0570181 0.687505
vt 0.05755311 0.6884273
vt 0.05758249 0.6869364
vt 0.0570181 0.687505
vt 0.05803972 0.6875182
vt 0.05826503 0.688598
vt 0.05823945 0.6889385
vt 0.05849248 0.6886049
vt 0.05826503 0.688598
vt 0.05849248 0.6886049
vt 0.05834889 0.688198
vt 0.05834889 0.688198
vt 0.05855125 0.6882025
vt 0.05846333 0.6878909
vt 0.06333345 0.6714296
vt 0.06450015 0.6738112
vt 0.06418818 0.6711496
vt 0.06448107 0.67835
vt 0.06532508 0.6781514
vt 0.06527537 0.6766744
vt 0.06383866 0.6797302
vt 0.064745 0.6797301
vt 0.06448107 0.67835
vt 0.06333345 0.6714296
vt 0.06418818 0.6711496
vt 0.06186693 0.66823
vt 0.05917388 0.6865765
vt 0.05953413 0.6865939
vt 0.05973577 0.6856792
vt 0.05280202 0.6885298
vt 0.05303955 0.6872252
vt 0.05251109 0.6885208
vt 0.05214136 0.6884861
vt 0.05251109 0.6885208
vt 0.05236667 0.6871607
vt 0.05338317 0.6856959
vt 0.05274099 0.6859011
vt 0.05316704 0.6862104
vt 0.05338317 0.6856959
vt 0.05316704 0.6862104
vt 0.0534752 0.6861175
vt 0.05303955 0.6872252
vt 0.05318748 0.6865107
vt 0.05276715 0.6871246
vt 0.05236667 0.6871607
vt 0.05276715 0.6871246
vt 0.05281585 0.6863596
vt 0.05440348 0.6856265
vt 0.05289405 0.684708
vt 0.05338317 0.6856959
vt 0.05541074 0.686368
vt 0.05440348 0.6856265
vt 0.0534752 0.6861175
vt 0.05517691 0.6848158
vt 0.05423963 0.6840032
vt 0.05440348 0.6856265
vt 0.05608403 0.6853485
vt 0.05517691 0.6848158
vt 0.05541074 0.686368
vt 0.06235849 0.6829071
vt 0.06289488 0.6829342
vt 0.06312298 0.6814124
vt 0.06312298 0.6814124
vt 0.06370526 0.6814363
vt 0.06383866 0.6797302
vt 0.06532508 0.6781514
vt 0.06603282 0.6784993
vt 0.06586337 0.6767076
vt 0.057397 0.6700942
vt 0.05864709 0.6726239
vt 0.05924433 0.6694131
vt 0.05924433 0.6694131
vt 0.06156742 0.6718291
vt 0.06186693 0.66823
vt 0.05864709 0.6726239
vt 0.0591616 0.6746112
vt 0.06156742 0.6718291
vt 0.06156742 0.6718291
vt 0.06205374 0.674036
vt 0.06333345 0.6714296
vt 0.06225961 0.6765652
vt 0.05938196 0.6768597
vt 0.06211447 0.6784543
vt 0.06527537 0.6766744
vt 0.06225961 0.6765652
vt 0.06448107 0.67835
vt 0.06211447 0.6784543
vt 0.05967628 0.6787665
vt 0.06207442 0.6798219
vt 0.06448107 0.67835
vt 0.06211447 0.6784543
vt 0.06383866 0.6797302
vt 0.05973577 0.6856792
vt 0.05996042 0.6859396
vt 0.0602113 0.6854498
vt 0.0602113 0.6854498
vt 0.06071615 0.6855512
vt 0.06084209 0.6852742
vt 0.06130748 0.6814937
vt 0.05989927 0.6816983
vt 0.0609501 0.6829669
vt 0.06312298 0.6814124
vt 0.06130748 0.6814937
vt 0.06235849 0.6829071
vt 0.06207442 0.6798219
vt 0.05984157 0.6800728
vt 0.06130748 0.6814937
vt 0.06383866 0.6797302
vt 0.06207442 0.6798219
vt 0.06312298 0.6814124
vt 0.05804479 0.6811857
vt 0.05984157 0.6800728
vt 0.05758196 0.679775
vt 0.05654305 0.6822544
vt 0.05804479 0.6811857
vt 0.0557633 0.680855
vt 0.05758196 0.679775
vt 0.05967628 0.6787665
vt 0.05719053 0.677667
vt 0.0557633 0.680855
vt 0.05758196 0.679775
vt 0.05471718 0.678828
vt 0.0591616 0.6746112
vt 0.05864709 0.6726239
vt 0.05676406 0.6748449
vt 0.05676406 0.6748449
vt 0.05649244 0.6727571
vt 0.05398631 0.6754869
vt 0.05864709 0.6726239
vt 0.057397 0.6700942
vt 0.05649244 0.6727571
vt 0.05649244 0.6727571
vt 0.05533176 0.6700128
vt 0.05311268 0.6728629
vt 0.05874276 0.6868173
vt 0.05917388 0.6865765
vt 0.05889463 0.6859499
vt 0.05838483 0.6870757
vt 0.05874276 0.6868173
vt 0.05815541 0.6863733
vt 0.05866903 0.6875471
vt 0.05880922 0.6875935
vt 0.05880683 0.6873615
vt 0.05849343 0.6824036
vt 0.05989927 0.6816983
vt 0.05804479 0.6811857
vt 0.05705487 0.6834271
vt 0.05849343 0.6824036
vt 0.05654305 0.6822544
vt 0.0586453 0.6836461
vt 0.05991619 0.6831422
vt 0.05849343 0.6824036
vt 0.05723905 0.6845375
vt 0.0586453 0.6836461
vt 0.05705487 0.6834271
vt 0.05533176 0.6700128
vt 0.057397 0.6700942
vt 0.05645453 0.6682628
vt 0.05315959 0.6698519
vt 0.05533176 0.6700128
vt 0.05447041 0.6680004
vt 0.06555825 0.6689654
vt 0.06418818 0.6711496
vt 0.0675987 0.6722466
vt 0.06637346 0.6664905
vt 0.06555825 0.6689654
vt 0.06961125 0.6703492
vt 0.06333899 0.6659722
vt 0.06271535 0.6677084
vt 0.06555825 0.6689654
vt 0.06358653 0.6648502
vt 0.06333899 0.6659722
vt 0.06637346 0.6664905
vt 0.05076307 0.6776925
vt 0.0503965 0.675572
vt 0.04784196 0.6784754
vt 0.05076307 0.6776925
vt 0.04784196 0.6784754
vt 0.05125176 0.6798466
vt 0.06497228 0.6752818
vt 0.06527537 0.6766744
vt 0.06575113 0.6752782
vt 0.06450015 0.6738112
vt 0.06497228 0.6752818
vt 0.06539756 0.6737376
vt 0.06205374 0.674036
vt 0.0591616 0.6746112
vt 0.06212306 0.6752976
vt 0.06212306 0.6752976
vt 0.05925983 0.6757502
vt 0.06225961 0.6765652
vt 0.06497228 0.6752818
vt 0.06450015 0.6738112
vt 0.06212306 0.6752976
vt 0.06527537 0.6766744
vt 0.06497228 0.6752818
vt 0.06225961 0.6765652
vt 0.05719053 0.677667
vt 0.05938196 0.6768597
vt 0.05693358 0.6762604
vt 0.05693358 0.6762604
vt 0.05925983 0.6757502
vt 0.05676406 0.6748449
vt 0.05471718 0.678828
vt 0.05719053 0.677667
vt 0.05442023 0.6770812
vt 0.05442023 0.6770812
vt 0.05693358 0.6762604
vt 0.05398631 0.6754869
vt 0.06961125 0.6703492
vt 0.0675987 0.6722466
vt 0.06870603 0.6730064
vt 0.0675987 0.6722466
vt 0.06539756 0.6737376
vt 0.06750386 0.6746122
vt 0.06586337 0.6767076
vt 0.06695133 0.6764756
vt 0.06575113 0.6752782
vt 0.06930458 0.6725402
vt 0.06870603 0.6730064
vt 0.06949096 0.673066
vt 0.06965959 0.6734167
vt 0.06949096 0.673066
vt 0.06791883 0.6748774
vt 0.06532508 0.6781514
vt 0.064745 0.6797301
vt 0.06603282 0.6784993
vt 0.06370526 0.6814363
vt 0.06445908 0.6815619
vt 0.064745 0.6797301
vt 0.06289488 0.6829342
vt 0.06340175 0.6830959
vt 0.06370526 0.6814363
vt 0.05654305 0.6822544
vt 0.0557633 0.680855
vt 0.05500435 0.6833275
vt 0.05500435 0.6833275
vt 0.0538665 0.6818872
vt 0.05423963 0.6840032
vt 0.0557633 0.680855
vt 0.05471718 0.678828
vt 0.0538665 0.6818872
vt 0.0538665 0.6818872
vt 0.05257958 0.6794229
vt 0.05282437 0.6825496
vt 0.05021923 0.6728494
vt 0.0503965 0.675572
vt 0.05111396 0.6728386
vt 0.05111396 0.6728386
vt 0.0516076 0.6756112
vt 0.05311268 0.6728629
vt 0.05111396 0.6728386
vt 0.05311268 0.6728629
vt 0.05154162 0.6698388
vt 0.05021923 0.6728494
vt 0.05111396 0.6728386
vt 0.05053251 0.6697429
vt 0.05815136 0.6873409
vt 0.05838483 0.6870757
vt 0.05777525 0.6866995
vt 0.05803972 0.6875182
vt 0.05815136 0.6873409
vt 0.05758249 0.6869364
vt 0.05846333 0.6878909
vt 0.05863326 0.6879306
vt 0.05853039 0.6877541
vt 0.05853039 0.6877541
vt 0.05869942 0.6877753
vt 0.05866903 0.6875471
vt 0.055956 0.6844066
vt 0.05705487 0.6834271
vt 0.05500435 0.6833275
vt 0.055956 0.6844066
vt 0.05500435 0.6833275
vt 0.05517691 0.6848158
vt 0.05649667 0.6850054
vt 0.05723905 0.6845375
vt 0.055956 0.6844066
vt 0.05649667 0.6850054
vt 0.055956 0.6844066
vt 0.05608403 0.6853485
vt 0.05154162 0.6698388
vt 0.05315959 0.6698519
vt 0.05295103 0.6678575
vt 0.05053251 0.6697429
vt 0.05154162 0.6698388
vt 0.05184811 0.6678083
vt 0.05076307 0.6776925
vt 0.05125176 0.6798466
vt 0.05205446 0.6774765
vt 0.05205446 0.6774765
vt 0.05257958 0.6794229
vt 0.05442023 0.6770812
vt 0.0503965 0.675572
vt 0.05076307 0.6776925
vt 0.0516076 0.6756112
vt 0.0516076 0.6756112
vt 0.05205446 0.6774765
vt 0.05398631 0.6754869
vt 0.06695133 0.6764756
vt 0.06603282 0.6784993
vt 0.0680685 0.6781435
vt 0.06791883 0.6748774
vt 0.06695133 0.6764756
vt 0.06857174 0.6760821
vt 0.06603282 0.6784993
vt 0.06524431 0.6802311
vt 0.06724113 0.6801065
vt 0.06524431 0.6802311
vt 0.06445908 0.6815619
vt 0.06610465 0.6814233
vt 0.06445908 0.6815619
vt 0.06340175 0.6830959
vt 0.0653603 0.6822637
vt 0.0665434 0.6857536
vt 0.06718891 0.6890852
vt 0.06844532 0.6848013
vt 0.0691573 0.6891422
vt 0.06718891 0.6890852
vt 0.06835228 0.6928103
vt 0.06718891 0.6890852
vt 0.0665434 0.6857536
vt 0.06505203 0.6888848
vt 0.06645679 0.6918597
vt 0.06718891 0.6890852
vt 0.06461918 0.691094
vt 0.0548318 0.6875638
vt 0.05458956 0.6887531
vt 0.05579406 0.6878822
vt 0.05579406 0.6878822
vt 0.05567342 0.6887726
vt 0.05655509 0.6881219
vt 0.05608403 0.6853485
vt 0.05541074 0.686368
vt 0.05688923 0.6863028
vt 0.05758249 0.6869364
vt 0.05688923 0.6863028
vt 0.0570181 0.687505
vt 0.05629491 0.6870844
vt 0.05541074 0.686368
vt 0.05579406 0.6878822
vt 0.0570181 0.687505
vt 0.05629491 0.6870844
vt 0.05655509 0.6881219
vt 0.06084209 0.6852742
vt 0.06108593 0.6854327
vt 0.06147933 0.6842981
vt 0.06147933 0.6842981
vt 0.06174522 0.6843655
vt 0.06235849 0.6829071
vt 0.0609501 0.6829669
vt 0.05991619 0.6831422
vt 0.06045269 0.6843843
vt 0.06045269 0.6843843
vt 0.05977195 0.6845662
vt 0.0602113 0.6854498
vt 0.06235849 0.6829071
vt 0.0609501 0.6829669
vt 0.06147933 0.6842981
vt 0.06147933 0.6842981
vt 0.06045269 0.6843843
vt 0.06084209 0.6852742
vt 0.05889463 0.6859499
vt 0.05973577 0.6856792
vt 0.0587663 0.6849795
vt 0.0587663 0.6849795
vt 0.05977195 0.6845662
vt 0.0586453 0.6836461
vt 0.05815541 0.6863733
vt 0.05889463 0.6859499
vt 0.05774545 0.6855941
vt 0.05774545 0.6855941
vt 0.0587663 0.6849795
vt 0.05723905 0.6845375
vt 0.06340175 0.6830959
vt 0.06289488 0.6829342
vt 0.06227105 0.6844404
vt 0.06227105 0.6844404
vt 0.06174522 0.6843655
vt 0.06155776 0.6851283
vt 0.05777525 0.6866995
vt 0.05815541 0.6863733
vt 0.05719083 0.6860024
vt 0.05719083 0.6860024
vt 0.05774545 0.6855941
vt 0.05649667 0.6850054
vt 0.05758249 0.6869364
vt 0.05777525 0.6866995
vt 0.05688923 0.6863028
vt 0.05688923 0.6863028
vt 0.05719083 0.6860024
vt 0.05608403 0.6853485
vt 0.06389456 0.6837328
vt 0.06340175 0.6830959
vt 0.06323212 0.6847863
vt 0.05880683 0.6873615
vt 0.05897212 0.6874133
vt 0.05907791 0.6871549
vt 0.06466567 0.6866861
vt 0.06395208 0.6869001
vt 0.06505203 0.6888848
vt 0.06505203 0.6888848
vt 0.06426221 0.6889971
vt 0.06461918 0.691094
vt 0.06395208 0.6869001
vt 0.06375759 0.6869538
vt 0.06426221 0.6889971
vt 0.06426221 0.6889971
vt 0.06404715 0.6890072
vt 0.06395608 0.690887
vt 0.06375759 0.6869538
vt 0.06310069 0.6857712
vt 0.06331127 0.6870826
vt 0.06273645 0.6859702
vt 0.06241548 0.6861451
vt 0.06331127 0.6870826
vt 0.06241548 0.6861451
vt 0.06194382 0.6863982
vt 0.06279176 0.6872539
vt 0.06273645 0.6859702
vt 0.06310069 0.6857712
vt 0.0620923 0.6851231
vt 0.06241548 0.6861451
vt 0.06273645 0.6859702
vt 0.06192135 0.6853683
vt 0.06194382 0.6863982
vt 0.06241548 0.6861451
vt 0.06181561 0.6856268
vt 0.06194382 0.6863982
vt 0.06146353 0.6865415
vt 0.06219339 0.6874387
vt 0.06181561 0.6856268
vt 0.0613268 0.6858837
vt 0.06194382 0.6863982
vt 0.06146353 0.6865415
vt 0.06119143 0.686637
vt 0.06167072 0.6875603
vt 0.0613268 0.6858837
vt 0.06106388 0.6860483
vt 0.06146353 0.6865415
vt 0.06119143 0.686637
vt 0.06057965 0.6869736
vt 0.06138354 0.687634
vt 0.06106388 0.6860483
vt 0.06034702 0.686492
vt 0.06119143 0.686637
vt 0.06057965 0.6869736
vt 0.06009072 0.6872474
vt 0.06081032 0.6878127
vt 0.06034702 0.686492
vt 0.05988079 0.6868471
vt 0.06057965 0.6869736
vt 0.06009072 0.6872474
vt 0.05973488 0.6874552
vt 0.06029474 0.6879722
vt 0.05988079 0.6868471
vt 0.05955296 0.6871084
vt 0.06009072 0.6872474
vt 0.05973488 0.6874552
vt 0.05958199 0.6875373
vt 0.05989509 0.6880826
vt 0.05955296 0.6871084
vt 0.059435 0.6872299
vt 0.05973488 0.6874552
vt 0.05958199 0.6875373
vt 0.05950427 0.6875588
vt 0.05972045 0.6881229
vt 0.05958199 0.6875373
vt 0.059435 0.6872299
vt 0.05950427 0.6875588
vt 0.05908846 0.6877733
vt 0.05889689 0.6878817
vt 0.05920243 0.6882397
vt 0.05897212 0.6874133
vt 0.05880922 0.6875935
vt 0.05908846 0.6877733
vt 0.05889689 0.6878817
vt 0.05876469 0.6880683
vt 0.05898678 0.6883139
vt 0.05880922 0.6875935
vt 0.05869942 0.6877753
vt 0.05889689 0.6878817
vt 0.05876469 0.6880683
vt 0.0586819 0.6882271
vt 0.05883389 0.6884963
vt 0.05869942 0.6877753
vt 0.05863326 0.6879306
vt 0.05876469 0.6880683
vt 0.0586819 0.6882271
vt 0.05859422 0.688496
vt 0.05873668 0.6886542
vt 0.05863326 0.6879306
vt 0.05855125 0.6882025
vt 0.0586819 0.6882271
vt 0.05846834 0.6889884
vt 0.05861824 0.6889838
vt 0.05849248 0.6886049
vt 0.05933213 0.6882114
vt 0.0596143 0.6881466
vt 0.05919587 0.6877084
vt 0.05920243 0.6882397
vt 0.05933213 0.6882114
vt 0.05908846 0.6877733
vt 0.05919587 0.6877084
vt 0.05950427 0.6875588
vt 0.05918115 0.6872237
vt 0.05908846 0.6877733
vt 0.05919587 0.6877084
vt 0.05897212 0.6874133
vt 0.05883389 0.6884963
vt 0.05873668 0.6886542
vt 0.05887258 0.6889753
vt 0.05898678 0.6883139
vt 0.05883389 0.6884963
vt 0.05904763 0.6889675
vt 0.05920243 0.6882397
vt 0.05898678 0.6883139
vt 0.05927699 0.6889561
vt 0.05933213 0.6882114
vt 0.05920243 0.6882397
vt 0.05941349 0.6889492
vt 0.06977057 0.6753715
vt 0.06857174 0.6760821
vt 0.06967377 0.6780088
vt 0.07116717 0.6744901
vt 0.06977057 0.6753715
vt 0.07161188 0.6778303
vt 0.06967377 0.6780088
vt 0.0680685 0.6781435
vt 0.06882762 0.6806917
vt 0.07161188 0.6778303
vt 0.06967377 0.6780088
vt 0.07081407 0.6814614
vt 0.06882762 0.6806917
vt 0.06724113 0.6801065
vt 0.06767618 0.6823206
vt 0.07081407 0.6814614
vt 0.06882762 0.6806917
vt 0.06965506 0.6835425
vt 0.06767618 0.6823206
vt 0.06610465 0.6814233
vt 0.06676977 0.6832773
vt 0.06965506 0.6835425
vt 0.06767618 0.6823206
vt 0.06844532 0.6848013
vt 0.06676977 0.6832773
vt 0.0653603 0.6822637
vt 0.06521761 0.6845615
vt 0.06844532 0.6848013
vt 0.06676977 0.6832773
vt 0.0665434 0.6857536
vt 0.06521761 0.6845615
vt 0.06389456 0.6837328
vt 0.06382256 0.6853054
vt 0.0665434 0.6857536
vt 0.06521761 0.6845615
vt 0.06466567 0.6866861
vt 0.06466567 0.6866861
vt 0.06382256 0.6853054
vt 0.06395208 0.6869001
vt 0.06310069 0.6857712
vt 0.06375759 0.6869538
vt 0.06342065 0.6855765
vt 0.06382256 0.6853054
vt 0.06323212 0.6847863
vt 0.06342065 0.6855765
vt 0.06225794 0.6848097
vt 0.06310069 0.6857712
vt 0.06305062 0.6849113
vt 0.06323212 0.6847863
vt 0.06227105 0.6844404
vt 0.06305062 0.6849113
vt 0.06181561 0.6856268
vt 0.06192135 0.6853683
vt 0.06184381 0.6853551
vt 0.06192135 0.6853683
vt 0.0620923 0.6851231
vt 0.06188082 0.6851944
vt 0.06682544 0.6944652
vt 0.06835228 0.6928103
vt 0.06562852 0.6933314
vt 0.06536346 0.695596
vt 0.06682544 0.6944652
vt 0.06447839 0.6945008
vt 0.06562852 0.6933314
vt 0.06645679 0.6918597
vt 0.0641151 0.6920447
vt 0.06447839 0.6945008
vt 0.06562852 0.6933314
vt 0.0632655 0.6929124
vt 0.06461918 0.691094
vt 0.06395608 0.690887
vt 0.0641151 0.6920447
vt 0.0641151 0.6920447
vt 0.0635336 0.6918596
vt 0.0632655 0.6929124
vt 0.06395608 0.690887
vt 0.0637688 0.690834
vt 0.0635336 0.6918596
vt 0.0635336 0.6918596
vt 0.06333339 0.6918111
vt 0.06291031 0.6927631
vt 0.0637688 0.690834
vt 0.06339132 0.6907253
vt 0.06333339 0.6918111
vt 0.06333339 0.6918111
vt 0.06299555 0.6916847
vt 0.06268733 0.6927405
vt 0.06299555 0.6916847
vt 0.06339132 0.6907253
vt 0.06261062 0.6914478
vt 0.06235629 0.692556
vt 0.06299555 0.6916847
vt 0.06208223 0.6921971
vt 0.06682544 0.6944652
vt 0.06536346 0.695596
vt 0.0679295 0.6959438
vt 0.06835228 0.6928103
vt 0.06682544 0.6944652
vt 0.06958276 0.6943296
vt 0.0679295 0.6959438
vt 0.06632882 0.6970673
vt 0.06897199 0.697894
vt 0.06958276 0.6943296
vt 0.0679295 0.6959438
vt 0.07081735 0.6962718
vt 0.06897199 0.697894
vt 0.06720137 0.6989158
vt 0.06959229 0.7005275
vt 0.07081735 0.6962718
vt 0.06897199 0.697894
vt 0.07161182 0.6997497
vt 0.06959229 0.7005275
vt 0.06778973 0.7009081
vt 0.06946629 0.7025069
vt 0.07161182 0.6997497
vt 0.06959229 0.7005275
vt 0.0714088 0.7024781
vt 0.06216096 0.6911401
vt 0.06238478 0.6903418
vt 0.06170213 0.6909735
vt 0.061984 0.6918548
vt 0.06216096 0.6911401
vt 0.06153345 0.691627
vt 0.06083732 0.689996
vt 0.06048518 0.6899383
vt 0.06072312 0.6906437
vt 0.06062328 0.6910531
vt 0.06072312 0.6906437
vt 0.06027734 0.6909576
vt 0.05981063 0.6905924
vt 0.05992561 0.6898786
vt 0.05968546 0.6905634
vt 0.0598551 0.6908656
vt 0.05981063 0.6905924
vt 0.05966544 0.6908462
vt 0.05968546 0.6905634
vt 0.05978721 0.6898731
vt 0.05957865 0.6905382
vt 0.05966544 0.6908462
vt 0.05968546 0.6905634
vt 0.05958795 0.6908499
vt 0.05968588 0.689864
vt 0.05940288 0.6898352
vt 0.05957865 0.6905382
vt 0.05957865 0.6905382
vt 0.05929106 0.6904826
vt 0.05958795 0.6908499
vt 0.05929106 0.6904826
vt 0.05940288 0.6898352
vt 0.05918991 0.6904054
vt 0.05927556 0.6911245
vt 0.05929106 0.6904826
vt 0.05905699 0.6908646
vt 0.05918991 0.6904054
vt 0.05928307 0.6898037
vt 0.05900353 0.6902968
vt 0.05905699 0.6908646
vt 0.05918991 0.6904054
vt 0.05882889 0.6906225
vt 0.05900353 0.6902968
vt 0.05906409 0.6897458
vt 0.0588299 0.6900277
vt 0.05882889 0.6906225
vt 0.05900353 0.6902968
vt 0.05873388 0.690402
vt 0.0588299 0.6900277
vt 0.05889475 0.6895958
vt 0.05873793 0.6898706
vt 0.05873388 0.690402
vt 0.0588299 0.6900277
vt 0.05866283 0.690189
vt 0.05873793 0.6898706
vt 0.05877071 0.6893722
vt 0.05859696 0.689592
vt 0.05866283 0.690189
vt 0.05873793 0.6898706
vt 0.05858236 0.6899072
vt 0.05859696 0.689592
vt 0.05861824 0.6889838
vt 0.05850267 0.68942
vt 0.05889475 0.6895958
vt 0.05887258 0.6889753
vt 0.05877071 0.6893722
vt 0.05906409 0.6897458
vt 0.05904763 0.6889675
vt 0.05889475 0.6895958
vt 0.05928307 0.6898037
vt 0.05927699 0.6889561
vt 0.05906409 0.6897458
vt 0.05940288 0.6898352
vt 0.05941349 0.6889492
vt 0.05928307 0.6898037
vt 0.0714088 0.7024781
vt 0.06946629 0.7025069
vt 0.070445 0.7051974
vt 0.06774932 0.7022801
vt 0.06759685 0.7028776
vt 0.06946629 0.7025069
vt 0.06536346 0.695596
vt 0.06447839 0.6945008
vt 0.06408751 0.6960683
vt 0.06447839 0.6945008
vt 0.0632655 0.6929124
vt 0.06339895 0.6949251
vt 0.06632882 0.6970673
vt 0.06536346 0.695596
vt 0.0647419 0.6974577
vt 0.06720137 0.6989158
vt 0.06632882 0.6970673
vt 0.06548953 0.6989466
vt 0.06778973 0.7009081
vt 0.06720137 0.6989158
vt 0.06610041 0.700355
vt 0.06774932 0.7022801
vt 0.06778973 0.7009081
vt 0.06679576 0.7013519
vt 0.06759685 0.7028776
vt 0.06774932 0.7022801
vt 0.06721001 0.7024147
vt 0.06235629 0.692556
vt 0.06208223 0.6921971
vt 0.06191581 0.6924574
vt 0.06268733 0.6927405
vt 0.06235629 0.692556
vt 0.06219142 0.6927784
vt 0.06291031 0.6927631
vt 0.06268733 0.6927405
vt 0.06237763 0.6930323
vt 0.0632655 0.6929124
vt 0.06291031 0.6927631
vt 0.0624991 0.6932055
vt 0.05148279 0.6885328
vt 0.04911178 0.6884165
vt 0.05170595 0.6907
vt 0.05320662 0.6886468
vt 0.05341821 0.6903379
vt 0.05458956 0.6887531
vt 0.05280202 0.6885298
vt 0.05292147 0.6903675
vt 0.05320662 0.6886468
vt 0.05214136 0.6884861
vt 0.05148279 0.6885328
vt 0.05229437 0.6904906
vt 0.05642819 0.6888317
vt 0.05649 0.6896787
vt 0.05750727 0.6889131
vt 0.05280202 0.6885298
vt 0.05251109 0.6885208
vt 0.05292147 0.6903675
vt 0.05214136 0.6884861
vt 0.05229437 0.6904906
vt 0.05251109 0.6885208
vt 0.05567342 0.6887726
vt 0.05458956 0.6887531
vt 0.05572909 0.6898262
vt 0.05567342 0.6887726
vt 0.05572909 0.6898262
vt 0.05642819 0.6888317
vt 0.05170595 0.6907
vt 0.04938346 0.6913956
vt 0.05247056 0.692212
vt 0.05341821 0.6903379
vt 0.05353105 0.691849
vt 0.05473852 0.6900887
vt 0.05292147 0.6903675
vt 0.05318886 0.691588
vt 0.05341821 0.6903379
vt 0.05229437 0.6904906
vt 0.05170595 0.6907
vt 0.05278909 0.6918706
vt 0.05756169 0.6894729
vt 0.05649 0.6896787
vt 0.05766749 0.6901027
vt 0.05292147 0.6903675
vt 0.05265462 0.6904211
vt 0.05318886 0.691588
vt 0.05229437 0.6904906
vt 0.05278909 0.6918706
vt 0.05265462 0.6904211
vt 0.05572909 0.6898262
vt 0.05473852 0.6900887
vt 0.0561003 0.6909758
vt 0.05649 0.6896787
vt 0.05572909 0.6898262
vt 0.05676329 0.6906086
vt 0.05324399 0.69229
vt 0.05353105 0.691849
vt 0.05311495 0.6919483
vt 0.05247056 0.692212
vt 0.05324399 0.69229
vt 0.05278909 0.6918706
vt 0.05766749 0.6901027
vt 0.05676329 0.6906086
vt 0.05791026 0.6906838
vt 0.0561003 0.6909758
vt 0.05524986 0.6915239
vt 0.05672848 0.6919616
vt 0.05676329 0.6906086
vt 0.0561003 0.6909758
vt 0.05723434 0.6913826
vt 0.05247056 0.692212
vt 0.05329692 0.6929968
vt 0.05324399 0.69229
vt 0.05278229 0.6956062
vt 0.05046749 0.6939219
vt 0.05183041 0.6974106
vt 0.05183041 0.6974106
vt 0.04913914 0.6961205
vt 0.05098372 0.6995011
vt 0.05098372 0.6995011
vt 0.04809743 0.6987032
vt 0.05035787 0.7015976
vt 0.05035787 0.7015976
vt 0.04746317 0.7015887
vt 0.05014622 0.7042684
vt 0.05524986 0.6915239
vt 0.05353105 0.691849
vt 0.05430752 0.6924181
vt 0.05524986 0.6915239
vt 0.05430752 0.6924181
vt 0.05608558 0.6927266
vt 0.05046749 0.6939219
vt 0.05278229 0.6956062
vt 0.05329692 0.6929968
vt 0.05329692 0.6929968
vt 0.05402427 0.6942169
vt 0.05430752 0.6924181
vt 0.05938082 0.6682551
vt 0.0592572 0.6668709
vt 0.05645453 0.6682628
vt 0.06186693 0.66823
vt 0.06156009 0.6677084
vt 0.05938082 0.6682551
vt 0.05645453 0.6682628
vt 0.05622881 0.6668403
vt 0.05447041 0.6680004
vt 0.05295103 0.6678575
vt 0.05274057 0.6671818
vt 0.05184811 0.6678083
vt 0.05447041 0.6680004
vt 0.05438327 0.6676335
vt 0.05295103 0.6678575
vt 0.0592572 0.6668709
vt 0.0593841 0.66568
vt 0.05622881 0.6668403
vt 0.06156009 0.6677084
vt 0.06178259 0.6661503
vt 0.0592572 0.6668709
vt 0.05438327 0.6676335
vt 0.05622881 0.6668403
vt 0.05400133 0.6663893
vt 0.05274057 0.6671818
vt 0.05245268 0.6663412
vt 0.05192327 0.6670491
vt 0.05438327 0.6676335
vt 0.05400133 0.6663893
vt 0.05274057 0.6671818
vt 0.0593841 0.66568
vt 0.05942898 0.6642858
vt 0.05605429 0.6658322
vt 0.06178259 0.6661503
vt 0.06199663 0.6650848
vt 0.0593841 0.66568
vt 0.05400133 0.6663893
vt 0.05605429 0.6658322
vt 0.05357372 0.6650336
vt 0.05400133 0.6663893
vt 0.05357372 0.6650336
vt 0.05245268 0.6663412
vt 0.06186693 0.66823
vt 0.06271535 0.6677084
vt 0.06156009 0.6677084
vt 0.06271535 0.6677084
vt 0.06333899 0.6659722
vt 0.06178259 0.6661503
vt 0.0555064 0.6634388
vt 0.05578905 0.6644729
vt 0.05908918 0.6635812
vt 0.05578905 0.6644729
vt 0.0555064 0.6634388
vt 0.05357372 0.6650336
vt 0.05357372 0.6650336
vt 0.05273801 0.664201
vt 0.05198723 0.6655894
vt 0.05054992 0.6654569
vt 0.0513218 0.6661639
vt 0.05128103 0.6649445
vt 0.05893373 0.6935677
vt 0.05939054 0.694698
vt 0.05957347 0.6936768
vt 0.05901008 0.6927363
vt 0.05893373 0.6935677
vt 0.05952745 0.6928503
vt 0.05899065 0.6978261
vt 0.05950719 0.6997918
vt 0.06073474 0.6981911
vt 0.05950719 0.6997918
vt 0.05966442 0.7011823
vt 0.06097191 0.699585
vt 0.05966442 0.7011823
vt 0.05963939 0.7024416
vt 0.0610314 0.7012213
vt 0.05959981 0.703825
vt 0.06093782 0.7039186
vt 0.05963939 0.7024416
vt 0.05935817 0.6967345
vt 0.05899065 0.6978261
vt 0.06055027 0.6967416
vt 0.05944031 0.6956881
vt 0.05935817 0.6967345
vt 0.06035971 0.6957174
vt 0.05939054 0.694698
vt 0.05944031 0.6956881
vt 0.06017249 0.6947213
vt 0.05829119 0.6911626
vt 0.05784451 0.6919877
vt 0.05853205 0.6914536
vt 0.05766868 0.6928012
vt 0.05770128 0.6939434
vt 0.05820834 0.693179
vt 0.05784451 0.6919877
vt 0.05766868 0.6928012
vt 0.05832421 0.6923871
vt 0.05632442 0.6972922
vt 0.05556523 0.6970723
vt 0.0553714 0.6986482
vt 0.0553714 0.6986482
vt 0.05456823 0.6983549
vt 0.05451333 0.7004621
vt 0.05359601 0.6999454
vt 0.05308252 0.7017141
vt 0.05451333 0.7004621
vt 0.05308252 0.7017141
vt 0.05266797 0.704048
vt 0.05387139 0.7020938
vt 0.05721557 0.696152
vt 0.05645233 0.6957561
vt 0.05632442 0.6972922
vt 0.05798768 0.6952802
vt 0.05731797 0.6950743
vt 0.05721557 0.696152
vt 0.05770128 0.6939434
vt 0.05731797 0.6950743
vt 0.05832678 0.694289
vt 0.05791026 0.6906838
vt 0.05723434 0.6913826
vt 0.05809754 0.6909472
vt 0.05809754 0.6909472
vt 0.05754512 0.6917295
vt 0.05829119 0.6911626
vt 0.05672848 0.6919616
vt 0.05608558 0.6927266
vt 0.05719149 0.6924451
vt 0.05719149 0.6924451
vt 0.05695569 0.6934817
vt 0.05766868 0.6928012
vt 0.05723434 0.6913826
vt 0.05672848 0.6919616
vt 0.05754512 0.6917295
vt 0.05754512 0.6917295
vt 0.05719149 0.6924451
vt 0.05784451 0.6919877
vt 0.05451685 0.6965907
vt 0.05278229 0.6956062
vt 0.05352777 0.6980438
vt 0.05556523 0.6970723
vt 0.05451685 0.6965907
vt 0.05456823 0.6983549
vt 0.05352777 0.6980438
vt 0.05183041 0.6974106
vt 0.05260282 0.6998056
vt 0.05456823 0.6983549
vt 0.05352777 0.6980438
vt 0.05359601 0.6999454
vt 0.05260282 0.6998056
vt 0.05098372 0.6995011
vt 0.05188345 0.7016834
vt 0.05359601 0.6999454
vt 0.05260282 0.6998056
vt 0.05308252 0.7017141
vt 0.05188345 0.7016834
vt 0.05035787 0.7015976
vt 0.05162757 0.7041259
vt 0.05308252 0.7017141
vt 0.05188345 0.7016834
vt 0.05266797 0.704048
vt 0.05545687 0.6952311
vt 0.05402427 0.6942169
vt 0.05451685 0.6965907
vt 0.05645233 0.6957561
vt 0.05545687 0.6952311
vt 0.05556523 0.6970723
vt 0.05644422 0.6944311
vt 0.05531817 0.6933151
vt 0.05545687 0.6952311
vt 0.05731797 0.6950743
vt 0.05644422 0.6944311
vt 0.05645233 0.6957561
vt 0.05608558 0.6927266
vt 0.05531817 0.6933151
vt 0.05695569 0.6934817
vt 0.05695569 0.6934817
vt 0.05644422 0.6944311
vt 0.05770128 0.6939434
vt 0.05769902 0.6976494
vt 0.05632442 0.6972922
vt 0.05665898 0.6990968
vt 0.05665898 0.6990968
vt 0.0553714 0.6986482
vt 0.05569815 0.7006265
vt 0.05569815 0.7006265
vt 0.05451333 0.7004621
vt 0.05507022 0.7022784
vt 0.05387139 0.7020938
vt 0.05396842 0.7041377
vt 0.05507022 0.7022784
vt 0.05775326 0.6994615
vt 0.05665898 0.6990968
vt 0.05712962 0.7008894
vt 0.05712962 0.7008894
vt 0.05569815 0.7006265
vt 0.05666327 0.7022539
vt 0.05666327 0.7022539
vt 0.05507022 0.7022784
vt 0.05621373 0.7039226
vt 0.05967718 0.6922116
vt 0.059906 0.6929186
vt 0.05999648 0.6923442
vt 0.05957347 0.6936768
vt 0.06017249 0.6947213
vt 0.06011384 0.6937568
vt 0.06011384 0.6937568
vt 0.06083142 0.6947449
vt 0.06090426 0.6935572
vt 0.05952745 0.6928503
vt 0.05957347 0.6936768
vt 0.059906 0.6929186
vt 0.059906 0.6929186
vt 0.06011384 0.6937568
vt 0.06032568 0.6930282
vt 0.06073474 0.6981911
vt 0.06097191 0.699585
vt 0.06240218 0.6983898
vt 0.06289738 0.6996747
vt 0.06097191 0.699585
vt 0.06281477 0.7011021
vt 0.06281477 0.7011021
vt 0.0610314 0.7012213
vt 0.06248217 0.7021665
vt 0.06248217 0.7021665
vt 0.06112581 0.7024344
vt 0.0620954 0.7037412
vt 0.06055027 0.6967416
vt 0.06073474 0.6981911
vt 0.06180208 0.696915
vt 0.06035971 0.6957174
vt 0.06055027 0.6967416
vt 0.06124114 0.6956818
vt 0.06017249 0.6947213
vt 0.06035971 0.6957174
vt 0.06083142 0.6947449
vt 0.06083142 0.6947449
vt 0.06124114 0.6956818
vt 0.06185239 0.6946854
vt 0.06240218 0.6983898
vt 0.06289738 0.6996747
vt 0.06335443 0.6985271
vt 0.06335443 0.6985271
vt 0.06371706 0.6998376
vt 0.06394296 0.6985861
vt 0.06289738 0.6996747
vt 0.06281477 0.7011021
vt 0.06371706 0.6998376
vt 0.06371706 0.6998376
vt 0.06373 0.7011428
vt 0.06422293 0.7000571
vt 0.06373 0.7011428
vt 0.06281477 0.7011021
vt 0.06337523 0.7022254
vt 0.06417626 0.7010731
vt 0.06373 0.7011428
vt 0.06394267 0.7019498
vt 0.06337523 0.7022254
vt 0.06248217 0.7021665
vt 0.06299096 0.7037083
vt 0.06394267 0.7019498
vt 0.06337523 0.7022254
vt 0.0637995 0.7035068
vt 0.06180208 0.696915
vt 0.06240218 0.6983898
vt 0.06292402 0.6968822
vt 0.06292402 0.6968822
vt 0.06335443 0.6985271
vt 0.06300598 0.6966894
vt 0.06292402 0.6968822
vt 0.06242245 0.6955652
vt 0.06180208 0.696915
vt 0.05899065 0.6978261
vt 0.05769902 0.6976494
vt 0.05775326 0.6994615
vt 0.05850267 0.68942
vt 0.05846834 0.6889884
vt 0.0582531 0.6893415
vt 0.05858236 0.6899072
vt 0.05850267 0.68942
vt 0.05833935 0.6898109
vt 0.05866283 0.690189
vt 0.05858236 0.6899072
vt 0.05852454 0.6902706
vt 0.05866593 0.6905037
vt 0.05873388 0.690402
vt 0.05852454 0.6902706
vt 0.05884182 0.6907311
vt 0.05882889 0.6906225
vt 0.05866593 0.6905037
vt 0.05853205 0.6914536
vt 0.05832421 0.6923871
vt 0.05898416 0.6918173
vt 0.05898416 0.6918173
vt 0.05863863 0.6925781
vt 0.05928802 0.6920574
vt 0.05820834 0.693179
vt 0.05832678 0.694289
vt 0.05857086 0.6933656
vt 0.05857086 0.6933656
vt 0.05873858 0.6944664
vt 0.05893373 0.6935677
vt 0.05832421 0.6923871
vt 0.05820834 0.693179
vt 0.05863863 0.6925781
vt 0.05863863 0.6925781
vt 0.05857086 0.6933656
vt 0.05901008 0.6927363
vt 0.05847197 0.6954459
vt 0.05798768 0.6952802
vt 0.05830395 0.6964793
vt 0.05847197 0.6954459
vt 0.05830395 0.6964793
vt 0.05944031 0.6956881
vt 0.05832678 0.694289
vt 0.05798768 0.6952802
vt 0.05873858 0.6944664
vt 0.05873858 0.6944664
vt 0.05847197 0.6954459
vt 0.05939054 0.694698
vt 0.05632442 0.6972922
vt 0.05769902 0.6976494
vt 0.05721557 0.696152
vt 0.05769902 0.6976494
vt 0.05899065 0.6978261
vt 0.05830395 0.6964793
vt 0.05897414 0.6910427
vt 0.05905699 0.6908646
vt 0.05884182 0.6907311
vt 0.05922073 0.6912388
vt 0.05927556 0.6911245
vt 0.05897414 0.6910427
vt 0.05014622 0.7042684
vt 0.04744529 0.7047959
vt 0.05034494 0.7055357
vt 0.05088514 0.7073552
vt 0.05034494 0.7055357
vt 0.04815894 0.7081618
vt 0.05423235 0.7054144
vt 0.05396842 0.7041377
vt 0.05319213 0.7051597
vt 0.05530583 0.7070951
vt 0.05423235 0.7054144
vt 0.05398714 0.7069372
vt 0.05195474 0.7052987
vt 0.05162757 0.7041259
vt 0.05034494 0.7055357
vt 0.05277347 0.7071429
vt 0.05195474 0.7052987
vt 0.05088514 0.7073552
vt 0.05319213 0.7051597
vt 0.05266797 0.704048
vt 0.05195474 0.7052987
vt 0.05398714 0.7069372
vt 0.05319213 0.7051597
vt 0.05277347 0.7071429
vt 0.05541509 0.7057888
vt 0.05530583 0.7070951
vt 0.05647933 0.7060217
vt 0.05521112 0.7040459
vt 0.05541509 0.7057888
vt 0.05621373 0.7039226
vt 0.0620954 0.7037412
vt 0.06093782 0.7039186
vt 0.06191992 0.705749
vt 0.06191992 0.705749
vt 0.06058353 0.7059877
vt 0.06171524 0.7071029
vt 0.06171524 0.7071029
vt 0.06351107 0.7059824
vt 0.06191992 0.705749
vt 0.06191992 0.705749
vt 0.0628916 0.7049635
vt 0.0620954 0.7037412
vt 0.05396842 0.7041377
vt 0.05423235 0.7054144
vt 0.05521112 0.7040459
vt 0.06093782 0.7039186
vt 0.05959981 0.703825
vt 0.06058353 0.7059877
vt 0.0637995 0.7035068
vt 0.06299096 0.7037083
vt 0.06394338 0.7046733
vt 0.0498088 0.7101212
vt 0.05132645 0.7109887
vt 0.05201268 0.7092971
vt 0.05201268 0.7092971
vt 0.0526483 0.7105468
vt 0.05391734 0.7088526
vt 0.05987524 0.7092478
vt 0.0581687 0.7092215
vt 0.05926471 0.709915
vt 0.05530238 0.7087728
vt 0.05583018 0.7096515
vt 0.05664378 0.7090666
vt 0.05664378 0.7090666
vt 0.05686759 0.7099447
vt 0.0581687 0.7092215
vt 0.0608108 0.7090537
vt 0.05987524 0.7092478
vt 0.05998671 0.7099371
vt 0.06215393 0.7089988
vt 0.0608108 0.7090537
vt 0.06095683 0.709754
vt 0.05926471 0.709915
vt 0.05797928 0.7099033
vt 0.05896496 0.710233
vt 0.05686759 0.7099447
vt 0.05745071 0.7101807
vt 0.05797928 0.7099033
vt 0.05998671 0.7099371
vt 0.05926471 0.709915
vt 0.05953019 0.7101419
vt 0.05686759 0.7099447
vt 0.05583018 0.7096515
vt 0.05632728 0.7109587
vt 0.06095683 0.709754
vt 0.05998671 0.7099371
vt 0.06091719 0.7110359
vt 0.05896496 0.710233
vt 0.05817383 0.7102321
vt 0.05868554 0.7113454
vt 0.05817383 0.7102321
vt 0.05745071 0.7101807
vt 0.05780559 0.7113244
vt 0.05745071 0.7101807
vt 0.05686759 0.7099447
vt 0.05698144 0.7112356
vt 0.05998671 0.7099371
vt 0.05953019 0.7101419
vt 0.05981105 0.7111616
vt 0.05953019 0.7101419
vt 0.05896496 0.710233
vt 0.0593273 0.7113042
vt 0.05698144 0.7112356
vt 0.05784595 0.7124356
vt 0.05780559 0.7113244
vt 0.05632728 0.7109587
vt 0.05687415 0.7123266
vt 0.05698144 0.7112356
vt 0.05868554 0.7113454
vt 0.05829995 0.7124413
vt 0.0593273 0.7113042
vt 0.05583018 0.7096515
vt 0.05530238 0.7087728
vt 0.05462336 0.7099507
vt 0.05406296 0.7110661
vt 0.0526483 0.7105468
vt 0.05293709 0.7121854
vt 0.05462336 0.7099507
vt 0.05406296 0.7110661
vt 0.05564886 0.7111875
vt 0.05293709 0.7121854
vt 0.05430346 0.7129766
vt 0.05406296 0.7110661
vt 0.05559098 0.7115089
vt 0.05430346 0.7129766
vt 0.0567106 0.7128228
vt 0.05564886 0.7111875
vt 0.05559098 0.7115089
vt 0.05687415 0.7123266
vt 0.05642879 0.7143943
vt 0.05782532 0.7145318
vt 0.0567106 0.7128228
vt 0.05782532 0.7145318
vt 0.05987221 0.7144788
vt 0.05826878 0.7129878
vt 0.05987221 0.7144788
vt 0.06232935 0.7139422
vt 0.06006371 0.7127626
vt 0.06191581 0.6924574
vt 0.06137537 0.6930841
vt 0.06219142 0.6927784
vt 0.06329822 0.6949923
vt 0.06339895 0.6949251
vt 0.06220483 0.6937012
vt 0.06408751 0.6960683
vt 0.06339895 0.6949251
vt 0.06391179 0.6961374
vt 0.05996042 0.6859396
vt 0.05953413 0.6865939
vt 0.06034702 0.686492
vt 0.05996042 0.6859396
vt 0.06034702 0.686492
vt 0.06071615 0.6855512
vt 0.0613268 0.6858837
vt 0.06108593 0.6854327
vt 0.06106388 0.6860483
vt 0.06108593 0.6854327
vt 0.0613268 0.6858837
vt 0.06155776 0.6851283
vt 0.05866777 0.6996703
vt 0.05775326 0.6994615
vt 0.05845439 0.7010691
vt 0.05866777 0.6996703
vt 0.05845439 0.7010691
vt 0.05950719 0.6997918
vt 0.05845439 0.7010691
vt 0.05712962 0.7008894
vt 0.05817723 0.7023743
vt 0.05966442 0.7011823
vt 0.05845439 0.7010691
vt 0.05963939 0.7024416
vt 0.05817723 0.7023743
vt 0.05666327 0.7022539
vt 0.05806088 0.7039419
vt 0.05963939 0.7024416
vt 0.05817723 0.7023743
vt 0.05959981 0.703825
vt 0.05785852 0.7060099
vt 0.05934387 0.7060025
vt 0.05806088 0.7039419
vt 0.05647933 0.7060217
vt 0.05785852 0.7060099
vt 0.05621373 0.7039226
vt 0.05752384 0.707513
vt 0.059668 0.7072181
vt 0.05785852 0.7060099
vt 0.0637995 0.7035068
vt 0.06394338 0.7046733
vt 0.06481468 0.7038831
vt 0.06394338 0.7046733
vt 0.06351107 0.7059824
vt 0.06507533 0.7052113
vt 0.06481468 0.7038831
vt 0.06507533 0.7052113
vt 0.06756478 0.7050317
vt 0.06507533 0.7052113
vt 0.06463295 0.7066842
vt 0.06730556 0.7064501
vt 0.06756478 0.7050317
vt 0.06730556 0.7064501
vt 0.07011765 0.7061769
vt 0.06730556 0.7064501
vt 0.06643563 0.7080458
vt 0.0693919 0.7077744
vt 0.06399357 0.711135
vt 0.06218552 0.712218
vt 0.06474387 0.7127327
vt 0.06215393 0.7089988
vt 0.06095683 0.709754
vt 0.06326836 0.7100983
vt 0.05154782 0.7082437
vt 0.05088514 0.7073552
vt 0.0486508 0.7092475
vt 0.05201268 0.7092971
vt 0.05154782 0.7082437
vt 0.0498088 0.7101212
vt 0.05594819 0.7080153
vt 0.05530583 0.7070951
vt 0.05457776 0.7078539
vt 0.05664378 0.7090666
vt 0.05594819 0.7080153
vt 0.05530238 0.7087728
vt 0.05782228 0.7083026
vt 0.05752384 0.707513
vt 0.05594819 0.7080153
vt 0.0581687 0.7092215
vt 0.05782228 0.7083026
vt 0.05664378 0.7090666
vt 0.05330431 0.7079782
vt 0.05277347 0.7071429
vt 0.05154782 0.7082437
vt 0.05391734 0.7088526
vt 0.05330431 0.7079782
vt 0.05201268 0.7092971
vt 0.05457776 0.7078539
vt 0.05398714 0.7069372
vt 0.05330431 0.7079782
vt 0.05530238 0.7087728
vt 0.05457776 0.7078539
vt 0.05391734 0.7088526
vt 0.06171524 0.7071029
vt 0.059668 0.7072181
vt 0.06128859 0.7079987
vt 0.06128859 0.7079987
vt 0.05973452 0.708154
vt 0.0608108 0.7090537
vt 0.06351107 0.7059824
vt 0.06171524 0.7071029
vt 0.06294637 0.7073901
vt 0.06294637 0.7073901
vt 0.06128859 0.7079987
vt 0.06215393 0.7089988
vt 0.05782228 0.7083026
vt 0.0581687 0.7092215
vt 0.05973452 0.708154
vt 0.05752384 0.707513
vt 0.05782228 0.7083026
vt 0.059668 0.7072181
vt 0.06294637 0.7073901
vt 0.06215393 0.7089988
vt 0.06412988 0.7082753
vt 0.06351107 0.7059824
vt 0.06294637 0.7073901
vt 0.06463295 0.7066842
vt 0.06412988 0.7082753
vt 0.06326836 0.7100983
vt 0.0653854 0.709606
vt 0.06463295 0.7066842
vt 0.06412988 0.7082753
vt 0.06643563 0.7080458
vt 0.0653854 0.709606
vt 0.06399357 0.711135
vt 0.06663942 0.7112796
vt 0.06643563 0.7080458
vt 0.0653854 0.709606
vt 0.06812971 0.7096872
vt 0.06091719 0.7110359
vt 0.06218552 0.712218
vt 0.06326836 0.7100983
vt 0.070445 0.7051974
vt 0.06886994 0.7042335
vt 0.07038348 0.7053912
vt 0.06886994 0.7042335
vt 0.06759685 0.7028776
vt 0.06861317 0.7044103
vt 0.06759685 0.7028776
vt 0.06721001 0.7024147
vt 0.0669955 0.7031981
vt 0.06721001 0.7024147
vt 0.06679576 0.7013519
vt 0.06662529 0.7026603
vt 0.06679576 0.7013519
vt 0.06610041 0.700355
vt 0.06616145 0.7015172
vt 0.06568604 0.7005138
vt 0.06610041 0.700355
vt 0.06521153 0.699182
vt 0.06521153 0.699182
vt 0.06548953 0.6989466
vt 0.06456512 0.6976955
vt 0.06456512 0.6976955
vt 0.0647419 0.6974577
vt 0.06391179 0.6961374
vt 0.059906 0.6929186
vt 0.05967718 0.6922116
vt 0.05952745 0.6928503
vt 0.05952745 0.6928503
vt 0.05948346 0.6921472
vt 0.05901008 0.6927363
vt 0.05810612 0.6885706
vt 0.05808413 0.6889382
vt 0.05826503 0.688598
vt 0.05834889 0.688198
vt 0.05820572 0.6881691
vt 0.05826503 0.688598
vt 0.05846333 0.6878909
vt 0.05834507 0.6878301
vt 0.05834889 0.688198
vt 0.05880683 0.6873615
vt 0.05907791 0.6871549
vt 0.05874574 0.6872589
vt 0.05866903 0.6875471
vt 0.05880683 0.6873615
vt 0.05856561 0.687463
vt 0.0584104 0.6876921
vt 0.05853039 0.6877541
vt 0.05856561 0.687463
vt 0.05846333 0.6878909
vt 0.05853039 0.6877541
vt 0.05834507 0.6878301
vt 0.05823945 0.6889385
vt 0.05808413 0.6889382
vt 0.0582531 0.6893415
vt 0.0582531 0.6893415
vt 0.05810171 0.6893656
vt 0.05833935 0.6898109
vt 0.05818325 0.6898522
vt 0.05836182 0.6903322
vt 0.05833935 0.6898109
vt 0.05884182 0.6907311
vt 0.05866026 0.690806
vt 0.05897414 0.6910427
vt 0.05849677 0.6905754
vt 0.05866026 0.690806
vt 0.05866593 0.6905037
vt 0.05836182 0.6903322
vt 0.05849677 0.6905754
vt 0.05852454 0.6902706
vt 0.05897414 0.6910427
vt 0.05891013 0.6911375
vt 0.05922073 0.6912388
vt 0.05755311 0.6884273
vt 0.05750727 0.6889131
vt 0.05789327 0.6885204
vt 0.05789327 0.6885204
vt 0.05786329 0.6889266
vt 0.05810612 0.6885706
vt 0.05804485 0.6880901
vt 0.05778133 0.6879551
vt 0.05789327 0.6885204
vt 0.05804485 0.6880901
vt 0.05789327 0.6885204
vt 0.05820572 0.6881691
vt 0.05803972 0.6875182
vt 0.05778133 0.6879551
vt 0.05821406 0.6877151
vt 0.05821406 0.6877151
vt 0.05804485 0.6880901
vt 0.05834507 0.6878301
vt 0.05874574 0.6872589
vt 0.05909836 0.6870209
vt 0.05871766 0.6870883
vt 0.05871766 0.6870883
vt 0.05913132 0.6868387
vt 0.05874276 0.6868173
vt 0.05856561 0.687463
vt 0.05874574 0.6872589
vt 0.05847799 0.6873163
vt 0.05847799 0.6873163
vt 0.05871766 0.6870883
vt 0.05838483 0.6870757
vt 0.0584104 0.6876921
vt 0.05856561 0.687463
vt 0.05829823 0.6875622
vt 0.05829823 0.6875622
vt 0.05847799 0.6873163
vt 0.05815136 0.6873409
vt 0.05834507 0.6878301
vt 0.0584104 0.6876921
vt 0.05821406 0.6877151
vt 0.05821406 0.6877151
vt 0.05829823 0.6875622
vt 0.05803972 0.6875182
vt 0.05786329 0.6889266
vt 0.05750727 0.6889131
vt 0.05788314 0.6894041
vt 0.05808413 0.6889382
vt 0.05786329 0.6889266
vt 0.05810171 0.6893656
vt 0.05788314 0.6894041
vt 0.05756169 0.6894729
vt 0.05798172 0.6899512
vt 0.05810171 0.6893656
vt 0.05788314 0.6894041
vt 0.05818325 0.6898522
vt 0.05798172 0.6899512
vt 0.05766749 0.6901027
vt 0.05818277 0.6904723
vt 0.05818325 0.6898522
vt 0.05798172 0.6899512
vt 0.05836182 0.6903322
vt 0.05850166 0.6909366
vt 0.05829119 0.6911626
vt 0.0587179 0.6912457
vt 0.05850166 0.6909366
vt 0.0587179 0.6912457
vt 0.05866026 0.690806
vt 0.05833423 0.6907174
vt 0.05809754 0.6909472
vt 0.05850166 0.6909366
vt 0.05849677 0.6905754
vt 0.05833423 0.6907174
vt 0.05866026 0.690806
vt 0.05818277 0.6904723
vt 0.05791026 0.6906838
vt 0.05833423 0.6907174
vt 0.05836182 0.6903322
vt 0.05818277 0.6904723
vt 0.05849677 0.6905754
vt 0.0587179 0.6912457
vt 0.05853205 0.6914536
vt 0.05908769 0.6915647
vt 0.0587179 0.6912457
vt 0.05908769 0.6915647
vt 0.05891013 0.6911375
vt 0.05995613 0.6905824
vt 0.06032019 0.6905803
vt 0.06018406 0.6898967
vt 0.05981063 0.6905924
vt 0.05995613 0.6905824
vt 0.05992561 0.6898786
vt 0.06027734 0.6909576
vt 0.06032019 0.6905803
vt 0.05995672 0.6908755
vt 0.05995672 0.6908755
vt 0.05995613 0.6905824
vt 0.0598551 0.6908656
vt 0.05908769 0.6915647
vt 0.05898416 0.6918173
vt 0.05940049 0.6919961
vt 0.07038348 0.7053912
vt 0.06861317 0.7044103
vt 0.07027333 0.7057288
vt 0.07011765 0.7061769
vt 0.07027333 0.7057288
vt 0.06756478 0.7050317
vt 0.06861317 0.7044103
vt 0.0669955 0.7031981
vt 0.06763774 0.7047043
vt 0.06763774 0.7047043
vt 0.06509572 0.7034713
vt 0.06756478 0.7050317
vt 0.0669955 0.7031981
vt 0.06662529 0.7026603
vt 0.06509572 0.7034713
vt 0.06509572 0.7034713
vt 0.06484717 0.7030152
vt 0.06481468 0.7038831
vt 0.06662529 0.7026603
vt 0.06616145 0.7015172
vt 0.06484717 0.7030152
vt 0.0637995 0.7035068
vt 0.06484717 0.7030152
vt 0.06394267 0.7019498
vt 0.06480675 0.7017549
vt 0.06616145 0.7015172
vt 0.06489777 0.7009307
vt 0.06394267 0.7019498
vt 0.06480675 0.7017549
vt 0.06417626 0.7010731
vt 0.06489777 0.7009307
vt 0.06568604 0.7005138
vt 0.0647751 0.6995663
vt 0.06417626 0.7010731
vt 0.06489777 0.7009307
vt 0.06422293 0.7000571
vt 0.0647751 0.6995663
vt 0.06521153 0.699182
vt 0.06428766 0.6980848
vt 0.06422293 0.7000571
vt 0.0647751 0.6995663
vt 0.06394296 0.6985861
vt 0.06428766 0.6980848
vt 0.06456512 0.6976955
vt 0.06354576 0.6964003
vt 0.06394296 0.6985861
vt 0.06428766 0.6980848
vt 0.06300598 0.6966894
vt 0.06292611 0.6952445
vt 0.06242245 0.6955652
vt 0.06354576 0.6964003
vt 0.06329822 0.6949923
vt 0.06292611 0.6952445
vt 0.06391179 0.6961374
vt 0.0621646 0.6941436
vt 0.06185239 0.6946854
vt 0.06292611 0.6952445
vt 0.06220483 0.6937012
vt 0.0621646 0.6941436
vt 0.06329822 0.6949923
vt 0.06009328 0.6922076
vt 0.05999648 0.6923442
vt 0.06047701 0.6927422
vt 0.06009984 0.6920777
vt 0.06009328 0.6922076
vt 0.06054502 0.6925337
vt 0.06047701 0.6927422
vt 0.06032568 0.6930282
vt 0.06119841 0.6932924
vt 0.06054502 0.6925337
vt 0.06047701 0.6927422
vt 0.06137537 0.6930841
vt 0.06119841 0.6932924
vt 0.06090426 0.6935572
vt 0.0621646 0.6941436
vt 0.06137537 0.6930841
vt 0.06119841 0.6932924
vt 0.06220483 0.6937012
vt 0.05940049 0.6919961
vt 0.05948346 0.6921472
vt 0.0596345 0.6919413
vt 0.0596345 0.6919413
vt 0.05967718 0.6922116
vt 0.06009328 0.6922076
vt 0.05927556 0.6911245
vt 0.05922073 0.6912388
vt 0.05942338 0.6911939
vt 0.05942338 0.6911939
vt 0.05941581 0.6913223
vt 0.0595721 0.691238
vt 0.05922073 0.6912388
vt 0.05917328 0.6913834
vt 0.05941581 0.6913223
vt 0.05941581 0.6913223
vt 0.05939716 0.6914706
vt 0.05960351 0.6913873
vt 0.05987089 0.6917851
vt 0.0596289 0.6915437
vt 0.05948305 0.6917397
vt 0.05948305 0.6917397
vt 0.05939716 0.6914706
vt 0.05908769 0.6915647
vt 0.05908769 0.6915647
vt 0.05940049 0.6919961
vt 0.05948305 0.6917397
vt 0.06009984 0.6920777
vt 0.05987089 0.6917851
vt 0.06009328 0.6922076
vt 0.06261062 0.6914478
vt 0.06294536 0.6905879
vt 0.06228065 0.6912265
vt 0.06228065 0.6912265
vt 0.06259125 0.6904375
vt 0.06216096 0.6911401
vt 0.06208223 0.6921971
vt 0.06261062 0.6914478
vt 0.06201457 0.6919444
vt 0.06201457 0.6919444
vt 0.06228065 0.6912265
vt 0.061984 0.6918548
vt 0.06066721 0.6916817
vt 0.06062328 0.6910531
vt 0.06023061 0.6913257
vt 0.06072849 0.6919343
vt 0.06066721 0.6916817
vt 0.06009858 0.6914576
vt 0.05984967 0.6909615
vt 0.0598551 0.6908656
vt 0.05967539 0.690929
vt 0.05984002 0.691179
vt 0.05984967 0.6909615
vt 0.05974549 0.691113
vt 0.05967539 0.690929
vt 0.05966544 0.6908462
vt 0.059601 0.6909177
vt 0.05974549 0.691113
vt 0.05967539 0.690929
vt 0.0596289 0.6910961
vt 0.06151854 0.6917581
vt 0.06145405 0.6920802
vt 0.06201457 0.6919444
vt 0.06153345 0.691627
vt 0.06151854 0.6917581
vt 0.061984 0.6918548
vt 0.06008565 0.691223
vt 0.05995672 0.6908755
vt 0.05984967 0.6909615
vt 0.05995661 0.6913416
vt 0.06008565 0.691223
vt 0.05984002 0.691179
vt 0.06023061 0.6913257
vt 0.06027734 0.6909576
vt 0.06008565 0.691223
vt 0.06023061 0.6913257
vt 0.06008565 0.691223
vt 0.06009858 0.6914576
vt 0.06081402 0.6921244
vt 0.06072849 0.6919343
vt 0.06021022 0.6917202
vt 0.06054502 0.6925337
vt 0.06081402 0.6921244
vt 0.06009984 0.6920777
vt 0.05974549 0.691113
vt 0.0596289 0.6910961
vt 0.05966264 0.6912231
vt 0.05960351 0.6913873
vt 0.05966264 0.6912231
vt 0.0595721 0.691238
vt 0.05972856 0.6913481
vt 0.05984002 0.691179
vt 0.05966264 0.6912231
vt 0.0596289 0.6915437
vt 0.05972856 0.6913481
vt 0.05960351 0.6913873
vt 0.05998212 0.6915188
vt 0.05987089 0.6917851
vt 0.06021022 0.6917202
vt 0.05995661 0.6913416
vt 0.05998212 0.6915188
vt 0.06009858 0.6914576
vt 0.05972856 0.6913481
vt 0.0596289 0.6915437
vt 0.05998212 0.6915188
vt 0.05984002 0.691179
vt 0.05972856 0.6913481
vt 0.05995661 0.6913416
vt 0.06170213 0.6909735
vt 0.06187224 0.6902323
vt 0.06143164 0.6908744
vt 0.06143164 0.6908744
vt 0.06156474 0.6901727
vt 0.06072312 0.6906437
vt 0.06153345 0.691627
vt 0.06170213 0.6909735
vt 0.06126701 0.6914334
vt 0.06126701 0.6914334
vt 0.06143164 0.6908744
vt 0.06062328 0.6910531
vt 0.06117153 0.6918875
vt 0.06151854 0.6917581
vt 0.06126701 0.6914334
vt 0.06117153 0.6918875
vt 0.06126701 0.6914334
vt 0.06066721 0.6916817
vt 0.0610131 0.6919746
vt 0.06145405 0.6920802
vt 0.06117153 0.6918875
vt 0.0610131 0.6919746
vt 0.06117153 0.6918875
vt 0.06072849 0.6919343
vt 0.06146061 0.6923962
vt 0.06145405 0.6920802
vt 0.06109231 0.692239
vt 0.06109231 0.692239
vt 0.0610131 0.6919746
vt 0.06081402 0.6921244
vt 0.05932211 0.6870392
vt 0.05909836 0.6870209
vt 0.05925613 0.6871758
vt 0.05955296 0.6871084
vt 0.05932211 0.6870392
vt 0.059435 0.6872299
vt 0.05918115 0.6872237
vt 0.05937266 0.6872672
vt 0.05925613 0.6871758
vt 0.05988079 0.6868471
vt 0.05953413 0.6865939
vt 0.05955296 0.6871084
vt 0.05953413 0.6865939
vt 0.05913132 0.6868387
vt 0.05932211 0.6870392
vt 0.08871078 0.6765704
vt 0.08983284 0.6768444
vt 0.08871287 0.6760147
vt 0.08983284 0.6768444
vt 0.09111964 0.677062
vt 0.09043616 0.6763458
vt 0.09111964 0.677062
vt 0.0931015 0.677322
vt 0.09159541 0.6765417
vt 0.0931015 0.677322
vt 0.09459149 0.6776251
vt 0.09338086 0.6767764
vt 0.09615701 0.6781638
vt 0.09613889 0.6775353
vt 0.09459149 0.6776251
vt 0.08871424 0.6676045
vt 0.08871555 0.6679451
vt 0.08997929 0.6671442
vt 0.08997929 0.6671442
vt 0.09056776 0.6676159
vt 0.09135901 0.6666311
vt 0.09135901 0.6666311
vt 0.09181034 0.6671538
vt 0.09284597 0.6661162
vt 0.09284597 0.6661162
vt 0.09314882 0.6666902
vt 0.09454619 0.6657153
vt 0.09454619 0.6657153
vt 0.09467917 0.6663287
vt 0.09536844 0.665688
vt 0.09536844 0.665688
vt 0.09541928 0.6663035
vt 0.09646683 0.6656958
vt 0.09787154 0.6661295
vt 0.09767544 0.6667003
vt 0.09858405 0.6667543
vt 0.0992577 0.6676251
vt 0.09892851 0.6680496
vt 0.09965002 0.6684062
vt 0.09965002 0.6684062
vt 0.09928405 0.6687575
vt 0.1003005 0.6697141
vt 0.1003005 0.6697141
vt 0.09987401 0.6699355
vt 0.1004561 0.6704918
vt 0.09858405 0.6667543
vt 0.09831875 0.6672639
vt 0.0992577 0.6676251
vt 0.1004561 0.6704918
vt 0.1000111 0.6706328
vt 0.1006238 0.6716195
vt 0.1006186 0.6730112
vt 0.1006238 0.6716195
vt 0.1001566 0.6728988
vt 0.09674996 0.6779103
vt 0.09745728 0.6772059
vt 0.09667295 0.6773074
vt 0.09745728 0.6772059
vt 0.09831327 0.6762644
vt 0.09731006 0.6766736
vt 0.1006186 0.6730112
vt 0.1001566 0.6728988
vt 0.09989613 0.6743228
vt 0.09646683 0.6656958
vt 0.09640854 0.6663101
vt 0.09710049 0.6658944
vt 0.09710049 0.6658944
vt 0.09697967 0.666489
vt 0.09787154 0.6661295
vt 0.09907823 0.6753452
vt 0.09989613 0.6743228
vt 0.09876972 0.6749995
vt 0.09831327 0.6762644
vt 0.09907823 0.6753452
vt 0.09808093 0.6758266
vt 0.09615701 0.6781638
vt 0.09627562 0.678113
vt 0.09613889 0.6775353
vt 0.09647727 0.6780268
vt 0.09674996 0.6779103
vt 0.09642726 0.677412
vt 0.09627562 0.678113
vt 0.09647727 0.6780268
vt 0.0962457 0.6774896
vt 0.08326846 0.6675757
vt 0.08327102 0.667919
vt 0.08439552 0.6676919
vt 0.08439552 0.6676919
vt 0.084396 0.6680238
vt 0.08573502 0.667812
vt 0.08620238 0.6766103
vt 0.08620452 0.6760503
vt 0.08322834 0.6765003
vt 0.08620238 0.6766103
vt 0.08871078 0.6765704
vt 0.08620452 0.6760503
vt 0.08728873 0.6676981
vt 0.08573502 0.667812
vt 0.08728885 0.668029
vt 0.08871424 0.6676045
vt 0.08728873 0.6676981
vt 0.08871555 0.6679451
vt 0.06965959 0.6734167
vt 0.06791883 0.6748774
vt 0.06977057 0.6753715
vt 0.06199663 0.6650848
vt 0.0616334 0.6640645
vt 0.05942898 0.6642858
vt 0.0616334 0.6640645
vt 0.06199663 0.6650848
vt 0.06229251 0.6642632
vt 0.08326846 0.6675757
vt 0.08186608 0.6671665
vt 0.08327102 0.667919
vt 0.07921785 0.66624
vt 0.07752299 0.6658006
vt 0.07893669 0.6668184
vt 0.07574421 0.665688
vt 0.07581055 0.6663215
vt 0.07752299 0.6658006
vt 0.07408934 0.6660554
vt 0.07432121 0.666652
vt 0.07574421 0.665688
vt 0.07497811 0.6776856
vt 0.07516562 0.6771253
vt 0.0731523 0.6754684
vt 0.0731523 0.6754684
vt 0.07347089 0.6751337
vt 0.07208335 0.6739637
vt 0.07581394 0.6785182
vt 0.07588762 0.677943
vt 0.07497811 0.6776856
vt 0.07607251 0.6786732
vt 0.07609897 0.6780701
vt 0.07581394 0.6785182
vt 0.07631099 0.6786888
vt 0.07629948 0.6780847
vt 0.07607251 0.6786732
vt 0.0805304 0.6667117
vt 0.07921785 0.66624
vt 0.08011782 0.6672427
vt 0.08186608 0.6671665
vt 0.0805304 0.6667117
vt 0.08131927 0.6676515
vt 0.07631099 0.6786888
vt 0.07710015 0.6781076
vt 0.07629948 0.6780847
vt 0.07710015 0.6781076
vt 0.07887166 0.6773827
vt 0.07697701 0.6775051
vt 0.08093863 0.6769577
vt 0.08048802 0.6764692
vt 0.07887166 0.6773827
vt 0.08225643 0.6767259
vt 0.08167141 0.6762558
vt 0.08093863 0.6769577
vt 0.08322834 0.6765003
vt 0.08323329 0.6759506
vt 0.08225643 0.6767259
vt 0.0731799 0.6668615
vt 0.07271844 0.6676031
vt 0.07350277 0.6673773
vt 0.07348799 0.6665001
vt 0.0731799 0.6668615
vt 0.07378005 0.6670521
vt 0.07408934 0.6660554
vt 0.07348799 0.6665001
vt 0.07432121 0.666652
vt 0.07208335 0.6739637
vt 0.07251262 0.6737722
vt 0.07206261 0.6731136
vt 0.07196229 0.67273
vt 0.07206261 0.6731136
vt 0.07240575 0.672659
vt 0.07167059 0.671156
vt 0.07196229 0.67273
vt 0.07214355 0.6712426
vt 0.0720551 0.6690689
vt 0.07167059 0.671156
vt 0.07248997 0.6693641
vt 0.07271844 0.6676031
vt 0.0720551 0.6690689
vt 0.07308721 0.6680447
vt 0.106997 0.6750214
vt 0.1067391 0.674936
vt 0.1064681 0.6754692
vt 0.106997 0.6750214
vt 0.1070656 0.6741322
vt 0.1067391 0.674936
vt 0.100785 0.6749087
vt 0.1012591 0.6752484
vt 0.1010383 0.6748322
vt 0.100785 0.6749087
vt 0.1010383 0.6748322
vt 0.1006825 0.6741627
vt 0.1070656 0.6741322
vt 0.1066998 0.6731398
vt 0.1067981 0.6740753
vt 0.1070522 0.6720517
vt 0.1067474 0.6720513
vt 0.1066998 0.6731398
vt 0.1070522 0.6720517
vt 0.1069925 0.671421
vt 0.1067474 0.6720513
vt 0.1069925 0.671421
vt 0.1067555 0.6700408
vt 0.1067143 0.6713782
vt 0.1067555 0.6700408
vt 0.1067414 0.6687111
vt 0.1064869 0.6699988
vt 0.10692 0.6674107
vt 0.1065889 0.6674158
vt 0.1067414 0.6687111
vt 0.1070973 0.6667436
vt 0.1067682 0.6667437
vt 0.10692 0.6674107
vt 0.1070973 0.6667436
vt 0.1069512 0.6663473
vt 0.1067682 0.6667437
vt 0.1069512 0.6663473
vt 0.1061458 0.665688
vt 0.1066408 0.6663675
vt 0.1009345 0.6721819
vt 0.1011832 0.6730587
vt 0.1011907 0.6721843
vt 0.1011024 0.6699056
vt 0.1013567 0.6698616
vt 0.1011039 0.6690006
vt 0.1008071 0.6670059
vt 0.1009161 0.6674514
vt 0.1010856 0.6669975
vt 0.1008071 0.6670059
vt 0.1010856 0.6669975
vt 0.1008989 0.6666812
vt 0.1008989 0.6666812
vt 0.1011636 0.666684
vt 0.1015403 0.6660647
vt 0.1006974 0.6682306
vt 0.1011039 0.6690006
vt 0.1009753 0.6682374
vt 0.1006974 0.6682306
vt 0.1009753 0.6682374
vt 0.1009161 0.6674514
vt 0.1006825 0.6741627
vt 0.1009505 0.6741097
vt 0.1010459 0.6733692
vt 0.1010459 0.6733692
vt 0.1013234 0.6733116
vt 0.1011832 0.6730587
vt 0.1008302 0.6715745
vt 0.1009345 0.6721819
vt 0.1011061 0.6715416
vt 0.1008302 0.6715745
vt 0.1011061 0.6715416
vt 0.1011024 0.6699056
vt 0.1036508 0.6755724
vt 0.1064681 0.6754692
vt 0.103668 0.6752134
vt 0.1012591 0.6752484
vt 0.1036508 0.6755724
vt 0.1013738 0.6749148
vt 0.1039901 0.665688
vt 0.1015403 0.6660647
vt 0.1040154 0.6660089
vt 0.1039901 0.665688
vt 0.1040154 0.6660089
vt 0.1061458 0.665688
vt 0.05826878 0.7129878
vt 0.06006371 0.7127626
vt 0.05829995 0.7124413
vt 0.06218552 0.712218
vt 0.06091719 0.7110359
vt 0.06006371 0.7127626
vt 0.05687415 0.7123266
vt 0.0567106 0.7128228
vt 0.05784595 0.7124356
vt 0.06243818 0.1854118
vt 0.06241559 0.179359
vt 0.06071144 0.1865461
vt 0.1274212 0.1576401
vt 0.1320698 0.1569788
vt 0.1295827 0.1424153
vt 0.1223787 0.1476432
vt 0.1217226 0.1496017
vt 0.1295827 0.1424153
vt 0.1274212 0.1576401
vt 0.1217226 0.1496017
vt 0.1227258 0.1576401
vt 0.1185994 0.1521974
vt 0.1180772 0.1569795
vt 0.1204036 0.1511912
vt 0.1295827 0.1424153
vt 0.1271947 0.1420427
vt 0.1223787 0.1476432
vt 0.8050484 0.1511447
vt 0.8008581 0.148442
vt 0.8001365 0.1558075
vt 0.8001365 0.1558075
vt 0.7966736 0.1520216
vt 0.7955 0.1594855
vt 0.7955 0.1594855
vt 0.7924199 0.1547813
vt 0.7905244 0.162181
vt 0.8140929 0.1808067
vt 0.8177283 0.1767493
vt 0.8130667 0.1760116
vt 0.8109418 0.1845948
vt 0.8140929 0.1808067
vt 0.8091665 0.1814635
vt 0.8078894 0.1886337
vt 0.8109418 0.1845948
vt 0.8062455 0.1877891
vt 0.8159655 0.1854927
vt 0.8190528 0.1829175
vt 0.8140929 0.1808067
vt 0.8133099 0.1881128
vt 0.8159655 0.1854927
vt 0.8109418 0.1845948
vt 0.810967 0.1909943
vt 0.8133099 0.1881128
vt 0.8078894 0.1886337
vt 0.8172333 0.1881713
vt 0.8196613 0.1861214
vt 0.8159655 0.1854927
vt 0.8151606 0.1903312
vt 0.8172333 0.1881713
vt 0.8133099 0.1881128
vt 0.8134287 0.1926322
vt 0.8151606 0.1903312
vt 0.810967 0.1909943
vt 0.8180939 0.1898333
vt 0.8196743 0.1881543
vt 0.8172333 0.1881713
vt 0.8166972 0.1914204
vt 0.8180939 0.1898333
vt 0.8151606 0.1903312
vt 0.8166972 0.1914204
vt 0.8151606 0.1903312
vt 0.8154236 0.1929464
vt 0.8166972 0.1914204
vt 0.8176125 0.1918843
vt 0.8180939 0.1898333
vt 0.7966736 0.1520216
vt 0.8008581 0.148442
vt 0.7929537 0.1465402
vt 0.7966736 0.1520216
vt 0.7929537 0.1465402
vt 0.7924199 0.1547813
vt 0.7924199 0.1547813
vt 0.7884356 0.1485292
vt 0.7880076 0.1571036
vt 0.797186 0.1437428
vt 0.79416 0.1398129
vt 0.7929537 0.1465402
vt 0.7929537 0.1465402
vt 0.7903442 0.1423901
vt 0.7884356 0.1485292
vt 0.7884356 0.1485292
vt 0.7863743 0.1445608
vt 0.7839304 0.1501011
vt 0.79416 0.1398129
vt 0.7904179 0.1367576
vt 0.7903442 0.1423901
vt 0.7863743 0.1445608
vt 0.7903442 0.1423901
vt 0.7845128 0.1400127
vt 0.782275 0.1464276
vt 0.7863743 0.1445608
vt 0.7816202 0.1415209
vt 0.7845128 0.1400127
vt 0.7873815 0.1383346
vt 0.7830799 0.1379682
vt 0.8220922 0.1346493
vt 0.8217001 0.1385645
vt 0.825491 0.1397958
vt 0.825491 0.1397958
vt 0.8242983 0.1426037
vt 0.8292807 0.1446146
vt 0.8339373 0.1492549
vt 0.8292807 0.1446146
vt 0.8305026 0.150107
vt 0.8217001 0.1385645
vt 0.8202838 0.1427419
vt 0.8242983 0.1426037
vt 0.8242983 0.1426037
vt 0.8223426 0.1460034
vt 0.8272079 0.1463606
vt 0.8305026 0.150107
vt 0.8272079 0.1463606
vt 0.8268253 0.1520925
vt 0.8202838 0.1427419
vt 0.8182131 0.1458697
vt 0.8223426 0.1460034
vt 0.8223426 0.1460034
vt 0.8200088 0.1489965
vt 0.824519 0.1491007
vt 0.824519 0.1491007
vt 0.8219166 0.1518704
vt 0.8268253 0.1520925
vt 0.8182131 0.1458697
vt 0.8162553 0.1479171
vt 0.8200088 0.1489965
vt 0.8200088 0.1489965
vt 0.8180976 0.1513182
vt 0.8219166 0.1518704
vt 0.8219166 0.1518704
vt 0.8200011 0.1544467
vt 0.8238616 0.1545686
vt 0.8162553 0.1479171
vt 0.8140361 0.1496872
vt 0.8180976 0.1513182
vt 0.8180976 0.1513182
vt 0.8161098 0.1535112
vt 0.8200011 0.1544467
vt 0.8200011 0.1544467
vt 0.8182213 0.1570028
vt 0.8218403 0.1570198
vt 0.8140361 0.1496872
vt 0.8116878 0.1508799
vt 0.8161098 0.1535112
vt 0.8161098 0.1535112
vt 0.8141236 0.1553771
vt 0.8182213 0.1570028
vt 0.8182213 0.1570028
vt 0.8166018 0.1594036
vt 0.8202207 0.1599043
vt 0.8141236 0.1553771
vt 0.8116878 0.1508799
vt 0.8121138 0.1570308
vt 0.8141236 0.1553771
vt 0.8121138 0.1570308
vt 0.8166018 0.1594036
vt 0.8166018 0.1594036
vt 0.8151246 0.1619168
vt 0.8189787 0.1628059
vt 0.8121138 0.1570308
vt 0.809029 0.1515652
vt 0.8093815 0.1580429
vt 0.8121138 0.1570308
vt 0.8093815 0.1580429
vt 0.8151246 0.1619168
vt 0.8151246 0.1619168
vt 0.8134295 0.1642091
vt 0.8180732 0.1660736
vt 0.7985488 0.1797323
vt 0.801981 0.1862521
vt 0.8009955 0.1788524
vt 0.7985488 0.1797323
vt 0.8009955 0.1788524
vt 0.7953019 0.1736829
vt 0.7953019 0.1736829
vt 0.7965024 0.1711706
vt 0.7911655 0.1668557
vt 0.7955011 0.1813083
vt 0.7979968 0.1865606
vt 0.7985488 0.1797323
vt 0.7955011 0.1813083
vt 0.7985488 0.1797323
vt 0.7931321 0.1762577
vt 0.7931321 0.1762577
vt 0.7953019 0.1736829
vt 0.7901816 0.1709835
vt 0.7909632 0.1836002
vt 0.7928557 0.1877543
vt 0.7955011 0.1813083
vt 0.7909632 0.1836002
vt 0.7955011 0.1813083
vt 0.7894641 0.1793154
vt 0.7894641 0.1793154
vt 0.7931321 0.1762577
vt 0.7878111 0.1749013
vt 0.7870746 0.1848927
vt 0.7884678 0.1879273
vt 0.7909632 0.1836002
vt 0.7870746 0.1848927
vt 0.7909632 0.1836002
vt 0.7861787 0.181811
vt 0.7861787 0.181811
vt 0.7894641 0.1793154
vt 0.7853803 0.1784184
vt 0.7870746 0.1848927
vt 0.7861787 0.181811
vt 0.7853235 0.1858726
vt 0.8130667 0.1760116
vt 0.8175023 0.1696923
vt 0.8090109 0.1695734
vt 0.8090109 0.1695734
vt 0.8134295 0.1642091
vt 0.8048284 0.1630769
vt 0.8048284 0.1630769
vt 0.8093815 0.1580429
vt 0.8001365 0.1558075
vt 0.8091665 0.1814635
vt 0.8130667 0.1760116
vt 0.8049956 0.1743032
vt 0.8049956 0.1743032
vt 0.8090109 0.1695734
vt 0.8006297 0.1672863
vt 0.8006297 0.1672863
vt 0.8048284 0.1630769
vt 0.7955 0.1594855
vt 0.8062455 0.1877891
vt 0.8091665 0.1814635
vt 0.8009955 0.1788524
vt 0.8009955 0.1788524
vt 0.8049956 0.1743032
vt 0.7965024 0.1711706
vt 0.7965024 0.1711706
vt 0.8006297 0.1672863
vt 0.7905244 0.162181
vt 0.8302829 0.1294922
vt 0.833779 0.1270903
vt 0.828513 0.1258021
vt 0.8264727 0.1319857
vt 0.8302829 0.1294922
vt 0.8253433 0.1280773
vt 0.8220922 0.1346493
vt 0.8264727 0.1319857
vt 0.8216838 0.1303093
vt 0.828513 0.1258021
vt 0.8313947 0.1234931
vt 0.8265923 0.1222324
vt 0.8253433 0.1280773
vt 0.828513 0.1258021
vt 0.8239611 0.1245243
vt 0.8216838 0.1303093
vt 0.8253433 0.1280773
vt 0.8208766 0.1267323
vt 0.8265923 0.1222324
vt 0.8288429 0.1198473
vt 0.8250122 0.1197566
vt 0.8239611 0.1245243
vt 0.8265923 0.1222324
vt 0.8227071 0.1217205
vt 0.8208766 0.1267323
vt 0.8239611 0.1245243
vt 0.8201596 0.1235655
vt 0.8270656 0.1179187
vt 0.8249148 0.1170232
vt 0.8250122 0.1197566
vt 0.8250122 0.1197566
vt 0.8232083 0.1184716
vt 0.8227071 0.1217205
vt 0.8201596 0.1235655
vt 0.8227071 0.1217205
vt 0.8199881 0.1212388
vt 0.82158 0.1198704
vt 0.8232083 0.1184716
vt 0.8207139 0.1189535
vt 0.8481177 0.1465919
vt 0.8475471 0.1477804
vt 0.8487426 0.1469257
vt 0.8452706 0.1495308
vt 0.8470981 0.1489416
vt 0.8458626 0.1473319
vt 0.8475471 0.1477804
vt 0.8481177 0.1465919
vt 0.8458626 0.1473319
vt 0.8481177 0.1465919
vt 0.8487629 0.1453215
vt 0.8467825 0.145342
vt 0.8394566 0.148971
vt 0.8452706 0.1495308
vt 0.8409758 0.1453439
vt 0.8458626 0.1473319
vt 0.8467825 0.145342
vt 0.8409758 0.1453439
vt 0.8467825 0.145342
vt 0.8479906 0.1434413
vt 0.8427527 0.142458
vt 0.8339373 0.1492549
vt 0.8394566 0.148971
vt 0.8364306 0.1439878
vt 0.8364306 0.1439878
vt 0.8409758 0.1453439
vt 0.8387829 0.139918
vt 0.8412348 0.136403
vt 0.8387829 0.139918
vt 0.8446825 0.1398458
vt 0.8326563 0.1402745
vt 0.8292807 0.1446146
vt 0.8364306 0.1439878
vt 0.8356893 0.1366688
vt 0.8326563 0.1402745
vt 0.8387829 0.139918
vt 0.8385728 0.1334573
vt 0.8356893 0.1366688
vt 0.8412348 0.136403
vt 0.8293735 0.1362443
vt 0.825491 0.1397958
vt 0.8326563 0.1402745
vt 0.8329017 0.1331642
vt 0.8293735 0.1362443
vt 0.8356893 0.1366688
vt 0.8361647 0.1303366
vt 0.8329017 0.1331642
vt 0.8385728 0.1334573
vt 0.8264727 0.1319857
vt 0.8220922 0.1346493
vt 0.8293735 0.1362443
vt 0.8302829 0.1294922
vt 0.8264727 0.1319857
vt 0.8329017 0.1331642
vt 0.833779 0.1270903
vt 0.8302829 0.1294922
vt 0.8361647 0.1303366
vt 0.8279044 0.1144078
vt 0.8270656 0.1179187
vt 0.8308469 0.1164477
vt 0.8308469 0.1164477
vt 0.8288429 0.1198473
vt 0.8341385 0.1203105
vt 0.8245345 0.1134908
vt 0.8249148 0.1170232
vt 0.8279044 0.1144078
vt 0.8213663 0.1140283
vt 0.8226394 0.1172407
vt 0.8245345 0.1134908
vt 0.8207139 0.1189535
vt 0.8226394 0.1172407
vt 0.8184683 0.1161159
vt 0.8201596 0.1235655
vt 0.8199881 0.1212388
vt 0.8165476 0.1223186
vt 0.8208766 0.1267323
vt 0.8201596 0.1235655
vt 0.8167902 0.1259042
vt 0.8216838 0.1303093
vt 0.8208766 0.1267323
vt 0.817334 0.1292297
vt 0.8220922 0.1346493
vt 0.8216838 0.1303093
vt 0.8178712 0.1326526
vt 0.8217001 0.1385645
vt 0.8220922 0.1346493
vt 0.8179844 0.1355833
vt 0.8202838 0.1427419
vt 0.8217001 0.1385645
vt 0.817595 0.1388052
vt 0.8182131 0.1458697
vt 0.8202838 0.1427419
vt 0.816514 0.1414084
vt 0.8162553 0.1479171
vt 0.8182131 0.1458697
vt 0.8151493 0.1432464
vt 0.8140361 0.1496872
vt 0.8162553 0.1479171
vt 0.8134699 0.1449386
vt 0.8116878 0.1508799
vt 0.8140361 0.1496872
vt 0.8115124 0.1461231
vt 0.809029 0.1515652
vt 0.8116878 0.1508799
vt 0.809212 0.146867
vt 0.8050484 0.1511447
vt 0.809029 0.1515652
vt 0.8056181 0.1466186
vt 0.835563 0.1541466
vt 0.8339373 0.1492549
vt 0.8334699 0.1544122
vt 0.8334699 0.1544122
vt 0.8305026 0.150107
vt 0.8309999 0.1548593
vt 0.8309999 0.1548593
vt 0.8268253 0.1520925
vt 0.8286221 0.1560358
vt 0.8286221 0.1560358
vt 0.8238616 0.1545686
vt 0.8266992 0.1575858
vt 0.8266992 0.1575858
vt 0.8218403 0.1570198
vt 0.8249121 0.1597933
vt 0.8249121 0.1597933
vt 0.8202207 0.1599043
vt 0.8235433 0.1623428
vt 0.8235433 0.1623428
vt 0.8189787 0.1628059
vt 0.8225125 0.165384
vt 0.8341385 0.1203105
vt 0.8313947 0.1234931
vt 0.8366954 0.1238989
vt 0.8018293 0.1440182
vt 0.8008581 0.148442
vt 0.8056181 0.1466186
vt 0.8225125 0.165384
vt 0.8180732 0.1660736
vt 0.8219128 0.1688869
vt 0.8220553 0.1758723
vt 0.8177283 0.1767493
vt 0.8233067 0.1823643
vt 0.8190528 0.1829175
vt 0.8196613 0.1861214
vt 0.8233067 0.1823643
vt 0.8196743 0.1881543
vt 0.8190359 0.1901534
vt 0.8232622 0.1892118
vt 0.8190359 0.1901534
vt 0.8176125 0.1918843
vt 0.8219158 0.192216
vt 0.8176125 0.1918843
vt 0.8154236 0.1929464
vt 0.8193579 0.194801
vt 0.8158437 0.1962364
vt 0.8154236 0.1929464
vt 0.8129284 0.1962323
vt 0.8129284 0.1962323
vt 0.8134287 0.1926322
vt 0.8094301 0.1947868
vt 0.8094301 0.1947868
vt 0.810967 0.1909943
vt 0.8059099 0.1925641
vt 0.8059099 0.1925641
vt 0.8078894 0.1886337
vt 0.8043243 0.1917267
vt 0.8470981 0.1489416
vt 0.8452706 0.1495308
vt 0.8490262 0.1518794
vt 0.8510054 0.1498302
vt 0.8481437 0.148288
vt 0.8490262 0.1518794
vt 0.852131 0.1468333
vt 0.8487426 0.1469257
vt 0.8510054 0.1498302
vt 0.8519449 0.1438948
vt 0.8487629 0.1453215
vt 0.852131 0.1468333
vt 0.8506838 0.1409869
vt 0.8479906 0.1434413
vt 0.8519449 0.1438948
vt 0.8468808 0.136469
vt 0.8446825 0.1398458
vt 0.8506838 0.1409869
vt 0.8435928 0.132854
vt 0.8412348 0.136403
vt 0.8468808 0.136469
vt 0.8452706 0.1495308
vt 0.8394566 0.148971
vt 0.8457966 0.1529774
vt 0.8396053 0.1536711
vt 0.8394566 0.148971
vt 0.835563 0.1541466
vt 0.8199881 0.1212388
vt 0.8207139 0.1189535
vt 0.8169497 0.1192475
vt 0.7981212 0.1395124
vt 0.797186 0.1437428
vt 0.8018293 0.1440182
vt 0.7945186 0.1356301
vt 0.79416 0.1398129
vt 0.7981212 0.1395124
vt 0.7897663 0.1327025
vt 0.7904179 0.1367576
vt 0.7945186 0.1356301
vt 0.7853863 0.1320854
vt 0.7870364 0.1358232
vt 0.7897663 0.1327025
vt 0.7807636 0.1347465
vt 0.7830799 0.1379682
vt 0.7853863 0.1320854
vt 0.782275 0.1464276
vt 0.7816202 0.1415209
vt 0.7786201 0.1445538
vt 0.7839304 0.1501011
vt 0.782275 0.1464276
vt 0.7798929 0.1489707
vt 0.7880076 0.1571036
vt 0.7839304 0.1501011
vt 0.7836646 0.1563009
vt 0.7905244 0.162181
vt 0.7880076 0.1571036
vt 0.7862017 0.1613472
vt 0.8219128 0.1688869
vt 0.8175023 0.1696923
vt 0.8220553 0.1758723
vt 0.8196613 0.1861214
vt 0.8196743 0.1881543
vt 0.8236282 0.1863755
vt 0.7816202 0.1415209
vt 0.7830799 0.1379682
vt 0.7786201 0.1388218
vt 0.8062455 0.1877891
vt 0.801981 0.1862521
vt 0.8043243 0.1917267
vt 0.801981 0.1862521
vt 0.7979968 0.1865606
vt 0.8001676 0.190332
vt 0.7979968 0.1865606
vt 0.7928557 0.1877543
vt 0.7961697 0.1904158
vt 0.7928557 0.1877543
vt 0.7884678 0.1879273
vt 0.7905674 0.1911887
vt 0.7884678 0.1879273
vt 0.7853235 0.1858726
vt 0.7855618 0.1908275
vt 0.7820535 0.1881528
vt 0.7853235 0.1858726
vt 0.7802331 0.1838037
vt 0.7802331 0.1838037
vt 0.7839635 0.1821452
vt 0.7812356 0.1791717
vt 0.7812356 0.1791717
vt 0.7853803 0.1784184
vt 0.7836115 0.1749336
vt 0.7836115 0.1749336
vt 0.7878111 0.1749013
vt 0.7859701 0.1704224
vt 0.7859701 0.1704224
vt 0.7901816 0.1709835
vt 0.7868334 0.1660476
vt 0.7911655 0.1668557
vt 0.7905244 0.162181
vt 0.7868334 0.1660476
vt 0.8366954 0.1238989
vt 0.833779 0.1270903
vt 0.8389929 0.1270175
vt 0.8389929 0.1270175
vt 0.8361647 0.1303366
vt 0.8411845 0.1299934
vt 0.8411845 0.1299934
vt 0.8385728 0.1334573
vt 0.8435928 0.132854
usemtl LKneePitchUV
f 1/1 2/2 3/3
f 1/4 4/5 5/6
f 5/7 7/8 8/9
f 9/10 10/11 11/12
f 14/13 10/14 9/15
f 14/16 13/17 15/18
f 17/19 18/20 19/21
f 20/22 21/23 22/24
f 23/25 24/26 25/27
f 26/28 27/29 28/30
f 29/31 30/32 31/33
f 32/34 33/35 34/36
f 35/37 36/38 37/39
f 38/40 39/41 40/42
f 41/43 42/44 43/45
f 44/46 45/47 46/48
f 47/49 48/50 49/51
f 51/52 52/53 53/54
f 55/55 56/56 57/57
f 53/58 52/59 25/60
f 54/61 58/62 59/63
f 50/64 60/65 61/66
f 56/67 62/68 63/69
f 65/70 59/71 58/72
f 66/73 67/74 61/75
f 62/76 68/77 69/78
f 71/79 24/80 23/81
f 73/82 65/83 64/84
f 74/85 75/86 67/87
f 68/88 76/89 77/90
f 29/91 31/92 78/93
f 79/94 78/95 80/96
f 30/97 29/98 83/99
f 22/100 71/101 70/102
f 84/103 85/104 73/105
f 80/106 86/107 87/108
f 19/109 75/110 74/111
f 77/112 76/113 88/114
f 83/115 90/116 91/117
f 86/118 92/119 93/120
f 95/121 91/122 90/123
f 96/124 97/125 18/126
f 89/127 88/128 98/129
f 93/130 92/131 100/132
f 103/133 85/134 84/135
f 105/136 97/137 96/138
f 107/139 95/140 94/141
f 100/142 108/143 109/144
f 99/145 98/146 110/147
f 28/148 105/149 104/150
f 113/151 107/152 106/153
f 108/154 114/155 115/156
f 111/157 110/158 116/159
f 119/160 103/161 102/162
f 120/163 121/164 27/165
f 122/166 123/167 113/168
f 114/169 124/170 125/171
f 126/172 127/173 121/174
f 128/175 129/176 123/177
f 124/178 130/179 131/180
f 130/181 129/182 128/183
f 116/184 132/185 133/186
f 132/187 134/188 135/189
f 137/190 119/191 118/192
f 135/193 134/194 138/195
f 139/196 138/197 140/198
f 143/199 137/200 136/201
f 141/202 140/203 144/204
f 144/205 146/206 147/207
f 149/208 143/209 142/210
f 150/211 151/212 152/213
f 153/214 152/215 154/216
f 156/217 157/218 151/219
f 155/220 154/221 158/222
f 160/223 161/224 157/225
f 159/226 158/227 162/228
f 164/229 165/230 161/231
f 162/232 166/233 167/234
f 169/235 165/236 164/237
f 171/238 169/239 168/240
f 167/241 166/242 172/243
f 174/244 175/245 171/246
f 177/247 175/248 174/249
f 173/250 172/251 178/252
f 180/253 181/254 177/255
f 182/256 183/257 181/258
f 179/259 178/260 184/261
f 187/262 183/263 182/264
f 189/265 187/266 186/267
f 185/268 184/269 190/270
f 193/271 189/272 188/273
f 194/274 195/275 193/276
f 190/277 196/278 197/279
f 32/280 198/281 199/282
f 201/283 199/284 198/285
f 34/286 202/287 203/288
f 204/289 205/290 201/291
f 203/292 202/293 206/294
f 208/295 209/296 205/297
f 207/298 206/299 210/300
f 213/301 209/302 208/303
f 211/304 210/305 214/306
f 216/307 217/308 213/309
f 215/310 214/311 218/312
f 220/313 221/314 217/315
f 218/316 222/317 223/318
f 224/319 225/320 221/321
f 222/322 226/323 227/324
f 228/325 229/326 225/327
f 227/328 226/329 229/330
f 230/331 231/332 232/333
f 234/334 235/335 231/336
f 232/337 236/338 237/339
f 43/340 235/341 234/342
f 236/343 238/344 239/345
f 42/346 41/347 241/348
f 239/349 238/350 45/351
f 39/352 38/353 240/354
f 46/355 242/356 243/357
f 243/358 242/359 244/360
f 245/361 244/362 36/363
f 37/364 246/365 247/366
f 246/367 248/368 249/369
f 250/370 251/371 252/372
f 254/373 255/374 252/375
f 250/376 253/377 257/378
f 254/379 258/380 259/381
f 260/382 256/383 257/384
f 258/385 262/386 263/387
f 264/388 260/389 261/390
f 266/391 267/392 263/393
f 268/394 264/395 265/396
f 266/397 270/398 271/399
f 272/400 268/401 269/402
f 274/403 275/404 271/405
f 273/406 47/407 49/408
f 276/409 277/410 275/411
f 278/412 48/413 47/414
f 280/415 281/416 277/417
f 282/418 278/419 279/420
f 284/421 285/422 281/423
f 282/424 283/425 287/426
f 284/427 288/428 289/429
f 290/430 286/431 287/432
f 292/433 293/434 289/435
f 290/436 291/437 295/438
f 296/439 297/440 293/441
f 298/442 294/443 295/444
f 296/445 300/446 301/447
f 298/448 299/449 301/450
f 303/451 304/452 305/453
f 38/454 40/455 306/456
f 308/457 309/458 307/459
f 308/460 310/461 311/462
f 311/463 312/464 313/465
f 312/466 314/467 315/468
f 317/469 318/470 319/471
f 321/472 317/473 316/474
f 323/475 321/476 320/477
f 325/478 323/479 322/480
f 324/481 326/482 327/483
f 328/484 329/485 327/486
f 331/487 329/488 328/489
f 332/490 333/491 331/492
f 335/493 333/494 332/495
f 336/496 337/497 335/498
f 336/499 63/500 69/501
f 338/502 339/503 340/504
f 342/505 343/506 339/507
f 344/508 345/509 343/510
f 346/511 347/512 345/513
f 348/514 349/515 347/516
f 350/517 349/518 348/519
f 350/520 351/521 353/522
f 354/523 352/524 353/525
f 354/526 355/527 357/528
f 357/529 358/530 359/531
f 359/532 358/533 160/534
f 149/535 148/536 360/537
f 146/538 362/539 363/540
f 194/541 364/542 365/543
f 197/544 196/545 366/546
f 304/547 303/548 368/549
f 314/550 370/551 371/552
f 318/553 372/554 373/555
f 341/556 340/557 374/558
f 361/559 360/560 376/561
f 362/562 378/563 379/564
f 365/565 364/566 380/567
f 367/568 366/569 382/570
f 369/571 368/572 384/573
f 370/574 386/575 387/576
f 372/577 388/578 389/579
f 375/580 374/581 390/582
f 377/583 376/584 392/585
f 378/586 394/587 395/588
f 380/589 396/590 397/591
f 383/592 382/593 398/594
f 385/595 384/596 400/597
f 386/598 402/599 403/600
f 388/601 404/602 405/603
f 391/604 390/605 406/606
f 409/607 410/608 411/609
f 412/610 413/611 414/612
f 417/613 418/614 419/615
f 421/616 422/617 423/618
f 424/619 425/620 418/621
f 420/622 426/623 427/624
f 424/625 428/626 429/627
f 430/628 431/629 427/630
f 433/631 429/632 428/633
f 434/634 435/635 431/636
f 437/637 433/638 432/639
f 438/640 439/641 435/642
f 440/643 441/644 437/645
f 438/646 442/647 443/648
f 440/649 444/650 445/651
f 446/652 447/653 443/654
f 444/655 448/656 449/657
f 450/658 451/659 447/660
f 452/661 453/662 449/663
f 450/664 454/665 455/666
f 457/667 453/668 452/669
f 458/670 459/671 455/672
f 460/673 461/674 457/675
f 458/676 462/677 463/678
f 465/679 461/680 460/681
f 466/682 467/683 463/684
f 468/685 469/686 465/687
f 466/688 470/689 471/690
f 473/691 469/692 468/693
f 474/694 475/695 471/696
f 476/697 477/698 473/699
f 474/700 478/701 479/702
f 481/703 477/704 476/705
f 482/706 483/707 479/708
f 484/709 485/710 481/711
f 487/712 483/713 482/714
f 489/715 485/716 484/717
f 490/718 491/719 487/720
f 492/721 493/722 489/723
f 495/724 491/725 490/726
f 496/727 497/728 493/729
f 494/730 498/731 499/732
f 500/733 501/734 497/735
f 503/736 499/737 498/738
f 504/739 505/740 501/741
f 502/742 506/743 507/744
f 508/745 509/746 505/747
f 506/748 510/749 511/750
f 513/751 509/752 508/753
f 514/754 515/755 511/756
f 516/757 517/758 513/759
f 514/760 518/761 519/762
f 521/763 517/764 516/765
f 522/766 523/767 519/768
f 524/769 525/770 521/771
f 522/772 526/773 527/774
f 524/775 528/776 529/777
f 530/778 531/779 527/780
f 532/781 533/782 529/783
f 530/784 534/785 535/786
f 537/787 533/788 532/789
f 538/790 539/791 535/792
f 540/793 541/794 537/795
f 543/796 539/797 538/798
f 416/799 419/800 541/801
f 542/802 423/803 422/804
f 545/805 546/806 547/807
f 548/808 549/809 550/810
f 553/811 546/812 545/813
f 554/814 555/815 549/816
f 552/817 556/818 557/819
f 558/820 559/821 555/822
f 560/823 561/824 557/825
f 562/826 563/827 559/828
f 564/829 565/830 561/831
f 562/832 566/833 567/834
f 569/835 565/836 564/837
f 566/838 570/839 571/840
f 568/841 572/842 573/843
f 574/844 575/845 571/846
f 572/847 576/848 577/849
f 579/850 575/851 574/852
f 581/853 577/854 576/855
f 578/856 582/857 583/858
f 584/859 585/860 581/861
f 586/862 587/863 583/864
f 589/865 585/866 584/867
f 586/868 590/869 591/870
f 592/871 593/872 589/873
f 594/874 595/875 591/876
f 597/877 593/878 592/879
f 594/880 598/881 599/882
f 600/883 601/884 597/885
f 598/886 602/887 603/888
f 605/889 601/890 600/891
f 602/892 606/893 607/894
f 609/895 605/896 604/897
f 610/898 611/899 607/900
f 612/901 613/902 609/903
f 614/904 615/905 611/906
f 616/907 617/908 613/909
f 618/910 619/911 615/912
f 616/913 620/914 621/915
f 623/916 619/917 618/918
f 624/919 625/920 621/921
f 626/922 627/923 623/924
f 624/925 628/926 629/927
f 630/928 631/929 627/930
f 633/931 629/932 628/933
f 634/934 635/935 631/936
f 636/937 637/938 633/939
f 634/940 638/941 639/942
f 641/943 637/944 636/945
f 638/946 642/947 643/948
f 644/949 645/950 641/951
f 646/952 647/953 643/954
f 648/955 649/956 645/957
f 650/958 651/959 647/960
f 653/961 649/962 648/963
f 650/964 654/965 655/966
f 656/967 657/968 653/969
f 658/970 659/971 655/972
f 660/973 661/974 657/975
f 658/976 662/977 663/978
f 665/979 661/980 660/981
f 666/982 667/983 663/984
f 668/985 669/986 665/987
f 670/988 671/989 667/990
f 544/991 547/992 669/993
f 551/994 550/995 671/996
f 673/997 674/998 675/999
f 677/1000 678/1001 679/1002
f 680/1003 681/1004 674/1005
f 676/1006 682/1007 683/1008
f 680/1009 684/1010 685/1011
f 686/1012 687/1013 683/1014
f 689/1015 685/1016 684/1017
f 690/1018 691/1019 687/1020
f 693/1021 689/1022 688/1023
f 694/1024 695/1025 691/1026
f 696/1027 697/1028 693/1029
f 694/1030 698/1031 699/1032
f 696/1033 700/1034 701/1035
f 702/1036 703/1037 699/1038
f 700/1039 704/1040 705/1041
f 706/1042 707/1043 703/1044
f 708/1045 709/1046 705/1047
f 706/1048 710/1049 711/1050
f 713/1051 709/1052 708/1053
f 714/1054 715/1055 711/1056
f 716/1057 717/1058 713/1059
f 714/1060 718/1061 719/1062
f 721/1063 717/1064 716/1065
f 722/1066 723/1067 719/1068
f 724/1069 725/1070 721/1071
f 722/1072 726/1073 727/1074
f 729/1075 725/1076 724/1077
f 730/1078 731/1079 727/1080
f 732/1081 733/1082 729/1083
f 730/1084 734/1085 735/1086
f 737/1087 733/1088 732/1089
f 738/1090 739/1091 735/1092
f 740/1093 741/1094 737/1095
f 743/1096 739/1097 738/1098
f 745/1099 741/1100 740/1101
f 746/1102 747/1103 743/1104
f 748/1105 749/1106 745/1107
f 751/1108 747/1109 746/1110
f 752/1111 753/1112 749/1113
f 750/1114 754/1115 755/1116
f 756/1117 757/1118 753/1119
f 759/1120 755/1121 754/1122
f 760/1123 761/1124 757/1125
f 758/1126 762/1127 763/1128
f 764/1129 765/1130 761/1131
f 762/1132 766/1133 767/1134
f 769/1135 765/1136 764/1137
f 770/1138 771/1139 767/1140
f 772/1141 773/1142 769/1143
f 770/1144 774/1145 775/1146
f 777/1147 773/1148 772/1149
f 778/1150 779/1151 775/1152
f 780/1153 781/1154 777/1155
f 778/1156 782/1157 783/1158
f 780/1159 784/1160 785/1161
f 786/1162 787/1163 783/1164
f 788/1165 789/1166 785/1167
f 786/1168 790/1169 791/1170
f 793/1171 789/1172 788/1173
f 794/1174 795/1175 791/1176
f 796/1177 797/1178 793/1179
f 799/1180 795/1181 794/1182
f 672/1183 675/1184 797/1185
f 798/1186 679/1187 678/1188
f 801/1189 802/1190 803/1191
f 805/1192 806/1193 807/1194
f 808/1195 809/1196 802/1197
f 804/1198 810/1199 811/1200
f 812/1201 813/1202 809/1203
f 814/1204 815/1205 811/1206
f 817/1207 813/1208 812/1209
f 818/1210 819/1211 815/1212
f 821/1213 817/1214 816/1215
f 822/1216 823/1217 819/1218
f 825/1219 821/1220 820/1221
f 826/1222 827/1223 823/1224
f 828/1225 829/1226 825/1227
f 831/1228 827/1229 826/1230
f 832/1231 833/1232 829/1233
f 835/1234 831/1235 830/1236
f 836/1237 837/1238 833/1239
f 838/1240 839/1241 835/1242
f 840/1243 841/1244 837/1245
f 838/1246 842/1247 843/1248
f 845/1249 841/1250 840/1251
f 842/1252 846/1253 847/1254
f 848/1255 849/1256 845/1257
f 846/1258 850/1259 851/1260
f 853/1261 849/1262 848/1263
f 854/1264 855/1265 851/1266
f 857/1267 853/1268 852/1269
f 854/1270 858/1271 859/1272
f 861/1273 857/1274 856/1275
f 858/1276 862/1277 863/1278
f 864/1279 865/1280 861/1281
f 862/1282 866/1283 867/1284
f 864/1285 868/1286 869/1287
f 871/1288 867/1289 866/1290
f 872/1291 873/1292 869/1293
f 870/1294 874/1295 875/1296
f 876/1297 877/1298 873/1299
f 879/1300 875/1301 874/1302
f 881/1303 877/1304 876/1305
f 878/1306 882/1307 883/1308
f 884/1309 885/1310 881/1311
f 887/1312 883/1313 882/1314
f 889/1315 885/1316 884/1317
f 886/1318 890/1319 891/1320
f 893/1321 889/1322 888/1323
f 890/1324 894/1325 895/1326
f 896/1327 897/1328 893/1329
f 894/1330 898/1331 899/1332
f 901/1333 897/1334 896/1335
f 898/1336 902/1337 903/1338
f 905/1339 901/1340 900/1341
f 906/1342 907/1343 903/1344
f 908/1345 909/1346 905/1347
f 906/1348 910/1349 911/1350
f 912/1351 913/1352 909/1353
f 914/1354 915/1355 911/1356
f 916/1357 917/1358 913/1359
f 918/1360 919/1361 915/1362
f 921/1363 917/1364 916/1365
f 922/1366 923/1367 919/1368
f 920/1369 924/1370 925/1371
f 927/1372 923/1373 922/1374
f 803/1375 925/1376 924/1377
f 807/1378 806/1379 927/1380
f 929/1381 930/1382 931/1383
f 933/1384 934/1385 935/1386
f 936/1387 937/1388 930/1389
f 932/1390 938/1391 939/1392
f 936/1393 940/1394 941/1395
f 942/1396 943/1397 939/1398
f 945/1399 941/1400 940/1401
f 946/1402 947/1403 943/1404
f 949/1405 945/1406 944/1407
f 950/1408 951/1409 947/1410
f 952/1411 953/1412 949/1413
f 950/1414 954/1415 955/1416
f 952/1417 956/1418 957/1419
f 958/1420 959/1421 955/1422
f 956/1423 960/1424 961/1425
f 962/1426 963/1427 959/1428
f 964/1429 965/1430 961/1431
f 962/1432 966/1433 967/1434
f 969/1435 965/1436 964/1437
f 970/1438 971/1439 967/1440
f 972/1441 973/1442 969/1443
f 970/1444 974/1445 975/1446
f 977/1447 973/1448 972/1449
f 978/1450 979/1451 975/1452
f 980/1453 981/1454 977/1455
f 978/1456 982/1457 983/1458
f 985/1459 981/1460 980/1461
f 986/1462 987/1463 983/1464
f 988/1465 989/1466 985/1467
f 986/1468 990/1469 991/1470
f 993/1471 989/1472 988/1473
f 994/1474 995/1475 991/1476
f 996/1477 997/1478 993/1479
f 999/1480 995/1481 994/1482
f 1001/1483 997/1484 996/1485
f 1002/1486 1003/1487 999/1488
f 1004/1489 1005/1490 1001/1491
f 1007/1492 1003/1493 1002/1494
f 1008/1495 1009/1496 1005/1497
f 1006/1498 1010/1499 1011/1500
f 1012/1501 1013/1502 1009/1503
f 1015/1504 1011/1505 1010/1506
f 1016/1507 1017/1508 1013/1509
f 1014/1510 1018/1511 1019/1512
f 1020/1513 1021/1514 1017/1515
f 1018/1516 1022/1517 1023/1518
f 1025/1519 1021/1520 1020/1521
f 1026/1522 1027/1523 1023/1524
f 1028/1525 1029/1526 1025/1527
f 1026/1528 1030/1529 1031/1530
f 1033/1531 1029/1532 1028/1533
f 1034/1534 1035/1535 1031/1536
f 1036/1537 1037/1538 1033/1539
f 1034/1540 1038/1541 1039/1542
f 1036/1543 1040/1544 1041/1545
f 1042/1546 1043/1547 1039/1548
f 1044/1549 1045/1550 1041/1551
f 1042/1552 1046/1553 1047/1554
f 1049/1555 1045/1556 1044/1557
f 1050/1558 1051/1559 1047/1560
f 1052/1561 1053/1562 1049/1563
f 1055/1564 1051/1565 1050/1566
f 928/1567 931/1568 1053/1569
f 1054/1570 935/1571 934/1572
f 1057/1573 1058/1574 1059/1575
f 1061/1576 1062/1577 1063/1578
f 1064/1579 1065/1580 1058/1581
f 1060/1582 1066/1583 1067/1584
f 1068/1585 1069/1586 1065/1587
f 1071/1588 1067/1589 1066/1590
f 1072/1591 1073/1592 1069/1593
f 1074/1594 1075/1595 1071/1596
f 1077/1597 1073/1598 1072/1599
f 1078/1600 1079/1601 1075/1602
f 1081/1603 1077/1604 1076/1605
f 1082/1606 1083/1607 1079/1608
f 1080/1609 1084/1610 1085/1611
f 1086/1612 1087/1613 1083/1614
f 1084/1615 1088/1616 1089/1617
f 1090/1618 1091/1619 1087/1620
f 1093/1621 1089/1622 1088/1623
f 1090/1624 1094/1625 1095/1626
f 1097/1627 1093/1628 1092/1629
f 1094/1630 1098/1631 1099/1632
f 1100/1633 1101/1634 1097/1635
f 1098/1636 1102/1637 1103/1638
f 1104/1639 1105/1640 1101/1641
f 1102/1642 1106/1643 1107/1644
f 1109/1645 1105/1646 1104/1647
f 1106/1648 1110/1649 1111/1650
f 1112/1651 1113/1652 1109/1653
f 1110/1654 1114/1655 1115/1656
f 1116/1657 1117/1658 1113/1659
f 1114/1660 1118/1661 1119/1662
f 1120/1663 1121/1664 1117/1665
f 1118/1666 1122/1667 1123/1668
f 1124/1669 1125/1670 1121/1671
f 1127/1672 1123/1673 1122/1674
f 1128/1675 1129/1676 1125/1677
f 1130/1678 1131/1679 1127/1680
f 1132/1681 1133/1682 1129/1683
f 1134/1684 1135/1685 1131/1686
f 1136/1687 1137/1688 1133/1689
f 1138/1690 1139/1691 1135/1692
f 1136/1693 1140/1694 1141/1695
f 1142/1696 1143/1697 1139/1698
f 1145/1699 1141/1700 1140/1701
f 1146/1702 1147/1703 1143/1704
f 1148/1705 1149/1706 1145/1707
f 1150/1708 1151/1709 1147/1710
f 1152/1711 1153/1712 1149/1713
f 1150/1714 1154/1715 1155/1716
f 1156/1717 1157/1718 1153/1719
f 1154/1720 1158/1721 1159/1722
f 1160/1723 1161/1724 1157/1725
f 1158/1726 1162/1727 1163/1728
f 1164/1729 1165/1730 1161/1731
f 1162/1732 1166/1733 1167/1734
f 1164/1735 1168/1736 1169/1737
f 1170/1738 1171/1739 1167/1740
f 1172/1741 1173/1742 1169/1743
f 1174/1744 1175/1745 1171/1746
f 1177/1747 1173/1748 1172/1749
f 1178/1750 1179/1751 1175/1752
f 1176/1753 1180/1754 1181/1755
f 1182/1756 1183/1757 1179/1758
f 1059/1759 1181/1760 1180/1761
f 1182/1762 1063/1763 1062/1764
f 1185/1765 1186/1766 1187/1767
f 1189/1768 1190/1769 1191/1770
f 1192/1771 1193/1772 1186/1773
f 1188/1774 1194/1775 1195/1776
f 1192/1777 1196/1778 1197/1779
f 1198/1780 1199/1781 1195/1782
f 1201/1783 1197/1784 1196/1785
f 1202/1786 1203/1787 1199/1788
f 1205/1789 1201/1790 1200/1791
f 1206/1792 1207/1793 1203/1794
f 1208/1795 1209/1796 1205/1797
f 1206/1798 1210/1799 1211/1800
f 1212/1801 1213/1802 1209/1803
f 1215/1804 1211/1805 1210/1806
f 1216/1807 1217/1808 1213/1809
f 1219/1810 1215/1811 1214/1812
f 1220/1813 1221/1814 1217/1815
f 1218/1816 1222/1817 1223/1818
f 1224/1819 1225/1820 1221/1821
f 1222/1822 1226/1823 1227/1824
f 1228/1825 1229/1826 1225/1827
f 1226/1828 1230/1829 1231/1830
f 1233/1831 1229/1832 1228/1833
f 1234/1834 1235/1835 1231/1836
f 1236/1837 1237/1838 1233/1839
f 1234/1840 1238/1841 1239/1842
f 1241/1843 1237/1844 1236/1845
f 1242/1846 1243/1847 1239/1848
f 1244/1849 1245/1850 1241/1851
f 1242/1852 1246/1853 1247/1854
f 1249/1855 1245/1856 1244/1857
f 1250/1858 1251/1859 1247/1860
f 1252/1861 1253/1862 1249/1863
f 1255/1864 1251/1865 1250/1866
f 1257/1867 1253/1868 1252/1869
f 1258/1870 1259/1871 1255/1872
f 1260/1873 1261/1874 1257/1875
f 1263/1876 1259/1877 1258/1878
f 1265/1879 1261/1880 1260/1881
f 1266/1882 1267/1883 1263/1884
f 1264/1885 1268/1886 1269/1887
f 1270/1888 1271/1889 1267/1890
f 1272/1891 1273/1892 1269/1893
f 1270/1894 1274/1895 1275/1896
f 1276/1897 1277/1898 1273/1899
f 1274/1900 1278/1901 1279/1902
f 1281/1903 1277/1904 1276/1905
f 1282/1906 1283/1907 1279/1908
f 1284/1909 1285/1910 1281/1911
f 1282/1912 1286/1913 1287/1914
f 1289/1915 1285/1916 1284/1917
f 1290/1918 1291/1919 1287/1920
f 1292/1921 1293/1922 1289/1923
f 1290/1924 1294/1925 1295/1926
f 1292/1927 1296/1928 1297/1929
f 1298/1930 1299/1931 1295/1932
f 1300/1933 1301/1934 1297/1935
f 1298/1936 1302/1937 1303/1938
f 1305/1939 1301/1940 1300/1941
f 1306/1942 1307/1943 1303/1944
f 1308/1945 1309/1946 1305/1947
f 1311/1948 1307/1949 1306/1950
f 1184/1951 1187/1952 1309/1953
f 1310/1954 1191/1955 1190/1956
f 1261/1957 1312/1958 1313/1959
f 1262/1960 1258/1961 1315/1962
f 1316/1963 1317/1964 1233/1965
f 1319/1966 1238/1967 1234/1968
f 1320/1969 1316/1970 1237/1971
f 1321/1972 1242/1973 1238/1974
f 1322/1975 1320/1976 1241/1977
f 1323/1978 1246/1979 1242/1980
f 1324/1981 1322/1982 1245/1983
f 1325/1984 1250/1985 1246/1986
f 1249/1987 1253/1988 1326/1989
f 1327/1990 1254/1991 1250/1992
f 1328/1993 1326/1994 1253/1995
f 1329/1996 1258/1997 1254/1998
f 1313/1999 1330/2000 1328/2001
f 1315/2002 1258/2003 1329/2004
f 1229/2005 1233/2006 1332/2007
f 1333/2008 1234/2009 1230/2010
f 1332/2011 1233/2012 1317/2013
f 1318/2014 1234/2015 1333/2016
f 1335/2017 1336/2018 1337/2019
f 1336/2020 1338/2021 1339/2022
f 1341/2023 1336/2024 1335/2025
f 1336/2026 1341/2027 1342/2028
f 1343/2029 1344/2030 1341/2031
f 1344/2032 1345/2033 1342/2034
f 1347/2035 1344/2036 1343/2037
f 1344/2038 1347/2039 1348/2040
f 1349/2041 1350/2042 1347/2043
f 1350/2044 1351/2045 1348/2046
f 1352/2047 1353/2048 1350/2049
f 1350/2050 1353/2051 1354/2052
f 1355/2053 1356/2054 1353/2055
f 1357/2056 1354/2057 1353/2058
f 1355/2059 1358/2060 1359/2061
f 1359/2062 1360/2063 1357/2064
f 1362/2065 1359/2066 1358/2067
f 1359/2068 1362/2069 1363/2070
f 1365/2071 1362/2072 1361/2073
f 1362/2074 1365/2075 1366/2076
f 1368/2077 1365/2078 1364/2079
f 1365/2080 1368/2081 1369/2082
f 1371/2083 1372/2084 1373/2085
f 1371/2086 1374/2087 1375/2088
f 1376/2089 1377/2090 1371/2091
f 1377/2092 1378/2093 1374/2094
f 1379/2095 1380/2096 1377/2097
f 1377/2098 1380/2099 1381/2100
f 1383/2101 1380/2102 1379/2103
f 1383/2104 1384/2105 1381/2106
f 1385/2107 1386/2108 1383/2109
f 1386/2110 1387/2111 1384/2112
f 1389/2113 1386/2114 1385/2115
f 1389/2116 1390/2117 1387/2118
f 1391/2119 1392/2120 1389/2121
f 1392/2122 1393/2123 1390/2124
f 1395/2125 1392/2126 1391/2127
f 1392/2128 1395/2129 1396/2130
f 1397/2131 1398/2132 1395/2133
f 1398/2134 1399/2135 1396/2136
f 1401/2137 1398/2138 1397/2139
f 1398/2140 1401/2141 1402/2142
f 1404/2143 1401/2144 1400/2145
f 1404/2146 1405/2147 1402/2148
f 1403/2149 1406/2150 1407/2151
f 1407/2152 1408/2153 1405/2154
f 1337/2155 1407/2156 1406/2157
f 1337/2158 1339/2159 1408/2160
f 1410/2161 1411/2162 1412/2163
f 1411/2164 1413/2165 1414/2166
f 1416/2167 1417/2168 1418/2169
f 1416/2170 1419/2171 1420/2172
f 1422/2173 1416/2174 1415/2175
f 1416/2176 1422/2177 1423/2178
f 1424/2179 1425/2180 1422/2181
f 1425/2182 1426/2183 1423/2184
f 1428/2185 1425/2186 1424/2187
f 1425/2188 1428/2189 1429/2190
f 1427/2191 1430/2192 1431/2193
f 1431/2194 1432/2195 1429/2196
f 1433/2197 1434/2198 1431/2199
f 1434/2200 1435/2201 1432/2202
f 1433/2203 1436/2204 1437/2205
f 1437/2206 1438/2207 1435/2208
f 1440/2209 1441/2210 1442/2211
f 1441/2212 1440/2213 1443/2214
f 1442/2215 1441/2216 1368/2217
f 1368/2218 1441/2219 1444/2220
f 1445/2221 1446/2222 1447/2223
f 1448/2224 1449/2225 1450/2226
f 1445/2227 1447/2228 1451/2229
f 1452/2230 1448/2231 1450/2232
f 1453/2233 1451/2234 1447/2235
f 1448/2236 1452/2237 1454/2238
f 1453/2239 1447/2240 1455/2241
f 1456/2242 1448/2243 1454/2244
f 1455/2245 1447/2246 1457/2247
f 1458/2248 1448/2249 1456/2250
f 1457/2251 1447/2252 1459/2253
f 1460/2254 1448/2255 1458/2256
f 1461/2257 1459/2258 1447/2259
f 1448/2260 1460/2261 1462/2262
f 1463/2263 1461/2264 1447/2265
f 1448/2266 1462/2267 1464/2268
f 1463/2269 1447/2270 1465/2271
f 1466/2272 1448/2273 1464/2274
f 1465/2275 1447/2276 1467/2277
f 1468/2278 1448/2279 1466/2280
f 1467/2281 1447/2282 1469/2283
f 1470/2284 1448/2285 1468/2286
f 1469/2287 1447/2288 1471/2289
f 1472/2290 1448/2291 1470/2292
f 1471/2293 1447/2294 1473/2295
f 1474/2296 1448/2297 1472/2298
f 1473/2299 1447/2300 1475/2301
f 1476/2302 1448/2303 1474/2304
f 1475/2305 1447/2306 1477/2307
f 1478/2308 1448/2309 1476/2310
f 1477/2311 1447/2312 1479/2313
f 1480/2314 1448/2315 1478/2316
f 1481/2317 1479/2318 1447/2319
f 1448/2320 1480/2321 1482/2322
f 1481/2323 1447/2324 1483/2325
f 1484/2326 1448/2327 1482/2328
f 1485/2329 1483/2330 1447/2331
f 1448/2332 1484/2333 1486/2334
f 1485/2335 1447/2336 1487/2337
f 1488/2338 1448/2339 1486/2340
f 1489/2341 1487/2342 1447/2343
f 1448/2344 1488/2345 1490/2346
f 1489/2347 1447/2348 1491/2349
f 1492/2350 1448/2351 1490/2352
f 1491/2353 1447/2354 1493/2355
f 1494/2356 1448/2357 1492/2358
f 1493/2359 1447/2360 1495/2361
f 1496/2362 1448/2363 1494/2364
f 1495/2365 1447/2366 1497/2367
f 1498/2368 1448/2369 1496/2370
f 1497/2371 1447/2372 1499/2373
f 1500/2374 1448/2375 1498/2376
f 1499/2377 1447/2378 1501/2379
f 1502/2380 1448/2381 1500/2382
f 1503/2383 1501/2384 1447/2385
f 1448/2386 1502/2387 1504/2388
f 1503/2389 1447/2390 1505/2391
f 1506/2392 1448/2393 1504/2394
f 1505/2395 1447/2396 1507/2397
f 1508/2398 1448/2399 1506/2400
f 1509/2401 1507/2402 1447/2403
f 1448/2404 1508/2405 1510/2406
f 1447/2407 1446/2408 1509/2409
f 1510/2410 1449/2411 1448/2412
f 1511/2413 1512/2414 1513/2415
f 1513/2416 1512/2417 1515/2418
f 1514/2419 1513/2420 1517/2421
f 1517/2422 1513/2423 1516/2424
f 1521/2425 1522/2426 1523/2427
f 1525/2428 1526/2429 1527/2430
f 1529/2431 1521/2432 1520/2433
f 1527/2434 1526/2435 1530/2436
f 1520/2437 1523/2438 1532/2439
f 1528/2440 1520/2441 1533/2442
f 1535/2443 1536/2444 1527/2445
f 1536/2446 1537/2447 1527/2448
f 1538/2449 1524/2450 1527/2451
f 1535/2452 1539/2453 1540/2454
f 1536/2455 1540/2456 1542/2457
f 1543/2458 1544/2459 1545/2460
f 1546/2461 1545/2462 1548/2463
f 1548/2464 1549/2465 1550/2466
f 1552/2467 1553/2468 1554/2469
f 1555/2470 1551/2471 1554/2472
f 1555/2473 1556/2474 1558/2475
f 1559/2476 1560/2477 1561/2478
f 1561/2479 1563/2480 1564/2481
f 1563/2482 1565/2483 1566/2484
f 1567/2485 1568/2486 1569/2487
f 1572/2488 1573/2489 1574/2490
f 1576/2491 1572/2492 1571/2493
f 1569/2494 1577/2495 1578/2496
f 1580/2497 1581/2498 1582/2499
f 1521/2500 1583/2501 1584/2502
f 1584/2503 1583/2504 1526/2505
f 1531/2506 1530/2507 1585/2508
f 1585/2509 1529/2510 1528/2511
f 1529/2512 1585/2513 1583/2514
f 1583/2515 1585/2516 1530/2517
f 1535/2518 1531/2519 1586/2520
f 1587/2521 1586/2522 1528/2523
f 1539/2524 1535/2525 1587/2526
f 1588/2527 1587/2528 1534/2529
f 1591/2530 1592/2531 1593/2532
f 1592/2533 1576/2534 1575/2535
f 1594/2536 1595/2537 1573/2538
f 1596/2539 1597/2540 1578/2541
f 1599/2542 1600/2543 1597/2544
f 1600/2545 1570/2546 1578/2547
f 1601/2548 1602/2549 1600/2550
f 1602/2551 1567/2552 1570/2553
f 1603/2554 1604/2555 1605/2556
f 1606/2557 1605/2558 1571/2559
f 1604/2560 1607/2561 1608/2562
f 1605/2563 1608/2564 1575/2565
f 1581/2566 1609/2567 1610/2568
f 1609/2569 1611/2570 1612/2571
f 1613/2572 1614/2573 1615/2574
f 1616/2575 1615/2576 1590/2577
f 1607/2578 1613/2579 1616/2580
f 1608/2581 1616/2582 1593/2583
f 1607/2584 1604/2585 1617/2586
f 1618/2587 1617/2588 1619/2589
f 1604/2590 1603/2591 1621/2592
f 1617/2593 1621/2594 1622/2595
f 1599/2596 1623/2597 1624/2598
f 1623/2599 1625/2600 1626/2601
f 1598/2602 1627/2603 1623/2604
f 1627/2605 1628/2606 1625/2607
f 1579/2608 1582/2609 1629/2610
f 1630/2611 1629/2612 1631/2613
f 1634/2614 1635/2615 1636/2616
f 1613/2617 1607/2618 1618/2619
f 1637/2620 1618/2621 1620/2622
f 1614/2623 1613/2624 1637/2625
f 1639/2626 1637/2627 1638/2628
f 1596/2629 1598/2630 1597/2631
f 1598/2632 1596/2633 1641/2634
f 1627/2635 1641/2636 1642/2637
f 1569/2638 1568/2639 1643/2640
f 1644/2641 1643/2642 1645/2643
f 1577/2644 1569/2645 1644/2646
f 1647/2647 1644/2648 1646/2649
f 1544/2650 1543/2651 1649/2652
f 1649/2653 1541/2654 1542/2655
f 1574/2656 1573/2657 1651/2658
f 1652/2659 1651/2660 1568/2661
f 1601/2662 1653/2663 1654/2664
f 1653/2665 1603/2666 1606/2667
f 1567/2668 1602/2669 1654/2670
f 1652/2671 1654/2672 1606/2673
f 1603/2674 1653/2675 1655/2676
f 1653/2677 1601/2678 1624/2679
f 1621/2680 1655/2681 1656/2682
f 1655/2683 1624/2684 1626/2685
f 1643/2686 1657/2687 1658/2688
f 1658/2689 1659/2690 1645/2691
f 1568/2692 1651/2693 1657/2694
f 1595/2695 1657/2696 1651/2697
f 1658/2698 1657/2699 1660/2700
f 1661/2701 1657/2702 1595/2703
f 1660/2704 1657/2705 1661/2706
f 1576/2707 1663/2708 1594/2709
f 1664/2710 1663/2711 1576/2712
f 1665/2713 1664/2714 1592/2715
f 1619/2716 1666/2717 1667/2718
f 1666/2719 1540/2720 1539/2721
f 1622/2722 1668/2723 1666/2724
f 1668/2725 1542/2726 1540/2727
f 1544/2728 1669/2729 1670/2730
f 1669/2731 1626/2732 1625/2733
f 1625/2734 1628/2735 1671/2736
f 1670/2737 1671/2738 1548/2739
f 1632/2740 1631/2741 1672/2742
f 1673/2743 1672/2744 1557/2745
f 1565/2746 1674/2747 1675/2748
f 1674/2749 1634/2750 1633/2751
f 1638/2752 1620/2753 1667/2754
f 1667/2755 1539/2756 1588/2757
f 1640/2758 1638/2759 1676/2760
f 1676/2761 1588/2762 1589/2763
f 1628/2764 1642/2765 1678/2766
f 1671/2767 1678/2768 1549/2769
f 1542/2770 1668/2771 1679/2772
f 1668/2773 1622/2774 1656/2775
f 1650/2776 1679/2777 1669/2778
f 1679/2779 1656/2780 1626/2781
f 1594/2782 1680/2783 1681/2784
f 1595/2785 1681/2786 1682/2787
f 1663/2788 1683/2789 1680/2790
f 1664/2791 1684/2792 1683/2793
f 1665/2794 1685/2795 1684/2796
f 1687/2797 1688/2798 1689/2799
f 1687/2800 1690/2801 1691/2802
f 1686/2803 1692/2804 1693/2805
f 1687/2806 1693/2807 1694/2808
f 1532/2809 1695/2810 1696/2811
f 1695/2812 1552/2813 1551/2814
f 1534/2815 1697/2816 1698/2817
f 1698/2818 1697/2819 1555/2820
f 1534/2821 1533/2822 1696/2823
f 1697/2824 1696/2825 1551/2826
f 1611/2827 1699/2828 1700/2829
f 1699/2830 1591/2831 1590/2832
f 1614/2833 1701/2834 1702/2835
f 1701/2836 1582/2837 1610/2838
f 1615/2839 1702/2840 1700/2841
f 1702/2842 1610/2843 1612/2844
f 1582/2845 1701/2846 1703/2847
f 1701/2848 1614/2849 1639/2850
f 1629/2851 1703/2852 1704/2853
f 1703/2854 1639/2855 1640/2856
f 1591/2857 1699/2858 1705/2859
f 1699/2860 1611/2861 1706/2862
f 1631/2863 1704/2864 1707/2865
f 1704/2866 1640/2867 1677/2868
f 1672/2869 1707/2870 1698/2871
f 1707/2872 1677/2873 1589/2874
f 1665/2875 1705/2876 1708/2877
f 1635/2878 1709/2879 1710/2880
f 1711/2881 1712/2882 1693/2883
f 1712/2884 1713/2885 1694/2886
f 1714/2887 1715/2888 1712/2889
f 1715/2890 1716/2891 1713/2892
f 1717/2893 1718/2894 1719/2895
f 1720/2896 1721/2897 1719/2898
f 1722/2899 1723/2900 1721/2901
f 1717/2902 1724/2903 1725/2904
f 1718/2905 1725/2906 1726/2907
f 1720/2908 1726/2909 1727/2910
f 1728/2911 1729/2912 1723/2913
f 1730/2914 1728/2915 1722/2916
f 1731/2917 1732/2918 1729/2919
f 1733/2920 1731/2921 1728/2922
f 1734/2923 1735/2924 1732/2925
f 1736/2926 1734/2927 1731/2928
f 1737/2929 1738/2930 1735/2931
f 1739/2932 1737/2933 1734/2934
f 1740/2935 1741/2936 1738/2937
f 1742/2938 1740/2939 1737/2940
f 1743/2941 1744/2942 1741/2943
f 1745/2944 1743/2945 1740/2946
f 1746/2947 1747/2948 1744/2949
f 1745/2950 1748/2951 1746/2952
f 1750/2953 1751/2954 1752/2955
f 1634/2956 1750/2957 1749/2958
f 1753/2959 1754/2960 1751/2961
f 1674/2962 1753/2963 1750/2964
f 1755/2965 1756/2966 1754/2967
f 1565/2968 1755/2969 1753/2970
f 1757/2971 1758/2972 1756/2973
f 1563/2974 1757/2975 1755/2976
f 1758/2977 1757/2978 1561/2979
f 1747/2980 1746/2981 1759/2982
f 1760/2983 1759/2984 1749/2985
f 1746/2986 1748/2987 1709/2988
f 1759/2989 1709/2990 1635/2991
f 1756/2992 1758/2993 1761/2994
f 1756/2995 1761/2996 1762/2997
f 1754/2998 1762/2999 1763/3000
f 1751/3001 1763/3002 1764/3003
f 1752/3004 1764/3005 1765/3006
f 1561/3007 1757/3008 1563/3009
f 1766/3010 1662/3011 1767/3012
f 1682/3013 1681/3014 1768/3015
f 1767/3016 1768/3017 1769/3018
f 1681/3019 1680/3020 1770/3021
f 1768/3022 1770/3023 1771/3024
f 1680/3025 1683/3026 1772/3027
f 1770/3028 1772/3029 1773/3030
f 1683/3031 1684/3032 1774/3033
f 1772/3034 1774/3035 1689/3036
f 1684/3037 1685/3038 1775/3039
f 1774/3040 1775/3041 1686/3042
f 1685/3043 1708/3044 1776/3045
f 1775/3046 1776/3047 1692/3048
f 1776/3049 1777/3050 1711/3051
f 1714/3052 1711/3053 1777/3054
f 1708/3055 1778/3056 1777/3057
f 1717/3058 1777/3059 1778/3060
f 1705/3061 1724/3062 1778/3063
f 1726/3064 1779/3065 1780/3066
f 1725/3067 1781/3068 1779/3069
f 1725/3070 1724/3071 1781/3072
f 1691/3073 1690/3074 1782/3075
f 1783/3076 1782/3077 1784/3078
f 1690/3079 1694/3080 1786/3081
f 1782/3082 1786/3083 1787/3084
f 1713/3085 1788/3086 1786/3087
f 1788/3088 1789/3089 1787/3090
f 1716/3091 1790/3092 1788/3093
f 1790/3094 1791/3095 1789/3096
f 1792/3097 1793/3098 1790/3099
f 1793/3100 1794/3101 1791/3102
f 1792/3103 1795/3104 1796/3105
f 1793/3106 1796/3107 1797/3108
f 1785/3109 1798/3110 1799/3111
f 1783/3112 1799/3113 1800/3114
f 1798/3115 1801/3116 1802/3117
f 1799/3118 1802/3119 1803/3120
f 1801/3121 1804/3122 1805/3123
f 1802/3124 1805/3125 1806/3126
f 1804/3127 1807/3128 1808/3129
f 1805/3130 1808/3131 1809/3132
f 1810/3133 1811/3134 1812/3135
f 1813/3136 1812/3137 1814/3138
f 1817/3139 1818/3140 1819/3141
f 1819/3142 1818/3143 1820/3144
f 1822/3145 1823/3146 1824/3147
f 1825/3148 1824/3149 1826/3150
f 1823/3151 1828/3152 1829/3153
f 1824/3154 1829/3155 1830/3156
f 1831/3157 1832/3158 1829/3159
f 1832/3160 1833/3161 1830/3162
f 1831/3163 1834/3164 1835/3165
f 1832/3166 1835/3167 1836/3168
f 1834/3169 1837/3170 1838/3171
f 1835/3172 1838/3173 1839/3174
f 1837/3175 1840/3176 1841/3177
f 1838/3178 1841/3179 1842/3180
f 1840/3181 1843/3182 1844/3183
f 1841/3184 1844/3185 1845/3186
f 1843/3187 1758/3188 1846/3189
f 1844/3190 1846/3191 1847/3192
f 1758/3193 1560/3194 1848/3195
f 1843/3196 1761/3197 1758/3198
f 1762/3199 1761/3200 1843/3201
f 1763/3202 1762/3203 1840/3204
f 1764/3205 1763/3206 1837/3207
f 1765/3208 1764/3209 1834/3210
f 1846/3211 1848/3212 1847/3213
f 1808/3214 1849/3215 1850/3216
f 1851/3217 1849/3218 1808/3219
f 1784/3220 1852/3221 1853/3222
f 1787/3223 1854/3224 1852/3225
f 1785/3226 1853/3227 1855/3228
f 1798/3229 1855/3230 1856/3231
f 1801/3232 1856/3233 1857/3234
f 1804/3235 1857/3236 1858/3237
f 1807/3238 1858/3239 1859/3240
f 1797/3241 1860/3242 1861/3243
f 1794/3244 1861/3245 1862/3246
f 1791/3247 1862/3248 1863/3249
f 1789/3250 1863/3251 1854/3252
f 1538/3253 1864/3254 1865/3255
f 1866/3256 1867/3257 1532/3258
f 1868/3259 1866/3260 1523/3261
f 1524/3262 1865/3263 1869/3264
f 1870/3265 1871/3266 1553/3267
f 1584/3268 1872/3269 1868/3270
f 1869/3271 1872/3272 1584/3273
f 1532/3274 1867/3275 1873/3276
f 1873/3277 1870/3278 1552/3279
f 1864/3280 1874/3281 1875/3282
f 1876/3283 1877/3284 1867/3285
f 1878/3286 1876/3287 1866/3288
f 1865/3289 1875/3290 1879/3291
f 1870/3292 1880/3293 1881/3294
f 1872/3295 1882/3296 1878/3297
f 1879/3298 1882/3299 1872/3300
f 1867/3301 1877/3302 1883/3303
f 1873/3304 1883/3305 1880/3306
f 1876/3307 1878/3308 1882/3309
f 1884/3310 1882/3311 1879/3312
f 1880/3313 1885/3314 1886/3315
f 1877/3316 1887/3317 1888/3318
f 1883/3319 1888/3320 1885/3321
f 1889/3322 1890/3323 1884/3324
f 1874/3325 1891/3326 1892/3327
f 1891/3328 1894/3329 1895/3330
f 1894/3331 1896/3332 1897/3333
f 1896/3334 1898/3335 1899/3336
f 1876/3337 1884/3338 1890/3339
f 1890/3340 1900/3341 1887/3342
f 1874/3343 1889/3344 1875/3345
f 1893/3346 1901/3347 1889/3348
f 1901/3349 1900/3350 1890/3351
f 1902/3352 1903/3353 1641/3354
f 1904/3355 1902/3356 1596/3357
f 1903/3358 1905/3359 1642/3360
f 1906/3361 1907/3362 1549/3363
f 1905/3364 1906/3365 1678/3366
f 1908/3367 1909/3368 1903/3369
f 1910/3370 1908/3371 1902/3372
f 1903/3373 1909/3374 1911/3375
f 1912/3376 1913/3377 1907/3378
f 1911/3379 1912/3380 1906/3381
f 1914/3382 1915/3383 1909/3384
f 1916/3385 1914/3386 1908/3387
f 1909/3388 1915/3389 1917/3390
f 1912/3391 1918/3392 1913/3393
f 1917/3394 1918/3395 1912/3396
f 1577/3397 1910/3398 1904/3399
f 1647/3400 1916/3401 1910/3402
f 1915/3403 1914/3404 1920/3405
f 1919/3406 1921/3407 1917/3408
f 1921/3409 1922/3410 1918/3411
f 1913/3412 1918/3413 1922/3414
f 1549/3415 1907/3416 1550/3417
f 1913/3418 1550/3419 1907/3420
f 1550/3421 1913/3422 1923/3423
f 1924/3424 1925/3425 1926/3426
f 1927/3427 1926/3428 1928/3429
f 1930/3430 1931/3431 1932/3432
f 1934/3433 1935/3434 1931/3435
f 1936/3436 1937/3437 1935/3438
f 1939/3439 1937/3440 1936/3441
f 1933/3442 1932/3443 1940/3444
f 1941/3445 1940/3446 1942/3447
f 1943/3448 1942/3449 1925/3450
f 1945/3451 1946/3452 1947/3453
f 1949/3454 1950/3455 1951/3456
f 1948/3457 1951/3458 1946/3459
f 1952/3460 1953/3461 1954/3462
f 1953/3463 1956/3464 1957/3465
f 1958/3466 1959/3467 1957/3468
f 1960/3469 1961/3470 1959/3471
f 1962/3472 1952/3473 1955/3474
f 1964/3475 1962/3476 1963/3477
f 1964/3478 1965/3479 1950/3480
f 1885/3481 1966/3482 1967/3483
f 1966/3484 1945/3485 1944/3486
f 1887/3487 1968/3488 1969/3489
f 1968/3490 1949/3491 1948/3492
f 1888/3493 1969/3494 1966/3495
f 1969/3496 1948/3497 1945/3498
f 1893/3499 1892/3500 1970/3501
f 1971/3502 1970/3503 1953/3504
f 1892/3505 1895/3506 1972/3507
f 1970/3508 1972/3509 1956/3510
f 1895/3511 1897/3512 1973/3513
f 1972/3514 1973/3515 1958/3516
f 1897/3517 1899/3518 1974/3519
f 1973/3520 1974/3521 1960/3522
f 1901/3523 1893/3524 1971/3525
f 1975/3526 1971/3527 1952/3528
f 1900/3529 1901/3530 1975/3531
f 1976/3532 1975/3533 1962/3534
f 1900/3535 1976/3536 1968/3537
f 1976/3538 1964/3539 1949/3540
f 1955/3541 1954/3542 1977/3543
f 1954/3544 1957/3545 1979/3546
f 1957/3547 1959/3548 1980/3549
f 1961/3550 1981/3551 1980/3552
f 1977/3553 1979/3554 1982/3555
f 1979/3556 1980/3557 1984/3558
f 1980/3559 1981/3560 1985/3561
f 1987/3562 1988/3563 1989/3564
f 1925/3565 1990/3566 1991/3567
f 1990/3568 1992/3569 1993/3570
f 1926/3571 1991/3572 1987/3573
f 1991/3574 1993/3575 1988/3576
f 1931/3577 1994/3578 1995/3579
f 1931/3580 1935/3581 1996/3582
f 1935/3583 1937/3584 1997/3585
f 1937/3586 1939/3587 1998/3588
f 1932/3589 1995/3590 1999/3591
f 1940/3592 1999/3593 2000/3594
f 1942/3595 2000/3596 1990/3597
f 2000/3598 2001/3599 1992/3600
f 1994/3601 2002/3602 2003/3603
f 2002/3604 2004/3605 2005/3606
f 1996/3607 2006/3608 2002/3609
f 2006/3610 2007/3611 2004/3612
f 1996/3613 1997/3614 2008/3615
f 2006/3616 2008/3617 2009/3618
f 1997/3619 1998/3620 2010/3621
f 2008/3622 2010/3623 2011/3624
f 1995/3625 2003/3626 2012/3627
f 2003/3628 2005/3629 2013/3630
f 2013/3631 2001/3632 2012/3633
f 2001/3634 2000/3635 1999/3636
f 1978/3637 1977/3638 1983/3639
f 1560/3640 1559/3641 2014/3642
f 1848/3643 2014/3644 2015/3645
f 1847/3646 2015/3647 2016/3648
f 1842/3649 1845/3650 2016/3651
f 1839/3652 1842/3653 2017/3654
f 1946/3655 2019/3656 2020/3657
f 2019/3658 1929/3659 2021/3660
f 1950/3661 2022/3662 2023/3663
f 2022/3664 1924/3665 1927/3666
f 1951/3667 2023/3668 2019/3669
f 2023/3670 1927/3671 1929/3672
f 1965/3673 1963/3674 2024/3675
f 2024/3676 1941/3677 1943/3678
f 1965/3679 2025/3680 2022/3681
f 2025/3682 1943/3683 1924/3684
f 1978/3685 2024/3686 1963/3687
f 1933/3688 1941/3689 2024/3690
f 1836/3691 1839/3692 2018/3693
f 1833/3694 1836/3695 2026/3696
f 1898/3697 2028/3698 2029/3699
f 2029/3700 2028/3701 2030/3702
f 1961/3703 1960/3704 2032/3705
f 2033/3706 2032/3707 2034/3708
f 1974/3709 1899/3710 2029/3711
f 2036/3712 2029/3713 2031/3714
f 1960/3715 1974/3716 2036/3717
f 2032/3718 2036/3719 2037/3720
f 2035/3721 2038/3722 2039/3723
f 2040/3724 2039/3725 1985/3726
f 2040/3727 2033/3728 2035/3729
f 1939/3730 2041/3731 2042/3732
f 2041/3733 2043/3734 2044/3735
f 2045/3736 2046/3737 2042/3738
f 2046/3739 2010/3740 1998/3741
f 2041/3742 2047/3743 2043/3744
f 2048/3745 2046/3746 2045/3747
f 2033/3748 2040/3749 1981/3750
f 1938/3751 2047/3752 2041/3753
f 2010/3754 2046/3755 2048/3756
f 2050/3757 2051/3758 2052/3759
f 2051/3760 2053/3761 2054/3762
f 2055/3763 2056/3764 2057/3765
f 2060/3766 2061/3767 2062/3768
f 2061/3769 2056/3770 2055/3771
f 2058/3772 2057/3773 2063/3774
f 2064/3775 2063/3776 2065/3777
f 2056/3778 2067/3779 2068/3780
f 2069/3781 2067/3782 2056/3783
f 2057/3784 2068/3785 2070/3786
f 2060/3787 2053/3788 2071/3789
f 2063/3790 2072/3791 2073/3792
f 2067/3793 2074/3794 2075/3795
f 2069/3796 2076/3797 2074/3798
f 2061/3799 2071/3800 2076/3801
f 2070/3802 2077/3803 2072/3804
f 2068/3805 2075/3806 2077/3807
f 2072/3808 2078/3809 2073/3810
f 2074/3811 2079/3812 2075/3813
f 2080/3814 2079/3815 2074/3816
f 2081/3817 2080/3818 2076/3819
f 2077/3820 2078/3821 2072/3822
f 2079/3823 2078/3824 2077/3825
f 2059/3826 2054/3827 2053/3828
f 2051/3829 2050/3830 2082/3831
f 2051/3832 2083/3833 2053/3834
f 2084/3835 2081/3836 2071/3837
f 2084/3838 2071/3839 2053/3840
f 2083/3841 2085/3842 2084/3843
f 2086/3844 2085/3845 2083/3846
f 2086/3847 2087/3848 2088/3849
f 2085/3850 2088/3851 2081/3852
f 2089/3853 2079/3854 2080/3855
f 2090/3856 2089/3857 2088/3858
f 2091/3859 2092/3860 2089/3861
f 2093/3862 2094/3863 2092/3864
f 2095/3865 2096/3866 1862/3867
f 1862/3868 2096/3869 1863/3870
f 1854/3871 1863/3872 2096/3873
f 1852/3874 1854/3875 2096/3876
f 1852/3877 2097/3878 2098/3879
f 1580/3880 1739/3881 1736/3882
f 1736/3883 1733/3884 1609/3885
f 1611/3886 1609/3887 1733/3888
f 1730/3889 1727/3890 1706/3891
f 1724/3892 1705/3893 1781/3894
f 1781/3895 1705/3896 1706/3897
f 1706/3898 1779/3899 1781/3900
f 1706/3901 1780/3902 1779/3903
f 1706/3904 1727/3905 1780/3906
f 1930/3907 1933/3908 2099/3909
f 2099/3910 1933/3911 1983/3912
f 1983/3913 1982/3914 2100/3915
f 2100/3916 1934/3917 1930/3918
f 1982/3919 1984/3920 2101/3921
f 2100/3922 2101/3923 1936/3924
f 1984/3925 1985/3926 2102/3927
f 2101/3928 2102/3929 1938/3930
f 2047/3931 1938/3932 2102/3933
f 2103/3934 2102/3935 1985/3936
f 2043/3937 2047/3938 2103/3939
f 2038/3940 2103/3941 2039/3942
f 2048/3943 2104/3944 2105/3945
f 2045/3946 2106/3947 2104/3948
f 2104/3949 2107/3950 2108/3951
f 2106/3952 2109/3953 2107/3954
f 2107/3955 2110/3956 2111/3957
f 2109/3958 2112/3959 2110/3960
f 2094/3961 2093/3962 2113/3963
f 2065/3964 2073/3965 2115/3966
f 2031/3967 2030/3968 2116/3969
f 2117/3970 2116/3971 2049/3972
f 2035/3973 2034/3974 2118/3975
f 2119/3976 2118/3977 2059/3978
f 2038/3979 2035/3980 2119/3981
f 2120/3982 2119/3983 2062/3984
f 2037/3985 2031/3986 2117/3987
f 2121/3988 2117/3989 2052/3990
f 2034/3991 2037/3992 2121/3993
f 2118/3994 2121/3995 2054/3996
f 2043/3997 2122/3998 2123/3999
f 2122/4000 2058/4001 2064/4002
f 2044/4003 2123/4004 2124/4005
f 2123/4006 2064/4007 2066/4008
f 2055/4009 2058/4010 2122/4011
f 2120/4012 2122/4013 2043/4014
f 2066/4015 2115/4016 2125/4017
f 2124/4018 2125/4019 2106/4020
f 2115/4021 2114/4022 2126/4023
f 2125/4024 2126/4025 2109/4026
f 2114/4027 2113/4028 2127/4029
f 2126/4030 2127/4031 2112/4032
f 2094/4033 2114/4034 2115/4035
f 1849/4036 2128/4037 2129/4038
f 1851/4039 2130/4040 2128/4041
f 1859/4042 2131/4043 2130/4044
f 1858/4045 2132/4046 2131/4047
f 1857/4048 2133/4049 2132/4050
f 1857/4051 1856/4052 2134/4053
f 1856/4054 1855/4055 2135/4056
f 1855/4057 1853/4058 2098/4059
f 1986/4060 2136/4061 1928/4062
f 2136/4063 2021/4064 1929/4065
f 2138/4066 1559/4067 1562/4068
f 2139/4069 2137/4070 1562/4071
f 2140/4072 2139/4073 1564/4074
f 1710/4075 2141/4076 2142/4077
f 1636/4078 2142/4079 2143/4080
f 1675/4081 1633/4082 2143/4083
f 1675/4084 2144/4085 2140/4086
f 2138/4087 2145/4088 2014/4089
f 2145/4090 2146/4091 2015/4092
f 2147/4093 2016/4094 2015/4095
f 2148/4096 2149/4097 2026/4098
f 2148/4099 2018/4100 2017/4101
f 2150/4102 2017/4103 2016/4104
f 2149/4105 2151/4106 2027/4107
f 1553/4108 2152/4109 2153/4110
f 2152/4111 2138/4112 2137/4113
f 1556/4114 1554/4115 2153/4116
f 2153/4117 2137/4118 2139/4119
f 1556/4120 2154/4121 2155/4122
f 2154/4123 2139/4124 2140/4125
f 2141/4126 2156/4127 2157/4128
f 2156/4129 1579/4130 1630/4131
f 2142/4132 2157/4133 2158/4134
f 2157/4135 1630/4136 1632/4137
f 2143/4138 2158/4139 2159/4140
f 2158/4141 1632/4142 1673/4143
f 2144/4144 2159/4145 2155/4146
f 2159/4147 1673/4148 1558/4149
f 1553/4150 1871/4151 2160/4152
f 2152/4153 2160/4154 2145/4155
f 1871/4156 1881/4157 2161/4158
f 2160/4159 2161/4160 2146/4161
f 1881/4162 1886/4163 2162/4164
f 2161/4165 2162/4166 2147/4167
f 1944/4168 1947/4169 2163/4170
f 2163/4171 2149/4172 2148/4173
f 1967/4174 1944/4175 2164/4176
f 2165/4177 2164/4178 2148/4179
f 1886/4180 1967/4181 2165/4182
f 2162/4183 2165/4184 2150/4185
f 1947/4186 2020/4187 2166/4188
f 2166/4189 2151/4190 2149/4191
f 1579/4192 2156/4193 1580/4194
f 1818/4195 1817/4196 2167/4197
f 2168/4198 2167/4199 1822/4200
f 1818/4201 2168/4202 2169/4203
f 2168/4204 1825/4205 1827/4206
f 2020/4207 2021/4208 2170/4209
f 2128/4210 2171/4211 2172/4212
f 2172/4213 2171/4214 2108/4215
f 2130/4216 2173/4217 2171/4218
f 2173/4219 2105/4220 2108/4221
f 2131/4222 2174/4223 2173/4224
f 2174/4225 2011/4226 2105/4227
f 2132/4228 2175/4229 2174/4230
f 2174/4231 2175/4232 2009/4233
f 2132/4234 2133/4235 2176/4236
f 2175/4237 2176/4238 2007/4239
f 2133/4240 2134/4241 2177/4242
f 2176/4243 2177/4244 2004/4245
f 2134/4246 2135/4247 2178/4248
f 2177/4249 2178/4250 2005/4251
f 2135/4252 2098/4253 2179/4254
f 2178/4255 2179/4256 2013/4257
f 2001/4258 2013/4259 2179/4260
f 2180/4261 2179/4262 2098/4263
f 1992/4264 2001/4265 2180/4266
f 2181/4267 2180/4268 2097/4269
f 1989/4270 1988/4271 2182/4272
f 2183/4273 2182/4274 2184/4275
f 1988/4276 1993/4277 2186/4278
f 2182/4279 2186/4280 2095/4281
f 1993/4282 1992/4283 2181/4284
f 2186/4285 2181/4286 2096/4287
f 2136/4288 1986/4289 2187/4290
f 1986/4291 1989/4292 2183/4293
f 2170/4294 2021/4295 2136/4296
f 2188/4297 1830/4298 1833/4299
f 2027/4300 2189/4301 2188/4302
f 2189/4303 2190/4304 2191/4305
f 2151/4306 2192/4307 2189/4308
f 2192/4309 2193/4310 2190/4311
f 2193/4312 2192/4313 2195/4314
f 2192/4315 2151/4316 2166/4317
f 2195/4318 2187/4319 2194/4320
f 2170/4321 2187/4322 2195/4323
f 2194/4324 2187/4325 2183/4326
f 1795/4327 2196/4328 2197/4329
f 2196/4330 1810/4331 1813/4332
f 1796/4333 2197/4334 2198/4335
f 2197/4336 1813/4337 1815/4338
f 1821/4339 1820/4340 2199/4341
f 2200/4342 2199/4343 2201/4344
f 1827/4345 1826/4346 2203/4347
f 2204/4348 2203/4349 2205/4350
f 1826/4351 1830/4352 2207/4353
f 2203/4354 2207/4355 2208/4356
f 1860/4357 1797/4358 2198/4359
f 2209/4360 2198/4361 1815/4362
f 2169/4363 1827/4364 2204/4365
f 2210/4366 2204/4367 2206/4368
f 1820/4369 2169/4370 2210/4371
f 2210/4372 2211/4373 2201/4374
f 1830/4375 2188/4376 2207/4377
f 2207/4378 2188/4379 2208/4380
f 2202/4381 2201/4382 2212/4383
f 2213/4384 2212/4385 2185/4386
f 2095/4387 1861/4388 2214/4389
f 2214/4390 1861/4391 1860/4392
f 2208/4393 2215/4394 2216/4395
f 2216/4396 2215/4397 2191/4398
f 2206/4399 2205/4400 2216/4401
f 2217/4402 2216/4403 2190/4404
f 2194/4405 2185/4406 2212/4407
f 2218/4408 2212/4409 2201/4410
f 2193/4411 2194/4412 2218/4413
f 2217/4414 2218/4415 2211/4416
f 2208/4417 2188/4418 2215/4419
f 2215/4420 2188/4421 2191/4422
f 1811/4423 2219/4424 2220/4425
f 2219/4426 1816/4427 1819/4428
f 1812/4429 2220/4430 2221/4431
f 2220/4432 1819/4433 1821/4434
f 2209/4435 1814/4436 2221/4437
f 2221/4438 1821/4439 2200/4440
f 1860/4441 2209/4442 2222/4443
f 2222/4444 2200/4445 2202/4446
f 1860/4447 2223/4448 2224/4449
f 2223/4450 2202/4451 2213/4452
f 2224/4453 2184/4454 2095/4455
f 2213/4456 2184/4457 2224/4458
f 2224/4459 2095/4460 2214/4461
f 1710/4462 1709/4463 2225/4464
f 2141/4465 1710/4466 2225/4467
f 2226/4468 2225/4469 1745/4470
f 1748/4471 1745/4472 2225/4473
f 1580/4474 2226/4475 1742/4476
f 2156/4477 2141/4478 2226/4479
f 2227/4480 2228/4481 2229/4482
f 2231/4483 2232/4484 2228/4485
f 2233/4486 2234/4487 2232/4488
f 2235/4489 2236/4490 2234/4491
f 2238/4492 2236/4493 2235/4494
f 2240/4495 2241/4496 2242/4497
f 2241/4498 2243/4499 2244/4500
f 2243/4501 2245/4502 2246/4503
f 2245/4504 2247/4505 2248/4506
f 2247/4507 2249/4508 2250/4509
f 2249/4510 2251/4511 2252/4512
f 2254/4513 2255/4514 2256/4515
f 2258/4516 2259/4517 2260/4518
f 2259/4519 2261/4520 2262/4521
f 2261/4522 2263/4523 2264/4524
f 2255/4525 2258/4526 2257/4527
f 2263/4528 2265/4529 2266/4530
f 2266/4531 2265/4532 2267/4533
f 2269/4534 2270/4535 2271/4536
f 2273/4537 2274/4538 2270/4539
f 2267/4540 2275/4541 2276/4542
f 2251/4543 2277/4544 2278/4545
f 2277/4546 2254/4547 2253/4548
f 2276/4549 2275/4550 2279/4551
f 2280/4552 2279/4553 2274/4554
f 2281/4555 2282/4556 2238/4557
f 2272/4558 2271/4559 2283/4560
f 2284/4561 2283/4562 2282/4563
f 2286/4564 2287/4565 2288/4566
f 2287/4567 2289/4568 2290/4569
f 2292/4570 2293/4571 2294/4572
f 2230/4573 2229/4574 2292/4575
f 2290/4576 2289/4577 2295/4578
f 2296/4579 2295/4580 2240/4581
f 2297/4582 1647/4583 1648/4584
f 1661/4585 1682/4586 1767/4587
f 2298/4588 1920/4589 1914/4590
f 1916/4591 1647/4592 2297/4593
f 2299/4594 2300/4595 2286/4596
f 2301/4597 2302/4598 2303/4599
f 2306/4600 2302/4601 2301/4602
f 2308/4603 2306/4604 2305/4605
f 2310/4606 2311/4607 2312/4608
f 2311/4609 2313/4610 2314/4611
f 2316/4612 2310/4613 2309/4614
f 2318/4615 2316/4616 2315/4617
f 2320/4618 2318/4619 2317/4620
f 2304/4621 2303/4622 2321/4623
f 2322/4624 2321/4625 2300/4626
f 2323/4627 2324/4628 2320/4629
f 2325/4630 2326/4631 2324/4632
f 2328/4633 2326/4634 2325/4635
f 2330/4636 2328/4637 2327/4638
f 2293/4639 2330/4640 2329/4641
f 2331/4642 2332/4643 2333/4644
f 2334/4645 2333/4646 2335/4647
f 2336/4648 2335/4649 2308/4650
f 2313/4651 2337/4652 2338/4653
f 2338/4654 2337/4655 2339/4656
f 2340/4657 2339/4658 2341/4659
f 2342/4660 2341/4661 2343/4662
f 2344/4663 2343/4664 2332/4665
f 2346/4666 2347/4667 2348/4668
f 2349/4669 2350/4670 2346/4671
f 2351/4672 2352/4673 2353/4674
f 2353/4675 2355/4676 2356/4677
f 2357/4678 2358/4679 2350/4680
f 2360/4681 2358/4682 2357/4683
f 2361/4684 2362/4685 2360/4686
f 2363/4687 2364/4688 2362/4689
f 2365/4690 2366/4691 2364/4692
f 2368/4693 2366/4694 2365/4695
f 2370/4696 2368/4697 2367/4698
f 2371/4699 2372/4700 2370/4701
f 2373/4702 2374/4703 2372/4704
f 2375/4705 2376/4706 2377/4707
f 2380/4708 2381/4709 2382/4710
f 2383/4711 2384/4712 2385/4713
f 2385/4714 2387/4715 2388/4716
f 2387/4717 2389/4718 2390/4719
f 2382/4720 2381/4721 2391/4722
f 2391/4723 2384/4724 2383/4725
f 2355/4726 2393/4727 2394/4728
f 2393/4729 2376/4730 2375/4731
f 2378/4732 2377/4733 2395/4734
f 2395/4735 2380/4736 2379/4737
f 2348/4738 2347/4739 2397/4740
f 2398/4741 2397/4742 2352/4743
f 2390/4744 2389/4745 2399/4746
f 2399/4747 2374/4748 2373/4749
f 2092/4750 2078/4751 2079/4752
f 2073/4753 2078/4754 2092/4755
f 2088/4756 2089/4757 2080/4758
f 2401/4759 2402/4760 2403/4761
f 2405/4762 2406/4763 2407/4764
f 2409/4765 2408/4766 2407/4767
f 2409/4768 2411/4769 2412/4770
f 2414/4771 2412/4772 2411/4773
f 2415/4774 2416/4775 2410/4776
f 2418/4777 2419/4778 2420/4779
f 2419/4780 2421/4781 2422/4782
f 2421/4783 2423/4784 2424/4785
f 2425/4786 2426/4787 2427/4788
f 2428/4789 2427/4790 2429/4791
f 2430/4792 2429/4793 2431/4794
f 2433/4795 2425/4796 2428/4797
f 2434/4798 2428/4799 2430/4800
f 2435/4801 2430/4802 2432/4803
f 2437/4804 2433/4805 2434/4806
f 2438/4807 2434/4808 2435/4809
f 2439/4810 2435/4811 2436/4812
f 2441/4813 2437/4814 2438/4815
f 2442/4816 2438/4817 2439/4818
f 2439/4819 2440/4820 2444/4821
f 2445/4822 2446/4823 2442/4824
f 2444/4825 2445/4826 2443/4827
f 2442/4828 2446/4829 2441/4830
f 2418/4831 2447/4832 2448/4833
f 2448/4834 2449/4835 2421/4836
f 2449/4837 2450/4838 2423/4839
f 2451/4840 2452/4841 2448/4842
f 2452/4843 2453/4844 2449/4845
f 2453/4846 2454/4847 2450/4848
f 2455/4849 2456/4850 2452/4851
f 2452/4852 2456/4853 2457/4854
f 2453/4855 2457/4856 2458/4857
f 2456/4858 2459/4859 2460/4860
f 2458/4861 2457/4862 2460/4863
f 2456/4864 2455/4865 2459/4866
f 2462/4867 2463/4868 2464/4869
f 2463/4870 2465/4871 2466/4872
f 2466/4873 2465/4874 2467/4875
f 2469/4876 2470/4877 2463/4878
f 2470/4879 2471/4880 2465/4881
f 2465/4882 2471/4883 2472/4884
f 2473/4885 2474/4886 2470/4887
f 2474/4888 2475/4889 2471/4890
f 2475/4891 2476/4892 2472/4893
f 2477/4894 2478/4895 2474/4896
f 2478/4897 2479/4898 2475/4899
f 2479/4900 2480/4901 2476/4902
f 2481/4903 2482/4904 2478/4905
f 2482/4906 2483/4907 2479/4908
f 2483/4909 2484/4910 2480/4911
f 2485/4912 2486/4913 2482/4914
f 2486/4915 2487/4916 2483/4917
f 2487/4918 2488/4919 2484/4920
f 2485/4921 2489/4922 2490/4923
f 2490/4924 2491/4925 2487/4926
f 2491/4927 2492/4928 2488/4929
f 2489/4930 2417/4931 2493/4932
f 2493/4933 2494/4934 2491/4935
f 2494/4936 2426/4937 2492/4938
f 2495/4939 2431/4940 2496/4941
f 2496/4942 2498/4943 2499/4944
f 2498/4945 2424/4946 2500/4947
f 2501/4948 2495/4949 2497/4950
f 2497/4951 2499/4952 2503/4953
f 2499/4954 2500/4955 2504/4956
f 2505/4957 2501/4958 2502/4959
f 2502/4960 2503/4961 2507/4962
f 2503/4963 2504/4964 2508/4965
f 2509/4966 2505/4967 2506/4968
f 2506/4969 2507/4970 2511/4971
f 2507/4972 2508/4973 2512/4974
f 2511/4975 2513/4976 2514/4977
f 2512/4978 2513/4979 2511/4980
f 2510/4981 2514/4982 2509/4983
f 2426/4984 2494/4985 2515/4986
f 2494/4987 2493/4988 2516/4989
f 2493/4990 2417/4991 2420/4992
f 2427/4993 2515/4994 2517/4995
f 2515/4996 2516/4997 2518/4998
f 2516/4999 2420/5000 2422/5001
f 2429/5002 2517/5003 2496/5004
f 2517/5005 2518/5006 2498/5007
f 2518/5008 2422/5009 2424/5010
f 2519/5011 2520/5012 2521/5013
f 2522/5014 2521/5015 2523/5016
f 2524/5017 2523/5018 2525/5019
f 2520/5020 2526/5021 2527/5022
f 2521/5023 2527/5024 2528/5025
f 2523/5026 2528/5027 2529/5028
f 2526/5029 2530/5030 2531/5031
f 2527/5032 2531/5033 2532/5034
f 2528/5035 2532/5036 2533/5037
f 2534/5038 2535/5039 2531/5040
f 2535/5041 2536/5042 2532/5043
f 2532/5044 2536/5045 2537/5046
f 2535/5047 2538/5048 2539/5049
f 2537/5050 2536/5051 2539/5052
f 2535/5053 2534/5054 2538/5055
f 2541/5056 2542/5057 2543/5058
f 2544/5059 2540/5060 2543/5061
f 2541/5062 2545/5063 2542/5064
f 2545/5065 2541/5066 2546/5067
f 2540/5068 2548/5069 2546/5070
f 2544/5071 2549/5072 2548/5073
f 2547/5074 2546/5075 2550/5076
f 2548/5077 2552/5078 2550/5079
f 2549/5080 2553/5081 2552/5082
f 2551/5083 2550/5084 2554/5085
f 2550/5086 2552/5087 2555/5088
f 2555/5089 2552/5090 2553/5091
f 2466/5092 2468/5093 2554/5094
f 2557/5095 2554/5096 2555/5097
f 2558/5098 2555/5099 2556/5100
f 2464/5101 2466/5102 2557/5103
f 2560/5104 2557/5105 2558/5106
f 2561/5107 2558/5108 2559/5109
f 2461/5110 2464/5111 2560/5112
f 2524/5113 2560/5114 2561/5115
f 2522/5116 2561/5117 2562/5118
f 2530/5119 2526/5120 2563/5121
f 2526/5122 2520/5123 2565/5124
f 2534/5125 2530/5126 2564/5127
f 2538/5128 2534/5129 2566/5130
f 2538/5131 2567/5132 2568/5133
f 2537/5134 2569/5135 2570/5136
f 2533/5137 2570/5138 2571/5139
f 2529/5140 2571/5141 2572/5142
f 2525/5143 2572/5144 2573/5145
f 2461/5146 2573/5147 2574/5148
f 2462/5149 2574/5150 2575/5151
f 2469/5152 2575/5153 2576/5154
f 2473/5155 2576/5156 2577/5157
f 2477/5158 2577/5159 2578/5160
f 2481/5161 2578/5162 2579/5163
f 2485/5164 2579/5165 2580/5166
f 2489/5167 2580/5168 2581/5169
f 2468/5170 2467/5171 2582/5172
f 2467/5173 2472/5174 2584/5175
f 2472/5176 2476/5177 2585/5178
f 2476/5179 2480/5180 2586/5181
f 2480/5182 2484/5183 2587/5184
f 2484/5185 2488/5186 2588/5187
f 2488/5188 2492/5189 2589/5190
f 2520/5191 2519/5192 2590/5193
f 2418/5194 2417/5195 2581/5196
f 2492/5197 2426/5198 2592/5199
f 2425/5200 2433/5201 2593/5202
f 2437/5203 2595/5204 2593/5205
f 2446/5206 2596/5207 2597/5208
f 2445/5209 2598/5210 2596/5211
f 2444/5212 2599/5213 2598/5214
f 2444/5215 2440/5216 2600/5217
f 2440/5218 2436/5219 2601/5220
f 2436/5221 2432/5222 2602/5223
f 2432/5224 2431/5225 2603/5226
f 2547/5227 2604/5228 2605/5229
f 2542/5230 2545/5231 2605/5232
f 2543/5233 2542/5234 2606/5235
f 2544/5236 2543/5237 2607/5238
f 2549/5239 2544/5240 2608/5241
f 2553/5242 2549/5243 2609/5244
f 2556/5245 2553/5246 2610/5247
f 2551/5248 2612/5249 2604/5250
f 2551/5251 2468/5252 2583/5253
f 2539/5254 2568/5255 2569/5256
f 2447/5257 2418/5258 2591/5259
f 2451/5260 2447/5261 2613/5262
f 2455/5263 2451/5264 2614/5265
f 2459/5266 2455/5267 2615/5268
f 2460/5269 2459/5270 2616/5271
f 2458/5272 2618/5273 2619/5274
f 2454/5275 2619/5276 2620/5277
f 2450/5278 2620/5279 2621/5280
f 2423/5281 2621/5282 2622/5283
f 2426/5284 2425/5285 2594/5286
f 2441/5287 2597/5288 2595/5289
f 2460/5290 2617/5291 2618/5292
f 2495/5293 2623/5294 2603/5295
f 2501/5296 2624/5297 2623/5298
f 2505/5299 2625/5300 2624/5301
f 2509/5302 2626/5303 2625/5304
f 2514/5305 2627/5306 2626/5307
f 2514/5308 2513/5309 2628/5310
f 2513/5311 2512/5312 2629/5313
f 2512/5314 2508/5315 2630/5316
f 2508/5317 2504/5318 2631/5319
f 2504/5320 2500/5321 2632/5322
f 2424/5323 2622/5324 2632/5325
f 2519/5326 2562/5327 2633/5328
f 2562/5329 2559/5330 2634/5331
f 2559/5332 2556/5333 2611/5334
f 4/5335 1/5336 3/5337
f 6/5338 1/5339 5/5340
f 6/5341 5/5342 8/5343
f 12/5344 9/5345 11/5346
f 13/5347 14/5348 9/5349
f 16/5350 14/5351 15/5352
f 50/5353 51/5354 53/5355
f 54/5356 55/5357 57/5358
f 24/5359 53/5360 25/5361
f 55/5362 54/5363 59/5364
f 51/5365 50/5366 61/5367
f 57/5368 56/5369 63/5370
f 64/5371 65/5372 58/5373
f 60/5374 66/5375 61/5376
f 63/5377 62/5378 69/5379
f 70/5380 71/5381 23/5382
f 72/5383 73/5384 64/5385
f 66/5386 74/5387 67/5388
f 69/5389 68/5390 77/5391
f 79/5392 29/5393 78/5394
f 81/5395 79/5396 80/5397
f 82/5398 30/5399 83/5400
f 20/5401 22/5402 70/5403
f 72/5404 84/5405 73/5406
f 81/5407 80/5408 87/5409
f 17/5410 19/5411 74/5412
f 89/5413 77/5414 88/5415
f 82/5416 83/5417 91/5418
f 87/5419 86/5420 93/5421
f 94/5422 95/5423 90/5424
f 17/5425 96/5426 18/5427
f 99/5428 89/5429 98/5430
f 101/5431 93/5432 100/5433
f 102/5434 103/5435 84/5436
f 104/5437 105/5438 96/5439
f 106/5440 107/5441 94/5442
f 101/5443 100/5444 109/5445
f 111/5446 99/5447 110/5448
f 26/5449 28/5450 104/5451
f 112/5452 113/5453 106/5454
f 109/5455 108/5456 115/5457
f 117/5458 111/5459 116/5460
f 118/5461 119/5462 102/5463
f 26/5464 120/5465 27/5466
f 112/5467 122/5468 113/5469
f 115/5470 114/5471 125/5472
f 120/5473 126/5474 121/5475
f 122/5476 128/5477 123/5478
f 125/5479 124/5480 131/5481
f 131/5482 130/5483 128/5484
f 117/5485 116/5486 133/5487
f 133/5488 132/5489 135/5490
f 136/5491 137/5492 118/5493
f 139/5494 135/5495 138/5496
f 141/5497 139/5498 140/5499
f 142/5500 143/5501 136/5502
f 145/5503 141/5504 144/5505
f 145/5506 144/5507 147/5508
f 148/5509 149/5510 142/5511
f 153/5512 150/5513 152/5514
f 155/5515 153/5516 154/5517
f 150/5518 156/5519 151/5520
f 159/5521 155/5522 158/5523
f 156/5524 160/5525 157/5526
f 163/5527 159/5528 162/5529
f 160/5530 164/5531 161/5532
f 163/5533 162/5534 167/5535
f 168/5536 169/5537 164/5538
f 170/5539 171/5540 168/5541
f 173/5542 167/5543 172/5544
f 170/5545 174/5546 171/5547
f 176/5548 177/5549 174/5550
f 179/5551 173/5552 178/5553
f 176/5554 180/5555 177/5556
f 180/5557 182/5558 181/5559
f 185/5560 179/5561 184/5562
f 186/5563 187/5564 182/5565
f 188/5566 189/5567 186/5568
f 191/5569 185/5570 190/5571
f 192/5572 193/5573 188/5574
f 192/5575 194/5576 193/5577
f 191/5578 190/5579 197/5580
f 33/5581 32/5582 199/5583
f 200/5584 201/5585 198/5586
f 32/5587 34/5588 203/5589
f 200/5590 204/5591 201/5592
f 207/5593 203/5594 206/5595
f 204/5596 208/5597 205/5598
f 211/5599 207/5600 210/5601
f 212/5602 213/5603 208/5604
f 215/5605 211/5606 214/5607
f 212/5608 216/5609 213/5610
f 219/5611 215/5612 218/5613
f 216/5614 220/5615 217/5616
f 219/5617 218/5618 223/5619
f 220/5620 224/5621 221/5622
f 223/5623 222/5624 227/5625
f 224/5626 228/5627 225/5628
f 228/5629 227/5630 229/5631
f 233/5632 230/5633 232/5634
f 230/5635 234/5636 231/5637
f 233/5638 232/5639 237/5640
f 41/5641 43/5642 234/5643
f 237/5644 236/5645 239/5646
f 240/5647 42/5648 241/5649
f 44/5650 239/5651 45/5652
f 241/5653 39/5654 240/5655
f 44/5656 46/5657 243/5658
f 245/5659 243/5660 244/5661
f 35/5662 245/5663 36/5664
f 35/5665 37/5666 247/5667
f 247/5668 246/5669 249/5670
f 253/5671 250/5672 252/5673
f 251/5674 254/5675 252/5676
f 256/5677 250/5678 257/5679
f 255/5680 254/5681 259/5682
f 261/5683 260/5684 257/5685
f 259/5686 258/5687 263/5688
f 265/5689 264/5690 261/5691
f 262/5692 266/5693 263/5694
f 269/5695 268/5696 265/5697
f 267/5698 266/5699 271/5700
f 273/5701 272/5702 269/5703
f 270/5704 274/5705 271/5706
f 272/5707 273/5708 49/5709
f 274/5710 276/5711 275/5712
f 279/5713 278/5714 47/5715
f 276/5716 280/5717 277/5718
f 283/5719 282/5720 279/5721
f 280/5722 284/5723 281/5724
f 286/5725 282/5726 287/5727
f 285/5728 284/5729 289/5730
f 291/5731 290/5732 287/5733
f 288/5734 292/5735 289/5736
f 294/5737 290/5738 295/5739
f 292/5740 296/5741 293/5742
f 299/5743 298/5744 295/5745
f 297/5746 296/5747 301/5748
f 300/5749 298/5750 301/5751
f 302/5752 303/5753 305/5754
f 307/5755 38/5756 306/5757
f 306/5758 308/5759 307/5760
f 309/5761 308/5762 311/5763
f 309/5764 311/5765 313/5766
f 313/5767 312/5768 315/5769
f 316/5770 317/5771 319/5772
f 320/5773 321/5774 316/5775
f 322/5776 323/5777 320/5778
f 324/5779 325/5780 322/5781
f 325/5782 324/5783 327/5784
f 326/5785 328/5786 327/5787
f 330/5788 331/5789 328/5790
f 330/5791 332/5792 331/5793
f 334/5794 335/5795 332/5796
f 334/5797 336/5798 335/5799
f 337/5800 336/5801 69/5802
f 341/5803 338/5804 340/5805
f 338/5806 342/5807 339/5808
f 342/5809 344/5810 343/5811
f 344/5812 346/5813 345/5814
f 346/5815 348/5816 347/5817
f 351/5818 350/5819 348/5820
f 352/5821 350/5822 353/5823
f 355/5824 354/5825 353/5826
f 356/5827 354/5828 357/5829
f 356/5830 357/5831 359/5832
f 156/5833 359/5834 160/5835
f 361/5836 149/5837 360/5838
f 147/5839 146/5840 363/5841
f 195/5842 194/5843 365/5844
f 367/5845 197/5846 366/5847
f 369/5848 304/5849 368/5850
f 315/5851 314/5852 371/5853
f 319/5854 318/5855 373/5856
f 375/5857 341/5858 374/5859
f 377/5860 361/5861 376/5862
f 363/5863 362/5864 379/5865
f 381/5866 365/5867 380/5868
f 383/5869 367/5870 382/5871
f 385/5872 369/5873 384/5874
f 371/5875 370/5876 387/5877
f 373/5878 372/5879 389/5880
f 391/5881 375/5882 390/5883
f 393/5884 377/5885 392/5886
f 379/5887 378/5888 395/5889
f 381/5890 380/5891 397/5892
f 399/5893 383/5894 398/5895
f 401/5896 385/5897 400/5898
f 387/5899 386/5900 403/5901
f 389/5902 388/5903 405/5904
f 407/5905 391/5906 406/5907
f 408/5908 409/5909 411/5910
f 415/5911 412/5912 414/5913
f 416/5914 417/5915 419/5916
f 420/5917 421/5918 423/5919
f 417/5920 424/5921 418/5922
f 421/5923 420/5924 427/5925
f 425/5926 424/5927 429/5928
f 426/5929 430/5930 427/5931
f 432/5932 433/5933 428/5934
f 430/5935 434/5936 431/5937
f 436/5938 437/5939 432/5940
f 434/5941 438/5942 435/5943
f 436/5944 440/5945 437/5946
f 439/5947 438/5948 443/5949
f 441/5950 440/5951 445/5952
f 442/5953 446/5954 443/5955
f 445/5956 444/5957 449/5958
f 446/5959 450/5960 447/5961
f 448/5962 452/5963 449/5964
f 451/5965 450/5966 455/5967
f 456/5968 457/5969 452/5970
f 454/5971 458/5972 455/5973
f 456/5974 460/5975 457/5976
f 459/5977 458/5978 463/5979
f 464/5980 465/5981 460/5982
f 462/5983 466/5984 463/5985
f 464/5986 468/5987 465/5988
f 467/5989 466/5990 471/5991
f 472/5992 473/5993 468/5994
f 470/5995 474/5996 471/5997
f 472/5998 476/5999 473/6000
f 475/6001 474/6002 479/6003
f 480/6004 481/6005 476/6006
f 478/6007 482/6008 479/6009
f 480/6010 484/6011 481/6012
f 486/6013 487/6014 482/6015
f 488/6016 489/6017 484/6018
f 486/6019 490/6020 487/6021
f 488/6022 492/6023 489/6024
f 494/6025 495/6026 490/6027
f 492/6028 496/6029 493/6030
f 495/6031 494/6032 499/6033
f 496/6034 500/6035 497/6036
f 502/6037 503/6038 498/6039
f 500/6040 504/6041 501/6042
f 503/6043 502/6044 507/6045
f 504/6046 508/6047 505/6048
f 507/6049 506/6050 511/6051
f 512/6052 513/6053 508/6054
f 510/6055 514/6056 511/6057
f 512/6058 516/6059 513/6060
f 515/6061 514/6062 519/6063
f 520/6064 521/6065 516/6066
f 518/6067 522/6068 519/6069
f 520/6070 524/6071 521/6072
f 523/6073 522/6074 527/6075
f 525/6076 524/6077 529/6078
f 526/6079 530/6080 527/6081
f 528/6082 532/6083 529/6084
f 531/6085 530/6086 535/6087
f 536/6088 537/6089 532/6090
f 534/6091 538/6092 535/6093
f 536/6094 540/6095 537/6096
f 542/6097 543/6098 538/6099
f 540/6100 416/6101 541/6102
f 543/6103 542/6104 422/6105
f 544/6106 545/6107 547/6108
f 551/6109 548/6110 550/6111
f 552/6112 553/6113 545/6114
f 548/6115 554/6116 549/6117
f 553/6118 552/6119 557/6120
f 554/6121 558/6122 555/6123
f 556/6124 560/6125 557/6126
f 558/6127 562/6128 559/6129
f 560/6130 564/6131 561/6132
f 563/6133 562/6134 567/6135
f 568/6136 569/6137 564/6138
f 567/6139 566/6140 571/6141
f 569/6142 568/6143 573/6144
f 570/6145 574/6146 571/6147
f 573/6148 572/6149 577/6150
f 578/6151 579/6152 574/6153
f 580/6154 581/6155 576/6156
f 579/6157 578/6158 583/6159
f 580/6160 584/6161 581/6162
f 582/6163 586/6164 583/6165
f 588/6166 589/6167 584/6168
f 587/6169 586/6170 591/6171
f 588/6172 592/6173 589/6174
f 590/6175 594/6176 591/6177
f 596/6178 597/6179 592/6180
f 595/6181 594/6182 599/6183
f 596/6184 600/6185 597/6186
f 599/6187 598/6188 603/6189
f 604/6190 605/6191 600/6192
f 603/6193 602/6194 607/6195
f 608/6196 609/6197 604/6198
f 606/6199 610/6200 607/6201
f 608/6202 612/6203 609/6204
f 610/6205 614/6206 611/6207
f 612/6208 616/6209 613/6210
f 614/6211 618/6212 615/6213
f 617/6214 616/6215 621/6216
f 622/6217 623/6218 618/6219
f 620/6220 624/6221 621/6222
f 622/6223 626/6224 623/6225
f 625/6226 624/6227 629/6228
f 626/6229 630/6230 627/6231
f 632/6232 633/6233 628/6234
f 630/6235 634/6236 631/6237
f 632/6238 636/6239 633/6240
f 635/6241 634/6242 639/6243
f 640/6244 641/6245 636/6246
f 639/6247 638/6248 643/6249
f 640/6250 644/6251 641/6252
f 642/6253 646/6254 643/6255
f 644/6256 648/6257 645/6258
f 646/6259 650/6260 647/6261
f 652/6262 653/6263 648/6264
f 651/6265 650/6266 655/6267
f 652/6268 656/6269 653/6270
f 654/6271 658/6272 655/6273
f 656/6274 660/6275 657/6276
f 659/6277 658/6278 663/6279
f 664/6280 665/6281 660/6282
f 662/6283 666/6284 663/6285
f 664/6286 668/6287 665/6288
f 666/6289 670/6290 667/6291
f 668/6292 544/6293 669/6294
f 670/6295 551/6296 671/6297
f 672/6298 673/6299 675/6300
f 676/6301 677/6302 679/6303
f 673/6304 680/6305 674/6306
f 677/6307 676/6308 683/6309
f 681/6310 680/6311 685/6312
f 682/6313 686/6314 683/6315
f 688/6316 689/6317 684/6318
f 686/6319 690/6320 687/6321
f 692/6322 693/6323 688/6324
f 690/6325 694/6326 691/6327
f 692/6328 696/6329 693/6330
f 695/6331 694/6332 699/6333
f 697/6334 696/6335 701/6336
f 698/6337 702/6338 699/6339
f 701/6340 700/6341 705/6342
f 702/6343 706/6344 703/6345
f 704/6346 708/6347 705/6348
f 707/6349 706/6350 711/6351
f 712/6352 713/6353 708/6354
f 710/6355 714/6356 711/6357
f 712/6358 716/6359 713/6360
f 715/6361 714/6362 719/6363
f 720/6364 721/6365 716/6366
f 718/6367 722/6368 719/6369
f 720/6370 724/6371 721/6372
f 723/6373 722/6374 727/6375
f 728/6376 729/6377 724/6378
f 726/6379 730/6380 727/6381
f 728/6382 732/6383 729/6384
f 731/6385 730/6386 735/6387
f 736/6388 737/6389 732/6390
f 734/6391 738/6392 735/6393
f 736/6394 740/6395 737/6396
f 742/6397 743/6398 738/6399
f 744/6400 745/6401 740/6402
f 742/6403 746/6404 743/6405
f 744/6406 748/6407 745/6408
f 750/6409 751/6410 746/6411
f 748/6412 752/6413 749/6414
f 751/6415 750/6416 755/6417
f 752/6418 756/6419 753/6420
f 758/6421 759/6422 754/6423
f 756/6424 760/6425 757/6426
f 759/6427 758/6428 763/6429
f 760/6430 764/6431 761/6432
f 763/6433 762/6434 767/6435
f 768/6436 769/6437 764/6438
f 766/6439 770/6440 767/6441
f 768/6442 772/6443 769/6444
f 771/6445 770/6446 775/6447
f 776/6448 777/6449 772/6450
f 774/6451 778/6452 775/6453
f 776/6454 780/6455 777/6456
f 779/6457 778/6458 783/6459
f 781/6460 780/6461 785/6462
f 782/6463 786/6464 783/6465
f 784/6466 788/6467 785/6468
f 787/6469 786/6470 791/6471
f 792/6472 793/6473 788/6474
f 790/6475 794/6476 791/6477
f 792/6478 796/6479 793/6480
f 798/6481 799/6482 794/6483
f 796/6484 672/6485 797/6486
f 799/6487 798/6488 678/6489
f 800/6490 801/6491 803/6492
f 804/6493 805/6494 807/6495
f 801/6496 808/6497 802/6498
f 805/6499 804/6500 811/6501
f 808/6502 812/6503 809/6504
f 810/6505 814/6506 811/6507
f 816/6508 817/6509 812/6510
f 814/6511 818/6512 815/6513
f 820/6514 821/6515 816/6516
f 818/6517 822/6518 819/6519
f 824/6520 825/6521 820/6522
f 822/6523 826/6524 823/6525
f 824/6526 828/6527 825/6528
f 830/6529 831/6530 826/6531
f 828/6532 832/6533 829/6534
f 834/6535 835/6536 830/6537
f 832/6538 836/6539 833/6540
f 834/6541 838/6542 835/6543
f 836/6544 840/6545 837/6546
f 839/6547 838/6548 843/6549
f 844/6550 845/6551 840/6552
f 843/6553 842/6554 847/6555
f 844/6556 848/6557 845/6558
f 847/6559 846/6560 851/6561
f 852/6562 853/6563 848/6564
f 850/6565 854/6566 851/6567
f 856/6568 857/6569 852/6570
f 855/6571 854/6572 859/6573
f 860/6574 861/6575 856/6576
f 859/6577 858/6578 863/6579
f 860/6580 864/6581 861/6582
f 863/6583 862/6584 867/6585
f 865/6586 864/6587 869/6588
f 870/6589 871/6590 866/6591
f 868/6592 872/6593 869/6594
f 871/6595 870/6596 875/6597
f 872/6598 876/6599 873/6600
f 878/6601 879/6602 874/6603
f 880/6604 881/6605 876/6606
f 879/6607 878/6608 883/6609
f 880/6610 884/6611 881/6612
f 886/6613 887/6614 882/6615
f 888/6616 889/6617 884/6618
f 887/6619 886/6620 891/6621
f 892/6622 893/6623 888/6624
f 891/6625 890/6626 895/6627
f 892/6628 896/6629 893/6630
f 895/6631 894/6632 899/6633
f 900/6634 901/6635 896/6636
f 899/6637 898/6638 903/6639
f 904/6640 905/6641 900/6642
f 902/6643 906/6644 903/6645
f 904/6646 908/6647 905/6648
f 907/6649 906/6650 911/6651
f 908/6652 912/6653 909/6654
f 910/6655 914/6656 911/6657
f 912/6658 916/6659 913/6660
f 914/6661 918/6662 915/6663
f 920/6664 921/6665 916/6666
f 918/6667 922/6668 919/6669
f 921/6670 920/6671 925/6672
f 926/6673 927/6674 922/6675
f 800/6676 803/6677 924/6678
f 926/6679 807/6680 927/6681
f 928/6682 929/6683 931/6684
f 932/6685 933/6686 935/6687
f 929/6688 936/6689 930/6690
f 933/6691 932/6692 939/6693
f 937/6694 936/6695 941/6696
f 938/6697 942/6698 939/6699
f 944/6700 945/6701 940/6702
f 942/6703 946/6704 943/6705
f 948/6706 949/6707 944/6708
f 946/6709 950/6710 947/6711
f 948/6712 952/6713 949/6714
f 951/6715 950/6716 955/6717
f 953/6718 952/6719 957/6720
f 954/6721 958/6722 955/6723
f 957/6724 956/6725 961/6726
f 958/6727 962/6728 959/6729
f 960/6730 964/6731 961/6732
f 963/6733 962/6734 967/6735
f 968/6736 969/6737 964/6738
f 966/6739 970/6740 967/6741
f 968/6742 972/6743 969/6744
f 971/6745 970/6746 975/6747
f 976/6748 977/6749 972/6750
f 974/6751 978/6752 975/6753
f 976/6754 980/6755 977/6756
f 979/6757 978/6758 983/6759
f 984/6760 985/6761 980/6762
f 982/6763 986/6764 983/6765
f 984/6766 988/6767 985/6768
f 987/6769 986/6770 991/6771
f 992/6772 993/6773 988/6774
f 990/6775 994/6776 991/6777
f 992/6778 996/6779 993/6780
f 998/6781 999/6782 994/6783
f 1000/6784 1001/6785 996/6786
f 998/6787 1002/6788 999/6789
f 1000/6790 1004/6791 1001/6792
f 1006/6793 1007/6794 1002/6795
f 1004/6796 1008/6797 1005/6798
f 1007/6799 1006/6800 1011/6801
f 1008/6802 1012/6803 1009/6804
f 1014/6805 1015/6806 1010/6807
f 1012/6808 1016/6809 1013/6810
f 1015/6811 1014/6812 1019/6813
f 1016/6814 1020/6815 1017/6816
f 1019/6817 1018/6818 1023/6819
f 1024/6820 1025/6821 1020/6822
f 1022/6823 1026/6824 1023/6825
f 1024/6826 1028/6827 1025/6828
f 1027/6829 1026/6830 1031/6831
f 1032/6832 1033/6833 1028/6834
f 1030/6835 1034/6836 1031/6837
f 1032/6838 1036/6839 1033/6840
f 1035/6841 1034/6842 1039/6843
f 1037/6844 1036/6845 1041/6846
f 1038/6847 1042/6848 1039/6849
f 1040/6850 1044/6851 1041/6852
f 1043/6853 1042/6854 1047/6855
f 1048/6856 1049/6857 1044/6858
f 1046/6859 1050/6860 1047/6861
f 1048/6862 1052/6863 1049/6864
f 1054/6865 1055/6866 1050/6867
f 1052/6868 928/6869 1053/6870
f 1055/6871 1054/6872 934/6873
f 1056/6874 1057/6875 1059/6876
f 1060/6877 1061/6878 1063/6879
f 1057/6880 1064/6881 1058/6882
f 1061/6883 1060/6884 1067/6885
f 1064/6886 1068/6887 1065/6888
f 1070/6889 1071/6890 1066/6891
f 1068/6892 1072/6893 1069/6894
f 1070/6895 1074/6896 1071/6897
f 1076/6898 1077/6899 1072/6900
f 1074/6901 1078/6902 1075/6903
f 1080/6904 1081/6905 1076/6906
f 1078/6907 1082/6908 1079/6909
f 1081/6910 1080/6911 1085/6912
f 1082/6913 1086/6914 1083/6915
f 1085/6916 1084/6917 1089/6918
f 1086/6919 1090/6920 1087/6921
f 1092/6922 1093/6923 1088/6924
f 1091/6925 1090/6926 1095/6927
f 1096/6928 1097/6929 1092/6930
f 1095/6931 1094/6932 1099/6933
f 1096/6934 1100/6935 1097/6936
f 1099/6937 1098/6938 1103/6939
f 1100/6940 1104/6941 1101/6942
f 1103/6943 1102/6944 1107/6945
f 1108/6946 1109/6947 1104/6948
f 1107/6949 1106/6950 1111/6951
f 1108/6952 1112/6953 1109/6954
f 1111/6955 1110/6956 1115/6957
f 1112/6958 1116/6959 1113/6960
f 1115/6961 1114/6962 1119/6963
f 1116/6964 1120/6965 1117/6966
f 1119/6967 1118/6968 1123/6969
f 1120/6970 1124/6971 1121/6972
f 1126/6973 1127/6974 1122/6975
f 1124/6976 1128/6977 1125/6978
f 1126/6979 1130/6980 1127/6981
f 1128/6982 1132/6983 1129/6984
f 1130/6985 1134/6986 1131/6987
f 1132/6988 1136/6989 1133/6990
f 1134/6991 1138/6992 1135/6993
f 1137/6994 1136/6995 1141/6996
f 1138/6997 1142/6998 1139/6999
f 1144/7000 1145/7001 1140/7002
f 1142/7003 1146/7004 1143/7005
f 1144/7006 1148/7007 1145/7008
f 1146/7009 1150/7010 1147/7011
f 1148/7012 1152/7013 1149/7014
f 1151/7015 1150/7016 1155/7017
f 1152/7018 1156/7019 1153/7020
f 1155/7021 1154/7022 1159/7023
f 1156/7024 1160/7025 1157/7026
f 1159/7027 1158/7028 1163/7029
f 1160/7030 1164/7031 1161/7032
f 1163/7033 1162/7034 1167/7035
f 1165/7036 1164/7037 1169/7038
f 1166/7039 1170/7040 1167/7041
f 1168/7042 1172/7043 1169/7044
f 1170/7045 1174/7046 1171/7047
f 1176/7048 1177/7049 1172/7050
f 1174/7051 1178/7052 1175/7053
f 1177/7054 1176/7055 1181/7056
f 1178/7057 1182/7058 1179/7059
f 1056/7060 1059/7061 1180/7062
f 1183/7063 1182/7064 1062/7065
f 1184/7066 1185/7067 1187/7068
f 1188/7069 1189/7070 1191/7071
f 1185/7072 1192/7073 1186/7074
f 1189/7075 1188/7076 1195/7077
f 1193/7078 1192/7079 1197/7080
f 1194/7081 1198/7082 1195/7083
f 1200/7084 1201/7085 1196/7086
f 1198/7087 1202/7088 1199/7089
f 1204/7090 1205/7091 1200/7092
f 1202/7093 1206/7094 1203/7095
f 1204/7096 1208/7097 1205/7098
f 1207/7099 1206/7100 1211/7101
f 1208/7102 1212/7103 1209/7104
f 1214/7105 1215/7106 1210/7107
f 1212/7108 1216/7109 1213/7110
f 1218/7111 1219/7112 1214/7113
f 1216/7114 1220/7115 1217/7116
f 1219/7117 1218/7118 1223/7119
f 1220/7120 1224/7121 1221/7122
f 1223/7123 1222/7124 1227/7125
f 1224/7126 1228/7127 1225/7128
f 1227/7129 1226/7130 1231/7131
f 1232/7132 1233/7133 1228/7134
f 1230/7135 1234/7136 1231/7137
f 1232/7138 1236/7139 1233/7140
f 1235/7141 1234/7142 1239/7143
f 1240/7144 1241/7145 1236/7146
f 1238/7147 1242/7148 1239/7149
f 1240/7150 1244/7151 1241/7152
f 1243/7153 1242/7154 1247/7155
f 1248/7156 1249/7157 1244/7158
f 1246/7159 1250/7160 1247/7161
f 1248/7162 1252/7163 1249/7164
f 1254/7165 1255/7166 1250/7167
f 1256/7168 1257/7169 1252/7170
f 1254/7171 1258/7172 1255/7173
f 1256/7174 1260/7175 1257/7176
f 1262/7177 1263/7178 1258/7179
f 1264/7180 1265/7181 1260/7182
f 1262/7183 1266/7184 1263/7185
f 1265/7186 1264/7187 1269/7188
f 1266/7189 1270/7190 1267/7191
f 1268/7192 1272/7193 1269/7194
f 1271/7195 1270/7196 1275/7197
f 1272/7198 1276/7199 1273/7200
f 1275/7201 1274/7202 1279/7203
f 1280/7204 1281/7205 1276/7206
f 1278/7207 1282/7208 1279/7209
f 1280/7210 1284/7211 1281/7212
f 1283/7213 1282/7214 1287/7215
f 1288/7216 1289/7217 1284/7218
f 1286/7219 1290/7220 1287/7221
f 1288/7222 1292/7223 1289/7224
f 1291/7225 1290/7226 1295/7227
f 1293/7228 1292/7229 1297/7230
f 1294/7231 1298/7232 1295/7233
f 1296/7234 1300/7235 1297/7236
f 1299/7237 1298/7238 1303/7239
f 1304/7240 1305/7241 1300/7242
f 1302/7243 1306/7244 1303/7245
f 1304/7246 1308/7247 1305/7248
f 1310/7249 1311/7250 1306/7251
f 1308/7252 1184/7253 1309/7254
f 1311/7255 1310/7256 1190/7257
f 1257/7258 1261/7259 1313/7260
f 1314/7261 1262/7262 1315/7263
f 1237/7264 1316/7265 1233/7266
f 1318/7267 1319/7268 1234/7269
f 1241/7270 1320/7271 1237/7272
f 1319/7273 1321/7274 1238/7275
f 1245/7276 1322/7277 1241/7278
f 1321/7279 1323/7280 1242/7281
f 1249/7282 1324/7283 1245/7284
f 1323/7285 1325/7286 1246/7287
f 1324/7288 1249/7289 1326/7290
f 1325/7291 1327/7292 1250/7293
f 1257/7294 1328/7295 1253/7296
f 1327/7297 1329/7298 1254/7299
f 1257/7300 1313/7301 1328/7302
f 1331/7303 1315/7304 1329/7305
f 1334/7306 1335/7307 1337/7308
f 1337/7309 1336/7310 1339/7311
f 1340/7312 1341/7313 1335/7314
f 1338/7315 1336/7316 1342/7317
f 1340/7318 1343/7319 1341/7320
f 1341/7321 1344/7322 1342/7323
f 1346/7324 1347/7325 1343/7326
f 1345/7327 1344/7328 1348/7329
f 1346/7330 1349/7331 1347/7332
f 1347/7333 1350/7334 1348/7335
f 1349/7336 1352/7337 1350/7338
f 1351/7339 1350/7340 1354/7341
f 1352/7342 1355/7343 1353/7344
f 1356/7345 1357/7346 1353/7347
f 1356/7348 1355/7349 1359/7350
f 1356/7351 1359/7352 1357/7353
f 1361/7354 1362/7355 1358/7356
f 1360/7357 1359/7358 1363/7359
f 1364/7360 1365/7361 1361/7362
f 1363/7363 1362/7364 1366/7365
f 1367/7366 1368/7367 1364/7368
f 1366/7369 1365/7370 1369/7371
f 1370/7372 1371/7373 1373/7374
f 1372/7375 1371/7376 1375/7377
f 1370/7378 1376/7379 1371/7380
f 1371/7381 1377/7382 1374/7383
f 1376/7384 1379/7385 1377/7386
f 1378/7387 1377/7388 1381/7389
f 1382/7390 1383/7391 1379/7392
f 1380/7393 1383/7394 1381/7395
f 1382/7396 1385/7397 1383/7398
f 1383/7399 1386/7400 1384/7401
f 1388/7402 1389/7403 1385/7404
f 1386/7405 1389/7406 1387/7407
f 1388/7408 1391/7409 1389/7410
f 1389/7411 1392/7412 1390/7413
f 1394/7414 1395/7415 1391/7416
f 1393/7417 1392/7418 1396/7419
f 1394/7420 1397/7421 1395/7422
f 1395/7423 1398/7424 1396/7425
f 1400/7426 1401/7427 1397/7428
f 1399/7429 1398/7430 1402/7431
f 1403/7432 1404/7433 1400/7434
f 1401/7435 1404/7436 1402/7437
f 1404/7438 1403/7439 1407/7440
f 1404/7441 1407/7442 1405/7443
f 1334/7444 1337/7445 1406/7446
f 1407/7447 1337/7448 1408/7449
f 1409/7450 1410/7451 1412/7452
f 1412/7453 1411/7454 1414/7455
f 1415/7456 1416/7457 1418/7458
f 1417/7459 1416/7460 1420/7461
f 1421/7462 1422/7463 1415/7464
f 1419/7465 1416/7466 1423/7467
f 1421/7468 1424/7469 1422/7470
f 1422/7471 1425/7472 1423/7473
f 1427/7474 1428/7475 1424/7476
f 1426/7477 1425/7478 1429/7479
f 1428/7480 1427/7481 1431/7482
f 1428/7483 1431/7484 1429/7485
f 1430/7486 1433/7487 1431/7488
f 1431/7489 1434/7490 1432/7491
f 1434/7492 1433/7493 1437/7494
f 1434/7495 1437/7496 1435/7497
f 1439/7498 1440/7499 1442/7500
f 1444/7501 1441/7502 1443/7503
f 1367/7504 1442/7505 1368/7506
f 1369/7507 1368/7508 1444/7509
f 1514/7510 1511/7511 1513/7512
f 1516/7513 1513/7514 1515/7515
f 1518/7516 1514/7517 1517/7518
f 1519/7519 1517/7520 1516/7521
f 1520/7522 1521/7523 1523/7524
f 1524/7525 1525/7526 1527/7527
f 1528/7528 1529/7529 1520/7530
f 1531/7531 1527/7532 1530/7533
f 1533/7534 1520/7535 1532/7536
f 1534/7537 1528/7538 1533/7539
f 1531/7540 1535/7541 1527/7542
f 1537/7543 1538/7544 1527/7545
f 1536/7546 1535/7547 1540/7548
f 1541/7549 1536/7550 1542/7551
f 1546/7552 1543/7553 1545/7554
f 1547/7555 1546/7556 1548/7557
f 1547/7558 1548/7559 1550/7560
f 1551/7561 1552/7562 1554/7563
f 1556/7564 1555/7565 1554/7566
f 1557/7567 1555/7568 1558/7569
f 1562/7570 1559/7571 1561/7572
f 1562/7573 1561/7574 1564/7575
f 1564/7576 1563/7577 1566/7578
f 1570/7579 1567/7580 1569/7581
f 1571/7582 1572/7583 1574/7584
f 1575/7585 1576/7586 1571/7587
f 1570/7588 1569/7589 1578/7590
f 1579/7591 1580/7592 1582/7593
f 1522/7594 1521/7595 1584/7596
f 1525/7597 1584/7598 1526/7599
f 1586/7600 1531/7601 1585/7602
f 1586/7603 1585/7604 1528/7605
f 1521/7606 1529/7607 1583/7608
f 1526/7609 1583/7610 1530/7611
f 1587/7612 1535/7613 1586/7614
f 1534/7615 1587/7616 1528/7617
f 1588/7618 1539/7619 1587/7620
f 1589/7621 1588/7622 1534/7623
f 1590/7624 1591/7625 1593/7626
f 1593/7627 1592/7628 1575/7629
f 1572/7630 1594/7631 1573/7632
f 1598/7633 1599/7634 1597/7635
f 1597/7636 1600/7637 1578/7638
f 1599/7639 1601/7640 1600/7641
f 1600/7642 1602/7643 1570/7644
f 1606/7645 1603/7646 1605/7647
f 1574/7648 1606/7649 1571/7650
f 1605/7651 1604/7652 1608/7653
f 1571/7654 1605/7655 1575/7656
f 1582/7657 1581/7658 1610/7659
f 1610/7660 1609/7661 1612/7662
f 1616/7663 1613/7664 1615/7665
f 1593/7666 1616/7667 1590/7668
f 1608/7669 1607/7670 1616/7671
f 1575/7672 1608/7673 1593/7674
f 1618/7675 1607/7676 1617/7677
f 1620/7678 1618/7679 1619/7680
f 1617/7681 1604/7682 1621/7683
f 1619/7684 1617/7685 1622/7686
f 1601/7687 1599/7688 1624/7689
f 1624/7690 1623/7691 1626/7692
f 1599/7693 1598/7694 1623/7695
f 1623/7696 1627/7697 1625/7698
f 1630/7699 1579/7700 1629/7701
f 1632/7702 1630/7703 1631/7704
f 1633/7705 1634/7706 1636/7707
f 1637/7708 1613/7709 1618/7710
f 1638/7711 1637/7712 1620/7713
f 1639/7714 1614/7715 1637/7716
f 1640/7717 1639/7718 1638/7719
f 1627/7720 1598/7721 1641/7722
f 1628/7723 1627/7724 1642/7725
f 1644/7726 1569/7727 1643/7728
f 1646/7729 1644/7730 1645/7731
f 1647/7732 1577/7733 1644/7734
f 1648/7735 1647/7736 1646/7737
f 1650/7738 1544/7739 1649/7740
f 1650/7741 1649/7742 1542/7743
f 1652/7744 1574/7745 1651/7746
f 1567/7747 1652/7748 1568/7749
f 1602/7750 1601/7751 1654/7752
f 1654/7753 1653/7754 1606/7755
f 1652/7756 1567/7757 1654/7758
f 1574/7759 1652/7760 1606/7761
f 1621/7762 1603/7763 1655/7764
f 1655/7765 1653/7766 1624/7767
f 1622/7768 1621/7769 1656/7770
f 1656/7771 1655/7772 1626/7773
f 1645/7774 1643/7775 1658/7776
f 1643/7777 1568/7778 1657/7779
f 1573/7780 1595/7781 1651/7782
f 1659/7783 1658/7784 1660/7785
f 1662/7786 1660/7787 1661/7788
f 1572/7789 1576/7790 1594/7791
f 1592/7792 1664/7793 1576/7794
f 1591/7795 1665/7796 1592/7797
f 1620/7798 1619/7799 1667/7800
f 1667/7801 1666/7802 1539/7803
f 1619/7804 1622/7805 1666/7806
f 1666/7807 1668/7808 1540/7809
f 1545/7810 1544/7811 1670/7812
f 1670/7813 1669/7814 1625/7815
f 1670/7816 1625/7817 1671/7818
f 1545/7819 1670/7820 1548/7821
f 1673/7822 1632/7823 1672/7824
f 1558/7825 1673/7826 1557/7827
f 1566/7828 1565/7829 1675/7830
f 1675/7831 1674/7832 1633/7833
f 1676/7834 1638/7835 1667/7836
f 1676/7837 1667/7838 1588/7839
f 1677/7840 1640/7841 1676/7842
f 1677/7843 1676/7844 1589/7845
f 1671/7846 1628/7847 1678/7848
f 1548/7849 1671/7850 1549/7851
f 1650/7852 1542/7853 1679/7854
f 1679/7855 1668/7856 1656/7857
f 1544/7858 1650/7859 1669/7860
f 1669/7861 1679/7862 1626/7863
f 1595/7864 1594/7865 1681/7866
f 1661/7867 1595/7868 1682/7869
f 1594/7870 1663/7871 1680/7872
f 1663/7873 1664/7874 1683/7875
f 1664/7876 1665/7877 1684/7878
f 1686/7879 1687/7880 1689/7881
f 1688/7882 1687/7883 1691/7884
f 1687/7885 1686/7886 1693/7887
f 1690/7888 1687/7889 1694/7890
f 1533/7891 1532/7892 1696/7893
f 1696/7894 1695/7895 1551/7896
f 1589/7897 1534/7898 1698/7899
f 1557/7900 1698/7901 1555/7902
f 1697/7903 1534/7904 1696/7905
f 1555/7906 1697/7907 1551/7908
f 1612/7909 1611/7910 1700/7911
f 1700/7912 1699/7913 1590/7914
f 1615/7915 1614/7916 1702/7917
f 1702/7918 1701/7919 1610/7920
f 1590/7921 1615/7922 1700/7923
f 1700/7924 1702/7925 1612/7926
f 1629/7927 1582/7928 1703/7929
f 1703/7930 1701/7931 1639/7932
f 1631/7933 1629/7934 1704/7935
f 1704/7936 1703/7937 1640/7938
f 1665/7939 1591/7940 1705/7941
f 1705/7942 1699/7943 1706/7944
f 1672/7945 1631/7946 1707/7947
f 1707/7948 1704/7949 1677/7950
f 1557/7951 1672/7952 1698/7953
f 1698/7954 1707/7955 1589/7956
f 1685/7957 1665/7958 1708/7959
f 1636/7960 1635/7961 1710/7962
f 1692/7963 1711/7964 1693/7965
f 1693/7966 1712/7967 1694/7968
f 1711/7969 1714/7970 1712/7971
f 1712/7972 1715/7973 1713/7974
f 1714/7975 1717/7976 1719/7977
f 1718/7978 1720/7979 1719/7980
f 1720/7981 1722/7982 1721/7983
f 1718/7984 1717/7985 1725/7986
f 1720/7987 1718/7988 1726/7989
f 1722/7990 1720/7991 1727/7992
f 1722/7993 1728/7994 1723/7995
f 1727/7996 1730/7997 1722/7998
f 1728/7999 1731/8000 1729/8001
f 1730/8002 1733/8003 1728/8004
f 1731/8005 1734/8006 1732/8007
f 1733/8008 1736/8009 1731/8010
f 1734/8011 1737/8012 1735/8013
f 1736/8014 1739/8015 1734/8016
f 1737/8017 1740/8018 1738/8019
f 1739/8020 1742/8021 1737/8022
f 1740/8023 1743/8024 1741/8025
f 1742/8026 1745/8027 1740/8028
f 1743/8029 1746/8030 1744/8031
f 1743/8032 1745/8033 1746/8034
f 1749/8035 1750/8036 1752/8037
f 1635/8038 1634/8039 1749/8040
f 1750/8041 1753/8042 1751/8043
f 1634/8044 1674/8045 1750/8046
f 1753/8047 1755/8048 1754/8049
f 1674/8050 1565/8051 1753/8052
f 1755/8053 1757/8054 1756/8055
f 1565/8056 1563/8057 1755/8058
f 1560/8059 1758/8060 1561/8061
f 1760/8062 1747/8063 1759/8064
f 1752/8065 1760/8066 1749/8067
f 1759/8068 1746/8069 1709/8070
f 1749/8071 1759/8072 1635/8073
f 1754/8074 1756/8075 1762/8076
f 1751/8077 1754/8078 1763/8079
f 1752/8080 1751/8081 1764/8082
f 1760/8083 1752/8084 1765/8085
f 1767/8086 1682/8087 1768/8088
f 1766/8089 1767/8090 1769/8091
f 1768/8092 1681/8093 1770/8094
f 1769/8095 1768/8096 1771/8097
f 1770/8098 1680/8099 1772/8100
f 1771/8101 1770/8102 1773/8103
f 1772/8104 1683/8105 1774/8106
f 1773/8107 1772/8108 1689/8109
f 1774/8110 1684/8111 1775/8112
f 1689/8113 1774/8114 1686/8115
f 1775/8116 1685/8117 1776/8118
f 1686/8119 1775/8120 1692/8121
f 1692/8122 1776/8123 1711/8124
f 1717/8125 1714/8126 1777/8127
f 1776/8128 1708/8129 1777/8130
f 1724/8131 1717/8132 1778/8133
f 1708/8134 1705/8135 1778/8136
f 1727/8137 1726/8138 1780/8139
f 1726/8140 1725/8141 1779/8142
f 1783/8143 1691/8144 1782/8145
f 1785/8146 1783/8147 1784/8148
f 1782/8149 1690/8150 1786/8151
f 1784/8152 1782/8153 1787/8154
f 1694/8155 1713/8156 1786/8157
f 1786/8158 1788/8159 1787/8160
f 1713/8161 1716/8162 1788/8163
f 1788/8164 1790/8165 1789/8166
f 1716/8167 1792/8168 1790/8169
f 1790/8170 1793/8171 1791/8172
f 1793/8173 1792/8174 1796/8175
f 1794/8176 1793/8177 1797/8178
f 1783/8179 1785/8180 1799/8181
f 1691/8182 1783/8183 1800/8184
f 1799/8185 1798/8186 1802/8187
f 1800/8188 1799/8189 1803/8190
f 1802/8191 1801/8192 1805/8193
f 1803/8194 1802/8195 1806/8196
f 1805/8197 1804/8198 1808/8199
f 1806/8200 1805/8201 1809/8202
f 1813/8203 1810/8204 1812/8205
f 1815/8206 1813/8207 1814/8208
f 1816/8209 1817/8210 1819/8211
f 1821/8212 1819/8213 1820/8214
f 1825/8215 1822/8216 1824/8217
f 1827/8218 1825/8219 1826/8220
f 1824/8221 1823/8222 1829/8223
f 1826/8224 1824/8225 1830/8226
f 1828/8227 1831/8228 1829/8229
f 1829/8230 1832/8231 1830/8232
f 1832/8233 1831/8234 1835/8235
f 1833/8236 1832/8237 1836/8238
f 1835/8239 1834/8240 1838/8241
f 1836/8242 1835/8243 1839/8244
f 1838/8245 1837/8246 1841/8247
f 1839/8248 1838/8249 1842/8250
f 1841/8251 1840/8252 1844/8253
f 1842/8254 1841/8255 1845/8256
f 1844/8257 1843/8258 1846/8259
f 1845/8260 1844/8261 1847/8262
f 1846/8263 1758/8264 1848/8265
f 1840/8266 1762/8267 1843/8268
f 1837/8269 1763/8270 1840/8271
f 1834/8272 1764/8273 1837/8274
f 1831/8275 1765/8276 1834/8277
f 1809/8278 1808/8279 1850/8280
f 1807/8281 1851/8282 1808/8283
f 1785/8284 1784/8285 1853/8286
f 1784/8287 1787/8288 1852/8289
f 1798/8290 1785/8291 1855/8292
f 1801/8293 1798/8294 1856/8295
f 1804/8296 1801/8297 1857/8298
f 1807/8299 1804/8300 1858/8301
f 1851/8302 1807/8303 1859/8304
f 1794/8305 1797/8306 1861/8307
f 1791/8308 1794/8309 1862/8310
f 1789/8311 1791/8312 1863/8313
f 1787/8314 1789/8315 1854/8316
f 1524/8317 1538/8318 1865/8319
f 1523/8320 1866/8321 1532/8322
f 1522/8323 1868/8324 1523/8325
f 1525/8326 1524/8327 1869/8328
f 1552/8329 1870/8330 1553/8331
f 1522/8332 1584/8333 1868/8334
f 1525/8335 1869/8336 1584/8337
f 1695/8338 1532/8339 1873/8340
f 1695/8341 1873/8342 1552/8343
f 1865/8344 1864/8345 1875/8346
f 1866/8347 1876/8348 1867/8349
f 1868/8350 1878/8351 1866/8352
f 1869/8353 1865/8354 1879/8355
f 1871/8356 1870/8357 1881/8358
f 1868/8359 1872/8360 1878/8361
f 1869/8362 1879/8363 1872/8364
f 1873/8365 1867/8366 1883/8367
f 1870/8368 1873/8369 1880/8370
f 1884/8371 1876/8372 1882/8373
f 1875/8374 1884/8375 1879/8376
f 1881/8377 1880/8378 1886/8379
f 1883/8380 1877/8381 1888/8382
f 1880/8383 1883/8384 1885/8385
f 1875/8386 1889/8387 1884/8388
f 1893/8389 1874/8390 1892/8391
f 1892/8392 1891/8393 1895/8394
f 1895/8395 1894/8396 1897/8397
f 1897/8398 1896/8399 1899/8400
f 1877/8401 1876/8402 1890/8403
f 1877/8404 1890/8405 1887/8406
f 1874/8407 1893/8408 1889/8409
f 1889/8410 1901/8411 1890/8412
f 1596/8413 1902/8414 1641/8415
f 1578/8416 1904/8417 1596/8418
f 1641/8419 1903/8420 1642/8421
f 1678/8422 1906/8423 1549/8424
f 1642/8425 1905/8426 1678/8427
f 1902/8428 1908/8429 1903/8430
f 1904/8431 1910/8432 1902/8433
f 1905/8434 1903/8435 1911/8436
f 1906/8437 1912/8438 1907/8439
f 1905/8440 1911/8441 1906/8442
f 1908/8443 1914/8444 1909/8445
f 1910/8446 1916/8447 1908/8448
f 1911/8449 1909/8450 1917/8451
f 1911/8452 1917/8453 1912/8454
f 1578/8455 1577/8456 1904/8457
f 1577/8458 1647/8459 1910/8460
f 1919/8461 1915/8462 1920/8463
f 1915/8464 1919/8465 1917/8466
f 1917/8467 1921/8468 1918/8469
f 1923/8470 1913/8471 1922/8472
f 1927/8473 1924/8474 1926/8475
f 1929/8476 1927/8477 1928/8478
f 1933/8479 1930/8480 1932/8481
f 1930/8482 1934/8483 1931/8484
f 1934/8485 1936/8486 1935/8487
f 1938/8488 1939/8489 1936/8490
f 1941/8491 1933/8492 1940/8493
f 1943/8494 1941/8495 1942/8496
f 1924/8497 1943/8498 1925/8499
f 1944/8500 1945/8501 1947/8502
f 1948/8503 1949/8504 1951/8505
f 1945/8506 1948/8507 1946/8508
f 1955/8509 1952/8510 1954/8511
f 1954/8512 1953/8513 1957/8514
f 1956/8515 1958/8516 1957/8517
f 1958/8518 1960/8519 1959/8520
f 1963/8521 1962/8522 1955/8523
f 1965/8524 1964/8525 1963/8526
f 1949/8527 1964/8528 1950/8529
f 1886/8530 1885/8531 1967/8532
f 1967/8533 1966/8534 1944/8535
f 1888/8536 1887/8537 1969/8538
f 1969/8539 1968/8540 1948/8541
f 1885/8542 1888/8543 1966/8544
f 1966/8545 1969/8546 1945/8547
f 1971/8548 1893/8549 1970/8550
f 1952/8551 1971/8552 1953/8553
f 1970/8554 1892/8555 1972/8556
f 1953/8557 1970/8558 1956/8559
f 1972/8560 1895/8561 1973/8562
f 1956/8563 1972/8564 1958/8565
f 1973/8566 1897/8567 1974/8568
f 1958/8569 1973/8570 1960/8571
f 1975/8572 1901/8573 1971/8574
f 1962/8575 1975/8576 1952/8577
f 1976/8578 1900/8579 1975/8580
f 1964/8581 1976/8582 1962/8583
f 1887/8584 1900/8585 1968/8586
f 1968/8587 1976/8588 1949/8589
f 1978/8590 1955/8591 1977/8592
f 1977/8593 1954/8594 1979/8595
f 1979/8596 1957/8597 1980/8598
f 1959/8599 1961/8600 1980/8601
f 1983/8602 1977/8603 1982/8604
f 1982/8605 1979/8606 1984/8607
f 1984/8608 1980/8609 1985/8610
f 1986/8611 1987/8612 1989/8613
f 1926/8614 1925/8615 1991/8616
f 1991/8617 1990/8618 1993/8619
f 1928/8620 1926/8621 1987/8622
f 1987/8623 1991/8624 1988/8625
f 1932/8626 1931/8627 1995/8628
f 1994/8629 1931/8630 1996/8631
f 1996/8632 1935/8633 1997/8634
f 1997/8635 1937/8636 1998/8637
f 1940/8638 1932/8639 1999/8640
f 1942/8641 1940/8642 2000/8643
f 1925/8644 1942/8645 1990/8646
f 1990/8647 2000/8648 1992/8649
f 1995/8650 1994/8651 2003/8652
f 2003/8653 2002/8654 2005/8655
f 1994/8656 1996/8657 2002/8658
f 2002/8659 2006/8660 2004/8661
f 2006/8662 1996/8663 2008/8664
f 2007/8665 2006/8666 2009/8667
f 2008/8668 1997/8669 2010/8670
f 2009/8671 2008/8672 2011/8673
f 1999/8674 1995/8675 2012/8676
f 2012/8677 2003/8678 2013/8679
f 2012/8680 2001/8681 1999/8682
f 1933/8683 1978/8684 1983/8685
f 1848/8686 1560/8687 2014/8688
f 1847/8689 1848/8690 2015/8691
f 1845/8692 1847/8693 2016/8694
f 2017/8695 1842/8696 2016/8697
f 2018/8698 1839/8699 2017/8700
f 1947/8701 1946/8702 2020/8703
f 2020/8704 2019/8705 2021/8706
f 1951/8707 1950/8708 2023/8709
f 2023/8710 2022/8711 1927/8712
f 1946/8713 1951/8714 2019/8715
f 2019/8716 2023/8717 1929/8718
f 2025/8719 1965/8720 2024/8721
f 2025/8722 2024/8723 1943/8724
f 1950/8725 1965/8726 2022/8727
f 2022/8728 2025/8729 1924/8730
f 1955/8731 1978/8732 1963/8733
f 1978/8734 1933/8735 2024/8736
f 2026/8737 1836/8738 2018/8739
f 2027/8740 1833/8741 2026/8742
f 1899/8743 1898/8744 2029/8745
f 2031/8746 2029/8747 2030/8748
f 2033/8749 1961/8750 2032/8751
f 2035/8752 2033/8753 2034/8754
f 2036/8755 1974/8756 2029/8757
f 2037/8758 2036/8759 2031/8760
f 2032/8761 1960/8762 2036/8763
f 2034/8764 2032/8765 2037/8766
f 2040/8767 2035/8768 2039/8769
f 1981/8770 2040/8771 1985/8772
f 1998/8773 1939/8774 2042/8775
f 2042/8776 2041/8777 2044/8778
f 2044/8779 2045/8780 2042/8781
f 2042/8782 2046/8783 1998/8784
f 1961/8785 2033/8786 1981/8787
f 1939/8788 1938/8789 2041/8790
f 2011/8791 2010/8792 2048/8793
f 2049/8794 2050/8795 2052/8796
f 2052/8797 2051/8798 2054/8799
f 2058/8800 2055/8801 2057/8802
f 2059/8803 2060/8804 2062/8805
f 2062/8806 2061/8807 2055/8808
f 2064/8809 2058/8810 2063/8811
f 2066/8812 2064/8813 2065/8814
f 2057/8815 2056/8816 2068/8817
f 2061/8818 2069/8819 2056/8820
f 2063/8821 2057/8822 2070/8823
f 2061/8824 2060/8825 2071/8826
f 2065/8827 2063/8828 2073/8829
f 2068/8830 2067/8831 2075/8832
f 2067/8833 2069/8834 2074/8835
f 2069/8836 2061/8837 2076/8838
f 2063/8839 2070/8840 2072/8841
f 2070/8842 2068/8843 2077/8844
f 2076/8845 2080/8846 2074/8847
f 2071/8848 2081/8849 2076/8850
f 2075/8851 2079/8852 2077/8853
f 2060/8854 2059/8855 2053/8856
f 2083/8857 2051/8858 2082/8859
f 2053/8860 2083/8861 2084/8862
f 2082/8863 2086/8864 2083/8865
f 2085/8866 2086/8867 2088/8868
f 2084/8869 2085/8870 2081/8871
f 2087/8872 2090/8873 2088/8874
f 2090/8875 2091/8876 2089/8877
f 2091/8878 2093/8879 2092/8880
f 1861/8881 2095/8882 1862/8883
f 2097/8884 1852/8885 2096/8886
f 1853/8887 1852/8888 2098/8889
f 1581/8890 1580/8891 1736/8892
f 1581/8893 1736/8894 1609/8895
f 1730/8896 1611/8897 1733/8898
f 1611/8899 1730/8900 1706/8901
f 2099/8902 1983/8903 2100/8904
f 2099/8905 2100/8906 1930/8907
f 2100/8908 1982/8909 2101/8910
f 1934/8911 2100/8912 1936/8913
f 2101/8914 1984/8915 2102/8916
f 1936/8917 2101/8918 1938/8919
f 2103/8920 2047/8921 2102/8922
f 2039/8923 2103/8924 1985/8925
f 2038/8926 2043/8927 2103/8928
f 2011/8929 2048/8930 2105/8931
f 2048/8932 2045/8933 2104/8934
f 2105/8935 2104/8936 2108/8937
f 2104/8938 2106/8939 2107/8940
f 2108/8941 2107/8942 2111/8943
f 2107/8944 2109/8945 2110/8946
f 2114/8947 2094/8948 2113/8949
f 2066/8950 2065/8951 2115/8952
f 2117/8953 2031/8954 2116/8955
f 2052/8956 2117/8957 2049/8958
f 2119/8959 2035/8960 2118/8961
f 2062/8962 2119/8963 2059/8964
f 2120/8965 2038/8966 2119/8967
f 2055/8968 2120/8969 2062/8970
f 2121/8971 2037/8972 2117/8973
f 2054/8974 2121/8975 2052/8976
f 2118/8977 2034/8978 2121/8979
f 2059/8980 2118/8981 2054/8982
f 2044/8983 2043/8984 2123/8985
f 2123/8986 2122/8987 2064/8988
f 2045/8989 2044/8990 2124/8991
f 2124/8992 2123/8993 2066/8994
f 2120/8995 2055/8996 2122/8997
f 2038/8998 2120/8999 2043/9000
f 2124/9001 2066/9002 2125/9003
f 2045/9004 2124/9005 2106/9006
f 2125/9007 2115/9008 2126/9009
f 2106/9010 2125/9011 2109/9012
f 2126/9013 2114/9014 2127/9015
f 2109/9016 2126/9017 2112/9018
f 2073/9019 2094/9020 2115/9021
f 1850/9022 1849/9023 2129/9024
f 1849/9025 1851/9026 2128/9027
f 1851/9028 1859/9029 2130/9030
f 1859/9031 1858/9032 2131/9033
f 1858/9034 1857/9035 2132/9036
f 2133/9037 1857/9038 2134/9039
f 2134/9040 1856/9041 2135/9042
f 2135/9043 1855/9044 2098/9045
f 1987/9046 1986/9047 1928/9048
f 1928/9049 2136/9050 1929/9051
f 2137/9052 2138/9053 1562/9054
f 1564/9055 2139/9056 1562/9057
f 1566/9058 2140/9059 1564/9060
f 1636/9061 1710/9062 2142/9063
f 1633/9064 1636/9065 2143/9066
f 2144/9067 1675/9068 2143/9069
f 1566/9070 1675/9071 2140/9072
f 1559/9073 2138/9074 2014/9075
f 2014/9076 2145/9077 2015/9078
f 2146/9079 2147/9080 2015/9081
f 2018/9082 2148/9083 2026/9084
f 2150/9085 2148/9086 2017/9087
f 2147/9088 2150/9089 2016/9090
f 2026/9091 2149/9092 2027/9093
f 1554/9094 1553/9095 2153/9096
f 2153/9097 2152/9098 2137/9099
f 2154/9100 1556/9101 2153/9102
f 2154/9103 2153/9104 2139/9105
f 1558/9106 1556/9107 2155/9108
f 2155/9109 2154/9110 2140/9111
f 2142/9112 2141/9113 2157/9114
f 2157/9115 2156/9116 1630/9117
f 2143/9118 2142/9119 2158/9120
f 2158/9121 2157/9122 1632/9123
f 2144/9124 2143/9125 2159/9126
f 2159/9127 2158/9128 1673/9129
f 2140/9130 2144/9131 2155/9132
f 2155/9133 2159/9134 1558/9135
f 2152/9136 1553/9137 2160/9138
f 2138/9139 2152/9140 2145/9141
f 2160/9142 1871/9143 2161/9144
f 2145/9145 2160/9146 2146/9147
f 2161/9148 1881/9149 2162/9150
f 2146/9151 2161/9152 2147/9153
f 2164/9154 1944/9155 2163/9156
f 2164/9157 2163/9158 2148/9159
f 2165/9160 1967/9161 2164/9162
f 2150/9163 2165/9164 2148/9165
f 2162/9166 1886/9167 2165/9168
f 2147/9169 2162/9170 2150/9171
f 2163/9172 1947/9173 2166/9174
f 2163/9175 2166/9176 2149/9177
f 2168/9178 1818/9179 2167/9180
f 1825/9181 2168/9182 1822/9183
f 1820/9184 1818/9185 2169/9186
f 2169/9187 2168/9188 1827/9189
f 2166/9190 2020/9191 2170/9192
f 2129/9193 2128/9194 2172/9195
f 2111/9196 2172/9197 2108/9198
f 2128/9199 2130/9200 2171/9201
f 2171/9202 2173/9203 2108/9204
f 2130/9205 2131/9206 2173/9207
f 2173/9208 2174/9209 2105/9210
f 2131/9211 2132/9212 2174/9213
f 2011/9214 2174/9215 2009/9216
f 2175/9217 2132/9218 2176/9219
f 2009/9220 2175/9221 2007/9222
f 2176/9223 2133/9224 2177/9225
f 2007/9226 2176/9227 2004/9228
f 2177/9229 2134/9230 2178/9231
f 2004/9232 2177/9233 2005/9234
f 2178/9235 2135/9236 2179/9237
f 2005/9238 2178/9239 2013/9240
f 2180/9241 2001/9242 2179/9243
f 2097/9244 2180/9245 2098/9246
f 2181/9247 1992/9248 2180/9249
f 2096/9250 2181/9251 2097/9252
f 2183/9253 1989/9254 2182/9255
f 2185/9256 2183/9257 2184/9258
f 2182/9259 1988/9260 2186/9261
f 2184/9262 2182/9263 2095/9264
f 2186/9265 1993/9266 2181/9267
f 2095/9268 2186/9269 2096/9270
f 2170/9271 2136/9272 2187/9273
f 2187/9274 1986/9275 2183/9276
f 1833/9277 2027/9278 2188/9279
f 2188/9280 2189/9281 2191/9282
f 2027/9283 2151/9284 2189/9285
f 2189/9286 2192/9287 2190/9288
f 2194/9289 2193/9290 2195/9291
f 2195/9292 2192/9293 2166/9294
f 2166/9295 2170/9296 2195/9297
f 2185/9298 2194/9299 2183/9300
f 1796/9301 1795/9302 2197/9303
f 2197/9304 2196/9305 1813/9306
f 1797/9307 1796/9308 2198/9309
f 2198/9310 2197/9311 1815/9312
f 2200/9313 1821/9314 2199/9315
f 2202/9316 2200/9317 2201/9318
f 2204/9319 1827/9320 2203/9321
f 2206/9322 2204/9323 2205/9324
f 2203/9325 1826/9326 2207/9327
f 2205/9328 2203/9329 2208/9330
f 2209/9331 1860/9332 2198/9333
f 1814/9334 2209/9335 1815/9336
f 2210/9337 2169/9338 2204/9339
f 2211/9340 2210/9341 2206/9342
f 2199/9343 1820/9344 2210/9345
f 2199/9346 2210/9347 2201/9348
f 2213/9349 2202/9350 2212/9351
f 2184/9352 2213/9353 2185/9354
f 2205/9355 2208/9356 2216/9357
f 2190/9358 2216/9359 2191/9360
f 2217/9361 2206/9362 2216/9363
f 2193/9364 2217/9365 2190/9366
f 2218/9367 2194/9368 2212/9369
f 2211/9370 2218/9371 2201/9372
f 2217/9373 2193/9374 2218/9375
f 2206/9376 2217/9377 2211/9378
f 1812/9379 1811/9380 2220/9381
f 2220/9382 2219/9383 1819/9384
f 1814/9385 1812/9386 2221/9387
f 2221/9388 2220/9389 1821/9390
f 2222/9391 2209/9392 2221/9393
f 2222/9394 2221/9395 2200/9396
f 2223/9397 1860/9398 2222/9399
f 2223/9400 2222/9401 2202/9402
f 2214/9403 1860/9404 2224/9405
f 2224/9406 2223/9407 2213/9408
f 2226/9409 2141/9410 2225/9411
f 1742/9412 2226/9413 1745/9414
f 1709/9415 1748/9416 2225/9417
f 1739/9418 1580/9419 1742/9420
f 1580/9421 2156/9422 2226/9423
f 2230/9424 2227/9425 2229/9426
f 2227/9427 2231/9428 2228/9429
f 2231/9430 2233/9431 2232/9432
f 2233/9433 2235/9434 2234/9435
f 2237/9436 2238/9437 2235/9438
f 2239/9439 2240/9440 2242/9441
f 2242/9442 2241/9443 2244/9444
f 2244/9445 2243/9446 2246/9447
f 2246/9448 2245/9449 2248/9450
f 2248/9451 2247/9452 2250/9453
f 2250/9454 2249/9455 2252/9456
f 2253/9457 2254/9458 2256/9459
f 2257/9460 2258/9461 2260/9462
f 2260/9463 2259/9464 2262/9465
f 2262/9466 2261/9467 2264/9468
f 2256/9469 2255/9470 2257/9471
f 2264/9472 2263/9473 2266/9474
f 2268/9475 2266/9476 2267/9477
f 2272/9478 2269/9479 2271/9480
f 2269/9481 2273/9482 2270/9483
f 2268/9484 2267/9485 2276/9486
f 2252/9487 2251/9488 2278/9489
f 2278/9490 2277/9491 2253/9492
f 2280/9493 2276/9494 2279/9495
f 2273/9496 2280/9497 2274/9498
f 2237/9499 2281/9500 2238/9501
f 2284/9502 2272/9503 2283/9504
f 2281/9505 2284/9506 2282/9507
f 2285/9508 2286/9509 2288/9510
f 2288/9511 2287/9512 2290/9513
f 2291/9514 2292/9515 2294/9516
f 2291/9517 2230/9518 2292/9519
f 2296/9520 2290/9521 2295/9522
f 2239/9523 2296/9524 2240/9525
f 1662/9526 1661/9527 1767/9528
f 1916/9529 2298/9530 1914/9531
f 2298/9532 1916/9533 2297/9534
f 2285/9535 2299/9536 2286/9537
f 2304/9538 2301/9539 2303/9540
f 2305/9541 2306/9542 2301/9543
f 2307/9544 2308/9545 2305/9546
f 2309/9547 2310/9548 2312/9549
f 2312/9550 2311/9551 2314/9552
f 2315/9553 2316/9554 2309/9555
f 2317/9556 2318/9557 2315/9558
f 2319/9559 2320/9560 2317/9561
f 2322/9562 2304/9563 2321/9564
f 2299/9565 2322/9566 2300/9567
f 2319/9568 2323/9569 2320/9570
f 2323/9571 2325/9572 2324/9573
f 2327/9574 2328/9575 2325/9576
f 2329/9577 2330/9578 2327/9579
f 2294/9580 2293/9581 2329/9582
f 2334/9583 2331/9584 2333/9585
f 2336/9586 2334/9587 2335/9588
f 2307/9589 2336/9590 2308/9591
f 2314/9592 2313/9593 2338/9594
f 2340/9595 2338/9596 2339/9597
f 2342/9598 2340/9599 2341/9600
f 2344/9601 2342/9602 2343/9603
f 2331/9604 2344/9605 2332/9606
f 2345/9607 2346/9608 2348/9609
f 2345/9610 2349/9611 2346/9612
f 2354/9613 2351/9614 2353/9615
f 2354/9616 2353/9617 2356/9618
f 2349/9619 2357/9620 2350/9621
f 2359/9622 2360/9623 2357/9624
f 2359/9625 2361/9626 2360/9627
f 2361/9628 2363/9629 2362/9630
f 2363/9631 2365/9632 2364/9633
f 2367/9634 2368/9635 2365/9636
f 2369/9637 2370/9638 2367/9639
f 2369/9640 2371/9641 2370/9642
f 2371/9643 2373/9644 2372/9645
f 2378/9646 2375/9647 2377/9648
f 2379/9649 2380/9650 2382/9651
f 2386/9652 2383/9653 2385/9654
f 2386/9655 2385/9656 2388/9657
f 2388/9658 2387/9659 2390/9660
f 2392/9661 2382/9662 2391/9663
f 2392/9664 2391/9665 2383/9666
f 2356/9667 2355/9668 2394/9669
f 2394/9670 2393/9671 2375/9672
f 2396/9673 2378/9674 2395/9675
f 2396/9676 2395/9677 2379/9678
f 2398/9679 2348/9680 2397/9681
f 2351/9682 2398/9683 2352/9684
f 2400/9685 2390/9686 2399/9687
f 2400/9688 2399/9689 2373/9690
f 2089/9691 2092/9692 2079/9693
f 2094/9694 2073/9695 2092/9696
f 2081/9697 2088/9698 2080/9699
f 2404/9700 2401/9701 2403/9702
f 2408/9703 2405/9704 2407/9705
f 2410/9706 2409/9707 2407/9708
f 2408/9709 2409/9710 2412/9711
f 2413/9712 2414/9713 2411/9714
f 2407/9715 2415/9716 2410/9717
f 2417/9718 2418/9719 2420/9720
f 2420/9721 2419/9722 2422/9723
f 2422/9724 2421/9725 2424/9726
f 2428/9727 2425/9728 2427/9729
f 2430/9730 2428/9731 2429/9732
f 2432/9733 2430/9734 2431/9735
f 2434/9736 2433/9737 2428/9738
f 2435/9739 2434/9740 2430/9741
f 2436/9742 2435/9743 2432/9744
f 2438/9745 2437/9746 2434/9747
f 2439/9748 2438/9749 2435/9750
f 2440/9751 2439/9752 2436/9753
f 2442/9754 2441/9755 2438/9756
f 2443/9757 2442/9758 2439/9759
f 2443/9760 2439/9761 2444/9762
f 2443/9763 2445/9764 2442/9765
f 2419/9766 2418/9767 2448/9768
f 2419/9769 2448/9770 2421/9771
f 2421/9772 2449/9773 2423/9774
f 2447/9775 2451/9776 2448/9777
f 2448/9778 2452/9779 2449/9780
f 2449/9781 2453/9782 2450/9783
f 2451/9784 2455/9785 2452/9786
f 2453/9787 2452/9788 2457/9789
f 2454/9790 2453/9791 2458/9792
f 2457/9793 2456/9794 2460/9795
f 2461/9796 2462/9797 2464/9798
f 2464/9799 2463/9800 2466/9801
f 2468/9802 2466/9803 2467/9804
f 2462/9805 2469/9806 2463/9807
f 2463/9808 2470/9809 2465/9810
f 2467/9811 2465/9812 2472/9813
f 2469/9814 2473/9815 2470/9816
f 2470/9817 2474/9818 2471/9819
f 2471/9820 2475/9821 2472/9822
f 2473/9823 2477/9824 2474/9825
f 2474/9826 2478/9827 2475/9828
f 2475/9829 2479/9830 2476/9831
f 2477/9832 2481/9833 2478/9834
f 2478/9835 2482/9836 2479/9837
f 2479/9838 2483/9839 2480/9840
f 2481/9841 2485/9842 2482/9843
f 2482/9844 2486/9845 2483/9846
f 2483/9847 2487/9848 2484/9849
f 2486/9850 2485/9851 2490/9852
f 2486/9853 2490/9854 2487/9855
f 2487/9856 2491/9857 2488/9858
f 2490/9859 2489/9860 2493/9861
f 2490/9862 2493/9863 2491/9864
f 2491/9865 2494/9866 2492/9867
f 2497/9868 2495/9869 2496/9870
f 2497/9871 2496/9872 2499/9873
f 2499/9874 2498/9875 2500/9876
f 2502/9877 2501/9878 2497/9879
f 2502/9880 2497/9881 2503/9882
f 2503/9883 2499/9884 2504/9885
f 2506/9886 2505/9887 2502/9888
f 2506/9889 2502/9890 2507/9891
f 2507/9892 2503/9893 2508/9894
f 2510/9895 2509/9896 2506/9897
f 2510/9898 2506/9899 2511/9900
f 2511/9901 2507/9902 2512/9903
f 2510/9904 2511/9905 2514/9906
f 2427/9907 2426/9908 2515/9909
f 2515/9910 2494/9911 2516/9912
f 2516/9913 2493/9914 2420/9915
f 2429/9916 2427/9917 2517/9918
f 2517/9919 2515/9920 2518/9921
f 2518/9922 2516/9923 2422/9924
f 2431/9925 2429/9926 2496/9927
f 2496/9928 2517/9929 2498/9930
f 2498/9931 2518/9932 2424/9933
f 2522/9934 2519/9935 2521/9936
f 2524/9937 2522/9938 2523/9939
f 2461/9940 2524/9941 2525/9942
f 2521/9943 2520/9944 2527/9945
f 2523/9946 2521/9947 2528/9948
f 2525/9949 2523/9950 2529/9951
f 2527/9952 2526/9953 2531/9954
f 2528/9955 2527/9956 2532/9957
f 2529/9958 2528/9959 2533/9960
f 2530/9961 2534/9962 2531/9963
f 2531/9964 2535/9965 2532/9966
f 2533/9967 2532/9968 2537/9969
f 2536/9970 2535/9971 2539/9972
f 2540/9973 2541/9974 2543/9975
f 2547/9976 2545/9977 2546/9978
f 2541/9979 2540/9980 2546/9981
f 2540/9982 2544/9983 2548/9984
f 2551/9985 2547/9986 2550/9987
f 2546/9988 2548/9989 2550/9990
f 2548/9991 2549/9992 2552/9993
f 2468/9994 2551/9995 2554/9996
f 2554/9997 2550/9998 2555/9999
f 2556/10000 2555/10001 2553/10002
f 2557/10003 2466/10004 2554/10005
f 2558/10006 2557/10007 2555/10008
f 2559/10009 2558/10010 2556/10011
f 2560/10012 2464/10013 2557/10014
f 2561/10015 2560/10016 2558/10017
f 2562/10018 2561/10019 2559/10020
f 2524/10021 2461/10022 2560/10023
f 2522/10024 2524/10025 2561/10026
f 2519/10027 2522/10028 2562/10029
f 2564/10030 2530/10031 2563/10032
f 2563/10033 2526/10034 2565/10035
f 2566/10036 2534/10037 2564/10038
f 2567/10039 2538/10040 2566/10041
f 2539/10042 2538/10043 2568/10044
f 2533/10045 2537/10046 2570/10047
f 2529/10048 2533/10049 2571/10050
f 2525/10051 2529/10052 2572/10053
f 2461/10054 2525/10055 2573/10056
f 2462/10057 2461/10058 2574/10059
f 2469/10060 2462/10061 2575/10062
f 2473/10063 2469/10064 2576/10065
f 2477/10066 2473/10067 2577/10068
f 2481/10069 2477/10070 2578/10071
f 2485/10072 2481/10073 2579/10074
f 2489/10075 2485/10076 2580/10077
f 2417/10078 2489/10079 2581/10080
f 2583/10081 2468/10082 2582/10083
f 2582/10084 2467/10085 2584/10086
f 2584/10087 2472/10088 2585/10089
f 2585/10090 2476/10091 2586/10092
f 2586/10093 2480/10094 2587/10095
f 2587/10096 2484/10097 2588/10098
f 2588/10099 2488/10100 2589/10101
f 2565/10102 2520/10103 2590/10104
f 2591/10105 2418/10106 2581/10107
f 2589/10108 2492/10109 2592/10110
f 2594/10111 2425/10112 2593/10113
f 2433/10114 2437/10115 2593/10116
f 2441/10117 2446/10118 2597/10119
f 2446/10120 2445/10121 2596/10122
f 2445/10123 2444/10124 2598/10125
f 2599/10126 2444/10127 2600/10128
f 2600/10129 2440/10130 2601/10131
f 2601/10132 2436/10133 2602/10134
f 2602/10135 2432/10136 2603/10137
f 2545/10138 2547/10139 2605/10140
f 2606/10141 2542/10142 2605/10143
f 2607/10144 2543/10145 2606/10146
f 2608/10147 2544/10148 2607/10149
f 2609/10150 2549/10151 2608/10152
f 2610/10153 2553/10154 2609/10155
f 2611/10156 2556/10157 2610/10158
f 2547/10159 2551/10160 2604/10161
f 2612/10162 2551/10163 2583/10164
f 2537/10165 2539/10166 2569/10167
f 2613/10168 2447/10169 2591/10170
f 2614/10171 2451/10172 2613/10173
f 2615/10174 2455/10175 2614/10176
f 2616/10177 2459/10178 2615/10179
f 2617/10180 2460/10181 2616/10182
f 2454/10183 2458/10184 2619/10185
f 2450/10186 2454/10187 2620/10188
f 2423/10189 2450/10190 2621/10191
f 2424/10192 2423/10193 2622/10194
f 2592/10195 2426/10196 2594/10197
f 2437/10198 2441/10199 2595/10200
f 2458/10201 2460/10202 2618/10203
f 2431/10204 2495/10205 2603/10206
f 2495/10207 2501/10208 2623/10209
f 2501/10210 2505/10211 2624/10212
f 2505/10213 2509/10214 2625/10215
f 2509/10216 2514/10217 2626/10218
f 2627/10219 2514/10220 2628/10221
f 2628/10222 2513/10223 2629/10224
f 2629/10225 2512/10226 2630/10227
f 2630/10228 2508/10229 2631/10230
f 2631/10231 2504/10232 2632/10233
f 2500/10234 2424/10235 2632/10236
f 2590/10237 2519/10238 2633/10239
f 2633/10240 2562/10241 2634/10242
f 2634/10243 2559/10244 2611/10245
