mtllib LThumb1.mtl
o LThumb1
usemtl nao_texture
v 0.0167955 0.001505584 -0.005547657
v 0.008660736 0.001505584 0.01272325
v -0.009610138 0.001505584 0.004588528
v -0.001475372 0.001505584 -0.01368238
v 0.01520905 0.07234947 -0.01600941
v 0.008974152 0.06994217 -0.01931665
v 0.009709473 0.07154953 -0.0228606
v 0.01704452 0.07393845 -0.01889713
v 0.003943939 0.06857117 -0.02452751
v 0.005683136 0.06830101 -0.02739962
v 0.01229309 0.07126564 -0.02652491
v 0.01583511 0.06274498 0.01556107
v 0.01595184 0.03751495 0.0158341
v 0.01913864 0.06281456 0.01206785
v 0.01971146 0.07442047 -0.01044313
v 0.02229141 0.07383263 -0.005506477
v 0.02332367 0.07154175 -0.002826462
v 0.02281403 0.03771667 0.002224617
v 0.02299362 0.06294106 0.002139701
v 0.02173202 0.06288544 0.007359276
v 0.005111084 0.0144603 0.007187615
v 0.004860077 0.03545967 0.007364807
v 9.872436e-05 0.03540604 0.006907234
v 0.005569458 0.01244507 0.009128208
v 0.002621918 0.01232574 0.01965363
v 0.01631973 0.01252937 0.01500584
v -0.004944153 0.01236771 0.004549008
v -0.0165979 0.01226418 -1.228332e-05
v -0.01088867 0.01221794 0.01362799
v 0.001057128 0.03755554 -0.009705715
v -0.009117127 0.03748062 -0.01571735
v 0.005259247 0.03769089 -0.01987301
v -0.01127182 0.0328862 -0.0299074
v -0.01335205 0.04490601 -0.02111929
v -0.01480957 0.0374765 -0.02291655
v 0.01713974 0.05584053 -0.06595467
v 0.02280197 0.05610191 -0.0790667
v 0.02685303 0.06853561 -0.06874763
v 0.05009949 0.05982666 -0.1457653
v 0.0491188 0.05518257 -0.1463747
v 0.05168289 0.05780571 -0.1481226
v 0.06632889 0.07203018 -0.1242274
v 0.0711235 0.07204018 -0.1401043
v 0.07340393 0.0727018 -0.1278728
v 0.03972015 0.07381744 -0.1124758
v 0.04033188 0.06721909 -0.1147133
v 0.0428154 0.06951225 -0.1126331
v 0.05577057 0.04014366 -0.1148425
v 0.04492157 0.04014366 -0.1233868
v 0.04796402 0.05073891 -0.1189128
v 0.04521942 0.04014336 -0.1514474
v 0.04479553 0.0453167 -0.1519414
v 0.04171097 0.03340393 -0.1559592
v 0.03763672 0.03488327 -0.1551791
v 0.04569244 0.06239464 -0.1447257
v 0.02407013 -0.05131905 -0.07994438
v 0.01841187 -0.0514106 -0.06684429
v 0.0284259 -0.06381927 -0.06984375
v 0.06795074 -0.06547882 -0.1253671
v 0.07037003 -0.06592827 -0.1223211
v 0.0750386 -0.06590591 -0.1290165
v 0.001912841 -0.03443413 -0.01029654
v 0.006105957 -0.03430336 -0.02047369
v -0.008261566 -0.03450905 -0.01630817
v 0.02366516 -0.03427887 0.001640567
v 0.01131378 -0.03445793 0.005679016
v 0.01680756 -0.03447472 0.0152433
v 0.0001235961 -0.03460915 0.008162422
v -0.01064011 -0.03478622 0.01354696
v 0.003162079 -0.0346685 0.01969723
v 0.02398972 -0.07026916 -0.006699886
v 0.02471909 -0.05949326 -0.003700008
v 0.02412003 -0.0694561 -0.004486408
v 0.01728455 -0.05968788 0.01455362
v 0.02064133 -0.05961456 0.01098
v 0.02320343 -0.05954811 0.006291695
v 0.02444717 -0.05949379 0.001088943
v 0.02114181 -0.03446487 0.02066133
v 0.02173584 -0.05104927 0.02056713
v 0.0200769 -0.05985199 0.0180472
v 0.005823975 -0.009545746 0.008945885
v 0.01657883 -0.009470291 0.01483362
v 0.002885285 -0.009667969 0.01947458
v -0.004685059 -0.009631958 0.004376774
v -0.0106253 -0.009775772 0.01344896
v -0.01633438 -0.009737167 -0.0001978111
v -0.01061386 -0.02974541 -0.03043253
v -0.005635529 -0.04439339 -0.02995851
v -0.01474091 -0.03204697 -0.03350174
v 0.0368927 -0.05226448 -0.1195694
v 0.03541016 -0.06032371 -0.1174388
v 0.03938492 -0.05789093 -0.1176503
v 0.04571411 -0.03367081 -0.1488242
v 0.04609024 -0.03364593 -0.1520606
v 0.05033325 -0.03361038 -0.1469054
v 0.07080917 -0.03361038 -0.1173762
v 0.05664124 -0.03361038 -0.1154559
v 0.06354538 -0.03361038 -0.1235145
v 0.06529312 -0.03361038 -0.1414998
v 0.06414047 -0.03361038 -0.1505936
v 0.07628845 -0.03361038 -0.1430417
v 0.04908356 -0.04471176 -0.1197055
v 0.05515549 -0.05349304 -0.1158269
v 0.05049881 -0.04801239 -0.1184698
v 0.05217499 -0.05061821 -0.1173006
v 0.07324463 -0.05962288 -0.1185268
v 0.071353 -0.05965897 -0.1172036
v 0.04396362 -0.03298981 -0.154721
v 0.04241898 -0.02691353 -0.1564582
v 0.03838669 -0.02849342 -0.1557028
v 0.04705063 -0.05613213 -0.145948
v 0.05144531 -0.05329407 -0.1467005
v 0.0009046936 -0.03258354 0.006343479
v 0.005661774 -0.03253586 0.006807823
v 0.005415039 -0.01153053 0.006978226
v 0.03777954 0.04947998 0.04310127
v 0.02918213 0.05987572 0.03229006
v 0.03583588 0.06030693 0.02437649
v 0.04761185 0.04969627 0.03290205
v 0.04364319 0.03239181 0.05024168
v 0.05547668 0.03273071 0.03843752
v 0.01784622 0.06287682 0.01807964
v 0.02172195 0.06315903 0.01397675
v 0.04108871 0.06045494 0.01484547
v 0.05472015 0.04988625 0.0200045
v 0.06380432 0.03295746 0.02332115
v 0.0247261 0.06324059 0.008525219
v 0.04365128 0.06056633 0.00426939
v 0.05818329 0.05004395 0.005694885
v 0.02640717 0.07435722 -0.003063221
v 0.02540054 0.07597336 -0.004925423
v 0.02480774 0.0768029 -0.007514744
v 0.03557983 0.07469749 -0.01084923
v 0.03439346 0.07472954 -0.005031109
v 0.02618774 0.06330811 0.002470798
v 0.03395096 0.07347977 -0.003660164
v 0.03691254 0.06268936 -0.003780975
v 0.02612091 0.06309166 -0.002920075
v 0.05839325 0.01164741 0.04023371
v 0.04647003 0.01140686 0.05270069
v 0.04646057 0.07153969 -0.005881443
v 0.04585663 0.07026001 -0.004582367
v 0.04347839 0.06026642 -0.004293423
v 0.02407913 0.07665573 -0.01020168
v 0.02122879 0.07511559 -0.008567906
v 0.02287048 0.06381027 -0.003080063
v 0.02268265 0.07600151 -0.01270164
v 0.06786346 0.03314522 0.006543636
v 0.04864609 0.07248299 -0.01158756
v 0.05800095 0.06562775 -0.006669846
v 0.05705261 0.06425987 -0.005420799
v 0.06715408 0.01188469 0.0243442
v 0.0399617 0.07336166 -0.02298075
v 0.05392532 0.06997009 -0.02123445
v 0.02848724 0.07329063 -0.02462921
v 0.01866272 0.03779304 -0.01250315
v 0.05148025 0.05625977 -0.004896984
v 0.05909103 0.06592461 -0.01199774
v 0.05998383 0.06816803 -0.01965397
v 0.0455516 0.08108239 -0.02766842
v 0.04194763 0.08081856 -0.02437763
v 0.02666779 0.08029931 -0.02638622
v 0.02870621 0.08009224 -0.02995447
v 0.06172562 0.07721634 -0.02535473
v 0.05734299 0.07783791 -0.02234568
v 0.04773529 0.0753067 -0.05972204
v 0.05818939 0.07573479 -0.05515652
v 0.06473938 0.05836975 -0.005980301
v 0.05803314 0.04994034 -0.005357246
v 0.07143585 0.07279083 -0.04943699
v 0.06669922 0.06241867 -0.0196785
v 0.0672554 0.06078888 -0.01231256
v 0.06203278 0.04520164 -0.005628853
v 0.06783569 0.03360634 -0.005976029
v 0.01046707 0.03753632 0.006279678
v 0.002315368 0.03732582 0.02029793
v -0.01149582 0.03721092 0.01414438
v -0.0007321166 0.03738045 0.0087533
v 0.074897 0.06845444 -0.0223711
v 0.07209549 0.07048157 -0.02039522
v 0.01160721 0.07732513 -0.02894443
v 0.01173584 0.07775879 -0.0322073
v 0.07141754 0.01208267 0.006718464
v 0.003648834 0.07269188 -0.02968401
v 0.007454224 0.07518043 -0.03313543
v 0.004444275 0.06706825 -0.02007296
v 0.07370041 0.04856171 -0.008509808
v 0.07244629 0.04805084 -0.006501751
v 0.06563889 0.05958618 -0.007213135
v 0.003347931 0.07241096 -0.03401247
v 0.07594315 0.04883018 -0.01247978
v 0.0320285 0.07269257 -0.06643715
v 0.03728134 0.07487869 -0.06428757
v -0.01732773 0.03725616 0.0002016067
v -0.00653656 0.03739113 -0.001122207
v -0.002148132 0.06282097 -0.02496653
v -0.0004109191 0.06182785 -0.01988277
v 0.07719788 0.05000549 -0.01846407
v 0.08471848 0.05767265 -0.01873365
v 0.01156174 0.03764328 -0.005123234
v -0.002437896 0.06455376 -0.03523235
v -0.002842407 0.06462128 -0.03084003
v 0.01090042 0.03558685 0.0005456542
v 0.01115143 0.01458748 0.0003684806
v -0.003491516 0.03539055 0.003727837
v -0.003240509 0.01439117 0.003550606
v 0.09339936 0.04051834 -0.01763523
v 0.08381455 0.03537956 -0.01776123
v 0.07752747 0.03704399 -0.006790943
v 0.08037552 0.03668022 -0.007141457
v -0.01553085 0.03515541 -0.03294889
v -0.01427643 0.0361245 -0.0374357
v -0.0123468 0.03748276 -0.01979948
v -0.01191009 0.02490364 -0.01990257
v 0.09578446 0.0391172 -0.02014172
v 0.08701508 0.0554628 -0.02153025
v 0.006277008 0.03559387 -0.007307549
v 0.006528015 0.01460205 -0.007478161
v 0.08109421 0.03552132 -0.01255087
v -0.0002857971 0.06229538 -0.0283065
v -0.002618103 0.03547615 -0.00533989
v -0.002367095 0.01447678 -0.005517044
v 0.08245591 0.01620132 -0.006977863
v 0.0715593 0.01218666 -0.006061497
v 0.08475617 0.01671844 -0.008472748
v 0.08643311 0.01901245 -0.01260771
v 0.1013829 0.0378978 -0.03686317
v 0.09404526 0.05351135 -0.03984949
v 0.09977936 0.02069221 -0.01956715
v 0.09871476 0.0217926 -0.01703928
v 0.01316315 0.01260941 0.0005447578
v 0.02579926 0.01279015 -0.003055515
v -0.01564178 0.03108284 -0.02428995
v 0.009879303 0.03305099 -0.06546062
v 0.1030478 0.05621895 -0.05709276
v 0.1085547 0.04142151 -0.05322695
v -0.003840485 0.01247169 -0.006850586
v -0.01041367 0.01247574 -0.01667091
v 0.07919632 0.07880966 -0.07539131
v 0.08176499 0.07852371 -0.07795872
v 0.09389466 0.06886925 -0.06749973
v 0.0936435 0.06896233 -0.06498398
v 0.007349854 0.01262291 -0.009334087
v 0.01901199 0.01279724 -0.01344116
v 0.02159973 0.01282738 -0.01369551
v 0.08201249 0.07300926 -0.07994637
v 0.09239808 0.0660804 -0.07142101
v 0.06981461 0.08165474 -0.0877261
v 0.07076477 0.07684593 -0.08924664
v 0.06727936 0.08171654 -0.084963
v 0.08575333 0.002553711 -0.009194527
v 0.0830626 0.002720032 -0.006884918
v 0.05639801 0.08125367 -0.0938723
v 0.04993668 0.08097825 -0.09916302
v -0.01088821 0.001495208 -0.0197868
v -0.01732056 0.001490783 -0.02794117
v 0.08843949 0.01938812 -0.01732927
v -0.01538513 0.001529235 -0.03074146
v -0.02033981 0.001493225 -0.03398485
v 0.1031856 0.05809387 -0.06089586
v 0.1100201 0.04091934 -0.05571114
v 0.1062057 0.0204985 -0.03500261
v 0.1130913 0.02114685 -0.05021759
v 0.0898967 0.06368835 -0.07353996
v 0.08164826 0.07032494 -0.08029271
v 0.05778107 0.08125901 -0.09768193
v 0.05961288 0.07497742 -0.09856781
v 0.1016426 0.05614075 -0.06389976
v 0.007875519 0.01271614 -0.02020306
v 0.09036332 0.002673416 -0.01724754
v 0.08869477 0.002616196 -0.01267855
v 0.1007597 0.002790451 -0.01742504
v 0.1027872 0.002835617 -0.01916931
v 0.04365585 0.0789138 -0.1051575
v 0.09757294 0.05199066 -0.06736118
v 0.08981522 0.06708237 -0.08254643
v 0.08037186 0.07364532 -0.09346734
v 0.1081056 0.03886368 -0.05882465
v 0.03667603 0.0739827 -0.1095105
v -0.01025314 0.001490554 -0.01846088
v 0.01840744 0.03336212 -0.08530976
v 0.0461171 0.0778701 -0.1074654
v 0.04763107 0.0724939 -0.1085963
v 0.002159118 0.01269196 -0.02566168
v -0.003360291 0.0125975 -0.02182995
v 0.08374314 0.0738102 -0.09814892
v 0.09300248 0.06667122 -0.08696335
v -0.0193425 0.001547393 -0.03860926
v 0.09867753 0.05567673 -0.07276867
v 0.1085709 0.003022766 -0.03421822
v 0.09332779 0.06333252 -0.09021027
v 0.08461533 0.06928215 -0.1011456
v 0.1032199 0.03664116 -0.0629398
v 0.1009384 0.0545742 -0.07763802
v 0.1064655 0.03855186 -0.07142788
v 0.1042522 0.03896004 -0.06717743
v 0.1156374 0.003234711 -0.04867592
v 0.005708008 0.00207962 -0.06670551
v 0.07407715 0.07689636 -0.1100446
v 0.07423614 0.0720211 -0.1142226
v 0.1007314 0.05244492 -0.08094552
v 0.1061282 0.03749962 -0.0742503
v 0.08326798 0.06494392 -0.1029095
v 0.09229187 0.05770607 -0.0915646
v 0.1119348 0.02105362 -0.05595928
v 0.1142519 0.02218246 -0.05266762
v 0.1070859 0.01992905 -0.06002415
v 0.07115677 0.07767693 -0.1043336
v 0.06097397 0.07614235 -0.1170188
v 0.06441254 0.07668869 -0.1221219
v 0.1024849 0.03324486 -0.07890011
v 0.09837769 0.04697624 -0.08396634
v 0.03156754 0.06560539 -0.1133591
v 0.03446701 0.06566505 -0.1164294
v 0.03793869 0.06365486 -0.116646
v 0.02214172 0.03589355 -0.1212141
v 0.0514093 0.07440674 -0.128989
v 0.04588654 0.07005936 -0.1344852
v 0.06873154 0.07250206 -0.121172
v 0.0550206 0.07335083 -0.1338547
v 0.1096419 0.02059479 -0.06997318
v 0.1099011 0.02103149 -0.06775318
v 0.04168838 0.06231895 -0.1389742
v 0.07175552 0.06792419 -0.1174452
v 0.07795486 0.0681691 -0.126497
v 0.1086536 0.003232727 -0.05902008
v 0.1149368 0.003261414 -0.05373531
v 0.0599147 0.06603424 -0.113517
v 0.06618271 0.06611572 -0.1144633
v 0.06993393 0.04014366 -0.116773
v 0.05381424 0.05960381 -0.1148948
v 0.05380234 0.06597633 -0.1146955
v 0.07822708 0.04014366 -0.1284117
v 0.07176575 0.06620804 -0.117472
v 0.01493622 0.002360534 -0.08820912
v 0.02461349 0.03639481 -0.1251535
v 0.02946487 0.03426353 -0.1244144
v 0.04984802 0.06998878 -0.1399781
v 0.05726715 0.06926392 -0.1357489
v 0.06101593 0.06913368 -0.1463101
v 0.1112576 0.003336487 -0.06808285
v 0.1111031 0.003327561 -0.06649158
v 0.104239 0.02032173 -0.0768045
v 0.1046812 0.003325195 -0.07639622
v 0.07553329 0.06759987 -0.1424057
v 0.07541321 0.04014366 -0.1424385
v 0.05309708 0.06592499 -0.141096
v 0.03420258 0.03551674 -0.1481128
v 0.05367737 0.06433044 -0.1467351
v 0.06314697 0.06487877 -0.1501852
v 0.01819916 0.002706757 -0.1248483
v 0.02077652 0.002760315 -0.1279565
v 0.04946259 0.04014366 -0.1462921
v 0.06326981 0.04014366 -0.1499803
v 0.03793137 0.00300766 -0.1332412
v 0.03814011 0.03990997 -0.1329223
v 0.04484329 0.04011848 -0.1482109
v 0.044664 0.003217392 -0.1488201
v 0.04503586 0.003244171 -0.1520132
v 0.03939575 0.002953644 -0.1243529
v 0.04234772 0.03363113 -0.1190294
v 0.03089142 0.003085709 -0.1525834
v 0.02638275 0.002825317 -0.1275446
v 0.03324249 0.003173752 -0.1580407
v 0.03836456 0.003240051 -0.1604559
v 0.04669403 -0.008250733 0.05253809
v 0.04443573 -0.02892044 0.04981697
v 0.03963959 -0.02463211 0.04378191
v 0.04108322 -0.008264542 0.04550179
v 0.05646942 -0.02878517 0.03774382
v 0.05882584 -0.008007965 0.03980965
v 0.0674617 -0.007773438 0.02398441
v 0.06470779 -0.02855835 0.02265806
v 0.07166779 -0.007577515 0.006452427
v 0.06871826 -0.02837601 0.005947609
v 0.04922791 -0.04568657 0.03215187
v 0.03959976 -0.04502708 0.04323292
v 0.0563002 -0.04549271 0.01920446
v -0.002936401 -0.01159965 0.003341236
v 0.01342667 -0.009384308 0.0003657531
v 0.02604858 -0.009207993 -0.003351059
v 0.0717923 -0.007473908 -0.006220818
v 0.07046341 -0.02184853 -0.006467896
v 0.07181778 0.002356491 -0.005982094
v 0.08278275 -0.01121941 -0.007207413
v 0.08509064 -0.01165054 -0.0087113
v 0.08693528 -0.01389473 -0.01291124
v 0.01145554 -0.01140335 0.000159111
v 0.01170654 -0.03240272 -1.811981e-05
v -0.003577118 -0.009529572 -0.007036171
v -0.002054138 -0.01151695 -0.005723133
v -0.0101503 -0.009525528 -0.0168565
v 0.05973175 -0.04533257 0.004861717
v -0.002685547 -0.03259903 0.003164063
v 0.00761322 -0.009370804 -0.00951313
v 0.006642151 -0.009290009 -0.02086525
v 0.01935013 -0.009201584 -0.01382727
v -0.01648102 -0.03473808 -0.0003990936
v 0.03056244 -0.05677841 0.03132578
v 0.02681351 -0.04937157 0.02700758
v 0.03493042 -0.03893074 0.03770435
v 0.03801071 -0.0565448 0.02374256
v 0.09916764 -0.01625061 -0.01734598
v 0.08889313 -0.01369621 -0.01759705
v 0.006840973 -0.01139923 -0.007690849
v 0.007082977 -0.03239578 -0.007871323
v 0.02171875 -0.009173508 -0.01406347
v -0.01135101 -0.02193153 -0.02028433
v -0.001812133 -0.0325135 -0.005903607
v 0.04329376 -0.05640137 0.01406467
v 0.08193421 -0.02594795 -0.008677082
v 0.08008057 -0.02532623 -0.007331772
v 0.06875931 -0.02826401 -0.006491757
v 0.1066211 -0.0144796 -0.03529144
v 0.1009366 -0.01520622 -0.01974688
v -0.00568985 -0.03459564 -0.001716327
v 0.001183166 -0.009311752 -0.02593225
v 0.04587326 -0.05628288 0.003328457
v 0.01241745 -0.03435394 -0.005720635
v 0.01951401 -0.03420998 -0.01309381
v 0.09429871 -0.03508232 -0.01825758
v 0.08460328 -0.03016952 -0.01830666
v 0.08338059 -0.02856651 -0.01309328
v 0.1143803 -0.01429596 -0.04984013
v -0.01493301 -0.02812538 -0.02478201
v 0.07692001 -0.03952766 -0.008532047
v 0.07547668 -0.03876717 -0.00730114
v 0.09553986 -0.03581154 -0.02096765
v 0.1022133 -0.03195389 -0.03743868
v -0.01149109 -0.03451447 -0.02039688
v 0.05961182 -0.04508102 -0.006171398
v 0.02425156 -0.0599855 0.01361374
v 0.02736999 -0.05990082 0.00788475
v 0.05105698 -0.05324577 -0.005679093
v -0.01360565 -0.03158264 -0.03801846
v 0.01061508 -0.02880951 -0.06597195
v 0.02889236 -0.05982735 0.001549758
v 0.01687912 -0.06877937 -0.0171706
v 0.02296707 -0.07153107 -0.00978199
v 0.01059235 -0.06646339 -0.02044252
v 0.005993805 -0.06369278 -0.02115408
v 0.07884979 -0.04023567 -0.01321379
v 0.1074734 -0.01347618 -0.06030441
v 0.1128564 -0.01465149 -0.05584299
v 0.08602265 -0.05241852 -0.01964048
v 0.07832474 -0.0449337 -0.01924948
v -0.006744232 -0.0436705 -0.01757503
v -0.01060699 -0.0441626 -0.02294397
v 0.0682486 -0.05075935 -0.007006435
v 0.0585347 -0.05988159 -0.006448517
v 0.1101146 0.003270493 -0.06186394
v 0.1090863 -0.0133918 -0.06315643
v 0.001013641 -0.05857147 -0.02087707
v 0.04104721 -0.05808449 -0.004992371
v 0.09524292 -0.04769104 -0.04068579
v 0.08889557 -0.050364 -0.02230391
v 0.1100421 -0.0139167 -0.07026405
v 0.1103226 -0.01438797 -0.06805355
v 0.02881378 -0.05958099 -0.004036427
v 0.1099344 -0.03529297 -0.05350292
v 0.1047603 -0.009825134 -0.07678696
v 0.0474704 -0.06615898 -0.005708084
v -0.00135437 -0.06123482 -0.03188122
v -0.0009552001 -0.06108467 -0.03627937
v 0.1109142 -0.03446381 -0.05633934
v 0.1146994 -0.01568809 -0.05298969
v 0.07370331 -0.06549606 -0.02150932
v 0.06812225 -0.05757065 -0.02067089
v 0.03565491 -0.06969307 -0.004837818
v 0.02741974 -0.07113808 -0.004529171
v 0.1092293 -0.03259315 -0.0591901
v -0.0006990051 -0.059515 -0.02597843
v 0.00115036 -0.05888954 -0.02929834
v 0.01913467 -0.02858482 -0.0858133
v 0.1040222 -0.03023003 -0.06347656
v 0.06946472 -0.05178017 -0.008242836
v 0.06846741 -0.05567566 -0.0132579
v 0.06100632 -0.0620163 -0.01310083
v 0.05950119 -0.06120041 -0.007723122
v 0.04810089 -0.06739761 -0.00702795
v 0.03611496 -0.07088379 -0.006227131
v 0.05514465 -0.06599495 -0.01293859
v 0.03745911 -0.07142288 -0.01210369
v 0.1072981 -0.03191864 -0.07200954
v 0.1058556 -0.03169334 -0.06692871
v 0.0272406 -0.07195824 -0.005641899
v 0.1069356 -0.03083298 -0.07481667
v 0.1031558 -0.02680061 -0.07945213
v 0.02585007 -0.07296524 -0.01143135
v 0.05553101 -0.0654039 -0.02235559
v 0.04165894 -0.06910896 -0.02415651
v 0.07440018 -0.06662109 -0.02487448
v 0.1046712 -0.0499601 -0.0576906
v 0.01875198 -0.07027809 -0.02009596
v 0.0953743 -0.06318649 -0.06508175
v 0.08528656 -0.05990074 -0.0451807
v 0.1044841 -0.05171257 -0.06180931
v 0.05912765 -0.07316505 -0.02358936
v 0.1031807 -0.04864037 -0.06451664
v 0.005530396 -0.06512856 -0.02563467
v 0.007263031 -0.06475609 -0.02849754
v 0.09983124 -0.0436879 -0.06721214
v 0.01136078 -0.06798706 -0.02402027
v 0.02875198 -0.07105278 -0.02581772
v 0.05953155 -0.07413742 -0.02720444
v 0.01393768 -0.06759102 -0.02767241
v 0.01348129 -0.07293518 -0.02980738
v 0.005330505 -0.06917046 -0.03085674
v 0.04380753 -0.07647171 -0.02567526
v 0.005458832 -0.06933144 -0.03512611
v 0.02851181 -0.07627823 -0.02767876
v 0.1021539 -0.04796715 -0.07849216
v 0.1011348 -0.04633148 -0.07226055
v 0.01352737 -0.07399879 -0.03346889
v 0.04407608 -0.07740929 -0.02946653
v 0.03369675 -0.067892 -0.067598
v 0.02872086 -0.07701134 -0.03155195
v 0.09490967 -0.06471436 -0.06979126
v 0.09121598 -0.0575415 -0.07464722
v 0.09439347 -0.06084549 -0.07205975
v 0.0390065 -0.03388527 -0.1335288
v 0.04306839 -0.02772552 -0.1195398
v 0.02292419 -0.03042763 -0.1217571
v 0.08323731 -0.06412765 -0.08140442
v 0.08381531 -0.0674691 -0.08098599
v 0.0835492 -0.07235275 -0.07921055
v 0.02540344 -0.03081512 -0.1257129
v 0.03047363 -0.02979866 -0.1247318
v 0.03470139 -0.02816841 -0.1489213
v 0.08411835 -0.07180695 -0.0741069
v 0.09375092 -0.05878105 -0.0807436
v 0.08453736 -0.06672226 -0.09160046
v 0.04578796 -0.03361038 -0.1239934
v 0.05683197 -0.05984451 -0.1152341
v 0.05529465 -0.05986626 -0.1157369
v 0.07259079 -0.0704541 -0.09039704
v 0.07167435 -0.07559814 -0.08902089
v 0.04309265 -0.05609291 -0.1399481
v 0.08621003 -0.06282623 -0.1022047
v 0.09361451 -0.05810493 -0.0926883
v 0.09348816 -0.05120468 -0.09259114
v 0.08602692 -0.05794228 -0.102277
v 0.03305481 -0.06004189 -0.114396
v 0.05330994 -0.03361038 -0.1279721
v 0.07095276 -0.03361038 -0.1318666
v 0.07909775 -0.03361038 -0.1290251
v 0.06972321 -0.07663757 -0.08575879
v 0.03850265 -0.06820137 -0.1105738
v 0.05825546 -0.07650413 -0.09512112
v 0.05050308 -0.07264153 -0.06349976
v 0.06087753 -0.07047333 -0.05856228
v 0.05694107 -0.07618294 -0.09619954
v 0.03901352 -0.06996376 -0.06546925
v 0.07948669 -0.06129036 -0.1275632
v 0.04545319 -0.0731955 -0.1064117
v 0.06112549 -0.070093 -0.09992875
v 0.05963409 -0.07532898 -0.09897774
v 0.06110825 -0.06897789 -0.09992829
v 0.07050232 -0.06865807 -0.09209748
v 0.07236069 -0.07101501 -0.1062604
v 0.08541306 -0.06725151 -0.09931092
v 0.07582214 -0.07037788 -0.1112547
v 0.07712524 -0.06538414 -0.1137519
v 0.05438416 -0.03361038 -0.1390815
v 0.04970581 -0.06724419 -0.1093898
v 0.0478891 -0.0720565 -0.1086948
v 0.06258774 -0.07077637 -0.1182555
v 0.07704239 -0.06051186 -0.143464
v 0.04746033 -0.06377708 -0.1355574
v 0.04596558 -0.0650943 -0.1124634
v 0.05309311 -0.06810417 -0.1301643
v 0.04139725 -0.06806587 -0.113655
v 0.06615173 -0.07019653 -0.1233366
v 0.07274872 -0.06510498 -0.141235
v 0.05882538 -0.06272125 -0.1368426
v 0.05672806 -0.06722656 -0.1351759
v 0.06334366 -0.06257378 -0.1472221
v 0.0545787 -0.05939285 -0.14213
v 0.05512543 -0.05769249 -0.1477407
v 0.05703552 -0.05460297 -0.1507197
v 0.05142944 -0.06355286 -0.1410838
v 0.06538635 -0.05814026 -0.1510711
v 0.0695639 -0.0685614 -0.05206537
v 0.1152475 0.003250351 -0.05144369
v 0.1078384 0.02129677 -0.06379539
v 0.09450257 -0.06008987 -0.08801735
v 0.08380448 0.06555878 -0.04414167
v 0.07485153 0.06738876 -0.1139491
v 0.05567108 0.06133858 -0.1497605
v 0.1022133 -0.04499649 -0.08141194
v 0.0993396 -0.04050072 -0.08478093
v 0.07901108 -0.06014824 -0.1112385
v 0.04469818 -0.0339418 -0.1178248
v 0.04382736 0.03984749 -0.1172115
v 0.09385163 -0.05443771 -0.08046441
v 0.1007103 0.05356934 -0.0774107
v 0.07085175 0.07256927 -0.114838
v 0.06873047 -0.06687798 -0.1223503
v 0.1072118 -0.01782265 -0.07232681
v 0.1072049 0.01903969 -0.07232983
v 0.03606705 0.03884895 -0.136893
v 0.03999786 -0.04488792 -0.1351429
v 0.053694 0.01114578 0.03586395
v 0.04260544 0.01092201 0.04745825
v 0.06580658 0.0115506 0.004694748
v 0.06184158 0.01136642 0.02108669
v 0.06593842 0.01164726 -0.007190609
v 0.06212769 -0.006915588 0.02075209
v 0.06603943 -0.006733399 0.004447346
v 0.05409637 -0.007133713 0.03546957
v 0.06579239 -0.007473908 -0.007220821
vt 0.1566733 0.8510175
vt 0.1514618 0.8510175
vt 0.1514618 0.8562289
vt 0.09648978 0.788835
vt 0.096363 0.7896542
vt 0.09672242 0.7899269
vt 0.09673768 0.7907378
vt 0.09715604 0.7901267
vt 0.09672242 0.7899269
vt 0.09409546 0.7858891
vt 0.09347814 0.7875446
vt 0.09434193 0.7860361
vt 0.0965262 0.7881516
vt 0.09638142 0.7876792
vt 0.09623366 0.7874266
vt 0.09432756 0.7878547
vt 0.09509837 0.7867423
vt 0.09469169 0.786317
vt 0.09242343 0.7883388
vt 0.09234392 0.7884666
vt 0.09233307 0.7884856
vt 0.09248 0.7882446
vt 0.09275799 0.7882712
vt 0.0926581 0.7878116
vt 0.09249782 0.78871
vt 0.09265303 0.7891449
vt 0.09276598 0.7886924
vt 0.09418356 0.7891806
vt 0.09405553 0.7899597
vt 0.09463548 0.7892984
vt 0.09368342 0.7919808
vt 0.09441918 0.7907496
vt 0.09389871 0.7909143
vt 0.09887206 0.7975204
vt 0.1003038 0.8000918
vt 0.1017097 0.7966425
vt 0.1116981 0.8231757
vt 0.1103017 0.8253903
vt 0.1120485 0.8246661
vt 0.1210861 0.813356
vt 0.1206821 0.81989
vt 0.1233346 0.8160369
vt 0.1084738 0.8067838
vt 0.1084559 0.8092706
vt 0.1095516 0.8080906
vt 0.1451047 0.8197669
vt 0.1514339 0.8158513
vt 0.1460301 0.8124006
vt 0.1029897 0.83271
vt 0.1046409 0.8293782
vt 0.09848165 0.8313901
vt 0.09885883 0.8291683
vt 0.09848165 0.8313901
vt 0.1046409 0.8293782
vt 0.1105074 0.8214993
vt 0.1046409 0.8293782
vt 0.1103017 0.8253903
vt 0.0809257 0.7986874
vt 0.08262276 0.7964844
vt 0.08008688 0.7953647
vt 0.06315147 0.8096682
vt 0.06141704 0.8091121
vt 0.06215554 0.8116138
vt 0.08842325 0.7889642
vt 0.08793252 0.7891112
vt 0.08849579 0.7897953
vt 0.08832615 0.7876378
vt 0.08883768 0.7878975
vt 0.08919775 0.7871655
vt 0.08908432 0.788311
vt 0.08940589 0.7885073
vt 0.08941847 0.7879349
vt 0.08605974 0.7876942
vt 0.08694565 0.7873194
vt 0.08617073 0.7875658
vt 0.08828967 0.7862125
vt 0.08812338 0.7863272
vt 0.08919775 0.7871655
vt 0.08832615 0.7876378
vt 0.08781999 0.7865693
vt 0.08742415 0.7869037
vt 0.08919775 0.7871655
vt 0.08946704 0.78648
vt 0.08877724 0.7860994
vt 0.08828967 0.7862125
vt 0.08877724 0.7860994
vt 0.08836674 0.7860857
vt 0.09072589 0.7880471
vt 0.0907585 0.7872908
vt 0.09036588 0.7879646
vt 0.09057772 0.7885814
vt 0.0902431 0.7884918
vt 0.09027934 0.7890277
vt 0.08864289 0.7918592
vt 0.08728581 0.791469
vt 0.08828043 0.7925928
vt 0.0748049 0.8083843
vt 0.0743342 0.8060512
vt 0.07346141 0.80699
vt 0.07001531 0.8231228
vt 0.07090181 0.8224472
vt 0.06817871 0.821488
vt 0.05937641 0.8192037
vt 0.05790996 0.8225738
vt 0.06040745 0.8212944
vt 0.06394588 0.8199831
vt 0.06522887 0.8191162
vt 0.06334424 0.8183003
vt 0.05390465 0.8253646
vt 0.05205094 0.8201532
vt 0.0529682 0.8237698
vt 0.0529682 0.8237698
vt 0.05205094 0.8201532
vt 0.05238056 0.8222681
vt 0.05937641 0.8192037
vt 0.05735385 0.8112618
vt 0.05540972 0.8128328
vt 0.07226681 0.822054
vt 0.07454514 0.8240353
vt 0.07499408 0.8223753
vt 0.06947231 0.8144139
vt 0.06860107 0.8154325
vt 0.07226681 0.822054
vt 0.06947231 0.8144139
vt 0.07226681 0.822054
vt 0.07499408 0.8223753
vt 0.09084153 0.7884309
vt 0.09083276 0.7884108
vt 0.09077566 0.7882207
vt 0.09378957 0.7841643
vt 0.09422677 0.7842139
vt 0.09392505 0.7829104
vt 0.09348171 0.7828752
vt 0.09392505 0.7829104
vt 0.09351027 0.7817006
vt 0.09408497 0.7855397
vt 0.09438103 0.7857209
vt 0.09422677 0.7842139
vt 0.09422677 0.7842139
vt 0.0947932 0.7843814
vt 0.09449309 0.7830029
vt 0.09392505 0.7829104
vt 0.09449309 0.7830029
vt 0.09387087 0.7818782
vt 0.09409546 0.7858891
vt 0.09434193 0.7860361
vt 0.09438103 0.7857209
vt 0.09438103 0.7857209
vt 0.09478104 0.7860116
vt 0.0947932 0.7843814
vt 0.09449309 0.7830029
vt 0.0947932 0.7843814
vt 0.095546 0.7846803
vt 0.09438103 0.7857209
vt 0.09434193 0.7860361
vt 0.09469169 0.786317
vt 0.09432756 0.7878547
vt 0.09469169 0.786317
vt 0.09434193 0.7860361
vt 0.09649026 0.787327
vt 0.09623366 0.7874266
vt 0.09638142 0.7876792
vt 0.09667301 0.787693
vt 0.09732991 0.7871147
vt 0.09686279 0.786881
vt 0.09509837 0.7867423
vt 0.09522342 0.7863945
vt 0.09478104 0.7860116
vt 0.0947932 0.7843814
vt 0.09478104 0.7860116
vt 0.09522342 0.7863945
vt 0.09674018 0.7867358
vt 0.09607094 0.7857931
vt 0.09565794 0.7868134
vt 0.09351027 0.7817006
vt 0.09308159 0.7808881
vt 0.09307479 0.7786128
vt 0.09686279 0.786881
vt 0.09731388 0.7858388
vt 0.09716027 0.7856592
vt 0.09607094 0.7857931
vt 0.09674018 0.7867358
vt 0.09716027 0.7856592
vt 0.09675633 0.7879011
vt 0.09667301 0.787693
vt 0.0965141 0.7879398
vt 0.0965262 0.7881516
vt 0.0965141 0.7879398
vt 0.09638142 0.7876792
vt 0.0965262 0.7881516
vt 0.09623366 0.7874266
vt 0.09560722 0.7873312
vt 0.09686827 0.7881346
vt 0.09675633 0.7879011
vt 0.0965141 0.7879398
vt 0.09449309 0.7830029
vt 0.09534537 0.7830753
vt 0.09446012 0.7816811
vt 0.09732991 0.7871147
vt 0.09790813 0.7859743
vt 0.09731388 0.7858388
vt 0.09731388 0.7858388
vt 0.09760391 0.7845414
vt 0.09738391 0.7843863
vt 0.09308159 0.7808881
vt 0.09351027 0.7817006
vt 0.09387087 0.7818782
vt 0.09565794 0.7868134
vt 0.09607094 0.7857931
vt 0.09522342 0.7863945
vt 0.095546 0.7846803
vt 0.09522342 0.7863945
vt 0.09607094 0.7857931
vt 0.09790813 0.7859743
vt 0.09732991 0.7871147
vt 0.09864902 0.787528
vt 0.09810578 0.7886889
vt 0.09864902 0.787528
vt 0.09675633 0.7879011
vt 0.09560722 0.7873312
vt 0.09522342 0.7863945
vt 0.09509837 0.7867423
vt 0.09560722 0.7873312
vt 0.09509837 0.7867423
vt 0.09432756 0.7878547
vt 0.09635567 0.7840933
vt 0.095546 0.7846803
vt 0.09626299 0.7850516
vt 0.0965262 0.7881516
vt 0.09648978 0.788835
vt 0.09689408 0.7889955
vt 0.09648978 0.788835
vt 0.0965262 0.7881516
vt 0.09560722 0.7873312
vt 0.09790813 0.7859743
vt 0.0982213 0.7846343
vt 0.09760391 0.7845414
vt 0.09913247 0.7858185
vt 0.09923058 0.7849296
vt 0.0982213 0.7846343
vt 0.09953039 0.7879694
vt 0.09863513 0.7894354
vt 0.0990554 0.7897302
vt 0.1002044 0.7861398
vt 0.09953039 0.7879694
vt 0.1000962 0.7880065
vt 0.09648978 0.788835
vt 0.09466952 0.7885088
vt 0.096363 0.7896542
vt 0.09810578 0.7886889
vt 0.09686827 0.7881346
vt 0.09689408 0.7889955
vt 0.09715604 0.7901267
vt 0.09810578 0.7886889
vt 0.09689408 0.7889955
vt 0.1040398 0.7917585
vt 0.1047722 0.789298
vt 0.1000962 0.7880065
vt 0.09913247 0.7858185
vt 0.09864902 0.787528
vt 0.09953039 0.7879694
vt 0.09736734 0.7833122
vt 0.09623068 0.7831125
vt 0.09635567 0.7840933
vt 0.09864902 0.787528
vt 0.09810578 0.7886889
vt 0.09863513 0.7894354
vt 0.1047722 0.789298
vt 0.1051086 0.7859431
vt 0.1007835 0.7858975
vt 0.09912359 0.7836746
vt 0.09817677 0.7834626
vt 0.0982213 0.7846343
vt 0.09635567 0.7840933
vt 0.09623068 0.7831125
vt 0.09534537 0.7830753
vt 0.09595233 0.7824432
vt 0.09534537 0.7830753
vt 0.09623068 0.7831125
vt 0.09595233 0.7824432
vt 0.09513449 0.7812517
vt 0.09446012 0.7816811
vt 0.0933665 0.7882369
vt 0.09338003 0.7887436
vt 0.09363812 0.7885712
vt 0.09383535 0.7881593
vt 0.09432756 0.7878547
vt 0.09347814 0.7875446
vt 0.09347814 0.7875446
vt 0.0926581 0.7878116
vt 0.09275799 0.7882712
vt 0.1007835 0.7858975
vt 0.100708 0.7835578
vt 0.1004562 0.7838688
vt 0.09863513 0.7894354
vt 0.09764593 0.790618
vt 0.09773075 0.790967
vt 0.09387087 0.7818782
vt 0.09446012 0.7816811
vt 0.09294635 0.7809755
vt 0.1004562 0.7838688
vt 0.09912359 0.7836746
vt 0.09923058 0.7849296
vt 0.09764593 0.790618
vt 0.09715169 0.7911479
vt 0.09758687 0.791232
vt 0.096363 0.7896542
vt 0.09615689 0.7901458
vt 0.09645819 0.7905137
vt 0.096363 0.7896542
vt 0.09466952 0.7885088
vt 0.09463548 0.7892984
vt 0.09685999 0.7818207
vt 0.09736734 0.7833122
vt 0.09757107 0.7834626
vt 0.09736734 0.7833122
vt 0.09685999 0.7818207
vt 0.09595233 0.7824432
vt 0.09275799 0.7882712
vt 0.09276598 0.7886924
vt 0.09338003 0.7887436
vt 0.09758687 0.791232
vt 0.09715169 0.7911479
vt 0.09742444 0.7915584
vt 0.0970934 0.7818223
vt 0.09757107 0.7834626
vt 0.09817677 0.7834626
vt 0.09773075 0.790967
vt 0.09758687 0.791232
vt 0.1024303 0.7953147
vt 0.09338003 0.7887436
vt 0.09351748 0.7892778
vt 0.09378314 0.7890871
vt 0.09594231 0.7909513
vt 0.09645819 0.7905137
vt 0.09615689 0.7901458
vt 0.09758687 0.791232
vt 0.09742444 0.7915584
vt 0.1017097 0.7966425
vt 0.09912359 0.7836746
vt 0.1004562 0.7838688
vt 0.09986013 0.7812416
vt 0.09817677 0.7834626
vt 0.09912359 0.7836746
vt 0.09830433 0.7814674
vt 0.09425729 0.7885464
vt 0.09466952 0.7885088
vt 0.09432756 0.7878547
vt 0.09742444 0.7915584
vt 0.09715169 0.7911479
vt 0.09652084 0.7918071
vt 0.09232115 0.788451
vt 0.09234392 0.7884666
vt 0.09242343 0.7883388
vt 0.09243881 0.7886166
vt 0.09242343 0.7883388
vt 0.09233307 0.7884856
vt 0.09802109 0.7786789
vt 0.0967108 0.7796104
vt 0.09830433 0.7814674
vt 0.09513449 0.7812517
vt 0.09595233 0.7824432
vt 0.09685999 0.7818207
vt 0.0970934 0.7818223
vt 0.09598141 0.7805441
vt 0.09592175 0.7806471
vt 0.09652084 0.7918071
vt 0.09385198 0.7928111
vt 0.09401994 0.7935605
vt 0.09378314 0.7890871
vt 0.09351748 0.7892778
vt 0.09405553 0.7899597
vt 0.09276598 0.7886924
vt 0.09265303 0.7891449
vt 0.09351748 0.7892778
vt 0.09351748 0.7892778
vt 0.09265303 0.7891449
vt 0.09296691 0.7903946
vt 0.09802109 0.7786789
vt 0.09986013 0.7812416
vt 0.1001059 0.7808064
vt 0.09232115 0.788451
vt 0.09227633 0.7881984
vt 0.09222006 0.7885128
vt 0.09441918 0.7907496
vt 0.09594231 0.7909513
vt 0.09577369 0.7904594
vt 0.09830433 0.7814674
vt 0.0967108 0.7796104
vt 0.09629434 0.7801323
vt 0.09742444 0.7915584
vt 0.09686505 0.7923171
vt 0.09887206 0.7975204
vt 0.09441918 0.7907496
vt 0.09368342 0.7919808
vt 0.09620344 0.7913296
vt 0.09463548 0.7892984
vt 0.09466952 0.7885088
vt 0.09425729 0.7885464
vt 0.0923267 0.7885242
vt 0.09231853 0.7887655
vt 0.09243881 0.7886166
vt 0.09405553 0.7899597
vt 0.09385991 0.7904525
vt 0.09441918 0.7907496
vt 0.09231299 0.7884903
vt 0.09222006 0.7885128
vt 0.09231853 0.7887655
vt 0.09441918 0.7907496
vt 0.09385991 0.7904525
vt 0.09389871 0.7909143
vt 0.09351748 0.7892778
vt 0.09385991 0.7904525
vt 0.09405553 0.7899597
vt 0.09349477 0.779279
vt 0.09285527 0.7802805
vt 0.09513449 0.7812517
vt 0.09249782 0.78871
vt 0.09276598 0.7886924
vt 0.09275799 0.7882712
vt 0.09598141 0.7805441
vt 0.09363102 0.7791279
vt 0.09349477 0.779279
vt 0.09598141 0.7805441
vt 0.09629434 0.7801323
vt 0.09412604 0.7788066
vt 0.09811341 0.7782364
vt 0.1001059 0.7808064
vt 0.1030496 0.7787434
vt 0.09511125 0.7768086
vt 0.09802109 0.7786789
vt 0.09811341 0.7782364
vt 0.09285527 0.7802805
vt 0.09294635 0.7809755
vt 0.09446012 0.7816811
vt 0.09249782 0.78871
vt 0.09248 0.7882446
vt 0.09242343 0.7883388
vt 0.09242343 0.7883388
vt 0.09248 0.7882446
vt 0.0922293 0.7878946
vt 0.0922293 0.7878946
vt 0.09248 0.7882446
vt 0.0926581 0.7878116
vt 0.09385991 0.7904525
vt 0.09296691 0.7903946
vt 0.09338355 0.7910986
vt 0.09686505 0.7923171
vt 0.09401994 0.7935605
vt 0.09514796 0.7985584
vt 0.1041306 0.7723371
vt 0.1001288 0.7755544
vt 0.1030496 0.7787434
vt 0.09231024 0.7890259
vt 0.09249782 0.78871
vt 0.09243881 0.7886166
vt 0.09368342 0.7919808
vt 0.09389871 0.7909143
vt 0.09338355 0.7910986
vt 0.09231024 0.7890259
vt 0.09219652 0.7898204
vt 0.09265303 0.7891449
vt 0.1127268 0.7881122
vt 0.1139076 0.7878926
vt 0.1120972 0.7814917
vt 0.0922293 0.7878946
vt 0.0921579 0.7885511
vt 0.09222006 0.7885128
vt 0.09180432 0.7881887
vt 0.0922293 0.7878946
vt 0.09162157 0.7868749
vt 0.09265303 0.7891449
vt 0.09219652 0.7898204
vt 0.09296691 0.7903946
vt 0.1139076 0.7878926
vt 0.1160038 0.7872609
vt 0.113986 0.7812048
vt 0.1163731 0.7942814
vt 0.1160038 0.7872609
vt 0.1139076 0.7878926
vt 0.0921579 0.7885511
vt 0.09231024 0.7890259
vt 0.09231853 0.7887655
vt 0.1127268 0.7881122
vt 0.1127788 0.7936742
vt 0.114225 0.7939272
vt 0.09169799 0.7790496
vt 0.09349477 0.779279
vt 0.09363102 0.7791279
vt 0.1127788 0.7936742
vt 0.1047722 0.789298
vt 0.1040398 0.7917585
vt 0.1114907 0.7984297
vt 0.1040398 0.7917585
vt 0.102963 0.7940392
vt 0.09123474 0.7915171
vt 0.09338355 0.7910986
vt 0.09296691 0.7903946
vt 0.0967108 0.7796104
vt 0.09802109 0.7786789
vt 0.09511125 0.7768086
vt 0.09101021 0.7930865
vt 0.09385198 0.7928111
vt 0.09368342 0.7919808
vt 0.1079937 0.7763941
vt 0.1093266 0.7766246
vt 0.1046521 0.7715577
vt 0.09505903 0.7764417
vt 0.09811341 0.7782364
vt 0.1001288 0.7755544
vt 0.09788161 0.7689163
vt 0.09611195 0.7732928
vt 0.1001288 0.7755544
vt 0.1157116 0.7810853
vt 0.113986 0.7812048
vt 0.1160038 0.7872609
vt 0.114225 0.7939272
vt 0.1127788 0.7936742
vt 0.1114907 0.7984297
vt 0.1124817 0.7995339
vt 0.1146508 0.800667
vt 0.1163731 0.7942814
vt 0.1120972 0.7814917
vt 0.113986 0.7812048
vt 0.1104171 0.7759776
vt 0.0921579 0.7885511
vt 0.0922293 0.7878946
vt 0.09180432 0.7881887
vt 0.09163486 0.7782585
vt 0.09412604 0.7788066
vt 0.09440422 0.7782539
vt 0.09440422 0.7782539
vt 0.09511125 0.7768086
vt 0.09160476 0.7760885
vt 0.09160476 0.7760885
vt 0.09511125 0.7768086
vt 0.09505903 0.7764417
vt 0.1163731 0.7942814
vt 0.1170386 0.7868924
vt 0.1160038 0.7872609
vt 0.1024303 0.7953147
vt 0.1092643 0.8038471
vt 0.1103825 0.8011295
vt 0.113986 0.7812048
vt 0.1157116 0.7810853
vt 0.1125796 0.7743228
vt 0.1170386 0.7868924
vt 0.1163731 0.7942814
vt 0.1216329 0.7923916
vt 0.1104171 0.7759776
vt 0.1053792 0.7702941
vt 0.1046521 0.7715577
vt 0.1103825 0.8011295
vt 0.1124817 0.7995339
vt 0.1114907 0.7984297
vt 0.1092643 0.8038471
vt 0.1024303 0.7953147
vt 0.1017097 0.7966425
vt 0.09134501 0.7903693
vt 0.09296691 0.7903946
vt 0.09219652 0.7898204
vt 0.09887206 0.7975204
vt 0.09514796 0.7985584
vt 0.09603327 0.8027823
vt 0.1100913 0.8045342
vt 0.1112584 0.8061322
vt 0.1146508 0.800667
vt 0.09187704 0.7894213
vt 0.0921579 0.7885511
vt 0.09185439 0.78886
vt 0.1100913 0.8045342
vt 0.1124817 0.7995339
vt 0.1103825 0.8011295
vt 0.1216329 0.7923916
vt 0.1249979 0.7931213
vt 0.1231325 0.7830678
vt 0.09089726 0.7938842
vt 0.09401994 0.7935605
vt 0.09385198 0.7928111
vt 0.1159006 0.7750537
vt 0.1125796 0.7743228
vt 0.1157116 0.7810853
vt 0.09159296 0.7757465
vt 0.09505903 0.7764417
vt 0.09611195 0.7732928
vt 0.1258843 0.7821126
vt 0.1231325 0.7830678
vt 0.1249979 0.7931213
vt 0.1125796 0.7743228
vt 0.1071792 0.7681562
vt 0.1053792 0.7702941
vt 0.1113013 0.7655499
vt 0.1095734 0.7675086
vt 0.1159006 0.7750537
vt 0.09611195 0.7732928
vt 0.09788161 0.7689163
vt 0.09161418 0.7680134
vt 0.09047621 0.7989178
vt 0.09514796 0.7985584
vt 0.09401994 0.7935605
vt 0.1287249 0.7931844
vt 0.1249979 0.7931213
vt 0.123647 0.803235
vt 0.1092643 0.8038471
vt 0.1075472 0.8060021
vt 0.1084738 0.8067838
vt 0.1258843 0.7821126
vt 0.1204383 0.7722657
vt 0.1185228 0.7736407
vt 0.1204383 0.7722657
vt 0.1123275 0.7641023
vt 0.1113013 0.7655499
vt 0.1326231 0.7936418
vt 0.1294658 0.7793145
vt 0.1258843 0.7821126
vt 0.09852594 0.7682211
vt 0.1046521 0.7715577
vt 0.1053792 0.7702941
vt 0.1053792 0.7702941
vt 0.1071792 0.7681562
vt 0.09971648 0.7642585
vt 0.1177324 0.8085556
vt 0.1196903 0.8110936
vt 0.123647 0.803235
vt 0.1123275 0.7641023
vt 0.1204383 0.7722657
vt 0.1232804 0.7681839
vt 0.1003038 0.8000918
vt 0.1054318 0.8082182
vt 0.1075472 0.8060021
vt 0.1063228 0.80933
vt 0.1084738 0.8067838
vt 0.1075472 0.8060021
vt 0.1112584 0.8061322
vt 0.1100913 0.8045342
vt 0.1084738 0.8067838
vt 0.1084559 0.8092706
vt 0.1084738 0.8067838
vt 0.1063228 0.80933
vt 0.1054318 0.8082182
vt 0.1003038 0.8000918
vt 0.09603327 0.8027823
vt 0.1141133 0.8140607
vt 0.1095516 0.8080906
vt 0.1084559 0.8092706
vt 0.1196903 0.8110936
vt 0.1210861 0.813356
vt 0.1232589 0.8118226
vt 0.1141133 0.8140607
vt 0.1152108 0.8160088
vt 0.1196903 0.8110936
vt 0.1123275 0.7641023
vt 0.102154 0.7593108
vt 0.1018164 0.7605406
vt 0.1117338 0.8164889
vt 0.1084559 0.8092706
vt 0.1071057 0.8106377
vt 0.1232589 0.8118226
vt 0.1233346 0.8160369
vt 0.1259165 0.8171133
vt 0.09159117 0.7632129
vt 0.09159559 0.7665099
vt 0.09883332 0.7667637
vt 0.1355243 0.8093547
vt 0.1326699 0.8112324
vt 0.1387191 0.8240764
vt 0.1402409 0.8104154
vt 0.1383502 0.8075463
vt 0.1355243 0.8093547
vt 0.1259165 0.8171133
vt 0.1324499 0.8285507
vt 0.1298357 0.8131437
vt 0.1232589 0.8118226
vt 0.1210861 0.813356
vt 0.1233346 0.8160369
vt 0.1387191 0.8240764
vt 0.1326699 0.8112324
vt 0.1298357 0.8131437
vt 0.08999902 0.8035567
vt 0.09603327 0.8027823
vt 0.09514796 0.7985584
vt 0.09770095 0.8138274
vt 0.09763556 0.8159294
vt 0.1071057 0.8106377
vt 0.1152108 0.8160088
vt 0.1141133 0.8140607
vt 0.1117338 0.8164889
vt 0.1210861 0.813356
vt 0.1196903 0.8110936
vt 0.1152108 0.8160088
vt 0.1160509 0.8175784
vt 0.1168552 0.8215639
vt 0.1206821 0.81989
vt 0.102154 0.7593108
vt 0.09156066 0.7585159
vt 0.09158313 0.759302
vt 0.102154 0.7593108
vt 0.1046164 0.7540446
vt 0.09170794 0.7516037
vt 0.1233346 0.8160369
vt 0.1206821 0.81989
vt 0.1215723 0.8213702
vt 0.1215723 0.8213702
vt 0.1258345 0.8323795
vt 0.1324499 0.8285507
vt 0.1090598 0.8190786
vt 0.1105074 0.8214993
vt 0.1130197 0.8183979
vt 0.1402409 0.8104154
vt 0.1451047 0.8197669
vt 0.1460301 0.8124006
vt 0.1130197 0.8183979
vt 0.1139171 0.820031
vt 0.1160509 0.8175784
vt 0.09763556 0.8159294
vt 0.0988844 0.8252143
vt 0.1090598 0.8190786
vt 0.1139171 0.820031
vt 0.1139932 0.8223853
vt 0.1168552 0.8215639
vt 0.1139171 0.820031
vt 0.1130197 0.8183979
vt 0.1105074 0.8214993
vt 0.1206821 0.81989
vt 0.1168552 0.8215639
vt 0.1169701 0.8234549
vt 0.0988844 0.8252143
vt 0.09885883 0.8291683
vt 0.1105074 0.8214993
vt 0.1139171 0.820031
vt 0.1116981 0.8231757
vt 0.1139932 0.8223853
vt 0.1105074 0.8214993
vt 0.09885883 0.8291683
vt 0.1046409 0.8293782
vt 0.1105074 0.8214993
vt 0.1103017 0.8253903
vt 0.1116981 0.8231757
vt 0.09749501 0.8120684
vt 0.08885115 0.8128715
vt 0.08851826 0.8146673
vt 0.1081082 0.8350183
vt 0.1181458 0.8349067
vt 0.1120485 0.8246661
vt 0.101587 0.8447945
vt 0.1034162 0.8350496
vt 0.08301997 0.8359935
vt 0.1081082 0.8350183
vt 0.1103017 0.8253903
vt 0.1046409 0.8293782
vt 0.1029897 0.83271
vt 0.08332788 0.8363945
vt 0.08301997 0.8359935
vt 0.1029897 0.83271
vt 0.09848165 0.8313901
vt 0.08332788 0.8363945
vt 0.09794509 0.8537364
vt 0.101587 0.8447945
vt 0.07970756 0.8429682
vt 0.0988844 0.8252143
vt 0.09763556 0.8159294
vt 0.08809298 0.8169514
vt 0.09885883 0.8291683
vt 0.0988844 0.8252143
vt 0.08616417 0.8266274
vt 0.08531504 0.8304496
vt 0.08439201 0.8344104
vt 0.09848165 0.8313901
vt 0.08439201 0.8344104
vt 0.08332788 0.8363945
vt 0.09848165 0.8313901
vt 0.09165948 0.7830522
vt 0.09044677 0.7838581
vt 0.09055489 0.7839594
vt 0.09015625 0.7833678
vt 0.09044677 0.7838581
vt 0.09165948 0.7830522
vt 0.08966737 0.7828546
vt 0.09015625 0.7833678
vt 0.09131121 0.7825395
vt 0.09036588 0.7879646
vt 0.0902431 0.7884918
vt 0.09057772 0.7885814
vt 0.09036588 0.7879646
vt 0.0907585 0.7872908
vt 0.08919775 0.7871655
vt 0.09061527 0.7813018
vt 0.0889467 0.7821926
vt 0.08966737 0.7828546
vt 0.09015625 0.7833678
vt 0.08924841 0.784229
vt 0.08964872 0.7845833
vt 0.0886718 0.7838882
vt 0.08924841 0.784229
vt 0.09015625 0.7833678
vt 0.0902431 0.7884918
vt 0.09036588 0.7879646
vt 0.08941847 0.7879349
vt 0.09072589 0.7880471
vt 0.09057772 0.7885814
vt 0.09068042 0.7885142
vt 0.09114545 0.7879631
vt 0.0920487 0.7875705
vt 0.0907585 0.7872908
vt 0.09061527 0.7813018
vt 0.09057253 0.7804394
vt 0.08887606 0.7810751
vt 0.09057253 0.7804394
vt 0.09171456 0.7801523
vt 0.09169799 0.7790496
vt 0.0898078 0.7793625
vt 0.09169799 0.7790496
vt 0.09165465 0.7787408
vt 0.09163486 0.7782585
vt 0.08911365 0.7788075
vt 0.0896461 0.7791767
vt 0.0909931 0.7881942
vt 0.09114545 0.7879631
vt 0.09072589 0.7880471
vt 0.09086209 0.7884053
vt 0.0909931 0.7881942
vt 0.09077566 0.7882207
vt 0.09068042 0.7885142
vt 0.09057772 0.7885814
vt 0.09075313 0.7889858
vt 0.09075313 0.7889858
vt 0.09057772 0.7885814
vt 0.09027934 0.7890277
vt 0.08776932 0.783573
vt 0.0886718 0.7838882
vt 0.08966737 0.7828546
vt 0.09084153 0.7884309
vt 0.09077566 0.7882207
vt 0.09068042 0.7885142
vt 0.09098041 0.7885869
vt 0.09119677 0.7889855
vt 0.09140205 0.7884657
vt 0.09027934 0.7890277
vt 0.0902431 0.7884918
vt 0.08940589 0.7885073
vt 0.0889151 0.7853352
vt 0.08903509 0.7856653
vt 0.08980768 0.7848907
vt 0.0889151 0.7853352
vt 0.08964872 0.7845833
vt 0.08924841 0.784229
vt 0.09160476 0.7760885
vt 0.08808338 0.7767759
vt 0.08887785 0.7782302
vt 0.09094458 0.7885184
vt 0.09098041 0.7885869
vt 0.09114545 0.7879631
vt 0.09086209 0.7884053
vt 0.09086048 0.7884496
vt 0.09094458 0.7885184
vt 0.09140205 0.7884657
vt 0.0911166 0.7884213
vt 0.0920487 0.7875705
vt 0.08887785 0.7782302
vt 0.08911365 0.7788075
vt 0.09163486 0.7782585
vt 0.09078758 0.7887221
vt 0.09075313 0.7889858
vt 0.09098041 0.7885869
vt 0.09134501 0.7903693
vt 0.09138643 0.7900906
vt 0.09066748 0.7897714
vt 0.09082323 0.7884456
vt 0.09068042 0.7885142
vt 0.09078758 0.7887221
vt 0.08805364 0.7850242
vt 0.08856767 0.7851355
vt 0.08924841 0.784229
vt 0.09083575 0.7884746
vt 0.09078758 0.7887221
vt 0.09094458 0.7885184
vt 0.08800619 0.7802726
vt 0.0898078 0.7793625
vt 0.0896461 0.7791767
vt 0.08919775 0.7871655
vt 0.08877724 0.7860994
vt 0.08828967 0.7862125
vt 0.08883768 0.7878975
vt 0.08908432 0.788311
vt 0.08941847 0.7879349
vt 0.08812338 0.7863272
vt 0.08781999 0.7865693
vt 0.08832615 0.7876378
vt 0.09027934 0.7890277
vt 0.08968323 0.7903398
vt 0.09066748 0.7897714
vt 0.0898078 0.7793625
vt 0.08800619 0.7802726
vt 0.08887606 0.7810751
vt 0.08815455 0.781586
vt 0.0889467 0.7821926
vt 0.08887606 0.7810751
vt 0.08706212 0.7732327
vt 0.08809709 0.776373
vt 0.09159296 0.7757465
vt 0.08891636 0.7888946
vt 0.08921819 0.7890863
vt 0.08940589 0.7885073
vt 0.09121459 0.7893137
vt 0.09119677 0.7889855
vt 0.09098041 0.7885869
vt 0.08727031 0.7850731
vt 0.08805364 0.7850242
vt 0.0886718 0.7838882
vt 0.08838897 0.7883312
vt 0.08883768 0.7878975
vt 0.08832615 0.7876378
vt 0.0864374 0.779652
vt 0.08887785 0.7782302
vt 0.08808338 0.7767759
vt 0.08779835 0.7801961
vt 0.0896461 0.7791767
vt 0.08911365 0.7788075
vt 0.09161418 0.7680134
vt 0.08555072 0.7688675
vt 0.08706212 0.7732327
vt 0.08711802 0.7800045
vt 0.08911365 0.7788075
vt 0.08887785 0.7782302
vt 0.09123474 0.7915171
vt 0.09134501 0.7903693
vt 0.08968323 0.7903398
vt 0.0866363 0.7815515
vt 0.08800619 0.7802726
vt 0.08779835 0.7801961
vt 0.08809709 0.776373
vt 0.08706212 0.7732327
vt 0.08298701 0.7754441
vt 0.08968323 0.7903398
vt 0.09027934 0.7890277
vt 0.08921819 0.7890863
vt 0.08776932 0.783573
vt 0.0889467 0.7821926
vt 0.08815455 0.781586
vt 0.08891636 0.7888946
vt 0.08842325 0.7889642
vt 0.08849579 0.7897953
vt 0.08849579 0.7897953
vt 0.08866316 0.79033
vt 0.08921819 0.7890863
vt 0.0889151 0.7853352
vt 0.08856767 0.7851355
vt 0.08813619 0.786096
vt 0.08805364 0.7850242
vt 0.08775782 0.786257
vt 0.08813619 0.786096
vt 0.08681482 0.7833631
vt 0.08648729 0.7846105
vt 0.08776932 0.783573
vt 0.09047621 0.7989178
vt 0.09089726 0.7938842
vt 0.08801877 0.7933336
vt 0.08838897 0.7883312
vt 0.08794885 0.7883198
vt 0.08793252 0.7891112
vt 0.08729267 0.7865227
vt 0.08775782 0.786257
vt 0.08805364 0.7850242
vt 0.08813619 0.786096
vt 0.08812338 0.7863272
vt 0.08828967 0.7862125
vt 0.08801877 0.7933336
vt 0.09089726 0.7938842
vt 0.09101021 0.7930865
vt 0.08832615 0.7876378
vt 0.08742415 0.7869037
vt 0.08694565 0.7873194
vt 0.0858854 0.7887481
vt 0.08794885 0.7883198
vt 0.08694565 0.7873194
vt 0.08793252 0.7891112
vt 0.08794885 0.7883198
vt 0.08596545 0.7894825
vt 0.0858854 0.7887481
vt 0.08596545 0.7894825
vt 0.08794885 0.7883198
vt 0.09101021 0.7930865
vt 0.09112924 0.7921868
vt 0.08864289 0.7918592
vt 0.08711802 0.7800045
vt 0.08586269 0.781293
vt 0.08640921 0.7815574
vt 0.08781999 0.7865693
vt 0.08812338 0.7863272
vt 0.08813619 0.786096
vt 0.09159117 0.7632129
vt 0.08357167 0.7642437
vt 0.08449339 0.7669624
vt 0.08471757 0.7815062
vt 0.0864374 0.779652
vt 0.08508396 0.7786645
vt 0.0864374 0.779652
vt 0.08471757 0.7815062
vt 0.08586269 0.781293
vt 0.08774065 0.7901512
vt 0.08849579 0.7897953
vt 0.08793252 0.7891112
vt 0.08907938 0.7910297
vt 0.08968323 0.7903398
vt 0.08866316 0.79033
vt 0.0854696 0.7844929
vt 0.08648729 0.7846105
vt 0.08681482 0.7833631
vt 0.09157389 0.7617195
vt 0.08308321 0.7628052
vt 0.08357167 0.7642437
vt 0.08613801 0.7899213
vt 0.08649218 0.7902194
vt 0.08774065 0.7901512
vt 0.08742415 0.7869037
vt 0.08781999 0.7865693
vt 0.08775782 0.786257
vt 0.08648729 0.7846105
vt 0.08654636 0.7857376
vt 0.08727031 0.7850731
vt 0.07997405 0.7785151
vt 0.08285051 0.7806429
vt 0.08464807 0.7785336
vt 0.08127874 0.7594454
vt 0.08157378 0.7606103
vt 0.09158313 0.759302
vt 0.08694565 0.7873194
vt 0.08742415 0.7869037
vt 0.08729267 0.7865227
vt 0.08729267 0.7865227
vt 0.08727031 0.7850731
vt 0.08654636 0.7857376
vt 0.08555072 0.7688675
vt 0.07907241 0.7721851
vt 0.08298701 0.7754441
vt 0.09156066 0.7585159
vt 0.09170794 0.7516037
vt 0.08148676 0.7531865
vt 0.08648729 0.7846105
vt 0.0854696 0.7844929
vt 0.08556336 0.7857238
vt 0.08828043 0.7925928
vt 0.08567541 0.7913937
vt 0.08529359 0.7918537
vt 0.07907241 0.7721851
vt 0.08555072 0.7688675
vt 0.08470106 0.7681575
vt 0.08311885 0.7811493
vt 0.08238118 0.7837759
vt 0.08373403 0.783695
vt 0.08654636 0.7857376
vt 0.08556336 0.7857238
vt 0.08582389 0.7867826
vt 0.08582389 0.7867826
vt 0.08601021 0.7874129
vt 0.08684229 0.7868513
vt 0.08470106 0.7681575
vt 0.08449339 0.7669624
vt 0.0778672 0.7702318
vt 0.08605974 0.7876942
vt 0.08587241 0.7879072
vt 0.08694565 0.7873194
vt 0.08771884 0.7907262
vt 0.08774065 0.7901512
vt 0.08649218 0.7902194
vt 0.08627849 0.7906759
vt 0.08601951 0.7909945
vt 0.08728581 0.791469
vt 0.08599436 0.7979137
vt 0.08438903 0.8017653
vt 0.08999902 0.8035567
vt 0.08357167 0.7642437
vt 0.07605957 0.7678962
vt 0.0778672 0.7702318
vt 0.08474618 0.783523
vt 0.08462232 0.7846504
vt 0.08522498 0.7846331
vt 0.08567541 0.7913937
vt 0.08828043 0.7925928
vt 0.08728581 0.791469
vt 0.08567368 0.7869052
vt 0.08582389 0.7867826
vt 0.08556336 0.7857238
vt 0.08373403 0.783695
vt 0.08462232 0.7846504
vt 0.08474618 0.783523
vt 0.08517134 0.7870857
vt 0.08567368 0.7869052
vt 0.08536726 0.7858497
vt 0.07420945 0.7669439
vt 0.08308321 0.7628052
vt 0.08157378 0.7606103
vt 0.08601021 0.7874129
vt 0.0859453 0.787484
vt 0.08605974 0.7876942
vt 0.08582389 0.7867826
vt 0.08567368 0.7869052
vt 0.0859453 0.787484
vt 0.08127874 0.7594454
vt 0.08148676 0.7531865
vt 0.06921899 0.7588131
vt 0.08157378 0.7606103
vt 0.08127874 0.7594454
vt 0.0709908 0.7636368
vt 0.08599436 0.7979137
vt 0.08801877 0.7933336
vt 0.08529359 0.7918537
vt 0.08564436 0.7878587
vt 0.08587241 0.7879072
vt 0.08605974 0.7876942
vt 0.08567368 0.7869052
vt 0.08517134 0.7870857
vt 0.08564436 0.7878587
vt 0.08355051 0.7856817
vt 0.08463966 0.7854068
vt 0.08462232 0.7846504
vt 0.08385175 0.7873198
vt 0.08517134 0.7870857
vt 0.08463966 0.7854068
vt 0.08311885 0.7811493
vt 0.08285051 0.7806429
vt 0.08188593 0.7839878
vt 0.07997405 0.7785151
vt 0.08298701 0.7754441
vt 0.07907241 0.7721851
vt 0.08545196 0.7888895
vt 0.0858854 0.7887481
vt 0.08587241 0.7879072
vt 0.08517134 0.7870857
vt 0.08385175 0.7873198
vt 0.08564436 0.7878587
vt 0.075217 0.7760354
vt 0.0722078 0.7809861
vt 0.07826656 0.7820354
vt 0.07851141 0.7713632
vt 0.073767 0.7762361
vt 0.075217 0.7760354
vt 0.08355051 0.7856817
vt 0.08373403 0.783695
vt 0.08238118 0.7837759
vt 0.07851141 0.7713632
vt 0.0778672 0.7702318
vt 0.07282555 0.7751534
vt 0.08601951 0.7909945
vt 0.08627849 0.7906759
vt 0.08581864 0.7902558
vt 0.0778672 0.7702318
vt 0.07605957 0.7678962
vt 0.07114499 0.7730366
vt 0.08581864 0.7902558
vt 0.08613801 0.7899213
vt 0.08596545 0.7894825
vt 0.08558899 0.7897222
vt 0.08596545 0.7894825
vt 0.0858854 0.7887481
vt 0.08433318 0.7886216
vt 0.08545196 0.7888895
vt 0.08564436 0.7878587
vt 0.08188593 0.7839878
vt 0.08195883 0.7862402
vt 0.0824415 0.785945
vt 0.08553212 0.790455
vt 0.08581864 0.7902558
vt 0.08558899 0.7897222
vt 0.08515316 0.7898931
vt 0.08558899 0.7897222
vt 0.08545196 0.7888895
vt 0.08515316 0.7898931
vt 0.08466225 0.7902635
vt 0.08511233 0.7908185
vt 0.08296328 0.7877123
vt 0.08385175 0.7873198
vt 0.08355051 0.7856817
vt 0.08567541 0.7913937
vt 0.08511233 0.7908185
vt 0.08483588 0.7911748
vt 0.08296328 0.7877123
vt 0.08433318 0.7886216
vt 0.08385175 0.7873198
vt 0.08262276 0.7964844
vt 0.0809257 0.7986874
vt 0.08438903 0.8017653
vt 0.08378362 0.7890998
vt 0.08433318 0.7886216
vt 0.08296328 0.7877123
vt 0.06817328 0.77319
vt 0.07420945 0.7669439
vt 0.07198023 0.7651154
vt 0.08511233 0.7908185
vt 0.08466225 0.7902635
vt 0.08441913 0.7906217
vt 0.08262276 0.7964844
vt 0.08529359 0.7918537
vt 0.08483588 0.7911748
vt 0.08296328 0.7877123
vt 0.0824415 0.785945
vt 0.08195883 0.7862402
vt 0.08008688 0.7953647
vt 0.08483588 0.7911748
vt 0.08441913 0.7906217
vt 0.08340179 0.7895176
vt 0.08441913 0.7906217
vt 0.08466225 0.7902635
vt 0.0722078 0.7809861
vt 0.075217 0.7760354
vt 0.073767 0.7762361
vt 0.0671727 0.7807152
vt 0.06933343 0.7809562
vt 0.07282555 0.7751534
vt 0.073767 0.7762361
vt 0.07282555 0.7751534
vt 0.06933343 0.7809562
vt 0.07970756 0.8429682
vt 0.06489717 0.8283231
vt 0.06044417 0.8352142
vt 0.06489717 0.8283231
vt 0.07970756 0.8429682
vt 0.08301997 0.8359935
vt 0.08999902 0.8035567
vt 0.08438903 0.8017653
vt 0.08113914 0.8099413
vt 0.0671727 0.7807152
vt 0.06592333 0.7865032
vt 0.06727397 0.7867864
vt 0.07065731 0.7817237
vt 0.06933343 0.7809562
vt 0.06727397 0.7867864
vt 0.08851826 0.8146673
vt 0.08885115 0.8128715
vt 0.08113914 0.8099413
vt 0.08809298 0.8169514
vt 0.08851826 0.8146673
vt 0.08044779 0.8113288
vt 0.08809298 0.8169514
vt 0.07968378 0.8128593
vt 0.07659542 0.8201294
vt 0.07046467 0.7861508
vt 0.0722078 0.7809861
vt 0.07065731 0.7817237
vt 0.08439201 0.8344104
vt 0.07454514 0.8240353
vt 0.08332788 0.8363945
vt 0.07090181 0.8224472
vt 0.07001531 0.8231228
vt 0.08301997 0.8359935
vt 0.07454514 0.8240353
vt 0.07226681 0.822054
vt 0.07090181 0.8224472
vt 0.06376999 0.7810737
vt 0.06155133 0.78967
vt 0.06592333 0.7865032
vt 0.05790996 0.8225738
vt 0.05205094 0.8201532
vt 0.05390465 0.8253646
vt 0.05133605 0.8171261
vt 0.05066347 0.817486
vt 0.05205094 0.8201532
vt 0.05937641 0.8192037
vt 0.05540972 0.8128328
vt 0.05133605 0.8171261
vt 0.06906306 0.7872396
vt 0.06727397 0.7867864
vt 0.06702899 0.7928579
vt 0.07968378 0.8128593
vt 0.0748049 0.8083843
vt 0.07070291 0.8131155
vt 0.05666613 0.7833726
vt 0.05347937 0.7789919
vt 0.05066347 0.7917537
vt 0.08044779 0.8113288
vt 0.08113914 0.8099413
vt 0.07507312 0.8052933
vt 0.05790996 0.8225738
vt 0.05948126 0.8282288
vt 0.06146627 0.8245623
vt 0.05937641 0.8192037
vt 0.06040745 0.8212944
vt 0.06198203 0.8194657
vt 0.07009512 0.792155
vt 0.07046467 0.7861508
vt 0.06906306 0.7872396
vt 0.07507312 0.8052933
vt 0.08113914 0.8099413
vt 0.08438903 0.8017653
vt 0.07353264 0.8033007
vt 0.07507312 0.8052933
vt 0.0809257 0.7986874
vt 0.07774645 0.7912362
vt 0.07729667 0.7887799
vt 0.07009512 0.792155
vt 0.07499408 0.8223753
vt 0.08531504 0.8304496
vt 0.08616417 0.8266274
vt 0.07094103 0.7972891
vt 0.07912844 0.7931004
vt 0.07774645 0.7912362
vt 0.06198203 0.8194657
vt 0.06394588 0.8199831
vt 0.06334424 0.8183003
vt 0.05735385 0.8112618
vt 0.05937641 0.8192037
vt 0.06149387 0.8181376
vt 0.07957601 0.794153
vt 0.07912844 0.7931004
vt 0.07094103 0.7972891
vt 0.06888705 0.7926024
vt 0.06702899 0.7928579
vt 0.06809252 0.7984933
vt 0.06778258 0.7988804
vt 0.0663588 0.7942049
vt 0.06246852 0.7997239
vt 0.06489717 0.8283231
vt 0.07001531 0.8231228
vt 0.06817871 0.821488
vt 0.06888705 0.7926024
vt 0.06978881 0.7977223
vt 0.0708242 0.7966861
vt 0.06246852 0.7997239
vt 0.06155133 0.78967
vt 0.05818217 0.7925709
vt 0.054641 0.7929572
vt 0.05723541 0.8041077
vt 0.06005978 0.8019069
vt 0.06496644 0.8225313
vt 0.06817871 0.821488
vt 0.06522887 0.8191162
vt 0.06778258 0.7988804
vt 0.07039803 0.8031844
vt 0.06809252 0.7984933
vt 0.07148373 0.8020557
vt 0.06978881 0.7977223
vt 0.06809252 0.7984933
vt 0.06778258 0.7988804
vt 0.06246852 0.7997239
vt 0.06530821 0.8055674
vt 0.06149387 0.8181376
vt 0.06334424 0.8183003
vt 0.06367141 0.8140205
vt 0.07094103 0.7972891
vt 0.0708242 0.7966861
vt 0.06978881 0.7977223
vt 0.07148373 0.8020557
vt 0.07223433 0.8014184
vt 0.07094103 0.7972891
vt 0.07454514 0.8240353
vt 0.08439201 0.8344104
vt 0.08531504 0.8304496
vt 0.0748049 0.8083843
vt 0.07346141 0.80699
vt 0.06928515 0.8111553
vt 0.06947231 0.8144139
vt 0.07499408 0.8223753
vt 0.07659542 0.8201294
vt 0.07125252 0.8045196
vt 0.07039803 0.8031844
vt 0.06530821 0.8055674
vt 0.07148373 0.8020557
vt 0.07039803 0.8031844
vt 0.07125252 0.8045196
vt 0.0743342 0.8060512
vt 0.07507312 0.8052933
vt 0.07353264 0.8033007
vt 0.07346141 0.80699
vt 0.07125252 0.8045196
vt 0.06789195 0.8094433
vt 0.06817871 0.821488
vt 0.06860107 0.8154325
vt 0.06522887 0.8191162
vt 0.0726965 0.803941
vt 0.07353264 0.8033007
vt 0.07223433 0.8014184
vt 0.06817871 0.821488
vt 0.07090181 0.8224472
vt 0.07226681 0.822054
vt 0.06005978 0.8019069
vt 0.06396001 0.8078358
vt 0.06530821 0.8055674
vt 0.06141704 0.8091121
vt 0.05735385 0.8112618
vt 0.06097608 0.8127236
vt 0.06315147 0.8096682
vt 0.06396001 0.8078358
vt 0.06141704 0.8091121
vt 0.06393617 0.813294
vt 0.06315147 0.8096682
vt 0.06215554 0.8116138
vt 0.06703257 0.8107442
vt 0.06396001 0.8078358
vt 0.06315147 0.8096682
vt 0.06640583 0.8117651
vt 0.06315147 0.8096682
vt 0.06393617 0.813294
vt 0.06396001 0.8078358
vt 0.06703257 0.8107442
vt 0.06789195 0.8094433
vt 0.06860107 0.8154325
vt 0.06758433 0.813251
vt 0.06737804 0.814558
vt 0.06704854 0.8153179
vt 0.06860107 0.8154325
vt 0.06737804 0.814558
vt 0.07070291 0.8131155
vt 0.06928515 0.8111553
vt 0.0682736 0.8123096
vt 0.06703257 0.8107442
vt 0.0682736 0.8123096
vt 0.06928515 0.8111553
vt 0.06640583 0.8117651
vt 0.06758433 0.813251
vt 0.0682736 0.8123096
vt 0.06947231 0.8144139
vt 0.0682736 0.8123096
vt 0.06758433 0.813251
vt 0.06215554 0.8116138
vt 0.06097608 0.8127236
vt 0.06367141 0.8140205
vt 0.06568169 0.8147941
vt 0.06579387 0.813934
vt 0.06393617 0.813294
vt 0.08195883 0.7862402
vt 0.0775904 0.786303
vt 0.07729667 0.7887799
vt 0.0990554 0.7897302
vt 0.09773075 0.790967
vt 0.102963 0.7940392
vt 0.09883332 0.7667637
vt 0.09159559 0.7665099
vt 0.09161281 0.7671828
vt 0.08449339 0.7669624
vt 0.08470106 0.7681575
vt 0.09161281 0.7671828
vt 0.09161281 0.7671828
vt 0.08470106 0.7681575
vt 0.08555072 0.7688675
vt 0.09788161 0.7689163
vt 0.09852594 0.7682211
vt 0.09161281 0.7671828
vt 0.1041306 0.7723371
vt 0.1046521 0.7715577
vt 0.09852594 0.7682211
vt 0.1071792 0.7681562
vt 0.1095734 0.7675086
vt 0.1010725 0.7627949
vt 0.09971648 0.7642585
vt 0.1010725 0.7627949
vt 0.09157389 0.7617195
vt 0.09158313 0.759302
vt 0.09157389 0.7617195
vt 0.1010725 0.7627949
vt 0.09158313 0.759302
vt 0.08157378 0.7606103
vt 0.08308321 0.7628052
vt 0.07605957 0.7678962
vt 0.08357167 0.7642437
vt 0.08308321 0.7628052
vt 0.07420945 0.7669439
vt 0.06817328 0.77319
vt 0.07114499 0.7730366
vt 0.08252054 0.7880766
vt 0.07729667 0.7887799
vt 0.07774645 0.7912362
vt 0.08340179 0.7895176
vt 0.07912844 0.7931004
vt 0.07957601 0.794153
vt 0.07223433 0.8014184
vt 0.07353264 0.8033007
vt 0.08008688 0.7953647
vt 0.08252054 0.7880766
vt 0.07774645 0.7912362
vt 0.07912844 0.7931004
vt 0.0775904 0.786303
vt 0.08195883 0.7862402
vt 0.08188593 0.7839878
vt 0.08285051 0.7806429
vt 0.08311885 0.7811493
vt 0.08508396 0.7786645
vt 0.06817328 0.77319
vt 0.06376999 0.7810737
vt 0.0671727 0.7807152
vt 0.06376999 0.7810737
vt 0.06817328 0.77319
vt 0.06446713 0.7730997
vt 0.05986028 0.7827512
vt 0.05818217 0.7925709
vt 0.06155133 0.78967
vt 0.05818217 0.7925709
vt 0.05986028 0.7827512
vt 0.05666613 0.7833726
vt 0.1054318 0.8082182
vt 0.09749501 0.8120684
vt 0.09770095 0.8138274
vt 0.09749501 0.8120684
vt 0.09603327 0.8027823
vt 0.08999902 0.8035567
vt 0.07046467 0.7861508
vt 0.07009512 0.792155
vt 0.07729667 0.7887799
vt 0.08378362 0.7890998
vt 0.08296328 0.7877123
vt 0.08252054 0.7880766
vt 0.08640921 0.7815574
vt 0.08551597 0.7831288
vt 0.08574938 0.7830425
vt 0.08522498 0.7846331
vt 0.0854696 0.7844929
vt 0.08574938 0.7830425
vt 0.1051086 0.7859431
vt 0.1127268 0.7881122
vt 0.1112173 0.7814564
vt 0.1047722 0.789298
vt 0.1127788 0.7936742
vt 0.1127268 0.7881122
vt 0.1249979 0.7931213
vt 0.1216329 0.7923916
vt 0.1207492 0.8007213
vt 0.1268793 0.8064762
vt 0.1309583 0.807052
vt 0.1326231 0.7936418
vt 0.1281005 0.8116094
vt 0.1298357 0.8131437
vt 0.1309583 0.807052
vt 0.114256 0.8241146
vt 0.1120485 0.8246661
vt 0.1181458 0.8349067
vt 0.1169701 0.8234549
vt 0.114256 0.8241146
vt 0.1181458 0.8349067
vt 0.1139932 0.8223853
vt 0.1116981 0.8231757
vt 0.1120485 0.8246661
vt 0.114256 0.8241146
vt 0.1169701 0.8234549
vt 0.1168552 0.8215639
vt 0.1051086 0.7859431
vt 0.1046318 0.7823785
vt 0.100708 0.7835578
vt 0.09752303 0.7816205
vt 0.09629434 0.7801323
vt 0.09598141 0.7805441
vt 0.09412604 0.7788066
vt 0.09629434 0.7801323
vt 0.0967108 0.7796104
vt 0.09363102 0.7791279
vt 0.09412604 0.7788066
vt 0.09163486 0.7782585
vt 0.09675633 0.7879011
vt 0.09864902 0.787528
vt 0.09732991 0.7871147
vt 0.0982213 0.7846343
vt 0.09817677 0.7834626
vt 0.09757107 0.7834626
vt 0.09760391 0.7845414
vt 0.09757107 0.7834626
vt 0.09736734 0.7833122
vt 0.09649026 0.787327
vt 0.09657591 0.7875094
vt 0.09686279 0.786881
vt 0.09626299 0.7850516
vt 0.09716027 0.7856592
vt 0.09738391 0.7843863
vt 0.09652084 0.7918071
vt 0.09715169 0.7911479
vt 0.09673768 0.7907378
vt 0.09645819 0.7905137
vt 0.09594231 0.7909513
vt 0.09620344 0.7913296
vt 0.06522887 0.8191162
vt 0.06860107 0.8154325
vt 0.06704854 0.8153179
vt 0.06522887 0.8191162
vt 0.06704854 0.8153179
vt 0.06568169 0.8147941
vt 0.1185228 0.7736407
vt 0.1159006 0.7750537
vt 0.1201061 0.7835429
vt 0.1095516 0.8080906
vt 0.1141133 0.8140607
vt 0.1177324 0.8085556
vt 0.1207492 0.8007213
vt 0.1216329 0.7923916
vt 0.1163731 0.7942814
vt 0.1201061 0.7835429
vt 0.1159006 0.7750537
vt 0.1157116 0.7810853
vt 0.1146508 0.800667
vt 0.1112584 0.8061322
vt 0.1177324 0.8085556
vt 0.0726965 0.803941
vt 0.07125252 0.8045196
vt 0.07346141 0.80699
vt 0.09638142 0.7876792
vt 0.0965141 0.7879398
vt 0.09667301 0.787693
vt 0.09565794 0.7868134
vt 0.09560722 0.7873312
vt 0.09623366 0.7874266
vt 0.08586269 0.781293
vt 0.08474618 0.783523
vt 0.08551597 0.7831288
vt 0.08463966 0.7854068
vt 0.08536726 0.7858497
vt 0.08522498 0.7846331
vt 0.0854696 0.7844929
vt 0.08522498 0.7846331
vt 0.08536726 0.7858497
vt 0.08471757 0.7815062
vt 0.08373403 0.783695
vt 0.08474618 0.783523
vt 0.08684229 0.7868513
vt 0.08601021 0.7874129
vt 0.08617073 0.7875658
vt 0.08800619 0.7802726
vt 0.0866363 0.7815515
vt 0.08815455 0.781586
vt 0.0866363 0.7815515
vt 0.08574938 0.7830425
vt 0.08681482 0.7833631
vt 0.07826656 0.7820354
vt 0.08188593 0.7839878
vt 0.08285051 0.7806429
vt 0.08809709 0.776373
vt 0.08808338 0.7767759
vt 0.09160476 0.7760885
vt 0.08464807 0.7785336
vt 0.08508396 0.7786645
vt 0.08808338 0.7767759
vt 0.1294658 0.7793145
vt 0.1232804 0.7681839
vt 0.1204383 0.7722657
vt 0.102154 0.7593108
vt 0.1123275 0.7641023
vt 0.1141497 0.7592712
vt 0.07198023 0.7651154
vt 0.0709908 0.7636368
vt 0.0627852 0.771146
vt 0.0709908 0.7636368
vt 0.06921899 0.7588131
vt 0.05965417 0.7676451
vt 0.05347937 0.7789919
vt 0.05666613 0.7833726
vt 0.0627852 0.771146
vt 0.05986028 0.7827512
vt 0.06446713 0.7730997
vt 0.0627852 0.771146
vt 0.05239385 0.8032747
vt 0.05723541 0.8041077
vt 0.054641 0.7929572
vt 0.08627849 0.7906759
vt 0.08649218 0.7902194
vt 0.08613801 0.7899213
vt 0.09112924 0.7921868
vt 0.09368342 0.7919808
vt 0.09338355 0.7910986
vt 0.08907938 0.7910297
vt 0.08864289 0.7918592
vt 0.09112924 0.7921868
vt 0.08864289 0.7918592
vt 0.08907938 0.7910297
vt 0.08771884 0.7907262
vt 0.09169799 0.7790496
vt 0.09171456 0.7801523
vt 0.09285527 0.7802805
vt 0.1081082 0.8350183
vt 0.1029897 0.83271
vt 0.1034162 0.8350496
vt 0.1081082 0.8350183
vt 0.1034162 0.8350496
vt 0.101587 0.8447945
vt 0.06758433 0.813251
vt 0.06640583 0.8117651
vt 0.06579387 0.813934
vt 0.09044677 0.7838581
vt 0.08964872 0.7845833
vt 0.08980768 0.7848907
vt 0.08877724 0.7860994
vt 0.08903509 0.7856653
vt 0.0889151 0.7853352
vt 0.08553212 0.790455
vt 0.08511233 0.7908185
vt 0.08567541 0.7913937
vt 0.09066748 0.7897714
vt 0.09121459 0.7893137
vt 0.09098041 0.7885869
vt 0.09231024 0.7890259
vt 0.0921579 0.7885511
vt 0.09187704 0.7894213
vt 0.09385198 0.7928111
vt 0.09652084 0.7918071
vt 0.09620344 0.7913296
vt 0.1258345 0.8323795
vt 0.1215723 0.8213702
vt 0.1169701 0.8234549
vt 0.06568169 0.8147941
vt 0.06367141 0.8140205
vt 0.06334424 0.8183003
vt 0.1018164 0.7605406
vt 0.1010725 0.7627949
vt 0.1095734 0.7675086
vt 0.06155133 0.78967
vt 0.06246852 0.7997239
vt 0.0663588 0.7942049
vt 0.06592333 0.7865032
vt 0.0663588 0.7942049
vt 0.06702899 0.7928579
vt 0.0663588 0.7942049
vt 0.06778258 0.7988804
vt 0.06809252 0.7984933
vt 0.1095734 0.7675086
vt 0.1071792 0.7681562
vt 0.1125796 0.7743228
vt 0.08433318 0.7886216
vt 0.08378362 0.7890998
vt 0.08466225 0.7902635
vt 0.05948126 0.8282288
vt 0.06817871 0.821488
vt 0.06496644 0.8225313
vt 0.09577369 0.7904594
vt 0.09615689 0.7901458
vt 0.09463548 0.7892984
vt 0.100708 0.7835578
vt 0.1001059 0.7808064
vt 0.09986013 0.7812416
vt 0.1093266 0.7766246
vt 0.1079937 0.7763941
vt 0.1112173 0.7814564
vt 0.0775904 0.786303
vt 0.07826656 0.7820354
vt 0.0722078 0.7809861
vt 0.1001059 0.7808064
vt 0.100708 0.7835578
vt 0.1046318 0.7823785
vt 0.1046318 0.7823785
vt 0.1112173 0.7814564
vt 0.1079937 0.7763941
vt 0.09763556 0.8159294
vt 0.09770095 0.8138274
vt 0.08851826 0.8146673
vt 0.06579387 0.813934
vt 0.06568169 0.8147941
vt 0.06704854 0.8153179
vt 0.05735385 0.8112618
vt 0.06141704 0.8091121
vt 0.05723541 0.8041077
vt 0.06141704 0.8091121
vt 0.06396001 0.8078358
vt 0.06005978 0.8019069
vt 0.1002044 0.7861398
vt 0.1004562 0.7838688
vt 0.09923058 0.7849296
vt 0.1002044 0.7861398
vt 0.09923058 0.7849296
vt 0.09913247 0.7858185
vt 0.09715604 0.7901267
vt 0.09673768 0.7907378
vt 0.09715169 0.7911479
vt 0.09863513 0.7894354
vt 0.09810578 0.7886889
vt 0.09715604 0.7901267
vt 0.05948126 0.8282288
vt 0.05537599 0.8320724
vt 0.06044417 0.8352142
vt 0.09794509 0.8537364
vt 0.102653 0.8562289
vt 0.104139 0.8514189
vt 0.1232589 0.8118226
vt 0.1268793 0.8064762
vt 0.123647 0.803235
vt 0.1268793 0.8064762
vt 0.1232589 0.8118226
vt 0.1281005 0.8116094
vt 0.08044779 0.8113288
vt 0.0743342 0.8060512
vt 0.0748049 0.8083843
vt 0.08866316 0.79033
vt 0.08849579 0.7897953
vt 0.08774065 0.7901512
vt 0.08516019 0.7422994
vt 0.08496075 0.7288787
vt 0.05066347 0.7410499
vt 0.08516019 0.7422994
vt 0.05851745 0.7515757
vt 0.06889253 0.7515757
vt 0.05066347 0.7410499
vt 0.08496075 0.7288787
vt 0.07280635 0.7221962
vt 0.09308159 0.7808881
vt 0.09272521 0.7812324
vt 0.0933181 0.7809243
vt 0.09294635 0.7809755
vt 0.09246534 0.7808944
vt 0.09251105 0.7813167
vt 0.09285527 0.7802805
vt 0.09245651 0.7804088
vt 0.09246534 0.7808944
vt 0.09061527 0.7813018
vt 0.09095293 0.7820247
vt 0.09139168 0.7817519
vt 0.09095293 0.7820247
vt 0.09131121 0.7825395
vt 0.09172439 0.7822038
vt 0.09296309 0.7813182
vt 0.09251105 0.7813167
vt 0.09272521 0.7812324
vt 0.09214609 0.7829111
vt 0.09172439 0.7822038
vt 0.09131121 0.7825395
vt 0.09111875 0.7810986
vt 0.09099233 0.7805403
vt 0.09057253 0.7804394
vt 0.09285527 0.7802805
vt 0.09171456 0.7801523
vt 0.09245651 0.7804088
vt 0.09171456 0.7801523
vt 0.09057253 0.7804394
vt 0.09099233 0.7805403
vt 0.0933181 0.7809243
vt 0.09272521 0.7812324
vt 0.09172439 0.7822038
vt 0.09251105 0.7813167
vt 0.09139168 0.7817519
vt 0.09172439 0.7822038
vt 0.09246534 0.7808944
vt 0.09111875 0.7810986
vt 0.09139168 0.7817519
vt 0.09245651 0.7804088
vt 0.09099233 0.7805403
vt 0.09111875 0.7810986
vt 0.1566733 0.8562289
vt 0.1566733 0.8510175
vt 0.1514618 0.8562289
vt 0.09689408 0.7889955
vt 0.09648978 0.788835
vt 0.09672242 0.7899269
vt 0.09645819 0.7905137
vt 0.09673768 0.7907378
vt 0.09672242 0.7899269
vt 0.09348171 0.7828752
vt 0.09378957 0.7841643
vt 0.09392505 0.7829104
vt 0.09318155 0.7812751
vt 0.09348171 0.7828752
vt 0.09351027 0.7817006
vt 0.09378957 0.7841643
vt 0.09408497 0.7855397
vt 0.09422677 0.7842139
vt 0.09392505 0.7829104
vt 0.09422677 0.7842139
vt 0.09449309 0.7830029
vt 0.09351027 0.7817006
vt 0.09392505 0.7829104
vt 0.09387087 0.7818782
vt 0.09408497 0.7855397
vt 0.09409546 0.7858891
vt 0.09438103 0.7857209
vt 0.09422677 0.7842139
vt 0.09438103 0.7857209
vt 0.0947932 0.7843814
vt 0.09534537 0.7830753
vt 0.09449309 0.7830029
vt 0.095546 0.7846803
vt 0.09478104 0.7860116
vt 0.09438103 0.7857209
vt 0.09469169 0.786317
vt 0.09347814 0.7875446
vt 0.09432756 0.7878547
vt 0.09434193 0.7860361
vt 0.09657591 0.7875094
vt 0.09649026 0.787327
vt 0.09638142 0.7876792
vt 0.09657591 0.7875094
vt 0.09667301 0.787693
vt 0.09686279 0.786881
vt 0.09469169 0.786317
vt 0.09509837 0.7867423
vt 0.09478104 0.7860116
vt 0.095546 0.7846803
vt 0.0947932 0.7843814
vt 0.09522342 0.7863945
vt 0.09649026 0.787327
vt 0.09674018 0.7867358
vt 0.09565794 0.7868134
vt 0.09318155 0.7812751
vt 0.09351027 0.7817006
vt 0.09307479 0.7786128
vt 0.09674018 0.7867358
vt 0.09686279 0.786881
vt 0.09716027 0.7856592
vt 0.09626299 0.7850516
vt 0.09607094 0.7857931
vt 0.09716027 0.7856592
vt 0.0965262 0.7881516
vt 0.09686827 0.7881346
vt 0.0965141 0.7879398
vt 0.09387087 0.7818782
vt 0.09449309 0.7830029
vt 0.09446012 0.7816811
vt 0.09686279 0.786881
vt 0.09732991 0.7871147
vt 0.09731388 0.7858388
vt 0.09716027 0.7856592
vt 0.09731388 0.7858388
vt 0.09738391 0.7843863
vt 0.09296309 0.7813182
vt 0.09308159 0.7808881
vt 0.09387087 0.7818782
vt 0.09560722 0.7873312
vt 0.09565794 0.7868134
vt 0.09522342 0.7863945
vt 0.09626299 0.7850516
vt 0.095546 0.7846803
vt 0.09607094 0.7857931
vt 0.09913247 0.7858185
vt 0.09790813 0.7859743
vt 0.09864902 0.787528
vt 0.09686827 0.7881346
vt 0.09810578 0.7886889
vt 0.09675633 0.7879011
vt 0.09466952 0.7885088
vt 0.09560722 0.7873312
vt 0.09432756 0.7878547
vt 0.09686827 0.7881346
vt 0.0965262 0.7881516
vt 0.09689408 0.7889955
vt 0.09466952 0.7885088
vt 0.09648978 0.788835
vt 0.09560722 0.7873312
vt 0.09731388 0.7858388
vt 0.09790813 0.7859743
vt 0.09760391 0.7845414
vt 0.09790813 0.7859743
vt 0.09913247 0.7858185
vt 0.0982213 0.7846343
vt 0.1000962 0.7880065
vt 0.09953039 0.7879694
vt 0.0990554 0.7897302
vt 0.1007835 0.7858975
vt 0.1002044 0.7861398
vt 0.1000962 0.7880065
vt 0.09672242 0.7899269
vt 0.09715604 0.7901267
vt 0.09689408 0.7889955
vt 0.0990554 0.7897302
vt 0.1040398 0.7917585
vt 0.1000962 0.7880065
vt 0.1002044 0.7861398
vt 0.09913247 0.7858185
vt 0.09953039 0.7879694
vt 0.09738391 0.7843863
vt 0.09736734 0.7833122
vt 0.09635567 0.7840933
vt 0.09953039 0.7879694
vt 0.09864902 0.787528
vt 0.09863513 0.7894354
vt 0.1000962 0.7880065
vt 0.1047722 0.789298
vt 0.1007835 0.7858975
vt 0.09923058 0.7849296
vt 0.09912359 0.7836746
vt 0.0982213 0.7846343
vt 0.095546 0.7846803
vt 0.09635567 0.7840933
vt 0.09534537 0.7830753
vt 0.09534537 0.7830753
vt 0.09595233 0.7824432
vt 0.09446012 0.7816811
vt 0.09383535 0.7881593
vt 0.0933665 0.7882369
vt 0.09363812 0.7885712
vt 0.0933665 0.7882369
vt 0.09383535 0.7881593
vt 0.09347814 0.7875446
vt 0.0933665 0.7882369
vt 0.09347814 0.7875446
vt 0.09275799 0.7882712
vt 0.1002044 0.7861398
vt 0.1007835 0.7858975
vt 0.1004562 0.7838688
vt 0.0990554 0.7897302
vt 0.09863513 0.7894354
vt 0.09773075 0.790967
vt 0.09296309 0.7813182
vt 0.09387087 0.7818782
vt 0.09294635 0.7809755
vt 0.09773075 0.790967
vt 0.09764593 0.790618
vt 0.09758687 0.791232
vt 0.09672242 0.7899269
vt 0.096363 0.7896542
vt 0.09645819 0.7905137
vt 0.09615689 0.7901458
vt 0.096363 0.7896542
vt 0.09463548 0.7892984
vt 0.0970934 0.7818223
vt 0.09685999 0.7818207
vt 0.09757107 0.7834626
vt 0.09623068 0.7831125
vt 0.09736734 0.7833122
vt 0.09595233 0.7824432
vt 0.0933665 0.7882369
vt 0.09275799 0.7882712
vt 0.09338003 0.7887436
vt 0.09752303 0.7816205
vt 0.0970934 0.7818223
vt 0.09817677 0.7834626
vt 0.102963 0.7940392
vt 0.09773075 0.790967
vt 0.1024303 0.7953147
vt 0.09363812 0.7885712
vt 0.09338003 0.7887436
vt 0.09378314 0.7890871
vt 0.09577369 0.7904594
vt 0.09594231 0.7909513
vt 0.09615689 0.7901458
vt 0.1024303 0.7953147
vt 0.09758687 0.791232
vt 0.1017097 0.7966425
vt 0.09830433 0.7814674
vt 0.09912359 0.7836746
vt 0.09986013 0.7812416
vt 0.09752303 0.7816205
vt 0.09817677 0.7834626
vt 0.09830433 0.7814674
vt 0.09383535 0.7881593
vt 0.09425729 0.7885464
vt 0.09432756 0.7878547
vt 0.09686505 0.7923171
vt 0.09742444 0.7915584
vt 0.09652084 0.7918071
vt 0.09227633 0.7881984
vt 0.09232115 0.788451
vt 0.09242343 0.7883388
vt 0.09234261 0.7885039
vt 0.09243881 0.7886166
vt 0.09233307 0.7884856
vt 0.09986013 0.7812416
vt 0.09802109 0.7786789
vt 0.09830433 0.7814674
vt 0.09592175 0.7806471
vt 0.09513449 0.7812517
vt 0.09685999 0.7818207
vt 0.09685999 0.7818207
vt 0.0970934 0.7818223
vt 0.09592175 0.7806471
vt 0.09686505 0.7923171
vt 0.09652084 0.7918071
vt 0.09401994 0.7935605
vt 0.09418356 0.7891806
vt 0.09378314 0.7890871
vt 0.09405553 0.7899597
vt 0.09338003 0.7887436
vt 0.09276598 0.7886924
vt 0.09351748 0.7892778
vt 0.09385991 0.7904525
vt 0.09351748 0.7892778
vt 0.09296691 0.7903946
vt 0.09811341 0.7782364
vt 0.09802109 0.7786789
vt 0.1001059 0.7808064
vt 0.09231299 0.7884903
vt 0.09232115 0.788451
vt 0.09222006 0.7885128
vt 0.09405553 0.7899597
vt 0.09441918 0.7907496
vt 0.09577369 0.7904594
vt 0.09752303 0.7816205
vt 0.09830433 0.7814674
vt 0.09629434 0.7801323
vt 0.1017097 0.7966425
vt 0.09742444 0.7915584
vt 0.09887206 0.7975204
vt 0.09594231 0.7909513
vt 0.09441918 0.7907496
vt 0.09620344 0.7913296
vt 0.09418356 0.7891806
vt 0.09463548 0.7892984
vt 0.09425729 0.7885464
vt 0.09234261 0.7885039
vt 0.0923267 0.7885242
vt 0.09243881 0.7886166
vt 0.0923267 0.7885242
vt 0.09231299 0.7884903
vt 0.09231853 0.7887655
vt 0.09592175 0.7806471
vt 0.09349477 0.779279
vt 0.09513449 0.7812517
vt 0.09248 0.7882446
vt 0.09249782 0.78871
vt 0.09275799 0.7882712
vt 0.09592175 0.7806471
vt 0.09598141 0.7805441
vt 0.09349477 0.779279
vt 0.09363102 0.7791279
vt 0.09598141 0.7805441
vt 0.09412604 0.7788066
vt 0.1001288 0.7755544
vt 0.09811341 0.7782364
vt 0.1030496 0.7787434
vt 0.09505903 0.7764417
vt 0.09511125 0.7768086
vt 0.09811341 0.7782364
vt 0.09513449 0.7812517
vt 0.09285527 0.7802805
vt 0.09446012 0.7816811
vt 0.09243881 0.7886166
vt 0.09249782 0.78871
vt 0.09242343 0.7883388
vt 0.09227633 0.7881984
vt 0.09242343 0.7883388
vt 0.0922293 0.7878946
vt 0.09162157 0.7868749
vt 0.0922293 0.7878946
vt 0.0926581 0.7878116
vt 0.09389871 0.7909143
vt 0.09385991 0.7904525
vt 0.09338355 0.7910986
vt 0.09887206 0.7975204
vt 0.09686505 0.7923171
vt 0.09514796 0.7985584
vt 0.1079937 0.7763941
vt 0.1041306 0.7723371
vt 0.1030496 0.7787434
vt 0.09231853 0.7887655
vt 0.09231024 0.7890259
vt 0.09243881 0.7886166
vt 0.09249782 0.78871
vt 0.09231024 0.7890259
vt 0.09265303 0.7891449
vt 0.1112173 0.7814564
vt 0.1127268 0.7881122
vt 0.1120972 0.7814917
vt 0.09227633 0.7881984
vt 0.0922293 0.7878946
vt 0.09222006 0.7885128
vt 0.09216547 0.7882214
vt 0.09180432 0.7881887
vt 0.09162157 0.7868749
vt 0.1120972 0.7814917
vt 0.1139076 0.7878926
vt 0.113986 0.7812048
vt 0.114225 0.7939272
vt 0.1163731 0.7942814
vt 0.1139076 0.7878926
vt 0.09222006 0.7885128
vt 0.0921579 0.7885511
vt 0.09231853 0.7887655
vt 0.1139076 0.7878926
vt 0.1127268 0.7881122
vt 0.114225 0.7939272
vt 0.09165465 0.7787408
vt 0.09169799 0.7790496
vt 0.09363102 0.7791279
vt 0.1114907 0.7984297
vt 0.1127788 0.7936742
vt 0.1040398 0.7917585
vt 0.1103825 0.8011295
vt 0.1114907 0.7984297
vt 0.102963 0.7940392
vt 0.09134501 0.7903693
vt 0.09123474 0.7915171
vt 0.09296691 0.7903946
vt 0.09440422 0.7782539
vt 0.0967108 0.7796104
vt 0.09511125 0.7768086
vt 0.09112924 0.7921868
vt 0.09101021 0.7930865
vt 0.09368342 0.7919808
vt 0.1041306 0.7723371
vt 0.1079937 0.7763941
vt 0.1046521 0.7715577
vt 0.09611195 0.7732928
vt 0.09505903 0.7764417
vt 0.1001288 0.7755544
vt 0.1041306 0.7723371
vt 0.09788161 0.7689163
vt 0.1001288 0.7755544
vt 0.1170386 0.7868924
vt 0.1157116 0.7810853
vt 0.1160038 0.7872609
vt 0.1124817 0.7995339
vt 0.114225 0.7939272
vt 0.1114907 0.7984297
vt 0.114225 0.7939272
vt 0.1124817 0.7995339
vt 0.1163731 0.7942814
vt 0.1093266 0.7766246
vt 0.1120972 0.7814917
vt 0.1104171 0.7759776
vt 0.09185439 0.78886
vt 0.0921579 0.7885511
vt 0.09180432 0.7881887
vt 0.09161919 0.7776846
vt 0.09163486 0.7782585
vt 0.09440422 0.7782539
vt 0.09161919 0.7776846
vt 0.09440422 0.7782539
vt 0.09160476 0.7760885
vt 0.09159296 0.7757465
vt 0.09160476 0.7760885
vt 0.09505903 0.7764417
vt 0.102963 0.7940392
vt 0.1024303 0.7953147
vt 0.1103825 0.8011295
vt 0.1104171 0.7759776
vt 0.113986 0.7812048
vt 0.1125796 0.7743228
vt 0.1201061 0.7835429
vt 0.1170386 0.7868924
vt 0.1216329 0.7923916
vt 0.1093266 0.7766246
vt 0.1104171 0.7759776
vt 0.1046521 0.7715577
vt 0.1075472 0.8060021
vt 0.1092643 0.8038471
vt 0.1017097 0.7966425
vt 0.09138643 0.7900906
vt 0.09134501 0.7903693
vt 0.09219652 0.7898204
vt 0.1003038 0.8000918
vt 0.09887206 0.7975204
vt 0.09603327 0.8027823
vt 0.1124817 0.7995339
vt 0.1100913 0.8045342
vt 0.1146508 0.800667
vt 0.09180557 0.7891734
vt 0.09187704 0.7894213
vt 0.09185439 0.78886
vt 0.1092643 0.8038471
vt 0.1100913 0.8045342
vt 0.1103825 0.8011295
vt 0.1201061 0.7835429
vt 0.1216329 0.7923916
vt 0.1231325 0.7830678
vt 0.09101021 0.7930865
vt 0.09089726 0.7938842
vt 0.09385198 0.7928111
vt 0.09159451 0.7725056
vt 0.09159296 0.7757465
vt 0.09611195 0.7732928
vt 0.1287249 0.7931844
vt 0.1258843 0.7821126
vt 0.1249979 0.7931213
vt 0.1104171 0.7759776
vt 0.1125796 0.7743228
vt 0.1053792 0.7702941
vt 0.1185228 0.7736407
vt 0.1113013 0.7655499
vt 0.1159006 0.7750537
vt 0.09159451 0.7725056
vt 0.09611195 0.7732928
vt 0.09161418 0.7680134
vt 0.09089726 0.7938842
vt 0.09047621 0.7989178
vt 0.09401994 0.7935605
vt 0.1268793 0.8064762
vt 0.1287249 0.7931844
vt 0.123647 0.803235
vt 0.1100913 0.8045342
vt 0.1092643 0.8038471
vt 0.1084738 0.8067838
vt 0.1231325 0.7830678
vt 0.1258843 0.7821126
vt 0.1185228 0.7736407
vt 0.1185228 0.7736407
vt 0.1204383 0.7722657
vt 0.1113013 0.7655499
vt 0.1287249 0.7931844
vt 0.1326231 0.7936418
vt 0.1258843 0.7821126
vt 0.09883332 0.7667637
vt 0.09852594 0.7682211
vt 0.1053792 0.7702941
vt 0.09883332 0.7667637
vt 0.1053792 0.7702941
vt 0.09971648 0.7642585
vt 0.1207492 0.8007213
vt 0.1177324 0.8085556
vt 0.123647 0.803235
vt 0.1141497 0.7592712
vt 0.1123275 0.7641023
vt 0.1232804 0.7681839
vt 0.1017097 0.7966425
vt 0.1003038 0.8000918
vt 0.1075472 0.8060021
vt 0.1054318 0.8082182
vt 0.1063228 0.80933
vt 0.1075472 0.8060021
vt 0.1095516 0.8080906
vt 0.1112584 0.8061322
vt 0.1084738 0.8067838
vt 0.1071057 0.8106377
vt 0.1084559 0.8092706
vt 0.1063228 0.80933
vt 0.09749501 0.8120684
vt 0.1054318 0.8082182
vt 0.09603327 0.8027823
vt 0.1117338 0.8164889
vt 0.1141133 0.8140607
vt 0.1084559 0.8092706
vt 0.123647 0.803235
vt 0.1196903 0.8110936
vt 0.1232589 0.8118226
vt 0.1177324 0.8085556
vt 0.1141133 0.8140607
vt 0.1196903 0.8110936
vt 0.1113013 0.7655499
vt 0.1123275 0.7641023
vt 0.1018164 0.7605406
vt 0.1090598 0.8190786
vt 0.1117338 0.8164889
vt 0.1071057 0.8106377
vt 0.1281005 0.8116094
vt 0.1232589 0.8118226
vt 0.1259165 0.8171133
vt 0.09971648 0.7642585
vt 0.09159117 0.7632129
vt 0.09883332 0.7667637
vt 0.1451047 0.8197669
vt 0.1355243 0.8093547
vt 0.1387191 0.8240764
vt 0.1451047 0.8197669
vt 0.1402409 0.8104154
vt 0.1355243 0.8093547
vt 0.1281005 0.8116094
vt 0.1259165 0.8171133
vt 0.1298357 0.8131437
vt 0.1324499 0.8285507
vt 0.1387191 0.8240764
vt 0.1298357 0.8131437
vt 0.09047621 0.7989178
vt 0.08999902 0.8035567
vt 0.09514796 0.7985584
vt 0.1063228 0.80933
vt 0.09770095 0.8138274
vt 0.1071057 0.8106377
vt 0.1130197 0.8183979
vt 0.1152108 0.8160088
vt 0.1117338 0.8164889
vt 0.1160509 0.8175784
vt 0.1210861 0.813356
vt 0.1152108 0.8160088
vt 0.1210861 0.813356
vt 0.1160509 0.8175784
vt 0.1206821 0.81989
vt 0.1018164 0.7605406
vt 0.102154 0.7593108
vt 0.09158313 0.759302
vt 0.09156066 0.7585159
vt 0.102154 0.7593108
vt 0.09170794 0.7516037
vt 0.1259165 0.8171133
vt 0.1233346 0.8160369
vt 0.1215723 0.8213702
vt 0.1259165 0.8171133
vt 0.1215723 0.8213702
vt 0.1324499 0.8285507
vt 0.1117338 0.8164889
vt 0.1090598 0.8190786
vt 0.1130197 0.8183979
vt 0.1152108 0.8160088
vt 0.1130197 0.8183979
vt 0.1160509 0.8175784
vt 0.1071057 0.8106377
vt 0.09763556 0.8159294
vt 0.1090598 0.8190786
vt 0.1160509 0.8175784
vt 0.1139171 0.820031
vt 0.1168552 0.8215639
vt 0.1116981 0.8231757
vt 0.1139171 0.820031
vt 0.1105074 0.8214993
vt 0.1215723 0.8213702
vt 0.1206821 0.81989
vt 0.1169701 0.8234549
vt 0.1090598 0.8190786
vt 0.0988844 0.8252143
vt 0.1105074 0.8214993
vt 0.09770095 0.8138274
vt 0.09749501 0.8120684
vt 0.08851826 0.8146673
vt 0.1103017 0.8253903
vt 0.1081082 0.8350183
vt 0.1120485 0.8246661
vt 0.07970756 0.8429682
vt 0.101587 0.8447945
vt 0.08301997 0.8359935
vt 0.1029897 0.83271
vt 0.1081082 0.8350183
vt 0.1046409 0.8293782
vt 0.1034162 0.8350496
vt 0.1029897 0.83271
vt 0.08301997 0.8359935
vt 0.07743483 0.8476248
vt 0.09794509 0.8537364
vt 0.07970756 0.8429682
vt 0.08616417 0.8266274
vt 0.0988844 0.8252143
vt 0.08809298 0.8169514
vt 0.08531504 0.8304496
vt 0.09885883 0.8291683
vt 0.08616417 0.8266274
vt 0.09885883 0.8291683
vt 0.08531504 0.8304496
vt 0.09848165 0.8313901
vt 0.09214609 0.7829111
vt 0.09165948 0.7830522
vt 0.09055489 0.7839594
vt 0.09131121 0.7825395
vt 0.09015625 0.7833678
vt 0.09165948 0.7830522
vt 0.09095293 0.7820247
vt 0.08966737 0.7828546
vt 0.09131121 0.7825395
vt 0.09072589 0.7880471
vt 0.09036588 0.7879646
vt 0.09057772 0.7885814
vt 0.08941847 0.7879349
vt 0.09036588 0.7879646
vt 0.08919775 0.7871655
vt 0.09095293 0.7820247
vt 0.09061527 0.7813018
vt 0.08966737 0.7828546
vt 0.09044677 0.7838581
vt 0.09015625 0.7833678
vt 0.08964872 0.7845833
vt 0.08966737 0.7828546
vt 0.0886718 0.7838882
vt 0.09015625 0.7833678
vt 0.08940589 0.7885073
vt 0.0902431 0.7884918
vt 0.08941847 0.7879349
vt 0.09077566 0.7882207
vt 0.09072589 0.7880471
vt 0.09068042 0.7885142
vt 0.09072589 0.7880471
vt 0.09114545 0.7879631
vt 0.0907585 0.7872908
vt 0.0889467 0.7821926
vt 0.09061527 0.7813018
vt 0.08887606 0.7810751
vt 0.0898078 0.7793625
vt 0.09057253 0.7804394
vt 0.09169799 0.7790496
vt 0.0896461 0.7791767
vt 0.0898078 0.7793625
vt 0.09165465 0.7787408
vt 0.09165465 0.7787408
vt 0.09163486 0.7782585
vt 0.0896461 0.7791767
vt 0.09077566 0.7882207
vt 0.0909931 0.7881942
vt 0.09072589 0.7880471
vt 0.09083276 0.7884108
vt 0.09086209 0.7884053
vt 0.09077566 0.7882207
vt 0.09078758 0.7887221
vt 0.09068042 0.7885142
vt 0.09075313 0.7889858
vt 0.09066748 0.7897714
vt 0.09075313 0.7889858
vt 0.09027934 0.7890277
vt 0.0889467 0.7821926
vt 0.08776932 0.783573
vt 0.08966737 0.7828546
vt 0.09082323 0.7884456
vt 0.09084153 0.7884309
vt 0.09068042 0.7885142
vt 0.09114545 0.7879631
vt 0.09098041 0.7885869
vt 0.09140205 0.7884657
vt 0.08921819 0.7890863
vt 0.09027934 0.7890277
vt 0.08940589 0.7885073
vt 0.08964872 0.7845833
vt 0.0889151 0.7853352
vt 0.08980768 0.7848907
vt 0.08856767 0.7851355
vt 0.0889151 0.7853352
vt 0.08924841 0.784229
vt 0.09161919 0.7776846
vt 0.09160476 0.7760885
vt 0.08887785 0.7782302
vt 0.0909931 0.7881942
vt 0.09094458 0.7885184
vt 0.09114545 0.7879631
vt 0.0909931 0.7881942
vt 0.09086209 0.7884053
vt 0.09094458 0.7885184
vt 0.09114545 0.7879631
vt 0.09140205 0.7884657
vt 0.0920487 0.7875705
vt 0.09161919 0.7776846
vt 0.08887785 0.7782302
vt 0.09163486 0.7782585
vt 0.09094458 0.7885184
vt 0.09078758 0.7887221
vt 0.09098041 0.7885869
vt 0.08968323 0.7903398
vt 0.09134501 0.7903693
vt 0.09066748 0.7897714
vt 0.09083575 0.7884746
vt 0.09082323 0.7884456
vt 0.09078758 0.7887221
vt 0.0886718 0.7838882
vt 0.08805364 0.7850242
vt 0.08924841 0.784229
vt 0.09086048 0.7884496
vt 0.09083575 0.7884746
vt 0.09094458 0.7885184
vt 0.08779835 0.7801961
vt 0.08800619 0.7802726
vt 0.0896461 0.7791767
vt 0.08919775 0.7871655
vt 0.08883768 0.7878975
vt 0.08941847 0.7879349
vt 0.08919775 0.7871655
vt 0.08812338 0.7863272
vt 0.08832615 0.7876378
vt 0.09057253 0.7804394
vt 0.0898078 0.7793625
vt 0.08887606 0.7810751
vt 0.09159451 0.7725056
vt 0.08706212 0.7732327
vt 0.09159296 0.7757465
vt 0.08908432 0.788311
vt 0.08891636 0.7888946
vt 0.08940589 0.7885073
vt 0.08776932 0.783573
vt 0.08727031 0.7850731
vt 0.0886718 0.7838882
vt 0.08794885 0.7883198
vt 0.08838897 0.7883312
vt 0.08832615 0.7876378
vt 0.08508396 0.7786645
vt 0.0864374 0.779652
vt 0.08808338 0.7767759
vt 0.08711802 0.7800045
vt 0.08779835 0.7801961
vt 0.08911365 0.7788075
vt 0.09159451 0.7725056
vt 0.09161418 0.7680134
vt 0.08706212 0.7732327
vt 0.0864374 0.779652
vt 0.08711802 0.7800045
vt 0.08887785 0.7782302
vt 0.08907938 0.7910297
vt 0.09123474 0.7915171
vt 0.08968323 0.7903398
vt 0.08640921 0.7815574
vt 0.0866363 0.7815515
vt 0.08779835 0.7801961
vt 0.08464807 0.7785336
vt 0.08809709 0.776373
vt 0.08298701 0.7754441
vt 0.08866316 0.79033
vt 0.08968323 0.7903398
vt 0.08921819 0.7890863
vt 0.08681482 0.7833631
vt 0.08776932 0.783573
vt 0.08815455 0.781586
vt 0.08921819 0.7890863
vt 0.08891636 0.7888946
vt 0.08849579 0.7897953
vt 0.08836674 0.7860857
vt 0.0889151 0.7853352
vt 0.08813619 0.786096
vt 0.08856767 0.7851355
vt 0.08805364 0.7850242
vt 0.08813619 0.786096
vt 0.08599436 0.7979137
vt 0.09047621 0.7989178
vt 0.08801877 0.7933336
vt 0.08842325 0.7889642
vt 0.08838897 0.7883312
vt 0.08793252 0.7891112
vt 0.08727031 0.7850731
vt 0.08729267 0.7865227
vt 0.08805364 0.7850242
vt 0.08836674 0.7860857
vt 0.08813619 0.786096
vt 0.08828967 0.7862125
vt 0.08828043 0.7925928
vt 0.08801877 0.7933336
vt 0.09101021 0.7930865
vt 0.08794885 0.7883198
vt 0.08832615 0.7876378
vt 0.08694565 0.7873194
vt 0.08587241 0.7879072
vt 0.0858854 0.7887481
vt 0.08694565 0.7873194
vt 0.08613801 0.7899213
vt 0.08793252 0.7891112
vt 0.08596545 0.7894825
vt 0.08828043 0.7925928
vt 0.09101021 0.7930865
vt 0.08864289 0.7918592
vt 0.08779835 0.7801961
vt 0.08711802 0.7800045
vt 0.08640921 0.7815574
vt 0.08775782 0.786257
vt 0.08781999 0.7865693
vt 0.08813619 0.786096
vt 0.09159559 0.7665099
vt 0.09159117 0.7632129
vt 0.08449339 0.7669624
vt 0.08311885 0.7811493
vt 0.08471757 0.7815062
vt 0.08508396 0.7786645
vt 0.08711802 0.7800045
vt 0.0864374 0.779652
vt 0.08586269 0.781293
vt 0.08771884 0.7907262
vt 0.08907938 0.7910297
vt 0.08866316 0.79033
vt 0.08574938 0.7830425
vt 0.0854696 0.7844929
vt 0.08681482 0.7833631
vt 0.09159117 0.7632129
vt 0.09157389 0.7617195
vt 0.08357167 0.7642437
vt 0.08793252 0.7891112
vt 0.08613801 0.7899213
vt 0.08774065 0.7901512
vt 0.08729267 0.7865227
vt 0.08742415 0.7869037
vt 0.08775782 0.786257
vt 0.08776932 0.783573
vt 0.08648729 0.7846105
vt 0.08727031 0.7850731
vt 0.08298701 0.7754441
vt 0.07997405 0.7785151
vt 0.08464807 0.7785336
vt 0.09156066 0.7585159
vt 0.08127874 0.7594454
vt 0.09158313 0.759302
vt 0.08684229 0.7868513
vt 0.08694565 0.7873194
vt 0.08729267 0.7865227
vt 0.08684229 0.7868513
vt 0.08729267 0.7865227
vt 0.08654636 0.7857376
vt 0.08706212 0.7732327
vt 0.08555072 0.7688675
vt 0.08298701 0.7754441
vt 0.08127874 0.7594454
vt 0.09156066 0.7585159
vt 0.08148676 0.7531865
vt 0.08654636 0.7857376
vt 0.08648729 0.7846105
vt 0.08556336 0.7857238
vt 0.08801877 0.7933336
vt 0.08828043 0.7925928
vt 0.08529359 0.7918537
vt 0.07851141 0.7713632
vt 0.07907241 0.7721851
vt 0.08470106 0.7681575
vt 0.08471757 0.7815062
vt 0.08311885 0.7811493
vt 0.08373403 0.783695
vt 0.08654636 0.7857376
vt 0.08582389 0.7867826
vt 0.08684229 0.7868513
vt 0.07851141 0.7713632
vt 0.08470106 0.7681575
vt 0.0778672 0.7702318
vt 0.08627849 0.7906759
vt 0.08771884 0.7907262
vt 0.08649218 0.7902194
vt 0.08771884 0.7907262
vt 0.08627849 0.7906759
vt 0.08728581 0.791469
vt 0.09047621 0.7989178
vt 0.08599436 0.7979137
vt 0.08999902 0.8035567
vt 0.08449339 0.7669624
vt 0.08357167 0.7642437
vt 0.0778672 0.7702318
vt 0.08551597 0.7831288
vt 0.08474618 0.783523
vt 0.08522498 0.7846331
vt 0.08601951 0.7909945
vt 0.08567541 0.7913937
vt 0.08728581 0.791469
vt 0.08536726 0.7858497
vt 0.08567368 0.7869052
vt 0.08556336 0.7857238
vt 0.08463966 0.7854068
vt 0.08517134 0.7870857
vt 0.08536726 0.7858497
vt 0.07198023 0.7651154
vt 0.07420945 0.7669439
vt 0.08157378 0.7606103
vt 0.08617073 0.7875658
vt 0.08601021 0.7874129
vt 0.08605974 0.7876942
vt 0.08601021 0.7874129
vt 0.08582389 0.7867826
vt 0.0859453 0.787484
vt 0.0709908 0.7636368
vt 0.08127874 0.7594454
vt 0.06921899 0.7588131
vt 0.07198023 0.7651154
vt 0.08157378 0.7606103
vt 0.0709908 0.7636368
vt 0.08262276 0.7964844
vt 0.08599436 0.7979137
vt 0.08529359 0.7918537
vt 0.0859453 0.787484
vt 0.08564436 0.7878587
vt 0.08605974 0.7876942
vt 0.0859453 0.787484
vt 0.08567368 0.7869052
vt 0.08564436 0.7878587
vt 0.08373403 0.783695
vt 0.08355051 0.7856817
vt 0.08462232 0.7846504
vt 0.08355051 0.7856817
vt 0.08385175 0.7873198
vt 0.08463966 0.7854068
vt 0.08238118 0.7837759
vt 0.08311885 0.7811493
vt 0.08188593 0.7839878
vt 0.075217 0.7760354
vt 0.07997405 0.7785151
vt 0.07907241 0.7721851
vt 0.08564436 0.7878587
vt 0.08545196 0.7888895
vt 0.08587241 0.7879072
vt 0.07997405 0.7785151
vt 0.075217 0.7760354
vt 0.07826656 0.7820354
vt 0.07907241 0.7721851
vt 0.07851141 0.7713632
vt 0.075217 0.7760354
vt 0.0824415 0.785945
vt 0.08355051 0.7856817
vt 0.08238118 0.7837759
vt 0.073767 0.7762361
vt 0.07851141 0.7713632
vt 0.07282555 0.7751534
vt 0.08553212 0.790455
vt 0.08601951 0.7909945
vt 0.08581864 0.7902558
vt 0.07282555 0.7751534
vt 0.0778672 0.7702318
vt 0.07114499 0.7730366
vt 0.08558899 0.7897222
vt 0.08581864 0.7902558
vt 0.08596545 0.7894825
vt 0.08545196 0.7888895
vt 0.08558899 0.7897222
vt 0.0858854 0.7887481
vt 0.08385175 0.7873198
vt 0.08433318 0.7886216
vt 0.08564436 0.7878587
vt 0.08238118 0.7837759
vt 0.08188593 0.7839878
vt 0.0824415 0.785945
vt 0.08515316 0.7898931
vt 0.08553212 0.790455
vt 0.08558899 0.7897222
vt 0.08433318 0.7886216
vt 0.08515316 0.7898931
vt 0.08545196 0.7888895
vt 0.08553212 0.790455
vt 0.08515316 0.7898931
vt 0.08511233 0.7908185
vt 0.0824415 0.785945
vt 0.08296328 0.7877123
vt 0.08355051 0.7856817
vt 0.08529359 0.7918537
vt 0.08567541 0.7913937
vt 0.08483588 0.7911748
vt 0.08599436 0.7979137
vt 0.08262276 0.7964844
vt 0.08438903 0.8017653
vt 0.06446713 0.7730997
vt 0.06817328 0.77319
vt 0.07198023 0.7651154
vt 0.08483588 0.7911748
vt 0.08511233 0.7908185
vt 0.08441913 0.7906217
vt 0.08008688 0.7953647
vt 0.08262276 0.7964844
vt 0.08483588 0.7911748
vt 0.08252054 0.7880766
vt 0.08296328 0.7877123
vt 0.08195883 0.7862402
vt 0.07957601 0.794153
vt 0.08008688 0.7953647
vt 0.08441913 0.7906217
vt 0.08378362 0.7890998
vt 0.08340179 0.7895176
vt 0.08466225 0.7902635
vt 0.07065731 0.7817237
vt 0.0722078 0.7809861
vt 0.073767 0.7762361
vt 0.07114499 0.7730366
vt 0.0671727 0.7807152
vt 0.07282555 0.7751534
vt 0.07065731 0.7817237
vt 0.073767 0.7762361
vt 0.06933343 0.7809562
vt 0.07743483 0.8476248
vt 0.07970756 0.8429682
vt 0.06044417 0.8352142
vt 0.07001531 0.8231228
vt 0.06489717 0.8283231
vt 0.08301997 0.8359935
vt 0.08885115 0.8128715
vt 0.08999902 0.8035567
vt 0.08113914 0.8099413
vt 0.06933343 0.7809562
vt 0.0671727 0.7807152
vt 0.06727397 0.7867864
vt 0.06906306 0.7872396
vt 0.07065731 0.7817237
vt 0.06727397 0.7867864
vt 0.08044779 0.8113288
vt 0.08851826 0.8146673
vt 0.08113914 0.8099413
vt 0.07968378 0.8128593
vt 0.08809298 0.8169514
vt 0.08044779 0.8113288
vt 0.08616417 0.8266274
vt 0.08809298 0.8169514
vt 0.07659542 0.8201294
vt 0.06906306 0.7872396
vt 0.07046467 0.7861508
vt 0.07065731 0.7817237
vt 0.08332788 0.8363945
vt 0.07090181 0.8224472
vt 0.08301997 0.8359935
vt 0.08332788 0.8363945
vt 0.07454514 0.8240353
vt 0.07090181 0.8224472
vt 0.0671727 0.7807152
vt 0.06376999 0.7810737
vt 0.06592333 0.7865032
vt 0.05948126 0.8282288
vt 0.05790996 0.8225738
vt 0.05390465 0.8253646
vt 0.05790996 0.8225738
vt 0.05133605 0.8171261
vt 0.05205094 0.8201532
vt 0.05790996 0.8225738
vt 0.05937641 0.8192037
vt 0.05133605 0.8171261
vt 0.06888705 0.7926024
vt 0.06906306 0.7872396
vt 0.06702899 0.7928579
vt 0.07659542 0.8201294
vt 0.07968378 0.8128593
vt 0.07070291 0.8131155
vt 0.054641 0.7929572
vt 0.05666613 0.7833726
vt 0.05066347 0.7917537
vt 0.0743342 0.8060512
vt 0.08044779 0.8113288
vt 0.07507312 0.8052933
vt 0.06040745 0.8212944
vt 0.05790996 0.8225738
vt 0.06146627 0.8245623
vt 0.06149387 0.8181376
vt 0.05937641 0.8192037
vt 0.06198203 0.8194657
vt 0.06888705 0.7926024
vt 0.07009512 0.792155
vt 0.06906306 0.7872396
vt 0.0809257 0.7986874
vt 0.07507312 0.8052933
vt 0.08438903 0.8017653
vt 0.08008688 0.7953647
vt 0.07353264 0.8033007
vt 0.0809257 0.7986874
vt 0.0708242 0.7966861
vt 0.07774645 0.7912362
vt 0.07009512 0.792155
vt 0.07659542 0.8201294
vt 0.07499408 0.8223753
vt 0.08616417 0.8266274
vt 0.0708242 0.7966861
vt 0.07094103 0.7972891
vt 0.07774645 0.7912362
vt 0.06149387 0.8181376
vt 0.06198203 0.8194657
vt 0.06334424 0.8183003
vt 0.06097608 0.8127236
vt 0.05735385 0.8112618
vt 0.06149387 0.8181376
vt 0.07223433 0.8014184
vt 0.07957601 0.794153
vt 0.07094103 0.7972891
vt 0.06978881 0.7977223
vt 0.06888705 0.7926024
vt 0.06809252 0.7984933
vt 0.05948126 0.8282288
vt 0.06489717 0.8283231
vt 0.06817871 0.821488
vt 0.07009512 0.792155
vt 0.06888705 0.7926024
vt 0.0708242 0.7966861
vt 0.06005978 0.8019069
vt 0.06246852 0.7997239
vt 0.05818217 0.7925709
vt 0.05818217 0.7925709
vt 0.054641 0.7929572
vt 0.06005978 0.8019069
vt 0.06394588 0.8199831
vt 0.06496644 0.8225313
vt 0.06522887 0.8191162
vt 0.07039803 0.8031844
vt 0.07148373 0.8020557
vt 0.06809252 0.7984933
vt 0.07039803 0.8031844
vt 0.06778258 0.7988804
vt 0.06530821 0.8055674
vt 0.06097608 0.8127236
vt 0.06149387 0.8181376
vt 0.06367141 0.8140205
vt 0.06978881 0.7977223
vt 0.07148373 0.8020557
vt 0.07094103 0.7972891
vt 0.07499408 0.8223753
vt 0.07454514 0.8240353
vt 0.08531504 0.8304496
vt 0.07070291 0.8131155
vt 0.0748049 0.8083843
vt 0.06928515 0.8111553
vt 0.07070291 0.8131155
vt 0.06947231 0.8144139
vt 0.07659542 0.8201294
vt 0.06789195 0.8094433
vt 0.07125252 0.8045196
vt 0.06530821 0.8055674
vt 0.0726965 0.803941
vt 0.07148373 0.8020557
vt 0.07125252 0.8045196
vt 0.0726965 0.803941
vt 0.0743342 0.8060512
vt 0.07353264 0.8033007
vt 0.06928515 0.8111553
vt 0.07346141 0.80699
vt 0.06789195 0.8094433
vt 0.07148373 0.8020557
vt 0.0726965 0.803941
vt 0.07223433 0.8014184
vt 0.06860107 0.8154325
vt 0.06817871 0.821488
vt 0.07226681 0.822054
vt 0.06246852 0.7997239
vt 0.06005978 0.8019069
vt 0.06530821 0.8055674
vt 0.06215554 0.8116138
vt 0.06141704 0.8091121
vt 0.06097608 0.8127236
vt 0.06640583 0.8117651
vt 0.06703257 0.8107442
vt 0.06315147 0.8096682
vt 0.06579387 0.813934
vt 0.06640583 0.8117651
vt 0.06393617 0.813294
vt 0.06530821 0.8055674
vt 0.06396001 0.8078358
vt 0.06789195 0.8094433
vt 0.06947231 0.8144139
vt 0.07070291 0.8131155
vt 0.0682736 0.8123096
vt 0.06789195 0.8094433
vt 0.06703257 0.8107442
vt 0.06928515 0.8111553
vt 0.06703257 0.8107442
vt 0.06640583 0.8117651
vt 0.0682736 0.8123096
vt 0.06860107 0.8154325
vt 0.06947231 0.8144139
vt 0.06758433 0.813251
vt 0.06393617 0.813294
vt 0.06215554 0.8116138
vt 0.06367141 0.8140205
vt 0.06367141 0.8140205
vt 0.06568169 0.8147941
vt 0.06393617 0.813294
vt 0.08252054 0.7880766
vt 0.08195883 0.7862402
vt 0.07729667 0.7887799
vt 0.1040398 0.7917585
vt 0.0990554 0.7897302
vt 0.102963 0.7940392
vt 0.09852594 0.7682211
vt 0.09883332 0.7667637
vt 0.09161281 0.7671828
vt 0.09159559 0.7665099
vt 0.08449339 0.7669624
vt 0.09161281 0.7671828
vt 0.09161418 0.7680134
vt 0.09161281 0.7671828
vt 0.08555072 0.7688675
vt 0.09161418 0.7680134
vt 0.09788161 0.7689163
vt 0.09161281 0.7671828
vt 0.09788161 0.7689163
vt 0.1041306 0.7723371
vt 0.09852594 0.7682211
vt 0.09971648 0.7642585
vt 0.1071792 0.7681562
vt 0.1010725 0.7627949
vt 0.09159117 0.7632129
vt 0.09971648 0.7642585
vt 0.09157389 0.7617195
vt 0.1018164 0.7605406
vt 0.09158313 0.759302
vt 0.1010725 0.7627949
vt 0.09157389 0.7617195
vt 0.09158313 0.759302
vt 0.08308321 0.7628052
vt 0.07420945 0.7669439
vt 0.07605957 0.7678962
vt 0.08308321 0.7628052
vt 0.07605957 0.7678962
vt 0.07420945 0.7669439
vt 0.07114499 0.7730366
vt 0.08441913 0.7906217
vt 0.08340179 0.7895176
vt 0.07957601 0.794153
vt 0.07957601 0.794153
vt 0.07223433 0.8014184
vt 0.08008688 0.7953647
vt 0.08340179 0.7895176
vt 0.08252054 0.7880766
vt 0.07912844 0.7931004
vt 0.07826656 0.7820354
vt 0.0775904 0.786303
vt 0.08188593 0.7839878
vt 0.08464807 0.7785336
vt 0.08285051 0.7806429
vt 0.08508396 0.7786645
vt 0.07114499 0.7730366
vt 0.06817328 0.77319
vt 0.0671727 0.7807152
vt 0.05986028 0.7827512
vt 0.06376999 0.7810737
vt 0.06446713 0.7730997
vt 0.06376999 0.7810737
vt 0.05986028 0.7827512
vt 0.06155133 0.78967
vt 0.054641 0.7929572
vt 0.05818217 0.7925709
vt 0.05666613 0.7833726
vt 0.1063228 0.80933
vt 0.1054318 0.8082182
vt 0.09770095 0.8138274
vt 0.08885115 0.8128715
vt 0.09749501 0.8120684
vt 0.08999902 0.8035567
vt 0.0775904 0.786303
vt 0.07046467 0.7861508
vt 0.07729667 0.7887799
vt 0.08340179 0.7895176
vt 0.08378362 0.7890998
vt 0.08252054 0.7880766
vt 0.0866363 0.7815515
vt 0.08640921 0.7815574
vt 0.08574938 0.7830425
vt 0.08551597 0.7831288
vt 0.08522498 0.7846331
vt 0.08574938 0.7830425
vt 0.1046318 0.7823785
vt 0.1051086 0.7859431
vt 0.1112173 0.7814564
vt 0.1051086 0.7859431
vt 0.1047722 0.789298
vt 0.1127268 0.7881122
vt 0.123647 0.803235
vt 0.1249979 0.7931213
vt 0.1207492 0.8007213
vt 0.1287249 0.7931844
vt 0.1268793 0.8064762
vt 0.1326231 0.7936418
vt 0.1268793 0.8064762
vt 0.1281005 0.8116094
vt 0.1309583 0.807052
vt 0.114256 0.8241146
vt 0.1139932 0.8223853
vt 0.1120485 0.8246661
vt 0.1139932 0.8223853
vt 0.114256 0.8241146
vt 0.1168552 0.8215639
vt 0.1007835 0.7858975
vt 0.1051086 0.7859431
vt 0.100708 0.7835578
vt 0.0970934 0.7818223
vt 0.09752303 0.7816205
vt 0.09598141 0.7805441
vt 0.09440422 0.7782539
vt 0.09412604 0.7788066
vt 0.0967108 0.7796104
vt 0.09165465 0.7787408
vt 0.09363102 0.7791279
vt 0.09163486 0.7782585
vt 0.09667301 0.787693
vt 0.09675633 0.7879011
vt 0.09732991 0.7871147
vt 0.09760391 0.7845414
vt 0.0982213 0.7846343
vt 0.09757107 0.7834626
vt 0.09738391 0.7843863
vt 0.09760391 0.7845414
vt 0.09736734 0.7833122
vt 0.09674018 0.7867358
vt 0.09649026 0.787327
vt 0.09686279 0.786881
vt 0.09635567 0.7840933
vt 0.09626299 0.7850516
vt 0.09738391 0.7843863
vt 0.09620344 0.7913296
vt 0.09652084 0.7918071
vt 0.09673768 0.7907378
vt 0.09673768 0.7907378
vt 0.09645819 0.7905137
vt 0.09620344 0.7913296
vt 0.1231325 0.7830678
vt 0.1185228 0.7736407
vt 0.1201061 0.7835429
vt 0.1112584 0.8061322
vt 0.1095516 0.8080906
vt 0.1177324 0.8085556
vt 0.1146508 0.800667
vt 0.1207492 0.8007213
vt 0.1163731 0.7942814
vt 0.1170386 0.7868924
vt 0.1201061 0.7835429
vt 0.1157116 0.7810853
vt 0.1207492 0.8007213
vt 0.1146508 0.800667
vt 0.1177324 0.8085556
vt 0.0743342 0.8060512
vt 0.0726965 0.803941
vt 0.07346141 0.80699
vt 0.09657591 0.7875094
vt 0.09638142 0.7876792
vt 0.09667301 0.787693
vt 0.09649026 0.787327
vt 0.09565794 0.7868134
vt 0.09623366 0.7874266
vt 0.08640921 0.7815574
vt 0.08586269 0.781293
vt 0.08551597 0.7831288
vt 0.08462232 0.7846504
vt 0.08463966 0.7854068
vt 0.08522498 0.7846331
vt 0.08556336 0.7857238
vt 0.0854696 0.7844929
vt 0.08536726 0.7858497
vt 0.08586269 0.781293
vt 0.08471757 0.7815062
vt 0.08474618 0.783523
vt 0.08694565 0.7873194
vt 0.08684229 0.7868513
vt 0.08617073 0.7875658
vt 0.08887606 0.7810751
vt 0.08800619 0.7802726
vt 0.08815455 0.781586
vt 0.08815455 0.781586
vt 0.0866363 0.7815515
vt 0.08681482 0.7833631
vt 0.07997405 0.7785151
vt 0.07826656 0.7820354
vt 0.08285051 0.7806429
vt 0.09159296 0.7757465
vt 0.08809709 0.776373
vt 0.09160476 0.7760885
vt 0.08809709 0.776373
vt 0.08464807 0.7785336
vt 0.08808338 0.7767759
vt 0.1258843 0.7821126
vt 0.1294658 0.7793145
vt 0.1204383 0.7722657
vt 0.1046164 0.7540446
vt 0.102154 0.7593108
vt 0.1141497 0.7592712
vt 0.06446713 0.7730997
vt 0.07198023 0.7651154
vt 0.0627852 0.771146
vt 0.0627852 0.771146
vt 0.0709908 0.7636368
vt 0.05965417 0.7676451
vt 0.05965417 0.7676451
vt 0.05347937 0.7789919
vt 0.0627852 0.771146
vt 0.05666613 0.7833726
vt 0.05986028 0.7827512
vt 0.0627852 0.771146
vt 0.05066347 0.7917537
vt 0.05239385 0.8032747
vt 0.054641 0.7929572
vt 0.08581864 0.7902558
vt 0.08627849 0.7906759
vt 0.08613801 0.7899213
vt 0.09123474 0.7915171
vt 0.09112924 0.7921868
vt 0.09338355 0.7910986
vt 0.09123474 0.7915171
vt 0.08907938 0.7910297
vt 0.09112924 0.7921868
vt 0.08728581 0.791469
vt 0.08864289 0.7918592
vt 0.08771884 0.7907262
vt 0.09349477 0.779279
vt 0.09169799 0.7790496
vt 0.09285527 0.7802805
vt 0.104139 0.8514189
vt 0.1081082 0.8350183
vt 0.101587 0.8447945
vt 0.06737804 0.814558
vt 0.06758433 0.813251
vt 0.06579387 0.813934
vt 0.09055489 0.7839594
vt 0.09044677 0.7838581
vt 0.08980768 0.7848907
vt 0.08836674 0.7860857
vt 0.08877724 0.7860994
vt 0.0889151 0.7853352
vt 0.08601951 0.7909945
vt 0.08553212 0.790455
vt 0.08567541 0.7913937
vt 0.09075313 0.7889858
vt 0.09066748 0.7897714
vt 0.09098041 0.7885869
vt 0.09219652 0.7898204
vt 0.09231024 0.7890259
vt 0.09187704 0.7894213
vt 0.09368342 0.7919808
vt 0.09385198 0.7928111
vt 0.09620344 0.7913296
vt 0.1181458 0.8349067
vt 0.1258345 0.8323795
vt 0.1169701 0.8234549
vt 0.06522887 0.8191162
vt 0.06568169 0.8147941
vt 0.06334424 0.8183003
vt 0.1113013 0.7655499
vt 0.1018164 0.7605406
vt 0.1095734 0.7675086
vt 0.06592333 0.7865032
vt 0.06155133 0.78967
vt 0.0663588 0.7942049
vt 0.06727397 0.7867864
vt 0.06592333 0.7865032
vt 0.06702899 0.7928579
vt 0.06702899 0.7928579
vt 0.0663588 0.7942049
vt 0.06809252 0.7984933
vt 0.1159006 0.7750537
vt 0.1095734 0.7675086
vt 0.1125796 0.7743228
vt 0.08515316 0.7898931
vt 0.08433318 0.7886216
vt 0.08466225 0.7902635
vt 0.06146627 0.8245623
vt 0.05948126 0.8282288
vt 0.06496644 0.8225313
vt 0.09405553 0.7899597
vt 0.09577369 0.7904594
vt 0.09463548 0.7892984
vt 0.1004562 0.7838688
vt 0.100708 0.7835578
vt 0.09986013 0.7812416
vt 0.1120972 0.7814917
vt 0.1093266 0.7766246
vt 0.1112173 0.7814564
vt 0.07046467 0.7861508
vt 0.0775904 0.786303
vt 0.0722078 0.7809861
vt 0.1030496 0.7787434
vt 0.1001059 0.7808064
vt 0.1046318 0.7823785
vt 0.1030496 0.7787434
vt 0.1046318 0.7823785
vt 0.1079937 0.7763941
vt 0.08809298 0.8169514
vt 0.09763556 0.8159294
vt 0.08851826 0.8146673
vt 0.06737804 0.814558
vt 0.06579387 0.813934
vt 0.06704854 0.8153179
vt 0.05239385 0.8032747
vt 0.05735385 0.8112618
vt 0.05723541 0.8041077
vt 0.05723541 0.8041077
vt 0.06141704 0.8091121
vt 0.06005978 0.8019069
vt 0.09764593 0.790618
vt 0.09715604 0.7901267
vt 0.09715169 0.7911479
vt 0.09764593 0.790618
vt 0.09863513 0.7894354
vt 0.09715604 0.7901267
vt 0.06489717 0.8283231
vt 0.05948126 0.8282288
vt 0.06044417 0.8352142
vt 0.101587 0.8447945
vt 0.09794509 0.8537364
vt 0.104139 0.8514189
vt 0.07968378 0.8128593
vt 0.08044779 0.8113288
vt 0.0748049 0.8083843
vt 0.08771884 0.7907262
vt 0.08866316 0.79033
vt 0.08774065 0.7901512
vt 0.05851745 0.7515757
vt 0.08516019 0.7422994
vt 0.05066347 0.7410499
vt 0.07772701 0.7478056
vt 0.08516019 0.7422994
vt 0.06889253 0.7515757
vt 0.05295228 0.7313154
vt 0.05066347 0.7410499
vt 0.07280635 0.7221962
vt 0.09307479 0.7786128
vt 0.09308159 0.7808881
vt 0.0933181 0.7809243
vt 0.09296309 0.7813182
vt 0.09294635 0.7809755
vt 0.09251105 0.7813167
vt 0.09294635 0.7809755
vt 0.09285527 0.7802805
vt 0.09246534 0.7808944
vt 0.09111875 0.7810986
vt 0.09061527 0.7813018
vt 0.09139168 0.7817519
vt 0.09139168 0.7817519
vt 0.09095293 0.7820247
vt 0.09172439 0.7822038
vt 0.09308159 0.7808881
vt 0.09296309 0.7813182
vt 0.09272521 0.7812324
vt 0.09165948 0.7830522
vt 0.09214609 0.7829111
vt 0.09131121 0.7825395
vt 0.09061527 0.7813018
vt 0.09111875 0.7810986
vt 0.09057253 0.7804394
vt 0.09245651 0.7804088
vt 0.09171456 0.7801523
vt 0.09099233 0.7805403
vt 0.09214609 0.7829111
vt 0.0933181 0.7809243
vt 0.09172439 0.7822038
vt 0.09272521 0.7812324
vt 0.09251105 0.7813167
vt 0.09172439 0.7822038
vt 0.09251105 0.7813167
vt 0.09246534 0.7808944
vt 0.09139168 0.7817519
vt 0.09246534 0.7808944
vt 0.09245651 0.7804088
vt 0.09111875 0.7810986
usemtl LThumb1UV
f 2/1 3/2 4/3
f 5/4 6/5 7/6
f 10/7 11/8 7/9
f 12/10 13/11 14/12
f 15/13 16/14 17/15
f 18/16 19/17 20/18
f 21/19 22/20 23/21
f 24/22 25/23 26/24
f 27/25 28/26 29/27
f 30/28 31/29 32/30
f 33/31 34/32 35/33
f 36/34 37/35 38/36
f 39/37 40/38 41/39
f 42/40 43/41 44/42
f 45/43 46/44 47/45
f 48/46 49/47 50/48
f 51/49 52/50 53/51
f 54/52 53/53 52/54
f 55/55 52/56 40/57
f 56/58 57/59 58/60
f 59/61 60/62 61/63
f 62/64 63/65 64/66
f 65/67 66/68 67/69
f 68/70 69/71 70/72
f 71/73 72/74 73/75
f 74/76 75/77 67/78
f 65/79 76/80 77/81
f 67/82 78/83 79/84
f 74/85 79/86 80/87
f 81/88 82/89 83/90
f 84/91 85/92 86/93
f 87/94 88/95 89/96
f 90/97 91/98 92/99
f 93/100 94/101 95/102
f 96/103 97/104 98/105
f 99/106 100/107 101/108
f 102/109 103/110 104/111
f 104/112 103/113 105/114
f 96/115 106/116 107/117
f 108/118 109/119 110/120
f 111/121 112/122 108/123
f 111/124 108/125 110/126
f 113/127 114/128 115/129
f 117/130 118/131 119/132
f 116/133 119/134 121/135
f 122/136 123/137 118/138
f 118/139 124/140 125/141
f 119/142 125/143 126/144
f 12/145 14/146 123/147
f 123/148 127/149 124/150
f 125/151 124/152 128/153
f 123/154 14/155 20/156
f 18/157 20/158 14/159
f 130/160 17/161 16/162
f 132/163 133/164 134/165
f 19/166 135/167 127/168
f 124/169 127/170 135/171
f 136/172 137/173 138/174
f 121/175 139/176 140/177
f 134/178 141/179 142/180
f 137/181 136/182 142/183
f 144/184 132/185 145/186
f 15/187 145/188 16/189
f 15/190 17/191 146/192
f 147/193 144/194 145/195
f 125/196 129/197 148/198
f 133/199 149/200 141/201
f 141/202 150/203 151/204
f 139/205 121/206 126/207
f 138/208 137/209 135/210
f 128/211 135/212 137/213
f 149/214 133/215 153/216
f 155/217 153/218 144/219
f 146/220 135/221 19/222
f 146/223 19/224 18/225
f 157/226 128/227 143/228
f 15/229 5/230 8/231
f 5/232 15/233 146/234
f 149/235 158/236 150/237
f 154/238 159/239 158/240
f 161/241 162/242 163/243
f 165/244 161/245 160/246
f 5/247 156/248 6/249
f 155/250 147/251 8/252
f 11/253 155/254 8/255
f 166/256 167/257 160/258
f 154/259 153/260 161/261
f 168/262 169/263 157/264
f 153/265 155/266 162/267
f 167/268 170/269 164/270
f 171/271 172/272 158/273
f 157/274 169/275 129/276
f 173/277 129/278 169/279
f 173/280 174/281 148/282
f 176/283 177/284 178/285
f 175/286 18/287 13/288
f 13/289 26/290 25/291
f 164/292 179/293 180/294
f 162/295 181/296 182/297
f 126/298 148/299 183/300
f 180/301 171/302 159/303
f 181/304 184/305 185/306
f 6/307 186/308 9/309
f 6/310 156/311 32/312
f 188/313 168/314 189/315
f 168/316 188/317 173/318
f 25/319 29/320 177/321
f 185/322 184/323 190/324
f 187/325 189/326 172/327
f 182/328 185/329 192/330
f 177/331 194/332 195/333
f 196/334 9/335 186/336
f 185/337 190/338 38/339
f 171/340 180/341 199/342
f 172/343 171/344 198/345
f 200/346 156/347 18/348
f 190/349 184/350 202/351
f 203/352 22/353 21/354
f 206/355 21/356 23/357
f 207/358 208/359 198/360
f 174/361 173/362 188/363
f 187/364 210/365 209/366
f 202/367 211/368 212/369
f 195/370 194/371 31/372
f 29/373 28/374 194/375
f 194/376 28/377 214/378
f 207/379 199/380 216/381
f 203/382 204/383 218/384
f 34/385 196/386 197/387
f 198/388 208/389 219/390
f 190/391 201/392 36/393
f 34/394 33/395 220/396
f 32/397 156/398 200/399
f 221/400 222/401 206/402
f 31/403 213/404 34/405
f 217/406 218/407 222/408
f 34/409 213/410 35/411
f 194/412 213/413 31/414
f 223/415 224/416 174/417
f 27/418 29/419 25/420
f 210/421 225/422 223/423
f 210/424 219/425 226/426
f 215/427 216/428 228/429
f 230/430 207/431 215/432
f 224/433 183/434 148/435
f 27/436 24/437 21/438
f 21/439 24/440 231/441
f 231/442 24/443 26/444
f 213/445 214/446 233/447
f 201/448 212/449 234/450
f 236/451 227/452 228/453
f 237/454 27/455 206/456
f 33/457 35/458 233/459
f 237/460 238/461 28/462
f 239/463 240/464 241/465
f 231/466 243/467 218/468
f 244/469 231/470 232/471
f 28/472 238/473 214/474
f 240/475 246/476 247/477
f 249/478 246/479 240/480
f 243/481 237/482 222/483
f 239/484 250/485 248/486
f 252/487 223/488 225/489
f 250/490 167/491 166/492
f 253/493 166/494 193/495
f 256/496 233/497 214/498
f 208/499 207/500 230/501
f 259/502 211/503 33/504
f 235/505 260/506 261/507
f 229/508 215/509 227/510
f 263/511 262/512 227/513
f 264/514 247/515 246/516
f 248/517 250/518 253/519
f 266/520 267/521 249/522
f 241/523 247/524 268/525
f 243/526 231/527 244/528
f 271/529 226/530 257/531
f 257/532 230/533 272/534
f 272/535 230/536 229/537
f 249/538 265/539 246/540
f 192/541 274/542 254/543
f 247/544 264/545 275/546
f 265/547 249/548 277/549
f 268/550 278/551 261/552
f 254/553 266/554 253/555
f 274/556 192/557 38/558
f 255/559 214/560 238/561
f 36/562 234/563 281/564
f 282/565 283/566 267/567
f 285/568 243/569 269/570
f 282/571 266/572 254/573
f 277/574 286/575 287/576
f 288/577 212/578 211/579
f 289/580 275/581 264/582
f 273/583 229/584 262/585
f 291/586 287/587 286/588
f 275/589 293/590 278/591
f 295/592 296/593 289/594
f 262/595 263/596 297/597
f 298/598 234/599 212/600
f 292/601 286/602 299/603
f 274/604 279/605 45/606
f 291/607 301/608 294/609
f 301/610 302/611 295/612
f 303/613 304/614 291/615
f 306/616 261/617 278/618
f 278/619 293/620 307/621
f 309/622 310/623 299/624
f 302/625 301/626 312/627
f 37/628 313/629 279/630
f 314/631 45/632 279/633
f 283/634 282/635 45/636
f 46/637 45/638 314/639
f 313/640 37/641 281/642
f 317/643 47/644 46/645
f 310/646 42/647 319/648
f 317/649 320/650 310/651
f 302/652 321/653 322/654
f 318/655 46/656 315/657
f 319/658 44/659 325/660
f 326/661 327/662 305/663
f 328/664 329/665 330/666
f 331/667 332/668 328/669
f 325/670 333/671 334/672
f 319/673 42/674 44/675
f 330/676 329/677 334/678
f 335/679 281/680 234/681
f 336/682 337/683 315/684
f 320/685 317/686 318/687
f 42/688 310/689 320/690
f 339/691 340/692 43/693
f 321/694 341/695 342/696
f 321/697 343/698 344/699
f 44/700 43/701 345/702
f 345/703 346/704 333/705
f 323/706 55/707 338/708
f 331/709 48/710 50/711
f 338/712 347/713 339/714
f 337/715 348/716 323/717
f 347/718 349/719 340/720
f 347/721 338/722 55/723
f 43/724 340/725 350/726
f 348/727 54/728 55/729
f 347/730 39/731 349/732
f 55/733 54/734 52/735
f 55/736 40/737 39/738
f 316/739 351/740 352/741
f 353/742 354/743 41/744
f 356/745 357/746 358/747
f 353/748 40/749 52/750
f 51/751 359/752 358/753
f 51/754 53/755 359/756
f 361/757 356/758 355/759
f 348/760 337/761 363/762
f 54/763 348/764 362/765
f 364/766 365/767 53/768
f 365/769 359/770 53/771
f 366/772 367/773 368/774
f 370/775 367/776 366/777
f 373/778 370/779 371/780
f 83/781 85/782 84/783
f 83/784 82/785 67/786
f 374/787 375/788 373/789
f 370/790 376/791 377/792
f 378/793 376/794 370/795
f 85/796 83/797 70/798
f 81/799 84/800 379/801
f 380/802 381/803 82/804
f 374/805 382/806 383/807
f 382/808 384/809 252/810
f 385/811 252/812 251/813
f 271/814 387/815 386/816
f 388/817 380/818 81/819
f 389/820 388/821 115/822
f 379/823 84/824 390/825
f 390/826 84/827 86/828
f 393/829 378/830 373/831
f 113/832 115/833 379/834
f 395/835 396/836 397/837
f 86/838 85/839 69/840
f 399/841 400/842 401/843
f 399/844 377/845 376/846
f 272/847 403/848 404/849
f 405/850 395/851 380/852
f 389/853 406/854 405/855
f 397/856 407/857 381/858
f 404/859 387/860 271/861
f 391/862 390/863 395/864
f 255/865 280/866 392/867
f 394/868 379/869 391/870
f 410/871 402/872 376/873
f 409/874 391/875 405/876
f 412/877 385/878 386/879
f 67/880 79/881 74/882
f 66/883 68/884 70/885
f 75/886 76/887 65/888
f 86/889 408/890 392/891
f 385/892 412/893 383/894
f 413/895 375/896 383/897
f 414/898 415/899 273/900
f 416/901 398/902 69/903
f 417/904 396/905 395/906
f 418/907 410/908 378/909
f 419/910 66/911 65/912
f 422/913 404/914 403/915
f 411/916 386/917 387/918
f 297/919 424/920 414/921
f 423/922 387/923 404/924
f 256/925 255/926 408/927
f 427/928 412/929 411/930
f 415/931 414/932 429/933
f 408/934 86/935 398/936
f 393/937 375/938 413/939
f 416/940 62/941 64/942
f 64/943 430/944 398/945
f 399/946 402/947 432/948
f 410/949 433/950 432/951
f 431/952 434/953 393/954
f 298/955 288/956 435/957
f 419/958 420/959 63/960
f 437/961 433/962 410/963
f 432/964 75/965 74/966
f 435/967 288/968 259/969
f 65/970 77/971 72/972
f 438/973 420/974 72/975
f 63/976 420/977 440/978
f 438/979 440/980 420/981
f 259/982 258/983 87/984
f 423/985 442/986 426/987
f 76/988 75/989 432/990
f 326/991 443/992 444/993
f 446/994 422/995 421/996
f 422/997 446/998 442/999
f 447/1000 64/1001 63/1002
f 425/1003 408/1004 430/1005
f 450/1006 434/1007 431/1008
f 451/1009 452/1010 443/1011
f 441/1012 453/1013 447/1014
f 77/1015 76/1016 433/1017
f 434/1018 454/1019 418/1020
f 455/1021 456/1022 428/1023
f 457/1024 458/1025 342/1026
f 72/1027 77/1028 437/1029
f 437/1030 418/1031 454/1032
f 424/1033 460/1034 429/1035
f 341/1036 344/1037 461/1038
f 434/1039 450/1040 462/1041
f 89/1042 463/1043 464/1044
f 460/1045 424/1046 466/1047
f 445/1048 467/1049 468/1050
f 454/1051 462/1052 469/1053
f 469/1054 470/1055 459/1056
f 466/1057 444/1058 471/1059
f 71/1060 439/1061 72/1062
f 448/1063 447/1064 453/1065
f 472/1066 473/1067 88/1068
f 436/1069 474/1070 335/1071
f 443/1072 475/1073 471/1074
f 477/1075 478/1076 479/1077
f 463/1078 89/1079 88/1080
f 481/1081 469/1082 462/1083
f 468/1084 478/1085 477/1086
f 483/1087 481/1088 480/1089
f 485/1090 452/1091 458/1092
f 470/1093 486/1094 71/1095
f 469/1096 481/1097 486/1098
f 457/1099 461/1100 488/1101
f 458/1102 457/1103 487/1104
f 436/1105 435/1106 464/1107
f 489/1108 439/1109 71/1110
f 481/1111 483/1112 489/1113
f 490/1114 482/1115 478/1116
f 491/1117 483/1118 482/1119
f 445/1120 456/1121 492/1122
f 455/1123 429/1124 460/1125
f 494/1126 438/1127 439/1128
f 483/1129 491/1130 489/1131
f 493/1132 495/1133 496/1134
f 465/1135 497/1136 493/1137
f 490/1138 468/1139 467/1140
f 465/1141 471/1142 499/1143
f 473/1144 472/1145 500/1146
f 471/1147 475/1148 502/1149
f 500/1150 441/1151 440/1152
f 503/1153 440/1154 438/1155
f 504/1156 494/1157 489/1158
f 492/1159 505/1160 498/1161
f 501/1162 500/1163 503/1164
f 506/1165 503/1166 494/1167
f 506/1168 507/1169 508/1170
f 509/1171 491/1172 490/1173
f 463/1174 508/1175 510/1176
f 509/1177 504/1178 491/1179
f 57/1180 56/1181 474/1182
f 511/1183 504/1184 509/1185
f 513/1186 485/1187 484/1188
f 508/1189 507/1190 514/1191
f 57/1192 464/1193 510/1194
f 509/1195 498/1196 505/1197
f 58/1198 510/1199 514/1200
f 517/1201 514/1202 507/1203
f 495/1204 493/1205 497/1206
f 519/1207 520/1208 499/1209
f 497/1210 499/1211 520/1212
f 355/1213 521/1214 522/1215
f 521/1216 355/1217 358/1218
f 335/1219 474/1220 523/1221
f 519/1222 524/1223 525/1224
f 518/1225 520/1226 525/1227
f 352/1228 351/1229 523/1230
f 363/1231 352/1232 527/1233
f 363/1234 528/1235 529/1236
f 530/1237 495/1238 518/1239
f 365/1240 109/1241 359/1242
f 94/1243 93/1244 358/1245
f 109/1246 108/1247 94/1248
f 531/1249 532/1250 524/1251
f 97/1252 103/1253 102/1254
f 534/1255 535/1256 103/1257
f 96/1258 107/1259 534/1260
f 526/1261 525/1262 536/1263
f 528/1264 90/1265 538/1266
f 540/1267 541/1268 542/1269
f 527/1270 523/1271 543/1272
f 97/1273 533/1274 544/1275
f 96/1276 98/1277 545/1278
f 547/1279 530/1280 526/1281
f 543/1282 523/1283 474/1284
f 548/1285 543/1286 56/1287
f 550/1288 551/1289 547/1290
f 110/1291 364/1292 362/1293
f 552/1294 553/1295 550/1296
f 545/1297 99/1298 101/1299
f 106/1300 96/1301 546/1302
f 516/1303 553/1304 552/1305
f 537/1306 536/1307 556/1308
f 558/1309 559/1310 560/1311
f 521/1312 93/1313 95/1314
f 537/1315 557/1316 549/1317
f 560/1318 532/1319 561/1320
f 539/1321 563/1322 562/1323
f 564/1324 95/1325 100/1326
f 558/1327 565/1328 556/1329
f 566/1330 557/1331 556/1332
f 558/1333 560/1334 567/1335
f 546/1336 101/1337 568/1338
f 552/1339 549/1340 557/1341
f 566/1342 555/1343 552/1344
f 109/1345 365/1346 364/1347
f 90/1348 92/1349 569/1350
f 111/1351 110/1352 529/1353
f 570/1354 565/1355 567/1356
f 566/1357 565/1358 570/1359
f 91/1360 543/1361 548/1362
f 92/1363 570/1364 571/1365
f 95/1366 112/1367 100/1368
f 572/1369 548/1370 555/1371
f 95/1372 94/1373 108/1374
f 562/1375 573/1376 567/1377
f 60/1378 106/1379 554/1380
f 59/1381 573/1382 60/1383
f 574/1384 59/1385 61/1386
f 576/1387 573/1388 59/1389
f 575/1390 59/1391 574/1392
f 573/1393 576/1394 571/1395
f 112/1396 578/1397 579/1398
f 580/1399 112/1400 579/1401
f 538/1402 569/1403 581/1404
f 576/1405 581/1406 569/1407
f 575/1408 578/1409 581/1410
f 111/1411 581/1412 578/1413
f 61/1414 554/1415 568/1416
f 582/1417 577/1418 574/1419
f 505/1420 583/1421 551/1422
f 163/1423 182/1424 193/1425
f 305/1426 327/1427 584/1428
f 444/1429 466/1430 584/1431
f 584/1432 466/1433 424/1434
f 263/1435 306/1436 584/1437
f 236/1438 261/1439 306/1440
f 293/1441 296/1442 585/1443
f 307/1444 585/1445 451/1446
f 342/1447 451/1448 585/1449
f 342/1450 458/1451 452/1452
f 475/1453 443/1454 452/1455
f 485/1456 513/1457 502/1458
f 515/1459 551/1460 550/1461
f 517/1462 553/1463 516/1464
f 555/1465 548/1466 58/1467
f 515/1468 550/1469 553/1470
f 583/1471 505/1472 492/1473
f 456/1474 445/1475 421/1476
f 513/1477 531/1478 519/1479
f 531/1480 513/1481 512/1482
f 586/1483 561/1484 532/1485
f 561/1486 586/1487 540/1488
f 313/1489 316/1490 336/1491
f 316/1492 281/1493 335/1494
f 530/1495 547/1496 551/1497
f 511/1498 509/1499 515/1500
f 426/1501 476/1502 449/1503
f 479/1504 450/1505 449/1506
f 170/1507 239/1508 242/1509
f 167/1510 250/1511 239/1512
f 286/1513 277/1514 308/1515
f 300/1516 588/1517 303/1518
f 324/1519 334/1520 588/1521
f 589/1522 41/1523 354/1524
f 350/1525 589/1526 354/1527
f 349/1528 39/1529 41/1530
f 589/1531 350/1532 340/1533
f 170/1534 587/1535 179/1536
f 191/1537 219/1538 210/1539
f 226/1540 219/1541 208/1542
f 225/1543 226/1544 271/1545
f 144/1546 153/1547 133/1548
f 158/1549 172/1550 189/1551
f 150/1552 189/1553 168/1554
f 130/1555 131/1556 134/1557
f 143/1558 142/1559 151/1560
f 202/1561 184/1562 10/1563
f 9/1564 196/1565 220/1566
f 100/1567 112/1568 580/1569
f 100/1570 580/1571 582/1572
f 294/1573 289/1574 276/1575
f 47/1576 317/1577 309/1578
f 308/1579 277/1580 249/1581
f 276/1582 289/1583 264/1584
f 267/1585 283/1586 309/1587
f 572/1588 570/1589 92/1590
f 16/1591 145/1592 132/1593
f 138/1594 146/1595 17/1596
f 442/1597 477/1598 476/1599
f 482/1600 480/1601 479/1602
f 450/1603 479/1604 480/1605
f 446/1606 468/1607 477/1608
f 459/1609 470/1610 73/1611
f 412/1612 427/1613 413/1614
f 427/1615 449/1616 431/1617
f 496/1618 492/1619 456/1620
f 415/1621 403/1622 272/1623
f 428/1624 421/1625 403/1626
f 304/1627 312/1628 301/1629
f 321/1630 302/1631 311/1632
f 484/1633 487/1634 590/1635
f 487/1636 488/1637 591/1638
f 541/1639 540/1640 590/1641
f 586/1642 512/1643 590/1644
f 592/1645 563/1646 539/1647
f 472/1648 453/1649 441/1650
f 258/1651 33/1652 233/1653
f 425/1654 87/1655 258/1656
f 87/1657 425/1658 448/1659
f 252/1660 384/1661 224/1662
f 353/1663 51/1664 357/1665
f 353/1666 357/1667 356/1668
f 578/1669 575/1670 577/1671
f 367/1672 377/1673 401/1674
f 79/1675 400/1676 399/1677
f 501/1678 508/1679 463/1680
f 392/1681 417/1682 395/1683
f 237/1684 243/1685 285/1686
f 211/1687 202/1688 220/1689
f 346/1690 345/1691 350/1692
f 582/1693 568/1694 101/1695
f 322/1696 585/1697 296/1698
f 532/1699 560/1700 559/1701
f 524/1702 559/1703 536/1704
f 559/1705 558/1706 556/1707
f 296/1708 293/1709 275/1710
f 504/1711 511/1712 507/1713
f 533/1714 95/1715 564/1716
f 197/1717 186/1718 32/1719
f 179/1720 216/1721 199/1722
f 260/1723 235/1724 242/1725
f 583/1726 496/1727 495/1728
f 216/1729 179/1730 587/1731
f 587/1732 242/1733 235/1734
f 337/1735 336/1736 352/1737
f 577/1738 582/1739 580/1740
f 106/1741 60/1742 563/1743
f 60/1744 573/1745 562/1746
f 165/1747 180/1748 159/1749
f 165/1750 159/1751 154/1752
f 11/1753 10/1754 184/1755
f 162/1756 155/1757 11/1758
f 533/1759 593/1760 522/1761
f 361/1762 594/1763 49/1764
f 319/1765 300/1766 299/1767
f 300/1768 319/1769 324/1770
f 527/1771 91/1772 90/1773
f 430/1774 64/1775 447/1776
f 596/1777 597/1778 598/1779
f 596/1780 595/1781 599/1782
f 598/1783 597/1784 601/1785
f 139/1786 603/1787 604/1788
f 183/1789 605/1790 606/1791
f 224/1792 607/1793 605/1794
f 374/1795 372/1796 608/1797
f 372/1798 371/1799 610/1800
f 152/1801 606/1802 603/1803
f 369/1804 610/1805 371/1806
f 609/1807 611/1808 382/1809
f 224/1810 384/1811 607/1812
f 384/1813 382/1814 611/1815
f 604/1816 603/1817 610/1818
f 606/1819 608/1820 610/1821
f 605/1822 609/1823 608/1824
f 607/1825 611/1826 609/1827
f 1/1828 2/1829 4/1830
f 8/1831 5/1832 7/1833
f 9/1834 10/1835 7/1836
f 116/1837 117/1838 119/1839
f 120/1840 116/1841 121/1842
f 117/1843 122/1844 118/1845
f 119/1846 118/1847 125/1848
f 121/1849 119/1850 126/1851
f 122/1852 12/1853 123/1854
f 118/1855 123/1856 124/1857
f 129/1858 125/1859 128/1860
f 127/1861 123/1862 20/1863
f 13/1864 18/1865 14/1866
f 131/1867 130/1868 16/1869
f 131/1870 132/1871 134/1872
f 20/1873 19/1874 127/1875
f 128/1876 124/1877 135/1878
f 130/1879 136/1880 138/1881
f 120/1882 121/1883 140/1884
f 136/1885 134/1886 142/1887
f 143/1888 137/1889 142/1890
f 15/1891 147/1892 145/1893
f 126/1894 125/1895 148/1896
f 134/1897 133/1898 141/1899
f 142/1900 141/1901 151/1902
f 152/1903 139/1904 126/1905
f 146/1906 138/1907 135/1908
f 143/1909 128/1910 137/1911
f 154/1912 149/1913 153/1914
f 147/1915 155/1916 144/1917
f 156/1918 146/1919 18/1920
f 147/1921 15/1922 8/1923
f 156/1924 5/1925 146/1926
f 141/1927 149/1928 150/1929
f 149/1930 154/1931 158/1932
f 160/1933 161/1934 163/1935
f 164/1936 165/1937 160/1938
f 7/1939 11/1940 8/1941
f 163/1942 166/1943 160/1944
f 165/1945 154/1946 161/1947
f 151/1948 168/1949 157/1950
f 161/1951 153/1952 162/1953
f 160/1954 167/1955 164/1956
f 159/1957 171/1958 158/1959
f 128/1960 157/1961 129/1962
f 129/1963 173/1964 148/1965
f 175/1966 176/1967 178/1968
f 176/1969 175/1970 13/1971
f 176/1972 13/1973 25/1974
f 165/1975 164/1976 180/1977
f 163/1978 162/1979 182/1980
f 152/1981 126/1982 183/1983
f 182/1984 181/1985 185/1986
f 7/1987 6/1988 9/1989
f 186/1990 6/1991 32/1992
f 187/1993 188/1994 189/1995
f 169/1996 168/1997 173/1998
f 176/1999 25/2000 177/2001
f 191/2002 187/2003 172/2004
f 193/2005 182/2006 192/2007
f 178/2008 177/2009 195/2010
f 197/2011 196/2012 186/2013
f 192/2014 185/2015 38/2016
f 198/2017 171/2018 199/2019
f 191/2020 172/2021 198/2022
f 175/2023 200/2024 18/2025
f 201/2026 190/2027 202/2028
f 204/2029 203/2030 21/2031
f 205/2032 206/2033 23/2034
f 199/2035 207/2036 198/2037
f 209/2038 174/2039 188/2040
f 188/2041 187/2042 209/2043
f 201/2044 202/2045 212/2046
f 30/2047 195/2048 31/2049
f 177/2050 29/2051 194/2052
f 213/2053 194/2054 214/2055
f 215/2056 207/2057 216/2058
f 217/2059 203/2060 218/2061
f 31/2062 34/2063 197/2064
f 191/2065 198/2066 219/2067
f 38/2068 190/2069 36/2070
f 196/2071 34/2072 220/2073
f 30/2074 32/2075 200/2076
f 205/2077 221/2078 206/2079
f 221/2080 217/2081 222/2082
f 209/2083 223/2084 174/2085
f 24/2086 27/2087 25/2088
f 209/2089 210/2090 223/2091
f 225/2092 210/2093 226/2094
f 227/2095 215/2096 228/2097
f 229/2098 230/2099 215/2100
f 174/2101 224/2102 148/2103
f 206/2104 27/2105 21/2106
f 204/2107 21/2108 231/2109
f 232/2110 231/2111 26/2112
f 35/2113 213/2114 233/2115
f 36/2116 201/2117 234/2118
f 235/2119 236/2120 228/2121
f 222/2122 237/2123 206/2124
f 27/2125 237/2126 28/2127
f 242/2128 239/2129 241/2130
f 204/2131 231/2132 218/2133
f 245/2134 244/2135 232/2136
f 241/2137 240/2138 247/2139
f 248/2140 249/2141 240/2142
f 218/2143 243/2144 222/2145
f 240/2146 239/2147 248/2148
f 251/2149 252/2150 225/2151
f 253/2152 250/2153 166/2154
f 254/2155 253/2156 193/2157
f 255/2158 256/2159 214/2160
f 257/2161 208/2162 230/2163
f 258/2164 259/2165 33/2166
f 236/2167 235/2168 261/2169
f 262/2170 229/2171 227/2172
f 236/2173 263/2174 227/2175
f 265/2176 264/2177 246/2178
f 266/2179 248/2180 253/2181
f 248/2182 266/2183 249/2184
f 260/2185 241/2186 268/2187
f 269/2188 243/2189 244/2190
f 270/2191 271/2192 257/2193
f 270/2194 257/2195 272/2196
f 273/2197 272/2198 229/2199
f 193/2200 192/2201 254/2202
f 268/2203 247/2204 275/2205
f 276/2206 265/2207 277/2208
f 260/2209 268/2210 261/2211
f 279/2212 274/2213 38/2214
f 280/2215 255/2216 238/2217
f 37/2218 36/2219 281/2220
f 266/2221 282/2222 267/2223
f 284/2224 285/2225 269/2226
f 274/2227 282/2228 254/2229
f 276/2230 277/2231 287/2232
f 259/2233 288/2234 211/2235
f 290/2236 273/2237 262/2238
f 292/2239 291/2240 286/2241
f 268/2242 275/2243 278/2244
f 294/2245 295/2246 289/2247
f 290/2248 262/2249 297/2250
f 288/2251 298/2252 212/2253
f 300/2254 292/2255 299/2256
f 282/2257 274/2258 45/2259
f 287/2260 291/2261 294/2262
f 294/2263 301/2264 295/2265
f 292/2266 303/2267 291/2268
f 305/2269 306/2270 278/2271
f 305/2272 278/2273 307/2274
f 308/2275 309/2276 299/2277
f 311/2278 302/2279 312/2280
f 38/2281 37/2282 279/2283
f 313/2284 314/2285 279/2286
f 47/2287 283/2288 45/2289
f 315/2290 46/2291 314/2292
f 316/2293 313/2294 281/2295
f 318/2296 317/2297 46/2298
f 299/2299 310/2300 319/2301
f 309/2302 317/2303 310/2304
f 295/2305 302/2306 322/2307
f 323/2308 318/2309 315/2310
f 324/2311 319/2312 325/2313
f 307/2314 326/2315 305/2316
f 48/2317 328/2318 330/2319
f 48/2320 331/2321 328/2322
f 324/2323 325/2324 334/2325
f 333/2326 330/2327 334/2328
f 298/2329 335/2330 234/2331
f 314/2332 336/2333 315/2334
f 338/2335 320/2336 318/2337
f 339/2338 42/2339 320/2340
f 42/2341 339/2342 43/2343
f 322/2344 321/2345 342/2346
f 341/2347 321/2348 344/2349
f 325/2350 44/2351 345/2352
f 325/2353 345/2354 333/2355
f 318/2356 323/2357 338/2358
f 320/2359 338/2360 339/2361
f 315/2362 337/2363 323/2364
f 339/2365 347/2366 340/2367
f 39/2368 347/2369 55/2370
f 345/2371 43/2372 350/2373
f 323/2374 348/2375 55/2376
f 336/2377 316/2378 352/2379
f 40/2380 353/2381 41/2382
f 355/2383 356/2384 358/2385
f 51/2386 353/2387 52/2388
f 357/2389 51/2390 358/2391
f 360/2392 361/2393 355/2394
f 362/2395 348/2396 363/2397
f 364/2398 54/2399 362/2400
f 54/2401 364/2402 53/2403
f 369/2404 366/2405 368/2406
f 371/2407 370/2408 366/2409
f 372/2410 373/2411 371/2412
f 81/2413 83/2414 84/2415
f 70/2416 83/2417 67/2418
f 372/2419 374/2420 373/2421
f 367/2422 370/2423 377/2424
f 373/2425 378/2426 370/2427
f 69/2428 85/2429 70/2430
f 115/2431 81/2432 379/2433
f 81/2434 380/2435 82/2436
f 375/2437 374/2438 383/2439
f 385/2440 382/2441 252/2442
f 386/2443 385/2444 251/2445
f 251/2446 271/2447 386/2448
f 115/2449 388/2450 81/2451
f 114/2452 389/2453 115/2454
f 391/2455 379/2456 390/2457
f 392/2458 390/2459 86/2460
f 375/2461 393/2462 373/2463
f 394/2464 113/2465 379/2466
f 380/2467 395/2468 397/2469
f 398/2470 86/2471 69/2472
f 377/2473 399/2474 401/2475
f 402/2476 399/2477 376/2478
f 270/2479 272/2480 404/2481
f 388/2482 405/2483 380/2484
f 388/2485 389/2486 405/2487
f 380/2488 397/2489 381/2490
f 270/2491 404/2492 271/2493
f 405/2494 391/2495 395/2496
f 408/2497 255/2498 392/2499
f 409/2500 394/2501 391/2502
f 378/2503 410/2504 376/2505
f 406/2506 409/2507 405/2508
f 411/2509 412/2510 386/2511
f 67/2512 66/2513 70/2514
f 67/2515 75/2516 65/2517
f 382/2518 385/2519 383/2520
f 290/2521 414/2522 273/2523
f 68/2524 416/2525 69/2526
f 393/2527 418/2528 378/2529
f 420/2530 419/2531 65/2532
f 421/2533 422/2534 403/2535
f 423/2536 411/2537 387/2538
f 290/2539 297/2540 414/2541
f 422/2542 423/2543 404/2544
f 425/2545 256/2546 408/2547
f 426/2548 427/2549 411/2550
f 428/2551 415/2552 429/2553
f 430/2554 408/2555 398/2556
f 431/2557 393/2558 413/2559
f 398/2560 416/2561 64/2562
f 80/2563 399/2564 432/2565
f 402/2566 410/2567 432/2568
f 436/2569 298/2570 435/2571
f 62/2572 419/2573 63/2574
f 418/2575 437/2576 410/2577
f 80/2578 432/2579 74/2580
f 89/2581 435/2582 259/2583
f 420/2584 65/2585 72/2586
f 439/2587 438/2588 72/2589
f 441/2590 63/2591 440/2592
f 89/2593 259/2594 87/2595
f 411/2596 423/2597 426/2598
f 433/2599 76/2600 432/2601
f 327/2602 326/2603 444/2604
f 445/2605 446/2606 421/2607
f 423/2608 422/2609 442/2610
f 448/2611 425/2612 430/2613
f 449/2614 450/2615 431/2616
f 326/2617 451/2618 443/2619
f 63/2620 441/2621 447/2622
f 437/2623 77/2624 433/2625
f 393/2626 434/2627 418/2628
f 429/2629 455/2630 428/2631
f 341/2632 457/2633 342/2634
f 459/2635 72/2636 437/2637
f 459/2638 437/2639 454/2640
f 414/2641 424/2642 429/2643
f 457/2644 341/2645 461/2646
f 454/2647 434/2648 462/2649
f 435/2650 89/2651 464/2652
f 465/2653 460/2654 466/2655
f 446/2656 445/2657 468/2658
f 454/2659 469/2660 459/2661
f 465/2662 466/2663 471/2664
f 472/2665 448/2666 453/2667
f 448/2668 472/2669 88/2670
f 298/2671 436/2672 335/2673
f 444/2674 443/2675 471/2676
f 476/2677 477/2678 479/2679
f 473/2680 463/2681 88/2682
f 480/2683 481/2684 462/2685
f 482/2686 483/2687 480/2688
f 484/2689 485/2690 458/2691
f 73/2692 470/2693 71/2694
f 470/2695 469/2696 486/2697
f 487/2698 457/2699 488/2700
f 484/2701 458/2702 487/2703
f 57/2704 436/2705 464/2706
f 486/2707 489/2708 71/2709
f 486/2710 481/2711 489/2712
f 468/2713 490/2714 478/2715
f 490/2716 491/2717 482/2718
f 467/2719 445/2720 492/2721
f 493/2722 455/2723 460/2724
f 489/2725 494/2726 439/2727
f 455/2728 493/2729 496/2730
f 460/2731 465/2732 493/2733
f 498/2734 490/2735 467/2736
f 497/2737 465/2738 499/2739
f 501/2740 473/2741 500/2742
f 499/2743 471/2744 502/2745
f 503/2746 500/2747 440/2748
f 494/2749 503/2750 438/2751
f 491/2752 504/2753 489/2754
f 467/2755 492/2756 498/2757
f 506/2758 501/2759 503/2760
f 504/2761 506/2762 494/2763
f 501/2764 506/2765 508/2766
f 498/2767 509/2768 490/2769
f 464/2770 463/2771 510/2772
f 436/2773 57/2774 474/2775
f 512/2776 513/2777 484/2778
f 510/2779 508/2780 514/2781
f 58/2782 57/2783 510/2784
f 515/2785 509/2786 505/2787
f 516/2788 58/2789 514/2790
f 511/2791 517/2792 507/2793
f 518/2794 495/2795 497/2796
f 502/2797 519/2798 499/2799
f 518/2800 497/2801 520/2802
f 360/2803 355/2804 522/2805
f 93/2806 521/2807 358/2808
f 351/2809 335/2810 523/2811
f 520/2812 519/2813 525/2814
f 526/2815 518/2816 525/2817
f 527/2818 352/2819 523/2820
f 528/2821 363/2822 527/2823
f 362/2824 363/2825 529/2826
f 526/2827 530/2828 518/2829
f 359/2830 94/2831 358/2832
f 359/2833 109/2834 94/2835
f 519/2836 531/2837 524/2838
f 533/2839 97/2840 102/2841
f 97/2842 534/2843 103/2844
f 97/2845 96/2846 534/2847
f 537/2848 526/2849 536/2850
f 529/2851 528/2852 538/2853
f 539/2854 540/2855 542/2856
f 91/2857 527/2858 543/2859
f 98/2860 97/2861 544/2862
f 546/2863 96/2864 545/2865
f 537/2866 547/2867 526/2868
f 56/2869 543/2870 474/2871
f 58/2872 548/2873 56/2874
f 549/2875 550/2876 547/2877
f 529/2878 110/2879 362/2880
f 549/2881 552/2882 550/2883
f 546/2884 545/2885 101/2886
f 554/2887 106/2888 546/2889
f 555/2890 516/2891 552/2892
f 557/2893 537/2894 556/2895
f 533/2896 521/2897 95/2898
f 547/2899 537/2900 549/2901
f 562/2902 560/2903 561/2904
f 561/2905 539/2906 562/2907
f 99/2908 564/2909 100/2910
f 565/2911 566/2912 556/2913
f 565/2914 558/2915 567/2916
f 554/2917 546/2918 568/2919
f 557/2920 566/2921 552/2922
f 110/2923 109/2924 364/2925
f 538/2926 90/2927 569/2928
f 538/2929 111/2930 529/2931
f 571/2932 570/2933 567/2934
f 572/2935 566/2936 570/2937
f 572/2938 91/2939 548/2940
f 569/2941 92/2942 571/2943
f 566/2944 572/2945 555/2946
f 112/2947 95/2948 108/2949
f 560/2950 562/2951 567/2952
f 61/2953 60/2954 554/2955
f 575/2956 576/2957 59/2958
f 577/2959 575/2960 574/2961
f 567/2962 573/2963 571/2964
f 111/2965 538/2966 581/2967
f 571/2968 576/2969 569/2970
f 576/2971 575/2972 581/2973
f 112/2974 111/2975 578/2976
f 574/2977 61/2978 568/2979
f 568/2980 582/2981 574/2982
f 515/2983 505/2984 551/2985
f 166/2986 163/2987 193/2988
f 306/2989 305/2990 584/2991
f 327/2992 444/2993 584/2994
f 297/2995 584/2996 424/2997
f 297/2998 263/2999 584/3000
f 263/3001 236/3002 306/3003
f 307/3004 293/3005 585/3006
f 326/3007 307/3008 451/3009
f 322/3010 342/3011 585/3012
f 451/3013 342/3014 452/3015
f 485/3016 475/3017 452/3018
f 475/3019 485/3020 502/3021
f 514/3022 517/3023 516/3024
f 516/3025 555/3026 58/3027
f 517/3028 515/3029 553/3030
f 496/3031 583/3032 492/3033
f 428/3034 456/3035 421/3036
f 502/3037 513/3038 519/3039
f 586/3040 531/3041 512/3042
f 531/3043 586/3044 532/3045
f 539/3046 561/3047 540/3048
f 314/3049 313/3050 336/3051
f 351/3052 316/3053 335/3054
f 583/3055 530/3056 551/3057
f 517/3058 511/3059 515/3060
f 427/3061 426/3062 449/3063
f 476/3064 479/3065 449/3066
f 587/3067 170/3068 242/3069
f 170/3070 167/3071 239/3072
f 299/3073 286/3074 308/3075
f 292/3076 300/3077 303/3078
f 300/3079 324/3080 588/3081
f 589/3082 349/3083 41/3084
f 349/3085 589/3086 340/3087
f 164/3088 170/3089 179/3090
f 187/3091 191/3092 210/3093
f 257/3094 226/3095 208/3096
f 251/3097 225/3098 271/3099
f 132/3100 144/3101 133/3102
f 150/3103 158/3104 189/3105
f 151/3106 150/3107 168/3108
f 136/3109 130/3110 134/3111
f 157/3112 143/3113 151/3114
f 220/3115 202/3116 10/3117
f 10/3118 9/3119 220/3120
f 287/3121 294/3122 276/3123
f 283/3124 47/3125 309/3126
f 267/3127 308/3128 249/3129
f 265/3130 276/3131 264/3132
f 308/3133 267/3134 309/3135
f 91/3136 572/3137 92/3138
f 131/3139 16/3140 132/3141
f 130/3142 138/3143 17/3144
f 426/3145 442/3146 476/3147
f 478/3148 482/3149 479/3150
f 462/3151 450/3152 480/3153
f 442/3154 446/3155 477/3156
f 72/3157 459/3158 73/3159
f 383/3160 412/3161 413/3162
f 413/3163 427/3164 431/3165
f 455/3166 496/3167 456/3168
f 273/3169 415/3170 272/3171
f 415/3172 428/3173 403/3174
f 291/3175 304/3176 301/3177
f 343/3178 321/3179 311/3180
f 512/3181 484/3182 590/3183
f 590/3184 487/3185 591/3186
f 591/3187 541/3188 590/3189
f 540/3190 586/3191 590/3192
f 542/3193 592/3194 539/3195
f 500/3196 472/3197 441/3198
f 256/3199 258/3200 233/3201
f 256/3202 425/3203 258/3204
f 88/3205 87/3206 448/3207
f 223/3208 252/3209 224/3210
f 49/3211 353/3212 356/3213
f 579/3214 578/3215 577/3216
f 368/3217 367/3218 401/3219
f 80/3220 79/3221 399/3222
f 473/3223 501/3224 463/3225
f 390/3226 392/3227 395/3228
f 238/3229 237/3230 285/3231
f 33/3232 211/3233 220/3234
f 354/3235 346/3236 350/3237
f 100/3238 582/3239 101/3240
f 295/3241 322/3242 296/3243
f 524/3244 532/3245 559/3246
f 525/3247 524/3248 536/3249
f 536/3250 559/3251 556/3252
f 289/3253 296/3254 275/3255
f 506/3256 504/3257 507/3258
f 544/3259 533/3260 564/3261
f 31/3262 197/3263 32/3264
f 180/3265 179/3266 199/3267
f 241/3268 260/3269 242/3270
f 530/3271 583/3272 495/3273
f 228/3274 216/3275 587/3276
f 228/3277 587/3278 235/3279
f 363/3280 337/3281 352/3282
f 579/3283 577/3284 580/3285
f 592/3286 106/3287 563/3288
f 563/3289 60/3290 562/3291
f 181/3292 11/3293 184/3294
f 181/3295 162/3296 11/3297
f 521/3298 533/3299 522/3300
f 356/3301 361/3302 49/3303
f 528/3304 527/3305 90/3306
f 448/3307 430/3308 447/3309
f 595/3310 596/3311 598/3312
f 600/3313 596/3314 599/3315
f 602/3316 598/3317 601/3318
f 140/3319 139/3320 604/3321
f 152/3322 183/3323 606/3324
f 183/3325 224/3326 605/3327
f 609/3328 374/3329 608/3330
f 608/3331 372/3332 610/3333
f 139/3334 152/3335 603/3336
f 366/3337 369/3338 371/3339
f 374/3340 609/3341 382/3342
f 607/3343 384/3344 611/3345
f 369/3346 604/3347 610/3348
f 603/3349 606/3350 610/3351
f 606/3352 605/3353 608/3354
f 605/3355 607/3356 609/3357
