mtllib LWristYaw.mtl
o LWristYaw
usemtl nao_texture
v 0.6678377 0.1252137 0.28386
v 0.6619969 0.1248492 0.2998159
v 0.6718975 0.09814934 0.2848967
v 0.3802553 0.2463083 0.1830102
v 0.3761343 0.2528783 0.1988493
v 0.3942125 0.248389 0.186071
v 0.3457674 0.2393305 0.1776073
v 0.2919489 0.2361372 0.1855837
v 0.5169398 0.1313837 0.3014028
v 0.518591 0.06258041 0.3110929
v 0.5924383 0.1245855 0.3066221
v 0.2013166 -0.1542473 0.2289181
v 0.278718 -0.1581048 0.2466931
v 0.2019039 -0.08568833 0.2559058
v 0.2008844 -0.2053592 0.1924157
v 0.2289919 -0.2184324 0.1900608
v 0.2021266 0.0759552 0.2585561
v 0.2021672 -0.005016255 0.2664089
v 0.2798401 0.07754577 0.2755012
v 0.5158296 -0.1448975 0.2969748
v 0.5914665 -0.1391471 0.3024182
v 0.5180211 -0.07645089 0.3088836
v 0.6386737 -0.1614663 0.2998042
v 0.6459206 -0.1364217 0.3027663
v 0.1274198 -0.08055611 0.2420425
v 0.07023607 -0.07335633 0.2344136
v 0.0866611 -0.1105923 0.2244649
v 0.1263269 -0.157589 0.2071154
v 0.126547 -0.1435239 0.2162298
v 0.09726473 -0.1266322 0.2189388
v 0.5131602 -0.2110145 0.2748646
v 0.4421478 -0.2648937 0.2215546
v 0.4777339 -0.267971 0.2313857
v 0.6466825 0.1223965 0.3068505
v 0.6397824 0.1469694 0.3047389
v 0.1268823 0.1323768 0.2202507
v 0.1097634 0.1345885 0.2147675
v 0.09603838 0.1171044 0.22076
v 0.1745374 -0.1931138 0.1946269
v 0.676902 -0.07564408 0.2840937
v 0.6799388 -0.007013936 0.2779975
v 0.6798677 -0.007144246 0.2864038
v 0.1489624 0.1721751 0.1707909
v 0.1042317 0.1338502 0.1775826
v 0.09910235 0.135182 0.184734
v 0.508976 0.2614178 0.2157713
v 0.4756813 0.2547955 0.1997846
v 0.4886784 0.2606846 0.2090912
v 0.6657732 0.1318971 0.2755509
v 0.6605875 0.1512069 0.2814616
v 0.6774129 0.06139884 0.2863016
v 0.6103493 -0.2410825 0.2528892
v 0.6089439 -0.2343728 0.2451131
v 0.6322844 -0.2166049 0.2562953
v 0.6392061 -0.2084433 0.2670367
v 0.6017871 -0.245455 0.2676949
v 0.6331549 -0.2093848 0.2830665
v 0.548977 -0.2683305 0.2241617
v 0.5505784 -0.2711129 0.2432712
v 0.6193167 -0.2030283 0.2910018
v 0.5879327 -0.238493 0.2759734
v 0.653572 -0.1654577 0.2924364
v 0.6594168 -0.1651052 0.2763669
v 0.6568822 -0.1635423 0.2675251
v 0.589039 -0.2075292 0.2874429
v 0.5431157 -0.261294 0.255652
v 0.6668556 -0.1392837 0.2795883
v 0.661028 -0.1393896 0.2955629
v 0.5017802 -0.2770759 0.2232773
v 0.5070119 -0.2720023 0.2072011
v 0.4970688 -0.2680985 0.237717
v 0.5499866 -0.2608794 0.2191589
v 0.4990639 -0.2669656 0.1988236
v 0.4815416 -0.2764893 0.2163794
v 0.4865239 -0.2708933 0.2003699
v 0.4878381 -0.2658602 0.1954886
v 0.4494145 -0.2664137 0.1900428
v 0.4466305 -0.2601566 0.1850154
v 0.4447987 -0.2726838 0.2059027
v 0.6651613 -0.1386913 0.2713006
v 0.6707973 -0.07567811 0.2996034
v 0.6557561 -0.07130829 0.3064865
v 0.6735439 -0.007366567 0.3016338
v 0.6584157 -0.007422643 0.3081925
v 0.3519743 -0.2580409 0.1846875
v 0.3561212 -0.2507877 0.1691595
v 0.3503018 -0.2514017 0.2009397
v 0.3566014 -0.2183263 0.231046
v 0.5189856 -0.006994329 0.313397
v 0.671299 0.0609793 0.3017947
v 0.2997768 -0.2466804 0.1768727
v 0.3033692 -0.2391476 0.1613219
v 0.6561071 0.05975517 0.3085557
v 0.2995104 -0.2404782 0.1934109
v 0.6692673 0.09765038 0.2761559
v 0.3576498 -0.1565504 0.2662968
v 0.2780562 -0.2172852 0.2075334
v 0.226666 -0.2242677 0.1735497
v 0.22931 -0.2168272 0.1577396
v 0.2268889 -0.2074233 0.1561803
v 0.2985962 -0.2295917 0.159231
v 0.6547255 0.1510871 0.2975183
v 0.3585655 -0.08495881 0.2889352
v 0.6407053 0.1949629 0.2735017
v 0.6371992 0.1904491 0.2640057
v 0.6346403 0.195429 0.2895602
v 0.1684819 -0.1902659 0.1630867
v 0.1693865 -0.1986735 0.1786823
v 0.6207533 0.1889209 0.2972578
v 0.590533 0.1934132 0.2939119
v 0.3590904 -0.005301213 0.2977765
v 0.609586 0.2310392 0.2592167
v 0.6035203 0.2322468 0.2752846
v 0.1243353 -0.1693923 0.1899993
v 0.1243579 -0.1634594 0.1734906
v 0.5896614 0.2250929 0.2833479
v 0.115587 -0.1511798 0.1714403
v 0.171621 -0.1835912 0.1600066
v 0.5581161 0.2561268 0.2353821
v 0.6050154 0.2263492 0.2499232
v 0.5668275 0.2503063 0.2325357
v 0.51477 0.1981996 0.2814503
v 0.5524856 0.2590674 0.2516535
v 0.3592421 0.07452926 0.2918071
v 0.08619631 -0.1314088 0.2065792
v 0.09783267 -0.1394285 0.1843941
v 0.1011449 -0.1338975 0.1782352
v 0.5449608 0.2489164 0.2637289
v 0.07465471 -0.1150364 0.213071
v 0.07206575 -0.1115787 0.1964846
v 0.08433093 -0.1271938 0.1899364
v 0.49914 0.2566245 0.2461981
v 0.5038614 0.2660239 0.2320225
v 0.05562044 -0.0759684 0.1998424
v 0.4800604 0.2568516 0.2400675
v 0.358925 0.1468365 0.2714823
v 0.279766 0.149637 0.2519849
v 0.4838389 0.2658183 0.2253067
v 0.05423632 -0.07134133 0.2266216
v 0.4632118 0.2528806 0.197069
v 0.4613255 0.2572875 0.2022271
v 0.4116176 0.2578355 0.2067767
v 0.1277689 -0.00620461 0.2518364
v 0.4158714 0.2516207 0.1908132
v 0.1274925 0.06860946 0.2439526
v 0.3583681 0.2097548 0.2380548
v 0.4093895 0.2500359 0.222454
v 0.3958938 0.2425932 0.1824016
v 0.2018723 0.1453458 0.2338076
v 0.2795473 0.2100723 0.2145555
v 0.3474971 0.2351339 0.1719354
v 0.05906694 -0.003636098 0.2423733
v 0.04442385 -0.003558889 0.2347729
v 0.3581175 0.2423348 0.212231
v 0.03917818 -0.003530049 0.2191234
v 0.05007128 -0.06957848 0.2104219
v 0.03968935 -0.003513646 0.2107737
v 0.2795856 0.2255956 0.201099
v 0.06031832 0.07872222 0.223277
v 0.07352678 0.07502113 0.2329479
v 0.05650728 0.0767192 0.2070617
v 0.06084154 0.07196891 0.1983828
v 0.2332494 0.2107532 0.1656922
v 0.2953954 0.2291484 0.1697266
v 0.2294571 0.1996639 0.1641549
v 0.2303237 0.2176064 0.1817104
v 0.2017951 0.1976348 0.1988693
v 0.2321622 0.2110849 0.1980359
v 0.1719533 0.1925621 0.1836024
v 0.08496264 0.1219688 0.2085716
v 0.1763222 0.186357 0.1995626
v 0.1484615 0.1691622 0.2034447
v 0.1877962 0.1869935 0.1615495
v 0.174103 0.1861491 0.1672603
v 0.0831087 0.1181766 0.1919249
v 0.08702548 0.117385 0.1842154
v 0.152542 0.1654232 0.1677988
v 0.1420799 0.175006 0.1881068
v 0.09996035 0.1397729 0.2014315
v 0.3573729 -0.2446835 0.1656783
v 0.6862166 -0.05025506 -0.05730114
v 0.6922165 -0.1867167 -0.02816879
v 0.6641695 -0.1814089 -0.06970743
v 0.6641695 -0.07634652 -0.09585642
v 0.6621695 -0.1480442 -0.09134486
v 0.6621695 -0.1117406 -0.09773856
v 0.6922165 -0.07638726 -0.0113167
v 0.6922165 -0.1595991 -0.0010135
v 0.4400697 -0.02153473 -0.2232199
v 0.4354857 -0.02392724 -0.225913
v 0.4308241 0.0002132368 -0.2281521
v 0.43587 0.0002132368 -0.2252371
v 0.4354857 0.02435371 -0.225913
v 0.4400697 0.02196128 -0.2232199
v 0.4506134 -0.03837151 -0.2174755
v 0.4471893 -0.04261605 -0.2195367
v 0.4471893 0.04304252 -0.2195367
v 0.4506134 0.03879798 -0.2174755
v 0.4658961 -0.04933381 -0.2088782
v 0.4641531 -0.05478417 -0.2099937
v 0.4641531 0.05521064 -0.2099937
v 0.4658961 0.04976028 -0.2088782
v 0.4835911 -0.05275269 -0.1987371
v 0.4837945 -0.05857918 -0.1987371
v 0.4837945 0.05900566 -0.1987371
v 0.4835911 0.05317916 -0.1987371
v 0.5010045 -0.04810776 -0.188596
v 0.5031235 -0.05342324 -0.1874805
v 0.5031235 0.05384979 -0.1874805
v 0.5010045 0.04853424 -0.188596
v 0.5154854 -0.03610611 -0.1799988
v 0.5191972 -0.04010148 -0.1779376
v 0.5191972 0.04052795 -0.1779376
v 0.5154854 0.03653259 -0.1799988
v 0.5248289 -0.01857491 -0.1742543
v 0.5295685 -0.02064179 -0.1715612
v 0.5295685 0.02106834 -0.1715612
v 0.5248289 0.01900138 -0.1742543
v 0.5276128 0.0002132368 -0.1722371
v 0.5326587 0.0002132368 -0.1693221
v 0.4285437 -0.02654427 -0.2247605
v 0.4235255 0.0002132368 -0.2275028
v 0.4285437 0.02697074 -0.2247605
v 0.4413104 -0.04708863 -0.2174639
v 0.4413104 0.0475151 -0.2174639
v 0.4596597 -0.06053338 -0.206459
v 0.4596597 0.06095993 -0.206459
v 0.4810947 -0.06475625 -0.1941762
v 0.4810947 0.06518272 -0.1941762
v 0.5025706 -0.05903489 -0.1820135
v 0.5025706 0.05946144 -0.1820135
v 0.5203841 -0.04432732 -0.1717829
v 0.5203841 0.04475379 -0.1717829
v 0.5319845 -0.02293198 -0.1650025
v 0.5319845 0.02335853 -0.1650025
v 0.5355665 0.0002132368 -0.1627764
v 0.4110142 -0.02964211 -0.2063748
v 0.4096014 0.0002132368 -0.2166197
v 0.4110142 0.03006858 -0.2063748
v 0.4232655 -0.05241394 -0.195291
v 0.4232655 0.05284049 -0.195291
v 0.4388087 -0.06733765 -0.174923
v 0.4388087 0.06776412 -0.174923
v 0.4673176 -0.07158967 -0.1699153
v 0.4673176 0.07201614 -0.1699153
v 0.5012096 -0.06515854 -0.174319
v 0.5012096 0.06558509 -0.174319
v 0.5226732 -0.04894257 -0.1660815
v 0.5226732 0.04936904 -0.1660815
v 0.5324126 -0.02540276 -0.1534491
v 0.5324126 0.02582923 -0.1534492
v 0.5358488 0.0002132368 -0.1505689
v 0.3956074 -0.03294198 -0.1933069
v 0.3997357 0.0002132368 -0.2144098
v 0.3956074 0.03336845 -0.1933069
v 0.3953897 -0.05891114 -0.1571341
v 0.3953897 0.05933761 -0.1571341
v 0.424657 -0.07473656 -0.1560515
v 0.424657 0.07516304 -0.1560516
v 0.4591482 -0.07933197 -0.155858
v 0.4591482 0.07975845 -0.155858
v 0.5270169 -0.05431466 -0.1633392
v 0.5008299 -0.0720765 -0.1688273
v 0.5008299 0.07250297 -0.1688273
v 0.5270169 0.05474113 -0.1633392
v 0.5347957 -0.02835755 -0.145251
v 0.5347957 0.0287841 -0.1452511
v 0.5381077 0.0002132368 -0.1406663
v 0.0009611701 -0.1496931 0.1499058
v 0.0009611701 -0.1833839 0.1059991
v 0.03096117 -0.1839224 0.10631
v 0.03096117 -0.1501328 0.1503454
v 0.03096117 0.1843488 0.10631
v 0.0009611701 0.1838104 0.1059991
v 0.0009611701 0.1501196 0.1499057
v 0.03096117 0.1505593 0.1503454
v 0.0009611701 -0.2045628 0.05486875
v 0.03096117 -0.2051634 0.05502968
v 0.03096117 0.2055898 0.05502966
v 0.0009611701 0.2049892 0.05486873
v 0.0009611701 -0.2117866 -9.1e-07
v 0.03096117 -0.2124084 -9.1e-07
v 0.03096117 0.2128349 -9.2e-07
v 0.0009611701 0.212213 -9.2e-07
v 0.0009611701 -0.2045628 -0.05487056
v 0.03096117 -0.2051634 -0.05503149
v 0.03096117 0.2055898 -0.05503151
v 0.0009611701 0.2049892 -0.05487058
v 0.0009611701 -0.1833839 -0.1060009
v 0.03096117 -0.1839224 -0.1063118
v 0.03096117 0.1843489 -0.1063118
v 0.0009611701 0.1838104 -0.1060009
v 0.0009611701 -0.1496931 -0.1499075
v 0.03096117 -0.1501328 -0.1503472
v 0.03096117 0.1505593 -0.1503472
v 0.0009611701 0.1501196 -0.1499075
v 0.0009611701 -0.1057865 -0.1835984
v 0.03096117 -0.1060974 -0.1841368
v 0.03096117 0.1065239 -0.1841368
v 0.0009611701 0.106213 -0.1835984
v 0.0009611701 -0.05465615 -0.2047772
v 0.03096117 -0.05481713 -0.2053779
v 0.03096117 0.05524353 -0.2053779
v 0.0009611701 0.05508262 -0.2047772
v 0.0009611701 0.0002132368 -0.212001
v 0.03096117 0.0002132368 -0.2126228
v 0.0009611701 -0.05465592 0.2047755
v 0.03096117 -0.05481682 0.2053761
v 0.03096117 0.0002132368 0.2126209
v 0.0009611701 0.0002132368 0.2119991
v 0.03096117 0.0552433 0.2053761
v 0.0009611701 0.05508239 0.2047755
v 0.0009611701 -0.1057863 0.1835967
v 0.03096117 -0.1060972 0.1841351
v 0.03096117 0.1065237 0.1841351
v 0.0009611701 0.1062128 0.1835967
v 0.09053072 -0.1950475 0.115399
v 0.09023898 -0.1539055 0.1634409
v 0.09053072 0.1954741 0.115399
v 0.09023898 0.154332 0.1634409
v 0.09096117 -0.2236473 0.05998244
v 0.09096117 0.2240738 0.05998242
v 0.08991564 -0.2283427 -0.0003457796
v 0.08991564 0.2287692 -0.0003457999
v 0.09089297 -0.2223444 -0.06083069
v 0.09089297 0.2227709 -0.06083071
v 0.09096117 -0.2004947 -0.1158798
v 0.09096117 0.2009212 -0.1158798
v 0.09036654 -0.1643388 -0.1738266
v 0.09036654 0.1647653 -0.1738266
v 0.09065188 -0.1158715 -0.2104835
v 0.09065173 0.116298 -0.2104835
v 0.09069567 -0.06049012 -0.2319412
v 0.09069567 0.06091659 -0.2319412
v 0.09096117 0.0002132368 -0.2317588
v 0.08410738 -0.116036 0.1889291
v 0.08410738 0.1164625 0.1889291
v 0.160264 -0.2090137 0.1274095
v 0.1609389 -0.1791696 0.162869
v 0.160264 0.2094402 0.1274095
v 0.1609389 0.1795962 0.1628689
v 0.1602129 -0.2387747 0.06560117
v 0.1602127 0.2392013 0.06560115
v 0.1607299 -0.2512172 -0.0003457796
v 0.1607299 0.2516437 -0.00034581
v 0.1605843 -0.2470474 -0.06676059
v 0.1605843 0.2474739 -0.06676061
v 0.1609612 -0.2205655 -0.1274677
v 0.1609612 0.220992 -0.1274677
v 0.1601624 -0.1806911 -0.2033309
v 0.1601624 0.1811176 -0.2033309
v 0.1602751 -0.1272852 -0.2411799
v 0.1602751 0.1277116 -0.2411799
v 0.1601122 -0.06597748 -0.2629356
v 0.1601122 0.06640396 -0.2629356
v 0.1607988 0.0002132368 -0.2724723
v 0.2599689 -0.2290901 0.1417077
v 0.2621427 -0.2190153 0.1556033
v 0.2599689 0.2295166 0.1417077
v 0.2621427 0.2194418 0.1556032
v 0.2600458 -0.2657054 0.07350776
v 0.2600458 0.2661319 0.07350774
v 0.2602919 -0.2817358 -0.00153176
v 0.2602919 0.2821623 -0.00153179
v 0.2601671 -0.2781617 -0.07387645
v 0.2601671 0.2785882 -0.07387648
v 0.2607283 -0.2602498 -0.1426632
v 0.2607283 0.2606763 -0.1426632
v 0.26075 -0.2009127 -0.2319411
v 0.26075 0.2013392 -0.2319412
v 0.2606903 -0.1425682 -0.2727703
v 0.2606903 0.1429947 -0.2727703
v 0.2602513 -0.07335869 -0.2972082
v 0.2602513 0.07378517 -0.2972082
v 0.2609612 0.0002132368 -0.2841077
v 0.3603911 -0.2533164 0.1525743
v 0.362513 -0.2416074 0.1686635
v 0.3603911 0.2537429 0.1525743
v 0.362513 0.2420339 0.1686635
v 0.3609611 -0.2953601 0.07919785
v 0.3609611 0.2957866 0.07919783
v 0.3606854 -0.3020864 -0.0003457796
v 0.3606854 0.3025128 -0.00034581
v 0.3603734 -0.2931511 -0.07980634
v 0.3603734 0.2935776 -0.07980637
v 0.3609611 -0.2647907 -0.1530011
v 0.3609611 0.2652172 -0.1530011
v 0.3601774 -0.2162302 -0.230153
v 0.3601774 0.2166567 -0.230153
v 0.3609331 -0.1529126 -0.2772406
v 0.3609331 0.1533391 -0.2772407
v 0.3603561 -0.0797522 -0.3049568
v 0.3603561 0.08017868 -0.3049568
v 0.36056 0.0002132368 -0.3165797
v 0.4609611 -0.2767703 0.1599158
v 0.4626672 -0.2580264 0.1919621
v 0.4609611 0.2771967 0.1599158
v 0.4626672 0.2584529 0.1919621
v 0.4609611 -0.3087217 0.08277812
v 0.4609611 0.3091483 0.08277809
v 0.4595817 -0.313543 -0.0003457796
v 0.4595817 0.3139696 -0.00034581
v 0.4102791 -0.2949868 -0.08336429
v 0.4102789 0.2954133 -0.08336433
v 0.4047281 -0.2159007 -0.2266081
v 0.4057791 -0.2656643 -0.1600341
v 0.4047279 0.2163272 -0.2266081
v 0.4057791 0.2660908 -0.1600341
v 0.4098115 -0.1616477 -0.2659666
v 0.4098115 0.1620741 -0.2659666
v 0.4219369 -0.08408799 -0.2939808
v 0.4219369 0.08451447 -0.2939808
v 0.4269758 0.0002132368 -0.3050076
v 0.521293 -0.3004266 0.1664141
v 0.522607 -0.2634877 0.2107376
v 0.521293 0.3008531 0.1664141
v 0.522607 0.2639142 0.2107376
v 0.5211932 -0.3248827 0.08729138
v 0.5211931 0.3253094 0.08729135
v 0.456571 -0.2949534 -0.08726333
v 0.5230989 -0.3120135 -0.04031535
v 0.4565709 0.2953799 -0.08726336
v 0.5230987 0.31244 -0.04031538
v 0.5916414 -0.3209316 0.1654608
v 0.5914307 -0.2480359 0.241732
v 0.5916414 0.3213582 0.1654608
v 0.5914307 0.2484625 0.241732
v 0.591271 -0.3376441 0.08443152
v 0.591271 0.3380707 0.08443149
v 0.5904416 -0.3275341 -0.00327078
v 0.5904416 0.3279606 -0.00327081
v 0.6520258 -0.3292602 0.1649842
v 0.6530022 -0.2740968 0.2338163
v 0.6520256 0.3296867 0.1649841
v 0.6530022 0.2745234 0.2338163
v 0.6510128 -0.3412237 0.08204832
v 0.6510128 0.3416503 0.08204829
v 0.6502141 -0.3320074 0.02294462
v 0.6502141 0.3324338 0.02294459
v 0.7225508 -0.2626159 0.2248756
v 0.7216542 -0.3154969 0.1664141
v 0.760681 -0.2884976 0.1711117
v 0.7809612 -0.1887684 0.2271736
v 0.7606809 0.2889241 0.1711117
v 0.7216542 0.3159235 0.1664141
v 0.7225508 0.2630425 0.2248756
v 0.7809612 0.189195 0.2271736
v 0.7208785 -0.3205935 0.08729138
v 0.7568779 -0.2906083 0.1068686
v 0.7568779 0.2910349 0.1068686
v 0.7208785 0.32102 0.08729135
v 0.7198302 -0.3042289 0.05106655
v 0.7490938 -0.2801626 0.06832276
v 0.7490938 0.2805891 0.06832273
v 0.7198302 0.3046554 0.05106652
v 0.7210265 -0.08486657 0.2780908
v 0.7815953 -0.06901604 0.2667659
v 0.781258 0.0002133131 0.2742164
v 0.7215099 0.0002133131 0.2849453
v 0.7815953 0.06944259 0.2667659
v 0.7210265 0.08529313 0.2780908
v 0.7219454 -0.1745829 0.2624266
v 0.7811034 -0.1335896 0.2533549
v 0.7811034 0.1340162 0.2533549
v 0.7219454 0.1750095 0.2624266
v 0.8109612 -0.1694847 0.1778327
v 0.8109612 -0.1383446 0.2184154
v 0.8109612 0.1699114 0.1778327
v 0.8109612 0.1387711 0.2184154
v 0.7997263 -0.1894527 0.1305731
v 0.7997263 0.1898792 0.1305731
v 0.7849007 -0.1966924 0.08971862
v 0.7849007 0.197119 0.08971861
v 0.8111777 -0.05081376 0.255441
v 0.8123729 0.0002133131 0.2625408
v 0.8111777 0.05124031 0.255441
v 0.8114586 -0.09819108 0.2435201
v 0.8114586 0.09861763 0.2435201
v 0.6294853 -0.07752572 -0.01271511
v 0.6296779 -0.0830378 -0.01823055
v 0.6292845 -0.07177247 -0.03510061
v 0.629033 -0.06457055 -0.03211568
v 0.6292845 0.07219902 -0.03510061
v 0.6296779 0.08346428 -0.01823056
v 0.6294853 0.07795227 -0.01271512
v 0.629033 0.0649971 -0.03211568
v 0.6291464 -0.06781662 -0.05500012
v 0.628874 -0.06002137 -0.05500012
v 0.628874 0.06044792 -0.05500013
v 0.6291464 0.06824317 -0.05500013
v 0.6292845 -0.07177247 -0.07489967
v 0.629033 -0.06457062 -0.07788461
v 0.629033 0.0649971 -0.07788462
v 0.6292845 0.07219902 -0.07489968
v 0.6296779 -0.0830378 -0.0917697
v 0.6294853 -0.07752572 -0.09728514
v 0.6294853 0.07795227 -0.09728515
v 0.6296779 0.08346436 -0.0917697
v 0.6302666 -0.09989754 -0.1030419
v 0.6301625 -0.09691445 -0.1102481
v 0.6301625 0.09734093 -0.1102481
v 0.6302666 0.1003241 -0.1030419
v 0.6309611 -0.1197849 -0.1070001
v 0.6309611 -0.1197849 -0.1148002
v 0.6309611 0.1202115 -0.1148002
v 0.6309611 0.1202115 -0.1070001
v 0.6316557 -0.1396724 -0.1030419
v 0.6317598 -0.1426555 -0.1102482
v 0.6317598 0.143082 -0.1102482
v 0.6316557 0.1400989 -0.1030419
v 0.6322444 -0.1565321 -0.09176969
v 0.6324368 -0.1620442 -0.09728513
v 0.6324368 0.1624707 -0.09728514
v 0.6322444 0.1569586 -0.0917697
v 0.6326378 -0.1677975 -0.07489965
v 0.6328892 -0.1749993 -0.07788459
v 0.6328892 0.1754259 -0.07788461
v 0.6326378 0.168224 -0.07489967
v 0.632776 -0.1717532 -0.05500014
v 0.6330482 -0.1795485 -0.05500014
v 0.6330482 0.1799751 -0.05500016
v 0.6327759 0.1721798 -0.05500016
v 0.6326378 -0.1677975 -0.03510057
v 0.6328892 -0.1749993 -0.03211564
v 0.6328892 0.1754259 -0.03211565
v 0.6326378 0.168224 -0.03510059
v 0.6322444 -0.1565321 -0.01823055
v 0.6324368 -0.1620442 -0.01271511
v 0.6324368 0.1624707 -0.01271513
v 0.6322444 0.1569586 -0.01823057
v 0.6316557 -0.1396723 -0.00695837
v 0.6317598 -0.1426554 0.0002478897
v 0.6317598 0.143082 0.0002478796
v 0.6316557 0.1400989 -0.00695839
v 0.6309611 -0.1197849 -0.00300013
v 0.6309611 -0.1197849 0.00479988
v 0.6309611 0.1202115 0.00479986
v 0.6309611 0.1202115 -0.00300014
v 0.6302666 -0.09989754 -0.00695837
v 0.6301625 -0.09691437 0.0002478998
v 0.6301625 0.09734093 0.0002478897
v 0.6302666 0.100324 -0.00695838
v 0.6300427 -0.1198965 -0.1288983
v 0.6303151 -0.08972908 -0.1303851
v 0.6303151 0.09015557 -0.1303851
v 0.6300427 0.1203229 -0.1288984
v 0.6295825 -0.1456071 -0.1172301
v 0.6295825 0.1460336 -0.1172301
v 0.6285657 -0.1677236 -0.1028862
v 0.6285655 0.1681501 -0.1028862
v 0.6284704 -0.1820796 -0.08081859
v 0.6284704 0.1825062 -0.0808186
v 0.6286438 -0.1870418 -0.05544086
v 0.6286438 0.1874683 -0.05544088
v 0.6284704 -0.1820796 -0.02951144
v 0.6284704 0.1825062 -0.02951146
v 0.6285657 -0.1677236 -0.0077197
v 0.6285655 0.1681501 -0.00771971
v 0.628689 -0.1456383 0.00634839
v 0.628689 0.1460648 0.00634837
v 0.6286967 -0.1202447 0.01158944
v 0.6286967 0.1206713 0.01158943
v 0.6278552 -0.09368515 0.00786132
v 0.6278552 0.09411171 0.00786131
v 0.6279578 -0.1199693 -0.1340684
v 0.628582 -0.08660889 -0.1375151
v 0.628582 0.08703545 -0.1375151
v 0.6279578 0.1203957 -0.1340684
v 0.6268777 -0.1476337 -0.1219749
v 0.6268777 0.1480601 -0.1219749
v 0.6238261 -0.1712566 -0.1064172
v 0.623826 0.1716831 -0.1064172
v 0.6234871 -0.1871669 -0.08291514
v 0.6234871 0.1875934 -0.08291515
v 0.6239697 -0.1924495 -0.05510986
v 0.6239697 0.192876 -0.05510988
v 0.6234871 -0.1871669 -0.02763561
v 0.6234871 0.1875934 -0.02763562
v 0.6241238 -0.1712462 -0.00413353
v 0.6241238 0.1716728 -0.00413355
v 0.6236015 -0.147748 0.01175519
v 0.6236015 0.1481746 0.01175518
v 0.6241319 -0.1202385 0.01705143
v 0.6241319 0.1206651 0.01705142
v 0.6231831 -0.09143876 0.01334083
v 0.6231831 0.09186532 0.01334082
v 0.6246815 -0.1200836 -0.1377066
v 0.6258479 -0.08517159 -0.1409618
v 0.6258479 0.08559815 -0.1409618
v 0.6246815 0.1205102 -0.1377066
v 0.6227658 -0.1494334 -0.1252851
v 0.6227656 0.1498598 -0.1252851
v 0.5991975 -0.1747664 -0.1087343
v 0.5991975 0.175193 -0.1087343
v 0.5685017 -0.1923991 -0.0842392
v 0.5685017 0.1928257 -0.08423921
v 0.5658757 -0.1981216 -0.05510986
v 0.5658755 0.1985481 -0.05510988
v 0.5711824 -0.1923056 -0.02598053
v 0.5711824 0.1927321 -0.02598055
v 0.5905601 -0.1750681 -0.00148541
v 0.5905601 0.1754945 -0.00148543
v 0.599832 -0.1502342 0.01506534
v 0.599832 0.1506607 0.01506533
v 0.6131117 -0.1206234 0.0206926
v 0.6131117 0.1210499 0.02069259
v 0.6133806 -0.09045365 0.01735252
v 0.6133806 0.09088021 0.01735251
v 0.04894472 -0.055168 0.2066281
v 0.04095507 0.0002132368 0.2126209
v 0.04894472 0.05559448 0.2066281
v 0.6567751 -0.1722698 0.2697462
v 0.6567751 0.1726964 0.2697462
v 0.5692866 -0.1758109 -0.00148541
v 0.5363624 -0.1935215 -0.02598053
v 0.5692866 0.1762374 -0.00148543
v 0.5363623 0.1939481 -0.02598055
v 0.5785583 -0.1509771 0.01506534
v 0.5785583 0.1514037 0.01506533
v 0.5934318 -0.1504577 -0.1252851
v 0.6044166 -0.1207913 -0.1451745
v 0.5934318 0.1508842 -0.1252851
v 0.6044166 0.1212179 -0.1451745
v 0.5680754 -0.1758532 -0.1087343
v 0.5680754 0.1762798 -0.1087343
v 0.5366781 -0.09067635 0.02154419
v 0.5703938 -0.1221151 0.02289874
v 0.5366781 0.09110291 0.02154418
v 0.5703938 0.1225417 0.02289873
v 0.6302649 -0.03400605 -0.03211568
v 0.6308232 -0.04351494 -0.01533677
v 0.6308232 0.04394149 -0.01533678
v 0.6302649 0.0344326 -0.03211568
v 0.6294313 0.0002132368 -0.03211568
v 0.6298839 0.0002132368 -0.01795844
v 0.6300387 -0.02980248 -0.05500012
v 0.6300387 0.03022895 -0.05500012
v 0.6292726 0.0002132368 -0.05500012
v 0.6301976 -0.03207703 -0.07788461
v 0.6301976 0.03250358 -0.07788461
v 0.6294313 0.0002132368 -0.07788461
v 0.63065 -0.03855462 -0.09728514
v 0.63065 0.03898117 -0.09728515
v 0.6298839 0.0002132368 -0.09728514
v 0.631327 -0.04824898 -0.1102481
v 0.631327 0.04867553 -0.1102481
v 0.6305609 0.0002132368 -0.1146873
v 0.6309886 -0.04824898 -0.01106121
v 0.6309886 0.04867546 -0.01106122
v 0.6159024 -0.04501862 0.00550639
v 0.4866763 -0.04582863 0.01185537
v 0.4866763 0.04625518 0.01185537
v 0.6159022 0.04544509 0.00550639
v 0.6164932 0.0002132368 -0.00192786
v 0.4708731 0.0002132368 0.00657843
v 0.6248334 -0.04551117 0.00143708
v 0.6248334 0.04593765 0.00143707
v 0.6245524 0.0002132368 -0.00605479
v 0.6290428 -0.04663437 -0.00442796
v 0.6290428 0.04706085 -0.00442796
v 0.6282997 0.0002132368 -0.01230536
v 0.6046425 -0.0859121 -0.1409618
v 0.6046425 0.08633866 -0.1409618
v 0.6314795 -0.05261322 -0.1228724
v 0.6305519 -0.05075394 -0.1300195
v 0.6305781 0.0002132368 -0.12045
v 0.6305519 0.05118049 -0.1300195
v 0.6314795 0.05303977 -0.1228725
v 0.6252663 -0.04889763 -0.1354595
v 0.6261519 0.0002132368 -0.1264057
v 0.6252663 0.04932418 -0.1354595
v 0.6161485 -0.04801774 -0.1384487
v 0.6160005 0.0002132368 -0.1306519
v 0.6161485 0.04844421 -0.1384487
v 0.6021232 -0.04734887 -0.1420602
v 0.6021232 0.04777542 -0.1420602
v 0.602113 0.0002132368 -0.1315697
v 0.546133 -0.03637291 -0.1413463
v 0.5325931 -0.05961754 -0.1642662
v 0.546133 0.03679946 -0.1413463
v 0.5325931 0.06004402 -0.1642662
v 0.5032953 -0.08150589 -0.1671114
v 0.5032953 0.08193238 -0.1671114
v 0.4602534 -0.08765465 -0.1538791
v 0.4230574 -0.0813807 -0.1552945
v 0.4602534 0.08808121 -0.1538791
v 0.4230574 0.08180718 -0.1552945
v 0.3930675 -0.06656479 -0.1575428
v 0.3930675 0.06699127 -0.1575428
v 0.536392 -0.1991512 -0.05510986
v 0.5314442 -0.1936932 -0.0842392
v 0.5314442 0.1941197 -0.08423921
v 0.536392 0.1995777 -0.05510988
v 0.4899414 -0.2007732 -0.05510986
v 0.4474817 -0.1966253 -0.0842392
v 0.4474817 0.1970518 -0.08423921
v 0.4899414 0.2011998 -0.05510988
v 0.5291821 -0.1772114 -0.1087343
v 0.5291821 0.1776379 -0.1087343
v 0.4234068 -0.1809052 -0.1087343
v 0.4234068 0.1813316 -0.1087343
v 0.4666504 -0.1383137 -0.1423558
v 0.4084766 -0.1403452 -0.1423558
v 0.4048682 -0.111878 -0.1518925
v 0.4585135 -0.1100047 -0.1518925
v 0.4048682 0.1123046 -0.1518925
v 0.4084766 0.1407716 -0.1423558
v 0.4666502 0.1387402 -0.1423558
v 0.4585135 0.1104312 -0.1518925
v 0.4832501 -0.1587817 -0.1292428
v 0.4132159 -0.1612273 -0.1292428
v 0.4132159 0.1616538 -0.1292428
v 0.4832501 0.1592081 -0.1292428
v 0.5055641 -0.172299 -0.1170238
v 0.4196773 -0.1752982 -0.1170238
v 0.4196773 0.1757247 -0.1170238
v 0.5055641 0.1727255 -0.1170238
v 0.8093581 -0.1431578 0.1390399
v 0.8163079 -0.1407587 0.1803598
v 0.8093581 0.1435844 0.1390399
v 0.8163079 0.1411853 0.1803598
v 0.7988561 -0.1471129 0.09706208
v 0.7988561 0.1475394 0.09706207
v 0.8146996 -0.1017574 0.1444039
v 0.8176082 -0.0990889 0.1837367
v 0.8146996 0.102184 0.1444039
v 0.8176082 0.09951546 0.1837367
v 0.8059734 -0.1004457 0.1017998
v 0.8059734 0.1008723 0.1017998
v 0.8183895 -0.05636506 0.1474972
v 0.8182631 -0.05471024 0.190977
v 0.8183895 0.05679161 0.1474972
v 0.8182631 0.05513679 0.190977
v 0.8104778 -0.05601227 0.1046988
v 0.8104778 0.05643882 0.1046988
v 0.8197966 0.0002133131 0.1482893
v 0.8180619 0.0002133131 0.1955489
v 0.8160861 0.0002133131 0.1074348
v 0.4282178 -0.2100836 -0.09054852
v 0.410499 -0.1946253 -0.1163512
v 0.4282178 0.2105101 -0.09054854
v 0.410499 0.1950517 -0.1163512
v 0.4672972 -0.2190421 -0.05404276
v 0.4672972 0.2194686 -0.05404278
v 0.5179164 -0.2168774 -0.017537
v 0.5179164 0.2173039 -0.01753702
v 0.5575435 -0.1988177 0.01579434
v 0.5575435 0.1992442 0.01579433
v 0.5756212 -0.1668221 0.04125598
v 0.5756212 0.1672487 0.04125597
v 0.5220567 -0.08465035 0.04820012
v 0.5661946 -0.1274463 0.05183753
v 0.5220567 0.08507691 0.04820011
v 0.5661946 0.1278728 0.05183752
v 0.4609541 0.0002132368 0.03331981
v 0.4685452 -0.02960854 0.03530386
v 0.4685452 0.03003509 0.03530385
v 0.3943312 -0.1471606 -0.1568956
v 0.3909199 -0.1131246 -0.1694641
v 0.3909199 0.1135511 -0.1694641
v 0.3943312 0.1475871 -0.1568956
v 0.3988661 -0.1683884 -0.1430208
v 0.3988661 0.1688149 -0.1430208
v 0.4049492 -0.1862076 -0.1272179
v 0.404949 0.1866341 -0.1272179
v 0.5827988 -0.1472527 -0.1336889
v 0.5901648 -0.1213574 -0.1456098
v 0.5827988 0.1476792 -0.1336889
v 0.5901648 0.121784 -0.1456098
v 0.5638649 -0.1655572 -0.12296
v 0.5638649 0.1659837 -0.1229601
v 0.5916875 -0.08601754 -0.1500802
v 0.5916875 0.0864441 -0.1500802
v 0.5919777 -0.05485589 -0.1435236
v 0.5919777 0.05528236 -0.1435236
v 0.4715048 -0.1100632 -0.1545505
v 0.4787222 -0.1351735 -0.1468019
v 0.4715048 0.1104897 -0.1545505
v 0.4787222 0.1356 -0.1468019
v 0.4931624 -0.1539667 -0.135775
v 0.4931624 0.1543932 -0.135775
v 0.511758 -0.1654471 -0.1265363
v 0.511758 0.1658736 -0.1265363
v 0.5306158 -0.1686481 -0.1259403
v 0.5306158 0.1690746 -0.1259403
v 0.5476837 -0.02498566 -0.1393524
v 0.5476837 0.02541213 -0.1393524
v 0.5918147 -0.03771904 -0.1425397
v 0.5918147 0.03814559 -0.1425397
v 0.5852891 -0.04488938 -0.1405434
v 0.5852891 0.04531593 -0.1405434
v 0.5511149 0.0002132368 -0.1349401
v 0.4691725 -0.07758706 -0.158977
v 0.4691725 0.07801361 -0.1589771
v 0.47123 -0.08608658 -0.1572536
v 0.47123 0.08651314 -0.1572536
v 0.5512225 -0.04508728 -0.148292
v 0.5372963 -0.06310631 -0.1661734
v 0.5512225 0.04551383 -0.148292
v 0.5372963 0.06353286 -0.1661734
v 0.5073303 -0.08598603 -0.1685576
v 0.5073303 0.08641251 -0.1685576
v 0.578515 -0.135106 -0.1456098
v 0.5853528 -0.113034 -0.1512722
v 0.5785149 0.1355325 -0.1456098
v 0.5853526 0.1134605 -0.1512723
v 0.5586531 -0.1536631 -0.1414375
v 0.5586529 0.1540896 -0.1414375
v 0.5863083 -0.08355881 -0.1530604
v 0.5863083 0.08398537 -0.1530604
v 0.5867183 -0.05741082 -0.1470999
v 0.5867183 0.05783729 -0.1470999
v 0.4816135 -0.107394 -0.1590209
v 0.4866472 -0.1283899 -0.1539545
v 0.4816133 0.1078205 -0.1590209
v 0.486647 0.1288164 -0.1539545
v 0.4994258 -0.1438223 -0.14859
v 0.4994258 0.1442488 -0.14859
v 0.5149705 -0.1532037 -0.1444177
v 0.5149705 0.1536302 -0.1444177
v 0.5306149 -0.1559654 -0.1447157
v 0.5306148 0.1563919 -0.1447157
v 0.5811435 -0.04933533 -0.1444177
v 0.5811435 0.04976188 -0.1444177
v 0.4836336 -0.08945992 -0.161107
v 0.4836336 0.08988648 -0.161107
v 0.5735326 -0.1266234 -0.1526793
v 0.5790945 -0.1082809 -0.1553615
v 0.5735326 0.1270499 -0.1526793
v 0.5790945 0.1087074 -0.1553615
v 0.5566235 -0.1423757 -0.1523813
v 0.5566235 0.1428023 -0.1523813
v 0.5800568 -0.08320733 -0.1562556
v 0.5800568 0.08363389 -0.1562556
v 0.491625 -0.1032951 -0.1628121
v 0.4961507 -0.1210556 -0.1601299
v 0.491625 0.1037216 -0.1628121
v 0.4961505 0.1214821 -0.1601299
v 0.5064815 -0.1340189 -0.1571496
v 0.5064815 0.1344453 -0.1571496
v 0.5198563 -0.1420516 -0.1559575
v 0.5198563 0.1424781 -0.1559575
v 0.5330307 -0.1443482 -0.1556595
v 0.5330307 0.1447748 -0.1556595
v 0.5325296 -0.1343822 -0.1621839
v 0.5571548 -0.1320883 -0.1587668
v 0.5325296 0.1348087 -0.1621839
v 0.5571548 0.1325148 -0.1587668
v 0.5175316 -0.1315074 -0.1619621
v 0.5175316 0.1319339 -0.1619621
v 0.5320874 -0.1217206 -0.1672503
v 0.5594546 -0.1157407 -0.1632706
v 0.5320874 0.1221471 -0.1672503
v 0.5594546 0.1161672 -0.1632706
v 0.5138075 -0.1169395 -0.1664324
v 0.5138075 0.117366 -0.1664325
v 0.5314305 -0.1033228 -0.1713173
v 0.5599773 -0.09349137 -0.1664011
v 0.5314305 0.1037493 -0.1713173
v 0.5599773 0.09391785 -0.1664011
v 0.5116414 -0.1009393 -0.1685186
v 0.5116414 0.1013658 -0.1685186
v 0.4236824 -0.2229028 -0.09943003
v 0.4048384 -0.2041907 -0.1306532
v 0.4236824 0.2233293 -0.09943006
v 0.4048384 0.2046172 -0.1306532
v 0.470284 -0.2337724 -0.05571755
v 0.470284 0.2341988 -0.05571757
v 0.5354896 -0.2308704 -0.01200507
v 0.5354896 0.2312969 -0.01200509
v 0.5869147 -0.2090796 0.02796062
v 0.5869147 0.2095062 0.0279606
v 0.6234331 -0.1703137 0.05855935
v 0.6234331 0.1707402 0.05855933
v 0.6020601 -0.06622094 0.07284697
v 0.6363493 -0.1217496 0.07104863
v 0.6020601 0.06664749 0.07284696
v 0.6363492 0.1221761 0.07104862
v 0.5815945 0.0002132368 0.07326562
v 0.5862179 -0.02530762 0.07451606
v 0.5862179 0.02573417 0.07451606
v 0.3927478 -0.1474125 -0.1795062
v 0.3914343 -0.1097962 -0.1948631
v 0.3927478 0.147839 -0.1795063
v 0.3914343 0.1102227 -0.1948631
v 0.395428 -0.1729292 -0.1626439
v 0.395428 0.1733556 -0.1626439
v 0.4006312 -0.1938383 -0.1439748
v 0.4006312 0.1942648 -0.1439748
v 0.6891843 -0.08085457 0.08119402
v 0.6865236 -0.1296701 0.07731971
v 0.6891843 0.08128113 0.08119401
v 0.6865236 0.1300967 0.0773197
v 0.6800258 -0.1796192 0.07016716
v 0.6800258 0.1800458 0.07016714
v 0.6954291 0.0002132368 0.08655843
v 0.692777 -0.03317849 0.08417426
v 0.692777 0.03360504 0.08417425
v 0.7444057 -0.08487107 0.08894263
v 0.7338761 -0.1349082 0.08387623
v 0.7444057 0.08529763 0.08894262
v 0.7338759 0.1353348 0.08387622
v 0.7206925 -0.1847076 0.07553158
v 0.7206925 0.1851342 0.07553156
v 0.7514212 0.0002132368 0.092221
v 0.7491374 -0.03913338 0.09152035
v 0.7491374 0.03955993 0.09152034
v 0.7051045 -0.2260249 0.06743745
v 0.6719133 -0.2043666 0.06333776
v 0.7051045 0.2264515 0.06743743
v 0.6719133 0.2047932 0.06333774
v 0.6856777 -0.2544867 0.05790071
v 0.6533855 -0.22578 0.05439706
v 0.6856777 0.2549133 0.05790069
v 0.6533853 0.2262066 0.05439704
v 0.6575292 -0.2684867 0.04419164
v 0.6270798 -0.2386296 0.03846286
v 0.6575292 0.2689133 0.04419162
v 0.6270798 0.2390562 0.03846284
v 0.5475488 -0.258744 -0.01112061
v 0.4701608 -0.2419209 -0.05701618
v 0.5475488 0.2591705 -0.01112063
v 0.4701608 0.2423474 -0.0570162
v 0.5790526 -0.06332261 -0.1535526
v 0.5732378 -0.05498871 -0.1511684
v 0.5790526 0.06374916 -0.1535526
v 0.5732378 0.05541526 -0.1511684
v 0.5598181 -0.05897255 -0.158619
v 0.5598181 0.0593991 -0.158619
v 0.5343036 -0.08329827 -0.1720636
v 0.5343036 0.08372483 -0.1720636
v 0.5618913 -0.07040833 -0.1636854
v 0.5618913 0.0708348 -0.1636854
v 0.4216975 -0.2280531 -0.1025078
v 0.4216975 0.2284796 -0.1025078
v 0.3930211 -0.1808467 -0.1807107
v 0.3924185 -0.1465201 -0.2099187
v 0.3930211 0.1812732 -0.1807107
v 0.3924185 0.1469466 -0.2099187
v 0.3973308 -0.201787 -0.1557183
v 0.3973308 0.2022135 -0.1557183
v 0.4018472 -0.2115721 -0.1403615
v 0.4018472 0.2119986 -0.1403615
v 0.3947563 -0.1024491 -0.2334056
v 0.3947563 0.1028756 -0.2334056
v 0.3901716 -0.03532235 -0.2045073
v 0.3931682 0.0002132368 -0.2256109
v 0.3901716 0.03574882 -0.2045073
v 0.3875763 -0.05715821 -0.1749236
v 0.3875763 0.05758468 -0.1749236
v 0.3978194 -0.03544907 -0.250881
v 0.4031241 0.0002132368 -0.2554813
v 0.3978194 0.03587554 -0.250881
v 0.3963356 -0.06981476 -0.2439806
v 0.3915222 -0.06227097 -0.2104978
v 0.3963356 0.07024124 -0.2439806
v 0.3915222 0.06269744 -0.2104978
v 0.5888029 -0.2399663 0.01535602
v 0.5888029 0.2403928 0.015356
v 0.6025513 -0.271302 0.01535603
v 0.6025511 0.2717286 0.015356
v 0.5530009 -0.2708196 -0.02014979
v 0.4810866 -0.2549866 -0.06254845
v 0.5530009 0.2712462 -0.02014981
v 0.4810866 0.2554131 -0.06254847
v 0.4313594 -0.2390149 -0.1066916
v 0.4313594 0.2394415 -0.1066916
v 0.4019569 -0.1885373 -0.1854319
v 0.4026648 -0.1549773 -0.2152931
v 0.4019569 0.1889638 -0.1854319
v 0.4026648 0.1554038 -0.2152931
v 0.4059518 -0.2091927 -0.1600069
v 0.4059517 0.2096191 -0.1600069
v 0.4109083 -0.2224637 -0.1450121
v 0.4109083 0.2228903 -0.1450122
v 0.4061824 -0.1102013 -0.2393913
v 0.4061822 0.1106277 -0.2393913
v 0.4095897 -0.04151818 -0.2573301
v 0.4104362 0.0002132368 -0.2624105
v 0.4095897 0.04194465 -0.2573301
v 0.4082069 -0.07658585 -0.2501574
v 0.4082069 0.07701232 -0.2501574
v 0.7623372 -0.08859299 0.08602273
v 0.7514147 -0.1382191 0.08053363
v 0.7623372 0.08901955 0.08602272
v 0.7514147 0.1386456 0.08053362
v 0.738503 -0.1884747 0.07229931
v 0.738503 0.1889012 0.07229929
v 0.7675656 -0.04304299 0.08841922
v 0.7675656 0.04346954 0.08841921
v 0.7177901 -0.2370013 0.06131678
v 0.7177901 0.2374279 0.06131676
v 0.6992566 -0.2666907 0.05200634
v 0.6992566 0.2671172 0.05200633
v 0.6712102 -0.280503 0.03822855
v 0.6712102 0.2809296 0.03822852
v 0.7678064 0.0002132368 0.08939423
v 0.6162691 -0.2836488 0.01145266
v 0.6162691 0.2840753 0.01145264
v 0.5521165 -0.2996053 -0.02231792
v 0.4842274 -0.2840797 -0.06235854
v 0.4842274 0.2845063 -0.06235857
v 0.5521165 0.3000318 -0.02231795
v 0.4297575 -0.2664641 -0.1103403
v 0.4297575 0.2668906 -0.1103403
v 0.4063881 -0.2066403 -0.2130083
v 0.4086754 -0.1696647 -0.241604
v 0.4086754 0.1700912 -0.241604
v 0.4063881 0.2070668 -0.2130083
v 0.4040921 -0.2263495 -0.1859962
v 0.4040921 0.2267761 -0.1859963
v 0.4070088 -0.2415584 -0.1621663
v 0.4070088 0.2419849 -0.1621663
v 0.415124 -0.1152253 -0.2696979
v 0.415124 0.1156518 -0.2696979
v 0.4218024 -0.0389563 -0.289221
v 0.4204452 0.0002132368 -0.2898107
v 0.4218024 0.03938278 -0.289221
v 0.4179549 -0.07395005 -0.2815566
v 0.4179549 0.07437652 -0.2815566
v 0.7843441 -0.09531594 0.09805308
v 0.7745565 -0.1446271 0.09279954
v 0.7745565 0.1450536 0.09279953
v 0.7843441 0.0957425 0.09805307
v 0.7595378 -0.1941857 0.08385809
v 0.7595378 0.1946123 0.08385808
v 0.7901909 -0.04812951 0.1010273
v 0.7901909 0.04855606 0.1010273
v 0.7352126 -0.2566184 0.07050165
v 0.7352126 0.257045 0.07050163
v 0.7138756 -0.2837072 0.0587444
v 0.7138756 0.2841338 0.05874437
v 0.6879709 -0.3025999 0.04533335
v 0.6879709 0.3030264 0.04533332
v 0.7918349 0.0002133131 0.1014687
v 0.6224261 -0.3124188 0.01225277
v 0.6224261 0.3128454 0.01225275
v 0.8045168 -0.05351601 0.09816751
v 0.8084519 0.0002133131 0.101893
v 0.8045168 0.05394256 0.0981675
v 0.7986362 -0.09842446 0.09429321
v 0.7986362 0.09885102 0.0942932
v 0.7900568 -0.1465392 0.09012088
v 0.7900568 0.1469658 0.09012087
v 0.7766107 -0.1961591 0.08237228
v 0.7766107 0.1965856 0.08237226
v 0.7433354 -0.2699648 0.0694122
v 0.7433354 0.2703913 0.06941218
v 0.7186019 -0.2946261 0.0525219
v 0.7186019 0.2950527 0.05252187
v 0.5712791 -0.3135697 -0.01279435
v 0.6363202 -0.322213 0.0175987
v 0.6363202 0.3226396 0.01759867
v 0.5712791 0.3139962 -0.01279438
v 0.4466531 -0.2821811 -0.08483067
v 0.5376076 -0.3058094 -0.03131663
v 0.5376076 0.3062359 -0.03131666
v 0.4466531 0.2826076 -0.0848307
v 0.4092435 -0.1656562 -0.2537853
v 0.405558 -0.2112705 -0.2198082
v 0.405558 0.211697 -0.2198082
v 0.4092435 0.1660827 -0.2537853
v 0.4199458 -0.07901902 -0.2877687
v 0.4199458 0.07944549 -0.2877687
v 0.406394 -0.2536113 -0.1611001
v 0.4063939 0.2540378 -0.1611002
v 0.4237106 0.0002132368 -0.2974092
v 0.6868401 -0.3223786 0.1656991
v 0.6878328 -0.2684265 0.2357373
v 0.6878327 0.2688531 0.2357373
v 0.6868401 0.3228051 0.1656991
v 0.6923888 -0.3343641 0.08444524
v 0.6923888 0.3347906 0.08444521
v 0.6914656 -0.3215736 0.03678098
v 0.6914656 0.3220001 0.03678095
v 0.682686 -0.08826577 0.280475
v 0.7022035 -0.08663033 0.2810368
v 0.7031029 0.0002133131 0.2872952
v 0.6823638 0.0002133131 0.2873295
v 0.7022035 0.08705689 0.2810368
v 0.6826859 0.08869233 0.280475
v 0.689709 -0.173829 0.2691159
v 0.689709 0.1742555 0.2691159
v 0.6909584 -0.3099203 0.03567274
v 0.6909584 0.3103468 0.03567271
v 0.2846361 -0.1759081 0.1774376
v 0.203673 -0.1440316 0.1832501
v 0.284636 0.1763345 0.1774375
v 0.203673 0.1444581 0.1832501
v 0.3649321 -0.1939818 0.1878858
v 0.3649321 0.1944083 0.1878858
v 0.4450557 -0.2071169 0.2065246
v 0.4450557 0.2075435 0.2065246
v 0.4930073 -0.211486 0.221545
v 0.4930073 0.2119125 0.221545
v 0.5480664 -0.1991245 0.2463405
v 0.5480664 0.1995511 0.2463405
v 0.6208128 0.0002133131 0.2828185
v 0.6210705 -0.07130845 0.2773349
v 0.6210705 0.071735 0.2773349
v 0.6003419 -0.1385117 0.2687519
v 0.6003419 0.1389383 0.2687519
v 0.1140776 -0.04483025 0.2182574
v 0.107686 0.0002132368 0.2230516
v 0.1140776 0.0452568 0.2182574
v 0.1422078 -0.09352471 0.2040982
v 0.1422077 0.09395119 0.2040982
v 0.8475691 -0.02982613 0.2212669
v 0.8404213 -0.07182763 0.2136704
v 0.8277788 -0.08111489 0.1482637
v 0.8126244 -0.1572868 0.1656321
v 0.8133283 -0.1496249 0.1532987
v 0.8269333 -0.1281779 0.1964908
v 0.8206002 -0.1447478 0.1871922
v 0.8181679 -0.1303477 0.1499684
v 0.8339531 -0.1098228 0.2067944
v 0.8434029 0.1057676 0.2106138
v 0.845718 0.06940551 0.2146624
v 0.8300887 0.1070448 0.1428178
v 0.8378337 0.1248797 0.2016533
v 0.8177689 0.1637424 0.1358356
v 0.8132108 0.1830196 0.1427853
v 0.8152257 0.1863241 0.1592639
v 0.8216368 0.1747783 0.173452
v 0.8205745 0.1508141 0.1374227
v 0.8284865 0.1569919 0.1865958
v 0.8394554 0.01038368 0.1519477
v 0.849045 0.0172702 0.2204726
v 0.7978557 0.2399297 0.1281364
v 0.8009925 0.2266641 0.1233474
v 0.7986949 0.2413041 0.1349875
v 0.7999408 0.2433579 0.1452286
v 0.8468749 0.01319412 0.2344083
v 0.8448558 -0.05123101 0.2354949
v 0.8262302 -0.160662 0.2156973
v 0.8166274 -0.1857705 0.2016025
v 0.7980164 -0.2151088 0.1425182
v 0.7970537 -0.2255898 0.1593896
v 0.8046366 -0.1887388 0.1379626
v 0.817784 -0.1213911 0.1356306
v 0.8337572 0.003773723 0.1406701
v 0.8209435 0.1360005 0.128181
v 0.8391567 0.1342535 0.220922
v 0.8409398 0.1062062 0.2240426
v 0.8093822 0.2286561 0.1700867
v 0.818752 0.2043253 0.1880667
v 0.8006121 0.2444501 0.1506783
v 0.8040911 0.2135596 0.1186297
v 0.807929 0.1958744 0.1208008
v 0.8315386 0.1603977 0.2086646
v 0.8423238 0.08451218 0.2264602
v 0.8398546 -0.08065346 0.2301725
v 0.8350783 -0.1086866 0.2251032
v 0.8303157 -0.1366842 0.2200351
v 0.807964 -0.2084372 0.1888825
v 0.8018636 -0.2180293 0.1724
v 0.7862328 0.2582093 0.122201
v 0.7896424 0.2437901 0.1169955
v 0.787145 0.2597031 0.1296477
v 0.7884992 0.2619355 0.1407794
v 0.8395145 0.01175758 0.2377139
v 0.8373198 -0.05826973 0.2388949
v 0.8170745 -0.1772165 0.2173758
v 0.8066367 -0.2045084 0.2020554
v 0.7864073 -0.2363978 0.1378334
v 0.7853609 -0.2477902 0.1561719
v 0.8078942 -0.1345306 0.1303469
v 0.7936032 -0.2077348 0.1328816
v 0.8252559 0.001517939 0.1358245
v 0.8113283 0.1452428 0.1222494
v 0.8311252 0.1433438 0.2230548
v 0.8330634 0.1128576 0.2264468
v 0.7987615 0.2459553 0.1677991
v 0.8089459 0.2195088 0.1873426
v 0.7892288 0.2631226 0.1467031
v 0.7930103 0.2295461 0.1118675
v 0.7971819 0.210323 0.1142274
v 0.8228444 0.1717614 0.2097316
v 0.8345674 0.08927712 0.2290746
v 0.8318836 -0.09025071 0.2331097
v 0.8266921 -0.1207214 0.2275997
v 0.8215154 -0.1511536 0.2220908
v 0.79722 -0.229146 0.1882294
v 0.7905889 -0.2395723 0.1703136
v 0.7679787 0.2649428 0.1276051
v 0.773732 0.2503716 0.1222195
v 0.7674456 0.2667577 0.1356834
v 0.7672103 0.2685622 0.145557
v 0.8137125 0.01186508 0.2335216
v 0.8120999 -0.0599302 0.2353168
v 0.7875551 -0.1821189 0.2155697
v 0.781552 -0.2088537 0.2021057
v 0.7770853 -0.2428272 0.1410691
v 0.7731041 -0.254364 0.159021
v 0.8066626 -0.1387771 0.1294003
v 0.7888414 -0.2135989 0.1347859
v 0.8172399 0.00186233 0.1329907
v 0.8038796 0.1487265 0.1231171
v 0.8041149 0.146922 0.2209553
v 0.8110916 0.1161414 0.2236481
v 0.775284 0.2521137 0.1715874
v 0.7800345 0.2259015 0.1895393
v 0.7672417 0.2694592 0.1518402
v 0.7785919 0.2358315 0.1159363
v 0.7862422 0.2158051 0.1177315
v 0.7938307 0.1769199 0.2092865
v 0.8123308 0.09184823 0.2263409
v 0.8118344 -0.09315232 0.2299313
v 0.8101424 -0.1245283 0.2245457
v 0.7998128 -0.1556026 0.2200577
v 0.7749532 -0.2355676 0.1895394
v 0.777885 -0.2455496 0.172485
v 0.4878853 -0.05773095 -0.2774483
v 0.4942494 -0.03671662 -0.2773223
v 0.4944023 -0.0614367 -0.2777191
v 0.4804266 -0.05563279 -0.2724727
v 0.5002876 -0.06632821 -0.2742332
v 0.493293 -0.06441742 -0.276672
v 0.5016759 -0.06311997 -0.2749909
v 0.4843228 -0.06070015 -0.2739137
v 0.4982333 -0.06754693 -0.2715697
v 0.4916508 -0.06551918 -0.2738914
v 0.4685472 0.0005657148 -0.2862771
v 0.4756245 0.0004579877 -0.2781622
v 0.4695897 -0.01478226 -0.2850489
v 0.4651419 0.0006016492 -0.2847668
v 0.4670358 0.0005720472 -0.286266
v 0.4684502 -0.01503602 -0.2854911
v 0.465491 -0.01545762 -0.2842141
v 0.5425091 -0.0005930376 -0.2012492
v 0.5458754 -0.0006436204 -0.1969647
v 0.5446733 -0.01413025 -0.1987244
v 0.5414537 -0.01370194 -0.2024286
v 0.5317177 -0.01244095 -0.1947811
v 0.5325696 -0.000457921 -0.1940184
v 0.461457 0.0006567335 -0.2780593
v 0.4622433 -0.01518944 -0.2770504
v 0.4601047 -0.01204636 -0.2629852
v 0.459796 0.0006689405 -0.2635211
v 0.4720148 -0.02965424 -0.2822424
v 0.4679828 -0.03112221 -0.2812882
v 0.4708104 -0.03025986 -0.282571
v 0.5068199 -0.03690209 -0.2697215
v 0.496452 -0.03595681 -0.268159
v 0.5015138 -0.03683541 -0.2590029
v 0.5095302 -0.03696259 -0.255272
v 0.4757176 -0.03644608 -0.2779705
v 0.4754933 -0.03644936 -0.2747242
v 0.4754014 0.0004551649 -0.2749533
v 0.541244 -0.03128083 -0.2026358
v 0.5400464 -0.02315323 -0.2040251
v 0.5360397 -0.0169983 -0.1757889
v 0.5436211 -0.01595124 -0.1922073
v 0.5449278 -0.0006334733 -0.1912277
v 0.5375911 -0.0005541276 -0.1742595
v 0.4646602 -0.03063607 -0.2743152
v 0.4622458 -0.02843468 -0.2602772
v 0.480198 -0.03651368 -0.2730364
v 0.4846236 -0.03659089 -0.2654137
v 0.4840779 -0.03659211 -0.2542625
v 0.5386485 -0.03050789 -0.2056156
v 0.4945232 -0.03674798 -0.250297
v 0.5005746 -0.03683831 -0.2436224
v 0.5337466 -0.0005008745 -0.1673124
v 0.5288222 -0.0004319047 -0.1700362
v 0.5220439 -0.0267733 -0.1741347
v 0.5311853 -0.01688149 -0.168945
v 0.5348685 -0.05027886 -0.2095845
v 0.5351042 -0.04190751 -0.2096585
v 0.5100418 -0.06472031 -0.2610229
v 0.5085313 -0.0644442 -0.2669712
v 0.4863513 -0.03663765 -0.2423849
v 0.5048909 -0.06736939 -0.2701667
v 0.5063483 -0.06406098 -0.270661
v 0.5417061 -0.03295647 -0.1989459
v 0.5346104 -0.05218003 -0.205952
v 0.5308247 -0.02019745 -0.1961016
v 0.528116 -0.03407067 -0.1997618
v 0.5070643 -0.06777611 -0.2666567
v 0.5086 -0.06803078 -0.2610094
v 0.4696857 -0.03637757 -0.2621507
v 0.4723436 -0.03643754 -0.2485672
v 0.5314542 -0.04855919 -0.2138359
v 0.4840103 -0.06234986 -0.2682662
v 0.4755556 -0.05912819 -0.2709417
v 0.4788431 -0.05763207 -0.2727175
v 0.5020415 -0.06852585 -0.2681981
v 0.5038582 -0.06892525 -0.2653418
v 0.4841095 -0.03661561 -0.2350578
v 0.5081622 -0.06809151 -0.2552552
v 0.5095268 -0.06480057 -0.2548895
v 0.5051893 -0.06922402 -0.2607706
v 0.5261024 -0.04053711 -0.2022498
v 0.5223797 -0.04861069 -0.2071553
v 0.472715 -0.05872773 -0.2655658
v 0.4884119 -0.06574585 -0.2631541
v 0.5397047 -0.03437775 -0.1956742
v 0.5304913 -0.03976143 -0.1817977
v 0.5048999 -0.06930466 -0.256102
v 0.532215 -0.05405503 -0.2129371
v 0.5282764 -0.05344529 -0.2174712
v 0.5070048 -0.06475495 -0.2492479
v 0.5057947 -0.06804848 -0.2499819
v 0.5266287 -0.06036416 -0.2193477
v 0.5242091 -0.05721039 -0.2221193
v 0.469369 -0.05591622 -0.2516817
v 0.5029741 -0.06927063 -0.2518354
v 0.503777 -0.06329651 -0.2455688
v 0.5037685 -0.06463089 -0.2455657
v 0.4808038 -0.06641266 -0.2670382
v 0.4862533 -0.06985817 -0.261202
v 0.520394 -0.05206955 -0.2099449
v 0.5063969 -0.06368218 -0.2425461
v 0.5076677 -0.06469002 -0.2410938
v 0.5176805 -0.06157662 -0.2296078
v 0.5173454 -0.06484337 -0.2299797
v 0.4439371 -0.01657502 -0.2171791
v 0.4413075 0.0008871412 -0.2184046
v 0.4363705 0.000959239 -0.2211342
v 0.4376643 -0.01218705 -0.2205874
v 0.4980388 -0.06845879 -0.2520768
v 0.4954518 -0.07392258 -0.2489002
v 0.5003927 -0.06324898 -0.243239
v 0.495558 -0.06317658 -0.241449
v 0.513488 -0.05975274 -0.2207795
v 0.5161818 -0.05706459 -0.2165095
v 0.5022951 -0.06731766 -0.2472076
v 0.5075679 -0.07121132 -0.2404314
v 0.5005542 -0.0691655 -0.2491823
v 0.5260452 -0.06428734 -0.2150052
v 0.5268712 -0.06169777 -0.2185105
v 0.5240028 -0.0539608 -0.1890278
v 0.5326511 -0.0526281 -0.2023075
v 0.5013208 -0.06908684 -0.2483024
v 0.4771028 -0.06652932 -0.2613632
v 0.4400836 -0.02011345 -0.219355
v 0.5174766 -0.06838837 -0.2291456
v 0.5160979 -0.07133774 -0.2258192
v 0.4862677 -0.06304078 -0.2418316
v 0.4904243 -0.06309868 -0.2410728
v 0.5238139 -0.06482865 -0.211132
v 0.4928459 -0.07399506 -0.2447186
v 0.482867 -0.07093804 -0.2561835
v 0.5195998 -0.0398256 -0.1756588
v 0.4285924 -0.01397294 -0.1910529
v 0.4269197 0.001064677 -0.1923717
v 0.5057643 -0.07429055 -0.2372708
v 0.5140744 -0.07161652 -0.2213488
v 0.5062091 -0.04279435 -0.1830962
v 0.4481651 -0.02325669 -0.2149255
v 0.503201 -0.07446335 -0.2331634
v 0.5125104 -0.04612549 -0.1796532
v 0.4550383 -0.04365616 -0.2113951
v 0.5077946 -0.06879693 -0.2073961
v 0.5158401 -0.06346718 -0.1982649
v 0.4849899 -0.07048539 -0.2335262
v 0.480549 -0.06947632 -0.2386458
v 0.458062 -0.03893433 -0.2096592
v 0.5044307 -0.05149216 -0.1841959
v 0.4845869 -0.04864769 -0.1951236
v 0.4583552 -0.04640862 -0.2095936
v 0.4861368 -0.05592133 -0.1943629
v 0.498546 -0.07140877 -0.217968
v 0.4954228 -0.05438294 -0.1892133
v 0.4738554 -0.06425271 -0.2464031
v 0.4670801 -0.05150704 -0.2048395
v 0.4765655 -0.0547612 -0.199643
v 0.4910931 3.638744e-05 -0.1017627
v 0.4848706 -0.02487023 -0.1050332
v 0.4090819 -0.02373391 -0.1469184
v 0.4053792 -0.0136776 -0.1490344
v 0.424835 -0.04227051 -0.1380905
v 0.4685921 -0.04292771 -0.113913
v 0.5090159 0.06773208 -0.2665023
v 0.5068342 0.06739921 -0.270013
v 0.5040192 0.06862686 -0.2680451
v 0.5058365 0.06897277 -0.2651857
v 0.5022008 0.06650375 -0.2740815
v 0.5001784 0.06776588 -0.2714151
v 0.5103793 0.06435638 -0.2668253
v 0.5081938 0.06404502 -0.2705233
v 0.5034953 0.0632534 -0.2748447
v 0.5105525 0.06793807 -0.2608604
v 0.5119015 0.06458869 -0.2608815
v 0.4964091 0.06512771 -0.2763326
v 0.4953783 0.06648841 -0.2733975
v 0.5071861 0.06922271 -0.2606128
v 0.4961687 0.06178634 -0.2775816
v 0.4935368 0.06593658 -0.2737352
v 0.5068939 0.06930595 -0.2559398
v 0.5101134 0.06799057 -0.2550969
v 0.5113913 0.06466644 -0.2547462
v 0.4889992 0.06369346 -0.2740649
v 0.4908308 0.05998756 -0.2775748
v 0.5049702 0.0693103 -0.2516762
v 0.5077522 0.06801132 -0.2498316
v 0.5088673 0.06467483 -0.2491024
v 0.4996483 0.07104339 -0.2516765
v 0.4890942 0.06975883 -0.2621577
v 0.4875125 0.07098121 -0.2600142
v 0.4975897 0.07417617 -0.2487281
v 0.4973506 0.06843704 -0.2549719
v 0.4903178 0.06623344 -0.2630124
v 0.4999782 0.06886253 -0.2519609
v 0.5079045 0.07421821 -0.2370992
v 0.5096208 0.07110122 -0.2402646
v 0.5025419 0.06927078 -0.2490277
v 0.5033108 0.0691645 -0.2481445
v 0.4878418 0.05826919 -0.2768649
v 0.4860765 0.06133613 -0.2737742
v 0.4791434 0.06717987 -0.2610866
v 0.4827276 0.06712898 -0.2668886
v 0.4960908 0.074561 -0.2432605
v 0.5058708 0.07448989 -0.2323929
v 0.4849141 0.07157279 -0.2560226
v 0.4858079 0.06298141 -0.2681274
v 0.5042331 0.06736007 -0.2470551
v 0.5056219 0.06463325 -0.245417
v 0.5161337 0.07126869 -0.221194
v 0.5181439 0.0709346 -0.2256585
v 0.5194386 0.06796363 -0.2289918
v 0.5095212 0.06457412 -0.2409451
v 0.5192032 0.06442832 -0.2298362
v 0.5055961 0.06329902 -0.245428
v 0.5082178 0.06361259 -0.2424106
v 0.4834915 0.05446739 -0.274792
v 0.4822542 0.05693618 -0.2721148
v 0.4806096 0.05824317 -0.272351
v 0.4780905 0.05976768 -0.2716063
v 0.4744261 0.05967826 -0.2654294
v 0.4813988 0.05377922 -0.2730441
v 0.5194394 0.06114547 -0.229471
v 0.5022313 0.06334236 -0.2431081
v 0.4973849 0.063413 -0.2413106
v 0.5016368 0.03695098 -0.2435436
v 0.5278822 0.06358596 -0.214865
v 0.5286435 0.06097526 -0.2183763
v 0.5256866 0.06418807 -0.2109801
v 0.5105846 0.03683258 -0.2551907
v 0.5078827 0.03688262 -0.2696293
v 0.5107374 0.06215194 -0.2272223
v 0.5007181 0.06280029 -0.2258925
v 0.5152093 0.05943 -0.2206445
v 0.4812649 0.03727851 -0.2729494
v 0.4953117 0.03707267 -0.2772435
v 0.4870143 0.07121025 -0.2333917
v 0.4956694 0.07154998 -0.2234637
v 0.5283562 0.05965499 -0.2192082
v 0.5270012 0.05575157 -0.2206479
v 0.4789863 0.06784576 -0.2425478
v 0.4742973 0.062938 -0.2478521
v 0.4964537 0.03704849 -0.2682604
v 0.533757 0.05317222 -0.2128176
v 0.5297984 0.05268913 -0.2173543
v 0.4911879 0.06293922 -0.2251907
v 0.4922468 0.06348342 -0.2409293
v 0.5059071 0.05689132 -0.2114871
v 0.502576 0.03695388 -0.2589241
v 0.4698149 0.0534777 -0.252847
v 0.4767799 0.03734321 -0.2778916
v 0.4728836 0.03066612 -0.2821703
v 0.518564 0.05570922 -0.2151798
v 0.5100397 0.05325759 -0.2066908
v 0.4856779 0.03720436 -0.2653324
v 0.5176645 0.06303855 -0.1980955
v 0.5093027 0.06875907 -0.2077766
v 0.536094 0.05121116 -0.2058386
v 0.5363006 0.04931632 -0.2094712
v 0.4834929 0.06305366 -0.2265977
v 0.4880904 0.06354133 -0.2416881
v 0.5349011 0.0443119 -0.2112596
v 0.4765553 0.03734001 -0.2746453
v 0.4688948 0.03225456 -0.2812168
v 0.4716994 0.03130844 -0.2825025
v 0.5218893 0.05151985 -0.2098234
v 0.4955775 0.03704719 -0.2502157
v 0.5255525 0.05326049 -0.1889108
v 0.5342024 0.0517601 -0.2021372
v 0.4874055 0.03715751 -0.2423037
v 0.5246527 0.04591171 -0.205806
v 0.4655122 0.03186729 -0.2742882
v 0.4636732 0.03206291 -0.2595652
v 0.4900847 0.05724861 -0.2098524
v 0.5273459 0.03949958 -0.2020334
v 0.4851401 0.03719718 -0.2541836
v 0.4734029 0.03736061 -0.2484777
v 0.4707478 0.0374118 -0.2620718
v 0.5420276 0.03446083 -0.1995477
v 0.5414627 0.03376266 -0.2033759
v 0.539508 0.02942932 -0.2055482
v 0.4789302 0.05741378 -0.211891
v 0.5401292 0.03541336 -0.1961377
v 0.515506 0.0453022 -0.2003037
v 0.5061311 0.04830436 -0.2000122
v 0.4659506 0.01666984 -0.2841839
v 0.4688959 0.01617301 -0.285456
v 0.5194868 0.03408912 -0.1955681
v 0.4851716 0.03717369 -0.2349789
v 0.4892259 0.04854476 -0.1987678
v 0.462634 0.01649406 -0.2770656
v 0.5291078 0.03309844 -0.1996331
v 0.5314021 0.01933395 -0.1960623
v 0.4781517 0.05545074 -0.1995117
v 0.4969844 0.05451103 -0.1890873
v 0.507836 0.05035995 -0.1829817
v 0.4709619 0.05373832 -0.2034416
v 0.4606894 0.01542335 -0.2627304
v 0.4763328 0.04875305 -0.2026337
v 0.4700336 0.01588264 -0.2850147
v 0.5450651 0.01287292 -0.1986887
v 0.5416432 0.01608078 -0.2027094
v 0.5072908 0.03979034 -0.1941028
v 0.4887059 0.04001838 -0.1927179
v 0.5138351 0.04574089 -0.1795497
v 0.4591322 0.04011505 -0.2096108
v 0.4817226 0.05001983 -0.1973989
v 0.50743 0.04258666 -0.1830068
v 0.5365158 0.01592529 -0.1757463
v 0.5439467 0.01564743 -0.1922636
v 0.5316304 0.03885246 -0.1817087
v 0.507829 0.03363197 -0.1915192
v 0.5139 0.0300637 -0.1914801
v 0.4605186 0.04827301 -0.2090601
v 0.5222754 0.02252357 -0.1921902
v 0.5210934 0.02864219 -0.1936314
v 0.5033697 0.036249 -0.1915495
v 0.4744417 0.04029045 -0.1968444
v 0.5274631 0.02859191 -0.1715649
v 0.5227934 0.02612686 -0.1740773
v 0.5319446 0.01225471 -0.1949737
v 0.527979 0.01106796 -0.1923525
v 0.4521043 0.04037521 -0.2134955
v 0.4449455 0.03129135 -0.2172062
v 0.4488707 0.02480705 -0.2148691
v 0.5297247 -0.0004151964 -0.1923542
v 0.4443918 0.01812576 -0.2171571
v 0.4380476 0.01407661 -0.2205525
v 0.4698317 0.04365936 -0.1138117
v 0.4855974 0.02511978 -0.104978
v 0.429024 0.01603302 -0.1910213
v 0.4097961 0.02625907 -0.1468689
v 0.4260864 0.04431823 -0.1379967
v 0.4058143 0.01631492 -0.1490002
v 0.4742045 0.03888877 -0.1961264
v 0.5306048 0.01404556 -0.1694387
v 0.5453787 -0.01516785 -0.1952568
v 0.5466331 -0.0007656908 -0.1938871
v 0.5457374 0.01413307 -0.195267
v 0.4480621 0.05068817 -0.1258983
v 0.4466164 -0.04929772 -0.1260113
v 0.7083173 0.1667922 -0.00282175
v 0.7113903 0.1470651 -0.01196074
v 0.7118103 0.1713982 -0.00760313
v 0.7002788 0.1640363 0.0007251697
v 0.711734 0.1774031 -0.01348962
v 0.7103487 0.1742577 -0.00665499
v 0.7130843 0.1743865 -0.01485756
v 0.7034749 0.1694875 -0.001008329
v 0.7084001 0.1785256 -0.01283745
v 0.7071196 0.1753372 -0.00643231
v 0.7062941 0.1057065 0.00789537
v 0.702805 0.1075815 -0.00211781
v 0.7057517 0.1210847 0.00906663
v 0.7032836 0.1052901 0.01004961
v 0.7055289 0.1054739 0.00917778
v 0.7055649 0.1211249 0.01030022
v 0.7029793 0.121206 0.01226843
v 0.6696389 0.1253528 -0.09685132
v 0.6676113 0.1262808 -0.1018232
v 0.6685344 0.139229 -0.09758965
v 0.6701325 0.1380015 -0.09309419
v 0.6586415 0.1359595 -0.08877523
v 0.658407 0.1243528 -0.09195817
v 0.6956322 0.1052641 0.00988003
v 0.6951517 0.1210754 0.01146429
v 0.6819014 0.1188797 0.00581675
v 0.6822112 0.1062646 0.00413592
v 0.7045339 0.1363391 0.00819889
v 0.7016915 0.1372614 0.01142269
v 0.7042162 0.1367259 0.00949299
v 0.7110929 0.1497981 -0.02639214
v 0.7045558 0.1474437 -0.01848321
v 0.6991573 0.1498651 -0.02715611
v 0.6999344 0.1515198 -0.03580808
v 0.7026857 0.1439555 0.00411667
v 0.6997621 0.1442068 0.00271014
v 0.6999146 0.1078294 -0.00350723
v 0.6702071 0.1552637 -0.08976078
v 0.6708115 0.1469588 -0.08946658
v 0.6443547 0.1427464 -0.1010217
v 0.6623642 0.1414299 -0.09958492
v 0.6621691 0.1266265 -0.1038418
v 0.643806 0.1269182 -0.1059535
v 0.6939913 0.1368883 0.0107385
v 0.6806269 0.1355762 0.005503
v 0.7006528 0.1451243 -0.0021223
v 0.6962641 0.1465277 -0.00963681
v 0.6863341 0.147415 -0.01466211
v 0.6714899 0.1538535 -0.08621411
v 0.6881224 0.1494836 -0.02549607
v 0.6853679 0.1510622 -0.03392807
v 0.6358675 0.1268909 -0.1061047
v 0.635764 0.1258459 -0.1005756
v 0.6359242 0.1504119 -0.08820232
v 0.6360005 0.1424956 -0.1002719
v 0.673037 0.172411 -0.07760271
v 0.6732189 0.1641959 -0.07922098
v 0.7051706 0.1784335 -0.02859263
v 0.7095668 0.177418 -0.02442335
v 0.6771845 0.148833 -0.02244158
v 0.7105139 0.1794738 -0.01923716
v 0.7116707 0.1763918 -0.02081113
v 0.6672425 0.1573038 -0.09168073
v 0.6697621 0.1745599 -0.07884106
v 0.6593386 0.1433491 -0.08601642
v 0.661154 0.1562865 -0.07949493
v 0.708561 0.1805059 -0.02274844
v 0.704438 0.181478 -0.02679478
v 0.6859694 0.1443545 0.00145956
v 0.6755345 0.1459926 -0.00748546
v 0.6750118 0.169835 -0.0728959
v 0.6984279 0.1715554 -0.00323613
v 0.6965175 0.166879 0.00473266
v 0.6996993 0.1657458 0.00254342
v 0.7073845 0.1803551 -0.01757555
v 0.705819 0.1812697 -0.02046197
v 0.669718 0.1491103 -0.02414143
v 0.6992359 0.1819716 -0.02924416
v 0.6996015 0.1789676 -0.03115952
v 0.7025258 0.1821609 -0.02379627
v 0.6623021 0.1621359 -0.07542973
v 0.6646889 0.169101 -0.06843728
v 0.6904416 0.1665242 0.00443853
v 0.6962014 0.1760056 -0.00891768
v 0.6634087 0.1586865 -0.09133811
v 0.6467844 0.1638077 -0.08937827
v 0.6983382 0.1826022 -0.02583426
v 0.6746138 0.1754398 -0.07303301
v 0.6765711 0.1738533 -0.06754723
v 0.6934548 0.1790332 -0.03179454
v 0.6934853 0.182031 -0.02982903
v 0.6773723 0.1802563 -0.06401658
v 0.6785628 0.176546 -0.06113581
v 0.6767446 0.1644576 -3.249943e-05
v 0.6936803 0.1826495 -0.02629852
v 0.6886547 0.177431 -0.0311064
v 0.6886476 0.1787441 -0.03086892
v 0.695761 0.175181 -0.0004006499
v 0.6934316 0.1799004 -0.00732382
v 0.6661119 0.1719665 -0.06476939
v 0.6873468 0.1784673 -0.03476234
v 0.6867244 0.179777 -0.03638624
v 0.6817838 0.1792139 -0.05112218
v 0.6819384 0.1823483 -0.05008608
v 0.6341484 0.1248852 -0.00216313
v 0.6338949 0.1071865 -0.00234924
v 0.6337903 0.1061361 0.0031929
v 0.6339638 0.1193247 0.00410301
v 0.6914217 0.1810868 -0.0221116
v 0.6873772 0.1863545 -0.02052059
v 0.6849448 0.1770775 -0.02937558
v 0.6809774 0.1764346 -0.02614622
v 0.672042 0.1775537 -0.05221033
v 0.669691 0.1756822 -0.05707715
v 0.6893328 0.1810259 -0.02833734
v 0.6861009 0.1862417 -0.03549489
v 0.6901726 0.1824124 -0.02555936
v 0.6733199 0.1844092 -0.06497594
v 0.6767685 0.1816789 -0.06440392
v 0.6498015 0.1761878 -0.07781847
v 0.6656262 0.1750229 -0.07888674
v 0.6897939 0.1825266 -0.02666012
v 0.6889958 0.175232 -1.836955e-05
v 0.6341061 0.1276015 0.00280919
v 0.6812816 0.1859316 -0.0499932
v 0.6777114 0.1889177 -0.04994295
v 0.6766634 0.1748705 -0.0180579
v 0.6780846 0.1756184 -0.02196653
v 0.66885 0.184943 -0.06488605
v 0.6824529 0.186397 -0.02034457
v 0.6873921 0.1808903 -0.00671923
v 0.6360222 0.162766 -0.08310073
v 0.6038501 0.1222835 -0.00239262
v 0.6041559 0.1071083 -0.00292785
v 0.682462 0.1892774 -0.03497829
v 0.6728282 0.1892761 -0.05037005
v 0.6357678 0.1630302 -0.06750266
v 0.6343107 0.1322968 -0.00571851
v 0.6776232 0.1894186 -0.03478453
v 0.6359367 0.1675573 -0.07399367
v 0.6346899 0.1537266 -0.00977647
v 0.6576049 0.1867664 -0.05237427
v 0.6537198 0.1835203 -0.06465774
v 0.6688318 0.1827309 -0.01976501
v 0.6710451 0.1806249 -0.01363184
v 0.6346985 0.1496819 -0.01403004
v 0.6358308 0.1712329 -0.063934
v 0.6353728 0.1644987 -0.04212299
v 0.6347883 0.1570924 -0.01301446
v 0.6354889 0.1719609 -0.04255625
v 0.6621361 0.1870297 -0.03882709
v 0.6356721 0.1722895 -0.05327885
v 0.6744164 0.1738005 -0.00501036
v 0.6350336 0.1638383 -0.02191122
v 0.635276 0.1689207 -0.03199485
v 0.557773 0.1256387 -0.1020971
v 0.557494 0.1489471 -0.09085467
v 0.5558732 0.1327941 -0.00578978
v 0.5558545 0.12215 -0.00333619
v 0.5561047 0.1541845 -0.02035313
v 0.5570448 0.1635113 -0.06946313
v 0.7094029 0.04736335 -0.04801976
v 0.7113526 0.04705818 -0.0443725
v 0.7082408 0.04559677 -0.04315378
v 0.7066732 0.04577766 -0.0461718
v 0.7125592 0.04689002 -0.03826198
v 0.7092389 0.04557441 -0.03806914
v 0.7103646 0.05086471 -0.04843722
v 0.7124742 0.05052162 -0.04469837
v 0.7138674 0.05021942 -0.03842582
v 0.7052852 0.04788131 -0.05214405
v 0.705978 0.05138092 -0.05270256
v 0.711613 0.04717872 -0.03197507
v 0.7085556 0.04593856 -0.0327773
v 0.7033876 0.04613151 -0.04961792
v 0.7125743 0.0503247 -0.03057471
v 0.7079274 0.04617576 -0.03094478
v 0.6991945 0.04641128 -0.05168418
v 0.7000743 0.04826408 -0.05461657
v 0.7004097 0.05176033 -0.055302
v 0.7059441 0.04767372 -0.02652287
v 0.7098995 0.05129409 -0.02571319
v 0.6945403 0.04648788 -0.05214369
v 0.694334 0.04834571 -0.05519909
v 0.69426 0.05186248 -0.05592987
v 0.6918796 0.04398078 -0.0479055
v 0.6956797 0.04274864 -0.03352035
v 0.6930324 0.04149314 -0.0334391
v 0.688297 0.04084205 -0.04814571
v 0.6935848 0.0459159 -0.04387082
v 0.6970317 0.04633033 -0.03353088
v 0.692291 0.04615341 -0.04766825
v 0.6833834 0.04336143 -0.06267632
v 0.6869829 0.04641441 -0.06204021
v 0.6910326 0.0463916 -0.05136997
v 0.690652 0.04668861 -0.05244216
v 0.7077901 0.05259849 -0.02321511
v 0.7042308 0.04958099 -0.02376402
v 0.6897765 0.04388496 -0.02511307
v 0.6965935 0.04397041 -0.02530436
v 0.6828125 0.04071243 -0.04962652
v 0.6782909 0.04319671 -0.06330644
v 0.6882764 0.04086631 -0.03329109
v 0.6992064 0.04841064 -0.02660127
v 0.6901699 0.04869888 -0.05345188
v 0.6894457 0.05173538 -0.05496944
v 0.6737238 0.04888473 -0.0770144
v 0.6785951 0.04912834 -0.07647242
v 0.6821294 0.05195953 -0.07541936
v 0.6875225 0.05276824 -0.06048673
v 0.6827429 0.05533241 -0.07418896
v 0.6894423 0.0530445 -0.05471027
v 0.6881398 0.05339195 -0.05848652
v 0.7038198 0.05586822 -0.01986541
v 0.7008827 0.05348335 -0.02055716
v 0.7002651 0.0519284 -0.01926515
v 0.6983605 0.05011291 -0.01774807
v 0.6911789 0.05018623 -0.01764889
v 0.7012598 0.05638305 -0.01882169
v 0.6825447 0.0586325 -0.0740001
v 0.6857506 0.05269721 -0.05299051
v 0.6817708 0.0520549 -0.04975444
v 0.6858306 0.0785604 -0.04768612
v 0.674117 0.05876701 -0.08881657
v 0.6775385 0.06114761 -0.0872835
v 0.6696547 0.05818115 -0.08896158
v 0.7003911 0.07901138 -0.04956174
v 0.7115444 0.07730216 -0.04015652
v 0.6762464 0.05652801 -0.06786063
v 0.670085 0.05449821 -0.06008274
v 0.6727857 0.06045219 -0.07444079
v 0.7011109 0.07262115 -0.01588901
v 0.7118529 0.07456344 -0.02571882
v 0.6697277 0.0435041 -0.04616302
v 0.6654573 0.04533309 -0.05849228
v 0.6781151 0.06233238 -0.08639953
v 0.6786846 0.06584777 -0.08385727
v 0.6736431 0.04481521 -0.03422349
v 0.6758922 0.04848274 -0.02676028
v 0.7046445 0.07553894 -0.03111188
v 0.6752812 0.07008377 -0.09302684
v 0.6772309 0.06957031 -0.0873329
v 0.6647121 0.05298912 -0.05232443
v 0.6788716 0.05124603 -0.04557239
v 0.660204 0.06234848 -0.07057549
v 0.6996201 0.07736343 -0.04091422
v 0.6779767 0.05669158 -0.01883509
v 0.7031484 0.07145385 -0.00964143
v 0.7049057 0.07707206 -0.00305212
v 0.6697306 0.06509544 -0.07934663
v 0.6581166 0.06696495 -0.07583078
v 0.6967209 0.07401924 -0.02339047
v 0.6544853 0.05922546 -0.08826454
v 0.6586884 0.05149383 -0.07735933
v 0.6704058 0.07297248 -0.09811602
v 0.673655 0.07455413 -0.09617448
v 0.662083 0.05159706 -0.0450887
v 0.6774504 0.05049797 -0.04166371
v 0.674504 0.07911674 -0.09323118
v 0.7002248 0.07170509 -0.01104793
v 0.7020858 0.07499069 -0.0003955495
v 0.7046013 0.0762326 -0.001990129
v 0.6667543 0.0701863 -0.0840927
v 0.6885793 0.07697517 -0.03924973
v 0.650475 0.07083869 -0.09781666
v 0.6662545 0.07246871 -0.09842061
v 0.6776412 0.07632453 -0.03619523
v 0.6646569 0.07647361 -0.08745383
v 0.6943939 0.07546493 -0.0008550095
v 0.6807241 0.0762741 -0.00657038
v 0.6508773 0.05975914 -0.05794799
v 0.6627362 0.08352089 -0.09049499
v 0.6867967 0.07491333 -0.02842017
v 0.6759868 0.07348274 -0.02124787
v 0.6864321 0.07185272 -0.01229851
v 0.6679244 0.09090683 -0.1033655
v 0.6709574 0.09117707 -0.1008774
v 0.6718614 0.09496201 -0.09738827
v 0.6470653 0.057742 -0.0474595
v 0.6640222 0.08997933 -0.103591
v 0.6553185 0.07617607 -0.08225639
v 0.6503786 0.07183502 -0.07492581
v 0.7031832 0.08963829 0.00628274
v 0.7057573 0.09046006 0.00448344
v 0.6532076 0.08822861 -0.08603627
v 0.6701808 0.07660865 -0.03789946
v 0.6408483 0.06916404 -0.06116221
v 0.6953601 0.08993073 0.00563684
v 0.6615386 0.09029816 -0.09206807
v 0.6595934 0.1045086 -0.09339287
v 0.6359553 0.06063301 -0.05255041
v 0.636344 0.06529563 -0.07358198
v 0.6364821 0.07154571 -0.08512258
v 0.6357638 0.06089698 -0.04418591
v 0.6819731 0.09193734 0.0004225599
v 0.6377496 0.06668434 -0.04829886
v 0.7059441 0.09095543 0.00334629
v 0.6686992 0.1126981 -0.1026304
v 0.6704705 0.1086753 -0.09828921
v 0.6458406 0.08090714 -0.07734614
v 0.6353488 0.07800796 -0.06221719
v 0.6365094 0.07729476 -0.09112697
v 0.6351916 0.07199867 -0.02869331
v 0.6359111 0.06670181 -0.05569307
v 0.6363008 0.07913757 -0.08341412
v 0.644556 0.1103984 -0.1071659
v 0.6625759 0.1103554 -0.105322
v 0.6472768 0.08656716 -0.1040446
v 0.6438722 0.08727723 -0.0780079
v 0.646874 0.09170762 -0.08258524
v 0.6354079 0.06422096 -0.03156352
v 0.6516765 0.100331 -0.08806947
v 0.6523336 0.09400254 -0.08741424
v 0.6416689 0.08402672 -0.07464435
v 0.6317903 0.07523666 -0.04806697
v 0.6364084 0.09692582 -0.1037036
v 0.6362494 0.09843316 -0.09805589
v 0.6589217 0.1116563 -0.09316221
v 0.6546691 0.1124564 -0.09086474
v 0.6350419 0.07034828 -0.0208319
v 0.634676 0.07789535 -0.01132176
v 0.6346147 0.08507439 -0.01469429
v 0.6555434 0.1240274 -0.09035874
v 0.6343567 0.09078194 -0.00858749
v 0.6341252 0.09352066 -0.0008017295
v 0.5575769 0.0784349 -0.08560592
v 0.5578096 0.09983071 -0.1001823
v 0.6040385 0.09280106 -0.0079868
v 0.5561876 0.08367226 -0.01510445
v 0.5566492 0.06910758 -0.0365026
v 0.5560425 0.09268151 -0.00893233
v 0.6310499 0.07664367 -0.04797498
v 0.6361378 0.1119083 -0.1049041
v 0.665884 0.140658 -0.09971857
v 0.665325 0.1267822 -0.1039638
v 0.6660723 0.1118553 -0.1051075
v 0.5571596 0.06718963 -0.06230839
v 0.5565346 0.1654293 -0.04365734
v 0.7043267 -0.05657074 -0.02570558
v 0.7073995 -0.0782338 -0.02754639
v 0.7078197 -0.05387772 -0.03177397
v 0.6962883 -0.05794732 -0.02142999
v 0.7077434 -0.05024834 -0.03935926
v 0.7063581 -0.0508664 -0.03186103
v 0.7090938 -0.0535508 -0.03961298
v 0.6994843 -0.05341774 -0.02492338
v 0.7044097 -0.04897042 -0.03913034
v 0.7031291 -0.04977585 -0.03202099
v 0.7023035 -0.110307 0.00525775
v 0.6988144 -0.1119698 -0.00479285
v 0.701761 -0.09545556 0.00109869
v 0.6992928 -0.1099614 0.00742446
v 0.7015383 -0.1100869 0.00654236
v 0.7015743 -0.09499596 0.00224417
v 0.6989888 -0.0942466 0.00406596
v 0.6656482 -0.127671 -0.09989138
v 0.6636208 -0.1284994 -0.1048808
v 0.6645438 -0.1148841 -0.1053311
v 0.6661418 -0.1145001 -0.1006869
v 0.6546509 -0.1149418 -0.09593001
v 0.6544164 -0.1269371 -0.09495129
v 0.6916417 -0.1100439 0.00727402
v 0.6911611 -0.09464432 0.00335495
v 0.6779109 -0.09863915 -0.00120101
v 0.6782205 -0.1110684 0.00153415
v 0.7005431 -0.08141793 -0.00493402
v 0.6977008 -0.0794487 -0.00222005
v 0.7002254 -0.08061181 -0.00385026
v 0.7071022 -0.08060143 -0.04204219
v 0.7005651 -0.08010888 -0.03380496
v 0.6951667 -0.08079979 -0.04278301
v 0.6959438 -0.08220398 -0.05147916
v 0.6986949 -0.07565705 -0.01137501
v 0.6957714 -0.07590195 -0.01278268
v 0.6959239 -0.1122121 -0.00618325
v 0.6662163 -0.09713875 -0.1034586
v 0.6668209 -0.1048421 -0.1003417
v 0.6403643 -0.1127527 -0.1097593
v 0.6583736 -0.1134984 -0.1079588
v 0.6581786 -0.128865 -0.1068958
v 0.6398154 -0.1293131 -0.1089801
v 0.6900008 -0.08003327 -0.00273539
v 0.6766362 -0.08305695 -0.00720636
v 0.6966622 -0.07669266 -0.01763745
v 0.6922734 -0.07794396 -0.02517878
v 0.6823433 -0.07882889 -0.03020451
v 0.6674993 -0.0972509 -0.09964348
v 0.6841318 -0.08059052 -0.04109259
v 0.6813771 -0.08199112 -0.04955597
v 0.6318768 -0.1293905 -0.1091127
v 0.6317734 -0.1284814 -0.1035597
v 0.6319337 -0.101165 -0.1003347
v 0.6320099 -0.1127319 -0.1089688
v 0.6690465 -0.07686722 -0.09789847
v 0.6692284 -0.08514046 -0.09660939
v 0.70118 -0.05444565 -0.05390385
v 0.705576 -0.05397393 -0.04963868
v 0.6731938 -0.08015717 -0.0379998
v 0.7065233 -0.05026825 -0.04546841
v 0.7076801 -0.0537027 -0.04589336
v 0.6632518 -0.09587845 -0.1059605
v 0.6657715 -0.07527161 -0.09979707
v 0.6553479 -0.1070542 -0.09586501
v 0.6571633 -0.09266663 -0.09416162
v 0.7045702 -0.05049935 -0.04912093
v 0.7004476 -0.05096978 -0.05325572
v 0.6819786 -0.07619095 -0.01400833
v 0.6715441 -0.07771096 -0.02297418
v 0.671021 -0.07767823 -0.09259443
v 0.6944371 -0.05223641 -0.02772411
v 0.6925269 -0.05390534 -0.01863645
v 0.6957085 -0.055719 -0.02030608
v 0.7033937 -0.04887185 -0.04420841
v 0.7018285 -0.04899964 -0.04723356
v 0.6657274 -0.08047791 -0.03969199
v 0.6952452 -0.05134369 -0.0557262
v 0.6956108 -0.05482163 -0.05649863
v 0.6985353 -0.04930253 -0.05067161
v 0.6583113 -0.08577965 -0.0923422
v 0.6606983 -0.07684288 -0.08815368
v 0.686451 -0.05433938 -0.01879149
v 0.6922107 -0.04999787 -0.03458506
v 0.6594179 -0.0944619 -0.1061115
v 0.6427938 -0.08897927 -0.1060213
v 0.6943474 -0.04958489 -0.05273761
v 0.670623 -0.07245827 -0.09464023
v 0.6725804 -0.07207283 -0.08894268
v 0.689464 -0.05497719 -0.05711779
v 0.6894947 -0.05148797 -0.05629611
v 0.6733817 -0.06484841 -0.08781491
v 0.6745722 -0.06734971 -0.08383886
v 0.6727538 -0.05781052 -0.02228608
v 0.6896895 -0.04969925 -0.05319005
v 0.6846639 -0.05624741 -0.05592313
v 0.6846569 -0.05493233 -0.05614908
v 0.6917705 -0.04785973 -0.02629963
v 0.6894409 -0.04579285 -0.0344194
v 0.6621213 -0.07289574 -0.08568703
v 0.6833562 -0.05652405 -0.05971303
v 0.6827339 -0.0558487 -0.06168695
v 0.6777931 -0.06141785 -0.07534162
v 0.6779477 -0.05811806 -0.07544004
v 0.6301578 -0.0957251 -0.01075366
v 0.6299043 -0.1124201 -0.00487524
v 0.6297996 -0.1115116 0.0006919199
v 0.6299731 -0.09880715 -0.0029636
v 0.6874309 -0.04973565 -0.04872118
v 0.6833866 -0.04424157 -0.04902774
v 0.6809542 -0.05598763 -0.0541758
v 0.6769866 -0.05548722 -0.05092132
v 0.6680513 -0.06335007 -0.07579631
v 0.6657003 -0.06677323 -0.07972956
v 0.6853423 -0.05192223 -0.05455061
v 0.6821103 -0.049469 -0.06306041
v 0.686182 -0.04966919 -0.05241437
v 0.6693292 -0.06127411 -0.09013678
v 0.6727779 -0.06364418 -0.08866543
v 0.6458109 -0.07339203 -0.09939295
v 0.6616356 -0.07485207 -0.09999837
v 0.6858034 -0.04993836 -0.05348783
v 0.6850054 -0.04768105 -0.02595785
v 0.6301155 -0.09147194 -0.00701024
v 0.677291 -0.05471909 -0.07657831
v 0.6737207 -0.05189591 -0.07755239
v 0.6726728 -0.05419068 -0.04278583
v 0.674094 -0.0548246 -0.04671457
v 0.6648592 -0.06074173 -0.09023489
v 0.6784621 -0.04414139 -0.0488769
v 0.6834014 -0.04465584 -0.03418985
v 0.6320314 -0.08781113 -0.0997661
v 0.5998595 -0.09824837 -0.01007947
v 0.6001652 -0.1126915 -0.0053922
v 0.6784714 -0.04643975 -0.06361321
v 0.6688376 -0.05170525 -0.07807631
v 0.6317772 -0.08222794 -0.08519907
v 0.6303203 -0.08997643 -0.01662956
v 0.6736327 -0.04624077 -0.06347946
v 0.6319461 -0.08019394 -0.09284698
v 0.6306993 -0.07122704 -0.02777218
v 0.6536144 -0.05474907 -0.0791013
v 0.6497292 -0.06200058 -0.08953375
v 0.6648412 -0.04738808 -0.0470784
v 0.6670546 -0.04726952 -0.0405948
v 0.6307078 -0.07648255 -0.03038588
v 0.6318404 -0.07329941 -0.08465113
v 0.6313821 -0.07216767 -0.06185225
v 0.6307976 -0.06917153 -0.03196611
v 0.6314982 -0.06530365 -0.06481162
v 0.6581453 -0.04986817 -0.06646119
v 0.6316815 -0.06866227 -0.07499993
v 0.6704257 -0.05073357 -0.03015919
v 0.6310429 -0.06587548 -0.04263351
v 0.6312852 -0.06454834 -0.0538473
v 0.5537823 -0.1291965 -0.1049185
v 0.5535034 -0.1034486 -0.1023261
v 0.5518826 -0.08953362 -0.01686659
v 0.5518638 -0.0986966 -0.01092047
v 0.5521141 -0.07441414 -0.03786762
v 0.5530542 -0.08244645 -0.08720586
v 0.7054125 -0.1842557 -0.02733076
v 0.7073619 -0.183295 -0.02379909
v 0.7042501 -0.1842515 -0.02215402
v 0.7026824 -0.1851138 -0.0250519
v 0.7085686 -0.1813631 -0.01799957
v 0.7052483 -0.1825334 -0.01736839
v 0.7063738 -0.1811083 -0.02892058
v 0.7084836 -0.1801519 -0.02528987
v 0.7098769 -0.1782906 -0.01929225
v 0.7012947 -0.1851795 -0.03138349
v 0.7019875 -0.1820821 -0.03310524
v 0.7076222 -0.1789416 -0.01219054
v 0.704565 -0.1803814 -0.01252021
v 0.6993972 -0.1859599 -0.02841122
v 0.7085837 -0.1755064 -0.01195062
v 0.7039368 -0.1795317 -0.01087934
v 0.695204 -0.1864037 -0.03044856
v 0.6960837 -0.1856655 -0.0338378
v 0.6964189 -0.1826146 -0.03567768
v 0.7019535 -0.1766116 -0.00723645
v 0.705909 -0.1729327 -0.00771384
v 0.6905498 -0.1864888 -0.03090657
v 0.6903433 -0.185788 -0.03441311
v 0.6902693 -0.1827333 -0.03630264
v 0.687889 -0.1873952 -0.02606649
v 0.691689 -0.183633 -0.01212745
v 0.6890419 -0.1847851 -0.01162168
v 0.6843064 -0.1904268 -0.02521869
v 0.689594 -0.1841969 -0.02293698
v 0.693041 -0.1802709 -0.01336235
v 0.6883003 -0.1852725 -0.02658664
v 0.6793929 -0.1930291 -0.03973468
v 0.6829923 -0.1899427 -0.04018111
v 0.687042 -0.1863147 -0.03014658
v 0.6866616 -0.1864024 -0.03125567
v 0.7037996 -0.1708527 -0.00581253
v 0.7002404 -0.1738759 -0.00529629
v 0.685786 -0.1796898 -0.00461584
v 0.6926027 -0.1796749 -0.0048248
v 0.6788219 -0.1910552 -0.02656586
v 0.6743003 -0.1933994 -0.04027046
v 0.6842858 -0.1853235 -0.01126822
v 0.6952158 -0.1759461 -0.00756216
v 0.6861794 -0.1848586 -0.03289206
v 0.685455 -0.1825243 -0.03535663
v 0.6697332 -0.1927429 -0.05509715
v 0.6746047 -0.1923285 -0.05467118
v 0.6781386 -0.1893079 -0.05464994
v 0.6835318 -0.1834408 -0.04089446
v 0.6787523 -0.1857176 -0.05464732
v 0.6854515 -0.1812055 -0.03556086
v 0.6841493 -0.1821706 -0.03922818
v 0.6998293 -0.1666344 -0.00378317
v 0.6968921 -0.169112 -0.00361752
v 0.6962743 -0.1701313 -0.0018716
v 0.6943698 -0.1713184 0.0001749294
v 0.6871883 -0.1712156 0.0002430498
v 0.6972692 -0.1657936 -0.00297847
v 0.678554 -0.182552 -0.05559857
v 0.6817601 -0.1809436 -0.03382603
v 0.6777803 -0.1804404 -0.03056542
v 0.6818401 -0.1548259 -0.03768727
v 0.6701264 -0.1874931 -0.06956748
v 0.6735478 -0.1847317 -0.0689411
v 0.6656641 -0.1880932 -0.06950338
v 0.6964006 -0.1550436 -0.03960402
v 0.7075539 -0.153433 -0.03018141
v 0.6722557 -0.1824297 -0.04910957
v 0.6660942 -0.1816769 -0.04110651
v 0.668795 -0.1809927 -0.05663504
v 0.6971202 -0.1495318 -0.00577641
v 0.7078624 -0.1510686 -0.01567772
v 0.6657369 -0.1872472 -0.02426605
v 0.6614667 -0.1897453 -0.03647732
v 0.6741246 -0.183316 -0.06851566
v 0.6746939 -0.1791431 -0.06732905
v 0.6696526 -0.1819315 -0.013495
v 0.6719016 -0.1759326 -0.00773625
v 0.7006539 -0.1519965 -0.02107916
v 0.6712906 -0.1782988 -0.07739442
v 0.6732402 -0.1768339 -0.07186825
v 0.6607215 -0.1804415 -0.03329995
v 0.6748812 -0.1797701 -0.02635894
v 0.6562133 -0.1778888 -0.05365142
v 0.6956295 -0.1536346 -0.03091436
v 0.6739861 -0.1655083 -0.00309659
v 0.6991579 -0.1484919 0.0004936397
v 0.7009151 -0.1409588 0.00476402
v 0.6657399 -0.1783074 -0.06283311
v 0.654126 -0.1753482 -0.0601687
v 0.6927303 -0.1507837 -0.01330364
v 0.6504947 -0.1868735 -0.06920556
v 0.6546977 -0.190409 -0.05631365
v 0.6664153 -0.1773249 -0.08316467
v 0.6696645 -0.1751746 -0.08188118
v 0.6580925 -0.1792748 -0.02602448
v 0.6734598 -0.1791362 -0.02243014
v 0.6705135 -0.1698805 -0.08067589
v 0.6962342 -0.1487368 -0.00091398
v 0.698095 -0.142006 0.00797223
v 0.7006107 -0.1413844 0.00604908
v 0.6627639 -0.1751468 -0.06903413
v 0.6845886 -0.1534302 -0.02921746
v 0.6464846 -0.1792277 -0.08215358
v 0.662264 -0.1779025 -0.0832786
v 0.6736507 -0.1529968 -0.02612465
v 0.6606662 -0.1703883 -0.07434293
v 0.6904033 -0.1417175 0.0073783
v 0.6767333 -0.142912 0.00173086
v 0.6468865 -0.1760031 -0.04089985
v 0.6587456 -0.1648061 -0.07961102
v 0.6828061 -0.1516637 -0.01833581
v 0.671996 -0.150555 -0.01110677
v 0.6824414 -0.1490258 -0.00213963
v 0.6639339 -0.1622676 -0.09423151
v 0.6669667 -0.1611627 -0.09198591
v 0.6678707 -0.1564127 -0.09000167
v 0.6430748 -0.1743114 -0.03035398
v 0.6600316 -0.1632163 -0.09412619
v 0.6513277 -0.1688902 -0.06935718
v 0.646388 -0.1704623 -0.06098396
v 0.6991924 -0.1259577 0.00923803
v 0.7017667 -0.1258009 0.00726616
v 0.6492171 -0.1588573 -0.07703132
v 0.6661902 -0.1533128 -0.02782328
v 0.6368576 -0.1682648 -0.04713688
v 0.6913695 -0.1259039 0.00853105
v 0.6575478 -0.1589756 -0.08340718
v 0.6556026 -0.1460753 -0.08951235
v 0.6319649 -0.1733359 -0.03612666
v 0.6323534 -0.1761477 -0.05748458
v 0.6324914 -0.1742217 -0.07046684
v 0.6317732 -0.170227 -0.02835689
v 0.6779825 -0.1258016 0.00294494
v 0.633759 -0.1661954 -0.03420119
v 0.7019533 -0.1257243 0.00602816
v 0.6647087 -0.1415391 -0.1009938
v 0.6664797 -0.1438345 -0.0955385
v 0.64185 -0.1627651 -0.0663612
v 0.6313582 -0.160315 -0.05115306
v 0.6325188 -0.170873 -0.07807541
v 0.631201 -0.1544961 -0.01759561
v 0.6319203 -0.1687079 -0.04115547
v 0.6323102 -0.1665032 -0.07145801
v 0.6405654 -0.1452513 -0.1044692
v 0.6585851 -0.1446611 -0.1027218
v 0.6432863 -0.1665778 -0.09338536
v 0.6398816 -0.1570055 -0.06916174
v 0.6428832 -0.1544078 -0.07497832
v 0.6314174 -0.1627864 -0.01763258
v 0.647686 -0.1481802 -0.08308119
v 0.6483431 -0.1539029 -0.080301
v 0.6376782 -0.1589095 -0.0648893
v 0.6277997 -0.1580795 -0.03690836
v 0.6324177 -0.1567272 -0.0966078
v 0.6322587 -0.1533792 -0.09181624
v 0.6549311 -0.1392797 -0.09174026
v 0.6506783 -0.1377422 -0.08985498
v 0.6310515 -0.1533582 -0.00964383
v 0.6306854 -0.1430135 -0.00328849
v 0.6306241 -0.137421 -0.00891299
v 0.6515526 -0.1266959 -0.09333703
v 0.630366 -0.1299689 -0.00512657
v 0.6301344 -0.1247325 0.00125294
v 0.5535863 -0.1679132 -0.07327727
v 0.5538188 -0.1527932 -0.09429242
v 0.6000479 -0.1278661 -0.00525268
v 0.5521968 -0.1388788 -0.00881887
v 0.5526585 -0.1598837 -0.02394515
v 0.5520518 -0.1283018 -0.00610032
v 0.6270595 -0.1567259 -0.03730314
v 0.6321472 -0.1430589 -0.1028603
v 0.6618933 -0.1142694 -0.1078204
v 0.6613344 -0.1287603 -0.1070638
v 0.6620816 -0.1431783 -0.1030332
v 0.5531688 -0.1705121 -0.04753867
v 0.5525438 -0.07181801 -0.06361234
v 0.6898006 0.04673873 -0.05380023
v 0.6886008 0.1843026 -0.02969186
v 0.6931504 0.142663 0.00315488
v 0.6903231 0.06169998 -0.01846388
v 0.666227 0.1753294 -0.0752137
v 0.6624855 0.06818702 -0.09032588
v 0.6618492 0.1072737 -0.0978891
v 0.6631075 0.143307 -0.09021769
v 0.4998149 -0.07155922 -0.2408771
v 0.4904133 0.06755699 -0.2489248
v 0.516194 0.05629302 -0.2081292
v 0.529098 -0.05110993 -0.2036611
v 0.5301002 0.02049568 -0.1976152
v 0.5323915 -0.01629525 -0.1975469
v 0.4756065 -0.03983979 -0.2739836
v 0.4739255 0.0439598 -0.2717092
vt 0.8777703 0.099665
vt 0.8746353 0.098929
vt 0.8760973 0.1048943
vt 0.8483738 0.0456677
vt 0.8468627 0.0485512
vt 0.850893 0.0469885
vt 0.8421476 0.0428113
vt 0.8323295 0.0426198
vt 0.8468627 0.0485512
vt 0.8535561 0.0854989
vt 0.8475301 0.0955273
vt 0.8637121 0.093195
vt 0.7785193 0.0946776
vt 0.7895821 0.103754
vt 0.7872722 0.0851065
vt 0.7701823 0.1026191
vt 0.7723025 0.1080533
vt 0.7785193 0.0946776
vt 0.8035558 0.0622767
vt 0.7958144 0.0739307
vt 0.814921 0.0699488
vt 0.8271676 0.1251729
vt 0.8386685 0.1315797
vt 0.8342397 0.1154371
vt 0.8386685 0.1315797
vt 0.8430675 0.1394395
vt 0.8466404 0.1366587
vt 0.7776231 0.0765323
vt 0.7711231 0.0697924
vt 0.7689398 0.0760687
vt 0.7673285 0.0867564
vt 0.7695568 0.0848166
vt 0.7681276 0.0792159
vt 0.8199635 0.1349714
vt 0.8013516 0.1387015
vt 0.8074502 0.1421302
vt 0.8716642 0.0980465
vt 0.8725283 0.0937326
vt 0.8637121 0.093195
vt 0.7976526 0.0455879
vt 0.7952403 0.0434476
vt 0.7916327 0.045222
vt 0.7682541 0.0975463
vt 0.7701823 0.1026191
vt 0.7785193 0.0946776
vt 0.8585292 0.1323223
vt 0.8684437 0.1237412
vt 0.8670383 0.1227875
vt 0.8051946 0.0342589
vt 0.7933842 0.0356
vt 0.7930136 0.0373565
vt 0.8671451 0.0616843
vt 0.8644729 0.0560557
vt 0.8651465 0.0590095
vt 0.8777703 0.099665
vt 0.8797059 0.0984397
vt 0.8783826 0.0943841
vt 0.8670383 0.1227875
vt 0.8684437 0.1237412
vt 0.8728325 0.1112677
vt 0.8306051 0.1513099
vt 0.8309083 0.153224
vt 0.8367681 0.1505964
vt 0.8306051 0.1513099
vt 0.8385321 0.1483579
vt 0.8374101 0.1457125
vt 0.8306051 0.1513099
vt 0.8294675 0.1482158
vt 0.8190268 0.148498
vt 0.8362872 0.1431033
vt 0.8284627 0.145442
vt 0.8294675 0.1482158
vt 0.8374101 0.1457125
vt 0.8385321 0.1483579
vt 0.8464695 0.1447074
vt 0.8385321 0.1483579
vt 0.8367681 0.1505964
vt 0.8472796 0.1464199
vt 0.8284627 0.145442
vt 0.8362872 0.1431033
vt 0.8316246 0.1408812
vt 0.8284627 0.145442
vt 0.8194644 0.1455088
vt 0.8190268 0.148498
vt 0.8362872 0.1431033
vt 0.8374101 0.1457125
vt 0.8447527 0.1419458
vt 0.8507921 0.1414921
vt 0.8486417 0.1389902
vt 0.8447527 0.1419458
vt 0.8097887 0.1466061
vt 0.8087337 0.1498331
vt 0.8172255 0.151622
vt 0.8316246 0.1408812
vt 0.8362872 0.1431033
vt 0.8430675 0.1394395
vt 0.8190268 0.148498
vt 0.8194644 0.1455088
vt 0.81094 0.1435621
vt 0.817182 0.153442
vt 0.8172255 0.151622
vt 0.8087337 0.1498331
vt 0.8059546 0.1451964
vt 0.804438 0.1484949
vt 0.8087337 0.1498331
vt 0.8430675 0.1394395
vt 0.8447527 0.1419458
vt 0.8486417 0.1389902
vt 0.8074502 0.1421302
vt 0.8059546 0.1451964
vt 0.8097887 0.1466061
vt 0.8037042 0.1498448
vt 0.804438 0.1484949
vt 0.7974225 0.1445835
vt 0.7994015 0.141584
vt 0.7974225 0.1445835
vt 0.804438 0.1484949
vt 0.8585292 0.1323223
vt 0.8507921 0.1414921
vt 0.8519001 0.142882
vt 0.8316246 0.1408812
vt 0.8199635 0.1349714
vt 0.8194644 0.1455088
vt 0.81094 0.1435621
vt 0.8194644 0.1455088
vt 0.8199635 0.1349714
vt 0.8563523 0.1303735
vt 0.8545062 0.1280146
vt 0.8466404 0.1366587
vt 0.8486417 0.1389902
vt 0.8507921 0.1414921
vt 0.8585292 0.1323223
vt 0.8466404 0.1366587
vt 0.8545062 0.1280146
vt 0.8386685 0.1315797
vt 0.8271676 0.1251729
vt 0.8199635 0.1349714
vt 0.8316246 0.1408812
vt 0.8059546 0.1451964
vt 0.8074502 0.1421302
vt 0.8013516 0.1387015
vt 0.8670383 0.1227875
vt 0.8643347 0.12096
vt 0.8563523 0.1303735
vt 0.8643347 0.12096
vt 0.8617783 0.1192366
vt 0.8545062 0.1280146
vt 0.78415 0.1297594
vt 0.7815972 0.1323324
vt 0.7974225 0.1445835
vt 0.7994015 0.141584
vt 0.8013516 0.1387015
vt 0.7865899 0.1272489
vt 0.8013516 0.1387015
vt 0.8199635 0.1349714
vt 0.7933196 0.1217888
vt 0.8545062 0.1280146
vt 0.8342397 0.1154371
vt 0.8386685 0.1315797
vt 0.8545062 0.1280146
vt 0.8617783 0.1192366
vt 0.8410987 0.1055617
vt 0.8670383 0.1227875
vt 0.8728325 0.1112677
vt 0.8702135 0.1099856
vt 0.7772106 0.1218856
vt 0.7744656 0.1240019
vt 0.7815972 0.1323324
vt 0.8674902 0.1086799
vt 0.8617783 0.1192366
vt 0.8643347 0.12096
vt 0.7798812 0.1197701
vt 0.7772106 0.1218856
vt 0.78415 0.1297594
vt 0.8760973 0.1048943
vt 0.8746353 0.098929
vt 0.8702135 0.1099856
vt 0.8728325 0.1112677
vt 0.8684437 0.1237412
vt 0.8779476 0.1055873
vt 0.8018704 0.1117212
vt 0.7933196 0.1217888
vt 0.8199635 0.1349714
vt 0.7933196 0.1217888
vt 0.7805503 0.1132257
vt 0.7798812 0.1197701
vt 0.8674902 0.1086799
vt 0.8475301 0.0955273
vt 0.8410987 0.1055617
vt 0.8777703 0.099665
vt 0.8760973 0.1048943
vt 0.8779476 0.1055873
vt 0.8674902 0.1086799
vt 0.8702135 0.1099856
vt 0.8746353 0.098929
vt 0.7772106 0.1218856
vt 0.769324 0.1096013
vt 0.766216 0.1112124
vt 0.769324 0.1096013
vt 0.7772106 0.1218856
vt 0.7798812 0.1197701
vt 0.7722702 0.1237997
vt 0.7744656 0.1240019
vt 0.766216 0.1112124
vt 0.8777703 0.099665
vt 0.8783826 0.0943841
vt 0.8753991 0.0941533
vt 0.8753991 0.0941533
vt 0.8725283 0.0937326
vt 0.8716642 0.0980465
vt 0.7895821 0.103754
vt 0.7805503 0.1132257
vt 0.7933196 0.1217888
vt 0.7805503 0.1132257
vt 0.7723025 0.1080533
vt 0.7798812 0.1197701
vt 0.7723025 0.1080533
vt 0.7701823 0.1026191
vt 0.769324 0.1096013
vt 0.7723025 0.1080533
vt 0.7805503 0.1132257
vt 0.7895821 0.103754
vt 0.8100914 0.1011919
vt 0.8018704 0.1117212
vt 0.8271676 0.1251729
vt 0.7895821 0.103754
vt 0.8018704 0.1117212
vt 0.8100914 0.1011919
vt 0.8674902 0.1086799
vt 0.8716642 0.0980465
vt 0.8637121 0.093195
vt 0.8783826 0.0943841
vt 0.8797059 0.0984397
vt 0.8811144 0.0854813
vt 0.8783826 0.0943841
vt 0.8788985 0.0857096
vt 0.8758765 0.0859718
vt 0.766216 0.1112124
vt 0.769324 0.1096013
vt 0.7650334 0.0984186
vt 0.7701823 0.1026191
vt 0.7682541 0.0975463
vt 0.7650334 0.0984186
vt 0.8753991 0.0941533
vt 0.8758765 0.0859718
vt 0.8730549 0.0861421
vt 0.869163 0.0831414
vt 0.8637121 0.093195
vt 0.8725283 0.0937326
vt 0.8182806 0.089834
vt 0.8100914 0.1011919
vt 0.8342397 0.1154371
vt 0.8788985 0.0857096
vt 0.8771769 0.0771891
vt 0.8743835 0.0781779
vt 0.7640478 0.0885548
vt 0.7650334 0.0984186
vt 0.7682541 0.0975463
vt 0.7614846 0.0986622
vt 0.7650334 0.0984186
vt 0.7640478 0.0885548
vt 0.8743835 0.0781779
vt 0.8715963 0.078545
vt 0.8730549 0.0861421
vt 0.8715963 0.078545
vt 0.869163 0.0831414
vt 0.8730549 0.0861421
vt 0.7695568 0.0848166
vt 0.7673285 0.0867564
vt 0.7682541 0.0975463
vt 0.7609028 0.0887169
vt 0.7594842 0.0860725
vt 0.7598767 0.0990125
vt 0.8771769 0.0771891
vt 0.8786641 0.0758127
vt 0.8738715 0.0682435
vt 0.869163 0.0831414
vt 0.8593139 0.0755539
vt 0.8535561 0.0854989
vt 0.869163 0.0831414
vt 0.8715963 0.078545
vt 0.8593139 0.0755539
vt 0.8771769 0.0771891
vt 0.8720976 0.0678196
vt 0.8698933 0.0694488
vt 0.8475301 0.0955273
vt 0.8260166 0.0783787
vt 0.8182806 0.089834
vt 0.7640478 0.0885548
vt 0.7652617 0.078686
vt 0.7613573 0.0812235
vt 0.7613573 0.0812235
vt 0.7594842 0.0808439
vt 0.7594842 0.0860725
vt 0.7673285 0.0867564
vt 0.7681276 0.0792159
vt 0.7652617 0.078686
vt 0.8698933 0.0694488
vt 0.8677533 0.0709709
vt 0.8715963 0.078545
vt 0.7872722 0.0851065
vt 0.7776231 0.0765323
vt 0.7695568 0.0848166
vt 0.7689398 0.0760687
vt 0.7681276 0.0792159
vt 0.7695568 0.0848166
vt 0.7662785 0.0754576
vt 0.7652617 0.078686
vt 0.7681276 0.0792159
vt 0.7636348 0.0747816
vt 0.762567 0.078028
vt 0.7652617 0.078686
vt 0.7958144 0.0739307
vt 0.7872722 0.0851065
vt 0.8100914 0.1011919
vt 0.8677533 0.0709709
vt 0.8632397 0.0652473
vt 0.8593139 0.0755539
vt 0.8698933 0.0694488
vt 0.8651682 0.0633835
vt 0.8632397 0.0652473
vt 0.7636348 0.0747816
vt 0.7642338 0.0680135
vt 0.7594842 0.0808439
vt 0.8671451 0.0616843
vt 0.8720976 0.0678196
vt 0.8738715 0.0682435
vt 0.8632397 0.0652473
vt 0.8609953 0.0629778
vt 0.8593139 0.0755539
vt 0.814921 0.0699488
vt 0.7958144 0.0739307
vt 0.8182806 0.089834
vt 0.8720976 0.0678196
vt 0.8671451 0.0616843
vt 0.8651682 0.0633835
vt 0.8535561 0.0854989
vt 0.8328524 0.06739
vt 0.8260166 0.0783787
vt 0.8328524 0.06739
vt 0.8217567 0.0587868
vt 0.814921 0.0699488
vt 0.8671451 0.0616843
vt 0.8651465 0.0590095
vt 0.8630539 0.0608727
vt 0.8651682 0.0633835
vt 0.8630539 0.0608727
vt 0.8609953 0.0629778
vt 0.7662785 0.0754576
vt 0.7689398 0.0760687
vt 0.7711231 0.0697924
vt 0.8616879 0.0551293
vt 0.8651465 0.0590095
vt 0.8644729 0.0560557
vt 0.8616879 0.0551293
vt 0.8526334 0.0522818
vt 0.8630539 0.0608727
vt 0.7852615 0.0667018
vt 0.7776231 0.0765323
vt 0.7872722 0.0851065
vt 0.8616879 0.0551293
vt 0.8626503 0.0541184
vt 0.8544976 0.0495796
vt 0.7958144 0.0739307
vt 0.8035558 0.0622767
vt 0.792088 0.0559518
vt 0.8593139 0.0755539
vt 0.8390006 0.0565492
vt 0.8328524 0.06739
vt 0.8609953 0.0629778
vt 0.8508358 0.0550584
vt 0.8390006 0.0565492
vt 0.8544976 0.0495796
vt 0.8626503 0.0541184
vt 0.8516686 0.0457114
vt 0.8526334 0.0522818
vt 0.8508358 0.0550584
vt 0.8609953 0.0629778
vt 0.8217567 0.0587868
vt 0.8099936 0.0512724
vt 0.8035558 0.0622767
vt 0.8390006 0.0565492
vt 0.8276682 0.0480046
vt 0.8217567 0.0587868
vt 0.850893 0.0469885
vt 0.8468627 0.0485512
vt 0.8526334 0.0522818
vt 0.8483738 0.0456677
vt 0.850893 0.0469885
vt 0.8516686 0.0457114
vt 0.7760769 0.05999
vt 0.7738295 0.058469
vt 0.7689439 0.0679834
vt 0.8468627 0.0485512
vt 0.8424818 0.0501707
vt 0.8508358 0.0550584
vt 0.8390006 0.0565492
vt 0.8508358 0.0550584
vt 0.8424818 0.0501707
vt 0.7689439 0.0679834
vt 0.7738295 0.058469
vt 0.7713612 0.0568335
vt 0.7663873 0.0669373
vt 0.7713612 0.0568335
vt 0.7700846 0.0559898
vt 0.8035558 0.0622767
vt 0.8099936 0.0512724
vt 0.7976526 0.0455879
vt 0.8276682 0.0480046
vt 0.8390006 0.0565492
vt 0.8424818 0.0501707
vt 0.8323295 0.0426198
vt 0.8292394 0.0448403
vt 0.8424818 0.0501707
vt 0.7738295 0.058469
vt 0.7760769 0.05999
vt 0.7849197 0.0500747
vt 0.7713612 0.0568335
vt 0.7811702 0.0455564
vt 0.7796165 0.0441318
vt 0.8332455 0.0398492
vt 0.8426702 0.0414815
vt 0.8218026 0.0341815
vt 0.7713612 0.0568335
vt 0.7738295 0.058469
vt 0.7831311 0.0478287
vt 0.8226764 0.0362127
vt 0.8218383 0.0393184
vt 0.8323295 0.0426198
vt 0.8099936 0.0512724
vt 0.8217567 0.0587868
vt 0.8276682 0.0480046
vt 0.8276682 0.0480046
vt 0.8292394 0.0448403
vt 0.8210799 0.0423785
vt 0.8218383 0.0393184
vt 0.8210799 0.0423785
vt 0.8292394 0.0448403
vt 0.8218383 0.0393184
vt 0.8104419 0.0376533
vt 0.8152034 0.0415233
vt 0.792088 0.0559518
vt 0.7976526 0.0455879
vt 0.7916327 0.045222
vt 0.7916327 0.045222
vt 0.7902643 0.0424865
vt 0.7831311 0.0478287
vt 0.8102509 0.0408392
vt 0.8044267 0.0410206
vt 0.8099936 0.0512724
vt 0.8132494 0.0333288
vt 0.8106696 0.0344058
vt 0.8226764 0.0362127
vt 0.7796165 0.0441318
vt 0.7811702 0.0455564
vt 0.7887289 0.0395922
vt 0.8044267 0.0410206
vt 0.7952403 0.0434476
vt 0.7976526 0.0455879
vt 0.8050451 0.0325818
vt 0.8051946 0.0342589
vt 0.8106696 0.0344058
vt 0.8218383 0.0393184
vt 0.8226764 0.0362127
vt 0.8106696 0.0344058
vt 0.8152034 0.0415233
vt 0.8104419 0.0376533
vt 0.8102509 0.0408392
vt 0.8051946 0.0342589
vt 0.804186 0.0378197
vt 0.8104419 0.0376533
vt 0.7933842 0.0356
vt 0.8051946 0.0342589
vt 0.8050451 0.0325818
vt 0.7952403 0.0434476
vt 0.7941561 0.0404899
vt 0.7902643 0.0424865
vt 0.7930136 0.0373565
vt 0.7933842 0.0356
vt 0.7885897 0.0377979
vt 0.7941561 0.0404899
vt 0.7930136 0.0373565
vt 0.7887289 0.0395922
vt 0.804186 0.0378197
vt 0.8044267 0.0410206
vt 0.8102509 0.0408392
vt 0.8044267 0.0410206
vt 0.804186 0.0378197
vt 0.7941561 0.0404899
vt 0.804186 0.0378197
vt 0.8051946 0.0342589
vt 0.7930136 0.0373565
vt 0.8323295 0.0426198
vt 0.8421476 0.0428113
vt 0.8332455 0.0398492
vt 0.8421476 0.0428113
vt 0.8426702 0.0414815
vt 0.8332455 0.0398492
vt 0.8468627 0.0485512
vt 0.8483738 0.0456677
vt 0.8421476 0.0428113
vt 0.8483738 0.0456677
vt 0.8426702 0.0414815
vt 0.8421476 0.0428113
vt 0.8811144 0.0854813
vt 0.8786641 0.0758127
vt 0.8771769 0.0771891
vt 0.8464695 0.1447074
vt 0.8472796 0.1464199
vt 0.8519001 0.142882
vt 0.8306051 0.1513099
vt 0.8172255 0.151622
vt 0.817182 0.153442
vt 0.804438 0.1484949
vt 0.8037042 0.1498448
vt 0.806235 0.150759
vt 0.7811702 0.0455564
vt 0.7831311 0.0478287
vt 0.7902643 0.0424865
vt 0.7652617 0.078686
vt 0.762567 0.078028
vt 0.7613573 0.0812235
vt 0.762567 0.078028
vt 0.7594842 0.0808439
vt 0.7613573 0.0812235
vt 0.7663873 0.0669373
vt 0.7642338 0.0680135
vt 0.7636348 0.0747816
vt 0.7663873 0.0669373
vt 0.7636348 0.0747816
vt 0.7662785 0.0754576
vt 0.7614846 0.0986622
vt 0.7598767 0.0990125
vt 0.7642316 0.110941
vt 0.7804737 0.1333229
vt 0.7815972 0.1323324
vt 0.7744656 0.1240019
vt 0.7815972 0.1323324
vt 0.7804737 0.1333229
vt 0.7957816 0.145256
vt 0.7711231 0.0697924
vt 0.7776231 0.0765323
vt 0.7852615 0.0667018
vt 0.7852615 0.0667018
vt 0.792088 0.0559518
vt 0.7849197 0.0500747
vt 0.2020962 0.7981029
vt 0.2058044 0.8030725
vt 0.2183832 0.7986929
vt 0.2183832 0.7986929
vt 0.2058044 0.8030725
vt 0.2107027 0.8030725
vt 0.2020962 0.7981029
vt 0.218289 0.7923565
vt 0.2125506 0.7892015
vt 0.09849643 0.8209746
vt 0.09831881 0.8208126
vt 0.09780257 0.8217314
vt 0.09780257 0.8217314
vt 0.09775364 0.8227854
vt 0.09799116 0.8227434
vt 0.09905719 0.820283
vt 0.09831881 0.8208126
vt 0.09849643 0.8209746
vt 0.09808963 0.8236278
vt 0.0982818 0.8235094
vt 0.09799116 0.8227434
vt 0.09993737 0.8202637
vt 0.09991031 0.8200365
vt 0.09905719 0.820283
vt 0.09808963 0.8236278
vt 0.09867668 0.8242879
vt 0.09881979 0.8241107
vt 0.1008223 0.8200701
vt 0.09991031 0.8200365
vt 0.09993737 0.8202637
vt 0.09946489 0.824744
vt 0.09954524 0.8245184
vt 0.09881979 0.8241107
vt 0.1017282 0.8204557
vt 0.1008223 0.8200701
vt 0.1007694 0.8203044
vt 0.1004324 0.8249015
vt 0.10041 0.8246418
vt 0.09954524 0.8245184
vt 0.1021398 0.8213761
vt 0.1023826 0.8212621
vt 0.1017282 0.8204557
vt 0.1004324 0.8249015
vt 0.1014183 0.8245698
vt 0.1012763 0.8243422
vt 0.1025888 0.8222502
vt 0.1023826 0.8212621
vt 0.1021398 0.8213761
vt 0.1021268 0.8238572
vt 0.101931 0.8237189
vt 0.1012763 0.8243422
vt 0.102489 0.8230933
vt 0.1025888 0.8222502
vt 0.1023465 0.8222613
vt 0.102489 0.8230933
vt 0.1022693 0.8230303
vt 0.101931 0.8237189
vt 0.09831881 0.8208126
vt 0.09809082 0.820588
vt 0.09747505 0.8216374
vt 0.09747505 0.8216374
vt 0.09744077 0.8228536
vt 0.09775364 0.8227854
vt 0.09905719 0.820283
vt 0.09893172 0.8200074
vt 0.09809082 0.820588
vt 0.09744077 0.8228536
vt 0.0978375 0.8237927
vt 0.09808963 0.8236278
vt 0.09991031 0.8200365
vt 0.09986913 0.8197169
vt 0.09893172 0.8200074
vt 0.0978375 0.8237927
vt 0.09847241 0.8245352
vt 0.09867668 0.8242879
vt 0.100875 0.8197347
vt 0.09986913 0.8197169
vt 0.09991031 0.8200365
vt 0.0993306 0.8250546
vt 0.09946489 0.824744
vt 0.09867668 0.8242879
vt 0.101938 0.8201479
vt 0.100875 0.8197347
vt 0.1008223 0.8200701
vt 0.100445 0.8252728
vt 0.1004324 0.8249015
vt 0.09946489 0.824744
vt 0.1027126 0.8210977
vt 0.101938 0.8201479
vt 0.1017282 0.8204557
vt 0.1016077 0.8248867
vt 0.1014183 0.8245698
vt 0.1004324 0.8249015
vt 0.1028969 0.8222358
vt 0.1027126 0.8210977
vt 0.1023826 0.8212621
vt 0.1023768 0.8240338
vt 0.1021268 0.8238572
vt 0.1014183 0.8245698
vt 0.1027613 0.823172
vt 0.1028969 0.8222358
vt 0.1025888 0.8222502
vt 0.1027613 0.823172
vt 0.102489 0.8230933
vt 0.1021268 0.8238572
vt 0.09809082 0.820588
vt 0.0973227 0.8196143
vt 0.09640109 0.8213288
vt 0.09640109 0.8213288
vt 0.09627288 0.8232683
vt 0.09744077 0.8228536
vt 0.09893172 0.8200074
vt 0.09851306 0.8188985
vt 0.0973227 0.8196143
vt 0.09627288 0.8232683
vt 0.096897 0.8245038
vt 0.0978375 0.8237927
vt 0.09986913 0.8197169
vt 0.09962046 0.818168
vt 0.09851306 0.8188985
vt 0.096897 0.8245038
vt 0.09744179 0.8257057
vt 0.09847241 0.8245352
vt 0.1009289 0.8184903
vt 0.09962046 0.818168
vt 0.09986913 0.8197169
vt 0.09871333 0.8261296
vt 0.0993306 0.8250546
vt 0.09847241 0.8245352
vt 0.1022239 0.8197198
vt 0.1009289 0.8184903
vt 0.100875 0.8197347
vt 0.1004573 0.8257856
vt 0.100445 0.8252728
vt 0.0993306 0.8250546
vt 0.1030827 0.8209337
vt 0.1022239 0.8197198
vt 0.101938 0.8201479
vt 0.1018305 0.8252239
vt 0.1016077 0.8248867
vt 0.100445 0.8252728
vt 0.1028969 0.8222358
vt 0.103381 0.8222574
vt 0.1030827 0.8209337
vt 0.1018305 0.8252239
vt 0.1027943 0.8242742
vt 0.1023768 0.8240338
vt 0.1027613 0.823172
vt 0.103215 0.823304
vt 0.103381 0.8222574
vt 0.1027943 0.8242742
vt 0.103215 0.823304
vt 0.1027613 0.823172
vt 0.0973227 0.8196143
vt 0.09677386 0.8186375
vt 0.09566771 0.8211182
vt 0.09566771 0.8211182
vt 0.09529244 0.8238031
vt 0.09627288 0.8232683
vt 0.09851306 0.8188985
vt 0.09807467 0.8171573
vt 0.09677386 0.8186375
vt 0.09529244 0.8238031
vt 0.09560716 0.8257377
vt 0.096897 0.8245038
vt 0.09940528 0.8170582
vt 0.09807467 0.8171573
vt 0.09851306 0.8188985
vt 0.09667325 0.8265244
vt 0.09744179 0.8257057
vt 0.096897 0.8245038
vt 0.1009269 0.8176432
vt 0.09940528 0.8170582
vt 0.09962046 0.818168
vt 0.09826135 0.82684
vt 0.09871333 0.8261296
vt 0.09744179 0.8257057
vt 0.1034244 0.8207649
vt 0.1024633 0.8193179
vt 0.1022239 0.8197198
vt 0.102027 0.8255494
vt 0.1018305 0.8252239
vt 0.1004573 0.8257856
vt 0.103381 0.8222574
vt 0.1037436 0.8222666
vt 0.1034244 0.8207649
vt 0.102027 0.8255494
vt 0.1031038 0.824461
vt 0.1027943 0.8242742
vt 0.103215 0.823304
vt 0.1036085 0.8234187
vt 0.1037436 0.8222666
vt 0.1031038 0.824461
vt 0.1036085 0.8234187
vt 0.103215 0.823304
vt 0.05045169 0.7950311
vt 0.0552293 0.7949966
vt 0.05579179 0.7922591
vt 0.04908096 0.8246286
vt 0.05009424 0.8221289
vt 0.04608505 0.8195286
vt 0.0552293 0.7949966
vt 0.05955731 0.7962689
vt 0.06071978 0.7940266
vt 0.05383205 0.8257705
vt 0.05412101 0.8234232
vt 0.05009424 0.8221289
vt 0.06318247 0.7986449
vt 0.06469577 0.7967988
vt 0.06071978 0.7940266
vt 0.05383205 0.8257705
vt 0.05819654 0.8257142
vt 0.05792731 0.8235769
vt 0.06601923 0.8012059
vt 0.06761592 0.799923
vt 0.06469577 0.7967988
vt 0.06195503 0.8246815
vt 0.06133031 0.8227871
vt 0.05792731 0.8235769
vt 0.06804877 0.8040758
vt 0.06970912 0.8031249
vt 0.06761592 0.799923
vt 0.06195503 0.8246815
vt 0.06521028 0.8234175
vt 0.06444942 0.8219097
vt 0.06946659 0.8068218
vt 0.07101607 0.8062955
vt 0.06970912 0.8031249
vt 0.06678575 0.8205097
vt 0.06444942 0.8219097
vt 0.06521028 0.8234175
vt 0.07172799 0.8092837
vt 0.07101607 0.8062955
vt 0.06946659 0.8068218
vt 0.06958001 0.8195437
vt 0.06849002 0.8187367
vt 0.06678575 0.8205097
vt 0.07192522 0.8121219
vt 0.07172799 0.8092837
vt 0.07022839 0.809543
vt 0.06958001 0.8195437
vt 0.07087576 0.8172455
vt 0.06963306 0.8167161
vt 0.07048314 0.8121203
vt 0.07031357 0.8145029
vt 0.07158559 0.8147622
vt 0.07031357 0.8145029
vt 0.06963306 0.8167161
vt 0.07087576 0.8172455
vt 0.03937214 0.7982682
vt 0.03698623 0.8045391
vt 0.04033917 0.8051256
vt 0.03704696 0.8113699
vt 0.04062145 0.8105591
vt 0.04033917 0.8051256
vt 0.0422883 0.8002728
vt 0.04578149 0.7966412
vt 0.04420071 0.7939034
vt 0.04267448 0.8155786
vt 0.04062145 0.8105591
vt 0.03704696 0.8113699
vt 0.05045169 0.7950311
vt 0.05002701 0.7918882
vt 0.04420071 0.7939034
vt 0.03982186 0.8174868
vt 0.04416829 0.8219637
vt 0.04608505 0.8195286
vt 0.05002701 0.7918882
vt 0.05579179 0.7922591
vt 0.05748963 0.7852291
vt 0.04683476 0.8312147
vt 0.04908096 0.8246286
vt 0.04416829 0.8219637
vt 0.06071978 0.7940266
vt 0.06420415 0.7887817
vt 0.05748963 0.7852291
vt 0.05383205 0.8257705
vt 0.04908096 0.8246286
vt 0.04683476 0.8312147
vt 0.06851649 0.7930872
vt 0.06420415 0.7887817
vt 0.06071978 0.7940266
vt 0.05934071 0.8305479
vt 0.05819654 0.8257142
vt 0.05383205 0.8257705
vt 0.06761592 0.799923
vt 0.07167851 0.7973331
vt 0.06851649 0.7930872
vt 0.06195503 0.8246815
vt 0.05819654 0.8257142
vt 0.05934071 0.8305479
vt 0.06970912 0.8031249
vt 0.07354772 0.8014839
vt 0.07167851 0.7973331
vt 0.06389355 0.8288193
vt 0.06742131 0.8265057
vt 0.06521028 0.8234175
vt 0.07101607 0.8062955
vt 0.07484018 0.805756
vt 0.07354772 0.8014839
vt 0.06772774 0.8215923
vt 0.06521028 0.8234175
vt 0.06742131 0.8265057
vt 0.07172799 0.8092837
vt 0.07522916 0.8092502
vt 0.07484018 0.805756
vt 0.07050377 0.8237318
vt 0.07241523 0.8210568
vt 0.06958001 0.8195437
vt 0.07192522 0.8121219
vt 0.07510775 0.8124227
vt 0.07522916 0.8092502
vt 0.07241523 0.8210568
vt 0.07371151 0.8183243
vt 0.07087576 0.8172455
vt 0.07192522 0.8121219
vt 0.07158559 0.8147622
vt 0.07446807 0.8154056
vt 0.07446807 0.8154056
vt 0.07158559 0.8147622
vt 0.07087576 0.8172455
vt 0.05002701 0.7918882
vt 0.04895246 0.7841781
vt 0.0414955 0.7858586
vt 0.03395497 0.8232303
vt 0.03940719 0.8280299
vt 0.04416829 0.8219637
vt 0.05748963 0.7852291
vt 0.0621066 0.7752188
vt 0.05391103 0.7704253
vt 0.04683476 0.8312147
vt 0.03940719 0.8280299
vt 0.03699219 0.8413558
vt 0.05748963 0.7852291
vt 0.06420415 0.7887817
vt 0.0700348 0.7821916
vt 0.05519253 0.8398982
vt 0.05387938 0.8317364
vt 0.04683476 0.8312147
vt 0.07477414 0.788764
vt 0.0700348 0.7821916
vt 0.06420415 0.7887817
vt 0.06214553 0.8371236
vt 0.05934071 0.8305479
vt 0.05387938 0.8317364
vt 0.07167851 0.7973331
vt 0.07743519 0.7948353
vt 0.07477414 0.788764
vt 0.06389355 0.8288193
vt 0.05934071 0.8305479
vt 0.06214553 0.8371236
vt 0.07867324 0.8001028
vt 0.07743519 0.7948353
vt 0.07167851 0.7973331
vt 0.07085567 0.8300902
vt 0.06742131 0.8265057
vt 0.06389355 0.8288193
vt 0.07484018 0.805756
vt 0.07949668 0.8058534
vt 0.07867324 0.8001028
vt 0.07050377 0.8237318
vt 0.06742131 0.8265057
vt 0.07085567 0.8300902
vt 0.07522916 0.8092502
vt 0.07935476 0.809625
vt 0.07949668 0.8058534
vt 0.07434034 0.8258307
vt 0.0760228 0.8226331
vt 0.07241523 0.8210568
vt 0.07510775 0.8124227
vt 0.07888555 0.8130618
vt 0.07935476 0.809625
vt 0.0760228 0.8226331
vt 0.07724291 0.8195001
vt 0.07371151 0.8183243
vt 0.07446807 0.8154056
vt 0.07822519 0.8163436
vt 0.07888555 0.8130618
vt 0.07446807 0.8154056
vt 0.07371151 0.8183243
vt 0.07724291 0.8195001
vt 0.0621066 0.7752188
vt 0.07782047 0.7608545
vt 0.07628667 0.7568185
vt 0.0456351 0.8414903
vt 0.03699219 0.8413558
vt 0.04752928 0.8628817
vt 0.0700348 0.7821916
vt 0.08379507 0.7749132
vt 0.07782047 0.7608545
vt 0.05519253 0.8398982
vt 0.0456351 0.8414903
vt 0.05074048 0.8605411
vt 0.07477414 0.788764
vt 0.08626854 0.7855754
vt 0.08379507 0.7749132
vt 0.06238782 0.8526419
vt 0.06971484 0.8455
vt 0.06214553 0.8371236
vt 0.07743519 0.7948353
vt 0.08690327 0.7934185
vt 0.08626854 0.7855754
vt 0.06726276 0.8336694
vt 0.06214553 0.8371236
vt 0.06971484 0.8455
vt 0.08683347 0.7993109
vt 0.08690327 0.7934185
vt 0.07743519 0.7948353
vt 0.07710921 0.8347745
vt 0.07085567 0.8300902
vt 0.06726276 0.8336694
vt 0.07949668 0.8058534
vt 0.08570319 0.8066741
vt 0.08683347 0.7993109
vt 0.07434034 0.8258307
vt 0.07085567 0.8300902
vt 0.07710921 0.8347745
vt 0.07935476 0.809625
vt 0.08485609 0.8105795
vt 0.08570319 0.8066741
vt 0.07987147 0.8281734
vt 0.08109831 0.8244976
vt 0.0760228 0.8226331
vt 0.08393788 0.8141423
vt 0.08485609 0.8105795
vt 0.07935476 0.809625
vt 0.08208692 0.8210257
vt 0.07724291 0.8195001
vt 0.0760228 0.8226331
vt 0.07888555 0.8130618
vt 0.07822519 0.8163436
vt 0.08280813 0.8175415
vt 0.08280813 0.8175415
vt 0.07822519 0.8163436
vt 0.07724291 0.8195001
vt 0.07628667 0.7568185
vt 0.07782047 0.7608545
vt 0.1023781 0.7566329
vt 0.06755065 0.8765741
vt 0.05074048 0.8605411
vt 0.04752928 0.8628817
vt 0.08379507 0.7749132
vt 0.101362 0.7743916
vt 0.1023781 0.7566329
vt 0.06238782 0.8526419
vt 0.05074048 0.8605411
vt 0.06755065 0.8765741
vt 0.08626854 0.7855754
vt 0.09907019 0.7864326
vt 0.101362 0.7743916
vt 0.07599234 0.8621784
vt 0.08041042 0.8514346
vt 0.06971484 0.8455
vt 0.08690327 0.7934185
vt 0.09677839 0.7953104
vt 0.09907019 0.7864326
vt 0.07418715 0.8395668
vt 0.06971484 0.8455
vt 0.08041042 0.8514346
vt 0.08683347 0.7993109
vt 0.09447652 0.8018914
vt 0.09677839 0.7953104
vt 0.08315604 0.8431074
vt 0.08467727 0.8365527
vt 0.07710921 0.8347745
vt 0.08683347 0.7993109
vt 0.08570319 0.8066741
vt 0.09161388 0.8075847
vt 0.08523797 0.8303902
vt 0.07987147 0.8281734
vt 0.07710921 0.8347745
vt 0.08984178 0.811672
vt 0.09161388 0.8075847
vt 0.08570319 0.8066741
vt 0.08583825 0.826078
vt 0.08109831 0.8244976
vt 0.07987147 0.8281734
vt 0.08846938 0.8152369
vt 0.08984178 0.811672
vt 0.08485609 0.8105795
vt 0.08649522 0.8223715
vt 0.08208692 0.8210257
vt 0.08109831 0.8244976
vt 0.08393788 0.8141423
vt 0.08280813 0.8175415
vt 0.08736765 0.8187821
vt 0.08736765 0.8187821
vt 0.08280813 0.8175415
vt 0.08208692 0.8210257
vt 0.1031464 0.7513776
vt 0.1023781 0.7566329
vt 0.125775 0.7659178
vt 0.09077757 0.8819213
vt 0.06755065 0.8765741
vt 0.06538367 0.8810463
vt 0.101362 0.7743916
vt 0.1170207 0.7804915
vt 0.125775 0.7659178
vt 0.07599234 0.8621784
vt 0.06755065 0.8765741
vt 0.09077757 0.8819213
vt 0.1110265 0.7911853
vt 0.1170207 0.7804915
vt 0.101362 0.7743916
vt 0.09254688 0.8539323
vt 0.08041042 0.8514346
vt 0.07599234 0.8621784
vt 0.09907019 0.7864326
vt 0.09677839 0.7953104
vt 0.1016066 0.7974987
vt 0.08821874 0.8438473
vt 0.08315604 0.8431074
vt 0.08041042 0.8514346
vt 0.09161388 0.8075847
vt 0.09402257 0.8087683
vt 0.09768426 0.8039374
vt 0.08523797 0.8303902
vt 0.08467727 0.8365527
vt 0.08837383 0.8365303
vt 0.09238934 0.8121039
vt 0.09402257 0.8087683
vt 0.09161388 0.8075847
vt 0.08819526 0.8270179
vt 0.08583825 0.826078
vt 0.08523797 0.8303902
vt 0.09123384 0.8158684
vt 0.09238934 0.8121039
vt 0.08984178 0.811672
vt 0.08916419 0.8232532
vt 0.08649522 0.8223715
vt 0.08583825 0.826078
vt 0.08846938 0.8152369
vt 0.08736765 0.8187821
vt 0.09019994 0.8195698
vt 0.09019994 0.8195698
vt 0.08736765 0.8187821
vt 0.08649522 0.8223715
vt 0.1316468 0.7578748
vt 0.125775 0.7659178
vt 0.1351981 0.7760615
vt 0.1037518 0.879056
vt 0.09077757 0.8819213
vt 0.09102296 0.8914112
vt 0.1170207 0.7804915
vt 0.1247433 0.7859288
vt 0.1351981 0.7760615
vt 0.09166413 0.8656862
vt 0.09077757 0.8819213
vt 0.1037518 0.879056
vt 0.1110265 0.7911853
vt 0.1016066 0.7974987
vt 0.1057157 0.8004144
vt 0.09310013 0.8436426
vt 0.08821874 0.8438473
vt 0.09254688 0.8539323
vt 0.1459746 0.7682508
vt 0.1351981 0.7760615
vt 0.1401748 0.7876463
vt 0.1140912 0.8725769
vt 0.1037518 0.879056
vt 0.1079896 0.8911688
vt 0.1247433 0.7859288
vt 0.1304802 0.7933017
vt 0.1401748 0.7876463
vt 0.100785 0.8655081
vt 0.1037518 0.879056
vt 0.1140912 0.8725769
vt 0.1229001 0.8004017
vt 0.1304802 0.7933017
vt 0.1247433 0.7859288
vt 0.1071463 0.8528711
vt 0.1002264 0.8489236
vt 0.100785 0.8655081
vt 0.1401748 0.7876463
vt 0.1421651 0.7954593
vt 0.1540282 0.794488
vt 0.1140912 0.8725769
vt 0.1263214 0.8874811
vt 0.1290109 0.8747965
vt 0.1304802 0.7933017
vt 0.1339269 0.7988901
vt 0.1421651 0.7954593
vt 0.1094116 0.8627164
vt 0.1140912 0.8725769
vt 0.120009 0.8674091
vt 0.1292667 0.8021895
vt 0.1339269 0.7988901
vt 0.1304802 0.7933017
vt 0.1132956 0.8548754
vt 0.1071463 0.8528711
vt 0.1094116 0.8627164
vt 0.1520531 0.8042949
vt 0.1440435 0.8028371
vt 0.1454073 0.8069572
vt 0.1290186 0.8599245
vt 0.1256194 0.8625002
vt 0.1329103 0.8657949
vt 0.1440435 0.8028371
vt 0.1373244 0.8045747
vt 0.1400138 0.8078403
vt 0.1251335 0.8562062
vt 0.1211405 0.8573667
vt 0.1256194 0.8625002
vt 0.136841 0.8088806
vt 0.1400138 0.8078403
vt 0.1373244 0.8045747
vt 0.1231299 0.8536004
vt 0.1198871 0.8544281
vt 0.1211405 0.8573667
vt 0.1605499 0.8305166
vt 0.159355 0.8404635
vt 0.1699543 0.8438063
vt 0.1546469 0.8492826
vt 0.1609925 0.8583687
vt 0.1699543 0.8438063
vt 0.1710156 0.8266909
vt 0.1634668 0.811679
vt 0.1584033 0.8215634
vt 0.1478043 0.8553628
vt 0.146313 0.8662528
vt 0.1609925 0.8583687
vt 0.1538618 0.8152
vt 0.1584033 0.8215634
vt 0.1634668 0.811679
vt 0.1405107 0.8579711
vt 0.1329103 0.8657949
vt 0.146313 0.8662528
vt 0.1538618 0.8152
vt 0.1454073 0.8069572
vt 0.1482318 0.8187815
vt 0.1379435 0.851887
vt 0.1290186 0.8599245
vt 0.1405107 0.8579711
vt 0.1454073 0.8069572
vt 0.1400138 0.8078403
vt 0.1433941 0.8169712
vt 0.13298 0.8506512
vt 0.1251335 0.8562062
vt 0.1290186 0.8599245
vt 0.1395214 0.8162963
vt 0.1433941 0.8169712
vt 0.1400138 0.8078403
vt 0.1294394 0.8490404
vt 0.1231299 0.8536004
vt 0.1251335 0.8562062
vt 0.156017 0.8328038
vt 0.1550034 0.8390968
vt 0.159355 0.8404635
vt 0.1522439 0.8448309
vt 0.1546469 0.8492826
vt 0.159355 0.8404635
vt 0.1605499 0.8305166
vt 0.1584033 0.8215634
vt 0.1552817 0.8268413
vt 0.148253 0.8492889
vt 0.1478043 0.8553628
vt 0.1546469 0.8492826
vt 0.1526234 0.8220113
vt 0.1552817 0.8268413
vt 0.1584033 0.8215634
vt 0.1433473 0.8517269
vt 0.1405107 0.8579711
vt 0.1478043 0.8553628
vt 0.1127445 0.8225705
vt 0.11256 0.822306
vt 0.111796 0.8226376
vt 0.110468 0.8292367
vt 0.1107746 0.8291162
vt 0.1102426 0.8282956
vt 0.1109037 0.8229306
vt 0.1118558 0.8229526
vt 0.111796 0.8226376
vt 0.109448 0.8277796
vt 0.1093378 0.8280736
vt 0.1100138 0.8285231
vt 0.110244 0.8222777
vt 0.1100558 0.8225256
vt 0.1109037 0.8229306
vt 0.109448 0.8277796
vt 0.1085276 0.8276534
vt 0.1085507 0.8279592
vt 0.1097167 0.8216814
vt 0.1094523 0.8218305
vt 0.1100558 0.8225256
vt 0.107654 0.827908
vt 0.1077956 0.8281755
vt 0.1085507 0.8279592
vt 0.1091796 0.8209873
vt 0.1094523 0.8218305
vt 0.1097167 0.8216814
vt 0.1069673 0.8284687
vt 0.1071853 0.8286592
vt 0.1077956 0.8281755
vt 0.1094903 0.8202005
vt 0.1092193 0.820138
vt 0.1091796 0.8209873
vt 0.1065355 0.8291896
vt 0.1067903 0.8292847
vt 0.1071853 0.8286592
vt 0.1095413 0.8193942
vt 0.1092193 0.820138
vt 0.1094903 0.8202005
vt 0.1065355 0.8291896
vt 0.1064084 0.8299789
vt 0.1066699 0.8299721
vt 0.1100834 0.818838
vt 0.1095413 0.8193942
vt 0.1097631 0.8195414
vt 0.1064084 0.8299789
vt 0.106575 0.830732
vt 0.1068109 0.8306352
vt 0.1107722 0.8185062
vt 0.1100834 0.818838
vt 0.1102327 0.8190443
vt 0.106575 0.830732
vt 0.1069819 0.8313878
vt 0.107181 0.8312121
vt 0.1115752 0.8184348
vt 0.1107722 0.8185062
vt 0.1108406 0.8187546
vt 0.1076126 0.8319032
vt 0.1077483 0.8316588
vt 0.107181 0.8312121
vt 0.1122689 0.8189063
vt 0.1123957 0.8186446
vt 0.1115752 0.8184348
vt 0.1076126 0.8319032
vt 0.1084179 0.8321897
vt 0.1084618 0.8319005
vt 0.1128781 0.8193748
vt 0.1131063 0.8191715
vt 0.1123957 0.8186446
vt 0.1092991 0.8321544
vt 0.109228 0.8318648
vt 0.1084618 0.8319005
vt 0.1132777 0.820071
vt 0.1135784 0.8199692
vt 0.1131063 0.8191715
vt 0.1092991 0.8321544
vt 0.1101104 0.8317579
vt 0.1099193 0.8315172
vt 0.1133722 0.8208883
vt 0.1136929 0.8209161
vt 0.1135784 0.8199692
vt 0.1101104 0.8317579
vt 0.1106975 0.8310355
vt 0.110417 0.8308926
vt 0.1131309 0.8216895
vt 0.1134209 0.8218545
vt 0.1136929 0.8209161
vt 0.1106975 0.8310355
vt 0.1109536 0.8300989
vt 0.1106166 0.8300858
vt 0.11256 0.822306
vt 0.1127445 0.8225705
vt 0.1134209 0.8218545
vt 0.1107746 0.8291162
vt 0.110468 0.8292367
vt 0.1106166 0.8300858
vt 0.1087419 0.8200174
vt 0.1083921 0.8210242
vt 0.1091796 0.8209873
vt 0.1060757 0.8290335
vt 0.1065355 0.8291896
vt 0.1069673 0.8284687
vt 0.1093199 0.8192444
vt 0.1087419 0.8200174
vt 0.1092193 0.820138
vt 0.1061444 0.829987
vt 0.1064084 0.8299789
vt 0.1065355 0.8291896
vt 0.1100834 0.818838
vt 0.109916 0.8186048
vt 0.1093199 0.8192444
vt 0.1061444 0.829987
vt 0.1063078 0.8308402
vt 0.106575 0.830732
vt 0.1106866 0.8182268
vt 0.109916 0.8186048
vt 0.1100834 0.818838
vt 0.1067548 0.8315779
vt 0.1069819 0.8313878
vt 0.106575 0.830732
vt 0.1115775 0.8181212
vt 0.1106866 0.8182268
vt 0.1107722 0.8185062
vt 0.1074399 0.8321656
vt 0.1076126 0.8319032
vt 0.1069819 0.8313878
vt 0.1125254 0.8183395
vt 0.1115775 0.8181212
vt 0.1115752 0.8184348
vt 0.1083546 0.8325151
vt 0.1084179 0.8321897
vt 0.1076126 0.8319032
vt 0.1133443 0.8189301
vt 0.1125254 0.8183395
vt 0.1123957 0.8186446
vt 0.1093602 0.8324823
vt 0.1092991 0.8321544
vt 0.1084179 0.8321897
vt 0.1138657 0.8198547
vt 0.1133443 0.8189301
vt 0.1131063 0.8191715
vt 0.1102852 0.8320045
vt 0.1101104 0.8317579
vt 0.1092991 0.8321544
vt 0.1139923 0.8209243
vt 0.1138657 0.8198547
vt 0.1135784 0.8199692
vt 0.1109519 0.8311851
vt 0.1106975 0.8310355
vt 0.1101104 0.8317579
vt 0.1134209 0.8218545
vt 0.113744 0.8220367
vt 0.1139923 0.8209243
vt 0.1109519 0.8311851
vt 0.1113271 0.8301176
vt 0.1109536 0.8300989
vt 0.1085575 0.8199623
vt 0.1081047 0.8210487
vt 0.1083921 0.8210242
vt 0.1058924 0.8289806
vt 0.1060757 0.8290335
vt 0.1063281 0.8280083
vt 0.1091603 0.8191287
vt 0.1085575 0.8199623
vt 0.1087419 0.8200174
vt 0.1059494 0.8299989
vt 0.1061444 0.829987
vt 0.1060757 0.8290335
vt 0.109916 0.8186048
vt 0.1097863 0.8184205
vt 0.1091603 0.8191287
vt 0.1059494 0.8299989
vt 0.1060995 0.8309261
vt 0.1063078 0.8308402
vt 0.1106866 0.8182268
vt 0.1106128 0.8179867
vt 0.1097863 0.8184205
vt 0.1060995 0.8309261
vt 0.1065604 0.8317392
vt 0.1067548 0.8315779
vt 0.1115775 0.8181212
vt 0.111602 0.8178573
vt 0.1106128 0.8179867
vt 0.1065604 0.8317392
vt 0.1073134 0.8323995
vt 0.1074399 0.8321656
vt 0.1125254 0.8183395
vt 0.1126382 0.8180694
vt 0.111602 0.8178573
vt 0.1073134 0.8323995
vt 0.1082978 0.8328022
vt 0.1083546 0.8325151
vt 0.1135503 0.8187437
vt 0.1126382 0.8180694
vt 0.1125254 0.8183395
vt 0.1094275 0.8327488
vt 0.1093602 0.8324823
vt 0.1083546 0.8325151
vt 0.1138657 0.8198547
vt 0.1141836 0.8197516
vt 0.1135503 0.8187437
vt 0.1094275 0.8327488
vt 0.1104919 0.8322592
vt 0.1102852 0.8320045
vt 0.1142977 0.8209498
vt 0.1141836 0.8197516
vt 0.1138657 0.8198547
vt 0.1112201 0.831325
vt 0.1109519 0.8311851
vt 0.1102852 0.8320045
vt 0.113744 0.8220367
vt 0.1140418 0.8221868
vt 0.1142977 0.8209498
vt 0.1112201 0.831325
vt 0.1116599 0.8301513
vt 0.1113271 0.8301176
vt 0.1083973 0.819901
vt 0.1079366 0.8210444
vt 0.1081047 0.8210487
vt 0.105726 0.8289457
vt 0.1058924 0.8289806
vt 0.1061015 0.8278323
vt 0.1090174 0.8190007
vt 0.1083973 0.819901
vt 0.1085575 0.8199623
vt 0.1057614 0.8300298
vt 0.1059494 0.8299989
vt 0.1058924 0.8289806
vt 0.1097863 0.8184205
vt 0.1093283 0.81766
vt 0.1090174 0.8190007
vt 0.1057614 0.8300298
vt 0.105305 0.8313194
vt 0.1060995 0.8309261
vt 0.1106128 0.8179867
vt 0.1099133 0.815824
vt 0.1093283 0.81766
vt 0.105305 0.8313194
vt 0.1048006 0.83317
vt 0.1065604 0.8317392
vt 0.111602 0.8178573
vt 0.1113469 0.8152338
vt 0.1099133 0.815824
vt 0.1048006 0.83317
vt 0.1056742 0.8344411
vt 0.1073134 0.8323995
vt 0.1132423 0.8153201
vt 0.1113469 0.8152338
vt 0.111602 0.8178573
vt 0.1072956 0.8354022
vt 0.1082978 0.8328022
vt 0.1073134 0.8323995
vt 0.1147378 0.8172924
vt 0.1132423 0.8153201
vt 0.1126382 0.8180694
vt 0.1096115 0.834588
vt 0.1094275 0.8327488
vt 0.1082978 0.8328022
vt 0.1153807 0.8192069
vt 0.1147378 0.8172924
vt 0.1135503 0.8187437
vt 0.1111854 0.8333533
vt 0.1104919 0.8322592
vt 0.1094275 0.8327488
vt 0.1148372 0.820963
vt 0.1153807 0.8192069
vt 0.1141836 0.8197516
vt 0.1116766 0.8316013
vt 0.1112201 0.831325
vt 0.1104919 0.8322592
vt 0.114502 0.8223412
vt 0.1148372 0.820963
vt 0.1142977 0.8209498
vt 0.1121306 0.8302694
vt 0.1116599 0.8301513
vt 0.1112201 0.831325
vt 0.03937214 0.7982682
vt 0.03742092 0.7968615
vt 0.03568583 0.804307
vt 0.03704696 0.8113699
vt 0.03698623 0.8045391
vt 0.03568583 0.804307
vt 0.04420071 0.7939034
vt 0.0414955 0.7858586
vt 0.03742092 0.7968615
vt 0.03982186 0.8174868
vt 0.03704696 0.8113699
vt 0.03467923 0.8119305
vt 0.04895246 0.7841781
vt 0.05391103 0.7704253
vt 0.0414955 0.7858586
vt 0.03395497 0.8232303
vt 0.03699219 0.8413558
vt 0.03940719 0.8280299
vt 0.1592264 0.7822494
vt 0.1540282 0.794488
vt 0.17338 0.8027189
vt 0.1492393 0.8790985
vt 0.1290109 0.8747965
vt 0.1263214 0.8874811
vt 0.1132423 0.8153201
vt 0.1147378 0.8172924
vt 0.1156623 0.8157965
vt 0.1095597 0.8363262
vt 0.1096115 0.834588
vt 0.1072956 0.8354022
vt 0.1147378 0.8172924
vt 0.1153807 0.8192069
vt 0.116992 0.8186303
vt 0.112204 0.8347049
vt 0.1111854 0.8333533
vt 0.1096115 0.834588
vt 0.1090174 0.8190007
vt 0.1083076 0.8182017
vt 0.1077289 0.8195137
vt 0.1057614 0.8300298
vt 0.105726 0.8289457
vt 0.1049606 0.8289108
vt 0.1086383 0.8165344
vt 0.1093283 0.81766
vt 0.1099133 0.815824
vt 0.1048006 0.83317
vt 0.105305 0.8313194
vt 0.1041208 0.8318892
vt 0.1093283 0.81766
vt 0.1086383 0.8165344
vt 0.1083076 0.8182017
vt 0.105305 0.8313194
vt 0.1057614 0.8300298
vt 0.1047406 0.830318
vt 0.114502 0.8223412
vt 0.1179449 0.8241295
vt 0.1177704 0.821326
vt 0.1121306 0.8302694
vt 0.1116766 0.8316013
vt 0.114314 0.832891
vt 0.1153807 0.8192069
vt 0.1148372 0.820963
vt 0.1177704 0.821326
vt 0.114314 0.832891
vt 0.1116766 0.8316013
vt 0.1111854 0.8333533
vt 0.1118558 0.8229526
vt 0.1115642 0.8242214
vt 0.1123583 0.8239921
vt 0.1112377 0.8277075
vt 0.1107044 0.8270765
vt 0.1102426 0.8282956
vt 0.1115642 0.8242214
vt 0.1111844 0.8256638
vt 0.1117961 0.8258479
vt 0.1117961 0.8258479
vt 0.1111844 0.8256638
vt 0.1107044 0.8270765
vt 0.1109037 0.8229306
vt 0.1105816 0.8241489
vt 0.1115642 0.8242214
vt 0.1107044 0.8270765
vt 0.1098484 0.8265942
vt 0.109448 0.8277796
vt 0.1105816 0.8241489
vt 0.1102285 0.8253766
vt 0.1111844 0.8256638
vt 0.1111844 0.8256638
vt 0.1102285 0.8253766
vt 0.1098484 0.8265942
vt 0.1096875 0.8237997
vt 0.1105816 0.8241489
vt 0.1109037 0.8229306
vt 0.1089137 0.8263947
vt 0.1085276 0.8276534
vt 0.109448 0.8277796
vt 0.1092961 0.8250973
vt 0.1102285 0.8253766
vt 0.1105816 0.8241489
vt 0.1092961 0.8250973
vt 0.1089137 0.8263947
vt 0.1098484 0.8265942
vt 0.1089987 0.8233151
vt 0.1096875 0.8237997
vt 0.1100558 0.8225256
vt 0.108076 0.8264232
vt 0.107654 0.827908
vt 0.1085276 0.8276534
vt 0.1085004 0.8248599
vt 0.1092961 0.8250973
vt 0.1096875 0.8237997
vt 0.1085004 0.8248599
vt 0.108076 0.8264232
vt 0.1089137 0.8263947
vt 0.1086179 0.82278
vt 0.1089987 0.8233151
vt 0.1094523 0.8218305
vt 0.1074687 0.8266634
vt 0.1069673 0.8284687
vt 0.107654 0.827908
vt 0.107771 0.8246432
vt 0.1085004 0.8248599
vt 0.1089987 0.8233151
vt 0.107771 0.8246432
vt 0.1074687 0.8266634
vt 0.108076 0.8264232
vt 0.1123583 0.8239921
vt 0.1117961 0.8258479
vt 0.1125835 0.8238316
vt 0.1113373 0.8279667
vt 0.1117961 0.8258479
vt 0.1112377 0.8277075
vt 0.1127445 0.8225705
vt 0.1123583 0.8239921
vt 0.1125835 0.8238316
vt 0.1113373 0.8279667
vt 0.1112377 0.8277075
vt 0.1107746 0.8291162
vt 0.1135634 0.8242423
vt 0.1177051 0.8264296
vt 0.1179449 0.8241295
vt 0.1123847 0.8281626
vt 0.1121306 0.8302694
vt 0.1159886 0.8306562
vt 0.1127465 0.8261338
vt 0.1174405 0.8275384
vt 0.1177051 0.8264296
vt 0.1127465 0.8261338
vt 0.1123847 0.8281626
vt 0.1170513 0.8286089
vt 0.1140418 0.8221868
vt 0.1131582 0.8240864
vt 0.1135634 0.8242423
vt 0.1123847 0.8281626
vt 0.1119596 0.8280702
vt 0.1116599 0.8301513
vt 0.1131582 0.8240864
vt 0.1123585 0.8260171
vt 0.1127465 0.8261338
vt 0.1127465 0.8261338
vt 0.1123585 0.8260171
vt 0.1119596 0.8280702
vt 0.1128629 0.8239638
vt 0.1131582 0.8240864
vt 0.1140418 0.8221868
vt 0.1116446 0.8280102
vt 0.1113271 0.8301176
vt 0.1116599 0.8301513
vt 0.1128629 0.8239638
vt 0.1120454 0.825923
vt 0.1123585 0.8260171
vt 0.1123585 0.8260171
vt 0.1120454 0.825923
vt 0.1116446 0.8280102
vt 0.1125835 0.8238316
vt 0.1128629 0.8239638
vt 0.113744 0.8220367
vt 0.1113373 0.8279667
vt 0.1109536 0.8300989
vt 0.1113271 0.8301176
vt 0.1125835 0.8238316
vt 0.1117961 0.8258479
vt 0.1120454 0.825923
vt 0.1120454 0.825923
vt 0.1117961 0.8258479
vt 0.1113373 0.8279667
vt 0.1083973 0.819901
vt 0.1077289 0.8195137
vt 0.1072172 0.8207346
vt 0.105726 0.8289457
vt 0.1059591 0.8277451
vt 0.1051903 0.8276157
vt 0.1081942 0.8224512
vt 0.1078994 0.8224209
vt 0.1075364 0.8245738
vt 0.1069357 0.8267087
vt 0.107771 0.8246432
vt 0.1075364 0.8245738
vt 0.1078994 0.8224209
vt 0.1075863 0.8223927
vt 0.1072275 0.8244825
vt 0.1066725 0.8265743
vt 0.1075364 0.8245738
vt 0.1072275 0.8244825
vt 0.1075863 0.8223927
vt 0.1072004 0.8223198
vt 0.1067633 0.8243453
vt 0.1063952 0.8264282
vt 0.1072275 0.8244825
vt 0.1067633 0.8243453
vt 0.1081047 0.8210487
vt 0.1078994 0.8224209
vt 0.1081942 0.8224512
vt 0.1061015 0.8278323
vt 0.1063281 0.8280083
vt 0.1069357 0.8267087
vt 0.1079366 0.8210444
vt 0.1075863 0.8223927
vt 0.1078994 0.8224209
vt 0.1059591 0.8277451
vt 0.1061015 0.8278323
vt 0.1066725 0.8265743
vt 0.1079366 0.8210444
vt 0.1072172 0.8207346
vt 0.1072004 0.8223198
vt 0.1060326 0.8262802
vt 0.1051903 0.8276157
vt 0.1059591 0.8277451
vt 0.1091796 0.8209873
vt 0.1083921 0.8210242
vt 0.1081942 0.8224512
vt 0.1069357 0.8267087
vt 0.1063281 0.8280083
vt 0.1069673 0.8284687
vt 0.1072172 0.8207346
vt 0.1066184 0.8221744
vt 0.1072004 0.8223198
vt 0.1060326 0.8262802
vt 0.1054662 0.8260872
vt 0.1051903 0.8276157
vt 0.106189 0.8241759
vt 0.1067633 0.8243453
vt 0.1072004 0.8223198
vt 0.106189 0.8241759
vt 0.1054662 0.8260872
vt 0.1060326 0.8262802
vt 0.107771 0.8246432
vt 0.1086179 0.82278
vt 0.1081942 0.8224512
vt 0.1069357 0.8267087
vt 0.1074687 0.8266634
vt 0.107771 0.8246432
vt 0.1034244 0.8207649
vt 0.1037436 0.8222666
vt 0.1042759 0.8220993
vt 0.1034605 0.8248874
vt 0.1031038 0.824461
vt 0.102027 0.8255494
vt 0.1024633 0.8193179
vt 0.1034244 0.8207649
vt 0.1037663 0.8205882
vt 0.1022194 0.8258815
vt 0.102027 0.8255494
vt 0.1004438 0.8262513
vt 0.1009269 0.8176432
vt 0.1011776 0.8173175
vt 0.09947341 0.8167493
vt 0.09826135 0.82684
vt 0.09667325 0.8265244
vt 0.09656697 0.8268198
vt 0.09940528 0.8170582
vt 0.09947341 0.8167493
vt 0.09807193 0.8168568
vt 0.09667325 0.8265244
vt 0.09560716 0.8257377
vt 0.09544616 0.825989
vt 0.1108058 0.8133972
vt 0.1089746 0.8139966
vt 0.1099133 0.815824
vt 0.1042314 0.8356711
vt 0.1056742 0.8344411
vt 0.1048006 0.83317
vt 0.1089234 0.8105507
vt 0.1050291 0.8099391
vt 0.1089746 0.8139966
vt 0.1011412 0.8370175
vt 0.1042314 0.8356711
vt 0.1030343 0.8341846
vt 0.1108058 0.8133972
vt 0.1132423 0.8153201
vt 0.1130084 0.8126568
vt 0.1056568 0.8374764
vt 0.1072956 0.8354022
vt 0.1042314 0.8356711
vt 0.1089234 0.8105507
vt 0.1108058 0.8133972
vt 0.1130084 0.8126568
vt 0.1056568 0.8374764
vt 0.1042314 0.8356711
vt 0.1011412 0.8370175
vt 0.1108058 0.8133972
vt 0.1113469 0.8152338
vt 0.1132423 0.8153201
vt 0.1072956 0.8354022
vt 0.1056742 0.8344411
vt 0.1042314 0.8356711
vt 0.1089746 0.8139966
vt 0.1074977 0.8149098
vt 0.1086383 0.8165344
vt 0.1030343 0.8341846
vt 0.1048006 0.83317
vt 0.1041208 0.8318892
vt 0.1050291 0.8099391
vt 0.1025127 0.8106568
vt 0.1074977 0.8149098
vt 0.09758955 0.8354447
vt 0.1030343 0.8341846
vt 0.102297 0.8326304
vt 0.09993851 0.813245
vt 0.09909141 0.8148678
vt 0.1017025 0.8162897
vt 0.09510689 0.8299975
vt 0.09860122 0.8300154
vt 0.09819293 0.8283869
vt 0.1009252 0.8119305
vt 0.09993851 0.813245
vt 0.1029314 0.815124
vt 0.09523653 0.8316133
vt 0.09955155 0.8313495
vt 0.09860122 0.8300154
vt 0.1019139 0.8110415
vt 0.1009252 0.8119305
vt 0.1044645 0.8145042
vt 0.09558969 0.8328754
vt 0.1008631 0.8322458
vt 0.09955155 0.8313495
vt 0.1025127 0.8106568
vt 0.1019139 0.8110415
vt 0.1060678 0.8144554
vt 0.1008631 0.8322458
vt 0.09558969 0.8328754
vt 0.09588325 0.8335127
vt 0.1482318 0.8187815
vt 0.1433941 0.8169712
vt 0.1443318 0.8213717
vt 0.1362128 0.8475801
vt 0.13298 0.8506512
vt 0.1379435 0.851887
vt 0.1433941 0.8169712
vt 0.1395214 0.8162963
vt 0.1403597 0.8207868
vt 0.1326327 0.8458334
vt 0.1294394 0.8490404
vt 0.13298 0.8506512
vt 0.1484801 0.8217786
vt 0.1443318 0.8213717
vt 0.1446107 0.8254253
vt 0.1387202 0.8444168
vt 0.1362128 0.8475801
vt 0.1398331 0.8495804
vt 0.1443318 0.8213717
vt 0.1403597 0.8207868
vt 0.1405268 0.8250333
vt 0.1351489 0.8424435
vt 0.1326327 0.8458334
vt 0.1362128 0.8475801
vt 0.1485779 0.826113
vt 0.1446107 0.8254253
vt 0.1442665 0.8298982
vt 0.1409596 0.8405516
vt 0.1387202 0.8444168
vt 0.1423582 0.8460904
vt 0.1446107 0.8254253
vt 0.1405268 0.8250333
vt 0.1401782 0.8291038
vt 0.1371497 0.838901
vt 0.1351489 0.8424435
vt 0.1387202 0.8444168
vt 0.1486586 0.8309272
vt 0.1442665 0.8298982
vt 0.1429894 0.8353461
vt 0.1429894 0.8353461
vt 0.1409596 0.8405516
vt 0.145148 0.8421904
vt 0.1442665 0.8298982
vt 0.1401782 0.8291038
vt 0.1392735 0.8341945
vt 0.1392735 0.8341945
vt 0.1371497 0.838901
vt 0.1409596 0.8405516
vt 0.1025127 0.8106568
vt 0.1050291 0.8099391
vt 0.1038147 0.8086346
vt 0.09589082 0.8358788
vt 0.09758955 0.8354447
vt 0.09588325 0.8335127
vt 0.1050291 0.8099391
vt 0.1089234 0.8105507
vt 0.1079733 0.8084361
vt 0.09922361 0.8382569
vt 0.1011412 0.8370175
vt 0.09758955 0.8354447
vt 0.1089234 0.8105507
vt 0.1130084 0.8126568
vt 0.1132073 0.809903
vt 0.1043342 0.8398568
vt 0.1056568 0.8374764
vt 0.1011412 0.8370175
vt 0.1130084 0.8126568
vt 0.1156623 0.8157965
vt 0.1175642 0.8132495
vt 0.1097421 0.8394575
vt 0.1095597 0.8363262
vt 0.1056568 0.8374764
vt 0.1156623 0.8157965
vt 0.116992 0.8186303
vt 0.1199265 0.817469
vt 0.1139932 0.8372621
vt 0.112204 0.8347049
vt 0.1095597 0.8363262
vt 0.1179449 0.8241295
vt 0.1191079 0.8248953
vt 0.1200827 0.8212593
vt 0.1159886 0.8306562
vt 0.114314 0.832891
vt 0.1161957 0.8342092
vt 0.116992 0.8186303
vt 0.1177704 0.821326
vt 0.1200827 0.8212593
vt 0.1161957 0.8342092
vt 0.114314 0.832891
vt 0.112204 0.8347049
vt 0.1174405 0.8275384
vt 0.1180052 0.8277079
vt 0.1182157 0.8270602
vt 0.1174405 0.8275384
vt 0.1170513 0.8286089
vt 0.1178237 0.8283641
vt 0.1177051 0.8264296
vt 0.1182157 0.8270602
vt 0.1191079 0.8248953
vt 0.1170513 0.8286089
vt 0.1159886 0.8306562
vt 0.1173765 0.8306569
vt 0.09874683 0.8126884
vt 0.09786194 0.8146154
vt 0.09909141 0.8148678
vt 0.09381914 0.8298354
vt 0.09510689 0.8299975
vt 0.09525376 0.8281947
vt 0.09967333 0.8113675
vt 0.09874683 0.8126884
vt 0.09993851 0.813245
vt 0.09389764 0.831423
vt 0.09523653 0.8316133
vt 0.09510689 0.8299975
vt 0.1007741 0.8101904
vt 0.09967333 0.8113675
vt 0.1009252 0.8119305
vt 0.09419333 0.832981
vt 0.09558969 0.8328754
vt 0.09523653 0.8316133
vt 0.1015919 0.8096265
vt 0.1007741 0.8101904
vt 0.1019139 0.8110415
vt 0.09457433 0.8338805
vt 0.09588325 0.8335127
vt 0.09558969 0.8328754
vt 0.1017025 0.8162897
vt 0.09909141 0.8148678
vt 0.09947341 0.8167493
vt 0.09819293 0.8283869
vt 0.09829878 0.8272465
vt 0.09656697 0.8268198
vt 0.09909141 0.8148678
vt 0.09786194 0.8146154
vt 0.09807193 0.8168568
vt 0.09525376 0.8281947
vt 0.09656697 0.8268198
vt 0.09544616 0.825989
vt 0.1482318 0.8187815
vt 0.1484801 0.8217786
vt 0.1526234 0.8220113
vt 0.1433473 0.8517269
vt 0.1398331 0.8495804
vt 0.1379435 0.851887
vt 0.1526234 0.8220113
vt 0.1484801 0.8217786
vt 0.1485779 0.826113
vt 0.1423582 0.8460904
vt 0.1398331 0.8495804
vt 0.1433473 0.8517269
vt 0.1552817 0.8268413
vt 0.1485779 0.826113
vt 0.1486586 0.8309272
vt 0.148253 0.8492889
vt 0.1522439 0.8448309
vt 0.145148 0.8421904
vt 0.156017 0.8328038
vt 0.1486586 0.8309272
vt 0.1476668 0.8368015
vt 0.1522439 0.8448309
vt 0.1550034 0.8390968
vt 0.1476668 0.8368015
vt 0.1083076 0.8182017
vt 0.1077711 0.818097
vt 0.1072849 0.8191911
vt 0.1047406 0.830318
vt 0.1049606 0.8289108
vt 0.1044164 0.8289421
vt 0.1083076 0.8182017
vt 0.1086383 0.8165344
vt 0.1078763 0.8168753
vt 0.1036677 0.8311951
vt 0.1041208 0.8318892
vt 0.1047406 0.830318
vt 0.1077289 0.8195137
vt 0.1072849 0.8191911
vt 0.1066631 0.8204736
vt 0.1049606 0.8289108
vt 0.1051903 0.8276157
vt 0.1045862 0.8275354
vt 0.1072172 0.8207346
vt 0.1066631 0.8204736
vt 0.1063001 0.8217467
vt 0.1051903 0.8276157
vt 0.1054662 0.8260872
vt 0.1049685 0.8262738
vt 0.1029314 0.815124
vt 0.1017025 0.8162897
vt 0.1022834 0.8166848
vt 0.09888941 0.8283647
vt 0.09819293 0.8283869
vt 0.09860122 0.8300154
vt 0.1044645 0.8145042
vt 0.1029314 0.815124
vt 0.1033598 0.8157151
vt 0.09927397 0.8297493
vt 0.09860122 0.8300154
vt 0.09955155 0.8313495
vt 0.1060678 0.8144554
vt 0.1044645 0.8145042
vt 0.1046656 0.8151782
vt 0.1000788 0.8308939
vt 0.09955155 0.8313495
vt 0.1008631 0.8322458
vt 0.1074977 0.8149098
vt 0.1067812 0.8157046
vt 0.1078763 0.8168753
vt 0.102297 0.8326304
vt 0.1041208 0.8318892
vt 0.1036677 0.8311951
vt 0.1060678 0.8144554
vt 0.105934 0.815162
vt 0.1067812 0.8157046
vt 0.1008631 0.8322458
vt 0.102297 0.8326304
vt 0.1021257 0.8315847
vt 0.1042408 0.8225576
vt 0.1042759 0.8220993
vt 0.1037436 0.8222666
vt 0.1031038 0.824461
vt 0.1034605 0.8248874
vt 0.1036777 0.8244837
vt 0.1066184 0.8221744
vt 0.1061097 0.8224575
vt 0.106189 0.8241759
vt 0.106189 0.8241759
vt 0.1051926 0.825575
vt 0.1054662 0.8260872
vt 0.1066184 0.8221744
vt 0.1063001 0.8217467
vt 0.1059147 0.8221014
vt 0.1048368 0.8257685
vt 0.1049685 0.8262738
vt 0.1054662 0.8260872
vt 0.1042408 0.8225576
vt 0.1061097 0.8224575
vt 0.1059147 0.8221014
vt 0.1036777 0.8244837
vt 0.1034605 0.8248874
vt 0.1048368 0.8257685
vt 0.104147 0.8235761
vt 0.106189 0.8241759
vt 0.1061097 0.8224575
vt 0.1051926 0.825575
vt 0.106189 0.8241759
vt 0.104147 0.8235761
vt 0.1036085 0.8234187
vt 0.104147 0.8235761
vt 0.1042408 0.8225576
vt 0.1036085 0.8234187
vt 0.1031038 0.824461
vt 0.1036777 0.8244837
vt 0.1012807 0.8180064
vt 0.1009289 0.8184903
vt 0.1022239 0.8197198
vt 0.1004573 0.8257856
vt 0.09871333 0.8261296
vt 0.09875148 0.8267231
vt 0.1024633 0.8193179
vt 0.1012807 0.8180064
vt 0.1022239 0.8197198
vt 0.1004573 0.8257856
vt 0.09875148 0.8267231
vt 0.1004438 0.8262513
vt 0.1012807 0.8180064
vt 0.1009269 0.8176432
vt 0.1009289 0.8184903
vt 0.09871333 0.8261296
vt 0.09826135 0.82684
vt 0.09875148 0.8267231
vt 0.1009269 0.8176432
vt 0.1012807 0.8180064
vt 0.1015921 0.8177076
vt 0.09885388 0.8271395
vt 0.09875148 0.8267231
vt 0.09826135 0.82684
vt 0.1024633 0.8193179
vt 0.1028341 0.8189356
vt 0.1015921 0.8177076
vt 0.1004438 0.8262513
vt 0.09875148 0.8267231
vt 0.09885388 0.8271395
vt 0.1011776 0.8173175
vt 0.1015921 0.8177076
vt 0.1022834 0.8166848
vt 0.09888941 0.8283647
vt 0.09885388 0.8271395
vt 0.09829878 0.8272465
vt 0.1037663 0.8205882
vt 0.1042759 0.8220993
vt 0.1045271 0.8216752
vt 0.1034429 0.8253785
vt 0.1034605 0.8248874
vt 0.1022194 0.8258815
vt 0.1037663 0.8205882
vt 0.1040402 0.8204675
vt 0.1031374 0.8188499
vt 0.1022194 0.8258815
vt 0.1005511 0.8267705
vt 0.1007599 0.8270046
vt 0.1072849 0.8191911
vt 0.1077711 0.818097
vt 0.1071651 0.8184701
vt 0.1039294 0.8294806
vt 0.1042358 0.8301176
vt 0.1044164 0.8289421
vt 0.1077711 0.818097
vt 0.1078763 0.8168753
vt 0.1069885 0.8173394
vt 0.1031751 0.830331
vt 0.1036677 0.8311951
vt 0.1042358 0.8301176
vt 0.1066631 0.8204736
vt 0.1072849 0.8191911
vt 0.1068835 0.81939
vt 0.1041877 0.8285602
vt 0.1044164 0.8289421
vt 0.1045862 0.8275354
vt 0.1066631 0.8204736
vt 0.1063967 0.8204663
vt 0.1060974 0.8215353
vt 0.1045862 0.8275354
vt 0.1049685 0.8262738
vt 0.1046848 0.8263417
vt 0.1022834 0.8166848
vt 0.1026488 0.817147
vt 0.1034767 0.8163747
vt 0.09888941 0.8283647
vt 0.09927397 0.8297493
vt 0.09972316 0.8292598
vt 0.1033598 0.8157151
vt 0.1034767 0.8163747
vt 0.1044836 0.8160699
vt 0.09927397 0.8297493
vt 0.1000788 0.8308939
vt 0.1004026 0.8300518
vt 0.1046656 0.8151782
vt 0.1044836 0.8160699
vt 0.1054018 0.8161285
vt 0.1000788 0.8308939
vt 0.1011288 0.8315847
vt 0.1012012 0.8304932
vt 0.1067812 0.8157046
vt 0.1060389 0.8165271
vt 0.1069885 0.8173394
vt 0.1021257 0.8315847
vt 0.1036677 0.8311951
vt 0.1031751 0.830331
vt 0.105934 0.815162
vt 0.1054018 0.8161285
vt 0.1060389 0.8165271
vt 0.1011288 0.8315847
vt 0.1021257 0.8315847
vt 0.1019465 0.830501
vt 0.1063001 0.8217467
vt 0.1060974 0.8215353
vt 0.1057866 0.8218326
vt 0.1049685 0.8262738
vt 0.1048368 0.8257685
vt 0.1045844 0.8259249
vt 0.1059147 0.8221014
vt 0.1057866 0.8218326
vt 0.1045271 0.8216752
vt 0.1048368 0.8257685
vt 0.1034605 0.8248874
vt 0.1034429 0.8253785
vt 0.1028341 0.8189356
vt 0.1031374 0.8188499
vt 0.1022108 0.8179606
vt 0.1005511 0.8267705
vt 0.09885388 0.8271395
vt 0.09950768 0.8272568
vt 0.1015921 0.8177076
vt 0.1022108 0.8179606
vt 0.1026488 0.817147
vt 0.09885388 0.8271395
vt 0.09888941 0.8283647
vt 0.09944152 0.8281721
vt 0.1068835 0.81939
vt 0.1071651 0.8184701
vt 0.1067191 0.8186813
vt 0.1036698 0.8290647
vt 0.1039294 0.8294806
vt 0.1041877 0.8285602
vt 0.1071651 0.8184701
vt 0.1069885 0.8173394
vt 0.1064738 0.8177683
vt 0.1029749 0.8296966
vt 0.1031751 0.830331
vt 0.1039294 0.8294806
vt 0.1063967 0.8204663
vt 0.1068835 0.81939
vt 0.1065319 0.8194393
vt 0.1039202 0.8283301
vt 0.1041877 0.8285602
vt 0.1043593 0.8273982
vt 0.1026488 0.817147
vt 0.1029537 0.8176393
vt 0.103643 0.8170321
vt 0.09944152 0.8281721
vt 0.09972316 0.8292598
vt 0.1002129 0.8287983
vt 0.1034767 0.8163747
vt 0.103643 0.8170321
vt 0.1044222 0.8167911
vt 0.09972316 0.8292598
vt 0.1004026 0.8300518
vt 0.1007363 0.8294159
vt 0.1044836 0.8160699
vt 0.1044222 0.8167911
vt 0.105149 0.8168703
vt 0.1004026 0.8300518
vt 0.1012012 0.8304932
vt 0.1013864 0.8297381
vt 0.1060389 0.8165271
vt 0.105676 0.817153
vt 0.1064738 0.8177683
vt 0.1019465 0.830501
vt 0.1031751 0.830331
vt 0.1029749 0.8296966
vt 0.1060389 0.8165271
vt 0.1054018 0.8161285
vt 0.105149 0.8168703
vt 0.1013864 0.8297381
vt 0.1012012 0.8304932
vt 0.1019465 0.830501
vt 0.1064738 0.8177683
vt 0.105676 0.817153
vt 0.1053531 0.8175486
vt 0.1019201 0.8292801
vt 0.1019783 0.8297837
vt 0.1029749 0.8296966
vt 0.105149 0.8168703
vt 0.1047491 0.8172619
vt 0.1053531 0.8175486
vt 0.1013864 0.8297381
vt 0.1019783 0.8297837
vt 0.1019201 0.8292801
vt 0.1061808 0.8181729
vt 0.1053531 0.8175486
vt 0.1050091 0.8180185
vt 0.1018837 0.8287026
vt 0.1019201 0.8292801
vt 0.1029468 0.8292012
vt 0.1047491 0.8172619
vt 0.104214 0.8177378
vt 0.1050091 0.8180185
vt 0.1012614 0.8291968
vt 0.1019201 0.8292801
vt 0.1018837 0.8287026
vt 0.1058893 0.8188012
vt 0.1050091 0.8180185
vt 0.1045638 0.8186959
vt 0.1018736 0.8278969
vt 0.1018837 0.8287026
vt 0.1030399 0.8285192
vt 0.104214 0.8177378
vt 0.1037161 0.8183227
vt 0.1045638 0.8186959
vt 0.101068 0.8285124
vt 0.1018837 0.8287026
vt 0.1018736 0.8278969
vt 0.1044222 0.8167911
vt 0.1047491 0.8172619
vt 0.105149 0.8168703
vt 0.1013864 0.8297381
vt 0.1012614 0.8291968
vt 0.1007363 0.8294159
vt 0.104214 0.8177378
vt 0.1047491 0.8172619
vt 0.1044222 0.8167911
vt 0.101068 0.8285124
vt 0.1002129 0.8287983
vt 0.1007363 0.8294159
vt 0.1029537 0.8176393
vt 0.1037161 0.8183227
vt 0.104214 0.8177378
vt 0.101068 0.8285124
vt 0.1009634 0.8277562
vt 0.09995943 0.827922
vt 0.1067191 0.8186813
vt 0.1064738 0.8177683
vt 0.1061808 0.8181729
vt 0.1029468 0.8292012
vt 0.1029749 0.8296966
vt 0.1036698 0.8290647
vt 0.1067191 0.8186813
vt 0.1061808 0.8181729
vt 0.1058893 0.8188012
vt 0.1036698 0.8290647
vt 0.1039202 0.8283301
vt 0.1030399 0.8285192
vt 0.1065319 0.8194393
vt 0.1058893 0.8188012
vt 0.1054733 0.8196117
vt 0.1031267 0.8276175
vt 0.1030399 0.8285192
vt 0.1039202 0.8283301
vt 0.1015919 0.8096265
vt 0.1038147 0.8086346
vt 0.1031445 0.8076076
vt 0.09479266 0.8363724
vt 0.09589082 0.8358788
vt 0.09457433 0.8338805
vt 0.1038147 0.8086346
vt 0.1079733 0.8084361
vt 0.1082887 0.8071987
vt 0.0988233 0.8394462
vt 0.09922361 0.8382569
vt 0.09589082 0.8358788
vt 0.1132073 0.809903
vt 0.1152101 0.8089601
vt 0.1082887 0.8071987
vt 0.1043342 0.8398568
vt 0.09922361 0.8382569
vt 0.0988233 0.8394462
vt 0.1175642 0.8132495
vt 0.1209256 0.8128513
vt 0.1152101 0.8089601
vt 0.1097421 0.8394575
vt 0.1043342 0.8398568
vt 0.1054768 0.8417118
vt 0.1199265 0.817469
vt 0.1248158 0.8171287
vt 0.1209256 0.8128513
vt 0.1139932 0.8372621
vt 0.1097421 0.8394575
vt 0.1122928 0.8416116
vt 0.1200827 0.8212593
vt 0.1191079 0.8248953
vt 0.1237086 0.8253324
vt 0.1214401 0.8328283
vt 0.1173765 0.8306569
vt 0.1161957 0.8342092
vt 0.1200827 0.8212593
vt 0.1260495 0.8213496
vt 0.1248158 0.8171287
vt 0.1161957 0.8342092
vt 0.1139932 0.8372621
vt 0.1178371 0.8402181
vt 0.1182157 0.8270602
vt 0.1180052 0.8277079
vt 0.1222023 0.8289716
vt 0.1222023 0.8289716
vt 0.1180052 0.8277079
vt 0.1178237 0.8283641
vt 0.1191079 0.8248953
vt 0.1182157 0.8270602
vt 0.1227138 0.8277678
vt 0.1219609 0.8302559
vt 0.1178237 0.8283641
vt 0.1173765 0.8306569
vt 0.09786194 0.8146154
vt 0.09874683 0.8126884
vt 0.09740704 0.8126516
vt 0.09268069 0.829164
vt 0.09381914 0.8298354
vt 0.09409081 0.8277594
vt 0.09874683 0.8126884
vt 0.09967333 0.8113675
vt 0.0984075 0.8110963
vt 0.09270161 0.8309848
vt 0.09389764 0.831423
vt 0.09381914 0.8298354
vt 0.09967333 0.8113675
vt 0.1007741 0.8101904
vt 0.09960323 0.8096961
vt 0.0929616 0.8327756
vt 0.09419333 0.832981
vt 0.09389764 0.831423
vt 0.1007741 0.8101904
vt 0.1015919 0.8096265
vt 0.1005339 0.8089725
vt 0.09335291 0.8338647
vt 0.09457433 0.8338805
vt 0.09419333 0.832981
vt 0.1260495 0.8213496
vt 0.1237086 0.8253324
vt 0.1299416 0.8249885
vt 0.1264076 0.8365679
vt 0.1214401 0.8328283
vt 0.1211779 0.8374166
vt 0.1260495 0.8213496
vt 0.130145 0.8210574
vt 0.1299064 0.8167935
vt 0.1211779 0.8374166
vt 0.1178371 0.8402181
vt 0.1218363 0.8432974
vt 0.1227138 0.8277678
vt 0.1222023 0.8289716
vt 0.1291983 0.8310969
vt 0.1291983 0.8310969
vt 0.1222023 0.8289716
vt 0.1219609 0.8302559
vt 0.1237086 0.8253324
vt 0.1227138 0.8277678
vt 0.1295979 0.828657
vt 0.1281669 0.8333424
vt 0.1219609 0.8302559
vt 0.1214401 0.8328283
vt 0.1299416 0.8249885
vt 0.1344322 0.825407
vt 0.1341359 0.8211019
vt 0.1264076 0.8365679
vt 0.1243923 0.8399231
vt 0.1277012 0.8421022
vt 0.130145 0.8210574
vt 0.1341359 0.8211019
vt 0.1334304 0.8167315
vt 0.1243923 0.8399231
vt 0.1218363 0.8432974
vt 0.1246941 0.8452985
vt 0.1291983 0.8310969
vt 0.133403 0.8323858
vt 0.1340723 0.8292128
vt 0.1291983 0.8310969
vt 0.1281669 0.8333424
vt 0.1321769 0.8353839
vt 0.1295979 0.828657
vt 0.1340723 0.8292128
vt 0.1344322 0.825407
vt 0.1281669 0.8333424
vt 0.1264076 0.8365679
vt 0.1303452 0.8387248
vt 0.1299064 0.8167935
vt 0.1334304 0.8167315
vt 0.132417 0.813056
vt 0.1218291 0.8477466
vt 0.1246941 0.8452985
vt 0.1218363 0.8432974
vt 0.1293463 0.8145468
vt 0.132417 0.813056
vt 0.130999 0.8103679
vt 0.1191872 0.8491623
vt 0.1218291 0.8477466
vt 0.1201366 0.8448318
vt 0.1278429 0.8124242
vt 0.130999 0.8103679
vt 0.1286111 0.8086163
vt 0.1162738 0.8492826
vt 0.1191872 0.8491623
vt 0.1177355 0.8457447
vt 0.1152101 0.8089601
vt 0.1170042 0.806428
vt 0.1083248 0.8064876
vt 0.1054768 0.8417118
vt 0.0988233 0.8394462
vt 0.09847319 0.8400516
vt 0.1060974 0.8215353
vt 0.1058231 0.821129
vt 0.1055037 0.8214243
vt 0.1046848 0.8263417
vt 0.1045844 0.8259249
vt 0.1041272 0.8261149
vt 0.1063967 0.8204663
vt 0.1061325 0.8203661
vt 0.1058231 0.821129
vt 0.1042358 0.8265345
vt 0.1040841 0.8273399
vt 0.1043593 0.8273982
vt 0.1045271 0.8216752
vt 0.1057866 0.8218326
vt 0.1055037 0.8214243
vt 0.1041272 0.8261149
vt 0.1045844 0.8259249
vt 0.1034429 0.8253785
vt 0.1026488 0.817147
vt 0.1022108 0.8179606
vt 0.1029537 0.8176393
vt 0.09995943 0.827922
vt 0.09950768 0.8272568
vt 0.09944152 0.8281721
vt 0.1031374 0.8188499
vt 0.1037161 0.8183227
vt 0.1029537 0.8176393
vt 0.09995943 0.827922
vt 0.1009634 0.8277562
vt 0.1007599 0.8270046
vt 0.1040402 0.8204675
vt 0.1042658 0.8195336
vt 0.1031374 0.8188499
vt 0.1007599 0.8270046
vt 0.1020727 0.8270349
vt 0.1023845 0.82613
vt 0.1042658 0.8195336
vt 0.1052019 0.8205215
vt 0.1054733 0.8196117
vt 0.1020727 0.8270349
vt 0.1018736 0.8278969
vt 0.1031267 0.8276175
vt 0.1061325 0.8203661
vt 0.1054733 0.8196117
vt 0.1052019 0.8205215
vt 0.1033882 0.8267093
vt 0.1031267 0.8276175
vt 0.1040841 0.8273399
vt 0.1049763 0.8210125
vt 0.1042658 0.8195336
vt 0.1040402 0.8204675
vt 0.1034631 0.8261762
vt 0.1034429 0.8253785
vt 0.1023845 0.82613
vt 0.1049763 0.8210125
vt 0.1052019 0.8205215
vt 0.1042658 0.8195336
vt 0.1020727 0.8270349
vt 0.1033882 0.8267093
vt 0.1034631 0.8261762
vt 0.1058231 0.821129
vt 0.1052019 0.8205215
vt 0.1049763 0.8210125
vt 0.1042358 0.8265345
vt 0.1041272 0.8261149
vt 0.1034631 0.8261762
vt 0.1042658 0.8195336
vt 0.1045638 0.8186959
vt 0.1037161 0.8183227
vt 0.1020727 0.8270349
vt 0.1007599 0.8270046
vt 0.1009634 0.8277562
vt 0.1031445 0.8076076
vt 0.1082887 0.8071987
vt 0.1083248 0.8064876
vt 0.09847319 0.8400516
vt 0.0988233 0.8394462
vt 0.09479266 0.8363724
vt 0.09740704 0.8126516
vt 0.0984075 0.8110963
vt 0.09725981 0.8106637
vt 0.09151995 0.830745
vt 0.09270161 0.8309848
vt 0.09268069 0.829164
vt 0.0984075 0.8110963
vt 0.09960323 0.8096961
vt 0.09876555 0.8092078
vt 0.09201055 0.8327416
vt 0.0929616 0.8327756
vt 0.09270161 0.8309848
vt 0.09960323 0.8096961
vt 0.1005339 0.8089725
vt 0.09979897 0.8084632
vt 0.09247696 0.8338999
vt 0.09335291 0.8338647
vt 0.0929616 0.8327756
vt 0.1005339 0.8089725
vt 0.1031445 0.8076076
vt 0.1028841 0.8071935
vt 0.09435826 0.8365764
vt 0.09479266 0.8363724
vt 0.09335291 0.8338647
vt 0.09651982 0.8147048
vt 0.09740704 0.8126516
vt 0.09570091 0.8127515
vt 0.09130609 0.8281899
vt 0.09268069 0.829164
vt 0.09301179 0.8269803
vt 0.09566771 0.8211182
vt 0.09677386 0.8186375
vt 0.09611034 0.8185389
vt 0.09468007 0.8235364
vt 0.09529244 0.8238031
vt 0.09566771 0.8211182
vt 0.09677386 0.8186375
vt 0.09807467 0.8171573
vt 0.09733629 0.8171999
vt 0.09500813 0.8253124
vt 0.09560716 0.8257377
vt 0.09529244 0.8238031
vt 0.09807467 0.8171573
vt 0.09807193 0.8168568
vt 0.09733629 0.8171999
vt 0.09500813 0.8253124
vt 0.09544616 0.825989
vt 0.09560716 0.8257377
vt 0.09786194 0.8146154
vt 0.09651982 0.8147048
vt 0.09733629 0.8171999
vt 0.09409081 0.8277594
vt 0.09544616 0.825989
vt 0.09500813 0.8253124
vt 0.09479236 0.8208678
vt 0.09611034 0.8185389
vt 0.09355139 0.8184655
vt 0.09247666 0.8222564
vt 0.09468007 0.8235364
vt 0.09479236 0.8208678
vt 0.09453487 0.8150845
vt 0.09399497 0.8167131
vt 0.09568625 0.8171111
vt 0.0915417 0.8256252
vt 0.09301179 0.8269803
vt 0.09357142 0.8245195
vt 0.09568625 0.8171111
vt 0.09399497 0.8167131
vt 0.09355139 0.8184655
vt 0.09357142 0.8245195
vt 0.09468007 0.8235364
vt 0.09247666 0.8222564
vt 0.09733629 0.8171999
vt 0.09651982 0.8147048
vt 0.09568625 0.8171111
vt 0.09500813 0.8253124
vt 0.09468007 0.8235364
vt 0.09357142 0.8245195
vt 0.1209256 0.8128513
vt 0.1212344 0.809535
vt 0.1152101 0.8089601
vt 0.1054768 0.8417118
vt 0.1107377 0.8445035
vt 0.1122928 0.8416116
vt 0.1212344 0.809535
vt 0.1231551 0.8067992
vt 0.1170042 0.806428
vt 0.1107377 0.8445035
vt 0.1054768 0.8417118
vt 0.1055828 0.8447555
vt 0.1170042 0.806428
vt 0.1173685 0.8048611
vt 0.1089417 0.8050131
vt 0.1055828 0.8447555
vt 0.09847319 0.8400516
vt 0.0981931 0.8415941
vt 0.1083248 0.8064876
vt 0.1089417 0.8050131
vt 0.1030148 0.8059756
vt 0.09847319 0.8400516
vt 0.09435826 0.8365764
vt 0.09382176 0.8376508
vt 0.09725981 0.8106637
vt 0.09678673 0.8100315
vt 0.0951516 0.8121764
vt 0.09151995 0.830745
vt 0.09130609 0.8281899
vt 0.09054732 0.8283853
vt 0.09876555 0.8092078
vt 0.09837722 0.8084695
vt 0.09678673 0.8100315
vt 0.09201055 0.8327416
vt 0.09151995 0.830745
vt 0.09079676 0.8310247
vt 0.09979897 0.8084632
vt 0.09950709 0.8073804
vt 0.09837722 0.8084695
vt 0.09247696 0.8338999
vt 0.09201055 0.8327416
vt 0.09130263 0.8331507
vt 0.1028841 0.8071935
vt 0.1030148 0.8059756
vt 0.09950709 0.8073804
vt 0.09435826 0.8365764
vt 0.09247696 0.8338999
vt 0.09166783 0.8346424
vt 0.09570091 0.8127515
vt 0.0951516 0.8121764
vt 0.09392797 0.814603
vt 0.09130609 0.8281899
vt 0.0915417 0.8256252
vt 0.09078061 0.8257144
vt 0.09355139 0.8184655
vt 0.09290695 0.8180446
vt 0.09230691 0.8201623
vt 0.09247666 0.8222564
vt 0.09282541 0.8203093
vt 0.09230691 0.8201623
vt 0.09453487 0.8150845
vt 0.09392797 0.814603
vt 0.09337317 0.8162965
vt 0.0915417 0.8256252
vt 0.09193593 0.8239712
vt 0.09119385 0.823999
vt 0.09399497 0.8167131
vt 0.09337317 0.8162965
vt 0.09290695 0.8180446
vt 0.09193593 0.8239712
vt 0.09247666 0.8222564
vt 0.09171015 0.8222766
vt 0.1341359 0.8211019
vt 0.1344322 0.825407
vt 0.1359987 0.8253279
vt 0.1315912 0.8396652
vt 0.1303452 0.8387248
vt 0.1277012 0.8421022
vt 0.1341359 0.8211019
vt 0.1356654 0.8209596
vt 0.134998 0.8164995
vt 0.1277012 0.8421022
vt 0.1246941 0.8452985
vt 0.1258504 0.8463585
vt 0.1344322 0.825407
vt 0.1340723 0.8292128
vt 0.1356765 0.8292364
vt 0.1335143 0.8362633
vt 0.1321769 0.8353839
vt 0.1303452 0.8387248
vt 0.132417 0.813056
vt 0.1334304 0.8167315
vt 0.134998 0.8164995
vt 0.1258504 0.8463585
vt 0.1246941 0.8452985
vt 0.1218291 0.8477466
vt 0.130999 0.8103679
vt 0.132417 0.813056
vt 0.1336085 0.8121059
vt 0.1222781 0.8491816
vt 0.1218291 0.8477466
vt 0.1191872 0.8491623
vt 0.130999 0.8103679
vt 0.1322499 0.8092981
vt 0.1298704 0.8074772
vt 0.1191872 0.8491623
vt 0.1162738 0.8492826
vt 0.1166777 0.8509022
vt 0.1347482 0.8327991
vt 0.1356765 0.8292364
vt 0.1340723 0.8292128
vt 0.1347482 0.8327991
vt 0.133403 0.8323858
vt 0.1321769 0.8353839
vt 0.1231551 0.8067992
vt 0.1245269 0.8055813
vt 0.1173685 0.8048611
vt 0.1108219 0.8477888
vt 0.1055828 0.8447555
vt 0.1050356 0.8462352
vt 0.1173685 0.8048611
vt 0.1179498 0.8018802
vt 0.1094928 0.8023224
vt 0.09720796 0.8440971
vt 0.1039031 0.8489815
vt 0.1050356 0.8462352
vt 0.1089417 0.8050131
vt 0.1094928 0.8023224
vt 0.1026721 0.803564
vt 0.09226602 0.8394563
vt 0.09720796 0.8440971
vt 0.0981931 0.8415941
vt 0.09494161 0.8091612
vt 0.09362196 0.8115253
vt 0.0951516 0.8121764
vt 0.08881199 0.8307909
vt 0.09079676 0.8310247
vt 0.09054732 0.8283853
vt 0.09639471 0.8075148
vt 0.09494161 0.8091612
vt 0.09678673 0.8100315
vt 0.08916223 0.8329096
vt 0.09130263 0.8331507
vt 0.09079676 0.8310247
vt 0.09791058 0.8059831
vt 0.09639471 0.8075148
vt 0.09837722 0.8084695
vt 0.08962261 0.8349623
vt 0.09166783 0.8346424
vt 0.09130263 0.8331507
vt 0.1026721 0.803564
vt 0.09791058 0.8059831
vt 0.09950709 0.8073804
vt 0.09226602 0.8394563
vt 0.09382176 0.8376508
vt 0.09166783 0.8346424
vt 0.09362196 0.8115253
vt 0.09231251 0.8143834
vt 0.09392797 0.814603
vt 0.08892959 0.828138
vt 0.09054732 0.8283853
vt 0.09078061 0.8257144
vt 0.09119641 0.8179489
vt 0.09091103 0.8197694
vt 0.09230691 0.8201623
vt 0.09020817 0.8214684
vt 0.09171015 0.8222766
vt 0.09230691 0.8201623
vt 0.09231251 0.8143834
vt 0.0918225 0.8163665
vt 0.09337317 0.8162965
vt 0.08930599 0.8250617
vt 0.09078061 0.8257144
vt 0.09119385 0.823999
vt 0.0918225 0.8163665
vt 0.09119641 0.8179489
vt 0.09290695 0.8180446
vt 0.08992028 0.8231359
vt 0.09119385 0.823999
vt 0.09171015 0.8222766
vt 0.1382346 0.8251513
vt 0.1379825 0.8207546
vt 0.1356654 0.8209596
vt 0.1333317 0.8410616
vt 0.1315912 0.8396652
vt 0.1288785 0.8430709
vt 0.1356654 0.8209596
vt 0.1379825 0.8207546
vt 0.1370926 0.8163103
vt 0.1274607 0.8476772
vt 0.1306659 0.8445316
vt 0.1288785 0.8430709
vt 0.1379632 0.8293291
vt 0.1382346 0.8251513
vt 0.1359987 0.8253279
vt 0.1354519 0.8374702
vt 0.1335143 0.8362633
vt 0.1315912 0.8396652
vt 0.1370926 0.8163103
vt 0.1355051 0.8107327
vt 0.1336085 0.8121059
vt 0.1274607 0.8476772
vt 0.1258504 0.8463585
vt 0.1222781 0.8491816
vt 0.1355051 0.8107327
vt 0.1338936 0.8081335
vt 0.1322499 0.8092981
vt 0.1230669 0.8513512
vt 0.1222781 0.8491816
vt 0.1196196 0.8507243
vt 0.1322499 0.8092981
vt 0.1338936 0.8081335
vt 0.131864 0.8060955
vt 0.1175428 0.8531204
vt 0.1203173 0.8525793
vt 0.1196196 0.8507243
vt 0.1370049 0.8334941
vt 0.1379632 0.8293291
vt 0.1356765 0.8292364
vt 0.1370049 0.8334941
vt 0.1347482 0.8327991
vt 0.1335143 0.8362633
vt 0.1245269 0.8055813
vt 0.1259188 0.8030671
vt 0.1179498 0.8018802
vt 0.1039031 0.8489815
vt 0.1110476 0.8523389
vt 0.1112807 0.8495307
vt 0.1393366 0.8291308
vt 0.1384494 0.83394
vt 0.1392735 0.8341945
vt 0.1364719 0.8384054
vt 0.1371497 0.838901
vt 0.1392735 0.8341945
vt 0.1379632 0.8293291
vt 0.1370049 0.8334941
vt 0.1384494 0.83394
vt 0.1354519 0.8374702
vt 0.1364719 0.8384054
vt 0.1384494 0.83394
vt 0.1395665 0.8250514
vt 0.1393366 0.8291308
vt 0.1401782 0.8291038
vt 0.1343703 0.84189
vt 0.1351489 0.8424435
vt 0.1371497 0.838901
vt 0.1382346 0.8251513
vt 0.1379632 0.8293291
vt 0.1393366 0.8291308
vt 0.1333317 0.8410616
vt 0.1343703 0.84189
vt 0.1364719 0.8384054
vt 0.1403597 0.8207868
vt 0.1393682 0.8207066
vt 0.1395665 0.8250514
vt 0.1343703 0.84189
vt 0.1317753 0.845345
vt 0.1326327 0.8458334
vt 0.1379825 0.8207546
vt 0.1382346 0.8251513
vt 0.1395665 0.8250514
vt 0.1306659 0.8445316
vt 0.1317753 0.845345
vt 0.1343703 0.84189
vt 0.1395214 0.8162963
vt 0.1385728 0.8162467
vt 0.1393682 0.8207066
vt 0.1317753 0.845345
vt 0.1286362 0.8485529
vt 0.1294394 0.8490404
vt 0.1385728 0.8162467
vt 0.1370926 0.8163103
vt 0.1379825 0.8207546
vt 0.1306659 0.8445316
vt 0.1274607 0.8476772
vt 0.1286362 0.8485529
vt 0.1362937 0.8096794
vt 0.1385728 0.8162467
vt 0.1395214 0.8162963
vt 0.1231265 0.8526465
vt 0.1231299 0.8536004
vt 0.1294394 0.8490404
vt 0.1355051 0.8107327
vt 0.1370926 0.8163103
vt 0.1385728 0.8162467
vt 0.1230669 0.8513512
vt 0.1231265 0.8526465
vt 0.1286362 0.8485529
vt 0.1343426 0.8071056
vt 0.1362937 0.8096794
vt 0.136841 0.8088806
vt 0.1201158 0.8536636
vt 0.1198871 0.8544281
vt 0.1231299 0.8536004
vt 0.1338936 0.8081335
vt 0.1355051 0.8107327
vt 0.1362937 0.8096794
vt 0.1203173 0.8525793
vt 0.1201158 0.8536636
vt 0.1231265 0.8526465
vt 0.1229001 0.8004017
vt 0.1203818 0.8011441
vt 0.1276007 0.8026252
vt 0.1121782 0.8536143
vt 0.1054936 0.8509027
vt 0.1071463 0.8528711
vt 0.1203818 0.8011441
vt 0.1179498 0.8018802
vt 0.1259188 0.8030671
vt 0.1110476 0.8523389
vt 0.1039031 0.8489815
vt 0.1054936 0.8509027
vt 0.1052116 0.8019317
vt 0.1164073 0.8009081
vt 0.1147868 0.7998689
vt 0.09349054 0.8421349
vt 0.09310013 0.8436426
vt 0.1002264 0.8489236
vt 0.1094928 0.8023224
vt 0.1179498 0.8018802
vt 0.1164073 0.8009081
vt 0.09720796 0.8440971
vt 0.09349054 0.8421349
vt 0.1021146 0.8489467
vt 0.1094928 0.8023224
vt 0.1052116 0.8019317
vt 0.1026721 0.803564
vt 0.09226602 0.8394563
vt 0.09349054 0.8421349
vt 0.09720796 0.8440971
vt 0.1164073 0.8009081
vt 0.1179498 0.8018802
vt 0.1203818 0.8011441
vt 0.1054936 0.8509027
vt 0.1039031 0.8489815
vt 0.1021146 0.8489467
vt 0.09299528 0.8118197
vt 0.09448742 0.8089614
vt 0.09402257 0.8087683
vt 0.08855676 0.8275683
vt 0.08819526 0.8270179
vt 0.08784574 0.8306423
vt 0.09362196 0.8115253
vt 0.09494161 0.8091612
vt 0.09448742 0.8089614
vt 0.08892959 0.828138
vt 0.08855676 0.8275683
vt 0.08833163 0.8307218
vt 0.09153914 0.8161187
vt 0.09299528 0.8118197
vt 0.09238934 0.8121039
vt 0.08955234 0.823199
vt 0.08916419 0.8232532
vt 0.08819526 0.8270179
vt 0.09231251 0.8143834
vt 0.09362196 0.8115253
vt 0.09299528 0.8118197
vt 0.08930599 0.8250617
vt 0.08955234 0.823199
vt 0.08855676 0.8275683
vt 0.09448742 0.8089614
vt 0.09494161 0.8091612
vt 0.09639471 0.8075148
vt 0.08916223 0.8329096
vt 0.08881199 0.8307909
vt 0.08833163 0.8307218
vt 0.09231251 0.8143834
vt 0.09153914 0.8161187
vt 0.0918225 0.8163665
vt 0.08992028 0.8231359
vt 0.08955234 0.823199
vt 0.08930599 0.8250617
vt 0.09779644 0.804984
vt 0.09791058 0.8059831
vt 0.1026721 0.803564
vt 0.09226602 0.8394563
vt 0.08962261 0.8349623
vt 0.08901011 0.8357263
vt 0.09402257 0.8087683
vt 0.09448742 0.8089614
vt 0.09779644 0.804984
vt 0.08901011 0.8357263
vt 0.08833163 0.8307218
vt 0.08784574 0.8306423
vt 0.09639471 0.8075148
vt 0.09791058 0.8059831
vt 0.09779644 0.804984
vt 0.08916223 0.8329096
vt 0.08833163 0.8307218
vt 0.08901011 0.8357263
vt 0.09019994 0.8195698
vt 0.09055435 0.8196692
vt 0.09153914 0.8161187
vt 0.08955234 0.823199
vt 0.09055435 0.8196692
vt 0.09019994 0.8195698
vt 0.09055435 0.8196692
vt 0.09091103 0.8197694
vt 0.09119641 0.8179489
vt 0.09020817 0.8214684
vt 0.09091103 0.8197694
vt 0.09055435 0.8196692
vt 0.09153914 0.8161187
vt 0.09119641 0.8179489
vt 0.0918225 0.8163665
vt 0.08992028 0.8231359
vt 0.09020817 0.8214684
vt 0.08955234 0.823199
vt 0.09768426 0.8039374
vt 0.09779644 0.804984
vt 0.1052116 0.8019317
vt 0.09349054 0.8421349
vt 0.08901011 0.8357263
vt 0.08837383 0.8365303
vt 0.1026721 0.803564
vt 0.1052116 0.8019317
vt 0.09779644 0.804984
vt 0.08901011 0.8357263
vt 0.09349054 0.8421349
vt 0.09226602 0.8394563
vt 0.1147868 0.7998689
vt 0.1164073 0.8009081
vt 0.1203818 0.8011441
vt 0.1002264 0.8489236
vt 0.1071463 0.8528711
vt 0.1054936 0.8509027
vt 0.1433227 0.7992808
vt 0.1538354 0.7997423
vt 0.1540282 0.794488
vt 0.1230611 0.8649719
vt 0.120009 0.8674091
vt 0.1290109 0.8747965
vt 0.1440435 0.8028371
vt 0.1520531 0.8042949
vt 0.1538354 0.7997423
vt 0.1256194 0.8625002
vt 0.1230611 0.8649719
vt 0.1317985 0.8704647
vt 0.1360239 0.802181
vt 0.1433227 0.7992808
vt 0.1421651 0.7954593
vt 0.1187648 0.8585886
vt 0.1152564 0.8600976
vt 0.120009 0.8674091
vt 0.1373244 0.8045747
vt 0.1440435 0.8028371
vt 0.1433227 0.7992808
vt 0.1211405 0.8573667
vt 0.1187648 0.8585886
vt 0.1230611 0.8649719
vt 0.1325541 0.8042344
vt 0.1360239 0.802181
vt 0.1339269 0.7988901
vt 0.117082 0.8550126
vt 0.1132956 0.8548754
vt 0.1152564 0.8600976
vt 0.1345867 0.806331
vt 0.1373244 0.8045747
vt 0.1360239 0.802181
vt 0.1198871 0.8544281
vt 0.117082 0.8550126
vt 0.1187648 0.8585886
vt 0.1749427 0.8255832
vt 0.1739363 0.8450675
vt 0.1790248 0.8466827
vt 0.1635512 0.8615128
vt 0.1662971 0.8652975
vt 0.1790248 0.8466827
vt 0.1710156 0.8266909
vt 0.1699543 0.8438063
vt 0.1739363 0.8450675
vt 0.1609925 0.8583687
vt 0.1635512 0.8615128
vt 0.1739363 0.8450675
vt 0.168073 0.8079488
vt 0.1749427 0.8255832
vt 0.1793997 0.8240626
vt 0.1479237 0.8718771
vt 0.1492393 0.8790985
vt 0.1662971 0.8652975
vt 0.1634668 0.811679
vt 0.1710156 0.8266909
vt 0.1749427 0.8255832
vt 0.146313 0.8662528
vt 0.1479237 0.8718771
vt 0.1635512 0.8615128
vt 0.1538354 0.7997423
vt 0.168073 0.8079488
vt 0.17338 0.8027189
vt 0.1317985 0.8704647
vt 0.1290109 0.8747965
vt 0.1492393 0.8790985
vt 0.1538354 0.7997423
vt 0.1520531 0.8042949
vt 0.1634668 0.811679
vt 0.146313 0.8662528
vt 0.1329103 0.8657949
vt 0.1317985 0.8704647
vt 0.1293463 0.8145468
vt 0.1248158 0.8171287
vt 0.1299064 0.8167935
vt 0.1218363 0.8432974
vt 0.1178371 0.8402181
vt 0.1201366 0.8448318
vt 0.1278429 0.8124242
vt 0.1209256 0.8128513
vt 0.1248158 0.8171287
vt 0.1178371 0.8402181
vt 0.1122928 0.8416116
vt 0.1177355 0.8457447
vt 0.1231551 0.8067992
vt 0.1212344 0.809535
vt 0.1253407 0.8106995
vt 0.1108219 0.8477888
vt 0.1162738 0.8492826
vt 0.1147387 0.8457892
vt 0.1253407 0.8106995
vt 0.1212344 0.809535
vt 0.1209256 0.8128513
vt 0.1122928 0.8416116
vt 0.1107377 0.8445035
vt 0.1147387 0.8457892
vt 0.1286111 0.8086163
vt 0.1298704 0.8074772
vt 0.1245269 0.8055813
vt 0.1162738 0.8492826
vt 0.1108219 0.8477888
vt 0.1112807 0.8495307
vt 0.1259188 0.8030671
vt 0.1245269 0.8055813
vt 0.1298704 0.8074772
vt 0.1110476 0.8523389
vt 0.1175428 0.8531204
vt 0.1166777 0.8509022
vt 0.1321879 0.8051249
vt 0.1325541 0.8042344
vt 0.1292667 0.8021895
vt 0.1172733 0.8540879
vt 0.1121782 0.8536143
vt 0.1132956 0.8548754
vt 0.1321879 0.8051249
vt 0.1343426 0.8071056
vt 0.1345867 0.806331
vt 0.1198871 0.8544281
vt 0.1201158 0.8536636
vt 0.1172733 0.8540879
vt 0.131864 0.8060955
vt 0.1321879 0.8051249
vt 0.1276007 0.8026252
vt 0.1175428 0.8531204
vt 0.1110476 0.8523389
vt 0.1121782 0.8536143
vt 0.1343426 0.8071056
vt 0.1321879 0.8051249
vt 0.131864 0.8060955
vt 0.1201158 0.8536636
vt 0.1203173 0.8525793
vt 0.1175428 0.8531204
vt 0.1110265 0.7911853
vt 0.1147868 0.7998689
vt 0.1247433 0.7859288
vt 0.100785 0.8655081
vt 0.1002264 0.8489236
vt 0.09254688 0.8539323
vt 0.1110265 0.7911853
vt 0.1247433 0.7859288
vt 0.1170207 0.7804915
vt 0.09166413 0.8656862
vt 0.100785 0.8655081
vt 0.09254688 0.8539323
vt 0.09447652 0.8018914
vt 0.1016066 0.7974987
vt 0.09677839 0.7953104
vt 0.08315604 0.8431074
vt 0.08821874 0.8438473
vt 0.08467727 0.8365527
vt 0.1016066 0.7974987
vt 0.09447652 0.8018914
vt 0.09768426 0.8039374
vt 0.08821874 0.8438473
vt 0.09310013 0.8436426
vt 0.08837383 0.8365303
vt 0.07628667 0.7568185
vt 0.07310128 0.7408118
vt 0.04709148 0.75603
vt 0.04752928 0.8628817
vt 0.03699219 0.8413558
vt 0.02515137 0.8493661
vt 0.1031464 0.7513776
vt 0.1016706 0.7354277
vt 0.07310128 0.7408118
vt 0.06538367 0.8810463
vt 0.04752928 0.8628817
vt 0.03711688 0.8734314
vt 0.1031464 0.7513776
vt 0.1316468 0.7578748
vt 0.1328057 0.7386984
vt 0.08143806 0.90688092
vt 0.09102296 0.8914112
vt 0.06538367 0.8810463
vt 0.1316468 0.7578748
vt 0.1459746 0.7682508
vt 0.1523183 0.747929
vt 0.1016641 0.91059959
vt 0.1079896 0.8911688
vt 0.09102296 0.8914112
vt 0.1459746 0.7682508
vt 0.1592264 0.7822494
vt 0.1736661 0.7652345
vt 0.1281964 0.90912551
vt 0.1263214 0.8874811
vt 0.1079896 0.8911688
vt 0.1790248 0.8466827
vt 0.1984459 0.8529007
vt 0.2020028 0.8239837
vt 0.1790248 0.8466827
vt 0.1662971 0.8652975
vt 0.184526 0.8783567
vt 0.1793997 0.8240626
vt 0.2020028 0.8239837
vt 0.196904 0.7927757
vt 0.1662971 0.8652975
vt 0.1492393 0.8790985
vt 0.1624683 0.90046293
vt 0.03742092 0.7968615
vt 0.02439862 0.7907171
vt 0.02110916 0.8015349
vt 0.03467923 0.8119305
vt 0.03568583 0.804307
vt 0.02110916 0.8015349
vt 0.0414955 0.7858586
vt 0.03051793 0.7756968
vt 0.02439862 0.7907171
vt 0.03395497 0.8232303
vt 0.03467923 0.8119305
vt 0.02066916 0.8125473
vt 0.05391103 0.7704253
vt 0.04709148 0.75603
vt 0.03051793 0.7756968
vt 0.03699219 0.8413558
vt 0.03395497 0.8232303
vt 0.02066916 0.8272317
vt 0.1592264 0.7822494
vt 0.17338 0.8027189
vt 0.196904 0.7927757
vt 0.1624683 0.90046293
vt 0.1492393 0.8790985
vt 0.1263214 0.8874811
vt 0.1263993 0.2723029
vt 0.1199626 0.273136
vt 0.1181319 0.283523
vt 0.1073363 0.2830496
vt 0.1107122 0.2759099
vt 0.1080176 0.2775775
vt 0.1104871 0.2833358
vt 0.1138001 0.273981
vt 0.1107122 0.2759099
vt 0.1138001 0.273981
vt 0.1104871 0.2833358
vt 0.1181319 0.283523
vt 0.1414009 0.2735843
vt 0.1467009 0.285033
vt 0.1497471 0.2762228
vt 0.1554657 0.2866624
vt 0.1585629 0.2857718
vt 0.1591082 0.2832957
vt 0.1534424 0.2863247
vt 0.1554657 0.2866624
vt 0.1573155 0.2809664
vt 0.1467009 0.285033
vt 0.1534424 0.2863247
vt 0.1545709 0.2787335
vt 0.1321106 0.2831179
vt 0.1334586 0.2725418
vt 0.1263993 0.2723029
vt 0.1321106 0.2831179
vt 0.1467009 0.285033
vt 0.1414009 0.2735843
vt 0.1671621 0.2884384
vt 0.1585629 0.2857718
vt 0.1651666 0.2890372
vt 0.1677302 0.2859458
vt 0.1591082 0.2832957
vt 0.1585629 0.2857718
vt 0.1328967 0.2703845
vt 0.1233287 0.2700906
vt 0.1263993 0.2723029
vt 0.1053786 0.2729934
vt 0.1012904 0.2755038
vt 0.1107122 0.2759099
vt 0.09706574 0.2856747
vt 0.1073363 0.2830496
vt 0.1060034 0.2812018
vt 0.1104871 0.2833358
vt 0.101402 0.2859245
vt 0.1119569 0.2855285
vt 0.1310315 0.2850165
vt 0.1321106 0.2831179
vt 0.1181319 0.283523
vt 0.1310315 0.2850165
vt 0.1511098 0.2876583
vt 0.1467009 0.285033
vt 0.1512231 0.273547
vt 0.1472477 0.2724446
vt 0.146934 0.2745181
vt 0.1618854 0.2789905
vt 0.1545709 0.2787335
vt 0.1573155 0.2809664
vt 0.1679238 0.2851291
vt 0.1591082 0.2832957
vt 0.1677302 0.2859458
vt 0.1655885 0.2819894
vt 0.1573155 0.2809664
vt 0.1591082 0.2832957
vt 0.167384 0.2874392
vt 0.1585629 0.2857718
vt 0.1671621 0.2884384
vt 0.1585629 0.2857718
vt 0.1554657 0.2866624
vt 0.1631661 0.2896618
vt 0.1604755 0.2892391
vt 0.1631661 0.2896618
vt 0.1554657 0.2866624
vt 0.155123 0.2753377
vt 0.1497471 0.2762228
vt 0.1545709 0.2787335
vt 0.1512231 0.273547
vt 0.146934 0.2745181
vt 0.1497471 0.2762228
vt 0.1534424 0.2863247
vt 0.1467009 0.285033
vt 0.1511098 0.2876583
vt 0.1438847 0.2717839
vt 0.1414009 0.2735843
vt 0.146934 0.2745181
vt 0.1328967 0.2703845
vt 0.1334586 0.2725418
vt 0.1414009 0.2735843
vt 0.1233287 0.2700906
vt 0.1187133 0.2704048
vt 0.1199626 0.273136
vt 0.1187133 0.2704048
vt 0.1140209 0.2710175
vt 0.1199626 0.273136
vt 0.1140209 0.2710175
vt 0.1092634 0.2720055
vt 0.1138001 0.273981
vt 0.1053786 0.2729934
vt 0.1138001 0.273981
vt 0.1092634 0.2720055
vt 0.1012904 0.2755038
vt 0.09738802 0.277988
vt 0.1080176 0.2775775
vt 0.09738802 0.277988
vt 0.09592354 0.2809703
vt 0.1060034 0.2812018
vt 0.101402 0.2859245
vt 0.1104871 0.2833358
vt 0.1073363 0.2830496
vt 0.09592354 0.2809703
vt 0.09486615 0.2832928
vt 0.1060034 0.2812018
vt 0.1671621 0.2884384
vt 0.1651666 0.2890372
vt 0.1680236 0.290416
vt 0.1707722 0.2869683
vt 0.1677302 0.2859458
vt 0.167384 0.2874392
vt 0.1327608 0.2691157
vt 0.1221921 0.2689028
vt 0.1233287 0.2700906
vt 0.1024363 0.2727945
vt 0.09762364 0.2755946
vt 0.1012904 0.2755038
vt 0.09359103 0.287283
vt 0.09706574 0.2856747
vt 0.09486615 0.2832928
vt 0.1098366 0.287016
vt 0.1119569 0.2855285
vt 0.101402 0.2859245
vt 0.130594 0.2865053
vt 0.1310315 0.2850165
vt 0.1119569 0.2855285
vt 0.130594 0.2865053
vt 0.1525928 0.289327
vt 0.1511098 0.2876583
vt 0.1485913 0.2714757
vt 0.1472477 0.2724446
vt 0.1512231 0.273547
vt 0.1646532 0.2791377
vt 0.1618854 0.2789905
vt 0.1655885 0.2819894
vt 0.1709508 0.2860954
vt 0.1679238 0.2851291
vt 0.1677302 0.2859458
vt 0.1686093 0.2826149
vt 0.1655885 0.2819894
vt 0.1679238 0.2851291
vt 0.1703711 0.2885575
vt 0.167384 0.2874392
vt 0.1671621 0.2884384
vt 0.1651666 0.2890372
vt 0.1631661 0.2896618
vt 0.165812 0.2909785
vt 0.1628794 0.2909845
vt 0.165812 0.2909785
vt 0.1631661 0.2896618
vt 0.1573133 0.2749949
vt 0.155123 0.2753377
vt 0.1618854 0.2789905
vt 0.15285 0.2729304
vt 0.1512231 0.273547
vt 0.155123 0.2753377
vt 0.1604755 0.2892391
vt 0.1511098 0.2876583
vt 0.1525928 0.289327
vt 0.1448821 0.2706347
vt 0.1438847 0.2717839
vt 0.1472477 0.2724446
vt 0.1327608 0.2691157
vt 0.1328967 0.2703845
vt 0.1438847 0.2717839
vt 0.1221921 0.2689028
vt 0.1169317 0.2692833
vt 0.1187133 0.2704048
vt 0.1169317 0.2692833
vt 0.1116922 0.2700862
vt 0.1140209 0.2710175
vt 0.1116922 0.2700862
vt 0.1064597 0.2713067
vt 0.1092634 0.2720055
vt 0.1053786 0.2729934
vt 0.1092634 0.2720055
vt 0.1064597 0.2713067
vt 0.09762364 0.2755946
vt 0.09354639 0.2786471
vt 0.09738802 0.277988
vt 0.09354639 0.2786471
vt 0.0918287 0.2820897
vt 0.09592354 0.2809703
vt 0.0982483 0.2874264
vt 0.101402 0.2859245
vt 0.09706574 0.2856747
vt 0.0918287 0.2820897
vt 0.09090095 0.2850263
vt 0.09486615 0.2832928
vt 0.1700665 0.2895908
vt 0.1680236 0.290416
vt 0.170687 0.2918199
vt 0.1738259 0.2887661
vt 0.1744006 0.2871265
vt 0.1707722 0.2869683
vt 0.1331725 0.2648571
vt 0.1212744 0.264857
vt 0.1221921 0.2689028
vt 0.09824198 0.2695102
vt 0.0933361 0.273243
vt 0.09762364 0.2755946
vt 0.09179878 0.288333
vt 0.09359103 0.287283
vt 0.09090095 0.2850263
vt 0.108929 0.2872671
vt 0.1098366 0.287016
vt 0.0982483 0.2874264
vt 0.1305648 0.2878045
vt 0.130594 0.2865053
vt 0.1098366 0.287016
vt 0.1305648 0.2878045
vt 0.1531332 0.290492
vt 0.1525928 0.289327
vt 0.1504206 0.2682699
vt 0.1485913 0.2714757
vt 0.15285 0.2729304
vt 0.1690642 0.2768175
vt 0.1646532 0.2791377
vt 0.1686093 0.2826149
vt 0.1709508 0.2860954
vt 0.1707722 0.2869683
vt 0.1744006 0.2871265
vt 0.1725922 0.2814788
vt 0.1686093 0.2826149
vt 0.1709508 0.2860954
vt 0.1703711 0.2885575
vt 0.1700665 0.2895908
vt 0.1731731 0.2900318
vt 0.1680236 0.290416
vt 0.165812 0.2909785
vt 0.1677737 0.29272
vt 0.1639874 0.2928193
vt 0.1677737 0.29272
vt 0.165812 0.2909785
vt 0.1611041 0.2718996
vt 0.1573133 0.2749949
vt 0.1646532 0.2791377
vt 0.1556842 0.2697255
vt 0.15285 0.2729304
vt 0.1573133 0.2749949
vt 0.1628794 0.2909845
vt 0.1525928 0.289327
vt 0.1531332 0.290492
vt 0.1463099 0.2671645
vt 0.1448821 0.2706347
vt 0.1485913 0.2714757
vt 0.1331725 0.2648571
vt 0.1327608 0.2691157
vt 0.1448821 0.2706347
vt 0.1212744 0.264857
vt 0.1154568 0.266081
vt 0.1169317 0.2692833
vt 0.1154568 0.266081
vt 0.1099481 0.2675779
vt 0.1116922 0.2700862
vt 0.1099481 0.2675779
vt 0.1038634 0.2682454
vt 0.1064597 0.2713067
vt 0.1024363 0.2727945
vt 0.1064597 0.2713067
vt 0.1038634 0.2682454
vt 0.0933361 0.273243
vt 0.08915096 0.2778854
vt 0.09354639 0.2786471
vt 0.08915096 0.2778854
vt 0.08899807 0.2820912
vt 0.0918287 0.2820897
vt 0.09714722 0.2879926
vt 0.0982483 0.2874264
vt 0.09359103 0.287283
vt 0.09090095 0.2850263
vt 0.0918287 0.2820897
vt 0.08899807 0.2820912
vt 0.1438692 0.7258275
vt 0.1443713 0.7272046
vt 0.1442957 0.7256612
vt 0.1443713 0.7272046
vt 0.1438692 0.7258275
vt 0.1430442 0.7258434
vt 0.1446395 0.7253565
vt 0.1442491 0.7254804
vt 0.1442957 0.7256612
vt 0.1430442 0.7258434
vt 0.1438692 0.7258275
vt 0.1436076 0.7255164
vt 0.1442491 0.7254804
vt 0.1446395 0.7253565
vt 0.1445504 0.7251699
vt 0.1360559 0.7299591
vt 0.1362942 0.7327366
vt 0.1382138 0.7294724
vt 0.1360104 0.7293994
vt 0.1360399 0.7297388
vt 0.1381712 0.7293029
vt 0.1324975 0.7055071
vt 0.132941 0.7070153
vt 0.1363567 0.7064044
vt 0.136313 0.7003829
vt 0.1310752 0.7014086
vt 0.1324975 0.7055071
vt 0.135922 0.7283753
vt 0.1360104 0.7293994
vt 0.1380736 0.7288809
vt 0.135922 0.7283753
vt 0.1378043 0.7279327
vt 0.1371264 0.7263928
vt 0.1382138 0.7294724
vt 0.1362942 0.7327366
vt 0.1402312 0.7286543
vt 0.1380736 0.7288809
vt 0.1381712 0.7293029
vt 0.1401575 0.728479
vt 0.1454259 0.7268822
vt 0.1450673 0.7276515
vt 0.1460806 0.7275527
vt 0.1411671 0.7281762
vt 0.1402312 0.7286543
vt 0.1362942 0.7327366
vt 0.1411671 0.7281762
vt 0.1362942 0.7327366
vt 0.1363525 0.7334144
vt 0.1363567 0.7064044
vt 0.1410661 0.707378
vt 0.1394973 0.7057492
vt 0.1362843 0.7114217
vt 0.1365021 0.7081661
vt 0.1333076 0.7083669
vt 0.1378043 0.7279327
vt 0.1380736 0.7288809
vt 0.1399809 0.7280599
vt 0.1388084 0.7257082
vt 0.1371264 0.7263928
vt 0.1378043 0.7279327
vt 0.1442673 0.7288974
vt 0.1450673 0.7276515
vt 0.1443713 0.7272046
vt 0.1457301 0.7302921
vt 0.1442673 0.7288974
vt 0.1424965 0.7283765
vt 0.1394973 0.7057492
vt 0.1410661 0.707378
vt 0.1417328 0.7065721
vt 0.1424965 0.7283765
vt 0.1430442 0.7258434
vt 0.1411671 0.7281762
vt 0.1476545 0.7276857
vt 0.1465128 0.7269049
vt 0.1460806 0.7275527
vt 0.1343168 0.7130763
vt 0.1373885 0.713626
vt 0.1361114 0.7125108
vt 0.1430442 0.7258434
vt 0.1424965 0.7283765
vt 0.1443713 0.7272046
vt 0.1410661 0.707378
vt 0.1451653 0.7111092
vt 0.1445921 0.7090697
vt 0.1454259 0.7268822
vt 0.1465128 0.7269049
vt 0.1456938 0.7250687
vt 0.1490232 0.7303899
vt 0.1476545 0.7276857
vt 0.1469016 0.7285854
vt 0.1449552 0.7252043
vt 0.1446395 0.7253565
vt 0.1447215 0.7255393
vt 0.1406893 0.7083869
vt 0.1443324 0.7117132
vt 0.1451653 0.7111092
vt 0.1397833 0.7009603
vt 0.1394973 0.7057492
vt 0.1417328 0.7065721
vt 0.1451832 0.7250807
vt 0.1449552 0.7252043
vt 0.1450574 0.7253939
vt 0.145522 0.7248456
vt 0.1451832 0.7250807
vt 0.1453034 0.7252839
vt 0.1427724 0.7317167
vt 0.1455854 0.7334065
vt 0.1424965 0.7283765
vt 0.1445921 0.7090697
vt 0.1451653 0.7111092
vt 0.1464987 0.7108731
vt 0.1434646 0.7250426
vt 0.1430442 0.7258434
vt 0.1436076 0.7255164
vt 0.1399809 0.7280599
vt 0.1401575 0.728479
vt 0.1428977 0.7256025
vt 0.144833 0.7250032
vt 0.1445504 0.7251699
vt 0.1446395 0.7253565
vt 0.1450461 0.7248777
vt 0.144833 0.7250032
vt 0.1449552 0.7252043
vt 0.1455854 0.7334065
vt 0.1508171 0.7314463
vt 0.1457301 0.7302921
vt 0.145882 0.7244877
vt 0.145522 0.7248456
vt 0.1456938 0.7250687
vt 0.1453205 0.7246426
vt 0.1450461 0.7248777
vt 0.1451832 0.7250807
vt 0.1340181 0.7115251
vt 0.1342219 0.7124913
vt 0.1361114 0.7125108
vt 0.1452621 0.7038723
vt 0.1417328 0.7065721
vt 0.1445921 0.7090697
vt 0.1445921 0.7090697
vt 0.1464987 0.7108731
vt 0.149766 0.7088601
vt 0.1426247 0.7253076
vt 0.1422172 0.7248611
vt 0.1395366 0.7271705
vt 0.1434646 0.7250426
vt 0.1436076 0.7255164
vt 0.1441435 0.7253131
vt 0.1404504 0.7093019
vt 0.1365021 0.7081661
vt 0.1362843 0.7114217
vt 0.145583 0.7242864
vt 0.1453205 0.7246426
vt 0.145522 0.7248456
vt 0.1457784 0.7122794
vt 0.1474811 0.7127085
vt 0.1464987 0.7108731
vt 0.1465128 0.7269049
vt 0.1467401 0.724082
vt 0.146137 0.7247413
vt 0.145882 0.7244877
vt 0.146137 0.7247413
vt 0.1467401 0.724082
vt 0.1471574 0.714646
vt 0.148406 0.7147295
vt 0.1474811 0.7127085
vt 0.1422172 0.7248611
vt 0.1414034 0.7237517
vt 0.1388084 0.7257082
vt 0.1441435 0.7253131
vt 0.1445504 0.7251699
vt 0.1438991 0.7245152
vt 0.145583 0.7242864
vt 0.145882 0.7244877
vt 0.1461974 0.7238653
vt 0.1467401 0.724082
vt 0.1465128 0.7269049
vt 0.1477072 0.7230808
vt 0.1431866 0.7246696
vt 0.1434646 0.7250426
vt 0.1438991 0.7245152
vt 0.1464987 0.7108731
vt 0.1474811 0.7127085
vt 0.1506732 0.710496
vt 0.1473056 0.722935
vt 0.1477072 0.7230808
vt 0.1479402 0.7219596
vt 0.1488045 0.7177983
vt 0.1480358 0.7181672
vt 0.147816 0.7214622
vt 0.1353458 0.7219243
vt 0.1353876 0.7223366
vt 0.1363136 0.7221601
vt 0.1438991 0.7245152
vt 0.1445504 0.7251699
vt 0.144833 0.7250032
vt 0.1450461 0.7248777
vt 0.1451291 0.7235303
vt 0.144833 0.7250032
vt 0.1436657 0.7241123
vt 0.1438991 0.7245152
vt 0.1451291 0.7235303
vt 0.1480358 0.7181672
vt 0.1488045 0.7177983
vt 0.148406 0.7147295
vt 0.1476545 0.7276857
vt 0.1486784 0.723344
vt 0.1477072 0.7230808
vt 0.1477072 0.7230808
vt 0.1486784 0.723344
vt 0.1479402 0.7219596
vt 0.1497628 0.723649
vt 0.1486784 0.723344
vt 0.1476545 0.7276857
vt 0.1486784 0.723344
vt 0.1517744 0.7162646
vt 0.1488045 0.7177983
vt 0.1474811 0.7127085
vt 0.148406 0.7147295
vt 0.1516432 0.7140833
vt 0.1463143 0.7230373
vt 0.1461974 0.7238653
vt 0.1467401 0.724082
vt 0.147816 0.7214622
vt 0.1466724 0.7211
vt 0.1463143 0.7230373
vt 0.1453205 0.7246426
vt 0.1451291 0.7235303
vt 0.1450461 0.7248777
vt 0.1451291 0.7235303
vt 0.1453205 0.7246426
vt 0.1457284 0.7237741
vt 0.1458643 0.7150036
vt 0.1468012 0.7147682
vt 0.1451653 0.7111092
vt 0.1435682 0.7121878
vt 0.1404504 0.7093019
vt 0.1395096 0.7123205
vt 0.1457284 0.7237741
vt 0.1461974 0.7238653
vt 0.1457718 0.7230473
vt 0.1456013 0.7232391
vt 0.1466724 0.7211
vt 0.1447007 0.7228221
vt 0.1422172 0.7248611
vt 0.1426247 0.7253076
vt 0.1431866 0.7246696
vt 0.1363136 0.7221601
vt 0.1369071 0.7219849
vt 0.1366627 0.7216296
vt 0.148406 0.7147295
vt 0.1488045 0.7177983
vt 0.1517744 0.7162646
vt 0.1480358 0.7181672
vt 0.1471973 0.7182073
vt 0.1466724 0.7211
vt 0.1462899 0.7180614
vt 0.1471973 0.7182073
vt 0.1468012 0.7147682
vt 0.1517744 0.7246426
vt 0.1509319 0.7240685
vt 0.1497628 0.723649
vt 0.1450075 0.715133
vt 0.1458643 0.7150036
vt 0.1443324 0.7117132
vt 0.1433509 0.7236433
vt 0.1436657 0.7241123
vt 0.1447007 0.7228221
vt 0.1361114 0.7125108
vt 0.1388608 0.7138281
vt 0.1395096 0.7123205
vt 0.1357451 0.7200933
vt 0.1351752 0.7202656
vt 0.1353458 0.7219243
vt 0.1471973 0.7182073
vt 0.1462899 0.7180614
vt 0.1458996 0.7206889
vt 0.1458643 0.7150036
vt 0.1450075 0.715133
vt 0.1454823 0.7177761
vt 0.1373885 0.713626
vt 0.1392437 0.715499
vt 0.1388608 0.7138281
vt 0.1466724 0.7211
vt 0.1458996 0.7206889
vt 0.1447007 0.7228221
vt 0.1371855 0.7213437
vt 0.1366627 0.7216296
vt 0.1369071 0.7219849
vt 0.1452298 0.7202946
vt 0.1458996 0.7206889
vt 0.1462899 0.7180614
vt 0.1458996 0.7206889
vt 0.1452298 0.7202946
vt 0.1443082 0.722336
vt 0.1388608 0.7138281
vt 0.1392437 0.715499
vt 0.1396036 0.7147249
vt 0.1386961 0.7209389
vt 0.1371855 0.7213437
vt 0.1369071 0.7219849
vt 0.1432813 0.7170979
vt 0.1454823 0.7177761
vt 0.1450075 0.715133
vt 0.1443082 0.722336
vt 0.1429704 0.7213728
vt 0.1427254 0.7220436
vt 0.1386961 0.7209389
vt 0.1383483 0.7206358
vt 0.1371855 0.7213437
vt 0.1401056 0.7157789
vt 0.1426501 0.7154643
vt 0.1413839 0.7138089
vt 0.1401056 0.7157789
vt 0.1392437 0.715499
vt 0.1395286 0.7180311
vt 0.1389653 0.7206704
vt 0.1383483 0.7206358
vt 0.1386961 0.7209389
vt 0.1402537 0.7179673
vt 0.1434746 0.7189146
vt 0.1432813 0.7170979
vt 0.1389653 0.7206704
vt 0.1421157 0.7230036
vt 0.1427254 0.7220436
vt 0.1389653 0.7206704
vt 0.139501 0.7198951
vt 0.1383483 0.7206358
vt 0.1402596 0.7168685
vt 0.1401056 0.7157789
vt 0.1395286 0.7180311
vt 0.1399533 0.7189934
vt 0.1429704 0.7213728
vt 0.1434746 0.7189146
vt 0.1395286 0.7180311
vt 0.1399533 0.7189934
vt 0.1402537 0.7179673
vt 0.139501 0.7198951
vt 0.1427254 0.7220436
vt 0.1429704 0.7213728
vt 0.139501 0.7198951
vt 0.1399533 0.7189934
vt 0.1395286 0.7180311
vt 0.1351681 0.717901
vt 0.1373885 0.713626
vt 0.1343168 0.7130763
vt 0.1353189 0.7188373
vt 0.1351943 0.7189045
vt 0.1357451 0.7200933
vt 0.1353189 0.7188373
vt 0.1371855 0.7213437
vt 0.1383483 0.7206358
vt 0.1353997 0.7180682
vt 0.1392437 0.715499
vt 0.1373885 0.713626
vt 0.126475 0.7266644
vt 0.1265651 0.7264541
vt 0.126353 0.7263495
vt 0.1265651 0.7264541
vt 0.126475 0.7266644
vt 0.1268227 0.7267678
vt 0.1262338 0.7265668
vt 0.1261335 0.7267871
vt 0.1263983 0.726871
vt 0.1267691 0.7269727
vt 0.1268227 0.7267678
vt 0.126475 0.7266644
vt 0.1258667 0.7263592
vt 0.1257104 0.7266054
vt 0.1261335 0.7267871
vt 0.1271453 0.7268327
vt 0.1272077 0.7266487
vt 0.1268872 0.7265606
vt 0.1260545 0.7261347
vt 0.1258667 0.7263592
vt 0.1262338 0.7265668
vt 0.1271453 0.7268327
vt 0.1268227 0.7267678
vt 0.1267691 0.7269727
vt 0.1272077 0.7266487
vt 0.1272339 0.7270201
vt 0.1273292 0.7266615
vt 0.1257597 0.7257857
vt 0.125465 0.7260187
vt 0.1258667 0.7263592
vt 0.125465 0.7260187
vt 0.1252223 0.7263045
vt 0.1257104 0.7266054
vt 0.1273292 0.7266615
vt 0.1272339 0.7270201
vt 0.1275817 0.7270723
vt 0.1257597 0.7257857
vt 0.125572 0.7252616
vt 0.1250887 0.7253964
vt 0.1245375 0.7256667
vt 0.1252223 0.7263045
vt 0.125465 0.7260187
vt 0.1262801 0.7247822
vt 0.1276009 0.7255385
vt 0.1277071 0.725294
vt 0.1276009 0.7255385
vt 0.1262801 0.7247822
vt 0.1265598 0.7252279
vt 0.1274618 0.7258508
vt 0.1265598 0.7252279
vt 0.1268872 0.7265606
vt 0.1265598 0.7252279
vt 0.1261585 0.7250004
vt 0.126353 0.7263495
vt 0.1261585 0.7250004
vt 0.125572 0.7252616
vt 0.1260545 0.7261347
vt 0.126552 0.7242353
vt 0.1251766 0.7222862
vt 0.1244347 0.7227079
vt 0.1254388 0.7245073
vt 0.1250887 0.7253964
vt 0.125572 0.7252616
vt 0.1278283 0.7271358
vt 0.1279155 0.7267882
vt 0.1276541 0.726725
vt 0.1277071 0.725294
vt 0.1276009 0.7255385
vt 0.1281849 0.7259014
vt 0.126756 0.723561
vt 0.1257647 0.7217706
vt 0.1251766 0.7222862
vt 0.1279155 0.7249139
vt 0.126756 0.723561
vt 0.126552 0.7242353
vt 0.1274618 0.7258508
vt 0.1272077 0.7266487
vt 0.1273292 0.7266615
vt 0.1279631 0.7263011
vt 0.1273292 0.7266615
vt 0.1276541 0.726725
vt 0.1281849 0.7259014
vt 0.1276009 0.7255385
vt 0.1274618 0.7258508
vt 0.1279155 0.7267882
vt 0.1279631 0.7263011
vt 0.1276541 0.726725
vt 0.1248914 0.7245534
vt 0.123859 0.7244963
vt 0.1245375 0.7256667
vt 0.1257647 0.7217706
vt 0.1254356 0.7196606
vt 0.1247649 0.7199467
vt 0.1251766 0.7222862
vt 0.1247649 0.7199467
vt 0.1240074 0.7200932
vt 0.1248914 0.7245534
vt 0.1244347 0.7227079
vt 0.1233383 0.7230199
vt 0.123336 0.7200619
vt 0.1233383 0.7230199
vt 0.1244347 0.7227079
vt 0.123859 0.7244963
vt 0.1233383 0.7230199
vt 0.1232047 0.7234968
vt 0.1283546 0.7272997
vt 0.1284507 0.7269196
vt 0.1279155 0.7267882
vt 0.1285676 0.7267693
vt 0.1279631 0.7263011
vt 0.1284507 0.7269196
vt 0.1287456 0.7265261
vt 0.1281849 0.7259014
vt 0.1279631 0.7263011
vt 0.1291574 0.7259547
vt 0.1284883 0.7254139
vt 0.1281849 0.7259014
vt 0.1284507 0.7269196
vt 0.1279631 0.7263011
vt 0.1279155 0.7267882
vt 0.1284507 0.7269196
vt 0.1283546 0.7272997
vt 0.1286751 0.7272457
vt 0.1233383 0.7230199
vt 0.123336 0.7200619
vt 0.1226987 0.7197828
vt 0.1284507 0.7269196
vt 0.1286751 0.7272457
vt 0.1285676 0.7267693
vt 0.1223751 0.7249526
vt 0.1210942 0.7254307
vt 0.1239284 0.7296177
vt 0.1247649 0.7199467
vt 0.1249172 0.7174679
vt 0.1241846 0.7173875
vt 0.1249172 0.7174679
vt 0.1247649 0.7199467
vt 0.1254356 0.7196606
vt 0.1257104 0.7266054
vt 0.1250442 0.7286359
vt 0.1262022 0.7284715
vt 0.1209864 0.7205411
vt 0.1223751 0.7249526
vt 0.1232047 0.7234968
vt 0.1223751 0.7249526
vt 0.1209864 0.7205411
vt 0.1189337 0.7217069
vt 0.120914 0.7185896
vt 0.1209864 0.7205411
vt 0.1226987 0.7197828
vt 0.1294163 0.7295341
vt 0.1286751 0.7272457
vt 0.1283546 0.7272997
vt 0.128013 0.7226683
vt 0.1275131 0.7213079
vt 0.1257647 0.7217706
vt 0.1239085 0.717325
vt 0.1231665 0.7170749
vt 0.1226987 0.7197828
vt 0.1279155 0.7249139
vt 0.1284883 0.7254139
vt 0.129244 0.7243121
vt 0.1268123 0.7293215
vt 0.1294163 0.7295341
vt 0.1273614 0.7286323
vt 0.1234783 0.7159963
vt 0.1231665 0.7170749
vt 0.1239085 0.717325
vt 0.1189337 0.7217069
vt 0.1168275 0.7230356
vt 0.1199337 0.7262996
vt 0.1189337 0.7217069
vt 0.1209864 0.7205411
vt 0.120914 0.7185896
vt 0.1245375 0.7256667
vt 0.1250442 0.7286359
vt 0.1252223 0.7263045
vt 0.1250442 0.7286359
vt 0.1245375 0.7256667
vt 0.1234365 0.7246687
vt 0.1262022 0.7284715
vt 0.1250442 0.7286359
vt 0.1255964 0.729278
vt 0.1291574 0.7259547
vt 0.1301314 0.7249412
vt 0.129244 0.7243121
vt 0.1294163 0.7295341
vt 0.1307114 0.7290594
vt 0.1286751 0.7272457
vt 0.1317225 0.7293888
vt 0.1286751 0.7272457
vt 0.1307114 0.7290594
vt 0.1209995 0.7168515
vt 0.1182722 0.7157299
vt 0.1178738 0.7175799
vt 0.1278157 0.7305105
vt 0.1294163 0.7295341
vt 0.1268123 0.7293215
vt 0.125598 0.7174634
vt 0.1254356 0.7196606
vt 0.1272453 0.7189241
vt 0.1249172 0.7174679
vt 0.125607 0.7147664
vt 0.1249185 0.7144994
vt 0.1190983 0.7271002
vt 0.1199337 0.7262996
vt 0.1168275 0.7230356
vt 0.1242305 0.713673
vt 0.1234783 0.7159963
vt 0.1246078 0.715471
vt 0.1304249 0.7296523
vt 0.1307114 0.7290594
vt 0.1294163 0.7295341
vt 0.1318683 0.7287591
vt 0.1287456 0.7265261
vt 0.1285676 0.7267693
vt 0.1209995 0.7168515
vt 0.1231665 0.7170749
vt 0.1234783 0.7159963
vt 0.1239284 0.7296177
vt 0.124838 0.7304673
vt 0.1255964 0.729278
vt 0.126267 0.714966
vt 0.125598 0.7174634
vt 0.1275441 0.7173568
vt 0.1229064 0.7325388
vt 0.1239284 0.7296177
vt 0.1210942 0.7254307
vt 0.1234783 0.7159963
vt 0.1242305 0.713673
vt 0.121573 0.7133527
vt 0.1287456 0.7265261
vt 0.1318683 0.7287591
vt 0.13215 0.727811
vt 0.1323512 0.7261203
vt 0.1301314 0.7249412
vt 0.1291574 0.7259547
vt 0.1189337 0.7217069
vt 0.1178738 0.7175799
vt 0.1139177 0.7193061
vt 0.1221542 0.7114548
vt 0.121573 0.7133527
vt 0.1242305 0.713673
vt 0.1262472 0.732083
vt 0.126613 0.7353343
vt 0.1299561 0.7333112
vt 0.125607 0.7147664
vt 0.1271373 0.71184
vt 0.1264344 0.7114517
vt 0.1264344 0.7114517
vt 0.1261693 0.7103867
vt 0.1242305 0.713673
vt 0.1152791 0.7246832
vt 0.1168275 0.7230356
vt 0.1139177 0.7193061
vt 0.125607 0.7147664
vt 0.126267 0.714966
vt 0.1276692 0.712341
vt 0.1182722 0.7157299
vt 0.1188997 0.7127272
vt 0.1164866 0.7140077
vt 0.133889 0.7292414
vt 0.1318683 0.7287591
vt 0.1317677 0.7291996
vt 0.1221542 0.7114548
vt 0.1199122 0.7090793
vt 0.1188997 0.7127272
vt 0.1262472 0.732083
vt 0.124838 0.7304673
vt 0.1229064 0.7325388
vt 0.1229064 0.7325388
vt 0.121297 0.7342139
vt 0.126613 0.7353343
vt 0.1182722 0.7157299
vt 0.1164866 0.7140077
vt 0.1178738 0.7175799
vt 0.1164866 0.7140077
vt 0.1118071 0.7156129
vt 0.1139177 0.7193061
vt 0.1339914 0.7282589
vt 0.13215 0.727811
vt 0.1318683 0.7287591
vt 0.1261693 0.7103867
vt 0.1229569 0.7097684
vt 0.1221542 0.7114548
vt 0.1261693 0.7103867
vt 0.1252459 0.7059443
vt 0.1229569 0.7097684
vt 0.1304759 0.7200107
vt 0.129882 0.7181755
vt 0.1272453 0.7189241
vt 0.1275441 0.7173568
vt 0.1272453 0.7189241
vt 0.129882 0.7181755
vt 0.1308604 0.720597
vt 0.1304759 0.7200107
vt 0.1275131 0.7213079
vt 0.134162 0.7265692
vt 0.1323512 0.7261203
vt 0.13215 0.727811
vt 0.1085033 0.718354
vt 0.1113282 0.7215069
vt 0.1139177 0.7193061
vt 0.1338647 0.729674
vt 0.1338514 0.729848
vt 0.1360559 0.7299591
vt 0.1264344 0.7114517
vt 0.1298847 0.7081905
vt 0.1284997 0.7079204
vt 0.1338647 0.729674
vt 0.1360399 0.7297388
vt 0.1360104 0.7293994
vt 0.1317225 0.7293888
vt 0.1307114 0.7290594
vt 0.1362942 0.7327366
vt 0.1338514 0.729848
vt 0.1317225 0.7293888
vt 0.1362942 0.7327366
vt 0.1338514 0.729848
vt 0.1362942 0.7327366
vt 0.1360559 0.7299591
vt 0.1164866 0.7140077
vt 0.1188997 0.7127272
vt 0.1160151 0.7108616
vt 0.1160151 0.7108616
vt 0.1102759 0.7125965
vt 0.1118071 0.7156129
vt 0.1282622 0.7157121
vt 0.1275441 0.7173568
vt 0.1298113 0.7169311
vt 0.1322225 0.7212598
vt 0.130789 0.7195035
vt 0.1308604 0.720597
vt 0.129882 0.7181755
vt 0.1304759 0.7200107
vt 0.130789 0.7195035
vt 0.1305193 0.716693
vt 0.1298113 0.7169311
vt 0.129882 0.7181755
vt 0.1305193 0.716693
vt 0.1300004 0.7161347
vt 0.1298113 0.7169311
vt 0.135922 0.7283753
vt 0.1339914 0.7282589
vt 0.133889 0.7292414
vt 0.1284997 0.7079204
vt 0.1252459 0.7059443
vt 0.1261693 0.7103867
vt 0.1303609 0.7097381
vt 0.1276692 0.712341
vt 0.1295019 0.7140565
vt 0.1160151 0.7108616
vt 0.1188997 0.7127272
vt 0.1179018 0.707147
vt 0.1315827 0.7213474
vt 0.1322225 0.7212598
vt 0.1308604 0.720597
vt 0.1252459 0.7059443
vt 0.1216322 0.7052387
vt 0.1206405 0.7072893
vt 0.1179018 0.707147
vt 0.1206405 0.7072893
vt 0.1216322 0.7052387
vt 0.1160151 0.7108616
vt 0.1144362 0.7098402
vt 0.1102759 0.7125965
vt 0.106315 0.7156191
vt 0.1085033 0.718354
vt 0.1118071 0.7156129
vt 0.1295019 0.7140565
vt 0.1282622 0.7157121
vt 0.1300004 0.7161347
vt 0.1300004 0.7161347
vt 0.1305193 0.716693
vt 0.1315909 0.714535
vt 0.1298847 0.7081905
vt 0.132941 0.7070153
vt 0.1324975 0.7055071
vt 0.1252459 0.7059443
vt 0.1268986 0.7041399
vt 0.1259769 0.7024606
vt 0.1324975 0.7055071
vt 0.1310752 0.7014086
vt 0.1268986 0.7041399
vt 0.1322225 0.7212598
vt 0.1315827 0.7213474
vt 0.132397 0.7218287
vt 0.1334679 0.7217284
vt 0.1322225 0.7212598
vt 0.1331644 0.7221343
vt 0.1310752 0.7014086
vt 0.1302897 0.7002853
vt 0.1259769 0.7024606
vt 0.1333076 0.7083669
vt 0.1303609 0.7097381
vt 0.1319351 0.7122989
vt 0.1340301 0.7219074
vt 0.1334679 0.7217284
vt 0.1331644 0.7221343
vt 0.1353458 0.7219243
vt 0.1340301 0.7219074
vt 0.1344377 0.7223483
vt 0.1344394 0.7181741
vt 0.1346221 0.7179623
vt 0.1315909 0.714535
vt 0.1353458 0.7219243
vt 0.1351752 0.7202656
vt 0.1345835 0.7202191
vt 0.1347246 0.7188919
vt 0.1344886 0.7187128
vt 0.1322225 0.7212598
vt 0.1347246 0.7188919
vt 0.1334679 0.7217284
vt 0.1345835 0.7202191
vt 0.1346221 0.7179623
vt 0.1348866 0.7178766
vt 0.1343168 0.7130763
vt 0.1457784 0.7122794
vt 0.1468012 0.7147682
vt 0.1471574 0.714646
vt 0.1451653 0.7111092
vt 0.1468012 0.7147682
vt 0.1457784 0.7122794
vt 0.1457718 0.7230473
vt 0.1466724 0.7211
vt 0.1456013 0.7232391
vt 0.1463143 0.7230373
vt 0.1466724 0.7211
vt 0.1457718 0.7230473
vt 0.1371855 0.7213437
vt 0.1357451 0.7200933
vt 0.1366627 0.7216296
vt 0.1392437 0.715499
vt 0.1401056 0.7157789
vt 0.1396036 0.7147249
vt 0.1456938 0.7250687
vt 0.1465128 0.7269049
vt 0.146137 0.7247413
vt 0.1450574 0.7253939
vt 0.1454259 0.7268822
vt 0.1453034 0.7252839
vt 0.1450673 0.7276515
vt 0.1454259 0.7268822
vt 0.1443713 0.7272046
vt 0.1457301 0.7302921
vt 0.1508171 0.7314463
vt 0.1490232 0.7303899
vt 0.1424965 0.7283765
vt 0.1411671 0.7281762
vt 0.1415614 0.7286929
vt 0.1411671 0.7281762
vt 0.1430442 0.7258434
vt 0.1402312 0.7286543
vt 0.1430442 0.7258434
vt 0.1434646 0.7250426
vt 0.1428977 0.7256025
vt 0.1461974 0.7238653
vt 0.1463143 0.7230373
vt 0.1457718 0.7230473
vt 0.145583 0.7242864
vt 0.1457284 0.7237741
vt 0.1453205 0.7246426
vt 0.1188997 0.7127272
vt 0.121204 0.7150878
vt 0.121573 0.7133527
vt 0.1199122 0.7090793
vt 0.1179018 0.707147
vt 0.1188997 0.7127272
vt 0.1160151 0.7108616
vt 0.1158255 0.7086536
vt 0.1144362 0.7098402
vt 0.1059901 0.7151949
vt 0.106315 0.7156191
vt 0.1102759 0.7125965
vt 0.1223751 0.7249526
vt 0.1234365 0.7246687
vt 0.1232047 0.7234968
vt 0.1284997 0.7079204
vt 0.1268986 0.7041399
vt 0.1252459 0.7059443
vt 0.1340301 0.7219074
vt 0.1345835 0.7202191
vt 0.1334679 0.7217284
vt 0.130789 0.7195035
vt 0.1304759 0.7200107
vt 0.1308604 0.720597
vt 0.1276009 0.7255385
vt 0.1265598 0.7252279
vt 0.1274618 0.7258508
vt 0.1241846 0.7173875
vt 0.1246078 0.715471
vt 0.1239085 0.717325
vt 0.1249185 0.7144994
vt 0.1246078 0.715471
vt 0.1241846 0.7173875
vt 0.1240074 0.7200932
vt 0.1239085 0.717325
vt 0.123336 0.7200619
vt 0.1241846 0.7173875
vt 0.1239085 0.717325
vt 0.1240074 0.7200932
vt 0.1244347 0.7227079
vt 0.1248914 0.7245534
vt 0.1254388 0.7245073
vt 0.1262801 0.7247822
vt 0.125662 0.7246358
vt 0.1261585 0.7250004
vt 0.1262801 0.7247822
vt 0.1254388 0.7245073
vt 0.125662 0.7246358
vt 0.1244347 0.7227079
vt 0.1254388 0.7245073
vt 0.1262801 0.7247822
vt 0.1262801 0.7247822
vt 0.1261585 0.7250004
vt 0.1265598 0.7252279
vt 0.1271453 0.7268327
vt 0.1272339 0.7270201
vt 0.1272077 0.7266487
vt 0.1250442 0.7286359
vt 0.1257104 0.7266054
vt 0.1252223 0.7263045
vt 0.1263983 0.726871
vt 0.1261335 0.7267871
vt 0.1262022 0.7284715
vt 0.1223751 0.7249526
vt 0.1239284 0.7296177
vt 0.1234365 0.7246687
vt 0.1245375 0.7256667
vt 0.123859 0.7244963
vt 0.1234365 0.7246687
vt 0.1190983 0.7271002
vt 0.1229064 0.7325388
vt 0.1199337 0.7262996
vt 0.124838 0.7304673
vt 0.1239284 0.7296177
vt 0.1229064 0.7325388
vt 0.1304249 0.7296523
vt 0.1278157 0.7305105
vt 0.1299561 0.7333112
vt 0.1279155 0.7249139
vt 0.1277071 0.725294
vt 0.1284883 0.7254139
vt 0.1250887 0.7253964
vt 0.1254388 0.7245073
vt 0.1248914 0.7245534
vt 0.1260545 0.7261347
vt 0.125572 0.7252616
vt 0.1257597 0.7257857
vt 0.1261585 0.7250004
vt 0.125662 0.7246358
vt 0.125572 0.7252616
vt 0.1268872 0.7265606
vt 0.1265598 0.7252279
vt 0.1265651 0.7264541
vt 0.1369071 0.7219849
vt 0.1363136 0.7221601
vt 0.1371264 0.7263928
vt 0.1353876 0.7223366
vt 0.1357743 0.7266242
vt 0.1371264 0.7263928
vt 0.1434646 0.7250426
vt 0.1431866 0.7246696
vt 0.1426247 0.7253076
vt 0.1428247 0.7242209
vt 0.1421157 0.7230036
vt 0.1414034 0.7237517
vt 0.1436657 0.7241123
vt 0.1433509 0.7236433
vt 0.1428247 0.7242209
vt 0.1429704 0.7213728
vt 0.1443082 0.722336
vt 0.1452298 0.7202946
vt 0.1434746 0.7189146
vt 0.1452298 0.7202946
vt 0.1454823 0.7177761
vt 0.1435682 0.7121878
vt 0.1413839 0.7138089
vt 0.1426501 0.7154643
vt 0.126756 0.723561
vt 0.1279155 0.7249139
vt 0.1286842 0.7237275
vt 0.125598 0.7174634
vt 0.126267 0.714966
vt 0.125607 0.7147664
vt 0.1275131 0.7213079
vt 0.1272453 0.7189241
vt 0.1254356 0.7196606
vt 0.1282622 0.7157121
vt 0.1295019 0.7140565
vt 0.1276692 0.712341
vt 0.1311975 0.7140801
vt 0.1326659 0.7132232
vt 0.1319351 0.7122989
vt 0.1326659 0.7132232
vt 0.1315909 0.714535
vt 0.1343168 0.7130763
vt 0.1342219 0.7124913
vt 0.1326659 0.7132232
vt 0.1343168 0.7130763
vt 0.1326659 0.7132232
vt 0.1311975 0.7140801
vt 0.1315909 0.714535
vt 0.1301314 0.7249412
vt 0.132397 0.7218287
vt 0.1315827 0.7213474
vt 0.1308604 0.720597
vt 0.128013 0.7226683
vt 0.1286842 0.7237275
vt 0.1315827 0.7213474
vt 0.1308604 0.720597
vt 0.1286842 0.7237275
vt 0.1323512 0.7261203
vt 0.1331644 0.7221343
vt 0.132397 0.7218287
vt 0.1339914 0.7282589
vt 0.135922 0.7283753
vt 0.1357743 0.7266242
vt 0.1344377 0.7223483
vt 0.134162 0.7265692
vt 0.1357743 0.7266242
vt 0.1344377 0.7223483
vt 0.1331644 0.7221343
vt 0.1323512 0.7261203
vt 0.1386961 0.7209389
vt 0.1369071 0.7219849
vt 0.1388084 0.7257082
vt 0.1433509 0.7236433
vt 0.1427254 0.7220436
vt 0.1421157 0.7230036
vt 0.1414034 0.7237517
vt 0.1421157 0.7230036
vt 0.1389653 0.7206704
vt 0.1364275 0.7073439
vt 0.1331616 0.7077096
vt 0.1333076 0.7083669
vt 0.1363567 0.7064044
vt 0.132941 0.7070153
vt 0.1331616 0.7077096
vt 0.1364275 0.7073439
vt 0.1406893 0.7083869
vt 0.1410661 0.707378
vt 0.1365021 0.7081661
vt 0.1404504 0.7093019
vt 0.1406893 0.7083869
vt 0.1264344 0.7114517
vt 0.1271373 0.71184
vt 0.1301842 0.7089766
vt 0.1271373 0.71184
vt 0.1276692 0.712341
vt 0.1303609 0.7097381
vt 0.1333076 0.7083669
vt 0.1331616 0.7077096
vt 0.1301842 0.7089766
vt 0.1331616 0.7077096
vt 0.132941 0.7070153
vt 0.1298847 0.7081905
vt 0.1404504 0.7093019
vt 0.1435682 0.7121878
vt 0.1443324 0.7117132
vt 0.1326659 0.7132232
vt 0.1342219 0.7124913
vt 0.1340181 0.7115251
vt 0.1395096 0.7123205
vt 0.1388608 0.7138281
vt 0.1396036 0.7147249
vt 0.1402596 0.7168685
vt 0.1432813 0.7170979
vt 0.1426501 0.7154643
vt 0.130789 0.7195035
vt 0.1322225 0.7212598
vt 0.1344886 0.7187128
vt 0.1343868 0.7184482
vt 0.1344394 0.7181741
vt 0.1305193 0.716693
vt 0.1317225 0.7293888
vt 0.1338514 0.729848
vt 0.1338647 0.729674
vt 0.1286751 0.7272457
vt 0.1317225 0.7293888
vt 0.1317677 0.7291996
vt 0.1381712 0.7293029
vt 0.1382138 0.7294724
vt 0.1402312 0.7286543
vt 0.1360399 0.7297388
vt 0.1360559 0.7299591
vt 0.1382138 0.7294724
vt 0.1438692 0.7258275
vt 0.1442957 0.7256612
vt 0.1442491 0.7254804
vt 0.1438692 0.7258275
vt 0.1442491 0.7254804
vt 0.1441435 0.7253131
vt 0.1179018 0.707147
vt 0.1199122 0.7090793
vt 0.1206405 0.7072893
vt 0.1231665 0.7170749
vt 0.1209995 0.7168515
vt 0.120914 0.7185896
vt 0.1182722 0.7157299
vt 0.1209995 0.7168515
vt 0.121204 0.7150878
vt 0.1229569 0.7097684
vt 0.1206405 0.7072893
vt 0.1199122 0.7090793
vt 0.1395286 0.7180311
vt 0.1355189 0.718327
vt 0.1354926 0.7186099
vt 0.1392437 0.715499
vt 0.1353997 0.7180682
vt 0.1355189 0.718327
vt 0.1468012 0.7147682
vt 0.1471973 0.7182073
vt 0.1480358 0.7181672
vt 0.1401575 0.728479
vt 0.1402312 0.7286543
vt 0.1430442 0.7258434
vt 0.1365616 0.7050933
vt 0.1394973 0.7057492
vt 0.1397833 0.7009603
vt 0.1267691 0.7269727
vt 0.1263983 0.726871
vt 0.1262022 0.7284715
vt 0.1275817 0.7270723
vt 0.1272339 0.7270201
vt 0.1273614 0.7286323
vt 0.1278283 0.7271358
vt 0.1275817 0.7270723
vt 0.1273614 0.7286323
vt 0.1273614 0.7286323
vt 0.1283546 0.7272997
vt 0.1278283 0.7271358
vt 0.1454259 0.7268822
vt 0.1450574 0.7253939
vt 0.1447215 0.7255393
vt 0.1443713 0.7272046
vt 0.1454259 0.7268822
vt 0.1447215 0.7255393
vt 0.1273614 0.7286323
vt 0.1272339 0.7270201
vt 0.1267691 0.7269727
vt 0.1307114 0.7290594
vt 0.1304249 0.7296523
vt 0.1363525 0.7334144
vt 0.227638 0.8727198
vt 0.229015 0.8722176
vt 0.2274717 0.8722933
vt 0.229015 0.8722176
vt 0.227638 0.8727198
vt 0.227654 0.8735448
vt 0.2271671 0.8719496
vt 0.2272909 0.87234
vt 0.2274717 0.8722933
vt 0.227654 0.8735448
vt 0.227638 0.8727198
vt 0.227327 0.8729814
vt 0.2272909 0.87234
vt 0.2271671 0.8719496
vt 0.2269805 0.8720387
vt 0.2317698 0.8805326
vt 0.2345472 0.880294
vt 0.2312831 0.8783748
vt 0.2312101 0.8805782
vt 0.2315495 0.8805485
vt 0.2311135 0.8784174
vt 0.2073181 0.8840899
vt 0.2088263 0.8836465
vt 0.2082158 0.880231
vt 0.2021946 0.8802739
vt 0.2032196 0.8855115
vt 0.2073181 0.8840899
vt 0.2301861 0.8806666
vt 0.2312101 0.8805782
vt 0.2306916 0.878515
vt 0.2301861 0.8806666
vt 0.2297434 0.8787844
vt 0.2282035 0.8794624
vt 0.2312831 0.8783748
vt 0.2345472 0.880294
vt 0.2304649 0.8763575
vt 0.2306916 0.878515
vt 0.2311135 0.8784174
vt 0.2302896 0.8764312
vt 0.2286925 0.8711632
vt 0.2294619 0.8715217
vt 0.229363 0.8705085
vt 0.2299867 0.8754218
vt 0.2304649 0.8763575
vt 0.2345472 0.880294
vt 0.2299867 0.8754218
vt 0.2345472 0.880294
vt 0.235225 0.8802356
vt 0.2082158 0.880231
vt 0.2091898 0.8755219
vt 0.207561 0.8770904
vt 0.2132329 0.8803039
vt 0.2099775 0.8800858
vt 0.2101779 0.8832801
vt 0.2297434 0.8787844
vt 0.2306916 0.878515
vt 0.2298706 0.8766079
vt 0.227519 0.8777804
vt 0.2282035 0.8794624
vt 0.2297434 0.8787844
vt 0.2307077 0.8723215
vt 0.2294619 0.8715217
vt 0.229015 0.8722176
vt 0.2321022 0.8708588
vt 0.2307077 0.8723215
vt 0.2301869 0.8740924
vt 0.207561 0.8770904
vt 0.2091898 0.8755219
vt 0.2083841 0.8748552
vt 0.2301869 0.8740924
vt 0.227654 0.8735448
vt 0.2299867 0.8754218
vt 0.2294959 0.8689348
vt 0.2287152 0.8700764
vt 0.229363 0.8705085
vt 0.2148872 0.8822715
vt 0.2154372 0.8792
vt 0.2143219 0.8804768
vt 0.227654 0.8735448
vt 0.2301869 0.8740924
vt 0.229015 0.8722176
vt 0.2091898 0.8755219
vt 0.2129212 0.8714234
vt 0.2108817 0.8719964
vt 0.2286925 0.8711632
vt 0.2287152 0.8700764
vt 0.2268792 0.8708954
vt 0.2321997 0.8675661
vt 0.2294959 0.8689348
vt 0.2303954 0.8696876
vt 0.2270149 0.8716339
vt 0.2271671 0.8719496
vt 0.2273498 0.8718676
vt 0.2101987 0.8758988
vt 0.2135251 0.8722563
vt 0.2129212 0.8714234
vt 0.2027724 0.8768039
vt 0.207561 0.8770904
vt 0.2083841 0.8748552
vt 0.2268913 0.8714059
vt 0.2270149 0.8716339
vt 0.2272045 0.8715317
vt 0.2266562 0.8710672
vt 0.2268913 0.8714059
vt 0.2270944 0.8712857
vt 0.2335269 0.8738162
vt 0.2352163 0.8710033
vt 0.2301869 0.8740924
vt 0.2108817 0.8719964
vt 0.2129212 0.8714234
vt 0.2126853 0.8700901
vt 0.2268533 0.8731244
vt 0.227654 0.8735448
vt 0.227327 0.8729814
vt 0.2298706 0.8766079
vt 0.2302896 0.8764312
vt 0.2274131 0.8736913
vt 0.2268139 0.8717561
vt 0.2269805 0.8720387
vt 0.2271671 0.8719496
vt 0.2266883 0.871543
vt 0.2268139 0.8717561
vt 0.2270149 0.8716339
vt 0.2352163 0.8710033
vt 0.2332558 0.8657722
vt 0.2321022 0.8708588
vt 0.2262983 0.8707073
vt 0.2266562 0.8710672
vt 0.2268792 0.8708954
vt 0.2264532 0.8712687
vt 0.2266883 0.871543
vt 0.2268913 0.8714059
vt 0.2133361 0.88257
vt 0.2143023 0.8823663
vt 0.2143219 0.8804768
vt 0.2056849 0.8713258
vt 0.2083841 0.8748552
vt 0.2108817 0.8719964
vt 0.2108817 0.8719964
vt 0.2126853 0.8700901
vt 0.2106728 0.8668229
vt 0.2271183 0.8739643
vt 0.2266718 0.8743717
vt 0.2289812 0.8770521
vt 0.2268533 0.8731244
vt 0.227327 0.8729814
vt 0.2271236 0.8724456
vt 0.2111135 0.8761378
vt 0.2099775 0.8800858
vt 0.2132329 0.8803039
vt 0.2260971 0.8710062
vt 0.2264532 0.8712687
vt 0.2266562 0.8710672
vt 0.2140914 0.8708104
vt 0.2145206 0.869108
vt 0.2126853 0.8700901
vt 0.2287152 0.8700764
vt 0.2258927 0.8698493
vt 0.2265518 0.8704523
vt 0.2262983 0.8707073
vt 0.2265518 0.8704523
vt 0.2258927 0.8698493
vt 0.2164577 0.8694317
vt 0.2165414 0.8681834
vt 0.2145206 0.869108
vt 0.2266718 0.8743717
vt 0.2255625 0.8751856
vt 0.227519 0.8777804
vt 0.2271236 0.8724456
vt 0.2269805 0.8720387
vt 0.2263259 0.87269
vt 0.2260971 0.8710062
vt 0.2262983 0.8707073
vt 0.225676 0.8703919
vt 0.2258927 0.8698493
vt 0.2287152 0.8700764
vt 0.2248914 0.8688823
vt 0.2264803 0.8734024
vt 0.2268533 0.8731244
vt 0.2263259 0.87269
vt 0.2126853 0.8700901
vt 0.2145206 0.869108
vt 0.2123086 0.8659161
vt 0.2247457 0.869284
vt 0.2248914 0.8688823
vt 0.2237704 0.8686494
vt 0.2196098 0.867785
vt 0.2199785 0.8685537
vt 0.2232731 0.8687736
vt 0.2237352 0.881243
vt 0.2241475 0.8812012
vt 0.223971 0.8802751
vt 0.2263259 0.87269
vt 0.2269805 0.8720387
vt 0.2268139 0.8717561
vt 0.2266883 0.871543
vt 0.225341 0.8714601
vt 0.2268139 0.8717561
vt 0.225923 0.8729234
vt 0.2263259 0.87269
vt 0.225341 0.8714601
vt 0.2199785 0.8685537
vt 0.2196098 0.867785
vt 0.2165414 0.8681834
vt 0.2294959 0.8689348
vt 0.2251546 0.8679113
vt 0.2248914 0.8688823
vt 0.2248914 0.8688823
vt 0.2251546 0.8679113
vt 0.2237704 0.8686494
vt 0.2254595 0.8668271
vt 0.2251546 0.8679113
vt 0.2294959 0.8689348
vt 0.2251546 0.8679113
vt 0.2180765 0.8648155
vt 0.2196098 0.867785
vt 0.2145206 0.869108
vt 0.2165414 0.8681834
vt 0.2158955 0.8649466
vt 0.224848 0.870275
vt 0.225676 0.8703919
vt 0.2258927 0.8698493
vt 0.2232731 0.8687736
vt 0.222911 0.8699171
vt 0.224848 0.870275
vt 0.2264532 0.8712687
vt 0.225341 0.8714601
vt 0.2266883 0.871543
vt 0.225341 0.8714601
vt 0.2264532 0.8712687
vt 0.2255848 0.8708609
vt 0.2168152 0.8707248
vt 0.21658 0.869788
vt 0.2129212 0.8714234
vt 0.2139996 0.8730204
vt 0.2111135 0.8761378
vt 0.214132 0.8770788
vt 0.2255848 0.8708609
vt 0.225676 0.8703919
vt 0.2248581 0.8708175
vt 0.2250497 0.870988
vt 0.222911 0.8699171
vt 0.2246329 0.8718885
vt 0.2266718 0.8743717
vt 0.2271183 0.8739643
vt 0.2264803 0.8734024
vt 0.223971 0.8802751
vt 0.2237958 0.8796817
vt 0.2234406 0.8799261
vt 0.2165414 0.8681834
vt 0.2196098 0.867785
vt 0.2180765 0.8648155
vt 0.2199785 0.8685537
vt 0.2200186 0.8693921
vt 0.222911 0.8699171
vt 0.2198727 0.8702994
vt 0.2200186 0.8693921
vt 0.21658 0.869788
vt 0.2264528 0.8648155
vt 0.2258788 0.865658
vt 0.2254595 0.8668271
vt 0.2169446 0.8715815
vt 0.2168152 0.8707248
vt 0.2135251 0.8722563
vt 0.2254541 0.8732382
vt 0.225923 0.8729234
vt 0.2246329 0.8718885
vt 0.2143219 0.8804768
vt 0.2156395 0.8777277
vt 0.214132 0.8770788
vt 0.2219043 0.8808436
vt 0.2220765 0.8814135
vt 0.2237352 0.881243
vt 0.2200186 0.8693921
vt 0.2198727 0.8702994
vt 0.2224999 0.8706897
vt 0.2168152 0.8707248
vt 0.2169446 0.8715815
vt 0.2195874 0.871107
vt 0.2154372 0.8792
vt 0.2173103 0.877345
vt 0.2156395 0.8777277
vt 0.222911 0.8699171
vt 0.2224999 0.8706897
vt 0.2246329 0.8718885
vt 0.2231547 0.8794033
vt 0.2234406 0.8799261
vt 0.2237958 0.8796817
vt 0.2221057 0.8713595
vt 0.2224999 0.8706897
vt 0.2198727 0.8702994
vt 0.2224999 0.8706897
vt 0.2221057 0.8713595
vt 0.2241469 0.8722811
vt 0.2156395 0.8777277
vt 0.2173103 0.877345
vt 0.2165362 0.8769851
vt 0.2227499 0.8778928
vt 0.2231547 0.8794033
vt 0.2237958 0.8796817
vt 0.2189092 0.8733077
vt 0.2195874 0.871107
vt 0.2169446 0.8715815
vt 0.2241469 0.8722811
vt 0.2231838 0.8736187
vt 0.2238546 0.8738636
vt 0.2227499 0.8778928
vt 0.2224468 0.8782406
vt 0.2231547 0.8794033
vt 0.2175902 0.8764831
vt 0.2172757 0.8739387
vt 0.2156205 0.8752048
vt 0.2175902 0.8764831
vt 0.2173103 0.877345
vt 0.2198423 0.8770602
vt 0.2224814 0.8776236
vt 0.2224468 0.8782406
vt 0.2227499 0.8778928
vt 0.2197785 0.8763351
vt 0.2207258 0.8731145
vt 0.2189092 0.8733077
vt 0.2224814 0.8776236
vt 0.2248144 0.8744733
vt 0.2238546 0.8738636
vt 0.2224814 0.8776236
vt 0.2217061 0.8770878
vt 0.2224468 0.8782406
vt 0.2186798 0.8763291
vt 0.2175902 0.8764831
vt 0.2198423 0.8770602
vt 0.2208045 0.8766355
vt 0.2231838 0.8736187
vt 0.2207258 0.8731145
vt 0.2198423 0.8770602
vt 0.2208045 0.8766355
vt 0.2197785 0.8763351
vt 0.2217061 0.8770878
vt 0.2238546 0.8738636
vt 0.2231838 0.8736187
vt 0.2217061 0.8770878
vt 0.2208045 0.8766355
vt 0.2198423 0.8770602
vt 0.219712 0.8814205
vt 0.2154372 0.8792
vt 0.2148872 0.8822715
vt 0.2206484 0.8812699
vt 0.2207157 0.8813944
vt 0.2219043 0.8808436
vt 0.2206484 0.8812699
vt 0.2231547 0.8794033
vt 0.2224468 0.8782406
vt 0.2198792 0.8811889
vt 0.2173103 0.877345
vt 0.2154372 0.8792
vt 0.2284754 0.8901142
vt 0.228265 0.8900241
vt 0.2281604 0.8902362
vt 0.228265 0.8900241
vt 0.2284754 0.8901142
vt 0.2285788 0.8897666
vt 0.2283776 0.8903556
vt 0.228598 0.8904558
vt 0.2286821 0.890191
vt 0.2287837 0.8898201
vt 0.2285788 0.8897666
vt 0.2284754 0.8901142
vt 0.22817 0.8907227
vt 0.2284163 0.8908791
vt 0.228598 0.8904558
vt 0.2286437 0.8894439
vt 0.2284597 0.8893815
vt 0.2283716 0.8897021
vt 0.2279455 0.8905348
vt 0.22817 0.8907227
vt 0.2283776 0.8903556
vt 0.2286437 0.8894439
vt 0.2285788 0.8897666
vt 0.2287837 0.8898201
vt 0.2284597 0.8893815
vt 0.2288311 0.8893553
vt 0.2284725 0.8892599
vt 0.2275965 0.8908297
vt 0.2278295 0.8911244
vt 0.22817 0.8907227
vt 0.2278295 0.8911244
vt 0.2281153 0.8913672
vt 0.2284163 0.8908791
vt 0.2284725 0.8892599
vt 0.2288311 0.8893553
vt 0.2288833 0.8890074
vt 0.2275965 0.8908297
vt 0.2270723 0.8910173
vt 0.2272072 0.8915008
vt 0.2274775 0.892052
vt 0.2281153 0.8913672
vt 0.2278295 0.8911244
vt 0.226593 0.8903092
vt 0.2273494 0.8889882
vt 0.2271049 0.888882
vt 0.2273494 0.8889882
vt 0.226593 0.8903092
vt 0.2270388 0.8900295
vt 0.2276616 0.8891273
vt 0.2270388 0.8900295
vt 0.2283716 0.8897021
vt 0.2270388 0.8900295
vt 0.2268111 0.8904308
vt 0.2281604 0.8902362
vt 0.2268111 0.8904308
vt 0.2270723 0.8910173
vt 0.2279455 0.8905348
vt 0.2260461 0.8900372
vt 0.2240967 0.8914127
vt 0.2245183 0.8921546
vt 0.226318 0.8911506
vt 0.2272072 0.8915008
vt 0.2270723 0.8910173
vt 0.2289469 0.8887608
vt 0.2285992 0.8886736
vt 0.228536 0.888935
vt 0.2271049 0.888882
vt 0.2273494 0.8889882
vt 0.2277123 0.8884042
vt 0.2253717 0.8898332
vt 0.2235811 0.8908244
vt 0.2240967 0.8914127
vt 0.2267248 0.8886736
vt 0.2253717 0.8898332
vt 0.2260461 0.8900372
vt 0.2276616 0.8891273
vt 0.2284597 0.8893815
vt 0.2284725 0.8892599
vt 0.2281121 0.8886259
vt 0.2284725 0.8892599
vt 0.228536 0.888935
vt 0.2277123 0.8884042
vt 0.2273494 0.8889882
vt 0.2276616 0.8891273
vt 0.2285992 0.8886736
vt 0.2281121 0.8886259
vt 0.228536 0.888935
vt 0.226364 0.8916979
vt 0.2263069 0.8927306
vt 0.2274775 0.892052
vt 0.2235811 0.8908244
vt 0.2214708 0.8911533
vt 0.2217569 0.8918242
vt 0.2240967 0.8914127
vt 0.2217569 0.8918242
vt 0.2219033 0.8925816
vt 0.226364 0.8916979
vt 0.2245183 0.8921546
vt 0.2248303 0.8932512
vt 0.221872 0.8932531
vt 0.2248303 0.8932512
vt 0.2245183 0.8921546
vt 0.2263069 0.8927306
vt 0.2248303 0.8932512
vt 0.2253072 0.8933849
vt 0.2291108 0.8882345
vt 0.2287306 0.8881383
vt 0.2285992 0.8886736
vt 0.2285804 0.8880214
vt 0.2281121 0.8886259
vt 0.2287306 0.8881383
vt 0.2283371 0.8878435
vt 0.2277123 0.8884042
vt 0.2281121 0.8886259
vt 0.2277656 0.8874316
vt 0.2272248 0.8881007
vt 0.2277123 0.8884042
vt 0.2287306 0.8881383
vt 0.2281121 0.8886259
vt 0.2285992 0.8886736
vt 0.2287306 0.8881383
vt 0.2291108 0.8882345
vt 0.2290568 0.8879139
vt 0.2248303 0.8932512
vt 0.221872 0.8932531
vt 0.2215929 0.8938904
vt 0.2287306 0.8881383
vt 0.2290568 0.8879139
vt 0.2285804 0.8880214
vt 0.226763 0.8942146
vt 0.2272411 0.8954958
vt 0.231429 0.8926615
vt 0.2217569 0.8918242
vt 0.219278 0.8916716
vt 0.2191976 0.8924042
vt 0.219278 0.8916716
vt 0.2217569 0.8918242
vt 0.2214708 0.8911533
vt 0.2284163 0.8908791
vt 0.2304471 0.8915455
vt 0.2302827 0.8903872
vt 0.222351 0.895603
vt 0.226763 0.8942146
vt 0.2253072 0.8933849
vt 0.226763 0.8942146
vt 0.222351 0.895603
vt 0.2235166 0.897656
vt 0.2203993 0.8956751
vt 0.222351 0.895603
vt 0.2215929 0.8938904
vt 0.2313455 0.8871726
vt 0.2290568 0.8879139
vt 0.2291108 0.8882345
vt 0.224479 0.888576
vt 0.2231184 0.8890759
vt 0.2235811 0.8908244
vt 0.2191349 0.8926803
vt 0.2188847 0.8934223
vt 0.2215929 0.8938904
vt 0.2267248 0.8886736
vt 0.2272248 0.8881007
vt 0.2261229 0.887345
vt 0.2311329 0.8897771
vt 0.2313455 0.8871726
vt 0.2304435 0.8892279
vt 0.2178061 0.8931103
vt 0.2188847 0.8934223
vt 0.2191349 0.8926803
vt 0.2235166 0.897656
vt 0.2248452 0.8997626
vt 0.2281099 0.8966566
vt 0.2235166 0.897656
vt 0.222351 0.895603
vt 0.2203993 0.8956751
vt 0.2274775 0.892052
vt 0.2304471 0.8915455
vt 0.2281153 0.8913672
vt 0.2304471 0.8915455
vt 0.2274775 0.892052
vt 0.2264792 0.8931531
vt 0.2302827 0.8903872
vt 0.2304471 0.8915455
vt 0.2310892 0.8909932
vt 0.2277656 0.8874316
vt 0.2267521 0.8864575
vt 0.2261229 0.887345
vt 0.2313455 0.8871726
vt 0.2308708 0.8858773
vt 0.2290568 0.8879139
vt 0.2312001 0.884866
vt 0.2290568 0.8879139
vt 0.2308708 0.8858773
vt 0.218661 0.8955894
vt 0.217539 0.8983167
vt 0.2193892 0.8987154
vt 0.2323221 0.8887736
vt 0.2313455 0.8871726
vt 0.2311329 0.8897771
vt 0.2192735 0.8909907
vt 0.2214708 0.8911533
vt 0.2207345 0.8893435
vt 0.219278 0.8916716
vt 0.2165765 0.8909814
vt 0.2163094 0.89167
vt 0.2289106 0.8974922
vt 0.2281099 0.8966566
vt 0.2248452 0.8997626
vt 0.215483 0.8923579
vt 0.2178061 0.8931103
vt 0.2172809 0.8919807
vt 0.2314638 0.8861638
vt 0.2308708 0.8858773
vt 0.2313455 0.8871726
vt 0.2305703 0.8847204
vt 0.2283371 0.8878435
vt 0.2285804 0.8880214
vt 0.218661 0.8955894
vt 0.2188847 0.8934223
vt 0.2178061 0.8931103
vt 0.231429 0.8926615
vt 0.2322788 0.8917518
vt 0.2310892 0.8909932
vt 0.2167762 0.8903214
vt 0.2192735 0.8909907
vt 0.2191671 0.8890446
vt 0.2343505 0.8936839
vt 0.231429 0.8926615
vt 0.2272411 0.8954958
vt 0.2178061 0.8931103
vt 0.215483 0.8923579
vt 0.2151623 0.8950153
vt 0.2283371 0.8878435
vt 0.2305703 0.8847204
vt 0.2296221 0.8844387
vt 0.2279312 0.8842376
vt 0.2267521 0.8864575
vt 0.2277656 0.8874316
vt 0.2235166 0.897656
vt 0.2193892 0.8987154
vt 0.2211148 0.90267212
vt 0.2132643 0.8944339
vt 0.2151623 0.8950153
vt 0.215483 0.8923579
vt 0.2338948 0.8903423
vt 0.2371467 0.8899767
vt 0.2351235 0.8866327
vt 0.2165765 0.8909814
vt 0.2136502 0.8894507
vt 0.2132619 0.8901536
vt 0.2132619 0.8901536
vt 0.2121968 0.8904186
vt 0.215483 0.8923579
vt 0.2264927 0.90131152
vt 0.2248452 0.8997626
vt 0.2211148 0.90267212
vt 0.2165765 0.8909814
vt 0.2167762 0.8903214
vt 0.2141513 0.8889189
vt 0.217539 0.8983167
vt 0.2145363 0.8976886
vt 0.2158164 0.90010214
vt 0.2310523 0.8826995
vt 0.2305703 0.8847204
vt 0.2310109 0.8848209
vt 0.2132643 0.8944339
vt 0.2108884 0.8966755
vt 0.2145363 0.8976886
vt 0.2338948 0.8903423
vt 0.2322788 0.8917518
vt 0.2343505 0.8936839
vt 0.2343505 0.8936839
vt 0.2360258 0.8952937
vt 0.2371467 0.8899767
vt 0.217539 0.8983167
vt 0.2158164 0.90010214
vt 0.2193892 0.8987154
vt 0.2158164 0.90010214
vt 0.217421 0.9047823
vt 0.2211148 0.90267212
vt 0.2300698 0.8825973
vt 0.2296221 0.8844387
vt 0.2305703 0.8847204
vt 0.2121968 0.8904186
vt 0.211578 0.8936309
vt 0.2132643 0.8944339
vt 0.2121968 0.8904186
vt 0.2077543 0.8913413
vt 0.211578 0.8936309
vt 0.2218214 0.8861128
vt 0.2199861 0.8867066
vt 0.2207345 0.8893435
vt 0.2191671 0.8890446
vt 0.2207345 0.8893435
vt 0.2199861 0.8867066
vt 0.2224077 0.8857283
vt 0.2218214 0.8861128
vt 0.2231184 0.8890759
vt 0.2283801 0.8824267
vt 0.2279312 0.8842376
vt 0.2296221 0.8844387
vt 0.2201617 0.90808678
vt 0.2233154 0.90526224
vt 0.2211148 0.90267212
vt 0.231485 0.8827238
vt 0.2316589 0.8827372
vt 0.2317698 0.8805326
vt 0.2132619 0.8901536
vt 0.2100011 0.8867029
vt 0.2097308 0.8880879
vt 0.231485 0.8827238
vt 0.2315495 0.8805485
vt 0.2312101 0.8805782
vt 0.2312001 0.884866
vt 0.2308708 0.8858773
vt 0.2345472 0.880294
vt 0.2316589 0.8827372
vt 0.2312001 0.884866
vt 0.2345472 0.880294
vt 0.2316589 0.8827372
vt 0.2345472 0.880294
vt 0.2317698 0.8805326
vt 0.2158164 0.90010214
vt 0.2145363 0.8976886
vt 0.21267 0.90057308
vt 0.21267 0.90057308
vt 0.2144041 0.90631301
vt 0.217421 0.9047823
vt 0.2175225 0.8883263
vt 0.2191671 0.8890446
vt 0.2187417 0.8867772
vt 0.2230706 0.8843663
vt 0.2213142 0.8857997
vt 0.2224077 0.8857283
vt 0.2199861 0.8867066
vt 0.2218214 0.8861128
vt 0.2213142 0.8857997
vt 0.2185037 0.8860692
vt 0.2187417 0.8867772
vt 0.2199861 0.8867066
vt 0.2185037 0.8860692
vt 0.2179452 0.886588
vt 0.2187417 0.8867772
vt 0.2301861 0.8806666
vt 0.2300698 0.8825973
vt 0.2310523 0.8826995
vt 0.2097308 0.8880879
vt 0.2077543 0.8913413
vt 0.2121968 0.8904186
vt 0.2115486 0.8862269
vt 0.2141513 0.8889189
vt 0.215867 0.8870864
vt 0.21267 0.90057308
vt 0.2145363 0.8976886
vt 0.2089557 0.8986856
vt 0.2231581 0.8850061
vt 0.2230706 0.8843663
vt 0.2224077 0.8857283
vt 0.2077543 0.8913413
vt 0.2070481 0.8949549
vt 0.2090985 0.8959469
vt 0.2089557 0.8986856
vt 0.2090985 0.8959469
vt 0.2070481 0.8949549
vt 0.21267 0.90057308
vt 0.2116482 0.90215195
vt 0.2144041 0.90631301
vt 0.2174263 0.91027487
vt 0.2201617 0.90808678
vt 0.217421 0.9047823
vt 0.215867 0.8870864
vt 0.2175225 0.8883263
vt 0.2179452 0.886588
vt 0.2179452 0.886588
vt 0.2185037 0.8860692
vt 0.2163457 0.8849975
vt 0.2100011 0.8867029
vt 0.2088263 0.8836465
vt 0.2073181 0.8840899
vt 0.2077543 0.8913413
vt 0.2059502 0.8896884
vt 0.2042708 0.8906097
vt 0.2073181 0.8840899
vt 0.2032196 0.8855115
vt 0.2059502 0.8896884
vt 0.2230706 0.8843663
vt 0.2231581 0.8850061
vt 0.2236396 0.8841918
vt 0.2235394 0.8831209
vt 0.2230706 0.8843663
vt 0.2239452 0.8834244
vt 0.2032196 0.8855115
vt 0.2020962 0.8862969
vt 0.2042708 0.8906097
vt 0.2101779 0.8832801
vt 0.2115486 0.8862269
vt 0.2141097 0.8846531
vt 0.2237182 0.8825587
vt 0.2235394 0.8831209
vt 0.2239452 0.8834244
vt 0.2237352 0.881243
vt 0.2237182 0.8825587
vt 0.2241593 0.8821511
vt 0.2199851 0.8821493
vt 0.2197733 0.8819666
vt 0.2163457 0.8849975
vt 0.2237352 0.881243
vt 0.2220765 0.8814135
vt 0.2220301 0.8820051
vt 0.220703 0.8818641
vt 0.2205238 0.8821001
vt 0.2230706 0.8843663
vt 0.220703 0.8818641
vt 0.2235394 0.8831209
vt 0.2220301 0.8820051
vt 0.2197733 0.8819666
vt 0.2196877 0.8817021
vt 0.2148872 0.8822715
vt 0.2140914 0.8708104
vt 0.21658 0.869788
vt 0.2164577 0.8694317
vt 0.2129212 0.8714234
vt 0.21658 0.869788
vt 0.2140914 0.8708104
vt 0.2248581 0.8708175
vt 0.222911 0.8699171
vt 0.2250497 0.870988
vt 0.224848 0.870275
vt 0.222911 0.8699171
vt 0.2248581 0.8708175
vt 0.2231547 0.8794033
vt 0.2219043 0.8808436
vt 0.2234406 0.8799261
vt 0.2173103 0.877345
vt 0.2175902 0.8764831
vt 0.2165362 0.8769851
vt 0.2268792 0.8708954
vt 0.2287152 0.8700764
vt 0.2265518 0.8704523
vt 0.2272045 0.8715317
vt 0.2286925 0.8711632
vt 0.2270944 0.8712857
vt 0.2294619 0.8715217
vt 0.2286925 0.8711632
vt 0.229015 0.8722176
vt 0.2321022 0.8708588
vt 0.2332558 0.8657722
vt 0.2321997 0.8675661
vt 0.2301869 0.8740924
vt 0.2299867 0.8754218
vt 0.2305034 0.8750273
vt 0.2299867 0.8754218
vt 0.227654 0.8735448
vt 0.2304649 0.8763575
vt 0.227654 0.8735448
vt 0.2268533 0.8731244
vt 0.2274131 0.8736913
vt 0.225676 0.8703919
vt 0.224848 0.870275
vt 0.2248581 0.8708175
vt 0.2260971 0.8710062
vt 0.2255848 0.8708609
vt 0.2264532 0.8712687
vt 0.2145363 0.8976886
vt 0.2168973 0.8953847
vt 0.2151623 0.8950153
vt 0.2108884 0.8966755
vt 0.2089557 0.8986856
vt 0.2145363 0.8976886
vt 0.21267 0.90057308
vt 0.2104619 0.90076238
vt 0.2116482 0.90215195
vt 0.2170019 0.91059959
vt 0.2174263 0.91027487
vt 0.2144041 0.90631301
vt 0.226763 0.8942146
vt 0.2264792 0.8931531
vt 0.2253072 0.8933849
vt 0.2097308 0.8880879
vt 0.2059502 0.8896884
vt 0.2077543 0.8913413
vt 0.2237182 0.8825587
vt 0.2220301 0.8820051
vt 0.2235394 0.8831209
vt 0.2213142 0.8857997
vt 0.2218214 0.8861128
vt 0.2224077 0.8857283
vt 0.2273494 0.8889882
vt 0.2270388 0.8900295
vt 0.2276616 0.8891273
vt 0.2191976 0.8924042
vt 0.2172809 0.8919807
vt 0.2191349 0.8926803
vt 0.2163094 0.89167
vt 0.2172809 0.8919807
vt 0.2191976 0.8924042
vt 0.2219033 0.8925816
vt 0.2191349 0.8926803
vt 0.221872 0.8932531
vt 0.2191976 0.8924042
vt 0.2191349 0.8926803
vt 0.2219033 0.8925816
vt 0.2245183 0.8921546
vt 0.226364 0.8916979
vt 0.226318 0.8911506
vt 0.226593 0.8903092
vt 0.2264465 0.8909273
vt 0.2268111 0.8904308
vt 0.226593 0.8903092
vt 0.226318 0.8911506
vt 0.2264465 0.8909273
vt 0.2245183 0.8921546
vt 0.226318 0.8911506
vt 0.226593 0.8903092
vt 0.226593 0.8903092
vt 0.2268111 0.8904308
vt 0.2270388 0.8900295
vt 0.2286437 0.8894439
vt 0.2288311 0.8893553
vt 0.2284597 0.8893815
vt 0.2304471 0.8915455
vt 0.2284163 0.8908791
vt 0.2281153 0.8913672
vt 0.2286821 0.890191
vt 0.228598 0.8904558
vt 0.2302827 0.8903872
vt 0.226763 0.8942146
vt 0.231429 0.8926615
vt 0.2264792 0.8931531
vt 0.2274775 0.892052
vt 0.2263069 0.8927306
vt 0.2264792 0.8931531
vt 0.2289106 0.8974922
vt 0.2343505 0.8936839
vt 0.2281099 0.8966566
vt 0.2322788 0.8917518
vt 0.231429 0.8926615
vt 0.2343505 0.8936839
vt 0.2314638 0.8861638
vt 0.2323221 0.8887736
vt 0.2351235 0.8866327
vt 0.2267248 0.8886736
vt 0.2271049 0.888882
vt 0.2272248 0.8881007
vt 0.2272072 0.8915008
vt 0.226318 0.8911506
vt 0.226364 0.8916979
vt 0.2279455 0.8905348
vt 0.2270723 0.8910173
vt 0.2275965 0.8908297
vt 0.2268111 0.8904308
vt 0.2264465 0.8909273
vt 0.2270723 0.8910173
vt 0.2283716 0.8897021
vt 0.2270388 0.8900295
vt 0.228265 0.8900241
vt 0.2237958 0.8796817
vt 0.223971 0.8802751
vt 0.2282035 0.8794624
vt 0.2241475 0.8812012
vt 0.2284349 0.8808144
vt 0.2282035 0.8794624
vt 0.2268533 0.8731244
vt 0.2264803 0.8734024
vt 0.2271183 0.8739643
vt 0.2260317 0.8737644
vt 0.2248144 0.8744733
vt 0.2255625 0.8751856
vt 0.225923 0.8729234
vt 0.2254541 0.8732382
vt 0.2260317 0.8737644
vt 0.2231838 0.8736187
vt 0.2241469 0.8722811
vt 0.2221057 0.8713595
vt 0.2207258 0.8731145
vt 0.2221057 0.8713595
vt 0.2195874 0.871107
vt 0.2139996 0.8730204
vt 0.2156205 0.8752048
vt 0.2172757 0.8739387
vt 0.2253717 0.8898332
vt 0.2267248 0.8886736
vt 0.2255382 0.8879048
vt 0.2192735 0.8909907
vt 0.2167762 0.8903214
vt 0.2165765 0.8909814
vt 0.2231184 0.8890759
vt 0.2207345 0.8893435
vt 0.2214708 0.8911533
vt 0.2175225 0.8883263
vt 0.215867 0.8870864
vt 0.2141513 0.8889189
vt 0.2158909 0.8853909
vt 0.215034 0.8839223
vt 0.2141097 0.8846531
vt 0.215034 0.8839223
vt 0.2163457 0.8849975
vt 0.2148872 0.8822715
vt 0.2143023 0.8823663
vt 0.215034 0.8839223
vt 0.2148872 0.8822715
vt 0.215034 0.8839223
vt 0.2158909 0.8853909
vt 0.2163457 0.8849975
vt 0.2267521 0.8864575
vt 0.2236396 0.8841918
vt 0.2231581 0.8850061
vt 0.2224077 0.8857283
vt 0.224479 0.888576
vt 0.2255382 0.8879048
vt 0.2231581 0.8850061
vt 0.2224077 0.8857283
vt 0.2255382 0.8879048
vt 0.2279312 0.8842376
vt 0.2239452 0.8834244
vt 0.2236396 0.8841918
vt 0.2300698 0.8825973
vt 0.2301861 0.8806666
vt 0.2284349 0.8808144
vt 0.2241593 0.8821511
vt 0.2283801 0.8824267
vt 0.2284349 0.8808144
vt 0.2241593 0.8821511
vt 0.2239452 0.8834244
vt 0.2279312 0.8842376
vt 0.2227499 0.8778928
vt 0.2237958 0.8796817
vt 0.227519 0.8777804
vt 0.2254541 0.8732382
vt 0.2238546 0.8738636
vt 0.2248144 0.8744733
vt 0.2255625 0.8751856
vt 0.2248144 0.8744733
vt 0.2224814 0.8776236
vt 0.2091552 0.8801603
vt 0.2095206 0.8834261
vt 0.2101779 0.8832801
vt 0.2082158 0.880231
vt 0.2088263 0.8836465
vt 0.2095206 0.8834261
vt 0.2091552 0.8801603
vt 0.2101987 0.8758988
vt 0.2091898 0.8755219
vt 0.2099775 0.8800858
vt 0.2111135 0.8761378
vt 0.2101987 0.8758988
vt 0.2132619 0.8901536
vt 0.2136502 0.8894507
vt 0.2107872 0.8864035
vt 0.2136502 0.8894507
vt 0.2141513 0.8889189
vt 0.2115486 0.8862269
vt 0.2101779 0.8832801
vt 0.2095206 0.8834261
vt 0.2107872 0.8864035
vt 0.2095206 0.8834261
vt 0.2088263 0.8836465
vt 0.2100011 0.8867029
vt 0.2111135 0.8761378
vt 0.2139996 0.8730204
vt 0.2135251 0.8722563
vt 0.215034 0.8839223
vt 0.2143023 0.8823663
vt 0.2133361 0.88257
vt 0.214132 0.8770788
vt 0.2156395 0.8777277
vt 0.2165362 0.8769851
vt 0.2186798 0.8763291
vt 0.2189092 0.8733077
vt 0.2172757 0.8739387
vt 0.2213142 0.8857997
vt 0.2230706 0.8843663
vt 0.2205238 0.8821001
vt 0.2202591 0.8822018
vt 0.2199851 0.8821493
vt 0.2185037 0.8860692
vt 0.2312001 0.884866
vt 0.2316589 0.8827372
vt 0.231485 0.8827238
vt 0.2290568 0.8879139
vt 0.2312001 0.884866
vt 0.2310109 0.8848209
vt 0.2311135 0.8784174
vt 0.2312831 0.8783748
vt 0.2304649 0.8763575
vt 0.2315495 0.8805485
vt 0.2317698 0.8805326
vt 0.2312831 0.8783748
vt 0.227638 0.8727198
vt 0.2274717 0.8722933
vt 0.2272909 0.87234
vt 0.227638 0.8727198
vt 0.2272909 0.87234
vt 0.2271236 0.8724456
vt 0.2089557 0.8986856
vt 0.2108884 0.8966755
vt 0.2090985 0.8959469
vt 0.2188847 0.8934223
vt 0.218661 0.8955894
vt 0.2203993 0.8956751
vt 0.217539 0.8983167
vt 0.218661 0.8955894
vt 0.2168973 0.8953847
vt 0.211578 0.8936309
vt 0.2090985 0.8959469
vt 0.2108884 0.8966755
vt 0.2198423 0.8770602
vt 0.220138 0.8810697
vt 0.2204209 0.8810961
vt 0.2173103 0.877345
vt 0.2198792 0.8811889
vt 0.220138 0.8810697
vt 0.21658 0.869788
vt 0.2200186 0.8693921
vt 0.2199785 0.8685537
vt 0.2302896 0.8764312
vt 0.2304649 0.8763575
vt 0.227654 0.8735448
vt 0.2069048 0.8800259
vt 0.207561 0.8770904
vt 0.2027724 0.8768039
vt 0.2287837 0.8898201
vt 0.2286821 0.890191
vt 0.2302827 0.8903872
vt 0.2288833 0.8890074
vt 0.2288311 0.8893553
vt 0.2304435 0.8892279
vt 0.2289469 0.8887608
vt 0.2288833 0.8890074
vt 0.2304435 0.8892279
vt 0.2304435 0.8892279
vt 0.2291108 0.8882345
vt 0.2289469 0.8887608
vt 0.2286925 0.8711632
vt 0.2272045 0.8715317
vt 0.2273498 0.8718676
vt 0.229015 0.8722176
vt 0.2286925 0.8711632
vt 0.2273498 0.8718676
vt 0.2304435 0.8892279
vt 0.2288311 0.8893553
vt 0.2287837 0.8898201
vt 0.2308708 0.8858773
vt 0.2314638 0.8861638
vt 0.235225 0.8802356
vt 0.2276406 0.8268466
vt 0.2290182 0.8263447
vt 0.2274744 0.8264199
vt 0.2290182 0.8263447
vt 0.2276406 0.8268466
vt 0.2276564 0.8276718
vt 0.2271697 0.826076
vt 0.2272935 0.8264666
vt 0.2274744 0.8264199
vt 0.2276564 0.8276718
vt 0.2276406 0.8268466
vt 0.2273294 0.8271082
vt 0.2272935 0.8264666
vt 0.2271697 0.826076
vt 0.226983 0.8261651
vt 0.2317701 0.8346614
vt 0.2345475 0.8344237
vt 0.2312842 0.8325035
vt 0.2312105 0.8347068
vt 0.2315499 0.8346773
vt 0.2311146 0.832546
vt 0.207318 0.8382168
vt 0.2088261 0.8377733
vt 0.2082154 0.8343576
vt 0.2021938 0.8344012
vt 0.2032195 0.8396389
vt 0.207318 0.8382168
vt 0.2301865 0.8347949
vt 0.2312105 0.8347068
vt 0.2306926 0.8326435
vt 0.2301865 0.8347949
vt 0.2297444 0.8329126
vt 0.2282043 0.8335901
vt 0.2312842 0.8325035
vt 0.2345475 0.8344237
vt 0.2304667 0.830486
vt 0.2306926 0.8326435
vt 0.2311146 0.832546
vt 0.2302914 0.8305595
vt 0.2286959 0.8252899
vt 0.2294654 0.8256487
vt 0.2293668 0.8246351
vt 0.2299889 0.82955
vt 0.2304667 0.830486
vt 0.2345475 0.8344237
vt 0.2299889 0.82955
vt 0.2345475 0.8344237
vt 0.2352252 0.8343655
vt 0.2082154 0.8343576
vt 0.2091892 0.8296481
vt 0.2075603 0.8312168
vt 0.2132327 0.8344302
vt 0.2099771 0.8342123
vt 0.2101777 0.8374068
vt 0.2297444 0.8329126
vt 0.2306926 0.8326435
vt 0.2298722 0.8307361
vt 0.2275201 0.831908
vt 0.2282043 0.8335901
vt 0.2297444 0.8329126
vt 0.2307113 0.8264492
vt 0.2294654 0.8256487
vt 0.2290182 0.8263447
vt 0.2321068 0.8249863
vt 0.2307113 0.8264492
vt 0.2301898 0.8282204
vt 0.2075603 0.8312168
vt 0.2091892 0.8296481
vt 0.2083833 0.8289813
vt 0.2301898 0.8282204
vt 0.2276564 0.8276718
vt 0.2299889 0.82955
vt 0.2295002 0.8230609
vt 0.2287189 0.8242027
vt 0.2293668 0.8246351
vt 0.2148872 0.8363979
vt 0.2154373 0.8333262
vt 0.2143219 0.8346032
vt 0.2276564 0.8276718
vt 0.2301898 0.8282204
vt 0.2290182 0.8263447
vt 0.2091892 0.8296481
vt 0.2129208 0.8255488
vt 0.210881 0.8261219
vt 0.2286959 0.8252899
vt 0.2287189 0.8242027
vt 0.2268821 0.8250215
vt 0.2322054 0.8216924
vt 0.2295002 0.8230609
vt 0.2303999 0.8238142
vt 0.2270175 0.8257602
vt 0.2271697 0.826076
vt 0.2273525 0.8259941
vt 0.2101981 0.8300249
vt 0.2135248 0.8263818
vt 0.2129208 0.8255488
vt 0.2027711 0.8309308
vt 0.2075603 0.8312168
vt 0.2083833 0.8289813
vt 0.2268939 0.8255322
vt 0.2270175 0.8257602
vt 0.2272072 0.825658
vt 0.2266589 0.8251933
vt 0.2268939 0.8255322
vt 0.2270972 0.825412
vt 0.233531 0.8279453
vt 0.235222 0.825132
vt 0.2301898 0.8282204
vt 0.210881 0.8261219
vt 0.2129208 0.8255488
vt 0.2126848 0.8242152
vt 0.2268555 0.8272511
vt 0.2276564 0.8276718
vt 0.2273294 0.8271082
vt 0.2298722 0.8307361
vt 0.2302914 0.8305595
vt 0.2274153 0.8278182
vt 0.2268164 0.8258824
vt 0.226983 0.8261651
vt 0.2271697 0.826076
vt 0.2266909 0.8256692
vt 0.2268164 0.8258824
vt 0.2270175 0.8257602
vt 0.235222 0.825132
vt 0.2332625 0.8198982
vt 0.2321068 0.8249863
vt 0.226301 0.8248331
vt 0.2266589 0.8251933
vt 0.2268821 0.8250215
vt 0.2264558 0.8253948
vt 0.2266909 0.8256692
vt 0.2268939 0.8255322
vt 0.2133361 0.8366965
vt 0.2143022 0.8364927
vt 0.2143219 0.8346032
vt 0.2056834 0.8254517
vt 0.2083833 0.8289813
vt 0.210881 0.8261219
vt 0.210881 0.8261219
vt 0.2126848 0.8242152
vt 0.2106717 0.8209476
vt 0.2271204 0.8280913
vt 0.2266737 0.8284986
vt 0.2289826 0.83118
vt 0.2268555 0.8272511
vt 0.2273294 0.8271082
vt 0.2271261 0.8265722
vt 0.2111131 0.8302638
vt 0.2099771 0.8342123
vt 0.2132327 0.8344302
vt 0.2260996 0.8251321
vt 0.2264558 0.8253948
vt 0.2266589 0.8251933
vt 0.2140911 0.8249357
vt 0.2145203 0.8232329
vt 0.2126848 0.8242152
vt 0.2287189 0.8242027
vt 0.2258954 0.8239748
vt 0.2265546 0.8245782
vt 0.226301 0.8248331
vt 0.2265546 0.8245782
vt 0.2258954 0.8239748
vt 0.2164579 0.8235566
vt 0.2165416 0.8223079
vt 0.2145203 0.8232329
vt 0.2266737 0.8284986
vt 0.225564 0.8293124
vt 0.2275201 0.831908
vt 0.2271261 0.8265722
vt 0.226983 0.8261651
vt 0.2263281 0.8268164
vt 0.2260996 0.8251321
vt 0.226301 0.8248331
vt 0.2256785 0.8245175
vt 0.2258954 0.8239748
vt 0.2287189 0.8242027
vt 0.224894 0.8230073
vt 0.2264824 0.8275291
vt 0.2268555 0.8272511
vt 0.2263281 0.8268164
vt 0.2126848 0.8242152
vt 0.2145203 0.8232329
vt 0.2123077 0.8200404
vt 0.2247481 0.8234091
vt 0.224894 0.8230073
vt 0.2237726 0.8227742
vt 0.2196107 0.8219095
vt 0.2199796 0.8226784
vt 0.2232751 0.8228984
vt 0.2237355 0.8353699
vt 0.2241478 0.8353282
vt 0.2239714 0.8344021
vt 0.2263281 0.8268164
vt 0.226983 0.8261651
vt 0.2268164 0.8258824
vt 0.2266909 0.8256692
vt 0.2253432 0.825586
vt 0.2268164 0.8258824
vt 0.2259251 0.8270498
vt 0.2263281 0.8268164
vt 0.2253432 0.825586
vt 0.2199796 0.8226784
vt 0.2196107 0.8219095
vt 0.2165416 0.8223079
vt 0.2295002 0.8230609
vt 0.2251574 0.8220359
vt 0.224894 0.8230073
vt 0.224894 0.8230073
vt 0.2251574 0.8220359
vt 0.2237726 0.8227742
vt 0.2254626 0.8209513
vt 0.2251574 0.8220359
vt 0.2295002 0.8230609
vt 0.2251574 0.8220359
vt 0.218077 0.8189391
vt 0.2196107 0.8219095
vt 0.2145203 0.8232329
vt 0.2165416 0.8223079
vt 0.2158954 0.8190703
vt 0.2248503 0.8244005
vt 0.2256785 0.8245175
vt 0.2258954 0.8239748
vt 0.2232751 0.8228984
vt 0.2229127 0.8240423
vt 0.2248503 0.8244005
vt 0.2264558 0.8253948
vt 0.2253432 0.825586
vt 0.2266909 0.8256692
vt 0.2253432 0.825586
vt 0.2264558 0.8253948
vt 0.2255872 0.8249867
vt 0.2168155 0.8248499
vt 0.2165802 0.8239129
vt 0.2129208 0.8255488
vt 0.2139994 0.827146
vt 0.2111131 0.8302638
vt 0.2141318 0.8312049
vt 0.2255872 0.8249867
vt 0.2256785 0.8245175
vt 0.2248603 0.8249431
vt 0.2250519 0.8251138
vt 0.2229127 0.8240423
vt 0.2246349 0.8260144
vt 0.2266737 0.8284986
vt 0.2271204 0.8280913
vt 0.2264824 0.8275291
vt 0.2239714 0.8344021
vt 0.2237963 0.8338086
vt 0.223441 0.8340529
vt 0.2165416 0.8223079
vt 0.2196107 0.8219095
vt 0.218077 0.8189391
vt 0.2199796 0.8226784
vt 0.2200196 0.823517
vt 0.2229127 0.8240423
vt 0.2198737 0.8244245
vt 0.2200196 0.823517
vt 0.2165802 0.8239129
vt 0.226457 0.8189392
vt 0.2258825 0.8197818
vt 0.2254626 0.8209513
vt 0.2169449 0.8257068
vt 0.2168155 0.8248499
vt 0.2135248 0.8263818
vt 0.2254559 0.8273646
vt 0.2259251 0.8270498
vt 0.2246349 0.8260144
vt 0.2143219 0.8346032
vt 0.2156395 0.8318538
vt 0.2141318 0.8312049
vt 0.2219045 0.8349703
vt 0.2220767 0.8355403
vt 0.2237355 0.8353699
vt 0.2200196 0.823517
vt 0.2198737 0.8244245
vt 0.2225015 0.8248151
vt 0.2168155 0.8248499
vt 0.2169449 0.8257068
vt 0.2195882 0.8252322
vt 0.2154373 0.8333262
vt 0.2173106 0.8314711
vt 0.2156395 0.8318538
vt 0.2229127 0.8240423
vt 0.2225015 0.8248151
vt 0.2246349 0.8260144
vt 0.2231552 0.83353
vt 0.223441 0.8340529
vt 0.2237963 0.8338086
vt 0.2221071 0.8254849
vt 0.2225015 0.8248151
vt 0.2198737 0.8244245
vt 0.2225015 0.8248151
vt 0.2221071 0.8254849
vt 0.2241487 0.826407
vt 0.2156395 0.8318538
vt 0.2173106 0.8314711
vt 0.2165364 0.8311111
vt 0.2227506 0.8320194
vt 0.2231552 0.83353
vt 0.2237963 0.8338086
vt 0.2189098 0.8274333
vt 0.2195882 0.8252322
vt 0.2169449 0.8257068
vt 0.2241487 0.826407
vt 0.2231851 0.8277447
vt 0.223856 0.8279899
vt 0.2227506 0.8320194
vt 0.2224473 0.8323671
vt 0.2231552 0.83353
vt 0.2175905 0.8306091
vt 0.217276 0.8280644
vt 0.2156205 0.8293306
vt 0.2175905 0.8306091
vt 0.2173106 0.8314711
vt 0.2198427 0.8311864
vt 0.222482 0.8317501
vt 0.2224473 0.8323671
vt 0.2227506 0.8320194
vt 0.219779 0.8304613
vt 0.2207267 0.8272402
vt 0.2189098 0.8274333
vt 0.222482 0.8317501
vt 0.224816 0.8285998
vt 0.223856 0.8279899
vt 0.222482 0.8317501
vt 0.2217067 0.8312142
vt 0.2224473 0.8323671
vt 0.2186802 0.8304552
vt 0.2175905 0.8306091
vt 0.2198427 0.8311864
vt 0.2208051 0.8307618
vt 0.2231851 0.8277447
vt 0.2207267 0.8272402
vt 0.2198427 0.8311864
vt 0.2208051 0.8307618
vt 0.219779 0.8304613
vt 0.2217067 0.8312142
vt 0.223856 0.8279899
vt 0.2231851 0.8277447
vt 0.2217067 0.8312142
vt 0.2208051 0.8307618
vt 0.2198427 0.8311864
vt 0.2197122 0.835547
vt 0.2154373 0.8333262
vt 0.2148872 0.8363979
vt 0.2206485 0.8353965
vt 0.2207157 0.835521
vt 0.2219045 0.8349703
vt 0.2206485 0.8353965
vt 0.2231552 0.83353
vt 0.2224473 0.8323671
vt 0.2198794 0.8353155
vt 0.2173106 0.8314711
vt 0.2154373 0.8333262
vt 0.228474 0.8442415
vt 0.2282636 0.8441513
vt 0.228159 0.8443634
vt 0.2282636 0.8441513
vt 0.228474 0.8442415
vt 0.2285774 0.8438939
vt 0.2283763 0.8444827
vt 0.2285965 0.844583
vt 0.2286805 0.8443183
vt 0.2287823 0.8439475
vt 0.2285774 0.8438939
vt 0.228474 0.8442415
vt 0.2281686 0.8448498
vt 0.2284148 0.8450061
vt 0.2285965 0.844583
vt 0.2286424 0.8435712
vt 0.2284584 0.8435088
vt 0.2283703 0.8438294
vt 0.2279442 0.8446619
vt 0.2281686 0.8448498
vt 0.2283763 0.8444827
vt 0.2286424 0.8435712
vt 0.2285774 0.8438939
vt 0.2287823 0.8439475
vt 0.2284584 0.8435088
vt 0.2288299 0.8434827
vt 0.2284712 0.8433872
vt 0.2275952 0.8449566
vt 0.227828 0.8452513
vt 0.2281686 0.8448498
vt 0.227828 0.8452513
vt 0.2281138 0.8454941
vt 0.2284148 0.8450061
vt 0.2284712 0.8433872
vt 0.2288299 0.8434827
vt 0.2288821 0.8431349
vt 0.2275952 0.8449566
vt 0.227071 0.8451441
vt 0.2272058 0.8456275
vt 0.2274759 0.8461787
vt 0.2281138 0.8454941
vt 0.227828 0.8452513
vt 0.2265918 0.844436
vt 0.2273483 0.8431154
vt 0.2271038 0.8430092
vt 0.2273483 0.8431154
vt 0.2265918 0.844436
vt 0.2270376 0.8441564
vt 0.2276605 0.8432546
vt 0.2270376 0.8441564
vt 0.2283703 0.8438294
vt 0.2270376 0.8441564
vt 0.2268099 0.8445576
vt 0.228159 0.8443634
vt 0.2268099 0.8445576
vt 0.227071 0.8451441
vt 0.2279442 0.8446619
vt 0.226045 0.844164
vt 0.2240957 0.8455391
vt 0.2245173 0.8462809
vt 0.2263168 0.8452772
vt 0.2272058 0.8456275
vt 0.227071 0.8451441
vt 0.2289456 0.8428883
vt 0.228598 0.842801
vt 0.2285348 0.8430625
vt 0.2271038 0.8430092
vt 0.2273483 0.8431154
vt 0.2277113 0.8425316
vt 0.2253708 0.84396
vt 0.2235803 0.8449508
vt 0.2240957 0.8455391
vt 0.2267238 0.8428007
vt 0.2253708 0.84396
vt 0.226045 0.844164
vt 0.2276605 0.8432546
vt 0.2284584 0.8435088
vt 0.2284712 0.8433872
vt 0.228111 0.8427533
vt 0.2284712 0.8433872
vt 0.2285348 0.8430625
vt 0.2277113 0.8425316
vt 0.2273483 0.8431154
vt 0.2276605 0.8432546
vt 0.228598 0.842801
vt 0.228111 0.8427533
vt 0.2285348 0.8430625
vt 0.2263627 0.8458245
vt 0.2263054 0.8468569
vt 0.2274759 0.8461787
vt 0.2235803 0.8449508
vt 0.2214704 0.8452796
vt 0.2217563 0.8459504
vt 0.2240957 0.8455391
vt 0.2217563 0.8459504
vt 0.2219027 0.8467078
vt 0.2263627 0.8458245
vt 0.2245173 0.8462809
vt 0.2248291 0.8473773
vt 0.2218714 0.8473791
vt 0.2248291 0.8473773
vt 0.2245173 0.8462809
vt 0.2263054 0.8468569
vt 0.2248291 0.8473773
vt 0.2253059 0.847511
vt 0.2291096 0.8423621
vt 0.2287296 0.8422659
vt 0.228598 0.842801
vt 0.2285794 0.842149
vt 0.228111 0.8427533
vt 0.2287296 0.8422659
vt 0.2283362 0.841971
vt 0.2277113 0.8425316
vt 0.228111 0.8427533
vt 0.2277648 0.841559
vt 0.2272239 0.842228
vt 0.2277113 0.8425316
vt 0.2287296 0.8422659
vt 0.228111 0.8427533
vt 0.228598 0.842801
vt 0.2287296 0.8422659
vt 0.2291096 0.8423621
vt 0.2290558 0.8420416
vt 0.2248291 0.8473773
vt 0.2218714 0.8473791
vt 0.2215923 0.8480163
vt 0.2287296 0.8422659
vt 0.2290558 0.8420416
vt 0.2285794 0.842149
vt 0.2267614 0.8483407
vt 0.2272393 0.8496216
vt 0.2314266 0.8467886
vt 0.2217563 0.8459504
vt 0.2192777 0.8457978
vt 0.2191973 0.8465302
vt 0.2192777 0.8457978
vt 0.2217563 0.8459504
vt 0.2214704 0.8452796
vt 0.2284148 0.8450061
vt 0.230445 0.8456727
vt 0.2302809 0.8445146
vt 0.2223502 0.8497286
vt 0.2267614 0.8483407
vt 0.2253059 0.847511
vt 0.2267614 0.8483407
vt 0.2223502 0.8497286
vt 0.2235155 0.8517812
vt 0.2203989 0.8498007
vt 0.2223502 0.8497286
vt 0.2215923 0.8480163
vt 0.2313442 0.8413008
vt 0.2290558 0.8420416
vt 0.2291096 0.8423621
vt 0.2244783 0.8427028
vt 0.2231179 0.8432025
vt 0.2235803 0.8449508
vt 0.2191347 0.8468063
vt 0.2188845 0.8475482
vt 0.2215923 0.8480163
vt 0.2267238 0.8428007
vt 0.2272239 0.842228
vt 0.2261222 0.8414722
vt 0.2311311 0.8439047
vt 0.2313442 0.8413008
vt 0.230442 0.8433555
vt 0.217806 0.8472363
vt 0.2188845 0.8475482
vt 0.2191347 0.8468063
vt 0.2235155 0.8517812
vt 0.2248437 0.8538874
vt 0.2281077 0.8507822
vt 0.2235155 0.8517812
vt 0.2223502 0.8497286
vt 0.2203989 0.8498007
vt 0.2274759 0.8461787
vt 0.230445 0.8456727
vt 0.2281138 0.8454941
vt 0.230445 0.8456727
vt 0.2274759 0.8461787
vt 0.2264778 0.8472795
vt 0.2302809 0.8445146
vt 0.230445 0.8456727
vt 0.2310873 0.8451206
vt 0.2277648 0.841559
vt 0.2267515 0.8405849
vt 0.2261222 0.8414722
vt 0.2313442 0.8413008
vt 0.2308697 0.8400056
vt 0.2290558 0.8420416
vt 0.2311993 0.8389944
vt 0.2290558 0.8420416
vt 0.2308697 0.8400056
vt 0.2186609 0.849715
vt 0.2175391 0.8524418
vt 0.2193889 0.8528404
vt 0.2323202 0.8429016
vt 0.2313442 0.8413008
vt 0.2311311 0.8439047
vt 0.2192733 0.845117
vt 0.2214704 0.8452796
vt 0.2207342 0.8434699
vt 0.2192777 0.8457978
vt 0.2165765 0.8451076
vt 0.2163095 0.8457962
vt 0.2289081 0.8516177
vt 0.2281077 0.8507822
vt 0.2248437 0.8538874
vt 0.2154831 0.846484
vt 0.217806 0.8472363
vt 0.2172809 0.8461068
vt 0.2314625 0.8402921
vt 0.2308697 0.8400056
vt 0.2313442 0.8413008
vt 0.2305696 0.8388486
vt 0.2283362 0.841971
vt 0.2285794 0.842149
vt 0.2186609 0.849715
vt 0.2188845 0.8475482
vt 0.217806 0.8472363
vt 0.2314266 0.8467886
vt 0.2322764 0.8458792
vt 0.2310873 0.8451206
vt 0.2167762 0.8444477
vt 0.2192733 0.845117
vt 0.2191669 0.843171
vt 0.2343473 0.8478112
vt 0.2314266 0.8467886
vt 0.2272393 0.8496216
vt 0.217806 0.8472363
vt 0.2154831 0.846484
vt 0.2151626 0.8491412
vt 0.2283362 0.841971
vt 0.2305696 0.8388486
vt 0.2296215 0.8385668
vt 0.2279309 0.8383653
vt 0.2267515 0.8405849
vt 0.2277648 0.841559
vt 0.2235155 0.8517812
vt 0.2193889 0.8528404
vt 0.2211144 0.8567963
vt 0.2132648 0.8485599
vt 0.2151626 0.8491412
vt 0.2154831 0.846484
vt 0.2338923 0.8444704
vt 0.2371437 0.8441054
vt 0.2351214 0.8407618
vt 0.2165765 0.8451076
vt 0.2136504 0.8435772
vt 0.2132622 0.84428
vt 0.2132622 0.84428
vt 0.2121972 0.844545
vt 0.2154831 0.846484
vt 0.2264909 0.8554358
vt 0.2248437 0.8538874
vt 0.2211144 0.8567963
vt 0.2165765 0.8451076
vt 0.2167762 0.8444477
vt 0.2141515 0.8430453
vt 0.2175391 0.8524418
vt 0.2145369 0.8518141
vt 0.215817 0.8542271
vt 0.2310521 0.8368279
vt 0.2305696 0.8388486
vt 0.2310101 0.8389492
vt 0.2132648 0.8485599
vt 0.2108895 0.8508015
vt 0.2145369 0.8518141
vt 0.2338923 0.8444704
vt 0.2322764 0.8458792
vt 0.2343473 0.8478112
vt 0.2343473 0.8478112
vt 0.2360221 0.849421
vt 0.2371437 0.8441054
vt 0.2175391 0.8524418
vt 0.215817 0.8542271
vt 0.2193889 0.8528404
vt 0.215817 0.8542271
vt 0.2174215 0.8589061
vt 0.2211144 0.8567963
vt 0.2300697 0.8367255
vt 0.2296215 0.8385668
vt 0.2305696 0.8388486
vt 0.2121972 0.844545
vt 0.2115786 0.8477572
vt 0.2132648 0.8485599
vt 0.2121972 0.844545
vt 0.207755 0.8454682
vt 0.2115786 0.8477572
vt 0.2218212 0.8402395
vt 0.219986 0.8408332
vt 0.2207342 0.8434699
vt 0.2191669 0.843171
vt 0.2207342 0.8434699
vt 0.219986 0.8408332
vt 0.2224075 0.8398551
vt 0.2218212 0.8402395
vt 0.2231179 0.8432025
vt 0.2283801 0.8365545
vt 0.2279309 0.8383653
vt 0.2296215 0.8385668
vt 0.2201617 0.8622097
vt 0.2233145 0.8593856
vt 0.2211144 0.8567963
vt 0.2314847 0.8368524
vt 0.2316588 0.8368658
vt 0.2317701 0.8346614
vt 0.2132622 0.84428
vt 0.2100012 0.8408296
vt 0.2097311 0.8422146
vt 0.2314847 0.8368524
vt 0.2315499 0.8346773
vt 0.2312105 0.8347068
vt 0.2311993 0.8389944
vt 0.2308697 0.8400056
vt 0.2345475 0.8344237
vt 0.2316588 0.8368658
vt 0.2311993 0.8389944
vt 0.2345475 0.8344237
vt 0.2316588 0.8368658
vt 0.2345475 0.8344237
vt 0.2317701 0.8346614
vt 0.215817 0.8542271
vt 0.2145369 0.8518141
vt 0.2126713 0.8546982
vt 0.2126713 0.8546982
vt 0.2144054 0.8604368
vt 0.2174215 0.8589061
vt 0.2175224 0.8424528
vt 0.2191669 0.843171
vt 0.2187416 0.8409037
vt 0.2230705 0.8384932
vt 0.2213141 0.8399264
vt 0.2224075 0.8398551
vt 0.219986 0.8408332
vt 0.2218212 0.8402395
vt 0.2213141 0.8399264
vt 0.2185036 0.8401957
vt 0.2187416 0.8409037
vt 0.219986 0.8408332
vt 0.2185036 0.8401957
vt 0.2179452 0.8407145
vt 0.2187416 0.8409037
vt 0.2301865 0.8347949
vt 0.2300697 0.8367255
vt 0.2310521 0.8368279
vt 0.2097311 0.8422146
vt 0.207755 0.8454682
vt 0.2121972 0.844545
vt 0.2115488 0.8403535
vt 0.2141515 0.8430453
vt 0.215867 0.8412129
vt 0.2126713 0.8546982
vt 0.2145369 0.8518141
vt 0.2089573 0.8528116
vt 0.223158 0.839133
vt 0.2230705 0.8384932
vt 0.2224075 0.8398551
vt 0.207755 0.8454682
vt 0.2070494 0.8490815
vt 0.2090997 0.8500731
vt 0.2089573 0.8528116
vt 0.2090997 0.8500731
vt 0.2070494 0.8490815
vt 0.2126713 0.8546982
vt 0.2116498 0.8562769
vt 0.2144054 0.8604368
vt 0.2174271 0.8643974
vt 0.2201617 0.8622097
vt 0.2174215 0.8589061
vt 0.215867 0.8412129
vt 0.2175224 0.8424528
vt 0.2179452 0.8407145
vt 0.2179452 0.8407145
vt 0.2185036 0.8401957
vt 0.2163457 0.839124
vt 0.2100012 0.8408296
vt 0.2088261 0.8377733
vt 0.207318 0.8382168
vt 0.207755 0.8454682
vt 0.2059507 0.8438156
vt 0.2042715 0.8447371
vt 0.207318 0.8382168
vt 0.2032195 0.8396389
vt 0.2059507 0.8438156
vt 0.2230705 0.8384932
vt 0.223158 0.839133
vt 0.2236394 0.8383188
vt 0.2235394 0.8372479
vt 0.2230705 0.8384932
vt 0.2239452 0.8375514
vt 0.2032195 0.8396389
vt 0.2020962 0.8404245
vt 0.2042715 0.8447371
vt 0.2101777 0.8374068
vt 0.2115488 0.8403535
vt 0.2141097 0.8387796
vt 0.2237183 0.8366857
vt 0.2235394 0.8372479
vt 0.2239452 0.8375514
vt 0.2237355 0.8353699
vt 0.2237183 0.8366857
vt 0.2241593 0.8362781
vt 0.2199852 0.8362759
vt 0.2197734 0.8360931
vt 0.2163457 0.839124
vt 0.2237355 0.8353699
vt 0.2220767 0.8355403
vt 0.2220302 0.8361319
vt 0.220703 0.8359907
vt 0.2205238 0.8362268
vt 0.2230705 0.8384932
vt 0.220703 0.8359907
vt 0.2235394 0.8372479
vt 0.2220302 0.8361319
vt 0.2197734 0.8360931
vt 0.2196878 0.8358286
vt 0.2148872 0.8363979
vt 0.2140911 0.8249357
vt 0.2165802 0.8239129
vt 0.2164579 0.8235566
vt 0.2129208 0.8255488
vt 0.2165802 0.8239129
vt 0.2140911 0.8249357
vt 0.2248603 0.8249431
vt 0.2229127 0.8240423
vt 0.2250519 0.8251138
vt 0.2248503 0.8244005
vt 0.2229127 0.8240423
vt 0.2248603 0.8249431
vt 0.2231552 0.83353
vt 0.2219045 0.8349703
vt 0.223441 0.8340529
vt 0.2173106 0.8314711
vt 0.2175905 0.8306091
vt 0.2165364 0.8311111
vt 0.2268821 0.8250215
vt 0.2287189 0.8242027
vt 0.2265546 0.8245782
vt 0.2272072 0.825658
vt 0.2286959 0.8252899
vt 0.2270972 0.825412
vt 0.2294654 0.8256487
vt 0.2286959 0.8252899
vt 0.2290182 0.8263447
vt 0.2321068 0.8249863
vt 0.2332625 0.8198982
vt 0.2322054 0.8216924
vt 0.2301898 0.8282204
vt 0.2299889 0.82955
vt 0.2305058 0.8291558
vt 0.2299889 0.82955
vt 0.2276564 0.8276718
vt 0.2304667 0.830486
vt 0.2276564 0.8276718
vt 0.2268555 0.8272511
vt 0.2274153 0.8278182
vt 0.2256785 0.8245175
vt 0.2248503 0.8244005
vt 0.2248603 0.8249431
vt 0.2260996 0.8251321
vt 0.2255872 0.8249867
vt 0.2264558 0.8253948
vt 0.2145369 0.8518141
vt 0.2168974 0.8495104
vt 0.2151626 0.8491412
vt 0.2108895 0.8508015
vt 0.2089573 0.8528116
vt 0.2145369 0.8518141
vt 0.2126713 0.8546982
vt 0.2104635 0.8548877
vt 0.2116498 0.8562769
vt 0.217003 0.8647221
vt 0.2174271 0.8643974
vt 0.2144054 0.8604368
vt 0.2267614 0.8483407
vt 0.2264778 0.8472795
vt 0.2253059 0.847511
vt 0.2097311 0.8422146
vt 0.2059507 0.8438156
vt 0.207755 0.8454682
vt 0.2237183 0.8366857
vt 0.2220302 0.8361319
vt 0.2235394 0.8372479
vt 0.2213141 0.8399264
vt 0.2218212 0.8402395
vt 0.2224075 0.8398551
vt 0.2273483 0.8431154
vt 0.2270376 0.8441564
vt 0.2276605 0.8432546
vt 0.2191973 0.8465302
vt 0.2172809 0.8461068
vt 0.2191347 0.8468063
vt 0.2163095 0.8457962
vt 0.2172809 0.8461068
vt 0.2191973 0.8465302
vt 0.2219027 0.8467078
vt 0.2191347 0.8468063
vt 0.2218714 0.8473791
vt 0.2191973 0.8465302
vt 0.2191347 0.8468063
vt 0.2219027 0.8467078
vt 0.2245173 0.8462809
vt 0.2263627 0.8458245
vt 0.2263168 0.8452772
vt 0.2265918 0.844436
vt 0.2264452 0.845054
vt 0.2268099 0.8445576
vt 0.2265918 0.844436
vt 0.2263168 0.8452772
vt 0.2264452 0.845054
vt 0.2245173 0.8462809
vt 0.2263168 0.8452772
vt 0.2265918 0.844436
vt 0.2265918 0.844436
vt 0.2268099 0.8445576
vt 0.2270376 0.8441564
vt 0.2286424 0.8435712
vt 0.2288299 0.8434827
vt 0.2284584 0.8435088
vt 0.230445 0.8456727
vt 0.2284148 0.8450061
vt 0.2281138 0.8454941
vt 0.2286805 0.8443183
vt 0.2285965 0.844583
vt 0.2302809 0.8445146
vt 0.2267614 0.8483407
vt 0.2314266 0.8467886
vt 0.2264778 0.8472795
vt 0.2274759 0.8461787
vt 0.2263054 0.8468569
vt 0.2264778 0.8472795
vt 0.2289081 0.8516177
vt 0.2343473 0.8478112
vt 0.2281077 0.8507822
vt 0.2322764 0.8458792
vt 0.2314266 0.8467886
vt 0.2343473 0.8478112
vt 0.2314625 0.8402921
vt 0.2323202 0.8429016
vt 0.2351214 0.8407618
vt 0.2267238 0.8428007
vt 0.2271038 0.8430092
vt 0.2272239 0.842228
vt 0.2272058 0.8456275
vt 0.2263168 0.8452772
vt 0.2263627 0.8458245
vt 0.2279442 0.8446619
vt 0.227071 0.8451441
vt 0.2275952 0.8449566
vt 0.2268099 0.8445576
vt 0.2264452 0.845054
vt 0.227071 0.8451441
vt 0.2283703 0.8438294
vt 0.2270376 0.8441564
vt 0.2282636 0.8441513
vt 0.2237963 0.8338086
vt 0.2239714 0.8344021
vt 0.2282043 0.8335901
vt 0.2241478 0.8353282
vt 0.2284353 0.8349423
vt 0.2282043 0.8335901
vt 0.2268555 0.8272511
vt 0.2264824 0.8275291
vt 0.2271204 0.8280913
vt 0.2260336 0.827891
vt 0.224816 0.8285998
vt 0.225564 0.8293124
vt 0.2259251 0.8270498
vt 0.2254559 0.8273646
vt 0.2260336 0.827891
vt 0.2231851 0.8277447
vt 0.2241487 0.826407
vt 0.2221071 0.8254849
vt 0.2207267 0.8272402
vt 0.2221071 0.8254849
vt 0.2195882 0.8252322
vt 0.2139994 0.827146
vt 0.2156205 0.8293306
vt 0.217276 0.8280644
vt 0.2253708 0.84396
vt 0.2267238 0.8428007
vt 0.2255375 0.8420318
vt 0.2192733 0.845117
vt 0.2167762 0.8444477
vt 0.2165765 0.8451076
vt 0.2231179 0.8432025
vt 0.2207342 0.8434699
vt 0.2214704 0.8452796
vt 0.2175224 0.8424528
vt 0.215867 0.8412129
vt 0.2141515 0.8430453
vt 0.2158909 0.8395173
vt 0.215034 0.8380487
vt 0.2141097 0.8387796
vt 0.215034 0.8380487
vt 0.2163457 0.839124
vt 0.2148872 0.8363979
vt 0.2143022 0.8364927
vt 0.215034 0.8380487
vt 0.2148872 0.8363979
vt 0.215034 0.8380487
vt 0.2158909 0.8395173
vt 0.2163457 0.839124
vt 0.2267515 0.8405849
vt 0.2236394 0.8383188
vt 0.223158 0.839133
vt 0.2224075 0.8398551
vt 0.2244783 0.8427028
vt 0.2255375 0.8420318
vt 0.223158 0.839133
vt 0.2224075 0.8398551
vt 0.2255375 0.8420318
vt 0.2279309 0.8383653
vt 0.2239452 0.8375514
vt 0.2236394 0.8383188
vt 0.2300697 0.8367255
vt 0.2301865 0.8347949
vt 0.2284353 0.8349423
vt 0.2241593 0.8362781
vt 0.2283801 0.8365545
vt 0.2284353 0.8349423
vt 0.2241593 0.8362781
vt 0.2239452 0.8375514
vt 0.2279309 0.8383653
vt 0.2227506 0.8320194
vt 0.2237963 0.8338086
vt 0.2275201 0.831908
vt 0.2254559 0.8273646
vt 0.223856 0.8279899
vt 0.224816 0.8285998
vt 0.225564 0.8293124
vt 0.224816 0.8285998
vt 0.222482 0.8317501
vt 0.2091549 0.8342868
vt 0.2095205 0.8375528
vt 0.2101777 0.8374068
vt 0.2082154 0.8343576
vt 0.2088261 0.8377733
vt 0.2095205 0.8375528
vt 0.2091549 0.8342868
vt 0.2101981 0.8300249
vt 0.2091892 0.8296481
vt 0.2099771 0.8342123
vt 0.2111131 0.8302638
vt 0.2101981 0.8300249
vt 0.2132622 0.84428
vt 0.2136504 0.8435772
vt 0.2107873 0.8405301
vt 0.2136504 0.8435772
vt 0.2141515 0.8430453
vt 0.2115488 0.8403535
vt 0.2101777 0.8374068
vt 0.2095205 0.8375528
vt 0.2107873 0.8405301
vt 0.2095205 0.8375528
vt 0.2088261 0.8377733
vt 0.2100012 0.8408296
vt 0.2111131 0.8302638
vt 0.2139994 0.827146
vt 0.2135248 0.8263818
vt 0.215034 0.8380487
vt 0.2143022 0.8364927
vt 0.2133361 0.8366965
vt 0.2141318 0.8312049
vt 0.2156395 0.8318538
vt 0.2165364 0.8311111
vt 0.2186802 0.8304552
vt 0.2189098 0.8274333
vt 0.217276 0.8280644
vt 0.2213141 0.8399264
vt 0.2230705 0.8384932
vt 0.2205238 0.8362268
vt 0.2202592 0.8363285
vt 0.2199852 0.8362759
vt 0.2185036 0.8401957
vt 0.2311993 0.8389944
vt 0.2316588 0.8368658
vt 0.2314847 0.8368524
vt 0.2290558 0.8420416
vt 0.2311993 0.8389944
vt 0.2310101 0.8389492
vt 0.2311146 0.832546
vt 0.2312842 0.8325035
vt 0.2304667 0.830486
vt 0.2315499 0.8346773
vt 0.2317701 0.8346614
vt 0.2312842 0.8325035
vt 0.2276406 0.8268466
vt 0.2274744 0.8264199
vt 0.2272935 0.8264666
vt 0.2276406 0.8268466
vt 0.2272935 0.8264666
vt 0.2271261 0.8265722
vt 0.2089573 0.8528116
vt 0.2108895 0.8508015
vt 0.2090997 0.8500731
vt 0.2188845 0.8475482
vt 0.2186609 0.849715
vt 0.2203989 0.8498007
vt 0.2175391 0.8524418
vt 0.2186609 0.849715
vt 0.2168974 0.8495104
vt 0.2115786 0.8477572
vt 0.2090997 0.8500731
vt 0.2108895 0.8508015
vt 0.2198427 0.8311864
vt 0.2201381 0.8351962
vt 0.220421 0.8352227
vt 0.2173106 0.8314711
vt 0.2198794 0.8353155
vt 0.2201381 0.8351962
vt 0.2165802 0.8239129
vt 0.2200196 0.823517
vt 0.2199796 0.8226784
vt 0.2302914 0.8305595
vt 0.2304667 0.830486
vt 0.2276564 0.8276718
vt 0.2069042 0.8341526
vt 0.2075603 0.8312168
vt 0.2027711 0.8309308
vt 0.2287823 0.8439475
vt 0.2286805 0.8443183
vt 0.2302809 0.8445146
vt 0.2288821 0.8431349
vt 0.2288299 0.8434827
vt 0.230442 0.8433555
vt 0.2289456 0.8428883
vt 0.2288821 0.8431349
vt 0.230442 0.8433555
vt 0.230442 0.8433555
vt 0.2291096 0.8423621
vt 0.2289456 0.8428883
vt 0.2286959 0.8252899
vt 0.2272072 0.825658
vt 0.2273525 0.8259941
vt 0.2290182 0.8263447
vt 0.2286959 0.8252899
vt 0.2273525 0.8259941
vt 0.230442 0.8433555
vt 0.2288299 0.8434827
vt 0.2287823 0.8439475
vt 0.2308697 0.8400056
vt 0.2314625 0.8402921
vt 0.2352252 0.8343655
vt 0.2020962 0.7841385
vt 0.218289 0.7783921
vt 0.2125506 0.7752371
vt 0.2183832 0.7847285
vt 0.2058044 0.789108
vt 0.2107027 0.789108
vt 0.2020962 0.7841385
vt 0.2058044 0.789108
vt 0.2183832 0.7847285
vt 0.2147326 0.8178828
vt 0.217294 0.8123504
vt 0.2076476 0.8031659
vt 0.2076476 0.8031659
vt 0.217294 0.8123504
vt 0.2150543 0.8079941
vt 0.2147326 0.8178828
vt 0.2020962 0.8062403
vt 0.2020962 0.8126188
vt 0.8385321 0.1483579
vt 0.8306051 0.1513099
vt 0.8367681 0.1505964
vt 0.8294675 0.1482158
vt 0.8306051 0.1513099
vt 0.8374101 0.1457125
vt 0.8172255 0.151622
vt 0.8306051 0.1513099
vt 0.8190268 0.148498
vt 0.8374101 0.1457125
vt 0.8362872 0.1431033
vt 0.8294675 0.1482158
vt 0.8447527 0.1419458
vt 0.8374101 0.1457125
vt 0.8464695 0.1447074
vt 0.8464695 0.1447074
vt 0.8385321 0.1483579
vt 0.8472796 0.1464199
vt 0.8294675 0.1482158
vt 0.8284627 0.145442
vt 0.8190268 0.148498
vt 0.8430675 0.1394395
vt 0.8362872 0.1431033
vt 0.8447527 0.1419458
vt 0.8464695 0.1447074
vt 0.8507921 0.1414921
vt 0.8447527 0.1419458
vt 0.8190268 0.148498
vt 0.8097887 0.1466061
vt 0.8172255 0.151622
vt 0.8386685 0.1315797
vt 0.8316246 0.1408812
vt 0.8430675 0.1394395
vt 0.8097887 0.1466061
vt 0.8190268 0.148498
vt 0.81094 0.1435621
vt 0.806235 0.150759
vt 0.817182 0.153442
vt 0.8087337 0.1498331
vt 0.8097887 0.1466061
vt 0.8059546 0.1451964
vt 0.8087337 0.1498331
vt 0.8466404 0.1366587
vt 0.8430675 0.1394395
vt 0.8486417 0.1389902
vt 0.81094 0.1435621
vt 0.8074502 0.1421302
vt 0.8097887 0.1466061
vt 0.7957816 0.145256
vt 0.8037042 0.1498448
vt 0.7974225 0.1445835
vt 0.8059546 0.1451964
vt 0.7994015 0.141584
vt 0.804438 0.1484949
vt 0.8684437 0.1237412
vt 0.8585292 0.1323223
vt 0.8519001 0.142882
vt 0.8284627 0.145442
vt 0.8316246 0.1408812
vt 0.8194644 0.1455088
vt 0.8074502 0.1421302
vt 0.81094 0.1435621
vt 0.8199635 0.1349714
vt 0.8486417 0.1389902
vt 0.8563523 0.1303735
vt 0.8466404 0.1366587
vt 0.8563523 0.1303735
vt 0.8486417 0.1389902
vt 0.8585292 0.1323223
vt 0.8386685 0.1315797
vt 0.8271676 0.1251729
vt 0.8316246 0.1408812
vt 0.7994015 0.141584
vt 0.8059546 0.1451964
vt 0.8013516 0.1387015
vt 0.8585292 0.1323223
vt 0.8670383 0.1227875
vt 0.8563523 0.1303735
vt 0.8563523 0.1303735
vt 0.8643347 0.12096
vt 0.8545062 0.1280146
vt 0.7994015 0.141584
vt 0.78415 0.1297594
vt 0.7974225 0.1445835
vt 0.78415 0.1297594
vt 0.7994015 0.141584
vt 0.7865899 0.1272489
vt 0.7865899 0.1272489
vt 0.8013516 0.1387015
vt 0.7933196 0.1217888
vt 0.8342397 0.1154371
vt 0.8545062 0.1280146
vt 0.8410987 0.1055617
vt 0.8643347 0.12096
vt 0.8670383 0.1227875
vt 0.8702135 0.1099856
vt 0.78415 0.1297594
vt 0.7772106 0.1218856
vt 0.7815972 0.1323324
vt 0.8702135 0.1099856
vt 0.8674902 0.1086799
vt 0.8643347 0.12096
vt 0.7865899 0.1272489
vt 0.7798812 0.1197701
vt 0.78415 0.1297594
vt 0.8728325 0.1112677
vt 0.8760973 0.1048943
vt 0.8702135 0.1099856
vt 0.8760973 0.1048943
vt 0.8728325 0.1112677
vt 0.8779476 0.1055873
vt 0.8271676 0.1251729
vt 0.8018704 0.1117212
vt 0.8199635 0.1349714
vt 0.7865899 0.1272489
vt 0.7933196 0.1217888
vt 0.7798812 0.1197701
vt 0.8617783 0.1192366
vt 0.8674902 0.1086799
vt 0.8410987 0.1055617
vt 0.8797059 0.0984397
vt 0.8777703 0.099665
vt 0.8779476 0.1055873
vt 0.8716642 0.0980465
vt 0.8674902 0.1086799
vt 0.8746353 0.098929
vt 0.7744656 0.1240019
vt 0.7772106 0.1218856
vt 0.766216 0.1112124
vt 0.7723025 0.1080533
vt 0.769324 0.1096013
vt 0.7798812 0.1197701
vt 0.7642316 0.110941
vt 0.7722702 0.1237997
vt 0.766216 0.1112124
vt 0.8746353 0.098929
vt 0.8777703 0.099665
vt 0.8753991 0.0941533
vt 0.8746353 0.098929
vt 0.8753991 0.0941533
vt 0.8716642 0.0980465
vt 0.8018704 0.1117212
vt 0.7895821 0.103754
vt 0.7933196 0.1217888
vt 0.7785193 0.0946776
vt 0.7723025 0.1080533
vt 0.7895821 0.103754
vt 0.8342397 0.1154371
vt 0.8100914 0.1011919
vt 0.8271676 0.1251729
vt 0.7872722 0.0851065
vt 0.7895821 0.103754
vt 0.8100914 0.1011919
vt 0.8475301 0.0955273
vt 0.8674902 0.1086799
vt 0.8637121 0.093195
vt 0.8788985 0.0857096
vt 0.8783826 0.0943841
vt 0.8811144 0.0854813
vt 0.8753991 0.0941533
vt 0.8783826 0.0943841
vt 0.8758765 0.0859718
vt 0.7614846 0.0986622
vt 0.766216 0.1112124
vt 0.7650334 0.0984186
vt 0.769324 0.1096013
vt 0.7701823 0.1026191
vt 0.7650334 0.0984186
vt 0.8725283 0.0937326
vt 0.8753991 0.0941533
vt 0.8730549 0.0861421
vt 0.8730549 0.0861421
vt 0.869163 0.0831414
vt 0.8725283 0.0937326
vt 0.8410987 0.1055617
vt 0.8182806 0.089834
vt 0.8342397 0.1154371
vt 0.8758765 0.0859718
vt 0.8788985 0.0857096
vt 0.8743835 0.0781779
vt 0.7673285 0.0867564
vt 0.7640478 0.0885548
vt 0.7682541 0.0975463
vt 0.7609028 0.0887169
vt 0.7614846 0.0986622
vt 0.7640478 0.0885548
vt 0.8758765 0.0859718
vt 0.8743835 0.0781779
vt 0.8730549 0.0861421
vt 0.7785193 0.0946776
vt 0.7695568 0.0848166
vt 0.7682541 0.0975463
vt 0.7614846 0.0986622
vt 0.7609028 0.0887169
vt 0.7598767 0.0990125
vt 0.8720976 0.0678196
vt 0.8771769 0.0771891
vt 0.8738715 0.0682435
vt 0.8637121 0.093195
vt 0.869163 0.0831414
vt 0.8535561 0.0854989
vt 0.8743835 0.0781779
vt 0.8771769 0.0771891
vt 0.8698933 0.0694488
vt 0.8410987 0.1055617
vt 0.8475301 0.0955273
vt 0.8182806 0.089834
vt 0.7609028 0.0887169
vt 0.7640478 0.0885548
vt 0.7613573 0.0812235
vt 0.7609028 0.0887169
vt 0.7613573 0.0812235
vt 0.7594842 0.0860725
vt 0.7640478 0.0885548
vt 0.7673285 0.0867564
vt 0.7652617 0.078686
vt 0.8743835 0.0781779
vt 0.8698933 0.0694488
vt 0.8715963 0.078545
vt 0.7785193 0.0946776
vt 0.7872722 0.0851065
vt 0.7695568 0.0848166
vt 0.7776231 0.0765323
vt 0.7689398 0.0760687
vt 0.7695568 0.0848166
vt 0.7689398 0.0760687
vt 0.7662785 0.0754576
vt 0.7681276 0.0792159
vt 0.7662785 0.0754576
vt 0.7636348 0.0747816
vt 0.7652617 0.078686
vt 0.8182806 0.089834
vt 0.7958144 0.0739307
vt 0.8100914 0.1011919
vt 0.8715963 0.078545
vt 0.8677533 0.0709709
vt 0.8593139 0.0755539
vt 0.8677533 0.0709709
vt 0.8698933 0.0694488
vt 0.8632397 0.0652473
vt 0.762567 0.078028
vt 0.7636348 0.0747816
vt 0.7594842 0.0808439
vt 0.8644729 0.0560557
vt 0.8671451 0.0616843
vt 0.8738715 0.0682435
vt 0.8260166 0.0783787
vt 0.814921 0.0699488
vt 0.8182806 0.089834
vt 0.8698933 0.0694488
vt 0.8720976 0.0678196
vt 0.8651682 0.0633835
vt 0.8475301 0.0955273
vt 0.8535561 0.0854989
vt 0.8260166 0.0783787
vt 0.8260166 0.0783787
vt 0.8328524 0.06739
vt 0.814921 0.0699488
vt 0.8651682 0.0633835
vt 0.8671451 0.0616843
vt 0.8630539 0.0608727
vt 0.8632397 0.0652473
vt 0.8651682 0.0633835
vt 0.8609953 0.0629778
vt 0.7689439 0.0679834
vt 0.7662785 0.0754576
vt 0.7711231 0.0697924
vt 0.8626503 0.0541184
vt 0.8616879 0.0551293
vt 0.8644729 0.0560557
vt 0.8651465 0.0590095
vt 0.8616879 0.0551293
vt 0.8630539 0.0608727
vt 0.7958144 0.0739307
vt 0.7852615 0.0667018
vt 0.7872722 0.0851065
vt 0.8526334 0.0522818
vt 0.8616879 0.0551293
vt 0.8544976 0.0495796
vt 0.7852615 0.0667018
vt 0.7958144 0.0739307
vt 0.792088 0.0559518
vt 0.8535561 0.0854989
vt 0.8593139 0.0755539
vt 0.8328524 0.06739
vt 0.8593139 0.0755539
vt 0.8609953 0.0629778
vt 0.8390006 0.0565492
vt 0.850893 0.0469885
vt 0.8544976 0.0495796
vt 0.8516686 0.0457114
vt 0.8630539 0.0608727
vt 0.8526334 0.0522818
vt 0.8609953 0.0629778
vt 0.814921 0.0699488
vt 0.8217567 0.0587868
vt 0.8035558 0.0622767
vt 0.8328524 0.06739
vt 0.8390006 0.0565492
vt 0.8217567 0.0587868
vt 0.8544976 0.0495796
vt 0.850893 0.0469885
vt 0.8526334 0.0522818
vt 0.8426702 0.0414815
vt 0.8483738 0.0456677
vt 0.8516686 0.0457114
vt 0.7711231 0.0697924
vt 0.7760769 0.05999
vt 0.7689439 0.0679834
vt 0.8526334 0.0522818
vt 0.8468627 0.0485512
vt 0.8508358 0.0550584
vt 0.7663873 0.0669373
vt 0.7689439 0.0679834
vt 0.7713612 0.0568335
vt 0.7642338 0.0680135
vt 0.7663873 0.0669373
vt 0.7700846 0.0559898
vt 0.792088 0.0559518
vt 0.8035558 0.0622767
vt 0.7976526 0.0455879
vt 0.8292394 0.0448403
vt 0.8276682 0.0480046
vt 0.8424818 0.0501707
vt 0.8468627 0.0485512
vt 0.8323295 0.0426198
vt 0.8424818 0.0501707
vt 0.7831311 0.0478287
vt 0.7738295 0.058469
vt 0.7849197 0.0500747
vt 0.7700846 0.0559898
vt 0.7713612 0.0568335
vt 0.7796165 0.0441318
vt 0.8226764 0.0362127
vt 0.8332455 0.0398492
vt 0.8218026 0.0341815
vt 0.7811702 0.0455564
vt 0.7713612 0.0568335
vt 0.7831311 0.0478287
vt 0.8332455 0.0398492
vt 0.8226764 0.0362127
vt 0.8323295 0.0426198
vt 0.8152034 0.0415233
vt 0.8099936 0.0512724
vt 0.8276682 0.0480046
vt 0.8152034 0.0415233
vt 0.8276682 0.0480046
vt 0.8210799 0.0423785
vt 0.8323295 0.0426198
vt 0.8218383 0.0393184
vt 0.8292394 0.0448403
vt 0.8210799 0.0423785
vt 0.8218383 0.0393184
vt 0.8152034 0.0415233
vt 0.7849197 0.0500747
vt 0.792088 0.0559518
vt 0.7916327 0.045222
vt 0.7849197 0.0500747
vt 0.7916327 0.045222
vt 0.7831311 0.0478287
vt 0.8152034 0.0415233
vt 0.8102509 0.0408392
vt 0.8099936 0.0512724
vt 0.8218026 0.0341815
vt 0.8132494 0.0333288
vt 0.8226764 0.0362127
vt 0.7885897 0.0377979
vt 0.7796165 0.0441318
vt 0.7887289 0.0395922
vt 0.8099936 0.0512724
vt 0.8044267 0.0410206
vt 0.7976526 0.0455879
vt 0.8132494 0.0333288
vt 0.8050451 0.0325818
vt 0.8106696 0.0344058
vt 0.8104419 0.0376533
vt 0.8218383 0.0393184
vt 0.8106696 0.0344058
vt 0.8106696 0.0344058
vt 0.8051946 0.0342589
vt 0.8104419 0.0376533
vt 0.7916327 0.045222
vt 0.7952403 0.0434476
vt 0.7902643 0.0424865
vt 0.7887289 0.0395922
vt 0.7930136 0.0373565
vt 0.7885897 0.0377979
vt 0.7902643 0.0424865
vt 0.7941561 0.0404899
vt 0.7887289 0.0395922
vt 0.8104419 0.0376533
vt 0.804186 0.0378197
vt 0.8102509 0.0408392
vt 0.7952403 0.0434476
vt 0.8044267 0.0410206
vt 0.7941561 0.0404899
vt 0.7941561 0.0404899
vt 0.804186 0.0378197
vt 0.7930136 0.0373565
vt 0.8788985 0.0857096
vt 0.8811144 0.0854813
vt 0.8771769 0.0771891
vt 0.8507921 0.1414921
vt 0.8464695 0.1447074
vt 0.8519001 0.142882
vt 0.8309083 0.153224
vt 0.8306051 0.1513099
vt 0.817182 0.153442
vt 0.8087337 0.1498331
vt 0.804438 0.1484949
vt 0.806235 0.150759
vt 0.7887289 0.0395922
vt 0.7811702 0.0455564
vt 0.7902643 0.0424865
vt 0.7689439 0.0679834
vt 0.7663873 0.0669373
vt 0.7662785 0.0754576
vt 0.766216 0.1112124
vt 0.7614846 0.0986622
vt 0.7642316 0.110941
vt 0.7722702 0.1237997
vt 0.7804737 0.1333229
vt 0.7744656 0.1240019
vt 0.7974225 0.1445835
vt 0.7815972 0.1323324
vt 0.7957816 0.145256
vt 0.7760769 0.05999
vt 0.7711231 0.0697924
vt 0.7852615 0.0667018
vt 0.7760769 0.05999
vt 0.7852615 0.0667018
vt 0.7849197 0.0500747
vt 0.218289 0.7923565
vt 0.2020962 0.7981029
vt 0.2183832 0.7986929
vt 0.2148738 0.8012925
vt 0.2183832 0.7986929
vt 0.2107027 0.8030725
vt 0.2031769 0.793507
vt 0.2020962 0.7981029
vt 0.2125506 0.7892015
vt 0.09804916 0.821802
vt 0.09849643 0.8209746
vt 0.09780257 0.8217314
vt 0.09804916 0.821802
vt 0.09780257 0.8217314
vt 0.09799116 0.8227434
vt 0.09915632 0.8204873
vt 0.09905719 0.820283
vt 0.09849643 0.8209746
vt 0.09775364 0.8227854
vt 0.09808963 0.8236278
vt 0.09799116 0.8227434
vt 0.09915632 0.8204873
vt 0.09993737 0.8202637
vt 0.09905719 0.820283
vt 0.0982818 0.8235094
vt 0.09808963 0.8236278
vt 0.09881979 0.8241107
vt 0.1007694 0.8203044
vt 0.1008223 0.8200701
vt 0.09993737 0.8202637
vt 0.09867668 0.8242879
vt 0.09946489 0.824744
vt 0.09881979 0.8241107
vt 0.1015696 0.8206626
vt 0.1017282 0.8204557
vt 0.1007694 0.8203044
vt 0.09946489 0.824744
vt 0.1004324 0.8249015
vt 0.09954524 0.8245184
vt 0.1015696 0.8206626
vt 0.1021398 0.8213761
vt 0.1017282 0.8204557
vt 0.10041 0.8246418
vt 0.1004324 0.8249015
vt 0.1012763 0.8243422
vt 0.1023465 0.8222613
vt 0.1025888 0.8222502
vt 0.1021398 0.8213761
vt 0.1014183 0.8245698
vt 0.1021268 0.8238572
vt 0.1012763 0.8243422
vt 0.1022693 0.8230303
vt 0.102489 0.8230933
vt 0.1023465 0.8222613
vt 0.1021268 0.8238572
vt 0.102489 0.8230933
vt 0.101931 0.8237189
vt 0.09780257 0.8217314
vt 0.09831881 0.8208126
vt 0.09747505 0.8216374
vt 0.09780257 0.8217314
vt 0.09747505 0.8216374
vt 0.09775364 0.8227854
vt 0.09831881 0.8208126
vt 0.09905719 0.820283
vt 0.09809082 0.820588
vt 0.09775364 0.8227854
vt 0.09744077 0.8228536
vt 0.09808963 0.8236278
vt 0.09905719 0.820283
vt 0.09991031 0.8200365
vt 0.09893172 0.8200074
vt 0.09808963 0.8236278
vt 0.0978375 0.8237927
vt 0.09867668 0.8242879
vt 0.1008223 0.8200701
vt 0.100875 0.8197347
vt 0.09991031 0.8200365
vt 0.09847241 0.8245352
vt 0.0993306 0.8250546
vt 0.09867668 0.8242879
vt 0.1017282 0.8204557
vt 0.101938 0.8201479
vt 0.1008223 0.8200701
vt 0.0993306 0.8250546
vt 0.100445 0.8252728
vt 0.09946489 0.824744
vt 0.1023826 0.8212621
vt 0.1027126 0.8210977
vt 0.1017282 0.8204557
vt 0.100445 0.8252728
vt 0.1016077 0.8248867
vt 0.1004324 0.8249015
vt 0.1025888 0.8222502
vt 0.1028969 0.8222358
vt 0.1023826 0.8212621
vt 0.1016077 0.8248867
vt 0.1023768 0.8240338
vt 0.1014183 0.8245698
vt 0.102489 0.8230933
vt 0.1027613 0.823172
vt 0.1025888 0.8222502
vt 0.1023768 0.8240338
vt 0.1027613 0.823172
vt 0.1021268 0.8238572
vt 0.09747505 0.8216374
vt 0.09809082 0.820588
vt 0.09640109 0.8213288
vt 0.09747505 0.8216374
vt 0.09640109 0.8213288
vt 0.09744077 0.8228536
vt 0.09809082 0.820588
vt 0.09893172 0.8200074
vt 0.0973227 0.8196143
vt 0.09744077 0.8228536
vt 0.09627288 0.8232683
vt 0.0978375 0.8237927
vt 0.09893172 0.8200074
vt 0.09986913 0.8197169
vt 0.09851306 0.8188985
vt 0.0978375 0.8237927
vt 0.096897 0.8245038
vt 0.09847241 0.8245352
vt 0.100875 0.8197347
vt 0.1009289 0.8184903
vt 0.09986913 0.8197169
vt 0.09744179 0.8257057
vt 0.09871333 0.8261296
vt 0.09847241 0.8245352
vt 0.101938 0.8201479
vt 0.1022239 0.8197198
vt 0.100875 0.8197347
vt 0.09871333 0.8261296
vt 0.1004573 0.8257856
vt 0.0993306 0.8250546
vt 0.1027126 0.8210977
vt 0.1030827 0.8209337
vt 0.101938 0.8201479
vt 0.1004573 0.8257856
vt 0.1018305 0.8252239
vt 0.100445 0.8252728
vt 0.1027126 0.8210977
vt 0.1028969 0.8222358
vt 0.1030827 0.8209337
vt 0.1016077 0.8248867
vt 0.1018305 0.8252239
vt 0.1023768 0.8240338
vt 0.1028969 0.8222358
vt 0.1027613 0.823172
vt 0.103381 0.8222574
vt 0.1023768 0.8240338
vt 0.1027943 0.8242742
vt 0.1027613 0.823172
vt 0.09640109 0.8213288
vt 0.0973227 0.8196143
vt 0.09566771 0.8211182
vt 0.09640109 0.8213288
vt 0.09566771 0.8211182
vt 0.09627288 0.8232683
vt 0.0973227 0.8196143
vt 0.09851306 0.8188985
vt 0.09677386 0.8186375
vt 0.09627288 0.8232683
vt 0.09529244 0.8238031
vt 0.096897 0.8245038
vt 0.09962046 0.818168
vt 0.09940528 0.8170582
vt 0.09851306 0.8188985
vt 0.09560716 0.8257377
vt 0.09667325 0.8265244
vt 0.096897 0.8245038
vt 0.1009289 0.8184903
vt 0.1009269 0.8176432
vt 0.09962046 0.818168
vt 0.09667325 0.8265244
vt 0.09826135 0.82684
vt 0.09744179 0.8257057
vt 0.1030827 0.8209337
vt 0.1034244 0.8207649
vt 0.1022239 0.8197198
vt 0.1004438 0.8262513
vt 0.102027 0.8255494
vt 0.1004573 0.8257856
vt 0.1030827 0.8209337
vt 0.103381 0.8222574
vt 0.1034244 0.8207649
vt 0.1018305 0.8252239
vt 0.102027 0.8255494
vt 0.1027943 0.8242742
vt 0.103381 0.8222574
vt 0.103215 0.823304
vt 0.1037436 0.8222666
vt 0.1027943 0.8242742
vt 0.1031038 0.824461
vt 0.103215 0.823304
vt 0.05002701 0.7918882
vt 0.05045169 0.7950311
vt 0.05579179 0.7922591
vt 0.04416829 0.8219637
vt 0.04908096 0.8246286
vt 0.04608505 0.8195286
vt 0.05579179 0.7922591
vt 0.0552293 0.7949966
vt 0.06071978 0.7940266
vt 0.04908096 0.8246286
vt 0.05383205 0.8257705
vt 0.05009424 0.8221289
vt 0.05955731 0.7962689
vt 0.06318247 0.7986449
vt 0.06071978 0.7940266
vt 0.05412101 0.8234232
vt 0.05383205 0.8257705
vt 0.05792731 0.8235769
vt 0.06318247 0.7986449
vt 0.06601923 0.8012059
vt 0.06469577 0.7967988
vt 0.05819654 0.8257142
vt 0.06195503 0.8246815
vt 0.05792731 0.8235769
vt 0.06601923 0.8012059
vt 0.06804877 0.8040758
vt 0.06761592 0.799923
vt 0.06133031 0.8227871
vt 0.06195503 0.8246815
vt 0.06444942 0.8219097
vt 0.06804877 0.8040758
vt 0.06946659 0.8068218
vt 0.06970912 0.8031249
vt 0.06772774 0.8215923
vt 0.06678575 0.8205097
vt 0.06521028 0.8234175
vt 0.07022839 0.809543
vt 0.07172799 0.8092837
vt 0.06946659 0.8068218
vt 0.06772774 0.8215923
vt 0.06958001 0.8195437
vt 0.06678575 0.8205097
vt 0.07048314 0.8121203
vt 0.07192522 0.8121219
vt 0.07022839 0.809543
vt 0.06849002 0.8187367
vt 0.06958001 0.8195437
vt 0.06963306 0.8167161
vt 0.07192522 0.8121219
vt 0.07048314 0.8121203
vt 0.07158559 0.8147622
vt 0.07158559 0.8147622
vt 0.07031357 0.8145029
vt 0.07087576 0.8172455
vt 0.0422883 0.8002728
vt 0.03937214 0.7982682
vt 0.04033917 0.8051256
vt 0.03698623 0.8045391
vt 0.03704696 0.8113699
vt 0.04033917 0.8051256
vt 0.03937214 0.7982682
vt 0.0422883 0.8002728
vt 0.04420071 0.7939034
vt 0.03982186 0.8174868
vt 0.04267448 0.8155786
vt 0.03704696 0.8113699
vt 0.04578149 0.7966412
vt 0.05045169 0.7950311
vt 0.04420071 0.7939034
vt 0.04267448 0.8155786
vt 0.03982186 0.8174868
vt 0.04608505 0.8195286
vt 0.04895246 0.7841781
vt 0.05002701 0.7918882
vt 0.05748963 0.7852291
vt 0.03940719 0.8280299
vt 0.04683476 0.8312147
vt 0.04416829 0.8219637
vt 0.05579179 0.7922591
vt 0.06071978 0.7940266
vt 0.05748963 0.7852291
vt 0.05387938 0.8317364
vt 0.05383205 0.8257705
vt 0.04683476 0.8312147
vt 0.06469577 0.7967988
vt 0.06851649 0.7930872
vt 0.06071978 0.7940266
vt 0.05387938 0.8317364
vt 0.05934071 0.8305479
vt 0.05383205 0.8257705
vt 0.06469577 0.7967988
vt 0.06761592 0.799923
vt 0.06851649 0.7930872
vt 0.06389355 0.8288193
vt 0.06195503 0.8246815
vt 0.05934071 0.8305479
vt 0.06761592 0.799923
vt 0.06970912 0.8031249
vt 0.07167851 0.7973331
vt 0.06195503 0.8246815
vt 0.06389355 0.8288193
vt 0.06521028 0.8234175
vt 0.06970912 0.8031249
vt 0.07101607 0.8062955
vt 0.07354772 0.8014839
vt 0.07050377 0.8237318
vt 0.06772774 0.8215923
vt 0.06742131 0.8265057
vt 0.07101607 0.8062955
vt 0.07172799 0.8092837
vt 0.07484018 0.805756
vt 0.06772774 0.8215923
vt 0.07050377 0.8237318
vt 0.06958001 0.8195437
vt 0.07172799 0.8092837
vt 0.07192522 0.8121219
vt 0.07522916 0.8092502
vt 0.06958001 0.8195437
vt 0.07241523 0.8210568
vt 0.07087576 0.8172455
vt 0.07510775 0.8124227
vt 0.07192522 0.8121219
vt 0.07446807 0.8154056
vt 0.07371151 0.8183243
vt 0.07446807 0.8154056
vt 0.07087576 0.8172455
vt 0.04420071 0.7939034
vt 0.05002701 0.7918882
vt 0.0414955 0.7858586
vt 0.03982186 0.8174868
vt 0.03395497 0.8232303
vt 0.04416829 0.8219637
vt 0.04895246 0.7841781
vt 0.05748963 0.7852291
vt 0.05391103 0.7704253
vt 0.0456351 0.8414903
vt 0.04683476 0.8312147
vt 0.03699219 0.8413558
vt 0.0621066 0.7752188
vt 0.05748963 0.7852291
vt 0.0700348 0.7821916
vt 0.0456351 0.8414903
vt 0.05519253 0.8398982
vt 0.04683476 0.8312147
vt 0.06851649 0.7930872
vt 0.07477414 0.788764
vt 0.06420415 0.7887817
vt 0.05519253 0.8398982
vt 0.06214553 0.8371236
vt 0.05387938 0.8317364
vt 0.06851649 0.7930872
vt 0.07167851 0.7973331
vt 0.07477414 0.788764
vt 0.06726276 0.8336694
vt 0.06389355 0.8288193
vt 0.06214553 0.8371236
vt 0.07354772 0.8014839
vt 0.07867324 0.8001028
vt 0.07167851 0.7973331
vt 0.06726276 0.8336694
vt 0.07085567 0.8300902
vt 0.06389355 0.8288193
vt 0.07354772 0.8014839
vt 0.07484018 0.805756
vt 0.07867324 0.8001028
vt 0.07434034 0.8258307
vt 0.07050377 0.8237318
vt 0.07085567 0.8300902
vt 0.07484018 0.805756
vt 0.07522916 0.8092502
vt 0.07949668 0.8058534
vt 0.07050377 0.8237318
vt 0.07434034 0.8258307
vt 0.07241523 0.8210568
vt 0.07522916 0.8092502
vt 0.07510775 0.8124227
vt 0.07935476 0.809625
vt 0.07241523 0.8210568
vt 0.0760228 0.8226331
vt 0.07371151 0.8183243
vt 0.07510775 0.8124227
vt 0.07446807 0.8154056
vt 0.07888555 0.8130618
vt 0.07822519 0.8163436
vt 0.07446807 0.8154056
vt 0.07724291 0.8195001
vt 0.05391103 0.7704253
vt 0.0621066 0.7752188
vt 0.07628667 0.7568185
vt 0.05074048 0.8605411
vt 0.0456351 0.8414903
vt 0.04752928 0.8628817
vt 0.0621066 0.7752188
vt 0.0700348 0.7821916
vt 0.07782047 0.7608545
vt 0.06238782 0.8526419
vt 0.05519253 0.8398982
vt 0.05074048 0.8605411
vt 0.0700348 0.7821916
vt 0.07477414 0.788764
vt 0.08379507 0.7749132
vt 0.05519253 0.8398982
vt 0.06238782 0.8526419
vt 0.06214553 0.8371236
vt 0.07477414 0.788764
vt 0.07743519 0.7948353
vt 0.08626854 0.7855754
vt 0.07418715 0.8395668
vt 0.06726276 0.8336694
vt 0.06971484 0.8455
vt 0.07867324 0.8001028
vt 0.08683347 0.7993109
vt 0.07743519 0.7948353
vt 0.07418715 0.8395668
vt 0.07710921 0.8347745
vt 0.06726276 0.8336694
vt 0.07867324 0.8001028
vt 0.07949668 0.8058534
vt 0.08683347 0.7993109
vt 0.07987147 0.8281734
vt 0.07434034 0.8258307
vt 0.07710921 0.8347745
vt 0.07949668 0.8058534
vt 0.07935476 0.809625
vt 0.08570319 0.8066741
vt 0.07434034 0.8258307
vt 0.07987147 0.8281734
vt 0.0760228 0.8226331
vt 0.07888555 0.8130618
vt 0.08393788 0.8141423
vt 0.07935476 0.809625
vt 0.08109831 0.8244976
vt 0.08208692 0.8210257
vt 0.0760228 0.8226331
vt 0.08393788 0.8141423
vt 0.07888555 0.8130618
vt 0.08280813 0.8175415
vt 0.08208692 0.8210257
vt 0.08280813 0.8175415
vt 0.07724291 0.8195001
vt 0.1031464 0.7513776
vt 0.07628667 0.7568185
vt 0.1023781 0.7566329
vt 0.06538367 0.8810463
vt 0.06755065 0.8765741
vt 0.04752928 0.8628817
vt 0.07782047 0.7608545
vt 0.08379507 0.7749132
vt 0.1023781 0.7566329
vt 0.07599234 0.8621784
vt 0.06238782 0.8526419
vt 0.06755065 0.8765741
vt 0.08379507 0.7749132
vt 0.08626854 0.7855754
vt 0.101362 0.7743916
vt 0.06238782 0.8526419
vt 0.07599234 0.8621784
vt 0.06971484 0.8455
vt 0.08626854 0.7855754
vt 0.08690327 0.7934185
vt 0.09907019 0.7864326
vt 0.08315604 0.8431074
vt 0.07418715 0.8395668
vt 0.08041042 0.8514346
vt 0.08690327 0.7934185
vt 0.08683347 0.7993109
vt 0.09677839 0.7953104
vt 0.07418715 0.8395668
vt 0.08315604 0.8431074
vt 0.07710921 0.8347745
vt 0.09447652 0.8018914
vt 0.08683347 0.7993109
vt 0.09161388 0.8075847
vt 0.08467727 0.8365527
vt 0.08523797 0.8303902
vt 0.07710921 0.8347745
vt 0.08485609 0.8105795
vt 0.08984178 0.811672
vt 0.08570319 0.8066741
vt 0.08523797 0.8303902
vt 0.08583825 0.826078
vt 0.07987147 0.8281734
vt 0.08393788 0.8141423
vt 0.08846938 0.8152369
vt 0.08485609 0.8105795
vt 0.08583825 0.826078
vt 0.08649522 0.8223715
vt 0.08109831 0.8244976
vt 0.08846938 0.8152369
vt 0.08393788 0.8141423
vt 0.08736765 0.8187821
vt 0.08649522 0.8223715
vt 0.08736765 0.8187821
vt 0.08208692 0.8210257
vt 0.1316468 0.7578748
vt 0.1031464 0.7513776
vt 0.125775 0.7659178
vt 0.09102296 0.8914112
vt 0.09077757 0.8819213
vt 0.06538367 0.8810463
vt 0.1023781 0.7566329
vt 0.101362 0.7743916
vt 0.125775 0.7659178
vt 0.09166413 0.8656862
vt 0.07599234 0.8621784
vt 0.09077757 0.8819213
vt 0.09907019 0.7864326
vt 0.1110265 0.7911853
vt 0.101362 0.7743916
vt 0.09166413 0.8656862
vt 0.09254688 0.8539323
vt 0.07599234 0.8621784
vt 0.1110265 0.7911853
vt 0.09907019 0.7864326
vt 0.1016066 0.7974987
vt 0.09254688 0.8539323
vt 0.08821874 0.8438473
vt 0.08041042 0.8514346
vt 0.09447652 0.8018914
vt 0.09161388 0.8075847
vt 0.09768426 0.8039374
vt 0.08784574 0.8306423
vt 0.08523797 0.8303902
vt 0.08837383 0.8365303
vt 0.08984178 0.811672
vt 0.09238934 0.8121039
vt 0.09161388 0.8075847
vt 0.08784574 0.8306423
vt 0.08819526 0.8270179
vt 0.08523797 0.8303902
vt 0.08846938 0.8152369
vt 0.09123384 0.8158684
vt 0.08984178 0.811672
vt 0.08819526 0.8270179
vt 0.08916419 0.8232532
vt 0.08583825 0.826078
vt 0.09123384 0.8158684
vt 0.08846938 0.8152369
vt 0.09019994 0.8195698
vt 0.08916419 0.8232532
vt 0.09019994 0.8195698
vt 0.08649522 0.8223715
vt 0.1459746 0.7682508
vt 0.1316468 0.7578748
vt 0.1351981 0.7760615
vt 0.1079896 0.8911688
vt 0.1037518 0.879056
vt 0.09102296 0.8914112
vt 0.125775 0.7659178
vt 0.1170207 0.7804915
vt 0.1351981 0.7760615
vt 0.100785 0.8655081
vt 0.09166413 0.8656862
vt 0.1037518 0.879056
vt 0.1147868 0.7998689
vt 0.1110265 0.7911853
vt 0.1057157 0.8004144
vt 0.1002264 0.8489236
vt 0.09310013 0.8436426
vt 0.09254688 0.8539323
vt 0.1592264 0.7822494
vt 0.1459746 0.7682508
vt 0.1401748 0.7876463
vt 0.1263214 0.8874811
vt 0.1140912 0.8725769
vt 0.1079896 0.8911688
vt 0.1351981 0.7760615
vt 0.1247433 0.7859288
vt 0.1401748 0.7876463
vt 0.1094116 0.8627164
vt 0.100785 0.8655081
vt 0.1140912 0.8725769
vt 0.1147868 0.7998689
vt 0.1229001 0.8004017
vt 0.1247433 0.7859288
vt 0.1094116 0.8627164
vt 0.1071463 0.8528711
vt 0.100785 0.8655081
vt 0.1592264 0.7822494
vt 0.1401748 0.7876463
vt 0.1540282 0.794488
vt 0.120009 0.8674091
vt 0.1140912 0.8725769
vt 0.1290109 0.8747965
vt 0.1401748 0.7876463
vt 0.1304802 0.7933017
vt 0.1421651 0.7954593
vt 0.1152564 0.8600976
vt 0.1094116 0.8627164
vt 0.120009 0.8674091
vt 0.1229001 0.8004017
vt 0.1292667 0.8021895
vt 0.1304802 0.7933017
vt 0.1152564 0.8600976
vt 0.1132956 0.8548754
vt 0.1094116 0.8627164
vt 0.1538618 0.8152
vt 0.1520531 0.8042949
vt 0.1454073 0.8069572
vt 0.1405107 0.8579711
vt 0.1290186 0.8599245
vt 0.1329103 0.8657949
vt 0.1454073 0.8069572
vt 0.1440435 0.8028371
vt 0.1400138 0.8078403
vt 0.1290186 0.8599245
vt 0.1251335 0.8562062
vt 0.1256194 0.8625002
vt 0.1345867 0.806331
vt 0.136841 0.8088806
vt 0.1373244 0.8045747
vt 0.1251335 0.8562062
vt 0.1231299 0.8536004
vt 0.1211405 0.8573667
vt 0.1710156 0.8266909
vt 0.1605499 0.8305166
vt 0.1699543 0.8438063
vt 0.159355 0.8404635
vt 0.1546469 0.8492826
vt 0.1699543 0.8438063
vt 0.1605499 0.8305166
vt 0.1710156 0.8266909
vt 0.1584033 0.8215634
vt 0.1546469 0.8492826
vt 0.1478043 0.8553628
vt 0.1609925 0.8583687
vt 0.1520531 0.8042949
vt 0.1538618 0.8152
vt 0.1634668 0.811679
vt 0.1478043 0.8553628
vt 0.1405107 0.8579711
vt 0.146313 0.8662528
vt 0.1526234 0.8220113
vt 0.1538618 0.8152
vt 0.1482318 0.8187815
vt 0.1433473 0.8517269
vt 0.1379435 0.851887
vt 0.1405107 0.8579711
vt 0.1482318 0.8187815
vt 0.1454073 0.8069572
vt 0.1433941 0.8169712
vt 0.1379435 0.851887
vt 0.13298 0.8506512
vt 0.1290186 0.8599245
vt 0.136841 0.8088806
vt 0.1395214 0.8162963
vt 0.1400138 0.8078403
vt 0.13298 0.8506512
vt 0.1294394 0.8490404
vt 0.1251335 0.8562062
vt 0.1605499 0.8305166
vt 0.156017 0.8328038
vt 0.159355 0.8404635
vt 0.1550034 0.8390968
vt 0.1522439 0.8448309
vt 0.159355 0.8404635
vt 0.156017 0.8328038
vt 0.1605499 0.8305166
vt 0.1552817 0.8268413
vt 0.1522439 0.8448309
vt 0.148253 0.8492889
vt 0.1546469 0.8492826
vt 0.1538618 0.8152
vt 0.1526234 0.8220113
vt 0.1584033 0.8215634
vt 0.148253 0.8492889
vt 0.1433473 0.8517269
vt 0.1478043 0.8553628
vt 0.1118558 0.8229526
vt 0.1127445 0.8225705
vt 0.111796 0.8226376
vt 0.1100138 0.8285231
vt 0.110468 0.8292367
vt 0.1102426 0.8282956
vt 0.1109771 0.8226224
vt 0.1109037 0.8229306
vt 0.111796 0.8226376
vt 0.1102426 0.8282956
vt 0.109448 0.8277796
vt 0.1100138 0.8285231
vt 0.1109771 0.8226224
vt 0.110244 0.8222777
vt 0.1109037 0.8229306
vt 0.1093378 0.8280736
vt 0.109448 0.8277796
vt 0.1085507 0.8279592
vt 0.110244 0.8222777
vt 0.1097167 0.8216814
vt 0.1100558 0.8225256
vt 0.1085276 0.8276534
vt 0.107654 0.827908
vt 0.1085507 0.8279592
vt 0.1094657 0.8209467
vt 0.1091796 0.8209873
vt 0.1097167 0.8216814
vt 0.107654 0.827908
vt 0.1069673 0.8284687
vt 0.1077956 0.8281755
vt 0.1094657 0.8209467
vt 0.1094903 0.8202005
vt 0.1091796 0.8209873
vt 0.1069673 0.8284687
vt 0.1065355 0.8291896
vt 0.1071853 0.8286592
vt 0.1097631 0.8195414
vt 0.1095413 0.8193942
vt 0.1094903 0.8202005
vt 0.1067903 0.8292847
vt 0.1065355 0.8291896
vt 0.1066699 0.8299721
vt 0.1102327 0.8190443
vt 0.1100834 0.818838
vt 0.1097631 0.8195414
vt 0.1066699 0.8299721
vt 0.1064084 0.8299789
vt 0.1068109 0.8306352
vt 0.1108406 0.8187546
vt 0.1107722 0.8185062
vt 0.1102327 0.8190443
vt 0.1068109 0.8306352
vt 0.106575 0.830732
vt 0.107181 0.8312121
vt 0.1115516 0.8187126
vt 0.1115752 0.8184348
vt 0.1108406 0.8187546
vt 0.1069819 0.8313878
vt 0.1076126 0.8319032
vt 0.107181 0.8312121
vt 0.1115516 0.8187126
vt 0.1122689 0.8189063
vt 0.1115752 0.8184348
vt 0.1077483 0.8316588
vt 0.1076126 0.8319032
vt 0.1084618 0.8319005
vt 0.1122689 0.8189063
vt 0.1128781 0.8193748
vt 0.1123957 0.8186446
vt 0.1084179 0.8321897
vt 0.1092991 0.8321544
vt 0.1084618 0.8319005
vt 0.1128781 0.8193748
vt 0.1132777 0.820071
vt 0.1131063 0.8191715
vt 0.109228 0.8318648
vt 0.1092991 0.8321544
vt 0.1099193 0.8315172
vt 0.1132777 0.820071
vt 0.1133722 0.8208883
vt 0.1135784 0.8199692
vt 0.1099193 0.8315172
vt 0.1101104 0.8317579
vt 0.110417 0.8308926
vt 0.1133722 0.8208883
vt 0.1131309 0.8216895
vt 0.1136929 0.8209161
vt 0.110417 0.8308926
vt 0.1106975 0.8310355
vt 0.1106166 0.8300858
vt 0.1131309 0.8216895
vt 0.11256 0.822306
vt 0.1134209 0.8218545
vt 0.1109536 0.8300989
vt 0.1107746 0.8291162
vt 0.1106166 0.8300858
vt 0.1092193 0.820138
vt 0.1087419 0.8200174
vt 0.1091796 0.8209873
vt 0.1063281 0.8280083
vt 0.1060757 0.8290335
vt 0.1069673 0.8284687
vt 0.1095413 0.8193942
vt 0.1093199 0.8192444
vt 0.1092193 0.820138
vt 0.1060757 0.8290335
vt 0.1061444 0.829987
vt 0.1065355 0.8291896
vt 0.1095413 0.8193942
vt 0.1100834 0.818838
vt 0.1093199 0.8192444
vt 0.1064084 0.8299789
vt 0.1061444 0.829987
vt 0.106575 0.830732
vt 0.1107722 0.8185062
vt 0.1106866 0.8182268
vt 0.1100834 0.818838
vt 0.1063078 0.8308402
vt 0.1067548 0.8315779
vt 0.106575 0.830732
vt 0.1115752 0.8184348
vt 0.1115775 0.8181212
vt 0.1107722 0.8185062
vt 0.1067548 0.8315779
vt 0.1074399 0.8321656
vt 0.1069819 0.8313878
vt 0.1123957 0.8186446
vt 0.1125254 0.8183395
vt 0.1115752 0.8184348
vt 0.1074399 0.8321656
vt 0.1083546 0.8325151
vt 0.1076126 0.8319032
vt 0.1131063 0.8191715
vt 0.1133443 0.8189301
vt 0.1123957 0.8186446
vt 0.1083546 0.8325151
vt 0.1093602 0.8324823
vt 0.1084179 0.8321897
vt 0.1135784 0.8199692
vt 0.1138657 0.8198547
vt 0.1131063 0.8191715
vt 0.1093602 0.8324823
vt 0.1102852 0.8320045
vt 0.1092991 0.8321544
vt 0.1136929 0.8209161
vt 0.1139923 0.8209243
vt 0.1135784 0.8199692
vt 0.1102852 0.8320045
vt 0.1109519 0.8311851
vt 0.1101104 0.8317579
vt 0.1136929 0.8209161
vt 0.1134209 0.8218545
vt 0.1139923 0.8209243
vt 0.1106975 0.8310355
vt 0.1109519 0.8311851
vt 0.1109536 0.8300989
vt 0.1087419 0.8200174
vt 0.1085575 0.8199623
vt 0.1083921 0.8210242
vt 0.1061015 0.8278323
vt 0.1058924 0.8289806
vt 0.1063281 0.8280083
vt 0.1093199 0.8192444
vt 0.1091603 0.8191287
vt 0.1087419 0.8200174
vt 0.1058924 0.8289806
vt 0.1059494 0.8299989
vt 0.1060757 0.8290335
vt 0.1093199 0.8192444
vt 0.109916 0.8186048
vt 0.1091603 0.8191287
vt 0.1061444 0.829987
vt 0.1059494 0.8299989
vt 0.1063078 0.8308402
vt 0.109916 0.8186048
vt 0.1106866 0.8182268
vt 0.1097863 0.8184205
vt 0.1063078 0.8308402
vt 0.1060995 0.8309261
vt 0.1067548 0.8315779
vt 0.1106866 0.8182268
vt 0.1115775 0.8181212
vt 0.1106128 0.8179867
vt 0.1067548 0.8315779
vt 0.1065604 0.8317392
vt 0.1074399 0.8321656
vt 0.1115775 0.8181212
vt 0.1125254 0.8183395
vt 0.111602 0.8178573
vt 0.1074399 0.8321656
vt 0.1073134 0.8323995
vt 0.1083546 0.8325151
vt 0.1133443 0.8189301
vt 0.1135503 0.8187437
vt 0.1125254 0.8183395
vt 0.1082978 0.8328022
vt 0.1094275 0.8327488
vt 0.1083546 0.8325151
vt 0.1133443 0.8189301
vt 0.1138657 0.8198547
vt 0.1135503 0.8187437
vt 0.1093602 0.8324823
vt 0.1094275 0.8327488
vt 0.1102852 0.8320045
vt 0.1139923 0.8209243
vt 0.1142977 0.8209498
vt 0.1138657 0.8198547
vt 0.1104919 0.8322592
vt 0.1112201 0.831325
vt 0.1102852 0.8320045
vt 0.1139923 0.8209243
vt 0.113744 0.8220367
vt 0.1142977 0.8209498
vt 0.1109519 0.8311851
vt 0.1112201 0.831325
vt 0.1113271 0.8301176
vt 0.1085575 0.8199623
vt 0.1083973 0.819901
vt 0.1081047 0.8210487
vt 0.1059591 0.8277451
vt 0.105726 0.8289457
vt 0.1061015 0.8278323
vt 0.1091603 0.8191287
vt 0.1090174 0.8190007
vt 0.1085575 0.8199623
vt 0.105726 0.8289457
vt 0.1057614 0.8300298
vt 0.1058924 0.8289806
vt 0.1091603 0.8191287
vt 0.1097863 0.8184205
vt 0.1090174 0.8190007
vt 0.1059494 0.8299989
vt 0.1057614 0.8300298
vt 0.1060995 0.8309261
vt 0.1097863 0.8184205
vt 0.1106128 0.8179867
vt 0.1093283 0.81766
vt 0.1060995 0.8309261
vt 0.105305 0.8313194
vt 0.1065604 0.8317392
vt 0.1106128 0.8179867
vt 0.111602 0.8178573
vt 0.1099133 0.815824
vt 0.1065604 0.8317392
vt 0.1048006 0.83317
vt 0.1073134 0.8323995
vt 0.1126382 0.8180694
vt 0.1132423 0.8153201
vt 0.111602 0.8178573
vt 0.1056742 0.8344411
vt 0.1072956 0.8354022
vt 0.1073134 0.8323995
vt 0.1135503 0.8187437
vt 0.1147378 0.8172924
vt 0.1126382 0.8180694
vt 0.1072956 0.8354022
vt 0.1096115 0.834588
vt 0.1082978 0.8328022
vt 0.1141836 0.8197516
vt 0.1153807 0.8192069
vt 0.1135503 0.8187437
vt 0.1096115 0.834588
vt 0.1111854 0.8333533
vt 0.1094275 0.8327488
vt 0.1142977 0.8209498
vt 0.1148372 0.820963
vt 0.1141836 0.8197516
vt 0.1111854 0.8333533
vt 0.1116766 0.8316013
vt 0.1104919 0.8322592
vt 0.1140418 0.8221868
vt 0.114502 0.8223412
vt 0.1142977 0.8209498
vt 0.1116766 0.8316013
vt 0.1121306 0.8302694
vt 0.1112201 0.831325
vt 0.03698623 0.8045391
vt 0.03937214 0.7982682
vt 0.03568583 0.804307
vt 0.03467923 0.8119305
vt 0.03704696 0.8113699
vt 0.03568583 0.804307
vt 0.03937214 0.7982682
vt 0.04420071 0.7939034
vt 0.03742092 0.7968615
vt 0.03395497 0.8232303
vt 0.03982186 0.8174868
vt 0.03467923 0.8119305
vt 0.1130084 0.8126568
vt 0.1132423 0.8153201
vt 0.1156623 0.8157965
vt 0.1056568 0.8374764
vt 0.1095597 0.8363262
vt 0.1072956 0.8354022
vt 0.1156623 0.8157965
vt 0.1147378 0.8172924
vt 0.116992 0.8186303
vt 0.1095597 0.8363262
vt 0.112204 0.8347049
vt 0.1096115 0.834588
vt 0.1083973 0.819901
vt 0.1090174 0.8190007
vt 0.1077289 0.8195137
vt 0.1047406 0.830318
vt 0.1057614 0.8300298
vt 0.1049606 0.8289108
vt 0.1090174 0.8190007
vt 0.1093283 0.81766
vt 0.1083076 0.8182017
vt 0.1041208 0.8318892
vt 0.105305 0.8313194
vt 0.1047406 0.830318
vt 0.1148372 0.820963
vt 0.114502 0.8223412
vt 0.1177704 0.821326
vt 0.1159886 0.8306562
vt 0.1121306 0.8302694
vt 0.114314 0.832891
vt 0.116992 0.8186303
vt 0.1153807 0.8192069
vt 0.1177704 0.821326
vt 0.112204 0.8347049
vt 0.114314 0.832891
vt 0.1111854 0.8333533
vt 0.1127445 0.8225705
vt 0.1118558 0.8229526
vt 0.1123583 0.8239921
vt 0.1107746 0.8291162
vt 0.1112377 0.8277075
vt 0.1102426 0.8282956
vt 0.1123583 0.8239921
vt 0.1115642 0.8242214
vt 0.1117961 0.8258479
vt 0.1112377 0.8277075
vt 0.1117961 0.8258479
vt 0.1107044 0.8270765
vt 0.1118558 0.8229526
vt 0.1109037 0.8229306
vt 0.1115642 0.8242214
vt 0.1102426 0.8282956
vt 0.1107044 0.8270765
vt 0.109448 0.8277796
vt 0.1115642 0.8242214
vt 0.1105816 0.8241489
vt 0.1111844 0.8256638
vt 0.1107044 0.8270765
vt 0.1111844 0.8256638
vt 0.1098484 0.8265942
vt 0.1100558 0.8225256
vt 0.1096875 0.8237997
vt 0.1109037 0.8229306
vt 0.1098484 0.8265942
vt 0.1089137 0.8263947
vt 0.109448 0.8277796
vt 0.1096875 0.8237997
vt 0.1092961 0.8250973
vt 0.1105816 0.8241489
vt 0.1102285 0.8253766
vt 0.1092961 0.8250973
vt 0.1098484 0.8265942
vt 0.1094523 0.8218305
vt 0.1089987 0.8233151
vt 0.1100558 0.8225256
vt 0.1089137 0.8263947
vt 0.108076 0.8264232
vt 0.1085276 0.8276534
vt 0.1089987 0.8233151
vt 0.1085004 0.8248599
vt 0.1096875 0.8237997
vt 0.1092961 0.8250973
vt 0.1085004 0.8248599
vt 0.1089137 0.8263947
vt 0.1091796 0.8209873
vt 0.1086179 0.82278
vt 0.1094523 0.8218305
vt 0.108076 0.8264232
vt 0.1074687 0.8266634
vt 0.107654 0.827908
vt 0.1086179 0.82278
vt 0.107771 0.8246432
vt 0.1089987 0.8233151
vt 0.1085004 0.8248599
vt 0.107771 0.8246432
vt 0.108076 0.8264232
vt 0.1134209 0.8218545
vt 0.1127445 0.8225705
vt 0.1125835 0.8238316
vt 0.1109536 0.8300989
vt 0.1113373 0.8279667
vt 0.1107746 0.8291162
vt 0.114502 0.8223412
vt 0.1135634 0.8242423
vt 0.1179449 0.8241295
vt 0.1170513 0.8286089
vt 0.1123847 0.8281626
vt 0.1159886 0.8306562
vt 0.1135634 0.8242423
vt 0.1127465 0.8261338
vt 0.1177051 0.8264296
vt 0.1174405 0.8275384
vt 0.1127465 0.8261338
vt 0.1170513 0.8286089
vt 0.114502 0.8223412
vt 0.1140418 0.8221868
vt 0.1135634 0.8242423
vt 0.1121306 0.8302694
vt 0.1123847 0.8281626
vt 0.1116599 0.8301513
vt 0.1135634 0.8242423
vt 0.1131582 0.8240864
vt 0.1127465 0.8261338
vt 0.1123847 0.8281626
vt 0.1127465 0.8261338
vt 0.1119596 0.8280702
vt 0.113744 0.8220367
vt 0.1128629 0.8239638
vt 0.1140418 0.8221868
vt 0.1119596 0.8280702
vt 0.1116446 0.8280102
vt 0.1116599 0.8301513
vt 0.1131582 0.8240864
vt 0.1128629 0.8239638
vt 0.1123585 0.8260171
vt 0.1119596 0.8280702
vt 0.1123585 0.8260171
vt 0.1116446 0.8280102
vt 0.1134209 0.8218545
vt 0.1125835 0.8238316
vt 0.113744 0.8220367
vt 0.1116446 0.8280102
vt 0.1113373 0.8279667
vt 0.1113271 0.8301176
vt 0.1128629 0.8239638
vt 0.1125835 0.8238316
vt 0.1120454 0.825923
vt 0.1116446 0.8280102
vt 0.1120454 0.825923
vt 0.1113373 0.8279667
vt 0.1079366 0.8210444
vt 0.1083973 0.819901
vt 0.1072172 0.8207346
vt 0.1049606 0.8289108
vt 0.105726 0.8289457
vt 0.1051903 0.8276157
vt 0.107771 0.8246432
vt 0.1081942 0.8224512
vt 0.1075364 0.8245738
vt 0.1066725 0.8265743
vt 0.1069357 0.8267087
vt 0.1075364 0.8245738
vt 0.1075364 0.8245738
vt 0.1078994 0.8224209
vt 0.1072275 0.8244825
vt 0.1063952 0.8264282
vt 0.1066725 0.8265743
vt 0.1072275 0.8244825
vt 0.1072275 0.8244825
vt 0.1075863 0.8223927
vt 0.1067633 0.8243453
vt 0.1060326 0.8262802
vt 0.1063952 0.8264282
vt 0.1067633 0.8243453
vt 0.1083921 0.8210242
vt 0.1081047 0.8210487
vt 0.1081942 0.8224512
vt 0.1066725 0.8265743
vt 0.1061015 0.8278323
vt 0.1069357 0.8267087
vt 0.1081047 0.8210487
vt 0.1079366 0.8210444
vt 0.1078994 0.8224209
vt 0.1063952 0.8264282
vt 0.1059591 0.8277451
vt 0.1066725 0.8265743
vt 0.1075863 0.8223927
vt 0.1079366 0.8210444
vt 0.1072004 0.8223198
vt 0.1063952 0.8264282
vt 0.1060326 0.8262802
vt 0.1059591 0.8277451
vt 0.1086179 0.82278
vt 0.1091796 0.8209873
vt 0.1081942 0.8224512
vt 0.1074687 0.8266634
vt 0.1069357 0.8267087
vt 0.1069673 0.8284687
vt 0.1066184 0.8221744
vt 0.106189 0.8241759
vt 0.1072004 0.8223198
vt 0.1067633 0.8243453
vt 0.106189 0.8241759
vt 0.1060326 0.8262802
vt 0.1037663 0.8205882
vt 0.1034244 0.8207649
vt 0.1042759 0.8220993
vt 0.1022194 0.8258815
vt 0.1034605 0.8248874
vt 0.102027 0.8255494
vt 0.1028341 0.8189356
vt 0.1024633 0.8193179
vt 0.1037663 0.8205882
vt 0.1005511 0.8267705
vt 0.1022194 0.8258815
vt 0.1004438 0.8262513
vt 0.09940528 0.8170582
vt 0.1009269 0.8176432
vt 0.09947341 0.8167493
vt 0.09829878 0.8272465
vt 0.09826135 0.82684
vt 0.09656697 0.8268198
vt 0.09807467 0.8171573
vt 0.09940528 0.8170582
vt 0.09807193 0.8168568
vt 0.09656697 0.8268198
vt 0.09667325 0.8265244
vt 0.09544616 0.825989
vt 0.1113469 0.8152338
vt 0.1108058 0.8133972
vt 0.1099133 0.815824
vt 0.1030343 0.8341846
vt 0.1042314 0.8356711
vt 0.1048006 0.83317
vt 0.1108058 0.8133972
vt 0.1089234 0.8105507
vt 0.1089746 0.8139966
vt 0.09758955 0.8354447
vt 0.1011412 0.8370175
vt 0.1030343 0.8341846
vt 0.1099133 0.815824
vt 0.1089746 0.8139966
vt 0.1086383 0.8165344
vt 0.102297 0.8326304
vt 0.1030343 0.8341846
vt 0.1041208 0.8318892
vt 0.1089746 0.8139966
vt 0.1050291 0.8099391
vt 0.1074977 0.8149098
vt 0.09588325 0.8335127
vt 0.09758955 0.8354447
vt 0.102297 0.8326304
vt 0.1029314 0.815124
vt 0.09993851 0.813245
vt 0.1017025 0.8162897
vt 0.09525376 0.8281947
vt 0.09510689 0.8299975
vt 0.09819293 0.8283869
vt 0.1044645 0.8145042
vt 0.1009252 0.8119305
vt 0.1029314 0.815124
vt 0.09510689 0.8299975
vt 0.09523653 0.8316133
vt 0.09860122 0.8300154
vt 0.1060678 0.8144554
vt 0.1019139 0.8110415
vt 0.1044645 0.8145042
vt 0.09523653 0.8316133
vt 0.09558969 0.8328754
vt 0.09955155 0.8313495
vt 0.1074977 0.8149098
vt 0.1025127 0.8106568
vt 0.1060678 0.8144554
vt 0.102297 0.8326304
vt 0.1008631 0.8322458
vt 0.09588325 0.8335127
vt 0.1484801 0.8217786
vt 0.1482318 0.8187815
vt 0.1443318 0.8213717
vt 0.1398331 0.8495804
vt 0.1362128 0.8475801
vt 0.1379435 0.851887
vt 0.1443318 0.8213717
vt 0.1433941 0.8169712
vt 0.1403597 0.8207868
vt 0.1362128 0.8475801
vt 0.1326327 0.8458334
vt 0.13298 0.8506512
vt 0.1485779 0.826113
vt 0.1484801 0.8217786
vt 0.1446107 0.8254253
vt 0.1423582 0.8460904
vt 0.1387202 0.8444168
vt 0.1398331 0.8495804
vt 0.1446107 0.8254253
vt 0.1443318 0.8213717
vt 0.1405268 0.8250333
vt 0.1387202 0.8444168
vt 0.1351489 0.8424435
vt 0.1362128 0.8475801
vt 0.1486586 0.8309272
vt 0.1485779 0.826113
vt 0.1442665 0.8298982
vt 0.145148 0.8421904
vt 0.1409596 0.8405516
vt 0.1423582 0.8460904
vt 0.1442665 0.8298982
vt 0.1446107 0.8254253
vt 0.1401782 0.8291038
vt 0.1409596 0.8405516
vt 0.1371497 0.838901
vt 0.1387202 0.8444168
vt 0.1476668 0.8368015
vt 0.1486586 0.8309272
vt 0.1429894 0.8353461
vt 0.1476668 0.8368015
vt 0.1429894 0.8353461
vt 0.145148 0.8421904
vt 0.1429894 0.8353461
vt 0.1442665 0.8298982
vt 0.1392735 0.8341945
vt 0.1429894 0.8353461
vt 0.1392735 0.8341945
vt 0.1409596 0.8405516
vt 0.1015919 0.8096265
vt 0.1025127 0.8106568
vt 0.1038147 0.8086346
vt 0.09457433 0.8338805
vt 0.09589082 0.8358788
vt 0.09588325 0.8335127
vt 0.1038147 0.8086346
vt 0.1050291 0.8099391
vt 0.1079733 0.8084361
vt 0.09589082 0.8358788
vt 0.09922361 0.8382569
vt 0.09758955 0.8354447
vt 0.1079733 0.8084361
vt 0.1089234 0.8105507
vt 0.1132073 0.809903
vt 0.09922361 0.8382569
vt 0.1043342 0.8398568
vt 0.1011412 0.8370175
vt 0.1132073 0.809903
vt 0.1130084 0.8126568
vt 0.1175642 0.8132495
vt 0.1043342 0.8398568
vt 0.1097421 0.8394575
vt 0.1056568 0.8374764
vt 0.1175642 0.8132495
vt 0.1156623 0.8157965
vt 0.1199265 0.817469
vt 0.1097421 0.8394575
vt 0.1139932 0.8372621
vt 0.1095597 0.8363262
vt 0.1177704 0.821326
vt 0.1179449 0.8241295
vt 0.1200827 0.8212593
vt 0.1173765 0.8306569
vt 0.1159886 0.8306562
vt 0.1161957 0.8342092
vt 0.1199265 0.817469
vt 0.116992 0.8186303
vt 0.1200827 0.8212593
vt 0.1139932 0.8372621
vt 0.1161957 0.8342092
vt 0.112204 0.8347049
vt 0.1177051 0.8264296
vt 0.1174405 0.8275384
vt 0.1182157 0.8270602
vt 0.1180052 0.8277079
vt 0.1174405 0.8275384
vt 0.1178237 0.8283641
vt 0.1179449 0.8241295
vt 0.1177051 0.8264296
vt 0.1191079 0.8248953
vt 0.1178237 0.8283641
vt 0.1170513 0.8286089
vt 0.1173765 0.8306569
vt 0.09993851 0.813245
vt 0.09874683 0.8126884
vt 0.09909141 0.8148678
vt 0.09409081 0.8277594
vt 0.09381914 0.8298354
vt 0.09525376 0.8281947
vt 0.1009252 0.8119305
vt 0.09967333 0.8113675
vt 0.09993851 0.813245
vt 0.09381914 0.8298354
vt 0.09389764 0.831423
vt 0.09510689 0.8299975
vt 0.1019139 0.8110415
vt 0.1007741 0.8101904
vt 0.1009252 0.8119305
vt 0.09389764 0.831423
vt 0.09419333 0.832981
vt 0.09523653 0.8316133
vt 0.1025127 0.8106568
vt 0.1015919 0.8096265
vt 0.1019139 0.8110415
vt 0.09419333 0.832981
vt 0.09457433 0.8338805
vt 0.09558969 0.8328754
vt 0.1011776 0.8173175
vt 0.1017025 0.8162897
vt 0.09947341 0.8167493
vt 0.09525376 0.8281947
vt 0.09819293 0.8283869
vt 0.09656697 0.8268198
vt 0.09947341 0.8167493
vt 0.09909141 0.8148678
vt 0.09807193 0.8168568
vt 0.09409081 0.8277594
vt 0.09525376 0.8281947
vt 0.09544616 0.825989
vt 0.1552817 0.8268413
vt 0.1526234 0.8220113
vt 0.1485779 0.826113
vt 0.148253 0.8492889
vt 0.1423582 0.8460904
vt 0.1433473 0.8517269
vt 0.156017 0.8328038
vt 0.1552817 0.8268413
vt 0.1486586 0.8309272
vt 0.1423582 0.8460904
vt 0.148253 0.8492889
vt 0.145148 0.8421904
vt 0.1550034 0.8390968
vt 0.156017 0.8328038
vt 0.1476668 0.8368015
vt 0.145148 0.8421904
vt 0.1522439 0.8448309
vt 0.1476668 0.8368015
vt 0.1077289 0.8195137
vt 0.1083076 0.8182017
vt 0.1072849 0.8191911
vt 0.1042358 0.8301176
vt 0.1047406 0.830318
vt 0.1044164 0.8289421
vt 0.1077711 0.818097
vt 0.1083076 0.8182017
vt 0.1078763 0.8168753
vt 0.1042358 0.8301176
vt 0.1036677 0.8311951
vt 0.1047406 0.830318
vt 0.1072172 0.8207346
vt 0.1077289 0.8195137
vt 0.1066631 0.8204736
vt 0.1044164 0.8289421
vt 0.1049606 0.8289108
vt 0.1045862 0.8275354
vt 0.1066184 0.8221744
vt 0.1072172 0.8207346
vt 0.1063001 0.8217467
vt 0.1045862 0.8275354
vt 0.1051903 0.8276157
vt 0.1049685 0.8262738
vt 0.1033598 0.8157151
vt 0.1029314 0.815124
vt 0.1022834 0.8166848
vt 0.09927397 0.8297493
vt 0.09888941 0.8283647
vt 0.09860122 0.8300154
vt 0.1046656 0.8151782
vt 0.1044645 0.8145042
vt 0.1033598 0.8157151
vt 0.1000788 0.8308939
vt 0.09927397 0.8297493
vt 0.09955155 0.8313495
vt 0.105934 0.815162
vt 0.1060678 0.8144554
vt 0.1046656 0.8151782
vt 0.1011288 0.8315847
vt 0.1000788 0.8308939
vt 0.1008631 0.8322458
vt 0.1086383 0.8165344
vt 0.1074977 0.8149098
vt 0.1078763 0.8168753
vt 0.1021257 0.8315847
vt 0.102297 0.8326304
vt 0.1036677 0.8311951
vt 0.1074977 0.8149098
vt 0.1060678 0.8144554
vt 0.1067812 0.8157046
vt 0.1011288 0.8315847
vt 0.1008631 0.8322458
vt 0.1021257 0.8315847
vt 0.1061097 0.8224575
vt 0.1066184 0.8221744
vt 0.1059147 0.8221014
vt 0.1051926 0.825575
vt 0.1048368 0.8257685
vt 0.1054662 0.8260872
vt 0.1042759 0.8220993
vt 0.1042408 0.8225576
vt 0.1059147 0.8221014
vt 0.1051926 0.825575
vt 0.1036777 0.8244837
vt 0.1048368 0.8257685
vt 0.1042408 0.8225576
vt 0.104147 0.8235761
vt 0.1061097 0.8224575
vt 0.1036777 0.8244837
vt 0.1051926 0.825575
vt 0.104147 0.8235761
vt 0.1037436 0.8222666
vt 0.1036085 0.8234187
vt 0.1042408 0.8225576
vt 0.104147 0.8235761
vt 0.1036085 0.8234187
vt 0.1036777 0.8244837
vt 0.1011776 0.8173175
vt 0.1009269 0.8176432
vt 0.1015921 0.8177076
vt 0.09829878 0.8272465
vt 0.09885388 0.8271395
vt 0.09826135 0.82684
vt 0.1012807 0.8180064
vt 0.1024633 0.8193179
vt 0.1015921 0.8177076
vt 0.1005511 0.8267705
vt 0.1004438 0.8262513
vt 0.09885388 0.8271395
vt 0.1017025 0.8162897
vt 0.1011776 0.8173175
vt 0.1022834 0.8166848
vt 0.09819293 0.8283869
vt 0.09888941 0.8283647
vt 0.09829878 0.8272465
vt 0.1040402 0.8204675
vt 0.1037663 0.8205882
vt 0.1045271 0.8216752
vt 0.1023845 0.82613
vt 0.1034429 0.8253785
vt 0.1022194 0.8258815
vt 0.1028341 0.8189356
vt 0.1037663 0.8205882
vt 0.1031374 0.8188499
vt 0.1023845 0.82613
vt 0.1022194 0.8258815
vt 0.1007599 0.8270046
vt 0.1068835 0.81939
vt 0.1072849 0.8191911
vt 0.1071651 0.8184701
vt 0.1041877 0.8285602
vt 0.1039294 0.8294806
vt 0.1044164 0.8289421
vt 0.1071651 0.8184701
vt 0.1077711 0.818097
vt 0.1069885 0.8173394
vt 0.1039294 0.8294806
vt 0.1031751 0.830331
vt 0.1042358 0.8301176
vt 0.1063967 0.8204663
vt 0.1066631 0.8204736
vt 0.1068835 0.81939
vt 0.1043593 0.8273982
vt 0.1041877 0.8285602
vt 0.1045862 0.8275354
vt 0.1063001 0.8217467
vt 0.1066631 0.8204736
vt 0.1060974 0.8215353
vt 0.1043593 0.8273982
vt 0.1045862 0.8275354
vt 0.1046848 0.8263417
vt 0.1033598 0.8157151
vt 0.1022834 0.8166848
vt 0.1034767 0.8163747
vt 0.09944152 0.8281721
vt 0.09888941 0.8283647
vt 0.09972316 0.8292598
vt 0.1046656 0.8151782
vt 0.1033598 0.8157151
vt 0.1044836 0.8160699
vt 0.09972316 0.8292598
vt 0.09927397 0.8297493
vt 0.1004026 0.8300518
vt 0.105934 0.815162
vt 0.1046656 0.8151782
vt 0.1054018 0.8161285
vt 0.1004026 0.8300518
vt 0.1000788 0.8308939
vt 0.1012012 0.8304932
vt 0.1078763 0.8168753
vt 0.1067812 0.8157046
vt 0.1069885 0.8173394
vt 0.1019465 0.830501
vt 0.1021257 0.8315847
vt 0.1031751 0.830331
vt 0.1067812 0.8157046
vt 0.105934 0.815162
vt 0.1060389 0.8165271
vt 0.1012012 0.8304932
vt 0.1011288 0.8315847
vt 0.1019465 0.830501
vt 0.1059147 0.8221014
vt 0.1063001 0.8217467
vt 0.1057866 0.8218326
vt 0.1046848 0.8263417
vt 0.1049685 0.8262738
vt 0.1045844 0.8259249
vt 0.1042759 0.8220993
vt 0.1059147 0.8221014
vt 0.1045271 0.8216752
vt 0.1045844 0.8259249
vt 0.1048368 0.8257685
vt 0.1034429 0.8253785
vt 0.1015921 0.8177076
vt 0.1028341 0.8189356
vt 0.1022108 0.8179606
vt 0.1007599 0.8270046
vt 0.1005511 0.8267705
vt 0.09950768 0.8272568
vt 0.1022834 0.8166848
vt 0.1015921 0.8177076
vt 0.1026488 0.817147
vt 0.09950768 0.8272568
vt 0.09885388 0.8271395
vt 0.09944152 0.8281721
vt 0.1065319 0.8194393
vt 0.1068835 0.81939
vt 0.1067191 0.8186813
vt 0.1039202 0.8283301
vt 0.1036698 0.8290647
vt 0.1041877 0.8285602
vt 0.1067191 0.8186813
vt 0.1071651 0.8184701
vt 0.1064738 0.8177683
vt 0.1036698 0.8290647
vt 0.1029749 0.8296966
vt 0.1039294 0.8294806
vt 0.1061325 0.8203661
vt 0.1063967 0.8204663
vt 0.1065319 0.8194393
vt 0.1040841 0.8273399
vt 0.1039202 0.8283301
vt 0.1043593 0.8273982
vt 0.1034767 0.8163747
vt 0.1026488 0.817147
vt 0.103643 0.8170321
vt 0.09995943 0.827922
vt 0.09944152 0.8281721
vt 0.1002129 0.8287983
vt 0.1044836 0.8160699
vt 0.1034767 0.8163747
vt 0.1044222 0.8167911
vt 0.1002129 0.8287983
vt 0.09972316 0.8292598
vt 0.1007363 0.8294159
vt 0.1054018 0.8161285
vt 0.1044836 0.8160699
vt 0.105149 0.8168703
vt 0.1007363 0.8294159
vt 0.1004026 0.8300518
vt 0.1013864 0.8297381
vt 0.1069885 0.8173394
vt 0.1060389 0.8165271
vt 0.1064738 0.8177683
vt 0.1019783 0.8297837
vt 0.1019465 0.830501
vt 0.1029749 0.8296966
vt 0.105676 0.817153
vt 0.1060389 0.8165271
vt 0.105149 0.8168703
vt 0.1019783 0.8297837
vt 0.1013864 0.8297381
vt 0.1019465 0.830501
vt 0.1061808 0.8181729
vt 0.1064738 0.8177683
vt 0.1053531 0.8175486
vt 0.1029468 0.8292012
vt 0.1019201 0.8292801
vt 0.1029749 0.8296966
vt 0.105676 0.817153
vt 0.105149 0.8168703
vt 0.1053531 0.8175486
vt 0.1012614 0.8291968
vt 0.1013864 0.8297381
vt 0.1019201 0.8292801
vt 0.1058893 0.8188012
vt 0.1061808 0.8181729
vt 0.1050091 0.8180185
vt 0.1030399 0.8285192
vt 0.1018837 0.8287026
vt 0.1029468 0.8292012
vt 0.1053531 0.8175486
vt 0.1047491 0.8172619
vt 0.1050091 0.8180185
vt 0.101068 0.8285124
vt 0.1012614 0.8291968
vt 0.1018837 0.8287026
vt 0.1054733 0.8196117
vt 0.1058893 0.8188012
vt 0.1045638 0.8186959
vt 0.1031267 0.8276175
vt 0.1018736 0.8278969
vt 0.1030399 0.8285192
vt 0.1050091 0.8180185
vt 0.104214 0.8177378
vt 0.1045638 0.8186959
vt 0.1009634 0.8277562
vt 0.101068 0.8285124
vt 0.1018736 0.8278969
vt 0.103643 0.8170321
vt 0.104214 0.8177378
vt 0.1044222 0.8167911
vt 0.1012614 0.8291968
vt 0.101068 0.8285124
vt 0.1007363 0.8294159
vt 0.103643 0.8170321
vt 0.1029537 0.8176393
vt 0.104214 0.8177378
vt 0.1002129 0.8287983
vt 0.101068 0.8285124
vt 0.09995943 0.827922
vt 0.1065319 0.8194393
vt 0.1067191 0.8186813
vt 0.1058893 0.8188012
vt 0.1029468 0.8292012
vt 0.1036698 0.8290647
vt 0.1030399 0.8285192
vt 0.1061325 0.8203661
vt 0.1065319 0.8194393
vt 0.1054733 0.8196117
vt 0.1040841 0.8273399
vt 0.1031267 0.8276175
vt 0.1039202 0.8283301
vt 0.1005339 0.8089725
vt 0.1015919 0.8096265
vt 0.1031445 0.8076076
vt 0.09335291 0.8338647
vt 0.09479266 0.8363724
vt 0.09457433 0.8338805
vt 0.1031445 0.8076076
vt 0.1038147 0.8086346
vt 0.1082887 0.8071987
vt 0.09479266 0.8363724
vt 0.0988233 0.8394462
vt 0.09589082 0.8358788
vt 0.1079733 0.8084361
vt 0.1132073 0.809903
vt 0.1082887 0.8071987
vt 0.1054768 0.8417118
vt 0.1043342 0.8398568
vt 0.0988233 0.8394462
vt 0.1132073 0.809903
vt 0.1175642 0.8132495
vt 0.1152101 0.8089601
vt 0.1122928 0.8416116
vt 0.1097421 0.8394575
vt 0.1054768 0.8417118
vt 0.1175642 0.8132495
vt 0.1199265 0.817469
vt 0.1209256 0.8128513
vt 0.1178371 0.8402181
vt 0.1139932 0.8372621
vt 0.1122928 0.8416116
vt 0.1260495 0.8213496
vt 0.1200827 0.8212593
vt 0.1237086 0.8253324
vt 0.1211779 0.8374166
vt 0.1214401 0.8328283
vt 0.1161957 0.8342092
vt 0.1199265 0.817469
vt 0.1200827 0.8212593
vt 0.1248158 0.8171287
vt 0.1211779 0.8374166
vt 0.1161957 0.8342092
vt 0.1178371 0.8402181
vt 0.1227138 0.8277678
vt 0.1182157 0.8270602
vt 0.1222023 0.8289716
vt 0.1219609 0.8302559
vt 0.1222023 0.8289716
vt 0.1178237 0.8283641
vt 0.1237086 0.8253324
vt 0.1191079 0.8248953
vt 0.1227138 0.8277678
vt 0.1214401 0.8328283
vt 0.1219609 0.8302559
vt 0.1173765 0.8306569
vt 0.09651982 0.8147048
vt 0.09786194 0.8146154
vt 0.09740704 0.8126516
vt 0.09301179 0.8269803
vt 0.09268069 0.829164
vt 0.09409081 0.8277594
vt 0.09740704 0.8126516
vt 0.09874683 0.8126884
vt 0.0984075 0.8110963
vt 0.09268069 0.829164
vt 0.09270161 0.8309848
vt 0.09381914 0.8298354
vt 0.0984075 0.8110963
vt 0.09967333 0.8113675
vt 0.09960323 0.8096961
vt 0.09270161 0.8309848
vt 0.0929616 0.8327756
vt 0.09389764 0.831423
vt 0.09960323 0.8096961
vt 0.1007741 0.8101904
vt 0.1005339 0.8089725
vt 0.0929616 0.8327756
vt 0.09335291 0.8338647
vt 0.09419333 0.832981
vt 0.130145 0.8210574
vt 0.1260495 0.8213496
vt 0.1299416 0.8249885
vt 0.1243923 0.8399231
vt 0.1264076 0.8365679
vt 0.1211779 0.8374166
vt 0.1248158 0.8171287
vt 0.1260495 0.8213496
vt 0.1299064 0.8167935
vt 0.1243923 0.8399231
vt 0.1211779 0.8374166
vt 0.1218363 0.8432974
vt 0.1295979 0.828657
vt 0.1227138 0.8277678
vt 0.1291983 0.8310969
vt 0.1281669 0.8333424
vt 0.1291983 0.8310969
vt 0.1219609 0.8302559
vt 0.1299416 0.8249885
vt 0.1237086 0.8253324
vt 0.1295979 0.828657
vt 0.1264076 0.8365679
vt 0.1281669 0.8333424
vt 0.1214401 0.8328283
vt 0.130145 0.8210574
vt 0.1299416 0.8249885
vt 0.1341359 0.8211019
vt 0.1303452 0.8387248
vt 0.1264076 0.8365679
vt 0.1277012 0.8421022
vt 0.1299064 0.8167935
vt 0.130145 0.8210574
vt 0.1334304 0.8167315
vt 0.1277012 0.8421022
vt 0.1243923 0.8399231
vt 0.1246941 0.8452985
vt 0.1295979 0.828657
vt 0.1291983 0.8310969
vt 0.1340723 0.8292128
vt 0.133403 0.8323858
vt 0.1291983 0.8310969
vt 0.1321769 0.8353839
vt 0.1299416 0.8249885
vt 0.1295979 0.828657
vt 0.1344322 0.825407
vt 0.1321769 0.8353839
vt 0.1281669 0.8333424
vt 0.1303452 0.8387248
vt 0.1293463 0.8145468
vt 0.1299064 0.8167935
vt 0.132417 0.813056
vt 0.1201366 0.8448318
vt 0.1218291 0.8477466
vt 0.1218363 0.8432974
vt 0.1278429 0.8124242
vt 0.1293463 0.8145468
vt 0.130999 0.8103679
vt 0.1177355 0.8457447
vt 0.1191872 0.8491623
vt 0.1201366 0.8448318
vt 0.1253407 0.8106995
vt 0.1278429 0.8124242
vt 0.1286111 0.8086163
vt 0.1147387 0.8457892
vt 0.1162738 0.8492826
vt 0.1177355 0.8457447
vt 0.1082887 0.8071987
vt 0.1152101 0.8089601
vt 0.1083248 0.8064876
vt 0.1055828 0.8447555
vt 0.1054768 0.8417118
vt 0.09847319 0.8400516
vt 0.1057866 0.8218326
vt 0.1060974 0.8215353
vt 0.1055037 0.8214243
vt 0.1042358 0.8265345
vt 0.1046848 0.8263417
vt 0.1041272 0.8261149
vt 0.1060974 0.8215353
vt 0.1063967 0.8204663
vt 0.1058231 0.821129
vt 0.1046848 0.8263417
vt 0.1042358 0.8265345
vt 0.1043593 0.8273982
vt 0.1049763 0.8210125
vt 0.1045271 0.8216752
vt 0.1055037 0.8214243
vt 0.1034631 0.8261762
vt 0.1041272 0.8261149
vt 0.1034429 0.8253785
vt 0.1022108 0.8179606
vt 0.1031374 0.8188499
vt 0.1029537 0.8176393
vt 0.09950768 0.8272568
vt 0.09995943 0.827922
vt 0.1007599 0.8270046
vt 0.1045638 0.8186959
vt 0.1042658 0.8195336
vt 0.1054733 0.8196117
vt 0.1033882 0.8267093
vt 0.1020727 0.8270349
vt 0.1031267 0.8276175
vt 0.1058231 0.821129
vt 0.1061325 0.8203661
vt 0.1052019 0.8205215
vt 0.1042358 0.8265345
vt 0.1033882 0.8267093
vt 0.1040841 0.8273399
vt 0.1045271 0.8216752
vt 0.1049763 0.8210125
vt 0.1040402 0.8204675
vt 0.1020727 0.8270349
vt 0.1034631 0.8261762
vt 0.1023845 0.82613
vt 0.1055037 0.8214243
vt 0.1058231 0.821129
vt 0.1049763 0.8210125
vt 0.1033882 0.8267093
vt 0.1042358 0.8265345
vt 0.1034631 0.8261762
vt 0.1031374 0.8188499
vt 0.1042658 0.8195336
vt 0.1037161 0.8183227
vt 0.1018736 0.8278969
vt 0.1020727 0.8270349
vt 0.1009634 0.8277562
vt 0.1028841 0.8071935
vt 0.1031445 0.8076076
vt 0.1083248 0.8064876
vt 0.09435826 0.8365764
vt 0.09847319 0.8400516
vt 0.09479266 0.8363724
vt 0.09570091 0.8127515
vt 0.09740704 0.8126516
vt 0.09725981 0.8106637
vt 0.09130609 0.8281899
vt 0.09151995 0.830745
vt 0.09268069 0.829164
vt 0.09725981 0.8106637
vt 0.0984075 0.8110963
vt 0.09876555 0.8092078
vt 0.09151995 0.830745
vt 0.09201055 0.8327416
vt 0.09270161 0.8309848
vt 0.09876555 0.8092078
vt 0.09960323 0.8096961
vt 0.09979897 0.8084632
vt 0.09201055 0.8327416
vt 0.09247696 0.8338999
vt 0.0929616 0.8327756
vt 0.09979897 0.8084632
vt 0.1005339 0.8089725
vt 0.1028841 0.8071935
vt 0.09247696 0.8338999
vt 0.09435826 0.8365764
vt 0.09335291 0.8338647
vt 0.09453487 0.8150845
vt 0.09651982 0.8147048
vt 0.09570091 0.8127515
vt 0.0915417 0.8256252
vt 0.09130609 0.8281899
vt 0.09301179 0.8269803
vt 0.09479236 0.8208678
vt 0.09566771 0.8211182
vt 0.09611034 0.8185389
vt 0.09479236 0.8208678
vt 0.09468007 0.8235364
vt 0.09566771 0.8211182
vt 0.09611034 0.8185389
vt 0.09677386 0.8186375
vt 0.09733629 0.8171999
vt 0.09468007 0.8235364
vt 0.09500813 0.8253124
vt 0.09529244 0.8238031
vt 0.09807193 0.8168568
vt 0.09786194 0.8146154
vt 0.09733629 0.8171999
vt 0.09301179 0.8269803
vt 0.09409081 0.8277594
vt 0.09500813 0.8253124
vt 0.09282541 0.8203093
vt 0.09479236 0.8208678
vt 0.09355139 0.8184655
vt 0.09282541 0.8203093
vt 0.09247666 0.8222564
vt 0.09479236 0.8208678
vt 0.09651982 0.8147048
vt 0.09453487 0.8150845
vt 0.09568625 0.8171111
vt 0.09193593 0.8239712
vt 0.0915417 0.8256252
vt 0.09357142 0.8245195
vt 0.09611034 0.8185389
vt 0.09568625 0.8171111
vt 0.09355139 0.8184655
vt 0.09193593 0.8239712
vt 0.09357142 0.8245195
vt 0.09247666 0.8222564
vt 0.09611034 0.8185389
vt 0.09733629 0.8171999
vt 0.09568625 0.8171111
vt 0.09301179 0.8269803
vt 0.09500813 0.8253124
vt 0.09357142 0.8245195
vt 0.1152101 0.8089601
vt 0.1212344 0.809535
vt 0.1170042 0.806428
vt 0.1108219 0.8477888
vt 0.1107377 0.8445035
vt 0.1055828 0.8447555
vt 0.1083248 0.8064876
vt 0.1170042 0.806428
vt 0.1089417 0.8050131
vt 0.1050356 0.8462352
vt 0.1055828 0.8447555
vt 0.0981931 0.8415941
vt 0.1028841 0.8071935
vt 0.1083248 0.8064876
vt 0.1030148 0.8059756
vt 0.0981931 0.8415941
vt 0.09847319 0.8400516
vt 0.09382176 0.8376508
vt 0.09570091 0.8127515
vt 0.09725981 0.8106637
vt 0.0951516 0.8121764
vt 0.09079676 0.8310247
vt 0.09151995 0.830745
vt 0.09054732 0.8283853
vt 0.09725981 0.8106637
vt 0.09876555 0.8092078
vt 0.09678673 0.8100315
vt 0.09130263 0.8331507
vt 0.09201055 0.8327416
vt 0.09079676 0.8310247
vt 0.09876555 0.8092078
vt 0.09979897 0.8084632
vt 0.09837722 0.8084695
vt 0.09166783 0.8346424
vt 0.09247696 0.8338999
vt 0.09130263 0.8331507
vt 0.09979897 0.8084632
vt 0.1028841 0.8071935
vt 0.09950709 0.8073804
vt 0.09382176 0.8376508
vt 0.09435826 0.8365764
vt 0.09166783 0.8346424
vt 0.09453487 0.8150845
vt 0.09570091 0.8127515
vt 0.09392797 0.814603
vt 0.09054732 0.8283853
vt 0.09130609 0.8281899
vt 0.09078061 0.8257144
vt 0.09282541 0.8203093
vt 0.09355139 0.8184655
vt 0.09230691 0.8201623
vt 0.09171015 0.8222766
vt 0.09247666 0.8222564
vt 0.09230691 0.8201623
vt 0.09399497 0.8167131
vt 0.09453487 0.8150845
vt 0.09337317 0.8162965
vt 0.09078061 0.8257144
vt 0.0915417 0.8256252
vt 0.09119385 0.823999
vt 0.09355139 0.8184655
vt 0.09399497 0.8167131
vt 0.09290695 0.8180446
vt 0.09119385 0.823999
vt 0.09193593 0.8239712
vt 0.09171015 0.8222766
vt 0.1356654 0.8209596
vt 0.1341359 0.8211019
vt 0.1359987 0.8253279
vt 0.1288785 0.8430709
vt 0.1315912 0.8396652
vt 0.1277012 0.8421022
vt 0.1334304 0.8167315
vt 0.1341359 0.8211019
vt 0.134998 0.8164995
vt 0.1288785 0.8430709
vt 0.1277012 0.8421022
vt 0.1258504 0.8463585
vt 0.1359987 0.8253279
vt 0.1344322 0.825407
vt 0.1356765 0.8292364
vt 0.1315912 0.8396652
vt 0.1335143 0.8362633
vt 0.1303452 0.8387248
vt 0.1336085 0.8121059
vt 0.132417 0.813056
vt 0.134998 0.8164995
vt 0.1222781 0.8491816
vt 0.1258504 0.8463585
vt 0.1218291 0.8477466
vt 0.1322499 0.8092981
vt 0.130999 0.8103679
vt 0.1336085 0.8121059
vt 0.1196196 0.8507243
vt 0.1222781 0.8491816
vt 0.1191872 0.8491623
vt 0.1286111 0.8086163
vt 0.130999 0.8103679
vt 0.1298704 0.8074772
vt 0.1196196 0.8507243
vt 0.1191872 0.8491623
vt 0.1166777 0.8509022
vt 0.133403 0.8323858
vt 0.1347482 0.8327991
vt 0.1340723 0.8292128
vt 0.1335143 0.8362633
vt 0.1347482 0.8327991
vt 0.1321769 0.8353839
vt 0.1170042 0.806428
vt 0.1231551 0.8067992
vt 0.1173685 0.8048611
vt 0.1112807 0.8495307
vt 0.1108219 0.8477888
vt 0.1050356 0.8462352
vt 0.1089417 0.8050131
vt 0.1173685 0.8048611
vt 0.1094928 0.8023224
vt 0.0981931 0.8415941
vt 0.09720796 0.8440971
vt 0.1050356 0.8462352
vt 0.1030148 0.8059756
vt 0.1089417 0.8050131
vt 0.1026721 0.803564
vt 0.09382176 0.8376508
vt 0.09226602 0.8394563
vt 0.0981931 0.8415941
vt 0.09678673 0.8100315
vt 0.09494161 0.8091612
vt 0.0951516 0.8121764
vt 0.08892959 0.828138
vt 0.08881199 0.8307909
vt 0.09054732 0.8283853
vt 0.09837722 0.8084695
vt 0.09639471 0.8075148
vt 0.09678673 0.8100315
vt 0.08881199 0.8307909
vt 0.08916223 0.8329096
vt 0.09079676 0.8310247
vt 0.09950709 0.8073804
vt 0.09791058 0.8059831
vt 0.09837722 0.8084695
vt 0.08916223 0.8329096
vt 0.08962261 0.8349623
vt 0.09130263 0.8331507
vt 0.1030148 0.8059756
vt 0.1026721 0.803564
vt 0.09950709 0.8073804
vt 0.08962261 0.8349623
vt 0.09226602 0.8394563
vt 0.09166783 0.8346424
vt 0.0951516 0.8121764
vt 0.09362196 0.8115253
vt 0.09392797 0.814603
vt 0.08930599 0.8250617
vt 0.08892959 0.828138
vt 0.09078061 0.8257144
vt 0.09290695 0.8180446
vt 0.09119641 0.8179489
vt 0.09230691 0.8201623
vt 0.09091103 0.8197694
vt 0.09020817 0.8214684
vt 0.09230691 0.8201623
vt 0.09392797 0.814603
vt 0.09231251 0.8143834
vt 0.09337317 0.8162965
vt 0.08992028 0.8231359
vt 0.08930599 0.8250617
vt 0.09119385 0.823999
vt 0.09337317 0.8162965
vt 0.0918225 0.8163665
vt 0.09290695 0.8180446
vt 0.09020817 0.8214684
vt 0.08992028 0.8231359
vt 0.09171015 0.8222766
vt 0.1359987 0.8253279
vt 0.1382346 0.8251513
vt 0.1356654 0.8209596
vt 0.1306659 0.8445316
vt 0.1333317 0.8410616
vt 0.1288785 0.8430709
vt 0.134998 0.8164995
vt 0.1356654 0.8209596
vt 0.1370926 0.8163103
vt 0.1258504 0.8463585
vt 0.1274607 0.8476772
vt 0.1288785 0.8430709
vt 0.1356765 0.8292364
vt 0.1379632 0.8293291
vt 0.1359987 0.8253279
vt 0.1333317 0.8410616
vt 0.1354519 0.8374702
vt 0.1315912 0.8396652
vt 0.134998 0.8164995
vt 0.1370926 0.8163103
vt 0.1336085 0.8121059
vt 0.1230669 0.8513512
vt 0.1274607 0.8476772
vt 0.1222781 0.8491816
vt 0.1336085 0.8121059
vt 0.1355051 0.8107327
vt 0.1322499 0.8092981
vt 0.1203173 0.8525793
vt 0.1230669 0.8513512
vt 0.1196196 0.8507243
vt 0.1298704 0.8074772
vt 0.1322499 0.8092981
vt 0.131864 0.8060955
vt 0.1166777 0.8509022
vt 0.1175428 0.8531204
vt 0.1196196 0.8507243
vt 0.1347482 0.8327991
vt 0.1370049 0.8334941
vt 0.1356765 0.8292364
vt 0.1354519 0.8374702
vt 0.1370049 0.8334941
vt 0.1335143 0.8362633
vt 0.1173685 0.8048611
vt 0.1245269 0.8055813
vt 0.1179498 0.8018802
vt 0.1050356 0.8462352
vt 0.1039031 0.8489815
vt 0.1112807 0.8495307
vt 0.1401782 0.8291038
vt 0.1393366 0.8291308
vt 0.1392735 0.8341945
vt 0.1384494 0.83394
vt 0.1364719 0.8384054
vt 0.1392735 0.8341945
vt 0.1393366 0.8291308
vt 0.1379632 0.8293291
vt 0.1384494 0.83394
vt 0.1370049 0.8334941
vt 0.1354519 0.8374702
vt 0.1384494 0.83394
vt 0.1405268 0.8250333
vt 0.1395665 0.8250514
vt 0.1401782 0.8291038
vt 0.1364719 0.8384054
vt 0.1343703 0.84189
vt 0.1371497 0.838901
vt 0.1395665 0.8250514
vt 0.1382346 0.8251513
vt 0.1393366 0.8291308
vt 0.1354519 0.8374702
vt 0.1333317 0.8410616
vt 0.1364719 0.8384054
vt 0.1405268 0.8250333
vt 0.1403597 0.8207868
vt 0.1395665 0.8250514
vt 0.1351489 0.8424435
vt 0.1343703 0.84189
vt 0.1326327 0.8458334
vt 0.1393682 0.8207066
vt 0.1379825 0.8207546
vt 0.1395665 0.8250514
vt 0.1333317 0.8410616
vt 0.1306659 0.8445316
vt 0.1343703 0.84189
vt 0.1403597 0.8207868
vt 0.1395214 0.8162963
vt 0.1393682 0.8207066
vt 0.1326327 0.8458334
vt 0.1317753 0.845345
vt 0.1294394 0.8490404
vt 0.1393682 0.8207066
vt 0.1385728 0.8162467
vt 0.1379825 0.8207546
vt 0.1317753 0.845345
vt 0.1306659 0.8445316
vt 0.1286362 0.8485529
vt 0.136841 0.8088806
vt 0.1362937 0.8096794
vt 0.1395214 0.8162963
vt 0.1286362 0.8485529
vt 0.1231265 0.8526465
vt 0.1294394 0.8490404
vt 0.1362937 0.8096794
vt 0.1355051 0.8107327
vt 0.1385728 0.8162467
vt 0.1274607 0.8476772
vt 0.1230669 0.8513512
vt 0.1286362 0.8485529
vt 0.1345867 0.806331
vt 0.1343426 0.8071056
vt 0.136841 0.8088806
vt 0.1231265 0.8526465
vt 0.1201158 0.8536636
vt 0.1231299 0.8536004
vt 0.1343426 0.8071056
vt 0.1338936 0.8081335
vt 0.1362937 0.8096794
vt 0.1230669 0.8513512
vt 0.1203173 0.8525793
vt 0.1231265 0.8526465
vt 0.1292667 0.8021895
vt 0.1229001 0.8004017
vt 0.1276007 0.8026252
vt 0.1132956 0.8548754
vt 0.1121782 0.8536143
vt 0.1071463 0.8528711
vt 0.1276007 0.8026252
vt 0.1203818 0.8011441
vt 0.1259188 0.8030671
vt 0.1121782 0.8536143
vt 0.1110476 0.8523389
vt 0.1054936 0.8509027
vt 0.1057157 0.8004144
vt 0.1052116 0.8019317
vt 0.1147868 0.7998689
vt 0.1021146 0.8489467
vt 0.09349054 0.8421349
vt 0.1002264 0.8489236
vt 0.1052116 0.8019317
vt 0.1094928 0.8023224
vt 0.1164073 0.8009081
vt 0.1039031 0.8489815
vt 0.09720796 0.8440971
vt 0.1021146 0.8489467
vt 0.09238934 0.8121039
vt 0.09299528 0.8118197
vt 0.09402257 0.8087683
vt 0.08833163 0.8307218
vt 0.08855676 0.8275683
vt 0.08784574 0.8306423
vt 0.09299528 0.8118197
vt 0.09362196 0.8115253
vt 0.09448742 0.8089614
vt 0.08881199 0.8307909
vt 0.08892959 0.828138
vt 0.08833163 0.8307218
vt 0.09123384 0.8158684
vt 0.09153914 0.8161187
vt 0.09238934 0.8121039
vt 0.08855676 0.8275683
vt 0.08955234 0.823199
vt 0.08819526 0.8270179
vt 0.09153914 0.8161187
vt 0.09231251 0.8143834
vt 0.09299528 0.8118197
vt 0.08892959 0.828138
vt 0.08930599 0.8250617
vt 0.08855676 0.8275683
vt 0.09768426 0.8039374
vt 0.09402257 0.8087683
vt 0.09779644 0.804984
vt 0.08837383 0.8365303
vt 0.08901011 0.8357263
vt 0.08784574 0.8306423
vt 0.09448742 0.8089614
vt 0.09639471 0.8075148
vt 0.09779644 0.804984
vt 0.08962261 0.8349623
vt 0.08916223 0.8329096
vt 0.08901011 0.8357263
vt 0.09123384 0.8158684
vt 0.09019994 0.8195698
vt 0.09153914 0.8161187
vt 0.08916419 0.8232532
vt 0.08955234 0.823199
vt 0.09019994 0.8195698
vt 0.09153914 0.8161187
vt 0.09055435 0.8196692
vt 0.09119641 0.8179489
vt 0.08955234 0.823199
vt 0.09020817 0.8214684
vt 0.09055435 0.8196692
vt 0.1057157 0.8004144
vt 0.09768426 0.8039374
vt 0.1052116 0.8019317
vt 0.09310013 0.8436426
vt 0.09349054 0.8421349
vt 0.08837383 0.8365303
vt 0.1229001 0.8004017
vt 0.1147868 0.7998689
vt 0.1203818 0.8011441
vt 0.1021146 0.8489467
vt 0.1002264 0.8489236
vt 0.1054936 0.8509027
vt 0.1421651 0.7954593
vt 0.1433227 0.7992808
vt 0.1540282 0.794488
vt 0.1317985 0.8704647
vt 0.1230611 0.8649719
vt 0.1290109 0.8747965
vt 0.1433227 0.7992808
vt 0.1440435 0.8028371
vt 0.1538354 0.7997423
vt 0.1329103 0.8657949
vt 0.1256194 0.8625002
vt 0.1317985 0.8704647
vt 0.1339269 0.7988901
vt 0.1360239 0.802181
vt 0.1421651 0.7954593
vt 0.1230611 0.8649719
vt 0.1187648 0.8585886
vt 0.120009 0.8674091
vt 0.1360239 0.802181
vt 0.1373244 0.8045747
vt 0.1433227 0.7992808
vt 0.1256194 0.8625002
vt 0.1211405 0.8573667
vt 0.1230611 0.8649719
vt 0.1292667 0.8021895
vt 0.1325541 0.8042344
vt 0.1339269 0.7988901
vt 0.1187648 0.8585886
vt 0.117082 0.8550126
vt 0.1152564 0.8600976
vt 0.1325541 0.8042344
vt 0.1345867 0.806331
vt 0.1360239 0.802181
vt 0.1211405 0.8573667
vt 0.1198871 0.8544281
vt 0.1187648 0.8585886
vt 0.1793997 0.8240626
vt 0.1749427 0.8255832
vt 0.1790248 0.8466827
vt 0.1739363 0.8450675
vt 0.1635512 0.8615128
vt 0.1790248 0.8466827
vt 0.1749427 0.8255832
vt 0.1710156 0.8266909
vt 0.1739363 0.8450675
vt 0.1699543 0.8438063
vt 0.1609925 0.8583687
vt 0.1739363 0.8450675
vt 0.17338 0.8027189
vt 0.168073 0.8079488
vt 0.1793997 0.8240626
vt 0.1635512 0.8615128
vt 0.1479237 0.8718771
vt 0.1662971 0.8652975
vt 0.168073 0.8079488
vt 0.1634668 0.811679
vt 0.1749427 0.8255832
vt 0.1609925 0.8583687
vt 0.146313 0.8662528
vt 0.1635512 0.8615128
vt 0.1540282 0.794488
vt 0.1538354 0.7997423
vt 0.17338 0.8027189
vt 0.1479237 0.8718771
vt 0.1317985 0.8704647
vt 0.1492393 0.8790985
vt 0.168073 0.8079488
vt 0.1538354 0.7997423
vt 0.1634668 0.811679
vt 0.1479237 0.8718771
vt 0.146313 0.8662528
vt 0.1317985 0.8704647
vt 0.1293463 0.8145468
vt 0.1278429 0.8124242
vt 0.1248158 0.8171287
vt 0.1201366 0.8448318
vt 0.1178371 0.8402181
vt 0.1177355 0.8457447
vt 0.1286111 0.8086163
vt 0.1231551 0.8067992
vt 0.1253407 0.8106995
vt 0.1107377 0.8445035
vt 0.1108219 0.8477888
vt 0.1147387 0.8457892
vt 0.1278429 0.8124242
vt 0.1253407 0.8106995
vt 0.1209256 0.8128513
vt 0.1177355 0.8457447
vt 0.1122928 0.8416116
vt 0.1147387 0.8457892
vt 0.1231551 0.8067992
vt 0.1286111 0.8086163
vt 0.1245269 0.8055813
vt 0.1166777 0.8509022
vt 0.1162738 0.8492826
vt 0.1112807 0.8495307
vt 0.131864 0.8060955
vt 0.1259188 0.8030671
vt 0.1298704 0.8074772
vt 0.1112807 0.8495307
vt 0.1110476 0.8523389
vt 0.1166777 0.8509022
vt 0.1276007 0.8026252
vt 0.1321879 0.8051249
vt 0.1292667 0.8021895
vt 0.117082 0.8550126
vt 0.1172733 0.8540879
vt 0.1132956 0.8548754
vt 0.1325541 0.8042344
vt 0.1321879 0.8051249
vt 0.1345867 0.806331
vt 0.117082 0.8550126
vt 0.1198871 0.8544281
vt 0.1172733 0.8540879
vt 0.1259188 0.8030671
vt 0.131864 0.8060955
vt 0.1276007 0.8026252
vt 0.1172733 0.8540879
vt 0.1175428 0.8531204
vt 0.1121782 0.8536143
vt 0.1338936 0.8081335
vt 0.1343426 0.8071056
vt 0.131864 0.8060955
vt 0.1172733 0.8540879
vt 0.1201158 0.8536636
vt 0.1175428 0.8531204
vt 0.1057157 0.8004144
vt 0.1016066 0.7974987
vt 0.09768426 0.8039374
vt 0.08467727 0.8365527
vt 0.08821874 0.8438473
vt 0.08837383 0.8365303
vt 0.05391103 0.7704253
vt 0.07628667 0.7568185
vt 0.04709148 0.75603
vt 0.03711688 0.8734314
vt 0.04752928 0.8628817
vt 0.02515137 0.8493661
vt 0.07628667 0.7568185
vt 0.1031464 0.7513776
vt 0.07310128 0.7408118
vt 0.05581176 0.8924401
vt 0.06538367 0.8810463
vt 0.03711688 0.8734314
vt 0.1016706 0.7354277
vt 0.1031464 0.7513776
vt 0.1328057 0.7386984
vt 0.05581176 0.8924401
vt 0.08143806 0.90688092
vt 0.06538367 0.8810463
vt 0.1328057 0.7386984
vt 0.1316468 0.7578748
vt 0.1523183 0.747929
vt 0.08143806 0.90688092
vt 0.1016641 0.91059959
vt 0.09102296 0.8914112
vt 0.1523183 0.747929
vt 0.1459746 0.7682508
vt 0.1736661 0.7652345
vt 0.1016641 0.91059959
vt 0.1281964 0.90912551
vt 0.1079896 0.8911688
vt 0.1793997 0.8240626
vt 0.1790248 0.8466827
vt 0.2020028 0.8239837
vt 0.1984459 0.8529007
vt 0.1790248 0.8466827
vt 0.184526 0.8783567
vt 0.17338 0.8027189
vt 0.1793997 0.8240626
vt 0.196904 0.7927757
vt 0.184526 0.8783567
vt 0.1662971 0.8652975
vt 0.1624683 0.90046293
vt 0.03568583 0.804307
vt 0.03742092 0.7968615
vt 0.02110916 0.8015349
vt 0.02066916 0.8125473
vt 0.03467923 0.8119305
vt 0.02110916 0.8015349
vt 0.03742092 0.7968615
vt 0.0414955 0.7858586
vt 0.02439862 0.7907171
vt 0.02066916 0.8272317
vt 0.03395497 0.8232303
vt 0.02066916 0.8125473
vt 0.0414955 0.7858586
vt 0.05391103 0.7704253
vt 0.03051793 0.7756968
vt 0.02515137 0.8493661
vt 0.03699219 0.8413558
vt 0.02066916 0.8272317
vt 0.1736661 0.7652345
vt 0.1592264 0.7822494
vt 0.196904 0.7927757
vt 0.1281964 0.90912551
vt 0.1624683 0.90046293
vt 0.1263214 0.8874811
vt 0.1060034 0.2812018
vt 0.1073363 0.2830496
vt 0.1080176 0.2775775
vt 0.1073363 0.2830496
vt 0.1104871 0.2833358
vt 0.1107122 0.2759099
vt 0.1199626 0.273136
vt 0.1138001 0.273981
vt 0.1181319 0.283523
vt 0.146934 0.2745181
vt 0.1414009 0.2735843
vt 0.1497471 0.2762228
vt 0.1573155 0.2809664
vt 0.1554657 0.2866624
vt 0.1591082 0.2832957
vt 0.1545709 0.2787335
vt 0.1534424 0.2863247
vt 0.1573155 0.2809664
vt 0.1497471 0.2762228
vt 0.1467009 0.285033
vt 0.1545709 0.2787335
vt 0.1181319 0.283523
vt 0.1321106 0.2831179
vt 0.1263993 0.2723029
vt 0.1334586 0.2725418
vt 0.1321106 0.2831179
vt 0.1414009 0.2735843
vt 0.167384 0.2874392
vt 0.1677302 0.2859458
vt 0.1585629 0.2857718
vt 0.1334586 0.2725418
vt 0.1328967 0.2703845
vt 0.1263993 0.2723029
vt 0.1138001 0.273981
vt 0.1053786 0.2729934
vt 0.1107122 0.2759099
vt 0.09486615 0.2832928
vt 0.09706574 0.2856747
vt 0.1060034 0.2812018
vt 0.1181319 0.283523
vt 0.1104871 0.2833358
vt 0.1119569 0.2855285
vt 0.1119569 0.2855285
vt 0.1310315 0.2850165
vt 0.1181319 0.283523
vt 0.1321106 0.2831179
vt 0.1310315 0.2850165
vt 0.1467009 0.285033
vt 0.1655885 0.2819894
vt 0.1618854 0.2789905
vt 0.1573155 0.2809664
vt 0.1679238 0.2851291
vt 0.1655885 0.2819894
vt 0.1591082 0.2832957
vt 0.1651666 0.2890372
vt 0.1585629 0.2857718
vt 0.1631661 0.2896618
vt 0.1534424 0.2863247
vt 0.1604755 0.2892391
vt 0.1554657 0.2866624
vt 0.1618854 0.2789905
vt 0.155123 0.2753377
vt 0.1545709 0.2787335
vt 0.155123 0.2753377
vt 0.1512231 0.273547
vt 0.1497471 0.2762228
vt 0.1604755 0.2892391
vt 0.1534424 0.2863247
vt 0.1511098 0.2876583
vt 0.1472477 0.2724446
vt 0.1438847 0.2717839
vt 0.146934 0.2745181
vt 0.1438847 0.2717839
vt 0.1328967 0.2703845
vt 0.1414009 0.2735843
vt 0.1263993 0.2723029
vt 0.1233287 0.2700906
vt 0.1199626 0.273136
vt 0.1199626 0.273136
vt 0.1140209 0.2710175
vt 0.1138001 0.273981
vt 0.1107122 0.2759099
vt 0.1012904 0.2755038
vt 0.1080176 0.2775775
vt 0.1080176 0.2775775
vt 0.09738802 0.277988
vt 0.1060034 0.2812018
vt 0.09706574 0.2856747
vt 0.101402 0.2859245
vt 0.1073363 0.2830496
vt 0.1700665 0.2895908
vt 0.1671621 0.2884384
vt 0.1680236 0.290416
vt 0.1703711 0.2885575
vt 0.1707722 0.2869683
vt 0.167384 0.2874392
vt 0.1328967 0.2703845
vt 0.1327608 0.2691157
vt 0.1233287 0.2700906
vt 0.1053786 0.2729934
vt 0.1024363 0.2727945
vt 0.1012904 0.2755038
vt 0.09090095 0.2850263
vt 0.09359103 0.287283
vt 0.09486615 0.2832928
vt 0.0982483 0.2874264
vt 0.1098366 0.287016
vt 0.101402 0.2859245
vt 0.1098366 0.287016
vt 0.130594 0.2865053
vt 0.1119569 0.2855285
vt 0.1310315 0.2850165
vt 0.130594 0.2865053
vt 0.1511098 0.2876583
vt 0.15285 0.2729304
vt 0.1485913 0.2714757
vt 0.1512231 0.273547
vt 0.1686093 0.2826149
vt 0.1646532 0.2791377
vt 0.1655885 0.2819894
vt 0.1707722 0.2869683
vt 0.1709508 0.2860954
vt 0.1677302 0.2859458
vt 0.1709508 0.2860954
vt 0.1686093 0.2826149
vt 0.1679238 0.2851291
vt 0.1700665 0.2895908
vt 0.1703711 0.2885575
vt 0.1671621 0.2884384
vt 0.1680236 0.290416
vt 0.1651666 0.2890372
vt 0.165812 0.2909785
vt 0.1604755 0.2892391
vt 0.1628794 0.2909845
vt 0.1631661 0.2896618
vt 0.1646532 0.2791377
vt 0.1573133 0.2749949
vt 0.1618854 0.2789905
vt 0.1573133 0.2749949
vt 0.15285 0.2729304
vt 0.155123 0.2753377
vt 0.1628794 0.2909845
vt 0.1604755 0.2892391
vt 0.1525928 0.289327
vt 0.1485913 0.2714757
vt 0.1448821 0.2706347
vt 0.1472477 0.2724446
vt 0.1448821 0.2706347
vt 0.1327608 0.2691157
vt 0.1438847 0.2717839
vt 0.1233287 0.2700906
vt 0.1221921 0.2689028
vt 0.1187133 0.2704048
vt 0.1187133 0.2704048
vt 0.1169317 0.2692833
vt 0.1140209 0.2710175
vt 0.1140209 0.2710175
vt 0.1116922 0.2700862
vt 0.1092634 0.2720055
vt 0.1024363 0.2727945
vt 0.1053786 0.2729934
vt 0.1064597 0.2713067
vt 0.1012904 0.2755038
vt 0.09762364 0.2755946
vt 0.09738802 0.277988
vt 0.09738802 0.277988
vt 0.09354639 0.2786471
vt 0.09592354 0.2809703
vt 0.09359103 0.287283
vt 0.0982483 0.2874264
vt 0.09706574 0.2856747
vt 0.09592354 0.2809703
vt 0.0918287 0.2820897
vt 0.09486615 0.2832928
vt 0.1731731 0.2900318
vt 0.1700665 0.2895908
vt 0.170687 0.2918199
vt 0.1703711 0.2885575
vt 0.1738259 0.2887661
vt 0.1707722 0.2869683
vt 0.1327608 0.2691157
vt 0.1331725 0.2648571
vt 0.1221921 0.2689028
vt 0.1024363 0.2727945
vt 0.09824198 0.2695102
vt 0.09762364 0.2755946
vt 0.0882247 0.2856139
vt 0.09179878 0.288333
vt 0.09090095 0.2850263
vt 0.09714722 0.2879926
vt 0.108929 0.2872671
vt 0.0982483 0.2874264
vt 0.108929 0.2872671
vt 0.1305648 0.2878045
vt 0.1098366 0.287016
vt 0.130594 0.2865053
vt 0.1305648 0.2878045
vt 0.1525928 0.289327
vt 0.1556842 0.2697255
vt 0.1504206 0.2682699
vt 0.15285 0.2729304
vt 0.1725922 0.2814788
vt 0.1690642 0.2768175
vt 0.1686093 0.2826149
vt 0.1746805 0.2860421
vt 0.1709508 0.2860954
vt 0.1744006 0.2871265
vt 0.1746805 0.2860421
vt 0.1725922 0.2814788
vt 0.1709508 0.2860954
vt 0.1738259 0.2887661
vt 0.1703711 0.2885575
vt 0.1731731 0.2900318
vt 0.170687 0.2918199
vt 0.1680236 0.290416
vt 0.1677737 0.29272
vt 0.1628794 0.2909845
vt 0.1639874 0.2928193
vt 0.165812 0.2909785
vt 0.1690642 0.2768175
vt 0.1611041 0.2718996
vt 0.1646532 0.2791377
vt 0.1611041 0.2718996
vt 0.1556842 0.2697255
vt 0.1573133 0.2749949
vt 0.1639874 0.2928193
vt 0.1628794 0.2909845
vt 0.1531332 0.290492
vt 0.1504206 0.2682699
vt 0.1463099 0.2671645
vt 0.1485913 0.2714757
vt 0.1463099 0.2671645
vt 0.1331725 0.2648571
vt 0.1448821 0.2706347
vt 0.1221921 0.2689028
vt 0.1212744 0.264857
vt 0.1169317 0.2692833
vt 0.1169317 0.2692833
vt 0.1154568 0.266081
vt 0.1116922 0.2700862
vt 0.1116922 0.2700862
vt 0.1099481 0.2675779
vt 0.1064597 0.2713067
vt 0.09824198 0.2695102
vt 0.1024363 0.2727945
vt 0.1038634 0.2682454
vt 0.09762364 0.2755946
vt 0.0933361 0.273243
vt 0.09354639 0.2786471
vt 0.09354639 0.2786471
vt 0.08915096 0.2778854
vt 0.0918287 0.2820897
vt 0.09179878 0.288333
vt 0.09714722 0.2879926
vt 0.09359103 0.287283
vt 0.0882247 0.2856139
vt 0.09090095 0.2850263
vt 0.08899807 0.2820912
vt 0.1447215 0.7255393
vt 0.1446395 0.7253565
vt 0.1442957 0.7256612
vt 0.1441435 0.7253131
vt 0.1442491 0.7254804
vt 0.1445504 0.7251699
vt 0.1380736 0.7288809
vt 0.1360104 0.7293994
vt 0.1381712 0.7293029
vt 0.1365616 0.7050933
vt 0.1324975 0.7055071
vt 0.1363567 0.7064044
vt 0.1365616 0.7050933
vt 0.136313 0.7003829
vt 0.1324975 0.7055071
vt 0.1378043 0.7279327
vt 0.135922 0.7283753
vt 0.1380736 0.7288809
vt 0.1357743 0.7266242
vt 0.135922 0.7283753
vt 0.1371264 0.7263928
vt 0.1399809 0.7280599
vt 0.1380736 0.7288809
vt 0.1401575 0.728479
vt 0.1465128 0.7269049
vt 0.1454259 0.7268822
vt 0.1460806 0.7275527
vt 0.1415614 0.7286929
vt 0.1411671 0.7281762
vt 0.1363525 0.7334144
vt 0.1365616 0.7050933
vt 0.1363567 0.7064044
vt 0.1394973 0.7057492
vt 0.1340181 0.7115251
vt 0.1362843 0.7114217
vt 0.1333076 0.7083669
vt 0.1395366 0.7271705
vt 0.1378043 0.7279327
vt 0.1399809 0.7280599
vt 0.1395366 0.7271705
vt 0.1388084 0.7257082
vt 0.1378043 0.7279327
vt 0.1424965 0.7283765
vt 0.1442673 0.7288974
vt 0.1443713 0.7272046
vt 0.1469016 0.7285854
vt 0.1476545 0.7276857
vt 0.1460806 0.7275527
vt 0.1342219 0.7124913
vt 0.1343168 0.7130763
vt 0.1361114 0.7125108
vt 0.1417328 0.7065721
vt 0.1410661 0.707378
vt 0.1445921 0.7090697
vt 0.1453034 0.7252839
vt 0.1454259 0.7268822
vt 0.1456938 0.7250687
vt 0.1457301 0.7302921
vt 0.1490232 0.7303899
vt 0.1469016 0.7285854
vt 0.1450574 0.7253939
vt 0.1449552 0.7252043
vt 0.1447215 0.7255393
vt 0.1410661 0.707378
vt 0.1406893 0.7083869
vt 0.1451653 0.7111092
vt 0.1452621 0.7038723
vt 0.1397833 0.7009603
vt 0.1417328 0.7065721
vt 0.1453034 0.7252839
vt 0.1451832 0.7250807
vt 0.1450574 0.7253939
vt 0.1456938 0.7250687
vt 0.145522 0.7248456
vt 0.1453034 0.7252839
vt 0.1415614 0.7286929
vt 0.1427724 0.7317167
vt 0.1424965 0.7283765
vt 0.1426247 0.7253076
vt 0.1399809 0.7280599
vt 0.1428977 0.7256025
vt 0.1449552 0.7252043
vt 0.144833 0.7250032
vt 0.1446395 0.7253565
vt 0.1451832 0.7250807
vt 0.1450461 0.7248777
vt 0.1449552 0.7252043
vt 0.1424965 0.7283765
vt 0.1455854 0.7334065
vt 0.1457301 0.7302921
vt 0.146137 0.7247413
vt 0.145882 0.7244877
vt 0.1456938 0.7250687
vt 0.145522 0.7248456
vt 0.1453205 0.7246426
vt 0.1451832 0.7250807
vt 0.1362843 0.7114217
vt 0.1340181 0.7115251
vt 0.1361114 0.7125108
vt 0.1472486 0.7058317
vt 0.1452621 0.7038723
vt 0.1445921 0.7090697
vt 0.1472486 0.7058317
vt 0.1445921 0.7090697
vt 0.149766 0.7088601
vt 0.1399809 0.7280599
vt 0.1426247 0.7253076
vt 0.1395366 0.7271705
vt 0.1438991 0.7245152
vt 0.1434646 0.7250426
vt 0.1441435 0.7253131
vt 0.1395096 0.7123205
vt 0.1404504 0.7093019
vt 0.1362843 0.7114217
vt 0.145882 0.7244877
vt 0.145583 0.7242864
vt 0.145522 0.7248456
vt 0.1451653 0.7111092
vt 0.1457784 0.7122794
vt 0.1464987 0.7108731
vt 0.1461974 0.7238653
vt 0.145882 0.7244877
vt 0.1467401 0.724082
vt 0.1457784 0.7122794
vt 0.1471574 0.714646
vt 0.1474811 0.7127085
vt 0.1395366 0.7271705
vt 0.1422172 0.7248611
vt 0.1388084 0.7257082
vt 0.1457284 0.7237741
vt 0.145583 0.7242864
vt 0.1461974 0.7238653
vt 0.1473056 0.722935
vt 0.1467401 0.724082
vt 0.1477072 0.7230808
vt 0.1436657 0.7241123
vt 0.1431866 0.7246696
vt 0.1438991 0.7245152
vt 0.149766 0.7088601
vt 0.1464987 0.7108731
vt 0.1506732 0.710496
vt 0.147816 0.7214622
vt 0.1473056 0.722935
vt 0.1479402 0.7219596
vt 0.1479402 0.7219596
vt 0.1488045 0.7177983
vt 0.147816 0.7214622
vt 0.1366627 0.7216296
vt 0.1353458 0.7219243
vt 0.1363136 0.7221601
vt 0.1451291 0.7235303
vt 0.1438991 0.7245152
vt 0.144833 0.7250032
vt 0.1447007 0.7228221
vt 0.1436657 0.7241123
vt 0.1451291 0.7235303
vt 0.1471574 0.714646
vt 0.1480358 0.7181672
vt 0.148406 0.7147295
vt 0.1465128 0.7269049
vt 0.1476545 0.7276857
vt 0.1477072 0.7230808
vt 0.1490232 0.7303899
vt 0.1497628 0.723649
vt 0.1476545 0.7276857
vt 0.1479402 0.7219596
vt 0.1486784 0.723344
vt 0.1488045 0.7177983
vt 0.1506732 0.710496
vt 0.1474811 0.7127085
vt 0.1516432 0.7140833
vt 0.1473056 0.722935
vt 0.1463143 0.7230373
vt 0.1467401 0.724082
vt 0.1473056 0.722935
vt 0.147816 0.7214622
vt 0.1463143 0.7230373
vt 0.1456013 0.7232391
vt 0.1451291 0.7235303
vt 0.1457284 0.7237741
vt 0.1443324 0.7117132
vt 0.1458643 0.7150036
vt 0.1451653 0.7111092
vt 0.1413839 0.7138089
vt 0.1435682 0.7121878
vt 0.1395096 0.7123205
vt 0.1456013 0.7232391
vt 0.1457284 0.7237741
vt 0.1457718 0.7230473
vt 0.1451291 0.7235303
vt 0.1456013 0.7232391
vt 0.1447007 0.7228221
vt 0.1428247 0.7242209
vt 0.1422172 0.7248611
vt 0.1431866 0.7246696
vt 0.1516432 0.7140833
vt 0.148406 0.7147295
vt 0.1517744 0.7162646
vt 0.147816 0.7214622
vt 0.1480358 0.7181672
vt 0.1466724 0.7211
vt 0.1458643 0.7150036
vt 0.1462899 0.7180614
vt 0.1468012 0.7147682
vt 0.1490232 0.7303899
vt 0.1517744 0.7246426
vt 0.1497628 0.723649
vt 0.1435682 0.7121878
vt 0.1450075 0.715133
vt 0.1443324 0.7117132
vt 0.1443082 0.722336
vt 0.1433509 0.7236433
vt 0.1447007 0.7228221
vt 0.1362843 0.7114217
vt 0.1361114 0.7125108
vt 0.1395096 0.7123205
vt 0.1366627 0.7216296
vt 0.1357451 0.7200933
vt 0.1353458 0.7219243
vt 0.1466724 0.7211
vt 0.1471973 0.7182073
vt 0.1458996 0.7206889
vt 0.1462899 0.7180614
vt 0.1458643 0.7150036
vt 0.1454823 0.7177761
vt 0.1361114 0.7125108
vt 0.1373885 0.713626
vt 0.1388608 0.7138281
vt 0.1454823 0.7177761
vt 0.1452298 0.7202946
vt 0.1462899 0.7180614
vt 0.1447007 0.7228221
vt 0.1458996 0.7206889
vt 0.1443082 0.722336
vt 0.1426501 0.7154643
vt 0.1432813 0.7170979
vt 0.1450075 0.715133
vt 0.1433509 0.7236433
vt 0.1443082 0.722336
vt 0.1427254 0.7220436
vt 0.1396036 0.7147249
vt 0.1401056 0.7157789
vt 0.1413839 0.7138089
vt 0.1402596 0.7168685
vt 0.1402537 0.7179673
vt 0.1432813 0.7170979
vt 0.139501 0.7198951
vt 0.1389653 0.7206704
vt 0.1427254 0.7220436
vt 0.1402537 0.7179673
vt 0.1402596 0.7168685
vt 0.1395286 0.7180311
vt 0.1402537 0.7179673
vt 0.1399533 0.7189934
vt 0.1434746 0.7189146
vt 0.1399533 0.7189934
vt 0.139501 0.7198951
vt 0.1429704 0.7213728
vt 0.1383483 0.7206358
vt 0.139501 0.7198951
vt 0.1395286 0.7180311
vt 0.1348866 0.7178766
vt 0.1351681 0.717901
vt 0.1343168 0.7130763
vt 0.1371855 0.7213437
vt 0.1353189 0.7188373
vt 0.1357451 0.7200933
vt 0.1354926 0.7186099
vt 0.1353189 0.7188373
vt 0.1383483 0.7206358
vt 0.1351681 0.717901
vt 0.1353997 0.7180682
vt 0.1373885 0.713626
vt 0.1262338 0.7265668
vt 0.126475 0.7266644
vt 0.126353 0.7263495
vt 0.1268872 0.7265606
vt 0.1265651 0.7264541
vt 0.1268227 0.7267678
vt 0.126475 0.7266644
vt 0.1262338 0.7265668
vt 0.1263983 0.726871
vt 0.1263983 0.726871
vt 0.1267691 0.7269727
vt 0.126475 0.7266644
vt 0.1262338 0.7265668
vt 0.1258667 0.7263592
vt 0.1261335 0.7267871
vt 0.1268227 0.7267678
vt 0.1271453 0.7268327
vt 0.1268872 0.7265606
vt 0.126353 0.7263495
vt 0.1260545 0.7261347
vt 0.1262338 0.7265668
vt 0.1272339 0.7270201
vt 0.1271453 0.7268327
vt 0.1267691 0.7269727
vt 0.1260545 0.7261347
vt 0.1257597 0.7257857
vt 0.1258667 0.7263592
vt 0.1258667 0.7263592
vt 0.125465 0.7260187
vt 0.1257104 0.7266054
vt 0.1276541 0.726725
vt 0.1273292 0.7266615
vt 0.1275817 0.7270723
vt 0.125465 0.7260187
vt 0.1257597 0.7257857
vt 0.1250887 0.7253964
vt 0.1250887 0.7253964
vt 0.1245375 0.7256667
vt 0.125465 0.7260187
vt 0.126552 0.7242353
vt 0.1262801 0.7247822
vt 0.1277071 0.725294
vt 0.1272077 0.7266487
vt 0.1274618 0.7258508
vt 0.1268872 0.7265606
vt 0.1265651 0.7264541
vt 0.1265598 0.7252279
vt 0.126353 0.7263495
vt 0.126353 0.7263495
vt 0.1261585 0.7250004
vt 0.1260545 0.7261347
vt 0.1262801 0.7247822
vt 0.126552 0.7242353
vt 0.1244347 0.7227079
vt 0.125662 0.7246358
vt 0.1254388 0.7245073
vt 0.125572 0.7252616
vt 0.1275817 0.7270723
vt 0.1278283 0.7271358
vt 0.1276541 0.726725
vt 0.1284883 0.7254139
vt 0.1277071 0.725294
vt 0.1281849 0.7259014
vt 0.126552 0.7242353
vt 0.126756 0.723561
vt 0.1251766 0.7222862
vt 0.1277071 0.725294
vt 0.1279155 0.7249139
vt 0.126552 0.7242353
vt 0.1279631 0.7263011
vt 0.1274618 0.7258508
vt 0.1273292 0.7266615
vt 0.1279631 0.7263011
vt 0.1281849 0.7259014
vt 0.1274618 0.7258508
vt 0.1250887 0.7253964
vt 0.1248914 0.7245534
vt 0.1245375 0.7256667
vt 0.1251766 0.7222862
vt 0.1257647 0.7217706
vt 0.1247649 0.7199467
vt 0.1244347 0.7227079
vt 0.1251766 0.7222862
vt 0.1240074 0.7200932
vt 0.123859 0.7244963
vt 0.1248914 0.7245534
vt 0.1233383 0.7230199
vt 0.1240074 0.7200932
vt 0.123336 0.7200619
vt 0.1244347 0.7227079
vt 0.1234365 0.7246687
vt 0.123859 0.7244963
vt 0.1232047 0.7234968
vt 0.1278283 0.7271358
vt 0.1283546 0.7272997
vt 0.1279155 0.7267882
vt 0.1285676 0.7267693
vt 0.1287456 0.7265261
vt 0.1279631 0.7263011
vt 0.1287456 0.7265261
vt 0.1291574 0.7259547
vt 0.1281849 0.7259014
vt 0.1232047 0.7234968
vt 0.1233383 0.7230199
vt 0.1226987 0.7197828
vt 0.1240074 0.7200932
vt 0.1247649 0.7199467
vt 0.1241846 0.7173875
vt 0.125598 0.7174634
vt 0.1249172 0.7174679
vt 0.1254356 0.7196606
vt 0.1261335 0.7267871
vt 0.1257104 0.7266054
vt 0.1262022 0.7284715
vt 0.1226987 0.7197828
vt 0.1209864 0.7205411
vt 0.1232047 0.7234968
vt 0.1210942 0.7254307
vt 0.1223751 0.7249526
vt 0.1189337 0.7217069
vt 0.1273614 0.7286323
vt 0.1294163 0.7295341
vt 0.1283546 0.7272997
vt 0.126756 0.723561
vt 0.128013 0.7226683
vt 0.1257647 0.7217706
vt 0.123336 0.7200619
vt 0.1239085 0.717325
vt 0.1226987 0.7197828
vt 0.1286842 0.7237275
vt 0.1279155 0.7249139
vt 0.129244 0.7243121
vt 0.1262022 0.7284715
vt 0.1268123 0.7293215
vt 0.1273614 0.7286323
vt 0.1246078 0.715471
vt 0.1234783 0.7159963
vt 0.1239085 0.717325
vt 0.1210942 0.7254307
vt 0.1189337 0.7217069
vt 0.1199337 0.7262996
vt 0.1178738 0.7175799
vt 0.1189337 0.7217069
vt 0.120914 0.7185896
vt 0.1239284 0.7296177
vt 0.1250442 0.7286359
vt 0.1234365 0.7246687
vt 0.1268123 0.7293215
vt 0.1262022 0.7284715
vt 0.1255964 0.729278
vt 0.1284883 0.7254139
vt 0.1291574 0.7259547
vt 0.129244 0.7243121
vt 0.120914 0.7185896
vt 0.1209995 0.7168515
vt 0.1178738 0.7175799
vt 0.1275441 0.7173568
vt 0.125598 0.7174634
vt 0.1272453 0.7189241
vt 0.1241846 0.7173875
vt 0.1249172 0.7174679
vt 0.1249185 0.7144994
vt 0.1152791 0.7246832
vt 0.1190983 0.7271002
vt 0.1168275 0.7230356
vt 0.1249185 0.7144994
vt 0.1242305 0.713673
vt 0.1246078 0.715471
vt 0.1278157 0.7305105
vt 0.1304249 0.7296523
vt 0.1294163 0.7295341
vt 0.1317677 0.7291996
vt 0.1318683 0.7287591
vt 0.1285676 0.7267693
vt 0.121204 0.7150878
vt 0.1209995 0.7168515
vt 0.1234783 0.7159963
vt 0.1250442 0.7286359
vt 0.1239284 0.7296177
vt 0.1255964 0.729278
vt 0.1282622 0.7157121
vt 0.126267 0.714966
vt 0.1275441 0.7173568
vt 0.1199337 0.7262996
vt 0.1229064 0.7325388
vt 0.1210942 0.7254307
vt 0.121204 0.7150878
vt 0.1234783 0.7159963
vt 0.121573 0.7133527
vt 0.1291574 0.7259547
vt 0.1287456 0.7265261
vt 0.13215 0.727811
vt 0.13215 0.727811
vt 0.1323512 0.7261203
vt 0.1291574 0.7259547
vt 0.1168275 0.7230356
vt 0.1189337 0.7217069
vt 0.1139177 0.7193061
vt 0.1278157 0.7305105
vt 0.1262472 0.732083
vt 0.1299561 0.7333112
vt 0.1249185 0.7144994
vt 0.125607 0.7147664
vt 0.1264344 0.7114517
vt 0.1249185 0.7144994
vt 0.1264344 0.7114517
vt 0.1242305 0.713673
vt 0.1113282 0.7215069
vt 0.1152791 0.7246832
vt 0.1139177 0.7193061
vt 0.1271373 0.71184
vt 0.125607 0.7147664
vt 0.1276692 0.712341
vt 0.1338647 0.729674
vt 0.133889 0.7292414
vt 0.1317677 0.7291996
vt 0.121573 0.7133527
vt 0.1221542 0.7114548
vt 0.1188997 0.7127272
vt 0.126613 0.7353343
vt 0.1262472 0.732083
vt 0.1229064 0.7325388
vt 0.1178738 0.7175799
vt 0.1164866 0.7140077
vt 0.1139177 0.7193061
vt 0.133889 0.7292414
vt 0.1339914 0.7282589
vt 0.1318683 0.7287591
vt 0.1242305 0.713673
vt 0.1261693 0.7103867
vt 0.1221542 0.7114548
vt 0.1275131 0.7213079
vt 0.1304759 0.7200107
vt 0.1272453 0.7189241
vt 0.1298113 0.7169311
vt 0.1275441 0.7173568
vt 0.129882 0.7181755
vt 0.128013 0.7226683
vt 0.1308604 0.720597
vt 0.1275131 0.7213079
vt 0.1339914 0.7282589
vt 0.134162 0.7265692
vt 0.13215 0.727811
vt 0.1118071 0.7156129
vt 0.1085033 0.718354
vt 0.1139177 0.7193061
vt 0.1360399 0.7297388
vt 0.1338647 0.729674
vt 0.1360559 0.7299591
vt 0.1261693 0.7103867
vt 0.1264344 0.7114517
vt 0.1284997 0.7079204
vt 0.133889 0.7292414
vt 0.1338647 0.729674
vt 0.1360104 0.7293994
vt 0.1164866 0.7140077
vt 0.1160151 0.7108616
vt 0.1118071 0.7156129
vt 0.1300004 0.7161347
vt 0.1282622 0.7157121
vt 0.1298113 0.7169311
vt 0.130789 0.7195035
vt 0.1305193 0.716693
vt 0.129882 0.7181755
vt 0.1360104 0.7293994
vt 0.135922 0.7283753
vt 0.133889 0.7292414
vt 0.1319351 0.7122989
vt 0.1303609 0.7097381
vt 0.1295019 0.7140565
vt 0.1158255 0.7086536
vt 0.1160151 0.7108616
vt 0.1179018 0.707147
vt 0.1229569 0.7097684
vt 0.1252459 0.7059443
vt 0.1206405 0.7072893
vt 0.1102759 0.7125965
vt 0.106315 0.7156191
vt 0.1118071 0.7156129
vt 0.1311975 0.7140801
vt 0.1295019 0.7140565
vt 0.1300004 0.7161347
vt 0.1311975 0.7140801
vt 0.1300004 0.7161347
vt 0.1315909 0.714535
vt 0.1284997 0.7079204
vt 0.1298847 0.7081905
vt 0.1324975 0.7055071
vt 0.1216322 0.7052387
vt 0.1252459 0.7059443
vt 0.1259769 0.7024606
vt 0.1284997 0.7079204
vt 0.1324975 0.7055071
vt 0.1268986 0.7041399
vt 0.1331644 0.7221343
vt 0.1322225 0.7212598
vt 0.132397 0.7218287
vt 0.1268986 0.7041399
vt 0.1310752 0.7014086
vt 0.1259769 0.7024606
vt 0.1340181 0.7115251
vt 0.1333076 0.7083669
vt 0.1319351 0.7122989
vt 0.1344377 0.7223483
vt 0.1340301 0.7219074
vt 0.1331644 0.7221343
vt 0.1353876 0.7223366
vt 0.1353458 0.7219243
vt 0.1344377 0.7223483
vt 0.1305193 0.716693
vt 0.1344394 0.7181741
vt 0.1315909 0.714535
vt 0.1340301 0.7219074
vt 0.1353458 0.7219243
vt 0.1345835 0.7202191
vt 0.1334679 0.7217284
vt 0.1347246 0.7188919
vt 0.1322225 0.7212598
vt 0.1348643 0.7189294
vt 0.1347246 0.7188919
vt 0.1345835 0.7202191
vt 0.1315909 0.714535
vt 0.1346221 0.7179623
vt 0.1343168 0.7130763
vt 0.1388084 0.7257082
vt 0.1369071 0.7219849
vt 0.1371264 0.7263928
vt 0.1363136 0.7221601
vt 0.1353876 0.7223366
vt 0.1371264 0.7263928
vt 0.1428977 0.7256025
vt 0.1434646 0.7250426
vt 0.1426247 0.7253076
vt 0.1422172 0.7248611
vt 0.1428247 0.7242209
vt 0.1414034 0.7237517
vt 0.1431866 0.7246696
vt 0.1436657 0.7241123
vt 0.1428247 0.7242209
vt 0.1434746 0.7189146
vt 0.1429704 0.7213728
vt 0.1452298 0.7202946
vt 0.1432813 0.7170979
vt 0.1434746 0.7189146
vt 0.1454823 0.7177761
vt 0.1450075 0.715133
vt 0.1435682 0.7121878
vt 0.1426501 0.7154643
vt 0.128013 0.7226683
vt 0.126756 0.723561
vt 0.1286842 0.7237275
vt 0.1249172 0.7174679
vt 0.125598 0.7174634
vt 0.125607 0.7147664
vt 0.1257647 0.7217706
vt 0.1275131 0.7213079
vt 0.1254356 0.7196606
vt 0.126267 0.714966
vt 0.1282622 0.7157121
vt 0.1276692 0.712341
vt 0.1295019 0.7140565
vt 0.1311975 0.7140801
vt 0.1319351 0.7122989
vt 0.129244 0.7243121
vt 0.1301314 0.7249412
vt 0.1315827 0.7213474
vt 0.129244 0.7243121
vt 0.1315827 0.7213474
vt 0.1286842 0.7237275
vt 0.1301314 0.7249412
vt 0.1323512 0.7261203
vt 0.132397 0.7218287
vt 0.134162 0.7265692
vt 0.1339914 0.7282589
vt 0.1357743 0.7266242
vt 0.1353876 0.7223366
vt 0.1344377 0.7223483
vt 0.1357743 0.7266242
vt 0.134162 0.7265692
vt 0.1344377 0.7223483
vt 0.1323512 0.7261203
vt 0.1414034 0.7237517
vt 0.1386961 0.7209389
vt 0.1388084 0.7257082
vt 0.1428247 0.7242209
vt 0.1433509 0.7236433
vt 0.1421157 0.7230036
vt 0.1386961 0.7209389
vt 0.1414034 0.7237517
vt 0.1389653 0.7206704
vt 0.1365021 0.7081661
vt 0.1364275 0.7073439
vt 0.1333076 0.7083669
vt 0.1364275 0.7073439
vt 0.1363567 0.7064044
vt 0.1331616 0.7077096
vt 0.1363567 0.7064044
vt 0.1364275 0.7073439
vt 0.1410661 0.707378
vt 0.1364275 0.7073439
vt 0.1365021 0.7081661
vt 0.1406893 0.7083869
vt 0.1298847 0.7081905
vt 0.1264344 0.7114517
vt 0.1301842 0.7089766
vt 0.1301842 0.7089766
vt 0.1271373 0.71184
vt 0.1303609 0.7097381
vt 0.1303609 0.7097381
vt 0.1333076 0.7083669
vt 0.1301842 0.7089766
vt 0.1301842 0.7089766
vt 0.1331616 0.7077096
vt 0.1298847 0.7081905
vt 0.1406893 0.7083869
vt 0.1404504 0.7093019
vt 0.1443324 0.7117132
vt 0.1319351 0.7122989
vt 0.1326659 0.7132232
vt 0.1340181 0.7115251
vt 0.1413839 0.7138089
vt 0.1395096 0.7123205
vt 0.1396036 0.7147249
vt 0.1401056 0.7157789
vt 0.1402596 0.7168685
vt 0.1426501 0.7154643
vt 0.1343868 0.7184482
vt 0.130789 0.7195035
vt 0.1344886 0.7187128
vt 0.130789 0.7195035
vt 0.1343868 0.7184482
vt 0.1305193 0.716693
vt 0.1317677 0.7291996
vt 0.1317225 0.7293888
vt 0.1338647 0.729674
vt 0.1285676 0.7267693
vt 0.1286751 0.7272457
vt 0.1317677 0.7291996
vt 0.1401575 0.728479
vt 0.1381712 0.7293029
vt 0.1402312 0.7286543
vt 0.1381712 0.7293029
vt 0.1360399 0.7297388
vt 0.1382138 0.7294724
vt 0.1436076 0.7255164
vt 0.1438692 0.7258275
vt 0.1441435 0.7253131
vt 0.1226987 0.7197828
vt 0.1231665 0.7170749
vt 0.120914 0.7185896
vt 0.1188997 0.7127272
vt 0.1182722 0.7157299
vt 0.121204 0.7150878
vt 0.1221542 0.7114548
vt 0.1229569 0.7097684
vt 0.1199122 0.7090793
vt 0.1383483 0.7206358
vt 0.1395286 0.7180311
vt 0.1354926 0.7186099
vt 0.1395286 0.7180311
vt 0.1392437 0.715499
vt 0.1355189 0.718327
vt 0.1471574 0.714646
vt 0.1468012 0.7147682
vt 0.1480358 0.7181672
vt 0.1428977 0.7256025
vt 0.1401575 0.728479
vt 0.1430442 0.7258434
vt 0.136313 0.7003829
vt 0.1365616 0.7050933
vt 0.1397833 0.7009603
vt 0.1442957 0.7256612
vt 0.1443713 0.7272046
vt 0.1447215 0.7255393
vt 0.1262022 0.7284715
vt 0.1273614 0.7286323
vt 0.1267691 0.7269727
vt 0.1362942 0.7327366
vt 0.1307114 0.7290594
vt 0.1363525 0.7334144
vt 0.2273498 0.8718676
vt 0.2271671 0.8719496
vt 0.2274717 0.8722933
vt 0.2271236 0.8724456
vt 0.2272909 0.87234
vt 0.2269805 0.8720387
vt 0.2306916 0.878515
vt 0.2312101 0.8805782
vt 0.2311135 0.8784174
vt 0.2069048 0.8800259
vt 0.2073181 0.8840899
vt 0.2082158 0.880231
vt 0.2069048 0.8800259
vt 0.2021946 0.8802739
vt 0.2073181 0.8840899
vt 0.2297434 0.8787844
vt 0.2301861 0.8806666
vt 0.2306916 0.878515
vt 0.2284349 0.8808144
vt 0.2301861 0.8806666
vt 0.2282035 0.8794624
vt 0.2298706 0.8766079
vt 0.2306916 0.878515
vt 0.2302896 0.8764312
vt 0.2287152 0.8700764
vt 0.2286925 0.8711632
vt 0.229363 0.8705085
vt 0.2305034 0.8750273
vt 0.2299867 0.8754218
vt 0.235225 0.8802356
vt 0.2069048 0.8800259
vt 0.2082158 0.880231
vt 0.207561 0.8770904
vt 0.2133361 0.88257
vt 0.2132329 0.8803039
vt 0.2101779 0.8832801
vt 0.2289812 0.8770521
vt 0.2297434 0.8787844
vt 0.2298706 0.8766079
vt 0.2289812 0.8770521
vt 0.227519 0.8777804
vt 0.2297434 0.8787844
vt 0.2301869 0.8740924
vt 0.2307077 0.8723215
vt 0.229015 0.8722176
vt 0.2303954 0.8696876
vt 0.2294959 0.8689348
vt 0.229363 0.8705085
vt 0.2143023 0.8823663
vt 0.2148872 0.8822715
vt 0.2143219 0.8804768
vt 0.2083841 0.8748552
vt 0.2091898 0.8755219
vt 0.2108817 0.8719964
vt 0.2270944 0.8712857
vt 0.2286925 0.8711632
vt 0.2268792 0.8708954
vt 0.2321022 0.8708588
vt 0.2321997 0.8675661
vt 0.2303954 0.8696876
vt 0.2272045 0.8715317
vt 0.2270149 0.8716339
vt 0.2273498 0.8718676
vt 0.2091898 0.8755219
vt 0.2101987 0.8758988
vt 0.2129212 0.8714234
vt 0.2056849 0.8713258
vt 0.2027724 0.8768039
vt 0.2083841 0.8748552
vt 0.2270944 0.8712857
vt 0.2268913 0.8714059
vt 0.2272045 0.8715317
vt 0.2268792 0.8708954
vt 0.2266562 0.8710672
vt 0.2270944 0.8712857
vt 0.2305034 0.8750273
vt 0.2335269 0.8738162
vt 0.2301869 0.8740924
vt 0.2271183 0.8739643
vt 0.2298706 0.8766079
vt 0.2274131 0.8736913
vt 0.2270149 0.8716339
vt 0.2268139 0.8717561
vt 0.2271671 0.8719496
vt 0.2268913 0.8714059
vt 0.2266883 0.871543
vt 0.2270149 0.8716339
vt 0.2301869 0.8740924
vt 0.2352163 0.8710033
vt 0.2321022 0.8708588
vt 0.2265518 0.8704523
vt 0.2262983 0.8707073
vt 0.2268792 0.8708954
vt 0.2266562 0.8710672
vt 0.2264532 0.8712687
vt 0.2268913 0.8714059
vt 0.2132329 0.8803039
vt 0.2133361 0.88257
vt 0.2143219 0.8804768
vt 0.2076444 0.8693398
vt 0.2056849 0.8713258
vt 0.2108817 0.8719964
vt 0.2076444 0.8693398
vt 0.2108817 0.8719964
vt 0.2106728 0.8668229
vt 0.2298706 0.8766079
vt 0.2271183 0.8739643
vt 0.2289812 0.8770521
vt 0.2263259 0.87269
vt 0.2268533 0.8731244
vt 0.2271236 0.8724456
vt 0.214132 0.8770788
vt 0.2111135 0.8761378
vt 0.2132329 0.8803039
vt 0.2262983 0.8707073
vt 0.2260971 0.8710062
vt 0.2266562 0.8710672
vt 0.2129212 0.8714234
vt 0.2140914 0.8708104
vt 0.2126853 0.8700901
vt 0.225676 0.8703919
vt 0.2262983 0.8707073
vt 0.2258927 0.8698493
vt 0.2140914 0.8708104
vt 0.2164577 0.8694317
vt 0.2145206 0.869108
vt 0.2289812 0.8770521
vt 0.2266718 0.8743717
vt 0.227519 0.8777804
vt 0.2255848 0.8708609
vt 0.2260971 0.8710062
vt 0.225676 0.8703919
vt 0.2247457 0.869284
vt 0.2258927 0.8698493
vt 0.2248914 0.8688823
vt 0.225923 0.8729234
vt 0.2264803 0.8734024
vt 0.2263259 0.87269
vt 0.2106728 0.8668229
vt 0.2126853 0.8700901
vt 0.2123086 0.8659161
vt 0.2232731 0.8687736
vt 0.2247457 0.869284
vt 0.2237704 0.8686494
vt 0.2237704 0.8686494
vt 0.2196098 0.867785
vt 0.2232731 0.8687736
vt 0.2234406 0.8799261
vt 0.2237352 0.881243
vt 0.223971 0.8802751
vt 0.225341 0.8714601
vt 0.2263259 0.87269
vt 0.2268139 0.8717561
vt 0.2246329 0.8718885
vt 0.225923 0.8729234
vt 0.225341 0.8714601
vt 0.2164577 0.8694317
vt 0.2199785 0.8685537
vt 0.2165414 0.8681834
vt 0.2287152 0.8700764
vt 0.2294959 0.8689348
vt 0.2248914 0.8688823
vt 0.2321997 0.8675661
vt 0.2254595 0.8668271
vt 0.2294959 0.8689348
vt 0.2237704 0.8686494
vt 0.2251546 0.8679113
vt 0.2196098 0.867785
vt 0.2123086 0.8659161
vt 0.2145206 0.869108
vt 0.2158955 0.8649466
vt 0.2247457 0.869284
vt 0.224848 0.870275
vt 0.2258927 0.8698493
vt 0.2247457 0.869284
vt 0.2232731 0.8687736
vt 0.224848 0.870275
vt 0.2250497 0.870988
vt 0.225341 0.8714601
vt 0.2255848 0.8708609
vt 0.2135251 0.8722563
vt 0.2168152 0.8707248
vt 0.2129212 0.8714234
vt 0.2156205 0.8752048
vt 0.2139996 0.8730204
vt 0.214132 0.8770788
vt 0.2250497 0.870988
vt 0.2255848 0.8708609
vt 0.2248581 0.8708175
vt 0.225341 0.8714601
vt 0.2250497 0.870988
vt 0.2246329 0.8718885
vt 0.2260317 0.8737644
vt 0.2266718 0.8743717
vt 0.2264803 0.8734024
vt 0.2158955 0.8649466
vt 0.2165414 0.8681834
vt 0.2180765 0.8648155
vt 0.2232731 0.8687736
vt 0.2199785 0.8685537
vt 0.222911 0.8699171
vt 0.2168152 0.8707248
vt 0.2198727 0.8702994
vt 0.21658 0.869788
vt 0.2321997 0.8675661
vt 0.2264528 0.8648155
vt 0.2254595 0.8668271
vt 0.2139996 0.8730204
vt 0.2169446 0.8715815
vt 0.2135251 0.8722563
vt 0.2241469 0.8722811
vt 0.2254541 0.8732382
vt 0.2246329 0.8718885
vt 0.2132329 0.8803039
vt 0.2143219 0.8804768
vt 0.214132 0.8770788
vt 0.2234406 0.8799261
vt 0.2219043 0.8808436
vt 0.2237352 0.881243
vt 0.222911 0.8699171
vt 0.2200186 0.8693921
vt 0.2224999 0.8706897
vt 0.2198727 0.8702994
vt 0.2168152 0.8707248
vt 0.2195874 0.871107
vt 0.2143219 0.8804768
vt 0.2154372 0.8792
vt 0.2156395 0.8777277
vt 0.2195874 0.871107
vt 0.2221057 0.8713595
vt 0.2198727 0.8702994
vt 0.2246329 0.8718885
vt 0.2224999 0.8706897
vt 0.2241469 0.8722811
vt 0.2172757 0.8739387
vt 0.2189092 0.8733077
vt 0.2169446 0.8715815
vt 0.2254541 0.8732382
vt 0.2241469 0.8722811
vt 0.2238546 0.8738636
vt 0.2165362 0.8769851
vt 0.2175902 0.8764831
vt 0.2156205 0.8752048
vt 0.2186798 0.8763291
vt 0.2197785 0.8763351
vt 0.2189092 0.8733077
vt 0.2217061 0.8770878
vt 0.2224814 0.8776236
vt 0.2238546 0.8738636
vt 0.2197785 0.8763351
vt 0.2186798 0.8763291
vt 0.2198423 0.8770602
vt 0.2197785 0.8763351
vt 0.2208045 0.8766355
vt 0.2207258 0.8731145
vt 0.2208045 0.8766355
vt 0.2217061 0.8770878
vt 0.2231838 0.8736187
vt 0.2224468 0.8782406
vt 0.2217061 0.8770878
vt 0.2198423 0.8770602
vt 0.2196877 0.8817021
vt 0.219712 0.8814205
vt 0.2148872 0.8822715
vt 0.2231547 0.8794033
vt 0.2206484 0.8812699
vt 0.2219043 0.8808436
vt 0.2204209 0.8810961
vt 0.2206484 0.8812699
vt 0.2224468 0.8782406
vt 0.219712 0.8814205
vt 0.2198792 0.8811889
vt 0.2154372 0.8792
vt 0.2283776 0.8903556
vt 0.2284754 0.8901142
vt 0.2281604 0.8902362
vt 0.2283716 0.8897021
vt 0.228265 0.8900241
vt 0.2285788 0.8897666
vt 0.2284754 0.8901142
vt 0.2283776 0.8903556
vt 0.2286821 0.890191
vt 0.2286821 0.890191
vt 0.2287837 0.8898201
vt 0.2284754 0.8901142
vt 0.2283776 0.8903556
vt 0.22817 0.8907227
vt 0.228598 0.8904558
vt 0.2285788 0.8897666
vt 0.2286437 0.8894439
vt 0.2283716 0.8897021
vt 0.2281604 0.8902362
vt 0.2279455 0.8905348
vt 0.2283776 0.8903556
vt 0.2288311 0.8893553
vt 0.2286437 0.8894439
vt 0.2287837 0.8898201
vt 0.2279455 0.8905348
vt 0.2275965 0.8908297
vt 0.22817 0.8907227
vt 0.22817 0.8907227
vt 0.2278295 0.8911244
vt 0.2284163 0.8908791
vt 0.228536 0.888935
vt 0.2284725 0.8892599
vt 0.2288833 0.8890074
vt 0.2278295 0.8911244
vt 0.2275965 0.8908297
vt 0.2272072 0.8915008
vt 0.2272072 0.8915008
vt 0.2274775 0.892052
vt 0.2278295 0.8911244
vt 0.2260461 0.8900372
vt 0.226593 0.8903092
vt 0.2271049 0.888882
vt 0.2284597 0.8893815
vt 0.2276616 0.8891273
vt 0.2283716 0.8897021
vt 0.228265 0.8900241
vt 0.2270388 0.8900295
vt 0.2281604 0.8902362
vt 0.2281604 0.8902362
vt 0.2268111 0.8904308
vt 0.2279455 0.8905348
vt 0.226593 0.8903092
vt 0.2260461 0.8900372
vt 0.2245183 0.8921546
vt 0.2264465 0.8909273
vt 0.226318 0.8911506
vt 0.2270723 0.8910173
vt 0.2288833 0.8890074
vt 0.2289469 0.8887608
vt 0.228536 0.888935
vt 0.2272248 0.8881007
vt 0.2271049 0.888882
vt 0.2277123 0.8884042
vt 0.2260461 0.8900372
vt 0.2253717 0.8898332
vt 0.2240967 0.8914127
vt 0.2271049 0.888882
vt 0.2267248 0.8886736
vt 0.2260461 0.8900372
vt 0.2281121 0.8886259
vt 0.2276616 0.8891273
vt 0.2284725 0.8892599
vt 0.2281121 0.8886259
vt 0.2277123 0.8884042
vt 0.2276616 0.8891273
vt 0.2272072 0.8915008
vt 0.226364 0.8916979
vt 0.2274775 0.892052
vt 0.2240967 0.8914127
vt 0.2235811 0.8908244
vt 0.2217569 0.8918242
vt 0.2245183 0.8921546
vt 0.2240967 0.8914127
vt 0.2219033 0.8925816
vt 0.2263069 0.8927306
vt 0.226364 0.8916979
vt 0.2248303 0.8932512
vt 0.2219033 0.8925816
vt 0.221872 0.8932531
vt 0.2245183 0.8921546
vt 0.2264792 0.8931531
vt 0.2263069 0.8927306
vt 0.2253072 0.8933849
vt 0.2289469 0.8887608
vt 0.2291108 0.8882345
vt 0.2285992 0.8886736
vt 0.2285804 0.8880214
vt 0.2283371 0.8878435
vt 0.2281121 0.8886259
vt 0.2283371 0.8878435
vt 0.2277656 0.8874316
vt 0.2277123 0.8884042
vt 0.2253072 0.8933849
vt 0.2248303 0.8932512
vt 0.2215929 0.8938904
vt 0.2219033 0.8925816
vt 0.2217569 0.8918242
vt 0.2191976 0.8924042
vt 0.2192735 0.8909907
vt 0.219278 0.8916716
vt 0.2214708 0.8911533
vt 0.228598 0.8904558
vt 0.2284163 0.8908791
vt 0.2302827 0.8903872
vt 0.2215929 0.8938904
vt 0.222351 0.895603
vt 0.2253072 0.8933849
vt 0.2272411 0.8954958
vt 0.226763 0.8942146
vt 0.2235166 0.897656
vt 0.2304435 0.8892279
vt 0.2313455 0.8871726
vt 0.2291108 0.8882345
vt 0.2253717 0.8898332
vt 0.224479 0.888576
vt 0.2235811 0.8908244
vt 0.221872 0.8932531
vt 0.2191349 0.8926803
vt 0.2215929 0.8938904
vt 0.2255382 0.8879048
vt 0.2267248 0.8886736
vt 0.2261229 0.887345
vt 0.2302827 0.8903872
vt 0.2311329 0.8897771
vt 0.2304435 0.8892279
vt 0.2172809 0.8919807
vt 0.2178061 0.8931103
vt 0.2191349 0.8926803
vt 0.2272411 0.8954958
vt 0.2235166 0.897656
vt 0.2281099 0.8966566
vt 0.2193892 0.8987154
vt 0.2235166 0.897656
vt 0.2203993 0.8956751
vt 0.231429 0.8926615
vt 0.2304471 0.8915455
vt 0.2264792 0.8931531
vt 0.2311329 0.8897771
vt 0.2302827 0.8903872
vt 0.2310892 0.8909932
vt 0.2272248 0.8881007
vt 0.2277656 0.8874316
vt 0.2261229 0.887345
vt 0.2203993 0.8956751
vt 0.218661 0.8955894
vt 0.2193892 0.8987154
vt 0.2191671 0.8890446
vt 0.2192735 0.8909907
vt 0.2207345 0.8893435
vt 0.2191976 0.8924042
vt 0.219278 0.8916716
vt 0.2163094 0.89167
vt 0.2264927 0.90131152
vt 0.2289106 0.8974922
vt 0.2248452 0.8997626
vt 0.2163094 0.89167
vt 0.215483 0.8923579
vt 0.2172809 0.8919807
vt 0.2323221 0.8887736
vt 0.2314638 0.8861638
vt 0.2313455 0.8871726
vt 0.2310109 0.8848209
vt 0.2305703 0.8847204
vt 0.2285804 0.8880214
vt 0.2168973 0.8953847
vt 0.218661 0.8955894
vt 0.2178061 0.8931103
vt 0.2304471 0.8915455
vt 0.231429 0.8926615
vt 0.2310892 0.8909932
vt 0.2175225 0.8883263
vt 0.2167762 0.8903214
vt 0.2191671 0.8890446
vt 0.2281099 0.8966566
vt 0.2343505 0.8936839
vt 0.2272411 0.8954958
vt 0.2168973 0.8953847
vt 0.2178061 0.8931103
vt 0.2151623 0.8950153
vt 0.2277656 0.8874316
vt 0.2283371 0.8878435
vt 0.2296221 0.8844387
vt 0.2296221 0.8844387
vt 0.2279312 0.8842376
vt 0.2277656 0.8874316
vt 0.2248452 0.8997626
vt 0.2235166 0.897656
vt 0.2211148 0.90267212
vt 0.2323221 0.8887736
vt 0.2338948 0.8903423
vt 0.2351235 0.8866327
vt 0.2163094 0.89167
vt 0.2165765 0.8909814
vt 0.2132619 0.8901536
vt 0.2163094 0.89167
vt 0.2132619 0.8901536
vt 0.215483 0.8923579
vt 0.2233154 0.90526224
vt 0.2264927 0.90131152
vt 0.2211148 0.90267212
vt 0.2136502 0.8894507
vt 0.2165765 0.8909814
vt 0.2141513 0.8889189
vt 0.231485 0.8827238
vt 0.2310523 0.8826995
vt 0.2310109 0.8848209
vt 0.2151623 0.8950153
vt 0.2132643 0.8944339
vt 0.2145363 0.8976886
vt 0.2371467 0.8899767
vt 0.2338948 0.8903423
vt 0.2343505 0.8936839
vt 0.2193892 0.8987154
vt 0.2158164 0.90010214
vt 0.2211148 0.90267212
vt 0.2310523 0.8826995
vt 0.2300698 0.8825973
vt 0.2305703 0.8847204
vt 0.215483 0.8923579
vt 0.2121968 0.8904186
vt 0.2132643 0.8944339
vt 0.2231184 0.8890759
vt 0.2218214 0.8861128
vt 0.2207345 0.8893435
vt 0.2187417 0.8867772
vt 0.2191671 0.8890446
vt 0.2199861 0.8867066
vt 0.224479 0.888576
vt 0.2224077 0.8857283
vt 0.2231184 0.8890759
vt 0.2300698 0.8825973
vt 0.2283801 0.8824267
vt 0.2296221 0.8844387
vt 0.217421 0.9047823
vt 0.2201617 0.90808678
vt 0.2211148 0.90267212
vt 0.2315495 0.8805485
vt 0.231485 0.8827238
vt 0.2317698 0.8805326
vt 0.2121968 0.8904186
vt 0.2132619 0.8901536
vt 0.2097308 0.8880879
vt 0.2310523 0.8826995
vt 0.231485 0.8827238
vt 0.2312101 0.8805782
vt 0.2158164 0.90010214
vt 0.21267 0.90057308
vt 0.217421 0.9047823
vt 0.2179452 0.886588
vt 0.2175225 0.8883263
vt 0.2187417 0.8867772
vt 0.2213142 0.8857997
vt 0.2185037 0.8860692
vt 0.2199861 0.8867066
vt 0.2312101 0.8805782
vt 0.2301861 0.8806666
vt 0.2310523 0.8826995
vt 0.2141097 0.8846531
vt 0.2115486 0.8862269
vt 0.215867 0.8870864
vt 0.2104619 0.90076238
vt 0.21267 0.90057308
vt 0.2089557 0.8986856
vt 0.211578 0.8936309
vt 0.2077543 0.8913413
vt 0.2090985 0.8959469
vt 0.2144041 0.90631301
vt 0.2174263 0.91027487
vt 0.217421 0.9047823
vt 0.2158909 0.8853909
vt 0.215867 0.8870864
vt 0.2179452 0.886588
vt 0.2158909 0.8853909
vt 0.2179452 0.886588
vt 0.2163457 0.8849975
vt 0.2097308 0.8880879
vt 0.2100011 0.8867029
vt 0.2073181 0.8840899
vt 0.2070481 0.8949549
vt 0.2077543 0.8913413
vt 0.2042708 0.8906097
vt 0.2097308 0.8880879
vt 0.2073181 0.8840899
vt 0.2059502 0.8896884
vt 0.2239452 0.8834244
vt 0.2230706 0.8843663
vt 0.2236396 0.8841918
vt 0.2059502 0.8896884
vt 0.2032196 0.8855115
vt 0.2042708 0.8906097
vt 0.2133361 0.88257
vt 0.2101779 0.8832801
vt 0.2141097 0.8846531
vt 0.2241593 0.8821511
vt 0.2237182 0.8825587
vt 0.2239452 0.8834244
vt 0.2241475 0.8812012
vt 0.2237352 0.881243
vt 0.2241593 0.8821511
vt 0.2185037 0.8860692
vt 0.2199851 0.8821493
vt 0.2163457 0.8849975
vt 0.2237182 0.8825587
vt 0.2237352 0.881243
vt 0.2220301 0.8820051
vt 0.2235394 0.8831209
vt 0.220703 0.8818641
vt 0.2230706 0.8843663
vt 0.2207404 0.8817243
vt 0.220703 0.8818641
vt 0.2220301 0.8820051
vt 0.2163457 0.8849975
vt 0.2197733 0.8819666
vt 0.2148872 0.8822715
vt 0.227519 0.8777804
vt 0.2237958 0.8796817
vt 0.2282035 0.8794624
vt 0.223971 0.8802751
vt 0.2241475 0.8812012
vt 0.2282035 0.8794624
vt 0.2274131 0.8736913
vt 0.2268533 0.8731244
vt 0.2271183 0.8739643
vt 0.2266718 0.8743717
vt 0.2260317 0.8737644
vt 0.2255625 0.8751856
vt 0.2264803 0.8734024
vt 0.225923 0.8729234
vt 0.2260317 0.8737644
vt 0.2207258 0.8731145
vt 0.2231838 0.8736187
vt 0.2221057 0.8713595
vt 0.2189092 0.8733077
vt 0.2207258 0.8731145
vt 0.2195874 0.871107
vt 0.2169446 0.8715815
vt 0.2139996 0.8730204
vt 0.2172757 0.8739387
vt 0.224479 0.888576
vt 0.2253717 0.8898332
vt 0.2255382 0.8879048
vt 0.219278 0.8916716
vt 0.2192735 0.8909907
vt 0.2165765 0.8909814
vt 0.2235811 0.8908244
vt 0.2231184 0.8890759
vt 0.2214708 0.8911533
vt 0.2167762 0.8903214
vt 0.2175225 0.8883263
vt 0.2141513 0.8889189
vt 0.215867 0.8870864
vt 0.2158909 0.8853909
vt 0.2141097 0.8846531
vt 0.2261229 0.887345
vt 0.2267521 0.8864575
vt 0.2231581 0.8850061
vt 0.2261229 0.887345
vt 0.2231581 0.8850061
vt 0.2255382 0.8879048
vt 0.2267521 0.8864575
vt 0.2279312 0.8842376
vt 0.2236396 0.8841918
vt 0.2283801 0.8824267
vt 0.2300698 0.8825973
vt 0.2284349 0.8808144
vt 0.2241475 0.8812012
vt 0.2241593 0.8821511
vt 0.2284349 0.8808144
vt 0.2283801 0.8824267
vt 0.2241593 0.8821511
vt 0.2279312 0.8842376
vt 0.2255625 0.8751856
vt 0.2227499 0.8778928
vt 0.227519 0.8777804
vt 0.2260317 0.8737644
vt 0.2254541 0.8732382
vt 0.2248144 0.8744733
vt 0.2227499 0.8778928
vt 0.2255625 0.8751856
vt 0.2224814 0.8776236
vt 0.2099775 0.8800858
vt 0.2091552 0.8801603
vt 0.2101779 0.8832801
vt 0.2091552 0.8801603
vt 0.2082158 0.880231
vt 0.2095206 0.8834261
vt 0.2082158 0.880231
vt 0.2091552 0.8801603
vt 0.2091898 0.8755219
vt 0.2091552 0.8801603
vt 0.2099775 0.8800858
vt 0.2101987 0.8758988
vt 0.2100011 0.8867029
vt 0.2132619 0.8901536
vt 0.2107872 0.8864035
vt 0.2107872 0.8864035
vt 0.2136502 0.8894507
vt 0.2115486 0.8862269
vt 0.2115486 0.8862269
vt 0.2101779 0.8832801
vt 0.2107872 0.8864035
vt 0.2107872 0.8864035
vt 0.2095206 0.8834261
vt 0.2100011 0.8867029
vt 0.2101987 0.8758988
vt 0.2111135 0.8761378
vt 0.2135251 0.8722563
vt 0.2141097 0.8846531
vt 0.215034 0.8839223
vt 0.2133361 0.88257
vt 0.2156205 0.8752048
vt 0.214132 0.8770788
vt 0.2165362 0.8769851
vt 0.2175902 0.8764831
vt 0.2186798 0.8763291
vt 0.2172757 0.8739387
vt 0.2202591 0.8822018
vt 0.2213142 0.8857997
vt 0.2205238 0.8821001
vt 0.2213142 0.8857997
vt 0.2202591 0.8822018
vt 0.2185037 0.8860692
vt 0.2310109 0.8848209
vt 0.2312001 0.884866
vt 0.231485 0.8827238
vt 0.2285804 0.8880214
vt 0.2290568 0.8879139
vt 0.2310109 0.8848209
vt 0.2302896 0.8764312
vt 0.2311135 0.8784174
vt 0.2304649 0.8763575
vt 0.2311135 0.8784174
vt 0.2315495 0.8805485
vt 0.2312831 0.8783748
vt 0.227327 0.8729814
vt 0.227638 0.8727198
vt 0.2271236 0.8724456
vt 0.2215929 0.8938904
vt 0.2188847 0.8934223
vt 0.2203993 0.8956751
vt 0.2145363 0.8976886
vt 0.217539 0.8983167
vt 0.2168973 0.8953847
vt 0.2132643 0.8944339
vt 0.211578 0.8936309
vt 0.2108884 0.8966755
vt 0.2224468 0.8782406
vt 0.2198423 0.8770602
vt 0.2204209 0.8810961
vt 0.2198423 0.8770602
vt 0.2173103 0.877345
vt 0.220138 0.8810697
vt 0.2164577 0.8694317
vt 0.21658 0.869788
vt 0.2199785 0.8685537
vt 0.2274131 0.8736913
vt 0.2302896 0.8764312
vt 0.227654 0.8735448
vt 0.2021946 0.8802739
vt 0.2069048 0.8800259
vt 0.2027724 0.8768039
vt 0.2274717 0.8722933
vt 0.229015 0.8722176
vt 0.2273498 0.8718676
vt 0.2302827 0.8903872
vt 0.2304435 0.8892279
vt 0.2287837 0.8898201
vt 0.2345472 0.880294
vt 0.2308708 0.8858773
vt 0.235225 0.8802356
vt 0.2273525 0.8259941
vt 0.2271697 0.826076
vt 0.2274744 0.8264199
vt 0.2271261 0.8265722
vt 0.2272935 0.8264666
vt 0.226983 0.8261651
vt 0.2306926 0.8326435
vt 0.2312105 0.8347068
vt 0.2311146 0.832546
vt 0.2069042 0.8341526
vt 0.207318 0.8382168
vt 0.2082154 0.8343576
vt 0.2069042 0.8341526
vt 0.2021938 0.8344012
vt 0.207318 0.8382168
vt 0.2297444 0.8329126
vt 0.2301865 0.8347949
vt 0.2306926 0.8326435
vt 0.2284353 0.8349423
vt 0.2301865 0.8347949
vt 0.2282043 0.8335901
vt 0.2298722 0.8307361
vt 0.2306926 0.8326435
vt 0.2302914 0.8305595
vt 0.2287189 0.8242027
vt 0.2286959 0.8252899
vt 0.2293668 0.8246351
vt 0.2305058 0.8291558
vt 0.2299889 0.82955
vt 0.2352252 0.8343655
vt 0.2069042 0.8341526
vt 0.2082154 0.8343576
vt 0.2075603 0.8312168
vt 0.2133361 0.8366965
vt 0.2132327 0.8344302
vt 0.2101777 0.8374068
vt 0.2289826 0.83118
vt 0.2297444 0.8329126
vt 0.2298722 0.8307361
vt 0.2289826 0.83118
vt 0.2275201 0.831908
vt 0.2297444 0.8329126
vt 0.2301898 0.8282204
vt 0.2307113 0.8264492
vt 0.2290182 0.8263447
vt 0.2303999 0.8238142
vt 0.2295002 0.8230609
vt 0.2293668 0.8246351
vt 0.2143022 0.8364927
vt 0.2148872 0.8363979
vt 0.2143219 0.8346032
vt 0.2083833 0.8289813
vt 0.2091892 0.8296481
vt 0.210881 0.8261219
vt 0.2270972 0.825412
vt 0.2286959 0.8252899
vt 0.2268821 0.8250215
vt 0.2321068 0.8249863
vt 0.2322054 0.8216924
vt 0.2303999 0.8238142
vt 0.2272072 0.825658
vt 0.2270175 0.8257602
vt 0.2273525 0.8259941
vt 0.2091892 0.8296481
vt 0.2101981 0.8300249
vt 0.2129208 0.8255488
vt 0.2056834 0.8254517
vt 0.2027711 0.8309308
vt 0.2083833 0.8289813
vt 0.2270972 0.825412
vt 0.2268939 0.8255322
vt 0.2272072 0.825658
vt 0.2268821 0.8250215
vt 0.2266589 0.8251933
vt 0.2270972 0.825412
vt 0.2305058 0.8291558
vt 0.233531 0.8279453
vt 0.2301898 0.8282204
vt 0.2271204 0.8280913
vt 0.2298722 0.8307361
vt 0.2274153 0.8278182
vt 0.2270175 0.8257602
vt 0.2268164 0.8258824
vt 0.2271697 0.826076
vt 0.2268939 0.8255322
vt 0.2266909 0.8256692
vt 0.2270175 0.8257602
vt 0.2301898 0.8282204
vt 0.235222 0.825132
vt 0.2321068 0.8249863
vt 0.2265546 0.8245782
vt 0.226301 0.8248331
vt 0.2268821 0.8250215
vt 0.2266589 0.8251933
vt 0.2264558 0.8253948
vt 0.2268939 0.8255322
vt 0.2132327 0.8344302
vt 0.2133361 0.8366965
vt 0.2143219 0.8346032
vt 0.2076429 0.8234652
vt 0.2056834 0.8254517
vt 0.210881 0.8261219
vt 0.2076429 0.8234652
vt 0.210881 0.8261219
vt 0.2106717 0.8209476
vt 0.2298722 0.8307361
vt 0.2271204 0.8280913
vt 0.2289826 0.83118
vt 0.2263281 0.8268164
vt 0.2268555 0.8272511
vt 0.2271261 0.8265722
vt 0.2141318 0.8312049
vt 0.2111131 0.8302638
vt 0.2132327 0.8344302
vt 0.226301 0.8248331
vt 0.2260996 0.8251321
vt 0.2266589 0.8251933
vt 0.2129208 0.8255488
vt 0.2140911 0.8249357
vt 0.2126848 0.8242152
vt 0.2256785 0.8245175
vt 0.226301 0.8248331
vt 0.2258954 0.8239748
vt 0.2140911 0.8249357
vt 0.2164579 0.8235566
vt 0.2145203 0.8232329
vt 0.2289826 0.83118
vt 0.2266737 0.8284986
vt 0.2275201 0.831908
vt 0.2255872 0.8249867
vt 0.2260996 0.8251321
vt 0.2256785 0.8245175
vt 0.2247481 0.8234091
vt 0.2258954 0.8239748
vt 0.224894 0.8230073
vt 0.2259251 0.8270498
vt 0.2264824 0.8275291
vt 0.2263281 0.8268164
vt 0.2106717 0.8209476
vt 0.2126848 0.8242152
vt 0.2123077 0.8200404
vt 0.2232751 0.8228984
vt 0.2247481 0.8234091
vt 0.2237726 0.8227742
vt 0.2237726 0.8227742
vt 0.2196107 0.8219095
vt 0.2232751 0.8228984
vt 0.223441 0.8340529
vt 0.2237355 0.8353699
vt 0.2239714 0.8344021
vt 0.2253432 0.825586
vt 0.2263281 0.8268164
vt 0.2268164 0.8258824
vt 0.2246349 0.8260144
vt 0.2259251 0.8270498
vt 0.2253432 0.825586
vt 0.2164579 0.8235566
vt 0.2199796 0.8226784
vt 0.2165416 0.8223079
vt 0.2287189 0.8242027
vt 0.2295002 0.8230609
vt 0.224894 0.8230073
vt 0.2322054 0.8216924
vt 0.2254626 0.8209513
vt 0.2295002 0.8230609
vt 0.2237726 0.8227742
vt 0.2251574 0.8220359
vt 0.2196107 0.8219095
vt 0.2123077 0.8200404
vt 0.2145203 0.8232329
vt 0.2158954 0.8190703
vt 0.2247481 0.8234091
vt 0.2248503 0.8244005
vt 0.2258954 0.8239748
vt 0.2247481 0.8234091
vt 0.2232751 0.8228984
vt 0.2248503 0.8244005
vt 0.2250519 0.8251138
vt 0.2253432 0.825586
vt 0.2255872 0.8249867
vt 0.2135248 0.8263818
vt 0.2168155 0.8248499
vt 0.2129208 0.8255488
vt 0.2156205 0.8293306
vt 0.2139994 0.827146
vt 0.2141318 0.8312049
vt 0.2250519 0.8251138
vt 0.2255872 0.8249867
vt 0.2248603 0.8249431
vt 0.2253432 0.825586
vt 0.2250519 0.8251138
vt 0.2246349 0.8260144
vt 0.2260336 0.827891
vt 0.2266737 0.8284986
vt 0.2264824 0.8275291
vt 0.2158954 0.8190703
vt 0.2165416 0.8223079
vt 0.218077 0.8189391
vt 0.2232751 0.8228984
vt 0.2199796 0.8226784
vt 0.2229127 0.8240423
vt 0.2168155 0.8248499
vt 0.2198737 0.8244245
vt 0.2165802 0.8239129
vt 0.2322054 0.8216924
vt 0.226457 0.8189392
vt 0.2254626 0.8209513
vt 0.2139994 0.827146
vt 0.2169449 0.8257068
vt 0.2135248 0.8263818
vt 0.2241487 0.826407
vt 0.2254559 0.8273646
vt 0.2246349 0.8260144
vt 0.2132327 0.8344302
vt 0.2143219 0.8346032
vt 0.2141318 0.8312049
vt 0.223441 0.8340529
vt 0.2219045 0.8349703
vt 0.2237355 0.8353699
vt 0.2229127 0.8240423
vt 0.2200196 0.823517
vt 0.2225015 0.8248151
vt 0.2198737 0.8244245
vt 0.2168155 0.8248499
vt 0.2195882 0.8252322
vt 0.2143219 0.8346032
vt 0.2154373 0.8333262
vt 0.2156395 0.8318538
vt 0.2195882 0.8252322
vt 0.2221071 0.8254849
vt 0.2198737 0.8244245
vt 0.2246349 0.8260144
vt 0.2225015 0.8248151
vt 0.2241487 0.826407
vt 0.217276 0.8280644
vt 0.2189098 0.8274333
vt 0.2169449 0.8257068
vt 0.2254559 0.8273646
vt 0.2241487 0.826407
vt 0.223856 0.8279899
vt 0.2165364 0.8311111
vt 0.2175905 0.8306091
vt 0.2156205 0.8293306
vt 0.2186802 0.8304552
vt 0.219779 0.8304613
vt 0.2189098 0.8274333
vt 0.2217067 0.8312142
vt 0.222482 0.8317501
vt 0.223856 0.8279899
vt 0.219779 0.8304613
vt 0.2186802 0.8304552
vt 0.2198427 0.8311864
vt 0.219779 0.8304613
vt 0.2208051 0.8307618
vt 0.2207267 0.8272402
vt 0.2208051 0.8307618
vt 0.2217067 0.8312142
vt 0.2231851 0.8277447
vt 0.2224473 0.8323671
vt 0.2217067 0.8312142
vt 0.2198427 0.8311864
vt 0.2196878 0.8358286
vt 0.2197122 0.835547
vt 0.2148872 0.8363979
vt 0.2231552 0.83353
vt 0.2206485 0.8353965
vt 0.2219045 0.8349703
vt 0.220421 0.8352227
vt 0.2206485 0.8353965
vt 0.2224473 0.8323671
vt 0.2197122 0.835547
vt 0.2198794 0.8353155
vt 0.2154373 0.8333262
vt 0.2283763 0.8444827
vt 0.228474 0.8442415
vt 0.228159 0.8443634
vt 0.2283703 0.8438294
vt 0.2282636 0.8441513
vt 0.2285774 0.8438939
vt 0.228474 0.8442415
vt 0.2283763 0.8444827
vt 0.2286805 0.8443183
vt 0.2286805 0.8443183
vt 0.2287823 0.8439475
vt 0.228474 0.8442415
vt 0.2283763 0.8444827
vt 0.2281686 0.8448498
vt 0.2285965 0.844583
vt 0.2285774 0.8438939
vt 0.2286424 0.8435712
vt 0.2283703 0.8438294
vt 0.228159 0.8443634
vt 0.2279442 0.8446619
vt 0.2283763 0.8444827
vt 0.2288299 0.8434827
vt 0.2286424 0.8435712
vt 0.2287823 0.8439475
vt 0.2279442 0.8446619
vt 0.2275952 0.8449566
vt 0.2281686 0.8448498
vt 0.2281686 0.8448498
vt 0.227828 0.8452513
vt 0.2284148 0.8450061
vt 0.2285348 0.8430625
vt 0.2284712 0.8433872
vt 0.2288821 0.8431349
vt 0.227828 0.8452513
vt 0.2275952 0.8449566
vt 0.2272058 0.8456275
vt 0.2272058 0.8456275
vt 0.2274759 0.8461787
vt 0.227828 0.8452513
vt 0.226045 0.844164
vt 0.2265918 0.844436
vt 0.2271038 0.8430092
vt 0.2284584 0.8435088
vt 0.2276605 0.8432546
vt 0.2283703 0.8438294
vt 0.2282636 0.8441513
vt 0.2270376 0.8441564
vt 0.228159 0.8443634
vt 0.228159 0.8443634
vt 0.2268099 0.8445576
vt 0.2279442 0.8446619
vt 0.2265918 0.844436
vt 0.226045 0.844164
vt 0.2245173 0.8462809
vt 0.2264452 0.845054
vt 0.2263168 0.8452772
vt 0.227071 0.8451441
vt 0.2288821 0.8431349
vt 0.2289456 0.8428883
vt 0.2285348 0.8430625
vt 0.2272239 0.842228
vt 0.2271038 0.8430092
vt 0.2277113 0.8425316
vt 0.226045 0.844164
vt 0.2253708 0.84396
vt 0.2240957 0.8455391
vt 0.2271038 0.8430092
vt 0.2267238 0.8428007
vt 0.226045 0.844164
vt 0.228111 0.8427533
vt 0.2276605 0.8432546
vt 0.2284712 0.8433872
vt 0.228111 0.8427533
vt 0.2277113 0.8425316
vt 0.2276605 0.8432546
vt 0.2272058 0.8456275
vt 0.2263627 0.8458245
vt 0.2274759 0.8461787
vt 0.2240957 0.8455391
vt 0.2235803 0.8449508
vt 0.2217563 0.8459504
vt 0.2245173 0.8462809
vt 0.2240957 0.8455391
vt 0.2219027 0.8467078
vt 0.2263054 0.8468569
vt 0.2263627 0.8458245
vt 0.2248291 0.8473773
vt 0.2219027 0.8467078
vt 0.2218714 0.8473791
vt 0.2245173 0.8462809
vt 0.2264778 0.8472795
vt 0.2263054 0.8468569
vt 0.2253059 0.847511
vt 0.2289456 0.8428883
vt 0.2291096 0.8423621
vt 0.228598 0.842801
vt 0.2285794 0.842149
vt 0.2283362 0.841971
vt 0.228111 0.8427533
vt 0.2283362 0.841971
vt 0.2277648 0.841559
vt 0.2277113 0.8425316
vt 0.2253059 0.847511
vt 0.2248291 0.8473773
vt 0.2215923 0.8480163
vt 0.2219027 0.8467078
vt 0.2217563 0.8459504
vt 0.2191973 0.8465302
vt 0.2192733 0.845117
vt 0.2192777 0.8457978
vt 0.2214704 0.8452796
vt 0.2285965 0.844583
vt 0.2284148 0.8450061
vt 0.2302809 0.8445146
vt 0.2215923 0.8480163
vt 0.2223502 0.8497286
vt 0.2253059 0.847511
vt 0.2272393 0.8496216
vt 0.2267614 0.8483407
vt 0.2235155 0.8517812
vt 0.230442 0.8433555
vt 0.2313442 0.8413008
vt 0.2291096 0.8423621
vt 0.2253708 0.84396
vt 0.2244783 0.8427028
vt 0.2235803 0.8449508
vt 0.2218714 0.8473791
vt 0.2191347 0.8468063
vt 0.2215923 0.8480163
vt 0.2255375 0.8420318
vt 0.2267238 0.8428007
vt 0.2261222 0.8414722
vt 0.2302809 0.8445146
vt 0.2311311 0.8439047
vt 0.230442 0.8433555
vt 0.2172809 0.8461068
vt 0.217806 0.8472363
vt 0.2191347 0.8468063
vt 0.2272393 0.8496216
vt 0.2235155 0.8517812
vt 0.2281077 0.8507822
vt 0.2193889 0.8528404
vt 0.2235155 0.8517812
vt 0.2203989 0.8498007
vt 0.2314266 0.8467886
vt 0.230445 0.8456727
vt 0.2264778 0.8472795
vt 0.2311311 0.8439047
vt 0.2302809 0.8445146
vt 0.2310873 0.8451206
vt 0.2272239 0.842228
vt 0.2277648 0.841559
vt 0.2261222 0.8414722
vt 0.2203989 0.8498007
vt 0.2186609 0.849715
vt 0.2193889 0.8528404
vt 0.2191669 0.843171
vt 0.2192733 0.845117
vt 0.2207342 0.8434699
vt 0.2191973 0.8465302
vt 0.2192777 0.8457978
vt 0.2163095 0.8457962
vt 0.2264909 0.8554358
vt 0.2289081 0.8516177
vt 0.2248437 0.8538874
vt 0.2163095 0.8457962
vt 0.2154831 0.846484
vt 0.2172809 0.8461068
vt 0.2323202 0.8429016
vt 0.2314625 0.8402921
vt 0.2313442 0.8413008
vt 0.2310101 0.8389492
vt 0.2305696 0.8388486
vt 0.2285794 0.842149
vt 0.2168974 0.8495104
vt 0.2186609 0.849715
vt 0.217806 0.8472363
vt 0.230445 0.8456727
vt 0.2314266 0.8467886
vt 0.2310873 0.8451206
vt 0.2175224 0.8424528
vt 0.2167762 0.8444477
vt 0.2191669 0.843171
vt 0.2281077 0.8507822
vt 0.2343473 0.8478112
vt 0.2272393 0.8496216
vt 0.2168974 0.8495104
vt 0.217806 0.8472363
vt 0.2151626 0.8491412
vt 0.2277648 0.841559
vt 0.2283362 0.841971
vt 0.2296215 0.8385668
vt 0.2296215 0.8385668
vt 0.2279309 0.8383653
vt 0.2277648 0.841559
vt 0.2248437 0.8538874
vt 0.2235155 0.8517812
vt 0.2211144 0.8567963
vt 0.2323202 0.8429016
vt 0.2338923 0.8444704
vt 0.2351214 0.8407618
vt 0.2163095 0.8457962
vt 0.2165765 0.8451076
vt 0.2132622 0.84428
vt 0.2163095 0.8457962
vt 0.2132622 0.84428
vt 0.2154831 0.846484
vt 0.2233145 0.8593856
vt 0.2264909 0.8554358
vt 0.2211144 0.8567963
vt 0.2136504 0.8435772
vt 0.2165765 0.8451076
vt 0.2141515 0.8430453
vt 0.2314847 0.8368524
vt 0.2310521 0.8368279
vt 0.2310101 0.8389492
vt 0.2151626 0.8491412
vt 0.2132648 0.8485599
vt 0.2145369 0.8518141
vt 0.2371437 0.8441054
vt 0.2338923 0.8444704
vt 0.2343473 0.8478112
vt 0.2193889 0.8528404
vt 0.215817 0.8542271
vt 0.2211144 0.8567963
vt 0.2310521 0.8368279
vt 0.2300697 0.8367255
vt 0.2305696 0.8388486
vt 0.2154831 0.846484
vt 0.2121972 0.844545
vt 0.2132648 0.8485599
vt 0.2231179 0.8432025
vt 0.2218212 0.8402395
vt 0.2207342 0.8434699
vt 0.2187416 0.8409037
vt 0.2191669 0.843171
vt 0.219986 0.8408332
vt 0.2244783 0.8427028
vt 0.2224075 0.8398551
vt 0.2231179 0.8432025
vt 0.2300697 0.8367255
vt 0.2283801 0.8365545
vt 0.2296215 0.8385668
vt 0.2174215 0.8589061
vt 0.2201617 0.8622097
vt 0.2211144 0.8567963
vt 0.2315499 0.8346773
vt 0.2314847 0.8368524
vt 0.2317701 0.8346614
vt 0.2121972 0.844545
vt 0.2132622 0.84428
vt 0.2097311 0.8422146
vt 0.2310521 0.8368279
vt 0.2314847 0.8368524
vt 0.2312105 0.8347068
vt 0.215817 0.8542271
vt 0.2126713 0.8546982
vt 0.2174215 0.8589061
vt 0.2179452 0.8407145
vt 0.2175224 0.8424528
vt 0.2187416 0.8409037
vt 0.2213141 0.8399264
vt 0.2185036 0.8401957
vt 0.219986 0.8408332
vt 0.2312105 0.8347068
vt 0.2301865 0.8347949
vt 0.2310521 0.8368279
vt 0.2141097 0.8387796
vt 0.2115488 0.8403535
vt 0.215867 0.8412129
vt 0.2104635 0.8548877
vt 0.2126713 0.8546982
vt 0.2089573 0.8528116
vt 0.2115786 0.8477572
vt 0.207755 0.8454682
vt 0.2090997 0.8500731
vt 0.2144054 0.8604368
vt 0.2174271 0.8643974
vt 0.2174215 0.8589061
vt 0.2158909 0.8395173
vt 0.215867 0.8412129
vt 0.2179452 0.8407145
vt 0.2158909 0.8395173
vt 0.2179452 0.8407145
vt 0.2163457 0.839124
vt 0.2097311 0.8422146
vt 0.2100012 0.8408296
vt 0.207318 0.8382168
vt 0.2070494 0.8490815
vt 0.207755 0.8454682
vt 0.2042715 0.8447371
vt 0.2097311 0.8422146
vt 0.207318 0.8382168
vt 0.2059507 0.8438156
vt 0.2239452 0.8375514
vt 0.2230705 0.8384932
vt 0.2236394 0.8383188
vt 0.2059507 0.8438156
vt 0.2032195 0.8396389
vt 0.2042715 0.8447371
vt 0.2133361 0.8366965
vt 0.2101777 0.8374068
vt 0.2141097 0.8387796
vt 0.2241593 0.8362781
vt 0.2237183 0.8366857
vt 0.2239452 0.8375514
vt 0.2241478 0.8353282
vt 0.2237355 0.8353699
vt 0.2241593 0.8362781
vt 0.2185036 0.8401957
vt 0.2199852 0.8362759
vt 0.2163457 0.839124
vt 0.2237183 0.8366857
vt 0.2237355 0.8353699
vt 0.2220302 0.8361319
vt 0.2235394 0.8372479
vt 0.220703 0.8359907
vt 0.2230705 0.8384932
vt 0.2207405 0.8358509
vt 0.220703 0.8359907
vt 0.2220302 0.8361319
vt 0.2163457 0.839124
vt 0.2197734 0.8360931
vt 0.2148872 0.8363979
vt 0.2275201 0.831908
vt 0.2237963 0.8338086
vt 0.2282043 0.8335901
vt 0.2239714 0.8344021
vt 0.2241478 0.8353282
vt 0.2282043 0.8335901
vt 0.2274153 0.8278182
vt 0.2268555 0.8272511
vt 0.2271204 0.8280913
vt 0.2266737 0.8284986
vt 0.2260336 0.827891
vt 0.225564 0.8293124
vt 0.2264824 0.8275291
vt 0.2259251 0.8270498
vt 0.2260336 0.827891
vt 0.2207267 0.8272402
vt 0.2231851 0.8277447
vt 0.2221071 0.8254849
vt 0.2189098 0.8274333
vt 0.2207267 0.8272402
vt 0.2195882 0.8252322
vt 0.2169449 0.8257068
vt 0.2139994 0.827146
vt 0.217276 0.8280644
vt 0.2244783 0.8427028
vt 0.2253708 0.84396
vt 0.2255375 0.8420318
vt 0.2192777 0.8457978
vt 0.2192733 0.845117
vt 0.2165765 0.8451076
vt 0.2235803 0.8449508
vt 0.2231179 0.8432025
vt 0.2214704 0.8452796
vt 0.2167762 0.8444477
vt 0.2175224 0.8424528
vt 0.2141515 0.8430453
vt 0.215867 0.8412129
vt 0.2158909 0.8395173
vt 0.2141097 0.8387796
vt 0.2261222 0.8414722
vt 0.2267515 0.8405849
vt 0.223158 0.839133
vt 0.2261222 0.8414722
vt 0.223158 0.839133
vt 0.2255375 0.8420318
vt 0.2267515 0.8405849
vt 0.2279309 0.8383653
vt 0.2236394 0.8383188
vt 0.2283801 0.8365545
vt 0.2300697 0.8367255
vt 0.2284353 0.8349423
vt 0.2241478 0.8353282
vt 0.2241593 0.8362781
vt 0.2284353 0.8349423
vt 0.2283801 0.8365545
vt 0.2241593 0.8362781
vt 0.2279309 0.8383653
vt 0.225564 0.8293124
vt 0.2227506 0.8320194
vt 0.2275201 0.831908
vt 0.2260336 0.827891
vt 0.2254559 0.8273646
vt 0.224816 0.8285998
vt 0.2227506 0.8320194
vt 0.225564 0.8293124
vt 0.222482 0.8317501
vt 0.2099771 0.8342123
vt 0.2091549 0.8342868
vt 0.2101777 0.8374068
vt 0.2091549 0.8342868
vt 0.2082154 0.8343576
vt 0.2095205 0.8375528
vt 0.2082154 0.8343576
vt 0.2091549 0.8342868
vt 0.2091892 0.8296481
vt 0.2091549 0.8342868
vt 0.2099771 0.8342123
vt 0.2101981 0.8300249
vt 0.2100012 0.8408296
vt 0.2132622 0.84428
vt 0.2107873 0.8405301
vt 0.2107873 0.8405301
vt 0.2136504 0.8435772
vt 0.2115488 0.8403535
vt 0.2115488 0.8403535
vt 0.2101777 0.8374068
vt 0.2107873 0.8405301
vt 0.2107873 0.8405301
vt 0.2095205 0.8375528
vt 0.2100012 0.8408296
vt 0.2101981 0.8300249
vt 0.2111131 0.8302638
vt 0.2135248 0.8263818
vt 0.2141097 0.8387796
vt 0.215034 0.8380487
vt 0.2133361 0.8366965
vt 0.2156205 0.8293306
vt 0.2141318 0.8312049
vt 0.2165364 0.8311111
vt 0.2175905 0.8306091
vt 0.2186802 0.8304552
vt 0.217276 0.8280644
vt 0.2202592 0.8363285
vt 0.2213141 0.8399264
vt 0.2205238 0.8362268
vt 0.2213141 0.8399264
vt 0.2202592 0.8363285
vt 0.2185036 0.8401957
vt 0.2310101 0.8389492
vt 0.2311993 0.8389944
vt 0.2314847 0.8368524
vt 0.2285794 0.842149
vt 0.2290558 0.8420416
vt 0.2310101 0.8389492
vt 0.2302914 0.8305595
vt 0.2311146 0.832546
vt 0.2304667 0.830486
vt 0.2311146 0.832546
vt 0.2315499 0.8346773
vt 0.2312842 0.8325035
vt 0.2273294 0.8271082
vt 0.2276406 0.8268466
vt 0.2271261 0.8265722
vt 0.2215923 0.8480163
vt 0.2188845 0.8475482
vt 0.2203989 0.8498007
vt 0.2145369 0.8518141
vt 0.2175391 0.8524418
vt 0.2168974 0.8495104
vt 0.2132648 0.8485599
vt 0.2115786 0.8477572
vt 0.2108895 0.8508015
vt 0.2224473 0.8323671
vt 0.2198427 0.8311864
vt 0.220421 0.8352227
vt 0.2198427 0.8311864
vt 0.2173106 0.8314711
vt 0.2201381 0.8351962
vt 0.2164579 0.8235566
vt 0.2165802 0.8239129
vt 0.2199796 0.8226784
vt 0.2274153 0.8278182
vt 0.2302914 0.8305595
vt 0.2276564 0.8276718
vt 0.2021938 0.8344012
vt 0.2069042 0.8341526
vt 0.2027711 0.8309308
vt 0.2274744 0.8264199
vt 0.2290182 0.8263447
vt 0.2273525 0.8259941
vt 0.2302809 0.8445146
vt 0.230442 0.8433555
vt 0.2287823 0.8439475
vt 0.2345475 0.8344237
vt 0.2308697 0.8400056
vt 0.2352252 0.8343655
vt 0.2031769 0.7795426
vt 0.2020962 0.7841385
vt 0.2125506 0.7752371
vt 0.2148738 0.7873281
vt 0.2183832 0.7847285
vt 0.2107027 0.789108
vt 0.218289 0.7783921
vt 0.2020962 0.7841385
vt 0.2183832 0.7847285
vt 0.2020962 0.8062403
vt 0.2147326 0.8178828
vt 0.2076476 0.8031659
vt 0.2115643 0.8050984
vt 0.2076476 0.8031659
vt 0.2150543 0.8079941
vt 0.2103199 0.8188457
vt 0.2147326 0.8178828
vt 0.2020962 0.8126188
usemtl RWristYawUV
f 1/1 2/2 3/3
f 4/4 5/5 6/6
f 7/7 8/8 5/9
f 9/10 10/11 11/12
f 12/13 13/14 14/15
f 15/16 16/17 12/18
f 17/19 18/20 19/21
f 20/22 21/23 22/24
f 21/25 23/26 24/27
f 25/28 26/29 27/30
f 28/31 29/32 30/33
f 31/34 32/35 33/36
f 34/37 35/38 11/39
f 36/40 37/41 38/42
f 39/43 15/44 12/45
f 40/46 41/47 42/48
f 43/49 44/50 45/51
f 46/52 47/53 48/54
f 1/55 49/56 50/57
f 42/58 41/59 51/60
f 52/61 53/62 54/63
f 52/64 55/65 57/66
f 52/67 56/68 59/69
f 60/70 61/71 56/72
f 57/73 55/74 63/75
f 55/76 54/77 64/78
f 61/79 60/80 65/81
f 61/82 66/83 59/84
f 60/85 57/86 62/87
f 67/88 68/89 62/90
f 69/91 70/92 58/93
f 65/94 60/95 23/96
f 59/97 66/98 71/99
f 72/100 58/101 70/102
f 74/103 75/104 70/105
f 23/106 62/107 68/108
f 33/109 74/110 69/111
f 76/112 75/113 77/114
f 79/115 77/116 75/117
f 40/118 67/119 80/120
f 65/121 31/122 66/123
f 71/124 66/125 31/126
f 81/127 82/128 24/129
f 68/130 67/131 40/132
f 24/133 82/134 21/135
f 20/136 31/137 65/138
f 74/139 33/140 32/141
f 42/142 83/143 81/144
f 83/145 84/146 82/147
f 85/148 86/149 77/150
f 79/151 32/152 87/153
f 32/154 31/155 88/156
f 82/157 22/158 21/159
f 82/160 84/161 89/162
f 42/163 51/164 90/165
f 91/166 92/167 86/168
f 93/169 84/170 83/171
f 94/172 91/173 85/174
f 3/175 2/176 90/177
f 51/178 41/179 95/180
f 96/181 88/182 31/183
f 88/184 97/185 94/186
f 93/187 10/188 89/189
f 1/190 3/191 95/192
f 93/193 90/194 2/195
f 91/196 98/197 99/198
f 98/199 91/200 94/201
f 101/202 92/203 99/204
f 1/205 50/206 102/207
f 102/208 35/209 34/210
f 13/211 97/212 88/213
f 97/214 16/215 94/216
f 16/217 15/218 98/219
f 16/220 97/221 13/222
f 103/223 96/224 20/225
f 13/226 96/227 103/228
f 93/229 34/230 11/231
f 50/232 49/233 105/234
f 50/235 104/236 106/237
f 99/238 98/239 108/240
f 15/241 39/242 108/243
f 102/244 106/245 109/246
f 110/247 11/248 35/249
f 111/250 103/251 22/252
f 104/253 112/254 113/255
f 114/256 108/257 39/258
f 107/259 108/260 114/261
f 113/262 116/263 109/264
f 116/265 110/266 109/267
f 29/268 28/269 39/270
f 115/271 117/272 118/273
f 112/274 120/275 121/276
f 110/277 122/278 9/279
f 110/280 116/281 122/282
f 112/283 119/284 123/285
f 10/286 124/287 111/288
f 114/289 125/290 126/291
f 126/292 127/293 117/294
f 28/295 30/296 125/297
f 123/298 128/299 116/300
f 14/301 25/302 29/303
f 27/304 30/305 29/306
f 129/307 125/308 30/309
f 130/310 131/311 125/312
f 18/313 14/314 103/315
f 128/316 132/317 122/318
f 123/319 133/320 132/321
f 130/322 134/323 127/324
f 46/325 119/326 121/327
f 132/328 135/329 122/330
f 19/331 18/332 111/333
f 119/334 46/335 133/336
f 9/337 136/338 124/339
f 136/340 137/341 19/342
f 46/343 48/344 138/345
f 133/346 138/347 135/348
f 129/349 27/350 26/351
f 141/352 48/353 47/354
f 141/355 142/356 138/357
f 143/358 25/359 14/360
f 141/361 140/362 144/363
f 18/364 17/365 145/366
f 122/367 146/368 136/369
f 135/370 147/371 146/372
f 144/373 140/374 148/375
f 142/376 147/377 135/378
f 137/379 149/380 17/381
f 146/382 150/383 137/384
f 6/385 5/386 142/387
f 4/388 6/389 148/390
f 152/391 153/392 139/393
f 5/394 154/395 147/396
f 146/397 147/398 154/399
f 139/400 153/401 155/402
f 156/403 155/404 157/405
f 17/406 149/407 36/408
f 150/409 146/410 154/411
f 8/412 158/413 154/414
f 153/415 152/416 160/417
f 155/418 161/419 162/420
f 164/421 151/422 165/423
f 155/424 153/425 159/426
f 163/427 166/428 8/429
f 149/430 137/431 150/432
f 150/433 158/434 168/435
f 166/436 168/437 158/438
f 166/439 169/440 167/441
f 145/442 36/443 38/444
f 38/445 170/446 159/447
f 171/448 172/449 149/450
f 173/451 174/452 163/453
f 162/454 161/455 175/456
f 172/457 37/458 36/459
f 177/460 43/461 174/462
f 166/463 163/464 174/465
f 167/466 169/467 171/468
f 43/469 178/470 169/471
f 44/472 43/473 177/474
f 37/475 179/476 170/477
f 45/478 44/479 176/480
f 179/481 45/482 175/483
f 178/484 172/485 171/486
f 172/487 178/488 179/489
f 178/490 43/491 45/492
f 8/493 7/494 164/495
f 7/496 151/497 164/498
f 5/499 4/500 7/501
f 4/502 151/503 7/504
f 105/505 120/506 112/507
f 63/508 64/509 80/510
f 52/511 58/512 72/513
f 75/514 76/515 73/516
f 161/517 159/518 170/519
f 125/520 131/521 126/522
f 131/523 127/524 126/525
f 156/526 134/527 130/528
f 156/529 130/530 129/531
f 107/532 118/533 100/534
f 180/535 86/536 92/537
f 86/538 180/539 78/540
f 26/541 25/542 143/543
f 143/544 145/545 160/546
f 182/547 183/548 184/549
f 184/550 183/551 185/552
f 182/553 181/554 187/555
f 189/556 190/557 191/558
f 191/559 193/560 194/561
f 196/562 190/563 189/564
f 197/565 198/566 194/567
f 199/568 200/569 196/570
f 197/571 201/572 202/573
f 204/574 200/575 199/576
f 205/577 206/578 202/579
f 208/580 204/581 203/582
f 209/583 210/584 206/585
f 211/586 212/587 208/588
f 209/589 213/590 214/591
f 216/592 212/593 211/594
f 217/595 218/596 214/597
f 220/598 216/599 215/600
f 220/601 219/602 218/603
f 190/604 221/605 222/606
f 222/607 223/608 193/609
f 196/610 224/611 221/612
f 223/613 225/614 197/615
f 200/616 226/617 224/618
f 225/619 227/620 201/621
f 228/622 226/623 200/624
f 229/625 205/626 201/627
f 230/628 228/629 204/630
f 231/631 209/632 205/633
f 232/634 230/635 208/636
f 233/637 213/638 209/639
f 234/640 232/641 212/642
f 235/643 217/644 213/645
f 236/646 234/647 216/648
f 236/649 220/650 217/651
f 221/652 237/653 238/654
f 238/655 239/656 223/657
f 224/658 240/659 237/660
f 239/661 241/662 225/663
f 226/664 242/665 240/666
f 241/667 243/668 227/669
f 244/670 242/671 226/672
f 245/673 229/674 227/675
f 246/676 244/677 228/678
f 247/679 231/680 229/681
f 248/682 246/683 230/684
f 249/685 233/686 231/687
f 234/688 250/689 248/690
f 249/691 251/692 235/693
f 236/694 252/695 250/696
f 251/697 252/698 236/699
f 237/700 253/701 254/702
f 254/703 255/704 239/705
f 240/706 256/707 253/708
f 255/709 257/710 241/711
f 258/712 256/713 240/714
f 259/715 243/716 241/717
f 260/718 258/719 242/720
f 261/721 245/722 243/723
f 262/724 263/725 246/726
f 265/727 249/728 247/729
f 250/730 266/731 262/732
f 265/733 267/734 251/735
f 252/736 268/737 266/738
f 267/739 268/740 252/741
f 269/742 270/743 271/744
f 273/745 274/746 275/747
f 270/748 277/749 278/750
f 279/751 280/752 274/753
f 281/754 282/755 278/756
f 279/757 283/758 284/759
f 285/760 286/761 282/762
f 287/763 288/764 284/765
f 289/766 290/767 286/768
f 287/769 291/770 292/771
f 293/772 294/773 290/774
f 296/775 292/776 291/777
f 298/778 294/779 293/780
f 299/781 300/782 296/783
f 302/784 298/785 297/786
f 299/787 303/788 304/789
f 301/790 305/791 306/792
f 305/793 304/794 303/795
f 308/796 309/797 310/798
f 311/799 312/800 310/801
f 307/802 313/803 314/804
f 316/805 312/806 311/807
f 269/808 272/809 314/810
f 315/811 276/812 275/813
f 272/814 271/815 317/816
f 319/817 273/818 276/819
f 278/820 321/821 317/822
f 279/823 273/824 319/825
f 323/826 321/827 278/828
f 324/829 283/830 279/831
f 286/832 325/833 323/834
f 287/835 283/836 324/837
f 290/838 327/839 325/840
f 326/841 328/842 291/843
f 294/844 329/845 327/846
f 295/847 291/848 328/849
f 298/850 331/851 329/852
f 330/853 332/854 299/855
f 302/856 333/857 331/858
f 332/859 334/860 303/861
f 302/862 306/863 335/864
f 335/865 306/866 303/867
f 272/868 318/869 336/870
f 337/871 320/872 276/873
f 317/874 338/875 339/876
f 319/877 320/878 341/879
f 317/880 321/881 342/882
f 343/883 322/884 319/885
f 344/886 342/887 321/888
f 345/889 324/890 322/891
f 325/892 346/893 344/894
f 326/895 324/896 345/897
f 348/898 346/899 325/900
f 349/901 328/902 326/903
f 329/904 350/905 348/906
f 330/907 328/908 349/909
f 331/910 352/911 350/912
f 351/913 353/914 332/915
f 333/916 354/917 352/918
f 353/919 355/920 334/921
f 335/922 356/923 354/924
f 335/925 334/926 355/927
f 338/928 357/929 358/930
f 340/931 341/932 360/933
f 342/934 361/935 357/936
f 343/937 340/938 359/939
f 344/940 363/941 361/942
f 362/943 364/944 345/945
f 346/946 365/947 363/948
f 347/949 345/950 364/951
f 367/952 365/953 346/954
f 368/955 349/956 347/957
f 350/958 369/959 367/960
f 351/961 349/962 368/963
f 352/964 371/965 369/966
f 370/967 372/968 353/969
f 373/970 371/971 352/972
f 374/973 355/974 353/975
f 354/976 356/977 375/978
f 375/979 356/980 355/981
f 358/982 357/983 376/984
f 378/985 359/986 360/987
f 361/988 380/989 376/990
f 362/991 359/992 378/993
f 363/994 382/995 380/996
f 381/997 383/998 364/999
f 365/1000 384/1001 382/1002
f 366/1003 364/1004 383/1005
f 367/1006 386/1007 384/1008
f 385/1009 387/1010 368/1011
f 367/1012 369/1013 388/1014
f 389/1015 370/1016 368/1017
f 390/1018 388/1019 369/1020
f 391/1021 372/1022 370/1023
f 392/1024 390/1025 371/1026
f 393/1027 374/1028 372/1029
f 373/1030 375/1031 394/1032
f 394/1033 375/1034 374/1035
f 377/1036 376/1037 395/1038
f 397/1039 378/1040 379/1041
f 380/1042 399/1043 395/1044
f 381/1045 378/1046 397/1047
f 401/1048 399/1049 380/1050
f 402/1051 383/1052 381/1053
f 382/1054 384/1055 403/1056
f 404/1057 385/1058 383/1059
f 388/1060 405/1061 406/1062
f 389/1063 387/1064 408/1065
f 409/1066 405/1067 388/1068
f 410/1069 391/1070 389/1071
f 411/1072 409/1073 390/1074
f 412/1075 393/1076 391/1077
f 392/1078 394/1079 413/1080
f 413/1081 394/1082 393/1083
f 396/1084 395/1085 414/1086
f 416/1087 397/1088 398/1089
f 399/1090 418/1091 414/1092
f 400/1093 397/1094 416/1095
f 401/1096 403/1097 420/1098
f 422/1099 404/1100 402/1101
f 415/1102 414/1103 424/1104
f 426/1105 416/1106 417/1107
f 418/1108 428/1109 424/1110
f 419/1111 416/1112 426/1113
f 430/1114 428/1115 418/1116
f 431/1117 423/1118 419/1119
f 424/1120 432/1121 433/1122
f 426/1123 427/1124 435/1125
f 428/1126 436/1127 432/1128
f 429/1129 426/1130 434/1131
f 438/1132 436/1133 428/1134
f 439/1135 431/1136 429/1137
f 440/1138 441/1139 442/1140
f 444/1141 445/1142 446/1143
f 441/1144 448/1145 449/1146
f 450/1147 451/1148 445/1149
f 453/1150 449/1151 448/1152
f 454/1153 455/1154 451/1155
f 457/1156 458/1157 459/1158
f 460/1159 461/1160 459/1161
f 456/1162 462/1163 463/1164
f 464/1165 465/1166 461/1167
f 443/1168 463/1169 462/1170
f 447/1171 446/1172 465/1173
f 443/1174 442/1175 466/1176
f 468/1177 444/1178 447/1179
f 442/1180 449/1181 470/1182
f 471/1183 450/1184 444/1185
f 472/1186 470/1187 449/1188
f 473/1189 454/1190 450/1191
f 474/1192 475/1193 458/1194
f 476/1195 460/1196 458/1197
f 457/1198 463/1199 477/1200
f 478/1201 464/1202 460/1203
f 467/1204 477/1205 463/1206
f 469/1207 447/1208 464/1209
f 479/1210 480/1211 481/1212
f 484/1213 485/1214 486/1215
f 488/1216 482/1217 481/1218
f 489/1219 490/1220 483/1221
f 491/1222 492/1223 488/1224
f 489/1225 493/1226 494/1227
f 495/1228 496/1229 492/1230
f 497/1231 498/1232 494/1233
f 500/1234 496/1235 495/1236
f 501/1237 502/1238 498/1239
f 503/1240 504/1241 500/1242
f 505/1243 506/1244 502/1245
f 508/1246 504/1247 503/1248
f 505/1249 509/1250 510/1251
f 512/1252 508/1253 507/1254
f 509/1255 513/1256 514/1257
f 516/1258 512/1259 511/1260
f 513/1261 517/1262 518/1263
f 520/1264 516/1265 515/1266
f 521/1267 522/1268 518/1269
f 523/1270 524/1271 520/1272
f 521/1273 525/1274 526/1275
f 527/1276 528/1277 524/1278
f 529/1279 530/1280 526/1281
f 531/1282 532/1283 528/1284
f 529/1285 533/1286 534/1287
f 535/1288 536/1289 532/1290
f 533/1291 537/1292 538/1293
f 539/1294 540/1295 536/1296
f 537/1297 541/1298 542/1299
f 480/1300 479/1301 540/1302
f 485/1303 484/1304 542/1305
f 543/1306 544/1307 500/1308
f 546/1309 505/1310 501/1311
f 547/1312 543/1313 504/1314
f 548/1315 509/1316 505/1317
f 512/1318 549/1319 547/1320
f 548/1321 550/1322 513/1323
f 551/1324 549/1325 512/1326
f 552/1327 517/1328 513/1329
f 553/1330 551/1331 516/1332
f 554/1333 521/1334 517/1335
f 555/1336 553/1337 520/1338
f 556/1339 525/1340 521/1341
f 557/1342 555/1343 524/1344
f 558/1345 529/1346 525/1347
f 559/1348 557/1349 528/1350
f 560/1351 533/1352 529/1353
f 561/1354 559/1355 532/1356
f 562/1357 537/1358 533/1359
f 540/1360 563/1361 561/1362
f 562/1363 564/1364 541/1365
f 565/1366 566/1367 544/1368
f 568/1369 546/1370 545/1371
f 569/1372 565/1373 543/1374
f 570/1375 548/1376 546/1377
f 549/1378 571/1379 569/1380
f 570/1381 572/1382 550/1383
f 551/1384 573/1385 571/1386
f 572/1387 574/1388 552/1389
f 553/1390 575/1391 573/1392
f 574/1393 576/1394 554/1395
f 555/1396 577/1397 575/1398
f 576/1399 578/1400 556/1401
f 579/1402 577/1403 555/1404
f 580/1405 558/1406 556/1407
f 559/1408 581/1409 579/1410
f 580/1411 582/1412 560/1413
f 583/1414 581/1415 559/1416
f 584/1417 562/1418 560/1419
f 563/1420 585/1421 583/1422
f 584/1423 586/1424 564/1425
f 587/1426 588/1427 566/1428
f 590/1429 568/1430 567/1431
f 591/1432 587/1433 565/1434
f 592/1435 570/1436 568/1437
f 571/1438 593/1439 591/1440
f 592/1441 594/1442 572/1443
f 573/1444 595/1445 593/1446
f 594/1447 596/1448 574/1449
f 575/1450 597/1451 595/1452
f 596/1453 598/1454 576/1455
f 599/1456 597/1457 575/1458
f 600/1459 578/1460 576/1461
f 601/1462 599/1463 577/1464
f 602/1465 580/1466 578/1467
f 603/1468 601/1469 579/1470
f 604/1471 582/1472 580/1473
f 605/1474 603/1475 581/1476
f 606/1477 584/1478 582/1479
f 607/1480 605/1481 583/1482
f 608/1483 586/1484 584/1485
f 308/1486 609/1487 610/1488
f 311/1489 309/1490 610/1491
f 314/1492 336/1493 609/1494
f 315/1495 311/1496 611/1497
f 318/1498 339/1499 336/1500
f 337/1501 341/1502 320/1503
f 425/1504 433/1505 612/1506
f 613/1507 435/1508 427/1509
f 599/1510 601/1511 614/1512
f 616/1513 602/1514 600/1515
f 601/1516 603/1517 618/1518
f 619/1519 604/1520 602/1521
f 591/1522 620/1523 621/1524
f 592/1525 590/1526 623/1527
f 624/1528 593/1529 595/1530
f 596/1531 594/1532 625/1533
f 593/1534 624/1535 620/1536
f 594/1537 592/1538 622/1539
f 607/1540 626/1541 627/1542
f 608/1543 606/1544 629/1545
f 603/1546 605/1547 627/1548
f 629/1549 606/1550 604/1551
f 482/1552 630/1553 631/1554
f 632/1555 633/1556 486/1557
f 630/1558 634/1559 635/1560
f 635/1561 634/1562 633/1563
f 488/1564 636/1565 630/1566
f 633/1567 637/1568 489/1569
f 636/1570 638/1571 634/1572
f 634/1573 638/1574 637/1575
f 639/1576 636/1577 488/1578
f 640/1579 493/1580 489/1581
f 641/1582 638/1583 636/1584
f 641/1585 640/1586 637/1587
f 642/1588 639/1589 492/1590
f 643/1591 497/1592 493/1593
f 644/1594 641/1595 639/1596
f 644/1597 643/1598 640/1599
f 645/1600 642/1601 496/1602
f 646/1603 501/1604 497/1605
f 647/1606 644/1607 642/1608
f 647/1609 646/1610 643/1611
f 631/1612 635/1613 648/1614
f 649/1615 635/1616 632/1617
f 479/1618 631/1619 648/1620
f 649/1621 632/1622 485/1623
f 650/1624 651/1625 626/1626
f 653/1627 608/1628 628/1629
f 654/1630 655/1631 651/1632
f 654/1633 653/1634 652/1635
f 585/1636 656/1637 650/1638
f 653/1639 657/1640 586/1641
f 656/1642 658/1643 654/1644
f 654/1645 658/1646 657/1647
f 659/1648 656/1649 585/1650
f 660/1651 564/1652 586/1653
f 659/1654 661/1655 658/1656
f 658/1657 661/1658 660/1659
f 648/1660 659/1661 563/1662
f 649/1663 541/1664 564/1665
f 648/1666 635/1667 661/1668
f 661/1669 635/1670 649/1671
f 587/1672 621/1673 662/1674
f 590/1675 589/1676 663/1677
f 664/1678 665/1679 666/1680
f 668/1681 647/1682 666/1683
f 665/1684 669/1685 670/1686
f 667/1687 666/1688 670/1689
f 669/1690 672/1691 673/1692
f 671/1693 670/1694 673/1695
f 566/1696 665/1697 664/1698
f 567/1699 545/1700 668/1701
f 588/1702 669/1703 665/1704
f 589/1705 567/1706 667/1707
f 588/1708 662/1709 672/1710
f 674/1711 663/1712 589/1713
f 500/1714 544/1715 664/1716
f 668/1717 545/1718 501/1719
f 662/1720 675/1721 672/1722
f 674/1723 676/1724 663/1725
f 677/1726 673/1727 672/1728
f 677/1729 676/1730 674/1731
f 647/1732 645/1733 664/1734
f 668/1735 646/1736 647/1737
f 262/1738 266/1739 678/1740
f 680/1741 267/1742 265/1743
f 263/1744 262/1745 679/1746
f 681/1747 265/1748 264/1749
f 260/1750 684/1751 685/1752
f 261/1753 259/1754 687/1755
f 258/1756 685/1757 688/1758
f 259/1759 257/1760 689/1761
f 690/1762 691/1763 595/1764
f 693/1765 598/1766 596/1767
f 694/1768 695/1769 691/1770
f 697/1771 693/1772 692/1773
f 690/1774 599/1775 615/1776
f 617/1777 600/1778 693/1779
f 694/1780 690/1781 615/1782
f 617/1783 693/1784 697/1785
f 690/1786 597/1787 599/1788
f 600/1789 598/1790 693/1791
f 691/1792 698/1793 624/1794
f 692/1795 596/1796 625/1797
f 695/1798 700/1799 698/1800
f 696/1801 692/1802 699/1803
f 703/1804 704/1805 705/1806
f 707/1807 708/1808 709/1809
f 711/1810 703/1811 702/1812
f 712/1813 713/1814 708/1815
f 715/1816 711/1817 710/1818
f 716/1819 717/1820 713/1821
f 700/1822 715/1823 714/1824
f 717/1825 716/1826 701/1827
f 466/1828 470/1829 718/1830
f 720/1831 471/1832 468/1833
f 470/1834 472/1835 722/1836
f 723/1837 473/1838 471/1839
f 719/1840 718/1841 724/1842
f 726/1843 720/1844 721/1845
f 718/1846 722/1847 728/1848
f 729/1849 723/1850 720/1851
f 725/1852 724/1853 730/1854
f 732/1855 726/1856 727/1857
f 724/1858 728/1859 734/1860
f 735/1861 729/1862 726/1863
f 731/1864 730/1865 736/1866
f 736/1867 732/1868 733/1869
f 730/1870 734/1871 738/1872
f 738/1873 735/1874 732/1875
f 700/1876 695/1877 739/1878
f 741/1879 696/1880 701/1881
f 695/1882 694/1883 743/1884
f 744/1885 697/1886 696/1887
f 694/1888 615/1889 745/1890
f 746/1891 617/1892 697/1893
f 615/1894 614/1895 747/1896
f 748/1897 616/1898 617/1899
f 614/1900 618/1901 749/1902
f 750/1903 619/1904 616/1905
f 626/1906 751/1907 752/1908
f 628/1909 629/1910 754/1911
f 618/1912 627/1913 752/1914
f 754/1915 629/1916 619/1917
f 655/1918 755/1919 756/1920
f 655/1921 652/1922 757/1923
f 651/1924 756/1925 751/1926
f 652/1927 628/1928 753/1929
f 758/1930 759/1931 704/1932
f 761/1933 707/1934 706/1935
f 762/1936 758/1937 703/1938
f 763/1939 712/1940 707/1941
f 764/1942 762/1943 711/1944
f 765/1945 716/1946 712/1947
f 740/1948 764/1949 715/1950
f 742/1951 701/1952 716/1953
f 705/1954 704/1955 685/1956
f 709/1957 686/1958 687/1959
f 704/1960 759/1961 688/1962
f 706/1963 687/1964 689/1965
f 466/1966 719/1967 467/1968
f 469/1969 721/1970 468/1971
f 467/1972 719/1973 725/1974
f 727/1975 721/1976 469/1977
f 477/1978 725/1979 731/1980
f 478/1981 476/1982 733/1983
f 474/1984 731/1985 737/1986
f 476/1987 475/1988 737/1989
f 620/1990 766/1991 767/1992
f 622/1993 623/1994 769/1995
f 620/1996 624/1997 770/1998
f 771/1999 625/2000 622/2001
f 621/2002 767/2003 772/2004
f 623/2005 663/2006 773/2007
f 662/2008 772/2009 774/2010
f 663/2011 676/2012 775/2013
f 702/2014 705/2015 776/2016
f 778/2017 709/2018 708/2019
f 710/2020 702/2021 777/2022
f 779/2023 708/2024 713/2025
f 714/2026 710/2027 780/2028
f 781/2029 713/2030 717/2031
f 698/2032 784/2033 770/2034
f 699/2035 625/2036 771/2037
f 714/2038 782/2039 784/2040
f 717/2041 699/2042 785/2043
f 786/2044 678/2045 266/2046
f 267/2047 680/2048 787/2049
f 675/2050 788/2051 677/2052
f 677/2053 789/2054 676/2055
f 675/2056 774/2057 790/2058
f 791/2059 775/2060 676/2061
f 786/2062 788/2063 790/2064
f 787/2065 680/2066 791/2067
f 792/2068 677/2069 788/2070
f 789/2071 677/2072 792/2073
f 268/2074 792/2075 786/2076
f 268/2077 267/2078 787/2079
f 793/2080 244/2081 246/2082
f 247/2083 245/2084 794/2085
f 263/2086 793/2087 246/2088
f 247/2089 794/2090 264/2091
f 793/2092 260/2093 244/2094
f 245/2095 261/2096 794/2097
f 260/2098 793/2099 795/2100
f 796/2101 794/2102 261/2103
f 263/2104 682/2105 795/2106
f 264/2107 794/2108 796/2109
f 684/2110 795/2111 776/2112
f 778/2113 796/2114 686/2115
f 679/2116 678/2117 797/2118
f 799/2119 680/2120 681/2121
f 679/2122 798/2123 801/2124
f 681/2125 683/2126 802/2127
f 767/2128 766/2129 803/2130
f 805/2131 768/2132 769/2133
f 766/2134 770/2135 807/2136
f 808/2137 771/2138 768/2139
f 772/2140 767/2141 804/2142
f 806/2143 769/2144 773/2145
f 772/2146 809/2147 811/2148
f 773/2149 775/2150 812/2151
f 776/2152 813/2153 814/2154
f 778/2155 779/2156 816/2157
f 777/2158 814/2159 817/2160
f 779/2161 781/2162 818/2163
f 780/2164 817/2165 819/2166
f 781/2167 783/2168 820/2169
f 784/2170 821/2171 807/2172
f 785/2173 771/2174 808/2175
f 782/2176 819/2177 821/2178
f 783/2179 785/2180 822/2181
f 774/2182 811/2183 823/2184
f 775/2185 791/2186 824/2187
f 790/2188 823/2189 797/2190
f 791/2191 680/2192 799/2193
f 682/2194 801/2195 825/2196
f 683/2197 796/2198 826/2199
f 795/2200 825/2201 813/2202
f 796/2203 778/2204 815/2205
f 804/2206 803/2207 827/2208
f 829/2209 805/2210 806/2211
f 803/2212 807/2213 831/2214
f 832/2215 808/2216 805/2217
f 809/2218 804/2219 828/2220
f 830/2221 806/2222 810/2223
f 813/2224 835/2225 836/2226
f 815/2227 816/2228 838/2229
f 814/2230 836/2231 839/2232
f 816/2233 818/2234 840/2235
f 817/2236 839/2237 841/2238
f 818/2239 820/2240 842/2241
f 821/2242 843/2243 831/2244
f 822/2245 808/2246 832/2247
f 821/2248 819/2249 841/2250
f 842/2251 820/2252 822/2253
f 831/2254 843/2255 845/2256
f 847/2257 844/2258 832/2259
f 841/2260 849/2261 845/2262
f 842/2263 844/2264 847/2265
f 846/2266 845/2267 851/2268
f 853/2269 847/2270 848/2271
f 849/2272 855/2273 851/2274
f 850/2275 847/2276 853/2277
f 852/2278 851/2279 857/2280
f 859/2281 853/2282 854/2283
f 855/2284 861/2285 857/2286
f 856/2287 853/2288 859/2289
f 839/2290 849/2291 841/2292
f 842/2293 850/2294 840/2295
f 855/2296 849/2297 839/2298
f 856/2299 838/2300 840/2301
f 835/2302 861/2303 855/2304
f 856/2305 862/2306 837/2307
f 827/2308 831/2309 846/2310
f 848/2311 832/2312 829/2313
f 827/2314 846/2315 852/2316
f 829/2317 830/2318 854/2319
f 828/2320 852/2321 858/2322
f 860/2323 854/2324 830/2325
f 740/2326 739/2327 863/2328
f 865/2329 741/2330 742/2331
f 739/2332 743/2333 867/2334
f 868/2335 744/2336 741/2337
f 745/2338 869/2339 867/2340
f 746/2341 744/2342 868/2343
f 747/2344 871/2345 869/2346
f 748/2347 746/2348 870/2349
f 749/2350 873/2351 871/2352
f 750/2353 748/2354 872/2355
f 752/2356 751/2357 875/2358
f 877/2359 753/2360 754/2361
f 752/2362 876/2363 873/2364
f 754/2365 750/2366 874/2367
f 756/2368 755/2369 879/2370
f 879/2371 755/2372 757/2373
f 751/2374 756/2375 880/2376
f 881/2377 757/2378 753/2379
f 759/2380 758/2381 882/2382
f 884/2383 761/2384 760/2385
f 758/2386 762/2387 886/2388
f 887/2389 763/2390 761/2391
f 762/2392 764/2393 888/2394
f 889/2395 765/2396 763/2397
f 764/2398 740/2399 864/2400
f 866/2401 742/2402 765/2403
f 876/2404 875/2405 890/2406
f 892/2407 877/2408 878/2409
f 876/2410 891/2411 894/2412
f 878/2413 874/2414 895/2415
f 880/2416 879/2417 896/2418
f 896/2419 879/2420 881/2421
f 875/2422 880/2423 897/2424
f 898/2425 881/2426 877/2427
f 890/2428 899/2429 900/2430
f 892/2431 893/2432 902/2433
f 891/2434 900/2435 903/2436
f 893/2437 895/2438 904/2439
f 896/2440 905/2441 906/2442
f 896/2443 898/2444 907/2445
f 897/2446 906/2447 899/2448
f 898/2449 892/2450 901/2451
f 894/2452 903/2453 908/2454
f 910/2455 904/2456 895/2457
f 909/2458 908/2459 912/2460
f 914/2461 910/2462 911/2463
f 913/2464 912/2465 916/2466
f 918/2467 914/2468 915/2469
f 869/2470 920/2471 921/2472
f 870/2473 868/2474 923/2475
f 811/2476 924/2477 925/2478
f 812/2479 824/2480 927/2481
f 809/2482 833/2483 924/2484
f 926/2485 834/2486 810/2487
f 797/2488 823/2489 925/2490
f 927/2491 824/2492 799/2493
f 813/2494 825/2495 835/2496
f 837/2497 826/2498 815/2499
f 801/2500 861/2501 835/2502
f 837/2503 862/2504 802/2505
f 798/2506 930/2507 801/2508
f 802/2509 931/2510 800/2511
f 930/2512 932/2513 858/2514
f 931/2515 859/2516 860/2517
f 833/2518 858/2519 932/2520
f 933/2521 860/2522 834/2523
f 928/2524 930/2525 798/2526
f 929/2527 799/2528 800/2529
f 928/2530 932/2531 930/2532
f 931/2533 933/2534 929/2535
f 924/2536 932/2537 928/2538
f 926/2539 927/2540 929/2541
f 930/2542 857/2543 861/2544
f 931/2545 802/2546 862/2547
f 863/2548 867/2549 921/2550
f 923/2551 868/2552 865/2553
f 882/2554 886/2555 936/2556
f 938/2557 887/2558 884/2559
f 886/2560 888/2561 940/2562
f 941/2563 889/2564 887/2565
f 888/2566 864/2567 942/2568
f 943/2569 866/2570 889/2571
f 864/2572 863/2573 934/2574
f 935/2575 865/2576 866/2577
f 883/2578 882/2579 937/2580
f 939/2581 884/2582 885/2583
f 254/2584 253/2585 946/2586
f 948/2587 255/2588 254/2589
f 253/2590 256/2591 949/2592
f 950/2593 257/2594 255/2595
f 256/2596 688/2597 949/2598
f 950/2599 689/2600 257/2601
f 759/2602 883/2603 949/2604
f 760/2605 689/2606 950/2607
f 947/2608 946/2609 951/2610
f 953/2611 948/2612 947/2613
f 944/2614 954/2615 955/2616
f 945/2617 885/2618 957/2619
f 955/2620 954/2621 951/2622
f 957/2623 948/2624 953/2625
f 949/2626 883/2627 955/2628
f 950/2629 948/2630 957/2631
f 871/2632 958/2633 869/2634
f 870/2635 959/2636 872/2637
f 958/2638 960/2639 920/2640
f 959/2641 870/2642 922/2643
f 920/2644 962/2645 963/2646
f 922/2647 923/2648 965/2649
f 921/2650 963/2651 966/2652
f 923/2653 935/2654 967/2655
f 936/2656 968/2657 969/2658
f 938/2659 939/2660 971/2661
f 940/2662 972/2663 968/2664
f 941/2665 938/2666 970/2667
f 942/2668 974/2669 972/2670
f 943/2671 941/2672 973/2673
f 934/2674 966/2675 974/2676
f 935/2677 943/2678 975/2679
f 937/2680 969/2681 976/2682
f 939/2683 945/2684 977/2685
f 951/2686 978/2687 979/2688
f 953/2689 952/2690 979/2691
f 944/2692 976/2693 981/2694
f 945/2695 956/2696 982/2697
f 954/2698 981/2699 978/2700
f 956/2701 953/2702 980/2703
f 900/2704 899/2705 983/2706
f 985/2707 901/2708 902/2709
f 900/2710 984/2711 987/2712
f 902/2713 904/2714 988/2715
f 899/2716 906/2717 989/2718
f 990/2719 907/2720 901/2721
f 908/2722 903/2723 987/2724
f 988/2725 904/2726 910/2727
f 912/2728 908/2729 991/2730
f 992/2731 910/2732 914/2733
f 912/2734 993/2735 995/2736
f 914/2737 918/2738 996/2739
f 997/2740 989/2741 906/2742
f 997/2743 905/2744 907/2745
f 960/2746 998/2747 962/2748
f 961/2749 922/2750 964/2751
f 962/2752 1000/2753 1001/2754
f 1002/2755 1003/2756 964/2757
f 963/2758 1001/2759 1004/2760
f 1005/2761 1002/2762 965/2763
f 1006/2764 1007/2765 969/2766
f 1009/2767 970/2768 971/2769
f 1010/2770 1006/2771 968/2772
f 1011/2773 973/2774 970/2775
f 1012/2776 1010/2777 972/2778
f 1013/2779 975/2780 973/2781
f 1004/2782 1012/2783 974/2784
f 1005/2785 967/2786 975/2787
f 1007/2788 1014/2789 976/2790
f 1008/2791 971/2792 977/2793
f 1016/2794 1017/2795 979/2796
f 1018/2797 980/2798 979/2799
f 1014/2800 1019/2801 981/2802
f 1015/2803 977/2804 982/2805
f 1019/2806 1016/2807 978/2808
f 1020/2809 982/2810 980/2811
f 1021/2812 1022/2813 984/2814
f 1024/2815 985/2816 986/2817
f 984/2818 1022/2819 1025/2820
f 1026/2821 1023/2822 986/2823
f 1027/2824 1021/2825 983/2826
f 1028/2827 990/2828 985/2829
f 1025/2830 1029/2831 991/2832
f 1026/2833 988/2834 992/2835
f 1029/2836 1031/2837 993/2838
f 1030/2839 992/2840 994/2841
f 993/2842 1031/2843 1033/2844
f 1034/2845 1032/2846 994/2847
f 1035/2848 1027/2849 989/2850
f 1035/2851 997/2852 990/2853
f 998/2854 1036/2855 1000/2856
f 1003/2857 1037/2858 999/2859
f 1038/2860 1039/2861 738/2862
f 1040/2863 735/2864 738/2865
f 1027/2866 1035/2867 1039/2868
f 1028/2869 1040/2870 1039/2871
f 1041/2872 1038/2873 734/2874
f 1042/2875 729/2876 735/2877
f 1021/2878 1027/2879 1038/2880
f 1024/2881 1042/2882 1040/2883
f 722/2884 1043/2885 1041/2886
f 1042/2887 1044/2888 723/2889
f 1022/2890 1021/2891 1041/2892
f 1023/2893 1044/2894 1042/2895
f 472/2896 1045/2897 1043/2898
f 1044/2899 1046/2900 473/2901
f 1045/2902 1025/2903 1022/2904
f 1023/2905 1026/2906 1046/2907
f 1047/2908 1045/2909 472/2910
f 1048/2911 454/2912 473/2913
f 1029/2914 1025/2915 1045/2916
f 1030/2917 1048/2918 1046/2919
f 1049/2920 1047/2921 453/2922
f 1050/2923 455/2924 454/2925
f 1031/2926 1029/2927 1047/2928
f 1032/2929 1050/2930 1048/2931
f 430/2932 1051/2933 1052/2934
f 1053/2935 1054/2936 431/2937
f 1051/2938 1000/2939 1036/2940
f 1037/2941 1003/2942 1054/2943
f 1055/2944 1056/2945 421/2946
f 1058/2947 422/2948 423/2949
f 1001/2950 1000/2951 1056/2952
f 1002/2953 1058/2954 1057/2955
f 1001/2956 1055/2957 1004/2958
f 1005/2959 1058/2960 1002/2961
f 1056/2962 1000/2963 1051/2964
f 1054/2965 1003/2966 1057/2967
f 1059/2968 1060/2969 405/2970
f 1062/2971 410/2972 407/2973
f 1007/2974 1006/2975 1060/2976
f 1008/2977 1062/2978 1061/2979
f 1063/2980 1059/2981 409/2982
f 1064/2983 412/2984 410/2985
f 1014/2986 1007/2987 1059/2988
f 1015/2989 1064/2990 1062/2991
f 1060/2992 1006/2993 1010/2994
f 1011/2995 1009/2996 1061/2997
f 1014/2998 1063/2999 1019/3000
f 1020/3001 1064/3002 1015/3003
f 1065/3004 1012/3005 1004/3006
f 1005/3007 1013/3008 1066/3009
f 405/3010 1060/3011 1065/3012
f 1066/3013 1061/3014 407/3015
f 1010/3016 1012/3017 1065/3018
f 1011/3019 1061/3020 1066/3021
f 413/3022 1067/3023 1063/3024
f 1064/3025 1067/3026 413/3027
f 1067/3028 1017/3029 1016/3030
f 1018/3031 1017/3032 1067/3033
f 1063/3034 1016/3035 1019/3036
f 1020/3037 1018/3038 1064/3039
f 406/3040 1065/3041 1055/3042
f 1058/3043 1066/3044 408/3045
f 1004/3046 1055/3047 1065/3048
f 1066/3049 1058/3050 1005/3051
f 421/3052 1056/3053 1051/3054
f 423/3055 431/3056 1054/3057
f 1068/3058 1069/3059 433/3060
f 1071/3061 434/3062 435/3063
f 441/3064 440/3065 1069/3066
f 445/3067 1071/3068 1070/3069
f 1072/3070 1068/3071 432/3072
f 1073/3073 437/3074 434/3075
f 448/3076 441/3077 1068/3078
f 451/3079 1073/3080 1071/3081
f 1074/3082 1072/3083 436/3084
f 1075/3085 439/3086 437/3087
f 452/3088 448/3089 1072/3090
f 455/3091 1075/3092 1073/3093
f 1077/3094 1078/3095 1079/3096
f 1080/3097 1081/3098 1079/3099
f 456/3100 459/3101 1078/3102
f 461/3103 1080/3104 1078/3105
f 1082/3106 1077/3107 1076/3108
f 1083/3109 613/3110 1081/3111
f 462/3112 456/3113 1077/3114
f 465/3115 1083/3116 1080/3117
f 1069/3118 1082/3119 612/3120
f 1070/3121 435/3122 613/3123
f 1069/3124 440/3125 462/3126
f 465/3127 446/3128 1070/3129
f 909/3130 873/3131 894/3132
f 895/3133 874/3134 911/3135
f 913/3136 871/3137 873/3138
f 874/3139 872/3140 915/3141
f 960/3142 958/3143 917/3144
f 961/3145 918/3146 919/3147
f 917/3148 958/3149 871/3150
f 872/3151 959/3152 919/3153
f 916/3154 995/3155 998/3156
f 918/3157 961/3158 999/3159
f 1036/3160 998/3161 995/3162
f 1037/3163 1034/3164 996/3165
f 1084/3166 1074/3167 438/3168
f 1085/3169 1053/3170 439/3171
f 1084/3172 1049/3173 452/3174
f 455/3175 1050/3176 1085/3177
f 1033/3178 1084/3179 1052/3180
f 1034/3181 1037/3182 1053/3183
f 1049/3184 1084/3185 1033/3186
f 1050/3187 1032/3188 1034/3189
f 401/3190 421/3191 418/3192
f 419/3193 423/3194 402/3195
f 401/3196 418/3197 399/3198
f 400/3199 419/3200 402/3201
f 386/3202 403/3203 384/3204
f 385/3205 404/3206 387/3207
f 403/3208 386/3209 406/3210
f 404/3211 422/3212 408/3213
f 358/3214 1086/3215 1087/3216
f 360/3217 341/3218 1089/3219
f 377/3220 1090/3221 1086/3222
f 379/3223 360/3224 1088/3225
f 377/3226 396/3227 1092/3228
f 1093/3229 398/3230 379/3231
f 396/3232 415/3233 1094/3234
f 1095/3235 417/3236 398/3237
f 415/3238 425/3239 1096/3240
f 1097/3241 427/3242 417/3243
f 1079/3244 1098/3245 1099/3246
f 1079/3247 1081/3248 1100/3249
f 1076/3250 1099/3251 1101/3252
f 1081/3253 613/3254 1102/3255
f 609/3256 1103/3257 1104/3258
f 611/3259 610/3260 1104/3261
f 336/3262 1106/3263 1103/3264
f 337/3265 611/3266 1105/3267
f 339/3268 1087/3269 1106/3270
f 341/3271 337/3272 1107/3273
f 425/3274 612/3275 1101/3276
f 1102/3277 613/3278 427/3279
f 1108/3280 1109/3281 1110/3282
f 1112/3283 1113/3284 1114/3285
f 1115/3286 1116/3287 1113/3288
f 1116/3289 1115/3290 1110/3291
f 1118/3292 1119/3293 1120/3294
f 1121/3295 1122/3296 1123/3297
f 1125/3298 1121/3299 1124/3300
f 1119/3301 1125/3302 1126/3303
f 1127/3304 1128/3305 1108/3306
f 1127/3307 1119/3308 1118/3309
f 1129/3310 1122/3311 1130/3312
f 1132/3313 1123/3314 1122/3315
f 1133/3316 1134/3317 1108/3318
f 1135/3319 1136/3320 1113/3321
f 1137/3322 1112/3323 1111/3324
f 1115/3325 1139/3326 1140/3327
f 1141/3328 1127/3329 1110/3330
f 1141/3331 1142/3332 1119/3333
f 1143/3334 1144/3335 1117/3336
f 1146/3337 1126/3338 1124/3339
f 1147/3340 1123/3341 1132/3342
f 1145/3343 1124/3344 1123/3345
f 1131/3346 1122/3347 1129/3348
f 1122/3349 1121/3350 1148/3351
f 1149/3352 1148/3353 1121/3354
f 1150/3355 1120/3356 1126/3357
f 1143/3358 1117/3359 1120/3360
f 1125/3361 1119/3362 1142/3363
f 1151/3364 1118/3365 1117/3366
f 1133/3367 1128/3368 1118/3369
f 1134/3370 1152/3371 1109/3372
f 1152/3373 1153/3374 1109/3375
f 1153/3376 1154/3377 1116/3378
f 1135/3379 1116/3380 1154/3381
f 1136/3382 1155/3383 1114/3384
f 1155/3385 1156/3386 1111/3387
f 1139/3388 1115/3389 1112/3390
f 1156/3391 1138/3392 1111/3393
f 1129/3394 1130/3395 1158/3396
f 1160/3397 1132/3398 1131/3399
f 1161/3400 1162/3401 1134/3402
f 1163/3403 1164/3404 1136/3405
f 1165/3406 1137/3407 1138/3408
f 1167/3409 1140/3410 1139/3411
f 1169/3412 1141/3413 1140/3414
f 1169/3415 1170/3416 1142/3417
f 1172/3418 1144/3419 1143/3420
f 1174/3421 1146/3422 1145/3423
f 1175/3424 1147/3425 1132/3426
f 1173/3427 1145/3428 1147/3429
f 1159/3430 1131/3431 1129/3432
f 1130/3433 1148/3434 1176/3435
f 1177/3436 1176/3437 1148/3438
f 1178/3439 1150/3440 1146/3441
f 1171/3442 1143/3443 1150/3444
f 1149/3445 1142/3446 1170/3447
f 1179/3448 1151/3449 1144/3450
f 1161/3451 1133/3452 1151/3453
f 1162/3454 1180/3455 1152/3456
f 1180/3457 1181/3458 1153/3459
f 1181/3460 1182/3461 1154/3462
f 1135/3463 1154/3464 1182/3465
f 1164/3466 1183/3467 1155/3468
f 1183/3469 1184/3470 1156/3471
f 1168/3472 1139/3473 1137/3474
f 1184/3475 1166/3476 1138/3477
f 1157/3478 1158/3479 1186/3480
f 1187/3481 1188/3482 1160/3483
f 1189/3484 1190/3485 1162/3486
f 1191/3487 1192/3488 1164/3489
f 1193/3490 1165/3491 1166/3492
f 1195/3493 1167/3494 1168/3495
f 1197/3496 1169/3497 1167/3498
f 1197/3499 1198/3500 1170/3501
f 1200/3502 1172/3503 1171/3504
f 1202/3505 1174/3506 1173/3507
f 1175/3508 1160/3509 1188/3510
f 1201/3511 1173/3512 1175/3513
f 1159/3514 1157/3515 1185/3516
f 1158/3517 1176/3518 1204/3519
f 1205/3520 1204/3521 1176/3522
f 1206/3523 1178/3524 1174/3525
f 1199/3526 1171/3527 1178/3528
f 1177/3529 1170/3530 1198/3531
f 1207/3532 1179/3533 1172/3534
f 1189/3535 1161/3536 1179/3537
f 1190/3538 1208/3539 1180/3540
f 1208/3541 1209/3542 1181/3543
f 1209/3544 1210/3545 1182/3546
f 1163/3547 1182/3548 1210/3549
f 1192/3550 1211/3551 1183/3552
f 1211/3553 1212/3554 1184/3555
f 1196/3556 1168/3557 1165/3558
f 1166/3559 1184/3560 1212/3561
f 1213/3562 1214/3563 1215/3564
f 1214/3565 1213/3566 1216/3567
f 1217/3568 1218/3569 1215/3570
f 1216/3571 1213/3572 1220/3573
f 1218/3574 1217/3575 1221/3576
f 1223/3577 1224/3578 1225/3579
f 1226/3580 1227/3581 1228/3582
f 1230/3583 1231/3584 1232/3585
f 1234/3586 1235/3587 1230/3588
f 1236/3589 1226/3590 1229/3591
f 1236/3592 1237/3593 1238/3594
f 1225/3595 1224/3596 1240/3597
f 1229/3598 1228/3599 1242/3600
f 1243/3601 1244/3602 1245/3603
f 1247/3604 1240/3605 1224/3606
f 1247/3607 1224/3608 1249/3609
f 1232/3610 1250/3611 1251/3612
f 1252/3613 1253/3614 1254/3615
f 1237/3616 1229/3617 1241/3618
f 1257/3619 1238/3620 1237/3621
f 1259/3622 1244/3623 1214/3624
f 1260/3625 1259/3626 1258/3627
f 1251/3628 1250/3629 1261/3630
f 1258/3631 1216/3632 1247/3633
f 1263/3634 1246/3635 1245/3636
f 1265/3637 1266/3638 1267/3639
f 1216/3640 1258/3641 1214/3642
f 1250/3643 1268/3644 1269/3645
f 1243/3646 1246/3647 1270/3648
f 1272/3649 1263/3650 1262/3651
f 1273/3652 1217/3653 1219/3654
f 1275/3655 1276/3656 1268/3657
f 1277/3658 1251/3659 1261/3660
f 1279/3661 1273/3662 1274/3663
f 1280/3664 1279/3665 1271/3666
f 1281/3667 1282/3668 1258/3669
f 1269/3670 1268/3671 1283/3672
f 1284/3673 1216/3674 1220/3675
f 1241/3676 1242/3677 1286/3678
f 1287/3679 1221/3680 1217/3681
f 1288/3682 1287/3683 1273/3684
f 1282/3685 1289/3686 1260/3687
f 1290/3688 1280/3689 1270/3690
f 1292/3691 1288/3692 1279/3693
f 1255/3694 1264/3695 1267/3696
f 1278/3697 1261/3698 1269/3699
f 1269/3700 1283/3701 1294/3702
f 1285/3703 1295/3704 1256/3705
f 1284/3706 1220/3707 1222/3708
f 1297/3709 1253/3710 1252/3711
f 1299/3712 1292/3713 1280/3714
f 1300/3715 1301/3716 1283/3717
f 1246/3718 1302/3719 1291/3720
f 1290/3721 1291/3722 1302/3723
f 1304/3724 1305/3725 1301/3726
f 1295/3727 1306/3728 1257/3729
f 1222/3730 1221/3731 1296/3732
f 1299/3733 1290/3734 1303/3735
f 1302/3736 1246/3737 1308/3738
f 1310/3739 1284/3740 1296/3741
f 1283/3742 1301/3743 1312/3744
f 1309/3745 1308/3746 1313/3747
f 1315/3748 1316/3749 1314/3750
f 1318/3751 1319/3752 1320/3753
f 1296/3754 1221/3755 1287/3756
f 1288/3757 1321/3758 1287/3759
f 1311/3760 1296/3761 1321/3762
f 1316/3763 1315/3764 1305/3765
f 1263/3766 1323/3767 1308/3768
f 1308/3769 1323/3770 1313/3771
f 1324/3772 1323/3773 1263/3774
f 1323/3775 1325/3776 1315/3777
f 1301/3778 1305/3779 1326/3780
f 1327/3781 1303/3782 1302/3783
f 1314/3784 1328/3785 1327/3786
f 1292/3787 1321/3788 1288/3789
f 1321/3790 1292/3791 1307/3792
f 1330/3793 1331/3794 1268/3795
f 1333/3796 1297/3797 1298/3798
f 1307/3799 1303/3800 1334/3801
f 1329/3802 1328/3803 1322/3804
f 1295/3805 1285/3806 1310/3807
f 1320/3808 1336/3809 1317/3810
f 1305/3811 1315/3812 1325/3813
f 1316/3814 1337/3815 1328/3816
f 1338/3817 1337/3818 1331/3819
f 1339/3820 1340/3821 1324/3822
f 1341/3823 1330/3824 1276/3825
f 1343/3826 1311/3827 1322/3828
f 1267/3829 1344/3830 1298/3831
f 1345/3832 1346/3833 1318/3834
f 1337/3835 1338/3836 1347/3837
f 1330/3838 1341/3839 1348/3840
f 1266/3841 1349/3842 1344/3843
f 1328/3844 1347/3845 1322/3846
f 1350/3847 1317/3848 1336/3849
f 1351/3850 1347/3851 1338/3852
f 1347/3853 1351/3854 1342/3855
f 1344/3856 1349/3857 1352/3858
f 1353/3859 1350/3860 1336/3861
f 1354/3862 1348/3863 1341/3864
f 1342/3865 1356/3866 1357/3867
f 1353/3868 1358/3869 1350/3870
f 1359/3871 1355/3872 1332/3873
f 1359/3874 1349/3875 1360/3876
f 1361/3877 1358/3878 1353/3879
f 1362/3880 1363/3881 1354/3882
f 1361/3883 1365/3884 1357/3885
f 1361/3886 1366/3887 1358/3888
f 1364/3889 1359/3890 1360/3891
f 1367/3892 1356/3893 1363/3894
f 1360/3895 1367/3896 1362/3897
f 1366/3898 1357/3899 1356/3900
f 1366/3901 1367/3902 1360/3903
f 1369/3904 1266/3905 1265/3906
f 1370/3907 1371/3908 1345/3909
f 1370/3910 1350/3911 1358/3912
f 1373/3913 1349/3914 1266/3915
f 1375/3916 1376/3917 1377/3918
f 1376/3919 1375/3920 1378/3921
f 1374/3922 1380/3923 1381/3924
f 1382/3925 1378/3926 1375/3927
f 1383/3928 1384/3929 1380/3930
f 1385/3931 1386/3932 1379/3933
f 1387/3934 1383/3935 1374/3936
f 1385/3937 1378/3938 1382/3939
f 1386/3940 1388/3941 1389/3942
f 1390/3943 1391/3944 1383/3945
f 1391/3946 1392/3947 1384/3948
f 1389/3949 1388/3950 1394/3951
f 1390/3952 1395/3953 1396/3954
f 1397/3955 1392/3956 1391/3957
f 1398/3958 1399/3959 1400/3960
f 1399/3961 1398/3962 1402/3963
f 1403/3964 1402/3965 1379/3966
f 1402/3967 1404/3968 1377/3969
f 1404/3970 1395/3971 1387/3972
f 1401/3973 1405/3974 1406/3975
f 1408/3976 1396/3977 1395/3978
f 1409/3979 1410/3980 1393/3981
f 1400/3982 1399/3983 1412/3984
f 1413/3985 1414/3986 1405/3987
f 1415/3988 1413/3989 1401/3990
f 1403/3991 1386/3992 1389/3993
f 1416/3994 1389/3995 1393/3996
f 1412/3997 1399/3998 1403/3999
f 1410/4000 1416/4001 1393/4002
f 1417/4003 1418/4004 1397/4005
f 1414/4006 1419/4007 1420/4008
f 1405/4009 1420/4010 1421/4011
f 1417/4012 1406/4013 1422/4014
f 1423/4015 1422/4016 1406/4017
f 1418/4018 1422/4019 1425/4020
f 1426/4021 1427/4022 1410/4023
f 1428/4024 1416/4025 1427/4026
f 1429/4027 1412/4028 1416/4029
f 1430/4030 1411/4031 1412/4032
f 1427/4033 1416/4034 1410/4035
f 1427/4036 1426/4037 1431/4038
f 1422/4039 1423/4040 1432/4041
f 1427/4042 1431/4043 1428/4044
f 1433/4045 1434/4046 1435/4047
f 1420/4048 1436/4049 1437/4050
f 1436/4051 1420/4052 1419/4053
f 1384/4054 1439/4055 1440/4056
f 1441/4057 1433/4058 1425/4059
f 1433/4060 1441/4061 1442/4062
f 1443/4063 1441/4064 1432/4065
f 1444/4066 1431/4067 1426/4068
f 1446/4069 1447/4070 1414/4071
f 1448/4072 1449/4073 1432/4074
f 1415/4075 1411/4076 1451/4077
f 1452/4078 1444/4079 1445/4080
f 1454/4081 1449/4082 1448/4083
f 1442/4084 1455/4085 1456/4086
f 1442/4087 1441/4088 1443/4089
f 1397/4090 1439/4091 1392/4092
f 1439/4093 1397/4094 1424/4095
f 1440/4096 1439/4097 1458/4098
f 1430/4099 1459/4100 1451/4101
f 1444/4102 1460/4103 1431/4104
f 1461/4105 1431/4106 1460/4107
f 1462/4108 1463/4109 1457/4110
f 1464/4111 1444/4112 1452/4113
f 1438/4114 1419/4115 1466/4116
f 1436/4117 1467/4118 1468/4119
f 1470/4120 1456/4121 1455/4122
f 1471/4123 1454/4124 1453/4125
f 1472/4126 1460/4127 1444/4128
f 1473/4129 1429/4130 1428/4131
f 1462/4132 1449/4133 1454/4134
f 1435/4135 1476/4136 1458/4137
f 1478/4138 1438/4139 1465/4140
f 1479/4141 1435/4142 1434/4143
f 1454/4144 1471/4145 1480/4146
f 1429/4147 1473/4148 1481/4149
f 1482/4150 1459/4151 1430/4152
f 1442/4153 1457/4154 1483/4155
f 1484/4156 1480/4157 1471/4158
f 1485/4159 1486/4160 1487/4161
f 1467/4162 1488/4163 1489/4164
f 1489/4165 1490/4166 1471/4167
f 1469/4168 1455/4169 1483/4170
f 1467/4171 1478/4172 1492/4173
f 1463/4174 1493/4175 1494/4176
f 1495/4177 1473/4178 1474/4179
f 1484/4180 1497/4181 1493/4182
f 1485/4183 1476/4184 1479/4185
f 1479/4186 1498/4187 1486/4188
f 1463/4189 1494/4190 1457/4191
f 1494/4192 1499/4193 1483/4194
f 1500/4195 1481/4196 1473/4197
f 1490/4198 1501/4199 1484/4200
f 1490/4201 1502/4202 1501/4203
f 1503/4204 1504/4205 1466/4206
f 1465/4207 1466/4208 1504/4209
f 1506/4210 1503/4211 1447/4212
f 1507/4213 1482/4214 1481/4215
f 1508/4216 1491/4217 1483/4218
f 1496/4219 1509/4220 1223/4221
f 1489/4222 1510/4223 1511/4224
f 1496/4225 1227/4226 1226/4227
f 1461/4228 1460/4229 1224/4230
f 1509/4231 1461/4232 1224/4233
f 1509/4234 1224/4235 1223/4236
f 1494/4237 1493/4238 1512/4239
f 1512/4240 1513/4241 1499/4242
f 1477/4243 1465/4244 1505/4245
f 1515/4246 1516/4247 1506/4248
f 1504/4249 1503/4250 1516/4251
f 1517/4252 1505/4253 1504/4254
f 1517/4255 1514/4256 1505/4257
f 1236/4258 1500/4259 1495/4260
f 1511/4261 1502/4262 1490/4263
f 1519/4264 1492/4265 1520/4266
f 1512/4267 1493/4268 1522/4269
f 1523/4270 1515/4271 1506/4272
f 1502/4273 1524/4274 1525/4275
f 1522/4276 1525/4277 1524/4278
f 1512/4279 1526/4280 1513/4281
f 1527/4282 1508/4283 1499/4284
f 1520/4285 1477/4286 1514/4287
f 1514/4288 1517/4289 1529/4290
f 1510/4291 1231/4292 1230/4293
f 1502/4294 1530/4295 1531/4296
f 1230/4297 1235/4298 1530/4299
f 1515/4300 1523/4301 1532/4302
f 1534/4303 1515/4304 1533/4305
f 1235/4306 1535/4307 1531/4308
f 1254/4309 1519/4310 1518/4311
f 1536/4312 1534/4313 1533/4314
f 1318/4315 1536/4316 1537/4317
f 1538/4318 1539/4319 1529/4320
f 1318/4321 1346/4322 1540/4323
f 1541/4324 1542/4325 1515/4326
f 1541/4327 1534/4328 1540/4329
f 1539/4330 1368/4331 1265/4332
f 1300/4333 1331/4334 1304/4335
f 1268/4336 1331/4337 1300/4338
f 1334/4339 1328/4340 1329/4341
f 1327/4342 1328/4343 1334/4344
f 1350/4345 1345/4346 1317/4347
f 1349/4348 1359/4349 1352/4350
f 1270/4351 1246/4352 1291/4353
f 1274/4354 1243/4355 1271/4356
f 1244/4357 1243/4358 1214/4359
f 1260/4360 1289/4361 1272/4362
f 1258/4363 1247/4364 1248/4365
f 1247/4366 1216/4367 1240/4368
f 1216/4369 1284/4370 1286/4371
f 1303/4372 1327/4373 1334/4374
f 1299/4375 1307/4376 1292/4377
f 1493/4378 1475/4379 1480/4380
f 1497/4381 1522/4382 1493/4383
f 1512/4384 1521/4385 1526/4386
f 1544/4387 1527/4388 1513/4389
f 1433/4390 1424/4391 1425/4392
f 1511/4393 1530/4394 1502/4395
f 1536/4396 1540/4397 1534/4398
f 1516/4399 1503/4400 1506/4401
f 1399/4402 1402/4403 1403/4404
f 1437/4405 1453/4406 1448/4407
f 1468/4408 1453/4409 1437/4410
f 1421/4411 1448/4412 1423/4413
f 1437/4414 1448/4415 1421/4416
f 1406/4417 1417/4418 1408/4419
f 1398/4420 1407/4421 1404/4422
f 1398/4423 1408/4424 1407/4425
f 1406/4426 1408/4427 1398/4428
f 1398/4429 1404/4430 1402/4431
f 1385/4432 1388/4433 1386/4434
f 1439/4435 1384/4436 1392/4437
f 1381/4438 1380/4439 1440/4440
f 1433/4441 1435/4442 1424/4443
f 1397/4444 1418/4445 1424/4446
f 1470/4447 1479/4448 1456/4449
f 1476/4450 1435/4451 1479/4452
f 1472/4453 1464/4454 1487/4455
f 1415/4456 1400/4457 1411/4458
f 1396/4459 1408/4460 1417/4461
f 1387/4462 1395/4463 1390/4464
f 1404/4465 1407/4466 1395/4467
f 1379/4468 1402/4469 1376/4470
f 1336/4471 1320/4472 1238/4473
f 1319/4474 1239/4475 1238/4476
f 1284/4477 1310/4478 1285/4479
f 1335/4480 1365/4481 1306/4482
f 1311/4483 1343/4484 1335/4485
f 1356/4486 1342/4487 1351/4488
f 1363/4489 1351/4490 1348/4491
f 1333/4492 1332/4493 1355/4494
f 1413/4495 1415/4496 1450/4497
f 1438/4498 1478/4499 1467/4500
f 1447/4501 1466/4502 1419/4503
f 1477/4504 1520/4505 1492/4506
f 1528/4507 1545/4508 1518/4509
f 1545/4510 1529/4511 1265/4512
f 1264/4513 1545/4514 1265/4515
f 1545/4516 1528/4517 1529/4518
f 1459/4519 1532/4520 1523/4521
f 1506/4522 1446/4523 1450/4524
f 1523/4525 1506/4526 1450/4527
f 1482/4528 1533/4529 1532/4530
f 1500/4531 1236/4532 1239/4533
f 1537/4534 1507/4535 1239/4536
f 1537/4537 1533/4538 1482/4539
f 1353/4540 1336/4541 1257/4542
f 1343/4543 1357/4544 1365/4545
f 1306/4546 1365/4547 1361/4548
f 1546/4549 1547/4550 1254/4551
f 1232/4552 1231/4553 1547/4554
f 1546/4555 1275/4556 1250/4557
f 1253/4558 1297/4559 1275/4560
f 1489/4561 1488/4562 1548/4563
f 1488/4564 1492/4565 1519/4566
f 1254/4567 1547/4568 1548/4569
f 1547/4570 1231/4571 1510/4572
f 1297/4573 1333/4574 1276/4575
f 1545/4576 1264/4577 1255/4578
f 1298/4579 1344/4580 1352/4581
f 1364/4582 1354/4583 1355/4584
f 1516/4585 1515/4586 1542/4587
f 1549/4588 1538/4589 1517/4590
f 1461/4591 1509/4592 1496/4593
f 1431/4594 1461/4595 1474/4596
f 1228/4597 1225/4598 1240/4599
f 1227/4600 1223/4601 1225/4602
f 1213/4603 1215/4604 1218/4605
f 1213/4606 1218/4607 1222/4608
f 1522/4609 1497/4610 1525/4611
f 1449/4612 1462/4613 1443/4614
f 1463/4615 1462/4616 1475/4617
f 1501/4618 1525/4619 1497/4620
f 1360/4621 1550/4622 1372/4623
f 1349/4624 1373/4625 1550/4626
f 1331/4627 1337/4628 1316/4629
f 1242/4630 1240/4631 1216/4632
f 1233/4633 1251/4634 1277/4635
f 1382/4636 1381/4637 1440/4638
f 1394/4639 1388/4640 1445/4641
f 1409/4642 1394/4643 1445/4644
f 1445/4645 1426/4646 1409/4647
f 1243/4648 1274/4649 1219/4650
f 1214/4651 1243/4652 1219/4653
f 1445/4654 1388/4655 1382/4656
f 1460/4657 1472/4658 1249/4659
f 1551/4660 1552/4661 1553/4662
f 1552/4663 1551/4664 1554/4665
f 1555/4666 1556/4667 1553/4668
f 1554/4669 1551/4670 1558/4671
f 1556/4672 1555/4673 1559/4674
f 1561/4675 1562/4676 1563/4677
f 1564/4678 1565/4679 1566/4680
f 1568/4681 1569/4682 1570/4683
f 1572/4684 1573/4685 1568/4686
f 1574/4687 1564/4688 1567/4689
f 1574/4690 1575/4691 1576/4692
f 1563/4693 1562/4694 1578/4695
f 1567/4696 1566/4697 1580/4698
f 1581/4699 1582/4700 1583/4701
f 1585/4702 1578/4703 1562/4704
f 1585/4705 1562/4706 1587/4707
f 1570/4708 1588/4709 1589/4710
f 1590/4711 1591/4712 1592/4713
f 1575/4714 1567/4715 1579/4716
f 1595/4717 1576/4718 1575/4719
f 1597/4720 1582/4721 1552/4722
f 1598/4723 1597/4724 1596/4725
f 1589/4726 1588/4727 1599/4728
f 1596/4729 1554/4730 1585/4731
f 1601/4732 1584/4733 1583/4734
f 1603/4735 1604/4736 1605/4737
f 1554/4738 1596/4739 1552/4740
f 1588/4741 1606/4742 1607/4743
f 1581/4744 1584/4745 1608/4746
f 1610/4747 1601/4748 1600/4749
f 1611/4750 1555/4751 1557/4752
f 1613/4753 1614/4754 1606/4755
f 1615/4756 1589/4757 1599/4758
f 1617/4759 1611/4760 1612/4761
f 1618/4762 1617/4763 1609/4764
f 1619/4765 1620/4766 1596/4767
f 1607/4768 1606/4769 1621/4770
f 1622/4771 1554/4772 1558/4773
f 1579/4774 1580/4775 1624/4776
f 1625/4777 1559/4778 1555/4779
f 1626/4780 1625/4781 1611/4782
f 1620/4783 1627/4784 1598/4785
f 1628/4786 1618/4787 1608/4788
f 1630/4789 1626/4790 1617/4791
f 1593/4792 1602/4793 1605/4794
f 1616/4795 1599/4796 1607/4797
f 1607/4798 1621/4799 1632/4800
f 1623/4801 1633/4802 1594/4803
f 1622/4804 1558/4805 1560/4806
f 1635/4807 1591/4808 1590/4809
f 1637/4810 1630/4811 1618/4812
f 1638/4813 1639/4814 1621/4815
f 1584/4816 1640/4817 1629/4818
f 1628/4819 1629/4820 1640/4821
f 1642/4822 1643/4823 1639/4824
f 1633/4825 1644/4826 1595/4827
f 1560/4828 1559/4829 1634/4830
f 1637/4831 1628/4832 1641/4833
f 1640/4834 1584/4835 1646/4836
f 1648/4837 1622/4838 1634/4839
f 1621/4840 1639/4841 1650/4842
f 1647/4843 1646/4844 1651/4845
f 1653/4846 1654/4847 1652/4848
f 1656/4849 1657/4850 1658/4851
f 1634/4852 1559/4853 1625/4854
f 1626/4855 1659/4856 1625/4857
f 1649/4858 1634/4859 1659/4860
f 1654/4861 1653/4862 1643/4863
f 1601/4864 1661/4865 1646/4866
f 1646/4867 1661/4868 1651/4869
f 1662/4870 1661/4871 1601/4872
f 1661/4873 1663/4874 1653/4875
f 1639/4876 1643/4877 1664/4878
f 1665/4879 1641/4880 1640/4881
f 1652/4882 1666/4883 1665/4884
f 1630/4885 1659/4886 1626/4887
f 1659/4888 1630/4889 1645/4890
f 1668/4891 1669/4892 1606/4893
f 1671/4894 1635/4895 1636/4896
f 1645/4897 1641/4898 1672/4899
f 1667/4900 1666/4901 1660/4902
f 1633/4903 1623/4904 1648/4905
f 1658/4906 1674/4907 1655/4908
f 1643/4909 1653/4910 1663/4911
f 1654/4912 1675/4913 1666/4914
f 1676/4915 1675/4916 1669/4917
f 1677/4918 1678/4919 1662/4920
f 1679/4921 1668/4922 1614/4923
f 1681/4924 1649/4925 1660/4926
f 1605/4927 1682/4928 1636/4929
f 1683/4930 1684/4931 1656/4932
f 1675/4933 1676/4934 1685/4935
f 1668/4936 1679/4937 1686/4938
f 1604/4939 1687/4940 1682/4941
f 1666/4942 1685/4943 1660/4944
f 1688/4945 1655/4946 1674/4947
f 1689/4948 1685/4949 1676/4950
f 1685/4951 1689/4952 1680/4953
f 1682/4954 1687/4955 1690/4956
f 1691/4957 1688/4958 1674/4959
f 1692/4960 1686/4961 1679/4962
f 1680/4963 1694/4964 1695/4965
f 1691/4966 1696/4967 1688/4968
f 1697/4969 1693/4970 1670/4971
f 1697/4972 1687/4973 1698/4974
f 1699/4975 1696/4976 1691/4977
f 1700/4978 1701/4979 1692/4980
f 1699/4981 1703/4982 1695/4983
f 1699/4984 1704/4985 1696/4986
f 1702/4987 1697/4988 1698/4989
f 1705/4990 1694/4991 1701/4992
f 1698/4993 1705/4994 1700/4995
f 1704/4996 1695/4997 1694/4998
f 1704/4999 1705/5000 1698/5001
f 1707/5002 1604/5003 1603/5004
f 1708/5005 1709/5006 1683/5007
f 1708/5008 1688/5009 1696/5010
f 1711/5011 1687/5012 1604/5013
f 1713/5014 1714/5015 1715/5016
f 1714/5017 1713/5018 1716/5019
f 1712/5020 1718/5021 1719/5022
f 1720/5023 1716/5024 1713/5025
f 1721/5026 1722/5027 1718/5028
f 1723/5029 1724/5030 1717/5031
f 1725/5032 1721/5033 1712/5034
f 1723/5035 1716/5036 1720/5037
f 1724/5038 1726/5039 1727/5040
f 1728/5041 1729/5042 1721/5043
f 1729/5044 1730/5045 1722/5046
f 1727/5047 1726/5048 1732/5049
f 1728/5050 1733/5051 1734/5052
f 1735/5053 1730/5054 1729/5055
f 1736/5056 1737/5057 1738/5058
f 1737/5059 1736/5060 1740/5061
f 1741/5062 1740/5063 1717/5064
f 1740/5065 1742/5066 1715/5067
f 1742/5068 1733/5069 1725/5070
f 1739/5071 1743/5072 1744/5073
f 1746/5074 1734/5075 1733/5076
f 1747/5077 1748/5078 1731/5079
f 1738/5080 1737/5081 1750/5082
f 1751/5083 1752/5084 1743/5085
f 1753/5086 1751/5087 1739/5088
f 1741/5089 1724/5090 1727/5091
f 1754/5092 1727/5093 1731/5094
f 1750/5095 1737/5096 1741/5097
f 1748/5098 1754/5099 1731/5100
f 1755/5101 1756/5102 1735/5103
f 1752/5104 1757/5105 1758/5106
f 1743/5107 1758/5108 1759/5109
f 1755/5110 1744/5111 1760/5112
f 1761/5113 1760/5114 1744/5115
f 1756/5116 1760/5117 1763/5118
f 1764/5119 1765/5120 1748/5121
f 1766/5122 1754/5123 1765/5124
f 1767/5125 1750/5126 1754/5127
f 1768/5128 1749/5129 1750/5130
f 1765/5131 1754/5132 1748/5133
f 1765/5134 1764/5135 1769/5136
f 1760/5137 1761/5138 1770/5139
f 1765/5140 1769/5141 1766/5142
f 1771/5143 1772/5144 1773/5145
f 1758/5146 1774/5147 1775/5148
f 1774/5149 1758/5150 1757/5151
f 1722/5152 1777/5153 1778/5154
f 1779/5155 1771/5156 1763/5157
f 1771/5158 1779/5159 1780/5160
f 1781/5161 1779/5162 1770/5163
f 1782/5164 1769/5165 1764/5166
f 1784/5167 1785/5168 1752/5169
f 1786/5170 1787/5171 1770/5172
f 1753/5173 1749/5174 1789/5175
f 1790/5176 1782/5177 1783/5178
f 1792/5179 1787/5180 1786/5181
f 1780/5182 1793/5183 1794/5184
f 1780/5185 1779/5186 1781/5187
f 1735/5188 1777/5189 1730/5190
f 1777/5191 1735/5192 1762/5193
f 1778/5194 1777/5195 1796/5196
f 1768/5197 1797/5198 1789/5199
f 1782/5200 1798/5201 1769/5202
f 1799/5203 1769/5204 1798/5205
f 1800/5206 1801/5207 1795/5208
f 1802/5209 1782/5210 1790/5211
f 1776/5212 1757/5213 1804/5214
f 1774/5215 1805/5216 1806/5217
f 1808/5218 1794/5219 1793/5220
f 1809/5221 1792/5222 1791/5223
f 1810/5224 1798/5225 1782/5226
f 1811/5227 1767/5228 1766/5229
f 1800/5230 1787/5231 1792/5232
f 1773/5233 1814/5234 1796/5235
f 1816/5236 1776/5237 1803/5238
f 1817/5239 1773/5240 1772/5241
f 1792/5242 1809/5243 1818/5244
f 1767/5245 1811/5246 1819/5247
f 1820/5248 1797/5249 1768/5250
f 1780/5251 1795/5252 1821/5253
f 1822/5254 1818/5255 1809/5256
f 1823/5257 1824/5258 1825/5259
f 1805/5260 1826/5261 1827/5262
f 1827/5263 1828/5264 1809/5265
f 1807/5266 1793/5267 1821/5268
f 1805/5269 1816/5270 1830/5271
f 1801/5272 1831/5273 1832/5274
f 1833/5275 1811/5276 1812/5277
f 1822/5278 1835/5279 1831/5280
f 1823/5281 1814/5282 1817/5283
f 1817/5284 1836/5285 1824/5286
f 1801/5287 1832/5288 1795/5289
f 1832/5290 1837/5291 1821/5292
f 1838/5293 1819/5294 1811/5295
f 1828/5296 1839/5297 1822/5298
f 1828/5299 1840/5300 1839/5301
f 1841/5302 1842/5303 1804/5304
f 1803/5305 1804/5306 1842/5307
f 1844/5308 1841/5309 1785/5310
f 1845/5311 1820/5312 1819/5313
f 1846/5314 1829/5315 1821/5316
f 1834/5317 1847/5318 1561/5319
f 1827/5320 1848/5321 1849/5322
f 1834/5323 1565/5324 1564/5325
f 1799/5326 1798/5327 1562/5328
f 1847/5329 1799/5330 1562/5331
f 1847/5332 1562/5333 1561/5334
f 1832/5335 1831/5336 1850/5337
f 1850/5338 1851/5339 1837/5340
f 1815/5341 1803/5342 1843/5343
f 1853/5344 1854/5345 1844/5346
f 1842/5347 1841/5348 1854/5349
f 1855/5350 1843/5351 1842/5352
f 1855/5353 1852/5354 1843/5355
f 1574/5356 1838/5357 1833/5358
f 1849/5359 1840/5360 1828/5361
f 1857/5362 1830/5363 1858/5364
f 1850/5365 1831/5366 1860/5367
f 1861/5368 1853/5369 1844/5370
f 1840/5371 1862/5372 1863/5373
f 1860/5374 1863/5375 1862/5376
f 1850/5377 1864/5378 1851/5379
f 1865/5380 1846/5381 1837/5382
f 1858/5383 1815/5384 1852/5385
f 1852/5386 1855/5387 1867/5388
f 1848/5389 1569/5390 1568/5391
f 1840/5392 1868/5393 1869/5394
f 1568/5395 1573/5396 1868/5397
f 1853/5398 1861/5399 1870/5400
f 1872/5401 1853/5402 1871/5403
f 1573/5404 1873/5405 1869/5406
f 1592/5407 1857/5408 1856/5409
f 1874/5410 1872/5411 1871/5412
f 1656/5413 1874/5414 1875/5415
f 1876/5416 1877/5417 1867/5418
f 1656/5419 1684/5420 1878/5421
f 1879/5422 1880/5423 1853/5424
f 1879/5425 1872/5426 1878/5427
f 1877/5428 1706/5429 1603/5430
f 1638/5431 1669/5432 1642/5433
f 1606/5434 1669/5435 1638/5436
f 1672/5437 1666/5438 1667/5439
f 1665/5440 1666/5441 1672/5442
f 1688/5443 1683/5444 1655/5445
f 1687/5446 1697/5447 1690/5448
f 1608/5449 1584/5450 1629/5451
f 1612/5452 1581/5453 1609/5454
f 1582/5455 1581/5456 1552/5457
f 1598/5458 1627/5459 1610/5460
f 1596/5461 1585/5462 1586/5463
f 1585/5464 1554/5465 1578/5466
f 1554/5467 1622/5468 1624/5469
f 1641/5470 1665/5471 1672/5472
f 1637/5473 1645/5474 1630/5475
f 1831/5476 1813/5477 1818/5478
f 1835/5479 1860/5480 1831/5481
f 1850/5482 1859/5483 1864/5484
f 1882/5485 1865/5486 1851/5487
f 1771/5488 1762/5489 1763/5490
f 1849/5491 1868/5492 1840/5493
f 1874/5494 1878/5495 1872/5496
f 1854/5497 1841/5498 1844/5499
f 1737/5500 1740/5501 1741/5502
f 1775/5503 1791/5504 1786/5505
f 1806/5506 1791/5507 1775/5508
f 1759/5509 1786/5510 1761/5511
f 1775/5512 1786/5513 1759/5514
f 1744/5515 1755/5516 1746/5517
f 1736/5518 1745/5519 1742/5520
f 1736/5521 1746/5522 1745/5523
f 1744/5524 1746/5525 1736/5526
f 1736/5527 1742/5528 1740/5529
f 1723/5530 1726/5531 1724/5532
f 1777/5533 1722/5534 1730/5535
f 1719/5536 1718/5537 1778/5538
f 1771/5539 1773/5540 1762/5541
f 1735/5542 1756/5543 1762/5544
f 1808/5545 1817/5546 1794/5547
f 1814/5548 1773/5549 1817/5550
f 1810/5551 1802/5552 1825/5553
f 1753/5554 1738/5555 1749/5556
f 1734/5557 1746/5558 1755/5559
f 1725/5560 1733/5561 1728/5562
f 1742/5563 1745/5564 1733/5565
f 1717/5566 1740/5567 1714/5568
f 1674/5569 1658/5570 1576/5571
f 1657/5572 1577/5573 1576/5574
f 1622/5575 1648/5576 1623/5577
f 1673/5578 1703/5579 1644/5580
f 1649/5581 1681/5582 1673/5583
f 1694/5584 1680/5585 1689/5586
f 1701/5587 1689/5588 1686/5589
f 1671/5590 1670/5591 1693/5592
f 1751/5593 1753/5594 1788/5595
f 1776/5596 1816/5597 1805/5598
f 1785/5599 1804/5600 1757/5601
f 1815/5602 1858/5603 1830/5604
f 1866/5605 1883/5606 1856/5607
f 1883/5608 1867/5609 1603/5610
f 1602/5611 1883/5612 1603/5613
f 1883/5614 1866/5615 1867/5616
f 1797/5617 1870/5618 1861/5619
f 1844/5620 1784/5621 1788/5622
f 1861/5623 1844/5624 1788/5625
f 1820/5626 1871/5627 1870/5628
f 1838/5629 1574/5630 1577/5631
f 1875/5632 1845/5633 1577/5634
f 1875/5635 1871/5636 1820/5637
f 1691/5638 1674/5639 1595/5640
f 1681/5641 1695/5642 1703/5643
f 1644/5644 1703/5645 1699/5646
f 1884/5647 1885/5648 1592/5649
f 1570/5650 1569/5651 1885/5652
f 1884/5653 1613/5654 1588/5655
f 1591/5656 1635/5657 1613/5658
f 1827/5659 1826/5660 1886/5661
f 1826/5662 1830/5663 1857/5664
f 1592/5665 1885/5666 1886/5667
f 1885/5668 1569/5669 1848/5670
f 1635/5671 1671/5672 1614/5673
f 1883/5674 1602/5675 1593/5676
f 1636/5677 1682/5678 1690/5679
f 1702/5680 1692/5681 1693/5682
f 1854/5683 1853/5684 1880/5685
f 1887/5686 1876/5687 1855/5688
f 1799/5689 1847/5690 1834/5691
f 1769/5692 1799/5693 1812/5694
f 1566/5695 1563/5696 1578/5697
f 1565/5698 1561/5699 1563/5700
f 1551/5701 1553/5702 1556/5703
f 1551/5704 1556/5705 1560/5706
f 1860/5707 1835/5708 1863/5709
f 1787/5710 1800/5711 1781/5712
f 1801/5713 1800/5714 1813/5715
f 1839/5716 1863/5717 1835/5718
f 1698/5719 1888/5720 1710/5721
f 1687/5722 1711/5723 1888/5724
f 1669/5725 1675/5726 1654/5727
f 1580/5728 1578/5729 1554/5730
f 1571/5731 1589/5732 1615/5733
f 1720/5734 1719/5735 1778/5736
f 1732/5737 1726/5738 1783/5739
f 1747/5740 1732/5741 1783/5742
f 1783/5743 1764/5744 1747/5745
f 1581/5746 1612/5747 1557/5748
f 1552/5749 1581/5750 1557/5751
f 1783/5752 1726/5753 1720/5754
f 1798/5755 1810/5756 1587/5757
f 1889/5758 1890/5759 1891/5760
f 1890/5761 1889/5762 1892/5763
f 1893/5764 1894/5765 1891/5766
f 1892/5767 1889/5768 1896/5769
f 1894/5770 1893/5771 1897/5772
f 1899/5773 1900/5774 1901/5775
f 1902/5776 1903/5777 1904/5778
f 1906/5779 1907/5780 1908/5781
f 1910/5782 1911/5783 1906/5784
f 1912/5785 1902/5786 1905/5787
f 1912/5788 1913/5789 1914/5790
f 1901/5791 1900/5792 1916/5793
f 1905/5794 1904/5795 1918/5796
f 1919/5797 1920/5798 1921/5799
f 1923/5800 1916/5801 1900/5802
f 1923/5803 1900/5804 1925/5805
f 1908/5806 1926/5807 1927/5808
f 1928/5809 1929/5810 1930/5811
f 1913/5812 1905/5813 1917/5814
f 1933/5815 1914/5816 1913/5817
f 1935/5818 1920/5819 1890/5820
f 1936/5821 1935/5822 1934/5823
f 1927/5824 1926/5825 1937/5826
f 1934/5827 1892/5828 1923/5829
f 1939/5830 1922/5831 1921/5832
f 1941/5833 1942/5834 1943/5835
f 1892/5836 1934/5837 1890/5838
f 1926/5839 1944/5840 1945/5841
f 1919/5842 1922/5843 1946/5844
f 1948/5845 1939/5846 1938/5847
f 1949/5848 1893/5849 1895/5850
f 1951/5851 1952/5852 1944/5853
f 1953/5854 1927/5855 1937/5856
f 1955/5857 1949/5858 1950/5859
f 1956/5860 1955/5861 1947/5862
f 1957/5863 1958/5864 1934/5865
f 1945/5866 1944/5867 1959/5868
f 1960/5869 1892/5870 1896/5871
f 1917/5872 1918/5873 1962/5874
f 1963/5875 1897/5876 1893/5877
f 1964/5878 1963/5879 1949/5880
f 1958/5881 1965/5882 1936/5883
f 1966/5884 1956/5885 1946/5886
f 1968/5887 1964/5888 1955/5889
f 1931/5890 1940/5891 1943/5892
f 1954/5893 1937/5894 1945/5895
f 1945/5896 1959/5897 1970/5898
f 1961/5899 1971/5900 1932/5901
f 1960/5902 1896/5903 1898/5904
f 1973/5905 1929/5906 1928/5907
f 1975/5908 1968/5909 1956/5910
f 1976/5911 1977/5912 1959/5913
f 1922/5914 1978/5915 1967/5916
f 1966/5917 1967/5918 1978/5919
f 1980/5920 1981/5921 1977/5922
f 1971/5923 1982/5924 1933/5925
f 1898/5926 1897/5927 1972/5928
f 1975/5929 1966/5930 1979/5931
f 1978/5932 1922/5933 1984/5934
f 1986/5935 1960/5936 1972/5937
f 1959/5938 1977/5939 1988/5940
f 1985/5941 1984/5942 1989/5943
f 1991/5944 1992/5945 1990/5946
f 1994/5947 1995/5948 1996/5949
f 1972/5950 1897/5951 1963/5952
f 1964/5953 1997/5954 1963/5955
f 1987/5956 1972/5957 1997/5958
f 1992/5959 1991/5960 1981/5961
f 1939/5962 1999/5963 1984/5964
f 1984/5965 1999/5966 1989/5967
f 2000/5968 1999/5969 1939/5970
f 1999/5971 2001/5972 1991/5973
f 1977/5974 1981/5975 2002/5976
f 2003/5977 1979/5978 1978/5979
f 1990/5980 2004/5981 2003/5982
f 1968/5983 1997/5984 1964/5985
f 1997/5986 1968/5987 1983/5988
f 2006/5989 2007/5990 1944/5991
f 2009/5992 1973/5993 1974/5994
f 1983/5995 1979/5996 2010/5997
f 2005/5998 2004/5999 1998/6000
f 1971/6001 1961/6002 1986/6003
f 1996/6004 2012/6005 1993/6006
f 1981/6007 1991/6008 2001/6009
f 1992/6010 2013/6011 2004/6012
f 2014/6013 2013/6014 2007/6015
f 2015/6016 2016/6017 2000/6018
f 2017/6019 2006/6020 1952/6021
f 2019/6022 1987/6023 1998/6024
f 1943/6025 2020/6026 1974/6027
f 2021/6028 2022/6029 1994/6030
f 2013/6031 2014/6032 2023/6033
f 2006/6034 2017/6035 2024/6036
f 1942/6037 2025/6038 2020/6039
f 2004/6040 2023/6041 1998/6042
f 2026/6043 1993/6044 2012/6045
f 2027/6046 2023/6047 2014/6048
f 2023/6049 2027/6050 2018/6051
f 2020/6052 2025/6053 2028/6054
f 2029/6055 2026/6056 2012/6057
f 2030/6058 2024/6059 2017/6060
f 2018/6061 2032/6062 2033/6063
f 2029/6064 2034/6065 2026/6066
f 2035/6067 2031/6068 2008/6069
f 2035/6070 2025/6071 2036/6072
f 2037/6073 2034/6074 2029/6075
f 2038/6076 2039/6077 2030/6078
f 2037/6079 2041/6080 2033/6081
f 2037/6082 2042/6083 2034/6084
f 2040/6085 2035/6086 2036/6087
f 2043/6088 2032/6089 2039/6090
f 2036/6091 2043/6092 2038/6093
f 2042/6094 2033/6095 2032/6096
f 2042/6097 2043/6098 2036/6099
f 2045/6100 1942/6101 1941/6102
f 2046/6103 2047/6104 2021/6105
f 2046/6106 2026/6107 2034/6108
f 2049/6109 2025/6110 1942/6111
f 2051/6112 2052/6113 2053/6114
f 2052/6115 2051/6116 2054/6117
f 2050/6118 2056/6119 2057/6120
f 2058/6121 2054/6122 2051/6123
f 2059/6124 2060/6125 2056/6126
f 2061/6127 2062/6128 2055/6129
f 2063/6130 2059/6131 2050/6132
f 2061/6133 2054/6134 2058/6135
f 2062/6136 2064/6137 2065/6138
f 2066/6139 2067/6140 2059/6141
f 2067/6142 2068/6143 2060/6144
f 2065/6145 2064/6146 2070/6147
f 2066/6148 2071/6149 2072/6150
f 2073/6151 2068/6152 2067/6153
f 2074/6154 2075/6155 2076/6156
f 2075/6157 2074/6158 2078/6159
f 2079/6160 2078/6161 2055/6162
f 2078/6163 2080/6164 2053/6165
f 2080/6166 2071/6167 2063/6168
f 2077/6169 2081/6170 2082/6171
f 2084/6172 2072/6173 2071/6174
f 2085/6175 2086/6176 2069/6177
f 2076/6178 2075/6179 2088/6180
f 2089/6181 2090/6182 2081/6183
f 2091/6184 2089/6185 2077/6186
f 2079/6187 2062/6188 2065/6189
f 2092/6190 2065/6191 2069/6192
f 2088/6193 2075/6194 2079/6195
f 2086/6196 2092/6197 2069/6198
f 2093/6199 2094/6200 2073/6201
f 2090/6202 2095/6203 2096/6204
f 2081/6205 2096/6206 2097/6207
f 2093/6208 2082/6209 2098/6210
f 2099/6211 2098/6212 2082/6213
f 2094/6214 2098/6215 2101/6216
f 2102/6217 2103/6218 2086/6219
f 2104/6220 2092/6221 2103/6222
f 2105/6223 2088/6224 2092/6225
f 2106/6226 2087/6227 2088/6228
f 2103/6229 2092/6230 2086/6231
f 2103/6232 2102/6233 2107/6234
f 2098/6235 2099/6236 2108/6237
f 2103/6238 2107/6239 2104/6240
f 2109/6241 2110/6242 2111/6243
f 2096/6244 2112/6245 2113/6246
f 2112/6247 2096/6248 2095/6249
f 2060/6250 2115/6251 2116/6252
f 2117/6253 2109/6254 2101/6255
f 2109/6256 2117/6257 2118/6258
f 2119/6259 2117/6260 2108/6261
f 2120/6262 2107/6263 2102/6264
f 2122/6265 2123/6266 2090/6267
f 2124/6268 2125/6269 2108/6270
f 2091/6271 2087/6272 2127/6273
f 2128/6274 2120/6275 2121/6276
f 2130/6277 2125/6278 2124/6279
f 2118/6280 2131/6281 2132/6282
f 2118/6283 2117/6284 2119/6285
f 2073/6286 2115/6287 2068/6288
f 2115/6289 2073/6290 2100/6291
f 2116/6292 2115/6293 2134/6294
f 2106/6295 2135/6296 2127/6297
f 2120/6298 2136/6299 2107/6300
f 2137/6301 2107/6302 2136/6303
f 2138/6304 2139/6305 2133/6306
f 2140/6307 2120/6308 2128/6309
f 2114/6310 2095/6311 2142/6312
f 2112/6313 2143/6314 2144/6315
f 2146/6316 2132/6317 2131/6318
f 2147/6319 2130/6320 2129/6321
f 2148/6322 2136/6323 2120/6324
f 2149/6325 2105/6326 2104/6327
f 2138/6328 2125/6329 2130/6330
f 2111/6331 2152/6332 2134/6333
f 2154/6334 2114/6335 2141/6336
f 2155/6337 2111/6338 2110/6339
f 2130/6340 2147/6341 2156/6342
f 2105/6343 2149/6344 2157/6345
f 2158/6346 2135/6347 2106/6348
f 2118/6349 2133/6350 2159/6351
f 2160/6352 2156/6353 2147/6354
f 2161/6355 2162/6356 2163/6357
f 2143/6358 2164/6359 2165/6360
f 2165/6361 2166/6362 2147/6363
f 2145/6364 2131/6365 2159/6366
f 2143/6367 2154/6368 2168/6369
f 2139/6370 2169/6371 2170/6372
f 2171/6373 2149/6374 2150/6375
f 2160/6376 2173/6377 2169/6378
f 2161/6379 2152/6380 2155/6381
f 2155/6382 2174/6383 2162/6384
f 2139/6385 2170/6386 2133/6387
f 2170/6388 2175/6389 2159/6390
f 2176/6391 2157/6392 2149/6393
f 2166/6394 2177/6395 2160/6396
f 2166/6397 2178/6398 2177/6399
f 2179/6400 2180/6401 2142/6402
f 2141/6403 2142/6404 2180/6405
f 2182/6406 2179/6407 2123/6408
f 2183/6409 2158/6410 2157/6411
f 2184/6412 2167/6413 2159/6414
f 2172/6415 2185/6416 1899/6417
f 2165/6418 2186/6419 2187/6420
f 2172/6421 1903/6422 1902/6423
f 2137/6424 2136/6425 1900/6426
f 2185/6427 2137/6428 1900/6429
f 2185/6430 1900/6431 1899/6432
f 2170/6433 2169/6434 2188/6435
f 2188/6436 2189/6437 2175/6438
f 2153/6439 2141/6440 2181/6441
f 2191/6442 2192/6443 2182/6444
f 2180/6445 2179/6446 2192/6447
f 2193/6448 2181/6449 2180/6450
f 2193/6451 2190/6452 2181/6453
f 1912/6454 2176/6455 2171/6456
f 2187/6457 2178/6458 2166/6459
f 2195/6460 2168/6461 2196/6462
f 2188/6463 2169/6464 2198/6465
f 2199/6466 2191/6467 2182/6468
f 2178/6469 2200/6470 2201/6471
f 2198/6472 2201/6473 2200/6474
f 2188/6475 2202/6476 2189/6477
f 2203/6478 2184/6479 2175/6480
f 2196/6481 2153/6482 2190/6483
f 2190/6484 2193/6485 2205/6486
f 2186/6487 1907/6488 1906/6489
f 2178/6490 2206/6491 2207/6492
f 1906/6493 1911/6494 2206/6495
f 2191/6496 2199/6497 2208/6498
f 2210/6499 2191/6500 2209/6501
f 1911/6502 2211/6503 2207/6504
f 1930/6505 2195/6506 2194/6507
f 2212/6508 2210/6509 2209/6510
f 1994/6511 2212/6512 2213/6513
f 2214/6514 2215/6515 2205/6516
f 1994/6517 2022/6518 2216/6519
f 2217/6520 2218/6521 2191/6522
f 2217/6523 2210/6524 2216/6525
f 2215/6526 2044/6527 1941/6528
f 1976/6529 2007/6530 1980/6531
f 1944/6532 2007/6533 1976/6534
f 2010/6535 2004/6536 2005/6537
f 2003/6538 2004/6539 2010/6540
f 2026/6541 2021/6542 1993/6543
f 2025/6544 2035/6545 2028/6546
f 1946/6547 1922/6548 1967/6549
f 1950/6550 1919/6551 1947/6552
f 1920/6553 1919/6554 1890/6555
f 1936/6556 1965/6557 1948/6558
f 1934/6559 1923/6560 1924/6561
f 1923/6562 1892/6563 1916/6564
f 1892/6565 1960/6566 1962/6567
f 1979/6568 2003/6569 2010/6570
f 1975/6571 1983/6572 1968/6573
f 2169/6574 2151/6575 2156/6576
f 2173/6577 2198/6578 2169/6579
f 2188/6580 2197/6581 2202/6582
f 2220/6583 2203/6584 2189/6585
f 2109/6586 2100/6587 2101/6588
f 2187/6589 2206/6590 2178/6591
f 2212/6592 2216/6593 2210/6594
f 2192/6595 2179/6596 2182/6597
f 2075/6598 2078/6599 2079/6600
f 2113/6601 2129/6602 2124/6603
f 2144/6604 2129/6605 2113/6606
f 2097/6607 2124/6608 2099/6609
f 2113/6610 2124/6611 2097/6612
f 2082/6613 2093/6614 2084/6615
f 2074/6616 2083/6617 2080/6618
f 2074/6619 2084/6620 2083/6621
f 2082/6622 2084/6623 2074/6624
f 2074/6625 2080/6626 2078/6627
f 2061/6628 2064/6629 2062/6630
f 2115/6631 2060/6632 2068/6633
f 2057/6634 2056/6635 2116/6636
f 2109/6637 2111/6638 2100/6639
f 2073/6640 2094/6641 2100/6642
f 2146/6643 2155/6644 2132/6645
f 2152/6646 2111/6647 2155/6648
f 2148/6649 2140/6650 2163/6651
f 2091/6652 2076/6653 2087/6654
f 2072/6655 2084/6656 2093/6657
f 2063/6658 2071/6659 2066/6660
f 2080/6661 2083/6662 2071/6663
f 2055/6664 2078/6665 2052/6666
f 2012/6667 1996/6668 1914/6669
f 1995/6670 1915/6671 1914/6672
f 1960/6673 1986/6674 1961/6675
f 2011/6676 2041/6677 1982/6678
f 1987/6679 2019/6680 2011/6681
f 2032/6682 2018/6683 2027/6684
f 2039/6685 2027/6686 2024/6687
f 2009/6688 2008/6689 2031/6690
f 2089/6691 2091/6692 2126/6693
f 2114/6694 2154/6695 2143/6696
f 2123/6697 2142/6698 2095/6699
f 2153/6700 2196/6701 2168/6702
f 2204/6703 2221/6704 2194/6705
f 2221/6706 2205/6707 1941/6708
f 1940/6709 2221/6710 1941/6711
f 2221/6712 2204/6713 2205/6714
f 2135/6715 2208/6716 2199/6717
f 2182/6718 2122/6719 2126/6720
f 2199/6721 2182/6722 2126/6723
f 2158/6724 2209/6725 2208/6726
f 2176/6727 1912/6728 1915/6729
f 2213/6730 2183/6731 1915/6732
f 2213/6733 2209/6734 2158/6735
f 2029/6736 2012/6737 1933/6738
f 2019/6739 2033/6740 2041/6741
f 1982/6742 2041/6743 2037/6744
f 2222/6745 2223/6746 1930/6747
f 1908/6748 1907/6749 2223/6750
f 2222/6751 1951/6752 1926/6753
f 1929/6754 1973/6755 1951/6756
f 2165/6757 2164/6758 2224/6759
f 2164/6760 2168/6761 2195/6762
f 1930/6763 2223/6764 2224/6765
f 2223/6766 1907/6767 2186/6768
f 1973/6769 2009/6770 1952/6771
f 2221/6772 1940/6773 1931/6774
f 1974/6775 2020/6776 2028/6777
f 2040/6778 2030/6779 2031/6780
f 2192/6781 2191/6782 2218/6783
f 2225/6784 2214/6785 2193/6786
f 2137/6787 2185/6788 2172/6789
f 2107/6790 2137/6791 2150/6792
f 1904/6793 1901/6794 1916/6795
f 1903/6796 1899/6797 1901/6798
f 1889/6799 1891/6800 1894/6801
f 1889/6802 1894/6803 1898/6804
f 2198/6805 2173/6806 2201/6807
f 2125/6808 2138/6809 2119/6810
f 2139/6811 2138/6812 2151/6813
f 2177/6814 2201/6815 2173/6816
f 2036/6817 2226/6818 2048/6819
f 2025/6820 2049/6821 2226/6822
f 2007/6823 2013/6824 1992/6825
f 1918/6826 1916/6827 1892/6828
f 1909/6829 1927/6830 1953/6831
f 2058/6832 2057/6833 2116/6834
f 2070/6835 2064/6836 2121/6837
f 2085/6838 2070/6839 2121/6840
f 2121/6841 2102/6842 2085/6843
f 1919/6844 1950/6845 1895/6846
f 1890/6847 1919/6848 1895/6849
f 2121/6850 2064/6851 2058/6852
f 2136/6853 2148/6854 1925/6855
f 2227/6856 2228/6857 2229/6858
f 2231/6859 2232/6860 2233/6861
f 2227/6862 2232/6863 2231/6864
f 2236/6865 2237/6866 2238/6867
f 2238/6868 2237/6869 2239/6870
f 2236/6871 2235/6872 2241/6873
f 55/6874 52/6875 54/6876
f 56/6877 52/6878 57/6879
f 58/6880 52/6881 59/6882
f 57/6883 60/6884 56/6885
f 62/6886 57/6887 63/6888
f 63/6889 55/6890 64/6891
f 56/6892 61/6893 59/6894
f 23/6895 60/6896 62/6897
f 63/6898 67/6899 62/6900
f 59/6901 69/6902 58/6903
f 21/6904 65/6905 23/6906
f 69/6907 59/6908 71/6909
f 73/6910 72/6911 70/6912
f 69/6913 74/6914 70/6915
f 24/6916 23/6917 68/6918
f 71/6919 33/6920 69/6921
f 78/6922 76/6923 77/6924
f 74/6925 79/6926 75/6927
f 41/6928 40/6929 80/6930
f 61/6931 65/6932 66/6933
f 33/6934 71/6935 31/6936
f 68/6937 81/6938 24/6939
f 81/6940 68/6941 40/6942
f 21/6943 20/6944 65/6945
f 79/6946 74/6947 32/6948
f 40/6949 42/6950 81/6951
f 81/6952 83/6953 82/6954
f 79/6955 85/6956 77/6957
f 85/6958 79/6959 87/6960
f 87/6961 32/6962 88/6963
f 22/6964 82/6965 89/6966
f 83/6967 42/6968 90/6969
f 85/6970 91/6971 86/6972
f 90/6973 93/6974 83/6975
f 87/6976 94/6977 85/6978
f 51/6979 3/6980 90/6981
f 3/6982 51/6983 95/6984
f 20/6985 96/6986 31/6987
f 87/6988 88/6989 94/6990
f 84/6991 93/6992 89/6993
f 49/6994 1/6995 95/6996
f 34/6997 93/6998 2/6999
f 92/7000 91/7001 99/7002
f 16/7003 98/7004 94/7005
f 100/7006 101/7007 99/7008
f 2/7009 1/7010 102/7011
f 2/7012 102/7013 34/7014
f 96/7015 13/7016 88/7017
f 12/7018 16/7019 13/7020
f 22/7021 103/7022 20/7023
f 14/7024 13/7025 103/7026
f 10/7027 93/7028 11/7029
f 104/7030 50/7031 105/7032
f 102/7033 50/7034 106/7035
f 107/7036 99/7037 108/7038
f 98/7039 15/7040 108/7041
f 35/7042 102/7043 109/7044
f 109/7045 110/7046 35/7047
f 89/7048 111/7049 22/7050
f 106/7051 104/7052 113/7053
f 28/7054 114/7055 39/7056
f 115/7057 107/7058 114/7059
f 106/7060 113/7061 109/7062
f 12/7063 29/7064 39/7065
f 107/7066 115/7067 118/7068
f 119/7069 112/7070 121/7071
f 11/7072 110/7073 9/7074
f 113/7075 112/7076 123/7077
f 89/7078 10/7079 111/7080
f 115/7081 114/7082 126/7083
f 115/7084 126/7085 117/7086
f 114/7087 28/7088 125/7089
f 113/7090 123/7091 116/7092
f 12/7093 14/7094 29/7095
f 25/7096 27/7097 29/7098
f 27/7099 129/7100 30/7101
f 129/7102 130/7103 125/7104
f 111/7105 18/7106 103/7107
f 116/7108 128/7109 122/7110
f 128/7111 123/7112 132/7113
f 131/7114 130/7115 127/7116
f 47/7117 46/7118 121/7119
f 124/7120 19/7121 111/7122
f 123/7123 119/7124 133/7125
f 10/7126 9/7127 124/7128
f 124/7129 136/7130 19/7131
f 133/7132 46/7133 138/7134
f 132/7135 133/7136 135/7137
f 139/7138 129/7139 26/7140
f 140/7141 141/7142 47/7143
f 48/7144 141/7145 138/7146
f 18/7147 143/7148 14/7149
f 142/7150 141/7151 144/7152
f 143/7153 18/7154 145/7155
f 9/7156 122/7157 136/7158
f 122/7159 135/7160 146/7161
f 6/7162 144/7163 148/7164
f 138/7165 142/7166 135/7167
f 19/7168 137/7169 17/7170
f 136/7171 146/7172 137/7173
f 144/7174 6/7175 142/7176
f 151/7177 4/7178 148/7179
f 26/7180 152/7181 139/7182
f 142/7183 5/7184 147/7185
f 156/7186 139/7187 155/7188
f 134/7189 156/7190 157/7191
f 145/7192 17/7193 36/7194
f 158/7195 150/7196 154/7197
f 5/7198 8/7199 154/7200
f 159/7201 153/7202 160/7203
f 157/7204 155/7205 162/7206
f 163/7207 164/7208 165/7209
f 161/7210 155/7211 159/7212
f 164/7213 163/7214 8/7215
f 167/7216 149/7217 150/7218
f 167/7219 150/7220 168/7221
f 8/7222 166/7223 158/7224
f 168/7225 166/7226 167/7227
f 160/7228 145/7229 38/7230
f 160/7231 38/7232 159/7233
f 167/7234 171/7235 149/7236
f 165/7237 173/7238 163/7239
f 176/7240 162/7241 175/7242
f 149/7243 172/7244 36/7245
f 173/7246 177/7247 174/7248
f 169/7249 166/7250 174/7251
f 174/7252 43/7253 169/7254
f 38/7255 37/7256 170/7257
f 175/7258 45/7259 176/7260
f 170/7261 179/7262 175/7263
f 169/7264 178/7265 171/7266
f 37/7267 172/7268 179/7269
f 179/7270 178/7271 45/7272
f 104/7273 105/7274 112/7275
f 67/7276 63/7277 80/7278
f 53/7279 52/7280 72/7281
f 70/7282 75/7283 73/7284
f 175/7285 161/7286 170/7287
f 139/7288 156/7289 129/7290
f 99/7291 107/7292 100/7293
f 101/7294 180/7295 92/7296
f 77/7297 86/7298 78/7299
f 152/7300 26/7301 143/7302
f 152/7303 143/7304 160/7305
f 181/7306 182/7307 184/7308
f 186/7309 184/7310 185/7311
f 188/7312 182/7313 187/7314
f 192/7315 189/7316 191/7317
f 192/7318 191/7319 194/7320
f 195/7321 196/7322 189/7323
f 193/7324 197/7325 194/7326
f 195/7327 199/7328 196/7329
f 198/7330 197/7331 202/7332
f 203/7333 204/7334 199/7335
f 201/7336 205/7337 202/7338
f 207/7339 208/7340 203/7341
f 205/7342 209/7343 206/7344
f 207/7345 211/7346 208/7347
f 210/7348 209/7349 214/7350
f 215/7351 216/7352 211/7353
f 213/7354 217/7355 214/7356
f 219/7357 220/7358 215/7359
f 217/7360 220/7361 218/7362
f 191/7363 190/7364 222/7365
f 191/7366 222/7367 193/7368
f 190/7369 196/7370 221/7371
f 193/7372 223/7373 197/7374
f 196/7375 200/7376 224/7377
f 197/7378 225/7379 201/7380
f 204/7381 228/7382 200/7383
f 227/7384 229/7385 201/7386
f 208/7387 230/7388 204/7389
f 229/7390 231/7391 205/7392
f 212/7393 232/7394 208/7395
f 231/7396 233/7397 209/7398
f 216/7399 234/7400 212/7401
f 233/7402 235/7403 213/7404
f 220/7405 236/7406 216/7407
f 235/7408 236/7409 217/7410
f 222/7411 221/7412 238/7413
f 222/7414 238/7415 223/7416
f 221/7417 224/7418 237/7419
f 223/7420 239/7421 225/7422
f 224/7423 226/7424 240/7425
f 225/7426 241/7427 227/7428
f 228/7429 244/7430 226/7431
f 243/7432 245/7433 227/7434
f 230/7435 246/7436 228/7437
f 245/7438 247/7439 229/7440
f 232/7441 248/7442 230/7443
f 247/7444 249/7445 231/7446
f 232/7447 234/7448 248/7449
f 233/7450 249/7451 235/7452
f 234/7453 236/7454 250/7455
f 235/7456 251/7457 236/7458
f 238/7459 237/7460 254/7461
f 238/7462 254/7463 239/7464
f 237/7465 240/7466 253/7467
f 239/7468 255/7469 241/7470
f 242/7471 258/7472 240/7473
f 257/7474 259/7475 241/7476
f 244/7477 260/7478 242/7479
f 259/7480 261/7481 243/7482
f 248/7483 262/7484 246/7485
f 264/7486 265/7487 247/7488
f 248/7489 250/7490 262/7491
f 249/7492 265/7493 251/7494
f 250/7495 252/7496 266/7497
f 251/7498 267/7499 252/7500
f 272/7501 269/7502 271/7503
f 276/7504 273/7505 275/7506
f 271/7507 270/7508 278/7509
f 273/7510 279/7511 274/7512
f 277/7513 281/7514 278/7515
f 280/7516 279/7517 284/7518
f 281/7519 285/7520 282/7521
f 283/7522 287/7523 284/7524
f 285/7525 289/7526 286/7527
f 288/7528 287/7529 292/7530
f 289/7531 293/7532 290/7533
f 295/7534 296/7535 291/7536
f 297/7537 298/7538 293/7539
f 295/7540 299/7541 296/7542
f 301/7543 302/7544 297/7545
f 300/7546 299/7547 304/7548
f 302/7549 301/7550 306/7551
f 306/7552 305/7553 303/7554
f 307/7555 308/7556 310/7557
f 309/7558 311/7559 310/7560
f 308/7561 307/7562 314/7563
f 315/7564 316/7565 311/7566
f 313/7567 269/7568 314/7569
f 316/7570 315/7571 275/7572
f 318/7573 272/7574 317/7575
f 320/7576 319/7577 276/7578
f 271/7579 278/7580 317/7581
f 322/7582 279/7583 319/7584
f 282/7585 323/7586 278/7587
f 322/7588 324/7589 279/7590
f 282/7591 286/7592 323/7593
f 326/7594 287/7595 324/7596
f 286/7597 290/7598 325/7599
f 287/7600 326/7601 291/7602
f 290/7603 294/7604 327/7605
f 330/7606 295/7607 328/7608
f 294/7609 298/7610 329/7611
f 295/7612 330/7613 299/7614
f 298/7615 302/7616 331/7617
f 299/7618 332/7619 303/7620
f 333/7621 302/7622 335/7623
f 334/7624 335/7625 303/7626
f 314/7627 272/7628 336/7629
f 315/7630 337/7631 276/7632
f 318/7633 317/7634 339/7635
f 340/7636 319/7637 341/7638
f 338/7639 317/7640 342/7641
f 340/7642 343/7643 319/7644
f 323/7645 344/7646 321/7647
f 343/7648 345/7649 322/7650
f 323/7651 325/7652 344/7653
f 347/7654 326/7655 345/7656
f 327/7657 348/7658 325/7659
f 347/7660 349/7661 326/7662
f 327/7663 329/7664 348/7665
f 351/7666 330/7667 349/7668
f 329/7669 331/7670 350/7671
f 330/7672 351/7673 332/7674
f 331/7675 333/7676 352/7677
f 332/7678 353/7679 334/7680
f 333/7681 335/7682 354/7683
f 356/7684 335/7685 355/7686
f 339/7687 338/7688 358/7689
f 359/7690 340/7691 360/7692
f 338/7693 342/7694 357/7695
f 362/7696 343/7697 359/7698
f 342/7699 344/7700 361/7701
f 343/7702 362/7703 345/7704
f 344/7705 346/7706 363/7707
f 366/7708 347/7709 364/7710
f 348/7711 367/7712 346/7713
f 366/7714 368/7715 347/7716
f 348/7717 350/7718 367/7719
f 370/7720 351/7721 368/7722
f 350/7723 352/7724 369/7725
f 351/7726 370/7727 353/7728
f 354/7729 373/7730 352/7731
f 372/7732 374/7733 353/7734
f 373/7735 354/7736 375/7737
f 374/7738 375/7739 355/7740
f 377/7741 358/7742 376/7743
f 379/7744 378/7745 360/7746
f 357/7747 361/7748 376/7749
f 381/7750 362/7751 378/7752
f 361/7753 363/7754 380/7755
f 362/7756 381/7757 364/7758
f 363/7759 365/7760 382/7761
f 385/7762 366/7763 383/7764
f 365/7765 367/7766 384/7767
f 366/7768 385/7769 368/7770
f 386/7771 367/7772 388/7773
f 387/7774 389/7775 368/7776
f 371/7777 390/7778 369/7779
f 389/7780 391/7781 370/7782
f 373/7783 392/7784 371/7785
f 391/7786 393/7787 372/7788
f 392/7789 373/7790 394/7791
f 393/7792 394/7793 374/7794
f 396/7795 377/7796 395/7797
f 398/7798 397/7799 379/7800
f 376/7801 380/7802 395/7803
f 400/7804 381/7805 397/7806
f 382/7807 401/7808 380/7809
f 400/7810 402/7811 381/7812
f 401/7813 382/7814 403/7815
f 402/7816 404/7817 383/7818
f 386/7819 388/7820 406/7821
f 407/7822 389/7823 408/7824
f 390/7825 409/7826 388/7827
f 407/7828 410/7829 389/7830
f 392/7831 411/7832 390/7833
f 410/7834 412/7835 391/7836
f 411/7837 392/7838 413/7839
f 412/7840 413/7841 393/7842
f 415/7843 396/7844 414/7845
f 417/7846 416/7847 398/7848
f 395/7849 399/7850 414/7851
f 419/7852 400/7853 416/7854
f 421/7855 401/7856 420/7857
f 423/7858 422/7859 402/7860
f 425/7861 415/7862 424/7863
f 427/7864 426/7865 417/7866
f 414/7867 418/7868 424/7869
f 429/7870 419/7871 426/7872
f 421/7873 430/7874 418/7875
f 429/7876 431/7877 419/7878
f 425/7879 424/7880 433/7881
f 434/7882 426/7883 435/7884
f 424/7885 428/7886 432/7887
f 437/7888 429/7889 434/7890
f 430/7891 438/7892 428/7893
f 437/7894 439/7895 429/7896
f 443/7897 440/7898 442/7899
f 447/7900 444/7901 446/7902
f 442/7903 441/7904 449/7905
f 444/7906 450/7907 445/7908
f 452/7909 453/7910 448/7911
f 450/7912 454/7913 451/7914
f 456/7915 457/7916 459/7917
f 458/7918 460/7919 459/7920
f 457/7921 456/7922 463/7923
f 460/7924 464/7925 461/7926
f 440/7927 443/7928 462/7929
f 464/7930 447/7931 465/7932
f 467/7933 443/7934 466/7935
f 469/7936 468/7937 447/7938
f 466/7939 442/7940 470/7941
f 468/7942 471/7943 444/7944
f 453/7945 472/7946 449/7947
f 471/7948 473/7949 450/7950
f 457/7951 474/7952 458/7953
f 475/7954 476/7955 458/7956
f 474/7957 457/7958 477/7959
f 476/7960 478/7961 460/7962
f 443/7963 467/7964 463/7965
f 478/7966 469/7967 464/7968
f 482/7969 479/7970 481/7971
f 483/7972 484/7973 486/7974
f 487/7975 488/7976 481/7977
f 486/7978 489/7979 483/7980
f 487/7981 491/7982 488/7983
f 490/7984 489/7985 494/7986
f 491/7987 495/7988 492/7989
f 493/7990 497/7991 494/7992
f 499/7993 500/7994 495/7995
f 497/7996 501/7997 498/7998
f 499/7999 503/8000 500/8001
f 501/8002 505/8003 502/8004
f 507/8005 508/8006 503/8007
f 506/8008 505/8009 510/8010
f 511/8011 512/8012 507/8013
f 510/8014 509/8015 514/8016
f 515/8017 516/8018 511/8019
f 514/8020 513/8021 518/8022
f 519/8023 520/8024 515/8025
f 517/8026 521/8027 518/8028
f 519/8029 523/8030 520/8031
f 522/8032 521/8033 526/8034
f 523/8035 527/8036 524/8037
f 525/8038 529/8039 526/8040
f 527/8041 531/8042 528/8043
f 530/8044 529/8045 534/8046
f 531/8047 535/8048 532/8049
f 534/8050 533/8051 538/8052
f 535/8053 539/8054 536/8055
f 538/8056 537/8057 542/8058
f 539/8059 480/8060 540/8061
f 541/8062 485/8063 542/8064
f 504/8065 543/8066 500/8067
f 545/8068 546/8069 501/8070
f 508/8071 547/8072 504/8073
f 546/8074 548/8075 505/8076
f 508/8077 512/8078 547/8079
f 509/8080 548/8081 513/8082
f 516/8083 551/8084 512/8085
f 550/8086 552/8087 513/8088
f 520/8089 553/8090 516/8091
f 552/8092 554/8093 517/8094
f 524/8095 555/8096 520/8097
f 554/8098 556/8099 521/8100
f 528/8101 557/8102 524/8103
f 556/8104 558/8105 525/8106
f 532/8107 559/8108 528/8109
f 558/8110 560/8111 529/8112
f 536/8113 561/8114 532/8115
f 560/8116 562/8117 533/8118
f 536/8119 540/8120 561/8121
f 537/8122 562/8123 541/8124
f 543/8125 565/8126 544/8127
f 567/8128 568/8129 545/8130
f 547/8131 569/8132 543/8133
f 568/8134 570/8135 546/8136
f 547/8137 549/8138 569/8139
f 548/8140 570/8141 550/8142
f 549/8143 551/8144 571/8145
f 550/8146 572/8147 552/8148
f 551/8149 553/8150 573/8151
f 552/8152 574/8153 554/8154
f 553/8155 555/8156 575/8157
f 554/8158 576/8159 556/8160
f 557/8161 579/8162 555/8163
f 578/8164 580/8165 556/8166
f 557/8167 559/8168 579/8169
f 558/8170 580/8171 560/8172
f 561/8173 583/8174 559/8175
f 582/8176 584/8177 560/8178
f 561/8179 563/8180 583/8181
f 562/8182 584/8183 564/8184
f 565/8185 587/8186 566/8187
f 589/8188 590/8189 567/8190
f 569/8191 591/8192 565/8193
f 590/8194 592/8195 568/8196
f 569/8197 571/8198 591/8199
f 570/8200 592/8201 572/8202
f 571/8203 573/8204 593/8205
f 572/8206 594/8207 574/8208
f 573/8209 575/8210 595/8211
f 574/8212 596/8213 576/8214
f 577/8215 599/8216 575/8217
f 598/8218 600/8219 576/8220
f 579/8221 601/8222 577/8223
f 600/8224 602/8225 578/8226
f 581/8227 603/8228 579/8229
f 602/8230 604/8231 580/8232
f 583/8233 605/8234 581/8235
f 604/8236 606/8237 582/8238
f 585/8239 607/8240 583/8241
f 606/8242 608/8243 584/8244
f 309/8245 308/8246 610/8247
f 611/8248 311/8249 610/8250
f 308/8251 314/8252 609/8253
f 337/8254 315/8255 611/8256
f 615/8257 599/8258 614/8259
f 617/8260 616/8261 600/8262
f 614/8263 601/8264 618/8265
f 616/8266 619/8267 602/8268
f 587/8269 591/8270 621/8271
f 622/8272 592/8273 623/8274
f 591/8275 593/8276 620/8277
f 625/8278 594/8279 622/8280
f 605/8281 607/8282 627/8283
f 628/8284 608/8285 629/8286
f 618/8287 603/8288 627/8289
f 619/8290 629/8291 604/8292
f 479/8293 482/8294 631/8295
f 485/8296 632/8297 486/8298
f 631/8299 630/8300 635/8301
f 632/8302 635/8303 633/8304
f 482/8305 488/8306 630/8307
f 486/8308 633/8309 489/8310
f 630/8311 636/8312 634/8313
f 633/8314 634/8315 637/8316
f 492/8317 639/8318 488/8319
f 637/8320 640/8321 489/8322
f 639/8323 641/8324 636/8325
f 638/8326 641/8327 637/8328
f 496/8329 642/8330 492/8331
f 640/8332 643/8333 493/8334
f 642/8335 644/8336 639/8337
f 641/8338 644/8339 640/8340
f 500/8341 645/8342 496/8343
f 643/8344 646/8345 497/8346
f 645/8347 647/8348 642/8349
f 644/8350 647/8351 643/8352
f 540/8353 479/8354 648/8355
f 541/8356 649/8357 485/8358
f 607/8359 650/8360 626/8361
f 652/8362 653/8363 628/8364
f 650/8365 654/8366 651/8367
f 655/8368 654/8369 652/8370
f 607/8371 585/8372 650/8373
f 608/8374 653/8375 586/8376
f 650/8377 656/8378 654/8379
f 653/8380 654/8381 657/8382
f 563/8383 659/8384 585/8385
f 657/8386 660/8387 586/8388
f 656/8389 659/8390 658/8391
f 657/8392 658/8393 660/8394
f 540/8395 648/8396 563/8397
f 660/8398 649/8399 564/8400
f 659/8401 648/8402 661/8403
f 660/8404 661/8405 649/8406
f 588/8407 587/8408 662/8409
f 623/8410 590/8411 663/8412
f 647/8413 664/8414 666/8415
f 667/8416 668/8417 666/8418
f 666/8419 665/8420 670/8421
f 671/8422 667/8423 670/8424
f 670/8425 669/8426 673/8427
f 674/8428 671/8429 673/8430
f 544/8431 566/8432 664/8433
f 667/8434 567/8435 668/8436
f 566/8437 588/8438 665/8439
f 671/8440 589/8441 667/8442
f 669/8443 588/8444 672/8445
f 671/8446 674/8447 589/8448
f 645/8449 500/8450 664/8451
f 646/8452 668/8453 501/8454
f 675/8455 677/8456 672/8457
f 673/8458 677/8459 674/8460
f 679/8461 262/8462 678/8463
f 681/8464 680/8465 265/8466
f 682/8467 263/8468 679/8469
f 683/8470 681/8471 264/8472
f 258/8473 260/8474 685/8475
f 686/8476 261/8477 687/8478
f 256/8479 258/8480 688/8481
f 687/8482 259/8483 689/8484
f 597/8485 690/8486 595/8487
f 692/8488 693/8489 596/8490
f 690/8491 694/8492 691/8493
f 696/8494 697/8495 692/8496
f 595/8497 691/8498 624/8499
f 699/8500 692/8501 625/8502
f 691/8503 695/8504 698/8505
f 701/8506 696/8507 699/8508
f 702/8509 703/8510 705/8511
f 706/8512 707/8513 709/8514
f 710/8515 711/8516 702/8517
f 707/8518 712/8519 708/8520
f 714/8521 715/8522 710/8523
f 712/8524 716/8525 713/8526
f 698/8527 700/8528 714/8529
f 699/8530 717/8531 701/8532
f 719/8533 466/8534 718/8535
f 721/8536 720/8537 468/8538
f 718/8539 470/8540 722/8541
f 720/8542 723/8543 471/8544
f 725/8545 719/8546 724/8547
f 727/8548 726/8549 721/8550
f 724/8551 718/8552 728/8553
f 726/8554 729/8555 720/8556
f 731/8557 725/8558 730/8559
f 733/8560 732/8561 727/8562
f 730/8563 724/8564 734/8565
f 732/8566 735/8567 726/8568
f 737/8569 731/8570 736/8571
f 737/8572 736/8573 733/8574
f 736/8575 730/8576 738/8577
f 736/8578 738/8579 732/8580
f 740/8581 700/8582 739/8583
f 742/8584 741/8585 701/8586
f 739/8587 695/8588 743/8589
f 741/8590 744/8591 696/8592
f 743/8593 694/8594 745/8595
f 744/8596 746/8597 697/8598
f 745/8599 615/8600 747/8601
f 746/8602 748/8603 617/8604
f 747/8605 614/8606 749/8607
f 748/8608 750/8609 616/8610
f 627/8611 626/8612 752/8613
f 753/8614 628/8615 754/8616
f 749/8617 618/8618 752/8619
f 750/8620 754/8621 619/8622
f 651/8623 655/8624 756/8625
f 755/8626 655/8627 757/8628
f 626/8629 651/8630 751/8631
f 757/8632 652/8633 753/8634
f 703/8635 758/8636 704/8637
f 760/8638 761/8639 706/8640
f 711/8641 762/8642 703/8643
f 761/8644 763/8645 707/8646
f 715/8647 764/8648 711/8649
f 763/8650 765/8651 712/8652
f 700/8653 740/8654 715/8655
f 765/8656 742/8657 716/8658
f 684/8659 705/8660 685/8661
f 706/8662 709/8663 687/8664
f 685/8665 704/8666 688/8667
f 760/8668 706/8669 689/8670
f 477/8671 467/8672 725/8673
f 478/8674 727/8675 469/8676
f 474/8677 477/8678 731/8679
f 727/8680 478/8681 733/8682
f 475/8683 474/8684 737/8685
f 733/8686 476/8687 737/8688
f 621/8689 620/8690 767/8691
f 768/8692 622/8693 769/8694
f 766/8695 620/8696 770/8697
f 768/8698 771/8699 622/8700
f 662/8701 621/8702 772/8703
f 769/8704 623/8705 773/8706
f 675/8707 662/8708 774/8709
f 773/8710 663/8711 775/8712
f 777/8713 702/8714 776/8715
f 779/8716 778/8717 708/8718
f 780/8719 710/8720 777/8721
f 781/8722 779/8723 713/8724
f 782/8725 714/8726 780/8727
f 783/8728 781/8729 717/8730
f 624/8731 698/8732 770/8733
f 785/8734 699/8735 771/8736
f 698/8737 714/8738 784/8739
f 783/8740 717/8741 785/8742
f 788/8743 675/8744 790/8745
f 789/8746 791/8747 676/8748
f 678/8749 786/8750 790/8751
f 789/8752 787/8753 791/8754
f 786/8755 792/8756 788/8757
f 787/8758 789/8759 792/8760
f 266/8761 268/8762 786/8763
f 792/8764 268/8765 787/8766
f 684/8767 260/8768 795/8769
f 686/8770 796/8771 261/8772
f 793/8773 263/8774 795/8775
f 683/8776 264/8777 796/8778
f 705/8779 684/8780 776/8781
f 709/8782 778/8783 686/8784
f 798/8785 679/8786 797/8787
f 800/8788 799/8789 681/8790
f 682/8791 679/8792 801/8793
f 800/8794 681/8795 802/8796
f 804/8797 767/8798 803/8799
f 806/8800 805/8801 769/8802
f 803/8803 766/8804 807/8805
f 805/8806 808/8807 768/8808
f 809/8809 772/8810 804/8811
f 810/8812 806/8813 773/8814
f 774/8815 772/8816 811/8817
f 810/8818 773/8819 812/8820
f 777/8821 776/8822 814/8823
f 815/8824 778/8825 816/8826
f 780/8827 777/8828 817/8829
f 816/8830 779/8831 818/8832
f 782/8833 780/8834 819/8835
f 818/8836 781/8837 820/8838
f 770/8839 784/8840 807/8841
f 822/8842 785/8843 808/8844
f 784/8845 782/8846 821/8847
f 820/8848 783/8849 822/8850
f 790/8851 774/8852 823/8853
f 812/8854 775/8855 824/8856
f 678/8857 790/8858 797/8859
f 824/8860 791/8861 799/8862
f 795/8863 682/8864 825/8865
f 802/8866 683/8867 826/8868
f 776/8869 795/8870 813/8871
f 826/8872 796/8873 815/8874
f 828/8875 804/8876 827/8877
f 830/8878 829/8879 806/8880
f 827/8881 803/8882 831/8883
f 829/8884 832/8885 805/8886
f 833/8887 809/8888 828/8889
f 834/8890 830/8891 810/8892
f 814/8893 813/8894 836/8895
f 837/8896 815/8897 838/8898
f 817/8899 814/8900 839/8901
f 838/8902 816/8903 840/8904
f 819/8905 817/8906 841/8907
f 840/8908 818/8909 842/8910
f 807/8911 821/8912 831/8913
f 844/8914 822/8915 832/8916
f 843/8917 821/8918 841/8919
f 844/8920 842/8921 822/8922
f 846/8923 831/8924 845/8925
f 848/8926 847/8927 832/8928
f 843/8929 841/8930 845/8931
f 850/8932 842/8933 847/8934
f 852/8935 846/8936 851/8937
f 854/8938 853/8939 848/8940
f 845/8941 849/8942 851/8943
f 856/8944 850/8945 853/8946
f 858/8947 852/8948 857/8949
f 860/8950 859/8951 854/8952
f 851/8953 855/8954 857/8955
f 862/8956 856/8957 859/8958
f 836/8959 855/8960 839/8961
f 850/8962 856/8963 840/8964
f 836/8965 835/8966 855/8967
f 838/8968 856/8969 837/8970
f 828/8971 827/8972 852/8973
f 848/8974 829/8975 854/8976
f 833/8977 828/8978 858/8979
f 834/8980 860/8981 830/8982
f 864/8983 740/8984 863/8985
f 866/8986 865/8987 742/8988
f 863/8989 739/8990 867/8991
f 865/8992 868/8993 741/8994
f 743/8995 745/8996 867/8997
f 870/8998 746/8999 868/9000
f 745/9001 747/9002 869/9003
f 872/9004 748/9005 870/9006
f 747/9007 749/9008 871/9009
f 874/9010 750/9011 872/9012
f 876/9013 752/9014 875/9015
f 878/9016 877/9017 754/9018
f 749/9019 752/9020 873/9021
f 878/9022 754/9023 874/9024
f 880/9025 756/9026 879/9027
f 881/9028 879/9029 757/9030
f 875/9031 751/9032 880/9033
f 877/9034 881/9035 753/9036
f 883/9037 759/9038 882/9039
f 885/9040 884/9041 760/9042
f 882/9043 758/9044 886/9045
f 884/9046 887/9047 761/9048
f 886/9049 762/9050 888/9051
f 887/9052 889/9053 763/9054
f 888/9055 764/9056 864/9057
f 889/9058 866/9059 765/9060
f 891/9061 876/9062 890/9063
f 893/9064 892/9065 878/9066
f 873/9067 876/9068 894/9069
f 893/9070 878/9071 895/9072
f 897/9073 880/9074 896/9075
f 898/9076 896/9077 881/9078
f 890/9079 875/9080 897/9081
f 892/9082 898/9083 877/9084
f 891/9085 890/9086 900/9087
f 901/9088 892/9089 902/9090
f 894/9091 891/9092 903/9093
f 902/9094 893/9095 904/9096
f 897/9097 896/9098 906/9099
f 905/9100 896/9101 907/9102
f 890/9103 897/9104 899/9105
f 907/9106 898/9107 901/9108
f 909/9109 894/9110 908/9111
f 911/9112 910/9113 895/9114
f 913/9115 909/9116 912/9117
f 915/9118 914/9119 911/9120
f 917/9121 913/9122 916/9123
f 919/9124 918/9125 915/9126
f 867/9127 869/9128 921/9129
f 922/9130 870/9131 923/9132
f 823/9133 811/9134 925/9135
f 926/9136 812/9137 927/9138
f 811/9139 809/9140 924/9141
f 812/9142 926/9143 810/9144
f 928/9145 797/9146 925/9147
f 929/9148 927/9149 799/9150
f 825/9151 801/9152 835/9153
f 826/9154 837/9155 802/9156
f 857/9157 930/9158 858/9159
f 933/9160 931/9161 860/9162
f 924/9163 833/9164 932/9165
f 926/9166 933/9167 834/9168
f 797/9169 928/9170 798/9171
f 931/9172 929/9173 800/9174
f 925/9175 924/9176 928/9177
f 933/9178 926/9179 929/9180
f 801/9181 930/9182 861/9183
f 859/9184 931/9185 862/9186
f 934/9187 863/9188 921/9189
f 935/9190 923/9191 865/9192
f 937/9193 882/9194 936/9195
f 939/9196 938/9197 884/9198
f 936/9199 886/9200 940/9201
f 938/9202 941/9203 887/9204
f 940/9205 888/9206 942/9207
f 941/9208 943/9209 889/9210
f 942/9211 864/9212 934/9213
f 943/9214 935/9215 866/9216
f 944/9217 883/9218 937/9219
f 945/9220 939/9221 885/9222
f 947/9223 254/9224 946/9225
f 947/9226 948/9227 254/9228
f 946/9229 253/9230 949/9231
f 948/9232 950/9233 255/9234
f 688/9235 759/9236 949/9237
f 885/9238 760/9239 950/9240
f 952/9241 947/9242 951/9243
f 952/9244 953/9245 947/9246
f 883/9247 944/9248 955/9249
f 956/9250 945/9251 957/9252
f 946/9253 955/9254 951/9255
f 956/9256 957/9257 953/9258
f 946/9259 949/9260 955/9261
f 885/9262 950/9263 957/9264
f 869/9265 958/9266 920/9267
f 961/9268 959/9269 922/9270
f 921/9271 920/9272 963/9273
f 964/9274 922/9275 965/9276
f 934/9277 921/9278 966/9279
f 965/9280 923/9281 967/9282
f 937/9283 936/9284 969/9285
f 970/9286 938/9287 971/9288
f 936/9289 940/9290 968/9291
f 973/9292 941/9293 970/9294
f 940/9295 942/9296 972/9297
f 975/9298 943/9299 973/9300
f 942/9301 934/9302 974/9303
f 967/9304 935/9305 975/9306
f 944/9307 937/9308 976/9309
f 971/9310 939/9311 977/9312
f 952/9313 951/9314 979/9315
f 980/9316 953/9317 979/9318
f 954/9319 944/9320 981/9321
f 977/9322 945/9323 982/9324
f 951/9325 954/9326 978/9327
f 982/9328 956/9329 980/9330
f 984/9331 900/9332 983/9333
f 986/9334 985/9335 902/9336
f 903/9337 900/9338 987/9339
f 986/9340 902/9341 988/9342
f 983/9343 899/9344 989/9345
f 985/9346 990/9347 901/9348
f 991/9349 908/9350 987/9351
f 992/9352 988/9353 910/9354
f 993/9355 912/9356 991/9357
f 994/9358 992/9359 914/9360
f 916/9361 912/9362 995/9363
f 994/9364 914/9365 996/9366
f 905/9367 997/9368 906/9369
f 990/9370 997/9371 907/9372
f 920/9373 960/9374 962/9375
f 999/9376 961/9377 964/9378
f 963/9379 962/9380 1001/9381
f 965/9382 1002/9383 964/9384
f 966/9385 963/9386 1004/9387
f 967/9388 1005/9389 965/9390
f 968/9391 1006/9392 969/9393
f 1008/9394 1009/9395 971/9396
f 972/9397 1010/9398 968/9399
f 1009/9400 1011/9401 970/9402
f 974/9403 1012/9404 972/9405
f 1011/9406 1013/9407 973/9408
f 966/9409 1004/9410 974/9411
f 1013/9412 1005/9413 975/9414
f 969/9415 1007/9416 976/9417
f 1015/9418 1008/9419 977/9420
f 978/9421 1016/9422 979/9423
f 1017/9424 1018/9425 979/9426
f 976/9427 1014/9428 981/9429
f 1020/9430 1015/9431 982/9432
f 981/9433 1019/9434 978/9435
f 1018/9436 1020/9437 980/9438
f 983/9439 1021/9440 984/9441
f 1023/9442 1024/9443 986/9444
f 987/9445 984/9446 1025/9447
f 988/9448 1026/9449 986/9450
f 989/9451 1027/9452 983/9453
f 1024/9454 1028/9455 985/9456
f 987/9457 1025/9458 991/9459
f 1030/9460 1026/9461 992/9462
f 991/9463 1029/9464 993/9465
f 1032/9466 1030/9467 994/9468
f 995/9469 993/9470 1033/9471
f 996/9472 1034/9473 994/9474
f 997/9475 1035/9476 989/9477
f 1028/9478 1035/9479 990/9480
f 962/9481 998/9482 1000/9483
f 964/9484 1003/9485 999/9486
f 734/9487 1038/9488 738/9489
f 1039/9490 1040/9491 738/9492
f 1038/9493 1027/9494 1039/9495
f 1035/9496 1028/9497 1039/9498
f 728/9499 1041/9500 734/9501
f 1040/9502 1042/9503 735/9504
f 1041/9505 1021/9506 1038/9507
f 1028/9508 1024/9509 1040/9510
f 728/9511 722/9512 1041/9513
f 729/9514 1042/9515 723/9516
f 1043/9517 1022/9518 1041/9519
f 1024/9520 1023/9521 1042/9522
f 722/9523 472/9524 1043/9525
f 723/9526 1044/9527 473/9528
f 1043/9529 1045/9530 1022/9531
f 1044/9532 1023/9533 1046/9534
f 453/9535 1047/9536 472/9537
f 1046/9538 1048/9539 473/9540
f 1047/9541 1029/9542 1045/9543
f 1026/9544 1030/9545 1046/9546
f 452/9547 1049/9548 453/9549
f 1048/9550 1050/9551 454/9552
f 1049/9553 1031/9554 1047/9555
f 1030/9556 1032/9557 1048/9558
f 438/9559 430/9560 1052/9561
f 439/9562 1053/9563 431/9564
f 1052/9565 1051/9566 1036/9567
f 1053/9568 1037/9569 1054/9570
f 420/9571 1055/9572 421/9573
f 1057/9574 1058/9575 423/9576
f 1055/9577 1001/9578 1056/9579
f 1003/9580 1002/9581 1057/9582
f 409/9583 1059/9584 405/9585
f 1061/9586 1062/9587 407/9588
f 1059/9589 1007/9590 1060/9591
f 1009/9592 1008/9593 1061/9594
f 411/9595 1063/9596 409/9597
f 1062/9598 1064/9599 410/9600
f 1063/9601 1014/9602 1059/9603
f 1008/9604 1015/9605 1062/9606
f 406/9607 405/9608 1065/9609
f 408/9610 1066/9611 407/9612
f 1060/9613 1010/9614 1065/9615
f 1013/9616 1011/9617 1066/9618
f 411/9619 413/9620 1063/9621
f 412/9622 1064/9623 413/9624
f 1063/9625 1067/9626 1016/9627
f 1064/9628 1018/9629 1067/9630
f 420/9631 406/9632 1055/9633
f 422/9634 1058/9635 408/9636
f 430/9637 421/9638 1051/9639
f 1057/9640 423/9641 1054/9642
f 432/9643 1068/9644 433/9645
f 1070/9646 1071/9647 435/9648
f 1068/9649 441/9650 1069/9651
f 446/9652 445/9653 1070/9654
f 436/9655 1072/9656 432/9657
f 1071/9658 1073/9659 434/9660
f 1072/9661 448/9662 1068/9663
f 445/9664 451/9665 1071/9666
f 438/9667 1074/9668 436/9669
f 1073/9670 1075/9671 437/9672
f 1074/9673 452/9674 1072/9675
f 451/9676 455/9677 1073/9678
f 1076/9679 1077/9680 1079/9681
f 1078/9682 1080/9683 1079/9684
f 1077/9685 456/9686 1078/9687
f 459/9688 461/9689 1078/9690
f 612/9691 1082/9692 1076/9693
f 1080/9694 1083/9695 1081/9696
f 1082/9697 462/9698 1077/9699
f 461/9700 465/9701 1080/9702
f 433/9703 1069/9704 612/9705
f 1083/9706 1070/9707 613/9708
f 1082/9709 1069/9710 462/9711
f 1083/9712 465/9713 1070/9714
f 909/9715 913/9716 873/9717
f 911/9718 874/9719 915/9720
f 916/9721 960/9722 917/9723
f 959/9724 961/9725 919/9726
f 913/9727 917/9728 871/9729
f 915/9730 872/9731 919/9732
f 960/9733 916/9734 998/9735
f 996/9736 918/9737 999/9738
f 1033/9739 1036/9740 995/9741
f 999/9742 1037/9743 996/9744
f 1052/9745 1084/9746 438/9747
f 1075/9748 1085/9749 439/9750
f 1074/9751 1084/9752 452/9753
f 1075/9754 455/9755 1085/9756
f 1036/9757 1033/9758 1052/9759
f 1085/9760 1034/9761 1053/9762
f 1031/9763 1049/9764 1033/9765
f 1085/9766 1050/9767 1034/9768
f 420/9769 403/9770 406/9771
f 387/9772 404/9773 408/9774
f 339/9775 358/9776 1087/9777
f 1088/9778 360/9779 1089/9780
f 358/9781 377/9782 1086/9783
f 1091/9784 379/9785 1088/9786
f 1090/9787 377/9788 1092/9789
f 1091/9790 1093/9791 379/9792
f 1092/9793 396/9794 1094/9795
f 1093/9796 1095/9797 398/9798
f 1094/9799 415/9800 1096/9801
f 1095/9802 1097/9803 417/9804
f 1076/9805 1079/9806 1099/9807
f 1098/9808 1079/9809 1100/9810
f 612/9811 1076/9812 1101/9813
f 1100/9814 1081/9815 1102/9816
f 610/9817 609/9818 1104/9819
f 1105/9820 611/9821 1104/9822
f 609/9823 336/9824 1103/9825
f 1107/9826 337/9827 1105/9828
f 336/9829 339/9830 1106/9831
f 1089/9832 341/9833 1107/9834
f 1096/9835 425/9836 1101/9837
f 1097/9838 1102/9839 427/9840
f 1111/9841 1112/9842 1114/9843
f 1112/9844 1115/9845 1113/9846
f 1109/9847 1116/9848 1110/9849
f 1117/9850 1118/9851 1120/9852
f 1124/9853 1121/9854 1123/9855
f 1126/9856 1125/9857 1124/9858
f 1120/9859 1119/9860 1126/9861
f 1110/9862 1127/9863 1108/9864
f 1128/9865 1127/9866 1118/9867
f 1131/9868 1132/9869 1122/9870
f 1128/9871 1133/9872 1108/9873
f 1116/9874 1135/9875 1113/9876
f 1138/9877 1137/9878 1111/9879
f 1110/9880 1115/9881 1140/9882
f 1140/9883 1141/9884 1110/9885
f 1127/9886 1141/9887 1119/9888
f 1145/9889 1146/9890 1124/9891
f 1147/9892 1145/9893 1123/9894
f 1130/9895 1122/9896 1148/9897
f 1125/9898 1149/9899 1121/9900
f 1146/9901 1150/9902 1126/9903
f 1150/9904 1143/9905 1120/9906
f 1149/9907 1125/9908 1142/9909
f 1144/9910 1151/9911 1117/9912
f 1151/9913 1133/9914 1118/9915
f 1108/9916 1134/9917 1109/9918
f 1109/9919 1153/9920 1116/9921
f 1113/9922 1136/9923 1114/9924
f 1114/9925 1155/9926 1111/9927
f 1137/9928 1139/9929 1112/9930
f 1157/9931 1129/9932 1158/9933
f 1159/9934 1160/9935 1131/9936
f 1133/9937 1161/9938 1134/9939
f 1135/9940 1163/9941 1136/9942
f 1166/9943 1165/9944 1138/9945
f 1168/9946 1167/9947 1139/9948
f 1167/9949 1169/9950 1140/9951
f 1141/9952 1169/9953 1142/9954
f 1171/9955 1172/9956 1143/9957
f 1173/9958 1174/9959 1145/9960
f 1160/9961 1175/9962 1132/9963
f 1175/9964 1173/9965 1147/9966
f 1157/9967 1159/9968 1129/9969
f 1158/9970 1130/9971 1176/9972
f 1149/9973 1177/9974 1148/9975
f 1174/9976 1178/9977 1146/9978
f 1178/9979 1171/9980 1150/9981
f 1177/9982 1149/9983 1170/9984
f 1172/9985 1179/9986 1144/9987
f 1179/9988 1161/9989 1151/9990
f 1134/9991 1162/9992 1152/9993
f 1152/9994 1180/9995 1153/9996
f 1153/9997 1181/9998 1154/9999
f 1163/10000 1135/10001 1182/10002
f 1136/10003 1164/10004 1155/10005
f 1155/10006 1183/10007 1156/10008
f 1165/10009 1168/10010 1137/10011
f 1156/10012 1184/10013 1138/10014
f 1185/10015 1157/10016 1186/10017
f 1159/10018 1187/10019 1160/10020
f 1161/10021 1189/10022 1162/10023
f 1163/10024 1191/10025 1164/10026
f 1194/10027 1193/10028 1166/10029
f 1196/10030 1195/10031 1168/10032
f 1195/10033 1197/10034 1167/10035
f 1169/10036 1197/10037 1170/10038
f 1199/10039 1200/10040 1171/10041
f 1201/10042 1202/10043 1173/10044
f 1203/10045 1175/10046 1188/10047
f 1203/10048 1201/10049 1175/10050
f 1187/10051 1159/10052 1185/10053
f 1186/10054 1158/10055 1204/10056
f 1177/10057 1205/10058 1176/10059
f 1202/10060 1206/10061 1174/10062
f 1206/10063 1199/10064 1178/10065
f 1205/10066 1177/10067 1198/10068
f 1200/10069 1207/10070 1172/10071
f 1207/10072 1189/10073 1179/10074
f 1162/10075 1190/10076 1180/10077
f 1180/10078 1208/10079 1181/10080
f 1181/10081 1209/10082 1182/10083
f 1191/10084 1163/10085 1210/10086
f 1164/10087 1192/10088 1183/10089
f 1183/10090 1211/10091 1184/10092
f 1193/10093 1196/10094 1165/10095
f 1194/10096 1166/10097 1212/10098
f 1219/10099 1217/10100 1215/10101
f 1222/10102 1218/10103 1221/10104
f 1229/10105 1226/10106 1228/10107
f 1233/10108 1230/10109 1232/10110
f 1233/10111 1234/10112 1230/10113
f 1237/10114 1236/10115 1229/10116
f 1239/10117 1236/10118 1238/10119
f 1241/10120 1229/10121 1242/10122
f 1246/10123 1243/10124 1245/10125
f 1248/10126 1247/10127 1249/10128
f 1233/10129 1232/10130 1251/10131
f 1255/10132 1252/10133 1254/10134
f 1256/10135 1237/10136 1241/10137
f 1256/10138 1257/10139 1237/10140
f 1258/10141 1259/10142 1214/10143
f 1262/10144 1263/10145 1245/10146
f 1264/10147 1265/10148 1267/10149
f 1261/10150 1250/10151 1269/10152
f 1271/10153 1243/10154 1270/10155
f 1260/10156 1272/10157 1262/10158
f 1274/10159 1273/10160 1219/10161
f 1250/10162 1275/10163 1268/10164
f 1278/10165 1277/10166 1261/10167
f 1271/10168 1279/10169 1274/10170
f 1270/10171 1280/10172 1271/10173
f 1248/10174 1281/10175 1258/10176
f 1285/10177 1241/10178 1286/10179
f 1273/10180 1287/10181 1217/10182
f 1279/10183 1288/10184 1273/10185
f 1258/10186 1282/10187 1260/10188
f 1291/10189 1290/10190 1270/10191
f 1280/10192 1292/10193 1279/10194
f 1252/10195 1255/10196 1267/10197
f 1293/10198 1278/10199 1269/10200
f 1293/10201 1269/10202 1294/10203
f 1241/10204 1285/10205 1256/10206
f 1296/10207 1284/10208 1222/10209
f 1298/10210 1297/10211 1252/10212
f 1290/10213 1299/10214 1280/10215
f 1268/10216 1300/10217 1283/10218
f 1303/10219 1290/10220 1302/10221
f 1300/10222 1304/10223 1301/10224
f 1256/10225 1295/10226 1257/10227
f 1307/10228 1299/10229 1303/10230
f 1309/10231 1302/10232 1308/10233
f 1311/10234 1310/10235 1296/10236
f 1294/10237 1283/10238 1312/10239
f 1314/10240 1309/10241 1313/10242
f 1313/10243 1315/10244 1314/10245
f 1317/10246 1318/10247 1320/10248
f 1321/10249 1296/10250 1287/10251
f 1322/10252 1311/10253 1321/10254
f 1304/10255 1316/10256 1305/10257
f 1246/10258 1263/10259 1308/10260
f 1272/10261 1324/10262 1263/10263
f 1313/10264 1323/10265 1315/10266
f 1312/10267 1301/10268 1326/10269
f 1309/10270 1327/10271 1302/10272
f 1309/10273 1314/10274 1327/10275
f 1329/10276 1321/10277 1307/10278
f 1276/10279 1330/10280 1268/10281
f 1332/10282 1333/10283 1298/10284
f 1329/10285 1307/10286 1334/10287
f 1321/10288 1329/10289 1322/10290
f 1335/10291 1295/10292 1310/10293
f 1326/10294 1305/10295 1325/10296
f 1314/10297 1316/10298 1328/10299
f 1330/10300 1338/10301 1331/10302
f 1272/10303 1339/10304 1324/10305
f 1333/10306 1341/10307 1276/10308
f 1342/10309 1343/10310 1322/10311
f 1252/10312 1267/10313 1298/10314
f 1317/10315 1345/10316 1318/10317
f 1328/10318 1337/10319 1347/10320
f 1338/10321 1330/10322 1348/10323
f 1267/10324 1266/10325 1344/10326
f 1348/10327 1351/10328 1338/10329
f 1322/10330 1347/10331 1342/10332
f 1355/10333 1354/10334 1341/10335
f 1343/10336 1342/10337 1357/10338
f 1352/10339 1359/10340 1332/10341
f 1364/10342 1362/10343 1354/10344
f 1366/10345 1361/10346 1357/10347
f 1362/10348 1364/10349 1360/10350
f 1362/10351 1367/10352 1363/10353
f 1367/10354 1366/10355 1356/10356
f 1358/10357 1366/10358 1360/10359
f 1368/10360 1369/10361 1265/10362
f 1350/10363 1370/10364 1345/10365
f 1372/10366 1370/10367 1358/10368
f 1369/10369 1373/10370 1266/10371
f 1374/10372 1375/10373 1377/10374
f 1379/10375 1376/10376 1378/10377
f 1375/10378 1374/10379 1381/10380
f 1381/10381 1382/10382 1375/10383
f 1374/10384 1383/10385 1380/10386
f 1378/10387 1385/10388 1379/10389
f 1377/10390 1387/10391 1374/10392
f 1388/10393 1385/10394 1382/10395
f 1387/10396 1390/10397 1383/10398
f 1383/10399 1391/10400 1384/10401
f 1393/10402 1389/10403 1394/10404
f 1391/10405 1390/10406 1396/10407
f 1396/10408 1397/10409 1391/10410
f 1401/10411 1398/10412 1400/10413
f 1386/10414 1403/10415 1379/10416
f 1376/10417 1402/10418 1377/10419
f 1377/10420 1404/10421 1387/10422
f 1398/10423 1401/10424 1406/10425
f 1407/10426 1408/10427 1395/10428
f 1394/10429 1409/10430 1393/10431
f 1411/10432 1400/10433 1412/10434
f 1401/10435 1413/10436 1405/10437
f 1400/10438 1415/10439 1401/10440
f 1416/10441 1403/10442 1389/10443
f 1416/10444 1412/10445 1403/10446
f 1396/10447 1417/10448 1397/10449
f 1405/10450 1414/10451 1420/10452
f 1406/10453 1405/10454 1421/10455
f 1418/10456 1417/10457 1422/10458
f 1421/10459 1423/10460 1406/10461
f 1424/10462 1418/10463 1425/10464
f 1409/10465 1426/10466 1410/10467
f 1428/10468 1429/10469 1416/10470
f 1429/10471 1430/10472 1412/10473
f 1425/10474 1422/10475 1432/10476
f 1421/10477 1420/10478 1437/10479
f 1438/10480 1436/10481 1419/10482
f 1380/10483 1384/10484 1440/10485
f 1432/10486 1441/10487 1425/10488
f 1434/10489 1433/10490 1442/10491
f 1445/10492 1444/10493 1426/10494
f 1413/10495 1446/10496 1414/10497
f 1423/10498 1448/10499 1432/10500
f 1450/10501 1415/10502 1451/10503
f 1440/10504 1452/10505 1445/10506
f 1453/10507 1454/10508 1448/10509
f 1434/10510 1442/10511 1456/10512
f 1457/10513 1442/10514 1443/10515
f 1435/10516 1439/10517 1424/10518
f 1452/10519 1440/10520 1458/10521
f 1411/10522 1430/10523 1451/10524
f 1443/10525 1462/10526 1457/10527
f 1465/10528 1438/10529 1466/10530
f 1437/10531 1436/10532 1468/10533
f 1469/10534 1470/10535 1455/10536
f 1468/10537 1471/10538 1453/10539
f 1464/10540 1472/10541 1444/10542
f 1474/10543 1473/10544 1428/10545
f 1475/10546 1462/10547 1454/10548
f 1439/10549 1435/10550 1458/10551
f 1477/10552 1478/10553 1465/10554
f 1456/10555 1479/10556 1434/10557
f 1475/10558 1454/10559 1480/10560
f 1430/10561 1429/10562 1481/10563
f 1481/10564 1482/10565 1430/10566
f 1455/10567 1442/10568 1483/10569
f 1464/10570 1485/10571 1487/10572
f 1468/10573 1467/10574 1489/10575
f 1468/10576 1489/10577 1471/10578
f 1491/10579 1469/10580 1483/10581
f 1488/10582 1467/10583 1492/10584
f 1496/10585 1495/10586 1474/10587
f 1480/10588 1484/10589 1493/10590
f 1486/10591 1485/10592 1479/10593
f 1457/10594 1494/10595 1483/10596
f 1495/10597 1500/10598 1473/10599
f 1471/10600 1490/10601 1484/10602
f 1447/10603 1503/10604 1466/10605
f 1505/10606 1465/10607 1504/10608
f 1446/10609 1506/10610 1447/10611
f 1500/10612 1507/10613 1481/10614
f 1499/10615 1508/10616 1483/10617
f 1227/10618 1496/10619 1223/10620
f 1490/10621 1489/10622 1511/10623
f 1495/10624 1496/10625 1226/10626
f 1494/10627 1512/10628 1499/10629
f 1514/10630 1477/10631 1505/10632
f 1516/10633 1517/10634 1504/10635
f 1226/10636 1236/10637 1495/10638
f 1518/10639 1519/10640 1520/10641
f 1521/10642 1512/10643 1522/10644
f 1501/10645 1502/10646 1525/10647
f 1513/10648 1527/10649 1499/10650
f 1528/10651 1520/10652 1514/10653
f 1528/10654 1514/10655 1529/10656
f 1511/10657 1510/10658 1230/10659
f 1524/10660 1502/10661 1531/10662
f 1511/10663 1230/10664 1530/10665
f 1533/10666 1515/10667 1532/10668
f 1530/10669 1235/10670 1531/10671
f 1255/10672 1254/10673 1518/10674
f 1537/10675 1536/10676 1533/10677
f 1319/10678 1318/10679 1537/10680
f 1517/10681 1538/10682 1529/10683
f 1536/10684 1318/10685 1540/10686
f 1534/10687 1541/10688 1515/10689
f 1543/10690 1541/10691 1540/10692
f 1529/10693 1539/10694 1265/10695
f 1257/10696 1336/10697 1238/10698
f 1320/10699 1319/10700 1238/10701
f 1286/10702 1284/10703 1285/10704
f 1295/10705 1335/10706 1306/10707
f 1310/10708 1311/10709 1335/10710
f 1363/10711 1356/10712 1351/10713
f 1354/10714 1363/10715 1348/10716
f 1341/10717 1333/10718 1355/10719
f 1446/10720 1413/10721 1450/10722
f 1436/10723 1438/10724 1467/10725
f 1414/10726 1447/10727 1419/10728
f 1478/10729 1477/10730 1492/10731
f 1520/10732 1528/10733 1518/10734
f 1451/10735 1459/10736 1523/10737
f 1451/10738 1523/10739 1450/10740
f 1459/10741 1482/10742 1532/10743
f 1507/10744 1500/10745 1239/10746
f 1319/10747 1537/10748 1239/10749
f 1507/10750 1537/10751 1482/10752
f 1306/10753 1353/10754 1257/10755
f 1335/10756 1343/10757 1365/10758
f 1353/10759 1306/10760 1361/10761
f 1253/10762 1546/10763 1254/10764
f 1546/10765 1232/10766 1547/10767
f 1232/10768 1546/10769 1250/10770
f 1546/10771 1253/10772 1275/10773
f 1510/10774 1489/10775 1548/10776
f 1548/10777 1488/10778 1519/10779
f 1519/10780 1254/10781 1548/10782
f 1548/10783 1547/10784 1510/10785
f 1275/10786 1297/10787 1276/10788
f 1518/10789 1545/10790 1255/10791
f 1332/10792 1298/10793 1352/10794
f 1359/10795 1364/10796 1355/10797
f 1549/10798 1516/10799 1542/10800
f 1516/10801 1549/10802 1517/10803
f 1474/10804 1461/10805 1496/10806
f 1428/10807 1431/10808 1474/10809
f 1242/10810 1228/10811 1240/10812
f 1228/10813 1227/10814 1225/10815
f 1220/10816 1213/10817 1222/10818
f 1432/10819 1449/10820 1443/10821
f 1493/10822 1463/10823 1475/10824
f 1484/10825 1501/10826 1497/10827
f 1358/10828 1360/10829 1372/10830
f 1360/10831 1349/10832 1550/10833
f 1304/10834 1331/10835 1316/10836
f 1286/10837 1242/10838 1216/10839
f 1234/10840 1233/10841 1277/10842
f 1215/10843 1214/10844 1219/10845
f 1440/10846 1445/10847 1382/10848
f 1224/10849 1460/10850 1249/10851
f 1557/10852 1555/10853 1553/10854
f 1560/10855 1556/10856 1559/10857
f 1567/10858 1564/10859 1566/10860
f 1571/10861 1568/10862 1570/10863
f 1571/10864 1572/10865 1568/10866
f 1575/10867 1574/10868 1567/10869
f 1577/10870 1574/10871 1576/10872
f 1579/10873 1567/10874 1580/10875
f 1584/10876 1581/10877 1583/10878
f 1586/10879 1585/10880 1587/10881
f 1571/10882 1570/10883 1589/10884
f 1593/10885 1590/10886 1592/10887
f 1594/10888 1575/10889 1579/10890
f 1594/10891 1595/10892 1575/10893
f 1596/10894 1597/10895 1552/10896
f 1600/10897 1601/10898 1583/10899
f 1602/10900 1603/10901 1605/10902
f 1599/10903 1588/10904 1607/10905
f 1609/10906 1581/10907 1608/10908
f 1598/10909 1610/10910 1600/10911
f 1612/10912 1611/10913 1557/10914
f 1588/10915 1613/10916 1606/10917
f 1616/10918 1615/10919 1599/10920
f 1609/10921 1617/10922 1612/10923
f 1608/10924 1618/10925 1609/10926
f 1586/10927 1619/10928 1596/10929
f 1623/10930 1579/10931 1624/10932
f 1611/10933 1625/10934 1555/10935
f 1617/10936 1626/10937 1611/10938
f 1596/10939 1620/10940 1598/10941
f 1629/10942 1628/10943 1608/10944
f 1618/10945 1630/10946 1617/10947
f 1590/10948 1593/10949 1605/10950
f 1631/10951 1616/10952 1607/10953
f 1631/10954 1607/10955 1632/10956
f 1579/10957 1623/10958 1594/10959
f 1634/10960 1622/10961 1560/10962
f 1636/10963 1635/10964 1590/10965
f 1628/10966 1637/10967 1618/10968
f 1606/10969 1638/10970 1621/10971
f 1641/10972 1628/10973 1640/10974
f 1638/10975 1642/10976 1639/10977
f 1594/10978 1633/10979 1595/10980
f 1645/10981 1637/10982 1641/10983
f 1647/10984 1640/10985 1646/10986
f 1649/10987 1648/10988 1634/10989
f 1632/10990 1621/10991 1650/10992
f 1652/10993 1647/10994 1651/10995
f 1651/10996 1653/10997 1652/10998
f 1655/10999 1656/11000 1658/11001
f 1659/11002 1634/11003 1625/11004
f 1660/11005 1649/11006 1659/11007
f 1642/11008 1654/11009 1643/11010
f 1584/11011 1601/11012 1646/11013
f 1610/11014 1662/11015 1601/11016
f 1651/11017 1661/11018 1653/11019
f 1650/11020 1639/11021 1664/11022
f 1647/11023 1665/11024 1640/11025
f 1647/11026 1652/11027 1665/11028
f 1667/11029 1659/11030 1645/11031
f 1614/11032 1668/11033 1606/11034
f 1670/11035 1671/11036 1636/11037
f 1667/11038 1645/11039 1672/11040
f 1659/11041 1667/11042 1660/11043
f 1673/11044 1633/11045 1648/11046
f 1664/11047 1643/11048 1663/11049
f 1652/11050 1654/11051 1666/11052
f 1668/11053 1676/11054 1669/11055
f 1610/11056 1677/11057 1662/11058
f 1671/11059 1679/11060 1614/11061
f 1680/11062 1681/11063 1660/11064
f 1590/11065 1605/11066 1636/11067
f 1655/11068 1683/11069 1656/11070
f 1666/11071 1675/11072 1685/11073
f 1676/11074 1668/11075 1686/11076
f 1605/11077 1604/11078 1682/11079
f 1686/11080 1689/11081 1676/11082
f 1660/11083 1685/11084 1680/11085
f 1693/11086 1692/11087 1679/11088
f 1681/11089 1680/11090 1695/11091
f 1690/11092 1697/11093 1670/11094
f 1702/11095 1700/11096 1692/11097
f 1704/11098 1699/11099 1695/11100
f 1700/11101 1702/11102 1698/11103
f 1700/11104 1705/11105 1701/11106
f 1705/11107 1704/11108 1694/11109
f 1696/11110 1704/11111 1698/11112
f 1706/11113 1707/11114 1603/11115
f 1688/11116 1708/11117 1683/11118
f 1710/11119 1708/11120 1696/11121
f 1707/11122 1711/11123 1604/11124
f 1712/11125 1713/11126 1715/11127
f 1717/11128 1714/11129 1716/11130
f 1713/11131 1712/11132 1719/11133
f 1719/11134 1720/11135 1713/11136
f 1712/11137 1721/11138 1718/11139
f 1716/11140 1723/11141 1717/11142
f 1715/11143 1725/11144 1712/11145
f 1726/11146 1723/11147 1720/11148
f 1725/11149 1728/11150 1721/11151
f 1721/11152 1729/11153 1722/11154
f 1731/11155 1727/11156 1732/11157
f 1729/11158 1728/11159 1734/11160
f 1734/11161 1735/11162 1729/11163
f 1739/11164 1736/11165 1738/11166
f 1724/11167 1741/11168 1717/11169
f 1714/11170 1740/11171 1715/11172
f 1715/11173 1742/11174 1725/11175
f 1736/11176 1739/11177 1744/11178
f 1745/11179 1746/11180 1733/11181
f 1732/11182 1747/11183 1731/11184
f 1749/11185 1738/11186 1750/11187
f 1739/11188 1751/11189 1743/11190
f 1738/11191 1753/11192 1739/11193
f 1754/11194 1741/11195 1727/11196
f 1754/11197 1750/11198 1741/11199
f 1734/11200 1755/11201 1735/11202
f 1743/11203 1752/11204 1758/11205
f 1744/11206 1743/11207 1759/11208
f 1756/11209 1755/11210 1760/11211
f 1759/11212 1761/11213 1744/11214
f 1762/11215 1756/11216 1763/11217
f 1747/11218 1764/11219 1748/11220
f 1766/11221 1767/11222 1754/11223
f 1767/11224 1768/11225 1750/11226
f 1763/11227 1760/11228 1770/11229
f 1759/11230 1758/11231 1775/11232
f 1776/11233 1774/11234 1757/11235
f 1718/11236 1722/11237 1778/11238
f 1770/11239 1779/11240 1763/11241
f 1772/11242 1771/11243 1780/11244
f 1783/11245 1782/11246 1764/11247
f 1751/11248 1784/11249 1752/11250
f 1761/11251 1786/11252 1770/11253
f 1788/11254 1753/11255 1789/11256
f 1778/11257 1790/11258 1783/11259
f 1791/11260 1792/11261 1786/11262
f 1772/11263 1780/11264 1794/11265
f 1795/11266 1780/11267 1781/11268
f 1773/11269 1777/11270 1762/11271
f 1790/11272 1778/11273 1796/11274
f 1749/11275 1768/11276 1789/11277
f 1781/11278 1800/11279 1795/11280
f 1803/11281 1776/11282 1804/11283
f 1775/11284 1774/11285 1806/11286
f 1807/11287 1808/11288 1793/11289
f 1806/11290 1809/11291 1791/11292
f 1802/11293 1810/11294 1782/11295
f 1812/11296 1811/11297 1766/11298
f 1813/11299 1800/11300 1792/11301
f 1777/11302 1773/11303 1796/11304
f 1815/11305 1816/11306 1803/11307
f 1794/11308 1817/11309 1772/11310
f 1813/11311 1792/11312 1818/11313
f 1768/11314 1767/11315 1819/11316
f 1819/11317 1820/11318 1768/11319
f 1793/11320 1780/11321 1821/11322
f 1802/11323 1823/11324 1825/11325
f 1806/11326 1805/11327 1827/11328
f 1806/11329 1827/11330 1809/11331
f 1829/11332 1807/11333 1821/11334
f 1826/11335 1805/11336 1830/11337
f 1834/11338 1833/11339 1812/11340
f 1818/11341 1822/11342 1831/11343
f 1824/11344 1823/11345 1817/11346
f 1795/11347 1832/11348 1821/11349
f 1833/11350 1838/11351 1811/11352
f 1809/11353 1828/11354 1822/11355
f 1785/11356 1841/11357 1804/11358
f 1843/11359 1803/11360 1842/11361
f 1784/11362 1844/11363 1785/11364
f 1838/11365 1845/11366 1819/11367
f 1837/11368 1846/11369 1821/11370
f 1565/11371 1834/11372 1561/11373
f 1828/11374 1827/11375 1849/11376
f 1833/11377 1834/11378 1564/11379
f 1832/11380 1850/11381 1837/11382
f 1852/11383 1815/11384 1843/11385
f 1854/11386 1855/11387 1842/11388
f 1564/11389 1574/11390 1833/11391
f 1856/11392 1857/11393 1858/11394
f 1859/11395 1850/11396 1860/11397
f 1839/11398 1840/11399 1863/11400
f 1851/11401 1865/11402 1837/11403
f 1866/11404 1858/11405 1852/11406
f 1866/11407 1852/11408 1867/11409
f 1849/11410 1848/11411 1568/11412
f 1862/11413 1840/11414 1869/11415
f 1849/11416 1568/11417 1868/11418
f 1871/11419 1853/11420 1870/11421
f 1868/11422 1573/11423 1869/11424
f 1593/11425 1592/11426 1856/11427
f 1875/11428 1874/11429 1871/11430
f 1657/11431 1656/11432 1875/11433
f 1855/11434 1876/11435 1867/11436
f 1874/11437 1656/11438 1878/11439
f 1872/11440 1879/11441 1853/11442
f 1881/11443 1879/11444 1878/11445
f 1867/11446 1877/11447 1603/11448
f 1595/11449 1674/11450 1576/11451
f 1658/11452 1657/11453 1576/11454
f 1624/11455 1622/11456 1623/11457
f 1633/11458 1673/11459 1644/11460
f 1648/11461 1649/11462 1673/11463
f 1701/11464 1694/11465 1689/11466
f 1692/11467 1701/11468 1686/11469
f 1679/11470 1671/11471 1693/11472
f 1784/11473 1751/11474 1788/11475
f 1774/11476 1776/11477 1805/11478
f 1752/11479 1785/11480 1757/11481
f 1816/11482 1815/11483 1830/11484
f 1858/11485 1866/11486 1856/11487
f 1789/11488 1797/11489 1861/11490
f 1789/11491 1861/11492 1788/11493
f 1797/11494 1820/11495 1870/11496
f 1845/11497 1838/11498 1577/11499
f 1657/11500 1875/11501 1577/11502
f 1845/11503 1875/11504 1820/11505
f 1644/11506 1691/11507 1595/11508
f 1673/11509 1681/11510 1703/11511
f 1691/11512 1644/11513 1699/11514
f 1591/11515 1884/11516 1592/11517
f 1884/11518 1570/11519 1885/11520
f 1570/11521 1884/11522 1588/11523
f 1884/11524 1591/11525 1613/11526
f 1848/11527 1827/11528 1886/11529
f 1886/11530 1826/11531 1857/11532
f 1857/11533 1592/11534 1886/11535
f 1886/11536 1885/11537 1848/11538
f 1613/11539 1635/11540 1614/11541
f 1856/11542 1883/11543 1593/11544
f 1670/11545 1636/11546 1690/11547
f 1697/11548 1702/11549 1693/11550
f 1887/11551 1854/11552 1880/11553
f 1854/11554 1887/11555 1855/11556
f 1812/11557 1799/11558 1834/11559
f 1766/11560 1769/11561 1812/11562
f 1580/11563 1566/11564 1578/11565
f 1566/11566 1565/11567 1563/11568
f 1558/11569 1551/11570 1560/11571
f 1770/11572 1787/11573 1781/11574
f 1831/11575 1801/11576 1813/11577
f 1822/11578 1839/11579 1835/11580
f 1696/11581 1698/11582 1710/11583
f 1698/11584 1687/11585 1888/11586
f 1642/11587 1669/11588 1654/11589
f 1624/11590 1580/11591 1554/11592
f 1572/11593 1571/11594 1615/11595
f 1553/11596 1552/11597 1557/11598
f 1778/11599 1783/11600 1720/11601
f 1562/11602 1798/11603 1587/11604
f 1895/11605 1893/11606 1891/11607
f 1898/11608 1894/11609 1897/11610
f 1905/11611 1902/11612 1904/11613
f 1909/11614 1906/11615 1908/11616
f 1909/11617 1910/11618 1906/11619
f 1913/11620 1912/11621 1905/11622
f 1915/11623 1912/11624 1914/11625
f 1917/11626 1905/11627 1918/11628
f 1922/11629 1919/11630 1921/11631
f 1924/11632 1923/11633 1925/11634
f 1909/11635 1908/11636 1927/11637
f 1931/11638 1928/11639 1930/11640
f 1932/11641 1913/11642 1917/11643
f 1932/11644 1933/11645 1913/11646
f 1934/11647 1935/11648 1890/11649
f 1938/11650 1939/11651 1921/11652
f 1940/11653 1941/11654 1943/11655
f 1937/11656 1926/11657 1945/11658
f 1947/11659 1919/11660 1946/11661
f 1936/11662 1948/11663 1938/11664
f 1950/11665 1949/11666 1895/11667
f 1926/11668 1951/11669 1944/11670
f 1954/11671 1953/11672 1937/11673
f 1947/11674 1955/11675 1950/11676
f 1946/11677 1956/11678 1947/11679
f 1924/11680 1957/11681 1934/11682
f 1961/11683 1917/11684 1962/11685
f 1949/11686 1963/11687 1893/11688
f 1955/11689 1964/11690 1949/11691
f 1934/11692 1958/11693 1936/11694
f 1967/11695 1966/11696 1946/11697
f 1956/11698 1968/11699 1955/11700
f 1928/11701 1931/11702 1943/11703
f 1969/11704 1954/11705 1945/11706
f 1969/11707 1945/11708 1970/11709
f 1917/11710 1961/11711 1932/11712
f 1972/11713 1960/11714 1898/11715
f 1974/11716 1973/11717 1928/11718
f 1966/11719 1975/11720 1956/11721
f 1944/11722 1976/11723 1959/11724
f 1979/11725 1966/11726 1978/11727
f 1976/11728 1980/11729 1977/11730
f 1932/11731 1971/11732 1933/11733
f 1983/11734 1975/11735 1979/11736
f 1985/11737 1978/11738 1984/11739
f 1987/11740 1986/11741 1972/11742
f 1970/11743 1959/11744 1988/11745
f 1990/11746 1985/11747 1989/11748
f 1989/11749 1991/11750 1990/11751
f 1993/11752 1994/11753 1996/11754
f 1997/11755 1972/11756 1963/11757
f 1998/11758 1987/11759 1997/11760
f 1980/11761 1992/11762 1981/11763
f 1922/11764 1939/11765 1984/11766
f 1948/11767 2000/11768 1939/11769
f 1989/11770 1999/11771 1991/11772
f 1988/11773 1977/11774 2002/11775
f 1985/11776 2003/11777 1978/11778
f 1985/11779 1990/11780 2003/11781
f 2005/11782 1997/11783 1983/11784
f 1952/11785 2006/11786 1944/11787
f 2008/11788 2009/11789 1974/11790
f 2005/11791 1983/11792 2010/11793
f 1997/11794 2005/11795 1998/11796
f 2011/11797 1971/11798 1986/11799
f 2002/11800 1981/11801 2001/11802
f 1990/11803 1992/11804 2004/11805
f 2006/11806 2014/11807 2007/11808
f 1948/11809 2015/11810 2000/11811
f 2009/11812 2017/11813 1952/11814
f 2018/11815 2019/11816 1998/11817
f 1928/11818 1943/11819 1974/11820
f 1993/11821 2021/11822 1994/11823
f 2004/11824 2013/11825 2023/11826
f 2014/11827 2006/11828 2024/11829
f 1943/11830 1942/11831 2020/11832
f 2024/11833 2027/11834 2014/11835
f 1998/11836 2023/11837 2018/11838
f 2031/11839 2030/11840 2017/11841
f 2019/11842 2018/11843 2033/11844
f 2028/11845 2035/11846 2008/11847
f 2040/11848 2038/11849 2030/11850
f 2042/11851 2037/11852 2033/11853
f 2038/11854 2040/11855 2036/11856
f 2038/11857 2043/11858 2039/11859
f 2043/11860 2042/11861 2032/11862
f 2034/11863 2042/11864 2036/11865
f 2044/11866 2045/11867 1941/11868
f 2026/11869 2046/11870 2021/11871
f 2048/11872 2046/11873 2034/11874
f 2045/11875 2049/11876 1942/11877
f 2050/11878 2051/11879 2053/11880
f 2055/11881 2052/11882 2054/11883
f 2051/11884 2050/11885 2057/11886
f 2057/11887 2058/11888 2051/11889
f 2050/11890 2059/11891 2056/11892
f 2054/11893 2061/11894 2055/11895
f 2053/11896 2063/11897 2050/11898
f 2064/11899 2061/11900 2058/11901
f 2063/11902 2066/11903 2059/11904
f 2059/11905 2067/11906 2060/11907
f 2069/11908 2065/11909 2070/11910
f 2067/11911 2066/11912 2072/11913
f 2072/11914 2073/11915 2067/11916
f 2077/11917 2074/11918 2076/11919
f 2062/11920 2079/11921 2055/11922
f 2052/11923 2078/11924 2053/11925
f 2053/11926 2080/11927 2063/11928
f 2074/11929 2077/11930 2082/11931
f 2083/11932 2084/11933 2071/11934
f 2070/11935 2085/11936 2069/11937
f 2087/11938 2076/11939 2088/11940
f 2077/11941 2089/11942 2081/11943
f 2076/11944 2091/11945 2077/11946
f 2092/11947 2079/11948 2065/11949
f 2092/11950 2088/11951 2079/11952
f 2072/11953 2093/11954 2073/11955
f 2081/11956 2090/11957 2096/11958
f 2082/11959 2081/11960 2097/11961
f 2094/11962 2093/11963 2098/11964
f 2097/11965 2099/11966 2082/11967
f 2100/11968 2094/11969 2101/11970
f 2085/11971 2102/11972 2086/11973
f 2104/11974 2105/11975 2092/11976
f 2105/11977 2106/11978 2088/11979
f 2101/11980 2098/11981 2108/11982
f 2097/11983 2096/11984 2113/11985
f 2114/11986 2112/11987 2095/11988
f 2056/11989 2060/11990 2116/11991
f 2108/11992 2117/11993 2101/11994
f 2110/11995 2109/11996 2118/11997
f 2121/11998 2120/11999 2102/12000
f 2089/12001 2122/12002 2090/12003
f 2099/12004 2124/12005 2108/12006
f 2126/12007 2091/12008 2127/12009
f 2116/12010 2128/12011 2121/12012
f 2129/12013 2130/12014 2124/12015
f 2110/12016 2118/12017 2132/12018
f 2133/12019 2118/12020 2119/12021
f 2111/12022 2115/12023 2100/12024
f 2128/12025 2116/12026 2134/12027
f 2087/12028 2106/12029 2127/12030
f 2119/12031 2138/12032 2133/12033
f 2141/12034 2114/12035 2142/12036
f 2113/12037 2112/12038 2144/12039
f 2145/12040 2146/12041 2131/12042
f 2144/12043 2147/12044 2129/12045
f 2140/12046 2148/12047 2120/12048
f 2150/12049 2149/12050 2104/12051
f 2151/12052 2138/12053 2130/12054
f 2115/12055 2111/12056 2134/12057
f 2153/12058 2154/12059 2141/12060
f 2132/12061 2155/12062 2110/12063
f 2151/12064 2130/12065 2156/12066
f 2106/12067 2105/12068 2157/12069
f 2157/12070 2158/12071 2106/12072
f 2131/12073 2118/12074 2159/12075
f 2140/12076 2161/12077 2163/12078
f 2144/12079 2143/12080 2165/12081
f 2144/12082 2165/12083 2147/12084
f 2167/12085 2145/12086 2159/12087
f 2164/12088 2143/12089 2168/12090
f 2172/12091 2171/12092 2150/12093
f 2156/12094 2160/12095 2169/12096
f 2162/12097 2161/12098 2155/12099
f 2133/12100 2170/12101 2159/12102
f 2171/12103 2176/12104 2149/12105
f 2147/12106 2166/12107 2160/12108
f 2123/12109 2179/12110 2142/12111
f 2181/12112 2141/12113 2180/12114
f 2122/12115 2182/12116 2123/12117
f 2176/12118 2183/12119 2157/12120
f 2175/12121 2184/12122 2159/12123
f 1903/12124 2172/12125 1899/12126
f 2166/12127 2165/12128 2187/12129
f 2171/12130 2172/12131 1902/12132
f 2170/12133 2188/12134 2175/12135
f 2190/12136 2153/12137 2181/12138
f 2192/12139 2193/12140 2180/12141
f 1902/12142 1912/12143 2171/12144
f 2194/12145 2195/12146 2196/12147
f 2197/12148 2188/12149 2198/12150
f 2177/12151 2178/12152 2201/12153
f 2189/12154 2203/12155 2175/12156
f 2204/12157 2196/12158 2190/12159
f 2204/12160 2190/12161 2205/12162
f 2187/12163 2186/12164 1906/12165
f 2200/12166 2178/12167 2207/12168
f 2187/12169 1906/12170 2206/12171
f 2209/12172 2191/12173 2208/12174
f 2206/12175 1911/12176 2207/12177
f 1931/12178 1930/12179 2194/12180
f 2213/12181 2212/12182 2209/12183
f 1995/12184 1994/12185 2213/12186
f 2193/12187 2214/12188 2205/12189
f 2212/12190 1994/12191 2216/12192
f 2210/12193 2217/12194 2191/12195
f 2219/12196 2217/12197 2216/12198
f 2205/12199 2215/12200 1941/12201
f 1933/12202 2012/12203 1914/12204
f 1996/12205 1995/12206 1914/12207
f 1962/12208 1960/12209 1961/12210
f 1971/12211 2011/12212 1982/12213
f 1986/12214 1987/12215 2011/12216
f 2039/12217 2032/12218 2027/12219
f 2030/12220 2039/12221 2024/12222
f 2017/12223 2009/12224 2031/12225
f 2122/12226 2089/12227 2126/12228
f 2112/12229 2114/12230 2143/12231
f 2090/12232 2123/12233 2095/12234
f 2154/12235 2153/12236 2168/12237
f 2196/12238 2204/12239 2194/12240
f 2127/12241 2135/12242 2199/12243
f 2127/12244 2199/12245 2126/12246
f 2135/12247 2158/12248 2208/12249
f 2183/12250 2176/12251 1915/12252
f 1995/12253 2213/12254 1915/12255
f 2183/12256 2213/12257 2158/12258
f 1982/12259 2029/12260 1933/12261
f 2011/12262 2019/12263 2041/12264
f 2029/12265 1982/12266 2037/12267
f 1929/12268 2222/12269 1930/12270
f 2222/12271 1908/12272 2223/12273
f 1908/12274 2222/12275 1926/12276
f 2222/12277 1929/12278 1951/12279
f 2186/12280 2165/12281 2224/12282
f 2224/12283 2164/12284 2195/12285
f 2195/12286 1930/12287 2224/12288
f 2224/12289 2223/12290 2186/12291
f 1951/12292 1973/12293 1952/12294
f 2194/12295 2221/12296 1931/12297
f 2008/12298 1974/12299 2028/12300
f 2035/12301 2040/12302 2031/12303
f 2225/12304 2192/12305 2218/12306
f 2192/12307 2225/12308 2193/12309
f 2150/12310 2137/12311 2172/12312
f 2104/12313 2107/12314 2150/12315
f 1918/12316 1904/12317 1916/12318
f 1904/12319 1903/12320 1901/12321
f 1896/12322 1889/12323 1898/12324
f 2108/12325 2125/12326 2119/12327
f 2169/12328 2139/12329 2151/12330
f 2160/12331 2177/12332 2173/12333
f 2034/12334 2036/12335 2048/12336
f 2036/12337 2025/12338 2226/12339
f 1980/12340 2007/12341 1992/12342
f 1962/12343 1918/12344 1892/12345
f 1910/12346 1909/12347 1953/12348
f 1891/12349 1890/12350 1895/12351
f 2116/12352 2121/12353 2058/12354
f 1900/12355 2136/12356 1925/12357
f 2230/12358 2227/12359 2229/12360
f 2234/12361 2231/12362 2233/12363
f 2228/12364 2227/12365 2231/12366
f 2235/12367 2236/12368 2238/12369
f 2240/12370 2238/12371 2239/12372
f 2242/12373 2236/12374 2241/12375
