mtllib RAnkleRoll.mtl
o RAnkleRoll
usemtl nao_texture
v 0.3447481 0.07418945 -0.2366275
v 0.3443019 -0.07612453 -0.2366367
v 0.3443287 -0.06710571 -0.09663605
v 0.3447214 0.06517063 -0.09662812
v -0.1683158 -0.1124361 -0.2871359
v -0.2122068 0.125619 -0.3430301
v -0.3395264 0.1259859 -0.1597501
v -0.282107 -0.1121055 -0.1691892
v 0.2926848 0.1659201 -0.2519141
v 0.1716193 0.1664933 -0.3102261
v 0.1706398 -0.1659976 -0.3057758
v 0.2916976 -0.1666222 -0.2519342
v 0.4127729 0.1655605 -0.1999271
v 0.4117857 -0.1669818 -0.1999472
v 0.01470884 -0.09556412 0.09986573
v -0.3152892 -0.09458455 0.1004272
v -0.3153739 -0.111389 0.07994843
v 0.01462411 -0.1123686 0.0793869
v -0.3154507 -0.1238752 0.05658478
v 0.0145473 -0.1248548 0.05602325
v -0.3155167 -0.1315635 0.03123383
v 0.01448135 -0.1325431 0.0306723
v -0.3155693 -0.1341582 0.0048703
v 0.01442879 -0.1351379 0.004308777
v -0.3156064 -0.13156 -0.02149322
v 0.01439166 -0.1325396 -0.02205475
v -0.3156267 -0.1238684 -0.04684296
v 0.01437136 -0.124848 -0.04740448
v -0.3156293 -0.1113791 -0.07020538
v 0.01436869 -0.1123587 -0.07076691
v -0.3156143 -0.09457196 -0.09068207
v 0.01438374 -0.09555157 -0.0912436
v -0.3155821 -0.07409309 -0.1074866
v 0.01441595 -0.07507267 -0.1080481
v -0.315534 -0.05072929 -0.1199731
v 0.01446406 -0.05170887 -0.1205347
v -0.3154718 -0.02537849 -0.1276614
v 0.01452623 -0.02635807 -0.128223
v -0.3153979 0.0009851455 -0.1302563
v 0.01460008 5.53131e-06 -0.1308179
v -0.3153153 0.02734837 -0.1276584
v 0.01468276 0.02636879 -0.1282196
v -0.3152269 0.05269821 -0.1199667
v 0.01477109 0.0517186 -0.1205283
v -0.3151363 0.07606033 -0.1074777
v 0.01486169 0.07508072 -0.1080389
v -0.3150469 0.09653698 -0.09067048
v 0.01495107 0.09555737 -0.091232
v -0.3149622 0.1133413 -0.07019165
v 0.01503579 0.1123618 -0.07075317
v -0.3148854 0.1258276 -0.0468277
v 0.01511261 0.124848 -0.04738922
v -0.3148195 0.1335158 -0.02147705
v 0.01517856 0.1325362 -0.02203857
v -0.3147669 0.1361107 0.00488678
v 0.01523112 0.1351311 0.004325256
v -0.3147298 0.1335122 0.03125
v 0.01526825 0.1325327 0.03068848
v -0.3147095 0.1258207 0.05660004
v 0.01528855 0.1248411 0.05603851
v -0.3147068 0.1133314 0.07996216
v 0.01529122 0.1123518 0.07940063
v -0.3147219 0.09652432 0.1004391
v 0.01527617 0.09554471 0.09987763
v -0.3147541 0.0760453 0.1172437
v 0.01524396 0.07506569 0.1166821
v -0.3148022 0.05268154 0.1297299
v 0.01519585 0.05170193 0.1291684
v -0.3148643 0.0273307 0.1374182
v 0.01513368 0.02635109 0.136857
v -0.3149382 0.000967102 0.1400131
v 0.01505983 -1.25122e-05 0.1394519
v -0.3150209 -0.02539616 0.1374149
v 0.01497715 -0.02637577 0.1368536
v -0.3151092 -0.05074596 0.1297235
v 0.01488881 -0.05172554 0.129162
v -0.3151998 -0.07410812 0.1172342
v 0.01479822 -0.0750877 0.1166727
v -0.3152001 -0.07486652 0.1183691
v -0.3751998 -0.07468842 0.1184711
v -0.37529 -0.09537167 0.1014944
v -0.3152904 -0.09554978 0.1013925
v -0.3151086 -0.05126839 0.1309845
v -0.3751082 -0.05109028 0.1310867
v -0.3150194 -0.02566254 0.1387537
v -0.375019 -0.02548443 0.1388559
v -0.3149359 0.0009669876 0.1413782
v -0.3749355 0.001145095 0.1414804
v -0.3148613 0.02759689 0.138757
v -0.3748609 0.027775 0.1388593
v -0.3147985 0.05320381 0.1309909
v -0.3747981 0.05338192 0.1310931
v -0.3147499 0.07680355 0.1183786
v -0.3747495 0.07698166 0.1184805
v -0.3147219 0.09652432 0.1004391
v -0.374717 0.09766755 0.1015063
v -0.3147021 0.1144662 0.08072052
v -0.3747018 0.1146444 0.08082276
v -0.3147048 0.1270818 0.0571225
v -0.3747045 0.1272599 0.05722443
v -0.3147254 0.134851 0.03151642
v -0.3747249 0.1350291 0.03161835
v -0.3147629 0.1374757 0.00488678
v -0.3747625 0.1376538 0.004988709
v -0.314816 0.1348546 -0.02174316
v -0.3748155 0.1350327 -0.02164124
v -0.3148826 0.1270887 -0.04735016
v -0.3748822 0.1272668 -0.04724792
v -0.3149602 0.1144763 -0.07095001
v -0.3749598 0.1146544 -0.07084778
v -0.3150457 0.09750226 -0.09163575
v -0.3750453 0.09768036 -0.09153351
v -0.3133226 0.08136353 -0.1086154
v -0.3769221 0.08155232 -0.1085071
v -0.3152275 0.05322063 -0.121228
v -0.3752272 0.05339874 -0.1211258
v -0.3769221 0.08155232 -0.1085071
v -0.3133226 0.08136353 -0.1086154
v -0.3153168 0.02761478 -0.1289969
v -0.3753164 0.02779289 -0.128895
v -0.3154003 0.0009852218 -0.1316214
v -0.3753999 0.00116333 -0.1315195
v -0.3154749 -0.02564468 -0.1290002
v -0.3754745 -0.02546658 -0.1288983
v -0.3155377 -0.05125156 -0.1212341
v -0.3755373 -0.05107346 -0.1211322
v -0.3137998 -0.07940681 -0.1086249
v -0.3773994 -0.07921802 -0.1085168
v -0.3156143 -0.09457196 -0.09068207
v -0.3756184 -0.09535897 -0.09154541
v -0.3773994 -0.07921802 -0.1085168
v -0.3137998 -0.07940681 -0.1086249
v -0.315634 -0.112514 -0.07096374
v -0.3756336 -0.1123359 -0.07086182
v -0.3156313 -0.1251294 -0.04736542
v -0.3756309 -0.1249513 -0.04726349
v -0.3156108 -0.1328987 -0.02175964
v -0.3756104 -0.1327206 -0.02165741
v -0.3155733 -0.1355232 0.004869995
v -0.3755729 -0.1353451 0.004972229
v -0.3155202 -0.1329022 0.03149994
v -0.3755198 -0.1327241 0.03160217
v -0.3154536 -0.1251363 0.05710693
v -0.3754532 -0.1249582 0.05720886
v -0.315376 -0.112524 0.08070679
v -0.3753756 -0.1123459 0.08080872
v -0.3751998 -0.07468842 0.1184711
v -0.3751877 -0.04617157 0.07579864
v -0.375244 -0.05907795 0.06520538
v -0.37529 -0.09537167 0.1014944
v -0.3751082 -0.05109028 0.1310867
v -0.3751306 -0.03144634 0.08367066
v -0.375019 -0.02548443 0.1388559
v -0.3750749 -0.01546829 0.08851868
v -0.3749355 0.001145095 0.1414804
v -0.3750228 0.001148567 0.09015625
v -0.3748609 0.027775 0.1388593
v -0.3749763 0.01776562 0.08852082
v -0.3747981 0.05338192 0.1310931
v -0.3749371 0.03374432 0.08367463
v -0.3747495 0.07698166 0.1184805
v -0.3749068 0.04847057 0.07580444
v -0.374717 0.09766755 0.1015063
v -0.3748864 0.06137856 0.06521271
v -0.3747018 0.1146444 0.08082276
v -0.374877 0.07197208 0.05230591
v -0.3747045 0.1272599 0.05722443
v -0.3748786 0.07984417 0.03758087
v -0.3747249 0.1350291 0.03161835
v -0.3748914 0.08469216 0.02160248
v -0.3747625 0.1376538 0.004988709
v -0.3749148 0.08633 0.004985657
v -0.3748155 0.1350327 -0.02164124
v -0.374948 0.08469441 -0.01163147
v -0.3748822 0.1272668 -0.04724792
v -0.3749895 0.07984852 -0.02761017
v -0.3749598 0.1146544 -0.07084778
v -0.3750706 0.07693768 -0.07015747
v -0.3750453 0.09768036 -0.09153351
v -0.3751042 0.06560348 -0.07015808
v -0.3769221 0.08155232 -0.1085071
v -0.3751452 0.05179279 -0.070159
v -0.3752272 0.05339874 -0.1211258
v -0.375192 0.03603626 -0.07015991
v -0.3753164 0.02779289 -0.128895
v -0.3752427 0.0189394 -0.07016083
v -0.3753999 0.00116333 -0.1315195
v -0.3752955 0.001159248 -0.07016205
v -0.3754745 -0.02546658 -0.1288983
v -0.3753483 -0.0166209 -0.07016296
v -0.3755373 -0.05107346 -0.1211322
v -0.375399 -0.03371773 -0.07016418
v -0.3773994 -0.07921802 -0.1085168
v -0.3754458 -0.0494743 -0.0701651
v -0.3756184 -0.09535897 -0.09154541
v -0.3754868 -0.06328503 -0.07016602
v -0.3756336 -0.1123359 -0.07086182
v -0.3755205 -0.07461925 -0.07016663
v -0.3756309 -0.1249513 -0.04726349
v -0.3754568 -0.07753563 -0.02761963
v -0.3756104 -0.1327206 -0.02165741
v -0.3754439 -0.08238369 -0.01164154
v -0.3755729 -0.1353451 0.004972229
v -0.3754206 -0.08402138 0.004975281
v -0.3755198 -0.1327241 0.03160217
v -0.3753874 -0.08238587 0.02159241
v -0.3754532 -0.1249582 0.05720886
v -0.3753459 -0.0775399 0.03757111
v -0.3753756 -0.1123459 0.08080872
v -0.3752974 -0.06966984 0.05229736
v -0.3751877 -0.04617157 0.07579864
v -0.3851876 -0.04614189 0.07581573
v -0.3852439 -0.05904827 0.06522217
v -0.375244 -0.05907795 0.06520538
v -0.3751306 -0.03144634 0.08367066
v -0.3851305 -0.03141666 0.08368775
v -0.3750749 -0.01546829 0.08851868
v -0.3850748 -0.01543861 0.08853577
v -0.3750228 0.001148567 0.09015625
v -0.3850227 0.001178245 0.09017334
v -0.3749763 0.01776562 0.08852082
v -0.3849762 0.0177953 0.08853791
v -0.3749371 0.03374432 0.08367463
v -0.384937 0.03377399 0.08369172
v -0.3749068 0.04847057 0.07580444
v -0.3849067 0.04850025 0.07582153
v -0.3748864 0.06137856 0.06521271
v -0.3848863 0.06140823 0.06522949
v -0.374877 0.07197208 0.05230591
v -0.3848769 0.07200176 0.052323
v -0.3748786 0.07984417 0.03758087
v -0.3848786 0.07987385 0.03759766
v -0.3748914 0.08469216 0.02160248
v -0.3848913 0.08472187 0.02161957
v -0.3749148 0.08633 0.004985657
v -0.3849148 0.08635968 0.005002747
v -0.374948 0.08469441 -0.01163147
v -0.3849479 0.08472413 -0.01161438
v -0.3749895 0.07984852 -0.02761017
v -0.3849895 0.0798782 -0.02759308
v -0.3750706 0.07693768 -0.07015747
v -0.3850705 0.07696735 -0.07014038
v -0.3750706 0.07693768 -0.07015747
v -0.3751042 0.06560348 -0.07015808
v -0.3851041 0.0656332 -0.07014099
v -0.3850705 0.07696735 -0.07014038
v -0.3751452 0.05179279 -0.070159
v -0.3851451 0.05182247 -0.07014191
v -0.375192 0.03603626 -0.07015991
v -0.3851919 0.03606594 -0.07014282
v -0.3752427 0.0189394 -0.07016083
v -0.3852426 0.01896908 -0.07014404
v -0.3752955 0.001159248 -0.07016205
v -0.3852954 0.001188926 -0.07014496
v -0.3753483 -0.0166209 -0.07016296
v -0.3853482 -0.01659119 -0.07014618
v -0.375399 -0.03371773 -0.07016418
v -0.385399 -0.03368805 -0.07014709
v -0.3754458 -0.0494743 -0.0701651
v -0.3854457 -0.04944462 -0.07014801
v -0.3754868 -0.06328503 -0.07016602
v -0.3854867 -0.06325535 -0.07014893
v -0.3755205 -0.07461925 -0.07016663
v -0.3855204 -0.07458958 -0.07014954
v -0.3755205 -0.07461925 -0.07016663
v -0.3754568 -0.07753563 -0.02761963
v -0.3854567 -0.07750595 -0.02760284
v -0.3855204 -0.07458958 -0.07014954
v -0.3754439 -0.08238369 -0.01164154
v -0.3854439 -0.08235402 -0.01162445
v -0.3754206 -0.08402138 0.004975281
v -0.3854205 -0.08399167 0.004992371
v -0.3753874 -0.08238587 0.02159241
v -0.3853873 -0.08235619 0.0216095
v -0.3753459 -0.0775399 0.03757111
v -0.3853458 -0.07751022 0.0375882
v -0.3752974 -0.06966984 0.05229736
v -0.3852973 -0.06964016 0.05231445
v -0.3851876 -0.04614189 0.07581573
v -0.385182 -0.03289066 0.05598663
v -0.3852226 -0.04218323 0.04835937
v -0.3852439 -0.05904827 0.06522217
v -0.3851305 -0.03141666 0.08368775
v -0.3851409 -0.02228847 0.06165436
v -0.3850748 -0.01543861 0.08853577
v -0.3851008 -0.0107843 0.06514496
v -0.3850227 0.001178245 0.09017334
v -0.3850633 0.001179847 0.06632416
v -0.3849762 0.0177953 0.08853791
v -0.3850298 0.01314411 0.06514648
v -0.384937 0.03377399 0.08369172
v -0.3850016 0.02464878 0.06165741
v -0.3849067 0.04850025 0.07582153
v -0.3849797 0.03525169 0.05599091
v -0.3848863 0.06140823 0.06522949
v -0.3849651 0.04454544 0.04836456
v -0.3848769 0.07200176 0.052323
v -0.3849583 0.05217278 0.03907196
v -0.3848786 0.07987385 0.03759766
v -0.3849595 0.05784069 0.02846954
v -0.3848913 0.08472187 0.02161957
v -0.3849687 0.06133125 0.01696533
v -0.3849148 0.08635968 0.005002747
v -0.3849856 0.06251049 0.005001221
v -0.3849479 0.08472413 -0.01161438
v -0.3850094 0.06133285 -0.006963196
v -0.3849895 0.0798782 -0.02759308
v -0.3850394 0.05784382 -0.01846771
v -0.3850705 0.07696735 -0.07014038
v -0.3850742 0.05217731 -0.02907074
v -0.3851041 0.0656332 -0.07014099
v -0.3851126 0.0445512 -0.03836426
v -0.3851451 0.05182247 -0.07014191
v -0.3851532 0.03525852 -0.04599182
v -0.3851919 0.03606594 -0.07014282
v -0.3851943 0.02465633 -0.05165955
v -0.3852426 0.01896908 -0.07014404
v -0.3852344 0.01315216 -0.05515015
v -0.3852954 0.001188926 -0.07014496
v -0.3852719 0.001188011 -0.05632935
v -0.3853482 -0.01659119 -0.07014618
v -0.3853054 -0.01077625 -0.05515167
v -0.385399 -0.03368805 -0.07014709
v -0.3853337 -0.02228092 -0.05166229
v -0.3854457 -0.04944462 -0.07014801
v -0.3853555 -0.03288383 -0.04599579
v -0.3854867 -0.06325535 -0.07014893
v -0.3853701 -0.04217754 -0.03836975
v -0.3855204 -0.07458958 -0.07014954
v -0.385377 -0.04980492 -0.02907684
v -0.3854567 -0.07750595 -0.02760284
v -0.3853757 -0.05547276 -0.01847473
v -0.3854439 -0.08235402 -0.01162445
v -0.3853665 -0.05896339 -0.00697052
v -0.3854205 -0.08399167 0.004992371
v -0.3853497 -0.06014252 0.004993897
v -0.3853873 -0.08235619 0.0216095
v -0.3853258 -0.05896496 0.01695801
v -0.3853458 -0.07751022 0.0375882
v -0.3852959 -0.05547585 0.02846283
v -0.3852973 -0.06964016 0.05231445
v -0.385261 -0.04980942 0.03906555
v -0.3851041 0.0656332 -0.07014099
v -0.3850705 0.07696735 -0.07014038
v -0.3939646 0.07699409 -0.07537079
v -0.3939982 0.0656599 -0.0753714
v -0.3851451 0.05182247 -0.07014191
v -0.3940392 0.05184921 -0.07537231
v -0.394086 0.03609268 -0.07537323
v -0.3851919 0.03606594 -0.07014282
v -0.3852426 0.01896908 -0.07014404
v -0.394132 0.02059826 -0.07537415
v -0.3941895 0.001215667 -0.07537537
v -0.3852954 0.001188926 -0.07014496
v -0.3853482 -0.01659119 -0.07014618
v -0.3942471 -0.01816696 -0.07537659
v -0.385399 -0.03368805 -0.07014709
v -0.3942931 -0.03366135 -0.0753775
v -0.3854457 -0.04944462 -0.07014801
v -0.3943399 -0.04941792 -0.07537842
v -0.3943809 -0.06322861 -0.07537933
v -0.3854867 -0.06325535 -0.07014893
v -0.3944145 -0.07456284 -0.07537994
v -0.3855204 -0.07458958 -0.07014954
v -0.4148121 0.0206604 -0.08729615
v -0.4148696 0.00127777 -0.08729737
v -0.4149272 -0.01810482 -0.08729828
v -0.4152495 0.0206773 -0.3443967
v -0.415307 0.00129467 -0.3443979
v -0.394132 0.02059826 -0.07537415
v -0.3945897 0.02061596 -0.3444318
v -0.4152495 0.0206773 -0.3443967
v -0.4148121 0.0206604 -0.08729615
v -0.4153646 -0.01808792 -0.3443991
v -0.3942471 -0.01816696 -0.07537659
v -0.4149272 -0.01810482 -0.08729828
v -0.4153646 -0.01808792 -0.3443991
v -0.3947043 -0.0179903 -0.3444342
v -0.3940194 0.07572857 -0.1053708
v -0.3940525 0.06458397 -0.1053714
v -0.3940928 0.05100426 -0.1053723
v -0.3941388 0.03551128 -0.1053732
v -0.394184 0.02027603 -0.1053741
v -0.3942971 -0.01784077 -0.1053766
v -0.3943424 -0.03307598 -0.1053775
v -0.3943884 -0.04856903 -0.1053784
v -0.3944287 -0.06214874 -0.105379
v -0.3944618 -0.07329338 -0.1053799
v -0.3941036 0.06455391 -0.1353714
v -0.3941317 0.05508099 -0.135372
v -0.394166 0.04353825 -0.1353726
v -0.3942051 0.03036922 -0.1353735
v -0.3942435 0.01741924 -0.1353741
v -0.3943397 -0.01498005 -0.1353763
v -0.3943781 -0.02792999 -0.1353769
v -0.3944172 -0.04109905 -0.1353778
v -0.3944515 -0.05264179 -0.1353784
v -0.3944796 -0.06211475 -0.135379
v -0.3941678 0.06012249 -0.1653717
v -0.3941939 0.05131268 -0.1653723
v -0.3942258 0.04057793 -0.1653729
v -0.3942621 0.02833073 -0.1653735
v -0.3942979 0.01628727 -0.1653745
v -0.3943873 -0.01384411 -0.1653763
v -0.3944231 -0.02588753 -0.1653769
v -0.3944595 -0.03813477 -0.1653775
v -0.3944913 -0.04886955 -0.1653784
v -0.3945175 -0.0576794 -0.1653787
v -0.3941996 0.06660355 -0.1953711
v -0.3942286 0.05682468 -0.1953717
v -0.394264 0.0449091 -0.1953726
v -0.3943043 0.0313147 -0.1953735
v -0.394344 0.01794647 -0.1953742
v -0.3944433 -0.01549934 -0.1953763
v -0.394483 -0.02886757 -0.1953769
v -0.3945233 -0.04246201 -0.1953778
v -0.3945587 -0.05437759 -0.1953787
v -0.3945878 -0.06415653 -0.195379
v -0.3942089 0.07490814 -0.2153708
v -0.3942417 0.06388733 -0.2153714
v -0.3942815 0.05045849 -0.2153723
v -0.394327 0.0351376 -0.2153732
v -0.3943717 0.0200716 -0.2153742
v -0.3944836 -0.01762184 -0.2153763
v -0.3945284 -0.03268784 -0.2153772
v -0.3945738 -0.04800877 -0.2153781
v -0.3946137 -0.06143764 -0.215379
v -0.3946464 -0.0724585 -0.2153796
v -0.3942386 0.07638313 -0.2353705
v -0.394272 0.06514191 -0.2353714
v -0.3943126 0.05144447 -0.235372
v -0.394359 0.03581715 -0.2353729
v -0.3944046 0.02044983 -0.2353742
v -0.3945188 -0.01799747 -0.2353763
v -0.3945644 -0.03336479 -0.2353772
v -0.3946108 -0.04899212 -0.2353781
v -0.3946514 -0.06268955 -0.235379
v -0.3946848 -0.07393085 -0.2353796
v -0.3944241 0.0763903 -0.3444284
v -0.3944575 0.06514908 -0.3444293
v -0.3944982 0.05145164 -0.3444299
v -0.3945446 0.03582432 -0.3444308
v -0.3945897 0.02061596 -0.3444318
v -0.3947043 -0.0179903 -0.3444342
v -0.3947499 -0.03335762 -0.3444351
v -0.3947963 -0.04898495 -0.344436
v -0.394837 -0.06268238 -0.3444369
v -0.3948703 -0.07392368 -0.3444375
v -0.3940194 0.07572857 -0.1053708
v -0.3939646 0.07699409 -0.07537079
v -0.3751855 0.07693832 -0.07540283
v -0.3752403 0.0756728 -0.1054028
v -0.3944618 -0.07329338 -0.1053799
v -0.3756827 -0.07334911 -0.1054117
v -0.3756354 -0.07461861 -0.07541199
v -0.3944145 -0.07456284 -0.07537994
v -0.3941036 0.06455391 -0.1353714
v -0.3753245 0.06449818 -0.1354034
v -0.3944796 -0.06211475 -0.135379
v -0.3757005 -0.06217052 -0.1354111
v -0.3941678 0.06012249 -0.1653717
v -0.3753887 0.06006672 -0.1654038
v -0.3945175 -0.0576794 -0.1653787
v -0.3757384 -0.05773514 -0.1654108
v -0.3941996 0.06660355 -0.1953711
v -0.3754205 0.06654781 -0.1954031
v -0.3945878 -0.06415653 -0.195379
v -0.3758086 -0.06421226 -0.1954111
v -0.3942089 0.07490814 -0.2153708
v -0.3754298 0.07485241 -0.2154025
v -0.3946464 -0.0724585 -0.2153796
v -0.3758673 -0.07251423 -0.2154117
v -0.3942386 0.07638313 -0.2353705
v -0.3754595 0.0763274 -0.2354025
v -0.3946848 -0.07393085 -0.2353796
v -0.3759057 -0.07398663 -0.2354117
v -0.3944241 0.0763903 -0.3444284
v -0.375645 0.07633457 -0.3444604
v -0.3948703 -0.07392368 -0.3444375
v -0.3760912 -0.07397945 -0.3444696
v -0.3755205 -0.07461925 -0.07016663
v -0.3855204 -0.07458958 -0.07014954
v -0.3153248 0.06432003 -0.1355054
v -0.315389 0.05988861 -0.1655057
v -0.3157387 -0.05791325 -0.1655127
v -0.3157009 -0.06234863 -0.135513
v -0.3154209 0.0663697 -0.1955054
v -0.315809 -0.06439037 -0.1955133
v -0.3154302 0.0746743 -0.2155048
v -0.3158677 -0.07269234 -0.2155136
v -0.3154599 0.07614929 -0.2355048
v -0.3159061 -0.07416473 -0.2355136
v -0.3156454 0.07615646 -0.3445627
v -0.3160916 -0.07415756 -0.3445715
v -0.3137998 -0.07940681 -0.1086249
v -0.3773994 -0.07921802 -0.1085168
v -0.3773994 -0.07921802 -0.1085168
v -0.3756827 -0.07334911 -0.1054117
v -0.3757005 -0.06217052 -0.1354111
v -0.3133226 0.08136353 -0.1086154
v -0.3769221 0.08155232 -0.1085071
v -0.3769221 0.08155232 -0.1085071
v -0.3753245 0.06449818 -0.1354034
v -0.3752403 0.0756728 -0.1054028
v -0.3152904 -0.09554978 0.1013925
v -0.3152001 -0.07486652 0.1183691
v -0.3151712 -0.05969807 0.09567078
v -0.3152434 -0.07624466 0.08208954
v -0.3151086 -0.05126839 0.1309845
v -0.315098 -0.04081955 0.1057632
v -0.3150194 -0.02566254 0.1387537
v -0.3150266 -0.02033489 0.1119788
v -0.3149359 0.0009669876 0.1413782
v -0.3149598 0.0009687805 0.1140781
v -0.3148613 0.02759689 0.138757
v -0.3149002 0.02227268 0.1119812
v -0.3147985 0.05320381 0.1309909
v -0.3148499 0.04275822 0.1057684
v -0.3147499 0.07680355 0.1183786
v -0.314811 0.06163799 0.09567841
v -0.3147219 0.09652432 0.1004391
v -0.314785 0.07818672 0.082099
v -0.3147021 0.1144662 0.08072052
v -0.3147728 0.09176819 0.06555206
v -0.3147048 0.1270818 0.0571225
v -0.314775 0.1018606 0.04667358
v -0.3147254 0.134851 0.03151642
v -0.3147914 0.1080759 0.02618866
v -0.3147629 0.1374757 0.00488678
v -0.3148214 0.1101757 0.004884949
v -0.314816 0.1348546 -0.02174316
v -0.3148639 0.1080788 -0.01641907
v -0.3148826 0.1270887 -0.04735016
v -0.3149172 0.1018661 -0.0369043
v -0.3149602 0.1144763 -0.07095001
v -0.3149792 0.09177624 -0.0557843
v -0.3150457 0.09750226 -0.09163575
v -0.3150477 0.07819694 -0.07233307
v -0.3133226 0.08136353 -0.1086154
v -0.3136691 0.06528595 -0.08591645
v -0.3152275 0.05322063 -0.121228
v -0.3151931 0.04277168 -0.09600678
v -0.3153168 0.02761478 -0.1289969
v -0.3152645 0.02228699 -0.102222
v -0.3154003 0.0009852218 -0.1316214
v -0.3153313 0.0009833526 -0.1043216
v -0.3154749 -0.02564468 -0.1290002
v -0.315391 -0.02032059 -0.1022244
v -0.3155377 -0.05125156 -0.1212341
v -0.3154412 -0.04080608 -0.09601166
v -0.3137998 -0.07940681 -0.1086249
v -0.3140509 -0.06333027 -0.08592438
v -0.3156143 -0.09457196 -0.09068207
v -0.3155062 -0.07623451 -0.07234222
v -0.315634 -0.112514 -0.07096374
v -0.3155183 -0.08981606 -0.05579529
v -0.3156313 -0.1251294 -0.04736542
v -0.3155162 -0.09990838 -0.03691681
v -0.3156108 -0.1328987 -0.02175964
v -0.3154998 -0.1061238 -0.01643188
v -0.3155733 -0.1355232 0.004869995
v -0.3154697 -0.1082234 0.004871826
v -0.3155202 -0.1329022 0.03149994
v -0.3154273 -0.1061266 0.02617554
v -0.3154536 -0.1251363 0.05710693
v -0.315374 -0.09991387 0.04666107
v -0.315376 -0.112524 0.08070679
v -0.3153119 -0.08982403 0.06554108
v -0.3852226 -0.04218323 0.04835937
v -0.3902117 -0.04216843 0.04836792
v -0.3902502 -0.04979458 0.0390741
v -0.385261 -0.04980942 0.03906555
v -0.3852959 -0.05547585 0.02846283
v -0.390285 -0.05546104 0.02847107
v -0.3853258 -0.05896496 0.01695801
v -0.390315 -0.05895012 0.01696655
v -0.3903388 -0.06012768 0.005002136
v -0.3853497 -0.06014252 0.004993897
v -0.3853665 -0.05896339 -0.00697052
v -0.3903557 -0.05894855 -0.006961975
v -0.3903649 -0.05545795 -0.01846619
v -0.3853757 -0.05547276 -0.01847473
v -0.385377 -0.04980492 -0.02907684
v -0.3903661 -0.04979012 -0.0290683
v -0.3903593 -0.0421627 -0.03836121
v -0.3853701 -0.04217754 -0.03836975
v -0.3903446 -0.03286903 -0.04598724
v -0.3853555 -0.03288383 -0.04599579
v -0.3853337 -0.02228092 -0.05166229
v -0.3903228 -0.02226612 -0.05165405
v -0.3853054 -0.01077625 -0.05515167
v -0.3902946 -0.01076145 -0.05514313
v -0.3852719 0.001188011 -0.05632935
v -0.3902611 0.001202812 -0.0563208
v -0.3902236 0.01316696 -0.0551416
v -0.3852344 0.01315216 -0.05515015
v -0.3851943 0.02465633 -0.05165955
v -0.3901835 0.02467117 -0.051651
v -0.3901424 0.03527332 -0.04598328
v -0.3851532 0.03525852 -0.04599182
v -0.3851126 0.0445512 -0.03836426
v -0.3901018 0.044566 -0.03835602
v -0.3850742 0.05217731 -0.02907074
v -0.3900634 0.05219212 -0.02906219
v -0.3850394 0.05784382 -0.01846771
v -0.3900285 0.05785862 -0.01845917
v -0.3850094 0.06133285 -0.006963196
v -0.3899985 0.06134769 -0.006954651
v -0.3849856 0.06251049 0.005001221
v -0.3899747 0.06252529 0.005009766
v -0.3849687 0.06133125 0.01696533
v -0.3899578 0.06134605 0.01697388
v -0.3849595 0.05784069 0.02846954
v -0.3899486 0.05785549 0.02847809
v -0.3849583 0.05217278 0.03907196
v -0.3899474 0.05218761 0.0390802
v -0.3849651 0.04454544 0.04836456
v -0.3899542 0.04456024 0.04837311
v -0.3849797 0.03525169 0.05599091
v -0.3899689 0.03526649 0.05599945
v -0.3899907 0.02466358 0.06166595
v -0.3850016 0.02464878 0.06165741
v -0.3850298 0.01314411 0.06514648
v -0.3900189 0.01315891 0.06515503
v -0.3850633 0.001179847 0.06632416
v -0.3900524 0.001194648 0.0663327
v -0.3851008 -0.0107843 0.06514496
v -0.3900899 -0.0107695 0.0651535
v -0.3851409 -0.02228847 0.06165436
v -0.39013 -0.02227367 0.0616629
v -0.385182 -0.03289066 0.05598663
v -0.3901712 -0.03287586 0.05599518
v -0.3901712 -0.03287586 0.05599518
v -0.3901567 0.001198768 0.005006104
v -0.3902117 -0.04216843 0.04836792
v -0.39013 -0.02227367 0.0616629
v -0.3900899 -0.0107695 0.0651535
v -0.3900524 0.001194648 0.0663327
v -0.3900189 0.01315891 0.06515503
v -0.3899907 0.02466358 0.06166595
v -0.3899689 0.03526649 0.05599945
v -0.3899542 0.04456024 0.04837311
v -0.3899474 0.05218761 0.0390802
v -0.3899486 0.05785549 0.02847809
v -0.3899578 0.06134605 0.01697388
v -0.3899747 0.06252529 0.005009766
v -0.3899985 0.06134769 -0.006954651
v -0.3900285 0.05785862 -0.01845917
v -0.3900634 0.05219212 -0.02906219
v -0.3901018 0.044566 -0.03835602
v -0.3901424 0.03527332 -0.04598328
v -0.3901835 0.02467117 -0.051651
v -0.3902236 0.01316696 -0.0551416
v -0.3902611 0.001202812 -0.0563208
v -0.3902946 -0.01076145 -0.05514313
v -0.3903228 -0.02226612 -0.05165405
v -0.3903446 -0.03286903 -0.04598724
v -0.3903593 -0.0421627 -0.03836121
v -0.3903661 -0.04979012 -0.0290683
v -0.3903649 -0.05545795 -0.01846619
v -0.3903557 -0.05894855 -0.006961975
v -0.3903388 -0.06012768 0.005002136
v -0.390315 -0.05895012 0.01696655
v -0.390285 -0.05546104 0.02847107
v -0.3902502 -0.04979458 0.0390741
v -0.3750706 0.07693768 -0.07015747
v -0.3850705 0.07696735 -0.07014038
v 0.4049248 0.07462227 -0.07148437
v 0.4149247 0.07459259 -0.07150146
v 0.423801 0.07456654 -0.07676208
v 0.4050218 0.07462231 -0.07673004
v 0.4197617 -0.04457283 0.04698975
v 0.4197233 -0.05219898 0.03769623
v 0.4198167 -0.001205635 0.00362793
v 0.4196884 -0.05786545 0.0270932
v 0.4196585 -0.06135452 0.01558868
v 0.4196347 -0.06253208 0.003624268
v 0.4196178 -0.06135296 -0.008339844
v 0.4196086 -0.05786236 -0.01984405
v 0.4196074 -0.05219452 -0.03044647
v 0.4196142 -0.04456715 -0.03973907
v 0.4196288 -0.03527344 -0.04736542
v 0.4196506 -0.02467052 -0.05303192
v 0.4196789 -0.01316586 -0.056521
v 0.4197124 -0.001201591 -0.05769867
v 0.4197499 0.01076256 -0.05651947
v 0.41979 0.02226677 -0.05302917
v 0.4198311 0.03286892 -0.04736114
v 0.4198717 0.0421616 -0.03973389
v 0.4199101 0.04978771 -0.03044006
v 0.419945 0.05545422 -0.01983734
v 0.4199749 0.05894329 -0.00833252
v 0.4199988 0.06012089 0.003631592
v 0.4200156 0.05894165 0.01559601
v 0.4200248 0.05545109 0.02710022
v 0.420026 0.04978321 0.03770233
v 0.4200192 0.04215584 0.04699524
v 0.4200046 0.03286209 0.05462128
v 0.4199827 0.02225918 0.06028778
v 0.4199545 0.01075451 0.06377686
v 0.419921 -0.001209754 0.06495453
v 0.4198835 -0.0131739 0.06377563
v 0.4198434 -0.02467808 0.06028503
v 0.4198023 -0.03528027 0.054617
v 0.4148131 -0.03526546 0.05462555
v 0.4147726 -0.04455803 0.04699829
v 0.4197617 -0.04457283 0.04698975
v 0.4198023 -0.03528027 0.054617
v 0.4198434 -0.02467808 0.06028503
v 0.4148543 -0.02466328 0.06029358
v 0.4198835 -0.0131739 0.06377563
v 0.4148944 -0.01315907 0.06378387
v 0.419921 -0.001209754 0.06495453
v 0.4149319 -0.001194953 0.06496307
v 0.4199545 0.01075451 0.06377686
v 0.4149654 0.01076935 0.0637854
v 0.4199827 0.02225918 0.06028778
v 0.4149936 0.02227402 0.06029633
v 0.4150154 0.03287689 0.05462982
v 0.4200046 0.03286209 0.05462128
v 0.4200192 0.04215584 0.04699524
v 0.41503 0.04217064 0.04700348
v 0.420026 0.04978321 0.03770233
v 0.4150369 0.04979801 0.03771088
v 0.4200248 0.05545109 0.02710022
v 0.4150357 0.05546589 0.02710876
v 0.4200156 0.05894165 0.01559601
v 0.4150265 0.05895645 0.01560425
v 0.4199988 0.06012089 0.003631592
v 0.4150096 0.06013569 0.003640137
v 0.4199749 0.05894329 -0.00833252
v 0.4149858 0.05895809 -0.008323975
v 0.419945 0.05545422 -0.01983734
v 0.4149559 0.05546902 -0.0198288
v 0.4199101 0.04978771 -0.03044006
v 0.414921 0.04980251 -0.03043182
v 0.4198717 0.0421616 -0.03973389
v 0.4148825 0.0421764 -0.03972534
v 0.4198311 0.03286892 -0.04736114
v 0.4148419 0.03288372 -0.0473526
v 0.4148009 0.02228157 -0.05302063
v 0.41979 0.02226677 -0.05302917
v 0.4197499 0.01076256 -0.05651947
v 0.4147608 0.01077736 -0.05651123
v 0.4147232 -0.001186752 -0.05769012
v 0.4197124 -0.001201591 -0.05769867
v 0.4196789 -0.01316586 -0.056521
v 0.4146897 -0.01315105 -0.05651245
v 0.4196506 -0.02467052 -0.05303192
v 0.4146615 -0.02465572 -0.05302338
v 0.4196288 -0.03527344 -0.04736542
v 0.4146397 -0.03525864 -0.04735687
v 0.4146251 -0.04455231 -0.03973053
v 0.4196142 -0.04456715 -0.03973907
v 0.4146182 -0.05217972 -0.03043793
v 0.4196074 -0.05219452 -0.03044647
v 0.4196086 -0.05786236 -0.01984405
v 0.4146194 -0.05784756 -0.01983582
v 0.4146287 -0.06133816 -0.008331299
v 0.4196178 -0.06135296 -0.008339844
v 0.4196347 -0.06253208 0.003624268
v 0.4146455 -0.06251728 0.003632813
v 0.4146694 -0.06133972 0.01559692
v 0.4196585 -0.06135452 0.01558868
v 0.4196884 -0.05786545 0.0270932
v 0.4146993 -0.05785065 0.02710175
v 0.4197233 -0.05219898 0.03769623
v 0.4147341 -0.05218418 0.03770447
v 0.3446201 -0.1144832 0.07958405
v 0.3446392 -0.09178307 0.06441833
v 0.3447076 -0.07820374 0.0809668
v 0.3447056 -0.09750897 0.1002695
v 0.3445425 -0.1270955 0.05598419
v 0.3445771 -0.1018729 0.04553833
v 0.3444758 -0.1348614 0.0303772
v 0.3445238 -0.1080857 0.0250528
v 0.3444228 -0.1374825 0.003747254
v 0.3444813 -0.1101825 0.003749085
v 0.3443852 -0.1348579 -0.02288239
v 0.3444513 -0.1080829 -0.01755463
v 0.3443648 -0.1270886 -0.04848846
v 0.3444349 -0.1018674 -0.03803955
v 0.3443621 -0.1144732 -0.07208679
v 0.3444327 -0.0917751 -0.05691803
v 0.3443773 -0.0974963 -0.09277039
v 0.3444449 -0.07819359 -0.07346497
v 0.3425963 -0.08135533 -0.1097418
v 0.3430201 -0.0652808 -0.08704224
v 0.3444584 -0.05321075 -0.1223572
v 0.3445098 -0.04276516 -0.0971344
v 0.3445212 -0.02760387 -0.130123
v 0.34456 -0.02227966 -0.1033475
v 0.3445958 -0.0009739685 -0.1327444
v 0.3446197 -0.0009757232 -0.1054443
v 0.3446793 0.02565556 -0.1301199
v 0.3446865 0.02032791 -0.1033447
v 0.3447685 0.05126144 -0.1223508
v 0.3447579 0.04081261 -0.09712952
v 0.3430736 0.07941498 -0.1097321
v 0.3434019 0.06333546 -0.08703431
v 0.3449503 0.09554303 -0.09275849
v 0.3449034 0.07623787 -0.07345581
v 0.3450359 0.1125171 -0.07207275
v 0.3449718 0.08981717 -0.05690704
v 0.3451135 0.1251295 -0.0484729
v 0.3450339 0.09990708 -0.03802734
v 0.3451801 0.1328954 -0.02286591
v 0.3450872 0.1061198 -0.01754181
v 0.3452332 0.1355165 0.003764038
v 0.3451296 0.1082166 0.003762207
v 0.3452707 0.1328918 0.03039368
v 0.3451597 0.1061169 0.02506592
v 0.3452912 0.1251226 0.05599945
v 0.3451761 0.09990151 0.04555084
v 0.3452939 0.1125071 0.07959778
v 0.3451782 0.08980912 0.06442932
v 0.3452787 0.09553025 0.1002814
v 0.345166 0.07622765 0.08097626
v 0.3452462 0.07484436 0.1172556
v 0.34514 0.05967895 0.09455567
v 0.3451976 0.05124458 0.1298682
v 0.3451012 0.04079914 0.1046457
v 0.3451348 0.0256377 0.1376343
v 0.3450509 0.02031361 0.1108585
v 0.3450602 -0.0009922027 0.1402554
v 0.3449913 -0.0009902954 0.1129553
v 0.3449767 -0.02762173 0.1376309
v 0.3449244 -0.02229393 0.110856
v 0.3448875 -0.05322758 0.1298618
v 0.344853 -0.04277863 0.1046405
v 0.3447959 -0.07682575 0.1172461
v 0.3447798 -0.06165714 0.09454804
v 0.4066732 0.07922619 -0.1098401
v 0.404967 0.07335678 -0.10673
v 0.4048828 0.06218212 -0.1367306
v 0.3430736 0.07941498 -0.1097321
v 0.4066732 0.07922619 -0.1098401
v 0.4048828 0.06218212 -0.1367306
v 0.3448832 0.06236023 -0.1366287
v 0.4061959 -0.08154412 -0.1098499
v 0.4045068 -0.06448654 -0.1367383
v 0.4045246 -0.07566517 -0.1067392
v 0.3425963 -0.08135533 -0.1097418
v 0.3445071 -0.06430843 -0.1366364
v 0.4045068 -0.06448654 -0.1367383
v 0.4061959 -0.08154412 -0.1098499
v 0.4041161 -0.07629547 -0.3457968
v 0.4043016 -0.07630264 -0.2367389
v 0.3443019 -0.07612453 -0.236637
v 0.3441164 -0.07611736 -0.3456949
v 0.4045623 0.07401852 -0.345788
v 0.3445626 0.07419662 -0.3456857
v 0.3447481 0.07418945 -0.2366278
v 0.4047478 0.07401134 -0.23673
v 0.40434 -0.07483028 -0.2167389
v 0.3443404 -0.07465218 -0.216637
v 0.3447778 0.07271446 -0.2166278
v 0.4047774 0.07253635 -0.21673
v 0.4043986 -0.06652832 -0.1967386
v 0.344399 -0.06635021 -0.1966364
v 0.3447872 0.06440987 -0.1966284
v 0.4047868 0.06423176 -0.1967307
v 0.4044689 -0.06005119 -0.166738
v 0.3444693 -0.05987308 -0.1666361
v 0.344819 0.05792881 -0.166629
v 0.4048186 0.0577507 -0.166731
v 0.4044749 -0.07693466 -0.07149353
v 0.4045719 -0.07693462 -0.0767392
v 0.423351 -0.07699039 -0.07677124
v 0.4144748 -0.07696434 -0.07151062
v 0.4228952 -0.07635124 -0.3458288
v 0.4230807 -0.07635841 -0.2367709
v 0.4233414 0.07396278 -0.3458197
v 0.4235269 0.07395561 -0.2367618
v 0.4231191 -0.07488605 -0.2167709
v 0.4235566 0.07248062 -0.2167621
v 0.4231778 -0.06658405 -0.1967703
v 0.4235659 0.06417603 -0.1967624
v 0.4232481 -0.06010693 -0.16677
v 0.4235977 0.05769493 -0.166763
v 0.4232859 -0.06454231 -0.1367703
v 0.4236619 0.06212635 -0.1367627
v 0.4233037 -0.0757209 -0.1067709
v 0.4045246 -0.07566517 -0.1067392
v 0.404967 0.07335678 -0.10673
v 0.4237461 0.07330101 -0.1067621
v 0.4231141 -0.06511711 -0.2367703
v 0.4230807 -0.07635841 -0.2367709
v 0.4228952 -0.07635124 -0.3458288
v 0.4229286 -0.06510994 -0.3458282
v 0.4231547 -0.05141968 -0.2367694
v 0.4229692 -0.05141251 -0.3458273
v 0.4230156 -0.03578514 -0.3458264
v 0.4232011 -0.03579231 -0.2367685
v 0.4230612 -0.02041782 -0.3458255
v 0.4232468 -0.020425 -0.2367676
v 0.4233609 0.01802231 -0.2367651
v 0.4231758 0.01818844 -0.345823
v 0.423221 0.0333968 -0.3458221
v 0.4234065 0.03338963 -0.2367642
v 0.4234529 0.04901695 -0.2367633
v 0.4232674 0.04902412 -0.3458212
v 0.423308 0.06272156 -0.3458203
v 0.4234936 0.06271439 -0.2367624
v 0.4233414 0.07396278 -0.3458197
v 0.4235269 0.07395561 -0.2367618
v 0.4231518 -0.06386517 -0.2167703
v 0.4231191 -0.07488605 -0.2167709
v 0.4231917 -0.05043629 -0.2167694
v 0.4232372 -0.03511536 -0.2167685
v 0.4232819 -0.0200494 -0.2167676
v 0.4233938 0.01764404 -0.2167654
v 0.4234385 0.03271004 -0.2167645
v 0.423484 0.04803093 -0.2167633
v 0.4235239 0.06145981 -0.2167627
v 0.4235566 0.07248062 -0.2167621
v 0.4232068 -0.05680511 -0.1967697
v 0.4231778 -0.06658405 -0.1967703
v 0.4232422 -0.04488953 -0.1967691
v 0.4232825 -0.03129513 -0.1967682
v 0.4233222 -0.0179269 -0.1967676
v 0.4234215 0.01551891 -0.1967654
v 0.4234612 0.02888718 -0.1967645
v 0.4235015 0.04248157 -0.1967639
v 0.4235369 0.05439713 -0.196763
v 0.4235659 0.06417603 -0.1967624
v 0.4232742 -0.05129707 -0.1667694
v 0.4232481 -0.06010693 -0.16677
v 0.4233061 -0.04056232 -0.1667688
v 0.4233424 -0.02831509 -0.1667682
v 0.4233782 -0.01627163 -0.1667673
v 0.4234676 0.01385971 -0.1667654
v 0.4235034 0.02590317 -0.1667648
v 0.4235397 0.03815037 -0.1667642
v 0.4235716 0.04888512 -0.1667636
v 0.4235977 0.05769493 -0.166763
v 0.423314 -0.05506935 -0.1367697
v 0.4232859 -0.06454231 -0.1367703
v 0.4233483 -0.04352657 -0.1367691
v 0.4233874 -0.03035751 -0.1367682
v 0.4234258 -0.01740757 -0.1367676
v 0.423522 0.01499172 -0.1367654
v 0.4235604 0.02794167 -0.1367648
v 0.4235995 0.04111073 -0.1367639
v 0.4236338 0.05265347 -0.1367633
v 0.4236619 0.06212635 -0.1367627
v 0.4233369 -0.06457626 -0.1067703
v 0.4233037 -0.0757209 -0.1067709
v 0.4233771 -0.05099655 -0.1067697
v 0.4234231 -0.03550354 -0.1067685
v 0.4234684 -0.02026833 -0.1067676
v 0.4235815 0.01784851 -0.1067654
v 0.4236268 0.03308372 -0.1067645
v 0.4236727 0.04857674 -0.1067636
v 0.4237131 0.06215641 -0.1067627
v 0.4237461 0.07330101 -0.1067621
v 0.4233847 -0.06565613 -0.07677063
v 0.423351 -0.07699039 -0.07677124
v 0.4234257 -0.05184544 -0.07676971
v 0.4234725 -0.03608887 -0.0767688
v 0.4235184 -0.02059448 -0.07676788
v 0.4236335 0.01817074 -0.07676544
v 0.4236795 0.03366512 -0.07676453
v 0.4237263 0.04942165 -0.07676361
v 0.4237673 0.06323238 -0.0767627
v 0.423801 0.07456654 -0.07676208
v 0.4235184 -0.02059448 -0.07676788
v 0.4230612 -0.02041782 -0.3458255
v 0.4437205 -0.02063812 -0.3458606
v 0.4441579 -0.02065502 -0.08876008
v 0.4441579 -0.02065502 -0.08876008
v 0.4437205 -0.02063812 -0.3458606
v 0.4437781 -0.001255493 -0.3458594
v 0.4442154 -0.00127243 -0.08875885
v 0.4236335 0.01817074 -0.07676544
v 0.4442729 0.0181102 -0.08875763
v 0.4438356 0.0181271 -0.3458584
v 0.4231758 0.01818844 -0.345823
v 0.4442729 0.0181102 -0.08875763
v 0.4438356 0.0181271 -0.3458584
v 0.423576 -0.001211891 -0.07676666
v 0.4145084 -0.06563011 -0.07151001
v 0.4144748 -0.07696434 -0.07151062
v 0.4145494 -0.05181942 -0.07150909
v 0.4145962 -0.03606285 -0.07150818
v 0.4146469 -0.01896599 -0.07150696
v 0.4146997 -0.001185836 -0.07150604
v 0.4147525 0.01659428 -0.07150482
v 0.4148033 0.03369118 -0.07150391
v 0.41485 0.04944771 -0.07150299
v 0.414891 0.0632584 -0.07150207
v 0.4149247 0.07459259 -0.07150146
v 0.4147512 -0.06142303 0.06386108
v 0.4146978 -0.07201492 0.05095337
v 0.4147341 -0.05218418 0.03770447
v 0.4147726 -0.04455803 0.04699829
v 0.4146494 -0.07988502 0.03622711
v 0.4146993 -0.05785065 0.02710175
v 0.4146078 -0.08473095 0.02024841
v 0.4146694 -0.06133972 0.01559692
v 0.4145747 -0.08636647 0.003631287
v 0.4146455 -0.06251728 0.003632813
v 0.4145513 -0.08472878 -0.01298553
v 0.4146287 -0.06133816 -0.008331299
v 0.4145385 -0.07988071 -0.02896362
v 0.4146194 -0.05784756 -0.01983582
v 0.4144748 -0.07696434 -0.07151062
v 0.4146182 -0.05217972 -0.03043793
v 0.4145084 -0.06563011 -0.07151001
v 0.4146251 -0.04455231 -0.03973053
v 0.4145494 -0.05181942 -0.07150909
v 0.4146397 -0.03525864 -0.04735687
v 0.4145962 -0.03606285 -0.07150818
v 0.4146615 -0.02465572 -0.05302338
v 0.4146469 -0.01896599 -0.07150696
v 0.4146897 -0.01315105 -0.05651245
v 0.4146997 -0.001185836 -0.07150604
v 0.4147232 -0.001186752 -0.05769012
v 0.4147525 0.01659428 -0.07150482
v 0.4147608 0.01077736 -0.05651123
v 0.4148033 0.03369118 -0.07150391
v 0.4148009 0.02228157 -0.05302063
v 0.41485 0.04944771 -0.07150299
v 0.4148419 0.03288372 -0.0473526
v 0.414891 0.0632584 -0.07150207
v 0.4148825 0.0421764 -0.03972534
v 0.4149247 0.07459259 -0.07150146
v 0.414921 0.04980251 -0.03043182
v 0.4150057 0.07750339 -0.02895416
v 0.4149559 0.05546902 -0.0198288
v 0.4150473 0.08234932 -0.01297546
v 0.4149858 0.05895809 -0.008323975
v 0.4150804 0.08398488 0.003641663
v 0.4150096 0.06013569 0.003640137
v 0.4151038 0.08234707 0.02025848
v 0.4150265 0.05895645 0.01560425
v 0.4151166 0.07749905 0.03623657
v 0.4150357 0.05546589 0.02710876
v 0.4151183 0.069627 0.05096191
v 0.4150369 0.04979801 0.03771088
v 0.4151088 0.05903347 0.06386871
v 0.41503 0.04217064 0.04700348
v 0.4150885 0.04612545 0.07446045
v 0.4150154 0.03287689 0.05462982
v 0.4150582 0.03139923 0.08233063
v 0.4149936 0.02227402 0.06029633
v 0.415019 0.01542049 0.08717682
v 0.4149654 0.01076935 0.0637854
v 0.4149724 -0.001196556 0.08881226
v 0.4149319 -0.001194953 0.06496307
v 0.4149203 -0.01781338 0.08717469
v 0.4148944 -0.01315907 0.06378387
v 0.4148646 -0.03379143 0.08232666
v 0.4148543 -0.02466328 0.06029358
v 0.4148075 -0.04851669 0.07445465
v 0.4148131 -0.03526546 0.05462555
v 0.4047513 -0.06139336 0.06387817
v 0.4046979 -0.07198524 0.05097046
v 0.4146978 -0.07201492 0.05095337
v 0.4147512 -0.06142303 0.06386108
v 0.4046495 -0.07985531 0.0362442
v 0.4146494 -0.07988502 0.03622711
v 0.4046079 -0.08470128 0.0202655
v 0.4146078 -0.08473095 0.02024841
v 0.4045748 -0.08633679 0.003648377
v 0.4145747 -0.08636647 0.003631287
v 0.4045514 -0.0846991 -0.01296875
v 0.4145513 -0.08472878 -0.01298553
v 0.4045386 -0.07985104 -0.02894684
v 0.4145385 -0.07988071 -0.02896362
v 0.4044749 -0.07693466 -0.07149353
v 0.4144748 -0.07696434 -0.07151062
v 0.4044749 -0.07693466 -0.07149353
v 0.4045085 -0.06560043 -0.07149292
v 0.4145084 -0.06563011 -0.07151001
v 0.4144748 -0.07696434 -0.07151062
v 0.4045495 -0.0517897 -0.071492
v 0.4145494 -0.05181942 -0.07150909
v 0.4045963 -0.03603317 -0.07149109
v 0.4145962 -0.03606285 -0.07150818
v 0.404647 -0.01893631 -0.07149017
v 0.4146469 -0.01896599 -0.07150696
v 0.4046998 -0.001156158 -0.07148895
v 0.4146997 -0.001185836 -0.07150604
v 0.4047526 0.01662399 -0.07148804
v 0.4147525 0.01659428 -0.07150482
v 0.4048033 0.03372086 -0.07148682
v 0.4148033 0.03369118 -0.07150391
v 0.4048501 0.04947739 -0.0714859
v 0.41485 0.04944771 -0.07150299
v 0.4048911 0.06328808 -0.07148499
v 0.414891 0.0632584 -0.07150207
v 0.4049248 0.07462227 -0.07148437
v 0.4149247 0.07459259 -0.07150146
v 0.4050058 0.07753311 -0.02893707
v 0.4150057 0.07750339 -0.02895416
v 0.4149247 0.07459259 -0.07150146
v 0.4049248 0.07462227 -0.07148437
v 0.4050474 0.082379 -0.01295837
v 0.4150473 0.08234932 -0.01297546
v 0.4050805 0.08401455 0.003658753
v 0.4150804 0.08398488 0.003641663
v 0.4051039 0.08237675 0.02027557
v 0.4151038 0.08234707 0.02025848
v 0.4051167 0.07752876 0.03625366
v 0.4151166 0.07749905 0.03623657
v 0.4051184 0.06965668 0.050979
v 0.4151183 0.069627 0.05096191
v 0.4051089 0.05906315 0.0638855
v 0.4151088 0.05903347 0.06386871
v 0.4050886 0.04615513 0.07447754
v 0.4150885 0.04612545 0.07446045
v 0.4050583 0.03142891 0.08234772
v 0.4150582 0.03139923 0.08233063
v 0.4050191 0.01545021 0.08719391
v 0.415019 0.01542049 0.08717682
v 0.4049725 -0.001166877 0.08882935
v 0.4149724 -0.001196556 0.08881226
v 0.4049204 -0.0177837 0.08719178
v 0.4149203 -0.01781338 0.08717469
v 0.4048647 -0.03376175 0.08234375
v 0.4148646 -0.03379143 0.08232666
v 0.4048076 -0.04848701 0.07447174
v 0.4148075 -0.04851669 0.07445465
v 0.4047053 -0.09768708 0.1001675
v 0.4046197 -0.1146613 0.07948181
v 0.4046979 -0.07198524 0.05097046
v 0.4047513 -0.06139336 0.06387817
v 0.4045421 -0.1272736 0.05588196
v 0.4046495 -0.07985531 0.0362442
v 0.4044755 -0.1350396 0.03027527
v 0.4046079 -0.08470128 0.0202655
v 0.4044224 -0.1376606 0.00364502
v 0.4045748 -0.08633679 0.003648377
v 0.4043849 -0.135036 -0.02298462
v 0.4045514 -0.0846991 -0.01296875
v 0.4043644 -0.1272667 -0.04859039
v 0.4045386 -0.07985104 -0.02894684
v 0.4043617 -0.1146513 -0.07218872
v 0.4044749 -0.07693466 -0.07149353
v 0.4043769 -0.09767441 -0.09287232
v 0.4045085 -0.06560043 -0.07149292
v 0.4061959 -0.08154412 -0.1098499
v 0.4045495 -0.0517897 -0.071492
v 0.404458 -0.05338886 -0.1224591
v 0.4045963 -0.03603317 -0.07149109
v 0.4045209 -0.02778198 -0.1302252
v 0.404647 -0.01893631 -0.07149017
v 0.4045954 -0.001152076 -0.1328464
v 0.4046998 -0.001156158 -0.07148895
v 0.4046789 0.02547745 -0.1302219
v 0.4047526 0.01662399 -0.07148804
v 0.4047682 0.05108334 -0.1224527
v 0.4048033 0.03372086 -0.07148682
v 0.4066732 0.07922619 -0.1098401
v 0.4048501 0.04947739 -0.0714859
v 0.40495 0.09536492 -0.09286072
v 0.4048911 0.06328808 -0.07148499
v 0.4050355 0.112339 -0.07217499
v 0.4049248 0.07462227 -0.07148437
v 0.4051131 0.1249514 -0.04857513
v 0.4050058 0.07753311 -0.02893707
v 0.4051798 0.1327173 -0.02296814
v 0.4050474 0.082379 -0.01295837
v 0.4052328 0.1353384 0.003661804
v 0.4050805 0.08401455 0.003658753
v 0.4052704 0.1327137 0.03029144
v 0.4051039 0.08237675 0.02027557
v 0.4052909 0.1249445 0.05589752
v 0.4051167 0.07752876 0.03625366
v 0.4052936 0.1123289 0.07949554
v 0.4051184 0.06965668 0.050979
v 0.4052783 0.09535214 0.1001794
v 0.4051089 0.05906315 0.0638855
v 0.4052458 0.07466625 0.1171536
v 0.4050886 0.04615513 0.07447754
v 0.4051972 0.05106647 0.1297659
v 0.4050583 0.03142891 0.08234772
v 0.4051344 0.02545959 0.137532
v 0.4050191 0.01545021 0.08719391
v 0.4050598 -0.00117031 0.1401532
v 0.4049725 -0.001166877 0.08882935
v 0.4049763 -0.02779987 0.1375287
v 0.4049204 -0.0177837 0.08719178
v 0.4048871 -0.05340569 0.1297595
v 0.4048647 -0.03376175 0.08234375
v 0.4047956 -0.07700386 0.1171442
v 0.4048076 -0.04848701 0.07447174
v 0.3447056 -0.09750897 0.1002695
v 0.3446201 -0.1144832 0.07958405
v 0.4046197 -0.1146613 0.07948181
v 0.4047053 -0.09768708 0.1001675
v 0.3445425 -0.1270955 0.05598419
v 0.4045421 -0.1272736 0.05588196
v 0.3444758 -0.1348614 0.0303772
v 0.4044755 -0.1350396 0.03027527
v 0.3444228 -0.1374825 0.003747254
v 0.4044224 -0.1376606 0.00364502
v 0.3443852 -0.1348579 -0.02288239
v 0.4043849 -0.135036 -0.02298462
v 0.3443648 -0.1270886 -0.04848846
v 0.4043644 -0.1272667 -0.04859039
v 0.3443621 -0.1144732 -0.07208679
v 0.4043617 -0.1146513 -0.07218872
v 0.3443773 -0.0974963 -0.09277039
v 0.4043769 -0.09767441 -0.09287232
v 0.3425963 -0.08135533 -0.1097418
v 0.4061959 -0.08154412 -0.1098499
v 0.3444584 -0.05321075 -0.1223572
v 0.404458 -0.05338886 -0.1224591
v 0.4061959 -0.08154412 -0.1098499
v 0.3425963 -0.08135533 -0.1097418
v 0.3445212 -0.02760387 -0.130123
v 0.4045209 -0.02778198 -0.1302252
v 0.3445958 -0.0009739685 -0.1327444
v 0.4045954 -0.001152076 -0.1328464
v 0.3446793 0.02565556 -0.1301199
v 0.4046789 0.02547745 -0.1302219
v 0.3447685 0.05126144 -0.1223508
v 0.4047682 0.05108334 -0.1224527
v 0.3430736 0.07941498 -0.1097321
v 0.4066732 0.07922619 -0.1098401
v 0.3449503 0.09554303 -0.09275849
v 0.40495 0.09536492 -0.09286072
v 0.4066732 0.07922619 -0.1098401
v 0.3430736 0.07941498 -0.1097321
v 0.3450359 0.1125171 -0.07207275
v 0.4050355 0.112339 -0.07217499
v 0.3451135 0.1251295 -0.0484729
v 0.4051131 0.1249514 -0.04857513
v 0.3451801 0.1328954 -0.02286591
v 0.4051798 0.1327173 -0.02296814
v 0.3452332 0.1355165 0.003764038
v 0.4052328 0.1353384 0.003661804
v 0.3452707 0.1328918 0.03039368
v 0.4052704 0.1327137 0.03029144
v 0.3452912 0.1251226 0.05599945
v 0.4052909 0.1249445 0.05589752
v 0.3452939 0.1125071 0.07959778
v 0.4052936 0.1123289 0.07949554
v 0.3452787 0.09553025 0.1002814
v 0.4052783 0.09535214 0.1001794
v 0.3452462 0.07484436 0.1172556
v 0.4052458 0.07466625 0.1171536
v 0.3451976 0.05124458 0.1298682
v 0.4051972 0.05106647 0.1297659
v 0.3451348 0.0256377 0.1376343
v 0.4051344 0.02545959 0.137532
v 0.3450602 -0.0009922027 0.1402554
v 0.4050598 -0.00117031 0.1401532
v 0.3449767 -0.02762173 0.1376309
v 0.4049763 -0.02779987 0.1375287
v 0.3448875 -0.05322758 0.1298618
v 0.4048871 -0.05340569 0.1297595
v 0.3447959 -0.07682575 0.1172461
v 0.4047956 -0.07700386 0.1171442
v 0.3447069 -0.09654374 0.09930451
v 0.3447962 -0.07606731 0.1161111
v 0.3448868 -0.05270515 0.1286008
v 0.3449752 -0.02735535 0.1362921
v 0.3450579 -0.0009920883 0.1388904
v 0.3451317 0.02537151 0.1362955
v 0.3451939 0.05072231 0.1286069
v 0.345242 0.07408607 0.1161206
v 0.3452787 0.09553025 0.1002814
v 0.3452893 0.1113722 0.07883942
v 0.3452866 0.1238615 0.05547699
v 0.3452663 0.131553 0.03012726
v 0.3452291 0.1341515 0.003763733
v 0.3451766 0.1315566 -0.02259979
v 0.3451107 0.1238684 -0.04795074
v 0.3450338 0.1113821 -0.07131439
v 0.3449491 0.09457779 -0.09179352
v 0.3448597 0.0741011 -0.1086005
v 0.3447691 0.05073898 -0.1210898
v 0.3446808 0.02538918 -0.1287811
v 0.3445981 -0.0009740829 -0.1313794
v 0.3445243 -0.02733768 -0.1287842
v 0.3444621 -0.05268848 -0.1210959
v 0.344414 -0.07605228 -0.1086096
v 0.3443773 -0.0974963 -0.09277039
v 0.3443667 -0.1133383 -0.07132812
v 0.3443694 -0.1258276 -0.047966
v 0.3443897 -0.1335192 -0.02261597
v 0.3444268 -0.1361174 0.003747254
v 0.3444794 -0.1335226 0.03011108
v 0.3445453 -0.1258343 0.05546173
v 0.3446221 -0.1133482 0.07882568
v 0.7770719 -0.1494634 -0.2062991
v 0.7799917 -0.152398 -0.2000961
v 0.7190653 -0.1647629 -0.1836707
v 0.7173162 -0.1615907 -0.1901892
v 0.7805889 -0.1494747 -0.1932617
v 0.7208333 -0.161602 -0.1771518
v 0.7788407 -0.1408057 -0.1860584
v 0.7225521 -0.1522292 -0.1708832
v 0.7748142 -0.1267242 -0.1787628
v 0.7241557 -0.1370052 -0.1651053
v 0.768664 -0.1077713 -0.1716556
v 0.7255825 -0.1165145 -0.1600409
v 0.7606266 -0.08467564 -0.1650095
v 0.7267776 -0.09154519 -0.1558838
v 0.7510108 -0.05832432 -0.1590802
v 0.7276952 -0.06305618 -0.1527945
v 0.7401861 -0.0297303 -0.1540955
v 0.7282999 -0.0321426 -0.1508911
v 0.7285685 7.59125e-06 -0.1502472
v 0.7502772 -0.02279068 -0.1568118
v 0.7708052 -0.04471168 -0.1644086
v 0.7893636 -0.06491314 -0.1727451
v 0.8052394 -0.08261849 -0.1815009
v 0.8178223 -0.09714749 -0.1903397
v 0.8266287 -0.1079418 -0.1989218
v 0.8313204 -0.1145866 -0.2069177
v 0.8317169 -0.1168263 -0.2140195
v 0.8278033 -0.1145753 -0.2199548
v 0.8617873 -0.06223778 -0.2290778
v 0.8663668 -0.06346355 -0.2233212
v 0.8653044 -0.06224899 -0.2160404
v 0.8586408 -0.0586409 -0.2075153
v 0.8466326 -0.05277786 -0.1980737
v 0.8297404 -0.04488522 -0.188078
v 0.8086139 -0.03526623 -0.1779126
v 0.784065 -0.02429062 -0.1679681
v 0.757037 -0.01238007 -0.1586267
v 0.7594364 -8.350372e-05 -0.1592633
v 0.7887716 -0.0001699829 -0.1692169
v 0.8154469 -0.0002485275 -0.1797257
v 0.8384368 -0.0003161239 -0.1903857
v 0.8568585 -0.0003701782 -0.2007874
v 0.8700035 -0.0004086303 -0.2105307
v 0.8773669 -0.0004299545 -0.2192413
v 0.8786657 -0.0004333496 -0.2265848
v 0.8738498 -0.0004187011 -0.2322788
v 0.8621545 0.06147049 -0.2290701
v 0.8667412 0.0626683 -0.2233136
v 0.8656716 0.06145927 -0.216033
v 0.8589869 0.05788982 -0.2075082
v 0.8469438 0.05209698 -0.1980673
v 0.8300051 0.04430355 -0.1880725
v 0.808822 0.03480892 -0.1779083
v 0.7842082 0.023978 -0.1679651
v 0.7571101 0.01222706 -0.1586252
v 0.7504122 0.02267735 -0.1568091
v 0.7710699 0.04447704 -0.1644031
v 0.789748 0.06456886 -0.1727371
v 0.8057286 0.08218079 -0.1814908
v 0.8183975 0.09663594 -0.1903281
v 0.827268 0.1073788 -0.198909
v 0.8319992 0.1139965 -0.2069037
v 0.8324091 0.1162349 -0.2140054
v 0.8284821 0.1140078 -0.2199411
v 0.7779586 0.1491949 -0.2062808
v 0.7808957 0.1521114 -0.2000778
v 0.7814756 0.1491836 -0.1932437
v 0.7796759 0.1405243 -0.1860413
v 0.7755658 0.1264661 -0.1787476
v 0.7693032 0.1075493 -0.1716425
v 0.7611288 0.08450074 -0.1649991
v 0.7513567 0.05820637 -0.1590732
v 0.7403625 0.02967651 -0.1540921
v 0.7284908 0.03215889 -0.1508871
v 0.7280696 0.06307568 -0.1527869
v 0.7273212 0.0915701 -0.1558728
v 0.7262744 0.1165467 -0.1600266
v 0.7249692 0.137046 -0.1650888
v 0.7234561 0.1522802 -0.1708646
v 0.7217929 0.1616635 -0.1771323
v 0.7200438 0.1648357 -0.1836505
v 0.7182759 0.1616747 -0.1901694
v 0.6585202 0.1495475 -0.1740595
v 0.6591173 0.1524709 -0.167225
v 0.6620372 0.1495362 -0.161022
v 0.6671674 0.1408564 -0.1556894
v 0.6743107 0.126765 -0.1514313
v 0.6831929 0.1078035 -0.1484119
v 0.6934723 0.08470047 -0.1467471
v 0.7047541 0.05834396 -0.1465009
v 0.7166046 0.02974667 -0.1476828
v 0.7065136 0.02280697 -0.1449664
v 0.6849597 0.04473125 -0.1411728
v 0.6647352 0.06493793 -0.1390118
v 0.6466175 0.08265053 -0.1385666
v 0.6313027 0.09718831 -0.1398544
v 0.6193793 0.1079926 -0.1428256
v 0.6113058 0.1146482 -0.1473663
v 0.607392 0.1168992 -0.1533017
v 0.6077886 0.1146594 -0.1604034
v 0.5738047 0.06232178 -0.1512808
v 0.5727423 0.06353626 -0.1439999
v 0.5773218 0.06231052 -0.1382434
v 0.5873673 0.05869167 -0.1342322
v 0.6024925 0.05281864 -0.1321207
v 0.6221165 0.04491726 -0.1319894
v 0.645485 0.03529114 -0.133844
v 0.6716998 0.02431019 -0.1376132
v 0.6997537 0.01239635 -0.1431519
v 0.6973543 9.979248e-05 -0.142515
v 0.6669933 0.0001895523 -0.1363641
v 0.6386521 0.0002734375 -0.1320309
v 0.6134199 0.0003481674 -0.1296817
v 0.5922665 0.0004109573 -0.129407
v 0.5760046 0.0004593658 -0.131217
v 0.5652593 0.0004914855 -0.1350427
v 0.5604434 0.000506134 -0.1407364
v 0.5617422 0.0005027008 -0.1480798
v 0.5734375 -0.06138649 -0.1512881
v 0.5723678 -0.0625956 -0.1440076
v 0.5769546 -0.06139774 -0.138251
v 0.5870214 -0.05783901 -0.1342392
v 0.6021812 -0.0520562 -0.1321268
v 0.6218517 -0.04427147 -0.1319949
v 0.645277 -0.03478401 -0.1338483
v 0.6715565 -0.02395847 -0.137616
v 0.6996807 -0.01221073 -0.1431534
v 0.7063786 -0.02266106 -0.1449692
v 0.6846949 -0.04445747 -0.141178
v 0.6643508 -0.06454407 -0.1390195
v 0.6461283 -0.08214879 -0.1385767
v 0.6307274 -0.09659516 -0.1398663
v 0.6187401 -0.1073281 -0.1428387
v 0.610627 -0.113935 -0.1473801
v 0.6067002 -0.1161621 -0.1533157
v 0.6071099 -0.1139238 -0.1604175
v 0.6576335 -0.1491109 -0.1740775
v 0.6582134 -0.1520385 -0.1672434
v 0.6611506 -0.1491221 -0.1610404
v 0.6663322 -0.1404735 -0.1557065
v 0.6735591 -0.1264253 -0.1514468
v 0.6825537 -0.1075172 -0.148425
v 0.6929701 -0.0844759 -0.1467575
v 0.7044082 -0.0581868 -0.1465079
v 0.7164283 -0.02966019 -0.1476865
v 1.004743 -0.08694569 -0.448977
v 0.9835073 0.1880162 -0.4489227
v 1.009017 0.1014951 -0.4489719
v 1.015804 0.0157251 -0.4489892
v 0.984973 -0.1650391 -0.4489487
v 0.9549234 0.2429902 -0.4488705
v 0.9547869 -0.2417992 -0.4489023
v 0.932881 0.2769215 -0.4488309
v 0.9194602 -0.2950983 -0.4488455
v 0.8913123 0.3148184 -0.4487576
v 0.8602759 -0.3610036 -0.4487494
v 0.8612855 0.3322073 -0.4487054
v 0.8137774 -0.3954465 -0.4486725
v 0.8118515 0.3531946 -0.44862
v 0.7563737 -0.4265369 -0.448577
v 0.754375 0.3729033 -0.4485208
v 0.6716053 -0.4614538 -0.448435
v 0.6543353 0.3836205 -0.4483499
v 0.586895 -0.4768327 -0.4482919
v 0.5918259 0.3877137 -0.4482434
v 0.5139382 -0.4818263 -0.448168
v 0.5188614 0.380115 -0.4481198
v 0.4124073 -0.4593818 -0.4479938
v 0.4146171 0.3660966 -0.4479434
v 0.3069958 -0.4278081 -0.4478125
v 0.3103728 0.3520782 -0.447767
v 0.21849 -0.4054023 -0.4476605
v 0.220464 0.3406222 -0.4476147
v 0.1104309 -0.3881486 -0.4474756
v 0.1045124 0.3318487 -0.4474179
v 0.01666479 -0.3826601 -0.4473157
v 0.01071922 0.3282194 -0.4472586
v -0.06934035 -0.3954301 -0.4471701
v -0.07525112 0.3271721 -0.4471124
v -0.1410641 -0.4238731 -0.4470499
v -0.1377645 0.3299628 -0.4470059
v -0.2050424 -0.4757845 -0.4469446
v -0.2080891 0.3340791 -0.446886
v -0.2559335 -0.5068943 -0.44686
v -0.2745022 0.3394865 -0.4467728
v -0.2976452 -0.5171908 -0.4467898
v -0.3148688 0.3435139 -0.4467038
v -0.3444741 -0.4962112 -0.4467087
v -0.3617789 0.3371404 -0.4466244
v -0.3951642 -0.4595897 -0.4466199
v -0.4113675 0.3060268 -0.446542
v -0.4367289 -0.4203902 -0.4465466
v -0.4544939 0.257961 -0.4464719
v -0.4756731 -0.3759885 -0.4464776
v -0.4923985 0.2137874 -0.4464102
v -0.4544939 0.257961 -0.4464719
v -0.4923985 0.2137874 -0.4464102
v -0.530872 0.1515076 -0.4163489
v -0.4842522 0.2301933 -0.416423
v -0.5317445 -0.298143 -0.4163769
v -0.530872 0.1515076 -0.4163489
v -0.4756731 -0.3759885 -0.4464776
v -0.4367289 -0.4203902 -0.4465466
v -0.4366779 -0.4203922 -0.4165466
v -0.5317445 -0.298143 -0.4163769
v -0.4113675 0.3060268 -0.446542
v -0.4113165 0.3060249 -0.416542
v -0.3951642 -0.4595897 -0.4466199
v -0.3951131 -0.4595917 -0.4166202
v -0.3617789 0.3371404 -0.4466244
v -0.3617278 0.3371384 -0.4166244
v -0.3444741 -0.4962112 -0.4467087
v -0.3444231 -0.4962132 -0.4167087
v -0.3148688 0.3435139 -0.4467038
v -0.3148178 0.3435119 -0.4167038
v -0.2976452 -0.5171908 -0.4467898
v -0.2975941 -0.5171928 -0.4167898
v -0.2745022 0.3394865 -0.4467728
v -0.2744512 0.3394845 -0.4167728
v -0.2559335 -0.5068943 -0.44686
v -0.2558825 -0.5068963 -0.41686
v -0.2080891 0.3340791 -0.446886
v -0.208038 0.3340771 -0.416886
v -0.2050424 -0.4757845 -0.4469446
v -0.2049913 -0.4757865 -0.4169446
v -0.1377645 0.3299628 -0.4470059
v -0.1377134 0.3299608 -0.4170059
v -0.1410641 -0.4238731 -0.4470499
v -0.1410131 -0.423875 -0.4170499
v -0.07525112 0.3271721 -0.4471124
v -0.07520008 0.3271702 -0.4171124
v -0.06934035 -0.3954301 -0.4471701
v -0.06928931 -0.3954321 -0.4171701
v 0.01071922 0.3282194 -0.4472586
v 0.01077025 0.3282175 -0.4172586
v 0.01666479 -0.3826601 -0.4473157
v 0.01671582 -0.382662 -0.4173157
v 0.1045124 0.3318487 -0.4474179
v 0.1045635 0.3318467 -0.4174179
v 0.1104309 -0.3881486 -0.4474756
v 0.110482 -0.3881505 -0.4174756
v 0.220464 0.3406222 -0.4476147
v 0.220515 0.3406203 -0.4176147
v 0.21849 -0.4054023 -0.4476605
v 0.2185411 -0.4054042 -0.4176605
v 0.3103728 0.3520782 -0.447767
v 0.3104238 0.3520762 -0.417767
v 0.3069958 -0.4278081 -0.4478125
v 0.3070468 -0.42781 -0.4178125
v 0.4146171 0.3660966 -0.4479434
v 0.4146681 0.3660947 -0.4179434
v 0.4124073 -0.4593818 -0.4479938
v 0.4124583 -0.4593838 -0.4179938
v 0.5188614 0.380115 -0.4481198
v 0.5189124 0.3801131 -0.4181198
v 0.5139382 -0.4818263 -0.448168
v 0.5139893 -0.4818283 -0.418168
v 0.5918259 0.3877137 -0.4482434
v 0.5918769 0.3877117 -0.4182434
v 0.586895 -0.4768327 -0.4482919
v 0.586946 -0.4768347 -0.4182919
v 0.6543353 0.3836205 -0.4483499
v 0.6543863 0.3836185 -0.4183499
v 0.6716053 -0.4614538 -0.448435
v 0.6716564 -0.4614558 -0.418435
v 0.754375 0.3729033 -0.4485208
v 0.754426 0.3729013 -0.4185208
v 0.7563737 -0.4265369 -0.448577
v 0.7564247 -0.4265389 -0.418577
v 0.8118515 0.3531946 -0.44862
v 0.8119026 0.3531926 -0.41862
v 0.8137774 -0.3954465 -0.4486725
v 0.8138285 -0.3954485 -0.4186725
v 0.8612855 0.3322073 -0.4487054
v 0.8613365 0.3322053 -0.4187054
v 0.8602759 -0.3610036 -0.4487494
v 0.8603269 -0.3610055 -0.4187494
v 0.8913123 0.3148184 -0.4487576
v 0.8913633 0.3148165 -0.4187576
v 0.9194602 -0.2950983 -0.4488455
v 0.9195113 -0.2951002 -0.4188458
v 0.932881 0.2769215 -0.4488309
v 0.932932 0.2769196 -0.4188309
v 0.9547869 -0.2417992 -0.4489023
v 0.954838 -0.2418011 -0.4189023
v 0.9549234 0.2429902 -0.4488705
v 0.9549743 0.2429882 -0.4188705
v 0.984973 -0.1650391 -0.4489487
v 0.9850241 -0.1650411 -0.4189487
v 0.9835073 0.1880162 -0.4489227
v 0.9835583 0.1880142 -0.418923
v 1.004794 -0.08694764 -0.418977
v 1.004743 -0.08694569 -0.448977
v 1.009017 0.1014951 -0.4489719
v 1.009068 0.1014931 -0.4189719
v 1.015804 0.0157251 -0.4489892
v 1.015855 0.01572315 -0.4189892
v 0.8138285 -0.3954485 -0.4186725
v 0.8603269 -0.3610055 -0.4187494
v 0.860412 -0.3610088 -0.3687494
v 0.8139135 -0.3954518 -0.3686725
v 0.7564247 -0.4265389 -0.418577
v 0.7577149 -0.4246841 -0.3697589
v 0.6716564 -0.4614558 -0.418435
v 0.6727803 -0.4548305 -0.3696164
v 0.754426 0.3729013 -0.4185208
v 0.6543863 0.3836185 -0.4183499
v 0.6517617 0.3790458 -0.3702621
v 0.7545111 0.372898 -0.3685211
v 0.586946 -0.4768347 -0.4182919
v 0.58789 -0.4700757 -0.3694729
v 0.5918769 0.3877117 -0.4182434
v 0.589255 0.3807214 -0.3701556
v 0.5139893 -0.4818283 -0.418168
v 0.5142698 -0.4716453 -0.3693478
v 0.5189124 0.3801131 -0.4181198
v 0.5184949 0.3728848 -0.370036
v 0.4124583 -0.4593838 -0.4179938
v 0.4132717 -0.4515233 -0.3692816
v 0.4146681 0.3660947 -0.4179434
v 0.4148017 0.358888 -0.3780856
v 0.3070468 -0.42781 -0.4178125
v 0.3154667 -0.4229206 -0.3699795
v 0.3104238 0.3520762 -0.417767
v 0.3094626 0.344598 -0.3861325
v 0.2185411 -0.4054042 -0.4176605
v 0.2141802 -0.3978836 -0.374137
v 0.220515 0.3406203 -0.4176147
v 0.220376 0.3379212 -0.3956601
v 0.110482 -0.3881505 -0.4174756
v 0.1085154 -0.3826678 -0.3886828
v 0.1045635 0.3318467 -0.4174179
v 0.107302 0.32723 -0.3954684
v 0.01671582 -0.382662 -0.4173157
v 0.01790089 -0.3837021 -0.3902194
v 0.01077025 0.3282175 -0.4172586
v 0.008789251 0.3221579 -0.3946402
v -0.06928931 -0.3954321 -0.4171701
v -0.06772758 -0.3924538 -0.3929169
v -0.07520008 0.3271702 -0.4171124
v -0.07714501 0.3236051 -0.3944937
v -0.1410131 -0.423875 -0.4170499
v -0.1405967 -0.4253182 -0.3915921
v -0.1377134 0.3299608 -0.4170059
v -0.1392766 0.3249814 -0.3917438
v -0.2049913 -0.4757865 -0.4169446
v -0.2044836 -0.4707263 -0.3914865
v -0.208038 0.3340771 -0.416886
v -0.2086722 0.3293597 -0.3896423
v -0.2558825 -0.5068963 -0.41686
v -0.2587055 -0.5030501 -0.389592
v -0.2744512 0.3394845 -0.4167728
v -0.2754244 0.3349223 -0.3901895
v -0.2975941 -0.5171928 -0.4167898
v -0.3134473 -0.5064639 -0.3901007
v -0.3148178 0.3435119 -0.4167038
v -0.3197058 0.338332 -0.3901138
v -0.3444231 -0.4962132 -0.4167087
v -0.3644832 -0.4768079 -0.3912146
v -0.3617278 0.3371384 -0.4166244
v -0.3764291 0.3310491 -0.3938919
v -0.3951131 -0.4595917 -0.4166202
v -0.426277 -0.4259604 -0.3893021
v -0.4113165 0.3060249 -0.416542
v -0.4459043 0.2824309 -0.3955878
v -0.4366779 -0.4203922 -0.4165466
v -0.5241518 -0.2916357 -0.3878894
v -0.4842522 0.2301933 -0.416423
v -0.5151309 0.1778572 -0.3918555
v -0.5317445 -0.298143 -0.4163769
v -0.5495392 -0.2312914 -0.3879944
v -0.5495392 -0.2312914 -0.3879944
v -0.5511471 0.1017738 -0.3879697
v -0.530872 0.1515076 -0.4163489
v -0.5511471 0.1017738 -0.3879697
v -0.5728343 0.05076061 -0.3474554
v -0.538865 0.144507 -0.3587298
v -0.5669152 -0.1579629 -0.3474789
v -0.5728343 0.05076061 -0.3474554
v -0.5322813 -0.2439655 -0.3445572
v -0.5669152 -0.1579629 -0.3474789
v -0.4767665 0.2370871 -0.3627524
v -0.4429679 -0.3987931 -0.3489758
v -0.4003939 0.3099596 -0.3628747
v -0.3703886 -0.4621895 -0.3527118
v -0.3421808 0.3307075 -0.3596268
v -0.3151513 -0.4954343 -0.3504022
v -0.2888756 0.3293571 -0.3597177
v -0.2586087 -0.4935161 -0.3492956
v -0.2136945 0.3243658 -0.3646057
v -0.2038664 -0.4605884 -0.3536539
v -0.1404072 0.320572 -0.3656824
v -0.1385354 -0.4142905 -0.3537619
v -0.07758581 0.3191936 -0.3676932
v -0.06704209 -0.3861996 -0.354426
v 0.008087181 0.3183432 -0.367839
v 0.0138608 -0.3760309 -0.3427603
v 0.107082 0.3234421 -0.3726294
v 0.1198452 -0.3800214 -0.3531848
v 0.2222705 0.3335309 -0.3695346
v 0.206448 -0.3930941 -0.3446704
v 0.3128015 0.3422018 -0.3532376
v 0.3094742 -0.4172423 -0.3379172
v 0.418151 0.3561934 -0.3386105
v 0.4159483 -0.4476593 -0.3303039
v 0.5202096 0.3690026 -0.3223331
v 0.5163919 -0.4673296 -0.3218133
v 0.5909822 0.3744542 -0.3109378
v 0.5969811 -0.4639931 -0.3124213
v 0.6518438 0.3727835 -0.3110413
v 0.6749871 -0.4499195 -0.3125531
v 0.7546131 0.372894 -0.3085211
v 0.7578366 -0.4187276 -0.3086206
v 0.8146468 -0.3877492 -0.3093216
v 0.8605355 -0.3538097 -0.3087491
v 1.004981 -0.08695488 -0.3089774
v 1.016025 0.01571655 -0.3189893
v 0.996082 0.02671265 -0.2639829
v 0.9921746 -0.0743391 -0.2627908
v 0.9769618 -0.1398655 -0.2505502
v 0.9929824 -0.1559035 -0.2707227
v 0.9185107 -0.2061584 -0.2011273
v 0.9441897 -0.2248622 -0.235051
v 0.8412122 -0.2538021 -0.1647934
v 0.8892279 -0.2701848 -0.200639
v 0.7852548 -0.2674731 -0.1477118
v 0.7990025 -0.2927792 -0.1554855
v 0.8043183 -0.3871247 -0.2711881
v 0.7479228 -0.4167598 -0.2710941
v 0.7879418 -0.3826082 -0.2304453
v 0.7298377 -0.4071721 -0.2251505
v 0.756014 -0.3661248 -0.1862103
v 0.7004972 -0.3915901 -0.1861176
v 0.7084265 -0.3612166 -0.1610071
v 0.6416584 -0.3842644 -0.1591626
v 0.8422496 -0.3429047 -0.2224881
v 0.8182508 -0.329293 -0.1890881
v 0.8843159 -0.2957749 -0.2183215
v 0.8503987 -0.2956763 -0.184661
v 0.859346 -0.3368751 -0.2491809
v 0.8598959 -0.3520156 -0.2965183
v 0.9932329 -0.1579033 -0.2772369
v 0.8869911 -0.2959342 -0.2239017
v 0.9551483 -0.2297234 -0.2361948
v 0.6776766 -0.4421812 -0.2727087
v 0.5935979 -0.4577268 -0.2751657
v 0.6604534 -0.432596 -0.2293655
v 0.5798197 -0.4499394 -0.240491
v 0.6328439 -0.417019 -0.1912018
v 0.5530726 -0.4361532 -0.2014624
v 0.5818388 -0.3995841 -0.159928
v 0.5124515 -0.420537 -0.1736719
v 0.7196932 -0.2732951 -0.1321036
v 0.7262236 -0.3009863 -0.1347986
v 0.6451243 -0.2712697 -0.1206515
v 0.6486461 -0.3007569 -0.1206595
v 0.5759524 -0.2686581 -0.1202356
v 0.5764703 -0.2987382 -0.1169604
v 0.4924973 -0.2686384 -0.1303909
v 0.4899268 -0.2985695 -0.1226398
v 0.3888985 -0.2832993 -0.1412424
v 0.4025569 -0.310784 -0.1305386
v 0.3580691 -0.3029433 -0.1438733
v 0.3717023 -0.3249818 -0.1355533
v 0.7865959 -0.3172795 -0.1645734
v 0.7251023 -0.3311051 -0.1479425
v 0.5655609 -0.3539397 -0.1330432
v 0.6576766 -0.3478142 -0.1332315
v 0.5135489 -0.364514 -0.1355542
v 0.4606627 -0.3762777 -0.1406625
v 0.5104038 -0.4616514 -0.2871521
v 0.4125466 -0.4431806 -0.3008447
v 0.5018199 -0.4544755 -0.2533527
v 0.402224 -0.4365954 -0.2696411
v 0.482852 -0.4439904 -0.2186688
v 0.3841109 -0.4284968 -0.2375577
v 0.4534988 -0.428706 -0.1865659
v 0.3582101 -0.4165008 -0.2071936
v 0.4112366 -0.3877534 -0.1492419
v 0.3005208 -0.3901056 -0.1715765
v 0.2862169 -0.4040635 -0.2833017
v 0.3000072 -0.4112553 -0.3119125
v 0.2672281 -0.395664 -0.2572809
v 0.2447805 -0.3851681 -0.231254
v 0.233614 -0.3735142 -0.1957172
v 0.1909759 -0.3817263 -0.2935336
v 0.200442 -0.3880114 -0.3195383
v 0.1815016 -0.375739 -0.2718604
v 0.1659832 -0.3655617 -0.2458453
v 0.1426813 -0.351487 -0.2189502
v 0.1061017 -0.3689567 -0.3037836
v 0.1147007 -0.3755372 -0.3297867
v 0.09749219 -0.3629719 -0.2829782
v 0.07763952 -0.3512913 -0.2612869
v 0.0534747 -0.3351278 -0.2361227
v -0.1379428 -0.3913566 -0.3049881
v -0.2037116 -0.4365731 -0.304567
v -0.06690246 -0.3674274 -0.3051074
v 0.01045041 -0.3686722 -0.3126431
v -0.1378612 -0.3752647 -0.2851398
v -0.2022696 -0.4033868 -0.2681918
v -0.06689202 -0.3732064 -0.2840088
v -0.2461825 -0.4178609 -0.2476694
v -0.251204 -0.4634412 -0.2915686
v -0.5793134 -0.01106625 -0.3136874
v -0.5496864 0.1323615 -0.3121823
v -0.5770046 -0.09248223 -0.3136966
v -0.5793134 -0.01106625 -0.3136874
v -0.5321962 -0.2439687 -0.2945572
v -0.5770046 -0.09248223 -0.3136966
v -0.4915394 0.2150356 -0.3149924
v -0.4428359 -0.3832992 -0.2984546
v -0.4261804 0.2844035 -0.3211853
v -0.3672461 -0.4475989 -0.2985873
v -0.3697636 0.3212508 -0.329118
v -0.3192156 -0.4763519 -0.2980695
v -0.3078797 0.3225571 -0.3273193
v -0.5650359 -0.01318161 -0.2477017
v -0.5424938 0.1285339 -0.2463504
v -0.5646809 -0.09437649 -0.2477078
v -0.5213229 -0.2454654 -0.2495956
v -0.4907109 0.208418 -0.2600137
v -0.4343457 -0.3758755 -0.2702011
v -0.4380607 0.2665547 -0.2788583
v -0.3406021 -0.4256283 -0.2306693
v -0.3811141 0.3057257 -0.2915128
v -0.2990798 -0.4215797 -0.2241238
v -0.3216106 0.3109138 -0.2962412
v -0.2304101 0.3076634 -0.3063126
v -0.2203226 0.3172309 -0.3312765
v 0.2223054 0.3311451 -0.3448593
v 0.3112027 0.3389263 -0.3203345
v 0.4132839 0.3508404 -0.2892514
v 0.516982 0.3636449 -0.2762668
v 0.5893933 0.3678997 -0.2665195
v 0.6502662 0.3653343 -0.2583978
v 0.2174064 0.3272836 -0.3168854
v 0.3030186 0.3338822 -0.2874201
v 0.401806 0.3455082 -0.2579764
v 0.5022244 0.3571298 -0.2367612
v 0.5713444 0.3581158 -0.2220731
v 0.6305731 0.3558533 -0.213949
v 0.2009825 0.3201781 -0.2888922
v 0.2882498 0.3273675 -0.2544943
v 0.3788002 0.3378261 -0.2299722
v 0.4775804 0.3479621 -0.2021738
v 0.5466935 0.3447756 -0.1841962
v 0.6059141 0.340725 -0.177717
v 0.7210131 0.3394911 -0.2075238
v 0.6947098 0.3255599 -0.172934
v 0.1845509 0.31206 -0.2648123
v 0.2684048 0.31556 -0.2264688
v 0.3476303 0.3240758 -0.1947186
v 0.4492444 0.3281484 -0.1580649
v 0.5111576 0.3273387 -0.1465024
v 0.5836385 0.3195568 -0.1349582
v 0.6588322 0.3148707 -0.1489716
v 0.9835876 0.1023875 -0.2483603
v 1.009255 0.1014859 -0.3089722
v 0.9844879 0.1683047 -0.2675336
v 0.9665137 0.1420053 -0.2289407
v 0.9678 0.2076396 -0.2434064
v 0.9411729 0.1790012 -0.2016559
v 0.946538 0.2335878 -0.2277747
v 0.9179492 0.199076 -0.1901764
v 0.9161434 0.2551565 -0.2135709
v 0.8881708 0.2179189 -0.1784998
v 0.8844989 0.2739214 -0.2007071
v 0.8493084 0.2409583 -0.1660944
v 0.8133844 0.295039 -0.1691254
v 0.7979313 0.2545791 -0.1496014
v 0.7613054 0.3019235 -0.1579752
v 0.7519769 0.2634711 -0.1382706
v 0.6701412 0.266285 -0.1317087
v 0.9844961 0.1740664 -0.2727707
v 0.9678076 0.2149729 -0.2517862
v 0.9465422 0.2403973 -0.2372022
v 0.9161482 0.2645851 -0.2271881
v 0.8845053 0.2880643 -0.2216568
v 0.7621054 0.3092667 -0.1746948
v 0.7736178 0.3262218 -0.2059689
v 0.7558692 0.3696968 -0.2924594
v 0.7390704 0.3492747 -0.2470346
v 0.7966062 0.3374811 -0.2504236
v 0.7884001 0.3354184 -0.2356043
v 0.833135 0.3101076 -0.2084641
v 0.8458366 0.3153741 -0.2255689
v 0.5955371 0.2679126 -0.1179327
v 0.5117183 0.2743507 -0.1294577
v 0.4498051 0.2751604 -0.1410202
v 0.3653367 0.2710366 -0.171991
v 0.2689655 0.262572 -0.2094241
v 0.1851142 0.2590719 -0.246229
v 0.1054636 0.3201674 -0.3512414
v 0.1005505 0.3172006 -0.3331378
v 0.09398624 0.3112585 -0.3133865
v 0.07953907 0.2997615 -0.2882562
v 0.07987953 0.252308 -0.2794849
v -0.1524224 0.3053461 -0.313056
v -0.1441823 0.3152171 -0.3371179
v -0.08962586 0.3033715 -0.3125018
v -0.08040646 0.3141338 -0.3381784
v -0.005659169 0.3007374 -0.3014069
v 0.005287561 0.310004 -0.3202374
v 0.006213901 0.314473 -0.3430856
v 0.3321373 -0.345476 -0.1415475
v 0.3488822 -0.3603302 -0.1378015
v 0.2955216 -0.3704336 -0.160845
v 0.2347877 -0.3584972 -0.1807007
v 0.1428325 -0.3364385 -0.2061939
v 0.06258804 -0.3192561 -0.2231079
v -0.005399488 -0.2955258 -0.251041
v 0.002140661 -0.3439571 -0.2614902
v -0.09352132 -0.3196609 -0.2759671
v -0.1467294 -0.3343156 -0.2826648
v -0.2138736 -0.3593868 -0.2678394
v -0.2600453 -0.3644788 -0.2527219
v -0.3096865 -0.3747898 -0.2191525
v -0.3429784 -0.3816617 -0.2218976
v -0.4264421 -0.3500426 -0.258887
v -0.4745319 -0.2555044 -0.2356714
v 0.006295521 -0.3563147 -0.2870667
v -0.007789739 0.2773786 -0.2793341
v -0.0962861 0.2791028 -0.3041733
v -0.1650007 0.2801953 -0.3031406
v -0.3781152 0.2815023 -0.2787039
v -0.316368 0.2897914 -0.2788083
v -0.46794 0.2083476 -0.2126547
v -0.4375093 0.2665514 -0.2511264
v -0.4156382 0.2543806 -0.2346018
v -0.4429293 0.2082716 -0.1845416
v -0.5443759 -0.01324608 -0.1963052
v -0.5218338 0.1284695 -0.1949542
v -0.5063722 -0.01336208 -0.1440976
v -0.4851029 0.1283578 -0.1516055
v 0.7546131 0.372894 -0.3085211
v 0.7558692 0.3696968 -0.2924594
v 0.763963 0.354834 -0.2947571
v 0.7627697 0.3578715 -0.3100159
v 0.7966062 0.3374811 -0.2504236
v 0.8458366 0.3153741 -0.2255689
v 0.8494321 0.3032276 -0.2312112
v 0.8026632 0.3242292 -0.254823
v 0.8845053 0.2880643 -0.2216568
v 0.9161482 0.2645851 -0.2271881
v 0.916228 0.254978 -0.2327496
v 0.8861673 0.2772832 -0.2274948
v 0.9844961 0.1740664 -0.2727707
v 1.009255 0.1014859 -0.3089722
v 1.00468 0.1000338 -0.3104443
v 0.9811586 0.1689852 -0.2760532
v 0.9465422 0.2403973 -0.2372022
v 0.9451023 0.2319996 -0.2422629
v 0.9678076 0.2149729 -0.2517862
v 0.9653044 0.2078463 -0.2561179
v 0.8869911 -0.2959342 -0.2239017
v 0.859346 -0.3368751 -0.2491809
v 0.862266 -0.3164093 -0.2536426
v 0.8885288 -0.2775155 -0.2296274
v 0.9932329 -0.1579033 -0.2772369
v 0.9551483 -0.2297234 -0.2361948
v 0.9532782 -0.2146151 -0.2413059
v 0.9894585 -0.146386 -0.280296
v 1.004981 -0.08695488 -0.3089774
v 1.000619 -0.07898502 -0.3104492
v 0.8598959 -0.3520156 -0.2965183
v 0.8627883 -0.3307928 -0.298613
v 0.8605355 -0.3538097 -0.3087491
v 0.8633959 -0.3324972 -0.3102326
v 1.016025 0.01571655 -0.3189893
v 1.01111 0.01855286 -0.3204605
v 0.860412 -0.3610088 -0.3687494
v 0.8632786 -0.3393363 -0.3672327
v 0.7545111 0.372898 -0.3685211
v 0.7626728 0.3578752 -0.3670157
v 0.754426 0.3729013 -0.4185208
v 0.762592 0.3578783 -0.4145157
v 0.8603269 -0.3610055 -0.4187494
v 0.8631978 -0.3393332 -0.4147327
v 1.015855 0.01572315 -0.4189892
v 1.009068 0.1014931 -0.4189719
v 1.004502 0.1000406 -0.4149441
v 1.010949 0.01855907 -0.4149606
v 1.004794 -0.08694764 -0.418977
v 1.000441 -0.07897816 -0.414949
v 0.9835583 0.1880142 -0.418923
v 0.9802676 0.1822356 -0.4148974
v 0.9850241 -0.1650411 -0.4189487
v 0.9816601 -0.153167 -0.4149219
v 0.9549743 0.2429882 -0.4188705
v 0.9531129 0.2344609 -0.414848
v 0.954838 -0.2418011 -0.4189023
v 0.9529833 -0.226089 -0.4148779
v 0.932932 0.2769196 -0.4188309
v 0.9321726 0.2666957 -0.4148102
v 0.9195113 -0.2951002 -0.4188458
v 0.919423 -0.2767231 -0.4148242
v 0.8913633 0.3148165 -0.4187576
v 0.8926824 0.3026978 -0.4147406
v 0.8603269 -0.3610055 -0.4187494
v 0.8631978 -0.3393332 -0.4147327
v 0.8613365 0.3322053 -0.4187054
v 0.864157 0.3192172 -0.4146912
v 0.8119026 0.3531926 -0.41862
v 0.8171947 0.3391551 -0.41461
v 0.754426 0.3729013 -0.4185208
v 0.762592 0.3578783 -0.4145157
v 0.7627697 0.3578715 -0.3100159
v 0.763963 0.354834 -0.2947571
v 0.8026632 0.3242292 -0.254823
v 0.8173725 0.3391482 -0.3101099
v 0.8494321 0.3032276 -0.2312112
v 0.8643347 0.3192103 -0.310191
v 0.8861673 0.2772832 -0.2274948
v 0.8928601 0.3026909 -0.3102408
v 0.916228 0.254978 -0.2327496
v 0.9323504 0.2666888 -0.3103104
v 0.9532907 0.234454 -0.3103482
v 0.9653044 0.2078463 -0.2561179
v 0.9811586 0.1689852 -0.2760532
v 0.9804454 0.1822287 -0.3103977
v 1.00468 0.1000338 -0.3104443
v 0.862266 -0.3164093 -0.2536426
v 0.8627883 -0.3307928 -0.298613
v 0.9196008 -0.27673 -0.3103244
v 0.8885288 -0.2775155 -0.2296274
v 0.8633959 -0.3324972 -0.3102326
v 0.9531611 -0.2260958 -0.3103781
v 0.9532782 -0.2146151 -0.2413059
v 0.9818379 -0.1531738 -0.3104221
v 0.9894585 -0.146386 -0.280296
v 1.000619 -0.07898502 -0.3104492
v 1.01103 0.01855595 -0.3674606
v 1.004583 0.1000375 -0.3674444
v 1.01111 0.01855286 -0.3204605
v 1.000522 -0.07898128 -0.367449
v 0.9803484 0.1822325 -0.3673978
v 0.981741 -0.1531701 -0.3674222
v 0.9531937 0.2344578 -0.367348
v 0.9530641 -0.2260921 -0.3673782
v 0.9322534 0.2666926 -0.3673102
v 0.9195038 -0.2767262 -0.3673242
v 0.8927632 0.3026947 -0.3672406
v 0.8632786 -0.3393363 -0.3672327
v 0.8642378 0.3192141 -0.3671912
v 0.8172755 0.339152 -0.36711
v 0.7626728 0.3578752 -0.3670157
v 0.8171947 0.3391551 -0.41461
v 0.762592 0.3578783 -0.4145157
v 0.864157 0.3192172 -0.4146912
v 0.8926824 0.3026978 -0.4147406
v 0.8631978 -0.3393332 -0.4147327
v 0.919423 -0.2767231 -0.4148242
v 0.9321726 0.2666957 -0.4148102
v 0.9529833 -0.226089 -0.4148779
v 0.9531129 0.2344609 -0.414848
v 0.9816601 -0.153167 -0.4149219
v 0.9802676 0.1822356 -0.4148974
v 1.000441 -0.07897816 -0.414949
v 1.004502 0.1000406 -0.4149441
v 1.010949 0.01855907 -0.4149606
v 0.5719332 0.06152843 -0.1297101
v 0.4923775 0.1135435 -0.1504663
v 0.4859822 0.0003301239 -0.1414328
v 0.5596067 0.0002666473 -0.1270111
v 0.4128069 0.1655591 -0.1799274
v 0.4123332 0.0003945541 -0.1702072
v 0.4917082 -0.111898 -0.15048
v 0.5715709 -0.06051472 -0.1297174
v 0.4118198 -0.1669831 -0.1799475
v 0.1716533 0.166492 -0.2902264
v 0.2927188 0.1659188 -0.2319144
v 0.2917317 -0.1666235 -0.2319345
v 0.1706738 -0.1659988 -0.2857761
v 0.6579823 -0.1474712 -0.1483478
v 0.6579483 -0.1474699 -0.1683478
v 0.6061586 -0.1125258 -0.1584225
v 0.6061926 -0.1125272 -0.1384225
v 0.7192285 -0.1598016 -0.1573935
v 0.7191945 -0.1598003 -0.1773935
v 0.7805394 -0.1478336 -0.1709079
v 0.7805054 -0.1478323 -0.1909079
v 0.8325209 -0.1131959 -0.1894717
v 0.8324869 -0.1131946 -0.2094717
v 0.8668863 -0.06138679 -0.205322
v 0.8668523 -0.06138546 -0.225322
v 0.8792041 -0.0006769561 -0.2121936
v 0.87917 -0.000675621 -0.2321933
v 0.8672481 0.06065636 -0.2056125
v 0.8672141 0.06065769 -0.2256125
v 0.8331904 0.1126667 -0.190054
v 0.8331564 0.112668 -0.210054
v 0.7201778 0.1599403 -0.157374
v 0.7201438 0.1599416 -0.177374
v 0.7813819 0.1476115 -0.1911881
v 0.781416 0.1476101 -0.1711881
v 0.6588603 0.1479725 -0.1477338
v 0.6588263 0.1479739 -0.1677338
v 0.6068636 0.1133355 -0.138111
v 0.6068296 0.1133368 -0.1581107
v 0.5719332 0.06152843 -0.1297101
v 0.5718992 0.06152973 -0.1497101
v 0.5596067 0.0002666473 -0.1270111
v 0.5595727 0.0002679443 -0.1470111
v 0.5715709 -0.06051472 -0.1297174
v 0.5715369 -0.06051338 -0.1497174
v -0.4717229 -0.01346676 -0.1136218
v -0.4654826 0.1282972 -0.113623
v -0.4713466 -0.01348133 0.1075793
v -0.4651063 0.1282827 0.1075781
v -0.4583242 0.1404647 -0.1476779
v -0.4171223 0.1815048 -0.1593097
v -0.4132795 0.14144 -0.1480273
v -0.4582663 0.1404624 -0.1136343
v -0.4132212 0.1414377 -0.1137109
v -0.4132795 0.14144 -0.1480273
v -0.45789 0.1404478 0.1075665
v -0.4128448 0.1414231 0.1074899
v -0.5447322 -0.1332455 -0.1963126
v -0.5067284 -0.1333615 -0.1441049
v -0.4720792 -0.1334663 -0.1136288
v -0.4717028 -0.1334808 0.107572
v -0.487873 -0.2090721 -0.1797165
v -0.4718216 -0.1488105 -0.1460721
v -0.4590975 -0.1395364 -0.1136514
v -0.4140524 -0.1385611 -0.113728
v -0.4136761 -0.1385757 0.1074731
v -0.4587212 -0.1395509 0.1075497
v -0.4591554 -0.1395341 -0.147695
v -0.4141107 -0.1385588 -0.1480444
v -0.412582 -0.2438108 -0.2566846
v -0.3542559 -0.2336226 -0.2740036
v -0.3086983 -0.2222154 -0.2824417
v -0.2594207 -0.2062595 -0.289046
v -0.2057604 -0.1853816 -0.2938666
v -0.1582676 -0.162639 -0.2968018
v -0.1125492 -0.1413362 -0.2991296
v 0.08707382 0.1675313 -0.3215521
v 0.08766382 0.1522541 -0.3261453
v 0.1715974 0.1512405 -0.2964859
v 0.1707151 -0.1507468 -0.2881595
v 0.06238546 -0.1504237 -0.312413
v 0.06176047 -0.16526 -0.3087946
v -0.4713466 -0.01348133 0.1075793
v -0.4413298 -0.01357105 0.1175284
v -0.4350895 0.128193 0.1175272
v -0.441686 -0.1335705 0.1175211
v -0.4090977 -0.01299423 0.1977005
v -0.408716 0.1155602 0.1977084
v -0.4094207 -0.1217989 0.1976941
v -0.4135563 -0.1326197 0.1674735
v -0.4329686 -0.1396278 0.1142474
v -0.4319707 0.1414795 0.1143845
v -0.4127605 0.1354593 0.1674896
v -0.4319707 0.1414795 0.1143845
v -0.4127605 0.1354593 0.1674896
v -0.01275568 0.1681805 -0.3367779
v -0.01199624 0.1527843 -0.3397604
v -0.08486492 0.1683946 -0.3369531
v -0.08410346 0.1529983 -0.3387436
v -0.1569625 0.1686082 -0.330274
v -0.1561995 0.1532119 -0.3311703
v -0.2128538 0.1687737 -0.3224304
v -0.2120903 0.1533773 -0.3230286
v -0.0254047 -0.1532977 -0.3100485
v -0.112518 -0.1308422 -0.299129
v -0.02507662 -0.1406326 -0.3118576
v 0.06281673 -0.002281799 -0.3174057
v -0.02468221 -0.0006747817 -0.3242325
v -0.1121389 0.0009305572 -0.3062308
v -0.01207865 0.1250247 -0.3397623
v 0.08758142 0.1244946 -0.3261468
v -0.08418586 0.1252387 -0.3387454
v -0.1562819 0.1254523 -0.3311722
v -0.2121727 0.1256177 -0.3230304
v -0.1684675 0.001096115 -0.2788516
v -0.1682818 -0.1124374 -0.2671362
v -0.1570703 -0.1474818 -0.2873261
v -0.2029326 -0.1123362 -0.2408209
v -0.2095017 -0.1394514 -0.2534784
v -0.2609698 -0.1121675 -0.1811768
v -0.2675389 -0.1392827 -0.1938339
v -0.282073 -0.1121068 -0.1491895
v -0.2886421 -0.139222 -0.1618469
v -0.2510606 0.147964 -0.2977133
v -0.2486215 0.1431475 -0.2977371
v -0.2388212 0.1256951 -0.2943341
v -0.2720468 0.1481733 -0.2669742
v -0.2693253 0.1433702 -0.2669037
v -0.2592798 0.1257539 -0.2633695
v -0.2912612 0.1477146 -0.2376755
v -0.2891347 0.1438595 -0.2378418
v -0.2790907 0.125811 -0.2343594
v -0.3015526 0.1448462 -0.2246158
v -0.2981443 0.1417316 -0.2235013
v -0.2901746 0.1258429 -0.2190796
v -0.3276858 0.14423 -0.1872824
v -0.322298 0.1416619 -0.1849564
v -0.3147459 0.1259135 -0.1800324
v -0.3404219 0.1430116 -0.162991
v -0.3350167 0.1402777 -0.1614005
v -0.3313618 0.1259611 -0.1523416
v -0.3468396 0.1396634 -0.1519772
v -0.34143 0.1360979 -0.1486505
v -0.335 0.1259714 -0.1441312
v -0.2379729 0.244906 -0.2972174
v -0.2817407 0.2369334 -0.292673
v -0.3012794 0.2101218 -0.2743414
v -0.301714 0.172662 -0.2425809
v -0.1577574 0.2503398 -0.3045062
v -0.08564698 0.2525566 -0.3079068
v -0.3166137 0.2696955 -0.2870035
v -0.3699501 0.2601157 -0.279538
v -0.3947194 0.2367518 -0.2571457
v -0.2408072 0.2749454 -0.295072
v -0.4132795 0.14144 -0.1480273
v -0.4133349 0.1227734 -0.1480286
v -0.00891081 0.2527272 -0.2923019
v -0.4141107 -0.1385588 -0.1480444
v -0.2879888 -0.1481992 -0.226553
v -0.2225296 -0.1478405 -0.2569397
v -0.4591554 -0.1395341 -0.147695
v -0.4132795 0.14144 -0.1480273
v -0.4132212 0.1414377 -0.1137109
v -0.4132766 0.1227711 -0.1137122
v -0.4133349 0.1227734 -0.1480286
v -0.413997 -0.1198946 -0.1137268
v -0.4140553 -0.1198923 -0.1480432
v -0.4140524 -0.1385611 -0.113728
v -0.4141107 -0.1385588 -0.1480444
v -0.4128448 0.1414231 0.1074899
v -0.4129003 0.1227566 0.107489
v -0.4136206 -0.1199091 0.1074741
v -0.4136761 -0.1385757 0.1074731
v -0.4140553 -0.1198923 -0.1480432
v -0.4127605 0.1354593 0.1674896
v -0.408716 0.1155602 0.1977084
v -0.4094207 -0.1217989 0.1976941
v -0.4135563 -0.1326197 0.1674735
v -0.4090977 -0.01299423 0.1977005
v 0.4128069 0.1655591 -0.1799274
v 0.4127729 0.1655605 -0.1999274
v 0.4122991 0.0003958511 -0.1902072
v 0.4123332 0.0003945541 -0.1702072
v 0.4117857 -0.1669818 -0.1999475
v 0.4118198 -0.1669831 -0.1799475
v 0.2927188 0.1659188 -0.2319144
v 0.2926848 0.1659201 -0.2519144
v 0.4127729 0.1655605 -0.1999274
v 0.4128069 0.1655591 -0.1799274
v 0.1716533 0.166492 -0.2902264
v 0.1716193 0.1664933 -0.3102264
v 0.4117857 -0.1669818 -0.1999475
v 0.2916976 -0.1666222 -0.2519345
v 0.1706398 -0.1659976 -0.3057761
v 0.08766382 0.1522541 -0.3261453
v 0.0876298 0.1522554 -0.3461453
v 0.1715633 0.1512419 -0.3164859
v 0.1715974 0.1512405 -0.2964859
v 0.1715974 0.1512405 -0.2964859
v 0.1715633 0.1512419 -0.3164859
v 0.1716193 0.1664933 -0.3102264
v 0.1716533 0.166492 -0.2902264
v 0.1707151 -0.1507468 -0.2881595
v 0.170681 -0.1507455 -0.3081595
v 0.06235144 -0.1504224 -0.332413
v 0.06238546 -0.1504237 -0.312413
v 0.1706738 -0.1659988 -0.2857761
v 0.1706398 -0.1659976 -0.3057761
v 0.170681 -0.1507455 -0.3081595
v 0.1707151 -0.1507468 -0.2881595
v 0.06238546 -0.1504237 -0.312413
v 0.06235144 -0.1504224 -0.332413
v 0.0627827 -0.002280464 -0.3374057
v 0.06281673 -0.002281799 -0.3174057
v -0.02468221 -0.0006747817 -0.3242325
v -0.02471624 -0.0006734848 -0.3442322
v -0.112173 0.0009318923 -0.3262308
v -0.1121389 0.0009305572 -0.3062308
v 0.06281673 -0.002281799 -0.3174057
v 0.0627827 -0.002280464 -0.3374057
v 0.08758142 0.1244946 -0.3261468
v 0.08754738 0.1244958 -0.3461468
v 0.0876298 0.1522554 -0.3461453
v 0.08766382 0.1522541 -0.3261453
v -0.01207865 0.1250247 -0.3397623
v -0.01211267 0.125026 -0.359762
v 0.08754738 0.1244958 -0.3461468
v 0.08758142 0.1244946 -0.3261468
v -0.08418586 0.1252387 -0.3387454
v -0.08421989 0.12524 -0.3587454
v -0.1562819 0.1254523 -0.3311722
v -0.156316 0.1254536 -0.3511722
v -0.2121727 0.1256177 -0.3230304
v -0.2122068 0.125619 -0.3430304
v -0.1685016 0.00109745 -0.2988516
v -0.1684675 0.001096115 -0.2788516
v -0.1684675 0.001096115 -0.2788516
v -0.1685016 0.00109745 -0.2988516
v -0.1683158 -0.1124361 -0.2871362
v -0.1682818 -0.1124374 -0.2671362
v -0.1682818 -0.1124374 -0.2671362
v -0.1683158 -0.1124361 -0.2871362
v -0.2029666 -0.1123349 -0.2608209
v -0.2029326 -0.1123362 -0.2408209
v -0.2610038 -0.1121662 -0.2011768
v -0.2609698 -0.1121675 -0.1811768
v -0.282107 -0.1121055 -0.1691895
v -0.282073 -0.1121068 -0.1491895
v -0.2388212 0.1256951 -0.2943341
v -0.2388553 0.1256964 -0.3143341
v -0.2592798 0.1257539 -0.2633695
v -0.2593139 0.1257552 -0.2833695
v -0.2790907 0.125811 -0.2343594
v -0.2791247 0.1258123 -0.2543591
v -0.2901746 0.1258429 -0.2190796
v -0.2902086 0.1258443 -0.2390796
v -0.3147459 0.1259135 -0.1800324
v -0.3147799 0.1259148 -0.2000324
v -0.3313618 0.1259611 -0.1523416
v -0.3342592 0.1259707 -0.1679636
v -0.335 0.1259714 -0.1441312
v -0.3395264 0.1259859 -0.1597504
v -0.4140893 -0.1198909 -0.1680432
v -0.413369 0.1227747 -0.1680286
v -0.4140893 -0.1198909 -0.1680432
v -0.4140553 -0.1198923 -0.1480432
v -0.4133349 0.1227734 -0.1480286
v -0.413369 0.1227747 -0.1680286
v 0.9451023 0.2319996 -0.2422629
v 0.9130745 0.07710361 -0.2361484
v 0.924266 0.009889374 -0.24586
v 0.8672481 0.06065636 -0.2056125
v 0.8792041 -0.0006769561 -0.2121936
v 0.9226102 -0.06714905 -0.2445816
v 0.8668863 -0.06138679 -0.205322
v 0.9197538 -0.129306 -0.240058
v 0.8325209 -0.1131959 -0.1894717
v 0.7825972 -0.2006358 -0.1743594
v 0.7193805 -0.2026002 -0.1615454
v 0.7805394 -0.1478336 -0.1709079
v 0.7192285 -0.1598016 -0.1573935
v 0.6524124 -0.2008727 -0.1500894
v 0.6579823 -0.1474712 -0.1483478
v 0.589373 -0.1992463 -0.1420099
v 0.6061926 -0.1125272 -0.1384225
v 0.8835101 -0.168344 -0.2100751
v 0.8078887 -0.1956405 -0.1818384
v 0.7323209 0.1995524 -0.163754
v 0.7894557 0.1998352 -0.1743381
v 0.7201778 0.1599403 -0.157374
v 0.781416 0.1476101 -0.1711881
v 0.6637226 0.1992131 -0.1544824
v 0.6588603 0.1479725 -0.1477338
v 0.6005707 0.1989003 -0.1406305
v 0.6068636 0.1133355 -0.138111
v 0.8993704 0.1272361 -0.2230527
v 0.8331904 0.1126667 -0.190054
v 0.8519396 0.1940733 -0.1897089
v 0.8791517 0.1595477 -0.2038092
v 0.8202597 0.2010509 -0.1819611
v 0.8879827 0.1463412 -0.2096326
v 0.5195229 -0.1974441 -0.1438495
v 0.533137 0.1985676 -0.1432364
v 0.4921121 -0.1967367 -0.1532953
v 0.4710746 0.1943526 -0.1555438
v 0.7627696 0.3578715 -0.3100162
v 0.7639629 0.3548341 -0.2947574
v 0.8026631 0.3242292 -0.2548236
v 0.8173725 0.3391482 -0.3101102
v 0.849432 0.3032276 -0.2312116
v 0.8643347 0.3192103 -0.3101914
v 0.8861672 0.2772833 -0.2274951
v 0.8928601 0.3026909 -0.3102411
v 0.9162279 0.254978 -0.2327499
v 0.9323503 0.2666888 -0.3103107
v 0.9451022 0.2319996 -0.2422632
v 0.9653043 0.2078464 -0.2561182
v 0.9532906 0.234454 -0.3103485
v 0.9811585 0.1689853 -0.2760535
v 0.9804452 0.1822287 -0.310398
v 1.00468 0.1000338 -0.3104446
v 0.8622659 -0.3164092 -0.2536429
v 0.8627883 -0.3307927 -0.2986133
v 0.9196007 -0.27673 -0.3103247
v 0.8885287 -0.2775154 -0.2296277
v 0.8633959 -0.3324972 -0.3102329
v 0.953161 -0.2260958 -0.3103784
v 0.9532781 -0.2146151 -0.2413062
v 0.9818378 -0.1531738 -0.3104224
v 0.9894583 -0.146386 -0.2802963
v 1.000619 -0.07898502 -0.3104495
v 1.01103 0.01855598 -0.3674609
v 1.004583 0.1000375 -0.3674448
v 1.01111 0.01855289 -0.3204611
v 1.000522 -0.07898128 -0.3674493
v 0.9803482 0.1822325 -0.3673981
v 0.9817408 -0.15317 -0.3674225
v 0.9531936 0.2344578 -0.3673483
v 0.9530641 -0.2260921 -0.3673785
v 0.9322534 0.2666926 -0.3673105
v 0.9195037 -0.2767262 -0.3673245
v 0.8927631 0.3026947 -0.3672409
v 0.8632785 -0.3393362 -0.367233
v 0.8642377 0.3192141 -0.3671915
v 0.8172755 0.339152 -0.3671103
v 0.7626727 0.3578753 -0.367016
v 0.8171946 0.3391551 -0.4146103
v 0.7625919 0.3578784 -0.414516
v 0.8641569 0.3192172 -0.4146915
v 0.8926823 0.3026978 -0.4147409
v 0.8631977 -0.3393331 -0.414733
v 0.9194229 -0.2767231 -0.4148245
v 0.9321726 0.2666957 -0.4148105
v 0.9529833 -0.226089 -0.4148782
v 0.9531128 0.2344609 -0.4148483
v 0.98166 -0.1531669 -0.4149225
v 0.9802674 0.1822356 -0.4148981
v 1.000441 -0.07897816 -0.4149493
v 1.004502 0.1000406 -0.4149444
v 1.010949 0.01855911 -0.4149609
v 0.8171946 0.3391551 -0.4146103
v 0.7625919 0.3578784 -0.414516
v 0.7679373 0.3664118 -0.4168106
v 0.824178 0.3471268 -0.4169076
v 0.8641569 0.3192172 -0.4146915
v 0.8725492 0.3265908 -0.4169913
v 0.8926823 0.3026978 -0.4147409
v 0.9019303 0.3095758 -0.4170422
v 0.8631977 -0.3393331 -0.414733
v 0.9194229 -0.2767231 -0.4148245
v 0.9294731 -0.2872278 -0.4171283
v 0.8715612 -0.3517161 -0.417034
v 0.9321726 0.2666957 -0.4148105
v 0.9426052 0.2724936 -0.4171139
v 0.9529833 -0.226089 -0.4148782
v 0.9640402 -0.2350746 -0.4171838
v 0.9531128 0.2344609 -0.4148483
v 0.9641737 0.2392918 -0.4171527
v 0.98166 -0.1531669 -0.4149225
v 0.9935773 -0.1599649 -0.417229
v 0.9802674 0.1822356 -0.4148981
v 0.992143 0.1854997 -0.417204
v 1.000441 -0.07897816 -0.4149493
v 1.012922 -0.08355046 -0.4172571
v 1.004502 0.1000406 -0.4149444
v 1.017104 0.1008389 -0.4172519
v 1.010949 0.01855911 -0.4149609
v 1.023745 0.01691292 -0.4172687
v 0.8632785 -0.3393362 -0.367233
v 0.8631977 -0.3393331 -0.414733
v 0.8715612 -0.3517161 -0.417034
v 0.8716445 -0.3517193 -0.3681091
v 0.7625919 0.3578784 -0.414516
v 0.7626727 0.3578753 -0.367016
v 0.7680205 0.3664086 -0.3678857
v 0.7679373 0.3664118 -0.4168106
v 0.7681204 0.3664048 -0.3091757
v 0.7627696 0.3578715 -0.3100162
v 0.8633959 -0.3324972 -0.3102329
v 0.8717652 -0.3446751 -0.3093988
v 1.01111 0.01855289 -0.3204611
v 1.000619 -0.07898502 -0.3104495
v 1.013105 -0.08355751 -0.3096222
v 1.023911 0.01690651 -0.3199338
v 1.00468 0.1000338 -0.3104446
v 1.017287 0.1008318 -0.309617
v 0.8627883 -0.3307927 -0.2986133
v 0.8711394 -0.3429195 -0.2974307
v 0.8622659 -0.3164092 -0.2536429
v 0.8706015 -0.3281045 -0.2511112
v 0.9894583 -0.146386 -0.2802963
v 1.00161 -0.1529805 -0.2785642
v 0.9532781 -0.2146151 -0.2413062
v 0.8885287 -0.2775154 -0.2296277
v 0.8976521 -0.2880439 -0.2263754
v 0.964344 -0.2232565 -0.2384042
v 0.9653043 0.2078464 -0.2561182
v 0.9811585 0.1689853 -0.2760535
v 0.9930607 0.1718519 -0.274194
v 0.976731 0.2118788 -0.2536606
v 0.9451022 0.2319996 -0.2422632
v 0.9559229 0.2367567 -0.23939
v 0.9162279 0.254978 -0.2327499
v 0.9261823 0.2604244 -0.2295914
v 0.849432 0.3032276 -0.2312116
v 0.8861672 0.2772833 -0.2274951
v 0.8952198 0.2833988 -0.2241791
v 0.8573825 0.3101215 -0.2280069
v 0.7639629 0.3548341 -0.2947574
v 0.8026631 0.3242292 -0.2548236
v 0.8092106 0.3317531 -0.2523273
v 0.7693494 0.3632762 -0.2934592
v 0.8092106 0.3317531 -0.2523273
v 0.8243611 0.3471198 -0.3092728
v 0.7681204 0.3664048 -0.3091757
v 0.7693494 0.3632762 -0.2934592
v 0.8573825 0.3101215 -0.2280069
v 0.8727323 0.3265838 -0.3093564
v 0.8952198 0.2833988 -0.2241791
v 0.9021134 0.3095687 -0.3094074
v 0.9261823 0.2604244 -0.2295914
v 0.9427883 0.2724865 -0.3094791
v 0.9559229 0.2367567 -0.23939
v 0.976731 0.2118788 -0.2536606
v 0.9643568 0.2392847 -0.3095178
v 0.9930607 0.1718519 -0.274194
v 0.9923262 0.1854927 -0.3095691
v 0.9296562 -0.2872349 -0.3094934
v 0.8976521 -0.2880439 -0.2263754
v 0.8706015 -0.3281045 -0.2511112
v 0.8711394 -0.3429195 -0.2974307
v 0.8717652 -0.3446751 -0.3093988
v 0.964344 -0.2232565 -0.2384042
v 0.9642234 -0.2350816 -0.309549
v 1.00161 -0.1529805 -0.2785642
v 0.9937977 -0.1557277 -0.3095755
v 1.013105 -0.08355751 -0.3096222
v 0.9922263 0.1854965 -0.3682788
v 0.9642569 0.2392886 -0.3682278
v 0.9641235 -0.2350778 -0.3682587
v 0.9936605 -0.1599681 -0.3683041
v 0.9426885 0.2724904 -0.3681891
v 0.9295564 -0.287231 -0.3682034
v 0.9020135 0.3095726 -0.3681174
v 0.8716445 -0.3517193 -0.3681091
v 0.8726324 0.3265876 -0.3680661
v 0.8242613 0.3471236 -0.3679825
v 0.7680205 0.3664086 -0.3678857
v 0.7680205 0.3664086 -0.3678857
v 0.824178 0.3471268 -0.4169076
v 0.7679373 0.3664118 -0.4168106
v 0.8725492 0.3265908 -0.4169913
v 0.9019303 0.3095758 -0.4170422
v 0.8715612 -0.3517161 -0.417034
v 0.9294731 -0.2872278 -0.4171283
v 0.9426052 0.2724936 -0.4171139
v 0.9640402 -0.2350746 -0.4171838
v 0.9641737 0.2392918 -0.4171527
v 1.013014 -0.08355401 -0.3673447
v 1.023828 0.01690971 -0.3686011
v 1.017196 0.1008354 -0.3682004
v 0.4827859 -0.2352194 -0.3438763
v 0.4827859 0.2057407 -0.3438763
v -0.4666542 0.2057405 -0.3438763
v -0.4666542 -0.2352194 -0.3438763
vt 0.1641716 0.0671534
vt 0.1567748 0.0671534
vt 0.157219 0.0740428
vt 0.3082904 0.8352066
vt 0.3287592 0.8352066
vt 0.3250076 0.813041
vt 0.3006539 0.766562
vt 0.3129793 0.7665836
vt 0.3128063 0.7360847
vt 0.2886515 0.766562
vt 0.3006539 0.766562
vt 0.3006539 0.7360607
vt 0.09964901 0.0940294
vt 0.07509583 0.094002
vt 0.07398492 0.0940012
vt 0.09830218 0.0937506
vt 0.09894829 0.0939223
vt 0.07398492 0.0940012
vt 0.07053464 0.0940136
vt 0.0977323 0.0935219
vt 0.09830218 0.0937506
vt 0.06854069 0.0939668
vt 0.0972585 0.0932451
vt 0.0977323 0.0935219
vt 0.06635445 0.093881
vt 0.0969004 0.0929301
vt 0.0972585 0.0932451
vt 0.06396347 0.0937528
vt 0.09667688 0.0925877
vt 0.0969004 0.0929301
vt 0.06165581 0.0935677
vt 0.09660685 0.09223
vt 0.09667688 0.0925877
vt 0.09670704 0.0918692
vt 0.09660685 0.09223
vt 0.06165581 0.0935677
vt 0.06658965 0.0928934
vt 0.09694916 0.0915133
vt 0.09670704 0.0918692
vt 0.09731775 0.0911751
vt 0.09694916 0.0915133
vt 0.06658965 0.0928934
vt 0.07065898 0.0924331
vt 0.09779626 0.0908671
vt 0.09731775 0.0911751
vt 0.07244086 0.092276
vt 0.09836745 0.0906004
vt 0.09779626 0.0908671
vt 0.09901279 0.0903851
vt 0.09836745 0.0906004
vt 0.07244086 0.092276
vt 0.075549 0.0920824
vt 0.09971392 0.0902301
vt 0.09901279 0.0903851
vt 0.07702791 0.0920395
vt 0.100449 0.0901421
vt 0.09971392 0.0902301
vt 0.07837527 0.0920327
vt 0.101195 0.0901263
vt 0.100449 0.0901421
vt 0.1019273 0.0901858
vt 0.101195 0.0901263
vt 0.07837527 0.0920327
vt 0.1026262 0.0903219
vt 0.1019273 0.0901858
vt 0.07883304 0.092085
vt 0.1032636 0.0905318
vt 0.1026262 0.0903219
vt 0.07977199 0.0921461
vt 0.08070421 0.0923487
vt 0.103811 0.0908101
vt 0.1032636 0.0905318
vt 0.1042422 0.0911487
vt 0.103811 0.0908101
vt 0.08070421 0.0923487
vt 0.1045246 0.0915344
vt 0.1042422 0.0911487
vt 0.08115357 0.0924837
vt 0.08117985 0.092784
vt 0.104628 0.0919502
vt 0.1045246 0.0915344
vt 0.0808714 0.0929346
vt 0.1045162 0.0923735
vt 0.104628 0.0919502
vt 0.08064228 0.093106
vt 0.1042237 0.0927824
vt 0.1045162 0.0923735
vt 0.103783 0.0931542
vt 0.1042237 0.0927824
vt 0.08064228 0.093106
vt 0.0796808 0.0934472
vt 0.1032251 0.0934741
vt 0.103783 0.0931542
vt 0.07900142 0.0936113
vt 0.1025797 0.093731
vt 0.1032251 0.0934741
vt 0.0781821 0.0937623
vt 0.1018744 0.0939175
vt 0.1025797 0.093731
vt 0.07750338 0.0938163
vt 0.1011356 0.0940297
vt 0.1018744 0.0939175
vt 0.0763787 0.0939211
vt 0.1003856 0.0940664
vt 0.1011356 0.0940297
vt 0.07509583 0.094002
vt 0.09964901 0.0940294
vt 0.1003856 0.0940664
vt 0.1357294 0.0709878
vt 0.1344127 0.0709892
vt 0.1344159 0.0739419
vt 0.1357327 0.0739404
vt 0.1370495 0.073939
vt 0.1370462 0.0709864
vt 0.1383664 0.0739375
vt 0.138363 0.0709849
vt 0.1370462 0.0709864
vt 0.1383664 0.0739375
vt 0.1396831 0.073936
vt 0.1396798 0.0709834
vt 0.141 0.0739345
vt 0.1409966 0.070982
vt 0.1396798 0.0709834
vt 0.141 0.0739345
vt 0.1423168 0.073933
vt 0.1423134 0.0709804
vt 0.1436301 0.0709789
vt 0.1423134 0.0709804
vt 0.1423168 0.073933
vt 0.1449455 0.0739299
vt 0.1449469 0.0709766
vt 0.1436301 0.0709789
vt 0.1449455 0.0739299
vt 0.1462574 0.0739326
vt 0.1462636 0.0709801
vt 0.1475742 0.0739354
vt 0.1475804 0.0709829
vt 0.1462636 0.0709801
vt 0.148891 0.0739381
vt 0.1488972 0.0709856
vt 0.1475804 0.0709829
vt 0.1502078 0.0739409
vt 0.1502139 0.0709883
vt 0.1488972 0.0709856
vt 0.1515246 0.0739436
vt 0.1515307 0.0709911
vt 0.1502139 0.0709883
vt 0.1528413 0.0739463
vt 0.1528474 0.0709938
vt 0.1515307 0.0709911
vt 0.1528413 0.0739463
vt 0.1541581 0.0739491
vt 0.1541641 0.0709966
vt 0.1541581 0.0739491
vt 0.1554749 0.0739518
vt 0.1554809 0.0709993
vt 0.1554749 0.0739518
vt 0.1566271 0.0740428
vt 0.1566336 0.0709131
vt 0.1914153 0.1533702
vt 0.1929333 0.1534588
vt 0.1929333 0.1503291
vt 0.1914154 0.1504177
vt 0.1900985 0.1504176
vt 0.1900985 0.1533702
vt 0.1887817 0.1533702
vt 0.1900985 0.1533702
vt 0.1900985 0.1504176
vt 0.187465 0.1504176
vt 0.187465 0.1533702
vt 0.1887817 0.1533702
vt 0.187465 0.1504176
vt 0.1861482 0.1504176
vt 0.1861482 0.1533702
vt 0.1861482 0.1504176
vt 0.1846303 0.150329
vt 0.1846303 0.1534588
vt 0.1238784 0.071
vt 0.1227259 0.0709131
vt 0.1227305 0.0740428
vt 0.1251952 0.0709993
vt 0.1238784 0.071
vt 0.1238866 0.0739533
vt 0.1251984 0.0739518
vt 0.1265152 0.0739504
vt 0.126512 0.0709979
vt 0.1278287 0.0709965
vt 0.126512 0.0709979
vt 0.1265152 0.0739504
vt 0.1291487 0.0739475
vt 0.1291455 0.070995
vt 0.1278287 0.0709965
vt 0.1304655 0.0739461
vt 0.1304623 0.0709936
vt 0.1291455 0.070995
vt 0.1317823 0.0739447
vt 0.1317791 0.0709921
vt 0.1304623 0.0709936
vt 0.1317823 0.0739447
vt 0.1330991 0.0739433
vt 0.1330959 0.0709907
vt 0.1344127 0.0709892
vt 0.1330959 0.0709907
vt 0.1330991 0.0739433
vt 0.07150673 0.0614335
vt 0.07031631 0.063661
vt 0.0709995 0.0641174
vt 0.07150673 0.0614335
vt 0.0702902 0.0609296
vt 0.06955718 0.0633466
vt 0.0702902 0.0609296
vt 0.06899869 0.0606728
vt 0.06875127 0.0631863
vt 0.0676819 0.0606729
vt 0.06792956 0.0631863
vt 0.06875127 0.0631863
vt 0.0676819 0.0606729
vt 0.06639045 0.0609298
vt 0.06712371 0.0633466
vt 0.06517404 0.0614338
vt 0.06636458 0.0636611
vt 0.06712371 0.0633466
vt 0.06407928 0.0621653
vt 0.06568139 0.0641175
vt 0.06636458 0.0636611
vt 0.06407928 0.0621653
vt 0.0631482 0.0630963
vt 0.06510043 0.0646985
vt 0.06241673 0.0641911
vt 0.06464391 0.0653817
vt 0.06510043 0.0646985
vt 0.06241673 0.0641911
vt 0.06191283 0.0654075
vt 0.06432944 0.0661408
vt 0.06165593 0.0666988
vt 0.0641691 0.0669466
vt 0.06432944 0.0661408
vt 0.06165593 0.0666988
vt 0.06165581 0.0680154
vt 0.06416898 0.0677682
vt 0.06191253 0.0693066
vt 0.06432914 0.0685741
vt 0.06416898 0.0677682
vt 0.06241607 0.0705228
vt 0.06464338 0.0693332
vt 0.06432914 0.0685741
vt 0.06241607 0.0705228
vt 0.06314688 0.0716177
vt 0.06499075 0.071403
vt 0.06407701 0.0725491
vt 0.06554609 0.0713488
vt 0.06499075 0.071403
vt 0.06494975 0.0733058
vt 0.06622278 0.0712824
vt 0.06554609 0.0713488
vt 0.06639122 0.0737862
vt 0.0669946 0.0712063
vt 0.06622278 0.0712824
vt 0.06768226 0.0740428
vt 0.06783205 0.0711238
vt 0.0669946 0.0712063
vt 0.06899857 0.0740428
vt 0.06870287 0.0710381
vt 0.06783205 0.0711238
vt 0.06899857 0.0740428
vt 0.07028979 0.0737862
vt 0.06957376 0.0709524
vt 0.07028979 0.0737862
vt 0.07150614 0.0732829
vt 0.0704112 0.0708699
vt 0.07150614 0.0732829
vt 0.0728265 0.0725305
vt 0.07118314 0.070794
vt 0.07185983 0.0707271
vt 0.07118314 0.070794
vt 0.0728265 0.0725305
vt 0.07241517 0.070672
vt 0.07185983 0.0707271
vt 0.07353496 0.071618
vt 0.07476884 0.0693064
vt 0.07235205 0.0685739
vt 0.07241517 0.070672
vt 0.07502549 0.0680151
vt 0.07251226 0.0677681
vt 0.07235205 0.0685739
vt 0.07502532 0.0666985
vt 0.07251209 0.0669465
vt 0.07251226 0.0677681
vt 0.07235169 0.0661407
vt 0.07251209 0.0669465
vt 0.07502532 0.0666985
vt 0.07426434 0.0641909
vt 0.07203716 0.0653816
vt 0.07235169 0.0661407
vt 0.07426434 0.0641909
vt 0.07353276 0.063096
vt 0.07158058 0.0646984
vt 0.07260161 0.062165
vt 0.0709995 0.0641174
vt 0.07158058 0.0646984
vt 0.1658409 0.1500293
vt 0.1650189 0.1500306
vt 0.1650197 0.1505228
vt 0.1666634 0.1505206
vt 0.1666629 0.1500283
vt 0.1658409 0.1500293
vt 0.1674851 0.15052
vt 0.1674849 0.1500277
vt 0.1666629 0.1500283
vt 0.1683068 0.1505197
vt 0.1683068 0.1500275
vt 0.1674849 0.1500277
vt 0.1683068 0.1505197
vt 0.1691285 0.15052
vt 0.1691287 0.1500278
vt 0.1691285 0.15052
vt 0.1699501 0.1505206
vt 0.1699506 0.1500285
vt 0.1707723 0.1500294
vt 0.1699506 0.1500285
vt 0.1699501 0.1505206
vt 0.1715931 0.1505227
vt 0.1715939 0.1500307
vt 0.1707723 0.1500294
vt 0.1724146 0.1505241
vt 0.1724154 0.1500322
vt 0.1715939 0.1500307
vt 0.173236 0.1505257
vt 0.1732369 0.1500338
vt 0.1724154 0.1500322
vt 0.1740573 0.1505273
vt 0.1740583 0.1500354
vt 0.1732369 0.1500338
vt 0.1740573 0.1505273
vt 0.1748785 0.150529
vt 0.1748795 0.1500372
vt 0.1748785 0.150529
vt 0.1756997 0.1505306
vt 0.1757006 0.1500388
vt 0.1756997 0.1505306
vt 0.1765208 0.1505322
vt 0.1765217 0.1500404
vt 0.1765208 0.1505322
vt 0.1786179 0.1505363
vt 0.1786189 0.1500445
vt 0.1911425 0.0713984
vt 0.1905847 0.0713985
vt 0.1905848 0.0718907
vt 0.1905847 0.0713985
vt 0.1899049 0.0713987
vt 0.1899051 0.0718909
vt 0.1891294 0.071399
vt 0.1891295 0.0718911
vt 0.1899051 0.0718909
vt 0.1891294 0.071399
vt 0.188288 0.0713991
vt 0.1882881 0.0718912
vt 0.1874131 0.0713991
vt 0.1874131 0.0718912
vt 0.1882881 0.0718912
vt 0.1874131 0.0713991
vt 0.1865382 0.0713991
vt 0.1865381 0.0718912
vt 0.1865382 0.0713991
vt 0.1856969 0.071399
vt 0.1856968 0.0718911
vt 0.1849217 0.071399
vt 0.1849216 0.0718909
vt 0.1856968 0.0718911
vt 0.1842421 0.0713988
vt 0.1842421 0.0718908
vt 0.1849216 0.0718909
vt 0.1836845 0.0713987
vt 0.1836845 0.0718907
vt 0.1842421 0.0718908
vt 0.1579883 0.1505363
vt 0.1600877 0.1505324
vt 0.1600868 0.1500401
vt 0.1609088 0.1500386
vt 0.1600868 0.1500401
vt 0.1600877 0.1505324
vt 0.1617317 0.1505294
vt 0.1617308 0.150037
vt 0.1609088 0.1500386
vt 0.1625538 0.1505277
vt 0.1625528 0.1500354
vt 0.1617308 0.150037
vt 0.1633758 0.150526
vt 0.1633748 0.1500337
vt 0.1625528 0.1500354
vt 0.1641978 0.1505244
vt 0.1641968 0.150032
vt 0.1633748 0.1500337
vt 0.1650189 0.1500306
vt 0.1641968 0.150032
vt 0.1641978 0.1505244
vt 0.1947171 0.1757543
vt 0.1942251 0.1754256
vt 0.1934806 0.1763328
vt 0.1949229 0.1771038
vt 0.1952636 0.1759807
vt 0.1947171 0.1757543
vt 0.1949229 0.1771038
vt 0.1957288 0.1772641
vt 0.1958439 0.1760962
vt 0.1965504 0.1772641
vt 0.1964355 0.1760962
vt 0.1958439 0.1760962
vt 0.1965504 0.1772641
vt 0.1973564 0.1771039
vt 0.1970157 0.1759808
vt 0.1981155 0.1767895
vt 0.1975623 0.1757544
vt 0.1970157 0.1759808
vt 0.1980542 0.1754258
vt 0.1975623 0.1757544
vt 0.1981155 0.1767895
vt 0.1993798 0.1757519
vt 0.1984726 0.1750074
vt 0.1980542 0.1754258
vt 0.1993798 0.1757519
vt 0.1998363 0.1750687
vt 0.1988012 0.1745155
vt 0.2001507 0.1743096
vt 0.1990276 0.1739689
vt 0.1988012 0.1745155
vt 0.200311 0.1735036
vt 0.199143 0.1733887
vt 0.1990276 0.1739689
vt 0.200311 0.1735036
vt 0.200311 0.172682
vt 0.199143 0.1727971
vt 0.2001507 0.1718761
vt 0.1990276 0.1722168
vt 0.199143 0.1727971
vt 0.1998362 0.171117
vt 0.1988012 0.1716702
vt 0.1990276 0.1722168
vt 0.1998362 0.171117
vt 0.1994884 0.1690475
vt 0.1984725 0.1711783
vt 0.1989333 0.1691021
vt 0.1980542 0.17076
vt 0.1984725 0.1711783
vt 0.1982569 0.1691687
vt 0.1975623 0.1704314
vt 0.1980542 0.17076
vt 0.1974853 0.1692448
vt 0.1970157 0.170205
vt 0.1975623 0.1704314
vt 0.196648 0.1693272
vt 0.1964355 0.1700895
vt 0.1970157 0.170205
vt 0.1957772 0.169413
vt 0.1958439 0.1700895
vt 0.1964355 0.1700895
vt 0.1957772 0.169413
vt 0.1949065 0.1694987
vt 0.1952637 0.1702049
vt 0.1949065 0.1694987
vt 0.1940693 0.1695812
vt 0.1947171 0.1704314
vt 0.1940693 0.1695812
vt 0.1932976 0.1696572
vt 0.1942252 0.17076
vt 0.1938069 0.1711783
vt 0.1942252 0.17076
vt 0.1932976 0.1696572
vt 0.1934782 0.1716702
vt 0.1938069 0.1711783
vt 0.1926213 0.1697237
vt 0.1921287 0.1718761
vt 0.1932518 0.1722168
vt 0.1934782 0.1716702
vt 0.1931363 0.172797
vt 0.1932518 0.1722168
vt 0.1921287 0.1718761
vt 0.1919684 0.1735036
vt 0.1931363 0.1733887
vt 0.1931363 0.172797
vt 0.1932518 0.1739689
vt 0.1931363 0.1733887
vt 0.1919684 0.1735036
vt 0.1921287 0.1743095
vt 0.1924431 0.1750687
vt 0.1934782 0.1745155
vt 0.1924431 0.1750687
vt 0.1928997 0.1757519
vt 0.1938068 0.1750073
vt 0.1934806 0.1763328
vt 0.1942251 0.1754256
vt 0.1938068 0.1750073
vt 0.1971819 0.1063139
vt 0.1966733 0.1063145
vt 0.196674 0.1068731
vt 0.1971833 0.1075532
vt 0.1971825 0.1068725
vt 0.196674 0.1068731
vt 0.1971833 0.1075532
vt 0.1966748 0.1075537
vt 0.1966757 0.1083302
vt 0.1971841 0.1083297
vt 0.1966757 0.1083302
vt 0.1966767 0.1090935
vt 0.1971848 0.109172
vt 0.1966767 0.1090935
vt 0.196677 0.1100472
vt 0.1971845 0.1109221
vt 0.1971848 0.1100472
vt 0.196677 0.1100472
vt 0.1971835 0.1117629
vt 0.1971845 0.1109221
vt 0.1966771 0.1110006
vt 0.1971824 0.1125375
vt 0.1971835 0.1117629
vt 0.1966762 0.1117623
vt 0.1966752 0.1125368
vt 0.1966742 0.1132156
vt 0.1971814 0.1132163
vt 0.1971814 0.1132163
vt 0.1966742 0.1132156
vt 0.1966735 0.1137727
vt 0.1955023 0.1090938
vt 0.1955026 0.1100474
vt 0.196677 0.1100472
vt 0.196677 0.1100472
vt 0.1955026 0.1100474
vt 0.1955028 0.1110009
vt 0.1828541 0.1090969
vt 0.1828543 0.1100505
vt 0.1955026 0.1100474
vt 0.2089629 0.2126197
vt 0.2099795 0.2126197
vt 0.2099788 0.1999679
vt 0.1955026 0.1100474
vt 0.1828543 0.1100505
vt 0.1828545 0.111004
vt 0.2080387 0.1370056
vt 0.2080395 0.1496575
vt 0.2090561 0.1496574
vt 0.196674 0.1068731
vt 0.1966733 0.1063145
vt 0.1951949 0.1063788
vt 0.1966748 0.1075537
vt 0.196674 0.1068731
vt 0.1951956 0.1069281
vt 0.1951965 0.1075973
vt 0.1951975 0.1083608
vt 0.1966757 0.1083302
vt 0.1966767 0.1090935
vt 0.1966757 0.1083302
vt 0.1951975 0.1083608
vt 0.1966771 0.1110006
vt 0.1952028 0.1109829
vt 0.1952018 0.1117316
vt 0.1966762 0.1117623
vt 0.1952018 0.1117316
vt 0.1952008 0.1124931
vt 0.1966752 0.1125368
vt 0.1952008 0.1124931
vt 0.1951998 0.1131605
vt 0.1966742 0.1132156
vt 0.1951998 0.1131605
vt 0.195199 0.1137082
vt 0.1951956 0.1069281
vt 0.1951949 0.1063788
vt 0.1937171 0.1069316
vt 0.1951965 0.1075973
vt 0.1951956 0.1069281
vt 0.1937177 0.1073985
vt 0.1937185 0.1079674
vt 0.1937194 0.1086164
vt 0.1951975 0.1083608
vt 0.1951986 0.1091115
vt 0.1951975 0.1083608
vt 0.1937194 0.1086164
vt 0.1952028 0.1109829
vt 0.1937288 0.1108404
vt 0.1937279 0.1114768
vt 0.1952018 0.1117316
vt 0.1937279 0.1114768
vt 0.1937269 0.1121239
vt 0.1952008 0.1124931
vt 0.1937269 0.1121239
vt 0.1937261 0.1126912
vt 0.1951998 0.1131605
vt 0.1937261 0.1126912
vt 0.1937254 0.1131567
vt 0.1937177 0.1073985
vt 0.1937171 0.1069316
vt 0.1922387 0.1071522
vt 0.1937185 0.1079674
vt 0.1937177 0.1073985
vt 0.1922393 0.1075864
vt 0.19224 0.1081155
vt 0.1922409 0.1087192
vt 0.1937194 0.1086164
vt 0.1937204 0.1092546
vt 0.1937194 0.1086164
vt 0.1922409 0.1087192
vt 0.1937288 0.1108404
vt 0.1922548 0.1107825
vt 0.1922538 0.1113742
vt 0.1937279 0.1114768
vt 0.1922538 0.1113742
vt 0.1922529 0.111976
vt 0.1937269 0.1121239
vt 0.1922529 0.111976
vt 0.192252 0.1125035
vt 0.1937261 0.1126912
vt 0.192252 0.1125035
vt 0.1922513 0.1129365
vt 0.1922387 0.1071522
vt 0.1907594 0.1068349
vt 0.1907601 0.107317
vt 0.1922393 0.1075864
vt 0.1907601 0.107317
vt 0.190761 0.1079043
vt 0.19224 0.1081155
vt 0.190761 0.1079043
vt 0.190762 0.1085744
vt 0.1922409 0.1087192
vt 0.190762 0.1085744
vt 0.1907629 0.1092334
vt 0.1922538 0.1113742
vt 0.1922548 0.1107825
vt 0.1907806 0.1108615
vt 0.1922529 0.111976
vt 0.1922538 0.1113742
vt 0.1907795 0.1115184
vt 0.1907784 0.1121863
vt 0.1907774 0.1127719
vt 0.192252 0.1125035
vt 0.1907774 0.1127719
vt 0.1907766 0.1132524
vt 0.1922513 0.1129365
vt 0.1907594 0.1068349
vt 0.189773 0.106427
vt 0.1897737 0.1069703
vt 0.1907601 0.107317
vt 0.1897737 0.1069703
vt 0.1897747 0.1076323
vt 0.190761 0.1079043
vt 0.1897747 0.1076323
vt 0.1897758 0.1083875
vt 0.190762 0.1085744
vt 0.1897758 0.1083875
vt 0.1897769 0.1091301
vt 0.1907795 0.1115184
vt 0.1907806 0.1108615
vt 0.1897978 0.1109642
vt 0.1907784 0.1121863
vt 0.1907795 0.1115184
vt 0.1897965 0.1117045
vt 0.1897952 0.1124573
vt 0.1897941 0.1131171
vt 0.1907774 0.1127719
vt 0.1897941 0.1131171
vt 0.1897931 0.1136587
vt 0.1907766 0.1132524
vt 0.189773 0.106427
vt 0.188787 0.1063558
vt 0.1887878 0.10691
vt 0.1897737 0.1069703
vt 0.1887878 0.10691
vt 0.1887887 0.1075851
vt 0.1897747 0.1076323
vt 0.1887887 0.1075851
vt 0.1887899 0.1083555
vt 0.1897758 0.1083875
vt 0.1887899 0.1083555
vt 0.188791 0.109113
vt 0.1897965 0.1117045
vt 0.1897978 0.1109642
vt 0.1888151 0.110981
vt 0.1897952 0.1124573
vt 0.1897965 0.1117045
vt 0.1888138 0.111736
vt 0.1888124 0.1125039
vt 0.1888113 0.1131769
vt 0.1897941 0.1131171
vt 0.1888113 0.1131769
vt 0.1888102 0.1137293
vt 0.1897931 0.1136587
vt 0.1887878 0.10691
vt 0.188787 0.1063558
vt 0.183411 0.1063636
vt 0.1887878 0.10691
vt 0.1834118 0.1069177
vt 0.1834127 0.1075929
vt 0.1887887 0.1075851
vt 0.1834127 0.1075929
vt 0.1834139 0.1083633
vt 0.1887899 0.1083555
vt 0.1834139 0.1083633
vt 0.1834149 0.109113
vt 0.1888151 0.110981
vt 0.1834567 0.1109716
vt 0.1834554 0.1117266
vt 0.1888138 0.111736
vt 0.1834554 0.1117266
vt 0.183454 0.1124945
vt 0.183454 0.1124945
vt 0.1834528 0.1131675
vt 0.1888113 0.1131769
vt 0.1888113 0.1131769
vt 0.1834528 0.1131675
vt 0.1834518 0.1137198
vt 0.2098204 0.1022059
vt 0.2098204 0.1007284
vt 0.2088964 0.1007284
vt 0.2064024 0.1787819
vt 0.2064025 0.1773044
vt 0.2054784 0.1773043
vt 0.2098204 0.1037812
vt 0.2098204 0.1022059
vt 0.2088964 0.1022059
vt 0.2064023 0.1803573
vt 0.2064024 0.1787819
vt 0.2054783 0.1787819
vt 0.2098204 0.1052735
vt 0.2098204 0.1037812
vt 0.2088963 0.1037812
vt 0.205478 0.1818496
vt 0.2064022 0.1818496
vt 0.2064023 0.1803573
vt 0.2098203 0.1067838
vt 0.2098204 0.1052735
vt 0.2088963 0.1052735
vt 0.205478 0.18336
vt 0.2064021 0.18336
vt 0.2064022 0.1818496
vt 0.2098203 0.1067838
vt 0.2088962 0.1067837
vt 0.2088962 0.1078494
vt 0.205478 0.1844256
vt 0.2064021 0.1844256
vt 0.2064021 0.18336
vt 0.2098203 0.1078495
vt 0.2088962 0.1078494
vt 0.2088961 0.1088363
vt 0.205478 0.1854125
vt 0.2064021 0.1854125
vt 0.2064021 0.1844256
vt 0.20982 0.114203
vt 0.2098202 0.1088363
vt 0.2088961 0.1088363
vt 0.205478 0.1907791
vt 0.2064021 0.1907792
vt 0.2064021 0.1854125
vt 0.2059157 0.1770462
vt 0.2054784 0.1773043
vt 0.2064025 0.1773044
vt 0.2088963 0.1037812
vt 0.2059438 0.103781
vt 0.2059437 0.1052734
vt 0.2093547 0.1818497
vt 0.2093548 0.1803574
vt 0.2064023 0.1803573
vt 0.2088963 0.1052735
vt 0.2059437 0.1052734
vt 0.2059436 0.1067836
vt 0.2064021 0.18336
vt 0.2093547 0.18336
vt 0.2093547 0.1818497
vt 0.2088962 0.1078494
vt 0.2088962 0.1067837
vt 0.2059436 0.1067836
vt 0.2064021 0.1844256
vt 0.2093547 0.1844256
vt 0.2093547 0.18336
vt 0.2088961 0.1088363
vt 0.2088962 0.1078494
vt 0.2059436 0.1078493
vt 0.2093547 0.1854125
vt 0.2093547 0.1844256
vt 0.2064021 0.1844256
vt 0.2088959 0.114203
vt 0.2088961 0.1088363
vt 0.2059435 0.1088362
vt 0.2093547 0.1907791
vt 0.2093547 0.1854125
vt 0.2064021 0.1854125
vt 0.2063189 0.1787904
vt 0.2064023 0.1803573
vt 0.2093548 0.1803574
vt 0.1989834 0.1557375
vt 0.1986486 0.1556951
vt 0.1986486 0.1572704
vt 0.2059438 0.103781
vt 0.2088963 0.1037812
vt 0.2089798 0.1022142
vt 0.1991245 0.1557013
vt 0.1991245 0.1572704
vt 0.1994606 0.1557313
vt 0.2045756 0.180923
vt 0.203844 0.1798282
vt 0.2028056 0.1806806
vt 0.2020606 0.1799358
vt 0.2028056 0.1806806
vt 0.203844 0.1798282
vt 0.2011847 0.1793506
vt 0.2020606 0.1799358
vt 0.2029128 0.1788973
vt 0.2006012 0.177662
vt 0.2002114 0.1789477
vt 0.2011847 0.1793506
vt 0.1991782 0.1787423
vt 0.2002114 0.1789477
vt 0.2006012 0.177662
vt 0.1981248 0.1787424
vt 0.1991782 0.1787423
vt 0.1993098 0.1774053
vt 0.197993 0.1774055
vt 0.1967016 0.1776625
vt 0.1970917 0.178948
vt 0.1955168 0.1782258
vt 0.1961185 0.1793512
vt 0.1970917 0.178948
vt 0.1952428 0.1799365
vt 0.1961185 0.1793512
vt 0.1955168 0.1782258
vt 0.194498 0.1806815
vt 0.1952428 0.1799365
vt 0.1943904 0.1788983
vt 0.1927284 0.1809244
vt 0.193913 0.1815573
vt 0.194498 0.1806815
vt 0.1935101 0.1825303
vt 0.193913 0.1815573
vt 0.1927284 0.1809244
vt 0.1919684 0.1834315
vt 0.1933045 0.1835632
vt 0.1935101 0.1825303
vt 0.1933044 0.1846162
vt 0.1933045 0.1835632
vt 0.1919684 0.1834315
vt 0.1935099 0.1856493
vt 0.1933044 0.1846162
vt 0.1919684 0.1847472
vt 0.1939137 0.1866236
vt 0.1935099 0.1856493
vt 0.1922242 0.1860373
vt 0.1943186 0.187454
vt 0.1939137 0.1866236
vt 0.1927237 0.187253
vt 0.1943919 0.1892861
vt 0.1952425 0.1882427
vt 0.1943186 0.187454
vt 0.1954873 0.1900144
vt 0.1961196 0.188829
vt 0.1952425 0.1882427
vt 0.1954873 0.1900144
vt 0.196703 0.1905175
vt 0.1970931 0.1892321
vt 0.1979933 0.1907751
vt 0.198127 0.189438
vt 0.1970931 0.1892321
vt 0.1993089 0.1907792
vt 0.1991824 0.189439
vt 0.198127 0.189438
vt 0.2003886 0.1892974
vt 0.1991824 0.189439
vt 0.1993089 0.1907792
vt 0.2017939 0.189958
vt 0.2011868 0.1888326
vt 0.2003886 0.1892974
vt 0.2017939 0.189958
vt 0.2029178 0.1892824
vt 0.2020627 0.1882452
vt 0.2038469 0.1883502
vt 0.2028072 0.1874992
vt 0.2020627 0.1882452
vt 0.2038469 0.1883502
vt 0.2045771 0.1872551
vt 0.203392 0.1866227
vt 0.2050803 0.1860387
vt 0.2037948 0.1856493
vt 0.203392 0.1866227
vt 0.2053368 0.1847474
vt 0.204 0.1846161
vt 0.2037948 0.1856493
vt 0.2039998 0.1835626
vt 0.204 0.1846161
vt 0.2053368 0.1847474
vt 0.2037942 0.1825296
vt 0.2039998 0.1835626
vt 0.2053366 0.1834308
vt 0.2045756 0.180923
vt 0.203391 0.1815563
vt 0.2037942 0.1825296
vt 0.1712474 0.0704645
vt 0.1709838 0.0704353
vt 0.1709777 0.0710965
vt 0.1713675 0.071662
vt 0.1712504 0.0710691
vt 0.1709777 0.0710965
vt 0.1715989 0.0722122
vt 0.1713675 0.071662
vt 0.1711153 0.0717429
vt 0.1713709 0.0723388
vt 0.1717322 0.0728681
vt 0.1719287 0.0727031
vt 0.1723377 0.0731182
vt 0.1719287 0.0727031
vt 0.1717322 0.0728681
vt 0.1723377 0.0731182
vt 0.1721795 0.07331
vt 0.1726983 0.073665
vt 0.1728221 0.0734411
vt 0.1726983 0.073665
vt 0.173286 0.0739143
vt 0.1733643 0.0736674
vt 0.173286 0.0739143
vt 0.1739172 0.0740428
vt 0.1739445 0.0737819
vt 0.1739172 0.0740428
vt 0.1745713 0.0740428
vt 0.1751208 0.0736572
vt 0.1745427 0.073775
vt 0.1745713 0.0740428
vt 0.1756538 0.0734296
vt 0.1751208 0.0736572
vt 0.1752014 0.0739013
vt 0.1756538 0.0734296
vt 0.1757739 0.0736486
vt 0.1763024 0.0732994
vt 0.1761314 0.0730984
vt 0.1763024 0.0732994
vt 0.1767433 0.0728304
vt 0.1768465 0.0721829
vt 0.1765381 0.0726745
vt 0.1767433 0.0728304
vt 0.1770745 0.072292
vt 0.1772865 0.0717092
vt 0.1770486 0.0716455
vt 0.1770486 0.0716455
vt 0.1772865 0.0717092
vt 0.1773955 0.0710959
vt 0.1771396 0.0710747
vt 0.1773955 0.0710959
vt 0.1773902 0.0704505
vt 0.1770213 0.0698848
vt 0.1771224 0.0704768
vt 0.1773902 0.0704505
vt 0.176811 0.0693359
vt 0.1770213 0.0698848
vt 0.1772717 0.0698123
vt 0.1764995 0.0688453
vt 0.176811 0.0693359
vt 0.1770392 0.0692179
vt 0.1761003 0.0684309
vt 0.1764995 0.0688453
vt 0.1766974 0.0686859
vt 0.1756314 0.0681082
vt 0.1761003 0.0684309
vt 0.1762598 0.0682379
vt 0.1756314 0.0681082
vt 0.1757497 0.0678942
vt 0.1751838 0.067642
vt 0.1751033 0.0678848
vt 0.1751838 0.067642
vt 0.1745542 0.067497
vt 0.1739278 0.0677579
vt 0.1745249 0.0677645
vt 0.1745542 0.067497
vt 0.1739003 0.0674972
vt 0.1732701 0.0676265
vt 0.1733487 0.0678729
vt 0.1728083 0.0681
vt 0.1733487 0.0678729
vt 0.1732701 0.0676265
vt 0.1723264 0.068424
vt 0.1728083 0.0681
vt 0.1726841 0.067877
vt 0.1719204 0.0688395
vt 0.1723264 0.068424
vt 0.1721678 0.0682332
vt 0.1719204 0.0688395
vt 0.1717237 0.0686759
vt 0.1713664 0.0692053
vt 0.1715938 0.0693302
vt 0.1713664 0.0692053
vt 0.171116 0.0697992
vt 0.1713654 0.0698784
vt 0.171116 0.0697992
vt 0.1709838 0.0704353
vt 0.2020381 0.0772146
vt 0.2001236 0.0795474
vt 0.2024564 0.0776329
vt 0.2020381 0.0772146
vt 0.2015461 0.0768859
vt 0.2001236 0.0795474
vt 0.2015461 0.0768859
vt 0.2009996 0.0766596
vt 0.2001236 0.0795474
vt 0.2009996 0.0766596
vt 0.2004194 0.0765442
vt 0.2001236 0.0795474
vt 0.2004194 0.0765442
vt 0.1998277 0.0765442
vt 0.2001236 0.0795474
vt 0.1998277 0.0765442
vt 0.1992475 0.0766596
vt 0.2001236 0.0795474
vt 0.198701 0.0768859
vt 0.2001236 0.0795474
vt 0.1992475 0.0766596
vt 0.198701 0.0768859
vt 0.198209 0.0772146
vt 0.2001236 0.0795474
vt 0.198209 0.0772146
vt 0.1977907 0.077633
vt 0.2001236 0.0795474
vt 0.1977907 0.077633
vt 0.197462 0.0781249
vt 0.2001236 0.0795474
vt 0.197462 0.0781249
vt 0.1972357 0.0786714
vt 0.2001236 0.0795474
vt 0.1972357 0.0786714
vt 0.1971203 0.0792516
vt 0.2001236 0.0795474
vt 0.1971203 0.0792516
vt 0.1971203 0.0798433
vt 0.2001236 0.0795474
vt 0.1971203 0.0798433
vt 0.1972357 0.0804235
vt 0.2001236 0.0795474
vt 0.1972357 0.0804235
vt 0.197462 0.08097
vt 0.2001236 0.0795474
vt 0.197462 0.08097
vt 0.1977907 0.081462
vt 0.2001236 0.0795474
vt 0.1977907 0.081462
vt 0.198209 0.0818803
vt 0.2001236 0.0795474
vt 0.198701 0.082209
vt 0.2001236 0.0795474
vt 0.198209 0.0818803
vt 0.198701 0.082209
vt 0.1992475 0.0824354
vt 0.2001236 0.0795474
vt 0.1998277 0.0825508
vt 0.2001236 0.0795474
vt 0.1992475 0.0824354
vt 0.1998277 0.0825508
vt 0.2004194 0.0825508
vt 0.2001236 0.0795474
vt 0.2004194 0.0825508
vt 0.2009996 0.0824354
vt 0.2001236 0.0795474
vt 0.2009996 0.0824354
vt 0.2015461 0.082209
vt 0.2001236 0.0795474
vt 0.202038 0.0818803
vt 0.2001236 0.0795474
vt 0.2015461 0.082209
vt 0.2024564 0.081462
vt 0.2001236 0.0795474
vt 0.202038 0.0818803
vt 0.2024564 0.081462
vt 0.2027851 0.08097
vt 0.2001236 0.0795474
vt 0.2030115 0.0804235
vt 0.2001236 0.0795474
vt 0.2027851 0.08097
vt 0.2030115 0.0804235
vt 0.2031269 0.0798433
vt 0.2001236 0.0795474
vt 0.2031269 0.0792516
vt 0.2001236 0.0795474
vt 0.2031269 0.0798433
vt 0.2031269 0.0792516
vt 0.2030115 0.0786714
vt 0.2001236 0.0795474
vt 0.2030115 0.0786714
vt 0.2027851 0.0781249
vt 0.2001236 0.0795474
vt 0.2024564 0.0776329
vt 0.2001236 0.0795474
vt 0.2027851 0.0781249
vt 0.2088964 0.1007284
vt 0.2098204 0.1007284
vt 0.2093832 0.1004702
vt 0.205287 0.198887
vt 0.2048499 0.1991452
vt 0.205774 0.1991451
vt 0.1786255 0.0687066
vt 0.1782071 0.069125
vt 0.18054 0.0710395
vt 0.1778784 0.0696169
vt 0.18054 0.0710395
vt 0.1782071 0.069125
vt 0.1776521 0.0701635
vt 0.18054 0.0710395
vt 0.1778784 0.0696169
vt 0.1776521 0.0701635
vt 0.1775366 0.0707437
vt 0.18054 0.0710395
vt 0.1775366 0.0713353
vt 0.18054 0.0710395
vt 0.1775366 0.0707437
vt 0.1775366 0.0713353
vt 0.1776521 0.0719155
vt 0.18054 0.0710395
vt 0.1778784 0.0724621
vt 0.18054 0.0710395
vt 0.1776521 0.0719155
vt 0.1778784 0.0724621
vt 0.1782072 0.072954
vt 0.18054 0.0710395
vt 0.1782072 0.072954
vt 0.1786255 0.0733723
vt 0.18054 0.0710395
vt 0.1791173 0.073701
vt 0.18054 0.0710395
vt 0.1786255 0.0733723
vt 0.179664 0.0739274
vt 0.18054 0.0710395
vt 0.1791173 0.073701
vt 0.1802442 0.0740428
vt 0.18054 0.0710395
vt 0.179664 0.0739274
vt 0.1802442 0.0740428
vt 0.1808358 0.0740428
vt 0.18054 0.0710395
vt 0.181416 0.0739274
vt 0.18054 0.0710395
vt 0.1808358 0.0740428
vt 0.181416 0.0739274
vt 0.1819626 0.073701
vt 0.18054 0.0710395
vt 0.1824545 0.0733723
vt 0.18054 0.0710395
vt 0.1819626 0.073701
vt 0.1828728 0.072954
vt 0.18054 0.0710395
vt 0.1824545 0.0733723
vt 0.1832015 0.0724621
vt 0.18054 0.0710395
vt 0.1828728 0.072954
vt 0.1834279 0.0719155
vt 0.18054 0.0710395
vt 0.1832015 0.0724621
vt 0.1835433 0.0713353
vt 0.18054 0.0710395
vt 0.1834279 0.0719155
vt 0.1835433 0.0707437
vt 0.18054 0.0710395
vt 0.1835433 0.0713353
vt 0.1834279 0.0701634
vt 0.18054 0.0710395
vt 0.1835433 0.0707437
vt 0.1832015 0.0696168
vt 0.18054 0.0710395
vt 0.1834279 0.0701634
vt 0.1828728 0.0691249
vt 0.18054 0.0710395
vt 0.1832015 0.0696168
vt 0.1824545 0.0687066
vt 0.18054 0.0710395
vt 0.1828728 0.0691249
vt 0.1824545 0.0687066
vt 0.1819626 0.068378
vt 0.18054 0.0710395
vt 0.181416 0.0681516
vt 0.18054 0.0710395
vt 0.1819626 0.068378
vt 0.1808357 0.0680362
vt 0.18054 0.0710395
vt 0.181416 0.0681516
vt 0.1802442 0.0680362
vt 0.18054 0.0710395
vt 0.1808357 0.0680362
vt 0.1796639 0.0681516
vt 0.18054 0.0710395
vt 0.1802442 0.0680362
vt 0.1791173 0.068378
vt 0.18054 0.0710395
vt 0.1796639 0.0681516
vt 0.1791173 0.068378
vt 0.1786255 0.0687066
vt 0.18054 0.0710395
vt 0.1652622 0.0726641
vt 0.1650767 0.0728233
vt 0.165519 0.0732564
vt 0.165678 0.073059
vt 0.165519 0.0732564
vt 0.1660516 0.0736039
vt 0.1660516 0.0736039
vt 0.1666335 0.0738652
vt 0.1667142 0.0736231
vt 0.1666335 0.0738652
vt 0.1672419 0.0740062
vt 0.1672768 0.0737595
vt 0.1672768 0.0737595
vt 0.1672419 0.0740062
vt 0.1678738 0.0740428
vt 0.1678571 0.0737801
vt 0.1678738 0.0740428
vt 0.1685049 0.0739298
vt 0.1689717 0.0734785
vt 0.1684343 0.0736848
vt 0.1685049 0.0739298
vt 0.1689717 0.0734785
vt 0.1690828 0.0736984
vt 0.1696113 0.0733709
vt 0.1694563 0.073168
vt 0.1696113 0.0733709
vt 0.1700807 0.0729329
vt 0.1700807 0.0729329
vt 0.1704375 0.0724019
vt 0.1702174 0.07228
vt 0.1702174 0.07228
vt 0.1704375 0.0724019
vt 0.1706925 0.0718241
vt 0.1704462 0.0717425
vt 0.1706925 0.0718241
vt 0.1708366 0.0711896
vt 0.1708366 0.0711896
vt 0.1708366 0.0705363
vt 0.1705778 0.0705625
vt 0.1708366 0.0705363
vt 0.1707106 0.0699143
vt 0.17047 0.0699856
vt 0.17047 0.0699856
vt 0.1707106 0.0699143
vt 0.1704773 0.0693248
vt 0.1702455 0.0694433
vt 0.1704773 0.0693248
vt 0.1701251 0.0687743
vt 0.1701251 0.0687743
vt 0.1696611 0.068312
vt 0.169496 0.0685141
vt 0.1690112 0.0681798
vt 0.169496 0.0685141
vt 0.1696611 0.068312
vt 0.1690112 0.0681798
vt 0.1691317 0.0679589
vt 0.1685488 0.0677056
vt 0.1684684 0.0679529
vt 0.1685488 0.0677056
vt 0.1679127 0.0675666
vt 0.1679127 0.0675666
vt 0.1672691 0.0675669
vt 0.1672911 0.0678185
vt 0.1672911 0.0678185
vt 0.1672691 0.0675669
vt 0.1666457 0.0676796
vt 0.1667146 0.0679277
vt 0.1666457 0.0676796
vt 0.1660493 0.0679138
vt 0.1661664 0.0681459
vt 0.1660493 0.0679138
vt 0.1655064 0.0682636
vt 0.1656696 0.0684701
vt 0.1655064 0.0682636
vt 0.1650364 0.0687221
vt 0.1650364 0.0687221
vt 0.1646825 0.0692685
vt 0.1649127 0.0693881
vt 0.1646872 0.0699267
vt 0.1649127 0.0693881
vt 0.1646825 0.0692685
vt 0.1646872 0.0699267
vt 0.1644462 0.0698538
vt 0.1643128 0.0704806
vt 0.1645834 0.0710955
vt 0.1645779 0.070505
vt 0.1643128 0.0704806
vt 0.164326 0.0711272
vt 0.1644635 0.0717481
vt 0.1647058 0.0716671
vt 0.1644635 0.0717481
vt 0.1647186 0.0723222
vt 0.1649361 0.0721968
vt 0.1652622 0.0726641
vt 0.1649361 0.0721968
vt 0.1647186 0.0723222
vt 0.07711213 0.0648246
vt 0.07769733 0.0639487
vt 0.0766589 0.0630965
vt 0.07542353 0.0654077
vt 0.07670897 0.0657977
vt 0.07711213 0.0648246
vt 0.0751667 0.066699
vt 0.07650339 0.0668308
vt 0.07670897 0.0657977
vt 0.07516664 0.0680154
vt 0.07650321 0.0678841
vt 0.07650339 0.0668308
vt 0.07516664 0.0680154
vt 0.07542318 0.0693065
vt 0.07670843 0.0689172
vt 0.077111 0.0698905
vt 0.07670843 0.0689172
vt 0.07542318 0.0693065
vt 0.07592618 0.0705224
vt 0.0766558 0.0716171
vt 0.07769572 0.0707669
vt 0.07844144 0.071513
vt 0.07769572 0.0707669
vt 0.0766558 0.0716171
vt 0.07913327 0.0721251
vt 0.07844144 0.071513
vt 0.07758265 0.0725499
vt 0.07990264 0.0737897
vt 0.08028858 0.0724999
vt 0.07913327 0.0721251
vt 0.07990264 0.0737897
vt 0.08119392 0.0740428
vt 0.0813241 0.0727052
vt 0.08119392 0.0740428
vt 0.08250987 0.074042
vt 0.08237814 0.0727052
vt 0.08380019 0.0737857
vt 0.08341157 0.0724999
vt 0.08237814 0.0727052
vt 0.08380019 0.0737857
vt 0.08501631 0.0732853
vt 0.08438611 0.0720963
vt 0.085446 0.0715033
vt 0.08438611 0.0720963
vt 0.08501631 0.0732853
vt 0.08704876 0.0716185
vt 0.08600538 0.0707678
vt 0.085446 0.0715033
vt 0.08704876 0.0716185
vt 0.08777725 0.0705228
vt 0.0865913 0.0698914
vt 0.08777725 0.0705228
vt 0.0882796 0.0693064
vt 0.08699375 0.0689174
vt 0.0882796 0.0693064
vt 0.08853578 0.0680151
vt 0.08719885 0.067884
vt 0.08853578 0.0680151
vt 0.08853548 0.0666987
vt 0.08719867 0.0668306
vt 0.08853548 0.0666987
vt 0.08827847 0.0654073
vt 0.08699303 0.0657974
vt 0.08827847 0.0654073
vt 0.08777451 0.064191
vt 0.08658987 0.0648242
vt 0.08704298 0.0630962
vt 0.08600461 0.0639484
vt 0.08658987 0.0648242
vt 0.0861119 0.0621653
vt 0.08525979 0.0632036
vt 0.08600461 0.0639484
vt 0.08501714 0.0614337
vt 0.0843839 0.0626185
vt 0.08525979 0.0632036
vt 0.08341073 0.0622153
vt 0.0843839 0.0626185
vt 0.08501714 0.0614337
vt 0.08380067 0.0609299
vt 0.08250927 0.060673
vt 0.08237761 0.0620099
vt 0.08119261 0.060673
vt 0.08132427 0.0620099
vt 0.08237761 0.0620099
vt 0.08119261 0.060673
vt 0.07990115 0.0609299
vt 0.08029115 0.0622154
vt 0.07868468 0.0614339
vt 0.07931798 0.0626186
vt 0.08029115 0.0622154
vt 0.07758986 0.0621655
vt 0.07844215 0.0632039
vt 0.07931798 0.0626186
vt 0.0766589 0.0630965
vt 0.07769733 0.0639487
vt 0.07844215 0.0632039
vt 0.1989834 0.1540209
vt 0.1986486 0.1539785
vt 0.1986486 0.1555539
vt 0.2056912 0.200631
vt 0.2057746 0.2021979
vt 0.2087273 0.2021978
vt 0.1991245 0.1539785
vt 0.1991245 0.1555476
vt 0.1994606 0.1540085
vt 0.2040199 0.1392356
vt 0.2069725 0.1392354
vt 0.2070558 0.1376684
vt 0.2069734 0.1496571
vt 0.206973 0.1442904
vt 0.2040204 0.1442907
vt 0.2087274 0.2126197
vt 0.2087274 0.207253
vt 0.2057749 0.207253
vt 0.206973 0.1442904
vt 0.2069728 0.1433036
vt 0.2040203 0.1433039
vt 0.2087274 0.207253
vt 0.2087274 0.2062661
vt 0.2057749 0.2062662
vt 0.2069727 0.142238
vt 0.2040202 0.1422382
vt 0.2040203 0.1433039
vt 0.2087274 0.2062661
vt 0.2087274 0.2052004
vt 0.2057749 0.2052005
vt 0.2069726 0.1407276
vt 0.20402 0.1407279
vt 0.2040202 0.1422382
vt 0.2057749 0.2052005
vt 0.2087274 0.2052004
vt 0.2087273 0.2036901
vt 0.2069726 0.1407276
vt 0.2069725 0.1392354
vt 0.2040199 0.1392356
vt 0.2057747 0.2036903
vt 0.2087273 0.2036901
vt 0.2087273 0.2021978
vt 0.2069724 0.1361824
vt 0.2078965 0.1361824
vt 0.2074593 0.1359243
vt 0.2078971 0.1442904
vt 0.206973 0.1442904
vt 0.2069734 0.1496571
vt 0.2048507 0.2126197
vt 0.2057749 0.2126197
vt 0.2057749 0.207253
vt 0.207897 0.1433035
vt 0.2069728 0.1433036
vt 0.206973 0.1442904
vt 0.2048507 0.207253
vt 0.2057749 0.207253
vt 0.2057749 0.2062662
vt 0.207897 0.1433035
vt 0.2078968 0.1422379
vt 0.2069727 0.142238
vt 0.2048507 0.2062662
vt 0.2057749 0.2062662
vt 0.2057749 0.2052005
vt 0.2078968 0.1422379
vt 0.2078968 0.1407276
vt 0.2069726 0.1407276
vt 0.2048507 0.2052005
vt 0.2057749 0.2052005
vt 0.2057747 0.2036903
vt 0.2078966 0.1392352
vt 0.2069725 0.1392354
vt 0.2069726 0.1407276
vt 0.2057747 0.2036903
vt 0.2057746 0.2021979
vt 0.2048505 0.202198
vt 0.2078966 0.1392352
vt 0.2078965 0.13766
vt 0.2069725 0.13766
vt 0.2057746 0.2021979
vt 0.2057743 0.2006225
vt 0.2048502 0.2006227
vt 0.2078965 0.13766
vt 0.2078965 0.1361824
vt 0.2069724 0.1361824
vt 0.2057743 0.2006225
vt 0.205774 0.1991451
vt 0.2048499 0.1991452
vt 0.2037842 0.1255474
vt 0.2032311 0.1255479
vt 0.2032361 0.1309142
vt 0.2037842 0.1255474
vt 0.2037892 0.1309137
vt 0.2044633 0.1309131
vt 0.2044633 0.1309131
vt 0.2052322 0.1309124
vt 0.2052273 0.1255461
vt 0.2052322 0.1309124
vt 0.2059884 0.1309117
vt 0.2059835 0.1255454
vt 0.2078678 0.1309017
vt 0.2086156 0.1309023
vt 0.2086201 0.1255397
vt 0.2093886 0.1255404
vt 0.2086201 0.1255397
vt 0.2086156 0.1309023
vt 0.2093886 0.1255404
vt 0.209384 0.130903
vt 0.2100576 0.1309035
vt 0.2100576 0.1309035
vt 0.2106103 0.130904
vt 0.2106149 0.1255414
vt 0.2033028 0.1245637
vt 0.2032311 0.1255479
vt 0.2037842 0.1255474
vt 0.203845 0.1245632
vt 0.2037842 0.1255474
vt 0.2044582 0.1255468
vt 0.2045059 0.1245626
vt 0.2044582 0.1255468
vt 0.2052273 0.1255461
vt 0.2052597 0.1245619
vt 0.2052273 0.1255461
vt 0.2059835 0.1255454
vt 0.2078645 0.1255391
vt 0.2086201 0.1255397
vt 0.2085877 0.1245562
vt 0.209341 0.1245569
vt 0.2085877 0.1245562
vt 0.2086201 0.1255397
vt 0.2093886 0.1255404
vt 0.2100621 0.1255409
vt 0.2100014 0.1245574
vt 0.2100621 0.1255409
vt 0.2106149 0.1255414
vt 0.2105433 0.1245578
vt 0.2037104 0.1235791
vt 0.2033028 0.1245637
vt 0.203845 0.1245632
vt 0.2041916 0.1235787
vt 0.203845 0.1245632
vt 0.2045059 0.1245626
vt 0.204778 0.1235782
vt 0.2045059 0.1245626
vt 0.2052597 0.1245619
vt 0.2054469 0.1235776
vt 0.2052597 0.1245619
vt 0.2060011 0.1245612
vt 0.2078468 0.1245556
vt 0.2085877 0.1245562
vt 0.2084005 0.1235726
vt 0.209069 0.1235732
vt 0.2084005 0.1235726
vt 0.2085877 0.1245562
vt 0.209341 0.1245569
vt 0.2100014 0.1245574
vt 0.2096549 0.1235737
vt 0.2100014 0.1245574
vt 0.2105433 0.1245578
vt 0.2101358 0.1235741
vt 0.2040278 0.1221026
vt 0.2037104 0.1235791
vt 0.2041916 0.1235787
vt 0.2044613 0.1221021
vt 0.2041916 0.1235787
vt 0.204778 0.1235782
vt 0.2049896 0.1221017
vt 0.204778 0.1235782
vt 0.2054469 0.1235776
vt 0.2055923 0.1221012
vt 0.2054469 0.1235776
vt 0.2061048 0.123577
vt 0.2077432 0.1235721
vt 0.2084005 0.1235726
vt 0.2082551 0.1220974
vt 0.2088573 0.1220978
vt 0.2082551 0.1220974
vt 0.2084005 0.1235726
vt 0.209069 0.1235732
vt 0.2096549 0.1235737
vt 0.2093852 0.1220982
vt 0.2096549 0.1235737
vt 0.2101358 0.1235741
vt 0.2098184 0.1220986
vt 0.2042745 0.120626
vt 0.2038083 0.1206263
vt 0.2040278 0.1221026
vt 0.2048426 0.1206255
vt 0.2042745 0.120626
vt 0.2044613 0.1221021
vt 0.2049896 0.1221017
vt 0.2055923 0.1221012
vt 0.2054907 0.1206249
vt 0.2055923 0.1221012
vt 0.206185 0.1221007
vt 0.206128 0.1206244
vt 0.2077198 0.1206218
vt 0.2076629 0.1220969
vt 0.2082551 0.1220974
vt 0.2083565 0.1206223
vt 0.2082551 0.1220974
vt 0.2088573 0.1220978
vt 0.2090041 0.1206227
vt 0.2088573 0.1220978
vt 0.2093852 0.1220982
vt 0.2095717 0.1206231
vt 0.2093852 0.1220982
vt 0.2098184 0.1220986
vt 0.2038055 0.1191498
vt 0.2032569 0.1191503
vt 0.2038083 0.1206263
vt 0.2044738 0.1191493
vt 0.2038055 0.1191498
vt 0.2042745 0.120626
vt 0.2048426 0.1206255
vt 0.2054907 0.1206249
vt 0.2052363 0.1191487
vt 0.2054907 0.1206249
vt 0.206128 0.1206244
vt 0.2059862 0.1191481
vt 0.2078613 0.1191466
vt 0.2077198 0.1206218
vt 0.2083565 0.1206223
vt 0.2086105 0.1191471
vt 0.2083565 0.1206223
vt 0.2090041 0.1206227
vt 0.2093725 0.1191476
vt 0.2090041 0.1206227
vt 0.2095717 0.1206231
vt 0.2100403 0.1191481
vt 0.2095717 0.1206231
vt 0.2100376 0.1206235
vt 0.2037512 0.1176733
vt 0.2031933 0.1176737
vt 0.2032569 0.1191503
vt 0.2044309 0.1176728
vt 0.2037512 0.1176733
vt 0.2038055 0.1191498
vt 0.2044738 0.1191493
vt 0.2052363 0.1191487
vt 0.2052065 0.1176722
vt 0.2052363 0.1191487
vt 0.2059862 0.1191481
vt 0.2059692 0.1176717
vt 0.2078781 0.1176713
vt 0.2078613 0.1191466
vt 0.2086105 0.1191471
vt 0.2086402 0.1176717
vt 0.2086105 0.1191471
vt 0.2093725 0.1191476
vt 0.2094152 0.1176722
vt 0.2093725 0.1191476
vt 0.2100403 0.1191481
vt 0.2100945 0.1176727
vt 0.2100403 0.1191481
vt 0.2105884 0.1191486
vt 0.2091974 0.1496574
vt 0.210214 0.1496575
vt 0.2102146 0.1370057
vt 0.2059692 0.1188472
vt 0.2059721 0.1315112
vt 0.2069269 0.131511
vt 0.2095898 0.1781273
vt 0.2095898 0.1907792
vt 0.2106065 0.1907791
vt 0.2078785 0.1188468
vt 0.2069239 0.1188471
vt 0.2069269 0.131511
vt 0.2059692 0.1176717
vt 0.2059692 0.1188472
vt 0.2069239 0.1188471
vt 0.2069236 0.1176715
vt 0.2069239 0.1188471
vt 0.2078785 0.1188468
vt 0.2037507 0.1171654
vt 0.2031929 0.1171659
vt 0.2031933 0.1176737
vt 0.2037507 0.1171654
vt 0.2037512 0.1176733
vt 0.2044309 0.1176728
vt 0.2044309 0.1176728
vt 0.2052065 0.1176722
vt 0.2052061 0.1171642
vt 0.2052061 0.1171642
vt 0.2052065 0.1176722
vt 0.2059692 0.1176717
vt 0.2060478 0.1171636
vt 0.2059692 0.1176717
vt 0.2069236 0.1176715
vt 0.2077992 0.1171634
vt 0.2069236 0.1171634
vt 0.2069236 0.1176715
vt 0.2078781 0.1176713
vt 0.2086402 0.1176717
vt 0.2086405 0.117164
vt 0.2086405 0.117164
vt 0.2086402 0.1176717
vt 0.2094152 0.1176722
vt 0.2094156 0.1171647
vt 0.2094152 0.1176722
vt 0.2100945 0.1176727
vt 0.2100945 0.1176727
vt 0.2106519 0.1176731
vt 0.2106523 0.1171657
vt 0.1985536 0.1075416
vt 0.1980323 0.1081766
vt 0.1990081 0.1088287
vt 0.197645 0.1089013
vt 0.1987292 0.1093504
vt 0.1990081 0.1088287
vt 0.1974064 0.1096876
vt 0.1985575 0.1099166
vt 0.1987292 0.1093504
vt 0.1973259 0.1105053
vt 0.1984995 0.1105053
vt 0.1985575 0.1099166
vt 0.1985575 0.111094
vt 0.1984995 0.1105053
vt 0.1973259 0.1105053
vt 0.197645 0.1121093
vt 0.1987293 0.1116602
vt 0.1985575 0.111094
vt 0.1990081 0.1121819
vt 0.1987293 0.1116602
vt 0.197645 0.1121093
vt 0.1983461 0.114203
vt 0.1993834 0.1126392
vt 0.1990081 0.1121819
vt 0.1990258 0.114203
vt 0.1998408 0.1130146
vt 0.1993834 0.1126392
vt 0.1998012 0.114203
vt 0.2003625 0.1132934
vt 0.1998408 0.1130146
vt 0.2006425 0.114203
vt 0.2009287 0.1134651
vt 0.2003625 0.1132934
vt 0.2015174 0.114203
vt 0.2015174 0.1135231
vt 0.2009287 0.1134651
vt 0.2015174 0.114203
vt 0.2023923 0.114203
vt 0.2021062 0.1134652
vt 0.2026723 0.1132934
vt 0.2021062 0.1134652
vt 0.2023923 0.114203
vt 0.2032337 0.114203
vt 0.2040091 0.114203
vt 0.203194 0.1130146
vt 0.2036514 0.1126392
vt 0.203194 0.1130146
vt 0.2040091 0.114203
vt 0.2040266 0.1121819
vt 0.2036514 0.1126392
vt 0.2046887 0.114203
vt 0.2053899 0.1121093
vt 0.2043056 0.1116602
vt 0.2040266 0.1121819
vt 0.2056283 0.111323
vt 0.2044773 0.111094
vt 0.2043056 0.1116602
vt 0.2045353 0.1105053
vt 0.2044773 0.111094
vt 0.2056283 0.111323
vt 0.2056283 0.1096876
vt 0.2044773 0.1099166
vt 0.2045353 0.1105053
vt 0.2053898 0.1089013
vt 0.2043055 0.1093504
vt 0.2044773 0.1099166
vt 0.2050024 0.1081766
vt 0.2040266 0.1088287
vt 0.2043055 0.1093504
vt 0.2036513 0.1083714
vt 0.2040266 0.1088287
vt 0.2050024 0.1081766
vt 0.2038459 0.1070202
vt 0.203194 0.107996
vt 0.2036513 0.1083714
vt 0.2031213 0.1066329
vt 0.2026722 0.1077171
vt 0.203194 0.107996
vt 0.2021061 0.1075455
vt 0.2026722 0.1077171
vt 0.2031213 0.1066329
vt 0.2015174 0.1063139
vt 0.2015174 0.1074875
vt 0.2021061 0.1075455
vt 0.2009286 0.1075455
vt 0.2015174 0.1074875
vt 0.2015174 0.1063139
vt 0.2003625 0.1077171
vt 0.2009286 0.1075455
vt 0.2006996 0.1063944
vt 0.1991887 0.1070202
vt 0.1998407 0.1079961
vt 0.2003625 0.1077171
vt 0.1985536 0.1075416
vt 0.1993834 0.1083714
vt 0.1998407 0.1079961
vt 0.09488576 0.0702741
vt 0.09488624 0.0707663
vt 0.09570807 0.0707655
vt 0.09406393 0.0702749
vt 0.09406435 0.0707671
vt 0.09488624 0.0707663
vt 0.09324198 0.0702756
vt 0.0932424 0.0707679
vt 0.09406435 0.0707671
vt 0.09242004 0.0702763
vt 0.09242051 0.0707686
vt 0.0932424 0.0707679
vt 0.09159857 0.0707692
vt 0.09242051 0.0707686
vt 0.09242004 0.0702763
vt 0.09159809 0.070277
vt 0.0907762 0.0702777
vt 0.09077662 0.07077
vt 0.08867734 0.0707718
vt 0.09077662 0.07077
vt 0.0907762 0.0702777
vt 0.1960833 0.0718728
vt 0.1960833 0.0713808
vt 0.1955256 0.0713808
vt 0.1960833 0.0718728
vt 0.1967629 0.0718728
vt 0.1967628 0.0713807
vt 0.1975381 0.0713807
vt 0.1967628 0.0713807
vt 0.1967629 0.0718728
vt 0.1983795 0.0713806
vt 0.1975381 0.0713807
vt 0.1975382 0.0718728
vt 0.1992545 0.0718727
vt 0.1992545 0.0713806
vt 0.1983795 0.0713806
vt 0.1992545 0.0718727
vt 0.2001295 0.0718726
vt 0.2001294 0.0713805
vt 0.2009708 0.0713804
vt 0.2001294 0.0713805
vt 0.2001295 0.0718726
vt 0.2017463 0.0718725
vt 0.2017462 0.0713804
vt 0.2009708 0.0713804
vt 0.202426 0.0718724
vt 0.2024259 0.0713802
vt 0.2017462 0.0713804
vt 0.2029837 0.0718723
vt 0.2029836 0.0713802
vt 0.2024259 0.0713802
vt 0.1072095 0.0707691
vt 0.1093075 0.0707718
vt 0.1093081 0.0702799
vt 0.1063882 0.0707679
vt 0.1072095 0.0707691
vt 0.1072102 0.0702771
vt 0.1055667 0.0707668
vt 0.1063882 0.0707679
vt 0.1063888 0.070276
vt 0.1047453 0.0707657
vt 0.1055667 0.0707668
vt 0.1055673 0.0702748
vt 0.1039237 0.0707648
vt 0.1047453 0.0707657
vt 0.1047459 0.0702737
vt 0.1031023 0.070764
vt 0.1039237 0.0707648
vt 0.1039243 0.0702728
vt 0.1022811 0.0702714
vt 0.1022808 0.0707634
vt 0.1031023 0.070764
vt 0.1014596 0.070271
vt 0.1014593 0.070763
vt 0.1022808 0.0707634
vt 0.1014596 0.070271
vt 0.100638 0.0702708
vt 0.1006379 0.0707628
vt 0.09981644 0.0707629
vt 0.1006379 0.0707628
vt 0.100638 0.0702708
vt 0.09899473 0.070271
vt 0.09899491 0.0707631
vt 0.09981644 0.0707629
vt 0.09817302 0.0702714
vt 0.09817332 0.0707635
vt 0.09899491 0.0707631
vt 0.09735125 0.070272
vt 0.09735161 0.0707641
vt 0.09817332 0.0707635
vt 0.09652948 0.0702727
vt 0.09652984 0.0707648
vt 0.09735161 0.0707641
vt 0.09570759 0.0702733
vt 0.09570807 0.0707655
vt 0.09652984 0.0707648
vt 0.1995437 0.0841844
vt 0.1986126 0.0851155
vt 0.2005649 0.0867177
vt 0.2001084 0.0874009
vt 0.2005649 0.0867177
vt 0.1986126 0.0851155
vt 0.1997939 0.08816
vt 0.2001084 0.0874009
vt 0.1978811 0.0862104
vt 0.1971203 0.0887181
vt 0.1996335 0.0889659
vt 0.1997939 0.08816
vt 0.1996334 0.0897875
vt 0.1996335 0.0889659
vt 0.1971203 0.0887181
vt 0.1973769 0.0913259
vt 0.1997936 0.0905933
vt 0.1996334 0.0897875
vt 0.1997307 0.0926914
vt 0.1997936 0.0905933
vt 0.1973769 0.0913259
vt 0.198611 0.0936375
vt 0.200286 0.0927465
vt 0.1997307 0.0926914
vt 0.1993196 0.0945499
vt 0.2009627 0.0928132
vt 0.200286 0.0927465
vt 0.2006399 0.0953022
vt 0.2017347 0.0928892
vt 0.2009627 0.0928132
vt 0.2018563 0.0958055
vt 0.2025722 0.0929716
vt 0.2017347 0.0928892
vt 0.2031475 0.096062
vt 0.203443 0.0930573
vt 0.2025722 0.0929716
vt 0.2031475 0.096062
vt 0.2044639 0.0960619
vt 0.2043139 0.093143
vt 0.2051513 0.0932253
vt 0.2043139 0.093143
vt 0.2044639 0.0960619
vt 0.2057549 0.0958053
vt 0.2071964 0.0953247
vt 0.2059231 0.0933013
vt 0.2065999 0.0933677
vt 0.2059231 0.0933013
vt 0.2071964 0.0953247
vt 0.2071552 0.0934219
vt 0.2065999 0.0933677
vt 0.208069 0.0945678
vt 0.2097298 0.0925414
vt 0.2075024 0.091352
vt 0.2071552 0.0934219
vt 0.2102332 0.0913252
vt 0.2078166 0.0905929
vt 0.2075024 0.091352
vt 0.2079767 0.089787
vt 0.2078166 0.0905929
vt 0.2102332 0.0913252
vt 0.2104896 0.0887175
vt 0.2079765 0.0889654
vt 0.2079767 0.089787
vt 0.2078161 0.0881596
vt 0.2079765 0.0889654
vt 0.2104896 0.0887175
vt 0.2097287 0.0862099
vt 0.2075016 0.0874005
vt 0.2078161 0.0881596
vt 0.207045 0.0867174
vt 0.2075016 0.0874005
vt 0.2097287 0.0862099
vt 0.2080661 0.0841842
vt 0.206464 0.0861365
vt 0.207045 0.0867174
vt 0.2069713 0.0834527
vt 0.2057808 0.08568
vt 0.206464 0.0861365
vt 0.2050217 0.0853656
vt 0.2057808 0.08568
vt 0.2069713 0.0834527
vt 0.2044634 0.0826919
vt 0.2042158 0.0852054
vt 0.2050217 0.0853656
vt 0.2033941 0.0852054
vt 0.2042158 0.0852054
vt 0.2044634 0.0826919
vt 0.2025882 0.0853658
vt 0.2033941 0.0852054
vt 0.2031466 0.0826919
vt 0.2018291 0.0856802
vt 0.2025882 0.0853658
vt 0.201855 0.0829489
vt 0.1995437 0.0841844
vt 0.2011459 0.0861367
vt 0.2018291 0.0856802
vt 0.1003638 0.0710009
vt 0.09904706 0.071001
vt 0.09904718 0.0739535
vt 0.09773027 0.071001
vt 0.09773039 0.0739536
vt 0.09904718 0.0739535
vt 0.09641367 0.0739536
vt 0.09773039 0.0739536
vt 0.09773027 0.071001
vt 0.0950967 0.0710012
vt 0.09509688 0.0739537
vt 0.09641367 0.0739536
vt 0.09377992 0.0710012
vt 0.0937801 0.0739539
vt 0.09509688 0.0739537
vt 0.09246307 0.0710013
vt 0.09246331 0.0739539
vt 0.0937801 0.0739539
vt 0.09114646 0.073954
vt 0.09246331 0.0739539
vt 0.09246307 0.0710013
vt 0.09114629 0.0710014
vt 0.08982944 0.0710015
vt 0.08982968 0.0739541
vt 0.08982944 0.0710015
vt 0.08867692 0.070913
vt 0.08867716 0.0740428
vt 0.1945924 0.1504176
vt 0.1930744 0.150329
vt 0.1930744 0.1534588
vt 0.1959092 0.1533702
vt 0.1959092 0.1504176
vt 0.1945924 0.1504176
vt 0.1972259 0.1504176
vt 0.1959092 0.1504176
vt 0.1959092 0.1533702
vt 0.1972259 0.1533702
vt 0.1985427 0.1533702
vt 0.1985427 0.1504176
vt 0.1998594 0.1533702
vt 0.1998594 0.1504176
vt 0.1985427 0.1504176
vt 0.2013774 0.1534588
vt 0.2013774 0.150329
vt 0.1998594 0.1504176
vt 0.1214323 0.0710015
vt 0.1214322 0.0739541
vt 0.1225847 0.0740427
vt 0.1201154 0.0739541
vt 0.1214322 0.0739541
vt 0.1214323 0.0710015
vt 0.1187986 0.073954
vt 0.1201154 0.0739541
vt 0.1201155 0.0710015
vt 0.1174819 0.073954
vt 0.1187986 0.073954
vt 0.1187987 0.0710015
vt 0.1161651 0.073954
vt 0.1174819 0.073954
vt 0.117482 0.0710015
vt 0.1148483 0.073954
vt 0.1161651 0.073954
vt 0.1161652 0.0710014
vt 0.1135315 0.0739539
vt 0.1148483 0.073954
vt 0.1148484 0.0710014
vt 0.1122148 0.0710013
vt 0.1122147 0.0739539
vt 0.1135315 0.0739539
vt 0.1108979 0.0739538
vt 0.1122147 0.0739539
vt 0.1122148 0.0710013
vt 0.1095813 0.0710012
vt 0.1095811 0.0739537
vt 0.1108979 0.0739538
vt 0.1095813 0.0710012
vt 0.1082645 0.071001
vt 0.1082643 0.0739536
vt 0.1069476 0.0739536
vt 0.1082643 0.0739536
vt 0.1082645 0.071001
vt 0.1056309 0.071001
vt 0.1056308 0.0739535
vt 0.1069476 0.0739536
vt 0.1043141 0.0710009
vt 0.104314 0.0739535
vt 0.1056308 0.0739535
vt 0.1029974 0.0710009
vt 0.1029974 0.0739535
vt 0.104314 0.0739535
vt 0.1016806 0.0710009
vt 0.1016806 0.0739535
vt 0.1029974 0.0739535
vt 0.1016806 0.0710009
vt 0.1003638 0.0710009
vt 0.1003639 0.0739535
vt 0.1198702 0.1048693
vt 0.123482 0.1055405
vt 0.1003856 0.0940664
vt 0.123482 0.1055405
vt 0.1274622 0.1057501
vt 0.1011356 0.0940297
vt 0.1274622 0.1057501
vt 0.1317741 0.1054451
vt 0.1018744 0.0939175
vt 0.1363769 0.1045731
vt 0.1025797 0.093731
vt 0.1018744 0.0939175
vt 0.1363769 0.1045731
vt 0.1412255 0.1030821
vt 0.1032251 0.0934741
vt 0.1412255 0.1030821
vt 0.1462707 0.1009207
vt 0.103783 0.0931542
vt 0.1514586 0.0980378
vt 0.1042237 0.0927824
vt 0.103783 0.0931542
vt 0.1514586 0.0980378
vt 0.1567318 0.0943571
vt 0.1045162 0.0923735
vt 0.1620199 0.0898491
vt 0.104628 0.0919502
vt 0.1045162 0.0923735
vt 0.1564319 0.0857689
vt 0.1045246 0.0915344
vt 0.104628 0.0919502
vt 0.1564319 0.0857689
vt 0.1509234 0.0825052
vt 0.1042422 0.0911487
vt 0.1455537 0.0800033
vt 0.103811 0.0908101
vt 0.1042422 0.0911487
vt 0.1455537 0.0800033
vt 0.1403772 0.0782087
vt 0.1032636 0.0905318
vt 0.1354432 0.077067
vt 0.1026262 0.0903219
vt 0.1032636 0.0905318
vt 0.130797 0.0765235
vt 0.1019273 0.0901858
vt 0.1026262 0.0903219
vt 0.130797 0.0765235
vt 0.1264791 0.0765235
vt 0.101195 0.0901263
vt 0.1264791 0.0765235
vt 0.1225264 0.0770121
vt 0.100449 0.0901421
vt 0.1225264 0.0770121
vt 0.1189715 0.0779341
vt 0.09971392 0.0902301
vt 0.1189715 0.0779341
vt 0.1158432 0.0792342
vt 0.09901279 0.0903851
vt 0.1158432 0.0792342
vt 0.1131664 0.0808567
vt 0.09836745 0.0906004
vt 0.1131664 0.0808567
vt 0.1109622 0.0827453
vt 0.09779626 0.0908671
vt 0.1109622 0.0827453
vt 0.1092478 0.0848438
vt 0.09731775 0.0911751
vt 0.1092478 0.0848438
vt 0.1080363 0.0870956
vt 0.09694916 0.0915133
vt 0.1080363 0.0870956
vt 0.1073359 0.0894385
vt 0.09670704 0.0918692
vt 0.1071549 0.0918211
vt 0.09660685 0.09223
vt 0.09670704 0.0918692
vt 0.1071549 0.0918211
vt 0.1074931 0.094191
vt 0.09667688 0.0925877
vt 0.1083452 0.0964861
vt 0.0969004 0.0929301
vt 0.09667688 0.0925877
vt 0.1083452 0.0964861
vt 0.1097027 0.0986496
vt 0.0972585 0.0932451
vt 0.1097027 0.0986496
vt 0.1115528 0.1006252
vt 0.0977323 0.0935219
vt 0.1138788 0.1023572
vt 0.09830218 0.0937506
vt 0.0977323 0.0935219
vt 0.1138788 0.1023572
vt 0.1166595 0.1037902
vt 0.09894829 0.0939223
vt 0.1166595 0.1037902
vt 0.1198702 0.1048693
vt 0.09964901 0.0940294
vt 0.8303607 0.2669291
vt 0.8302958 0.2539822
vt 0.8286978 0.2536675
vt 0.8318801 0.2666078
vt 0.8318167 0.2542837
vt 0.8302958 0.2539822
vt 0.8318801 0.2666078
vt 0.8340892 0.2661658
vt 0.8340494 0.2547222
vt 0.8371759 0.2655368
vt 0.8371543 0.2553261
vt 0.8340494 0.2547222
vt 0.8371759 0.2655368
vt 0.8411238 0.2647332
vt 0.8411179 0.256105
vt 0.845823 0.2637877
vt 0.8458291 0.2570457
vt 0.8411179 0.256105
vt 0.845823 0.2637877
vt 0.8511189 0.2627376
vt 0.8511242 0.2581068
vt 0.8511189 0.2627376
vt 0.8568263 0.2616115
vt 0.8568311 0.2592561
vt 0.8568263 0.2616115
vt 0.8627451 0.2604516
vt 0.8568311 0.2592561
vt 0.8577221 0.2637882
vt 0.8627451 0.2604516
vt 0.8568263 0.2616115
vt 0.8577221 0.2637882
vt 0.8568263 0.2616115
vt 0.8511189 0.2627376
vt 0.8484027 0.2700034
vt 0.8528859 0.2670109
vt 0.8511189 0.2627376
vt 0.8484027 0.2700034
vt 0.845823 0.2637877
vt 0.8411238 0.2647332
vt 0.8411095 0.2749119
vt 0.8444352 0.2726681
vt 0.8411238 0.2647332
vt 0.8385063 0.2766591
vt 0.8411095 0.2749119
vt 0.8371759 0.2655368
vt 0.8366568 0.2779079
vt 0.8385063 0.2766591
vt 0.8340892 0.2661658
vt 0.8353821 0.2787815
vt 0.8366568 0.2779079
vt 0.8318801 0.2666078
vt 0.8340485 0.2796803
vt 0.8353821 0.2787815
vt 0.8303607 0.2669291
vt 0.8436014 0.2891416
vt 0.8444903 0.2878076
vt 0.8353821 0.2787815
vt 0.8444903 0.2878076
vt 0.8453339 0.2865191
vt 0.8366568 0.2779079
vt 0.8465642 0.2846518
vt 0.8385063 0.2766591
vt 0.8366568 0.2779079
vt 0.8465642 0.2846518
vt 0.8482962 0.2820485
vt 0.8411095 0.2749119
vt 0.8505089 0.2787171
vt 0.8444352 0.2726681
vt 0.8411095 0.2749119
vt 0.8531548 0.2747511
vt 0.8484027 0.2700034
vt 0.8444352 0.2726681
vt 0.8531548 0.2747511
vt 0.8561486 0.270278
vt 0.8528859 0.2670109
vt 0.8593819 0.2654549
vt 0.8577221 0.2637882
vt 0.8528859 0.2670109
vt 0.8593819 0.2654549
vt 0.8627451 0.2604516
vt 0.8577221 0.2637882
vt 0.8615517 0.2663597
vt 0.8627451 0.2604516
vt 0.8593819 0.2654549
vt 0.8615517 0.2663597
vt 0.8593819 0.2654549
vt 0.8561486 0.270278
vt 0.8604072 0.2720505
vt 0.8561486 0.270278
vt 0.8531548 0.2747511
vt 0.8584171 0.2819904
vt 0.8593511 0.2773198
vt 0.8531548 0.2747511
vt 0.8576409 0.285909
vt 0.8584171 0.2819904
vt 0.8505089 0.2787171
vt 0.8570391 0.2889712
vt 0.8576409 0.285909
vt 0.8482962 0.2820485
vt 0.8570391 0.2889712
vt 0.8465642 0.2846518
vt 0.8453339 0.2865191
vt 0.8566135 0.2911612
vt 0.8453339 0.2865191
vt 0.8444903 0.2878076
vt 0.8563245 0.2926702
vt 0.8444903 0.2878076
vt 0.8436014 0.2891416
vt 0.8690885 0.2926635
vt 0.8563245 0.2926702
vt 0.8560115 0.2942386
vt 0.8690885 0.2926635
vt 0.8687863 0.2911619
vt 0.8566135 0.2911612
vt 0.8687863 0.2911619
vt 0.8683491 0.2889805
vt 0.8570391 0.2889712
vt 0.8677411 0.2859253
vt 0.8576409 0.285909
vt 0.8570391 0.2889712
vt 0.8677411 0.2859253
vt 0.8669703 0.2820085
vt 0.8584171 0.2819904
vt 0.8660501 0.2773362
vt 0.8593511 0.2773198
vt 0.8584171 0.2819904
vt 0.8660501 0.2773362
vt 0.8650172 0.2720606
vt 0.8604072 0.2720505
vt 0.8650172 0.2720606
vt 0.8639019 0.266366
vt 0.8615517 0.2663597
vt 0.8639019 0.266366
vt 0.8627451 0.2604516
vt 0.8615517 0.2663597
vt 0.8660757 0.2654738
vt 0.8627451 0.2604516
vt 0.8639019 0.266366
vt 0.8692807 0.270311
vt 0.8660757 0.2654738
vt 0.8639019 0.266366
vt 0.8722481 0.2747958
vt 0.8692807 0.270311
vt 0.8650172 0.2720606
vt 0.8748773 0.2787745
vt 0.8722481 0.2747958
vt 0.8660501 0.2773362
vt 0.8770714 0.2821187
vt 0.8748773 0.2787745
vt 0.8669703 0.2820085
vt 0.8770714 0.2821187
vt 0.8677411 0.2859253
vt 0.8683491 0.2889805
vt 0.8800235 0.2865926
vt 0.8787917 0.2847294
vt 0.8683491 0.2889805
vt 0.880878 0.2878737
vt 0.8800235 0.2865926
vt 0.8687863 0.2911619
vt 0.8817185 0.2891636
vt 0.880878 0.2878737
vt 0.8690885 0.2926635
vt 0.8914368 0.2798281
vt 0.8900488 0.2788865
vt 0.880878 0.2878737
vt 0.888759 0.2780256
vt 0.8800235 0.2865926
vt 0.880878 0.2878737
vt 0.888759 0.2780256
vt 0.886892 0.2767571
vt 0.8787917 0.2847294
vt 0.8842905 0.2749995
vt 0.8770714 0.2821187
vt 0.8787917 0.2847294
vt 0.8842905 0.2749995
vt 0.8809748 0.2727442
vt 0.8748773 0.2787745
vt 0.8770177 0.2700727
vt 0.8722481 0.2747958
vt 0.8748773 0.2787745
vt 0.8725569 0.2670633
vt 0.8692807 0.270311
vt 0.8722481 0.2747958
vt 0.8677442 0.2638181
vt 0.8660757 0.2654738
vt 0.8692807 0.270311
vt 0.8677442 0.2638181
vt 0.8627451 0.2604516
vt 0.8660757 0.2654738
vt 0.8686522 0.2616492
vt 0.8627451 0.2604516
vt 0.8677442 0.2638181
vt 0.8743432 0.2628044
vt 0.8686522 0.2616492
vt 0.8677442 0.2638181
vt 0.8743432 0.2628044
vt 0.8725569 0.2670633
vt 0.8770177 0.2700727
vt 0.8842979 0.2648149
vt 0.8796203 0.2638716
vt 0.8770177 0.2700727
vt 0.8882343 0.2656085
vt 0.8842979 0.2648149
vt 0.8809748 0.2727442
vt 0.8882343 0.2656085
vt 0.8842905 0.2749995
vt 0.886892 0.2767571
vt 0.8935073 0.2666646
vt 0.8913137 0.2662239
vt 0.886892 0.2767571
vt 0.8935073 0.2666646
vt 0.888759 0.2780256
vt 0.8900488 0.2788865
vt 0.8966098 0.2672806
vt 0.895028 0.2669626
vt 0.8900488 0.2788865
vt 0.8966097 0.2538194
vt 0.8950383 0.2541256
vt 0.895028 0.2669626
vt 0.8935303 0.2544303
vt 0.8935073 0.2666646
vt 0.895028 0.2669626
vt 0.8935303 0.2544303
vt 0.8913266 0.2548653
vt 0.8913137 0.2662239
vt 0.8913266 0.2548653
vt 0.8882566 0.2554647
vt 0.8882343 0.2656085
vt 0.8843296 0.2562416
vt 0.8842979 0.2648149
vt 0.8882343 0.2656085
vt 0.8843296 0.2562416
vt 0.8796448 0.2571554
vt 0.8796203 0.2638716
vt 0.8743627 0.2581881
vt 0.8743432 0.2628044
vt 0.8796203 0.2638716
vt 0.8686619 0.2592978
vt 0.8686522 0.2616492
vt 0.8743432 0.2628044
vt 0.8686619 0.2592978
vt 0.8627451 0.2604516
vt 0.8686522 0.2616492
vt 0.867771 0.2571216
vt 0.8627451 0.2604516
vt 0.8686619 0.2592978
vt 0.8726159 0.253917
vt 0.867771 0.2571216
vt 0.8686619 0.2592978
vt 0.8726159 0.253917
vt 0.8743627 0.2581881
vt 0.8796448 0.2571554
vt 0.8810938 0.2483223
vt 0.8771077 0.2509499
vt 0.8796448 0.2571554
vt 0.8810938 0.2483223
vt 0.8843296 0.2562416
vt 0.8882566 0.2554647
vt 0.8870542 0.2443988
vt 0.8844391 0.2461175
vt 0.8882566 0.2554647
vt 0.8889142 0.2431765
vt 0.8870542 0.2443988
vt 0.8913266 0.2548653
vt 0.8889142 0.2431765
vt 0.8935303 0.2544303
vt 0.8950383 0.2541256
vt 0.891487 0.2414755
vt 0.8901966 0.242319
vt 0.8950383 0.2541256
vt 0.8821559 0.2317533
vt 0.8812107 0.2331399
vt 0.8901966 0.242319
vt 0.8803463 0.2344287
vt 0.8889142 0.2431765
vt 0.8901966 0.242319
vt 0.8803463 0.2344287
vt 0.8790872 0.2362908
vt 0.8870542 0.2443988
vt 0.8790872 0.2362908
vt 0.8773232 0.2388909
vt 0.8844391 0.2461175
vt 0.8773232 0.2388909
vt 0.8750688 0.2422144
vt 0.8810938 0.2483223
vt 0.8750688 0.2422144
vt 0.8723882 0.2461716
vt 0.8771077 0.2509499
vt 0.8693678 0.2506328
vt 0.8726159 0.253917
vt 0.8771077 0.2509499
vt 0.8661152 0.2554503
vt 0.867771 0.2571216
vt 0.8726159 0.253917
vt 0.8661152 0.2554503
vt 0.8627451 0.2604516
vt 0.867771 0.2571216
vt 0.8639447 0.254541
vt 0.8627451 0.2604516
vt 0.8661152 0.2554503
vt 0.8651036 0.2488435
vt 0.8639447 0.254541
vt 0.8661152 0.2554503
vt 0.8661808 0.2435563
vt 0.8651036 0.2488435
vt 0.8693678 0.2506328
vt 0.8671314 0.2388645
vt 0.8661808 0.2435563
vt 0.8723882 0.2461716
vt 0.8679254 0.2349212
vt 0.8671314 0.2388645
vt 0.8750688 0.2422144
vt 0.8685488 0.231836
vt 0.8679254 0.2349212
vt 0.8773232 0.2388909
vt 0.8685488 0.231836
vt 0.8790872 0.2362908
vt 0.8803463 0.2344287
vt 0.8689876 0.2296278
vt 0.8803463 0.2344287
vt 0.8812107 0.2331399
vt 0.8696119 0.2265206
vt 0.8692896 0.2281054
vt 0.8812107 0.2331399
vt 0.8561145 0.2265115
vt 0.856418 0.2280892
vt 0.8692896 0.2281054
vt 0.856418 0.2280892
vt 0.8567202 0.2296032
vt 0.8689876 0.2296278
vt 0.8571576 0.2318027
vt 0.8685488 0.231836
vt 0.8689876 0.2296278
vt 0.8571576 0.2318027
vt 0.8577582 0.2348827
vt 0.8679254 0.2349212
vt 0.8585292 0.2388239
vt 0.8671314 0.2388645
vt 0.8679254 0.2349212
vt 0.8594477 0.2435223
vt 0.8661808 0.2435563
vt 0.8671314 0.2388645
vt 0.86048 0.2488201
vt 0.8651036 0.2488435
vt 0.8661808 0.2435563
vt 0.8615908 0.2545306
vt 0.8639447 0.254541
vt 0.8651036 0.2488435
vt 0.8615908 0.2545306
vt 0.8627451 0.2604516
vt 0.8639447 0.254541
vt 0.8594123 0.2554234
vt 0.8627451 0.2604516
vt 0.8615908 0.2545306
vt 0.8561996 0.2505711
vt 0.8594123 0.2554234
vt 0.8615908 0.2545306
vt 0.8561996 0.2505711
vt 0.86048 0.2488201
vt 0.8594477 0.2435223
vt 0.8532201 0.2460663
vt 0.8594477 0.2435223
vt 0.8585292 0.2388239
vt 0.8483675 0.2387017
vt 0.8505806 0.2420666
vt 0.8585292 0.2388239
vt 0.8483675 0.2387017
vt 0.8577582 0.2348827
vt 0.8571576 0.2318027
vt 0.8453977 0.2341952
vt 0.846637 0.2360724
vt 0.8571576 0.2318027
vt 0.8453977 0.2341952
vt 0.8567202 0.2296032
vt 0.856418 0.2280892
vt 0.843692 0.2316038
vt 0.8445377 0.2329039
vt 0.856418 0.2280892
vt 0.8338946 0.2410017
vt 0.8352948 0.2419503
vt 0.8445377 0.2329039
vt 0.8366007 0.2428324
vt 0.8453977 0.2341952
vt 0.8445377 0.2329039
vt 0.8384809 0.2440956
vt 0.846637 0.2360724
vt 0.8453977 0.2341952
vt 0.8384809 0.2440956
vt 0.8411036 0.2458643
vt 0.8483675 0.2387017
vt 0.8444515 0.2481227
vt 0.8505806 0.2420666
vt 0.8483675 0.2387017
vt 0.8444515 0.2481227
vt 0.8484264 0.2508103
vt 0.8532201 0.2460663
vt 0.8529112 0.2538309
vt 0.8561996 0.2505711
vt 0.8532201 0.2460663
vt 0.8529112 0.2538309
vt 0.8577402 0.2570824
vt 0.8594123 0.2554234
vt 0.8577402 0.2570824
vt 0.8627451 0.2604516
vt 0.8594123 0.2554234
vt 0.8568311 0.2592561
vt 0.8627451 0.2604516
vt 0.8577402 0.2570824
vt 0.8568311 0.2592561
vt 0.8577402 0.2570824
vt 0.8529112 0.2538309
vt 0.8511242 0.2581068
vt 0.8529112 0.2538309
vt 0.8484264 0.2508103
vt 0.8411179 0.256105
vt 0.8458291 0.2570457
vt 0.8484264 0.2508103
vt 0.8371543 0.2553261
vt 0.8411179 0.256105
vt 0.8444515 0.2481227
vt 0.8371543 0.2553261
vt 0.8411036 0.2458643
vt 0.8384809 0.2440956
vt 0.8340494 0.2547222
vt 0.8384809 0.2440956
vt 0.8366007 0.2428324
vt 0.8302958 0.2539822
vt 0.8318167 0.2542837
vt 0.8366007 0.2428324
vt 0.8302958 0.2539822
vt 0.8352948 0.2419503
vt 0.8338946 0.2410017
vt 0.2000213 0.7814713
vt 0.2022234 0.7734963
vt 0.2027097 0.7656198
vt 0.1974871 0.7865582
vt 0.2000213 0.7814713
vt 0.2015326 0.7562216
vt 0.1995958 0.7490912
vt 0.1967058 0.7420996
vt 0.1955195 0.7897048
vt 0.1967058 0.7420996
vt 0.1933815 0.7372677
vt 0.1917676 0.7932461
vt 0.1933815 0.7372677
vt 0.1878493 0.7313176
vt 0.1890416 0.7948884
vt 0.1878493 0.7313176
vt 0.1835304 0.7282326
vt 0.1845414 0.7968915
vt 0.1835304 0.7282326
vt 0.1782168 0.7254724
vt 0.1793016 0.7987901
vt 0.1782168 0.7254724
vt 0.1703875 0.7224048
vt 0.1701443 0.7999317
vt 0.1703875 0.7224048
vt 0.1625945 0.7211288
vt 0.1644182 0.8004063
vt 0.1625945 0.7211288
vt 0.1558958 0.7207866
vt 0.1577148 0.7998251
vt 0.1577148 0.7998251
vt 0.1558958 0.7207866
vt 0.1466204 0.7230059
vt 0.1481326 0.7987049
vt 0.1466204 0.7230059
vt 0.1370034 0.7260687
vt 0.1385503 0.7975847
vt 0.1370034 0.7260687
vt 0.1289223 0.7282639
vt 0.1302868 0.7966767
vt 0.1289223 0.7282639
vt 0.1190399 0.7300176
vt 0.1196393 0.7960561
vt 0.1190399 0.7300176
vt 0.1104496 0.7306697
vt 0.1104496 0.7306697
vt 0.1025419 0.729635
vt 0.1031462 0.7959124
vt 0.1025419 0.729635
vt 0.09591919 0.7271404
vt 0.09741765 0.7962675
vt 0.09591919 0.7271404
vt 0.08996957 0.7224811
vt 0.0909748 0.7967566
vt 0.08996957 0.7224811
vt 0.08525317 0.7197089
vt 0.08489274 0.7973578
vt 0.08525317 0.7197089
vt 0.08141154 0.7188307
vt 0.08119714 0.7977912
vt 0.08119714 0.7977912
vt 0.08141154 0.7188307
vt 0.07715028 0.7208289
vt 0.07688498 0.7972811
vt 0.07715028 0.7208289
vt 0.07255977 0.7242678
vt 0.07255977 0.7242678
vt 0.06881004 0.7279286
vt 0.06825691 0.7901669
vt 0.06825691 0.7901669
vt 0.06881004 0.7279286
vt 0.06530904 0.7320623
vt 0.3932896 0.6638292
vt 0.4005678 0.6611202
vt 0.3915973 0.6608246
vt 0.06471061 0.786176
vt 0.06530904 0.7320623
vt 0.05957138 0.7392827
vt 0.05743986 0.663142
vt 0.06236577 0.6631077
vt 0.06234788 0.6606048
vt 0.3875783 0.6637394
vt 0.3915973 0.6608246
vt 0.3812724 0.660728
vt 0.06236577 0.6631077
vt 0.06713426 0.6630745
vt 0.0671162 0.6605695
vt 0.3812412 0.6636721
vt 0.3812724 0.660728
vt 0.3755269 0.6606672
vt 0.07235866 0.6630381
vt 0.07234048 0.6605301
vt 0.0671162 0.6605695
vt 0.3708494 0.6635635
vt 0.3754961 0.6636117
vt 0.3755269 0.6606672
vt 0.07235866 0.6630381
vt 0.07665109 0.6630086
vt 0.07663285 0.6604971
vt 0.3708494 0.6635635
vt 0.3708798 0.6606187
vt 0.3668971 0.6605776
vt 0.08025044 0.6629842
vt 0.08023208 0.6604688
vt 0.07663285 0.6604971
vt 0.3603256 0.6634572
vt 0.3668673 0.6635229
vt 0.3668971 0.6605776
vt 0.08025044 0.6629842
vt 0.08525586 0.66295
vt 0.08523744 0.6604299
vt 0.3603256 0.6634572
vt 0.3603549 0.6605118
vt 0.3534378 0.6604437
vt 0.09218329 0.6629024
vt 0.09216511 0.660377
vt 0.08523744 0.6604299
vt 0.3472659 0.6633305
vt 0.3534094 0.6633892
vt 0.3534378 0.6604437
vt 0.09218329 0.6629024
vt 0.09868586 0.662859
vt 0.09866791 0.6603272
vt 0.3388264 0.6632525
vt 0.3472659 0.6633305
vt 0.3472934 0.6603852
vt 0.09868586 0.662859
vt 0.106033 0.6628111
vt 0.1060155 0.6602721
vt 0.3296164 0.663171
vt 0.3388264 0.6632525
vt 0.3388528 0.6603081
vt 0.106033 0.6628111
vt 0.113994 0.662761
vt 0.113977 0.6602138
vt 0.3296164 0.663171
vt 0.3296415 0.6602281
vt 0.3182378 0.6601342
vt 0.1233009 0.6627046
vt 0.1232845 0.660148
vt 0.113977 0.6602138
vt 0.3182138 0.6630744
vt 0.3182378 0.6601342
vt 0.3093591 0.6600659
vt 0.1310963 0.6626612
vt 0.1310808 0.660094
vt 0.1232845 0.660148
vt 0.2990513 0.6629227
vt 0.3093367 0.6630021
vt 0.3093591 0.6600659
vt 0.1405326 0.6626118
vt 0.140518 0.6600328
vt 0.1310808 0.660094
vt 0.2887881 0.6628475
vt 0.2990513 0.6629227
vt 0.2990725 0.6599921
vt 0.1405326 0.6626118
vt 0.1494925 0.6625698
vt 0.149479 0.6599778
vt 0.2816499 0.6627968
vt 0.2887881 0.6628475
vt 0.2888078 0.6599241
vt 0.1494925 0.6625698
vt 0.1558266 0.6625456
vt 0.1558144 0.6599396
vt 0.2755741 0.6627555
vt 0.2816499 0.6627968
vt 0.2816681 0.6598821
vt 0.1558266 0.6625456
vt 0.1633254 0.6625202
vt 0.1633146 0.6598992
vt 0.2658497 0.6626964
vt 0.2755741 0.6627555
vt 0.2755908 0.6598506
vt 0.1713573 0.6624972
vt 0.171348 0.6598605
vt 0.1633146 0.6598992
vt 0.2658497 0.6626964
vt 0.265865 0.6598026
vt 0.2600152 0.6597794
vt 0.177112 0.6624867
vt 0.1771041 0.6598333
vt 0.171348 0.6598605
vt 0.2548555 0.6626306
vt 0.2600013 0.6626608
vt 0.2600152 0.6597794
vt 0.177112 0.6624867
vt 0.1822455 0.6624815
vt 0.1822391 0.6598109
vt 0.2515472 0.66261
vt 0.2548555 0.6626306
vt 0.2548679 0.6597627
vt 0.1901558 0.662474
vt 0.190151 0.6597854
vt 0.1822391 0.6598109
vt 0.2515472 0.66261
vt 0.251558 0.6597564
vt 0.2462201 0.6597451
vt 0.1959052 0.6624749
vt 0.1959021 0.6597676
vt 0.190151 0.6597854
vt 0.2423937 0.6625644
vt 0.2462109 0.6625836
vt 0.2462201 0.6597451
vt 0.1959052 0.6624749
vt 0.2033737 0.6624782
vt 0.2033722 0.6597516
vt 0.2423937 0.6625644
vt 0.2424012 0.6597419
vt 0.2365876 0.6597368
vt 0.2033722 0.6597516
vt 0.2033737 0.6624782
vt 0.2107205 0.6624864
vt 0.2281734 0.6625188
vt 0.2365819 0.6625423
vt 0.2365876 0.6597368
vt 0.2107205 0.6624864
vt 0.2202084 0.6625004
vt 0.2202103 0.6597333
vt 0.2281734 0.6625188
vt 0.2281773 0.6597317
vt 0.2202103 0.6597333
vt 0.203167 0.91354043
vt 0.2088871 0.91179824
vt 0.2073817 0.90685559
vt 0.203167 0.91354043
vt 0.2017571 0.90863193
vt 0.1957101 0.91039873
vt 0.196634 0.91523636
vt 0.1957101 0.91039873
vt 0.1870243 0.91208482
vt 0.1972824 0.8022293
vt 0.1962237 0.8072072
vt 0.2067757 0.8093806
vt 0.1874238 0.91699994
vt 0.1870243 0.91208482
vt 0.178632 0.91285033
vt 0.1906438 0.8012561
vt 0.1897854 0.806317
vt 0.1962237 0.8072072
vt 0.1786761 0.91775138
vt 0.178632 0.91285033
vt 0.1714469 0.91283507
vt 0.1827759 0.8006694
vt 0.1824234 0.8058035
vt 0.1897854 0.806317
vt 0.1608849 0.91661799
vt 0.1712601 0.91776115
vt 0.1714469 0.91283507
vt 0.1827759 0.8006694
vt 0.1715575 0.8006694
vt 0.171589 0.8049466
vt 0.1608849 0.91661799
vt 0.1614812 0.91175855
vt 0.151665 0.91001732
vt 0.1602417 0.8013101
vt 0.1603227 0.804831
vt 0.171589 0.8049466
vt 0.1500658 0.9146089
vt 0.151665 0.91001732
vt 0.1413916 0.90822703
vt 0.1602417 0.8013101
vt 0.150321 0.8022823
vt 0.1505255 0.8047262
vt 0.1300581 0.91062004
vt 0.1410841 0.9127273
vt 0.1413916 0.90822703
vt 0.150321 0.8022823
vt 0.1373493 0.8036382
vt 0.1378627 0.8061421
vt 0.1203331 0.90934927
vt 0.1300581 0.91062004
vt 0.130287 0.90757037
vt 0.1373493 0.8036382
vt 0.1267175 0.8045052
vt 0.126677 0.8071908
vt 0.1203331 0.90934927
vt 0.1206977 0.90647257
vt 0.1111751 0.90634943
vt 0.1168696 0.8052168
vt 0.116799 0.8078794
vt 0.126677 0.8071908
vt 0.1109887 0.90905405
vt 0.1111751 0.90634943
vt 0.1020696 0.90692878
vt 0.1096143 0.8055208
vt 0.1095644 0.8085359
vt 0.116799 0.8078794
vt 0.1024176 0.90981591
vt 0.1020696 0.90692878
vt 0.09318929 0.90805758
vt 0.1013567 0.8057441
vt 0.1014266 0.8089957
vt 0.1095644 0.8085359
vt 0.09303933 0.91101444
vt 0.09318929 0.90805758
vt 0.0861544 0.90808857
vt 0.09345167 0.8060454
vt 0.0935983 0.809246
vt 0.1014266 0.8089957
vt 0.0811336 0.91057116
vt 0.08611482 0.91119606
vt 0.0861544 0.90808857
vt 0.0885331 0.806457
vt 0.08842432 0.809737
vt 0.0935983 0.809246
vt 0.0756427 0.90817649
vt 0.0811336 0.91057116
vt 0.08025938 0.9069534
vt 0.08284872 0.8076586
vt 0.08192336 0.8107306
vt 0.08842432 0.809737
vt 0.06963032 0.90428931
vt 0.0756427 0.90817649
vt 0.0744487 0.9041226
vt 0.07646065 0.8101843
vt 0.07339972 0.8142227
vt 0.08192336 0.8107306
vt 0.06454831 0.90009249
vt 0.06963032 0.90428931
vt 0.06753605 0.8986801
vt 0.06624257 0.8152566
vt 0.06155276 0.8209647
vt 0.07339972 0.8142227
vt 0.05261158 0.8871749
vt 0.06454831 0.90009249
vt 0.05516314 0.8848
vt 0.06015968 0.7805213
vt 0.05957138 0.7392827
vt 0.05658054 0.7454547
vt 0.05701714 0.8204082
vt 0.05353611 0.8270377
vt 0.06155276 0.8209647
vt 0.05353611 0.8270377
vt 0.05182003 0.836023
vt 0.05980676 0.8265477
vt 0.05690014 0.7760027
vt 0.05658054 0.7454547
vt 0.05262082 0.7522302
vt 0.05051875 0.8786064
vt 0.05516314 0.8848
vt 0.05616253 0.8773827
vt 0.06155276 0.8209647
vt 0.05980676 0.8265477
vt 0.06995028 0.8198789
vt 0.05516314 0.8848
vt 0.06753605 0.8986801
vt 0.06818318 0.8931238
vt 0.07339972 0.8142227
vt 0.06995028 0.8198789
vt 0.0799517 0.8152144
vt 0.06753605 0.8986801
vt 0.0744487 0.9041226
vt 0.07551056 0.8998953
vt 0.08192336 0.8107306
vt 0.0799517 0.8152144
vt 0.08646649 0.8136676
vt 0.0744487 0.9041226
vt 0.08025938 0.9069534
vt 0.08127188 0.90278715
vt 0.08842432 0.809737
vt 0.08646649 0.8136676
vt 0.09238076 0.8129266
vt 0.0861544 0.90808857
vt 0.08680486 0.90378655
vt 0.08127188 0.90278715
vt 0.0935983 0.809246
vt 0.09238076 0.8129266
vt 0.1009796 0.8120018
vt 0.09318929 0.90805758
vt 0.09347134 0.90375537
vt 0.08680486 0.90378655
vt 0.1014266 0.8089957
vt 0.1009796 0.8120018
vt 0.1095699 0.8116446
vt 0.1020696 0.90692878
vt 0.1023975 0.90235287
vt 0.09347134 0.90375537
vt 0.1095644 0.8085359
vt 0.1095699 0.8116446
vt 0.1169484 0.8110478
vt 0.1111751 0.90634943
vt 0.1113747 0.9018879
vt 0.1023975 0.90235287
vt 0.116799 0.8078794
vt 0.1169484 0.8110478
vt 0.1268267 0.8102848
vt 0.1206977 0.90647257
vt 0.120809 0.90109385
vt 0.1113747 0.9018879
vt 0.126677 0.8071908
vt 0.1268267 0.8102848
vt 0.138064 0.8087652
vt 0.130287 0.90757037
vt 0.1320957 0.9040711
vt 0.120809 0.90109385
vt 0.1505255 0.8047262
vt 0.1378627 0.8061421
vt 0.138064 0.8087652
vt 0.1413916 0.90822703
vt 0.141183 0.90510709
vt 0.1320957 0.9040711
vt 0.1603227 0.804831
vt 0.1505255 0.8047262
vt 0.1510022 0.8076219
vt 0.1413916 0.90822703
vt 0.151665 0.91001732
vt 0.1516054 0.90676439
vt 0.171589 0.8049466
vt 0.1603227 0.804831
vt 0.1609519 0.8083045
vt 0.151665 0.91001732
vt 0.1614812 0.91175855
vt 0.1621833 0.90807611
vt 0.1824234 0.8058035
vt 0.171589 0.8049466
vt 0.1720328 0.8090196
vt 0.1714469 0.91283507
vt 0.1718236 0.90829123
vt 0.1621833 0.90807611
vt 0.1897854 0.806317
vt 0.1824234 0.8058035
vt 0.1823372 0.8106466
vt 0.178632 0.91285033
vt 0.1792836 0.90738422
vt 0.1718236 0.90829123
vt 0.1962237 0.8072072
vt 0.1897854 0.806317
vt 0.1892637 0.812331
vt 0.1870243 0.91208482
vt 0.1865634 0.9066515
vt 0.1792836 0.90738422
vt 0.2067757 0.8093806
vt 0.1962237 0.8072072
vt 0.1952853 0.8132298
vt 0.1957101 0.91039873
vt 0.1945316 0.90459949
vt 0.1865634 0.9066515
vt 0.2017571 0.90863193
vt 0.2004578 0.9028734
vt 0.1945316 0.90459949
vt 0.2073817 0.90685559
vt 0.2057527 0.90082509
vt 0.2004578 0.9028734
vt 0.2287209 0.8617982
vt 0.2230347 0.8598452
vt 0.2211778 0.8697927
vt 0.2211778 0.8697927
vt 0.2181888 0.8759266
vt 0.2204106 0.8778866
vt 0.2181888 0.8759266
vt 0.2098778 0.8811101
vt 0.2134889 0.8839596
vt 0.2098778 0.8811101
vt 0.2013751 0.8835544
vt 0.2061401 0.8864621
vt 0.2013751 0.8835544
vt 0.1961688 0.883665
vt 0.1970185 0.8860909
vt 0.1945316 0.90459949
vt 0.2004578 0.9028734
vt 0.1985082 0.8996776
vt 0.1929059 0.90140886
vt 0.1985082 0.8996776
vt 0.1961317 0.8963908
vt 0.1906915 0.8975375
vt 0.1961317 0.8963908
vt 0.1928666 0.8926304
vt 0.1879172 0.8941463
vt 0.1928666 0.8926304
vt 0.1886599 0.8908664
vt 0.1961317 0.8963908
vt 0.201418 0.8932264
vt 0.1987285 0.890372
vt 0.201418 0.8932264
vt 0.2059732 0.8894225
vt 0.2019103 0.8877214
vt 0.2061401 0.8864621
vt 0.2019103 0.8877214
vt 0.2059732 0.8894225
vt 0.1985082 0.8996776
vt 0.2041753 0.8947041
vt 0.201418 0.8932264
vt 0.2004578 0.9028734
vt 0.2057527 0.90082509
vt 0.2053638 0.8996412
vt 0.2053638 0.8996412
vt 0.2041753 0.8947041
vt 0.1985082 0.8996776
vt 0.225722 0.8719197
vt 0.2204106 0.8778866
vt 0.2209939 0.8782425
vt 0.2134889 0.8839596
vt 0.2059732 0.8894225
vt 0.2064642 0.8897419
vt 0.2204106 0.8778866
vt 0.2134889 0.8839596
vt 0.2144792 0.8846604
vt 0.2041753 0.8947041
vt 0.2064642 0.8897419
vt 0.2059732 0.8894225
vt 0.1865634 0.9066515
vt 0.1863879 0.9029407
vt 0.1788564 0.90396804
vt 0.1788564 0.90396804
vt 0.1863879 0.9029407
vt 0.1845442 0.8992187
vt 0.1775794 0.90087081
vt 0.1845442 0.8992187
vt 0.1820776 0.8958185
vt 0.1865634 0.9066515
vt 0.1945316 0.90459949
vt 0.1929059 0.90140886
vt 0.1906915 0.8975375
vt 0.1845442 0.8992187
vt 0.1863879 0.9029407
vt 0.1879172 0.8941463
vt 0.1820776 0.8958185
vt 0.1845442 0.8992187
vt 0.1753106 0.8973278
vt 0.1820776 0.8958185
vt 0.1778718 0.8927865
vt 0.1829186 0.8920274
vt 0.1778718 0.8927865
vt 0.1820776 0.8958185
vt 0.1961688 0.883665
vt 0.1904271 0.883082
vt 0.1905938 0.8854849
vt 0.1904271 0.883082
vt 0.1841765 0.8819138
vt 0.1841294 0.8843986
vt 0.1841765 0.8819138
vt 0.1783676 0.8809463
vt 0.1781508 0.8835278
vt 0.1781508 0.8835278
vt 0.1783676 0.8809463
vt 0.1710057 0.8802497
vt 0.1710057 0.8802497
vt 0.161655 0.8813496
vt 0.1630487 0.883868
vt 0.161655 0.8813496
vt 0.1590324 0.8831414
vt 0.1603999 0.8850989
vt 0.2061401 0.8864621
vt 0.1970185 0.8860909
vt 0.2019103 0.8877214
vt 0.1970185 0.8860909
vt 0.1957829 0.8882396
vt 0.1987285 0.890372
vt 0.1928666 0.8926304
vt 0.1987285 0.890372
vt 0.1957829 0.8882396
vt 0.1905938 0.8854849
vt 0.1902567 0.8882212
vt 0.1957829 0.8882396
vt 0.1781508 0.8835278
vt 0.1768373 0.8882934
vt 0.1844211 0.888444
vt 0.1905938 0.8854849
vt 0.1841294 0.8843986
vt 0.1844211 0.888444
vt 0.1829186 0.8920274
vt 0.1886599 0.8908664
vt 0.1844211 0.888444
vt 0.1720019 0.8945316
vt 0.1778718 0.8927865
vt 0.1724046 0.8888617
vt 0.1778718 0.8927865
vt 0.1829186 0.8920274
vt 0.1768373 0.8882934
vt 0.1886599 0.8908664
vt 0.1957829 0.8882396
vt 0.1902567 0.8882212
vt 0.1621833 0.90807611
vt 0.1718236 0.90829123
vt 0.1713955 0.90506077
vt 0.1621965 0.90526158
vt 0.1713955 0.90506077
vt 0.1707665 0.90194279
vt 0.1616164 0.90223194
vt 0.1707665 0.90194279
vt 0.1692961 0.8987026
vt 0.1604234 0.8990427
vt 0.1692961 0.8987026
vt 0.1670133 0.8955116
vt 0.1585724 0.8958304
vt 0.1670133 0.8955116
vt 0.1636564 0.8907056
vt 0.1616164 0.90223194
vt 0.150346 0.9010098
vt 0.1511332 0.90405137
vt 0.1604234 0.8990427
vt 0.1490739 0.8980809
vt 0.150346 0.9010098
vt 0.1585724 0.8958304
vt 0.1475327 0.8950055
vt 0.1490739 0.8980809
vt 0.1542269 0.8914372
vt 0.1474363 0.8911023
vt 0.1475327 0.8950055
vt 0.150346 0.9010098
vt 0.1406646 0.8995654
vt 0.1410729 0.90243269
vt 0.1490739 0.8980809
vt 0.140196 0.897098
vt 0.1406646 0.8995654
vt 0.1475327 0.8950055
vt 0.1392139 0.8939011
vt 0.140196 0.897098
vt 0.1474363 0.8911023
vt 0.137435 0.8902266
vt 0.1392139 0.8939011
vt 0.1406646 0.8995654
vt 0.1316196 0.8984476
vt 0.1320012 0.90147067
vt 0.140196 0.897098
vt 0.1311592 0.8959424
vt 0.1316196 0.8984476
vt 0.1392139 0.8939011
vt 0.1295377 0.8928666
vt 0.1311592 0.8959424
vt 0.137435 0.8902266
vt 0.1276478 0.8891359
vt 0.1295377 0.8928666
vt 0.1792836 0.90738422
vt 0.1788564 0.90396804
vt 0.1713955 0.90506077
vt 0.1775794 0.90087081
vt 0.1707665 0.90194279
vt 0.1713955 0.90506077
vt 0.1753106 0.8973278
vt 0.1692961 0.8987026
vt 0.1707665 0.90194279
vt 0.1516054 0.90676439
vt 0.1621833 0.90807611
vt 0.1621965 0.90526158
vt 0.141183 0.90510709
vt 0.1516054 0.90676439
vt 0.1511332 0.90405137
vt 0.1320957 0.9040711
vt 0.141183 0.90510709
vt 0.1410729 0.90243269
vt 0.1720019 0.8945316
vt 0.1670133 0.8955116
vt 0.1692961 0.8987026
vt 0.1678921 0.8896909
vt 0.1636564 0.8907056
vt 0.1670133 0.8955116
vt 0.1023975 0.90235287
vt 0.1029019 0.8958847
vt 0.09401166 0.8979922
vt 0.1113747 0.9018879
vt 0.1119548 0.8957022
vt 0.1029019 0.8958847
vt 0.120809 0.90109385
vt 0.1320957 0.9040711
vt 0.1320012 0.90147067
vt 0.120809 0.90109385
vt 0.1320012 0.90147067
vt 0.1316196 0.8984476
vt 0.120809 0.90109385
vt 0.1208724 0.8975359
vt 0.1119548 0.8957022
vt 0.1029019 0.8958847
vt 0.1032989 0.8927635
vt 0.09464567 0.8928642
vt 0.1119548 0.8957022
vt 0.1120285 0.8931863
vt 0.1032989 0.8927635
vt 0.09401166 0.8979922
vt 0.09464567 0.8928642
vt 0.08981579 0.8922931
vt 0.05182003 0.836023
vt 0.05009239 0.8454752
vt 0.06169265 0.8314706
vt 0.05262088 0.7713824
vt 0.05262082 0.7522302
vt 0.04943233 0.7582604
vt 0.04976934 0.8678497
vt 0.05616253 0.8773827
vt 0.06101077 0.8742111
vt 0.05980676 0.8265477
vt 0.06169265 0.8314706
vt 0.06996971 0.8254033
vt 0.05616253 0.8773827
vt 0.06818318 0.8931238
vt 0.07129108 0.8885944
vt 0.06995028 0.8198789
vt 0.06996971 0.8254033
vt 0.07817202 0.8206544
vt 0.06818318 0.8931238
vt 0.07551056 0.8998953
vt 0.07806259 0.8951874
vt 0.0799517 0.8152144
vt 0.07817202 0.8206544
vt 0.08425754 0.8175409
vt 0.07551056 0.8998953
vt 0.08127188 0.90278715
vt 0.08230251 0.8977057
vt 0.08646649 0.8136676
vt 0.08425754 0.8175409
vt 0.09066754 0.8167431
vt 0.08680486 0.90378655
vt 0.08852529 0.8977773
vt 0.08230251 0.8977057
vt 0.05009239 0.8454752
vt 0.05851393 0.8480835
vt 0.06598764 0.8361522
vt 0.04943233 0.8580916
vt 0.05816853 0.8573533
vt 0.05851393 0.8480835
vt 0.06101077 0.8742111
vt 0.06566321 0.8720715
vt 0.05816853 0.8573533
vt 0.06169265 0.8314706
vt 0.06598764 0.8361522
vt 0.072281 0.8299956
vt 0.07129108 0.8885944
vt 0.07364487 0.8866224
vt 0.06566321 0.8720715
vt 0.06996971 0.8254033
vt 0.072281 0.8299956
vt 0.07799035 0.825404
vt 0.07806259 0.8951874
vt 0.08223754 0.890829
vt 0.07364487 0.8866224
vt 0.07817202 0.8206544
vt 0.07799035 0.825404
vt 0.08381998 0.8217115
vt 0.08230251 0.8977057
vt 0.08539938 0.8909202
vt 0.08223754 0.890829
vt 0.08425754 0.8175409
vt 0.08381998 0.8217115
vt 0.08959186 0.8203381
vt 0.08852529 0.8977773
vt 0.08981579 0.8922931
vt 0.08539938 0.8909202
vt 0.09347134 0.90375537
vt 0.09401166 0.8979922
vt 0.08852529 0.8977773
vt 0.09066754 0.8167431
vt 0.08959186 0.8203381
vt 0.09933686 0.8190622
vt 0.09238076 0.8129266
vt 0.09066754 0.8167431
vt 0.1003749 0.8159748
vt 0.1609519 0.8083045
vt 0.1510022 0.8076219
vt 0.151297 0.8103328
vt 0.1720328 0.8090196
vt 0.1609519 0.8083045
vt 0.1610845 0.8117683
vt 0.1823372 0.8106466
vt 0.1720328 0.8090196
vt 0.1716874 0.8139875
vt 0.1892637 0.812331
vt 0.1823372 0.8106466
vt 0.1817768 0.8151337
vt 0.1952853 0.8132298
vt 0.1892637 0.812331
vt 0.188569 0.8166296
vt 0.1610845 0.8117683
vt 0.151297 0.8103328
vt 0.1511248 0.8134711
vt 0.1610845 0.8117683
vt 0.1606022 0.8152743
vt 0.1707026 0.8171129
vt 0.1716874 0.8139875
vt 0.1707026 0.8171129
vt 0.1802147 0.818806
vt 0.1817768 0.8151337
vt 0.1802147 0.818806
vt 0.1863828 0.8206008
vt 0.188569 0.8166296
vt 0.1863828 0.8206008
vt 0.1915618 0.822163
vt 0.1511248 0.8134711
vt 0.1497467 0.8168459
vt 0.1595241 0.8188581
vt 0.1606022 0.8152743
vt 0.1595241 0.8188581
vt 0.1686851 0.8199997
vt 0.1707026 0.8171129
vt 0.1686851 0.8199997
vt 0.1778954 0.8219546
vt 0.1802147 0.818806
vt 0.1778954 0.8219546
vt 0.1838194 0.8238841
vt 0.1863828 0.8206008
vt 0.1838194 0.8238841
vt 0.1888112 0.8252097
vt 0.1915618 0.822163
vt 0.1888112 0.8252097
vt 0.1963748 0.8278242
vt 0.1497467 0.8168459
vt 0.148337 0.8198842
vt 0.1579146 0.8221937
vt 0.1595241 0.8188581
vt 0.1579146 0.8221937
vt 0.1660883 0.823778
vt 0.1686851 0.8199997
vt 0.1660883 0.823778
vt 0.1753764 0.8260793
vt 0.1778954 0.8219546
vt 0.1753764 0.8260793
vt 0.1805261 0.8271575
vt 0.1838194 0.8238841
vt 0.1805261 0.8271575
vt 0.1863055 0.8288273
vt 0.1888112 0.8252097
vt 0.1863055 0.8288273
vt 0.1927455 0.8293883
vt 0.2221391 0.8520967
vt 0.2287111 0.8529644
vt 0.2246379 0.8457505
vt 0.2287111 0.8529644
vt 0.2221391 0.8520967
vt 0.2230347 0.8598452
vt 0.2202178 0.8478936
vt 0.2246379 0.8457505
vt 0.2220537 0.8416659
vt 0.2173149 0.8439789
vt 0.2220537 0.8416659
vt 0.219706 0.8389245
vt 0.2152015 0.8419607
vt 0.219706 0.8389245
vt 0.2166934 0.8364661
vt 0.2124843 0.8399996
vt 0.2166934 0.8364661
vt 0.2135135 0.8344225
vt 0.2089306 0.8376423
vt 0.2135135 0.8344225
vt 0.2062839 0.8324312
vt 0.2042253 0.8360611
vt 0.2062839 0.8324312
vt 0.2016766 0.8314696
vt 0.2016766 0.8314696
vt 0.1927455 0.8293883
vt 0.1931422 0.8340421
vt 0.2220537 0.8416659
vt 0.2246379 0.8457505
vt 0.2251827 0.8451862
vt 0.219706 0.8389245
vt 0.2220537 0.8416659
vt 0.2228391 0.8408701
vt 0.2166934 0.8364661
vt 0.219706 0.8389245
vt 0.2204734 0.8380526
vt 0.2135135 0.8344225
vt 0.2166934 0.8364661
vt 0.2176477 0.8351088
vt 0.2287111 0.8529644
vt 0.2251827 0.8451862
vt 0.2246379 0.8457505
vt 0.1995622 0.8250533
vt 0.1963748 0.8278242
vt 0.2022466 0.8299429
vt 0.2055339 0.8155991
vt 0.1952853 0.8132298
vt 0.2053154 0.8172738
vt 0.1952853 0.8132298
vt 0.1941491 0.8183607
vt 0.2023608 0.821732
vt 0.1941491 0.8183607
vt 0.1915618 0.822163
vt 0.1995622 0.8250533
vt 0.2066301 0.8247881
vt 0.2095794 0.8296683
vt 0.2114953 0.8286152
vt 0.2023608 0.821732
vt 0.2066301 0.8247881
vt 0.2079703 0.8237045
vt 0.2095794 0.8296683
vt 0.2135135 0.8344225
vt 0.2147335 0.83224
vt 0.204248 0.8271152
vt 0.2066301 0.8247881
vt 0.2023608 0.821732
vt 0.2062839 0.8324312
vt 0.2135135 0.8344225
vt 0.2095794 0.8296683
vt 0.1927455 0.8293883
vt 0.1863055 0.8288273
vt 0.1867811 0.8333071
vt 0.1863055 0.8288273
vt 0.1805261 0.8271575
vt 0.1799934 0.8317822
vt 0.1805261 0.8271575
vt 0.1753764 0.8260793
vt 0.1748012 0.8307422
vt 0.1753764 0.8260793
vt 0.1660883 0.823778
vt 0.1670004 0.8292803
vt 0.1660883 0.823778
vt 0.1579146 0.8221937
vt 0.1572465 0.8277331
vt 0.1579146 0.8221937
vt 0.148337 0.8198842
vt 0.1478449 0.8260339
vt 0.1963748 0.8278242
vt 0.1927455 0.8293883
vt 0.2016766 0.8314696
vt 0.1511248 0.8134711
vt 0.151297 0.8103328
vt 0.1381082 0.8112358
vt 0.1497467 0.8168459
vt 0.1511248 0.8134711
vt 0.137751 0.8133825
vt 0.1478449 0.8260339
vt 0.148337 0.8198842
vt 0.1357642 0.8191909
vt 0.148337 0.8198842
vt 0.1497467 0.8168459
vt 0.1372094 0.8158275
vt 0.138064 0.8087652
vt 0.1381082 0.8112358
vt 0.151297 0.8103328
vt 0.1003749 0.8159748
vt 0.09933686 0.8190622
vt 0.1084222 0.8182209
vt 0.1092728 0.8150996
vt 0.1084222 0.8182209
vt 0.116032 0.8180159
vt 0.1168626 0.8145991
vt 0.116032 0.8180159
vt 0.1258739 0.8182447
vt 0.1009796 0.8120018
vt 0.1003749 0.8159748
vt 0.1092728 0.8150996
vt 0.1095699 0.8116446
vt 0.1092728 0.8150996
vt 0.1168626 0.8145991
vt 0.1269361 0.8158153
vt 0.1258739 0.8182447
vt 0.1357642 0.8191909
vt 0.1268267 0.8102848
vt 0.1381082 0.8112358
vt 0.138064 0.8087652
vt 0.1269361 0.8158153
vt 0.126833 0.8131575
vt 0.1168626 0.8145991
vt 0.126833 0.8131575
vt 0.1269361 0.8158153
vt 0.1372094 0.8158275
vt 0.1268267 0.8102848
vt 0.126833 0.8131575
vt 0.137751 0.8133825
vt 0.126833 0.8131575
vt 0.1268267 0.8102848
vt 0.1169484 0.8110478
vt 0.204248 0.8271152
vt 0.2095794 0.8296683
vt 0.2066301 0.8247881
vt 0.2022466 0.8299429
vt 0.2016766 0.8314696
vt 0.2062839 0.8324312
vt 0.204248 0.8271152
vt 0.2022466 0.8299429
vt 0.2062839 0.8324312
vt 0.1603999 0.8850989
vt 0.1590324 0.8831414
vt 0.1571265 0.8869917
vt 0.1585812 0.8881007
vt 0.1571265 0.8869917
vt 0.1538855 0.8894778
vt 0.1538855 0.8894778
vt 0.1478196 0.8890206
vt 0.1474363 0.8911023
vt 0.1474363 0.8911023
vt 0.1478196 0.8890206
vt 0.1376035 0.8881262
vt 0.137435 0.8902266
vt 0.1376035 0.8881262
vt 0.1289687 0.8870766
vt 0.1276478 0.8891359
vt 0.1289687 0.8870766
vt 0.120585 0.8847135
vt 0.1209926 0.8906931
vt 0.120585 0.8847135
vt 0.1097377 0.8866074
vt 0.1097377 0.8866074
vt 0.1032962 0.8874831
vt 0.1032989 0.8927635
vt 0.1032989 0.8927635
vt 0.1032962 0.8874831
vt 0.09513968 0.8881492
vt 0.09513968 0.8881492
vt 0.09041494 0.8873289
vt 0.08981579 0.8922931
vt 0.09041494 0.8873289
vt 0.08527374 0.8873297
vt 0.08539938 0.8909202
vt 0.08539938 0.8909202
vt 0.08527374 0.8873297
vt 0.0825439 0.8873796
vt 0.0825439 0.8873796
vt 0.07479441 0.8841199
vt 0.07364487 0.8866224
vt 0.07364487 0.8866224
vt 0.07479441 0.8841199
vt 0.07110333 0.8730256
vt 0.1781508 0.8835278
vt 0.1707149 0.882988
vt 0.1724046 0.8888617
vt 0.1707149 0.882988
vt 0.1630487 0.883868
vt 0.1678921 0.8896909
vt 0.1630487 0.883868
vt 0.1603999 0.8850989
vt 0.1636564 0.8907056
vt 0.1636564 0.8907056
vt 0.1585812 0.8881007
vt 0.1542269 0.8914372
vt 0.1603999 0.8850989
vt 0.1585812 0.8881007
vt 0.1636564 0.8907056
vt 0.1295377 0.8928666
vt 0.1276478 0.8891359
vt 0.1209926 0.8906931
vt 0.1208449 0.894171
vt 0.1209926 0.8906931
vt 0.1120285 0.8931863
vt 0.1311592 0.8959424
vt 0.1208449 0.894171
vt 0.1208724 0.8975359
vt 0.1119548 0.8957022
vt 0.1208724 0.8975359
vt 0.1208449 0.894171
vt 0.1295377 0.8928666
vt 0.1209926 0.8906931
vt 0.1208449 0.894171
vt 0.1357642 0.8191909
vt 0.1258739 0.8182447
vt 0.125834 0.821708
vt 0.116032 0.8180159
vt 0.1154054 0.821181
vt 0.125834 0.821708
vt 0.1084222 0.8182209
vt 0.1071611 0.8214914
vt 0.1154054 0.821181
vt 0.08417749 0.8244562
vt 0.09027731 0.8229675
vt 0.08959186 0.8203381
vt 0.072281 0.8299956
vt 0.07580673 0.8331957
vt 0.07872444 0.8277177
vt 0.08051759 0.8293775
vt 0.07872444 0.8277177
vt 0.07580673 0.8331957
vt 0.06598764 0.8361522
vt 0.05851393 0.8480835
vt 0.06368565 0.8491568
vt 0.072281 0.8299956
vt 0.06598764 0.8361522
vt 0.06982183 0.8388351
vt 0.06982183 0.8388351
vt 0.06368565 0.8491568
vt 0.06848269 0.8498798
vt 0.07580673 0.8331957
vt 0.06982183 0.8388351
vt 0.07351869 0.8409704
vt 0.291038 0.870049
vt 0.2899659 0.8689608
vt 0.2890475 0.8700111
vt 0.2920581 0.8588019
vt 0.2909324 0.8582753
vt 0.2906395 0.8633218
vt 0.2917481 0.8641135
vt 0.2906395 0.8633218
vt 0.2899659 0.8689608
vt 0.2891634 0.8515441
vt 0.2881779 0.8513797
vt 0.2896896 0.854423
vt 0.2907519 0.8547474
vt 0.2896896 0.854423
vt 0.2909324 0.8582753
vt 0.2741446 0.8405653
vt 0.2738992 0.8409549
vt 0.2805026 0.8441961
vt 0.2872889 0.8484537
vt 0.2863944 0.8484439
vt 0.2881779 0.8513797
vt 0.2849727 0.8461404
vt 0.284191 0.846247
vt 0.2863944 0.8484439
vt 0.2810936 0.8439801
vt 0.2805026 0.8441961
vt 0.284191 0.846247
vt 0.2337575 0.8414603
vt 0.2298662 0.8448725
vt 0.2318302 0.8450578
vt 0.2498423 0.8354697
vt 0.2415038 0.837016
vt 0.242884 0.8375933
vt 0.2415038 0.837016
vt 0.2337575 0.8414603
vt 0.2355261 0.8418158
vt 0.2571039 0.8362979
vt 0.2498423 0.8354697
vt 0.2508042 0.8361235
vt 0.2298662 0.8448725
vt 0.2290058 0.8494292
vt 0.2310135 0.8493867
vt 0.2290058 0.8494292
vt 0.2289841 0.8505841
vt 0.2309932 0.850484
vt 0.2741446 0.8405653
vt 0.2665449 0.8381354
vt 0.2666702 0.8386624
vt 0.2665449 0.8381354
vt 0.2571039 0.8362979
vt 0.2577005 0.8369093
vt 0.2289841 0.8505841
vt 0.2289841 0.8562244
vt 0.2309933 0.8558423
vt 0.2900707 0.8711542
vt 0.2890475 0.8700111
vt 0.2849724 0.8730683
vt 0.2857805 0.874372
vt 0.2849724 0.8730683
vt 0.281577 0.8756152
vt 0.2289841 0.8562244
vt 0.2295358 0.8608585
vt 0.2315176 0.8602446
vt 0.2447194 0.7363825
vt 0.2446508 0.7358127
vt 0.237169 0.735397
vt 0.2368428 0.7359448
vt 0.237169 0.735397
vt 0.2283558 0.733595
vt 0.2447194 0.7363825
vt 0.2529446 0.7355168
vt 0.2524639 0.7349906
vt 0.2275649 0.7340473
vt 0.2283558 0.733595
vt 0.2216874 0.7314041
vt 0.2529446 0.7355168
vt 0.2584376 0.7340636
vt 0.2576815 0.7336105
vt 0.2205451 0.7317405
vt 0.2216874 0.7314041
vt 0.2151452 0.7284261
vt 0.2584376 0.7340636
vt 0.2619373 0.7328292
vt 0.2610059 0.7324382
vt 0.2136583 0.7286053
vt 0.2151452 0.7284261
vt 0.2106063 0.7251921
vt 0.2619373 0.7328292
vt 0.2663031 0.7300801
vt 0.2651534 0.7298267
vt 0.2088803 0.7252006
vt 0.2106063 0.7251921
vt 0.2049943 0.7198891
vt 0.2663031 0.7300801
vt 0.2686154 0.7278929
vt 0.26735 0.727749
vt 0.2686154 0.7278929
vt 0.2717816 0.7241189
vt 0.2703579 0.7241638
vt 0.2717816 0.7241189
vt 0.2750698 0.7196184
vt 0.2734817 0.7198885
vt 0.306683 0.8198551
vt 0.3019168 0.8164173
vt 0.3017719 0.8218464
vt 0.3019168 0.8164173
vt 0.2969231 0.8148592
vt 0.2971804 0.822312
vt 0.2969231 0.8148592
vt 0.2927466 0.8148592
vt 0.2942364 0.8225813
vt 0.2942364 0.8225813
vt 0.2927466 0.8148592
vt 0.2893378 0.8156122
vt 0.2831613 0.8181908
vt 0.279361 0.8201767
vt 0.2806528 0.8232973
vt 0.2806528 0.8232973
vt 0.279361 0.8201767
vt 0.2728012 0.823624
vt 0.2300375 0.8201879
vt 0.2292714 0.8244818
vt 0.2364874 0.825309
vt 0.2292394 0.8255658
vt 0.2364874 0.825309
vt 0.2292714 0.8244818
vt 0.2364874 0.825309
vt 0.2420306 0.8250439
vt 0.2425878 0.8186238
vt 0.2420306 0.8250439
vt 0.249234 0.8246582
vt 0.2499093 0.8218026
vt 0.249234 0.8246582
vt 0.2562894 0.8243641
vt 0.2499093 0.8218026
vt 0.273034 0.8288576
vt 0.2728012 0.823624
vt 0.2653371 0.8248786
vt 0.2565215 0.8295976
vt 0.2655305 0.829194
vt 0.2653371 0.8248786
vt 0.2808883 0.8285053
vt 0.2806528 0.8232973
vt 0.2728012 0.823624
vt 0.2565215 0.8295976
vt 0.2562894 0.8243641
vt 0.249234 0.8246582
vt 0.2808883 0.8285053
vt 0.2862679 0.8282408
vt 0.2860061 0.8230608
vt 0.2494862 0.8299162
vt 0.249234 0.8246582
vt 0.2420306 0.8250439
vt 0.2897685 0.8280444
vt 0.2894726 0.8229065
vt 0.2860061 0.8230608
vt 0.2367087 0.8305215
vt 0.2422811 0.8302657
vt 0.2420306 0.8250439
vt 0.2946304 0.8277106
vt 0.2942364 0.8225813
vt 0.2894726 0.8229065
vt 0.2367087 0.8305215
vt 0.2364874 0.825309
vt 0.2292394 0.8255658
vt 0.2946304 0.8277106
vt 0.2976377 0.8274671
vt 0.2971804 0.822312
vt 0.2976377 0.8274671
vt 0.3022911 0.8270321
vt 0.3017719 0.8218464
vt 0.3022911 0.8270321
vt 0.307594 0.8264972
vt 0.3070356 0.8212517
vt 0.3080272 0.8308774
vt 0.307594 0.8264972
vt 0.3022911 0.8270321
vt 0.2980017 0.8318173
vt 0.3027036 0.8313975
vt 0.3022911 0.8270321
vt 0.2949621 0.832064
vt 0.2980017 0.8318173
vt 0.2976377 0.8274671
vt 0.2291663 0.8352066
vt 0.2369002 0.8348836
vt 0.2367087 0.8305215
vt 0.2949621 0.832064
vt 0.2946304 0.8277106
vt 0.2897685 0.8280444
vt 0.2369002 0.8348836
vt 0.2424849 0.8346285
vt 0.2422811 0.8302657
vt 0.2900364 0.8323914
vt 0.2897685 0.8280444
vt 0.2862679 0.8282408
vt 0.2496905 0.8342841
vt 0.2494862 0.8299162
vt 0.2422811 0.8302657
vt 0.2810969 0.8328596
vt 0.286503 0.8325904
vt 0.2862679 0.8282408
vt 0.2567191 0.8339606
vt 0.2565215 0.8295976
vt 0.2494862 0.8299162
vt 0.2810969 0.8328596
vt 0.2808883 0.8285053
vt 0.273034 0.8288576
vt 0.2567191 0.8339606
vt 0.2657268 0.8335552
vt 0.2655305 0.829194
vt 0.2657268 0.8335552
vt 0.273231 0.8332174
vt 0.273034 0.8288576
vt 0.1821594 0.8512651
vt 0.1756992 0.845568
vt 0.1738399 0.8554614
vt 0.1756992 0.845568
vt 0.1688747 0.8397217
vt 0.1671783 0.8543923
vt 0.1738399 0.8554614
vt 0.172312 0.8654162
vt 0.1805052 0.8619112
vt 0.1671783 0.8543923
vt 0.1629736 0.8693635
vt 0.172312 0.8654162
vt 0.1478449 0.8260339
vt 0.1436387 0.8359703
vt 0.1566852 0.8376666
vt 0.1670004 0.8292803
vt 0.1572465 0.8277331
vt 0.1566852 0.8376666
vt 0.1515235 0.8700361
vt 0.1379903 0.866736
vt 0.1376035 0.8881262
vt 0.1629736 0.8693635
vt 0.1515235 0.8700361
vt 0.1590324 0.8831414
vt 0.1590324 0.8831414
vt 0.1515235 0.8700361
vt 0.1478196 0.8890206
vt 0.1571265 0.8869917
vt 0.1478196 0.8890206
vt 0.1538855 0.8894778
vt 0.2401161 0.6736048
vt 0.2415643 0.6749898
vt 0.245467 0.6707895
vt 0.2372075 0.6794053
vt 0.2390598 0.6802745
vt 0.2415643 0.6749898
vt 0.2367634 0.6860167
vt 0.2387964 0.6862258
vt 0.2390598 0.6802745
vt 0.2389858 0.6923923
vt 0.2409271 0.6918616
vt 0.2387964 0.6862258
vt 0.2432801 0.697446
vt 0.2447847 0.6960866
vt 0.2409271 0.6918616
vt 0.2492141 0.70051
vt 0.2496516 0.6983554
vt 0.2447847 0.6960866
vt 0.2550511 0.6981403
vt 0.2496516 0.6983554
vt 0.2492141 0.70051
vt 0.260222 0.695588
vt 0.2550511 0.6981403
vt 0.2559313 0.6999735
vt 0.2669208 0.6858172
vt 0.2645912 0.6913452
vt 0.2665295 0.6920159
vt 0.2669324 0.679962
vt 0.2669208 0.6858172
vt 0.2689779 0.6858141
vt 0.2648676 0.6745961
vt 0.2669324 0.679962
vt 0.2688276 0.6792619
vt 0.2610191 0.6704552
vt 0.2648676 0.6745961
vt 0.2663625 0.6732911
vt 0.2559536 0.6682936
vt 0.2610191 0.6704552
vt 0.2619595 0.6687477
vt 0.2502855 0.6664771
vt 0.2505142 0.6683978
vt 0.2559536 0.6682936
vt 0.2445812 0.6690416
vt 0.245467 0.6707895
vt 0.2505142 0.6683978
vt 0.2618016 0.6968517
vt 0.2665295 0.6920159
vt 0.2645912 0.6913452
vt 0.0711956 0.8502023
vt 0.07524067 0.8431658
vt 0.07351869 0.8409704
vt 0.07535243 0.8503317
vt 0.07536041 0.8503975
vt 0.07524067 0.8431658
vt 0.07351869 0.8409704
vt 0.07524067 0.8431658
vt 0.07598733 0.8407479
vt 0.07836645 0.8349877
vt 0.07351869 0.8409704
vt 0.07598733 0.8407479
vt 0.08013266 0.8383055
vt 0.07598733 0.8407479
vt 0.08027154 0.8422058
vt 0.07598733 0.8407479
vt 0.07586026 0.8431308
vt 0.07818764 0.8436239
vt 0.07586026 0.8431308
vt 0.07536011 0.8504246
vt 0.07533228 0.8504704
vt 0.06368565 0.8491568
vt 0.06463694 0.8601274
vt 0.06998437 0.8587407
vt 0.06998437 0.8587407
vt 0.07297998 0.8570661
vt 0.0711956 0.8502023
vt 0.07297998 0.8570661
vt 0.07532781 0.8503684
vt 0.07535243 0.8503317
vt 0.05816853 0.8573533
vt 0.06463694 0.8601274
vt 0.06368565 0.8491568
vt 0.06566321 0.8720715
vt 0.07110333 0.8730256
vt 0.06463694 0.8601274
vt 0.0715748 0.8657762
vt 0.06998437 0.8587407
vt 0.06463694 0.8601274
vt 0.07297998 0.8570661
vt 0.06998437 0.8587407
vt 0.07321172 0.8602101
vt 0.07367116 0.8571461
vt 0.07583415 0.8565563
vt 0.07532227 0.8504137
vt 0.07464712 0.8592025
vt 0.0765509 0.8573236
vt 0.07583415 0.8565563
vt 0.07367116 0.8571461
vt 0.07532036 0.8503846
vt 0.07532781 0.8503684
vt 0.07321172 0.8602101
vt 0.07464712 0.8592025
vt 0.07367116 0.8571461
vt 0.07524067 0.8431658
vt 0.07586026 0.8431308
vt 0.07598733 0.8407479
vt 0.07536041 0.8503975
vt 0.07536011 0.8504246
vt 0.07586026 0.8431308
vt 0.0715748 0.8657762
vt 0.07321172 0.8602101
vt 0.06998437 0.8587407
vt 0.07816964 0.8739881
vt 0.07110333 0.8730256
vt 0.07479441 0.8841199
vt 0.08402758 0.8738251
vt 0.07816964 0.8739881
vt 0.0825439 0.8873796
vt 0.09041494 0.8873289
vt 0.0883342 0.8733812
vt 0.08402758 0.8738251
vt 0.09322476 0.8723313
vt 0.0883342 0.8733812
vt 0.09041494 0.8873289
vt 0.1032962 0.8874831
vt 0.09873098 0.8705649
vt 0.09322476 0.8723313
vt 0.1038155 0.8684339
vt 0.09873098 0.8705649
vt 0.1032962 0.8874831
vt 0.1088198 0.8663692
vt 0.1038155 0.8684339
vt 0.1097377 0.8866074
vt 0.1343982 0.8352811
vt 0.1342489 0.8369167
vt 0.1432493 0.8375596
vt 0.1369022 0.8654591
vt 0.1267347 0.8673611
vt 0.1268792 0.8689489
vt 0.1354147 0.8249256
vt 0.1343982 0.8352811
vt 0.1436387 0.8359703
vt 0.1379903 0.866736
vt 0.1268792 0.8689489
vt 0.1289687 0.8870766
vt 0.07534456 0.8503694
vt 0.07534754 0.8504205
vt 0.07536041 0.8503975
vt 0.07532781 0.8503684
vt 0.07532453 0.8503906
vt 0.07534456 0.8503694
vt 0.07534456 0.8503694
vt 0.07533532 0.8503959
vt 0.07533675 0.8504077
vt 0.07533317 0.8503934
vt 0.07533532 0.8503959
vt 0.07534456 0.8503694
vt 0.07532227 0.8504137
vt 0.07533138 0.8504013
vt 0.07532244 0.8503994
vt 0.07532227 0.8504137
vt 0.07532244 0.8503994
vt 0.07532036 0.8503846
vt 0.07532036 0.8503846
vt 0.07532244 0.8503994
vt 0.07532453 0.8503906
vt 0.07532453 0.8503906
vt 0.07532244 0.8503994
vt 0.07533138 0.8504013
vt 0.07536011 0.8504246
vt 0.07534545 0.8504441
vt 0.07533228 0.8504704
vt 0.07533228 0.8504704
vt 0.07534545 0.8504441
vt 0.07533407 0.8504241
vt 0.07534754 0.8504205
vt 0.07534605 0.8504361
vt 0.07536011 0.8504246
vt 0.07534754 0.8504205
vt 0.07533675 0.8504077
vt 0.07533425 0.85042
vt 0.1343982 0.8352811
vt 0.1240136 0.8347754
vt 0.1240094 0.8364043
vt 0.1240136 0.8347754
vt 0.1164631 0.8344719
vt 0.11649 0.8361097
vt 0.1164631 0.8344719
vt 0.1088682 0.8341567
vt 0.108921 0.8357369
vt 0.1088682 0.8341567
vt 0.1032158 0.8341854
vt 0.10335 0.8356795
vt 0.1088198 0.8663692
vt 0.120585 0.8847135
vt 0.1180159 0.867897
vt 0.1088198 0.8663692
vt 0.1180159 0.867897
vt 0.1180621 0.8666025
vt 0.1180159 0.867897
vt 0.1268792 0.8689489
vt 0.1267347 0.8673611
vt 0.1261394 0.8548009
vt 0.1190824 0.8532376
vt 0.1180621 0.8666025
vt 0.1190824 0.8532376
vt 0.1108173 0.8518799
vt 0.108902 0.8652636
vt 0.120585 0.8847135
vt 0.1289687 0.8870766
vt 0.1268792 0.8689489
vt 0.1238999 0.8392301
vt 0.1340694 0.8397301
vt 0.1342489 0.8369167
vt 0.1163462 0.8390614
vt 0.1238999 0.8392301
vt 0.1240094 0.8364043
vt 0.1087816 0.8385754
vt 0.1163462 0.8390614
vt 0.11649 0.8361097
vt 0.1033985 0.838277
vt 0.1087816 0.8385754
vt 0.108921 0.8357369
vt 0.1108173 0.8518799
vt 0.104731 0.8512666
vt 0.1024468 0.8623173
vt 0.108902 0.8652636
vt 0.1024468 0.8623173
vt 0.1038343 0.8665422
vt 0.1038155 0.8684339
vt 0.1088198 0.8663692
vt 0.1038343 0.8665422
vt 0.1024468 0.8623173
vt 0.09817367 0.8613564
vt 0.09763842 0.8643649
vt 0.09817367 0.8613564
vt 0.09116363 0.8589842
vt 0.09047603 0.8614574
vt 0.09116363 0.8589842
vt 0.08850342 0.8580399
vt 0.0880925 0.8598347
vt 0.09894436 0.8364553
vt 0.09918248 0.8369125
vt 0.10335 0.8356795
vt 0.09918248 0.8369125
vt 0.0998314 0.8387414
vt 0.1033985 0.838277
vt 0.09894436 0.8364553
vt 0.09550309 0.8372936
vt 0.09576612 0.8377394
vt 0.09918248 0.8369125
vt 0.09576612 0.8377394
vt 0.0964905 0.839547
vt 0.09550309 0.8372936
vt 0.09235984 0.8382311
vt 0.09259873 0.8385658
vt 0.09576612 0.8377394
vt 0.09259873 0.8385658
vt 0.09343856 0.8403411
vt 0.09235984 0.8382311
vt 0.09089773 0.8389171
vt 0.09118753 0.8392699
vt 0.09259873 0.8385658
vt 0.09118753 0.8392699
vt 0.09194678 0.840782
vt 0.09089773 0.8389171
vt 0.08739793 0.8413519
vt 0.08776491 0.8417397
vt 0.09118753 0.8392699
vt 0.08776491 0.8417397
vt 0.08857244 0.8430369
vt 0.08739793 0.8413519
vt 0.08582091 0.8427488
vt 0.08617109 0.8430659
vt 0.08617109 0.8430659
vt 0.08632433 0.8443962
vt 0.08857244 0.8430369
vt 0.0851261 0.8434019
vt 0.08542877 0.8438739
vt 0.08617109 0.8430659
vt 0.08542877 0.8438739
vt 0.08577811 0.8446402
vt 0.08632433 0.8443962
vt 0.09927374 0.8263492
vt 0.09470814 0.8278558
vt 0.09894436 0.8364553
vt 0.09254181 0.8311536
vt 0.09550309 0.8372936
vt 0.09894436 0.8364553
vt 0.09143364 0.8358689
vt 0.09235984 0.8382311
vt 0.09550309 0.8372936
vt 0.09235984 0.8382311
vt 0.09143364 0.8358689
vt 0.09089773 0.8389171
vt 0.1082418 0.8248463
vt 0.09927374 0.8263492
vt 0.1032158 0.8341854
vt 0.116614 0.8244179
vt 0.1082418 0.8248463
vt 0.1088682 0.8341567
vt 0.09027731 0.8229675
vt 0.08417749 0.8244562
vt 0.0855444 0.8264734
vt 0.08417749 0.8244562
vt 0.08051759 0.8293775
vt 0.08344924 0.8294827
vt 0.07836645 0.8349877
vt 0.08013266 0.8383055
vt 0.08344924 0.8294827
vt 0.09933686 0.8190622
vt 0.09852236 0.8230452
vt 0.1071611 0.8214914
vt 0.1154054 0.821181
vt 0.1071611 0.8214914
vt 0.1082418 0.8248463
vt 0.1071611 0.8214914
vt 0.09852236 0.8230452
vt 0.09927374 0.8263492
vt 0.09470814 0.8278558
vt 0.09927374 0.8263492
vt 0.09852236 0.8230452
vt 0.09089773 0.8389171
vt 0.09143364 0.8358689
vt 0.08013266 0.8383055
vt 0.08344924 0.8294827
vt 0.08013266 0.8383055
vt 0.09143364 0.8358689
vt 0.09067398 0.8250728
vt 0.0855444 0.8264734
vt 0.09254181 0.8311536
vt 0.09254181 0.8311536
vt 0.0855444 0.8264734
vt 0.08344924 0.8294827
vt 0.0851261 0.8434019
vt 0.08029603 0.8422269
vt 0.08542877 0.8438739
vt 0.08542877 0.8438739
vt 0.08029603 0.8422269
vt 0.0802071 0.8439153
vt 0.09089773 0.8389171
vt 0.08029603 0.8422269
vt 0.08739793 0.8413519
vt 0.08739793 0.8413519
vt 0.08029603 0.8422269
vt 0.08582091 0.8427488
vt 0.08582091 0.8427488
vt 0.08029603 0.8422269
vt 0.0851261 0.8434019
vt 0.12541 0.8246585
vt 0.1354147 0.8249256
vt 0.125834 0.821708
vt 0.116614 0.8244179
vt 0.1164631 0.8344719
vt 0.1240136 0.8347754
vt 0.12541 0.8246585
vt 0.1240136 0.8347754
vt 0.1343982 0.8352811
vt 0.116614 0.8244179
vt 0.12541 0.8246585
vt 0.125834 0.821708
vt 0.0880925 0.8598347
vt 0.07752513 0.8587223
vt 0.08966451 0.8648224
vt 0.1038343 0.8665422
vt 0.09763842 0.8643649
vt 0.09647285 0.8654022
vt 0.09873098 0.8705649
vt 0.1038155 0.8684339
vt 0.1038343 0.8665422
vt 0.09322476 0.8723313
vt 0.09873098 0.8705649
vt 0.09647285 0.8654022
vt 0.09047603 0.8614574
vt 0.08966451 0.8648224
vt 0.09647285 0.8654022
vt 0.0883342 0.8733812
vt 0.09322476 0.8723313
vt 0.08966451 0.8648224
vt 0.07752513 0.8587223
vt 0.08402758 0.8738251
vt 0.0883342 0.8733812
vt 0.07752513 0.8587223
vt 0.07816964 0.8739881
vt 0.08402758 0.8738251
vt 0.07816964 0.8739881
vt 0.07752513 0.8587223
vt 0.0715748 0.8657762
vt 0.0715748 0.8657762
vt 0.07752513 0.8587223
vt 0.07321172 0.8602101
vt 0.07321172 0.8602101
vt 0.07752513 0.8587223
vt 0.0746656 0.8592271
vt 0.08051759 0.8293775
vt 0.08417749 0.8244562
vt 0.07872444 0.8277177
vt 0.07799035 0.825404
vt 0.07872444 0.8277177
vt 0.08417749 0.8244562
vt 0.08959186 0.8203381
vt 0.09027731 0.8229675
vt 0.09852236 0.8230452
vt 0.09067398 0.8250728
vt 0.09852236 0.8230452
vt 0.09027731 0.8229675
vt 0.3143386 0.7985702
vt 0.3143391 0.7954234
vt 0.312627 0.7954231
vt 0.312627 0.7954231
vt 0.2903766 0.7954264
vt 0.2903776 0.7985725
vt 0.2903776 0.7985725
vt 0.2903766 0.7954264
vt 0.2886655 0.7954272
vt 0.3143457 0.7751329
vt 0.3126333 0.7751308
vt 0.312627 0.7954231
vt 0.312627 0.7954231
vt 0.3126333 0.7751308
vt 0.2903644 0.7751334
vt 0.2903644 0.7751334
vt 0.2886515 0.7751369
vt 0.2886655 0.7954272
vt 0.0880925 0.8598347
vt 0.08850342 0.8580399
vt 0.07733756 0.8569322
vt 0.3138104 0.7696287
vt 0.311965 0.7668471
vt 0.3126333 0.7751308
vt 0.2903644 0.7751334
vt 0.290206 0.7668466
vt 0.2891795 0.7696311
vt 0.3001798 0.7668538
vt 0.290206 0.7668466
vt 0.2903644 0.7751334
vt 0.311965 0.7668471
vt 0.3001798 0.7668538
vt 0.3126333 0.7751308
vt 0.2997423 0.6670234
vt 0.2997423 0.665189
vt 0.2845932 0.6660814
vt 0.2845932 0.6660814
vt 0.2692411 0.665189
vt 0.2692411 0.6670234
vt 0.2884217 0.7337854
vt 0.2876558 0.7354522
vt 0.2996557 0.735698
vt 0.2760987 0.7340303
vt 0.275333 0.7356972
vt 0.2876558 0.7354522
vt 0.1614599 0.8680294
vt 0.1509516 0.8682495
vt 0.1515235 0.8700361
vt 0.1509516 0.8682495
vt 0.13858 0.8648115
vt 0.1379903 0.866736
vt 0.2995656 0.655687
vt 0.2989515 0.6574156
vt 0.307117 0.657416
vt 0.3000053 0.6660814
vt 0.3000053 0.6679158
vt 0.3014042 0.6673418
vt 0.3091336 0.6576791
vt 0.2989515 0.6576791
vt 0.2993553 0.6594685
vt 0.2644134 0.6659953
vt 0.2658123 0.666214
vt 0.2658123 0.6643796
vt 0.2368252 0.666214
vt 0.2504208 0.666214
vt 0.2503589 0.6643807
vt 0.2905751 0.6575313
vt 0.2908737 0.6557214
vt 0.2826884 0.6560309
vt 0.2986883 0.6576586
vt 0.2908737 0.6557214
vt 0.2905751 0.6575313
vt 0.2616041 0.666214
vt 0.2641503 0.666214
vt 0.2641503 0.6643796
vt 0.2697543 0.807066
vt 0.2704762 0.8087525
vt 0.2783806 0.8039938
vt 0.2643635 0.8112802
vt 0.2704762 0.8087525
vt 0.2697543 0.807066
vt 0.2580143 0.8132555
vt 0.2643635 0.8112802
vt 0.2636414 0.8095937
vt 0.25301 0.8145961
vt 0.2580143 0.8132555
vt 0.257292 0.8115691
vt 0.2823899 0.657841
vt 0.2826884 0.6560309
vt 0.2771793 0.6576586
vt 0.2611526 0.666214
vt 0.2613411 0.6643893
vt 0.2508723 0.6643893
vt 0.3037126 0.809407
vt 0.3045091 0.8077546
vt 0.3005968 0.8085421
vt 0.2998003 0.8101944
vt 0.3005968 0.8085421
vt 0.293422 0.8111462
vt 0.2926255 0.8127987
vt 0.293422 0.8111462
vt 0.2904013 0.8129436
vt 0.2497242 0.8131451
vt 0.25301 0.8145961
vt 0.2522876 0.8129098
vt 0.2468773 0.8112795
vt 0.2497242 0.8131451
vt 0.2490014 0.8114591
vt 0.2441555 0.8095559
vt 0.2468773 0.8112795
vt 0.246154 0.8095939
vt 0.2426672 0.8086721
vt 0.2441555 0.8095559
vt 0.2434318 0.8078707
vt 0.2391791 0.8062781
vt 0.2426672 0.8086721
vt 0.2419431 0.8069871
vt 0.2363731 0.8042868
vt 0.2391791 0.8062781
vt 0.2384548 0.8045931
vt 0.2356309 0.803787
vt 0.2363731 0.8042868
vt 0.2360487 0.8028662
vt 0.2903778 0.8004063
vt 0.312627 0.8004038
vt 0.3126269 0.7985701
vt 0.2896049 0.8145961
vt 0.2904013 0.8129436
vt 0.2794401 0.8077546
vt 0.2289841 0.8054871
vt 0.2297086 0.8071724
vt 0.2356309 0.803787
vt 0.2860061 0.8230608
vt 0.2860023 0.8167707
vt 0.2831613 0.8181908
vt 0.2860023 0.8167707
vt 0.2860061 0.8230608
vt 0.2894726 0.8229065
vt 0.2230347 0.8598452
vt 0.2221391 0.8520967
vt 0.2150593 0.8541016
vt 0.2156233 0.8606288
vt 0.2150593 0.8541016
vt 0.2096824 0.8550007
vt 0.2211778 0.8697927
vt 0.2230347 0.8598452
vt 0.2156233 0.8606288
vt 0.2143496 0.8678936
vt 0.2156233 0.8606288
vt 0.2101548 0.8608853
vt 0.2181888 0.8759266
vt 0.2211778 0.8697927
vt 0.2143496 0.8678936
vt 0.2128578 0.8736177
vt 0.2143496 0.8678936
vt 0.2080442 0.8663412
vt 0.1961688 0.883665
vt 0.1976953 0.8775211
vt 0.1919907 0.8766469
vt 0.1976953 0.8775211
vt 0.1983321 0.8727883
vt 0.192557 0.87285
vt 0.1904271 0.883082
vt 0.1919907 0.8766469
vt 0.1860366 0.8755484
vt 0.1860366 0.8755484
vt 0.1919907 0.8766469
vt 0.192557 0.87285
vt 0.1841765 0.8819138
vt 0.1860366 0.8755484
vt 0.1803369 0.8746474
vt 0.1803369 0.8746474
vt 0.1860366 0.8755484
vt 0.187207 0.8708785
vt 0.2013751 0.8835544
vt 0.2098778 0.8811101
vt 0.2079487 0.8765862
vt 0.200118 0.8775502
vt 0.2079487 0.8765862
vt 0.2038449 0.8705748
vt 0.1976953 0.8775211
vt 0.200118 0.8775502
vt 0.1983321 0.8727883
vt 0.2013751 0.8835544
vt 0.200118 0.8775502
vt 0.1976953 0.8775211
vt 0.2079487 0.8765862
vt 0.2128578 0.8736177
vt 0.2038449 0.8705748
vt 0.2098778 0.8811101
vt 0.2181888 0.8759266
vt 0.2128578 0.8736177
vt 0.2002433 0.8350148
vt 0.1983012 0.8408967
vt 0.2034888 0.8413858
vt 0.1983012 0.8408967
vt 0.1967554 0.8443146
vt 0.2022698 0.8460101
vt 0.1931422 0.8340421
vt 0.1921874 0.8402169
vt 0.1983012 0.8408967
vt 0.1921874 0.8402169
vt 0.1910828 0.8446867
vt 0.1967554 0.8443146
vt 0.1931422 0.8340421
vt 0.1867811 0.8333071
vt 0.1865112 0.8394779
vt 0.1865112 0.8394779
vt 0.1859723 0.847124
vt 0.1910828 0.8446867
vt 0.2202178 0.8478936
vt 0.2138266 0.8492426
vt 0.2150593 0.8541016
vt 0.2138266 0.8492426
vt 0.2068739 0.8497331
vt 0.2096824 0.8550007
vt 0.2124843 0.8399996
vt 0.2092188 0.8424268
vt 0.2117311 0.8458445
vt 0.2092188 0.8424268
vt 0.2022698 0.8460101
vt 0.2068739 0.8497331
vt 0.2063336 0.8415493
vt 0.2034888 0.8413858
vt 0.2022698 0.8460101
vt 0.2042253 0.8360611
vt 0.2034888 0.8413858
vt 0.2063336 0.8415493
vt 0.2092188 0.8424268
vt 0.2063336 0.8415493
vt 0.2022698 0.8460101
vt 0.2089306 0.8376423
vt 0.2063336 0.8415493
vt 0.2092188 0.8424268
vt 0.2125739 0.8471738
vt 0.2117311 0.8458445
vt 0.2068739 0.8497331
vt 0.2152015 0.8419607
vt 0.2117311 0.8458445
vt 0.2125739 0.8471738
vt 0.2138266 0.8492426
vt 0.2125739 0.8471738
vt 0.2068739 0.8497331
vt 0.2173149 0.8439789
vt 0.2125739 0.8471738
vt 0.2138266 0.8492426
vt 0.1783676 0.8809463
vt 0.1803369 0.8746474
vt 0.1738432 0.8736756
vt 0.1738432 0.8736756
vt 0.1803369 0.8746474
vt 0.1829634 0.8670351
vt 0.1867811 0.8333071
vt 0.1799934 0.8317822
vt 0.1805657 0.8386556
vt 0.1805657 0.8386556
vt 0.1821594 0.8512651
vt 0.1859723 0.847124
vt 0.1738432 0.8736756
vt 0.171151 0.8732334
vt 0.1710057 0.8802497
vt 0.172312 0.8654162
vt 0.171151 0.8732334
vt 0.1738432 0.8736756
vt 0.171151 0.8732334
vt 0.1629736 0.8693635
vt 0.161655 0.8813496
vt 0.172312 0.8654162
vt 0.1629736 0.8693635
vt 0.171151 0.8732334
vt 0.171151 0.8732334
vt 0.161655 0.8813496
vt 0.1710057 0.8802497
vt 0.1749418 0.8381146
vt 0.1688747 0.8397217
vt 0.1756992 0.845568
vt 0.1799934 0.8317822
vt 0.1748012 0.8307422
vt 0.1749418 0.8381146
vt 0.1688747 0.8397217
vt 0.1749418 0.8381146
vt 0.1748012 0.8307422
vt 0.1805657 0.8386556
vt 0.1749418 0.8381146
vt 0.1756992 0.845568
vt 0.8890501 0.0265461
vt 0.8856576 0.023807
vt 0.8853302 0.0278197
vt 0.8856576 0.023807
vt 0.8820263 0.0224531
vt 0.8819133 0.0279837
vt 0.8820263 0.0224531
vt 0.8789355 0.0222819
vt 0.8797216 0.0280604
vt 0.8797216 0.0280604
vt 0.8789355 0.0222819
vt 0.8763815 0.022699
vt 0.8761802 0.0281036
vt 0.8763815 0.022699
vt 0.8738653 0.0234184
vt 0.8738653 0.0234184
vt 0.8717039 0.0243516
vt 0.8736075 0.0280741
vt 0.8717039 0.0243516
vt 0.8688089 0.0256634
vt 0.8696351 0.0280268
vt 0.8696351 0.0280268
vt 0.8688089 0.0256634
vt 0.8638099 0.0279416
vt 0.8322983 0.0236119
vt 0.8315518 0.0267585
vt 0.8368589 0.0276722
vt 0.8314828 0.0275596
vt 0.8368589 0.0276722
vt 0.8315518 0.0267585
vt 0.8368589 0.0276722
vt 0.8409733 0.0277074
vt 0.841654 0.0229782
vt 0.8409733 0.0277074
vt 0.8463216 0.0277229
vt 0.8469408 0.0256373
vt 0.8463216 0.0277229
vt 0.8515565 0.0278
vt 0.8469408 0.0256373
vt 0.863764 0.0318252
vt 0.8638099 0.0279416
vt 0.8582324 0.0285588
vt 0.8515096 0.0316839
vt 0.8581956 0.0317613
vt 0.8582324 0.0285588
vt 0.8695927 0.0318916
vt 0.8696351 0.0280268
vt 0.8638099 0.0279416
vt 0.8515096 0.0316839
vt 0.8515565 0.0278
vt 0.8463216 0.0277229
vt 0.8695927 0.0318916
vt 0.8735862 0.0319195
vt 0.8736075 0.0280741
vt 0.8462883 0.0316255
vt 0.8463216 0.0277229
vt 0.8409733 0.0277074
vt 0.876186 0.0319194
vt 0.8761802 0.0281036
vt 0.8736075 0.0280741
vt 0.8368051 0.03154
vt 0.8409408 0.0315831
vt 0.8409733 0.0277074
vt 0.8797994 0.0318727
vt 0.8797216 0.0280604
vt 0.8761802 0.0281036
vt 0.8368051 0.03154
vt 0.8368589 0.0276722
vt 0.8314828 0.0275596
vt 0.8797994 0.0318727
vt 0.8820354 0.0318155
vt 0.8819133 0.0279837
vt 0.8820354 0.0318155
vt 0.8855034 0.0316888
vt 0.8853302 0.0278197
vt 0.8853302 0.0278197
vt 0.8855034 0.0316888
vt 0.8894532 0.0315089
vt 0.8895929 0.0347708
vt 0.8894532 0.0315089
vt 0.8855034 0.0316888
vt 0.8821278 0.035056
vt 0.8856275 0.0349351
vt 0.8855034 0.0316888
vt 0.8798653 0.0351124
vt 0.8821278 0.035056
vt 0.8820354 0.0318155
vt 0.8310261 0.0346934
vt 0.8367649 0.0347773
vt 0.8368051 0.03154
vt 0.8798653 0.0351124
vt 0.8797994 0.0318727
vt 0.876186 0.0319194
vt 0.8367649 0.0347773
vt 0.84091 0.0348213
vt 0.8409408 0.0315831
vt 0.8762037 0.0351496
vt 0.876186 0.0319194
vt 0.8735862 0.0319195
vt 0.84091 0.0348213
vt 0.8462567 0.0348676
vt 0.8462883 0.0316255
vt 0.8735792 0.0351496
vt 0.8735862 0.0319195
vt 0.8695927 0.0318916
vt 0.8514736 0.034922
vt 0.8515096 0.0316839
vt 0.8462883 0.0316255
vt 0.8637281 0.0350609
vt 0.8695657 0.0351237
vt 0.8695927 0.0318916
vt 0.8514736 0.034922
vt 0.8581588 0.0349979
vt 0.8581956 0.0317613
vt 0.8637281 0.0350609
vt 0.863764 0.0318252
vt 0.8581956 0.0317613
vt 0.86117 0.0926033
vt 0.8632198 0.0958326
vt 0.8637018 0.0953468
vt 0.8591649 0.0898812
vt 0.86117 0.0926033
vt 0.8615905 0.0920206
vt 0.8576675 0.0882903
vt 0.8591649 0.0898812
vt 0.8595255 0.0892168
vt 0.8120421 0.091622
vt 0.8168408 0.0883248
vt 0.8162031 0.0875307
vt 0.8547559 0.0862725
vt 0.8576675 0.0882903
vt 0.8579832 0.0875782
vt 0.8168408 0.0883248
vt 0.8206118 0.0864684
vt 0.8200872 0.0856188
vt 0.8523667 0.0853853
vt 0.8547559 0.0862725
vt 0.8549846 0.0854998
vt 0.8206118 0.0864684
vt 0.825865 0.0851284
vt 0.8254978 0.0842389
vt 0.8485946 0.0843789
vt 0.8523667 0.0853853
vt 0.8525238 0.0845858
vt 0.825865 0.0851284
vt 0.8310169 0.0844631
vt 0.8307804 0.0835811
vt 0.8429227 0.0839724
vt 0.8485946 0.0843789
vt 0.8486388 0.0835488
vt 0.8310169 0.0844631
vt 0.8375495 0.0840799
vt 0.8374195 0.0832204
vt 0.8375495 0.0840799
vt 0.8429227 0.0839724
vt 0.8428461 0.0831381
vt 0.8069469 0.0569031
vt 0.8059705 0.0572072
vt 0.8074209 0.0601816
vt 0.8631607 0.0485543
vt 0.8621585 0.0516511
vt 0.8628333 0.0518074
vt 0.8615947 0.0556348
vt 0.8628333 0.0518074
vt 0.8621585 0.0516511
vt 0.808355 0.059791
vt 0.8074209 0.0601816
vt 0.8095192 0.0635865
vt 0.83059 0.0754487
vt 0.8303219 0.0763109
vt 0.837244 0.0766826
vt 0.8373152 0.0758035
vt 0.837244 0.0766826
vt 0.8429996 0.0760101
vt 0.8103922 0.0630966
vt 0.8095192 0.0635865
vt 0.8099848 0.0642605
vt 0.810844 0.0637511
vt 0.8099848 0.0642605
vt 0.8121441 0.066741
vt 0.8255605 0.0749184
vt 0.8251423 0.0757637
vt 0.8303219 0.0763109
vt 0.8201572 0.0726679
vt 0.8156437 0.0684826
vt 0.8149285 0.0691341
vt 0.8201572 0.0726679
vt 0.8195773 0.0734452
vt 0.8251423 0.0757637
vt 0.8129403 0.0661594
vt 0.8121441 0.066741
vt 0.8149285 0.0691341
vt 0.8481341 0.0734149
vt 0.8483862 0.0742235
vt 0.8514363 0.0730317
vt 0.8510947 0.0722576
vt 0.8514363 0.0730317
vt 0.853365 0.071561
vt 0.8529669 0.0708295
vt 0.853365 0.071561
vt 0.855062 0.0694765
vt 0.8429051 0.0751497
vt 0.8429996 0.0760101
vt 0.8483862 0.0742235
vt 0.8561006 0.0666858
vt 0.8565933 0.0672932
vt 0.8581737 0.0645285
vt 0.8546141 0.0688056
vt 0.855062 0.0694765
vt 0.8565933 0.0672932
vt 0.8586467 0.0602688
vt 0.8592162 0.0606837
vt 0.8611259 0.0566314
vt 0.8576349 0.0640017
vt 0.8581737 0.0645285
vt 0.8592162 0.0606837
vt 0.860956 0.055367
vt 0.8605009 0.0563345
vt 0.8611259 0.0566314
vt 0.8651462 0.0765462
vt 0.8692017 0.0764211
vt 0.8690193 0.0753335
vt 0.8616161 0.0766123
vt 0.8651462 0.0765462
vt 0.8656004 0.0724187
vt 0.8593543 0.0766226
vt 0.8616161 0.0766123
vt 0.8619025 0.0709168
vt 0.8560847 0.0709951
vt 0.8557026 0.0765539
vt 0.8593543 0.0766226
vt 0.8560847 0.0709951
vt 0.853473 0.071654
vt 0.8557026 0.0765539
vt 0.853059 0.0764338
vt 0.8557026 0.0765539
vt 0.853473 0.071654
vt 0.8489767 0.0762567
vt 0.853059 0.0764338
vt 0.8512188 0.0725443
vt 0.8481985 0.073805
vt 0.8429996 0.0760101
vt 0.8489767 0.0762567
vt 0.8148853 0.0779446
vt 0.8127858 0.0721967
vt 0.8096714 0.0743025
vt 0.8148853 0.0779446
vt 0.8092842 0.0776462
vt 0.8093106 0.0784831
vt 0.8192635 0.0724947
vt 0.8127858 0.0721967
vt 0.8148853 0.0779446
vt 0.825063 0.0745892
vt 0.8192635 0.0724947
vt 0.8191443 0.0774695
vt 0.8300946 0.0762817
vt 0.825063 0.0745892
vt 0.8249566 0.0768059
vt 0.853059 0.0764338
vt 0.8489767 0.0762567
vt 0.8488056 0.080217
vt 0.8191443 0.0774695
vt 0.8195847 0.0814899
vt 0.8251207 0.0808737
vt 0.8557026 0.0765539
vt 0.853059 0.0764338
vt 0.8529068 0.0803919
vt 0.8191443 0.0774695
vt 0.8148853 0.0779446
vt 0.8152968 0.0819493
vt 0.8557026 0.0765539
vt 0.8555889 0.0804809
vt 0.8593122 0.0805544
vt 0.8093106 0.0784831
vt 0.8093601 0.0825579
vt 0.8152968 0.0819493
vt 0.8593543 0.0766226
vt 0.8593122 0.0805544
vt 0.8616198 0.0805691
vt 0.8651462 0.0765462
vt 0.8616161 0.0766123
vt 0.8616198 0.0805691
vt 0.8652145 0.0805558
vt 0.8693058 0.0804617
vt 0.8692017 0.0764211
vt 0.869305 0.0805548
vt 0.8652145 0.0805558
vt 0.8652152 0.0839218
vt 0.8652145 0.0805558
vt 0.8616198 0.0805691
vt 0.8615998 0.0839155
vt 0.8593122 0.0805544
vt 0.8592682 0.083891
vt 0.8615998 0.0839155
vt 0.8093601 0.0825579
vt 0.8097042 0.0859135
vt 0.815649 0.085304
vt 0.8555889 0.0804809
vt 0.8554989 0.0838097
vt 0.8592682 0.083891
vt 0.8152968 0.0819493
vt 0.815649 0.085304
vt 0.8199482 0.0848482
vt 0.8555889 0.0804809
vt 0.8529068 0.0803919
vt 0.8527872 0.0837279
vt 0.8195847 0.0814899
vt 0.8199482 0.0848482
vt 0.8254978 0.0842389
vt 0.8529068 0.0803919
vt 0.8488056 0.080217
vt 0.8486388 0.0835488
vt 0.8307804 0.0835811
vt 0.8305067 0.0802338
vt 0.8251207 0.0808737
vt 0.8305067 0.0802338
vt 0.8300946 0.0762817
vt 0.8249566 0.0768059
vt 0.8307804 0.0835811
vt 0.8374195 0.0832204
vt 0.8373201 0.079972
vt 0.8305067 0.0802338
vt 0.8373201 0.079972
vt 0.837244 0.0766826
vt 0.8428461 0.0831381
vt 0.842917 0.0799405
vt 0.8373201 0.079972
vt 0.842917 0.0799405
vt 0.8429996 0.0760101
vt 0.837244 0.0766826
vt 0.8428461 0.0831381
vt 0.8486388 0.0835488
vt 0.8488056 0.080217
vt 0.842917 0.0799405
vt 0.8488056 0.080217
vt 0.8489767 0.0762567
vt 0.3160677 0.91776115
vt 0.3160677 0.8773158
vt 0.2289841 0.8773158
vt 0.1637282 0.0740428
vt 0.1641716 0.0671534
vt 0.157219 0.0740428
vt 0.3099858 0.8124828
vt 0.3082904 0.8352066
vt 0.3250076 0.813041
vt 0.3006539 0.7360607
vt 0.3006539 0.766562
vt 0.3128063 0.7360847
vt 0.2886515 0.7360607
vt 0.2886515 0.766562
vt 0.3006539 0.7360607
vt 0.09894829 0.0939223
vt 0.09964901 0.0940294
vt 0.07398492 0.0940012
vt 0.07234656 0.0940241
vt 0.09830218 0.0937506
vt 0.07398492 0.0940012
vt 0.07234656 0.0940241
vt 0.07053464 0.0940136
vt 0.09830218 0.0937506
vt 0.07053464 0.0940136
vt 0.06854069 0.0939668
vt 0.0977323 0.0935219
vt 0.06854069 0.0939668
vt 0.06635445 0.093881
vt 0.0972585 0.0932451
vt 0.06635445 0.093881
vt 0.06396347 0.0937528
vt 0.0969004 0.0929301
vt 0.06396347 0.0937528
vt 0.06165581 0.0935677
vt 0.09667688 0.0925877
vt 0.06412261 0.0932028
vt 0.09670704 0.0918692
vt 0.06165581 0.0935677
vt 0.06412261 0.0932028
vt 0.06658965 0.0928934
vt 0.09670704 0.0918692
vt 0.06871086 0.092638
vt 0.09731775 0.0911751
vt 0.06658965 0.0928934
vt 0.06871086 0.092638
vt 0.07065898 0.0924331
vt 0.09731775 0.0911751
vt 0.07065898 0.0924331
vt 0.07244086 0.092276
vt 0.09779626 0.0908671
vt 0.07396519 0.0921545
vt 0.09901279 0.0903851
vt 0.07244086 0.092276
vt 0.07396519 0.0921545
vt 0.075549 0.0920824
vt 0.09901279 0.0903851
vt 0.075549 0.0920824
vt 0.07702791 0.0920395
vt 0.09971392 0.0902301
vt 0.07702791 0.0920395
vt 0.07837527 0.0920327
vt 0.100449 0.0901421
vt 0.07883304 0.092085
vt 0.1019273 0.0901858
vt 0.07837527 0.0920327
vt 0.07977199 0.0921461
vt 0.1026262 0.0903219
vt 0.07883304 0.092085
vt 0.08056885 0.0922363
vt 0.1032636 0.0905318
vt 0.07977199 0.0921461
vt 0.08056885 0.0922363
vt 0.08070421 0.0923487
vt 0.1032636 0.0905318
vt 0.08115357 0.0924837
vt 0.1042422 0.0911487
vt 0.08070421 0.0923487
vt 0.08107048 0.0926216
vt 0.1045246 0.0915344
vt 0.08115357 0.0924837
vt 0.08107048 0.0926216
vt 0.08117985 0.092784
vt 0.1045246 0.0915344
vt 0.08117985 0.092784
vt 0.0808714 0.0929346
vt 0.104628 0.0919502
vt 0.0808714 0.0929346
vt 0.08064228 0.093106
vt 0.1045162 0.0923735
vt 0.0802533 0.0932751
vt 0.103783 0.0931542
vt 0.08064228 0.093106
vt 0.0802533 0.0932751
vt 0.0796808 0.0934472
vt 0.103783 0.0931542
vt 0.0796808 0.0934472
vt 0.07900142 0.0936113
vt 0.1032251 0.0934741
vt 0.07900142 0.0936113
vt 0.0781821 0.0937623
vt 0.1025797 0.093731
vt 0.0781821 0.0937623
vt 0.07750338 0.0938163
vt 0.1018744 0.0939175
vt 0.07750338 0.0938163
vt 0.0763787 0.0939211
vt 0.1011356 0.0940297
vt 0.0763787 0.0939211
vt 0.07509583 0.094002
vt 0.1003856 0.0940664
vt 0.1357327 0.0739404
vt 0.1357294 0.0709878
vt 0.1344159 0.0739419
vt 0.1357294 0.0709878
vt 0.1357327 0.0739404
vt 0.1370462 0.0709864
vt 0.1370495 0.073939
vt 0.1383664 0.0739375
vt 0.1370462 0.0709864
vt 0.138363 0.0709849
vt 0.1383664 0.0739375
vt 0.1396798 0.0709834
vt 0.1396831 0.073936
vt 0.141 0.0739345
vt 0.1396798 0.0709834
vt 0.1409966 0.070982
vt 0.141 0.0739345
vt 0.1423134 0.0709804
vt 0.1436336 0.0739314
vt 0.1436301 0.0709789
vt 0.1423168 0.073933
vt 0.1436336 0.0739314
vt 0.1449455 0.0739299
vt 0.1436301 0.0709789
vt 0.1449469 0.0709766
vt 0.1449455 0.0739299
vt 0.1462636 0.0709801
vt 0.1462574 0.0739326
vt 0.1475742 0.0739354
vt 0.1462636 0.0709801
vt 0.1475742 0.0739354
vt 0.148891 0.0739381
vt 0.1475804 0.0709829
vt 0.148891 0.0739381
vt 0.1502078 0.0739409
vt 0.1488972 0.0709856
vt 0.1502078 0.0739409
vt 0.1515246 0.0739436
vt 0.1502139 0.0709883
vt 0.1515246 0.0739436
vt 0.1528413 0.0739463
vt 0.1515307 0.0709911
vt 0.1528474 0.0709938
vt 0.1528413 0.0739463
vt 0.1541641 0.0709966
vt 0.1541641 0.0709966
vt 0.1541581 0.0739491
vt 0.1554809 0.0709993
vt 0.1554809 0.0709993
vt 0.1554749 0.0739518
vt 0.1566336 0.0709131
vt 0.1914154 0.1504177
vt 0.1914153 0.1533702
vt 0.1929333 0.1503291
vt 0.1914153 0.1533702
vt 0.1914154 0.1504177
vt 0.1900985 0.1533702
vt 0.1887817 0.1504176
vt 0.1887817 0.1533702
vt 0.1900985 0.1504176
vt 0.1887817 0.1504176
vt 0.187465 0.1504176
vt 0.1887817 0.1533702
vt 0.187465 0.1533702
vt 0.187465 0.1504176
vt 0.1861482 0.1533702
vt 0.1861482 0.1533702
vt 0.1861482 0.1504176
vt 0.1846303 0.1534588
vt 0.1238866 0.0739533
vt 0.1238784 0.071
vt 0.1227305 0.0740428
vt 0.1251984 0.0739518
vt 0.1251952 0.0709993
vt 0.1238866 0.0739533
vt 0.1251952 0.0709993
vt 0.1251984 0.0739518
vt 0.126512 0.0709979
vt 0.1278319 0.073949
vt 0.1278287 0.0709965
vt 0.1265152 0.0739504
vt 0.1278319 0.073949
vt 0.1291487 0.0739475
vt 0.1278287 0.0709965
vt 0.1291487 0.0739475
vt 0.1304655 0.0739461
vt 0.1291455 0.070995
vt 0.1304655 0.0739461
vt 0.1317823 0.0739447
vt 0.1304623 0.0709936
vt 0.1317791 0.0709921
vt 0.1317823 0.0739447
vt 0.1330959 0.0709907
vt 0.1344159 0.0739419
vt 0.1344127 0.0709892
vt 0.1330991 0.0739433
vt 0.07260161 0.062165
vt 0.07150673 0.0614335
vt 0.0709995 0.0641174
vt 0.07031631 0.063661
vt 0.07150673 0.0614335
vt 0.06955718 0.0633466
vt 0.06955718 0.0633466
vt 0.0702902 0.0609296
vt 0.06875127 0.0631863
vt 0.06899869 0.0606728
vt 0.0676819 0.0606729
vt 0.06875127 0.0631863
vt 0.06792956 0.0631863
vt 0.0676819 0.0606729
vt 0.06712371 0.0633466
vt 0.06639045 0.0609298
vt 0.06517404 0.0614338
vt 0.06712371 0.0633466
vt 0.06517404 0.0614338
vt 0.06407928 0.0621653
vt 0.06636458 0.0636611
vt 0.06568139 0.0641175
vt 0.06407928 0.0621653
vt 0.06510043 0.0646985
vt 0.0631482 0.0630963
vt 0.06241673 0.0641911
vt 0.06510043 0.0646985
vt 0.06464391 0.0653817
vt 0.06241673 0.0641911
vt 0.06432944 0.0661408
vt 0.06191283 0.0654075
vt 0.06165593 0.0666988
vt 0.06432944 0.0661408
vt 0.0641691 0.0669466
vt 0.06165593 0.0666988
vt 0.06416898 0.0677682
vt 0.06165581 0.0680154
vt 0.06191253 0.0693066
vt 0.06416898 0.0677682
vt 0.06191253 0.0693066
vt 0.06241607 0.0705228
vt 0.06432914 0.0685741
vt 0.06464338 0.0693332
vt 0.06241607 0.0705228
vt 0.06499075 0.071403
vt 0.06314688 0.0716177
vt 0.06407701 0.0725491
vt 0.06499075 0.071403
vt 0.06407701 0.0725491
vt 0.06494975 0.0733058
vt 0.06554609 0.0713488
vt 0.06494975 0.0733058
vt 0.06639122 0.0737862
vt 0.06622278 0.0712824
vt 0.06639122 0.0737862
vt 0.06768226 0.0740428
vt 0.0669946 0.0712063
vt 0.06768226 0.0740428
vt 0.06899857 0.0740428
vt 0.06783205 0.0711238
vt 0.06870287 0.0710381
vt 0.06899857 0.0740428
vt 0.06957376 0.0709524
vt 0.06957376 0.0709524
vt 0.07028979 0.0737862
vt 0.0704112 0.0708699
vt 0.0704112 0.0708699
vt 0.07150614 0.0732829
vt 0.07118314 0.070794
vt 0.07353496 0.071618
vt 0.07185983 0.0707271
vt 0.0728265 0.0725305
vt 0.07426559 0.0705229
vt 0.07241517 0.070672
vt 0.07353496 0.071618
vt 0.07426559 0.0705229
vt 0.07476884 0.0693064
vt 0.07241517 0.070672
vt 0.07476884 0.0693064
vt 0.07502549 0.0680151
vt 0.07235205 0.0685739
vt 0.07502549 0.0680151
vt 0.07502532 0.0666985
vt 0.07251226 0.0677681
vt 0.0747683 0.0654073
vt 0.07235169 0.0661407
vt 0.07502532 0.0666985
vt 0.0747683 0.0654073
vt 0.07426434 0.0641909
vt 0.07235169 0.0661407
vt 0.07203716 0.0653816
vt 0.07426434 0.0641909
vt 0.07158058 0.0646984
vt 0.07353276 0.063096
vt 0.07260161 0.062165
vt 0.07158058 0.0646984
vt 0.1658415 0.1505216
vt 0.1658409 0.1500293
vt 0.1650197 0.1505228
vt 0.1658415 0.1505216
vt 0.1666634 0.1505206
vt 0.1658409 0.1500293
vt 0.1666634 0.1505206
vt 0.1674851 0.15052
vt 0.1666629 0.1500283
vt 0.1674851 0.15052
vt 0.1683068 0.1505197
vt 0.1674849 0.1500277
vt 0.1683068 0.1500275
vt 0.1683068 0.1505197
vt 0.1691287 0.1500278
vt 0.1691287 0.1500278
vt 0.1691285 0.15052
vt 0.1699506 0.1500285
vt 0.1707716 0.1505215
vt 0.1707723 0.1500294
vt 0.1699501 0.1505206
vt 0.1707716 0.1505215
vt 0.1715931 0.1505227
vt 0.1707723 0.1500294
vt 0.1715931 0.1505227
vt 0.1724146 0.1505241
vt 0.1715939 0.1500307
vt 0.1724146 0.1505241
vt 0.173236 0.1505257
vt 0.1724154 0.1500322
vt 0.173236 0.1505257
vt 0.1740573 0.1505273
vt 0.1732369 0.1500338
vt 0.1740583 0.1500354
vt 0.1740573 0.1505273
vt 0.1748795 0.1500372
vt 0.1748795 0.1500372
vt 0.1748785 0.150529
vt 0.1757006 0.1500388
vt 0.1757006 0.1500388
vt 0.1756997 0.1505306
vt 0.1765217 0.1500404
vt 0.1765217 0.1500404
vt 0.1765208 0.1505322
vt 0.1786189 0.1500445
vt 0.1911426 0.0718905
vt 0.1911425 0.0713984
vt 0.1905848 0.0718907
vt 0.1905848 0.0718907
vt 0.1905847 0.0713985
vt 0.1899051 0.0718909
vt 0.1899049 0.0713987
vt 0.1891294 0.071399
vt 0.1899051 0.0718909
vt 0.1891295 0.0718911
vt 0.1891294 0.071399
vt 0.1882881 0.0718912
vt 0.188288 0.0713991
vt 0.1874131 0.0713991
vt 0.1882881 0.0718912
vt 0.1874131 0.0718912
vt 0.1874131 0.0713991
vt 0.1865381 0.0718912
vt 0.1865381 0.0718912
vt 0.1865382 0.0713991
vt 0.1856968 0.0718911
vt 0.1856969 0.071399
vt 0.1849217 0.071399
vt 0.1856968 0.0718911
vt 0.1849217 0.071399
vt 0.1842421 0.0713988
vt 0.1849216 0.0718909
vt 0.1842421 0.0713988
vt 0.1836845 0.0713987
vt 0.1842421 0.0718908
vt 0.1579874 0.150044
vt 0.1579883 0.1505363
vt 0.1600868 0.1500401
vt 0.1609097 0.1505309
vt 0.1609088 0.1500386
vt 0.1600877 0.1505324
vt 0.1609097 0.1505309
vt 0.1617317 0.1505294
vt 0.1609088 0.1500386
vt 0.1617317 0.1505294
vt 0.1625538 0.1505277
vt 0.1617308 0.150037
vt 0.1625538 0.1505277
vt 0.1633758 0.150526
vt 0.1625528 0.1500354
vt 0.1633758 0.150526
vt 0.1641978 0.1505244
vt 0.1633748 0.1500337
vt 0.1650197 0.1505228
vt 0.1650189 0.1500306
vt 0.1641978 0.1505244
vt 0.1941638 0.1767894
vt 0.1947171 0.1757543
vt 0.1934806 0.1763328
vt 0.1941638 0.1767894
vt 0.1949229 0.1771038
vt 0.1947171 0.1757543
vt 0.1952636 0.1759807
vt 0.1949229 0.1771038
vt 0.1958439 0.1760962
vt 0.1957288 0.1772641
vt 0.1965504 0.1772641
vt 0.1958439 0.1760962
vt 0.1964355 0.1760962
vt 0.1965504 0.1772641
vt 0.1970157 0.1759808
vt 0.1973564 0.1771039
vt 0.1981155 0.1767895
vt 0.1970157 0.1759808
vt 0.1987987 0.1763329
vt 0.1980542 0.1754258
vt 0.1981155 0.1767895
vt 0.1987987 0.1763329
vt 0.1993798 0.1757519
vt 0.1980542 0.1754258
vt 0.1984726 0.1750074
vt 0.1993798 0.1757519
vt 0.1988012 0.1745155
vt 0.1998363 0.1750687
vt 0.2001507 0.1743096
vt 0.1988012 0.1745155
vt 0.2001507 0.1743096
vt 0.200311 0.1735036
vt 0.1990276 0.1739689
vt 0.199143 0.1733887
vt 0.200311 0.1735036
vt 0.199143 0.1727971
vt 0.200311 0.172682
vt 0.2001507 0.1718761
vt 0.199143 0.1727971
vt 0.2001507 0.1718761
vt 0.1998362 0.171117
vt 0.1990276 0.1722168
vt 0.1988012 0.1716702
vt 0.1998362 0.171117
vt 0.1984725 0.1711783
vt 0.1994884 0.1690475
vt 0.1989333 0.1691021
vt 0.1984725 0.1711783
vt 0.1989333 0.1691021
vt 0.1982569 0.1691687
vt 0.1980542 0.17076
vt 0.1982569 0.1691687
vt 0.1974853 0.1692448
vt 0.1975623 0.1704314
vt 0.1974853 0.1692448
vt 0.196648 0.1693272
vt 0.1970157 0.170205
vt 0.196648 0.1693272
vt 0.1957772 0.169413
vt 0.1964355 0.1700895
vt 0.1958439 0.1700895
vt 0.1957772 0.169413
vt 0.1952637 0.1702049
vt 0.1952637 0.1702049
vt 0.1949065 0.1694987
vt 0.1947171 0.1704314
vt 0.1947171 0.1704314
vt 0.1940693 0.1695812
vt 0.1942252 0.17076
vt 0.1926213 0.1697237
vt 0.1938069 0.1711783
vt 0.1932976 0.1696572
vt 0.1920662 0.1697784
vt 0.1934782 0.1716702
vt 0.1926213 0.1697237
vt 0.1920662 0.1697784
vt 0.1921287 0.1718761
vt 0.1934782 0.1716702
vt 0.1919684 0.172682
vt 0.1931363 0.172797
vt 0.1921287 0.1718761
vt 0.1919684 0.172682
vt 0.1919684 0.1735036
vt 0.1931363 0.172797
vt 0.1921287 0.1743095
vt 0.1932518 0.1739689
vt 0.1919684 0.1735036
vt 0.1932518 0.1739689
vt 0.1921287 0.1743095
vt 0.1934782 0.1745155
vt 0.1934782 0.1745155
vt 0.1924431 0.1750687
vt 0.1938068 0.1750073
vt 0.1928997 0.1757519
vt 0.1934806 0.1763328
vt 0.1938068 0.1750073
vt 0.1971825 0.1068725
vt 0.1971819 0.1063139
vt 0.196674 0.1068731
vt 0.1966748 0.1075537
vt 0.1971833 0.1075532
vt 0.196674 0.1068731
vt 0.1971841 0.1083297
vt 0.1971833 0.1075532
vt 0.1966757 0.1083302
vt 0.1971848 0.109172
vt 0.1971841 0.1083297
vt 0.1966767 0.1090935
vt 0.1971848 0.1100472
vt 0.1971848 0.109172
vt 0.196677 0.1100472
vt 0.1966771 0.1110006
vt 0.1971845 0.1109221
vt 0.196677 0.1100472
vt 0.1966762 0.1117623
vt 0.1971835 0.1117629
vt 0.1966771 0.1110006
vt 0.1966752 0.1125368
vt 0.1971824 0.1125375
vt 0.1966762 0.1117623
vt 0.1971824 0.1125375
vt 0.1966752 0.1125368
vt 0.1971814 0.1132163
vt 0.1971806 0.1137735
vt 0.1971814 0.1132163
vt 0.1966735 0.1137727
vt 0.1966767 0.1090935
vt 0.1955023 0.1090938
vt 0.196677 0.1100472
vt 0.1966771 0.1110006
vt 0.196677 0.1100472
vt 0.1955028 0.1110009
vt 0.1955023 0.1090938
vt 0.1828541 0.1090969
vt 0.1955026 0.1100474
vt 0.2089621 0.1993796
vt 0.2089629 0.2126197
vt 0.2099788 0.1999679
vt 0.1955028 0.1110009
vt 0.1955026 0.1100474
vt 0.1828545 0.111004
vt 0.2090554 0.1364171
vt 0.2080387 0.1370056
vt 0.2090561 0.1496574
vt 0.1951956 0.1069281
vt 0.196674 0.1068731
vt 0.1951949 0.1063788
vt 0.1951965 0.1075973
vt 0.1966748 0.1075537
vt 0.1951956 0.1069281
vt 0.1966748 0.1075537
vt 0.1951965 0.1075973
vt 0.1966757 0.1083302
vt 0.1951986 0.1091115
vt 0.1966767 0.1090935
vt 0.1951975 0.1083608
vt 0.1966762 0.1117623
vt 0.1966771 0.1110006
vt 0.1952018 0.1117316
vt 0.1966752 0.1125368
vt 0.1966762 0.1117623
vt 0.1952008 0.1124931
vt 0.1966742 0.1132156
vt 0.1966752 0.1125368
vt 0.1951998 0.1131605
vt 0.1966735 0.1137727
vt 0.1966742 0.1132156
vt 0.195199 0.1137082
vt 0.1937177 0.1073985
vt 0.1951956 0.1069281
vt 0.1937171 0.1069316
vt 0.1937185 0.1079674
vt 0.1951965 0.1075973
vt 0.1937177 0.1073985
vt 0.1951965 0.1075973
vt 0.1937185 0.1079674
vt 0.1951975 0.1083608
vt 0.1937204 0.1092546
vt 0.1951986 0.1091115
vt 0.1937194 0.1086164
vt 0.1952018 0.1117316
vt 0.1952028 0.1109829
vt 0.1937279 0.1114768
vt 0.1952008 0.1124931
vt 0.1952018 0.1117316
vt 0.1937269 0.1121239
vt 0.1951998 0.1131605
vt 0.1952008 0.1124931
vt 0.1937261 0.1126912
vt 0.195199 0.1137082
vt 0.1951998 0.1131605
vt 0.1937254 0.1131567
vt 0.1922393 0.1075864
vt 0.1937177 0.1073985
vt 0.1922387 0.1071522
vt 0.19224 0.1081155
vt 0.1937185 0.1079674
vt 0.1922393 0.1075864
vt 0.1937185 0.1079674
vt 0.19224 0.1081155
vt 0.1937194 0.1086164
vt 0.1922418 0.1093128
vt 0.1937204 0.1092546
vt 0.1922409 0.1087192
vt 0.1937279 0.1114768
vt 0.1937288 0.1108404
vt 0.1922538 0.1113742
vt 0.1937269 0.1121239
vt 0.1937279 0.1114768
vt 0.1922529 0.111976
vt 0.1937261 0.1126912
vt 0.1937269 0.1121239
vt 0.192252 0.1125035
vt 0.1937254 0.1131567
vt 0.1937261 0.1126912
vt 0.1922513 0.1129365
vt 0.1922393 0.1075864
vt 0.1922387 0.1071522
vt 0.1907601 0.107317
vt 0.19224 0.1081155
vt 0.1922393 0.1075864
vt 0.190761 0.1079043
vt 0.1922409 0.1087192
vt 0.19224 0.1081155
vt 0.190762 0.1085744
vt 0.1922418 0.1093128
vt 0.1922409 0.1087192
vt 0.1907629 0.1092334
vt 0.1907795 0.1115184
vt 0.1922538 0.1113742
vt 0.1907806 0.1108615
vt 0.1907784 0.1121863
vt 0.1922529 0.111976
vt 0.1907795 0.1115184
vt 0.1922529 0.111976
vt 0.1907784 0.1121863
vt 0.192252 0.1125035
vt 0.192252 0.1125035
vt 0.1907774 0.1127719
vt 0.1922513 0.1129365
vt 0.1907601 0.107317
vt 0.1907594 0.1068349
vt 0.1897737 0.1069703
vt 0.190761 0.1079043
vt 0.1907601 0.107317
vt 0.1897747 0.1076323
vt 0.190762 0.1085744
vt 0.190761 0.1079043
vt 0.1897758 0.1083875
vt 0.1907629 0.1092334
vt 0.190762 0.1085744
vt 0.1897769 0.1091301
vt 0.1897965 0.1117045
vt 0.1907795 0.1115184
vt 0.1897978 0.1109642
vt 0.1897952 0.1124573
vt 0.1907784 0.1121863
vt 0.1897965 0.1117045
vt 0.1907784 0.1121863
vt 0.1897952 0.1124573
vt 0.1907774 0.1127719
vt 0.1907774 0.1127719
vt 0.1897941 0.1131171
vt 0.1907766 0.1132524
vt 0.1897737 0.1069703
vt 0.189773 0.106427
vt 0.1887878 0.10691
vt 0.1897747 0.1076323
vt 0.1897737 0.1069703
vt 0.1887887 0.1075851
vt 0.1897758 0.1083875
vt 0.1897747 0.1076323
vt 0.1887899 0.1083555
vt 0.1897769 0.1091301
vt 0.1897758 0.1083875
vt 0.188791 0.109113
vt 0.1888138 0.111736
vt 0.1897965 0.1117045
vt 0.1888151 0.110981
vt 0.1888124 0.1125039
vt 0.1897952 0.1124573
vt 0.1888138 0.111736
vt 0.1897952 0.1124573
vt 0.1888124 0.1125039
vt 0.1897941 0.1131171
vt 0.1897941 0.1131171
vt 0.1888113 0.1131769
vt 0.1897931 0.1136587
vt 0.1834118 0.1069177
vt 0.1887878 0.10691
vt 0.183411 0.1063636
vt 0.1887887 0.1075851
vt 0.1887878 0.10691
vt 0.1834127 0.1075929
vt 0.1887899 0.1083555
vt 0.1887887 0.1075851
vt 0.1834139 0.1083633
vt 0.188791 0.109113
vt 0.1887899 0.1083555
vt 0.1834149 0.109113
vt 0.1888138 0.111736
vt 0.1888151 0.110981
vt 0.1834554 0.1117266
vt 0.1888124 0.1125039
vt 0.1888138 0.111736
vt 0.183454 0.1124945
vt 0.1888124 0.1125039
vt 0.183454 0.1124945
vt 0.1888113 0.1131769
vt 0.1888102 0.1137293
vt 0.1888113 0.1131769
vt 0.1834518 0.1137198
vt 0.2088964 0.1022059
vt 0.2098204 0.1022059
vt 0.2088964 0.1007284
vt 0.2054783 0.1787819
vt 0.2064024 0.1787819
vt 0.2054784 0.1773043
vt 0.2088963 0.1037812
vt 0.2098204 0.1037812
vt 0.2088964 0.1022059
vt 0.2054781 0.1803572
vt 0.2064023 0.1803573
vt 0.2054783 0.1787819
vt 0.2088963 0.1052735
vt 0.2098204 0.1052735
vt 0.2088963 0.1037812
vt 0.2054781 0.1803572
vt 0.205478 0.1818496
vt 0.2064023 0.1803573
vt 0.2088962 0.1067837
vt 0.2098203 0.1067838
vt 0.2088963 0.1052735
vt 0.205478 0.1818496
vt 0.205478 0.18336
vt 0.2064022 0.1818496
vt 0.2098203 0.1078495
vt 0.2098203 0.1067838
vt 0.2088962 0.1078494
vt 0.205478 0.18336
vt 0.205478 0.1844256
vt 0.2064021 0.18336
vt 0.2098202 0.1088363
vt 0.2098203 0.1078495
vt 0.2088961 0.1088363
vt 0.205478 0.1844256
vt 0.205478 0.1854125
vt 0.2064021 0.1844256
vt 0.2088959 0.114203
vt 0.20982 0.114203
vt 0.2088961 0.1088363
vt 0.205478 0.1854125
vt 0.205478 0.1907791
vt 0.2064021 0.1854125
vt 0.2064077 0.1770462
vt 0.2059157 0.1770462
vt 0.2064025 0.1773044
vt 0.2088963 0.1052735
vt 0.2088963 0.1037812
vt 0.2059437 0.1052734
vt 0.2064022 0.1818496
vt 0.2093547 0.1818497
vt 0.2064023 0.1803573
vt 0.2088962 0.1067837
vt 0.2088963 0.1052735
vt 0.2059436 0.1067836
vt 0.2064022 0.1818496
vt 0.2064021 0.18336
vt 0.2093547 0.1818497
vt 0.2059436 0.1078493
vt 0.2088962 0.1078494
vt 0.2059436 0.1067836
vt 0.2064021 0.18336
vt 0.2064021 0.1844256
vt 0.2093547 0.18336
vt 0.2059435 0.1088362
vt 0.2088961 0.1088363
vt 0.2059436 0.1078493
vt 0.2064021 0.1854125
vt 0.2093547 0.1854125
vt 0.2064021 0.1844256
vt 0.2059433 0.1142029
vt 0.2088959 0.114203
vt 0.2059435 0.1088362
vt 0.2064021 0.1907792
vt 0.2093547 0.1907791
vt 0.2064021 0.1854125
vt 0.2094486 0.1787904
vt 0.2063189 0.1787904
vt 0.2093548 0.1803574
vt 0.20585 0.1022141
vt 0.2059438 0.103781
vt 0.2089798 0.1022142
vt 0.203391 0.1815563
vt 0.2045756 0.180923
vt 0.2028056 0.1806806
vt 0.2029128 0.1788973
vt 0.2020606 0.1799358
vt 0.203844 0.1798282
vt 0.2018179 0.1781658
vt 0.2011847 0.1793506
vt 0.2029128 0.1788973
vt 0.2018179 0.1781658
vt 0.2006012 0.177662
vt 0.2011847 0.1793506
vt 0.1993098 0.1774053
vt 0.1991782 0.1787423
vt 0.2006012 0.177662
vt 0.197993 0.1774055
vt 0.1981248 0.1787424
vt 0.1993098 0.1774053
vt 0.1981248 0.1787424
vt 0.197993 0.1774055
vt 0.1970917 0.178948
vt 0.1967016 0.1776625
vt 0.1955168 0.1782258
vt 0.1970917 0.178948
vt 0.1943904 0.1788983
vt 0.1952428 0.1799365
vt 0.1955168 0.1782258
vt 0.1934596 0.1798295
vt 0.194498 0.1806815
vt 0.1943904 0.1788983
vt 0.1934596 0.1798295
vt 0.1927284 0.1809244
vt 0.194498 0.1806815
vt 0.1922249 0.1821407
vt 0.1935101 0.1825303
vt 0.1927284 0.1809244
vt 0.1922249 0.1821407
vt 0.1919684 0.1834315
vt 0.1935101 0.1825303
vt 0.1919684 0.1847472
vt 0.1933044 0.1846162
vt 0.1919684 0.1834315
vt 0.1922242 0.1860373
vt 0.1935099 0.1856493
vt 0.1919684 0.1847472
vt 0.1927237 0.187253
vt 0.1939137 0.1866236
vt 0.1922242 0.1860373
vt 0.1932396 0.18829
vt 0.1943186 0.187454
vt 0.1927237 0.187253
vt 0.1932396 0.18829
vt 0.1943919 0.1892861
vt 0.1943186 0.187454
vt 0.1943919 0.1892861
vt 0.1954873 0.1900144
vt 0.1952425 0.1882427
vt 0.1961196 0.188829
vt 0.1954873 0.1900144
vt 0.1970931 0.1892321
vt 0.196703 0.1905175
vt 0.1979933 0.1907751
vt 0.1970931 0.1892321
vt 0.1979933 0.1907751
vt 0.1993089 0.1907792
vt 0.198127 0.189438
vt 0.2008205 0.1905922
vt 0.2003886 0.1892974
vt 0.1993089 0.1907792
vt 0.2008205 0.1905922
vt 0.2017939 0.189958
vt 0.2003886 0.1892974
vt 0.2011868 0.1888326
vt 0.2017939 0.189958
vt 0.2020627 0.1882452
vt 0.2029178 0.1892824
vt 0.2038469 0.1883502
vt 0.2020627 0.1882452
vt 0.2028072 0.1874992
vt 0.2038469 0.1883502
vt 0.203392 0.1866227
vt 0.2045771 0.1872551
vt 0.2050803 0.1860387
vt 0.203392 0.1866227
vt 0.2050803 0.1860387
vt 0.2053368 0.1847474
vt 0.2037948 0.1856493
vt 0.2053366 0.1834308
vt 0.2039998 0.1835626
vt 0.2053368 0.1847474
vt 0.2050796 0.1821394
vt 0.2037942 0.1825296
vt 0.2053366 0.1834308
vt 0.2050796 0.1821394
vt 0.2045756 0.180923
vt 0.2037942 0.1825296
vt 0.1712504 0.0710691
vt 0.1712474 0.0704645
vt 0.1709777 0.0710965
vt 0.1711153 0.0717429
vt 0.1713675 0.071662
vt 0.1709777 0.0710965
vt 0.1713709 0.0723388
vt 0.1715989 0.0722122
vt 0.1711153 0.0717429
vt 0.1715989 0.0722122
vt 0.1713709 0.0723388
vt 0.1719287 0.0727031
vt 0.1721795 0.07331
vt 0.1723377 0.0731182
vt 0.1717322 0.0728681
vt 0.1728221 0.0734411
vt 0.1723377 0.0731182
vt 0.1726983 0.073665
vt 0.1733643 0.0736674
vt 0.1728221 0.0734411
vt 0.173286 0.0739143
vt 0.1739445 0.0737819
vt 0.1733643 0.0736674
vt 0.1739172 0.0740428
vt 0.1745427 0.073775
vt 0.1739445 0.0737819
vt 0.1745713 0.0740428
vt 0.1752014 0.0739013
vt 0.1751208 0.0736572
vt 0.1745713 0.0740428
vt 0.1757739 0.0736486
vt 0.1756538 0.0734296
vt 0.1752014 0.0739013
vt 0.1761314 0.0730984
vt 0.1756538 0.0734296
vt 0.1763024 0.0732994
vt 0.1765381 0.0726745
vt 0.1761314 0.0730984
vt 0.1767433 0.0728304
vt 0.1770745 0.072292
vt 0.1768465 0.0721829
vt 0.1767433 0.0728304
vt 0.1768465 0.0721829
vt 0.1770745 0.072292
vt 0.1770486 0.0716455
vt 0.1771396 0.0710747
vt 0.1770486 0.0716455
vt 0.1773955 0.0710959
vt 0.1771224 0.0704768
vt 0.1771396 0.0710747
vt 0.1773902 0.0704505
vt 0.1772717 0.0698123
vt 0.1770213 0.0698848
vt 0.1773902 0.0704505
vt 0.1770392 0.0692179
vt 0.176811 0.0693359
vt 0.1772717 0.0698123
vt 0.1766974 0.0686859
vt 0.1764995 0.0688453
vt 0.1770392 0.0692179
vt 0.1762598 0.0682379
vt 0.1761003 0.0684309
vt 0.1766974 0.0686859
vt 0.1757497 0.0678942
vt 0.1756314 0.0681082
vt 0.1762598 0.0682379
vt 0.1751033 0.0678848
vt 0.1756314 0.0681082
vt 0.1751838 0.067642
vt 0.1745249 0.0677645
vt 0.1751033 0.0678848
vt 0.1745542 0.067497
vt 0.1739003 0.0674972
vt 0.1739278 0.0677579
vt 0.1745542 0.067497
vt 0.1739278 0.0677579
vt 0.1739003 0.0674972
vt 0.1733487 0.0678729
vt 0.1726841 0.067877
vt 0.1728083 0.0681
vt 0.1732701 0.0676265
vt 0.1721678 0.0682332
vt 0.1723264 0.068424
vt 0.1726841 0.067877
vt 0.1717237 0.0686759
vt 0.1719204 0.0688395
vt 0.1721678 0.0682332
vt 0.1715938 0.0693302
vt 0.1719204 0.0688395
vt 0.1713664 0.0692053
vt 0.1713654 0.0698784
vt 0.1715938 0.0693302
vt 0.171116 0.0697992
vt 0.1712474 0.0704645
vt 0.1713654 0.0698784
vt 0.1709838 0.0704353
vt 0.2088912 0.1004703
vt 0.2088964 0.1007284
vt 0.2093832 0.1004702
vt 0.2057791 0.1988869
vt 0.205287 0.198887
vt 0.205774 0.1991451
vt 0.165678 0.073059
vt 0.1652622 0.0726641
vt 0.165519 0.0732564
vt 0.1661786 0.073371
vt 0.165678 0.073059
vt 0.1660516 0.0736039
vt 0.1661786 0.073371
vt 0.1660516 0.0736039
vt 0.1667142 0.0736231
vt 0.1667142 0.0736231
vt 0.1666335 0.0738652
vt 0.1672768 0.0737595
vt 0.1678571 0.0737801
vt 0.1672768 0.0737595
vt 0.1678738 0.0740428
vt 0.1684343 0.0736848
vt 0.1678571 0.0737801
vt 0.1685049 0.0739298
vt 0.1690828 0.0736984
vt 0.1689717 0.0734785
vt 0.1685049 0.0739298
vt 0.1694563 0.073168
vt 0.1689717 0.0734785
vt 0.1696113 0.0733709
vt 0.1698791 0.0727609
vt 0.1694563 0.073168
vt 0.1700807 0.0729329
vt 0.1698791 0.0727609
vt 0.1700807 0.0729329
vt 0.1702174 0.07228
vt 0.1704462 0.0717425
vt 0.1702174 0.07228
vt 0.1706925 0.0718241
vt 0.1705682 0.0711598
vt 0.1704462 0.0717425
vt 0.1708366 0.0711896
vt 0.1705682 0.0711598
vt 0.1708366 0.0711896
vt 0.1705778 0.0705625
vt 0.1705778 0.0705625
vt 0.1708366 0.0705363
vt 0.17047 0.0699856
vt 0.1702455 0.0694433
vt 0.17047 0.0699856
vt 0.1704773 0.0693248
vt 0.1699142 0.0689444
vt 0.1702455 0.0694433
vt 0.1701251 0.0687743
vt 0.1699142 0.0689444
vt 0.1701251 0.0687743
vt 0.169496 0.0685141
vt 0.1691317 0.0679589
vt 0.1690112 0.0681798
vt 0.1696611 0.068312
vt 0.1684684 0.0679529
vt 0.1690112 0.0681798
vt 0.1685488 0.0677056
vt 0.1678829 0.0678328
vt 0.1684684 0.0679529
vt 0.1679127 0.0675666
vt 0.1678829 0.0678328
vt 0.1679127 0.0675666
vt 0.1672911 0.0678185
vt 0.1667146 0.0679277
vt 0.1672911 0.0678185
vt 0.1666457 0.0676796
vt 0.1661664 0.0681459
vt 0.1667146 0.0679277
vt 0.1660493 0.0679138
vt 0.1656696 0.0684701
vt 0.1661664 0.0681459
vt 0.1655064 0.0682636
vt 0.1652455 0.0688942
vt 0.1656696 0.0684701
vt 0.1650364 0.0687221
vt 0.1652455 0.0688942
vt 0.1650364 0.0687221
vt 0.1649127 0.0693881
vt 0.1644462 0.0698538
vt 0.1646872 0.0699267
vt 0.1646825 0.0692685
vt 0.1645779 0.070505
vt 0.1646872 0.0699267
vt 0.1643128 0.0704806
vt 0.164326 0.0711272
vt 0.1645834 0.0710955
vt 0.1643128 0.0704806
vt 0.1645834 0.0710955
vt 0.164326 0.0711272
vt 0.1647058 0.0716671
vt 0.1647058 0.0716671
vt 0.1644635 0.0717481
vt 0.1649361 0.0721968
vt 0.1650767 0.0728233
vt 0.1652622 0.0726641
vt 0.1647186 0.0723222
vt 0.07592743 0.0641913
vt 0.07711213 0.0648246
vt 0.0766589 0.0630965
vt 0.07592743 0.0641913
vt 0.07542353 0.0654077
vt 0.07711213 0.0648246
vt 0.07542353 0.0654077
vt 0.0751667 0.066699
vt 0.07670897 0.0657977
vt 0.0751667 0.066699
vt 0.07516664 0.0680154
vt 0.07650339 0.0668308
vt 0.07650321 0.0678841
vt 0.07516664 0.0680154
vt 0.07670843 0.0689172
vt 0.07592618 0.0705224
vt 0.077111 0.0698905
vt 0.07542318 0.0693065
vt 0.077111 0.0698905
vt 0.07592618 0.0705224
vt 0.07769572 0.0707669
vt 0.07758265 0.0725499
vt 0.07844144 0.071513
vt 0.0766558 0.0716171
vt 0.0784564 0.0733107
vt 0.07913327 0.0721251
vt 0.07758265 0.0725499
vt 0.0784564 0.0733107
vt 0.07990264 0.0737897
vt 0.07913327 0.0721251
vt 0.08028858 0.0724999
vt 0.07990264 0.0737897
vt 0.0813241 0.0727052
vt 0.0813241 0.0727052
vt 0.08119392 0.0740428
vt 0.08237814 0.0727052
vt 0.08250987 0.074042
vt 0.08380019 0.0737857
vt 0.08237814 0.0727052
vt 0.08341157 0.0724999
vt 0.08380019 0.0737857
vt 0.08438611 0.0720963
vt 0.08634036 0.0725339
vt 0.085446 0.0715033
vt 0.08501631 0.0732853
vt 0.08634036 0.0725339
vt 0.08704876 0.0716185
vt 0.085446 0.0715033
vt 0.08600538 0.0707678
vt 0.08704876 0.0716185
vt 0.0865913 0.0698914
vt 0.0865913 0.0698914
vt 0.08777725 0.0705228
vt 0.08699375 0.0689174
vt 0.08699375 0.0689174
vt 0.0882796 0.0693064
vt 0.08719885 0.067884
vt 0.08719885 0.067884
vt 0.08853578 0.0680151
vt 0.08719867 0.0668306
vt 0.08719867 0.0668306
vt 0.08853548 0.0666987
vt 0.08699303 0.0657974
vt 0.08699303 0.0657974
vt 0.08827847 0.0654073
vt 0.08658987 0.0648242
vt 0.08777451 0.064191
vt 0.08704298 0.0630962
vt 0.08658987 0.0648242
vt 0.08704298 0.0630962
vt 0.0861119 0.0621653
vt 0.08600461 0.0639484
vt 0.0861119 0.0621653
vt 0.08501714 0.0614337
vt 0.08525979 0.0632036
vt 0.08380067 0.0609299
vt 0.08341073 0.0622153
vt 0.08501714 0.0614337
vt 0.08341073 0.0622153
vt 0.08380067 0.0609299
vt 0.08237761 0.0620099
vt 0.08250927 0.060673
vt 0.08119261 0.060673
vt 0.08237761 0.0620099
vt 0.08132427 0.0620099
vt 0.08119261 0.060673
vt 0.08029115 0.0622154
vt 0.07990115 0.0609299
vt 0.07868468 0.0614339
vt 0.08029115 0.0622154
vt 0.07868468 0.0614339
vt 0.07758986 0.0621655
vt 0.07931798 0.0626186
vt 0.07758986 0.0621655
vt 0.0766589 0.0630965
vt 0.07844215 0.0632039
vt 0.2088209 0.2006308
vt 0.2056912 0.200631
vt 0.2087273 0.2021978
vt 0.203926 0.1376686
vt 0.2040199 0.1392356
vt 0.2070558 0.1376684
vt 0.2040209 0.1496575
vt 0.2069734 0.1496571
vt 0.2040204 0.1442907
vt 0.2057749 0.2126197
vt 0.2087274 0.2126197
vt 0.2057749 0.207253
vt 0.2040204 0.1442907
vt 0.206973 0.1442904
vt 0.2040203 0.1433039
vt 0.2057749 0.207253
vt 0.2087274 0.207253
vt 0.2057749 0.2062662
vt 0.2069728 0.1433036
vt 0.2069727 0.142238
vt 0.2040203 0.1433039
vt 0.2057749 0.2062662
vt 0.2087274 0.2062661
vt 0.2057749 0.2052005
vt 0.2069727 0.142238
vt 0.2069726 0.1407276
vt 0.2040202 0.1422382
vt 0.2057747 0.2036903
vt 0.2057749 0.2052005
vt 0.2087273 0.2036901
vt 0.20402 0.1407279
vt 0.2069726 0.1407276
vt 0.2040199 0.1392356
vt 0.2057746 0.2021979
vt 0.2057747 0.2036903
vt 0.2087273 0.2021978
vt 0.2069672 0.1359243
vt 0.2069724 0.1361824
vt 0.2074593 0.1359243
vt 0.2078976 0.1496571
vt 0.2078971 0.1442904
vt 0.2069734 0.1496571
vt 0.2048507 0.207253
vt 0.2048507 0.2126197
vt 0.2057749 0.207253
vt 0.2078971 0.1442904
vt 0.207897 0.1433035
vt 0.206973 0.1442904
vt 0.2048507 0.2062662
vt 0.2048507 0.207253
vt 0.2057749 0.2062662
vt 0.2069728 0.1433036
vt 0.207897 0.1433035
vt 0.2069727 0.142238
vt 0.2048507 0.2052005
vt 0.2048507 0.2062662
vt 0.2057749 0.2052005
vt 0.2069727 0.142238
vt 0.2078968 0.1422379
vt 0.2069726 0.1407276
vt 0.2048506 0.2036903
vt 0.2048507 0.2052005
vt 0.2057747 0.2036903
vt 0.2078968 0.1407276
vt 0.2078966 0.1392352
vt 0.2069726 0.1407276
vt 0.2048506 0.2036903
vt 0.2057747 0.2036903
vt 0.2048505 0.202198
vt 0.2069725 0.1392354
vt 0.2078966 0.1392352
vt 0.2069725 0.13766
vt 0.2048505 0.202198
vt 0.2057746 0.2021979
vt 0.2048502 0.2006227
vt 0.2069725 0.13766
vt 0.2078965 0.13766
vt 0.2069724 0.1361824
vt 0.2048502 0.2006227
vt 0.2057743 0.2006225
vt 0.2048499 0.1991452
vt 0.2037892 0.1309137
vt 0.2037842 0.1255474
vt 0.2032361 0.1309142
vt 0.2044582 0.1255468
vt 0.2037842 0.1255474
vt 0.2044633 0.1309131
vt 0.2044582 0.1255468
vt 0.2044633 0.1309131
vt 0.2052273 0.1255461
vt 0.2052273 0.1255461
vt 0.2052322 0.1309124
vt 0.2059835 0.1255454
vt 0.2078645 0.1255391
vt 0.2078678 0.1309017
vt 0.2086201 0.1255397
vt 0.209384 0.130903
vt 0.2093886 0.1255404
vt 0.2086156 0.1309023
vt 0.2100621 0.1255409
vt 0.2093886 0.1255404
vt 0.2100576 0.1309035
vt 0.2100621 0.1255409
vt 0.2100576 0.1309035
vt 0.2106149 0.1255414
vt 0.203845 0.1245632
vt 0.2033028 0.1245637
vt 0.2037842 0.1255474
vt 0.2045059 0.1245626
vt 0.203845 0.1245632
vt 0.2044582 0.1255468
vt 0.2052597 0.1245619
vt 0.2045059 0.1245626
vt 0.2052273 0.1255461
vt 0.2060011 0.1245612
vt 0.2052597 0.1245619
vt 0.2059835 0.1255454
vt 0.2078468 0.1245556
vt 0.2078645 0.1255391
vt 0.2085877 0.1245562
vt 0.2093886 0.1255404
vt 0.209341 0.1245569
vt 0.2086201 0.1255397
vt 0.209341 0.1245569
vt 0.2093886 0.1255404
vt 0.2100014 0.1245574
vt 0.2100014 0.1245574
vt 0.2100621 0.1255409
vt 0.2105433 0.1245578
vt 0.2041916 0.1235787
vt 0.2037104 0.1235791
vt 0.203845 0.1245632
vt 0.204778 0.1235782
vt 0.2041916 0.1235787
vt 0.2045059 0.1245626
vt 0.2054469 0.1235776
vt 0.204778 0.1235782
vt 0.2052597 0.1245619
vt 0.2061048 0.123577
vt 0.2054469 0.1235776
vt 0.2060011 0.1245612
vt 0.2077432 0.1235721
vt 0.2078468 0.1245556
vt 0.2084005 0.1235726
vt 0.209341 0.1245569
vt 0.209069 0.1235732
vt 0.2085877 0.1245562
vt 0.209069 0.1235732
vt 0.209341 0.1245569
vt 0.2096549 0.1235737
vt 0.2096549 0.1235737
vt 0.2100014 0.1245574
vt 0.2101358 0.1235741
vt 0.2044613 0.1221021
vt 0.2040278 0.1221026
vt 0.2041916 0.1235787
vt 0.2049896 0.1221017
vt 0.2044613 0.1221021
vt 0.204778 0.1235782
vt 0.2055923 0.1221012
vt 0.2049896 0.1221017
vt 0.2054469 0.1235776
vt 0.206185 0.1221007
vt 0.2055923 0.1221012
vt 0.2061048 0.123577
vt 0.2076629 0.1220969
vt 0.2077432 0.1235721
vt 0.2082551 0.1220974
vt 0.209069 0.1235732
vt 0.2088573 0.1220978
vt 0.2084005 0.1235726
vt 0.2088573 0.1220978
vt 0.209069 0.1235732
vt 0.2093852 0.1220982
vt 0.2093852 0.1220982
vt 0.2096549 0.1235737
vt 0.2098184 0.1220986
vt 0.2044613 0.1221021
vt 0.2042745 0.120626
vt 0.2040278 0.1221026
vt 0.2049896 0.1221017
vt 0.2048426 0.1206255
vt 0.2044613 0.1221021
vt 0.2048426 0.1206255
vt 0.2049896 0.1221017
vt 0.2054907 0.1206249
vt 0.2054907 0.1206249
vt 0.2055923 0.1221012
vt 0.206128 0.1206244
vt 0.2083565 0.1206223
vt 0.2077198 0.1206218
vt 0.2082551 0.1220974
vt 0.2090041 0.1206227
vt 0.2083565 0.1206223
vt 0.2088573 0.1220978
vt 0.2095717 0.1206231
vt 0.2090041 0.1206227
vt 0.2093852 0.1220982
vt 0.2100376 0.1206235
vt 0.2095717 0.1206231
vt 0.2098184 0.1220986
vt 0.2042745 0.120626
vt 0.2038055 0.1191498
vt 0.2038083 0.1206263
vt 0.2048426 0.1206255
vt 0.2044738 0.1191493
vt 0.2042745 0.120626
vt 0.2044738 0.1191493
vt 0.2048426 0.1206255
vt 0.2052363 0.1191487
vt 0.2052363 0.1191487
vt 0.2054907 0.1206249
vt 0.2059862 0.1191481
vt 0.2086105 0.1191471
vt 0.2078613 0.1191466
vt 0.2083565 0.1206223
vt 0.2093725 0.1191476
vt 0.2086105 0.1191471
vt 0.2090041 0.1206227
vt 0.2100403 0.1191481
vt 0.2093725 0.1191476
vt 0.2095717 0.1206231
vt 0.2105884 0.1191486
vt 0.2100403 0.1191481
vt 0.2100376 0.1206235
vt 0.2038055 0.1191498
vt 0.2037512 0.1176733
vt 0.2032569 0.1191503
vt 0.2044738 0.1191493
vt 0.2044309 0.1176728
vt 0.2038055 0.1191498
vt 0.2044309 0.1176728
vt 0.2044738 0.1191493
vt 0.2052065 0.1176722
vt 0.2052065 0.1176722
vt 0.2052363 0.1191487
vt 0.2059692 0.1176717
vt 0.2086402 0.1176717
vt 0.2078781 0.1176713
vt 0.2086105 0.1191471
vt 0.2094152 0.1176722
vt 0.2086402 0.1176717
vt 0.2093725 0.1191476
vt 0.2100945 0.1176727
vt 0.2094152 0.1176722
vt 0.2100403 0.1191481
vt 0.2106519 0.1176731
vt 0.2100945 0.1176727
vt 0.2105884 0.1191486
vt 0.2091979 0.1364173
vt 0.2091974 0.1496574
vt 0.2102146 0.1370057
vt 0.2069239 0.1188471
vt 0.2059692 0.1188472
vt 0.2069269 0.131511
vt 0.2106065 0.1775389
vt 0.2095898 0.1781273
vt 0.2106065 0.1907791
vt 0.2078816 0.1315107
vt 0.2078785 0.1188468
vt 0.2069269 0.131511
vt 0.2069236 0.1176715
vt 0.2059692 0.1176717
vt 0.2069239 0.1188471
vt 0.2078781 0.1176713
vt 0.2069236 0.1176715
vt 0.2078785 0.1188468
vt 0.2037512 0.1176733
vt 0.2037507 0.1171654
vt 0.2031933 0.1176737
vt 0.2044305 0.1171648
vt 0.2037507 0.1171654
vt 0.2044309 0.1176728
vt 0.2044305 0.1171648
vt 0.2044309 0.1176728
vt 0.2052061 0.1171642
vt 0.2060478 0.1171636
vt 0.2052061 0.1171642
vt 0.2059692 0.1176717
vt 0.2069236 0.1171634
vt 0.2060478 0.1171636
vt 0.2069236 0.1176715
vt 0.2078781 0.1176713
vt 0.2077992 0.1171634
vt 0.2069236 0.1176715
vt 0.2077992 0.1171634
vt 0.2078781 0.1176713
vt 0.2086405 0.117164
vt 0.2094156 0.1171647
vt 0.2086405 0.117164
vt 0.2094152 0.1176722
vt 0.2100949 0.1171653
vt 0.2094156 0.1171647
vt 0.2100945 0.1176727
vt 0.2100949 0.1171653
vt 0.2100945 0.1176727
vt 0.2106523 0.1171657
vt 0.1993834 0.1083714
vt 0.1985536 0.1075416
vt 0.1990081 0.1088287
vt 0.1980323 0.1081766
vt 0.197645 0.1089013
vt 0.1990081 0.1088287
vt 0.197645 0.1089013
vt 0.1974064 0.1096876
vt 0.1987292 0.1093504
vt 0.1974064 0.1096876
vt 0.1973259 0.1105053
vt 0.1985575 0.1099166
vt 0.1974064 0.111323
vt 0.1985575 0.111094
vt 0.1973259 0.1105053
vt 0.1974064 0.111323
vt 0.197645 0.1121093
vt 0.1985575 0.111094
vt 0.1977884 0.114203
vt 0.1990081 0.1121819
vt 0.197645 0.1121093
vt 0.1977884 0.114203
vt 0.1983461 0.114203
vt 0.1990081 0.1121819
vt 0.1983461 0.114203
vt 0.1990258 0.114203
vt 0.1993834 0.1126392
vt 0.1990258 0.114203
vt 0.1998012 0.114203
vt 0.1998408 0.1130146
vt 0.1998012 0.114203
vt 0.2006425 0.114203
vt 0.2003625 0.1132934
vt 0.2006425 0.114203
vt 0.2015174 0.114203
vt 0.2009287 0.1134651
vt 0.2015174 0.1135231
vt 0.2015174 0.114203
vt 0.2021062 0.1134652
vt 0.2032337 0.114203
vt 0.2026723 0.1132934
vt 0.2023923 0.114203
vt 0.2026723 0.1132934
vt 0.2032337 0.114203
vt 0.203194 0.1130146
vt 0.2046887 0.114203
vt 0.2036514 0.1126392
vt 0.2040091 0.114203
vt 0.2052465 0.114203
vt 0.2040266 0.1121819
vt 0.2046887 0.114203
vt 0.2052465 0.114203
vt 0.2053899 0.1121093
vt 0.2040266 0.1121819
vt 0.2053899 0.1121093
vt 0.2056283 0.111323
vt 0.2043056 0.1116602
vt 0.2057089 0.1105052
vt 0.2045353 0.1105053
vt 0.2056283 0.111323
vt 0.2057089 0.1105052
vt 0.2056283 0.1096876
vt 0.2045353 0.1105053
vt 0.2056283 0.1096876
vt 0.2053898 0.1089013
vt 0.2044773 0.1099166
vt 0.2053898 0.1089013
vt 0.2050024 0.1081766
vt 0.2043055 0.1093504
vt 0.2044811 0.1075414
vt 0.2036513 0.1083714
vt 0.2050024 0.1081766
vt 0.2044811 0.1075414
vt 0.2038459 0.1070202
vt 0.2036513 0.1083714
vt 0.2038459 0.1070202
vt 0.2031213 0.1066329
vt 0.203194 0.107996
vt 0.2023351 0.1063944
vt 0.2021061 0.1075455
vt 0.2031213 0.1066329
vt 0.2023351 0.1063944
vt 0.2015174 0.1063139
vt 0.2021061 0.1075455
vt 0.2006996 0.1063944
vt 0.2009286 0.1075455
vt 0.2015174 0.1063139
vt 0.1999134 0.1066329
vt 0.2003625 0.1077171
vt 0.2006996 0.1063944
vt 0.1999134 0.1066329
vt 0.1991887 0.1070202
vt 0.2003625 0.1077171
vt 0.1991887 0.1070202
vt 0.1985536 0.1075416
vt 0.1998407 0.1079961
vt 0.09570759 0.0702733
vt 0.09488576 0.0702741
vt 0.09570807 0.0707655
vt 0.09488576 0.0702741
vt 0.09406393 0.0702749
vt 0.09488624 0.0707663
vt 0.09406393 0.0702749
vt 0.09324198 0.0702756
vt 0.09406435 0.0707671
vt 0.09324198 0.0702756
vt 0.09242004 0.0702763
vt 0.0932424 0.0707679
vt 0.09159809 0.070277
vt 0.09159857 0.0707692
vt 0.09242004 0.0702763
vt 0.09159857 0.0707692
vt 0.09159809 0.070277
vt 0.09077662 0.07077
vt 0.08867692 0.0702796
vt 0.08867734 0.0707718
vt 0.0907762 0.0702777
vt 0.1955256 0.0718728
vt 0.1960833 0.0718728
vt 0.1955256 0.0713808
vt 0.1960833 0.0713808
vt 0.1960833 0.0718728
vt 0.1967628 0.0713807
vt 0.1975382 0.0718728
vt 0.1975381 0.0713807
vt 0.1967629 0.0718728
vt 0.1983795 0.0718727
vt 0.1983795 0.0713806
vt 0.1975382 0.0718728
vt 0.1983795 0.0718727
vt 0.1992545 0.0718727
vt 0.1983795 0.0713806
vt 0.1992545 0.0713806
vt 0.1992545 0.0718727
vt 0.2001294 0.0713805
vt 0.2009708 0.0718726
vt 0.2009708 0.0713804
vt 0.2001295 0.0718726
vt 0.2009708 0.0718726
vt 0.2017463 0.0718725
vt 0.2009708 0.0713804
vt 0.2017463 0.0718725
vt 0.202426 0.0718724
vt 0.2017462 0.0713804
vt 0.202426 0.0718724
vt 0.2029837 0.0718723
vt 0.2024259 0.0713802
vt 0.1072102 0.0702771
vt 0.1072095 0.0707691
vt 0.1093081 0.0702799
vt 0.1063888 0.070276
vt 0.1063882 0.0707679
vt 0.1072102 0.0702771
vt 0.1055673 0.0702748
vt 0.1055667 0.0707668
vt 0.1063888 0.070276
vt 0.1047459 0.0702737
vt 0.1047453 0.0707657
vt 0.1055673 0.0702748
vt 0.1039243 0.0702728
vt 0.1039237 0.0707648
vt 0.1047459 0.0702737
vt 0.1031026 0.070272
vt 0.1031023 0.070764
vt 0.1039243 0.0702728
vt 0.1031026 0.070272
vt 0.1022811 0.0702714
vt 0.1031023 0.070764
vt 0.1022811 0.0702714
vt 0.1014596 0.070271
vt 0.1022808 0.0707634
vt 0.1014593 0.070763
vt 0.1014596 0.070271
vt 0.1006379 0.0707628
vt 0.09981638 0.0702708
vt 0.09981644 0.0707629
vt 0.100638 0.0702708
vt 0.09981638 0.0702708
vt 0.09899473 0.070271
vt 0.09981644 0.0707629
vt 0.09899473 0.070271
vt 0.09817302 0.0702714
vt 0.09899491 0.0707631
vt 0.09817302 0.0702714
vt 0.09735125 0.070272
vt 0.09817332 0.0707635
vt 0.09735125 0.070272
vt 0.09652948 0.0702727
vt 0.09735161 0.0707641
vt 0.09652948 0.0702727
vt 0.09570759 0.0702733
vt 0.09652984 0.0707648
vt 0.2011459 0.0861367
vt 0.1995437 0.0841844
vt 0.2005649 0.0867177
vt 0.1978811 0.0862104
vt 0.2001084 0.0874009
vt 0.1986126 0.0851155
vt 0.1973772 0.0874268
vt 0.1997939 0.08816
vt 0.1978811 0.0862104
vt 0.1973772 0.0874268
vt 0.1971203 0.0887181
vt 0.1997939 0.08816
vt 0.1971203 0.0900347
vt 0.1996334 0.0897875
vt 0.1971203 0.0887181
vt 0.1971203 0.0900347
vt 0.1973769 0.0913259
vt 0.1996334 0.0897875
vt 0.1978803 0.0925425
vt 0.1997307 0.0926914
vt 0.1973769 0.0913259
vt 0.1978803 0.0925425
vt 0.198611 0.0936375
vt 0.1997307 0.0926914
vt 0.198611 0.0936375
vt 0.1993196 0.0945499
vt 0.200286 0.0927465
vt 0.1993196 0.0945499
vt 0.2006399 0.0953022
vt 0.2009627 0.0928132
vt 0.2006399 0.0953022
vt 0.2018563 0.0958055
vt 0.2017347 0.0928892
vt 0.2018563 0.0958055
vt 0.2031475 0.096062
vt 0.2025722 0.0929716
vt 0.203443 0.0930573
vt 0.2031475 0.096062
vt 0.2043139 0.093143
vt 0.2057549 0.0958053
vt 0.2051513 0.0932253
vt 0.2044639 0.0960619
vt 0.2051513 0.0932253
vt 0.2057549 0.0958053
vt 0.2059231 0.0933013
vt 0.208069 0.0945678
vt 0.2065999 0.0933677
vt 0.2071964 0.0953247
vt 0.208999 0.0936364
vt 0.2071552 0.0934219
vt 0.208069 0.0945678
vt 0.208999 0.0936364
vt 0.2097298 0.0925414
vt 0.2071552 0.0934219
vt 0.2097298 0.0925414
vt 0.2102332 0.0913252
vt 0.2075024 0.091352
vt 0.2104898 0.090034
vt 0.2079767 0.089787
vt 0.2102332 0.0913252
vt 0.2104898 0.090034
vt 0.2104896 0.0887175
vt 0.2079767 0.089787
vt 0.2102326 0.0874262
vt 0.2078161 0.0881596
vt 0.2104896 0.0887175
vt 0.2102326 0.0874262
vt 0.2097287 0.0862099
vt 0.2078161 0.0881596
vt 0.2089971 0.0851152
vt 0.207045 0.0867174
vt 0.2097287 0.0862099
vt 0.2089971 0.0851152
vt 0.2080661 0.0841842
vt 0.207045 0.0867174
vt 0.2080661 0.0841842
vt 0.2069713 0.0834527
vt 0.206464 0.0861365
vt 0.2057548 0.0829488
vt 0.2050217 0.0853656
vt 0.2069713 0.0834527
vt 0.2057548 0.0829488
vt 0.2044634 0.0826919
vt 0.2050217 0.0853656
vt 0.2031466 0.0826919
vt 0.2033941 0.0852054
vt 0.2044634 0.0826919
vt 0.201855 0.0829489
vt 0.2025882 0.0853658
vt 0.2031466 0.0826919
vt 0.2006385 0.0834528
vt 0.2018291 0.0856802
vt 0.201855 0.0829489
vt 0.2006385 0.0834528
vt 0.1995437 0.0841844
vt 0.2018291 0.0856802
vt 0.1003639 0.0739535
vt 0.1003638 0.0710009
vt 0.09904718 0.0739535
vt 0.09904706 0.071001
vt 0.09773027 0.071001
vt 0.09904718 0.0739535
vt 0.09641349 0.0710011
vt 0.09641367 0.0739536
vt 0.09773027 0.071001
vt 0.09641349 0.0710011
vt 0.0950967 0.0710012
vt 0.09641367 0.0739536
vt 0.0950967 0.0710012
vt 0.09377992 0.0710012
vt 0.09509688 0.0739537
vt 0.09377992 0.0710012
vt 0.09246307 0.0710013
vt 0.0937801 0.0739539
vt 0.09114629 0.0710014
vt 0.09114646 0.073954
vt 0.09246307 0.0710013
vt 0.09114646 0.073954
vt 0.09114629 0.0710014
vt 0.08982968 0.0739541
vt 0.08982968 0.0739541
vt 0.08982944 0.0710015
vt 0.08867716 0.0740428
vt 0.1945924 0.1533702
vt 0.1945924 0.1504176
vt 0.1930744 0.1534588
vt 0.1945924 0.1533702
vt 0.1959092 0.1533702
vt 0.1945924 0.1504176
vt 0.1972259 0.1533702
vt 0.1972259 0.1504176
vt 0.1959092 0.1533702
vt 0.1972259 0.1504176
vt 0.1972259 0.1533702
vt 0.1985427 0.1504176
vt 0.1985427 0.1533702
vt 0.1998594 0.1533702
vt 0.1985427 0.1504176
vt 0.1998594 0.1533702
vt 0.2013774 0.1534588
vt 0.1998594 0.1504176
vt 0.1225847 0.0709129
vt 0.1214323 0.0710015
vt 0.1225847 0.0740427
vt 0.1201155 0.0710015
vt 0.1201154 0.0739541
vt 0.1214323 0.0710015
vt 0.1187987 0.0710015
vt 0.1187986 0.073954
vt 0.1201155 0.0710015
vt 0.117482 0.0710015
vt 0.1174819 0.073954
vt 0.1187987 0.0710015
vt 0.1161652 0.0710014
vt 0.1161651 0.073954
vt 0.117482 0.0710015
vt 0.1148484 0.0710014
vt 0.1148483 0.073954
vt 0.1161652 0.0710014
vt 0.1135317 0.0710013
vt 0.1135315 0.0739539
vt 0.1148484 0.0710014
vt 0.1135317 0.0710013
vt 0.1122148 0.0710013
vt 0.1135315 0.0739539
vt 0.110898 0.0710012
vt 0.1108979 0.0739538
vt 0.1122148 0.0710013
vt 0.110898 0.0710012
vt 0.1095813 0.0710012
vt 0.1108979 0.0739538
vt 0.1095811 0.0739537
vt 0.1095813 0.0710012
vt 0.1082643 0.0739536
vt 0.1069477 0.071001
vt 0.1069476 0.0739536
vt 0.1082645 0.071001
vt 0.1069477 0.071001
vt 0.1056309 0.071001
vt 0.1069476 0.0739536
vt 0.1056309 0.071001
vt 0.1043141 0.0710009
vt 0.1056308 0.0739535
vt 0.1043141 0.0710009
vt 0.1029974 0.0710009
vt 0.104314 0.0739535
vt 0.1029974 0.0710009
vt 0.1016806 0.0710009
vt 0.1029974 0.0739535
vt 0.1016806 0.0739535
vt 0.1016806 0.0710009
vt 0.1003639 0.0739535
vt 0.09964901 0.0940294
vt 0.1198702 0.1048693
vt 0.1003856 0.0940664
vt 0.1003856 0.0940664
vt 0.123482 0.1055405
vt 0.1011356 0.0940297
vt 0.1011356 0.0940297
vt 0.1274622 0.1057501
vt 0.1018744 0.0939175
vt 0.1317741 0.1054451
vt 0.1363769 0.1045731
vt 0.1018744 0.0939175
vt 0.1025797 0.093731
vt 0.1363769 0.1045731
vt 0.1032251 0.0934741
vt 0.1032251 0.0934741
vt 0.1412255 0.1030821
vt 0.103783 0.0931542
vt 0.1462707 0.1009207
vt 0.1514586 0.0980378
vt 0.103783 0.0931542
vt 0.1042237 0.0927824
vt 0.1514586 0.0980378
vt 0.1045162 0.0923735
vt 0.1567318 0.0943571
vt 0.1620199 0.0898491
vt 0.1045162 0.0923735
vt 0.1620199 0.0898491
vt 0.1564319 0.0857689
vt 0.104628 0.0919502
vt 0.1045246 0.0915344
vt 0.1564319 0.0857689
vt 0.1042422 0.0911487
vt 0.1509234 0.0825052
vt 0.1455537 0.0800033
vt 0.1042422 0.0911487
vt 0.103811 0.0908101
vt 0.1455537 0.0800033
vt 0.1032636 0.0905318
vt 0.1403772 0.0782087
vt 0.1354432 0.077067
vt 0.1032636 0.0905318
vt 0.1354432 0.077067
vt 0.130797 0.0765235
vt 0.1026262 0.0903219
vt 0.1019273 0.0901858
vt 0.130797 0.0765235
vt 0.101195 0.0901263
vt 0.101195 0.0901263
vt 0.1264791 0.0765235
vt 0.100449 0.0901421
vt 0.100449 0.0901421
vt 0.1225264 0.0770121
vt 0.09971392 0.0902301
vt 0.09971392 0.0902301
vt 0.1189715 0.0779341
vt 0.09901279 0.0903851
vt 0.09901279 0.0903851
vt 0.1158432 0.0792342
vt 0.09836745 0.0906004
vt 0.09836745 0.0906004
vt 0.1131664 0.0808567
vt 0.09779626 0.0908671
vt 0.09779626 0.0908671
vt 0.1109622 0.0827453
vt 0.09731775 0.0911751
vt 0.09731775 0.0911751
vt 0.1092478 0.0848438
vt 0.09694916 0.0915133
vt 0.09694916 0.0915133
vt 0.1080363 0.0870956
vt 0.09670704 0.0918692
vt 0.1073359 0.0894385
vt 0.1071549 0.0918211
vt 0.09670704 0.0918692
vt 0.09660685 0.09223
vt 0.1071549 0.0918211
vt 0.09667688 0.0925877
vt 0.1074931 0.094191
vt 0.1083452 0.0964861
vt 0.09667688 0.0925877
vt 0.0969004 0.0929301
vt 0.1083452 0.0964861
vt 0.0972585 0.0932451
vt 0.0972585 0.0932451
vt 0.1097027 0.0986496
vt 0.0977323 0.0935219
vt 0.1115528 0.1006252
vt 0.1138788 0.1023572
vt 0.0977323 0.0935219
vt 0.09830218 0.0937506
vt 0.1138788 0.1023572
vt 0.09894829 0.0939223
vt 0.09894829 0.0939223
vt 0.1166595 0.1037902
vt 0.09964901 0.0940294
vt 0.8287764 0.2672514
vt 0.8303607 0.2669291
vt 0.8286978 0.2536675
vt 0.8303607 0.2669291
vt 0.8318801 0.2666078
vt 0.8302958 0.2539822
vt 0.8318167 0.2542837
vt 0.8318801 0.2666078
vt 0.8340494 0.2547222
vt 0.8340892 0.2661658
vt 0.8371759 0.2655368
vt 0.8340494 0.2547222
vt 0.8371543 0.2553261
vt 0.8371759 0.2655368
vt 0.8411179 0.256105
vt 0.8411238 0.2647332
vt 0.845823 0.2637877
vt 0.8411179 0.256105
vt 0.8458291 0.2570457
vt 0.845823 0.2637877
vt 0.8511242 0.2581068
vt 0.8511242 0.2581068
vt 0.8511189 0.2627376
vt 0.8568311 0.2592561
vt 0.8528859 0.2670109
vt 0.8577221 0.2637882
vt 0.8511189 0.2627376
vt 0.845823 0.2637877
vt 0.8484027 0.2700034
vt 0.8511189 0.2627376
vt 0.8444352 0.2726681
vt 0.8484027 0.2700034
vt 0.8411238 0.2647332
vt 0.8371759 0.2655368
vt 0.8411095 0.2749119
vt 0.8411238 0.2647332
vt 0.8340892 0.2661658
vt 0.8385063 0.2766591
vt 0.8371759 0.2655368
vt 0.8318801 0.2666078
vt 0.8366568 0.2779079
vt 0.8340892 0.2661658
vt 0.8303607 0.2669291
vt 0.8353821 0.2787815
vt 0.8318801 0.2666078
vt 0.8287764 0.2672514
vt 0.8340485 0.2796803
vt 0.8303607 0.2669291
vt 0.8340485 0.2796803
vt 0.8436014 0.2891416
vt 0.8353821 0.2787815
vt 0.8353821 0.2787815
vt 0.8444903 0.2878076
vt 0.8366568 0.2779079
vt 0.8453339 0.2865191
vt 0.8465642 0.2846518
vt 0.8366568 0.2779079
vt 0.8385063 0.2766591
vt 0.8465642 0.2846518
vt 0.8411095 0.2749119
vt 0.8482962 0.2820485
vt 0.8505089 0.2787171
vt 0.8411095 0.2749119
vt 0.8505089 0.2787171
vt 0.8531548 0.2747511
vt 0.8444352 0.2726681
vt 0.8484027 0.2700034
vt 0.8531548 0.2747511
vt 0.8528859 0.2670109
vt 0.8561486 0.270278
vt 0.8593819 0.2654549
vt 0.8528859 0.2670109
vt 0.8604072 0.2720505
vt 0.8615517 0.2663597
vt 0.8561486 0.270278
vt 0.8593511 0.2773198
vt 0.8604072 0.2720505
vt 0.8531548 0.2747511
vt 0.8505089 0.2787171
vt 0.8584171 0.2819904
vt 0.8531548 0.2747511
vt 0.8482962 0.2820485
vt 0.8576409 0.285909
vt 0.8505089 0.2787171
vt 0.8465642 0.2846518
vt 0.8570391 0.2889712
vt 0.8482962 0.2820485
vt 0.8566135 0.2911612
vt 0.8570391 0.2889712
vt 0.8453339 0.2865191
vt 0.8563245 0.2926702
vt 0.8566135 0.2911612
vt 0.8444903 0.2878076
vt 0.8560115 0.2942386
vt 0.8563245 0.2926702
vt 0.8436014 0.2891416
vt 0.8693913 0.2942279
vt 0.8690885 0.2926635
vt 0.8560115 0.2942386
vt 0.8563245 0.2926702
vt 0.8690885 0.2926635
vt 0.8566135 0.2911612
vt 0.8566135 0.2911612
vt 0.8687863 0.2911619
vt 0.8570391 0.2889712
vt 0.8683491 0.2889805
vt 0.8677411 0.2859253
vt 0.8570391 0.2889712
vt 0.8576409 0.285909
vt 0.8677411 0.2859253
vt 0.8584171 0.2819904
vt 0.8669703 0.2820085
vt 0.8660501 0.2773362
vt 0.8584171 0.2819904
vt 0.8593511 0.2773198
vt 0.8660501 0.2773362
vt 0.8604072 0.2720505
vt 0.8604072 0.2720505
vt 0.8650172 0.2720606
vt 0.8615517 0.2663597
vt 0.8650172 0.2720606
vt 0.8692807 0.270311
vt 0.8639019 0.266366
vt 0.8660501 0.2773362
vt 0.8722481 0.2747958
vt 0.8650172 0.2720606
vt 0.8669703 0.2820085
vt 0.8748773 0.2787745
vt 0.8660501 0.2773362
vt 0.8677411 0.2859253
vt 0.8770714 0.2821187
vt 0.8669703 0.2820085
vt 0.8787917 0.2847294
vt 0.8770714 0.2821187
vt 0.8683491 0.2889805
vt 0.8687863 0.2911619
vt 0.8800235 0.2865926
vt 0.8683491 0.2889805
vt 0.8690885 0.2926635
vt 0.880878 0.2878737
vt 0.8687863 0.2911619
vt 0.8693913 0.2942279
vt 0.8817185 0.2891636
vt 0.8690885 0.2926635
vt 0.8817185 0.2891636
vt 0.8914368 0.2798281
vt 0.880878 0.2878737
vt 0.8900488 0.2788865
vt 0.888759 0.2780256
vt 0.880878 0.2878737
vt 0.8800235 0.2865926
vt 0.888759 0.2780256
vt 0.8787917 0.2847294
vt 0.886892 0.2767571
vt 0.8842905 0.2749995
vt 0.8787917 0.2847294
vt 0.8770714 0.2821187
vt 0.8842905 0.2749995
vt 0.8748773 0.2787745
vt 0.8809748 0.2727442
vt 0.8770177 0.2700727
vt 0.8748773 0.2787745
vt 0.8770177 0.2700727
vt 0.8725569 0.2670633
vt 0.8722481 0.2747958
vt 0.8725569 0.2670633
vt 0.8677442 0.2638181
vt 0.8692807 0.270311
vt 0.8725569 0.2670633
vt 0.8743432 0.2628044
vt 0.8677442 0.2638181
vt 0.8796203 0.2638716
vt 0.8743432 0.2628044
vt 0.8770177 0.2700727
vt 0.8809748 0.2727442
vt 0.8842979 0.2648149
vt 0.8770177 0.2700727
vt 0.8842905 0.2749995
vt 0.8882343 0.2656085
vt 0.8809748 0.2727442
vt 0.8913137 0.2662239
vt 0.8882343 0.2656085
vt 0.886892 0.2767571
vt 0.888759 0.2780256
vt 0.8935073 0.2666646
vt 0.886892 0.2767571
vt 0.895028 0.2669626
vt 0.8935073 0.2666646
vt 0.8900488 0.2788865
vt 0.8914368 0.2798281
vt 0.8966098 0.2672806
vt 0.8900488 0.2788865
vt 0.8966098 0.2672806
vt 0.8966097 0.2538194
vt 0.895028 0.2669626
vt 0.8950383 0.2541256
vt 0.8935303 0.2544303
vt 0.895028 0.2669626
vt 0.8935073 0.2666646
vt 0.8935303 0.2544303
vt 0.8913137 0.2662239
vt 0.8913137 0.2662239
vt 0.8913266 0.2548653
vt 0.8882343 0.2656085
vt 0.8882566 0.2554647
vt 0.8843296 0.2562416
vt 0.8882343 0.2656085
vt 0.8842979 0.2648149
vt 0.8843296 0.2562416
vt 0.8796203 0.2638716
vt 0.8796448 0.2571554
vt 0.8743627 0.2581881
vt 0.8796203 0.2638716
vt 0.8743627 0.2581881
vt 0.8686619 0.2592978
vt 0.8743432 0.2628044
vt 0.8743627 0.2581881
vt 0.8726159 0.253917
vt 0.8686619 0.2592978
vt 0.8771077 0.2509499
vt 0.8726159 0.253917
vt 0.8796448 0.2571554
vt 0.8843296 0.2562416
vt 0.8810938 0.2483223
vt 0.8796448 0.2571554
vt 0.8844391 0.2461175
vt 0.8810938 0.2483223
vt 0.8882566 0.2554647
vt 0.8913266 0.2548653
vt 0.8870542 0.2443988
vt 0.8882566 0.2554647
vt 0.8935303 0.2544303
vt 0.8889142 0.2431765
vt 0.8913266 0.2548653
vt 0.8901966 0.242319
vt 0.8889142 0.2431765
vt 0.8950383 0.2541256
vt 0.8966097 0.2538194
vt 0.891487 0.2414755
vt 0.8950383 0.2541256
vt 0.891487 0.2414755
vt 0.8821559 0.2317533
vt 0.8901966 0.242319
vt 0.8812107 0.2331399
vt 0.8803463 0.2344287
vt 0.8901966 0.242319
vt 0.8889142 0.2431765
vt 0.8803463 0.2344287
vt 0.8870542 0.2443988
vt 0.8870542 0.2443988
vt 0.8790872 0.2362908
vt 0.8844391 0.2461175
vt 0.8844391 0.2461175
vt 0.8773232 0.2388909
vt 0.8810938 0.2483223
vt 0.8810938 0.2483223
vt 0.8750688 0.2422144
vt 0.8771077 0.2509499
vt 0.8723882 0.2461716
vt 0.8693678 0.2506328
vt 0.8771077 0.2509499
vt 0.8693678 0.2506328
vt 0.8661152 0.2554503
vt 0.8726159 0.253917
vt 0.8693678 0.2506328
vt 0.8651036 0.2488435
vt 0.8661152 0.2554503
vt 0.8723882 0.2461716
vt 0.8661808 0.2435563
vt 0.8693678 0.2506328
vt 0.8750688 0.2422144
vt 0.8671314 0.2388645
vt 0.8723882 0.2461716
vt 0.8773232 0.2388909
vt 0.8679254 0.2349212
vt 0.8750688 0.2422144
vt 0.8790872 0.2362908
vt 0.8685488 0.231836
vt 0.8773232 0.2388909
vt 0.8689876 0.2296278
vt 0.8685488 0.231836
vt 0.8803463 0.2344287
vt 0.8692896 0.2281054
vt 0.8689876 0.2296278
vt 0.8812107 0.2331399
vt 0.8821559 0.2317533
vt 0.8696119 0.2265206
vt 0.8812107 0.2331399
vt 0.8696119 0.2265206
vt 0.8561145 0.2265115
vt 0.8692896 0.2281054
vt 0.8692896 0.2281054
vt 0.856418 0.2280892
vt 0.8689876 0.2296278
vt 0.8567202 0.2296032
vt 0.8571576 0.2318027
vt 0.8689876 0.2296278
vt 0.8685488 0.231836
vt 0.8571576 0.2318027
vt 0.8679254 0.2349212
vt 0.8577582 0.2348827
vt 0.8585292 0.2388239
vt 0.8679254 0.2349212
vt 0.8585292 0.2388239
vt 0.8594477 0.2435223
vt 0.8671314 0.2388645
vt 0.8594477 0.2435223
vt 0.86048 0.2488201
vt 0.8661808 0.2435563
vt 0.86048 0.2488201
vt 0.8615908 0.2545306
vt 0.8651036 0.2488435
vt 0.86048 0.2488201
vt 0.8561996 0.2505711
vt 0.8615908 0.2545306
vt 0.8532201 0.2460663
vt 0.8561996 0.2505711
vt 0.8594477 0.2435223
vt 0.8505806 0.2420666
vt 0.8532201 0.2460663
vt 0.8585292 0.2388239
vt 0.8577582 0.2348827
vt 0.8483675 0.2387017
vt 0.8585292 0.2388239
vt 0.846637 0.2360724
vt 0.8483675 0.2387017
vt 0.8571576 0.2318027
vt 0.8567202 0.2296032
vt 0.8453977 0.2341952
vt 0.8571576 0.2318027
vt 0.8445377 0.2329039
vt 0.8453977 0.2341952
vt 0.856418 0.2280892
vt 0.8561145 0.2265115
vt 0.843692 0.2316038
vt 0.856418 0.2280892
vt 0.843692 0.2316038
vt 0.8338946 0.2410017
vt 0.8445377 0.2329039
vt 0.8352948 0.2419503
vt 0.8366007 0.2428324
vt 0.8445377 0.2329039
vt 0.8366007 0.2428324
vt 0.8384809 0.2440956
vt 0.8453977 0.2341952
vt 0.846637 0.2360724
vt 0.8384809 0.2440956
vt 0.8483675 0.2387017
vt 0.8411036 0.2458643
vt 0.8444515 0.2481227
vt 0.8483675 0.2387017
vt 0.8505806 0.2420666
vt 0.8444515 0.2481227
vt 0.8532201 0.2460663
vt 0.8484264 0.2508103
vt 0.8529112 0.2538309
vt 0.8532201 0.2460663
vt 0.8561996 0.2505711
vt 0.8529112 0.2538309
vt 0.8594123 0.2554234
vt 0.8511242 0.2581068
vt 0.8568311 0.2592561
vt 0.8529112 0.2538309
vt 0.8458291 0.2570457
vt 0.8511242 0.2581068
vt 0.8484264 0.2508103
vt 0.8444515 0.2481227
vt 0.8411179 0.256105
vt 0.8484264 0.2508103
vt 0.8411036 0.2458643
vt 0.8371543 0.2553261
vt 0.8444515 0.2481227
vt 0.8340494 0.2547222
vt 0.8371543 0.2553261
vt 0.8384809 0.2440956
vt 0.8318167 0.2542837
vt 0.8340494 0.2547222
vt 0.8366007 0.2428324
vt 0.8352948 0.2419503
vt 0.8302958 0.2539822
vt 0.8366007 0.2428324
vt 0.8286978 0.2536675
vt 0.8302958 0.2539822
vt 0.8338946 0.2410017
vt 0.2015326 0.7562216
vt 0.2000213 0.7814713
vt 0.2027097 0.7656198
vt 0.1995958 0.7490912
vt 0.1974871 0.7865582
vt 0.2015326 0.7562216
vt 0.1974871 0.7865582
vt 0.1995958 0.7490912
vt 0.1955195 0.7897048
vt 0.1955195 0.7897048
vt 0.1967058 0.7420996
vt 0.1917676 0.7932461
vt 0.1917676 0.7932461
vt 0.1933815 0.7372677
vt 0.1890416 0.7948884
vt 0.1890416 0.7948884
vt 0.1878493 0.7313176
vt 0.1845414 0.7968915
vt 0.1845414 0.7968915
vt 0.1835304 0.7282326
vt 0.1793016 0.7987901
vt 0.1793016 0.7987901
vt 0.1782168 0.7254724
vt 0.1701443 0.7999317
vt 0.1701443 0.7999317
vt 0.1703875 0.7224048
vt 0.1644182 0.8004063
vt 0.1644182 0.8004063
vt 0.1625945 0.7211288
vt 0.1577148 0.7998251
vt 0.1481326 0.7987049
vt 0.1577148 0.7998251
vt 0.1466204 0.7230059
vt 0.1385503 0.7975847
vt 0.1481326 0.7987049
vt 0.1370034 0.7260687
vt 0.1302868 0.7966767
vt 0.1385503 0.7975847
vt 0.1289223 0.7282639
vt 0.1196393 0.7960561
vt 0.1302868 0.7966767
vt 0.1190399 0.7300176
vt 0.111032 0.7958721
vt 0.1196393 0.7960561
vt 0.1104496 0.7306697
vt 0.111032 0.7958721
vt 0.1104496 0.7306697
vt 0.1031462 0.7959124
vt 0.1031462 0.7959124
vt 0.1025419 0.729635
vt 0.09741765 0.7962675
vt 0.09741765 0.7962675
vt 0.09591919 0.7271404
vt 0.0909748 0.7967566
vt 0.0909748 0.7967566
vt 0.08996957 0.7224811
vt 0.08489274 0.7973578
vt 0.08489274 0.7973578
vt 0.08525317 0.7197089
vt 0.08119714 0.7977912
vt 0.07688498 0.7972811
vt 0.08119714 0.7977912
vt 0.07715028 0.7208289
vt 0.07228803 0.7945064
vt 0.07688498 0.7972811
vt 0.07255977 0.7242678
vt 0.07228803 0.7945064
vt 0.07255977 0.7242678
vt 0.06825691 0.7901669
vt 0.06471061 0.786176
vt 0.06825691 0.7901669
vt 0.06530904 0.7320623
vt 0.3875783 0.6637394
vt 0.3932896 0.6638292
vt 0.3915973 0.6608246
vt 0.06015968 0.7805213
vt 0.06471061 0.786176
vt 0.05957138 0.7392827
vt 0.04943233 0.6606527
vt 0.05743986 0.663142
vt 0.06234788 0.6606048
vt 0.3812412 0.6636721
vt 0.3875783 0.6637394
vt 0.3812724 0.660728
vt 0.06234788 0.6606048
vt 0.06236577 0.6631077
vt 0.0671162 0.6605695
vt 0.3754961 0.6636117
vt 0.3812412 0.6636721
vt 0.3755269 0.6606672
vt 0.06713426 0.6630745
vt 0.07235866 0.6630381
vt 0.0671162 0.6605695
vt 0.3708798 0.6606187
vt 0.3708494 0.6635635
vt 0.3755269 0.6606672
vt 0.07234048 0.6605301
vt 0.07235866 0.6630381
vt 0.07663285 0.6604971
vt 0.3668673 0.6635229
vt 0.3708494 0.6635635
vt 0.3668971 0.6605776
vt 0.07665109 0.6630086
vt 0.08025044 0.6629842
vt 0.07663285 0.6604971
vt 0.3603549 0.6605118
vt 0.3603256 0.6634572
vt 0.3668971 0.6605776
vt 0.08023208 0.6604688
vt 0.08025044 0.6629842
vt 0.08523744 0.6604299
vt 0.3534094 0.6633892
vt 0.3603256 0.6634572
vt 0.3534378 0.6604437
vt 0.08525586 0.66295
vt 0.09218329 0.6629024
vt 0.08523744 0.6604299
vt 0.3472934 0.6603852
vt 0.3472659 0.6633305
vt 0.3534378 0.6604437
vt 0.09216511 0.660377
vt 0.09218329 0.6629024
vt 0.09866791 0.6603272
vt 0.3388528 0.6603081
vt 0.3388264 0.6632525
vt 0.3472934 0.6603852
vt 0.09866791 0.6603272
vt 0.09868586 0.662859
vt 0.1060155 0.6602721
vt 0.3296415 0.6602281
vt 0.3296164 0.663171
vt 0.3388528 0.6603081
vt 0.1060155 0.6602721
vt 0.106033 0.6628111
vt 0.113977 0.6602138
vt 0.3182138 0.6630744
vt 0.3296164 0.663171
vt 0.3182378 0.6601342
vt 0.113994 0.662761
vt 0.1233009 0.6627046
vt 0.113977 0.6602138
vt 0.3093367 0.6630021
vt 0.3182138 0.6630744
vt 0.3093591 0.6600659
vt 0.1233009 0.6627046
vt 0.1310963 0.6626612
vt 0.1232845 0.660148
vt 0.2990725 0.6599921
vt 0.2990513 0.6629227
vt 0.3093591 0.6600659
vt 0.1310963 0.6626612
vt 0.1405326 0.6626118
vt 0.1310808 0.660094
vt 0.2888078 0.6599241
vt 0.2887881 0.6628475
vt 0.2990725 0.6599921
vt 0.140518 0.6600328
vt 0.1405326 0.6626118
vt 0.149479 0.6599778
vt 0.2816681 0.6598821
vt 0.2816499 0.6627968
vt 0.2888078 0.6599241
vt 0.149479 0.6599778
vt 0.1494925 0.6625698
vt 0.1558144 0.6599396
vt 0.2755908 0.6598506
vt 0.2755741 0.6627555
vt 0.2816681 0.6598821
vt 0.1558144 0.6599396
vt 0.1558266 0.6625456
vt 0.1633146 0.6598992
vt 0.265865 0.6598026
vt 0.2658497 0.6626964
vt 0.2755908 0.6598506
vt 0.1633254 0.6625202
vt 0.1713573 0.6624972
vt 0.1633146 0.6598992
vt 0.2600013 0.6626608
vt 0.2658497 0.6626964
vt 0.2600152 0.6597794
vt 0.1713573 0.6624972
vt 0.177112 0.6624867
vt 0.171348 0.6598605
vt 0.2548679 0.6597627
vt 0.2548555 0.6626306
vt 0.2600152 0.6597794
vt 0.1771041 0.6598333
vt 0.177112 0.6624867
vt 0.1822391 0.6598109
vt 0.251558 0.6597564
vt 0.2515472 0.66261
vt 0.2548679 0.6597627
vt 0.1822455 0.6624815
vt 0.1901558 0.662474
vt 0.1822391 0.6598109
vt 0.2462109 0.6625836
vt 0.2515472 0.66261
vt 0.2462201 0.6597451
vt 0.1901558 0.662474
vt 0.1959052 0.6624749
vt 0.190151 0.6597854
vt 0.2424012 0.6597419
vt 0.2423937 0.6625644
vt 0.2462201 0.6597451
vt 0.1959021 0.6597676
vt 0.1959052 0.6624749
vt 0.2033722 0.6597516
vt 0.2365819 0.6625423
vt 0.2423937 0.6625644
vt 0.2365876 0.6597368
vt 0.2107207 0.65974
vt 0.2033722 0.6597516
vt 0.2107205 0.6624864
vt 0.2281773 0.6597317
vt 0.2281734 0.6625188
vt 0.2365876 0.6597368
vt 0.2107207 0.65974
vt 0.2107205 0.6624864
vt 0.2202103 0.6597333
vt 0.2202084 0.6625004
vt 0.2281734 0.6625188
vt 0.2202103 0.6597333
vt 0.2017571 0.90863193
vt 0.203167 0.91354043
vt 0.2073817 0.90685559
vt 0.196634 0.91523636
vt 0.203167 0.91354043
vt 0.1957101 0.91039873
vt 0.1874238 0.91699994
vt 0.196634 0.91523636
vt 0.1870243 0.91208482
vt 0.2077456 0.8041809
vt 0.1972824 0.8022293
vt 0.2067757 0.8093806
vt 0.1786761 0.91775138
vt 0.1874238 0.91699994
vt 0.178632 0.91285033
vt 0.1972824 0.8022293
vt 0.1906438 0.8012561
vt 0.1962237 0.8072072
vt 0.1712601 0.91776115
vt 0.1786761 0.91775138
vt 0.1714469 0.91283507
vt 0.1906438 0.8012561
vt 0.1827759 0.8006694
vt 0.1897854 0.806317
vt 0.1614812 0.91175855
vt 0.1608849 0.91661799
vt 0.1714469 0.91283507
vt 0.1824234 0.8058035
vt 0.1827759 0.8006694
vt 0.171589 0.8049466
vt 0.1500658 0.9146089
vt 0.1608849 0.91661799
vt 0.151665 0.91001732
vt 0.1715575 0.8006694
vt 0.1602417 0.8013101
vt 0.171589 0.8049466
vt 0.1410841 0.9127273
vt 0.1500658 0.9146089
vt 0.1413916 0.90822703
vt 0.1603227 0.804831
vt 0.1602417 0.8013101
vt 0.1505255 0.8047262
vt 0.130287 0.90757037
vt 0.1300581 0.91062004
vt 0.1413916 0.90822703
vt 0.1505255 0.8047262
vt 0.150321 0.8022823
vt 0.1378627 0.8061421
vt 0.1206977 0.90647257
vt 0.1203331 0.90934927
vt 0.130287 0.90757037
vt 0.1378627 0.8061421
vt 0.1373493 0.8036382
vt 0.126677 0.8071908
vt 0.1109887 0.90905405
vt 0.1203331 0.90934927
vt 0.1111751 0.90634943
vt 0.1267175 0.8045052
vt 0.1168696 0.8052168
vt 0.126677 0.8071908
vt 0.1024176 0.90981591
vt 0.1109887 0.90905405
vt 0.1020696 0.90692878
vt 0.1168696 0.8052168
vt 0.1096143 0.8055208
vt 0.116799 0.8078794
vt 0.09303933 0.91101444
vt 0.1024176 0.90981591
vt 0.09318929 0.90805758
vt 0.1096143 0.8055208
vt 0.1013567 0.8057441
vt 0.1095644 0.8085359
vt 0.08611482 0.91119606
vt 0.09303933 0.91101444
vt 0.0861544 0.90808857
vt 0.1013567 0.8057441
vt 0.09345167 0.8060454
vt 0.1014266 0.8089957
vt 0.08025938 0.9069534
vt 0.0811336 0.91057116
vt 0.0861544 0.90808857
vt 0.09345167 0.8060454
vt 0.0885331 0.806457
vt 0.0935983 0.809246
vt 0.0744487 0.9041226
vt 0.0756427 0.90817649
vt 0.08025938 0.9069534
vt 0.0885331 0.806457
vt 0.08284872 0.8076586
vt 0.08842432 0.809737
vt 0.06753605 0.8986801
vt 0.06963032 0.90428931
vt 0.0744487 0.9041226
vt 0.08284872 0.8076586
vt 0.07646065 0.8101843
vt 0.08192336 0.8107306
vt 0.05516314 0.8848
vt 0.06454831 0.90009249
vt 0.06753605 0.8986801
vt 0.07646065 0.8101843
vt 0.06624257 0.8152566
vt 0.07339972 0.8142227
vt 0.05051875 0.8786064
vt 0.05261158 0.8871749
vt 0.05516314 0.8848
vt 0.05690014 0.7760027
vt 0.06015968 0.7805213
vt 0.05658054 0.7454547
vt 0.06624257 0.8152566
vt 0.05701714 0.8204082
vt 0.06155276 0.8209647
vt 0.06155276 0.8209647
vt 0.05353611 0.8270377
vt 0.05980676 0.8265477
vt 0.05262088 0.7713824
vt 0.05690014 0.7760027
vt 0.05262082 0.7522302
vt 0.04976934 0.8678497
vt 0.05051875 0.8786064
vt 0.05616253 0.8773827
vt 0.07339972 0.8142227
vt 0.06155276 0.8209647
vt 0.06995028 0.8198789
vt 0.05616253 0.8773827
vt 0.05516314 0.8848
vt 0.06818318 0.8931238
vt 0.08192336 0.8107306
vt 0.07339972 0.8142227
vt 0.0799517 0.8152144
vt 0.06818318 0.8931238
vt 0.06753605 0.8986801
vt 0.07551056 0.8998953
vt 0.08842432 0.809737
vt 0.08192336 0.8107306
vt 0.08646649 0.8136676
vt 0.07551056 0.8998953
vt 0.0744487 0.9041226
vt 0.08127188 0.90278715
vt 0.0935983 0.809246
vt 0.08842432 0.809737
vt 0.09238076 0.8129266
vt 0.08025938 0.9069534
vt 0.0861544 0.90808857
vt 0.08127188 0.90278715
vt 0.1014266 0.8089957
vt 0.0935983 0.809246
vt 0.1009796 0.8120018
vt 0.0861544 0.90808857
vt 0.09318929 0.90805758
vt 0.08680486 0.90378655
vt 0.1095644 0.8085359
vt 0.1014266 0.8089957
vt 0.1095699 0.8116446
vt 0.09318929 0.90805758
vt 0.1020696 0.90692878
vt 0.09347134 0.90375537
vt 0.116799 0.8078794
vt 0.1095644 0.8085359
vt 0.1169484 0.8110478
vt 0.1020696 0.90692878
vt 0.1111751 0.90634943
vt 0.1023975 0.90235287
vt 0.126677 0.8071908
vt 0.116799 0.8078794
vt 0.1268267 0.8102848
vt 0.1111751 0.90634943
vt 0.1206977 0.90647257
vt 0.1113747 0.9018879
vt 0.1378627 0.8061421
vt 0.126677 0.8071908
vt 0.138064 0.8087652
vt 0.1206977 0.90647257
vt 0.130287 0.90757037
vt 0.120809 0.90109385
vt 0.1510022 0.8076219
vt 0.1505255 0.8047262
vt 0.138064 0.8087652
vt 0.130287 0.90757037
vt 0.1413916 0.90822703
vt 0.1320957 0.9040711
vt 0.1609519 0.8083045
vt 0.1603227 0.804831
vt 0.1510022 0.8076219
vt 0.141183 0.90510709
vt 0.1413916 0.90822703
vt 0.1516054 0.90676439
vt 0.1720328 0.8090196
vt 0.171589 0.8049466
vt 0.1609519 0.8083045
vt 0.1516054 0.90676439
vt 0.151665 0.91001732
vt 0.1621833 0.90807611
vt 0.1823372 0.8106466
vt 0.1824234 0.8058035
vt 0.1720328 0.8090196
vt 0.1614812 0.91175855
vt 0.1714469 0.91283507
vt 0.1621833 0.90807611
vt 0.1892637 0.812331
vt 0.1897854 0.806317
vt 0.1823372 0.8106466
vt 0.1714469 0.91283507
vt 0.178632 0.91285033
vt 0.1718236 0.90829123
vt 0.1952853 0.8132298
vt 0.1962237 0.8072072
vt 0.1892637 0.812331
vt 0.178632 0.91285033
vt 0.1870243 0.91208482
vt 0.1792836 0.90738422
vt 0.2055339 0.8155991
vt 0.2067757 0.8093806
vt 0.1952853 0.8132298
vt 0.1870243 0.91208482
vt 0.1957101 0.91039873
vt 0.1865634 0.9066515
vt 0.1957101 0.91039873
vt 0.2017571 0.90863193
vt 0.1945316 0.90459949
vt 0.2017571 0.90863193
vt 0.2073817 0.90685559
vt 0.2004578 0.9028734
vt 0.225722 0.8719197
vt 0.2287209 0.8617982
vt 0.2211778 0.8697927
vt 0.225722 0.8719197
vt 0.2211778 0.8697927
vt 0.2204106 0.8778866
vt 0.2204106 0.8778866
vt 0.2181888 0.8759266
vt 0.2134889 0.8839596
vt 0.2134889 0.8839596
vt 0.2098778 0.8811101
vt 0.2061401 0.8864621
vt 0.2061401 0.8864621
vt 0.2013751 0.8835544
vt 0.1970185 0.8860909
vt 0.1929059 0.90140886
vt 0.1945316 0.90459949
vt 0.1985082 0.8996776
vt 0.1906915 0.8975375
vt 0.1929059 0.90140886
vt 0.1961317 0.8963908
vt 0.1879172 0.8941463
vt 0.1906915 0.8975375
vt 0.1928666 0.8926304
vt 0.1829186 0.8920274
vt 0.1879172 0.8941463
vt 0.1886599 0.8908664
vt 0.1928666 0.8926304
vt 0.1961317 0.8963908
vt 0.1987285 0.890372
vt 0.1987285 0.890372
vt 0.201418 0.8932264
vt 0.2019103 0.8877214
vt 0.2134889 0.8839596
vt 0.2061401 0.8864621
vt 0.2059732 0.8894225
vt 0.1961317 0.8963908
vt 0.1985082 0.8996776
vt 0.201418 0.8932264
vt 0.2004578 0.9028734
vt 0.2053638 0.8996412
vt 0.1985082 0.8996776
vt 0.2144792 0.8846604
vt 0.2134889 0.8839596
vt 0.2064642 0.8897419
vt 0.2209939 0.8782425
vt 0.2204106 0.8778866
vt 0.2144792 0.8846604
vt 0.201418 0.8932264
vt 0.2041753 0.8947041
vt 0.2059732 0.8894225
vt 0.1792836 0.90738422
vt 0.1865634 0.9066515
vt 0.1788564 0.90396804
vt 0.1775794 0.90087081
vt 0.1788564 0.90396804
vt 0.1845442 0.8992187
vt 0.1753106 0.8973278
vt 0.1775794 0.90087081
vt 0.1820776 0.8958185
vt 0.1863879 0.9029407
vt 0.1865634 0.9066515
vt 0.1929059 0.90140886
vt 0.1929059 0.90140886
vt 0.1906915 0.8975375
vt 0.1863879 0.9029407
vt 0.1906915 0.8975375
vt 0.1879172 0.8941463
vt 0.1845442 0.8992187
vt 0.1720019 0.8945316
vt 0.1753106 0.8973278
vt 0.1778718 0.8927865
vt 0.1879172 0.8941463
vt 0.1829186 0.8920274
vt 0.1820776 0.8958185
vt 0.1970185 0.8860909
vt 0.1961688 0.883665
vt 0.1905938 0.8854849
vt 0.1905938 0.8854849
vt 0.1904271 0.883082
vt 0.1841294 0.8843986
vt 0.1841294 0.8843986
vt 0.1841765 0.8819138
vt 0.1781508 0.8835278
vt 0.1707149 0.882988
vt 0.1781508 0.8835278
vt 0.1710057 0.8802497
vt 0.1707149 0.882988
vt 0.1710057 0.8802497
vt 0.1630487 0.883868
vt 0.1630487 0.883868
vt 0.161655 0.8813496
vt 0.1603999 0.8850989
vt 0.2019103 0.8877214
vt 0.1970185 0.8860909
vt 0.1987285 0.890372
vt 0.1886599 0.8908664
vt 0.1928666 0.8926304
vt 0.1957829 0.8882396
vt 0.1970185 0.8860909
vt 0.1905938 0.8854849
vt 0.1957829 0.8882396
vt 0.1841294 0.8843986
vt 0.1781508 0.8835278
vt 0.1844211 0.888444
vt 0.1902567 0.8882212
vt 0.1905938 0.8854849
vt 0.1844211 0.888444
vt 0.1768373 0.8882934
vt 0.1829186 0.8920274
vt 0.1844211 0.888444
vt 0.1678921 0.8896909
vt 0.1720019 0.8945316
vt 0.1724046 0.8888617
vt 0.1724046 0.8888617
vt 0.1778718 0.8927865
vt 0.1768373 0.8882934
vt 0.1844211 0.888444
vt 0.1886599 0.8908664
vt 0.1902567 0.8882212
vt 0.1621965 0.90526158
vt 0.1621833 0.90807611
vt 0.1713955 0.90506077
vt 0.1616164 0.90223194
vt 0.1621965 0.90526158
vt 0.1707665 0.90194279
vt 0.1604234 0.8990427
vt 0.1616164 0.90223194
vt 0.1692961 0.8987026
vt 0.1585724 0.8958304
vt 0.1604234 0.8990427
vt 0.1670133 0.8955116
vt 0.1542269 0.8914372
vt 0.1585724 0.8958304
vt 0.1636564 0.8907056
vt 0.1621965 0.90526158
vt 0.1616164 0.90223194
vt 0.1511332 0.90405137
vt 0.1616164 0.90223194
vt 0.1604234 0.8990427
vt 0.150346 0.9010098
vt 0.1604234 0.8990427
vt 0.1585724 0.8958304
vt 0.1490739 0.8980809
vt 0.1585724 0.8958304
vt 0.1542269 0.8914372
vt 0.1475327 0.8950055
vt 0.1511332 0.90405137
vt 0.150346 0.9010098
vt 0.1410729 0.90243269
vt 0.150346 0.9010098
vt 0.1490739 0.8980809
vt 0.1406646 0.8995654
vt 0.1490739 0.8980809
vt 0.1475327 0.8950055
vt 0.140196 0.897098
vt 0.1475327 0.8950055
vt 0.1474363 0.8911023
vt 0.1392139 0.8939011
vt 0.1410729 0.90243269
vt 0.1406646 0.8995654
vt 0.1320012 0.90147067
vt 0.1406646 0.8995654
vt 0.140196 0.897098
vt 0.1316196 0.8984476
vt 0.140196 0.897098
vt 0.1392139 0.8939011
vt 0.1311592 0.8959424
vt 0.1392139 0.8939011
vt 0.137435 0.8902266
vt 0.1295377 0.8928666
vt 0.1718236 0.90829123
vt 0.1792836 0.90738422
vt 0.1713955 0.90506077
vt 0.1788564 0.90396804
vt 0.1775794 0.90087081
vt 0.1713955 0.90506077
vt 0.1775794 0.90087081
vt 0.1753106 0.8973278
vt 0.1707665 0.90194279
vt 0.1511332 0.90405137
vt 0.1516054 0.90676439
vt 0.1621965 0.90526158
vt 0.1410729 0.90243269
vt 0.141183 0.90510709
vt 0.1511332 0.90405137
vt 0.1320012 0.90147067
vt 0.1320957 0.9040711
vt 0.1410729 0.90243269
vt 0.1753106 0.8973278
vt 0.1720019 0.8945316
vt 0.1692961 0.8987026
vt 0.1720019 0.8945316
vt 0.1678921 0.8896909
vt 0.1670133 0.8955116
vt 0.09347134 0.90375537
vt 0.1023975 0.90235287
vt 0.09401166 0.8979922
vt 0.1023975 0.90235287
vt 0.1113747 0.9018879
vt 0.1029019 0.8958847
vt 0.1208724 0.8975359
vt 0.120809 0.90109385
vt 0.1316196 0.8984476
vt 0.1113747 0.9018879
vt 0.120809 0.90109385
vt 0.1119548 0.8957022
vt 0.09401166 0.8979922
vt 0.1029019 0.8958847
vt 0.09464567 0.8928642
vt 0.1029019 0.8958847
vt 0.1119548 0.8957022
vt 0.1032989 0.8927635
vt 0.08852529 0.8977773
vt 0.09401166 0.8979922
vt 0.08981579 0.8922931
vt 0.05980676 0.8265477
vt 0.05182003 0.836023
vt 0.06169265 0.8314706
vt 0.04943233 0.765731
vt 0.05262088 0.7713824
vt 0.04943233 0.7582604
vt 0.04943233 0.8580916
vt 0.04976934 0.8678497
vt 0.06101077 0.8742111
vt 0.06995028 0.8198789
vt 0.05980676 0.8265477
vt 0.06996971 0.8254033
vt 0.06101077 0.8742111
vt 0.05616253 0.8773827
vt 0.07129108 0.8885944
vt 0.0799517 0.8152144
vt 0.06995028 0.8198789
vt 0.07817202 0.8206544
vt 0.07129108 0.8885944
vt 0.06818318 0.8931238
vt 0.07806259 0.8951874
vt 0.08646649 0.8136676
vt 0.0799517 0.8152144
vt 0.08425754 0.8175409
vt 0.07806259 0.8951874
vt 0.07551056 0.8998953
vt 0.08230251 0.8977057
vt 0.09238076 0.8129266
vt 0.08646649 0.8136676
vt 0.09066754 0.8167431
vt 0.08127188 0.90278715
vt 0.08680486 0.90378655
vt 0.08230251 0.8977057
vt 0.06169265 0.8314706
vt 0.05009239 0.8454752
vt 0.06598764 0.8361522
vt 0.05009239 0.8454752
vt 0.04943233 0.8580916
vt 0.05851393 0.8480835
vt 0.04943233 0.8580916
vt 0.06101077 0.8742111
vt 0.05816853 0.8573533
vt 0.06996971 0.8254033
vt 0.06169265 0.8314706
vt 0.072281 0.8299956
vt 0.06101077 0.8742111
vt 0.07129108 0.8885944
vt 0.06566321 0.8720715
vt 0.07817202 0.8206544
vt 0.06996971 0.8254033
vt 0.07799035 0.825404
vt 0.07129108 0.8885944
vt 0.07806259 0.8951874
vt 0.07364487 0.8866224
vt 0.08425754 0.8175409
vt 0.07817202 0.8206544
vt 0.08381998 0.8217115
vt 0.07806259 0.8951874
vt 0.08230251 0.8977057
vt 0.08223754 0.890829
vt 0.09066754 0.8167431
vt 0.08425754 0.8175409
vt 0.08959186 0.8203381
vt 0.08230251 0.8977057
vt 0.08852529 0.8977773
vt 0.08539938 0.8909202
vt 0.08680486 0.90378655
vt 0.09347134 0.90375537
vt 0.08852529 0.8977773
vt 0.1003749 0.8159748
vt 0.09066754 0.8167431
vt 0.09933686 0.8190622
vt 0.1009796 0.8120018
vt 0.09238076 0.8129266
vt 0.1003749 0.8159748
vt 0.1610845 0.8117683
vt 0.1609519 0.8083045
vt 0.151297 0.8103328
vt 0.1716874 0.8139875
vt 0.1720328 0.8090196
vt 0.1610845 0.8117683
vt 0.1817768 0.8151337
vt 0.1823372 0.8106466
vt 0.1716874 0.8139875
vt 0.188569 0.8166296
vt 0.1892637 0.812331
vt 0.1817768 0.8151337
vt 0.1941491 0.8183607
vt 0.1952853 0.8132298
vt 0.188569 0.8166296
vt 0.1606022 0.8152743
vt 0.1610845 0.8117683
vt 0.1511248 0.8134711
vt 0.1716874 0.8139875
vt 0.1610845 0.8117683
vt 0.1707026 0.8171129
vt 0.1817768 0.8151337
vt 0.1716874 0.8139875
vt 0.1802147 0.818806
vt 0.188569 0.8166296
vt 0.1817768 0.8151337
vt 0.1863828 0.8206008
vt 0.1941491 0.8183607
vt 0.188569 0.8166296
vt 0.1915618 0.822163
vt 0.1606022 0.8152743
vt 0.1511248 0.8134711
vt 0.1595241 0.8188581
vt 0.1707026 0.8171129
vt 0.1606022 0.8152743
vt 0.1686851 0.8199997
vt 0.1802147 0.818806
vt 0.1707026 0.8171129
vt 0.1778954 0.8219546
vt 0.1863828 0.8206008
vt 0.1802147 0.818806
vt 0.1838194 0.8238841
vt 0.1915618 0.822163
vt 0.1863828 0.8206008
vt 0.1888112 0.8252097
vt 0.1995622 0.8250533
vt 0.1915618 0.822163
vt 0.1963748 0.8278242
vt 0.1595241 0.8188581
vt 0.1497467 0.8168459
vt 0.1579146 0.8221937
vt 0.1686851 0.8199997
vt 0.1595241 0.8188581
vt 0.1660883 0.823778
vt 0.1778954 0.8219546
vt 0.1686851 0.8199997
vt 0.1753764 0.8260793
vt 0.1838194 0.8238841
vt 0.1778954 0.8219546
vt 0.1805261 0.8271575
vt 0.1888112 0.8252097
vt 0.1838194 0.8238841
vt 0.1863055 0.8288273
vt 0.1963748 0.8278242
vt 0.1888112 0.8252097
vt 0.1927455 0.8293883
vt 0.2202178 0.8478936
vt 0.2221391 0.8520967
vt 0.2246379 0.8457505
vt 0.2287209 0.8617982
vt 0.2287111 0.8529644
vt 0.2230347 0.8598452
vt 0.2173149 0.8439789
vt 0.2202178 0.8478936
vt 0.2220537 0.8416659
vt 0.2152015 0.8419607
vt 0.2173149 0.8439789
vt 0.219706 0.8389245
vt 0.2124843 0.8399996
vt 0.2152015 0.8419607
vt 0.2166934 0.8364661
vt 0.2089306 0.8376423
vt 0.2124843 0.8399996
vt 0.2135135 0.8344225
vt 0.2042253 0.8360611
vt 0.2089306 0.8376423
vt 0.2062839 0.8324312
vt 0.2002433 0.8350148
vt 0.2042253 0.8360611
vt 0.2016766 0.8314696
vt 0.2002433 0.8350148
vt 0.2016766 0.8314696
vt 0.1931422 0.8340421
vt 0.2228391 0.8408701
vt 0.2220537 0.8416659
vt 0.2251827 0.8451862
vt 0.2204734 0.8380526
vt 0.219706 0.8389245
vt 0.2228391 0.8408701
vt 0.2176477 0.8351088
vt 0.2166934 0.8364661
vt 0.2204734 0.8380526
vt 0.2147335 0.83224
vt 0.2135135 0.8344225
vt 0.2176477 0.8351088
vt 0.204248 0.8271152
vt 0.1995622 0.8250533
vt 0.2022466 0.8299429
vt 0.2053154 0.8172738
vt 0.1952853 0.8132298
vt 0.2023608 0.821732
vt 0.2023608 0.821732
vt 0.1941491 0.8183607
vt 0.1995622 0.8250533
vt 0.2079703 0.8237045
vt 0.2066301 0.8247881
vt 0.2114953 0.8286152
vt 0.2053154 0.8172738
vt 0.2023608 0.821732
vt 0.2079703 0.8237045
vt 0.2114953 0.8286152
vt 0.2095794 0.8296683
vt 0.2147335 0.83224
vt 0.1995622 0.8250533
vt 0.204248 0.8271152
vt 0.2023608 0.821732
vt 0.1931422 0.8340421
vt 0.1927455 0.8293883
vt 0.1867811 0.8333071
vt 0.1867811 0.8333071
vt 0.1863055 0.8288273
vt 0.1799934 0.8317822
vt 0.1799934 0.8317822
vt 0.1805261 0.8271575
vt 0.1748012 0.8307422
vt 0.1748012 0.8307422
vt 0.1753764 0.8260793
vt 0.1670004 0.8292803
vt 0.1670004 0.8292803
vt 0.1660883 0.823778
vt 0.1572465 0.8277331
vt 0.1572465 0.8277331
vt 0.1579146 0.8221937
vt 0.1478449 0.8260339
vt 0.2022466 0.8299429
vt 0.1963748 0.8278242
vt 0.2016766 0.8314696
vt 0.137751 0.8133825
vt 0.1511248 0.8134711
vt 0.1381082 0.8112358
vt 0.1372094 0.8158275
vt 0.1497467 0.8168459
vt 0.137751 0.8133825
vt 0.1354147 0.8249256
vt 0.1478449 0.8260339
vt 0.1357642 0.8191909
vt 0.1357642 0.8191909
vt 0.148337 0.8198842
vt 0.1372094 0.8158275
vt 0.1510022 0.8076219
vt 0.138064 0.8087652
vt 0.151297 0.8103328
vt 0.1092728 0.8150996
vt 0.1003749 0.8159748
vt 0.1084222 0.8182209
vt 0.1168626 0.8145991
vt 0.1092728 0.8150996
vt 0.116032 0.8180159
vt 0.1269361 0.8158153
vt 0.1168626 0.8145991
vt 0.1258739 0.8182447
vt 0.1095699 0.8116446
vt 0.1009796 0.8120018
vt 0.1092728 0.8150996
vt 0.1169484 0.8110478
vt 0.1095699 0.8116446
vt 0.1168626 0.8145991
vt 0.1372094 0.8158275
vt 0.1269361 0.8158153
vt 0.1357642 0.8191909
vt 0.137751 0.8133825
vt 0.126833 0.8131575
vt 0.1372094 0.8158275
vt 0.1381082 0.8112358
vt 0.1268267 0.8102848
vt 0.137751 0.8133825
vt 0.1168626 0.8145991
vt 0.126833 0.8131575
vt 0.1169484 0.8110478
vt 0.2095794 0.8296683
vt 0.204248 0.8271152
vt 0.2062839 0.8324312
vt 0.1585812 0.8881007
vt 0.1603999 0.8850989
vt 0.1571265 0.8869917
vt 0.1542269 0.8914372
vt 0.1585812 0.8881007
vt 0.1538855 0.8894778
vt 0.1542269 0.8914372
vt 0.1538855 0.8894778
vt 0.1474363 0.8911023
vt 0.137435 0.8902266
vt 0.1474363 0.8911023
vt 0.1376035 0.8881262
vt 0.1276478 0.8891359
vt 0.137435 0.8902266
vt 0.1289687 0.8870766
vt 0.1209926 0.8906931
vt 0.1276478 0.8891359
vt 0.120585 0.8847135
vt 0.1120285 0.8931863
vt 0.1209926 0.8906931
vt 0.1097377 0.8866074
vt 0.1120285 0.8931863
vt 0.1097377 0.8866074
vt 0.1032989 0.8927635
vt 0.09464567 0.8928642
vt 0.1032989 0.8927635
vt 0.09513968 0.8881492
vt 0.09464567 0.8928642
vt 0.09513968 0.8881492
vt 0.08981579 0.8922931
vt 0.08981579 0.8922931
vt 0.09041494 0.8873289
vt 0.08539938 0.8909202
vt 0.08223754 0.890829
vt 0.08539938 0.8909202
vt 0.0825439 0.8873796
vt 0.08223754 0.890829
vt 0.0825439 0.8873796
vt 0.07364487 0.8866224
vt 0.06566321 0.8720715
vt 0.07364487 0.8866224
vt 0.07110333 0.8730256
vt 0.1768373 0.8882934
vt 0.1781508 0.8835278
vt 0.1724046 0.8888617
vt 0.1724046 0.8888617
vt 0.1707149 0.882988
vt 0.1678921 0.8896909
vt 0.1678921 0.8896909
vt 0.1630487 0.883868
vt 0.1636564 0.8907056
vt 0.1316196 0.8984476
vt 0.1311592 0.8959424
vt 0.1208724 0.8975359
vt 0.1120285 0.8931863
vt 0.1119548 0.8957022
vt 0.1208449 0.894171
vt 0.1311592 0.8959424
vt 0.1295377 0.8928666
vt 0.1208449 0.894171
vt 0.1354147 0.8249256
vt 0.1357642 0.8191909
vt 0.125834 0.821708
vt 0.1258739 0.8182447
vt 0.116032 0.8180159
vt 0.125834 0.821708
vt 0.116032 0.8180159
vt 0.1084222 0.8182209
vt 0.1154054 0.821181
vt 0.08381998 0.8217115
vt 0.08417749 0.8244562
vt 0.08959186 0.8203381
vt 0.07799035 0.825404
vt 0.072281 0.8299956
vt 0.07872444 0.8277177
vt 0.07836645 0.8349877
vt 0.08051759 0.8293775
vt 0.07580673 0.8331957
vt 0.06982183 0.8388351
vt 0.06598764 0.8361522
vt 0.06368565 0.8491568
vt 0.07580673 0.8331957
vt 0.072281 0.8299956
vt 0.06982183 0.8388351
vt 0.07351869 0.8409704
vt 0.06982183 0.8388351
vt 0.06848269 0.8498798
vt 0.07836645 0.8349877
vt 0.07580673 0.8331957
vt 0.07351869 0.8409704
vt 0.2900707 0.8711542
vt 0.291038 0.870049
vt 0.2890475 0.8700111
vt 0.2917481 0.8641135
vt 0.2920581 0.8588019
vt 0.2906395 0.8633218
vt 0.291038 0.870049
vt 0.2917481 0.8641135
vt 0.2899659 0.8689608
vt 0.2907519 0.8547474
vt 0.2891634 0.8515441
vt 0.2896896 0.854423
vt 0.2920581 0.8588019
vt 0.2907519 0.8547474
vt 0.2909324 0.8582753
vt 0.2810936 0.8439801
vt 0.2741446 0.8405653
vt 0.2805026 0.8441961
vt 0.2891634 0.8515441
vt 0.2872889 0.8484537
vt 0.2881779 0.8513797
vt 0.2872889 0.8484537
vt 0.2849727 0.8461404
vt 0.2863944 0.8484439
vt 0.2849727 0.8461404
vt 0.2810936 0.8439801
vt 0.284191 0.846247
vt 0.2355261 0.8418158
vt 0.2337575 0.8414603
vt 0.2318302 0.8450578
vt 0.2508042 0.8361235
vt 0.2498423 0.8354697
vt 0.242884 0.8375933
vt 0.242884 0.8375933
vt 0.2415038 0.837016
vt 0.2355261 0.8418158
vt 0.2577005 0.8369093
vt 0.2571039 0.8362979
vt 0.2508042 0.8361235
vt 0.2318302 0.8450578
vt 0.2298662 0.8448725
vt 0.2310135 0.8493867
vt 0.2310135 0.8493867
vt 0.2290058 0.8494292
vt 0.2309932 0.850484
vt 0.2738992 0.8409549
vt 0.2741446 0.8405653
vt 0.2666702 0.8386624
vt 0.2666702 0.8386624
vt 0.2665449 0.8381354
vt 0.2577005 0.8369093
vt 0.2309932 0.850484
vt 0.2289841 0.8505841
vt 0.2309933 0.8558423
vt 0.2857805 0.874372
vt 0.2900707 0.8711542
vt 0.2849724 0.8730683
vt 0.2822063 0.8770527
vt 0.2857805 0.874372
vt 0.281577 0.8756152
vt 0.2309933 0.8558423
vt 0.2289841 0.8562244
vt 0.2315176 0.8602446
vt 0.2368428 0.7359448
vt 0.2447194 0.7363825
vt 0.237169 0.735397
vt 0.2275649 0.7340473
vt 0.2368428 0.7359448
vt 0.2283558 0.733595
vt 0.2446508 0.7358127
vt 0.2447194 0.7363825
vt 0.2524639 0.7349906
vt 0.2205451 0.7317405
vt 0.2275649 0.7340473
vt 0.2216874 0.7314041
vt 0.2524639 0.7349906
vt 0.2529446 0.7355168
vt 0.2576815 0.7336105
vt 0.2136583 0.7286053
vt 0.2205451 0.7317405
vt 0.2151452 0.7284261
vt 0.2576815 0.7336105
vt 0.2584376 0.7340636
vt 0.2610059 0.7324382
vt 0.2088803 0.7252006
vt 0.2136583 0.7286053
vt 0.2106063 0.7251921
vt 0.2610059 0.7324382
vt 0.2619373 0.7328292
vt 0.2651534 0.7298267
vt 0.2029729 0.7196184
vt 0.2088803 0.7252006
vt 0.2049943 0.7198891
vt 0.2651534 0.7298267
vt 0.2663031 0.7300801
vt 0.26735 0.727749
vt 0.26735 0.727749
vt 0.2686154 0.7278929
vt 0.2703579 0.7241638
vt 0.2703579 0.7241638
vt 0.2717816 0.7241189
vt 0.2734817 0.7198885
vt 0.3070356 0.8212517
vt 0.306683 0.8198551
vt 0.3017719 0.8218464
vt 0.3017719 0.8218464
vt 0.3019168 0.8164173
vt 0.2971804 0.822312
vt 0.2971804 0.822312
vt 0.2969231 0.8148592
vt 0.2942364 0.8225813
vt 0.2894726 0.8229065
vt 0.2942364 0.8225813
vt 0.2893378 0.8156122
vt 0.2860061 0.8230608
vt 0.2831613 0.8181908
vt 0.2806528 0.8232973
vt 0.234234 0.8177129
vt 0.2300375 0.8201879
vt 0.2364874 0.825309
vt 0.234234 0.8177129
vt 0.2364874 0.825309
vt 0.2425878 0.8186238
vt 0.2425878 0.8186238
vt 0.2420306 0.8250439
vt 0.2499093 0.8218026
vt 0.2655305 0.829194
vt 0.273034 0.8288576
vt 0.2653371 0.8248786
vt 0.2562894 0.8243641
vt 0.2565215 0.8295976
vt 0.2653371 0.8248786
vt 0.273034 0.8288576
vt 0.2808883 0.8285053
vt 0.2728012 0.823624
vt 0.2494862 0.8299162
vt 0.2565215 0.8295976
vt 0.249234 0.8246582
vt 0.2806528 0.8232973
vt 0.2808883 0.8285053
vt 0.2860061 0.8230608
vt 0.2422811 0.8302657
vt 0.2494862 0.8299162
vt 0.2420306 0.8250439
vt 0.2862679 0.8282408
vt 0.2897685 0.8280444
vt 0.2860061 0.8230608
vt 0.2364874 0.825309
vt 0.2367087 0.8305215
vt 0.2420306 0.8250439
vt 0.2897685 0.8280444
vt 0.2946304 0.8277106
vt 0.2894726 0.8229065
vt 0.2289841 0.830841
vt 0.2367087 0.8305215
vt 0.2292394 0.8255658
vt 0.2942364 0.8225813
vt 0.2946304 0.8277106
vt 0.2971804 0.822312
vt 0.2971804 0.822312
vt 0.2976377 0.8274671
vt 0.3017719 0.8218464
vt 0.3017719 0.8218464
vt 0.3022911 0.8270321
vt 0.3070356 0.8212517
vt 0.3027036 0.8313975
vt 0.3080272 0.8308774
vt 0.3022911 0.8270321
vt 0.2976377 0.8274671
vt 0.2980017 0.8318173
vt 0.3022911 0.8270321
vt 0.2946304 0.8277106
vt 0.2949621 0.832064
vt 0.2976377 0.8274671
vt 0.2289841 0.830841
vt 0.2291663 0.8352066
vt 0.2367087 0.8305215
vt 0.2900364 0.8323914
vt 0.2949621 0.832064
vt 0.2897685 0.8280444
vt 0.2367087 0.8305215
vt 0.2369002 0.8348836
vt 0.2422811 0.8302657
vt 0.286503 0.8325904
vt 0.2900364 0.8323914
vt 0.2862679 0.8282408
vt 0.2424849 0.8346285
vt 0.2496905 0.8342841
vt 0.2422811 0.8302657
vt 0.2808883 0.8285053
vt 0.2810969 0.8328596
vt 0.2862679 0.8282408
vt 0.2496905 0.8342841
vt 0.2567191 0.8339606
vt 0.2494862 0.8299162
vt 0.273231 0.8332174
vt 0.2810969 0.8328596
vt 0.273034 0.8288576
vt 0.2565215 0.8295976
vt 0.2567191 0.8339606
vt 0.2655305 0.829194
vt 0.2655305 0.829194
vt 0.2657268 0.8335552
vt 0.273034 0.8288576
vt 0.1802496 0.8564442
vt 0.1821594 0.8512651
vt 0.1738399 0.8554614
vt 0.1738399 0.8554614
vt 0.1756992 0.845568
vt 0.1671783 0.8543923
vt 0.1802496 0.8564442
vt 0.1738399 0.8554614
vt 0.1805052 0.8619112
vt 0.1738399 0.8554614
vt 0.1671783 0.8543923
vt 0.172312 0.8654162
vt 0.1572465 0.8277331
vt 0.1478449 0.8260339
vt 0.1566852 0.8376666
vt 0.1688747 0.8397217
vt 0.1670004 0.8292803
vt 0.1566852 0.8376666
vt 0.1478196 0.8890206
vt 0.1515235 0.8700361
vt 0.1376035 0.8881262
vt 0.161655 0.8813496
vt 0.1629736 0.8693635
vt 0.1590324 0.8831414
vt 0.1571265 0.8869917
vt 0.1590324 0.8831414
vt 0.1478196 0.8890206
vt 0.2445812 0.6690416
vt 0.2401161 0.6736048
vt 0.245467 0.6707895
vt 0.2401161 0.6736048
vt 0.2372075 0.6794053
vt 0.2415643 0.6749898
vt 0.2372075 0.6794053
vt 0.2367634 0.6860167
vt 0.2390598 0.6802745
vt 0.2367634 0.6860167
vt 0.2389858 0.6923923
vt 0.2387964 0.6862258
vt 0.2389858 0.6923923
vt 0.2432801 0.697446
vt 0.2409271 0.6918616
vt 0.2432801 0.697446
vt 0.2492141 0.70051
vt 0.2447847 0.6960866
vt 0.2559313 0.6999735
vt 0.2550511 0.6981403
vt 0.2492141 0.70051
vt 0.2618016 0.6968517
vt 0.260222 0.695588
vt 0.2559313 0.6999735
vt 0.2689779 0.6858141
vt 0.2669208 0.6858172
vt 0.2665295 0.6920159
vt 0.2688276 0.6792619
vt 0.2669324 0.679962
vt 0.2689779 0.6858141
vt 0.2663625 0.6732911
vt 0.2648676 0.6745961
vt 0.2688276 0.6792619
vt 0.2619595 0.6687477
vt 0.2610191 0.6704552
vt 0.2663625 0.6732911
vt 0.256306 0.6664771
vt 0.2559536 0.6682936
vt 0.2619595 0.6687477
vt 0.256306 0.6664771
vt 0.2502855 0.6664771
vt 0.2559536 0.6682936
vt 0.2502855 0.6664771
vt 0.2445812 0.6690416
vt 0.2505142 0.6683978
vt 0.260222 0.695588
vt 0.2618016 0.6968517
vt 0.2645912 0.6913452
vt 0.06848269 0.8498798
vt 0.0711956 0.8502023
vt 0.07351869 0.8409704
vt 0.0711956 0.8502023
vt 0.07535243 0.8503317
vt 0.07524067 0.8431658
vt 0.08013266 0.8383055
vt 0.07836645 0.8349877
vt 0.07598733 0.8407479
vt 0.08026278 0.8422026
vt 0.07598733 0.8407479
vt 0.07818764 0.8436239
vt 0.07818764 0.8436239
vt 0.07586026 0.8431308
vt 0.07533228 0.8504704
vt 0.06848269 0.8498798
vt 0.06368565 0.8491568
vt 0.06998437 0.8587407
vt 0.06848269 0.8498798
vt 0.06998437 0.8587407
vt 0.0711956 0.8502023
vt 0.0711956 0.8502023
vt 0.07297998 0.8570661
vt 0.07535243 0.8503317
vt 0.05851393 0.8480835
vt 0.05816853 0.8573533
vt 0.06368565 0.8491568
vt 0.05816853 0.8573533
vt 0.06566321 0.8720715
vt 0.06463694 0.8601274
vt 0.07110333 0.8730256
vt 0.0715748 0.8657762
vt 0.06463694 0.8601274
vt 0.07532036 0.8503846
vt 0.07367116 0.8571461
vt 0.07532227 0.8504137
vt 0.07367116 0.8571461
vt 0.07464712 0.8592025
vt 0.07583415 0.8565563
vt 0.07297998 0.8570661
vt 0.07367116 0.8571461
vt 0.07532781 0.8503684
vt 0.07297998 0.8570661
vt 0.07321172 0.8602101
vt 0.07367116 0.8571461
vt 0.07524067 0.8431658
vt 0.07536041 0.8503975
vt 0.07586026 0.8431308
vt 0.0825439 0.8873796
vt 0.07816964 0.8739881
vt 0.07479441 0.8841199
vt 0.08527374 0.8873297
vt 0.08402758 0.8738251
vt 0.0825439 0.8873796
vt 0.08527374 0.8873297
vt 0.09041494 0.8873289
vt 0.08402758 0.8738251
vt 0.09513968 0.8881492
vt 0.09322476 0.8723313
vt 0.09041494 0.8873289
vt 0.09513968 0.8881492
vt 0.1032962 0.8874831
vt 0.09322476 0.8723313
vt 0.1097377 0.8866074
vt 0.1038155 0.8684339
vt 0.1032962 0.8874831
vt 0.120585 0.8847135
vt 0.1088198 0.8663692
vt 0.1097377 0.8866074
vt 0.1436387 0.8359703
vt 0.1343982 0.8352811
vt 0.1432493 0.8375596
vt 0.1379903 0.866736
vt 0.1369022 0.8654591
vt 0.1268792 0.8689489
vt 0.1478449 0.8260339
vt 0.1354147 0.8249256
vt 0.1436387 0.8359703
vt 0.1376035 0.8881262
vt 0.1379903 0.866736
vt 0.1289687 0.8870766
vt 0.07535052 0.8503457
vt 0.07534456 0.8503694
vt 0.07536041 0.8503975
vt 0.07535052 0.8503457
vt 0.07532781 0.8503684
vt 0.07534456 0.8503694
vt 0.07534754 0.8504205
vt 0.07534456 0.8503694
vt 0.07533675 0.8504077
vt 0.07532453 0.8503906
vt 0.07533317 0.8503934
vt 0.07534456 0.8503694
vt 0.07532781 0.8503684
vt 0.07532036 0.8503846
vt 0.07532453 0.8503906
vt 0.07533317 0.8503934
vt 0.07532453 0.8503906
vt 0.07533138 0.8504013
vt 0.07536041 0.8503975
vt 0.07534754 0.8504205
vt 0.07536011 0.8504246
vt 0.07534605 0.8504361
vt 0.07534754 0.8504205
vt 0.07533425 0.85042
vt 0.1342489 0.8369167
vt 0.1343982 0.8352811
vt 0.1240094 0.8364043
vt 0.1240094 0.8364043
vt 0.1240136 0.8347754
vt 0.11649 0.8361097
vt 0.11649 0.8361097
vt 0.1164631 0.8344719
vt 0.108921 0.8357369
vt 0.108921 0.8357369
vt 0.1088682 0.8341567
vt 0.10335 0.8356795
vt 0.108902 0.8652636
vt 0.1088198 0.8663692
vt 0.1180621 0.8666025
vt 0.1180621 0.8666025
vt 0.1180159 0.867897
vt 0.1267347 0.8673611
vt 0.1267347 0.8673611
vt 0.1261394 0.8548009
vt 0.1180621 0.8666025
vt 0.1180621 0.8666025
vt 0.1190824 0.8532376
vt 0.108902 0.8652636
vt 0.1180159 0.867897
vt 0.120585 0.8847135
vt 0.1268792 0.8689489
vt 0.1240094 0.8364043
vt 0.1238999 0.8392301
vt 0.1342489 0.8369167
vt 0.11649 0.8361097
vt 0.1163462 0.8390614
vt 0.1240094 0.8364043
vt 0.108921 0.8357369
vt 0.1087816 0.8385754
vt 0.11649 0.8361097
vt 0.10335 0.8356795
vt 0.1033985 0.838277
vt 0.108921 0.8357369
vt 0.108902 0.8652636
vt 0.1108173 0.8518799
vt 0.1024468 0.8623173
vt 0.1088198 0.8663692
vt 0.108902 0.8652636
vt 0.1038343 0.8665422
vt 0.1038343 0.8665422
vt 0.1024468 0.8623173
vt 0.09763842 0.8643649
vt 0.09763842 0.8643649
vt 0.09817367 0.8613564
vt 0.09047603 0.8614574
vt 0.09047603 0.8614574
vt 0.09116363 0.8589842
vt 0.0880925 0.8598347
vt 0.1032158 0.8341854
vt 0.09894436 0.8364553
vt 0.10335 0.8356795
vt 0.10335 0.8356795
vt 0.09918248 0.8369125
vt 0.1033985 0.838277
vt 0.09918248 0.8369125
vt 0.09894436 0.8364553
vt 0.09576612 0.8377394
vt 0.0998314 0.8387414
vt 0.09918248 0.8369125
vt 0.0964905 0.839547
vt 0.09576612 0.8377394
vt 0.09550309 0.8372936
vt 0.09259873 0.8385658
vt 0.0964905 0.839547
vt 0.09576612 0.8377394
vt 0.09343856 0.8403411
vt 0.09259873 0.8385658
vt 0.09235984 0.8382311
vt 0.09118753 0.8392699
vt 0.09343856 0.8403411
vt 0.09259873 0.8385658
vt 0.09194678 0.840782
vt 0.09118753 0.8392699
vt 0.09089773 0.8389171
vt 0.08776491 0.8417397
vt 0.09194678 0.840782
vt 0.09118753 0.8392699
vt 0.08857244 0.8430369
vt 0.08776491 0.8417397
vt 0.08739793 0.8413519
vt 0.08617109 0.8430659
vt 0.08776491 0.8417397
vt 0.08617109 0.8430659
vt 0.08857244 0.8430369
vt 0.08582091 0.8427488
vt 0.0851261 0.8434019
vt 0.08617109 0.8430659
vt 0.08617109 0.8430659
vt 0.08542877 0.8438739
vt 0.08632433 0.8443962
vt 0.1032158 0.8341854
vt 0.09927374 0.8263492
vt 0.09894436 0.8364553
vt 0.09470814 0.8278558
vt 0.09254181 0.8311536
vt 0.09894436 0.8364553
vt 0.09254181 0.8311536
vt 0.09143364 0.8358689
vt 0.09550309 0.8372936
vt 0.1088682 0.8341567
vt 0.1082418 0.8248463
vt 0.1032158 0.8341854
vt 0.1164631 0.8344719
vt 0.116614 0.8244179
vt 0.1088682 0.8341567
vt 0.09067398 0.8250728
vt 0.09027731 0.8229675
vt 0.0855444 0.8264734
vt 0.0855444 0.8264734
vt 0.08417749 0.8244562
vt 0.08344924 0.8294827
vt 0.08051759 0.8293775
vt 0.07836645 0.8349877
vt 0.08344924 0.8294827
vt 0.1084222 0.8182209
vt 0.09933686 0.8190622
vt 0.1071611 0.8214914
vt 0.116614 0.8244179
vt 0.1154054 0.821181
vt 0.1082418 0.8248463
vt 0.1082418 0.8248463
vt 0.1071611 0.8214914
vt 0.09927374 0.8263492
vt 0.09067398 0.8250728
vt 0.09470814 0.8278558
vt 0.09852236 0.8230452
vt 0.08027154 0.8422058
vt 0.09089773 0.8389171
vt 0.08013266 0.8383055
vt 0.09254181 0.8311536
vt 0.08344924 0.8294827
vt 0.09143364 0.8358689
vt 0.09470814 0.8278558
vt 0.09067398 0.8250728
vt 0.09254181 0.8311536
vt 0.08577811 0.8446402
vt 0.08542877 0.8438739
vt 0.0802071 0.8439153
vt 0.12541 0.8246585
vt 0.116614 0.8244179
vt 0.1240136 0.8347754
vt 0.1354147 0.8249256
vt 0.12541 0.8246585
vt 0.1343982 0.8352811
vt 0.1154054 0.821181
vt 0.116614 0.8244179
vt 0.125834 0.821708
vt 0.09047603 0.8614574
vt 0.0880925 0.8598347
vt 0.08966451 0.8648224
vt 0.09647285 0.8654022
vt 0.09873098 0.8705649
vt 0.1038343 0.8665422
vt 0.08966451 0.8648224
vt 0.09322476 0.8723313
vt 0.09647285 0.8654022
vt 0.09763842 0.8643649
vt 0.09047603 0.8614574
vt 0.09647285 0.8654022
vt 0.07752513 0.8587223
vt 0.0883342 0.8733812
vt 0.08966451 0.8648224
vt 0.07110333 0.8730256
vt 0.07816964 0.8739881
vt 0.0715748 0.8657762
vt 0.08381998 0.8217115
vt 0.07799035 0.825404
vt 0.08417749 0.8244562
vt 0.09933686 0.8190622
vt 0.08959186 0.8203381
vt 0.09852236 0.8230452
vt 0.3126269 0.7985701
vt 0.3143386 0.7985702
vt 0.312627 0.7954231
vt 0.3126269 0.7985701
vt 0.312627 0.7954231
vt 0.2903776 0.7985725
vt 0.2886664 0.798573
vt 0.2903776 0.7985725
vt 0.2886655 0.7954272
vt 0.3143391 0.7954234
vt 0.3143457 0.7751329
vt 0.312627 0.7954231
vt 0.2903766 0.7954264
vt 0.312627 0.7954231
vt 0.2903644 0.7751334
vt 0.2903766 0.7954264
vt 0.2903644 0.7751334
vt 0.2886655 0.7954272
vt 0.07752513 0.8587223
vt 0.0880925 0.8598347
vt 0.07733756 0.8569322
vt 0.3143457 0.7751329
vt 0.3138104 0.7696287
vt 0.3126333 0.7751308
vt 0.2886515 0.7751369
vt 0.2903644 0.7751334
vt 0.2891795 0.7696311
vt 0.3126333 0.7751308
vt 0.3001798 0.7668538
vt 0.2903644 0.7751334
vt 0.2845933 0.6679158
vt 0.2997423 0.6670234
vt 0.2845932 0.6660814
vt 0.2845933 0.6679158
vt 0.2845932 0.6660814
vt 0.2692411 0.6670234
vt 0.3004217 0.7340311
vt 0.2884217 0.7337854
vt 0.2996557 0.735698
vt 0.2884217 0.7337854
vt 0.2760987 0.7340303
vt 0.2876558 0.7354522
vt 0.1629736 0.8693635
vt 0.1614599 0.8680294
vt 0.1515235 0.8700361
vt 0.1515235 0.8700361
vt 0.1509516 0.8682495
vt 0.1379903 0.866736
vt 0.3077311 0.6556874
vt 0.2995656 0.655687
vt 0.307117 0.657416
vt 0.3014042 0.6655074
vt 0.3000053 0.6660814
vt 0.3014042 0.6673418
vt 0.3095374 0.6594685
vt 0.3091336 0.6576791
vt 0.2993553 0.6594685
vt 0.2644134 0.6641609
vt 0.2644134 0.6659953
vt 0.2658123 0.6643796
vt 0.2367634 0.6643807
vt 0.2368252 0.666214
vt 0.2503589 0.6643807
vt 0.2823899 0.657841
vt 0.2905751 0.6575313
vt 0.2826884 0.6560309
vt 0.2983899 0.6594685
vt 0.2986883 0.6576586
vt 0.2905751 0.6575313
vt 0.2616041 0.6643796
vt 0.2616041 0.666214
vt 0.2641503 0.6643796
vt 0.2776588 0.8023074
vt 0.2697543 0.807066
vt 0.2783806 0.8039938
vt 0.2636414 0.8095937
vt 0.2643635 0.8112802
vt 0.2697543 0.807066
vt 0.257292 0.8115691
vt 0.2580143 0.8132555
vt 0.2636414 0.8095937
vt 0.2522876 0.8129098
vt 0.25301 0.8145961
vt 0.257292 0.8115691
vt 0.2768808 0.6594685
vt 0.2823899 0.657841
vt 0.2771793 0.6576586
vt 0.2506839 0.666214
vt 0.2611526 0.666214
vt 0.2508723 0.6643893
vt 0.2998003 0.8101944
vt 0.3037126 0.809407
vt 0.3005968 0.8085421
vt 0.2926255 0.8127987
vt 0.2998003 0.8101944
vt 0.293422 0.8111462
vt 0.2896049 0.8145961
vt 0.2926255 0.8127987
vt 0.2904013 0.8129436
vt 0.2490014 0.8114591
vt 0.2497242 0.8131451
vt 0.2522876 0.8129098
vt 0.246154 0.8095939
vt 0.2468773 0.8112795
vt 0.2490014 0.8114591
vt 0.2434318 0.8078707
vt 0.2441555 0.8095559
vt 0.246154 0.8095939
vt 0.2419431 0.8069871
vt 0.2426672 0.8086721
vt 0.2434318 0.8078707
vt 0.2384548 0.8045931
vt 0.2391791 0.8062781
vt 0.2419431 0.8069871
vt 0.2360487 0.8028662
vt 0.2363731 0.8042868
vt 0.2384548 0.8045931
vt 0.2354435 0.8023074
vt 0.2356309 0.803787
vt 0.2360487 0.8028662
vt 0.2903776 0.7985725
vt 0.2903778 0.8004063
vt 0.3126269 0.7985701
vt 0.2786436 0.8094072
vt 0.2896049 0.8145961
vt 0.2794401 0.8077546
vt 0.2354435 0.8023074
vt 0.2289841 0.8054871
vt 0.2356309 0.803787
vt 0.2893378 0.8156122
vt 0.2860023 0.8167707
vt 0.2894726 0.8229065
vt 0.2156233 0.8606288
vt 0.2230347 0.8598452
vt 0.2150593 0.8541016
vt 0.2101548 0.8608853
vt 0.2156233 0.8606288
vt 0.2096824 0.8550007
vt 0.2143496 0.8678936
vt 0.2211778 0.8697927
vt 0.2156233 0.8606288
vt 0.2080442 0.8663412
vt 0.2143496 0.8678936
vt 0.2101548 0.8608853
vt 0.2128578 0.8736177
vt 0.2181888 0.8759266
vt 0.2143496 0.8678936
vt 0.2038449 0.8705748
vt 0.2128578 0.8736177
vt 0.2080442 0.8663412
vt 0.1904271 0.883082
vt 0.1961688 0.883665
vt 0.1919907 0.8766469
vt 0.1919907 0.8766469
vt 0.1976953 0.8775211
vt 0.192557 0.87285
vt 0.1841765 0.8819138
vt 0.1904271 0.883082
vt 0.1860366 0.8755484
vt 0.187207 0.8708785
vt 0.1860366 0.8755484
vt 0.192557 0.87285
vt 0.1783676 0.8809463
vt 0.1841765 0.8819138
vt 0.1803369 0.8746474
vt 0.1829634 0.8670351
vt 0.1803369 0.8746474
vt 0.187207 0.8708785
vt 0.200118 0.8775502
vt 0.2013751 0.8835544
vt 0.2079487 0.8765862
vt 0.1983321 0.8727883
vt 0.200118 0.8775502
vt 0.2038449 0.8705748
vt 0.1961688 0.883665
vt 0.2013751 0.8835544
vt 0.1976953 0.8775211
vt 0.2079487 0.8765862
vt 0.2098778 0.8811101
vt 0.2128578 0.8736177
vt 0.2042253 0.8360611
vt 0.2002433 0.8350148
vt 0.2034888 0.8413858
vt 0.2034888 0.8413858
vt 0.1983012 0.8408967
vt 0.2022698 0.8460101
vt 0.2002433 0.8350148
vt 0.1931422 0.8340421
vt 0.1983012 0.8408967
vt 0.1983012 0.8408967
vt 0.1921874 0.8402169
vt 0.1967554 0.8443146
vt 0.1921874 0.8402169
vt 0.1931422 0.8340421
vt 0.1865112 0.8394779
vt 0.1921874 0.8402169
vt 0.1865112 0.8394779
vt 0.1910828 0.8446867
vt 0.2221391 0.8520967
vt 0.2202178 0.8478936
vt 0.2150593 0.8541016
vt 0.2150593 0.8541016
vt 0.2138266 0.8492426
vt 0.2096824 0.8550007
vt 0.2152015 0.8419607
vt 0.2124843 0.8399996
vt 0.2117311 0.8458445
vt 0.2117311 0.8458445
vt 0.2092188 0.8424268
vt 0.2068739 0.8497331
vt 0.2089306 0.8376423
vt 0.2042253 0.8360611
vt 0.2063336 0.8415493
vt 0.2124843 0.8399996
vt 0.2089306 0.8376423
vt 0.2092188 0.8424268
vt 0.2173149 0.8439789
vt 0.2152015 0.8419607
vt 0.2125739 0.8471738
vt 0.2202178 0.8478936
vt 0.2173149 0.8439789
vt 0.2138266 0.8492426
vt 0.1710057 0.8802497
vt 0.1783676 0.8809463
vt 0.1738432 0.8736756
vt 0.1805052 0.8619112
vt 0.1738432 0.8736756
vt 0.1829634 0.8670351
vt 0.1865112 0.8394779
vt 0.1867811 0.8333071
vt 0.1805657 0.8386556
vt 0.1865112 0.8394779
vt 0.1805657 0.8386556
vt 0.1859723 0.847124
vt 0.1805052 0.8619112
vt 0.172312 0.8654162
vt 0.1738432 0.8736756
vt 0.1805657 0.8386556
vt 0.1799934 0.8317822
vt 0.1749418 0.8381146
vt 0.1670004 0.8292803
vt 0.1688747 0.8397217
vt 0.1748012 0.8307422
vt 0.1821594 0.8512651
vt 0.1805657 0.8386556
vt 0.1756992 0.845568
vt 0.8892543 0.0275954
vt 0.8890501 0.0265461
vt 0.8853302 0.0278197
vt 0.8853302 0.0278197
vt 0.8856576 0.023807
vt 0.8819133 0.0279837
vt 0.8819133 0.0279837
vt 0.8820263 0.0224531
vt 0.8797216 0.0280604
vt 0.8761802 0.0281036
vt 0.8797216 0.0280604
vt 0.8763815 0.022699
vt 0.8761802 0.0281036
vt 0.8738653 0.0234184
vt 0.8736075 0.0280741
vt 0.8736075 0.0280741
vt 0.8717039 0.0243516
vt 0.8696351 0.0280268
vt 0.835508 0.021955
vt 0.8322983 0.0236119
vt 0.8368589 0.0276722
vt 0.835508 0.021955
vt 0.8368589 0.0276722
vt 0.841654 0.0229782
vt 0.841654 0.0229782
vt 0.8409733 0.0277074
vt 0.8469408 0.0256373
vt 0.8581956 0.0317613
vt 0.863764 0.0318252
vt 0.8582324 0.0285588
vt 0.8515565 0.0278
vt 0.8515096 0.0316839
vt 0.8582324 0.0285588
vt 0.863764 0.0318252
vt 0.8695927 0.0318916
vt 0.8638099 0.0279416
vt 0.8462883 0.0316255
vt 0.8515096 0.0316839
vt 0.8463216 0.0277229
vt 0.8696351 0.0280268
vt 0.8695927 0.0318916
vt 0.8736075 0.0280741
vt 0.8409408 0.0315831
vt 0.8462883 0.0316255
vt 0.8409733 0.0277074
vt 0.8735862 0.0319195
vt 0.876186 0.0319194
vt 0.8736075 0.0280741
vt 0.8368589 0.0276722
vt 0.8368051 0.03154
vt 0.8409733 0.0277074
vt 0.876186 0.0319194
vt 0.8797994 0.0318727
vt 0.8761802 0.0281036
vt 0.8310734 0.031454
vt 0.8368051 0.03154
vt 0.8314828 0.0275596
vt 0.8797216 0.0280604
vt 0.8797994 0.0318727
vt 0.8819133 0.0279837
vt 0.8819133 0.0279837
vt 0.8820354 0.0318155
vt 0.8853302 0.0278197
vt 0.8892543 0.0275954
vt 0.8853302 0.0278197
vt 0.8894532 0.0315089
vt 0.8856275 0.0349351
vt 0.8895929 0.0347708
vt 0.8855034 0.0316888
vt 0.8820354 0.0318155
vt 0.8821278 0.035056
vt 0.8855034 0.0316888
vt 0.8797994 0.0318727
vt 0.8798653 0.0351124
vt 0.8820354 0.0318155
vt 0.8310734 0.031454
vt 0.8310261 0.0346934
vt 0.8368051 0.03154
vt 0.8762037 0.0351496
vt 0.8798653 0.0351124
vt 0.876186 0.0319194
vt 0.8368051 0.03154
vt 0.8367649 0.0347773
vt 0.8409408 0.0315831
vt 0.8735792 0.0351496
vt 0.8762037 0.0351496
vt 0.8735862 0.0319195
vt 0.8409408 0.0315831
vt 0.84091 0.0348213
vt 0.8462883 0.0316255
vt 0.8695657 0.0351237
vt 0.8735792 0.0351496
vt 0.8695927 0.0318916
vt 0.8462567 0.0348676
vt 0.8514736 0.034922
vt 0.8462883 0.0316255
vt 0.863764 0.0318252
vt 0.8637281 0.0350609
vt 0.8695927 0.0318916
vt 0.8515096 0.0316839
vt 0.8514736 0.034922
vt 0.8581956 0.0317613
vt 0.8581588 0.0349979
vt 0.8637281 0.0350609
vt 0.8581956 0.0317613
vt 0.8615905 0.0920206
vt 0.86117 0.0926033
vt 0.8637018 0.0953468
vt 0.8595255 0.0892168
vt 0.8591649 0.0898812
vt 0.8615905 0.0920206
vt 0.8579832 0.0875782
vt 0.8576675 0.0882903
vt 0.8595255 0.0892168
vt 0.8112604 0.0909269
vt 0.8120421 0.091622
vt 0.8162031 0.0875307
vt 0.8549846 0.0854998
vt 0.8547559 0.0862725
vt 0.8579832 0.0875782
vt 0.8162031 0.0875307
vt 0.8168408 0.0883248
vt 0.8200872 0.0856188
vt 0.8525238 0.0845858
vt 0.8523667 0.0853853
vt 0.8549846 0.0854998
vt 0.8200872 0.0856188
vt 0.8206118 0.0864684
vt 0.8254978 0.0842389
vt 0.8486388 0.0835488
vt 0.8485946 0.0843789
vt 0.8525238 0.0845858
vt 0.8254978 0.0842389
vt 0.825865 0.0851284
vt 0.8307804 0.0835811
vt 0.8428461 0.0831381
vt 0.8429227 0.0839724
vt 0.8486388 0.0835488
vt 0.8307804 0.0835811
vt 0.8310169 0.0844631
vt 0.8374195 0.0832204
vt 0.8374195 0.0832204
vt 0.8375495 0.0840799
vt 0.8428461 0.0831381
vt 0.808355 0.059791
vt 0.8069469 0.0569031
vt 0.8074209 0.0601816
vt 0.8638656 0.0486178
vt 0.8631607 0.0485543
vt 0.8628333 0.0518074
vt 0.860956 0.055367
vt 0.8615947 0.0556348
vt 0.8621585 0.0516511
vt 0.8103922 0.0630966
vt 0.808355 0.059791
vt 0.8095192 0.0635865
vt 0.8373152 0.0758035
vt 0.83059 0.0754487
vt 0.837244 0.0766826
vt 0.8429051 0.0751497
vt 0.8373152 0.0758035
vt 0.8429996 0.0760101
vt 0.810844 0.0637511
vt 0.8103922 0.0630966
vt 0.8099848 0.0642605
vt 0.8129403 0.0661594
vt 0.810844 0.0637511
vt 0.8121441 0.066741
vt 0.83059 0.0754487
vt 0.8255605 0.0749184
vt 0.8303219 0.0763109
vt 0.8195773 0.0734452
vt 0.8201572 0.0726679
vt 0.8149285 0.0691341
vt 0.8255605 0.0749184
vt 0.8201572 0.0726679
vt 0.8251423 0.0757637
vt 0.8156437 0.0684826
vt 0.8129403 0.0661594
vt 0.8149285 0.0691341
vt 0.8510947 0.0722576
vt 0.8481341 0.0734149
vt 0.8514363 0.0730317
vt 0.8529669 0.0708295
vt 0.8510947 0.0722576
vt 0.853365 0.071561
vt 0.8546141 0.0688056
vt 0.8529669 0.0708295
vt 0.855062 0.0694765
vt 0.8481341 0.0734149
vt 0.8429051 0.0751497
vt 0.8483862 0.0742235
vt 0.8576349 0.0640017
vt 0.8561006 0.0666858
vt 0.8581737 0.0645285
vt 0.8561006 0.0666858
vt 0.8546141 0.0688056
vt 0.8565933 0.0672932
vt 0.8605009 0.0563345
vt 0.8586467 0.0602688
vt 0.8611259 0.0566314
vt 0.8586467 0.0602688
vt 0.8576349 0.0640017
vt 0.8592162 0.0606837
vt 0.8615947 0.0556348
vt 0.860956 0.055367
vt 0.8611259 0.0566314
vt 0.8656004 0.0724187
vt 0.8651462 0.0765462
vt 0.8690193 0.0753335
vt 0.8619025 0.0709168
vt 0.8616161 0.0766123
vt 0.8656004 0.0724187
vt 0.858726 0.0706457
vt 0.8593543 0.0766226
vt 0.8619025 0.0709168
vt 0.858726 0.0706457
vt 0.8560847 0.0709951
vt 0.8593543 0.0766226
vt 0.8512188 0.0725443
vt 0.853059 0.0764338
vt 0.853473 0.071654
vt 0.8481985 0.073805
vt 0.8489767 0.0762567
vt 0.8512188 0.0725443
vt 0.8092842 0.0776462
vt 0.8148853 0.0779446
vt 0.8096714 0.0743025
vt 0.8191443 0.0774695
vt 0.8192635 0.0724947
vt 0.8148853 0.0779446
vt 0.8249566 0.0768059
vt 0.825063 0.0745892
vt 0.8191443 0.0774695
vt 0.8529068 0.0803919
vt 0.853059 0.0764338
vt 0.8488056 0.080217
vt 0.8249566 0.0768059
vt 0.8191443 0.0774695
vt 0.8251207 0.0808737
vt 0.8555889 0.0804809
vt 0.8557026 0.0765539
vt 0.8529068 0.0803919
vt 0.8195847 0.0814899
vt 0.8191443 0.0774695
vt 0.8152968 0.0819493
vt 0.8593543 0.0766226
vt 0.8557026 0.0765539
vt 0.8593122 0.0805544
vt 0.8148853 0.0779446
vt 0.8093106 0.0784831
vt 0.8152968 0.0819493
vt 0.8616161 0.0766123
vt 0.8593543 0.0766226
vt 0.8616198 0.0805691
vt 0.8652145 0.0805558
vt 0.8651462 0.0765462
vt 0.8616198 0.0805691
vt 0.8651462 0.0765462
vt 0.8652145 0.0805558
vt 0.8692017 0.0764211
vt 0.8693058 0.0839208
vt 0.869305 0.0805548
vt 0.8652152 0.0839218
vt 0.8652152 0.0839218
vt 0.8652145 0.0805558
vt 0.8615998 0.0839155
vt 0.8616198 0.0805691
vt 0.8593122 0.0805544
vt 0.8615998 0.0839155
vt 0.8152968 0.0819493
vt 0.8093601 0.0825579
vt 0.815649 0.085304
vt 0.8593122 0.0805544
vt 0.8555889 0.0804809
vt 0.8592682 0.083891
vt 0.8195847 0.0814899
vt 0.8152968 0.0819493
vt 0.8199482 0.0848482
vt 0.8554989 0.0838097
vt 0.8555889 0.0804809
vt 0.8527872 0.0837279
vt 0.8251207 0.0808737
vt 0.8195847 0.0814899
vt 0.8254978 0.0842389
vt 0.8527872 0.0837279
vt 0.8529068 0.0803919
vt 0.8486388 0.0835488
vt 0.8254978 0.0842389
vt 0.8307804 0.0835811
vt 0.8251207 0.0808737
vt 0.8251207 0.0808737
vt 0.8305067 0.0802338
vt 0.8249566 0.0768059
vt 0.8305067 0.0802338
vt 0.8307804 0.0835811
vt 0.8373201 0.079972
vt 0.8303219 0.0763109
vt 0.8305067 0.0802338
vt 0.837244 0.0766826
vt 0.8374195 0.0832204
vt 0.8428461 0.0831381
vt 0.8373201 0.079972
vt 0.8373201 0.079972
vt 0.842917 0.0799405
vt 0.837244 0.0766826
vt 0.842917 0.0799405
vt 0.8428461 0.0831381
vt 0.8488056 0.080217
vt 0.8429996 0.0760101
vt 0.842917 0.0799405
vt 0.8489767 0.0762567
vt 0.2289841 0.91776115
vt 0.3160677 0.91776115
vt 0.2289841 0.8773158
usemtl RAnkleRollUV
f 1/1 2/2 3/3
f 6/4 7/5 8/6
f 9/7 10/8 11/9
f 13/10 9/11 12/12
f 15/13 16/14 17/15
f 20/16 18/17 17/18
f 21/19 22/20 20/21
f 23/22 24/23 22/24
f 25/25 26/26 24/27
f 27/28 28/29 26/30
f 29/31 30/32 28/33
f 32/34 30/35 29/36
f 33/37 34/38 32/39
f 36/40 34/41 33/42
f 37/43 38/44 36/45
f 39/46 40/47 38/48
f 42/49 40/50 39/51
f 43/52 44/53 42/54
f 45/55 46/56 44/57
f 47/58 48/59 46/60
f 50/61 48/62 47/63
f 52/64 50/65 49/66
f 54/67 52/68 51/69
f 55/70 56/71 54/72
f 58/73 56/74 55/75
f 60/76 58/77 57/78
f 61/79 62/80 60/81
f 63/82 64/83 62/84
f 65/85 66/86 64/87
f 68/88 66/89 65/90
f 69/91 70/92 68/93
f 71/94 72/95 70/96
f 73/97 74/98 72/99
f 75/100 76/101 74/102
f 77/103 78/104 76/105
f 16/106 15/107 78/108
f 80/109 81/110 82/111
f 79/112 83/113 84/114
f 85/115 86/116 84/117
f 85/118 87/119 88/120
f 89/121 90/122 88/123
f 89/124 91/125 92/126
f 94/127 92/128 91/129
f 95/130 96/131 94/132
f 95/133 97/134 98/135
f 99/136 100/137 98/138
f 101/139 102/140 100/141
f 103/142 104/143 102/144
f 105/145 106/146 104/147
f 107/148 108/149 106/150
f 107/151 109/152 110/153
f 109/154 111/155 112/156
f 111/157 113/158 114/159
f 116/160 117/161 118/162
f 115/163 119/164 120/165
f 122/166 120/167 119/168
f 123/169 124/170 122/171
f 123/172 125/173 126/174
f 125/175 127/176 128/177
f 130/178 131/179 132/180
f 134/181 130/182 129/183
f 133/184 135/185 136/186
f 138/187 136/188 135/189
f 139/190 140/191 138/192
f 141/193 142/194 140/195
f 143/196 144/197 142/198
f 143/199 145/200 146/201
f 81/202 146/203 145/204
f 147/205 148/206 149/207
f 147/208 151/209 152/210
f 151/211 153/212 154/213
f 155/214 156/215 154/216
f 155/217 157/218 158/219
f 159/220 160/221 158/222
f 161/223 162/224 160/225
f 161/226 163/227 164/228
f 165/229 166/230 164/231
f 165/232 167/233 168/234
f 169/235 170/236 168/237
f 169/238 171/239 172/240
f 173/241 174/242 172/243
f 175/244 176/245 174/246
f 175/247 177/248 178/249
f 179/250 180/251 178/252
f 181/253 182/254 180/255
f 183/256 184/257 182/258
f 185/259 186/260 184/261
f 187/262 188/263 186/264
f 187/265 189/266 190/267
f 189/268 191/269 192/270
f 191/271 193/272 194/273
f 196/274 194/275 193/276
f 198/277 196/278 195/279
f 199/280 200/281 198/282
f 201/283 202/284 200/285
f 203/286 204/287 202/288
f 206/289 204/290 203/291
f 207/292 208/293 206/294
f 207/295 209/296 210/297
f 150/298 149/299 210/300
f 212/301 213/302 214/303
f 215/304 216/305 212/306
f 217/307 218/308 216/309
f 219/310 220/311 218/312
f 219/313 221/314 222/315
f 221/316 223/317 224/318
f 226/319 224/320 223/321
f 227/322 228/323 226/324
f 229/325 230/326 228/327
f 231/328 232/329 230/330
f 233/331 234/332 232/333
f 233/334 235/335 236/336
f 235/337 237/338 238/339
f 237/340 239/341 240/342
f 239/343 241/344 242/345
f 243/346 244/347 245/348
f 244/349 247/350 248/351
f 249/352 250/353 248/354
f 249/355 251/356 252/357
f 253/358 254/359 252/360
f 253/361 255/362 256/363
f 255/364 257/365 258/366
f 259/367 260/368 258/369
f 261/370 262/371 260/372
f 263/373 264/374 262/375
f 265/376 266/377 267/378
f 270/379 267/380 266/381
f 271/382 272/383 270/384
f 273/385 274/386 272/387
f 275/388 276/389 274/390
f 277/391 278/392 276/393
f 213/394 278/395 277/396
f 280/397 281/398 282/399
f 283/400 284/401 280/402
f 283/403 285/404 286/405
f 287/406 288/407 286/408
f 287/409 289/410 290/411
f 291/412 292/413 290/414
f 294/415 292/416 291/417
f 295/418 296/419 294/420
f 295/421 297/422 298/423
f 299/424 300/425 298/426
f 301/427 302/428 300/429
f 301/430 303/431 304/432
f 305/433 306/434 304/435
f 307/436 308/437 306/438
f 307/439 309/440 310/441
f 311/442 312/443 310/444
f 313/445 314/446 312/447
f 315/448 316/449 314/450
f 317/451 318/452 316/453
f 319/454 320/455 318/456
f 319/457 321/458 322/459
f 321/460 323/461 324/462
f 323/463 325/464 326/465
f 328/466 326/467 325/468
f 330/469 328/470 327/471
f 331/472 332/473 330/474
f 334/475 332/476 331/477
f 335/478 336/479 334/480
f 338/481 336/482 335/483
f 337/484 339/485 340/486
f 339/487 341/488 342/489
f 282/490 281/491 342/492
f 344/493 345/494 346/495
f 347/496 343/497 346/498
f 347/499 348/500 349/501
f 350/502 349/503 352/504
f 351/505 352/506 353/507
f 355/508 354/509 353/510
f 357/511 355/512 356/513
f 359/514 357/515 358/516
f 360/517 361/518 362/519
f 362/520 361/521 363/522
f 365/523 366/524 353/525
f 353/526 366/527 367/528
f 368/529 369/530 366/531
f 371/532 372/533 373/534
f 366/535 369/536 374/537
f 376/538 377/539 378/540
f 346/541 345/542 379/543
f 348/544 346/545 380/546
f 381/547 382/548 349/549
f 352/550 349/551 382/552
f 356/553 384/554 385/555
f 358/556 385/557 386/558
f 360/559 386/560 387/561
f 361/562 387/563 388/564
f 380/565 379/566 389/567
f 381/568 380/569 390/570
f 391/571 392/572 382/573
f 383/574 382/575 392/576
f 384/577 394/578 395/579
f 385/580 395/581 396/582
f 386/583 396/584 397/585
f 387/586 397/587 398/588
f 390/589 389/590 399/591
f 391/592 390/593 400/594
f 401/595 402/596 392/597
f 393/598 392/599 402/600
f 394/601 404/602 405/603
f 395/604 405/605 406/606
f 396/607 406/608 407/609
f 397/610 407/611 408/612
f 399/613 409/614 410/615
f 400/616 410/617 411/618
f 401/619 411/620 412/621
f 402/622 412/623 413/624
f 405/625 404/626 414/627
f 406/628 405/629 415/630
f 416/631 417/632 407/633
f 417/634 418/635 408/636
f 409/637 419/638 420/639
f 410/640 420/641 421/642
f 411/643 421/644 422/645
f 412/646 422/647 423/648
f 415/649 414/650 424/651
f 416/652 415/653 425/654
f 426/655 427/656 417/657
f 427/658 428/659 418/660
f 419/661 429/662 430/663
f 420/664 430/665 431/666
f 421/667 431/668 432/669
f 422/670 432/671 433/672
f 425/673 424/674 434/675
f 426/676 425/677 435/678
f 436/679 437/680 427/681
f 437/682 438/683 428/684
f 430/685 429/686 439/687
f 430/688 440/689 441/690
f 431/691 441/692 442/693
f 432/694 442/695 443/696
f 434/697 444/698 445/699
f 435/700 445/701 446/702
f 446/703 447/704 437/705
f 437/706 447/707 448/708
f 449/709 450/710 451/711
f 454/712 455/713 456/714
f 457/715 449/716 452/717
f 460/718 454/719 453/720
f 461/721 457/722 458/723
f 463/724 464/725 460/726
f 465/727 461/728 462/729
f 467/730 468/731 464/732
f 465/733 466/734 470/735
f 471/736 472/737 468/738
f 469/739 470/740 474/741
f 475/742 476/743 472/744
f 477/745 473/746 474/747
f 479/748 480/749 476/750
f 482/751 456/752 455/753
f 458/754 483/755 484/756
f 485/757 486/758 460/759
f 462/760 484/761 487/762
f 468/763 488/764 485/765
f 470/766 466/767 487/768
f 472/769 490/770 488/771
f 474/772 470/773 489/774
f 492/775 490/776 472/777
f 478/778 474/779 491/780
f 494/781 492/782 476/783
f 496/784 460/785 486/786
f 497/787 498/788 499/789
f 483/790 458/791 501/792
f 502/793 503/794 504/795
f 505/796 506/797 507/798
f 510/799 507/800 506/801
f 512/802 510/803 509/804
f 513/805 514/806 512/807
f 516/808 514/809 513/810
f 518/811 516/812 515/813
f 517/814 519/815 520/816
f 521/817 522/818 520/819
f 524/820 522/821 521/822
f 526/823 524/824 523/825
f 527/826 528/827 526/828
f 530/829 528/830 527/831
f 531/832 532/833 530/834
f 534/835 532/836 531/837
f 536/838 534/839 533/840
f 538/841 536/842 535/843
f 540/844 538/845 537/846
f 541/847 542/848 540/849
f 543/850 544/851 542/852
f 543/853 545/854 546/855
f 547/856 548/857 546/858
f 549/859 550/860 548/861
f 552/862 550/863 549/864
f 553/865 554/866 552/867
f 553/868 555/869 556/870
f 557/871 558/872 556/873
f 557/874 559/875 560/876
f 561/877 562/878 560/879
f 563/880 564/881 562/882
f 566/883 564/884 563/885
f 568/886 566/887 565/888
f 505/889 508/890 568/891
f 569/892 570/893 571/894
f 573/895 572/896 571/897
f 575/898 573/899 574/900
f 576/901 577/902 578/903
f 579/904 578/905 577/906
f 579/907 580/908 581/909
f 582/910 581/911 584/912
f 583/913 584/914 585/915
f 586/916 585/917 587/918
f 589/919 588/920 587/921
f 591/922 589/923 590/924
f 591/925 592/926 594/927
f 593/928 594/929 595/930
f 597/931 596/932 595/933
f 598/934 599/935 600/936
f 600/937 599/938 602/939
f 601/940 602/941 604/942
f 605/943 603/944 604/945
f 607/946 605/947 606/948
f 609/949 607/950 608/951
f 611/952 609/953 610/954
f 613/955 611/956 612/957
f 613/958 614/959 616/960
f 615/961 616/962 618/963
f 619/964 617/965 618/966
f 620/967 621/968 622/969
f 623/970 622/971 621/972
f 625/973 623/974 624/975
f 627/976 625/977 626/978
f 627/979 628/980 630/981
f 629/982 630/983 632/984
f 631/985 632/986 570/987
f 633/988 634/989 635/990
f 633/991 636/992 634/993
f 636/994 637/995 634/996
f 637/997 638/998 634/999
f 638/1000 639/1001 634/1002
f 639/1003 640/1004 634/1005
f 641/1006 634/1007 640/1008
f 641/1009 642/1010 634/1011
f 642/1012 643/1013 634/1014
f 643/1015 644/1016 634/1017
f 644/1018 645/1019 634/1020
f 645/1021 646/1022 634/1023
f 646/1024 647/1025 634/1026
f 647/1027 648/1028 634/1029
f 648/1030 649/1031 634/1032
f 649/1033 650/1034 634/1035
f 650/1036 651/1037 634/1038
f 652/1039 634/1040 651/1041
f 652/1042 653/1043 634/1044
f 654/1045 634/1046 653/1047
f 654/1048 655/1049 634/1050
f 655/1051 656/1052 634/1053
f 656/1054 657/1055 634/1056
f 658/1057 634/1058 657/1059
f 659/1060 634/1061 658/1062
f 659/1063 660/1064 634/1065
f 661/1066 634/1067 660/1068
f 661/1069 662/1070 634/1071
f 663/1072 634/1073 662/1074
f 663/1075 664/1076 634/1077
f 664/1078 665/1079 634/1080
f 635/1081 634/1082 665/1083
f 451/1084 450/1085 667/1086
f 669/1087 670/1088 671/1089
f 672/1090 673/1091 674/1092
f 675/1093 674/1094 673/1095
f 676/1096 674/1097 675/1098
f 676/1099 677/1100 674/1101
f 678/1102 674/1103 677/1104
f 678/1105 679/1106 674/1107
f 680/1108 674/1109 679/1110
f 680/1111 681/1112 674/1113
f 681/1114 682/1115 674/1116
f 683/1117 674/1118 682/1119
f 684/1120 674/1121 683/1122
f 685/1123 674/1124 684/1125
f 685/1126 686/1127 674/1128
f 687/1129 674/1130 686/1131
f 687/1132 688/1133 674/1134
f 689/1135 674/1136 688/1137
f 690/1138 674/1139 689/1140
f 691/1141 674/1142 690/1143
f 692/1144 674/1145 691/1146
f 693/1147 674/1148 692/1149
f 694/1150 674/1151 693/1152
f 695/1153 674/1154 694/1155
f 696/1156 674/1157 695/1158
f 697/1159 674/1160 696/1161
f 698/1162 674/1163 697/1164
f 698/1165 699/1166 674/1167
f 700/1168 674/1169 699/1170
f 701/1171 674/1172 700/1173
f 702/1174 674/1175 701/1176
f 703/1177 674/1178 702/1179
f 704/1180 674/1181 703/1182
f 704/1183 672/1184 674/1185
f 706/1186 707/1187 708/1188
f 705/1189 708/1190 709/1191
f 709/1192 711/1193 712/1194
f 711/1195 713/1196 714/1197
f 714/1198 713/1199 715/1200
f 716/1201 715/1202 717/1203
f 719/1204 718/1205 717/1206
f 719/1207 720/1208 721/1209
f 722/1210 721/1211 723/1212
f 723/1213 725/1214 726/1215
f 726/1216 725/1217 727/1218
f 728/1219 727/1220 729/1221
f 729/1222 731/1223 732/1224
f 731/1225 733/1226 734/1227
f 734/1228 733/1229 735/1230
f 736/1231 735/1232 737/1233
f 737/1234 739/1235 740/1236
f 741/1237 740/1238 739/1239
f 741/1240 742/1241 743/1242
f 744/1243 743/1244 746/1245
f 746/1246 747/1247 748/1248
f 748/1249 747/1250 749/1251
f 750/1252 749/1253 751/1254
f 752/1255 751/1256 754/1257
f 753/1258 754/1259 756/1260
f 756/1261 757/1262 758/1263
f 759/1264 758/1265 757/1266
f 759/1267 760/1268 761/1269
f 763/1270 762/1271 761/1272
f 764/1273 765/1274 766/1275
f 765/1276 767/1277 768/1278
f 706/1279 768/1280 767/1281
f 770/1282 771/1283 772/1284
f 773/1285 774/1286 770/1287
f 775/1288 776/1289 774/1290
f 777/1291 778/1292 776/1293
f 777/1294 779/1295 780/1296
f 782/1297 780/1298 779/1299
f 781/1300 783/1301 784/1302
f 786/1303 784/1304 783/1305
f 788/1306 786/1307 785/1308
f 789/1309 790/1310 788/1311
f 789/1312 791/1313 792/1314
f 791/1315 793/1316 794/1317
f 795/1318 796/1319 794/1320
f 795/1321 797/1322 798/1323
f 800/1324 798/1325 797/1326
f 801/1327 802/1328 800/1329
f 801/1330 803/1331 804/1332
f 803/1333 805/1334 806/1335
f 805/1336 807/1337 808/1338
f 807/1339 809/1340 810/1341
f 809/1342 811/1343 812/1344
f 811/1345 813/1346 814/1347
f 815/1348 816/1349 814/1350
f 817/1351 818/1352 816/1353
f 819/1354 820/1355 818/1356
f 822/1357 820/1358 819/1359
f 821/1360 823/1361 824/1362
f 825/1363 826/1364 824/1365
f 825/1366 827/1367 828/1368
f 829/1369 830/1370 828/1371
f 831/1372 832/1373 830/1374
f 772/1375 771/1376 832/1377
f 833/1378 834/1379 835/1380
f 837/1381 838/1382 839/1383
f 840/1384 841/1385 842/1386
f 844/1387 845/1388 846/1389
f 847/1390 848/1391 849/1392
f 852/1393 853/1394 854/1395
f 848/1396 855/1397 856/1398
f 853/1399 857/1400 858/1401
f 859/1402 860/1403 856/1404
f 857/1405 861/1406 862/1407
f 863/1408 864/1409 860/1410
f 862/1411 861/1412 865/1413
f 863/1414 845/1415 844/1416
f 866/1417 865/1418 839/1419
f 868/1420 869/1421 870/1422
f 872/1423 848/1424 847/1425
f 873/1426 851/1427 854/1428
f 875/1429 855/1430 848/1431
f 874/1432 854/1433 858/1434
f 875/1435 877/1436 859/1437
f 876/1438 858/1439 862/1440
f 877/1441 879/1442 863/1443
f 878/1444 862/1445 866/1446
f 881/1447 845/1448 863/1449
f 866/1450 838/1451 882/1452
f 881/1453 883/1454 884/1455
f 838/1456 885/1457 886/1458
f 883/1459 869/1460 868/1461
f 885/1462 671/1463 670/1464
f 887/1465 888/1466 889/1467
f 887/1468 890/1469 892/1470
f 892/1471 893/1472 894/1473
f 893/1474 895/1475 896/1476
f 898/1477 899/1478 900/1479
f 901/1480 900/1481 899/1482
f 901/1483 902/1484 903/1485
f 903/1486 905/1487 906/1488
f 908/1489 888/1490 887/1491
f 907/1492 887/1493 891/1494
f 909/1495 891/1496 894/1497
f 910/1498 894/1499 896/1500
f 897/1501 900/1502 913/1503
f 914/1504 913/1505 900/1506
f 901/1507 904/1508 915/1509
f 904/1510 906/1511 916/1512
f 918/1513 908/1514 907/1515
f 917/1516 907/1517 909/1518
f 919/1519 909/1520 910/1521
f 920/1522 910/1523 911/1524
f 912/1525 913/1526 923/1527
f 924/1528 923/1529 913/1530
f 914/1531 915/1532 925/1533
f 915/1534 916/1535 926/1536
f 928/1537 918/1538 917/1539
f 927/1540 917/1541 919/1542
f 929/1543 919/1544 920/1545
f 930/1546 920/1547 921/1548
f 922/1549 923/1550 933/1551
f 934/1552 933/1553 923/1554
f 924/1555 925/1556 935/1557
f 925/1558 926/1559 936/1560
f 937/1561 938/1562 928/1563
f 939/1564 937/1565 927/1566
f 929/1567 930/1568 940/1569
f 930/1570 931/1571 941/1572
f 942/1573 932/1574 933/1575
f 943/1576 933/1577 934/1578
f 944/1579 934/1580 935/1581
f 945/1582 935/1583 936/1584
f 947/1585 948/1586 938/1587
f 949/1588 947/1589 937/1590
f 939/1591 940/1592 950/1593
f 940/1594 941/1595 951/1596
f 952/1597 942/1598 943/1599
f 953/1600 943/1601 944/1602
f 954/1603 944/1604 945/1605
f 955/1606 945/1607 946/1608
f 957/1609 958/1610 948/1611
f 959/1612 957/1613 947/1614
f 949/1615 950/1616 960/1617
f 950/1618 951/1619 961/1620
f 962/1621 952/1622 953/1623
f 963/1624 953/1625 954/1626
f 964/1627 954/1628 955/1629
f 965/1630 955/1631 956/1632
f 968/1633 969/1634 970/1635
f 971/1636 972/1637 973/1638
f 976/1639 977/1640 978/1641
f 979/1642 974/1643 973/1644
f 961/1645 971/1646 974/1647
f 981/1648 974/1649 979/1650
f 982/1651 983/1652 958/1653
f 982/1654 957/1655 959/1656
f 959/1657 960/1658 985/1659
f 985/1660 960/1661 961/1662
f 986/1663 961/1664 981/1665
f 988/1666 987/1667 981/1668
f 962/1669 963/1670 989/1671
f 989/1672 963/1673 964/1674
f 990/1675 964/1676 965/1677
f 965/1678 966/1679 992/1680
f 993/1681 994/1682 995/1683
f 997/1684 998/1685 995/1686
f 999/1687 1000/1688 998/1689
f 1001/1690 1002/1691 1000/1692
f 1004/1693 1002/1694 1001/1695
f 1005/1696 1006/1697 1004/1698
f 1008/1699 1006/1700 1005/1701
f 1009/1702 1010/1703 1008/1704
f 1011/1705 1012/1706 1010/1707
f 1013/1708 1014/1709 1012/1710
f 1015/1711 1016/1712 1014/1713
f 1017/1714 1018/1715 1016/1716
f 1017/1717 1019/1718 1020/1719
f 1022/1720 1020/1721 1019/1722
f 1021/1723 1023/1724 1024/1725
f 1026/1726 1024/1727 1023/1728
f 1028/1729 1026/1730 1025/1731
f 1029/1732 1030/1733 1028/1734
f 1031/1735 1032/1736 1030/1737
f 1034/1738 1032/1739 1031/1740
f 1035/1741 1036/1742 1034/1743
f 1037/1744 1038/1745 1036/1746
f 1039/1747 1040/1748 1038/1749
f 1042/1750 1040/1751 1039/1752
f 1043/1753 1044/1754 1042/1755
f 1045/1756 1046/1757 1044/1758
f 1048/1759 1046/1760 1045/1761
f 1049/1762 1050/1763 1048/1764
f 1052/1765 1050/1766 1049/1767
f 1054/1768 1052/1769 1051/1770
f 1055/1771 1056/1772 1054/1773
f 993/1774 996/1775 1056/1776
f 1058/1777 1059/1778 1060/1779
f 1061/1780 1062/1781 1059/1782
f 1063/1783 1064/1784 1062/1785
f 1065/1786 1066/1787 1064/1788
f 1068/1789 1066/1790 1065/1791
f 1067/1792 1069/1793 1070/1794
f 1072/1795 1070/1796 1069/1797
f 1074/1798 1075/1799 1076/1800
f 1074/1801 1077/1802 1078/1803
f 1080/1804 1078/1805 1077/1806
f 1082/1807 1080/1808 1079/1809
f 1083/1810 1084/1811 1082/1812
f 1083/1813 1085/1814 1086/1815
f 1088/1816 1086/1817 1085/1818
f 1089/1819 1090/1820 1088/1821
f 1091/1822 1092/1823 1090/1824
f 1093/1825 1094/1826 1092/1827
f 1096/1828 1097/1829 1098/1830
f 1100/1831 1096/1832 1095/1833
f 1102/1834 1100/1835 1099/1836
f 1104/1837 1102/1838 1101/1839
f 1106/1840 1104/1841 1103/1842
f 1108/1843 1106/1844 1105/1845
f 1109/1846 1110/1847 1108/1848
f 1111/1849 1112/1850 1110/1851
f 1111/1852 1113/1853 1114/1854
f 1116/1855 1114/1856 1113/1857
f 1117/1858 1118/1859 1116/1860
f 1119/1861 1120/1862 1118/1863
f 1121/1864 1122/1865 1120/1866
f 1123/1867 1124/1868 1122/1869
f 1057/1870 1060/1871 1124/1872
f 1125/1873 1126/1874 1127/1875
f 1130/1876 1127/1877 1126/1878
f 1132/1879 1130/1880 1129/1881
f 1133/1882 1134/1883 1132/1884
f 1136/1885 1134/1886 1133/1887
f 1137/1888 1138/1889 1136/1890
f 1140/1891 1138/1892 1137/1893
f 1141/1894 1142/1895 1140/1896
f 1143/1897 1144/1898 1142/1899
f 1145/1900 1146/1901 1144/1902
f 1147/1903 1148/1904 1146/1905
f 1149/1906 1150/1907 1148/1908
f 1149/1909 1151/1910 1152/1911
f 1154/1912 1152/1913 1151/1914
f 1153/1915 1155/1916 1156/1917
f 1158/1918 1156/1919 1155/1920
f 1160/1921 1158/1922 1157/1923
f 1161/1924 1162/1925 1160/1926
f 1163/1927 1164/1928 1162/1929
f 1166/1930 1164/1931 1163/1932
f 1167/1933 1168/1934 1166/1935
f 1170/1936 1168/1937 1167/1938
f 1171/1939 1172/1940 1170/1941
f 1174/1942 1172/1943 1171/1944
f 1175/1945 1176/1946 1174/1947
f 1177/1948 1178/1949 1176/1950
f 1180/1951 1178/1952 1177/1953
f 1181/1954 1182/1955 1180/1956
f 1184/1957 1182/1958 1181/1959
f 1186/1960 1184/1961 1183/1962
f 1188/1963 1186/1964 1185/1965
f 1125/1966 1128/1967 1188/1968
f 1189/1969 1190/1970 1191/1971
f 1193/1972 1194/1973 1191/1974
f 1196/1975 1194/1976 1193/1977
f 1197/1978 1198/1979 1196/1980
f 1199/1981 1200/1982 1198/1983
f 1201/1984 1202/1985 1200/1986
f 1204/1987 1202/1988 1201/1989
f 1203/1990 1205/1991 1206/1992
f 1205/1993 1207/1994 1208/1995
f 1210/1996 1211/1997 1212/1998
f 1213/1999 1214/2000 1210/2001
f 1216/2002 1214/2003 1213/2004
f 1215/2005 1217/2006 1218/2007
f 1219/2008 1220/2009 1218/2010
f 1221/2011 1222/2012 1220/2013
f 1223/2014 1224/2015 1225/2016
f 1228/2017 1224/2018 1223/2019
f 1230/2020 1228/2021 1227/2022
f 1232/2023 1230/2024 1229/2025
f 1234/2026 1232/2027 1231/2028
f 1236/2029 1234/2030 1233/2031
f 1238/2032 1236/2033 1235/2034
f 1239/2035 1240/2036 1238/2037
f 1242/2038 1240/2039 1239/2040
f 1243/2041 1244/2042 1242/2043
f 1243/2044 1245/2045 1246/2046
f 1248/2047 1246/2048 1245/2049
f 1249/2050 1250/2051 1248/2052
f 1251/2053 1252/2054 1250/2055
f 1253/2056 1254/2057 1252/2058
f 1255/2059 1256/2060 1254/2061
f 1255/2062 1189/2063 1192/2064
f 1257/2065 1258/2066 78/2067
f 1258/2068 1259/2069 76/2070
f 1259/2071 1260/2072 74/2073
f 1261/2074 72/2075 74/2076
f 1261/2077 1262/2078 70/2079
f 1262/2080 1263/2081 68/2082
f 1264/2083 66/2084 68/2085
f 1264/2086 1265/2087 64/2088
f 1266/2089 62/2090 64/2091
f 1267/2092 60/2093 62/2094
f 1267/2095 1268/2096 58/2097
f 1269/2098 56/2099 58/2100
f 1269/2101 1270/2102 54/2103
f 1271/2104 52/2105 54/2106
f 1272/2107 50/2108 52/2109
f 1272/2110 1273/2111 48/2112
f 1273/2113 1274/2114 46/2115
f 1274/2116 1275/2117 44/2118
f 1275/2119 1276/2120 42/2121
f 1276/2122 1277/2123 40/2124
f 1277/2125 1278/2126 38/2127
f 1278/2128 1279/2129 36/2130
f 1279/2131 1280/2132 34/2133
f 1280/2134 1281/2135 32/2136
f 1282/2137 30/2138 32/2139
f 1282/2140 1283/2141 28/2142
f 1284/2143 26/2144 28/2145
f 1284/2146 1285/2147 24/2148
f 1285/2149 1286/2150 22/2151
f 1287/2152 20/2153 22/2154
f 1287/2155 1288/2156 18/2157
f 1288/2158 1257/2159 15/2160
f 1290/2161 1291/2162 1292/2163
f 1293/2164 1294/2165 1291/2166
f 1293/2167 1295/2168 1296/2169
f 1297/2170 1298/2171 1296/2172
f 1297/2173 1299/2174 1300/2175
f 1301/2176 1302/2177 1300/2178
f 1301/2179 1303/2180 1304/2181
f 1303/2182 1305/2183 1306/2184
f 1305/2185 1307/2186 1306/2187
f 1308/2188 1307/2189 1305/2190
f 1308/2191 1305/2192 1303/2193
f 1310/2194 1309/2195 1303/2196
f 1310/2197 1301/2198 1299/2199
f 1312/2200 1311/2201 1299/2202
f 1313/2203 1312/2204 1297/2205
f 1314/2206 1313/2207 1295/2208
f 1315/2209 1314/2210 1293/2211
f 1316/2212 1315/2213 1290/2214
f 1317/2215 1318/2216 1315/2217
f 1318/2218 1319/2219 1314/2220
f 1320/2221 1313/2222 1314/2223
f 1320/2224 1321/2225 1312/2226
f 1322/2227 1311/2228 1312/2229
f 1323/2230 1310/2231 1311/2232
f 1323/2233 1324/2234 1309/2235
f 1325/2236 1308/2237 1309/2238
f 1325/2239 1307/2240 1308/2241
f 1326/2242 1307/2243 1325/2244
f 1326/2245 1325/2246 1324/2247
f 1327/2248 1324/2249 1323/2250
f 1329/2251 1328/2252 1323/2253
f 1330/2254 1329/2255 1322/2256
f 1331/2257 1330/2258 1321/2259
f 1331/2260 1320/2261 1319/2262
f 1332/2263 1319/2264 1318/2265
f 1333/2266 1318/2267 1317/2268
f 1336/2269 1333/2270 1334/2271
f 1336/2272 1337/2273 1332/2274
f 1337/2275 1338/2276 1331/2277
f 1339/2278 1330/2279 1331/2280
f 1339/2281 1340/2282 1329/2283
f 1341/2284 1328/2285 1329/2286
f 1341/2287 1342/2288 1327/2289
f 1342/2290 1343/2291 1326/2292
f 1343/2293 1307/2294 1326/2295
f 1344/2296 1307/2297 1343/2298
f 1345/2299 1344/2300 1343/2301
f 1346/2302 1345/2303 1342/2304
f 1347/2305 1346/2306 1341/2307
f 1348/2308 1347/2309 1340/2310
f 1348/2311 1339/2312 1338/2313
f 1350/2314 1349/2315 1338/2316
f 1351/2317 1350/2318 1337/2319
f 1352/2320 1351/2321 1336/2322
f 1353/2323 1354/2324 1351/2325
f 1355/2326 1350/2327 1351/2328
f 1355/2329 1356/2330 1349/2331
f 1357/2332 1348/2333 1349/2334
f 1357/2335 1358/2336 1347/2337
f 1359/2338 1346/2339 1347/2340
f 1360/2341 1345/2342 1346/2343
f 1361/2344 1344/2345 1345/2346
f 1361/2347 1307/2348 1344/2349
f 1362/2350 1307/2351 1361/2352
f 1363/2353 1362/2354 1361/2355
f 1363/2356 1360/2357 1359/2358
f 1365/2359 1364/2360 1359/2361
f 1366/2362 1365/2363 1358/2364
f 1366/2365 1357/2366 1356/2367
f 1368/2368 1367/2369 1356/2370
f 1368/2371 1355/2372 1354/2373
f 1370/2374 1369/2375 1354/2376
f 1371/2377 1372/2378 1369/2379
f 1373/2380 1368/2381 1369/2382
f 1373/2383 1374/2384 1367/2385
f 1374/2386 1375/2387 1366/2388
f 1376/2389 1365/2390 1366/2391
f 1376/2392 1377/2393 1364/2394
f 1378/2395 1363/2396 1364/2397
f 1379/2398 1362/2399 1363/2400
f 1379/2401 1307/2402 1362/2403
f 1380/2404 1307/2405 1379/2406
f 1381/2407 1380/2408 1379/2409
f 1381/2410 1378/2411 1377/2412
f 1383/2413 1382/2414 1377/2415
f 1383/2416 1376/2417 1375/2418
f 1385/2419 1384/2420 1375/2421
f 1386/2422 1385/2423 1374/2424
f 1386/2425 1373/2426 1372/2427
f 1388/2428 1387/2429 1372/2430
f 1389/2431 1390/2432 1387/2433
f 1391/2434 1386/2435 1387/2436
f 1391/2437 1392/2438 1385/2439
f 1392/2440 1393/2441 1384/2442
f 1393/2443 1394/2444 1383/2445
f 1394/2446 1395/2447 1382/2448
f 1396/2449 1381/2450 1382/2451
f 1397/2452 1380/2453 1381/2454
f 1397/2455 1307/2456 1380/2457
f 1398/2458 1307/2459 1397/2460
f 1399/2461 1398/2462 1397/2463
f 1400/2464 1399/2465 1396/2466
f 1401/2467 1400/2468 1395/2469
f 1402/2470 1401/2471 1394/2472
f 1403/2473 1402/2474 1393/2475
f 1403/2476 1392/2477 1391/2478
f 1404/2479 1391/2480 1390/2481
f 1406/2482 1405/2483 1390/2484
f 1407/2485 1408/2486 1405/2487
f 1408/2488 1409/2489 1404/2490
f 1410/2491 1403/2492 1404/2493
f 1410/2494 1411/2495 1402/2496
f 1412/2497 1401/2498 1402/2499
f 1413/2500 1400/2501 1401/2502
f 1414/2503 1399/2504 1400/2505
f 1415/2506 1398/2507 1399/2508
f 1415/2509 1307/2510 1398/2511
f 1416/2512 1307/2513 1415/2514
f 1417/2515 1416/2516 1415/2517
f 1417/2518 1414/2519 1413/2520
f 1418/2521 1413/2522 1412/2523
f 1420/2524 1419/2525 1412/2526
f 1420/2527 1411/2528 1410/2529
f 1422/2530 1421/2531 1410/2532
f 1422/2533 1409/2534 1408/2535
f 1424/2536 1423/2537 1408/2538
f 1425/2539 1426/2540 1423/2541
f 1427/2542 1422/2543 1423/2544
f 1428/2545 1421/2546 1422/2547
f 1428/2548 1429/2549 1420/2550
f 1430/2551 1419/2552 1420/2553
f 1430/2554 1431/2555 1418/2556
f 1432/2557 1417/2558 1418/2559
f 1432/2560 1433/2561 1416/2562
f 1433/2563 1307/2564 1416/2565
f 1306/2566 1307/2567 1433/2568
f 1306/2569 1433/2570 1432/2571
f 1304/2572 1432/2573 1431/2574
f 1300/2575 1302/2576 1431/2577
f 1298/2578 1300/2579 1430/2580
f 1298/2581 1429/2582 1428/2583
f 1296/2584 1428/2585 1427/2586
f 1291/2587 1294/2588 1427/2589
f 1291/2590 1426/2591 1425/2592
f 1435/2593 1436/2594 1437/2595
f 1439/2596 1435/2597 1434/2598
f 1438/2599 1440/2600 1441/2601
f 1440/2602 1442/2603 1443/2604
f 1442/2605 1444/2606 1445/2607
f 1444/2608 1446/2609 1447/2610
f 1446/2611 1448/2612 1449/2613
f 1448/2614 1450/2615 1451/2616
f 1450/2617 1452/2618 1453/2619
f 1452/2620 1454/2621 1455/2622
f 1455/2623 1454/2624 1456/2625
f 1457/2626 1456/2627 1458/2628
f 1459/2629 1458/2630 1460/2631
f 1461/2632 1460/2633 1462/2634
f 1463/2635 1462/2636 1464/2637
f 1464/2638 1466/2639 1467/2640
f 1466/2641 1468/2642 1469/2643
f 1468/2644 1470/2645 1471/2646
f 1470/2647 1472/2648 1473/2649
f 1472/2650 1474/2651 1475/2652
f 1475/2653 1474/2654 1476/2655
f 1477/2656 1476/2657 1478/2658
f 1478/2659 1480/2660 1481/2661
f 1481/2662 1480/2663 1482/2664
f 1485/2665 1486/2666 1487/2667
f 1483/2668 1482/2669 1488/2670
f 1490/2671 1491/2672 1492/2673
f 1484/2674 1487/2675 1495/2676
f 1491/2677 1496/2678 1497/2679
f 1494/2680 1495/2681 1499/2682
f 1500/2683 1501/2684 1497/2685
f 1502/2686 1498/2687 1499/2688
f 1500/2689 1504/2690 1505/2691
f 1502/2692 1503/2693 1507/2694
f 1508/2695 1509/2696 1505/2697
f 1510/2698 1506/2699 1507/2700
f 1508/2701 1512/2702 1513/2703
f 1510/2704 1511/2705 1515/2706
f 1516/2707 1517/2708 1513/2709
f 1518/2710 1514/2711 1515/2712
f 1516/2713 1520/2714 1521/2715
f 1522/2716 1518/2717 1519/2718
f 1520/2719 1524/2720 1525/2721
f 1526/2722 1522/2723 1523/2724
f 1524/2725 1528/2726 1529/2727
f 1526/2728 1527/2729 1531/2730
f 1532/2731 1533/2732 1529/2733
f 1530/2734 1531/2735 1535/2736
f 1536/2737 1537/2738 1533/2739
f 1538/2740 1534/2741 1535/2742
f 1540/2743 1541/2744 1537/2745
f 1542/2746 1538/2747 1539/2748
f 1540/2749 1544/2750 1545/2751
f 1546/2752 1542/2753 1543/2754
f 1544/2755 1548/2756 1549/2757
f 1550/2758 1546/2759 1547/2760
f 1548/2761 1552/2762 1553/2763
f 1554/2764 1550/2765 1551/2766
f 1556/2767 1557/2768 1553/2769
f 1554/2770 1555/2771 1559/2772
f 1560/2773 1561/2774 1557/2775
f 1562/2776 1558/2777 1559/2778
f 1560/2779 1564/2780 1565/2781
f 1566/2782 1562/2783 1563/2784
f 1568/2785 1569/2786 1565/2787
f 1566/2788 1567/2789 1571/2790
f 1572/2791 1573/2792 1569/2793
f 1574/2794 1570/2795 1571/2796
f 1572/2797 1576/2798 1577/2799
f 1574/2800 1575/2801 1579/2802
f 1577/2803 1576/2804 1581/2805
f 1582/2806 1578/2807 1579/2808
f 1581/2809 1584/2810 1585/2811
f 1582/2812 1583/2813 1585/2814
f 1586/2815 1587/2816 1588/2817
f 1586/2818 1589/2819 1591/2820
f 1590/2821 1591/2822 1593/2823
f 1595/2824 1596/2825 1597/2826
f 1592/2827 1593/2828 1599/2829
f 1600/2830 1601/2831 1596/2832
f 1598/2833 1599/2834 1603/2835
f 1604/2836 1605/2837 1601/2838
f 1606/2839 1602/2840 1603/2841
f 1604/2842 1608/2843 1609/2844
f 1606/2845 1607/2846 1611/2847
f 1612/2848 1613/2849 1609/2850
f 1610/2851 1611/2852 1615/2853
f 1612/2854 1616/2855 1617/2856
f 1618/2857 1614/2858 1615/2859
f 1616/2860 1620/2861 1621/2862
f 1622/2863 1618/2864 1619/2865
f 1620/2866 1624/2867 1625/2868
f 1622/2869 1623/2870 1627/2871
f 1628/2872 1629/2873 1625/2874
f 1626/2875 1627/2876 1631/2877
f 1632/2878 1633/2879 1629/2880
f 1630/2881 1631/2882 1635/2883
f 1636/2884 1637/2885 1633/2886
f 1634/2887 1635/2888 1639/2889
f 1640/2890 1641/2891 1637/2892
f 1642/2893 1638/2894 1639/2895
f 1644/2896 1645/2897 1641/2898
f 1646/2899 1642/2900 1643/2901
f 1648/2902 1649/2903 1645/2904
f 1650/2905 1646/2906 1647/2907
f 1652/2908 1653/2909 1649/2910
f 1654/2911 1650/2912 1651/2913
f 1656/2914 1657/2915 1653/2916
f 1658/2917 1654/2918 1655/2919
f 1489/2920 1488/2921 1660/2922
f 1662/2923 1663/2924 1657/2925
f 1663/2926 1664/2927 1665/2928
f 1661/2929 1660/2930 1666/2931
f 1659/2932 1655/2933 1668/2934
f 1657/2935 1665/2936 1670/2937
f 1655/2938 1651/2939 1671/2940
f 1653/2941 1670/2942 1672/2943
f 1651/2944 1647/2945 1673/2946
f 1649/2947 1672/2948 1674/2949
f 1647/2950 1643/2951 1675/2952
f 1645/2953 1674/2954 1676/2955
f 1639/2956 1677/2957 1675/2958
f 1641/2959 1676/2960 1678/2961
f 1635/2962 1679/2963 1677/2964
f 1637/2965 1678/2966 1680/2967
f 1631/2968 1681/2969 1679/2970
f 1633/2971 1680/2972 1682/2973
f 1627/2974 1683/2975 1681/2976
f 1629/2977 1682/2978 1684/2979
f 1623/2980 1685/2981 1683/2982
f 1625/2983 1684/2984 1686/2985
f 1619/2986 1687/2987 1685/2988
f 1617/2989 1621/2990 1686/2991
f 1615/2992 1689/2993 1687/2994
f 1613/2995 1617/2996 1688/2997
f 1615/2998 1611/2999 1691/3000
f 1609/3001 1613/3002 1690/3003
f 1611/3004 1607/3005 1693/3006
f 1605/3007 1609/3008 1692/3009
f 1603/3010 1695/3011 1693/3012
f 1601/3013 1605/3014 1694/3015
f 1599/3016 1697/3017 1695/3018
f 1596/3019 1601/3020 1696/3021
f 1593/3022 1699/3023 1697/3024
f 1597/3025 1596/3026 1698/3027
f 1591/3028 1701/3029 1699/3030
f 1589/3031 1702/3032 1701/3033
f 1588/3034 1703/3035 1702/3036
f 1705/3037 1706/3038 1707/3039
f 1707/3040 1708/3041 1709/3042
f 1708/3043 1710/3044 1711/3045
f 1710/3046 1712/3047 1713/3048
f 1712/3049 1714/3050 1715/3051
f 1701/3052 1702/3053 1716/3054
f 1717/3055 1716/3056 1718/3057
f 1719/3058 1718/3059 1720/3060
f 1721/3061 1720/3062 1722/3063
f 1718/3064 1724/3065 1725/3066
f 1724/3067 1726/3068 1727/3069
f 1713/3070 1727/3071 1726/3072
f 1716/3073 1728/3074 1724/3075
f 1702/3076 1703/3077 1729/3078
f 1729/3079 1728/3080 1716/3081
f 1704/3082 1709/3083 1730/3084
f 1711/3085 1726/3086 1731/3087
f 1709/3088 1711/3089 1732/3090
f 1728/3091 1731/3092 1726/3093
f 1699/3094 1733/3095 1734/3096
f 1734/3097 1733/3098 1735/3099
f 1736/3100 1735/3101 1737/3102
f 1699/3103 1701/3104 1717/3105
f 1719/3106 1735/3107 1733/3108
f 1721/3109 1737/3110 1735/3111
f 1738/3112 1737/3113 1739/3114
f 1723/3115 1739/3116 1737/3117
f 1714/3118 1741/3119 1742/3120
f 1741/3121 1743/3122 1744/3123
f 1743/3124 1745/3125 1746/3126
f 1746/3127 1745/3128 1747/3129
f 1747/3130 1749/3131 1750/3132
f 1749/3133 1751/3134 1752/3135
f 1713/3136 1715/3137 1727/3138
f 1715/3139 1753/3140 1725/3141
f 1720/3142 1725/3143 1753/3144
f 1742/3145 1754/3146 1753/3147
f 1746/3148 1755/3149 1756/3150
f 1742/3151 1744/3152 1756/3153
f 1723/3154 1722/3155 1756/3156
f 1740/3157 1739/3158 1757/3159
f 1739/3160 1723/3161 1755/3162
f 1722/3163 1753/3164 1754/3165
f 1693/3166 1695/3167 1759/3168
f 1760/3169 1759/3170 1761/3171
f 1762/3172 1761/3173 1763/3174
f 1764/3175 1763/3176 1765/3177
f 1766/3178 1765/3179 1767/3180
f 1762/3181 1769/3182 1770/3183
f 1764/3184 1771/3185 1769/3186
f 1766/3187 1772/3188 1771/3189
f 1768/3190 1773/3191 1772/3192
f 1769/3193 1774/3194 1775/3195
f 1771/3196 1776/3197 1774/3198
f 1772/3199 1777/3200 1776/3201
f 1773/3202 1778/3203 1777/3204
f 1774/3205 1779/3206 1780/3207
f 1776/3208 1781/3209 1779/3210
f 1777/3211 1782/3212 1781/3213
f 1778/3214 1783/3215 1782/3216
f 1697/3217 1734/3218 1759/3219
f 1736/3220 1761/3221 1759/3222
f 1738/3223 1763/3224 1761/3225
f 1691/3226 1693/3227 1760/3228
f 1689/3229 1691/3230 1770/3231
f 1687/3232 1689/3233 1775/3234
f 1740/3235 1765/3236 1763/3237
f 1758/3238 1767/3239 1765/3240
f 1681/3241 1784/3242 1785/3243
f 1683/3244 1786/3245 1784/3246
f 1685/3247 1687/3248 1780/3249
f 1685/3250 1780/3251 1779/3252
f 1685/3253 1787/3254 1786/3255
f 1784/3256 1788/3257 1789/3258
f 1786/3259 1790/3260 1788/3261
f 1785/3262 1789/3263 1791/3264
f 1664/3265 1793/3266 1794/3267
f 1667/3268 1666/3269 1795/3270
f 1669/3271 1668/3272 1797/3273
f 1665/3274 1794/3275 1799/3276
f 1668/3277 1671/3278 1800/3279
f 1670/3280 1799/3281 1801/3282
f 1671/3283 1673/3284 1802/3285
f 1672/3286 1801/3287 1803/3288
f 1673/3289 1675/3290 1804/3291
f 1674/3292 1803/3293 1805/3294
f 1677/3295 1792/3296 1804/3297
f 1793/3298 1806/3299 1807/3300
f 1798/3301 1808/3302 1806/3303
f 1797/3304 1809/3305 1808/3306
f 1794/3307 1807/3308 1810/3309
f 1800/3310 1811/3311 1809/3312
f 1799/3313 1810/3314 1812/3315
f 1802/3316 1813/3317 1811/3318
f 1801/3319 1812/3320 1814/3321
f 1804/3322 1815/3323 1813/3324
f 1803/3325 1814/3326 1816/3327
f 1792/3328 1791/3329 1815/3330
f 1679/3331 1785/3332 1792/3333
f 1805/3334 1816/3335 1817/3336
f 1676/3337 1805/3338 1818/3339
f 1690/3340 1688/3341 1819/3342
f 1692/3343 1690/3344 1820/3345
f 1694/3346 1692/3347 1821/3348
f 1696/3349 1694/3350 1822/3351
f 1698/3352 1696/3353 1823/3354
f 1820/3355 1819/3356 1825/3357
f 1820/3358 1826/3359 1827/3360
f 1821/3361 1827/3362 1828/3363
f 1822/3364 1828/3365 1829/3366
f 1823/3367 1829/3368 1830/3369
f 1825/3370 1831/3371 1832/3372
f 1826/3373 1832/3374 1833/3375
f 1827/3376 1833/3377 1834/3378
f 1828/3379 1834/3380 1835/3381
f 1829/3382 1835/3383 1836/3384
f 1830/3385 1836/3386 1838/3387
f 1831/3388 1839/3389 1840/3390
f 1832/3391 1840/3392 1841/3393
f 1833/3394 1841/3395 1842/3396
f 1834/3397 1842/3398 1843/3399
f 1835/3400 1843/3401 1844/3402
f 1836/3403 1844/3404 1845/3405
f 1846/3406 1847/3407 1848/3408
f 1847/3409 1846/3410 1706/3411
f 1849/3412 1848/3413 1850/3414
f 1851/3415 1850/3416 1852/3417
f 1853/3418 1852/3419 1854/3420
f 1855/3421 1854/3422 1856/3423
f 1857/3424 1856/3425 1858/3426
f 1859/3427 1858/3428 1860/3429
f 1860/3430 1845/3431 1862/3432
f 1850/3433 1848/3434 1863/3435
f 1852/3436 1850/3437 1864/3438
f 1854/3439 1852/3440 1865/3441
f 1856/3442 1854/3443 1866/3444
f 1847/3445 1863/3446 1848/3447
f 1837/3448 1838/3449 1868/3450
f 1700/3451 1698/3452 1870/3453
f 1698/3454 1824/3455 1871/3456
f 1824/3457 1830/3458 1837/3459
f 1873/3460 1874/3461 1875/3462
f 1871/3463 1873/3464 1872/3465
f 1874/3466 1856/3467 1867/3468
f 1869/3469 1873/3470 1871/3471
f 1858/3472 1856/3473 1874/3474
f 1845/3475 1844/3476 1876/3477
f 1844/3478 1843/3479 1877/3480
f 1843/3481 1842/3482 1878/3483
f 1842/3484 1841/3485 1879/3486
f 1841/3487 1840/3488 1880/3489
f 1840/3490 1839/3491 1881/3492
f 1838/3493 1845/3494 1860/3495
f 1825/3496 1819/3497 1882/3498
f 1831/3499 1825/3500 1883/3501
f 1881/3502 1839/3503 1885/3504
f 1839/3505 1831/3506 1884/3507
f 1686/3508 1882/3509 1819/3510
f 1818/3511 1817/3512 1887/3513
f 1888/3514 1887/3515 1889/3516
f 1890/3517 1889/3518 1891/3519
f 1678/3520 1818/3521 1888/3522
f 1680/3523 1888/3524 1890/3525
f 1892/3526 1891/3527 1885/3528
f 1684/3529 1882/3530 1686/3531
f 1892/3532 1893/3533 1890/3534
f 1893/3535 1892/3536 1884/3537
f 1684/3538 1893/3539 1883/3540
f 1893/3541 1684/3542 1682/3543
f 1869/3544 1874/3545 1873/3546
f 1868/3547 1860/3548 1858/3549
f 1869/3550 1868/3551 1858/3552
f 1752/3553 1751/3554 1894/3555
f 1895/3556 1894/3557 1896/3558
f 1896/3559 1897/3560 1773/3561
f 1773/3562 1897/3563 1898/3564
f 1778/3565 1898/3566 1899/3567
f 1783/3568 1899/3569 1900/3570
f 1901/3571 1900/3572 1902/3573
f 1902/3574 1903/3575 1788/3576
f 1788/3577 1903/3578 1904/3579
f 1904/3580 1905/3581 1791/3582
f 1905/3583 1906/3584 1815/3585
f 1815/3586 1906/3587 1907/3588
f 1907/3589 1908/3590 1811/3591
f 1811/3592 1908/3593 1909/3594
f 1746/3595 1748/3596 1757/3597
f 1748/3598 1750/3599 1758/3600
f 1750/3601 1752/3602 1767/3603
f 1767/3604 1895/3605 1768/3606
f 1752/3607 1895/3608 1767/3609
f 1782/3610 1783/3611 1901/3612
f 1910/3613 1901/3614 1790/3615
f 1781/3616 1910/3617 1787/3618
f 1786/3619 1787/3620 1910/3621
f 1782/3622 1901/3623 1910/3624
f 1885/3625 1891/3626 1911/3627
f 1889/3628 1912/3629 1911/3630
f 1887/3631 1913/3632 1912/3633
f 1914/3634 1915/3635 1816/3636
f 1810/3637 1916/3638 1917/3639
f 1918/3640 1917/3641 1916/3642
f 1807/3643 1806/3644 1920/3645
f 1810/3646 1807/3647 1921/3648
f 1921/3649 1920/3650 1922/3651
f 1916/3652 1921/3653 1923/3654
f 1925/3655 1926/3656 1927/3657
f 1929/3658 1930/3659 1931/3660
f 1928/3661 1931/3662 1926/3663
f 1933/3664 1934/3665 1935/3666
f 1932/3667 1935/3668 1930/3669
f 1937/3670 1938/3671 1939/3672
f 1940/3673 1941/3674 1934/3675
f 1942/3676 1943/3677 1941/3678
f 1936/3679 1939/3680 1943/3681
f 1944/3682 1945/3683 1946/3684
f 1948/3685 1949/3686 1950/3687
f 1949/3688 1944/3689 1947/3690
f 1952/3691 1948/3692 1951/3693
f 1945/3694 1954/3695 1955/3696
f 1954/3697 1956/3698 1957/3699
f 1937/3700 1958/3701 1959/3702
f 1958/3703 1952/3704 1953/3705
f 1956/3706 1960/3707 1961/3708
f 1924/3709 1927/3710 1963/3711
f 1962/3712 1963/3713 1965/3714
f 1960/3715 1966/3716 1967/3717
f 1969/3718 1970/3719 1971/3720
f 1968/3721 1971/3722 1973/3723
f 1969/3724 1974/3725 1975/3726
f 1972/3727 1973/3728 1977/3729
f 1974/3730 1978/3731 1979/3732
f 1976/3733 1977/3734 1981/3735
f 1978/3736 1982/3737 1983/3738
f 1980/3739 1981/3740 1985/3741
f 1982/3742 1986/3743 1987/3744
f 1984/3745 1985/3746 1989/3747
f 1986/3748 1990/3749 1991/3750
f 1990/3751 1992/3752 1993/3753
f 1992/3754 1994/3755 1995/3756
f 1997/3757 1998/3758 1999/3759
f 1998/3760 2000/3761 2001/3762
f 2000/3763 2002/3764 2003/3765
f 2003/3766 2002/3767 2004/3768
f 2007/3769 2008/3770 2009/3771
f 2009/3772 2008/3773 2010/3774
f 2011/3775 2012/3776 2013/3777
f 2015/3778 2013/3779 2012/3780
f 2013/3781 2016/3782 2017/3783
f 2016/3784 2018/3785 2019/3786
f 2018/3787 2020/3788 2019/3789
f 2022/3790 2010/3791 2023/3792
f 2024/3793 2021/3794 2023/3795
f 2025/3796 2009/3797 2010/3798
f 2024/3799 2020/3800 2018/3801
f 2025/3802 2027/3803 2006/3804
f 2026/3805 2018/3806 2016/3807
f 2029/3808 2005/3809 2006/3810
f 2030/3811 2028/3812 2016/3813
f 2031/3814 2003/3815 2005/3816
f 2030/3817 2013/3818 2015/3819
f 2031/3820 2033/3821 2001/3822
f 2033/3823 2034/3824 1999/3825
f 2034/3826 2035/3827 1996/3828
f 2037/3829 2035/3830 2034/3831
f 2038/3832 2036/3833 2034/3834
f 2039/3835 2038/3836 2033/3837
f 2040/3838 2041/3839 2030/3840
f 2039/3841 2031/3842 2029/3843
f 2041/3844 2043/3845 2028/3846
f 2042/3847 2029/3848 2027/3849
f 2045/3850 2026/3851 2028/3852
f 2046/3853 2044/3854 2027/3855
f 2047/3856 2024/3857 2026/3858
f 2046/3859 2025/3860 2022/3861
f 2047/3862 2049/3863 2021/3864
f 2049/3865 2048/3866 2022/3867
f 2050/3868 2051/3869 2052/3870
f 2051/3871 2054/3872 2055/3873
f 2052/3874 2056/3875 2057/3876
f 2055/3877 2058/3878 2056/3879
f 1881/3880 2059/3881 2060/3882
f 1879/3883 1880/3884 2060/3885
f 2061/3886 2062/3887 1898/3888
f 2058/3889 2061/3890 1751/3891
f 1751/3892 2061/3893 1897/3894
f 1894/3895 1897/3896 1896/3897
f 2063/3898 2064/3899 2065/3900
f 2067/3901 2068/3902 2064/3903
f 2069/3904 2070/3905 2068/3906
f 2071/3907 2072/3908 2070/3909
f 2073/3910 2074/3911 2072/3912
f 2075/3913 2076/3914 2074/3915
f 2078/3916 2076/3917 2075/3918
f 2080/3919 2078/3920 2077/3921
f 2082/3922 2083/3923 2084/3924
f 2086/3925 2082/3926 2081/3927
f 2088/3928 2086/3929 2085/3930
f 2090/3931 2088/3932 2087/3933
f 2092/3934 2090/3935 2089/3936
f 2093/3937 2094/3938 2092/3939
f 2066/3940 2065/3941 2094/3942
f 2079/3943 2084/3944 2083/3945
f 2095/3946 2096/3947 1923/3948
f 2097/3949 2098/3950 2096/3951
f 1923/3952 2096/3953 2099/3954
f 1919/3955 1923/3956 2099/3957
f 2100/3958 2099/3959 2101/3960
f 2099/3961 2102/3962 2103/3963
f 2102/3964 2105/3965 2106/3966
f 1920/3967 2107/3968 2108/3969
f 2108/3970 2109/3971 2095/3972
f 2109/3973 2110/3974 2097/3975
f 1808/3976 2107/3977 1920/3978
f 1809/3979 1909/3980 2107/3981
f 2111/3982 2108/3983 2107/3984
f 2109/3985 2108/3986 2112/3987
f 2113/3988 2114/3989 2115/3990
f 2117/3991 2118/3992 2114/3993
f 2113/3994 2116/3995 2110/3996
f 2112/3997 2117/3998 2113/3999
f 2096/4000 2102/4001 2099/4002
f 2098/4003 2105/4004 2102/4005
f 2111/4006 2112/4007 2108/4008
f 2119/4009 1909/4010 1908/4011
f 2120/4012 2119/4013 1907/4014
f 1905/4015 2121/4016 2120/4017
f 2122/4018 2121/4019 1905/4020
f 1903/4021 2123/4022 2122/4023
f 2124/4024 2123/4025 1903/4026
f 2125/4027 2124/4028 1902/4029
f 2126/4030 2127/4031 2128/4032
f 2129/4033 2130/4034 2131/4035
f 1886/4036 2126/4037 2059/4038
f 2062/4039 2131/4040 1899/4041
f 2133/4042 2134/4043 2098/4044
f 2110/4045 2135/4046 2133/4047
f 2133/4048 2136/4049 2137/4050
f 2138/4051 2136/4052 2133/4053
f 2115/4054 2139/4055 2140/4056
f 2115/4057 2140/4058 2116/4059
f 2116/4060 2140/4061 2135/4062
f 2135/4063 2140/4064 2139/4065
f 2105/4066 2141/4067 2106/4068
f 2106/4069 2141/4070 2142/4071
f 2134/4072 2143/4073 2105/4074
f 2134/4075 2137/4076 2144/4077
f 2126/4078 2145/4079 2146/4080
f 2145/4081 2147/4082 2148/4083
f 2147/4084 2149/4085 2150/4086
f 2149/4087 2151/4088 2152/4089
f 2125/4090 1900/4091 2153/4092
f 2125/4093 2153/4094 2155/4095
f 2153/4096 2131/4097 2130/4098
f 2156/4099 2157/4100 2155/4101
f 2157/4102 2158/4103 2154/4104
f 1900/4105 1899/4106 2131/4107
f 2159/4108 2160/4109 2127/4110
f 2161/4111 2159/4112 2146/4113
f 2162/4114 2161/4115 2148/4116
f 2163/4117 2162/4118 2150/4119
f 2158/4120 2164/4121 2165/4122
f 2154/4123 2165/4124 2166/4125
f 2124/4126 2125/4127 2166/4128
f 2165/4129 2167/4130 2168/4131
f 2167/4132 2169/4133 2170/4134
f 2169/4135 2171/4136 2172/4137
f 2173/4138 2174/4139 2152/4140
f 2174/4141 2175/4142 2163/4143
f 2173/4144 2176/4145 2177/4146
f 2174/4147 2177/4148 2178/4149
f 2176/4150 2179/4151 2180/4152
f 2177/4153 2180/4154 2181/4155
f 2179/4156 2182/4157 2183/4158
f 2180/4159 2183/4160 2184/4161
f 2182/4162 2185/4163 2186/4164
f 2183/4165 2186/4166 2187/4167
f 2185/4168 2188/4169 2189/4170
f 2189/4171 2190/4172 2187/4173
f 2191/4174 2192/4175 2189/4176
f 2192/4177 2193/4178 2190/4179
f 2194/4180 2195/4181 2173/4182
f 2196/4183 2176/4184 2173/4185
f 2197/4186 2179/4187 2176/4188
f 2179/4189 2197/4190 2182/4191
f 2198/4192 2194/4193 2151/4194
f 2199/4195 2198/4196 2149/4197
f 1915/4198 1914/4199 2201/4200
f 1914/4201 1918/4202 2202/4203
f 1919/4204 2100/4205 2202/4206
f 1817/4207 2203/4208 1913/4209
f 1912/4210 1913/4211 2198/4212
f 1913/4213 2203/4214 2194/4215
f 2195/4216 2194/4217 2203/4218
f 2182/4219 2197/4220 2100/4221
f 2202/4222 2100/4223 2197/4224
f 2200/4225 2201/4226 2196/4227
f 2196/4228 2201/4229 2202/4230
f 2191/4231 2204/4232 2192/4233
f 2192/4234 2204/4235 2205/4236
f 2182/4237 2204/4238 2185/4239
f 2185/4240 2204/4241 2188/4242
f 2188/4243 2204/4244 2191/4245
f 2206/4246 1886/4247 1911/4248
f 2199/4249 2147/4250 2145/4251
f 2206/4252 2145/4253 2126/4254
f 2199/4255 2206/4256 1911/4257
f 2172/4258 2207/4259 2208/4260
f 2166/4261 2168/4262 2209/4263
f 2123/4264 2124/4265 2166/4266
f 2122/4267 2123/4268 2209/4269
f 2170/4270 2208/4271 2209/4272
f 2121/4273 2122/4274 2208/4275
f 2207/4276 2120/4277 2121/4278
f 2207/4279 2119/4280 2120/4281
f 2119/4282 2207/4283 2111/4284
f 2111/4285 2207/4286 2112/4287
f 2112/4288 2207/4289 2210/4290
f 1918/4291 1914/4292 1917/4293
f 1812/4294 1917/4295 1914/4296
f 1816/4297 1915/4298 2203/4299
f 2200/4300 2203/4301 1915/4302
f 2211/4303 2212/4304 2213/4305
f 2213/4306 2215/4307 2216/4308
f 2216/4309 2215/4310 2217/4311
f 2219/4312 2220/4313 2213/4314
f 2213/4315 2220/4316 2221/4317
f 2221/4318 2222/4319 2217/4320
f 2172/4321 2171/4322 2223/4323
f 2224/4324 2225/4325 2220/4326
f 2221/4327 2226/4328 2227/4329
f 2228/4330 2226/4331 2221/4332
f 2225/4333 2228/4334 2220/4335
f 2229/4336 2230/4337 2231/4338
f 2231/4339 2233/4340 2234/4341
f 2235/4342 2236/4343 2237/4344
f 2239/4345 2240/4346 2236/4347
f 2241/4348 2242/4349 2061/4350
f 2242/4351 2243/4352 2062/4353
f 2244/4354 2245/4355 2246/4356
f 2248/4357 2249/4358 2250/4359
f 2253/4360 2254/4361 2255/4362
f 2257/4363 2258/4364 2259/4365
f 2261/4366 2262/4367 2263/4368
f 2264/4369 2265/4370 2266/4371
f 2269/4372 2265/4373 2264/4374
f 2271/4375 2272/4376 2273/4377
f 2274/4378 2275/4379 2276/4380
f 2279/4381 2275/4382 2274/4383
f 2281/4384 2279/4385 2278/4386
f 2283/4387 2281/4388 2280/4389
f 2267/4390 2266/4391 2284/4392
f 2286/4393 2287/4394 2288/4395
f 2290/4396 2291/4397 2292/4398
f 2293/4399 2292/4400 2294/4401
f 2295/4402 2294/4403 2296/4404
f 2299/4405 2283/4406 2282/4407
f 2301/4408 2299/4409 2298/4410
f 2303/4411 2301/4412 2300/4413
f 2305/4414 2303/4415 2302/4416
f 2307/4417 2305/4418 2304/4419
f 2309/4420 2307/4421 2306/4422
f 2311/4423 2309/4424 2308/4425
f 2312/4426 2313/4427 2214/4428
f 2297/4429 2296/4430 2314/4431
f 2316/4432 2317/4433 2311/4434
f 2006/4435 2318/4436 2007/4437
f 2318/4438 2006/4439 2005/4440
f 1706/4441 1846/4442 2319/4443
f 2320/4444 2319/4445 2321/4446
f 1707/4447 1706/4448 2320/4449
f 2323/4450 2320/4451 2322/4452
f 1708/4453 1707/4454 2323/4455
f 2325/4456 2323/4457 2324/4458
f 1714/4459 2327/4460 2328/4461
f 2327/4462 2329/4463 2330/4464
f 1741/4465 2328/4466 2331/4467
f 2331/4468 2328/4469 2330/4470
f 1743/4471 2331/4472 2333/4473
f 2333/4474 2331/4475 2332/4476
f 1712/4477 1710/4478 2335/4479
f 2336/4480 2335/4481 2326/4482
f 2327/4483 2336/4484 2329/4485
f 1712/4486 2336/4487 2327/4488
f 2335/4489 2325/4490 2326/4491
f 1710/4492 1708/4493 2325/4494
f 1861/4495 2337/4496 2338/4497
f 2337/4498 2339/4499 2340/4500
f 1862/4501 2341/4502 2337/4503
f 2341/4504 2342/4505 2339/4506
f 1862/4507 1876/4508 2343/4509
f 2343/4510 2344/4511 2342/4512
f 1849/4513 2345/4514 2319/4515
f 2345/4516 2346/4517 2321/4518
f 1855/4519 2347/4520 2348/4521
f 2347/4522 2340/4523 2346/4524
f 2349/4525 2338/4526 2340/4527
f 1859/4528 2338/4529 2349/4530
f 2347/4531 2349/4532 2340/4533
f 1857/4534 2349/4535 2347/4536
f 2350/4537 2348/4538 2346/4539
f 1853/4540 2348/4541 2350/4542
f 2345/4543 2350/4544 2346/4545
f 1851/4546 2350/4547 2345/4548
f 1745/4549 2333/4550 2351/4551
f 2351/4552 2333/4553 2334/4554
f 1876/4555 1877/4556 2352/4557
f 2352/4558 2050/4559 2344/4560
f 2351/4561 2353/4562 1747/4563
f 2056/4564 2353/4565 2351/4566
f 2353/4567 2058/4568 1749/4569
f 2056/4570 2058/4571 2353/4572
f 2353/4573 1749/4574 1747/4575
f 2354/4576 2054/4577 2051/4578
f 1877/4579 1878/4580 2354/4581
f 2054/4582 2354/4583 1878/4584
f 2352/4585 2354/4586 2051/4587
f 2356/4588 2357/4589 2358/4590
f 2357/4591 2359/4592 2360/4593
f 2359/4594 2361/4595 2362/4596
f 2362/4597 2361/4598 2363/4599
f 2364/4600 2363/4601 2365/4602
f 2365/4603 2366/4604 2367/4605
f 2366/4606 2368/4607 2369/4608
f 2369/4609 2368/4610 2370/4611
f 2371/4612 2372/4613 2373/4614
f 2375/4615 2373/4616 2372/4617
f 2373/4618 2376/4619 2377/4620
f 2376/4621 2378/4622 2379/4623
f 2378/4624 2380/4625 2379/4626
f 2382/4627 2370/4628 2383/4629
f 2384/4630 2381/4631 2383/4632
f 2385/4633 2369/4634 2370/4635
f 2384/4636 2380/4637 2378/4638
f 2385/4639 2387/4640 2367/4641
f 2386/4642 2378/4643 2376/4644
f 2389/4645 2364/4646 2367/4647
f 2390/4648 2388/4649 2376/4650
f 2391/4651 2362/4652 2364/4653
f 2390/4654 2373/4655 2375/4656
f 2391/4657 2393/4658 2360/4659
f 2393/4660 2394/4661 2358/4662
f 2358/4663 2394/4664 2395/4665
f 2397/4666 2395/4667 2394/4668
f 2398/4669 2396/4670 2394/4671
f 2399/4672 2398/4673 2393/4674
f 2400/4675 2401/4676 2390/4677
f 2399/4678 2391/4679 2389/4680
f 2401/4681 2403/4682 2388/4683
f 2402/4684 2389/4685 2387/4686
f 2403/4687 2405/4688 2386/4689
f 2404/4690 2387/4691 2385/4692
f 2407/4693 2384/4694 2386/4695
f 2408/4696 2406/4697 2385/4698
f 2407/4699 2409/4700 2381/4701
f 2408/4702 2382/4703 2381/4704
f 2410/4705 2411/4706 2412/4707
f 2414/4708 2410/4709 2413/4710
f 2416/4711 2414/4712 2415/4713
f 2418/4714 2419/4715 2420/4716
f 2422/4717 2416/4718 2417/4719
f 2419/4720 2424/4721 2425/4722
f 2426/4723 2422/4724 2423/4725
f 2424/4726 2428/4727 2429/4728
f 2430/4729 2426/4730 2427/4731
f 2428/4732 2432/4733 2433/4734
f 2434/4735 2430/4736 2431/4737
f 2432/4738 2436/4739 2437/4740
f 2436/4741 2434/4742 2435/4743
f 2439/4744 2440/4745 2441/4746
f 2442/4747 2443/4748 2444/4749
f 2446/4750 2444/4751 2443/4752
f 2438/4753 2441/4754 2449/4755
f 2451/4756 2452/4757 2453/4758
f 2450/4759 2453/4760 2455/4761
f 2448/4762 2449/4763 2457/4764
f 2456/4765 2457/4766 2459/4767
f 2460/4768 2461/4769 2452/4770
f 2462/4771 2463/4772 2464/4773
f 2462/4774 2465/4775 2461/4776
f 2458/4777 2459/4778 2464/4779
f 2467/4780 2468/4781 2469/4782
f 2466/4783 2469/4784 2471/4785
f 2470/4786 2471/4787 2473/4788
f 2454/4789 2455/4790 2468/4791
f 2475/4792 2476/4793 2477/4794
f 2472/4795 2473/4796 2476/4797
f 2479/4798 2480/4799 2481/4800
f 2474/4801 2477/4802 2480/4803
f 2447/4804 2478/4805 2481/4806
f 2483/4807 2484/4808 2485/4809
f 2487/4810 2483/4811 2482/4812
f 2489/4813 2487/4814 2486/4815
f 2490/4816 2491/4817 2489/4818
f 2490/4819 2492/4820 2491/4821
f 2494/4822 2491/4823 2492/4824
f 2496/4825 2494/4826 2493/4827
f 2495/4828 2455/4829 2496/4830
f 2497/4831 2498/4832 2499/4833
f 2497/4834 2500/4835 2501/4836
f 2502/4837 2498/4838 2497/4839
f 2504/4840 2502/4841 2503/4842
f 2506/4843 2504/4844 2505/4845
f 2494/4846 2496/4847 2507/4848
f 2503/4849 2509/4850 2510/4851
f 2491/4852 2494/4853 2508/4854
f 2503/4855 2497/4856 2512/4857
f 2491/4858 2511/4859 2513/4860
f 2501/4861 2514/4862 2512/4863
f 2489/4864 2513/4865 2515/4866
f 2483/4867 2487/4868 2515/4869
f 2516/4870 2517/4871 2484/4872
f 2518/4873 2516/4874 2519/4875
f 2516/4876 2515/4877 2521/4878
f 2513/4879 2522/4880 2521/4881
f 2514/4882 2523/4883 2524/4884
f 2511/4885 2525/4886 2522/4887
f 2512/4888 2524/4889 2526/4890
f 2511/4891 2508/4892 2527/4893
f 2509/4894 2526/4895 2429/4896
f 2508/4897 2507/4898 2431/4899
f 2433/4900 2528/4901 2510/4902
f 2528/4903 2506/4904 2505/4905
f 2433/4906 2437/4907 2529/4908
f 2528/4909 2529/4910 2453/4911
f 2435/4912 2530/4913 2529/4914
f 2530/4915 2455/4916 2453/4917
f 2435/4918 2431/4919 2507/4920
f 2530/4921 2507/4922 2496/4923
f 2531/4924 2532/4925 2533/4926
f 4/4927 1/4928 3/4929
f 5/4930 6/4931 8/4932
f 12/4933 9/4934 11/4935
f 14/4936 13/4937 12/4938
f 18/4939 15/4940 17/4941
f 19/4942 20/4943 17/4944
f 19/4945 21/4946 20/4947
f 21/4948 23/4949 22/4950
f 23/4951 25/4952 24/4953
f 25/4954 27/4955 26/4956
f 27/4957 29/4958 28/4959
f 31/4960 32/4961 29/4962
f 31/4963 33/4964 32/4965
f 35/4966 36/4967 33/4968
f 35/4969 37/4970 36/4971
f 37/4972 39/4973 38/4974
f 41/4975 42/4976 39/4977
f 41/4978 43/4979 42/4980
f 43/4981 45/4982 44/4983
f 45/4984 47/4985 46/4986
f 49/4987 50/4988 47/4989
f 51/4990 52/4991 49/4992
f 53/4993 54/4994 51/4995
f 53/4996 55/4997 54/4998
f 57/4999 58/5000 55/5001
f 59/5002 60/5003 57/5004
f 59/5005 61/5006 60/5007
f 61/5008 63/5009 62/5010
f 63/5011 65/5012 64/5013
f 67/5014 68/5015 65/5016
f 67/5017 69/5018 68/5019
f 69/5020 71/5021 70/5022
f 71/5023 73/5024 72/5025
f 73/5026 75/5027 74/5028
f 75/5029 77/5030 76/5031
f 77/5032 16/5033 78/5034
f 79/5035 80/5036 82/5037
f 80/5038 79/5039 84/5040
f 83/5041 85/5042 84/5043
f 86/5044 85/5045 88/5046
f 87/5047 89/5048 88/5049
f 90/5050 89/5051 92/5052
f 93/5053 94/5054 91/5055
f 93/5056 95/5057 94/5058
f 96/5059 95/5060 98/5061
f 97/5062 99/5063 98/5064
f 99/5065 101/5066 100/5067
f 101/5068 103/5069 102/5070
f 103/5071 105/5072 104/5073
f 105/5074 107/5075 106/5076
f 108/5077 107/5078 110/5079
f 110/5080 109/5081 112/5082
f 112/5083 111/5084 114/5085
f 115/5086 116/5087 118/5088
f 116/5089 115/5090 120/5091
f 121/5092 122/5093 119/5094
f 121/5095 123/5096 122/5097
f 124/5098 123/5099 126/5100
f 126/5101 125/5102 128/5103
f 129/5104 130/5105 132/5106
f 133/5107 134/5108 129/5109
f 134/5110 133/5111 136/5112
f 137/5113 138/5114 135/5115
f 137/5116 139/5117 138/5118
f 139/5119 141/5120 140/5121
f 141/5122 143/5123 142/5124
f 144/5125 143/5126 146/5127
f 82/5128 81/5129 145/5130
f 150/5131 147/5132 149/5133
f 148/5134 147/5135 152/5136
f 152/5137 151/5138 154/5139
f 153/5140 155/5141 154/5142
f 156/5143 155/5144 158/5145
f 157/5146 159/5147 158/5148
f 159/5149 161/5150 160/5151
f 162/5152 161/5153 164/5154
f 163/5155 165/5156 164/5157
f 166/5158 165/5159 168/5160
f 167/5161 169/5162 168/5163
f 170/5164 169/5165 172/5166
f 171/5167 173/5168 172/5169
f 173/5170 175/5171 174/5172
f 176/5173 175/5174 178/5175
f 177/5176 179/5177 178/5178
f 179/5179 181/5180 180/5181
f 181/5182 183/5183 182/5184
f 183/5185 185/5186 184/5187
f 185/5188 187/5189 186/5190
f 188/5191 187/5192 190/5193
f 190/5194 189/5195 192/5196
f 192/5197 191/5198 194/5199
f 195/5200 196/5201 193/5202
f 197/5203 198/5204 195/5205
f 197/5206 199/5207 198/5208
f 199/5209 201/5210 200/5211
f 201/5212 203/5213 202/5214
f 205/5215 206/5216 203/5217
f 205/5218 207/5219 206/5220
f 208/5221 207/5222 210/5223
f 209/5224 150/5225 210/5226
f 211/5227 212/5228 214/5229
f 211/5230 215/5231 212/5232
f 215/5233 217/5234 216/5235
f 217/5236 219/5237 218/5238
f 220/5239 219/5240 222/5241
f 222/5242 221/5243 224/5244
f 225/5245 226/5246 223/5247
f 225/5248 227/5249 226/5250
f 227/5251 229/5252 228/5253
f 229/5254 231/5255 230/5256
f 231/5257 233/5258 232/5259
f 234/5260 233/5261 236/5262
f 236/5263 235/5264 238/5265
f 238/5266 237/5267 240/5268
f 240/5269 239/5270 242/5271
f 246/5272 243/5273 245/5274
f 245/5275 244/5276 248/5277
f 247/5278 249/5279 248/5280
f 250/5281 249/5282 252/5283
f 251/5284 253/5285 252/5286
f 254/5287 253/5288 256/5289
f 256/5290 255/5291 258/5292
f 257/5293 259/5294 258/5295
f 259/5296 261/5297 260/5298
f 261/5299 263/5300 262/5301
f 268/5302 265/5303 267/5304
f 269/5305 270/5306 266/5307
f 269/5308 271/5309 270/5310
f 271/5311 273/5312 272/5313
f 273/5314 275/5315 274/5316
f 275/5317 277/5318 276/5319
f 214/5320 213/5321 277/5322
f 279/5323 280/5324 282/5325
f 279/5326 283/5327 280/5328
f 284/5329 283/5330 286/5331
f 285/5332 287/5333 286/5334
f 288/5335 287/5336 290/5337
f 289/5338 291/5339 290/5340
f 293/5341 294/5342 291/5343
f 293/5344 295/5345 294/5346
f 296/5347 295/5348 298/5349
f 297/5350 299/5351 298/5352
f 299/5353 301/5354 300/5355
f 302/5356 301/5357 304/5358
f 303/5359 305/5360 304/5361
f 305/5362 307/5363 306/5364
f 308/5365 307/5366 310/5367
f 309/5368 311/5369 310/5370
f 311/5371 313/5372 312/5373
f 313/5374 315/5375 314/5376
f 315/5377 317/5378 316/5379
f 317/5380 319/5381 318/5382
f 320/5383 319/5384 322/5385
f 322/5386 321/5387 324/5388
f 324/5389 323/5390 326/5391
f 327/5392 328/5393 325/5394
f 329/5395 330/5396 327/5397
f 329/5398 331/5399 330/5400
f 333/5401 334/5402 331/5403
f 333/5404 335/5405 334/5406
f 337/5407 338/5408 335/5409
f 338/5410 337/5411 340/5412
f 340/5413 339/5414 342/5415
f 341/5416 282/5417 342/5418
f 343/5419 344/5420 346/5421
f 348/5422 347/5423 346/5424
f 350/5425 347/5426 349/5427
f 351/5428 350/5429 352/5430
f 354/5431 351/5432 353/5433
f 356/5434 355/5435 353/5436
f 358/5437 357/5438 356/5439
f 360/5440 359/5441 358/5442
f 359/5443 360/5444 362/5445
f 364/5446 362/5447 363/5448
f 352/5449 365/5450 353/5451
f 356/5452 353/5453 367/5454
f 365/5455 368/5456 366/5457
f 370/5458 371/5459 373/5460
f 367/5461 366/5462 374/5463
f 375/5464 376/5465 378/5466
f 380/5467 346/5468 379/5469
f 381/5470 348/5471 380/5472
f 348/5473 381/5474 349/5475
f 383/5476 352/5477 382/5478
f 358/5479 356/5480 385/5481
f 360/5482 358/5483 386/5484
f 361/5485 360/5486 387/5487
f 363/5488 361/5489 388/5490
f 390/5491 380/5492 389/5493
f 391/5494 381/5495 390/5496
f 381/5497 391/5498 382/5499
f 393/5500 383/5501 392/5502
f 385/5503 384/5504 395/5505
f 386/5506 385/5507 396/5508
f 387/5509 386/5510 397/5511
f 388/5512 387/5513 398/5514
f 400/5515 390/5516 399/5517
f 401/5518 391/5519 400/5520
f 391/5521 401/5522 392/5523
f 403/5524 393/5525 402/5526
f 395/5527 394/5528 405/5529
f 396/5530 395/5531 406/5532
f 397/5533 396/5534 407/5535
f 398/5536 397/5537 408/5538
f 400/5539 399/5540 410/5541
f 401/5542 400/5543 411/5544
f 402/5545 401/5546 412/5547
f 403/5548 402/5549 413/5550
f 415/5551 405/5552 414/5553
f 416/5554 406/5555 415/5556
f 406/5557 416/5558 407/5559
f 407/5560 417/5561 408/5562
f 410/5563 409/5564 420/5565
f 411/5566 410/5567 421/5568
f 412/5569 411/5570 422/5571
f 413/5572 412/5573 423/5574
f 425/5575 415/5576 424/5577
f 426/5578 416/5579 425/5580
f 416/5581 426/5582 417/5583
f 417/5584 427/5585 418/5586
f 420/5587 419/5588 430/5589
f 421/5590 420/5591 431/5592
f 422/5593 421/5594 432/5595
f 423/5596 422/5597 433/5598
f 435/5599 425/5600 434/5601
f 436/5602 426/5603 435/5604
f 426/5605 436/5606 427/5607
f 427/5608 437/5609 428/5610
f 440/5611 430/5612 439/5613
f 431/5614 430/5615 441/5616
f 432/5617 431/5618 442/5619
f 433/5620 432/5621 443/5622
f 435/5623 434/5624 445/5625
f 436/5626 435/5627 446/5628
f 436/5629 446/5630 437/5631
f 438/5632 437/5633 448/5634
f 452/5635 449/5636 451/5637
f 453/5638 454/5639 456/5640
f 458/5641 457/5642 452/5643
f 459/5644 460/5645 453/5646
f 462/5647 461/5648 458/5649
f 459/5650 463/5651 460/5652
f 466/5653 465/5654 462/5655
f 463/5656 467/5657 464/5658
f 469/5659 465/5660 470/5661
f 467/5662 471/5663 468/5664
f 473/5665 469/5666 474/5667
f 471/5668 475/5669 472/5670
f 478/5671 477/5672 474/5673
f 475/5674 479/5675 476/5676
f 481/5677 482/5678 455/5679
f 462/5680 458/5681 484/5682
f 464/5683 485/5684 460/5685
f 466/5686 462/5687 487/5688
f 464/5689 468/5690 485/5691
f 489/5692 470/5693 487/5694
f 468/5695 472/5696 488/5697
f 491/5698 474/5699 489/5700
f 476/5701 492/5702 472/5703
f 493/5704 478/5705 491/5706
f 480/5707 494/5708 476/5709
f 495/5710 496/5711 486/5712
f 500/5713 483/5714 501/5715
f 508/5716 505/5717 507/5718
f 509/5719 510/5720 506/5721
f 511/5722 512/5723 509/5724
f 511/5725 513/5726 512/5727
f 515/5728 516/5729 513/5730
f 517/5731 518/5732 515/5733
f 518/5734 517/5735 520/5736
f 519/5737 521/5738 520/5739
f 523/5740 524/5741 521/5742
f 525/5743 526/5744 523/5745
f 525/5746 527/5747 526/5748
f 529/5749 530/5750 527/5751
f 529/5752 531/5753 530/5754
f 533/5755 534/5756 531/5757
f 535/5758 536/5759 533/5760
f 537/5761 538/5762 535/5763
f 539/5764 540/5765 537/5766
f 539/5767 541/5768 540/5769
f 541/5770 543/5771 542/5772
f 544/5773 543/5774 546/5775
f 545/5776 547/5777 546/5778
f 547/5779 549/5780 548/5781
f 551/5782 552/5783 549/5784
f 551/5785 553/5786 552/5787
f 554/5788 553/5789 556/5790
f 555/5791 557/5792 556/5793
f 558/5794 557/5795 560/5796
f 559/5797 561/5798 560/5799
f 561/5800 563/5801 562/5802
f 565/5803 566/5804 563/5805
f 567/5806 568/5807 565/5808
f 567/5809 505/5810 568/5811
f 572/5812 569/5813 571/5814
f 574/5815 573/5816 571/5817
f 576/5818 575/5819 574/5820
f 575/5821 576/5822 578/5823
f 580/5824 579/5825 577/5826
f 582/5827 579/5828 581/5829
f 583/5830 582/5831 584/5832
f 586/5833 583/5834 585/5835
f 588/5836 586/5837 587/5838
f 590/5839 589/5840 587/5841
f 592/5842 591/5843 590/5844
f 593/5845 591/5846 594/5847
f 596/5848 593/5849 595/5850
f 598/5851 597/5852 595/5853
f 597/5854 598/5855 600/5856
f 601/5857 600/5858 602/5859
f 603/5860 601/5861 604/5862
f 606/5863 605/5864 604/5865
f 608/5866 607/5867 606/5868
f 610/5869 609/5870 608/5871
f 612/5872 611/5873 610/5874
f 614/5875 613/5876 612/5877
f 615/5878 613/5879 616/5880
f 617/5881 615/5882 618/5883
f 620/5884 619/5885 618/5886
f 619/5887 620/5888 622/5889
f 624/5890 623/5891 621/5892
f 626/5893 625/5894 624/5895
f 628/5896 627/5897 626/5898
f 629/5899 627/5900 630/5901
f 631/5902 629/5903 632/5904
f 569/5905 631/5906 570/5907
f 666/5908 451/5909 667/5910
f 668/5911 669/5912 671/5913
f 705/5914 706/5915 708/5916
f 710/5917 705/5918 709/5919
f 710/5920 709/5921 712/5922
f 712/5923 711/5924 714/5925
f 716/5926 714/5927 715/5928
f 718/5929 716/5930 717/5931
f 720/5932 719/5933 717/5934
f 722/5935 719/5936 721/5937
f 724/5938 722/5939 723/5940
f 724/5941 723/5942 726/5943
f 728/5944 726/5945 727/5946
f 730/5947 728/5948 729/5949
f 730/5950 729/5951 732/5952
f 732/5953 731/5954 734/5955
f 736/5956 734/5957 735/5958
f 738/5959 736/5960 737/5961
f 738/5962 737/5963 740/5964
f 742/5965 741/5966 739/5967
f 744/5968 741/5969 743/5970
f 745/5971 744/5972 746/5973
f 745/5974 746/5975 748/5976
f 750/5977 748/5978 749/5979
f 752/5980 750/5981 751/5982
f 753/5983 752/5984 754/5985
f 755/5986 753/5987 756/5988
f 755/5989 756/5990 758/5991
f 760/5992 759/5993 757/5994
f 762/5995 759/5996 761/5997
f 764/5998 763/5999 761/6000
f 763/6001 764/6002 766/6003
f 766/6004 765/6005 768/6006
f 707/6007 706/6008 767/6009
f 769/6010 770/6011 772/6012
f 769/6013 773/6014 770/6015
f 773/6016 775/6017 774/6018
f 775/6019 777/6020 776/6021
f 778/6022 777/6023 780/6024
f 781/6025 782/6026 779/6027
f 782/6028 781/6029 784/6030
f 785/6031 786/6032 783/6033
f 787/6034 788/6035 785/6036
f 787/6037 789/6038 788/6039
f 790/6040 789/6041 792/6042
f 792/6043 791/6044 794/6045
f 793/6046 795/6047 794/6048
f 796/6049 795/6050 798/6051
f 799/6052 800/6053 797/6054
f 799/6055 801/6056 800/6057
f 802/6058 801/6059 804/6060
f 804/6061 803/6062 806/6063
f 806/6064 805/6065 808/6066
f 808/6067 807/6068 810/6069
f 810/6070 809/6071 812/6072
f 812/6073 811/6074 814/6075
f 813/6076 815/6077 814/6078
f 815/6079 817/6080 816/6081
f 817/6082 819/6083 818/6084
f 821/6085 822/6086 819/6087
f 822/6088 821/6089 824/6090
f 823/6091 825/6092 824/6093
f 826/6094 825/6095 828/6096
f 827/6097 829/6098 828/6099
f 829/6100 831/6101 830/6102
f 831/6103 772/6104 832/6105
f 836/6106 837/6107 839/6108
f 843/6109 844/6110 846/6111
f 850/6112 847/6113 849/6114
f 851/6115 852/6116 854/6117
f 849/6118 848/6119 856/6120
f 854/6121 853/6122 858/6123
f 855/6124 859/6125 856/6126
f 858/6127 857/6128 862/6129
f 859/6130 863/6131 860/6132
f 866/6133 862/6134 865/6135
f 864/6136 863/6137 844/6138
f 838/6139 866/6140 839/6141
f 867/6142 868/6143 870/6144
f 871/6145 872/6146 847/6147
f 874/6148 873/6149 854/6150
f 872/6151 875/6152 848/6153
f 876/6154 874/6155 858/6156
f 855/6157 875/6158 859/6159
f 878/6160 876/6161 862/6162
f 859/6163 877/6164 863/6165
f 880/6166 878/6167 866/6168
f 879/6169 881/6170 863/6171
f 880/6172 866/6173 882/6174
f 845/6175 881/6176 884/6177
f 882/6178 838/6179 886/6180
f 884/6181 883/6182 868/6183
f 886/6184 885/6185 670/6186
f 890/6187 887/6188 889/6189
f 891/6190 887/6191 892/6192
f 891/6193 892/6194 894/6195
f 894/6196 893/6197 896/6198
f 897/6199 898/6200 900/6201
f 902/6202 901/6203 899/6204
f 904/6205 901/6206 903/6207
f 904/6208 903/6209 906/6210
f 907/6211 908/6212 887/6213
f 909/6214 907/6215 891/6216
f 910/6217 909/6218 894/6219
f 911/6220 910/6221 896/6222
f 912/6223 897/6224 913/6225
f 901/6226 914/6227 900/6228
f 914/6229 901/6230 915/6231
f 915/6232 904/6233 916/6234
f 917/6235 918/6236 907/6237
f 919/6238 917/6239 909/6240
f 920/6241 919/6242 910/6243
f 921/6244 920/6245 911/6246
f 922/6247 912/6248 923/6249
f 914/6250 924/6251 913/6252
f 924/6253 914/6254 925/6255
f 925/6256 915/6257 926/6258
f 927/6259 928/6260 917/6261
f 929/6262 927/6263 919/6264
f 930/6265 929/6266 920/6267
f 931/6268 930/6269 921/6270
f 932/6271 922/6272 933/6273
f 924/6274 934/6275 923/6276
f 934/6277 924/6278 935/6279
f 935/6280 925/6281 936/6282
f 927/6283 937/6284 928/6285
f 929/6286 939/6287 927/6288
f 939/6289 929/6290 940/6291
f 940/6292 930/6293 941/6294
f 943/6295 942/6296 933/6297
f 944/6298 943/6299 934/6300
f 945/6301 944/6302 935/6303
f 946/6304 945/6305 936/6306
f 937/6307 947/6308 938/6309
f 939/6310 949/6311 937/6312
f 949/6313 939/6314 950/6315
f 950/6316 940/6317 951/6318
f 953/6319 952/6320 943/6321
f 954/6322 953/6323 944/6324
f 955/6325 954/6326 945/6327
f 956/6328 955/6329 946/6330
f 947/6331 957/6332 948/6333
f 949/6334 959/6335 947/6336
f 959/6337 949/6338 960/6339
f 960/6340 950/6341 961/6342
f 963/6343 962/6344 953/6345
f 964/6346 963/6347 954/6348
f 965/6349 964/6350 955/6351
f 966/6352 965/6353 956/6354
f 967/6355 968/6356 970/6357
f 974/6358 971/6359 973/6360
f 975/6361 976/6362 978/6363
f 980/6364 979/6365 973/6366
f 981/6367 961/6368 974/6369
f 962/6370 981/6371 979/6372
f 957/6373 982/6374 958/6375
f 984/6376 982/6377 959/6378
f 984/6379 959/6380 985/6381
f 986/6382 985/6383 961/6384
f 987/6385 986/6386 981/6387
f 962/6388 988/6389 981/6390
f 988/6391 962/6392 989/6393
f 990/6394 989/6395 964/6396
f 991/6397 990/6398 965/6399
f 991/6400 965/6401 992/6402
f 996/6403 993/6404 995/6405
f 994/6406 997/6407 995/6408
f 997/6409 999/6410 998/6411
f 999/6412 1001/6413 1000/6414
f 1003/6415 1004/6416 1001/6417
f 1003/6418 1005/6419 1004/6420
f 1007/6421 1008/6422 1005/6423
f 1007/6424 1009/6425 1008/6426
f 1009/6427 1011/6428 1010/6429
f 1011/6430 1013/6431 1012/6432
f 1013/6433 1015/6434 1014/6435
f 1015/6436 1017/6437 1016/6438
f 1018/6439 1017/6440 1020/6441
f 1021/6442 1022/6443 1019/6444
f 1022/6445 1021/6446 1024/6447
f 1025/6448 1026/6449 1023/6450
f 1027/6451 1028/6452 1025/6453
f 1027/6454 1029/6455 1028/6456
f 1029/6457 1031/6458 1030/6459
f 1033/6460 1034/6461 1031/6462
f 1033/6463 1035/6464 1034/6465
f 1035/6466 1037/6467 1036/6468
f 1037/6469 1039/6470 1038/6471
f 1041/6472 1042/6473 1039/6474
f 1041/6475 1043/6476 1042/6477
f 1043/6478 1045/6479 1044/6480
f 1047/6481 1048/6482 1045/6483
f 1047/6484 1049/6485 1048/6486
f 1051/6487 1052/6488 1049/6489
f 1053/6490 1054/6491 1051/6492
f 1053/6493 1055/6494 1054/6495
f 1055/6496 993/6497 1056/6498
f 1057/6499 1058/6500 1060/6501
f 1058/6502 1061/6503 1059/6504
f 1061/6505 1063/6506 1062/6507
f 1063/6508 1065/6509 1064/6510
f 1067/6511 1068/6512 1065/6513
f 1068/6514 1067/6515 1070/6516
f 1071/6517 1072/6518 1069/6519
f 1073/6520 1074/6521 1076/6522
f 1075/6523 1074/6524 1078/6525
f 1079/6526 1080/6527 1077/6528
f 1081/6529 1082/6530 1079/6531
f 1081/6532 1083/6533 1082/6534
f 1084/6535 1083/6536 1086/6537
f 1087/6538 1088/6539 1085/6540
f 1087/6541 1089/6542 1088/6543
f 1089/6544 1091/6545 1090/6546
f 1091/6547 1093/6548 1092/6549
f 1095/6550 1096/6551 1098/6552
f 1099/6553 1100/6554 1095/6555
f 1101/6556 1102/6557 1099/6558
f 1103/6559 1104/6560 1101/6561
f 1105/6562 1106/6563 1103/6564
f 1107/6565 1108/6566 1105/6567
f 1107/6568 1109/6569 1108/6570
f 1109/6571 1111/6572 1110/6573
f 1112/6574 1111/6575 1114/6576
f 1115/6577 1116/6578 1113/6579
f 1115/6580 1117/6581 1116/6582
f 1117/6583 1119/6584 1118/6585
f 1119/6586 1121/6587 1120/6588
f 1121/6589 1123/6590 1122/6591
f 1123/6592 1057/6593 1124/6594
f 1128/6595 1125/6596 1127/6597
f 1129/6598 1130/6599 1126/6600
f 1131/6601 1132/6602 1129/6603
f 1131/6604 1133/6605 1132/6606
f 1135/6607 1136/6608 1133/6609
f 1135/6610 1137/6611 1136/6612
f 1139/6613 1140/6614 1137/6615
f 1139/6616 1141/6617 1140/6618
f 1141/6619 1143/6620 1142/6621
f 1143/6622 1145/6623 1144/6624
f 1145/6625 1147/6626 1146/6627
f 1147/6628 1149/6629 1148/6630
f 1150/6631 1149/6632 1152/6633
f 1153/6634 1154/6635 1151/6636
f 1154/6637 1153/6638 1156/6639
f 1157/6640 1158/6641 1155/6642
f 1159/6643 1160/6644 1157/6645
f 1159/6646 1161/6647 1160/6648
f 1161/6649 1163/6650 1162/6651
f 1165/6652 1166/6653 1163/6654
f 1165/6655 1167/6656 1166/6657
f 1169/6658 1170/6659 1167/6660
f 1169/6661 1171/6662 1170/6663
f 1173/6664 1174/6665 1171/6666
f 1173/6667 1175/6668 1174/6669
f 1175/6670 1177/6671 1176/6672
f 1179/6673 1180/6674 1177/6675
f 1179/6676 1181/6677 1180/6678
f 1183/6679 1184/6680 1181/6681
f 1185/6682 1186/6683 1183/6684
f 1187/6685 1188/6686 1185/6687
f 1187/6688 1125/6689 1188/6690
f 1192/6691 1189/6692 1191/6693
f 1190/6694 1193/6695 1191/6696
f 1195/6697 1196/6698 1193/6699
f 1195/6700 1197/6701 1196/6702
f 1197/6703 1199/6704 1198/6705
f 1199/6706 1201/6707 1200/6708
f 1203/6709 1204/6710 1201/6711
f 1204/6712 1203/6713 1206/6714
f 1206/6715 1205/6716 1208/6717
f 1209/6718 1210/6719 1212/6720
f 1209/6721 1213/6722 1210/6723
f 1215/6724 1216/6725 1213/6726
f 1216/6727 1215/6728 1218/6729
f 1217/6730 1219/6731 1218/6732
f 1219/6733 1221/6734 1220/6735
f 1226/6736 1223/6737 1225/6738
f 1227/6739 1228/6740 1223/6741
f 1229/6742 1230/6743 1227/6744
f 1231/6745 1232/6746 1229/6747
f 1233/6748 1234/6749 1231/6750
f 1235/6751 1236/6752 1233/6753
f 1237/6754 1238/6755 1235/6756
f 1237/6757 1239/6758 1238/6759
f 1241/6760 1242/6761 1239/6762
f 1241/6763 1243/6764 1242/6765
f 1244/6766 1243/6767 1246/6768
f 1247/6769 1248/6770 1245/6771
f 1247/6772 1249/6773 1248/6774
f 1249/6775 1251/6776 1250/6777
f 1251/6778 1253/6779 1252/6780
f 1253/6781 1255/6782 1254/6783
f 1256/6784 1255/6785 1192/6786
f 15/6787 1257/6788 78/6789
f 78/6790 1258/6791 76/6792
f 76/6793 1259/6794 74/6795
f 1260/6796 1261/6797 74/6798
f 72/6799 1261/6800 70/6801
f 70/6802 1262/6803 68/6804
f 1263/6805 1264/6806 68/6807
f 66/6808 1264/6809 64/6810
f 1265/6811 1266/6812 64/6813
f 1266/6814 1267/6815 62/6816
f 60/6817 1267/6818 58/6819
f 1268/6820 1269/6821 58/6822
f 56/6823 1269/6824 54/6825
f 1270/6826 1271/6827 54/6828
f 1271/6829 1272/6830 52/6831
f 50/6832 1272/6833 48/6834
f 48/6835 1273/6836 46/6837
f 46/6838 1274/6839 44/6840
f 44/6841 1275/6842 42/6843
f 42/6844 1276/6845 40/6846
f 40/6847 1277/6848 38/6849
f 38/6850 1278/6851 36/6852
f 36/6853 1279/6854 34/6855
f 34/6856 1280/6857 32/6858
f 1281/6859 1282/6860 32/6861
f 30/6862 1282/6863 28/6864
f 1283/6865 1284/6866 28/6867
f 26/6868 1284/6869 24/6870
f 24/6871 1285/6872 22/6873
f 1286/6874 1287/6875 22/6876
f 20/6877 1287/6878 18/6879
f 18/6880 1288/6881 15/6882
f 1289/6883 1290/6884 1292/6885
f 1290/6886 1293/6887 1291/6888
f 1294/6889 1293/6890 1296/6891
f 1295/6892 1297/6893 1296/6894
f 1298/6895 1297/6896 1300/6897
f 1299/6898 1301/6899 1300/6900
f 1302/6901 1301/6902 1304/6903
f 1304/6904 1303/6905 1306/6906
f 1309/6907 1308/6908 1303/6909
f 1301/6910 1310/6911 1303/6912
f 1311/6913 1310/6914 1299/6915
f 1297/6916 1312/6917 1299/6918
f 1295/6919 1313/6920 1297/6921
f 1293/6922 1314/6923 1295/6924
f 1290/6925 1315/6926 1293/6927
f 1289/6928 1316/6929 1290/6930
f 1316/6931 1317/6932 1315/6933
f 1315/6934 1318/6935 1314/6936
f 1319/6937 1320/6938 1314/6939
f 1313/6940 1320/6941 1312/6942
f 1321/6943 1322/6944 1312/6945
f 1322/6946 1323/6947 1311/6948
f 1310/6949 1323/6950 1309/6951
f 1324/6952 1325/6953 1309/6954
f 1327/6955 1326/6956 1324/6957
f 1328/6958 1327/6959 1323/6960
f 1322/6961 1329/6962 1323/6963
f 1321/6964 1330/6965 1322/6966
f 1320/6967 1331/6968 1321/6969
f 1332/6970 1331/6971 1319/6972
f 1333/6973 1332/6974 1318/6975
f 1334/6976 1333/6977 1317/6978
f 1335/6979 1336/6980 1334/6981
f 1333/6982 1336/6983 1332/6984
f 1332/6985 1337/6986 1331/6987
f 1338/6988 1339/6989 1331/6990
f 1330/6991 1339/6992 1329/6993
f 1340/6994 1341/6995 1329/6996
f 1328/6997 1341/6998 1327/6999
f 1327/7000 1342/7001 1326/7002
f 1342/7003 1345/7004 1343/7005
f 1341/7006 1346/7007 1342/7008
f 1340/7009 1347/7010 1341/7011
f 1339/7012 1348/7013 1340/7014
f 1349/7015 1348/7016 1338/7017
f 1337/7018 1350/7019 1338/7020
f 1336/7021 1351/7022 1337/7023
f 1335/7024 1352/7025 1336/7026
f 1352/7027 1353/7028 1351/7029
f 1354/7030 1355/7031 1351/7032
f 1350/7033 1355/7034 1349/7035
f 1356/7036 1357/7037 1349/7038
f 1348/7039 1357/7040 1347/7041
f 1358/7042 1359/7043 1347/7044
f 1359/7045 1360/7046 1346/7047
f 1360/7048 1361/7049 1345/7050
f 1360/7051 1363/7052 1361/7053
f 1364/7054 1363/7055 1359/7056
f 1358/7057 1365/7058 1359/7059
f 1357/7060 1366/7061 1358/7062
f 1367/7063 1366/7064 1356/7065
f 1355/7066 1368/7067 1356/7068
f 1369/7069 1368/7070 1354/7071
f 1353/7072 1370/7073 1354/7074
f 1370/7075 1371/7076 1369/7077
f 1372/7078 1373/7079 1369/7080
f 1368/7081 1373/7082 1367/7083
f 1367/7084 1374/7085 1366/7086
f 1375/7087 1376/7088 1366/7089
f 1365/7090 1376/7091 1364/7092
f 1377/7093 1378/7094 1364/7095
f 1378/7096 1379/7097 1363/7098
f 1378/7099 1381/7100 1379/7101
f 1382/7102 1381/7103 1377/7104
f 1376/7105 1383/7106 1377/7107
f 1384/7108 1383/7109 1375/7110
f 1374/7111 1385/7112 1375/7113
f 1373/7114 1386/7115 1374/7116
f 1387/7117 1386/7118 1372/7119
f 1371/7120 1388/7121 1372/7122
f 1388/7123 1389/7124 1387/7125
f 1390/7126 1391/7127 1387/7128
f 1386/7129 1391/7130 1385/7131
f 1385/7132 1392/7133 1384/7134
f 1384/7135 1393/7136 1383/7137
f 1383/7138 1394/7139 1382/7140
f 1395/7141 1396/7142 1382/7143
f 1396/7144 1397/7145 1381/7146
f 1396/7147 1399/7148 1397/7149
f 1395/7150 1400/7151 1396/7152
f 1394/7153 1401/7154 1395/7155
f 1393/7156 1402/7157 1394/7158
f 1392/7159 1403/7160 1393/7161
f 1404/7162 1403/7163 1391/7164
f 1405/7165 1404/7166 1390/7167
f 1389/7168 1406/7169 1390/7170
f 1406/7171 1407/7172 1405/7173
f 1405/7174 1408/7175 1404/7176
f 1409/7177 1410/7178 1404/7179
f 1403/7180 1410/7181 1402/7182
f 1411/7183 1412/7184 1402/7185
f 1412/7186 1413/7187 1401/7188
f 1413/7189 1414/7190 1400/7191
f 1414/7192 1415/7193 1399/7194
f 1414/7195 1417/7196 1415/7197
f 1418/7198 1417/7199 1413/7200
f 1419/7201 1418/7202 1412/7203
f 1411/7204 1420/7205 1412/7206
f 1421/7207 1420/7208 1410/7209
f 1409/7210 1422/7211 1410/7212
f 1423/7213 1422/7214 1408/7215
f 1407/7216 1424/7217 1408/7218
f 1424/7219 1425/7220 1423/7221
f 1426/7222 1427/7223 1423/7224
f 1427/7225 1428/7226 1422/7227
f 1421/7228 1428/7229 1420/7230
f 1429/7231 1430/7232 1420/7233
f 1419/7234 1430/7235 1418/7236
f 1431/7237 1432/7238 1418/7239
f 1417/7240 1432/7241 1416/7242
f 1304/7243 1306/7244 1432/7245
f 1302/7246 1304/7247 1431/7248
f 1430/7249 1300/7250 1431/7251
f 1429/7252 1298/7253 1430/7254
f 1296/7255 1298/7256 1428/7257
f 1294/7258 1296/7259 1427/7260
f 1426/7261 1291/7262 1427/7263
f 1292/7264 1291/7265 1425/7266
f 1434/7267 1435/7268 1437/7269
f 1438/7270 1439/7271 1434/7272
f 1439/7273 1438/7274 1441/7275
f 1441/7276 1440/7277 1443/7278
f 1443/7279 1442/7280 1445/7281
f 1445/7282 1444/7283 1447/7284
f 1447/7285 1446/7286 1449/7287
f 1449/7288 1448/7289 1451/7290
f 1451/7291 1450/7292 1453/7293
f 1453/7294 1452/7295 1455/7296
f 1457/7297 1455/7298 1456/7299
f 1459/7300 1457/7301 1458/7302
f 1461/7303 1459/7304 1460/7305
f 1463/7306 1461/7307 1462/7308
f 1465/7309 1463/7310 1464/7311
f 1465/7312 1464/7313 1467/7314
f 1467/7315 1466/7316 1469/7317
f 1469/7318 1468/7319 1471/7320
f 1471/7321 1470/7322 1473/7323
f 1473/7324 1472/7325 1475/7326
f 1477/7327 1475/7328 1476/7329
f 1479/7330 1477/7331 1478/7332
f 1479/7333 1478/7334 1481/7335
f 1483/7336 1481/7337 1482/7338
f 1484/7339 1485/7340 1487/7341
f 1489/7342 1483/7343 1488/7344
f 1493/7345 1490/7346 1492/7347
f 1494/7348 1484/7349 1495/7350
f 1492/7351 1491/7352 1497/7353
f 1498/7354 1494/7355 1499/7356
f 1496/7357 1500/7358 1497/7359
f 1503/7360 1502/7361 1499/7362
f 1501/7363 1500/7364 1505/7365
f 1506/7366 1502/7367 1507/7368
f 1504/7369 1508/7370 1505/7371
f 1511/7372 1510/7373 1507/7374
f 1509/7375 1508/7376 1513/7377
f 1514/7378 1510/7379 1515/7380
f 1512/7381 1516/7382 1513/7383
f 1519/7384 1518/7385 1515/7386
f 1517/7387 1516/7388 1521/7389
f 1523/7390 1522/7391 1519/7392
f 1521/7393 1520/7394 1525/7395
f 1527/7396 1526/7397 1523/7398
f 1525/7399 1524/7400 1529/7401
f 1530/7402 1526/7403 1531/7404
f 1528/7405 1532/7406 1529/7407
f 1534/7408 1530/7409 1535/7410
f 1532/7411 1536/7412 1533/7413
f 1539/7414 1538/7415 1535/7416
f 1536/7417 1540/7418 1537/7419
f 1543/7420 1542/7421 1539/7422
f 1541/7423 1540/7424 1545/7425
f 1547/7426 1546/7427 1543/7428
f 1545/7429 1544/7430 1549/7431
f 1551/7432 1550/7433 1547/7434
f 1549/7435 1548/7436 1553/7437
f 1555/7438 1554/7439 1551/7440
f 1552/7441 1556/7442 1553/7443
f 1558/7444 1554/7445 1559/7446
f 1556/7447 1560/7448 1557/7449
f 1563/7450 1562/7451 1559/7452
f 1561/7453 1560/7454 1565/7455
f 1567/7456 1566/7457 1563/7458
f 1564/7459 1568/7460 1565/7461
f 1570/7462 1566/7463 1571/7464
f 1568/7465 1572/7466 1569/7467
f 1575/7468 1574/7469 1571/7470
f 1573/7471 1572/7472 1577/7473
f 1578/7474 1574/7475 1579/7476
f 1580/7477 1577/7478 1581/7479
f 1583/7480 1582/7481 1579/7482
f 1580/7483 1581/7484 1585/7485
f 1584/7486 1582/7487 1585/7488
f 1589/7489 1586/7490 1588/7491
f 1590/7492 1586/7493 1591/7494
f 1592/7495 1590/7496 1593/7497
f 1594/7498 1595/7499 1597/7500
f 1598/7501 1592/7502 1599/7503
f 1595/7504 1600/7505 1596/7506
f 1602/7507 1598/7508 1603/7509
f 1600/7510 1604/7511 1601/7512
f 1607/7513 1606/7514 1603/7515
f 1605/7516 1604/7517 1609/7518
f 1610/7519 1606/7520 1611/7521
f 1608/7522 1612/7523 1609/7524
f 1614/7525 1610/7526 1615/7527
f 1613/7528 1612/7529 1617/7530
f 1619/7531 1618/7532 1615/7533
f 1617/7534 1616/7535 1621/7536
f 1623/7537 1622/7538 1619/7539
f 1621/7540 1620/7541 1625/7542
f 1626/7543 1622/7544 1627/7545
f 1624/7546 1628/7547 1625/7548
f 1630/7549 1626/7550 1631/7551
f 1628/7552 1632/7553 1629/7554
f 1634/7555 1630/7556 1635/7557
f 1632/7558 1636/7559 1633/7560
f 1638/7561 1634/7562 1639/7563
f 1636/7564 1640/7565 1637/7566
f 1643/7567 1642/7568 1639/7569
f 1640/7570 1644/7571 1641/7572
f 1647/7573 1646/7574 1643/7575
f 1644/7576 1648/7577 1645/7578
f 1651/7579 1650/7580 1647/7581
f 1648/7582 1652/7583 1649/7584
f 1655/7585 1654/7586 1651/7587
f 1652/7588 1656/7589 1653/7590
f 1659/7591 1658/7592 1655/7593
f 1661/7594 1489/7595 1660/7596
f 1656/7597 1662/7598 1657/7599
f 1657/7600 1663/7601 1665/7602
f 1667/7603 1661/7604 1666/7605
f 1669/7606 1659/7607 1668/7608
f 1653/7609 1657/7610 1670/7611
f 1668/7612 1655/7613 1671/7614
f 1649/7615 1653/7616 1672/7617
f 1671/7618 1651/7619 1673/7620
f 1645/7621 1649/7622 1674/7623
f 1673/7624 1647/7625 1675/7626
f 1641/7627 1645/7628 1676/7629
f 1643/7630 1639/7631 1675/7632
f 1637/7633 1641/7634 1678/7635
f 1639/7636 1635/7637 1677/7638
f 1633/7639 1637/7640 1680/7641
f 1635/7642 1631/7643 1679/7644
f 1629/7645 1633/7646 1682/7647
f 1631/7648 1627/7649 1681/7650
f 1625/7651 1629/7652 1684/7653
f 1627/7654 1623/7655 1683/7656
f 1621/7657 1625/7658 1686/7659
f 1623/7660 1619/7661 1685/7662
f 1688/7663 1617/7664 1686/7665
f 1619/7666 1615/7667 1687/7668
f 1690/7669 1613/7670 1688/7671
f 1689/7672 1615/7673 1691/7674
f 1692/7675 1609/7676 1690/7677
f 1691/7678 1611/7679 1693/7680
f 1694/7681 1605/7682 1692/7683
f 1607/7684 1603/7685 1693/7686
f 1696/7687 1601/7688 1694/7689
f 1603/7690 1599/7691 1695/7692
f 1698/7693 1596/7694 1696/7695
f 1599/7696 1593/7697 1697/7698
f 1700/7699 1597/7700 1698/7701
f 1593/7702 1591/7703 1699/7704
f 1591/7705 1589/7706 1701/7707
f 1589/7708 1588/7709 1702/7710
f 1704/7711 1705/7712 1707/7713
f 1704/7714 1707/7715 1709/7716
f 1709/7717 1708/7718 1711/7719
f 1711/7720 1710/7721 1713/7722
f 1713/7723 1712/7724 1715/7725
f 1717/7726 1701/7727 1716/7728
f 1719/7729 1717/7730 1718/7731
f 1721/7732 1719/7733 1720/7734
f 1723/7735 1721/7736 1722/7737
f 1720/7738 1718/7739 1725/7740
f 1725/7741 1724/7742 1727/7743
f 1711/7744 1713/7745 1726/7746
f 1718/7747 1716/7748 1724/7749
f 1702/7750 1729/7751 1716/7752
f 1732/7753 1711/7754 1731/7755
f 1730/7756 1709/7757 1732/7758
f 1724/7759 1728/7760 1726/7761
f 1697/7762 1699/7763 1734/7764
f 1736/7765 1734/7766 1735/7767
f 1738/7768 1736/7769 1737/7770
f 1733/7771 1699/7772 1717/7773
f 1717/7774 1719/7775 1733/7776
f 1719/7777 1721/7778 1735/7779
f 1740/7780 1738/7781 1739/7782
f 1721/7783 1723/7784 1737/7785
f 1715/7786 1714/7787 1742/7788
f 1742/7789 1741/7790 1744/7791
f 1744/7792 1743/7793 1746/7794
f 1748/7795 1746/7796 1747/7797
f 1748/7798 1747/7799 1750/7800
f 1750/7801 1749/7802 1752/7803
f 1727/7804 1715/7805 1725/7806
f 1722/7807 1720/7808 1753/7809
f 1715/7810 1742/7811 1753/7812
f 1744/7813 1746/7814 1756/7815
f 1754/7816 1742/7817 1756/7818
f 1755/7819 1723/7820 1756/7821
f 1758/7822 1740/7823 1757/7824
f 1757/7825 1739/7826 1755/7827
f 1756/7828 1722/7829 1754/7830
f 1760/7831 1693/7832 1759/7833
f 1762/7834 1760/7835 1761/7836
f 1764/7837 1762/7838 1763/7839
f 1766/7840 1764/7841 1765/7842
f 1768/7843 1766/7844 1767/7845
f 1760/7846 1762/7847 1770/7848
f 1762/7849 1764/7850 1769/7851
f 1764/7852 1766/7853 1771/7854
f 1766/7855 1768/7856 1772/7857
f 1770/7858 1769/7859 1775/7860
f 1769/7861 1771/7862 1774/7863
f 1771/7864 1772/7865 1776/7866
f 1772/7867 1773/7868 1777/7869
f 1775/7870 1774/7871 1780/7872
f 1774/7873 1776/7874 1779/7875
f 1776/7876 1777/7877 1781/7878
f 1777/7879 1778/7880 1782/7881
f 1695/7882 1697/7883 1759/7884
f 1734/7885 1736/7886 1759/7887
f 1736/7888 1738/7889 1761/7890
f 1770/7891 1691/7892 1760/7893
f 1775/7894 1689/7895 1770/7896
f 1780/7897 1687/7898 1775/7899
f 1738/7900 1740/7901 1763/7902
f 1740/7903 1758/7904 1765/7905
f 1679/7906 1681/7907 1785/7908
f 1681/7909 1683/7910 1784/7911
f 1787/7912 1685/7913 1779/7914
f 1683/7915 1685/7916 1786/7917
f 1785/7918 1784/7919 1789/7920
f 1784/7921 1786/7922 1788/7923
f 1792/7924 1785/7925 1791/7926
f 1665/7927 1664/7928 1794/7929
f 1796/7930 1667/7931 1795/7932
f 1798/7933 1669/7934 1797/7935
f 1670/7936 1665/7937 1799/7938
f 1797/7939 1668/7940 1800/7941
f 1672/7942 1670/7943 1801/7944
f 1800/7945 1671/7946 1802/7947
f 1674/7948 1672/7949 1803/7950
f 1802/7951 1673/7952 1804/7953
f 1676/7954 1674/7955 1805/7956
f 1675/7957 1677/7958 1804/7959
f 1794/7960 1793/7961 1807/7962
f 1793/7963 1798/7964 1806/7965
f 1798/7966 1797/7967 1808/7968
f 1799/7969 1794/7970 1810/7971
f 1797/7972 1800/7973 1809/7974
f 1801/7975 1799/7976 1812/7977
f 1800/7978 1802/7979 1811/7980
f 1803/7981 1801/7982 1814/7983
f 1802/7984 1804/7985 1813/7986
f 1805/7987 1803/7988 1816/7989
f 1804/7990 1792/7991 1815/7992
f 1677/7993 1679/7994 1792/7995
f 1818/7996 1805/7997 1817/7998
f 1678/7999 1676/8000 1818/8001
f 1820/8002 1690/8003 1819/8004
f 1821/8005 1692/8006 1820/8007
f 1822/8008 1694/8009 1821/8010
f 1823/8011 1696/8012 1822/8013
f 1824/8014 1698/8015 1823/8016
f 1826/8017 1820/8018 1825/8019
f 1821/8020 1820/8021 1827/8022
f 1822/8023 1821/8024 1828/8025
f 1823/8026 1822/8027 1829/8028
f 1824/8029 1823/8030 1830/8031
f 1826/8032 1825/8033 1832/8034
f 1827/8035 1826/8036 1833/8037
f 1828/8038 1827/8039 1834/8040
f 1829/8041 1828/8042 1835/8043
f 1830/8044 1829/8045 1836/8046
f 1837/8047 1830/8048 1838/8049
f 1832/8050 1831/8051 1840/8052
f 1833/8053 1832/8054 1841/8055
f 1834/8056 1833/8057 1842/8058
f 1835/8059 1834/8060 1843/8061
f 1836/8062 1835/8063 1844/8064
f 1838/8065 1836/8066 1845/8067
f 1849/8068 1846/8069 1848/8070
f 1705/8071 1847/8072 1706/8073
f 1851/8074 1849/8075 1850/8076
f 1853/8077 1851/8078 1852/8079
f 1855/8080 1853/8081 1854/8082
f 1857/8083 1855/8084 1856/8085
f 1859/8086 1857/8087 1858/8088
f 1861/8089 1859/8090 1860/8091
f 1861/8092 1860/8093 1862/8094
f 1864/8095 1850/8096 1863/8097
f 1865/8098 1852/8099 1864/8100
f 1866/8101 1854/8102 1865/8103
f 1867/8104 1856/8105 1866/8106
f 1869/8107 1837/8108 1868/8109
f 1870/8110 1698/8111 1871/8112
f 1871/8113 1824/8114 1837/8115
f 1872/8116 1873/8117 1875/8118
f 1870/8119 1871/8120 1872/8121
f 1875/8122 1874/8123 1867/8124
f 1837/8125 1869/8126 1871/8127
f 1862/8128 1845/8129 1876/8130
f 1876/8131 1844/8132 1877/8133
f 1877/8134 1843/8135 1878/8136
f 1878/8137 1842/8138 1879/8139
f 1879/8140 1841/8141 1880/8142
f 1880/8143 1840/8144 1881/8145
f 1868/8146 1838/8147 1860/8148
f 1883/8149 1825/8150 1882/8151
f 1884/8152 1831/8153 1883/8154
f 1886/8155 1881/8156 1885/8157
f 1885/8158 1839/8159 1884/8160
f 1688/8161 1686/8162 1819/8163
f 1888/8164 1818/8165 1887/8166
f 1890/8167 1888/8168 1889/8169
f 1892/8170 1890/8171 1891/8172
f 1680/8173 1678/8174 1888/8175
f 1682/8176 1680/8177 1890/8178
f 1884/8179 1892/8180 1885/8181
f 1883/8182 1893/8183 1884/8184
f 1882/8185 1684/8186 1883/8187
f 1890/8188 1893/8189 1682/8190
f 1874/8191 1869/8192 1858/8193
f 1895/8194 1752/8195 1894/8196
f 1768/8197 1895/8198 1896/8199
f 1768/8200 1896/8201 1773/8202
f 1778/8203 1773/8204 1898/8205
f 1783/8206 1778/8207 1899/8208
f 1901/8209 1783/8210 1900/8211
f 1790/8212 1901/8213 1902/8214
f 1790/8215 1902/8216 1788/8217
f 1789/8218 1788/8219 1904/8220
f 1789/8221 1904/8222 1791/8223
f 1791/8224 1905/8225 1815/8226
f 1813/8227 1815/8228 1907/8229
f 1813/8230 1907/8231 1811/8232
f 1809/8233 1811/8234 1909/8235
f 1755/8236 1746/8237 1757/8238
f 1757/8239 1748/8240 1758/8241
f 1758/8242 1750/8243 1767/8244
f 1779/8245 1781/8246 1787/8247
f 1790/8248 1786/8249 1910/8250
f 1781/8251 1782/8252 1910/8253
f 1886/8254 1885/8255 1911/8256
f 1891/8257 1889/8258 1911/8259
f 1889/8260 1887/8261 1912/8262
f 1814/8263 1914/8264 1816/8265
f 1812/8266 1810/8267 1917/8268
f 1919/8269 1918/8270 1916/8271
f 1921/8272 1807/8273 1920/8274
f 1916/8275 1810/8276 1921/8277
f 1923/8278 1921/8279 1922/8280
f 1919/8281 1916/8282 1923/8283
f 1924/8284 1925/8285 1927/8286
f 1928/8287 1929/8288 1931/8289
f 1925/8290 1928/8291 1926/8292
f 1932/8293 1933/8294 1935/8295
f 1929/8296 1932/8297 1930/8298
f 1936/8299 1937/8300 1939/8301
f 1933/8302 1940/8303 1934/8304
f 1940/8305 1942/8306 1941/8307
f 1942/8308 1936/8309 1943/8310
f 1947/8311 1944/8312 1946/8313
f 1951/8314 1948/8315 1950/8316
f 1950/8317 1949/8318 1947/8319
f 1953/8320 1952/8321 1951/8322
f 1946/8323 1945/8324 1955/8325
f 1955/8326 1954/8327 1957/8328
f 1938/8329 1937/8330 1959/8331
f 1959/8332 1958/8333 1953/8334
f 1957/8335 1956/8336 1961/8337
f 1962/8338 1924/8339 1963/8340
f 1964/8341 1962/8342 1965/8343
f 1961/8344 1960/8345 1967/8346
f 1968/8347 1969/8348 1971/8349
f 1972/8350 1968/8351 1973/8352
f 1970/8353 1969/8354 1975/8355
f 1976/8356 1972/8357 1977/8358
f 1975/8359 1974/8360 1979/8361
f 1980/8362 1976/8363 1981/8364
f 1979/8365 1978/8366 1983/8367
f 1984/8368 1980/8369 1985/8370
f 1983/8371 1982/8372 1987/8373
f 1988/8374 1984/8375 1989/8376
f 1987/8377 1986/8378 1991/8379
f 1991/8380 1990/8381 1993/8382
f 1993/8383 1992/8384 1995/8385
f 1996/8386 1997/8387 1999/8388
f 1999/8389 1998/8390 2001/8391
f 2001/8392 2000/8393 2003/8394
f 2005/8395 2003/8396 2004/8397
f 2006/8398 2007/8399 2009/8400
f 2014/8401 2011/8402 2013/8403
f 2014/8404 2013/8405 2017/8406
f 2017/8407 2016/8408 2019/8409
f 2021/8410 2022/8411 2023/8412
f 2020/8413 2024/8414 2023/8415
f 2022/8416 2025/8417 2010/8418
f 2026/8419 2024/8420 2018/8421
f 2009/8422 2025/8423 2006/8424
f 2028/8425 2026/8426 2016/8427
f 2027/8428 2029/8429 2006/8430
f 2013/8431 2030/8432 2016/8433
f 2029/8434 2031/8435 2005/8436
f 2032/8437 2030/8438 2015/8439
f 2003/8440 2031/8441 2001/8442
f 2001/8443 2033/8444 1999/8445
f 1999/8446 2034/8447 1996/8448
f 2036/8449 2037/8450 2034/8451
f 2033/8452 2038/8453 2034/8454
f 2031/8455 2039/8456 2033/8457
f 2032/8458 2040/8459 2030/8460
f 2042/8461 2039/8462 2029/8463
f 2030/8464 2041/8465 2028/8466
f 2044/8467 2042/8468 2027/8469
f 2043/8470 2045/8471 2028/8472
f 2025/8473 2046/8474 2027/8475
f 2045/8476 2047/8477 2026/8478
f 2048/8479 2046/8480 2022/8481
f 2024/8482 2047/8483 2021/8484
f 2021/8485 2049/8486 2022/8487
f 2053/8488 2050/8489 2052/8490
f 2052/8491 2051/8492 2055/8493
f 2053/8494 2052/8495 2057/8496
f 2052/8497 2055/8498 2056/8499
f 1880/8500 1881/8501 2060/8502
f 2054/8503 1879/8504 2060/8505
f 1897/8506 2061/8507 1898/8508
f 1749/8509 2058/8510 1751/8511
f 1894/8512 1751/8513 1897/8514
f 2066/8515 2063/8516 2065/8517
f 2063/8518 2067/8519 2064/8520
f 2067/8521 2069/8522 2068/8523
f 2069/8524 2071/8525 2070/8526
f 2071/8527 2073/8528 2072/8529
f 2073/8530 2075/8531 2074/8532
f 2077/8533 2078/8534 2075/8535
f 2079/8536 2080/8537 2077/8538
f 2081/8539 2082/8540 2084/8541
f 2085/8542 2086/8543 2081/8544
f 2087/8545 2088/8546 2085/8547
f 2089/8548 2090/8549 2087/8550
f 2091/8551 2092/8552 2089/8553
f 2091/8554 2093/8555 2092/8556
f 2093/8557 2066/8558 2094/8559
f 2080/8560 2079/8561 2083/8562
f 1922/8563 2095/8564 1923/8565
f 2095/8566 2097/8567 2096/8568
f 2100/8569 1919/8570 2099/8571
f 2104/8572 2099/8573 2103/8574
f 2103/8575 2102/8576 2106/8577
f 1922/8578 1920/8579 2108/8580
f 1922/8581 2108/8582 2095/8583
f 2095/8584 2109/8585 2097/8586
f 1806/8587 1808/8588 1920/8589
f 1808/8590 1809/8591 2107/8592
f 1909/8593 2111/8594 2107/8595
f 2116/8596 2113/8597 2115/8598
f 2113/8599 2117/8600 2114/8601
f 2109/8602 2113/8603 2110/8604
f 2109/8605 2112/8606 2113/8607
f 2096/8608 2098/8609 2102/8610
f 1907/8611 2119/8612 1908/8613
f 1906/8614 2120/8615 1907/8616
f 1906/8617 1905/8618 2120/8619
f 1904/8620 2122/8621 1905/8622
f 1904/8623 1903/8624 2122/8625
f 1902/8626 2124/8627 1903/8628
f 1900/8629 2125/8630 1902/8631
f 2059/8632 2126/8633 2128/8634
f 2062/8635 2129/8636 2131/8637
f 1881/8638 1886/8639 2059/8640
f 1898/8641 2062/8642 1899/8643
f 2132/8644 2133/8645 2098/8646
f 2132/8647 2110/8648 2133/8649
f 2134/8650 2133/8651 2137/8652
f 2135/8653 2138/8654 2133/8655
f 2110/8656 2116/8657 2135/8658
f 2138/8659 2135/8660 2139/8661
f 2098/8662 2134/8663 2105/8664
f 2143/8665 2134/8666 2144/8667
f 2127/8668 2126/8669 2146/8670
f 2146/8671 2145/8672 2148/8673
f 2148/8674 2147/8675 2150/8676
f 2150/8677 2149/8678 2152/8679
f 2154/8680 2125/8681 2155/8682
f 2155/8683 2153/8684 2130/8685
f 2130/8686 2156/8687 2155/8688
f 2155/8689 2157/8690 2154/8691
f 2153/8692 1900/8693 2131/8694
f 2146/8695 2159/8696 2127/8697
f 2148/8698 2161/8699 2146/8700
f 2150/8701 2162/8702 2148/8703
f 2152/8704 2163/8705 2150/8706
f 2154/8707 2158/8708 2165/8709
f 2125/8710 2154/8711 2166/8712
f 2166/8713 2165/8714 2168/8715
f 2168/8716 2167/8717 2170/8718
f 2170/8719 2169/8720 2172/8721
f 2151/8722 2173/8723 2152/8724
f 2152/8725 2174/8726 2163/8727
f 2174/8728 2173/8729 2177/8730
f 2175/8731 2174/8732 2178/8733
f 2177/8734 2176/8735 2180/8736
f 2178/8737 2177/8738 2181/8739
f 2180/8740 2179/8741 2183/8742
f 2181/8743 2180/8744 2184/8745
f 2183/8746 2182/8747 2186/8748
f 2184/8749 2183/8750 2187/8751
f 2186/8752 2185/8753 2189/8754
f 2186/8755 2189/8756 2187/8757
f 2188/8758 2191/8759 2189/8760
f 2189/8761 2192/8762 2190/8763
f 2151/8764 2194/8765 2173/8766
f 2195/8767 2196/8768 2173/8769
f 2196/8770 2197/8771 2176/8772
f 2149/8773 2198/8774 2151/8775
f 2147/8776 2199/8777 2149/8778
f 2200/8779 1915/8780 2201/8781
f 2201/8782 1914/8783 2202/8784
f 1918/8785 1919/8786 2202/8787
f 1887/8788 1817/8789 1913/8790
f 2199/8791 1912/8792 2198/8793
f 2198/8794 1913/8795 2194/8796
f 2200/8797 2195/8798 2203/8799
f 2101/8800 2182/8801 2100/8802
f 2196/8803 2202/8804 2197/8805
f 2195/8806 2200/8807 2196/8808
f 2193/8809 2192/8810 2205/8811
f 2206/8812 2199/8813 2145/8814
f 1886/8815 2206/8816 2126/8817
f 1912/8818 2199/8819 1911/8820
f 2170/8821 2172/8822 2208/8823
f 2209/8824 2123/8825 2166/8826
f 2208/8827 2122/8828 2209/8829
f 2168/8830 2170/8831 2209/8832
f 2207/8833 2121/8834 2208/8835
f 1909/8836 2119/8837 2111/8838
f 1814/8839 1812/8840 1914/8841
f 1817/8842 1816/8843 2203/8844
f 2214/8845 2211/8846 2213/8847
f 2214/8848 2213/8849 2216/8850
f 2218/8851 2216/8852 2217/8853
f 2212/8854 2219/8855 2213/8856
f 2215/8857 2213/8858 2221/8859
f 2215/8860 2221/8861 2217/8862
f 2207/8863 2172/8864 2223/8865
f 2219/8866 2224/8867 2220/8868
f 2222/8869 2221/8870 2227/8871
f 2220/8872 2228/8873 2221/8874
f 2232/8875 2229/8876 2231/8877
f 2232/8878 2231/8879 2234/8880
f 2238/8881 2235/8882 2237/8883
f 2235/8884 2239/8885 2236/8886
f 2058/8887 2241/8888 2061/8889
f 2061/8890 2242/8891 2062/8892
f 2247/8893 2244/8894 2246/8895
f 2251/8896 2248/8897 2250/8898
f 2252/8899 2253/8900 2255/8901
f 2256/8902 2257/8903 2259/8904
f 2260/8905 2261/8906 2263/8907
f 2267/8908 2264/8909 2266/8910
f 2268/8911 2269/8912 2264/8913
f 2270/8914 2271/8915 2273/8916
f 2277/8917 2274/8918 2276/8919
f 2278/8920 2279/8921 2274/8922
f 2280/8923 2281/8924 2278/8925
f 2282/8926 2283/8927 2280/8928
f 2285/8929 2267/8930 2284/8931
f 2289/8932 2286/8933 2288/8934
f 2293/8935 2290/8936 2292/8937
f 2295/8938 2293/8939 2294/8940
f 2297/8941 2295/8942 2296/8943
f 2298/8944 2299/8945 2282/8946
f 2300/8947 2301/8948 2298/8949
f 2302/8950 2303/8951 2300/8952
f 2304/8953 2305/8954 2302/8955
f 2306/8956 2307/8957 2304/8958
f 2308/8959 2309/8960 2306/8961
f 2310/8962 2311/8963 2308/8964
f 2216/8965 2312/8966 2214/8967
f 2315/8968 2297/8969 2314/8970
f 2310/8971 2316/8972 2311/8973
f 2004/8974 2318/8975 2005/8976
f 2320/8977 1706/8978 2319/8979
f 2322/8980 2320/8981 2321/8982
f 2323/8983 1707/8984 2320/8985
f 2324/8986 2323/8987 2322/8988
f 2325/8989 1708/8990 2323/8991
f 2326/8992 2325/8993 2324/8994
f 1741/8995 1714/8996 2328/8997
f 2328/8998 2327/8999 2330/9000
f 1743/9001 1741/9002 2331/9003
f 2332/9004 2331/9005 2330/9006
f 1745/9007 1743/9008 2333/9009
f 2334/9010 2333/9011 2332/9012
f 2336/9013 1712/9014 2335/9015
f 2329/9016 2336/9017 2326/9018
f 1714/9019 1712/9020 2327/9021
f 2335/9022 1710/9023 2325/9024
f 1859/9025 1861/9026 2338/9027
f 2338/9028 2337/9029 2340/9030
f 1861/9031 1862/9032 2337/9033
f 2337/9034 2341/9035 2339/9036
f 2341/9037 1862/9038 2343/9039
f 2341/9040 2343/9041 2342/9042
f 1846/9043 1849/9044 2319/9045
f 2319/9046 2345/9047 2321/9048
f 1853/9049 1855/9050 2348/9051
f 2348/9052 2347/9053 2346/9054
f 1857/9055 1859/9056 2349/9057
f 1855/9058 1857/9059 2347/9060
f 1851/9061 1853/9062 2350/9063
f 1849/9064 1851/9065 2345/9066
f 1747/9067 1745/9068 2351/9069
f 2057/9070 2351/9071 2334/9072
f 2343/9073 1876/9074 2352/9075
f 2343/9076 2352/9077 2344/9078
f 2057/9079 2056/9080 2351/9081
f 2352/9082 1877/9083 2354/9084
f 1879/9085 2054/9086 1878/9087
f 2050/9088 2352/9089 2051/9090
f 2355/9091 2356/9092 2358/9093
f 2358/9094 2357/9095 2360/9096
f 2360/9097 2359/9098 2362/9099
f 2364/9100 2362/9101 2363/9102
f 2364/9103 2365/9104 2367/9105
f 2367/9106 2366/9107 2369/9108
f 2374/9109 2371/9110 2373/9111
f 2374/9112 2373/9113 2377/9114
f 2377/9115 2376/9116 2379/9117
f 2381/9118 2382/9119 2383/9120
f 2380/9121 2384/9122 2383/9123
f 2382/9124 2385/9125 2370/9126
f 2386/9127 2384/9128 2378/9129
f 2369/9130 2385/9131 2367/9132
f 2388/9133 2386/9134 2376/9135
f 2387/9136 2389/9137 2367/9138
f 2373/9139 2390/9140 2376/9141
f 2389/9142 2391/9143 2364/9144
f 2392/9145 2390/9146 2375/9147
f 2362/9148 2391/9149 2360/9150
f 2360/9151 2393/9152 2358/9153
f 2355/9154 2358/9155 2395/9156
f 2396/9157 2397/9158 2394/9159
f 2393/9160 2398/9161 2394/9162
f 2391/9163 2399/9164 2393/9165
f 2392/9166 2400/9167 2390/9168
f 2402/9169 2399/9170 2389/9171
f 2390/9172 2401/9173 2388/9174
f 2404/9175 2402/9176 2387/9177
f 2388/9178 2403/9179 2386/9180
f 2406/9181 2404/9182 2385/9183
f 2405/9184 2407/9185 2386/9186
f 2382/9187 2408/9188 2385/9189
f 2384/9190 2407/9191 2381/9192
f 2409/9193 2408/9194 2381/9195
f 2413/9196 2410/9197 2412/9198
f 2415/9199 2414/9200 2413/9201
f 2417/9202 2416/9203 2415/9204
f 2421/9205 2418/9206 2420/9207
f 2423/9208 2422/9209 2417/9210
f 2420/9211 2419/9212 2425/9213
f 2427/9214 2426/9215 2423/9216
f 2425/9217 2424/9218 2429/9219
f 2431/9220 2430/9221 2427/9222
f 2429/9223 2428/9224 2433/9225
f 2435/9226 2434/9227 2431/9228
f 2433/9229 2432/9230 2437/9231
f 2437/9232 2436/9233 2435/9234
f 2438/9235 2439/9236 2441/9237
f 2445/9238 2442/9239 2444/9240
f 2447/9241 2446/9242 2443/9243
f 2448/9244 2438/9245 2449/9246
f 2450/9247 2451/9248 2453/9249
f 2454/9250 2450/9251 2455/9252
f 2456/9253 2448/9254 2457/9255
f 2458/9256 2456/9257 2459/9258
f 2451/9259 2460/9260 2452/9261
f 2465/9262 2462/9263 2464/9264
f 2460/9265 2462/9266 2461/9267
f 2463/9268 2458/9269 2464/9270
f 2466/9271 2467/9272 2469/9273
f 2470/9274 2466/9275 2471/9276
f 2472/9277 2470/9278 2473/9279
f 2467/9280 2454/9281 2468/9282
f 2474/9283 2475/9284 2477/9285
f 2475/9286 2472/9287 2476/9288
f 2478/9289 2479/9290 2481/9291
f 2479/9292 2474/9293 2480/9294
f 2446/9295 2447/9296 2481/9297
f 2482/9298 2483/9299 2485/9300
f 2486/9301 2487/9302 2482/9303
f 2488/9304 2489/9305 2486/9306
f 2488/9307 2490/9308 2489/9309
f 2493/9310 2494/9311 2492/9312
f 2495/9313 2496/9314 2493/9315
f 2500/9316 2497/9317 2499/9318
f 2503/9319 2502/9320 2497/9321
f 2505/9322 2504/9323 2503/9324
f 2508/9325 2494/9326 2507/9327
f 2505/9328 2503/9329 2510/9330
f 2511/9331 2491/9332 2508/9333
f 2509/9334 2503/9335 2512/9336
f 2489/9337 2491/9338 2513/9339
f 2497/9340 2501/9341 2512/9342
f 2487/9343 2489/9344 2515/9345
f 2516/9346 2483/9347 2515/9348
f 2483/9349 2516/9350 2484/9351
f 2520/9352 2518/9353 2519/9354
f 2519/9355 2516/9356 2521/9357
f 2515/9358 2513/9359 2521/9360
f 2512/9361 2514/9362 2524/9363
f 2513/9364 2511/9365 2522/9366
f 2509/9367 2512/9368 2526/9369
f 2525/9370 2511/9371 2527/9372
f 2510/9373 2509/9374 2429/9375
f 2527/9376 2508/9377 2431/9378
f 2429/9379 2433/9380 2510/9381
f 2510/9382 2528/9383 2505/9384
f 2528/9385 2433/9386 2529/9387
f 2452/9388 2528/9389 2453/9390
f 2437/9391 2435/9392 2529/9393
f 2529/9394 2530/9395 2453/9396
f 2530/9397 2435/9398 2507/9399
f 2455/9400 2530/9401 2496/9402
f 2534/9403 2531/9404 2533/9405
