mtllib RFinger21.mtl
o RFinger21
usemtl nao_texture
v 0.02330643 -0.000404129 0.008060193
v 0.003306427 -0.000404129 0.008060184
v 0.003306427 -0.00387703 0.02775634
v 0.02330643 -0.00387703 0.02775634
v 0.03221848 0.06837288 0.02597996
v 0.03270386 0.06477959 0.03249594
v 0.03624039 0.06622879 0.03353306
v 0.03560303 0.07002502 0.02576127
v 0.03541824 0.06226334 0.03887066
v 0.03874939 0.06207031 0.03840947
v 0.04063889 0.06610031 0.03262709
v 0.00363205 0.06124344 0.0111031
v 0.003430023 0.03643455 0.006507533
v 0.008166962 0.06158936 0.009542263
v 0.02896469 0.07151985 0.02005923
v 0.02550415 0.07169884 0.01565863
v 0.0234758 0.06979584 0.01325861
v 0.01865402 0.03676056 0.005820332
v 0.01880463 0.06162422 0.01007287
v 0.01352325 0.06173798 0.009107552
v 0.006919708 0.01139969 0.01572066
v 0.006655731 0.03205276 0.01952198
v 0.005137177 0.03121231 0.02397962
v 0.005333252 0.009624863 0.01418099
v -0.005480957 0.009783249 0.01259605
v 0.004336395 0.01182846 0.00216957
v 0.005240326 0.007557449 0.02546046
v 0.004667358 0.005284577 0.03775402
v -0.005471649 0.007108154 0.027146
v 0.02070358 0.03230782 0.03014498
v 0.02205734 0.03019546 0.04169352
v 0.03170105 0.03238968 0.03046056
v 0.03414413 0.02432686 0.04851803
v 0.02526978 0.0364547 0.04895668
v 0.02631866 0.02877991 0.04969779
v 0.07863098 0.04889351 0.04138205
v 0.09291245 0.049123 0.04158548
v 0.08513337 0.06273933 0.03596656
v 0.1649477 0.05241066 0.0443902
v 0.1651054 0.04763855 0.04471019
v 0.1677451 0.05050514 0.04355909
v 0.1518727 0.06852455 0.02328116
v 0.1683273 0.06817368 0.0253289
v 0.1580807 0.07005089 0.01849286
v 0.1303145 0.06689362 0.04282334
v 0.1326073 0.06033447 0.04202347
v 0.1317171 0.06313377 0.03935398
v 0.1390048 0.03611038 0.02348397
v 0.1423978 0.03378586 0.03666682
v 0.139548 0.04501877 0.03397742
v 0.1681535 0.03185089 0.04763865
v 0.1684325 0.03684357 0.04911631
v 0.1708482 0.02433868 0.05143216
v 0.1684784 0.02520439 0.055042
v 0.1622054 0.05431396 0.04838466
v 0.09423005 -0.05652672 0.02214272
v 0.07996109 -0.05658928 0.02197009
v 0.0867743 -0.06743271 0.0120074
v 0.1535736 -0.0667186 -0.001599655
v 0.1517749 -0.06656227 -0.005074267
v 0.1597905 -0.06627258 -0.006588698
v 0.02159149 -0.03849411 0.01711096
v 0.03259415 -0.03841896 0.01743776
v 0.0229451 -0.04060654 0.02865949
v 0.01953384 -0.03404747 -0.007213469
v 0.01082077 -0.0358979 0.002249994
v 0.00431778 -0.03436745 -0.006526508
v 0.004000549 -0.03764664 0.01129646
v -0.005296478 -0.03914818 0.01879264
v -0.005301209 -0.03640831 0.003932202
v 0.02728516 -0.07002853 -0.01041416
v 0.02484131 -0.05908882 -0.01040086
v 0.02531616 -0.06905083 -0.01127694
v 0.005141907 -0.05917053 -0.01105757
v 0.009771881 -0.05881828 -0.01263337
v 0.01509689 -0.05867752 -0.01304896
v 0.02035583 -0.05879417 -0.01207456
v 0.001131134 -0.03328751 -0.01259445
v 0.00145874 -0.04953239 -0.01597092
v 0.00308609 -0.0586425 -0.01499769
v 0.005603333 -0.01200439 0.01020642
v 0.004598999 -0.009808045 -0.001814656
v -0.005210266 -0.01184723 0.008611593
v 0.005503082 -0.01407906 0.02147624
v -0.005200958 -0.01452225 0.02316154
v 0.004944 -0.01635376 0.03377091
v 0.03489151 -0.037286 0.03726057
v 0.03648331 -0.05088821 0.03004829
v 0.03601669 -0.04042412 0.04180331
v 0.1356447 -0.05822243 0.02631459
v 0.1330952 -0.06624397 0.02539551
v 0.1349052 -0.0632325 0.02232665
v 0.1659583 -0.04057808 0.03332526
v 0.1690678 -0.0407225 0.0342876
v 0.1660841 -0.03965027 0.02841147
v 0.1474362 -0.03431648 -0.001838207
v 0.1399193 -0.03642838 0.01013904
v 0.1500894 -0.03590233 0.007155562
v 0.1672307 -0.03689529 0.01278728
v 0.1750694 -0.03772049 0.0174669
v 0.1731114 -0.03526001 0.003512745
v 0.1407275 -0.04886009 0.01671289
v 0.1396539 -0.05627083 0.008171692
v 0.1401743 -0.05179886 0.01437152
v 0.1397879 -0.05401657 0.01194273
v 0.1494778 -0.05962868 -0.008085437
v 0.1474997 -0.05987083 -0.006919856
v 0.1706332 -0.04060158 0.03738036
v 0.1715921 -0.03498535 0.04052097
v 0.1692619 -0.03712753 0.04357175
v 0.1638744 -0.06228302 0.02707033
v 0.1663493 -0.05884407 0.02391086
v 0.00597992 -0.03565636 0.01167398
v 0.00749054 -0.03482193 0.007216592
v 0.00723465 -0.01416283 0.01101776
v -0.01260162 0.05360634 -0.02197447
v -0.006221924 0.06171669 -0.008104029
v 0.003713837 0.06263794 -0.01084534
v 0.0007150268 0.05465866 -0.02669732
v -0.01673981 0.0382122 -0.03307723
v -0.001143035 0.03958946 -0.03893633
v 0.0021492 0.06187027 0.008307803
v 0.007473755 0.06247322 0.006513453
v 0.01455734 0.0629438 -0.01172774
v 0.01538879 0.05506248 -0.02789331
v 0.01605362 0.04006615 -0.04033411
v 0.01367584 0.06264503 0.006008513
v 0.02526138 0.06271301 -0.009777556
v 0.02986984 0.05475647 -0.02524968
v 0.02494614 0.07304092 0.01106832
v 0.02623795 0.07434135 0.01300043
v 0.02836243 0.07488136 0.01471495
v 0.03578995 0.07428131 0.005993793
v 0.02999222 0.0745356 0.004736173
v 0.01980133 0.06251579 0.007130313
v 0.02855988 0.07333137 0.004368172
v 0.02987488 0.0631662 -0.0001216888
v 0.02469894 0.06191132 0.009312213
v -0.001597595 0.01941605 -0.04594091
v -0.01783646 0.01816818 -0.04024942
v 0.03567718 0.07324837 -0.006333547
v 0.03424484 0.0719841 -0.006532679
v 0.03301361 0.06178543 -0.006244235
v 0.03052063 0.07443108 0.0164212
v 0.0278688 0.07257751 0.01806374
v 0.0235231 0.06209198 0.01242536
v 0.03223648 0.07338867 0.01856538
v 0.03303162 0.03971001 -0.037233
v 0.04177887 0.07412102 -0.005850287
v 0.04109131 0.06920128 -0.01742678
v 0.03956451 0.06779198 -0.01731142
v 0.01648148 0.01991722 -0.04741682
v 0.04865494 0.07280403 0.006678932
v 0.0527391 0.07180244 -0.007172108
v 0.04549377 0.07079742 0.01765016
v 0.03042007 0.03513702 0.01546761
v 0.03681961 0.05906639 -0.01389727
v 0.04640198 0.06929024 -0.01622186
v 0.05375946 0.07110046 -0.01356866
v 0.05521088 0.08096314 0.004868252
v 0.05073883 0.080364 0.006746633
v 0.04635879 0.07728683 0.02120789
v 0.05044769 0.07715424 0.02076733
v 0.05967575 0.07988495 -0.01128106
v 0.05514435 0.08001442 -0.008435497
v 0.08538163 0.0733577 0.01474
v 0.0854628 0.07576012 0.003580403
v 0.04320221 0.06317116 -0.02502565
v 0.0399054 0.05385002 -0.02070568
v 0.08562561 0.07536621 -0.0111392
v 0.05651321 0.066502 -0.02059889
v 0.05001038 0.06550545 -0.02433272
v 0.04178024 0.04979866 -0.02501802
v 0.0444577 0.03927551 -0.03211313
v 0.009927673 0.03491074 0.01527279
v -0.006194306 0.03440033 0.016955
v -0.006190186 0.03166161 0.03182525
v 0.003112793 0.03315536 0.02433049
v 0.06230743 0.07355637 -0.02584744
v 0.05936295 0.0752478 -0.0237666
v 0.04257019 0.07178802 0.03526555
v 0.04560333 0.072005 0.03653215
v 0.03431763 0.01954361 -0.04415804
v 0.04000885 0.06591049 0.04191715
v 0.04470963 0.06872108 0.04030825
v 0.03155228 0.06117729 0.03637521
v 0.04915787 0.0547551 -0.03377754
v 0.0468132 0.05419479 -0.03354229
v 0.04469421 0.06442482 -0.02512981
v 0.04384064 0.06528038 0.04387289
v 0.05369675 0.05509483 -0.03415843
v 0.08512757 0.06781731 0.03110679
v 0.0853003 0.07095528 0.0258996
v 0.00417511 0.02979629 0.04266478
v 0.00977356 0.03154755 0.0335101
v 0.03334137 0.0556031 0.04352879
v 0.02940369 0.0552597 0.03975713
v 0.05967407 0.05602867 -0.03268617
v 0.06297928 0.06475334 -0.03801285
v 0.02078995 0.03438431 0.01887405
v 0.04260178 0.05653854 0.04820241
v 0.03842468 0.05685104 0.04681868
v 0.01534225 0.03265465 0.01684118
v 0.01560608 0.01200157 0.01303985
v 0.006581421 0.03040298 0.02848046
v 0.006845398 0.009749909 0.02467913
v 0.06550659 0.04931427 -0.04924156
v 0.06172317 0.04272415 -0.04146019
v 0.04914413 0.04414078 -0.03990917
v 0.05062271 0.04420967 -0.04239416
v 0.03519043 0.02567108 0.05396216
v 0.0397995 0.02650749 0.05479907
v 0.02447296 0.0293969 0.04623457
v 0.02474472 0.01707085 0.04369858
v 0.06876648 0.04813576 -0.05062666
v 0.0664682 0.06274391 -0.03934253
v 0.02063583 0.03137337 0.02414769
v 0.02089386 0.01072823 0.02034494
v 0.05585678 0.04280029 -0.04107525
v 0.03715012 0.05514503 0.04309999
v 0.01522034 0.02998543 0.0313417
v 0.01548431 0.009332352 0.02754029
v 0.05131943 0.02438339 -0.0478875
v 0.04605026 0.01876587 -0.03914838
v 0.05362076 0.02515198 -0.04926842
v 0.05808029 0.02738518 -0.04872252
v 0.08631943 0.046642 -0.04917718
v 0.08606308 0.06064346 -0.03866833
v 0.06986649 0.03066498 -0.05765031
v 0.06712418 0.03175842 -0.05751399
v 0.01626327 0.01038513 0.01081587
v 0.02469192 0.01231331 0.0009210538
v 0.02723495 0.02225433 0.04988631
v 0.07522659 0.02533333 0.04375883
v 0.1054771 0.06352013 -0.03939043
v 0.1041855 0.05009415 -0.04846293
v 0.01610336 0.007029801 0.02905185
v 0.02240112 0.005297394 0.03889985
v 0.1124925 0.08069153 -0.006679707
v 0.1158827 0.08063607 -0.008011918
v 0.1112616 0.0737912 -0.02479043
v 0.1088611 0.07402069 -0.02555601
v 0.02292358 0.008778534 0.02000538
v 0.03141907 0.0105101 0.01118864
v 0.03270386 0.01093231 0.008967712
v 0.1177992 0.07510429 -0.008395929
v 0.1142351 0.0705304 -0.0223576
v 0.1199449 0.08113389 0.007195633
v 0.1217206 0.07644157 0.006114783
v 0.1163896 0.08098778 0.008380482
v 0.05468567 0.01130974 -0.05233612
v 0.05148132 0.01120972 -0.05081157
v 0.1201028 0.0781765 0.02165826
v 0.122308 0.07650658 0.02954271
v 0.02505447 -0.005811691 0.03866815
v 0.0298877 -0.007412338 0.04772063
v 0.06320969 0.02773994 -0.04857102
v 0.03323303 -0.007265244 0.04710774
v 0.03418076 -0.008315735 0.05285815
v 0.1090076 0.06511978 -0.03766544
v 0.1070509 0.04965652 -0.04887341
v 0.08658127 0.03040352 -0.05728273
v 0.1032814 0.03105965 -0.05727034
v 0.1151533 0.06762817 -0.01967376
v 0.1179674 0.07237854 -0.008395677
v 0.1241457 0.0781321 0.02194088
v 0.1256999 0.07217392 0.01955701
v 0.1111241 0.06273941 -0.0354133
v 0.03306671 0.008186035 0.02390216
v 0.06391754 0.01159012 -0.05323707
v 0.05906494 0.01159172 -0.05357604
v 0.06830826 0.01334206 -0.06249898
v 0.07072632 0.0135849 -0.06361646
v 0.1252296 0.07305374 0.03723607
v 0.1126311 0.05776237 -0.03108616
v 0.1233481 0.07032166 -0.01540357
v 0.1294838 0.07451546 -0.001393499
v 0.1091165 0.04710854 -0.04626081
v 0.1263673 0.06678291 0.04440291
v 0.02410156 -0.005621872 0.03756488
v 0.09682831 0.02559067 0.04409116
v 0.1283391 0.07225334 0.03576493
v 0.1299879 0.06711914 0.03392239
v 0.0357283 0.006869888 0.03122734
v 0.02998291 0.006171875 0.03464178
v 0.135132 0.07488197 -0.002522688
v 0.1286795 0.07011032 -0.01657321
v 0.03881103 -0.008430786 0.0538227
v 0.1180203 0.06118568 -0.02927381
v 0.08682663 0.01362381 -0.06275935
v 0.1317781 0.06664459 -0.01614498
v 0.1382243 0.07034943 -0.002893376
v 0.1108887 0.04385414 -0.04060283
v 0.1233882 0.06011467 -0.02954884
v 0.1199631 0.04565109 -0.03979112
v 0.1151797 0.0460022 -0.03943144
v 0.1029086 0.01393249 -0.06328887
v 0.07466721 -0.005917206 0.04263214
v 0.1420677 0.07554771 0.01147425
v 0.1459491 0.07047661 0.01215824
v 0.1263255 0.05775124 -0.02840744
v 0.1224043 0.04436203 -0.03853984
v 0.1392877 0.06573875 -0.001727948
v 0.132594 0.06084366 -0.0156475
v 0.1080565 0.03037888 -0.05394632
v 0.1059917 0.03209061 -0.05715329
v 0.1097975 0.0282151 -0.04815091
v 0.1356627 0.07625648 0.01194966
v 0.1431093 0.07223396 0.02592546
v 0.1491699 0.072957 0.02497075
v 0.1251703 0.03926552 -0.03413832
v 0.1281279 0.05177895 -0.02602955
v 0.1278055 0.05745064 0.04908574
v 0.1317897 0.05775246 0.04771737
v 0.1333995 0.05630829 0.04433177
v 0.1311475 0.02614014 0.0555528
v 0.1501544 0.06816193 0.03902381
v 0.1529292 0.06261635 0.04543906
v 0.1500587 0.06958626 0.0199777
v 0.1560683 0.0673513 0.03754041
v 0.1199261 0.02857346 -0.04634961
v 0.1180035 0.02920151 -0.04739638
v 0.1553224 0.05401054 0.04966999
v 0.1478842 0.06582085 0.01496932
v 0.1586749 0.06640617 0.01306025
v 0.109518 0.01209206 -0.05286276
v 0.1072456 0.0134903 -0.06062746
v 0.1394795 0.0623587 0.02372052
v 0.1428934 0.06336639 0.01847459
v 0.1465292 0.03822082 0.01151486
v 0.138257 0.05496094 0.02864406
v 0.1380701 0.06124878 0.0296816
v 0.1605348 0.03871437 0.008715813
v 0.1479129 0.06413048 0.01467283
v 0.09806519 -0.005695343 0.04299205
v 0.1357516 0.02674767 0.0549941
v 0.1370497 0.0254705 0.04996328
v 0.1595584 0.06278732 0.04406301
v 0.1587126 0.06354904 0.03556831
v 0.1698854 0.06326958 0.03640347
v 0.1188564 0.01196724 -0.05155742
v 0.1173398 0.01204628 -0.05205719
v 0.1239693 0.02696503 -0.03880001
v 0.1237762 0.0103257 -0.04231283
v 0.1722232 0.06433784 0.02151242
v 0.1722044 0.0372773 0.01686588
v 0.1619013 0.05922165 0.04088202
v 0.1606262 0.02578247 0.05541107
v 0.1672888 0.05734512 0.04234183
v 0.1742922 0.0591436 0.03529957
v 0.1328639 -0.007424622 0.05479264
v 0.1367517 -0.007182465 0.05372829
v 0.1651698 0.03288849 0.0417564
v 0.174155 0.03481827 0.03081184
v 0.148557 -0.004590836 0.04045432
v 0.1483507 0.03180649 0.04654679
v 0.165044 0.03199532 0.04667639
v 0.1655274 -0.00441658 0.04067394
v 0.1685957 -0.004556732 0.04162297
v 0.1410327 -0.003783951 0.03556729
v 0.1373701 0.0272718 0.03610621
v 0.1633637 -0.006996918 0.05454924
v 0.1386557 -0.006200028 0.04853079
v 0.1693054 -0.006922608 0.05463523
v 0.1735951 -0.006215439 0.05100597
v -0.01759674 -0.001166687 -0.0437994
v -0.01602936 -0.02207275 -0.04426696
v -0.01246689 -0.01903671 -0.03678997
v -0.01345077 -0.002567291 -0.03593548
v -0.0001054382 -0.02088333 -0.05023374
v -0.00103424 9.788513e-05 -0.04957329
v 0.01693542 0.0005811309 -0.05096312
v 0.01702698 -0.02041855 -0.05156352
v 0.03466232 0.0002030181 -0.04769057
v 0.0339238 -0.020783 -0.04844634
v 0.002057647 -0.03907166 -0.04441379
v -0.01198151 -0.03916695 -0.04007579
v 0.01676224 -0.03867332 -0.04555661
v 0.007160339 -0.01581261 0.01997616
v 0.01653397 -0.01124535 0.006831412
v 0.02506332 -0.00933197 -0.003004727
v 0.04629059 -0.0005702972 -0.04270825
v 0.0459758 -0.01495483 -0.04390981
v 0.04608292 0.009131699 -0.04111972
v 0.05166214 -0.002585144 -0.05285112
v 0.05397476 -0.002749786 -0.05440004
v 0.05856171 -0.004963913 -0.05476686
v 0.01592102 -0.01356102 0.008336883
v 0.01618515 -0.03421402 0.004535554
v 0.01638 -0.01460854 0.02506873
v 0.01579987 -0.01623146 0.02282751
v 0.02267776 -0.01634087 0.03491674
v 0.03126068 -0.0389843 -0.04287096
v 0.007424317 -0.03646568 0.01617483
v 0.02319427 -0.01285194 0.01602092
v 0.03317001 -0.01372826 0.0214558
v 0.03190933 -0.01112816 0.007219093
v 0.005068207 -0.04101234 0.02964198
v -0.004779663 -0.05301437 -0.02921635
v -0.002359619 -0.04661972 -0.0228276
v -0.008830109 -0.03429443 -0.03260178
v 0.00517746 -0.05213837 -0.03283915
v 0.0675885 -0.005656738 -0.06440464
v 0.06363876 -0.004788742 -0.05461691
v 0.02121551 -0.01484344 0.0156335
v 0.02147873 -0.0354953 0.01184206
v 0.03308853 -0.01074142 0.005187574
v 0.02532089 -0.02899109 0.03521573
v 0.01606323 -0.03688332 0.01903607
v 0.01616745 -0.05184257 -0.03369077
v 0.05265961 -0.01732834 -0.05405671
v 0.05067673 -0.01691498 -0.05281997
v 0.04530457 -0.0215448 -0.04348123
v 0.08701416 -0.00399765 -0.06361463
v 0.0705014 -0.004517136 -0.06485317
v 0.01066071 -0.03925323 0.02048596
v 0.03557861 -0.01497353 0.02839283
v 0.02702469 -0.05207497 -0.03169034
v 0.02168365 -0.03642555 0.005841372
v 0.03130585 -0.03567879 0.002435231
v 0.06644089 -0.02503914 -0.06292925
v 0.06254227 -0.0217424 -0.05333381
v 0.05728226 -0.01998955 -0.05404368
v 0.103461 -0.00361351 -0.06473589
v 0.02797272 -0.03597664 0.03916433
v 0.05048767 -0.03148689 -0.05196176
v 0.04877609 -0.03087997 -0.05102419
v 0.06942154 -0.0257518 -0.06308691
v 0.08718293 -0.02205742 -0.06182337
v 0.02536667 -0.04141296 0.03320188
v 0.0412912 -0.03953484 -0.03830011
v 0.008834229 -0.05842491 -0.01700078
v 0.0153363 -0.05825134 -0.01749694
v 0.03736191 -0.04889786 -0.03221851
v 0.04060471 -0.04010567 0.0426718
v 0.07599304 -0.03550674 0.03255972
v 0.02174286 -0.05838501 -0.01631628
v 0.03395859 -0.07042892 0.0004357337
v 0.02968491 -0.07165123 -0.008478766
v 0.03439056 -0.06937653 0.007804554
v 0.03317017 -0.06742783 0.01270779
v 0.05554947 -0.03220863 -0.05194555
v 0.1102112 -0.004640961 -0.05418806
v 0.108325 -0.004629364 -0.06102207
v 0.06433807 -0.04352249 -0.05793995
v 0.06084976 -0.03734489 -0.04987131
v 0.02471954 -0.04947762 0.02621109
v 0.02805313 -0.05095421 0.0317513
v 0.04556702 -0.04381577 -0.04672183
v 0.04110626 -0.05430099 -0.03979008
v 0.1127103 0.01216011 -0.05303156
v 0.1134727 -0.004503403 -0.05448209
v 0.03089142 -0.06315475 0.0179667
v 0.03266312 -0.05520248 -0.02432833
v 0.08731415 -0.03889061 -0.05698434
v 0.06793976 -0.04123154 -0.05910104
v 0.1203546 -0.005370712 -0.05258609
v 0.1184492 -0.005634232 -0.05380564
v 0.02681412 -0.05854935 -0.01396512
v 0.1049988 -0.02525551 -0.06291492
v 0.1241652 -0.002639923 -0.04451096
v 0.03592957 -0.06218597 -0.03122249
v 0.03998108 -0.06693047 0.02404243
v 0.04416138 -0.06702995 0.02547097
v 0.1079884 -0.02448379 -0.06251628
v 0.106468 -0.005156326 -0.06400311
v 0.0610347 -0.05848762 -0.04837904
v 0.05799866 -0.05150871 -0.04231758
v 0.03032883 -0.06747917 -0.02155484
v 0.02669723 -0.07018684 -0.01452045
v 0.1099074 -0.02311028 -0.05953372
v 0.03485519 -0.06471588 0.02138701
v 0.03864029 -0.06404106 0.02116167
v 0.09758423 -0.03533531 0.03288156
v 0.1117055 -0.02191177 -0.05272179
v 0.04719116 -0.04471542 -0.047498
v 0.05136688 -0.04906425 -0.04526833
v 0.04818878 -0.05648102 -0.03971973
v 0.04266373 -0.05553642 -0.04037808
v 0.03739181 -0.0633989 -0.03147613
v 0.03178513 -0.06867699 -0.02161892
v 0.04565643 -0.06131767 -0.03520215
v 0.03770035 -0.06940971 -0.02056799
v 0.1208331 -0.02365784 -0.0525442
v 0.1156049 -0.02330589 -0.05324251
v 0.02764099 -0.07110153 -0.01405602
v 0.1232501 -0.02284439 -0.05090507
v 0.1259474 -0.01980026 -0.04494769
v 0.03236435 -0.0727227 -0.01066088
v 0.05441635 -0.06133934 -0.03167497
v 0.05041931 -0.06731598 -0.01911672
v 0.06439224 -0.05972267 -0.04785339
v 0.1066837 -0.04083054 -0.05904932
v 0.03739273 -0.07181442 -0.0003376865
v 0.1096544 -0.05585281 -0.05002136
v 0.08737092 -0.05281166 -0.04834673
v 0.1103702 -0.04287697 -0.05753558
v 0.05700638 -0.06849922 -0.03576426
v 0.1123132 -0.0402494 -0.05474493
v 0.03707489 -0.06923172 0.01467013
v 0.04039505 -0.06879227 0.0143228
v 0.1134134 -0.0360939 -0.04979186
v 0.0379715 -0.07100792 0.008281772
v 0.04668716 -0.07139511 -0.007176967
v 0.06047317 -0.06964806 -0.03484849
v 0.04235596 -0.070467 0.007495082
v 0.04412079 -0.07595314 0.007832823
v 0.04176422 -0.07361275 0.01623986
v 0.05268066 -0.07433327 -0.02172
v 0.04571671 -0.07405243 0.01780654
v 0.04828964 -0.07671066 -0.007122755
v 0.1246629 -0.04073639 -0.04810638
v 0.1185556 -0.03884712 -0.04940148
v 0.04748444 -0.07725189 0.009073222
v 0.05625336 -0.0754818 -0.02060574
v 0.08686661 -0.07044884 0.005658653
v 0.05191299 -0.07767303 -0.005886688
v 0.1137677 -0.05776382 -0.04798223
v 0.1167015 -0.05162888 -0.04146851
v 0.1156302 -0.05419586 -0.04593731
v 0.149257 -0.04077301 0.03319596
v 0.1381296 -0.03307449 0.02500785
v 0.1319618 -0.03908768 0.04354979
v 0.1196294 -0.05985794 -0.0327274
v 0.1194821 -0.06302734 -0.03399528
v 0.1177519 -0.0677536 -0.03531499
v 0.136584 -0.03935539 0.04283652
v 0.1377499 -0.03748085 0.03805862
v 0.1615677 -0.03691315 0.04422741
v 0.1133211 -0.06676537 -0.03777654
v 0.1233018 -0.05287804 -0.04152235
v 0.1294727 -0.06292702 -0.03026346
v 0.1433043 -0.03875305 0.02332313
v 0.1397943 -0.06221794 0.005323043
v 0.1396283 -0.06251877 0.006903763
v 0.1235141 -0.06841232 -0.02064556
v 0.1218842 -0.07352638 -0.02126552
v 0.1567833 -0.0624485 0.02823473
v 0.1398404 -0.05957375 -0.02684418
v 0.1341585 -0.05307747 -0.03649767
v 0.1340182 -0.04629524 -0.03522472
v 0.139832 -0.05479813 -0.02580241
v 0.1293576 -0.06612511 0.02634464
v 0.1499985 -0.0378408 0.01814958
v 0.1607323 -0.03531715 0.003836842
v 0.1614493 -0.03382431 -0.004629107
v 0.1181105 -0.07462913 -0.0209973
v 0.1280817 -0.0730265 0.01849553
v 0.1219991 -0.07697815 -0.006906829
v 0.08995835 -0.07217064 -0.01192769
v 0.08966752 -0.06804085 -0.0228625
v 0.1224496 -0.07694649 -0.00523665
v 0.08708436 -0.07149536 -0.0003371095
v 0.1602719 -0.06091888 -0.01037109
v 0.1271065 -0.07654816 0.009707973
v 0.1275584 -0.07054871 -0.006449986
v 0.1260831 -0.07587456 -0.006398378
v 0.127551 -0.06945328 -0.006240926
v 0.1242181 -0.06709496 -0.01777368
v 0.1379124 -0.07012161 -0.01418185
v 0.1368727 -0.06385384 -0.02805477
v 0.1438829 -0.06929779 -0.01518482
v 0.1466942 -0.06434959 -0.01448968
v 0.1605844 -0.03845505 0.02163307
v 0.1315567 -0.07022293 0.008108382
v 0.130183 -0.07520119 0.008628743
v 0.1448956 -0.07228409 -0.0005432462
v 0.1738039 -0.06166298 -0.001667728
v 0.1545488 -0.06901291 0.02121223
v 0.1328433 -0.06891609 0.01307779
v 0.151913 -0.07199982 0.01323296
v 0.1320738 -0.07265137 0.01714904
v 0.1509869 -0.07150658 -0.001613645
v 0.1700212 -0.06670998 0.0005046844
v 0.1603455 -0.06626099 0.01168553
v 0.1579698 -0.07091286 0.01212251
v 0.1716654 -0.06613213 0.01180385
v 0.1634485 -0.0640303 0.01820202
v 0.1687964 -0.06266533 0.02025283
v 0.1722948 -0.05953011 0.02026413
v 0.1612117 -0.0685527 0.01989387
v 0.1760123 -0.06171379 0.01227772
v 0.08726532 -0.06432121 -0.03294779
v 0.1052786 0.01369057 -0.06182678
v 0.1135489 0.02941498 -0.04707979
v 0.1302525 -0.05456146 -0.03951228
v 0.08581879 0.07058006 -0.02564372
v 0.1459497 0.06603165 0.01069061
v 0.1708637 0.05450134 0.04124055
v 0.1273544 -0.03800758 -0.04647437
v 0.1292633 -0.03427399 -0.04175886
v 0.1451653 -0.05871651 -0.01628392
v 0.1372258 -0.03881668 0.0217751
v 0.1363113 0.03375679 0.03512623
v 0.1230878 -0.04856499 -0.04097064
v 0.1230878 0.05910492 -0.02960919
v 0.1451349 0.0704361 0.01554471
v 0.1511348 -0.0677597 -0.003752456
v 0.1210878 -0.009812012 -0.04989176
v 0.1210878 0.02648895 -0.04348334
v 0.1511348 0.03015228 0.04981821
v 0.1511348 -0.05156525 0.03103991
v 0.0004830932 0.01786789 -0.04004994
v -0.01461899 0.01670746 -0.03475686
v 0.03388412 0.0179866 -0.03839188
v 0.0172966 0.01833397 -0.04142252
v 0.04479553 0.01726326 -0.03373289
v 0.01771866 0.0003514862 -0.04472059
v 0.03420486 -2.28882e-07 -0.04167712
v 0.001006927 -9.796142e-05 -0.04342806
v 0.04476379 -0.001592712 -0.0369097
vt 0.1965579 0.93437613
vt 0.1965579 0.92656827
vt 0.18875 0.92656827
vt 0.09423333 0.8684733
vt 0.09523147 0.8677424
vt 0.09509801 0.86716
vt 0.09591591 0.8663076
vt 0.09479862 0.866575
vt 0.09509801 0.86716
vt 0.09376955 0.8731925
vt 0.09645473 0.8722398
vt 0.09368354 0.8728852
vt 0.09352731 0.8691597
vt 0.09320509 0.8697604
vt 0.09313356 0.8701225
vt 0.09586751 0.8711288
vt 0.09362232 0.8716849
vt 0.09360152 0.8723809
vt 0.09862363 0.8722019
vt 0.09888988 0.8721351
vt 0.09892135 0.8721331
vt 0.09841781 0.8722549
vt 0.09812611 0.8719946
vt 0.0977385 0.872516
vt 0.09894204 0.8717974
vt 0.09920638 0.871197
vt 0.09858727 0.8715672
vt 0.09736418 0.8698928
vt 0.09827435 0.869201
vt 0.09696036 0.8693766
vt 0.1007913 0.8675404
vt 0.09868466 0.868135
vt 0.09947001 0.8683772
vt 0.1000386 0.857508
vt 0.100605 0.853557
vt 0.09599238 0.8560901
vt 0.1057538 0.8201837
vt 0.1087887 0.8190175
vt 0.1064678 0.8183706
vt 0.08856457 0.8228353
vt 0.09408801 0.8165872
vt 0.08841526 0.818356
vt 0.09657281 0.8398459
vt 0.09859675 0.8372822
vt 0.09641331 0.8375972
vt 0.06992262 0.7977909
vt 0.06072437 0.7967287
vt 0.06333559 0.804266
vt 0.1215554 0.8168651
vt 0.1175042 0.819177
vt 0.1254728 0.8219909
vt 0.123859 0.8240333
vt 0.1254728 0.8219909
vt 0.1175042 0.819177
vt 0.1058163 0.8228357
vt 0.1175042 0.819177
vt 0.1087887 0.8190175
vt 0.1247912 0.8717351
vt 0.1202924 0.8728638
vt 0.1227635 0.8766796
vt 0.1645241 0.8723601
vt 0.1663064 0.8746834
vt 0.1682957 0.870171
vt 0.1051526 0.8752028
vt 0.1059326 0.8755473
vt 0.1059247 0.8742283
vt 0.1039317 0.8767529
vt 0.1035562 0.8759009
vt 0.1023506 0.8762906
vt 0.1036425 0.8752062
vt 0.103437 0.874673
vt 0.1028584 0.8752557
vt 0.1072592 0.8791017
vt 0.1056464 0.8785778
vt 0.1069813 0.8791135
vt 0.1026272 0.8781947
vt 0.1029943 0.8782894
vt 0.1023506 0.8762906
vt 0.1039317 0.8767529
vt 0.1037067 0.8783783
vt 0.1046076 0.8784718
vt 0.1023506 0.8762906
vt 0.1012624 0.8766391
vt 0.1018202 0.8777844
vt 0.1026272 0.8781947
vt 0.1018202 0.8777844
vt 0.1023823 0.8782656
vt 0.1013414 0.8737552
vt 0.1005735 0.87445
vt 0.1016935 0.8742154
vt 0.1020352 0.8734245
vt 0.1023509 0.8738331
vt 0.1028218 0.8732543
vt 0.1078045 0.872004
vt 0.1091436 0.8737103
vt 0.1089781 0.8717144
vt 0.1439504 0.8650134
vt 0.1422178 0.8679493
vt 0.144653 0.867472
vt 0.1623533 0.8497585
vt 0.1601313 0.8498257
vt 0.1647903 0.8524917
vt 0.1766519 0.8609626
vt 0.1803358 0.8565469
vt 0.1761774 0.8571895
vt 0.1709636 0.8570068
vt 0.1690225 0.8574622
vt 0.1712805 0.8596526
vt 0.1875084 0.854134
vt 0.1878784 0.8633144
vt 0.1882073 0.8571255
vt 0.1882073 0.8571255
vt 0.1878784 0.8633144
vt 0.1883988 0.8597973
vt 0.1766519 0.8609626
vt 0.1744625 0.8750563
vt 0.1786125 0.8733106
vt 0.157544 0.8495834
vt 0.154307 0.8460297
vt 0.1523061 0.8473008
vt 0.1587597 0.8597675
vt 0.1619767 0.8592207
vt 0.157544 0.8495834
vt 0.1587597 0.8597675
vt 0.157544 0.8495834
vt 0.1523061 0.8473008
vt 0.1015321 0.8733068
vt 0.1015161 0.8733336
vt 0.1014243 0.8735596
vt 0.09219247 0.8748695
vt 0.09189468 0.874569
vt 0.09093421 0.8758404
vt 0.09110671 0.8760041
vt 0.09093421 0.8758404
vt 0.09023618 0.8769837
vt 0.09337407 0.8734425
vt 0.09329724 0.8731161
vt 0.09189468 0.874569
vt 0.09189468 0.874569
vt 0.09159088 0.8741094
vt 0.09066581 0.8756264
vt 0.09093421 0.8758404
vt 0.09066581 0.8756264
vt 0.09043592 0.8771475
vt 0.09376955 0.8731925
vt 0.09368354 0.8728852
vt 0.09329724 0.8731161
vt 0.09329724 0.8731161
vt 0.09321594 0.8725867
vt 0.09159088 0.8741094
vt 0.09066581 0.8756264
vt 0.09159088 0.8741094
vt 0.0911858 0.8733804
vt 0.09329724 0.8731161
vt 0.09368354 0.8728852
vt 0.09360152 0.8723809
vt 0.09586751 0.8711288
vt 0.09360152 0.8723809
vt 0.09368354 0.8728852
vt 0.09275007 0.870012
vt 0.09313356 0.8701225
vt 0.09320509 0.8697604
vt 0.0929172 0.8695034
vt 0.09163838 0.8696226
vt 0.09192568 0.8702153
vt 0.09362232 0.8716849
vt 0.09314703 0.8719349
vt 0.09321594 0.8725867
vt 0.09159088 0.8741094
vt 0.09321594 0.8725867
vt 0.09314703 0.8719349
vt 0.09190291 0.8704117
vt 0.09173154 0.8719227
vt 0.09313237 0.8711994
vt 0.09023618 0.8769837
vt 0.09016799 0.8776885
vt 0.08653563 0.8782923
vt 0.09192568 0.8702153
vt 0.0905053 0.8709767
vt 0.09047448 0.871213
vt 0.09173154 0.8719227
vt 0.09190291 0.8704117
vt 0.09047448 0.871213
vt 0.09303385 0.8692325
vt 0.0929172 0.8695034
vt 0.09332132 0.8693945
vt 0.09352731 0.8691597
vt 0.09332132 0.8693945
vt 0.09320509 0.8697604
vt 0.09352731 0.8691597
vt 0.09313356 0.8701225
vt 0.09372991 0.8707138
vt 0.09316366 0.8689007
vt 0.09303385 0.8692325
vt 0.09332132 0.8693945
vt 0.09066581 0.8756264
vt 0.09002935 0.8752071
vt 0.08990675 0.8774454
vt 0.09163838 0.8696226
vt 0.09000837 0.8704045
vt 0.0905053 0.8709767
vt 0.0905053 0.8709767
vt 0.08904606 0.8721728
vt 0.08910936 0.8724405
vt 0.09016799 0.8776885
vt 0.09023618 0.8769837
vt 0.09043592 0.8771475
vt 0.09313237 0.8711994
vt 0.09173154 0.8719227
vt 0.09314703 0.8719349
vt 0.0911858 0.8733804
vt 0.09314703 0.8719349
vt 0.09173154 0.8719227
vt 0.09000837 0.8704045
vt 0.09163838 0.8696226
vt 0.09060132 0.8681388
vt 0.09230548 0.8673192
vt 0.09060132 0.8681388
vt 0.09303385 0.8692325
vt 0.09372991 0.8707138
vt 0.09314703 0.8719349
vt 0.09362232 0.8716849
vt 0.09372991 0.8707138
vt 0.09362232 0.8716849
vt 0.09586751 0.8711288
vt 0.0899049 0.8734813
vt 0.0911858 0.8733804
vt 0.09085386 0.8725279
vt 0.09352731 0.8691597
vt 0.09423333 0.8684733
vt 0.0939511 0.8679823
vt 0.09423333 0.8684733
vt 0.09352731 0.8691597
vt 0.09372991 0.8707138
vt 0.09000837 0.8704045
vt 0.0884847 0.8716285
vt 0.08904606 0.8721728
vt 0.08854919 0.8696111
vt 0.08765149 0.8705398
vt 0.0884847 0.8716285
vt 0.0900498 0.8669634
vt 0.09241402 0.8660978
vt 0.09222984 0.8654874
vt 0.08766871 0.8684288
vt 0.0900498 0.8669634
vt 0.0894832 0.866527
vt 0.09423333 0.8684733
vt 0.09611809 0.8701544
vt 0.09523147 0.8677424
vt 0.09230548 0.8673192
vt 0.09316366 0.8689007
vt 0.0939511 0.8679823
vt 0.09479862 0.866575
vt 0.09230548 0.8673192
vt 0.0939511 0.8679823
vt 0.08853524 0.8593146
vt 0.08547735 0.8613622
vt 0.0894832 0.866527
vt 0.08854919 0.8696111
vt 0.09060132 0.8681388
vt 0.0900498 0.8669634
vt 0.08819997 0.8736656
vt 0.08921933 0.874664
vt 0.0899049 0.8734813
vt 0.09060132 0.8681388
vt 0.09230548 0.8673192
vt 0.09241402 0.8660978
vt 0.08547735 0.8613622
vt 0.08209854 0.8647558
vt 0.08684158 0.8683091
vt 0.08667957 0.8720521
vt 0.08753019 0.8729971
vt 0.0884847 0.8716285
vt 0.0899049 0.8734813
vt 0.08921933 0.874664
vt 0.09002935 0.8752071
vt 0.08895617 0.8756738
vt 0.09002935 0.8752071
vt 0.08921933 0.874664
vt 0.08895617 0.8756738
vt 0.08891522 0.8777326
vt 0.08990675 0.8774454
vt 0.09734123 0.8715846
vt 0.09787428 0.8710262
vt 0.0973832 0.8709884
vt 0.09670311 0.8712579
vt 0.09586751 0.8711288
vt 0.09645473 0.8722398
vt 0.09645473 0.8722398
vt 0.0977385 0.872516
vt 0.09812611 0.8719946
vt 0.08684158 0.8683091
vt 0.08485198 0.8710351
vt 0.08537411 0.8707886
vt 0.09241402 0.8660978
vt 0.09471404 0.8656242
vt 0.09490978 0.8652056
vt 0.09043592 0.8771475
vt 0.08990675 0.8774454
vt 0.09122967 0.8795929
vt 0.08537411 0.8707886
vt 0.08667957 0.8720521
vt 0.08765149 0.8705398
vt 0.09471404 0.8656242
vt 0.09587842 0.865528
vt 0.09544533 0.8650375
vt 0.09523147 0.8677424
vt 0.09599715 0.8674158
vt 0.09601104 0.8667713
vt 0.09523147 0.8677424
vt 0.09611809 0.8701544
vt 0.09696036 0.8693766
vt 0.08748698 0.8757823
vt 0.08819997 0.8736656
vt 0.08815973 0.873416
vt 0.08819997 0.8736656
vt 0.08748698 0.8757823
vt 0.08895617 0.8756738
vt 0.09812611 0.8719946
vt 0.09858727 0.8715672
vt 0.09787428 0.8710262
vt 0.09544533 0.8650375
vt 0.09587842 0.865528
vt 0.09604257 0.8648727
vt 0.08727568 0.8757016
vt 0.08815973 0.873416
vt 0.08753019 0.8729971
vt 0.09490978 0.8652056
vt 0.09544533 0.8650375
vt 0.09378087 0.8568846
vt 0.09787428 0.8710262
vt 0.09828799 0.8703237
vt 0.09774905 0.8703139
vt 0.09704035 0.8667278
vt 0.09601104 0.8667713
vt 0.09599715 0.8674158
vt 0.09544533 0.8650375
vt 0.09604257 0.8648727
vt 0.09599238 0.8560901
vt 0.08667957 0.8720521
vt 0.08537411 0.8707886
vt 0.08372157 0.8743465
vt 0.08753019 0.8729971
vt 0.08667957 0.8720521
vt 0.08567702 0.8753275
vt 0.09662342 0.8704808
vt 0.09611809 0.8701544
vt 0.09586751 0.8711288
vt 0.09604257 0.8648727
vt 0.09587842 0.865528
vt 0.09727615 0.8654362
vt 0.09890282 0.8721729
vt 0.09888988 0.8721351
vt 0.09862363 0.8722019
vt 0.09892833 0.8719139
vt 0.09862363 0.8722019
vt 0.09892135 0.8721331
vt 0.08355838 0.8790193
vt 0.08590739 0.8789561
vt 0.08567702 0.8753275
vt 0.08891522 0.8777326
vt 0.08895617 0.8756738
vt 0.08748698 0.8757823
vt 0.08727568 0.8757016
vt 0.0874859 0.8781999
vt 0.08756262 0.8779749
vt 0.09727615 0.8654362
vt 0.1014812 0.8666786
vt 0.1020921 0.8659233
vt 0.09774905 0.8703139
vt 0.09828799 0.8703237
vt 0.09827435 0.869201
vt 0.09858727 0.8715672
vt 0.09920638 0.871197
vt 0.09828799 0.8703237
vt 0.09828799 0.8703237
vt 0.09920638 0.871197
vt 0.1000668 0.869643
vt 0.08355838 0.8790193
vt 0.08372157 0.8743465
vt 0.08310478 0.8747477
vt 0.09890282 0.8721729
vt 0.09866207 0.8724614
vt 0.09914588 0.8721938
vt 0.09868466 0.868135
vt 0.09704035 0.8667278
vt 0.09677571 0.8673618
vt 0.08567702 0.8753275
vt 0.08590739 0.8789561
vt 0.08681589 0.8785682
vt 0.09604257 0.8648727
vt 0.0974695 0.8646547
vt 0.1000386 0.857508
vt 0.09868466 0.868135
vt 0.1007913 0.8675404
vt 0.09713155 0.8661354
vt 0.09696036 0.8693766
vt 0.09611809 0.8701544
vt 0.09662342 0.8704808
vt 0.09898334 0.8720946
vt 0.09927463 0.8718526
vt 0.09892833 0.8719139
vt 0.09827435 0.869201
vt 0.09905034 0.8688722
vt 0.09868466 0.868135
vt 0.09896451 0.87214
vt 0.09914588 0.8721938
vt 0.09927463 0.8718526
vt 0.09868466 0.868135
vt 0.09905034 0.8688722
vt 0.09947001 0.8683772
vt 0.09828799 0.8703237
vt 0.09905034 0.8688722
vt 0.09827435 0.869201
vt 0.08922141 0.8818914
vt 0.09086626 0.8809802
vt 0.08891522 0.8777326
vt 0.09894204 0.8717974
vt 0.09858727 0.8715672
vt 0.09812611 0.8719946
vt 0.0874859 0.8781999
vt 0.08900862 0.8821124
vt 0.08922141 0.8818914
vt 0.0874859 0.8781999
vt 0.08681589 0.8785682
vt 0.08820068 0.882194
vt 0.08310198 0.8795801
vt 0.08310478 0.8747477
vt 0.07790189 0.8746552
vt 0.08529168 0.8839994
vt 0.08355838 0.8790193
vt 0.08310198 0.8795801
vt 0.09086626 0.8809802
vt 0.09122967 0.8795929
vt 0.08990675 0.8774454
vt 0.09894204 0.8717974
vt 0.09841781 0.8722549
vt 0.09862363 0.8722019
vt 0.09862363 0.8722019
vt 0.09841781 0.8722549
vt 0.09834629 0.8727857
vt 0.09834629 0.8727857
vt 0.09841781 0.8722549
vt 0.0977385 0.872516
vt 0.09905034 0.8688722
vt 0.1000668 0.869643
vt 0.1002259 0.8686508
vt 0.0974695 0.8646547
vt 0.1020921 0.8659233
vt 0.1054407 0.8595123
vt 0.07066977 0.8810713
vt 0.07830333 0.88105
vt 0.07790189 0.8746552
vt 0.09958398 0.8715944
vt 0.09894204 0.8717974
vt 0.09892833 0.8719139
vt 0.1007913 0.8675404
vt 0.09947001 0.8683772
vt 0.1002259 0.8686508
vt 0.09958398 0.8715944
vt 0.1005709 0.8708211
vt 0.09920638 0.871197
vt 0.07575064 0.8558379
vt 0.0742914 0.8550724
vt 0.07043492 0.8635543
vt 0.09834629 0.8727857
vt 0.09934002 0.8721979
vt 0.09914588 0.8721938
vt 0.09942811 0.8730075
vt 0.09834629 0.8727857
vt 0.09767186 0.8744405
vt 0.09920638 0.871197
vt 0.1005709 0.8708211
vt 0.1000668 0.869643
vt 0.0742914 0.8550724
vt 0.07149589 0.853917
vt 0.06812405 0.8621826
vt 0.07736104 0.8462763
vt 0.07149589 0.853917
vt 0.0742914 0.8550724
vt 0.09934002 0.8721979
vt 0.09958398 0.8715944
vt 0.09927463 0.8718526
vt 0.07575064 0.8558379
vt 0.0806396 0.849941
vt 0.07932227 0.8484687
vt 0.09130138 0.8839422
vt 0.08922141 0.8818914
vt 0.08900862 0.8821124
vt 0.0806396 0.849941
vt 0.08547735 0.8613622
vt 0.08853524 0.8593146
vt 0.08616 0.8460739
vt 0.08853524 0.8593146
vt 0.09183454 0.8577738
vt 0.1036944 0.8699413
vt 0.1002259 0.8686508
vt 0.1000668 0.869643
vt 0.08590739 0.8789561
vt 0.08355838 0.8790193
vt 0.08529168 0.8839994
vt 0.1056177 0.8688776
vt 0.1014812 0.8666786
vt 0.1007913 0.8675404
vt 0.07020676 0.872858
vt 0.06894969 0.8714129
vt 0.06934523 0.8815094
vt 0.08507591 0.884609
vt 0.08310198 0.8795801
vt 0.07830333 0.88105
vt 0.07454472 0.891126
vt 0.08087068 0.887565
vt 0.07830333 0.88105
vt 0.06615889 0.8607708
vt 0.06812405 0.8621826
vt 0.07149589 0.853917
vt 0.07932227 0.8484687
vt 0.0806396 0.849941
vt 0.08616 0.8460739
vt 0.08605778 0.8441157
vt 0.08472043 0.8411278
vt 0.07736104 0.8462763
vt 0.07043492 0.8635543
vt 0.06812405 0.8621826
vt 0.06714236 0.871158
vt 0.09934002 0.8721979
vt 0.09834629 0.8727857
vt 0.09942811 0.8730075
vt 0.09078311 0.8852646
vt 0.08820068 0.882194
vt 0.08743137 0.8827505
vt 0.08743137 0.8827505
vt 0.08529168 0.8839994
vt 0.08889722 0.8883033
vt 0.08889722 0.8883033
vt 0.08529168 0.8839994
vt 0.08507591 0.884609
vt 0.07736104 0.8462763
vt 0.0700618 0.853416
vt 0.07149589 0.853917
vt 0.09378087 0.8568846
vt 0.09325194 0.8423078
vt 0.08969449 0.8442099
vt 0.06812405 0.8621826
vt 0.06615889 0.8607708
vt 0.06320756 0.8709876
vt 0.0700618 0.853416
vt 0.07736104 0.8462763
vt 0.07021057 0.8436268
vt 0.06714236 0.871158
vt 0.0673173 0.8822943
vt 0.06934523 0.8815094
vt 0.08969449 0.8442099
vt 0.08605778 0.8441157
vt 0.08616 0.8460739
vt 0.09325194 0.8423078
vt 0.09378087 0.8568846
vt 0.09599238 0.8560901
vt 0.1024443 0.8710613
vt 0.1000668 0.869643
vt 0.1005709 0.8708211
vt 0.1000386 0.857508
vt 0.1054407 0.8595123
vt 0.1080155 0.8541703
vt 0.09290409 0.8409105
vt 0.09295004 0.8382641
vt 0.08472043 0.8411278
vt 0.1006586 0.8715554
vt 0.09934002 0.8721979
vt 0.1001737 0.8721644
vt 0.09290409 0.8409105
vt 0.08605778 0.8441157
vt 0.08969449 0.8442099
vt 0.07021057 0.8436268
vt 0.06739425 0.8399045
vt 0.06016504 0.8519034
vt 0.1065943 0.8683438
vt 0.1020921 0.8659233
vt 0.1014812 0.8666786
vt 0.06030762 0.8670772
vt 0.06320756 0.8709876
vt 0.06615889 0.8607708
vt 0.08865159 0.8888423
vt 0.08507591 0.884609
vt 0.08087068 0.887565
vt 0.05641031 0.8503741
vt 0.06016504 0.8519034
vt 0.06739425 0.8399045
vt 0.06320756 0.8709876
vt 0.06322127 0.8830085
vt 0.0673173 0.8822943
vt 0.05608946 0.8819215
vt 0.05992305 0.8814159
vt 0.06030762 0.8670772
vt 0.08087068 0.887565
vt 0.07454472 0.891126
vt 0.08106201 0.8985355
vt 0.1117662 0.8630832
vt 0.1054407 0.8595123
vt 0.1020921 0.8659233
vt 0.06364923 0.8365344
vt 0.06739425 0.8399045
vt 0.07758617 0.8308872
vt 0.09325194 0.8423078
vt 0.09701043 0.8414093
vt 0.09657281 0.8398459
vt 0.05641031 0.8503741
vt 0.05278027 0.8658066
vt 0.05614626 0.86614
vt 0.05278027 0.8658066
vt 0.05352663 0.8825312
vt 0.05608946 0.8819215
vt 0.06012415 0.8325934
vt 0.05011129 0.8499269
vt 0.05641031 0.8503741
vt 0.07312285 0.8913543
vt 0.06934523 0.8815094
vt 0.0673173 0.8822943
vt 0.0673173 0.8822943
vt 0.06322127 0.8830085
vt 0.06781721 0.8948697
vt 0.08812636 0.8304289
vt 0.08817988 0.8262525
vt 0.07758617 0.8308872
vt 0.05352663 0.8825312
vt 0.05278027 0.8658066
vt 0.04582256 0.8673917
vt 0.100605 0.853557
vt 0.1012701 0.8406964
vt 0.09701043 0.8414093
vt 0.1010484 0.8388933
vt 0.09657281 0.8398459
vt 0.09701043 0.8414093
vt 0.09295004 0.8382641
vt 0.09290409 0.8409105
vt 0.09657281 0.8398459
vt 0.09859675 0.8372822
vt 0.09657281 0.8398459
vt 0.1010484 0.8388933
vt 0.1012701 0.8406964
vt 0.100605 0.853557
vt 0.1080155 0.8541703
vt 0.0963267 0.8277064
vt 0.09641331 0.8375972
vt 0.09859675 0.8372822
vt 0.08817988 0.8262525
vt 0.08856457 0.8228353
vt 0.08513522 0.8226113
vt 0.0963267 0.8277064
vt 0.09669226 0.8248384
vt 0.08817988 0.8262525
vt 0.05352663 0.8825312
vt 0.06001931 0.8981526
vt 0.0616545 0.8970697
vt 0.1007282 0.827113
vt 0.09859675 0.8372822
vt 0.1011593 0.8370197
vt 0.08513522 0.8226113
vt 0.08841526 0.818356
vt 0.08669167 0.8152438
vt 0.07625341 0.90446151
vt 0.07962107 0.90046573
vt 0.07133346 0.8928002
vt 0.07123839 0.8153449
vt 0.07547301 0.8157149
vt 0.07947993 0.7985122
vt 0.0674538 0.8106704
vt 0.06708514 0.8149294
vt 0.07123839 0.8153449
vt 0.08669167 0.8152438
vt 0.08905065 0.7989829
vt 0.07971376 0.8160364
vt 0.08513522 0.8226113
vt 0.08856457 0.8228353
vt 0.08841526 0.818356
vt 0.07947993 0.7985122
vt 0.07547301 0.8157149
vt 0.07971376 0.8160364
vt 0.1163843 0.8583066
vt 0.1080155 0.8541703
vt 0.1054407 0.8595123
vt 0.1144723 0.8410512
vt 0.1159261 0.8391911
vt 0.1011593 0.8370197
vt 0.09669226 0.8248384
vt 0.0963267 0.8277064
vt 0.1007282 0.827113
vt 0.08856457 0.8228353
vt 0.08817988 0.8262525
vt 0.09669226 0.8248384
vt 0.09701502 0.8225602
vt 0.0992434 0.8178758
vt 0.09408801 0.8165872
vt 0.06001931 0.8981526
vt 0.07143288 0.91015012
vt 0.07221382 0.90917027
vt 0.06001931 0.8981526
vt 0.05179899 0.90159864
vt 0.06392467 0.91809142
vt 0.08841526 0.818356
vt 0.09408801 0.8165872
vt 0.09431701 0.8144246
vt 0.09431701 0.8144246
vt 0.09843546 0.8003138
vt 0.08905065 0.7989829
vt 0.105632 0.8265414
vt 0.1058163 0.8228357
vt 0.1008257 0.8241091
vt 0.0674538 0.8106704
vt 0.06992262 0.7977909
vt 0.06333559 0.804266
vt 0.1008257 0.8241091
vt 0.1011088 0.8217166
vt 0.09701502 0.8225602
vt 0.1159261 0.8391911
vt 0.1213531 0.828205
vt 0.105632 0.8265414
vt 0.1011088 0.8217166
vt 0.1027911 0.8192407
vt 0.0992434 0.8178758
vt 0.1011088 0.8217166
vt 0.1008257 0.8241091
vt 0.1058163 0.8228357
vt 0.09408801 0.8165872
vt 0.0992434 0.8178758
vt 0.1005308 0.8158726
vt 0.1213531 0.828205
vt 0.123859 0.8240333
vt 0.1058163 0.8228357
vt 0.1011088 0.8217166
vt 0.1057538 0.8201837
vt 0.1027911 0.8192407
vt 0.1058163 0.8228357
vt 0.123859 0.8240333
vt 0.1175042 0.819177
vt 0.1058163 0.8228357
vt 0.1087887 0.8190175
vt 0.1057538 0.8201837
vt 0.1136103 0.8427476
vt 0.1251657 0.8485694
vt 0.1267074 0.8476007
vt 0.1176911 0.8108141
vt 0.1078147 0.8036458
vt 0.1064678 0.8183706
vt 0.1310576 0.8037155
vt 0.122572 0.8139744
vt 0.1468059 0.8286933
vt 0.1176911 0.8108141
vt 0.1087887 0.8190175
vt 0.1175042 0.819177
vt 0.1215554 0.8168651
vt 0.1452726 0.8293552
vt 0.1468059 0.8286933
vt 0.1215554 0.8168651
vt 0.1254728 0.8219909
vt 0.1452726 0.8293552
vt 0.1409482 0.7954703
vt 0.1310576 0.8037155
vt 0.1559749 0.8201297
vt 0.1213531 0.828205
vt 0.1159261 0.8391911
vt 0.1286977 0.8460813
vt 0.123859 0.8240333
vt 0.1213531 0.828205
vt 0.1367306 0.8369125
vt 0.1388087 0.8352446
vt 0.1408752 0.8336474
vt 0.1254728 0.8219909
vt 0.1408752 0.8336474
vt 0.1452726 0.8293552
vt 0.1254728 0.8219909
vt 0.09494411 0.877324
vt 0.09721666 0.8781494
vt 0.09697306 0.8778194
vt 0.09719473 0.879192
vt 0.09721666 0.8781494
vt 0.09494411 0.877324
vt 0.09741532 0.880583
vt 0.09719473 0.879192
vt 0.09476709 0.8785872
vt 0.1016935 0.8742154
vt 0.1023509 0.8738331
vt 0.1020352 0.8734245
vt 0.1016935 0.8742154
vt 0.1005735 0.87445
vt 0.1023506 0.8762906
vt 0.09466958 0.8816989
vt 0.09781461 0.8824493
vt 0.09741532 0.880583
vt 0.09719473 0.879192
vt 0.099325 0.8793493
vt 0.09910643 0.8784045
vt 0.09981882 0.8805287
vt 0.099325 0.8793493
vt 0.09719473 0.879192
vt 0.1023509 0.8738331
vt 0.1016935 0.8742154
vt 0.1028584 0.8752557
vt 0.1013414 0.8737552
vt 0.1020352 0.8734245
vt 0.1018166 0.8733827
vt 0.1007291 0.8734121
vt 0.0994879 0.8727615
vt 0.1005735 0.87445
vt 0.09466958 0.8816989
vt 0.09400111 0.8831032
vt 0.09686797 0.8841054
vt 0.09400111 0.8831032
vt 0.09225267 0.8823252
vt 0.09130138 0.8839422
vt 0.09402 0.8854425
vt 0.09130138 0.8839422
vt 0.09114056 0.8845014
vt 0.09078311 0.8852646
vt 0.09452247 0.8871059
vt 0.09412872 0.8859674
vt 0.1011227 0.8733746
vt 0.1007291 0.8734121
vt 0.1013414 0.8737552
vt 0.1014737 0.8733122
vt 0.1011227 0.8733746
vt 0.1014243 0.8735596
vt 0.1018166 0.8733827
vt 0.1020352 0.8734245
vt 0.1021434 0.8728678
vt 0.1021434 0.8728678
vt 0.1020352 0.8734245
vt 0.1028218 0.8732543
vt 0.1007652 0.8820637
vt 0.09981882 0.8805287
vt 0.09741532 0.880583
vt 0.1015321 0.8733068
vt 0.1014243 0.8735596
vt 0.1018166 0.8733827
vt 0.1014026 0.8731018
vt 0.1014122 0.8725788
vt 0.1008214 0.8729554
vt 0.1028218 0.8732543
vt 0.1023509 0.8738331
vt 0.103437 0.874673
vt 0.1008901 0.8784668
vt 0.1010058 0.8779561
vt 0.09917467 0.8778516
vt 0.1008901 0.8784668
vt 0.09910643 0.8784045
vt 0.099325 0.8793493
vt 0.08889722 0.8883033
vt 0.09398066 0.8909874
vt 0.09433758 0.8882071
vt 0.1014423 0.8731545
vt 0.1014026 0.8731018
vt 0.1007291 0.8734121
vt 0.1014737 0.8733122
vt 0.1015141 0.8732762
vt 0.1014423 0.8731545
vt 0.1008214 0.8729554
vt 0.1008976 0.8734566
vt 0.0994879 0.8727615
vt 0.09433758 0.8882071
vt 0.09452247 0.8871059
vt 0.09078311 0.8852646
vt 0.1018525 0.8730869
vt 0.1021434 0.8728678
vt 0.1014026 0.8731018
vt 0.1024443 0.8710613
vt 0.10209 0.8712047
vt 0.102905 0.8721291
vt 0.101562 0.8733146
vt 0.1018166 0.8733827
vt 0.1018525 0.8730869
vt 0.1018284 0.8799041
vt 0.1011919 0.8791407
vt 0.099325 0.8793493
vt 0.1015686 0.8732749
vt 0.1018525 0.8730869
vt 0.1014423 0.8731545
vt 0.0972523 0.8861931
vt 0.09402 0.8854425
vt 0.09412872 0.8859674
vt 0.1023506 0.8762906
vt 0.1018202 0.8777844
vt 0.1026272 0.8781947
vt 0.1035562 0.8759009
vt 0.1036425 0.8752062
vt 0.1028584 0.8752557
vt 0.1029943 0.8782894
vt 0.1037067 0.8783783
vt 0.1039317 0.8767529
vt 0.1028218 0.8732543
vt 0.1048796 0.8724591
vt 0.102905 0.8721291
vt 0.09402 0.8854425
vt 0.0972523 0.8861931
vt 0.09686797 0.8841054
vt 0.09833806 0.8842567
vt 0.09781461 0.8824493
vt 0.09686797 0.8841054
vt 0.09187144 0.8967245
vt 0.09364914 0.89159
vt 0.08865159 0.8888423
vt 0.1044492 0.8747659
vt 0.1042213 0.8742564
vt 0.103437 0.874673
vt 0.1017413 0.8722092
vt 0.1014122 0.8725788
vt 0.1014026 0.8731018
vt 0.1029773 0.8808057
vt 0.1018284 0.8799041
vt 0.09981882 0.8805287
vt 0.1045784 0.8759068
vt 0.1035562 0.8759009
vt 0.1039317 0.8767529
vt 0.09889739 0.888931
vt 0.09433758 0.8882071
vt 0.09398066 0.8909874
vt 0.09753745 0.8866148
vt 0.09412872 0.8859674
vt 0.09452247 0.8871059
vt 0.08106201 0.8985355
vt 0.0893132 0.90381152
vt 0.09187144 0.8967245
vt 0.09829807 0.8876763
vt 0.09452247 0.8871059
vt 0.09433758 0.8882071
vt 0.1036944 0.8699413
vt 0.1024443 0.8710613
vt 0.1048796 0.8724591
vt 0.1003369 0.8860236
vt 0.0972523 0.8861931
vt 0.09753745 0.8866148
vt 0.09364914 0.89159
vt 0.09187144 0.8967245
vt 0.09929579 0.8982123
vt 0.1048796 0.8724591
vt 0.1028218 0.8732543
vt 0.1042213 0.8742564
vt 0.1007652 0.8820637
vt 0.09781461 0.8824493
vt 0.09833806 0.8842567
vt 0.1044492 0.8747659
vt 0.1051526 0.8752028
vt 0.1059247 0.8742283
vt 0.1059247 0.8742283
vt 0.1062246 0.8735126
vt 0.1042213 0.8742564
vt 0.1008901 0.8784668
vt 0.1011919 0.8791407
vt 0.1027461 0.8785328
vt 0.1018284 0.8799041
vt 0.103455 0.8788202
vt 0.1027461 0.8785328
vt 0.1018738 0.8834876
vt 0.1035556 0.8822947
vt 0.1007652 0.8820637
vt 0.1117662 0.8630832
vt 0.1065943 0.8683438
vt 0.1100688 0.8713937
vt 0.1045784 0.8759068
vt 0.1051258 0.8763799
vt 0.1059326 0.8755473
vt 0.1043974 0.879065
vt 0.103455 0.8788202
vt 0.1018284 0.8799041
vt 0.1027461 0.8785328
vt 0.1029943 0.8782894
vt 0.1026272 0.8781947
vt 0.1100688 0.8713937
vt 0.1065943 0.8683438
vt 0.1056177 0.8688776
vt 0.1039317 0.8767529
vt 0.1046076 0.8784718
vt 0.1056464 0.8785778
vt 0.1085255 0.8780925
vt 0.1051258 0.8763799
vt 0.1056464 0.8785778
vt 0.1059326 0.8755473
vt 0.1051258 0.8763799
vt 0.109104 0.8772363
vt 0.1085255 0.8780925
vt 0.109104 0.8772363
vt 0.1051258 0.8763799
vt 0.1056177 0.8688776
vt 0.1045433 0.8695425
vt 0.1078045 0.872004
vt 0.09829807 0.8876763
vt 0.1012471 0.8873532
vt 0.1007292 0.8863495
vt 0.1037067 0.8783783
vt 0.1029943 0.8782894
vt 0.1027461 0.8785328
vt 0.07625341 0.90446151
vt 0.08700382 0.91171212
vt 0.0887134 0.90735454
vt 0.1030172 0.8883859
vt 0.09889739 0.888931
vt 0.09972244 0.8917105
vt 0.09889739 0.888931
vt 0.1030172 0.8883859
vt 0.1012471 0.8873532
vt 0.1072517 0.874636
vt 0.1059247 0.8742283
vt 0.1059326 0.8755473
vt 0.1064151 0.8723814
vt 0.1048796 0.8724591
vt 0.1062246 0.8735126
vt 0.1048159 0.8835894
vt 0.1035556 0.8822947
vt 0.1018738 0.8834876
vt 0.07473909 0.90628744
vt 0.08609354 0.91401959
vt 0.08700382 0.91171212
vt 0.1092627 0.8766146
vt 0.1090565 0.8759504
vt 0.1072517 0.874636
vt 0.1046076 0.8784718
vt 0.1037067 0.8783783
vt 0.103455 0.8788202
vt 0.1035556 0.8822947
vt 0.104633 0.8808487
vt 0.1029773 0.8808057
vt 0.1063798 0.8974844
vt 0.1047307 0.8916365
vt 0.1002532 0.8924309
vt 0.08472287 0.92009932
vt 0.08559572 0.91834695
vt 0.07221382 0.90917027
vt 0.1056464 0.8785778
vt 0.1046076 0.8784718
vt 0.1043974 0.879065
vt 0.1043974 0.879065
vt 0.1029773 0.8808057
vt 0.104633 0.8808487
vt 0.0893132 0.90381152
vt 0.1009189 0.90657187
vt 0.09929579 0.8982123
vt 0.07143288 0.91015012
vt 0.06392467 0.91809142
vt 0.07762622 0.92741383
vt 0.1035556 0.8822947
vt 0.1048159 0.8835894
vt 0.1059176 0.8819426
vt 0.1089781 0.8717144
vt 0.1113069 0.8755012
vt 0.1122254 0.875493
vt 0.1009189 0.90657187
vt 0.0893132 0.90381152
vt 0.08966964 0.90562422
vt 0.1047996 0.8906041
vt 0.1084432 0.8880077
vt 0.1064923 0.8866263
vt 0.104633 0.8808487
vt 0.1059176 0.8819426
vt 0.1066311 0.8803865
vt 0.1066311 0.8803865
vt 0.1070312 0.8794572
vt 0.1053524 0.8792103
vt 0.08966964 0.90562422
vt 0.0887134 0.90735454
vt 0.1004659 0.91042048
vt 0.1072592 0.8791017
vt 0.1077007 0.8790805
vt 0.1056464 0.8785778
vt 0.1078541 0.8740691
vt 0.1072517 0.874636
vt 0.1090565 0.8759504
vt 0.1097923 0.8756397
vt 0.1104596 0.8755569
vt 0.1091436 0.8737103
vt 0.1169454 0.8681121
vt 0.1225978 0.8650587
vt 0.1163843 0.8583066
vt 0.08700382 0.91171212
vt 0.1002621 0.91536451
vt 0.1004659 0.91042048
vt 0.1049253 0.8857335
vt 0.1062123 0.8844238
vt 0.1053518 0.8837564
vt 0.1113069 0.8755012
vt 0.1089781 0.8717144
vt 0.1091436 0.8737103
vt 0.106999 0.8804498
vt 0.1066311 0.8803865
vt 0.1059176 0.8819426
vt 0.1064923 0.8866263
vt 0.1062123 0.8844238
vt 0.1049253 0.8857335
vt 0.1078707 0.880783
vt 0.106999 0.8804498
vt 0.1063561 0.8820581
vt 0.1015765 0.91862053
vt 0.08609354 0.91401959
vt 0.08559572 0.91834695
vt 0.1070312 0.8794572
vt 0.1071959 0.8794749
vt 0.1072592 0.8791017
vt 0.1066311 0.8803865
vt 0.106999 0.8804498
vt 0.1071959 0.8794749
vt 0.08472287 0.92009932
vt 0.07762622 0.92741383
vt 0.09878289 0.93437613
vt 0.08559572 0.91834695
vt 0.08472287 0.92009932
vt 0.1020092 0.92637021
vt 0.1169454 0.8681121
vt 0.1100688 0.8713937
vt 0.1122254 0.875493
vt 0.1079764 0.8793864
vt 0.1077007 0.8790805
vt 0.1072592 0.8791017
vt 0.106999 0.8804498
vt 0.1078707 0.880783
vt 0.1079764 0.8793864
vt 0.1087167 0.8842863
vt 0.1069383 0.8834392
vt 0.1062123 0.8844238
vt 0.1098975 0.8819198
vt 0.1078707 0.880783
vt 0.1069383 0.8834392
vt 0.1047996 0.8906041
vt 0.1047307 0.8916365
vt 0.1094132 0.8883351
vt 0.1063798 0.8974844
vt 0.09929579 0.8982123
vt 0.1009189 0.90657187
vt 0.10925 0.8783964
vt 0.1085255 0.8780925
vt 0.1077007 0.8790805
vt 0.1078707 0.880783
vt 0.1098975 0.8819198
vt 0.1079764 0.8793864
vt 0.1100147 0.90586967
vt 0.1193507 0.90274841
vt 0.1122999 0.8947682
vt 0.1008092 0.90825785
vt 0.1121866 0.90721965
vt 0.1100147 0.90586967
vt 0.1087167 0.8842863
vt 0.1064923 0.8866263
vt 0.1084432 0.8880077
vt 0.1008092 0.90825785
vt 0.1004659 0.91042048
vt 0.1122981 0.9096703
vt 0.1104596 0.8755569
vt 0.1097923 0.8756397
vt 0.1100204 0.8765569
vt 0.1004659 0.91042048
vt 0.1002621 0.91536451
vt 0.1122067 0.91428352
vt 0.1100204 0.8765569
vt 0.1092627 0.8766146
vt 0.109104 0.8772363
vt 0.1098378 0.8773593
vt 0.109104 0.8772363
vt 0.1085255 0.8780925
vt 0.1104844 0.8798556
vt 0.10925 0.8783964
vt 0.1079764 0.8793864
vt 0.1094132 0.8883351
vt 0.1115351 0.8853519
vt 0.1105158 0.8851589
vt 0.1106029 0.8766268
vt 0.1100204 0.8765569
vt 0.1098378 0.8773593
vt 0.1105766 0.8775995
vt 0.1098378 0.8773593
vt 0.10925 0.8783964
vt 0.1105766 0.8775995
vt 0.1115882 0.8776691
vt 0.1114984 0.8766598
vt 0.1115269 0.8823882
vt 0.1098975 0.8819198
vt 0.1087167 0.8842863
vt 0.1113069 0.8755012
vt 0.1114984 0.8766598
vt 0.1121964 0.876584
vt 0.1115269 0.8823882
vt 0.1104844 0.8798556
vt 0.1098975 0.8819198
vt 0.1202924 0.8728638
vt 0.1247912 0.8717351
vt 0.1225978 0.8650587
vt 0.1117139 0.8798728
vt 0.1104844 0.8798556
vt 0.1115269 0.8823882
vt 0.1162818 0.91743559
vt 0.1015765 0.91862053
vt 0.1023848 0.92340673
vt 0.1114984 0.8766598
vt 0.1115882 0.8776691
vt 0.1123041 0.8775086
vt 0.1202924 0.8728638
vt 0.1122254 0.875493
vt 0.1121964 0.876584
vt 0.1115269 0.8823882
vt 0.1105158 0.8851589
vt 0.1115351 0.8853519
vt 0.1227635 0.8766796
vt 0.1121964 0.876584
vt 0.1123041 0.8775086
vt 0.1126748 0.8798053
vt 0.1123041 0.8775086
vt 0.1115882 0.8776691
vt 0.1193507 0.90274841
vt 0.1100147 0.90586967
vt 0.1121866 0.90721965
vt 0.126026 0.90871013
vt 0.1233236 0.90598679
vt 0.1122981 0.9096703
vt 0.1121866 0.90721965
vt 0.1122981 0.9096703
vt 0.1233236 0.90598679
vt 0.1559749 0.8201297
vt 0.1718934 0.8448847
vt 0.1805559 0.8370417
vt 0.1718934 0.8448847
vt 0.1559749 0.8201297
vt 0.1468059 0.8286933
vt 0.1163843 0.8583066
vt 0.1225978 0.8650587
vt 0.1341049 0.8576789
vt 0.126026 0.90871013
vt 0.134239 0.90236211
vt 0.1325935 0.90051568
vt 0.1223138 0.90350909
vt 0.1233236 0.90598679
vt 0.1325935 0.90051568
vt 0.1267074 0.8476007
vt 0.1251657 0.8485694
vt 0.1341049 0.8576789
vt 0.1286977 0.8460813
vt 0.1267074 0.8476007
vt 0.1365915 0.8571311
vt 0.1286977 0.8460813
vt 0.1391925 0.8563523
vt 0.1480376 0.848649
vt 0.1273359 0.8978937
vt 0.1193507 0.90274841
vt 0.1223138 0.90350909
vt 0.1408752 0.8336474
vt 0.154307 0.8460297
vt 0.1452726 0.8293552
vt 0.1601313 0.8498257
vt 0.1623533 0.8497585
vt 0.1468059 0.8286933
vt 0.154307 0.8460297
vt 0.157544 0.8495834
vt 0.1601313 0.8498257
vt 0.1310566 0.9120797
vt 0.1439279 0.90293718
vt 0.134239 0.90236211
vt 0.1803358 0.8565469
vt 0.1878784 0.8633144
vt 0.1875084 0.854134
vt 0.1874019 0.8687066
vt 0.1887102 0.8684803
vt 0.1878784 0.8633144
vt 0.1766519 0.8609626
vt 0.1786125 0.8733106
vt 0.1874019 0.8687066
vt 0.1305548 0.8979656
vt 0.1325935 0.90051568
vt 0.139638 0.8925871
vt 0.1391925 0.8563523
vt 0.1439504 0.8650134
vt 0.1546694 0.8609004
vt 0.1434568 0.91709883
vt 0.1426525 0.92679149
vt 0.1618674 0.91248441
vt 0.1365915 0.8571311
vt 0.1341049 0.8576789
vt 0.1398016 0.8683352
vt 0.1803358 0.8565469
vt 0.1800142 0.847331
vt 0.1758911 0.8518127
vt 0.1766519 0.8609626
vt 0.1761774 0.8571895
vt 0.1733057 0.8589233
vt 0.1343597 0.8902942
vt 0.1273359 0.8978937
vt 0.1305548 0.8979656
vt 0.1398016 0.8683352
vt 0.1341049 0.8576789
vt 0.1225978 0.8650587
vt 0.1407213 0.8723711
vt 0.1398016 0.8683352
vt 0.1247912 0.8717351
vt 0.1224619 0.8835444
vt 0.1206272 0.8871187
vt 0.1343597 0.8902942
vt 0.1523061 0.8473008
vt 0.1388087 0.8352446
vt 0.1367306 0.8369125
vt 0.1386327 0.8827228
vt 0.122294 0.8798587
vt 0.1224619 0.8835444
vt 0.1733057 0.8589233
vt 0.1709636 0.8570068
vt 0.1712805 0.8596526
vt 0.1744625 0.8750563
vt 0.1766519 0.8609626
vt 0.1733109 0.8611661
vt 0.1225247 0.8783752
vt 0.122294 0.8798587
vt 0.1386327 0.8827228
vt 0.136651 0.8909673
vt 0.139638 0.8925871
vt 0.1442422 0.8838715
vt 0.1453178 0.8836172
vt 0.1422458 0.8914471
vt 0.1539399 0.88785
vt 0.1718934 0.8448847
vt 0.1623533 0.8497585
vt 0.1647903 0.8524917
vt 0.136651 0.8909673
vt 0.1408883 0.8832158
vt 0.1382261 0.8835093
vt 0.1539399 0.88785
vt 0.1439279 0.90293718
vt 0.152049 0.90265453
vt 0.1575824 0.90609956
vt 0.1667426 0.8866601
vt 0.1599978 0.8870767
vt 0.170166 0.8527568
vt 0.1647903 0.8524917
vt 0.1690225 0.8574622
vt 0.1453178 0.8836172
vt 0.1458142 0.8751494
vt 0.1442422 0.8838715
vt 0.1429104 0.8757889
vt 0.1408883 0.8832158
vt 0.1442422 0.8838715
vt 0.1453178 0.8836172
vt 0.1539399 0.88785
vt 0.156245 0.8766302
vt 0.1733109 0.8611661
vt 0.1712805 0.8596526
vt 0.170018 0.8650511
vt 0.1386327 0.8827228
vt 0.1382261 0.8835093
vt 0.1408883 0.8832158
vt 0.1429104 0.8757889
vt 0.1410004 0.8759694
vt 0.1386327 0.8827228
vt 0.154307 0.8460297
vt 0.1408752 0.8336474
vt 0.1388087 0.8352446
vt 0.1439504 0.8650134
vt 0.144653 0.867472
vt 0.1559406 0.8648801
vt 0.1587597 0.8597675
vt 0.1523061 0.8473008
vt 0.1480376 0.848649
vt 0.1458044 0.8727032
vt 0.1458142 0.8751494
vt 0.156245 0.8766302
vt 0.1429104 0.8757889
vt 0.1458142 0.8751494
vt 0.1458044 0.8727032
vt 0.1422178 0.8679493
vt 0.1398016 0.8683352
vt 0.1407213 0.8723711
vt 0.144653 0.867472
vt 0.1458044 0.8727032
vt 0.1565192 0.868559
vt 0.1647903 0.8524917
vt 0.1619767 0.8592207
vt 0.1690225 0.8574622
vt 0.142843 0.8722221
vt 0.1407213 0.8723711
vt 0.1410004 0.8759694
vt 0.1647903 0.8524917
vt 0.1601313 0.8498257
vt 0.157544 0.8495834
vt 0.1599978 0.8870767
vt 0.1609984 0.8744138
vt 0.156245 0.8766302
vt 0.1663064 0.8746834
vt 0.1744625 0.8750563
vt 0.1710389 0.8694764
vt 0.1645241 0.8723601
vt 0.1609984 0.8744138
vt 0.1663064 0.8746834
vt 0.1685501 0.86613
vt 0.1645241 0.8723601
vt 0.1682957 0.870171
vt 0.1597389 0.8673939
vt 0.1609984 0.8744138
vt 0.1645241 0.8723601
vt 0.162431 0.866231
vt 0.1645241 0.8723601
vt 0.1685501 0.86613
vt 0.1609984 0.8744138
vt 0.1597389 0.8673939
vt 0.1565192 0.868559
vt 0.1619767 0.8592207
vt 0.1619635 0.862976
vt 0.1642133 0.8611934
vt 0.1662545 0.8601155
vt 0.1619767 0.8592207
vt 0.1642133 0.8611934
vt 0.1546694 0.8609004
vt 0.1559406 0.8648801
vt 0.1592404 0.8638955
vt 0.1597389 0.8673939
vt 0.1592404 0.8638955
vt 0.1559406 0.8648801
vt 0.162431 0.866231
vt 0.1619635 0.862976
vt 0.1592404 0.8638955
vt 0.1587597 0.8597675
vt 0.1592404 0.8638955
vt 0.1619635 0.862976
vt 0.1682957 0.870171
vt 0.1710389 0.8694764
vt 0.170018 0.8650511
vt 0.1715358 0.861583
vt 0.1676849 0.863346
vt 0.1685501 0.86613
vt 0.1115351 0.8853519
vt 0.1176768 0.8899441
vt 0.1206272 0.8871187
vt 0.09222984 0.8654874
vt 0.09490978 0.8652056
vt 0.09183454 0.8577738
vt 0.07133346 0.8928002
vt 0.07962107 0.90046573
vt 0.08025079 0.899587
vt 0.0887134 0.90735454
vt 0.08966964 0.90562422
vt 0.08025079 0.899587
vt 0.08025079 0.899587
vt 0.08966964 0.90562422
vt 0.0893132 0.90381152
vt 0.07454472 0.891126
vt 0.07312285 0.8913543
vt 0.08025079 0.899587
vt 0.07066977 0.8810713
vt 0.06934523 0.8815094
vt 0.07312285 0.8913543
vt 0.06322127 0.8830085
vt 0.05992305 0.8814159
vt 0.06478589 0.8952145
vt 0.06781721 0.8948697
vt 0.06478589 0.8952145
vt 0.07473909 0.90628744
vt 0.07221382 0.90917027
vt 0.07473909 0.90628744
vt 0.06478589 0.8952145
vt 0.07221382 0.90917027
vt 0.08559572 0.91834695
vt 0.08609354 0.91401959
vt 0.1002621 0.91536451
vt 0.08700382 0.91171212
vt 0.08609354 0.91401959
vt 0.1015765 0.91862053
vt 0.1162818 0.91743559
vt 0.1122067 0.91428352
vt 0.1125323 0.882455
vt 0.1206272 0.8871187
vt 0.1224619 0.8835444
vt 0.1126748 0.8798053
vt 0.122294 0.8798587
vt 0.1225247 0.8783752
vt 0.1410004 0.8759694
vt 0.1407213 0.8723711
vt 0.1227635 0.8766796
vt 0.1125323 0.882455
vt 0.1224619 0.8835444
vt 0.122294 0.8798587
vt 0.1176768 0.8899441
vt 0.1115351 0.8853519
vt 0.1094132 0.8883351
vt 0.1047307 0.8916365
vt 0.1047996 0.8906041
vt 0.09972244 0.8917105
vt 0.1162818 0.91743559
vt 0.1310566 0.9120797
vt 0.126026 0.90871013
vt 0.1310566 0.9120797
vt 0.1162818 0.91743559
vt 0.1210382 0.92176831
vt 0.1383341 0.91428626
vt 0.152049 0.90265453
vt 0.1439279 0.90293718
vt 0.152049 0.90265453
vt 0.1383341 0.91428626
vt 0.1434568 0.91709883
vt 0.1012701 0.8406964
vt 0.1136103 0.8427476
vt 0.1144723 0.8410512
vt 0.1136103 0.8427476
vt 0.1080155 0.8541703
vt 0.1163843 0.8583066
vt 0.1273359 0.8978937
vt 0.1343597 0.8902942
vt 0.1206272 0.8871187
vt 0.1117139 0.8798728
vt 0.1115269 0.8823882
vt 0.1125323 0.882455
vt 0.1007292 0.8863495
vt 0.1034541 0.8853375
vt 0.1029838 0.8851154
vt 0.1053518 0.8837564
vt 0.1048159 0.8835894
vt 0.1029838 0.8851154
vt 0.08209854 0.8647558
vt 0.07575064 0.8558379
vt 0.07136523 0.8643449
vt 0.08547735 0.8613622
vt 0.0806396 0.849941
vt 0.07575064 0.8558379
vt 0.06739425 0.8399045
vt 0.07021057 0.8436268
vt 0.07840591 0.835883
vt 0.07708895 0.8249161
vt 0.07355391 0.8208898
vt 0.06012415 0.8325934
vt 0.08015066 0.8188985
vt 0.07971376 0.8160364
vt 0.07355391 0.8208898
vt 0.1037981 0.8172718
vt 0.1064678 0.8183706
vt 0.1078147 0.8036458
vt 0.1005308 0.8158726
vt 0.1037981 0.8172718
vt 0.1078147 0.8036458
vt 0.1027911 0.8192407
vt 0.1057538 0.8201837
vt 0.1064678 0.8183706
vt 0.1037981 0.8172718
vt 0.1005308 0.8158726
vt 0.0992434 0.8178758
vt 0.08209854 0.8647558
vt 0.07942485 0.8691274
vt 0.08485198 0.8710351
vt 0.08665663 0.8756931
vt 0.08681589 0.8785682
vt 0.0874859 0.8781999
vt 0.08820068 0.882194
vt 0.08681589 0.8785682
vt 0.08590739 0.8789561
vt 0.08900862 0.8821124
vt 0.08820068 0.882194
vt 0.09078311 0.8852646
vt 0.09303385 0.8692325
vt 0.09060132 0.8681388
vt 0.09163838 0.8696226
vt 0.0884847 0.8716285
vt 0.08753019 0.8729971
vt 0.08815973 0.873416
vt 0.08904606 0.8721728
vt 0.08815973 0.873416
vt 0.08819997 0.8736656
vt 0.09275007 0.870012
vt 0.09284186 0.8697628
vt 0.09192568 0.8702153
vt 0.09085386 0.8725279
vt 0.09047448 0.871213
vt 0.08910936 0.8724405
vt 0.09727615 0.8654362
vt 0.09587842 0.865528
vt 0.09591591 0.8663076
vt 0.09601104 0.8667713
vt 0.09704035 0.8667278
vt 0.09713155 0.8661354
vt 0.1690225 0.8574622
vt 0.1619767 0.8592207
vt 0.1662545 0.8601155
vt 0.1690225 0.8574622
vt 0.1662545 0.8601155
vt 0.1715358 0.861583
vt 0.05614626 0.86614
vt 0.06030762 0.8670772
vt 0.06377977 0.8541635
vt 0.09641331 0.8375972
vt 0.0963267 0.8277064
vt 0.08812636 0.8304289
vt 0.07840591 0.835883
vt 0.07021057 0.8436268
vt 0.07736104 0.8462763
vt 0.06377977 0.8541635
vt 0.06030762 0.8670772
vt 0.06615889 0.8607708
vt 0.08472043 0.8411278
vt 0.09295004 0.8382641
vt 0.08812636 0.8304289
vt 0.142843 0.8722221
vt 0.1458044 0.8727032
vt 0.144653 0.867472
vt 0.09320509 0.8697604
vt 0.09332132 0.8693945
vt 0.0929172 0.8695034
vt 0.09313237 0.8711994
vt 0.09372991 0.8707138
vt 0.09313356 0.8701225
vt 0.1012471 0.8873532
vt 0.1049253 0.8857335
vt 0.1034541 0.8853375
vt 0.1069383 0.8834392
vt 0.1063561 0.8820581
vt 0.1053518 0.8837564
vt 0.1048159 0.8835894
vt 0.1053518 0.8837564
vt 0.1063561 0.8820581
vt 0.1030172 0.8883859
vt 0.1064923 0.8866263
vt 0.1049253 0.8857335
vt 0.1053524 0.8792103
vt 0.1070312 0.8794572
vt 0.1069813 0.8791135
vt 0.0972523 0.8861931
vt 0.1003369 0.8860236
vt 0.09833806 0.8842567
vt 0.1003369 0.8860236
vt 0.1029838 0.8851154
vt 0.1018738 0.8834876
vt 0.1122999 0.8947682
vt 0.1094132 0.8883351
vt 0.1047307 0.8916365
vt 0.09364914 0.89159
vt 0.09398066 0.8909874
vt 0.08889722 0.8883033
vt 0.1002532 0.8924309
vt 0.09972244 0.8917105
vt 0.09398066 0.8909874
vt 0.05011129 0.8499269
vt 0.04582256 0.8673917
vt 0.05278027 0.8658066
vt 0.06001931 0.8981526
vt 0.05352663 0.8825312
vt 0.04669606 0.8860105
vt 0.1023848 0.92340673
vt 0.1020092 0.92637021
vt 0.1210372 0.92623085
vt 0.1020092 0.92637021
vt 0.09878289 0.93437613
vt 0.1210533 0.93437613
vt 0.1426525 0.92679149
vt 0.1434568 0.91709883
vt 0.1210372 0.92623085
vt 0.1383341 0.91428626
vt 0.1210382 0.92176831
vt 0.1210372 0.92623085
vt 0.1731339 0.8933707
vt 0.1667426 0.8866601
vt 0.1575824 0.90609956
vt 0.1097923 0.8756397
vt 0.1090565 0.8759504
vt 0.1092627 0.8766146
vt 0.1045433 0.8695425
vt 0.1007913 0.8675404
vt 0.1002259 0.8686508
vt 0.1064151 0.8723814
vt 0.1078045 0.872004
vt 0.1045433 0.8695425
vt 0.1078045 0.872004
vt 0.1064151 0.8723814
vt 0.1078541 0.8740691
vt 0.09130138 0.8839422
vt 0.09225267 0.8823252
vt 0.09086626 0.8809802
vt 0.1176911 0.8108141
vt 0.1215554 0.8168651
vt 0.122572 0.8139744
vt 0.1176911 0.8108141
vt 0.122572 0.8139744
vt 0.1310576 0.8037155
vt 0.1619635 0.862976
vt 0.162431 0.866231
vt 0.1676849 0.863346
vt 0.09721666 0.8781494
vt 0.09910643 0.8784045
vt 0.09917467 0.8778516
vt 0.1018202 0.8777844
vt 0.1010058 0.8779561
vt 0.1008901 0.8784668
vt 0.1106029 0.8766268
vt 0.1114984 0.8766598
vt 0.1113069 0.8755012
vt 0.102905 0.8721291
vt 0.1017413 0.8722092
vt 0.1014026 0.8731018
vt 0.09958398 0.8715944
vt 0.09934002 0.8721979
vt 0.1006586 0.8715554
vt 0.1014812 0.8666786
vt 0.09727615 0.8654362
vt 0.09713155 0.8661354
vt 0.09843546 0.8003138
vt 0.09431701 0.8144246
vt 0.1005308 0.8158726
vt 0.1715358 0.861583
vt 0.170018 0.8650511
vt 0.1712805 0.8596526
vt 0.0616545 0.8970697
vt 0.06478589 0.8952145
vt 0.05992305 0.8814159
vt 0.1439279 0.90293718
vt 0.1539399 0.88785
vt 0.1422458 0.8914471
vt 0.134239 0.90236211
vt 0.1422458 0.8914471
vt 0.139638 0.8925871
vt 0.1422458 0.8914471
vt 0.1453178 0.8836172
vt 0.1442422 0.8838715
vt 0.05992305 0.8814159
vt 0.06322127 0.8830085
vt 0.06320756 0.8709876
vt 0.1104844 0.8798556
vt 0.1117139 0.8798728
vt 0.1115882 0.8776691
vt 0.1800142 0.847331
vt 0.1647903 0.8524917
vt 0.170166 0.8527568
vt 0.09677571 0.8673618
vt 0.09599715 0.8674158
vt 0.09696036 0.8693766
vt 0.08485198 0.8710351
vt 0.08310478 0.8747477
vt 0.08372157 0.8743465
vt 0.06894969 0.8714129
vt 0.07020676 0.872858
vt 0.07136523 0.8643449
vt 0.1176768 0.8899441
vt 0.1122999 0.8947682
vt 0.1193507 0.90274841
vt 0.08310478 0.8747477
vt 0.08485198 0.8710351
vt 0.07942485 0.8691274
vt 0.07942485 0.8691274
vt 0.07136523 0.8643449
vt 0.07020676 0.872858
vt 0.1159261 0.8391911
vt 0.1144723 0.8410512
vt 0.1267074 0.8476007
vt 0.1676849 0.863346
vt 0.1715358 0.861583
vt 0.1662545 0.8601155
vt 0.1744625 0.8750563
vt 0.1663064 0.8746834
vt 0.1667426 0.8866601
vt 0.1663064 0.8746834
vt 0.1609984 0.8744138
vt 0.1599978 0.8870767
vt 0.08766871 0.8684288
vt 0.08537411 0.8707886
vt 0.08765149 0.8705398
vt 0.08766871 0.8684288
vt 0.08765149 0.8705398
vt 0.08854919 0.8696111
vt 0.09479862 0.866575
vt 0.09591591 0.8663076
vt 0.09587842 0.865528
vt 0.09241402 0.8660978
vt 0.09230548 0.8673192
vt 0.09479862 0.866575
vt 0.1800142 0.847331
vt 0.1869639 0.8429459
vt 0.1805559 0.8370417
vt 0.1409482 0.7954703
vt 0.1369211 0.7896806
vt 0.1322538 0.7944385
vt 0.08513522 0.8226113
vt 0.07708895 0.8249161
vt 0.07758617 0.8308872
vt 0.07708895 0.8249161
vt 0.08513522 0.8226113
vt 0.08015066 0.8188985
vt 0.1365915 0.8571311
vt 0.1422178 0.8679493
vt 0.1439504 0.8650134
vt 0.1062246 0.8735126
vt 0.1059247 0.8742283
vt 0.1072517 0.874636
vt 0.09750646 0.7757429
vt 0.09720754 0.7556357
vt 0.04582256 0.7738708
vt 0.09750646 0.7757429
vt 0.05758959 0.7896408
vt 0.07313382 0.7896408
vt 0.04582256 0.7738708
vt 0.09720754 0.7556357
vt 0.07899755 0.7456238
vt 0.09016799 0.8776885
vt 0.09113478 0.877917
vt 0.08999019 0.8765774
vt 0.09122967 0.8795929
vt 0.09175908 0.8802074
vt 0.0918141 0.8789789
vt 0.09086626 0.8809802
vt 0.091457 0.8811148
vt 0.09175908 0.8802074
vt 0.09466958 0.8816989
vt 0.09479242 0.880022
vt 0.09394842 0.8797945
vt 0.09479242 0.880022
vt 0.09476709 0.8785872
vt 0.09385329 0.8783451
vt 0.0912379 0.8784106
vt 0.0918141 0.8789789
vt 0.09113478 0.877917
vt 0.09421181 0.876673
vt 0.09385329 0.8783451
vt 0.09476709 0.8785872
vt 0.0938186 0.88139
vt 0.09351158 0.8824581
vt 0.09400111 0.8831032
vt 0.09086626 0.8809802
vt 0.09225267 0.8823252
vt 0.091457 0.8811148
vt 0.09225267 0.8823252
vt 0.09400111 0.8831032
vt 0.09351158 0.8824581
vt 0.08999019 0.8765774
vt 0.09113478 0.877917
vt 0.09385329 0.8783451
vt 0.0918141 0.8789789
vt 0.09394842 0.8797945
vt 0.09385329 0.8783451
vt 0.09175908 0.8802074
vt 0.0938186 0.88139
vt 0.09394842 0.8797945
vt 0.091457 0.8811148
vt 0.09351158 0.8824581
vt 0.0938186 0.88139
vt 0.18875 0.93437613
vt 0.1965579 0.93437613
vt 0.18875 0.92656827
vt 0.0939511 0.8679823
vt 0.09423333 0.8684733
vt 0.09509801 0.86716
vt 0.09601104 0.8667713
vt 0.09591591 0.8663076
vt 0.09509801 0.86716
vt 0.09110671 0.8760041
vt 0.09219247 0.8748695
vt 0.09093421 0.8758404
vt 0.08961898 0.8771017
vt 0.09110671 0.8760041
vt 0.09023618 0.8769837
vt 0.09219247 0.8748695
vt 0.09337407 0.8734425
vt 0.09189468 0.874569
vt 0.09093421 0.8758404
vt 0.09189468 0.874569
vt 0.09066581 0.8756264
vt 0.09023618 0.8769837
vt 0.09093421 0.8758404
vt 0.09043592 0.8771475
vt 0.09337407 0.8734425
vt 0.09376955 0.8731925
vt 0.09329724 0.8731161
vt 0.09189468 0.874569
vt 0.09329724 0.8731161
vt 0.09159088 0.8741094
vt 0.09002935 0.8752071
vt 0.09066581 0.8756264
vt 0.0911858 0.8733804
vt 0.09321594 0.8725867
vt 0.09329724 0.8731161
vt 0.09360152 0.8723809
vt 0.09645473 0.8722398
vt 0.09586751 0.8711288
vt 0.09368354 0.8728852
vt 0.09284186 0.8697628
vt 0.09275007 0.870012
vt 0.09320509 0.8697604
vt 0.09284186 0.8697628
vt 0.0929172 0.8695034
vt 0.09192568 0.8702153
vt 0.09360152 0.8723809
vt 0.09362232 0.8716849
vt 0.09321594 0.8725867
vt 0.0911858 0.8733804
vt 0.09159088 0.8741094
vt 0.09314703 0.8719349
vt 0.09275007 0.870012
vt 0.09190291 0.8704117
vt 0.09313237 0.8711994
vt 0.08961898 0.8771017
vt 0.09023618 0.8769837
vt 0.08653563 0.8782923
vt 0.09190291 0.8704117
vt 0.09192568 0.8702153
vt 0.09047448 0.871213
vt 0.09085386 0.8725279
vt 0.09173154 0.8719227
vt 0.09047448 0.871213
vt 0.09352731 0.8691597
vt 0.09316366 0.8689007
vt 0.09332132 0.8693945
vt 0.09043592 0.8771475
vt 0.09066581 0.8756264
vt 0.08990675 0.8774454
vt 0.09192568 0.8702153
vt 0.09163838 0.8696226
vt 0.0905053 0.8709767
vt 0.09047448 0.871213
vt 0.0905053 0.8709767
vt 0.08910936 0.8724405
vt 0.0912379 0.8784106
vt 0.09016799 0.8776885
vt 0.09043592 0.8771475
vt 0.09372991 0.8707138
vt 0.09313237 0.8711994
vt 0.09314703 0.8719349
vt 0.09085386 0.8725279
vt 0.0911858 0.8733804
vt 0.09173154 0.8719227
vt 0.08854919 0.8696111
vt 0.09000837 0.8704045
vt 0.09060132 0.8681388
vt 0.09316366 0.8689007
vt 0.09230548 0.8673192
vt 0.09303385 0.8692325
vt 0.09611809 0.8701544
vt 0.09372991 0.8707138
vt 0.09586751 0.8711288
vt 0.09316366 0.8689007
vt 0.09352731 0.8691597
vt 0.0939511 0.8679823
vt 0.09611809 0.8701544
vt 0.09423333 0.8684733
vt 0.09372991 0.8707138
vt 0.0905053 0.8709767
vt 0.09000837 0.8704045
vt 0.08904606 0.8721728
vt 0.09000837 0.8704045
vt 0.08854919 0.8696111
vt 0.0884847 0.8716285
vt 0.0894832 0.866527
vt 0.0900498 0.8669634
vt 0.09222984 0.8654874
vt 0.08684158 0.8683091
vt 0.08766871 0.8684288
vt 0.0894832 0.866527
vt 0.09509801 0.86716
vt 0.09479862 0.866575
vt 0.0939511 0.8679823
vt 0.09222984 0.8654874
vt 0.08853524 0.8593146
vt 0.0894832 0.866527
vt 0.08766871 0.8684288
vt 0.08854919 0.8696111
vt 0.0900498 0.8669634
vt 0.08910936 0.8724405
vt 0.08819997 0.8736656
vt 0.0899049 0.8734813
vt 0.0900498 0.8669634
vt 0.09060132 0.8681388
vt 0.09241402 0.8660978
vt 0.0894832 0.866527
vt 0.08547735 0.8613622
vt 0.08684158 0.8683091
vt 0.08765149 0.8705398
vt 0.08667957 0.8720521
vt 0.0884847 0.8716285
vt 0.0911858 0.8733804
vt 0.0899049 0.8734813
vt 0.09002935 0.8752071
vt 0.09002935 0.8752071
vt 0.08895617 0.8756738
vt 0.08990675 0.8774454
vt 0.09670311 0.8712579
vt 0.09734123 0.8715846
vt 0.0973832 0.8709884
vt 0.09734123 0.8715846
vt 0.09670311 0.8712579
vt 0.09645473 0.8722398
vt 0.09734123 0.8715846
vt 0.09645473 0.8722398
vt 0.09812611 0.8719946
vt 0.08766871 0.8684288
vt 0.08684158 0.8683091
vt 0.08537411 0.8707886
vt 0.09222984 0.8654874
vt 0.09241402 0.8660978
vt 0.09490978 0.8652056
vt 0.0912379 0.8784106
vt 0.09043592 0.8771475
vt 0.09122967 0.8795929
vt 0.09490978 0.8652056
vt 0.09471404 0.8656242
vt 0.09544533 0.8650375
vt 0.09509801 0.86716
vt 0.09523147 0.8677424
vt 0.09601104 0.8667713
vt 0.09599715 0.8674158
vt 0.09523147 0.8677424
vt 0.09696036 0.8693766
vt 0.08727568 0.8757016
vt 0.08748698 0.8757823
vt 0.08815973 0.873416
vt 0.08921933 0.874664
vt 0.08819997 0.8736656
vt 0.08895617 0.8756738
vt 0.09734123 0.8715846
vt 0.09812611 0.8719946
vt 0.09787428 0.8710262
vt 0.08665663 0.8756931
vt 0.08727568 0.8757016
vt 0.08753019 0.8729971
vt 0.09183454 0.8577738
vt 0.09490978 0.8652056
vt 0.09378087 0.8568846
vt 0.0973832 0.8709884
vt 0.09787428 0.8710262
vt 0.09774905 0.8703139
vt 0.09677571 0.8673618
vt 0.09704035 0.8667278
vt 0.09599715 0.8674158
vt 0.09378087 0.8568846
vt 0.09544533 0.8650375
vt 0.09599238 0.8560901
vt 0.08567702 0.8753275
vt 0.08667957 0.8720521
vt 0.08372157 0.8743465
vt 0.08665663 0.8756931
vt 0.08753019 0.8729971
vt 0.08567702 0.8753275
vt 0.09670311 0.8712579
vt 0.09662342 0.8704808
vt 0.09586751 0.8711288
vt 0.0974695 0.8646547
vt 0.09604257 0.8648727
vt 0.09727615 0.8654362
vt 0.09866207 0.8724614
vt 0.09890282 0.8721729
vt 0.09862363 0.8722019
vt 0.09893667 0.8721057
vt 0.09892833 0.8719139
vt 0.09892135 0.8721331
vt 0.08372157 0.8743465
vt 0.08355838 0.8790193
vt 0.08567702 0.8753275
vt 0.08756262 0.8779749
vt 0.08891522 0.8777326
vt 0.08748698 0.8757823
vt 0.08748698 0.8757823
vt 0.08727568 0.8757016
vt 0.08756262 0.8779749
vt 0.0974695 0.8646547
vt 0.09727615 0.8654362
vt 0.1020921 0.8659233
vt 0.09736418 0.8698928
vt 0.09774905 0.8703139
vt 0.09827435 0.869201
vt 0.09787428 0.8710262
vt 0.09858727 0.8715672
vt 0.09828799 0.8703237
vt 0.09905034 0.8688722
vt 0.09828799 0.8703237
vt 0.1000668 0.869643
vt 0.08310198 0.8795801
vt 0.08355838 0.8790193
vt 0.08310478 0.8747477
vt 0.09896451 0.87214
vt 0.09890282 0.8721729
vt 0.09914588 0.8721938
vt 0.09827435 0.869201
vt 0.09868466 0.868135
vt 0.09677571 0.8673618
vt 0.08665663 0.8756931
vt 0.08567702 0.8753275
vt 0.08681589 0.8785682
vt 0.09599238 0.8560901
vt 0.09604257 0.8648727
vt 0.1000386 0.857508
vt 0.09704035 0.8667278
vt 0.09868466 0.868135
vt 0.09713155 0.8661354
vt 0.09736418 0.8698928
vt 0.09696036 0.8693766
vt 0.09662342 0.8704808
vt 0.09893667 0.8721057
vt 0.09898334 0.8720946
vt 0.09892833 0.8719139
vt 0.09898334 0.8720946
vt 0.09896451 0.87214
vt 0.09927463 0.8718526
vt 0.08756262 0.8779749
vt 0.08922141 0.8818914
vt 0.08891522 0.8777326
vt 0.09841781 0.8722549
vt 0.09894204 0.8717974
vt 0.09812611 0.8719946
vt 0.08756262 0.8779749
vt 0.0874859 0.8781999
vt 0.08922141 0.8818914
vt 0.08900862 0.8821124
vt 0.0874859 0.8781999
vt 0.08820068 0.882194
vt 0.07830333 0.88105
vt 0.08310198 0.8795801
vt 0.07790189 0.8746552
vt 0.08507591 0.884609
vt 0.08529168 0.8839994
vt 0.08310198 0.8795801
vt 0.08891522 0.8777326
vt 0.09086626 0.8809802
vt 0.08990675 0.8774454
vt 0.09892833 0.8719139
vt 0.09894204 0.8717974
vt 0.09862363 0.8722019
vt 0.09866207 0.8724614
vt 0.09862363 0.8722019
vt 0.09834629 0.8727857
vt 0.09767186 0.8744405
vt 0.09834629 0.8727857
vt 0.0977385 0.872516
vt 0.09947001 0.8683772
vt 0.09905034 0.8688722
vt 0.1002259 0.8686508
vt 0.1000386 0.857508
vt 0.0974695 0.8646547
vt 0.1054407 0.8595123
vt 0.07020676 0.872858
vt 0.07066977 0.8810713
vt 0.07790189 0.8746552
vt 0.09927463 0.8718526
vt 0.09958398 0.8715944
vt 0.09892833 0.8719139
vt 0.09894204 0.8717974
vt 0.09958398 0.8715944
vt 0.09920638 0.871197
vt 0.07136523 0.8643449
vt 0.07575064 0.8558379
vt 0.07043492 0.8635543
vt 0.09866207 0.8724614
vt 0.09834629 0.8727857
vt 0.09914588 0.8721938
vt 0.09933769 0.872525
vt 0.09942811 0.8730075
vt 0.09767186 0.8744405
vt 0.07043492 0.8635543
vt 0.0742914 0.8550724
vt 0.06812405 0.8621826
vt 0.07932227 0.8484687
vt 0.07736104 0.8462763
vt 0.0742914 0.8550724
vt 0.09914588 0.8721938
vt 0.09934002 0.8721979
vt 0.09927463 0.8718526
vt 0.0742914 0.8550724
vt 0.07575064 0.8558379
vt 0.07932227 0.8484687
vt 0.09114056 0.8845014
vt 0.09130138 0.8839422
vt 0.08900862 0.8821124
vt 0.08616 0.8460739
vt 0.0806396 0.849941
vt 0.08853524 0.8593146
vt 0.08969449 0.8442099
vt 0.08616 0.8460739
vt 0.09183454 0.8577738
vt 0.1024443 0.8710613
vt 0.1036944 0.8699413
vt 0.1000668 0.869643
vt 0.08743137 0.8827505
vt 0.08590739 0.8789561
vt 0.08529168 0.8839994
vt 0.1045433 0.8695425
vt 0.1056177 0.8688776
vt 0.1007913 0.8675404
vt 0.07066977 0.8810713
vt 0.07020676 0.872858
vt 0.06934523 0.8815094
vt 0.08087068 0.887565
vt 0.08507591 0.884609
vt 0.07830333 0.88105
vt 0.07066977 0.8810713
vt 0.07454472 0.891126
vt 0.07830333 0.88105
vt 0.0700618 0.853416
vt 0.06615889 0.8607708
vt 0.07149589 0.853917
vt 0.08605778 0.8441157
vt 0.07932227 0.8484687
vt 0.08616 0.8460739
vt 0.07932227 0.8484687
vt 0.08605778 0.8441157
vt 0.07736104 0.8462763
vt 0.06894969 0.8714129
vt 0.07043492 0.8635543
vt 0.06714236 0.871158
vt 0.1001737 0.8721644
vt 0.09934002 0.8721979
vt 0.09942811 0.8730075
vt 0.09033471 0.8861381
vt 0.09078311 0.8852646
vt 0.08743137 0.8827505
vt 0.09033471 0.8861381
vt 0.08743137 0.8827505
vt 0.08889722 0.8883033
vt 0.08865159 0.8888423
vt 0.08889722 0.8883033
vt 0.08507591 0.884609
vt 0.09183454 0.8577738
vt 0.09378087 0.8568846
vt 0.08969449 0.8442099
vt 0.06714236 0.871158
vt 0.06812405 0.8621826
vt 0.06320756 0.8709876
vt 0.06377977 0.8541635
vt 0.0700618 0.853416
vt 0.07021057 0.8436268
vt 0.06894969 0.8714129
vt 0.06714236 0.871158
vt 0.06934523 0.8815094
vt 0.09701043 0.8414093
vt 0.09325194 0.8423078
vt 0.09599238 0.8560901
vt 0.10209 0.8712047
vt 0.1024443 0.8710613
vt 0.1005709 0.8708211
vt 0.100605 0.853557
vt 0.1000386 0.857508
vt 0.1080155 0.8541703
vt 0.08605778 0.8441157
vt 0.09290409 0.8409105
vt 0.08472043 0.8411278
vt 0.1005398 0.8718694
vt 0.1006586 0.8715554
vt 0.1001737 0.8721644
vt 0.09325194 0.8423078
vt 0.09290409 0.8409105
vt 0.08969449 0.8442099
vt 0.06377977 0.8541635
vt 0.07021057 0.8436268
vt 0.06016504 0.8519034
vt 0.1056177 0.8688776
vt 0.1065943 0.8683438
vt 0.1014812 0.8666786
vt 0.08554422 0.8929921
vt 0.08865159 0.8888423
vt 0.08087068 0.887565
vt 0.06364923 0.8365344
vt 0.05641031 0.8503741
vt 0.06739425 0.8399045
vt 0.06714236 0.871158
vt 0.06320756 0.8709876
vt 0.0673173 0.8822943
vt 0.05614626 0.86614
vt 0.05608946 0.8819215
vt 0.06030762 0.8670772
vt 0.08554422 0.8929921
vt 0.08087068 0.887565
vt 0.08106201 0.8985355
vt 0.1065943 0.8683438
vt 0.1117662 0.8630832
vt 0.1020921 0.8659233
vt 0.07708895 0.8249161
vt 0.06364923 0.8365344
vt 0.07758617 0.8308872
vt 0.09290409 0.8409105
vt 0.09325194 0.8423078
vt 0.09657281 0.8398459
vt 0.06016504 0.8519034
vt 0.05641031 0.8503741
vt 0.05614626 0.86614
vt 0.05614626 0.86614
vt 0.05278027 0.8658066
vt 0.05608946 0.8819215
vt 0.06364923 0.8365344
vt 0.06012415 0.8325934
vt 0.05641031 0.8503741
vt 0.07133346 0.8928002
vt 0.07312285 0.8913543
vt 0.0673173 0.8822943
vt 0.07133346 0.8928002
vt 0.0673173 0.8822943
vt 0.06781721 0.8948697
vt 0.07840591 0.835883
vt 0.08812636 0.8304289
vt 0.07758617 0.8308872
vt 0.04669606 0.8860105
vt 0.05352663 0.8825312
vt 0.04582256 0.8673917
vt 0.09599238 0.8560901
vt 0.100605 0.853557
vt 0.09701043 0.8414093
vt 0.1012701 0.8406964
vt 0.1010484 0.8388933
vt 0.09701043 0.8414093
vt 0.09641331 0.8375972
vt 0.09295004 0.8382641
vt 0.09657281 0.8398459
vt 0.1011593 0.8370197
vt 0.09859675 0.8372822
vt 0.1010484 0.8388933
vt 0.1136103 0.8427476
vt 0.1012701 0.8406964
vt 0.1080155 0.8541703
vt 0.1007282 0.827113
vt 0.0963267 0.8277064
vt 0.09859675 0.8372822
vt 0.07758617 0.8308872
vt 0.08817988 0.8262525
vt 0.08513522 0.8226113
vt 0.08812636 0.8304289
vt 0.0963267 0.8277064
vt 0.08817988 0.8262525
vt 0.05608946 0.8819215
vt 0.05352663 0.8825312
vt 0.0616545 0.8970697
vt 0.105632 0.8265414
vt 0.1007282 0.827113
vt 0.1011593 0.8370197
vt 0.08015066 0.8188985
vt 0.08513522 0.8226113
vt 0.08669167 0.8152438
vt 0.06781721 0.8948697
vt 0.07625341 0.90446151
vt 0.07133346 0.8928002
vt 0.06992262 0.7977909
vt 0.07123839 0.8153449
vt 0.07947993 0.7985122
vt 0.06992262 0.7977909
vt 0.0674538 0.8106704
vt 0.07123839 0.8153449
vt 0.08015066 0.8188985
vt 0.08669167 0.8152438
vt 0.07971376 0.8160364
vt 0.08905065 0.7989829
vt 0.07947993 0.7985122
vt 0.07971376 0.8160364
vt 0.1117662 0.8630832
vt 0.1163843 0.8583066
vt 0.1054407 0.8595123
vt 0.1010484 0.8388933
vt 0.1144723 0.8410512
vt 0.1011593 0.8370197
vt 0.1008257 0.8241091
vt 0.09669226 0.8248384
vt 0.1007282 0.827113
vt 0.09701502 0.8225602
vt 0.08856457 0.8228353
vt 0.09669226 0.8248384
vt 0.08856457 0.8228353
vt 0.09701502 0.8225602
vt 0.09408801 0.8165872
vt 0.0616545 0.8970697
vt 0.06001931 0.8981526
vt 0.07221382 0.90917027
vt 0.07143288 0.91015012
vt 0.06001931 0.8981526
vt 0.06392467 0.91809142
vt 0.08669167 0.8152438
vt 0.08841526 0.818356
vt 0.09431701 0.8144246
vt 0.08669167 0.8152438
vt 0.09431701 0.8144246
vt 0.08905065 0.7989829
vt 0.1007282 0.827113
vt 0.105632 0.8265414
vt 0.1008257 0.8241091
vt 0.09669226 0.8248384
vt 0.1008257 0.8241091
vt 0.09701502 0.8225602
vt 0.1011593 0.8370197
vt 0.1159261 0.8391911
vt 0.105632 0.8265414
vt 0.09701502 0.8225602
vt 0.1011088 0.8217166
vt 0.0992434 0.8178758
vt 0.1057538 0.8201837
vt 0.1011088 0.8217166
vt 0.1058163 0.8228357
vt 0.09431701 0.8144246
vt 0.09408801 0.8165872
vt 0.1005308 0.8158726
vt 0.105632 0.8265414
vt 0.1213531 0.828205
vt 0.1058163 0.8228357
vt 0.1144723 0.8410512
vt 0.1136103 0.8427476
vt 0.1267074 0.8476007
vt 0.1087887 0.8190175
vt 0.1176911 0.8108141
vt 0.1064678 0.8183706
vt 0.1559749 0.8201297
vt 0.1310576 0.8037155
vt 0.1468059 0.8286933
vt 0.1215554 0.8168651
vt 0.1176911 0.8108141
vt 0.1175042 0.819177
vt 0.122572 0.8139744
vt 0.1215554 0.8168651
vt 0.1468059 0.8286933
vt 0.1614866 0.8149528
vt 0.1409482 0.7954703
vt 0.1559749 0.8201297
vt 0.1367306 0.8369125
vt 0.1213531 0.828205
vt 0.1286977 0.8460813
vt 0.1388087 0.8352446
vt 0.123859 0.8240333
vt 0.1367306 0.8369125
vt 0.123859 0.8240333
vt 0.1388087 0.8352446
vt 0.1254728 0.8219909
vt 0.09421181 0.876673
vt 0.09494411 0.877324
vt 0.09697306 0.8778194
vt 0.09476709 0.8785872
vt 0.09719473 0.879192
vt 0.09494411 0.877324
vt 0.09479242 0.880022
vt 0.09741532 0.880583
vt 0.09476709 0.8785872
vt 0.1013414 0.8737552
vt 0.1016935 0.8742154
vt 0.1020352 0.8734245
vt 0.1028584 0.8752557
vt 0.1016935 0.8742154
vt 0.1023506 0.8762906
vt 0.09479242 0.880022
vt 0.09466958 0.8816989
vt 0.09741532 0.880583
vt 0.09721666 0.8781494
vt 0.09719473 0.879192
vt 0.09910643 0.8784045
vt 0.09741532 0.880583
vt 0.09981882 0.8805287
vt 0.09719473 0.879192
vt 0.103437 0.874673
vt 0.1023509 0.8738331
vt 0.1028584 0.8752557
vt 0.1014243 0.8735596
vt 0.1013414 0.8737552
vt 0.1018166 0.8733827
vt 0.1013414 0.8737552
vt 0.1007291 0.8734121
vt 0.1005735 0.87445
vt 0.09781461 0.8824493
vt 0.09466958 0.8816989
vt 0.09686797 0.8841054
vt 0.09402 0.8854425
vt 0.09400111 0.8831032
vt 0.09130138 0.8839422
vt 0.09412872 0.8859674
vt 0.09402 0.8854425
vt 0.09114056 0.8845014
vt 0.09114056 0.8845014
vt 0.09078311 0.8852646
vt 0.09412872 0.8859674
vt 0.1014243 0.8735596
vt 0.1011227 0.8733746
vt 0.1013414 0.8737552
vt 0.1015161 0.8733336
vt 0.1014737 0.8733122
vt 0.1014243 0.8735596
vt 0.1018525 0.8730869
vt 0.1018166 0.8733827
vt 0.1021434 0.8728678
vt 0.102905 0.8721291
vt 0.1021434 0.8728678
vt 0.1028218 0.8732543
vt 0.09781461 0.8824493
vt 0.1007652 0.8820637
vt 0.09741532 0.880583
vt 0.101562 0.8733146
vt 0.1015321 0.8733068
vt 0.1018166 0.8733827
vt 0.1007291 0.8734121
vt 0.1014026 0.8731018
vt 0.1008214 0.8729554
vt 0.1042213 0.8742564
vt 0.1028218 0.8732543
vt 0.103437 0.874673
vt 0.09910643 0.8784045
vt 0.1008901 0.8784668
vt 0.09917467 0.8778516
vt 0.1011919 0.8791407
vt 0.1008901 0.8784668
vt 0.099325 0.8793493
vt 0.09033471 0.8861381
vt 0.08889722 0.8883033
vt 0.09433758 0.8882071
vt 0.1011227 0.8733746
vt 0.1014423 0.8731545
vt 0.1007291 0.8734121
vt 0.1011227 0.8733746
vt 0.1014737 0.8733122
vt 0.1014423 0.8731545
vt 0.1007291 0.8734121
vt 0.1008214 0.8729554
vt 0.0994879 0.8727615
vt 0.09033471 0.8861381
vt 0.09433758 0.8882071
vt 0.09078311 0.8852646
vt 0.1014423 0.8731545
vt 0.1018525 0.8730869
vt 0.1014026 0.8731018
vt 0.1048796 0.8724591
vt 0.1024443 0.8710613
vt 0.102905 0.8721291
vt 0.1015686 0.8732749
vt 0.101562 0.8733146
vt 0.1018525 0.8730869
vt 0.09981882 0.8805287
vt 0.1018284 0.8799041
vt 0.099325 0.8793493
vt 0.1015141 0.8732762
vt 0.1015686 0.8732749
vt 0.1014423 0.8731545
vt 0.09753745 0.8866148
vt 0.0972523 0.8861931
vt 0.09412872 0.8859674
vt 0.1023506 0.8762906
vt 0.1035562 0.8759009
vt 0.1028584 0.8752557
vt 0.1023506 0.8762906
vt 0.1029943 0.8782894
vt 0.1039317 0.8767529
vt 0.09400111 0.8831032
vt 0.09402 0.8854425
vt 0.09686797 0.8841054
vt 0.08554422 0.8929921
vt 0.09187144 0.8967245
vt 0.08865159 0.8888423
vt 0.1036425 0.8752062
vt 0.1044492 0.8747659
vt 0.103437 0.874673
vt 0.1007652 0.8820637
vt 0.1029773 0.8808057
vt 0.09981882 0.8805287
vt 0.1051258 0.8763799
vt 0.1045784 0.8759068
vt 0.1039317 0.8767529
vt 0.09972244 0.8917105
vt 0.09889739 0.888931
vt 0.09398066 0.8909874
vt 0.09829807 0.8876763
vt 0.09753745 0.8866148
vt 0.09452247 0.8871059
vt 0.08554422 0.8929921
vt 0.08106201 0.8985355
vt 0.09187144 0.8967245
vt 0.09889739 0.888931
vt 0.09829807 0.8876763
vt 0.09433758 0.8882071
vt 0.1064151 0.8723814
vt 0.1036944 0.8699413
vt 0.1048796 0.8724591
vt 0.1007292 0.8863495
vt 0.1003369 0.8860236
vt 0.09753745 0.8866148
vt 0.1002532 0.8924309
vt 0.09364914 0.89159
vt 0.09929579 0.8982123
vt 0.1062246 0.8735126
vt 0.1048796 0.8724591
vt 0.1042213 0.8742564
vt 0.1018738 0.8834876
vt 0.1007652 0.8820637
vt 0.09833806 0.8842567
vt 0.1042213 0.8742564
vt 0.1044492 0.8747659
vt 0.1059247 0.8742283
vt 0.1023823 0.8782656
vt 0.1008901 0.8784668
vt 0.1027461 0.8785328
vt 0.1011919 0.8791407
vt 0.1018284 0.8799041
vt 0.1027461 0.8785328
vt 0.1169454 0.8681121
vt 0.1117662 0.8630832
vt 0.1100688 0.8713937
vt 0.1051526 0.8752028
vt 0.1045784 0.8759068
vt 0.1059326 0.8755473
vt 0.1029773 0.8808057
vt 0.1043974 0.879065
vt 0.1018284 0.8799041
vt 0.1023823 0.8782656
vt 0.1027461 0.8785328
vt 0.1026272 0.8781947
vt 0.1089781 0.8717144
vt 0.1100688 0.8713937
vt 0.1056177 0.8688776
vt 0.1051258 0.8763799
vt 0.1039317 0.8767529
vt 0.1056464 0.8785778
vt 0.1077007 0.8790805
vt 0.1085255 0.8780925
vt 0.1056464 0.8785778
vt 0.1092627 0.8766146
vt 0.1059326 0.8755473
vt 0.109104 0.8772363
vt 0.1089781 0.8717144
vt 0.1056177 0.8688776
vt 0.1078045 0.872004
vt 0.09753745 0.8866148
vt 0.09829807 0.8876763
vt 0.1007292 0.8863495
vt 0.103455 0.8788202
vt 0.1037067 0.8783783
vt 0.1027461 0.8785328
vt 0.07962107 0.90046573
vt 0.07625341 0.90446151
vt 0.0887134 0.90735454
vt 0.1047996 0.8906041
vt 0.1030172 0.8883859
vt 0.09972244 0.8917105
vt 0.09829807 0.8876763
vt 0.09889739 0.888931
vt 0.1012471 0.8873532
vt 0.1078541 0.8740691
vt 0.1064151 0.8723814
vt 0.1062246 0.8735126
vt 0.1029838 0.8851154
vt 0.1048159 0.8835894
vt 0.1018738 0.8834876
vt 0.07625341 0.90446151
vt 0.07473909 0.90628744
vt 0.08700382 0.91171212
vt 0.1059326 0.8755473
vt 0.1092627 0.8766146
vt 0.1072517 0.874636
vt 0.1043974 0.879065
vt 0.1046076 0.8784718
vt 0.103455 0.8788202
vt 0.1007652 0.8820637
vt 0.1035556 0.8822947
vt 0.1029773 0.8808057
vt 0.09929579 0.8982123
vt 0.1063798 0.8974844
vt 0.1002532 0.8924309
vt 0.07143288 0.91015012
vt 0.08472287 0.92009932
vt 0.07221382 0.90917027
vt 0.1053524 0.8792103
vt 0.1056464 0.8785778
vt 0.1043974 0.879065
vt 0.1053524 0.8792103
vt 0.1043974 0.879065
vt 0.104633 0.8808487
vt 0.09187144 0.8967245
vt 0.0893132 0.90381152
vt 0.09929579 0.8982123
vt 0.08472287 0.92009932
vt 0.07143288 0.91015012
vt 0.07762622 0.92741383
vt 0.104633 0.8808487
vt 0.1035556 0.8822947
vt 0.1059176 0.8819426
vt 0.1100688 0.8713937
vt 0.1089781 0.8717144
vt 0.1122254 0.875493
vt 0.1008092 0.90825785
vt 0.1009189 0.90657187
vt 0.08966964 0.90562422
vt 0.1030172 0.8883859
vt 0.1047996 0.8906041
vt 0.1064923 0.8866263
vt 0.104633 0.8808487
vt 0.1066311 0.8803865
vt 0.1053524 0.8792103
vt 0.1008092 0.90825785
vt 0.08966964 0.90562422
vt 0.1004659 0.91042048
vt 0.1097923 0.8756397
vt 0.1078541 0.8740691
vt 0.1090565 0.8759504
vt 0.1078541 0.8740691
vt 0.1097923 0.8756397
vt 0.1091436 0.8737103
vt 0.1117662 0.8630832
vt 0.1169454 0.8681121
vt 0.1163843 0.8583066
vt 0.0887134 0.90735454
vt 0.08700382 0.91171212
vt 0.1004659 0.91042048
vt 0.1034541 0.8853375
vt 0.1049253 0.8857335
vt 0.1053518 0.8837564
vt 0.1104596 0.8755569
vt 0.1113069 0.8755012
vt 0.1091436 0.8737103
vt 0.1063561 0.8820581
vt 0.106999 0.8804498
vt 0.1059176 0.8819426
vt 0.1069383 0.8834392
vt 0.1078707 0.880783
vt 0.1063561 0.8820581
vt 0.1023848 0.92340673
vt 0.1015765 0.91862053
vt 0.08559572 0.91834695
vt 0.1069813 0.8791135
vt 0.1070312 0.8794572
vt 0.1072592 0.8791017
vt 0.1070312 0.8794572
vt 0.1066311 0.8803865
vt 0.1071959 0.8794749
vt 0.1020092 0.92637021
vt 0.08472287 0.92009932
vt 0.09878289 0.93437613
vt 0.1023848 0.92340673
vt 0.08559572 0.91834695
vt 0.1020092 0.92637021
vt 0.1202924 0.8728638
vt 0.1169454 0.8681121
vt 0.1122254 0.875493
vt 0.1071959 0.8794749
vt 0.1079764 0.8793864
vt 0.1072592 0.8791017
vt 0.1071959 0.8794749
vt 0.106999 0.8804498
vt 0.1079764 0.8793864
vt 0.1064923 0.8866263
vt 0.1087167 0.8842863
vt 0.1062123 0.8844238
vt 0.1087167 0.8842863
vt 0.1098975 0.8819198
vt 0.1069383 0.8834392
vt 0.1084432 0.8880077
vt 0.1047996 0.8906041
vt 0.1094132 0.8883351
vt 0.1100147 0.90586967
vt 0.1063798 0.8974844
vt 0.1009189 0.90657187
vt 0.1079764 0.8793864
vt 0.10925 0.8783964
vt 0.1077007 0.8790805
vt 0.1063798 0.8974844
vt 0.1100147 0.90586967
vt 0.1122999 0.8947682
vt 0.1009189 0.90657187
vt 0.1008092 0.90825785
vt 0.1100147 0.90586967
vt 0.1105158 0.8851589
vt 0.1087167 0.8842863
vt 0.1084432 0.8880077
vt 0.1121866 0.90721965
vt 0.1008092 0.90825785
vt 0.1122981 0.9096703
vt 0.1106029 0.8766268
vt 0.1104596 0.8755569
vt 0.1100204 0.8765569
vt 0.1122981 0.9096703
vt 0.1004659 0.91042048
vt 0.1122067 0.91428352
vt 0.1098378 0.8773593
vt 0.1100204 0.8765569
vt 0.109104 0.8772363
vt 0.10925 0.8783964
vt 0.1098378 0.8773593
vt 0.1085255 0.8780925
vt 0.1098975 0.8819198
vt 0.1104844 0.8798556
vt 0.1079764 0.8793864
vt 0.1084432 0.8880077
vt 0.1094132 0.8883351
vt 0.1105158 0.8851589
vt 0.1105766 0.8775995
vt 0.1106029 0.8766268
vt 0.1098378 0.8773593
vt 0.1104844 0.8798556
vt 0.1105766 0.8775995
vt 0.10925 0.8783964
vt 0.1106029 0.8766268
vt 0.1105766 0.8775995
vt 0.1114984 0.8766598
vt 0.1105158 0.8851589
vt 0.1115269 0.8823882
vt 0.1087167 0.8842863
vt 0.1122254 0.875493
vt 0.1113069 0.8755012
vt 0.1121964 0.876584
vt 0.1169454 0.8681121
vt 0.1202924 0.8728638
vt 0.1225978 0.8650587
vt 0.1210382 0.92176831
vt 0.1162818 0.91743559
vt 0.1023848 0.92340673
vt 0.1121964 0.876584
vt 0.1114984 0.8766598
vt 0.1123041 0.8775086
vt 0.1227635 0.8766796
vt 0.1202924 0.8728638
vt 0.1121964 0.876584
vt 0.1125323 0.882455
vt 0.1115269 0.8823882
vt 0.1115351 0.8853519
vt 0.1225247 0.8783752
vt 0.1227635 0.8766796
vt 0.1123041 0.8775086
vt 0.1117139 0.8798728
vt 0.1126748 0.8798053
vt 0.1115882 0.8776691
vt 0.1223138 0.90350909
vt 0.1193507 0.90274841
vt 0.1121866 0.90721965
vt 0.1122067 0.91428352
vt 0.126026 0.90871013
vt 0.1122981 0.9096703
vt 0.1223138 0.90350909
vt 0.1121866 0.90721965
vt 0.1233236 0.90598679
vt 0.1614866 0.8149528
vt 0.1559749 0.8201297
vt 0.1805559 0.8370417
vt 0.1623533 0.8497585
vt 0.1718934 0.8448847
vt 0.1468059 0.8286933
vt 0.1251657 0.8485694
vt 0.1163843 0.8583066
vt 0.1341049 0.8576789
vt 0.1233236 0.90598679
vt 0.126026 0.90871013
vt 0.1325935 0.90051568
vt 0.1305548 0.8979656
vt 0.1223138 0.90350909
vt 0.1325935 0.90051568
vt 0.1365915 0.8571311
vt 0.1267074 0.8476007
vt 0.1341049 0.8576789
vt 0.1391925 0.8563523
vt 0.1286977 0.8460813
vt 0.1365915 0.8571311
vt 0.1367306 0.8369125
vt 0.1286977 0.8460813
vt 0.1480376 0.848649
vt 0.1305548 0.8979656
vt 0.1273359 0.8978937
vt 0.1223138 0.90350909
vt 0.1452726 0.8293552
vt 0.1601313 0.8498257
vt 0.1468059 0.8286933
vt 0.1452726 0.8293552
vt 0.154307 0.8460297
vt 0.1601313 0.8498257
vt 0.126026 0.90871013
vt 0.1310566 0.9120797
vt 0.134239 0.90236211
vt 0.1800142 0.847331
vt 0.1803358 0.8565469
vt 0.1875084 0.854134
vt 0.1803358 0.8565469
vt 0.1874019 0.8687066
vt 0.1878784 0.8633144
vt 0.1803358 0.8565469
vt 0.1766519 0.8609626
vt 0.1874019 0.8687066
vt 0.136651 0.8909673
vt 0.1305548 0.8979656
vt 0.139638 0.8925871
vt 0.1480376 0.848649
vt 0.1391925 0.8563523
vt 0.1546694 0.8609004
vt 0.1575824 0.90609956
vt 0.1434568 0.91709883
vt 0.1618674 0.91248441
vt 0.1422178 0.8679493
vt 0.1365915 0.8571311
vt 0.1398016 0.8683352
vt 0.1761774 0.8571895
vt 0.1803358 0.8565469
vt 0.1758911 0.8518127
vt 0.1733109 0.8611661
vt 0.1766519 0.8609626
vt 0.1733057 0.8589233
vt 0.136651 0.8909673
vt 0.1343597 0.8902942
vt 0.1305548 0.8979656
vt 0.1247912 0.8717351
vt 0.1398016 0.8683352
vt 0.1225978 0.8650587
vt 0.1227635 0.8766796
vt 0.1407213 0.8723711
vt 0.1247912 0.8717351
vt 0.1382261 0.8835093
vt 0.1224619 0.8835444
vt 0.1343597 0.8902942
vt 0.1480376 0.848649
vt 0.1523061 0.8473008
vt 0.1367306 0.8369125
vt 0.1382261 0.8835093
vt 0.1386327 0.8827228
vt 0.1224619 0.8835444
vt 0.1733109 0.8611661
vt 0.1733057 0.8589233
vt 0.1712805 0.8596526
vt 0.1710389 0.8694764
vt 0.1744625 0.8750563
vt 0.1733109 0.8611661
vt 0.1410004 0.8759694
vt 0.1225247 0.8783752
vt 0.1386327 0.8827228
vt 0.1408883 0.8832158
vt 0.136651 0.8909673
vt 0.1442422 0.8838715
vt 0.1800142 0.847331
vt 0.1718934 0.8448847
vt 0.1647903 0.8524917
vt 0.1343597 0.8902942
vt 0.136651 0.8909673
vt 0.1382261 0.8835093
vt 0.1599978 0.8870767
vt 0.1539399 0.88785
vt 0.152049 0.90265453
vt 0.152049 0.90265453
vt 0.1575824 0.90609956
vt 0.1599978 0.8870767
vt 0.1709636 0.8570068
vt 0.170166 0.8527568
vt 0.1690225 0.8574622
vt 0.1458142 0.8751494
vt 0.1429104 0.8757889
vt 0.1442422 0.8838715
vt 0.1458142 0.8751494
vt 0.1453178 0.8836172
vt 0.156245 0.8766302
vt 0.1710389 0.8694764
vt 0.1733109 0.8611661
vt 0.170018 0.8650511
vt 0.1408883 0.8832158
vt 0.1429104 0.8757889
vt 0.1386327 0.8827228
vt 0.1523061 0.8473008
vt 0.154307 0.8460297
vt 0.1388087 0.8352446
vt 0.1546694 0.8609004
vt 0.1439504 0.8650134
vt 0.1559406 0.8648801
vt 0.1546694 0.8609004
vt 0.1587597 0.8597675
vt 0.1480376 0.848649
vt 0.1565192 0.868559
vt 0.1458044 0.8727032
vt 0.156245 0.8766302
vt 0.142843 0.8722221
vt 0.1429104 0.8757889
vt 0.1458044 0.8727032
vt 0.142843 0.8722221
vt 0.1422178 0.8679493
vt 0.1407213 0.8723711
vt 0.1559406 0.8648801
vt 0.144653 0.867472
vt 0.1565192 0.868559
vt 0.1429104 0.8757889
vt 0.142843 0.8722221
vt 0.1410004 0.8759694
vt 0.1619767 0.8592207
vt 0.1647903 0.8524917
vt 0.157544 0.8495834
vt 0.1539399 0.88785
vt 0.1599978 0.8870767
vt 0.156245 0.8766302
vt 0.1682957 0.870171
vt 0.1663064 0.8746834
vt 0.1710389 0.8694764
vt 0.162431 0.866231
vt 0.1597389 0.8673939
vt 0.1645241 0.8723601
vt 0.1676849 0.863346
vt 0.162431 0.866231
vt 0.1685501 0.86613
vt 0.156245 0.8766302
vt 0.1609984 0.8744138
vt 0.1565192 0.868559
vt 0.1587597 0.8597675
vt 0.1546694 0.8609004
vt 0.1592404 0.8638955
vt 0.1565192 0.868559
vt 0.1597389 0.8673939
vt 0.1559406 0.8648801
vt 0.1597389 0.8673939
vt 0.162431 0.866231
vt 0.1592404 0.8638955
vt 0.1619767 0.8592207
vt 0.1587597 0.8597675
vt 0.1619635 0.862976
vt 0.1685501 0.86613
vt 0.1682957 0.870171
vt 0.170018 0.8650511
vt 0.170018 0.8650511
vt 0.1715358 0.861583
vt 0.1685501 0.86613
vt 0.1125323 0.882455
vt 0.1115351 0.8853519
vt 0.1206272 0.8871187
vt 0.08853524 0.8593146
vt 0.09222984 0.8654874
vt 0.09183454 0.8577738
vt 0.07312285 0.8913543
vt 0.07133346 0.8928002
vt 0.08025079 0.899587
vt 0.07962107 0.90046573
vt 0.0887134 0.90735454
vt 0.08025079 0.899587
vt 0.08106201 0.8985355
vt 0.08025079 0.899587
vt 0.0893132 0.90381152
vt 0.08106201 0.8985355
vt 0.07454472 0.891126
vt 0.08025079 0.899587
vt 0.07454472 0.891126
vt 0.07066977 0.8810713
vt 0.07312285 0.8913543
vt 0.06781721 0.8948697
vt 0.06322127 0.8830085
vt 0.06478589 0.8952145
vt 0.07625341 0.90446151
vt 0.06781721 0.8948697
vt 0.07473909 0.90628744
vt 0.0616545 0.8970697
vt 0.07221382 0.90917027
vt 0.06478589 0.8952145
vt 0.07473909 0.90628744
vt 0.07221382 0.90917027
vt 0.08609354 0.91401959
vt 0.1015765 0.91862053
vt 0.1002621 0.91536451
vt 0.08609354 0.91401959
vt 0.1002621 0.91536451
vt 0.1015765 0.91862053
vt 0.1122067 0.91428352
vt 0.1123041 0.8775086
vt 0.1126748 0.8798053
vt 0.1225247 0.8783752
vt 0.1225247 0.8783752
vt 0.1410004 0.8759694
vt 0.1227635 0.8766796
vt 0.1126748 0.8798053
vt 0.1125323 0.882455
vt 0.122294 0.8798587
vt 0.1122999 0.8947682
vt 0.1176768 0.8899441
vt 0.1094132 0.8883351
vt 0.1002532 0.8924309
vt 0.1047307 0.8916365
vt 0.09972244 0.8917105
vt 0.1122067 0.91428352
vt 0.1162818 0.91743559
vt 0.126026 0.90871013
vt 0.1383341 0.91428626
vt 0.1310566 0.9120797
vt 0.1210382 0.92176831
vt 0.1310566 0.9120797
vt 0.1383341 0.91428626
vt 0.1439279 0.90293718
vt 0.1575824 0.90609956
vt 0.152049 0.90265453
vt 0.1434568 0.91709883
vt 0.1010484 0.8388933
vt 0.1012701 0.8406964
vt 0.1144723 0.8410512
vt 0.1251657 0.8485694
vt 0.1136103 0.8427476
vt 0.1163843 0.8583066
vt 0.1176768 0.8899441
vt 0.1273359 0.8978937
vt 0.1206272 0.8871187
vt 0.1126748 0.8798053
vt 0.1117139 0.8798728
vt 0.1125323 0.882455
vt 0.1003369 0.8860236
vt 0.1007292 0.8863495
vt 0.1029838 0.8851154
vt 0.1034541 0.8853375
vt 0.1053518 0.8837564
vt 0.1029838 0.8851154
vt 0.07942485 0.8691274
vt 0.08209854 0.8647558
vt 0.07136523 0.8643449
vt 0.08209854 0.8647558
vt 0.08547735 0.8613622
vt 0.07575064 0.8558379
vt 0.07758617 0.8308872
vt 0.06739425 0.8399045
vt 0.07840591 0.835883
vt 0.06364923 0.8365344
vt 0.07708895 0.8249161
vt 0.06012415 0.8325934
vt 0.07708895 0.8249161
vt 0.08015066 0.8188985
vt 0.07355391 0.8208898
vt 0.1037981 0.8172718
vt 0.1027911 0.8192407
vt 0.1064678 0.8183706
vt 0.1027911 0.8192407
vt 0.1037981 0.8172718
vt 0.0992434 0.8178758
vt 0.08684158 0.8683091
vt 0.08209854 0.8647558
vt 0.08485198 0.8710351
vt 0.08727568 0.8757016
vt 0.08665663 0.8756931
vt 0.0874859 0.8781999
vt 0.08743137 0.8827505
vt 0.08820068 0.882194
vt 0.08590739 0.8789561
vt 0.09114056 0.8845014
vt 0.08900862 0.8821124
vt 0.09078311 0.8852646
vt 0.0929172 0.8695034
vt 0.09303385 0.8692325
vt 0.09163838 0.8696226
vt 0.08904606 0.8721728
vt 0.0884847 0.8716285
vt 0.08815973 0.873416
vt 0.08910936 0.8724405
vt 0.08904606 0.8721728
vt 0.08819997 0.8736656
vt 0.09190291 0.8704117
vt 0.09275007 0.870012
vt 0.09192568 0.8702153
vt 0.0899049 0.8734813
vt 0.09085386 0.8725279
vt 0.08910936 0.8724405
vt 0.09713155 0.8661354
vt 0.09727615 0.8654362
vt 0.09591591 0.8663076
vt 0.09591591 0.8663076
vt 0.09601104 0.8667713
vt 0.09713155 0.8661354
vt 0.06016504 0.8519034
vt 0.05614626 0.86614
vt 0.06377977 0.8541635
vt 0.09295004 0.8382641
vt 0.09641331 0.8375972
vt 0.08812636 0.8304289
vt 0.08472043 0.8411278
vt 0.07840591 0.835883
vt 0.07736104 0.8462763
vt 0.0700618 0.853416
vt 0.06377977 0.8541635
vt 0.06615889 0.8607708
vt 0.07840591 0.835883
vt 0.08472043 0.8411278
vt 0.08812636 0.8304289
vt 0.1422178 0.8679493
vt 0.142843 0.8722221
vt 0.144653 0.867472
vt 0.09284186 0.8697628
vt 0.09320509 0.8697604
vt 0.0929172 0.8695034
vt 0.09275007 0.870012
vt 0.09313237 0.8711994
vt 0.09313356 0.8701225
vt 0.1007292 0.8863495
vt 0.1012471 0.8873532
vt 0.1034541 0.8853375
vt 0.1062123 0.8844238
vt 0.1069383 0.8834392
vt 0.1053518 0.8837564
vt 0.1059176 0.8819426
vt 0.1048159 0.8835894
vt 0.1063561 0.8820581
vt 0.1012471 0.8873532
vt 0.1030172 0.8883859
vt 0.1049253 0.8857335
vt 0.1056464 0.8785778
vt 0.1053524 0.8792103
vt 0.1069813 0.8791135
vt 0.09686797 0.8841054
vt 0.0972523 0.8861931
vt 0.09833806 0.8842567
vt 0.09833806 0.8842567
vt 0.1003369 0.8860236
vt 0.1018738 0.8834876
vt 0.1063798 0.8974844
vt 0.1122999 0.8947682
vt 0.1047307 0.8916365
vt 0.08865159 0.8888423
vt 0.09364914 0.89159
vt 0.08889722 0.8883033
vt 0.09364914 0.89159
vt 0.1002532 0.8924309
vt 0.09398066 0.8909874
vt 0.05641031 0.8503741
vt 0.05011129 0.8499269
vt 0.05278027 0.8658066
vt 0.05179899 0.90159864
vt 0.06001931 0.8981526
vt 0.04669606 0.8860105
vt 0.1210382 0.92176831
vt 0.1023848 0.92340673
vt 0.1210372 0.92623085
vt 0.1210372 0.92623085
vt 0.1020092 0.92637021
vt 0.1210533 0.93437613
vt 0.1210533 0.93437613
vt 0.1426525 0.92679149
vt 0.1210372 0.92623085
vt 0.1434568 0.91709883
vt 0.1383341 0.91428626
vt 0.1210372 0.92623085
vt 0.1618674 0.91248441
vt 0.1731339 0.8933707
vt 0.1575824 0.90609956
vt 0.1100204 0.8765569
vt 0.1097923 0.8756397
vt 0.1092627 0.8766146
vt 0.1036944 0.8699413
vt 0.1045433 0.8695425
vt 0.1002259 0.8686508
vt 0.1036944 0.8699413
vt 0.1064151 0.8723814
vt 0.1045433 0.8695425
vt 0.1091436 0.8737103
vt 0.1078045 0.872004
vt 0.1078541 0.8740691
vt 0.08922141 0.8818914
vt 0.09130138 0.8839422
vt 0.09086626 0.8809802
vt 0.1322538 0.7944385
vt 0.1176911 0.8108141
vt 0.1310576 0.8037155
vt 0.1642133 0.8611934
vt 0.1619635 0.862976
vt 0.1676849 0.863346
vt 0.09697306 0.8778194
vt 0.09721666 0.8781494
vt 0.09917467 0.8778516
vt 0.1023823 0.8782656
vt 0.1018202 0.8777844
vt 0.1008901 0.8784668
vt 0.1104596 0.8755569
vt 0.1106029 0.8766268
vt 0.1113069 0.8755012
vt 0.1021434 0.8728678
vt 0.102905 0.8721291
vt 0.1014026 0.8731018
vt 0.1005709 0.8708211
vt 0.09958398 0.8715944
vt 0.1006586 0.8715554
vt 0.1007913 0.8675404
vt 0.1014812 0.8666786
vt 0.09713155 0.8661354
vt 0.1078147 0.8036458
vt 0.09843546 0.8003138
vt 0.1005308 0.8158726
vt 0.1690225 0.8574622
vt 0.1715358 0.861583
vt 0.1712805 0.8596526
vt 0.05608946 0.8819215
vt 0.0616545 0.8970697
vt 0.05992305 0.8814159
vt 0.134239 0.90236211
vt 0.1439279 0.90293718
vt 0.1422458 0.8914471
vt 0.1325935 0.90051568
vt 0.134239 0.90236211
vt 0.139638 0.8925871
vt 0.139638 0.8925871
vt 0.1422458 0.8914471
vt 0.1442422 0.8838715
vt 0.06030762 0.8670772
vt 0.05992305 0.8814159
vt 0.06320756 0.8709876
vt 0.1105766 0.8775995
vt 0.1104844 0.8798556
vt 0.1115882 0.8776691
vt 0.1758911 0.8518127
vt 0.1800142 0.847331
vt 0.170166 0.8527568
vt 0.09827435 0.869201
vt 0.09677571 0.8673618
vt 0.09696036 0.8693766
vt 0.08537411 0.8707886
vt 0.08485198 0.8710351
vt 0.08372157 0.8743465
vt 0.07043492 0.8635543
vt 0.06894969 0.8714129
vt 0.07136523 0.8643449
vt 0.1273359 0.8978937
vt 0.1176768 0.8899441
vt 0.1193507 0.90274841
vt 0.07790189 0.8746552
vt 0.08310478 0.8747477
vt 0.07942485 0.8691274
vt 0.07790189 0.8746552
vt 0.07942485 0.8691274
vt 0.07020676 0.872858
vt 0.1286977 0.8460813
vt 0.1159261 0.8391911
vt 0.1267074 0.8476007
vt 0.1642133 0.8611934
vt 0.1676849 0.863346
vt 0.1662545 0.8601155
vt 0.1731339 0.8933707
vt 0.1744625 0.8750563
vt 0.1667426 0.8866601
vt 0.1667426 0.8866601
vt 0.1663064 0.8746834
vt 0.1599978 0.8870767
vt 0.09471404 0.8656242
vt 0.09479862 0.866575
vt 0.09587842 0.865528
vt 0.09471404 0.8656242
vt 0.09241402 0.8660978
vt 0.09479862 0.866575
vt 0.1718934 0.8448847
vt 0.1800142 0.847331
vt 0.1805559 0.8370417
vt 0.1310576 0.8037155
vt 0.1409482 0.7954703
vt 0.1322538 0.7944385
vt 0.1391925 0.8563523
vt 0.1365915 0.8571311
vt 0.1439504 0.8650134
vt 0.1078541 0.8740691
vt 0.1062246 0.8735126
vt 0.1072517 0.874636
vt 0.05758959 0.7896408
vt 0.09750646 0.7757429
vt 0.04582256 0.7738708
vt 0.08636975 0.7839925
vt 0.09750646 0.7757429
vt 0.07313382 0.7896408
vt 0.04925179 0.7592865
vt 0.04582256 0.7738708
vt 0.07899755 0.7456238
vt 0.08653563 0.8782923
vt 0.09016799 0.8776885
vt 0.08999019 0.8765774
vt 0.0912379 0.8784106
vt 0.09122967 0.8795929
vt 0.0918141 0.8789789
vt 0.09122967 0.8795929
vt 0.09086626 0.8809802
vt 0.09175908 0.8802074
vt 0.0938186 0.88139
vt 0.09466958 0.8816989
vt 0.09394842 0.8797945
vt 0.09394842 0.8797945
vt 0.09479242 0.880022
vt 0.09385329 0.8783451
vt 0.09016799 0.8776885
vt 0.0912379 0.8784106
vt 0.09113478 0.877917
vt 0.09494411 0.877324
vt 0.09421181 0.876673
vt 0.09476709 0.8785872
vt 0.09466958 0.8816989
vt 0.0938186 0.88139
vt 0.09400111 0.8831032
vt 0.091457 0.8811148
vt 0.09225267 0.8823252
vt 0.09351158 0.8824581
vt 0.09421181 0.876673
vt 0.08999019 0.8765774
vt 0.09385329 0.8783451
vt 0.09113478 0.877917
vt 0.0918141 0.8789789
vt 0.09385329 0.8783451
vt 0.0918141 0.8789789
vt 0.09175908 0.8802074
vt 0.09394842 0.8797945
vt 0.09175908 0.8802074
vt 0.091457 0.8811148
vt 0.0938186 0.88139
usemtl RFinger21UV
f 1/1 2/2 3/3
f 5/4 6/5 7/6
f 10/7 11/8 7/9
f 12/10 13/11 14/12
f 15/13 16/14 17/15
f 18/16 19/17 20/18
f 21/19 22/20 23/21
f 24/22 25/23 26/24
f 27/25 28/26 29/27
f 30/28 31/29 32/30
f 33/31 34/32 35/33
f 36/34 37/35 38/36
f 39/37 40/38 41/39
f 42/40 43/41 44/42
f 45/43 46/44 47/45
f 48/46 49/47 50/48
f 51/49 52/50 53/51
f 54/52 53/53 52/54
f 55/55 52/56 40/57
f 56/58 57/59 58/60
f 59/61 60/62 61/63
f 62/64 63/65 64/66
f 65/67 66/68 67/69
f 68/70 69/71 70/72
f 71/73 72/74 73/75
f 74/76 75/77 67/78
f 65/79 76/80 77/81
f 67/82 78/83 79/84
f 74/85 79/86 80/87
f 81/88 82/89 83/90
f 84/91 85/92 86/93
f 87/94 88/95 89/96
f 90/97 91/98 92/99
f 93/100 94/101 95/102
f 96/103 97/104 98/105
f 99/106 100/107 101/108
f 102/109 103/110 104/111
f 104/112 103/113 105/114
f 96/115 106/116 107/117
f 108/118 109/119 110/120
f 111/121 112/122 108/123
f 111/124 108/125 110/126
f 113/127 114/128 115/129
f 117/130 118/131 119/132
f 116/133 119/134 121/135
f 122/136 123/137 118/138
f 118/139 124/140 125/141
f 119/142 125/143 126/144
f 12/145 14/146 123/147
f 123/148 127/149 124/150
f 125/151 124/152 128/153
f 123/154 14/155 20/156
f 18/157 20/158 14/159
f 130/160 17/161 16/162
f 132/163 133/164 134/165
f 19/166 135/167 127/168
f 124/169 127/170 135/171
f 136/172 137/173 138/174
f 121/175 139/176 140/177
f 134/178 141/179 142/180
f 137/181 136/182 142/183
f 144/184 132/185 145/186
f 15/187 145/188 16/189
f 15/190 17/191 146/192
f 147/193 144/194 145/195
f 125/196 129/197 148/198
f 133/199 149/200 141/201
f 141/202 150/203 151/204
f 139/205 121/206 126/207
f 138/208 137/209 135/210
f 128/211 135/212 137/213
f 149/214 133/215 153/216
f 155/217 153/218 144/219
f 146/220 135/221 19/222
f 146/223 19/224 18/225
f 157/226 128/227 143/228
f 15/229 5/230 8/231
f 5/232 15/233 146/234
f 149/235 158/236 150/237
f 154/238 159/239 158/240
f 161/241 162/242 163/243
f 165/244 161/245 160/246
f 5/247 156/248 6/249
f 155/250 147/251 8/252
f 11/253 155/254 8/255
f 166/256 167/257 160/258
f 154/259 153/260 161/261
f 168/262 169/263 157/264
f 153/265 155/266 162/267
f 167/268 170/269 164/270
f 171/271 172/272 158/273
f 157/274 169/275 129/276
f 173/277 129/278 169/279
f 173/280 174/281 148/282
f 176/283 177/284 178/285
f 175/286 18/287 13/288
f 13/289 26/290 25/291
f 164/292 179/293 180/294
f 162/295 181/296 182/297
f 126/298 148/299 183/300
f 180/301 171/302 159/303
f 181/304 184/305 185/306
f 6/307 186/308 9/309
f 6/310 156/311 32/312
f 188/313 168/314 189/315
f 168/316 188/317 173/318
f 25/319 29/320 177/321
f 185/322 184/323 190/324
f 187/325 189/326 172/327
f 182/328 185/329 192/330
f 177/331 194/332 195/333
f 196/334 9/335 186/336
f 185/337 190/338 38/339
f 171/340 180/341 199/342
f 172/343 171/344 198/345
f 200/346 156/347 18/348
f 190/349 184/350 202/351
f 203/352 22/353 21/354
f 206/355 21/356 23/357
f 207/358 208/359 198/360
f 174/361 173/362 188/363
f 187/364 210/365 209/366
f 202/367 211/368 212/369
f 195/370 194/371 31/372
f 29/373 28/374 194/375
f 194/376 28/377 214/378
f 207/379 199/380 216/381
f 203/382 204/383 218/384
f 34/385 196/386 197/387
f 198/388 208/389 219/390
f 190/391 201/392 36/393
f 34/394 33/395 220/396
f 32/397 156/398 200/399
f 221/400 222/401 206/402
f 31/403 213/404 34/405
f 217/406 218/407 222/408
f 34/409 213/410 35/411
f 194/412 213/413 31/414
f 223/415 224/416 174/417
f 27/418 29/419 25/420
f 210/421 225/422 223/423
f 210/424 219/425 226/426
f 215/427 216/428 228/429
f 230/430 207/431 215/432
f 224/433 183/434 148/435
f 27/436 24/437 21/438
f 21/439 24/440 231/441
f 231/442 24/443 26/444
f 213/445 214/446 233/447
f 201/448 212/449 234/450
f 236/451 227/452 228/453
f 237/454 27/455 206/456
f 33/457 35/458 233/459
f 237/460 238/461 28/462
f 239/463 240/464 241/465
f 231/466 243/467 218/468
f 244/469 231/470 232/471
f 28/472 238/473 214/474
f 240/475 246/476 247/477
f 249/478 246/479 240/480
f 243/481 237/482 222/483
f 239/484 250/485 248/486
f 252/487 223/488 225/489
f 250/490 167/491 166/492
f 253/493 166/494 193/495
f 256/496 233/497 214/498
f 208/499 207/500 230/501
f 259/502 211/503 33/504
f 235/505 260/506 261/507
f 229/508 215/509 227/510
f 263/511 262/512 227/513
f 264/514 247/515 246/516
f 248/517 250/518 253/519
f 266/520 267/521 249/522
f 241/523 247/524 268/525
f 243/526 231/527 244/528
f 271/529 226/530 257/531
f 257/532 230/533 272/534
f 272/535 230/536 229/537
f 249/538 265/539 246/540
f 192/541 274/542 254/543
f 247/544 264/545 275/546
f 265/547 249/548 277/549
f 268/550 278/551 261/552
f 254/553 266/554 253/555
f 274/556 192/557 38/558
f 255/559 214/560 238/561
f 36/562 234/563 281/564
f 282/565 283/566 267/567
f 285/568 243/569 269/570
f 282/571 266/572 254/573
f 277/574 286/575 287/576
f 288/577 212/578 211/579
f 289/580 275/581 264/582
f 273/583 229/584 262/585
f 291/586 287/587 286/588
f 275/589 293/590 278/591
f 295/592 296/593 289/594
f 262/595 263/596 297/597
f 298/598 234/599 212/600
f 292/601 286/602 299/603
f 274/604 279/605 45/606
f 291/607 301/608 294/609
f 301/610 302/611 295/612
f 303/613 304/614 291/615
f 306/616 261/617 278/618
f 278/619 293/620 307/621
f 309/622 310/623 299/624
f 302/625 301/626 312/627
f 37/628 313/629 279/630
f 314/631 45/632 279/633
f 283/634 282/635 45/636
f 46/637 45/638 314/639
f 313/640 37/641 281/642
f 317/643 47/644 46/645
f 310/646 42/647 319/648
f 317/649 320/650 310/651
f 302/652 321/653 322/654
f 318/655 46/656 315/657
f 319/658 44/659 325/660
f 326/661 327/662 305/663
f 328/664 329/665 330/666
f 331/667 332/668 328/669
f 325/670 333/671 334/672
f 319/673 42/674 44/675
f 330/676 329/677 334/678
f 335/679 281/680 234/681
f 336/682 337/683 315/684
f 320/685 317/686 318/687
f 42/688 310/689 320/690
f 339/691 340/692 43/693
f 321/694 341/695 342/696
f 321/697 343/698 344/699
f 44/700 43/701 345/702
f 345/703 346/704 333/705
f 323/706 55/707 338/708
f 331/709 48/710 50/711
f 338/712 347/713 339/714
f 337/715 348/716 323/717
f 347/718 349/719 340/720
f 347/721 338/722 55/723
f 43/724 340/725 350/726
f 348/727 54/728 55/729
f 347/730 39/731 349/732
f 55/733 54/734 52/735
f 55/736 40/737 39/738
f 316/739 351/740 352/741
f 353/742 354/743 41/744
f 356/745 357/746 358/747
f 353/748 40/749 52/750
f 51/751 359/752 358/753
f 51/754 53/755 359/756
f 361/757 356/758 355/759
f 348/760 337/761 363/762
f 54/763 348/764 362/765
f 364/766 365/767 53/768
f 365/769 359/770 53/771
f 366/772 367/773 368/774
f 370/775 367/776 366/777
f 373/778 370/779 371/780
f 83/781 85/782 84/783
f 83/784 82/785 67/786
f 374/787 375/788 373/789
f 370/790 376/791 377/792
f 378/793 376/794 370/795
f 85/796 83/797 70/798
f 81/799 84/800 379/801
f 380/802 381/803 82/804
f 374/805 382/806 383/807
f 382/808 384/809 252/810
f 385/811 252/812 251/813
f 271/814 387/815 386/816
f 388/817 380/818 81/819
f 389/820 388/821 115/822
f 379/823 84/824 390/825
f 390/826 84/827 86/828
f 393/829 378/830 373/831
f 113/832 115/833 379/834
f 395/835 396/836 397/837
f 86/838 85/839 69/840
f 399/841 400/842 401/843
f 399/844 377/845 376/846
f 272/847 403/848 404/849
f 405/850 395/851 380/852
f 389/853 406/854 405/855
f 397/856 407/857 381/858
f 404/859 387/860 271/861
f 391/862 390/863 395/864
f 255/865 280/866 392/867
f 394/868 379/869 391/870
f 410/871 402/872 376/873
f 409/874 391/875 405/876
f 412/877 385/878 386/879
f 67/880 79/881 74/882
f 66/883 68/884 70/885
f 75/886 76/887 65/888
f 86/889 408/890 392/891
f 385/892 412/893 383/894
f 413/895 375/896 383/897
f 414/898 415/899 273/900
f 416/901 398/902 69/903
f 417/904 396/905 395/906
f 418/907 410/908 378/909
f 419/910 66/911 65/912
f 422/913 404/914 403/915
f 411/916 386/917 387/918
f 297/919 424/920 414/921
f 423/922 387/923 404/924
f 256/925 255/926 408/927
f 427/928 412/929 411/930
f 415/931 414/932 429/933
f 408/934 86/935 398/936
f 393/937 375/938 413/939
f 416/940 62/941 64/942
f 64/943 430/944 398/945
f 399/946 402/947 432/948
f 410/949 433/950 432/951
f 431/952 434/953 393/954
f 298/955 288/956 435/957
f 419/958 420/959 63/960
f 437/961 433/962 410/963
f 432/964 75/965 74/966
f 435/967 288/968 259/969
f 65/970 77/971 72/972
f 438/973 420/974 72/975
f 63/976 420/977 440/978
f 438/979 440/980 420/981
f 259/982 258/983 87/984
f 423/985 442/986 426/987
f 76/988 75/989 432/990
f 326/991 443/992 444/993
f 446/994 422/995 421/996
f 422/997 446/998 442/999
f 447/1000 64/1001 63/1002
f 425/1003 408/1004 430/1005
f 450/1006 434/1007 431/1008
f 451/1009 452/1010 443/1011
f 441/1012 453/1013 447/1014
f 77/1015 76/1016 433/1017
f 434/1018 454/1019 418/1020
f 455/1021 456/1022 428/1023
f 457/1024 458/1025 342/1026
f 72/1027 77/1028 437/1029
f 437/1030 418/1031 454/1032
f 424/1033 460/1034 429/1035
f 341/1036 344/1037 461/1038
f 434/1039 450/1040 462/1041
f 89/1042 463/1043 464/1044
f 460/1045 424/1046 466/1047
f 445/1048 467/1049 468/1050
f 454/1051 462/1052 469/1053
f 469/1054 470/1055 459/1056
f 466/1057 444/1058 471/1059
f 71/1060 439/1061 72/1062
f 448/1063 447/1064 453/1065
f 472/1066 473/1067 88/1068
f 436/1069 474/1070 335/1071
f 443/1072 475/1073 471/1074
f 477/1075 478/1076 479/1077
f 463/1078 89/1079 88/1080
f 481/1081 469/1082 462/1083
f 468/1084 478/1085 477/1086
f 483/1087 481/1088 480/1089
f 485/1090 452/1091 458/1092
f 470/1093 486/1094 71/1095
f 469/1096 481/1097 486/1098
f 457/1099 461/1100 488/1101
f 458/1102 457/1103 487/1104
f 436/1105 435/1106 464/1107
f 489/1108 439/1109 71/1110
f 481/1111 483/1112 489/1113
f 490/1114 482/1115 478/1116
f 491/1117 483/1118 482/1119
f 445/1120 456/1121 492/1122
f 455/1123 429/1124 460/1125
f 494/1126 438/1127 439/1128
f 483/1129 491/1130 489/1131
f 493/1132 495/1133 496/1134
f 465/1135 497/1136 493/1137
f 490/1138 468/1139 467/1140
f 465/1141 471/1142 499/1143
f 473/1144 472/1145 500/1146
f 471/1147 475/1148 502/1149
f 500/1150 441/1151 440/1152
f 503/1153 440/1154 438/1155
f 504/1156 494/1157 489/1158
f 492/1159 505/1160 498/1161
f 501/1162 500/1163 503/1164
f 506/1165 503/1166 494/1167
f 506/1168 507/1169 508/1170
f 509/1171 491/1172 490/1173
f 463/1174 508/1175 510/1176
f 509/1177 504/1178 491/1179
f 57/1180 56/1181 474/1182
f 511/1183 504/1184 509/1185
f 513/1186 485/1187 484/1188
f 508/1189 507/1190 514/1191
f 57/1192 464/1193 510/1194
f 509/1195 498/1196 505/1197
f 58/1198 510/1199 514/1200
f 517/1201 514/1202 507/1203
f 495/1204 493/1205 497/1206
f 519/1207 520/1208 499/1209
f 497/1210 499/1211 520/1212
f 355/1213 521/1214 522/1215
f 521/1216 355/1217 358/1218
f 335/1219 474/1220 523/1221
f 519/1222 524/1223 525/1224
f 518/1225 520/1226 525/1227
f 352/1228 351/1229 523/1230
f 363/1231 352/1232 527/1233
f 363/1234 528/1235 529/1236
f 530/1237 495/1238 518/1239
f 365/1240 109/1241 359/1242
f 94/1243 93/1244 358/1245
f 109/1246 108/1247 94/1248
f 531/1249 532/1250 524/1251
f 97/1252 103/1253 102/1254
f 534/1255 535/1256 103/1257
f 96/1258 107/1259 534/1260
f 526/1261 525/1262 536/1263
f 528/1264 90/1265 538/1266
f 540/1267 541/1268 542/1269
f 527/1270 523/1271 543/1272
f 97/1273 533/1274 544/1275
f 96/1276 98/1277 545/1278
f 547/1279 530/1280 526/1281
f 543/1282 523/1283 474/1284
f 548/1285 543/1286 56/1287
f 550/1288 551/1289 547/1290
f 110/1291 364/1292 362/1293
f 552/1294 553/1295 550/1296
f 545/1297 99/1298 101/1299
f 106/1300 96/1301 546/1302
f 516/1303 553/1304 552/1305
f 537/1306 536/1307 556/1308
f 558/1309 559/1310 560/1311
f 521/1312 93/1313 95/1314
f 537/1315 557/1316 549/1317
f 560/1318 532/1319 561/1320
f 539/1321 563/1322 562/1323
f 564/1324 95/1325 100/1326
f 558/1327 565/1328 556/1329
f 566/1330 557/1331 556/1332
f 558/1333 560/1334 567/1335
f 546/1336 101/1337 568/1338
f 552/1339 549/1340 557/1341
f 566/1342 555/1343 552/1344
f 109/1345 365/1346 364/1347
f 90/1348 92/1349 569/1350
f 111/1351 110/1352 529/1353
f 570/1354 565/1355 567/1356
f 566/1357 565/1358 570/1359
f 91/1360 543/1361 548/1362
f 92/1363 570/1364 571/1365
f 95/1366 112/1367 100/1368
f 572/1369 548/1370 555/1371
f 95/1372 94/1373 108/1374
f 562/1375 573/1376 567/1377
f 60/1378 106/1379 554/1380
f 59/1381 573/1382 60/1383
f 574/1384 59/1385 61/1386
f 576/1387 573/1388 59/1389
f 575/1390 59/1391 574/1392
f 573/1393 576/1394 571/1395
f 112/1396 578/1397 579/1398
f 580/1399 112/1400 579/1401
f 538/1402 569/1403 581/1404
f 576/1405 581/1406 569/1407
f 575/1408 578/1409 581/1410
f 111/1411 581/1412 578/1413
f 61/1414 554/1415 568/1416
f 582/1417 577/1418 574/1419
f 505/1420 583/1421 551/1422
f 163/1423 182/1424 193/1425
f 305/1426 327/1427 584/1428
f 444/1429 466/1430 584/1431
f 584/1432 466/1433 424/1434
f 263/1435 306/1436 584/1437
f 236/1438 261/1439 306/1440
f 293/1441 296/1442 585/1443
f 307/1444 585/1445 451/1446
f 342/1447 451/1448 585/1449
f 342/1450 458/1451 452/1452
f 475/1453 443/1454 452/1455
f 485/1456 513/1457 502/1458
f 515/1459 551/1460 550/1461
f 517/1462 553/1463 516/1464
f 555/1465 548/1466 58/1467
f 515/1468 550/1469 553/1470
f 583/1471 505/1472 492/1473
f 456/1474 445/1475 421/1476
f 513/1477 531/1478 519/1479
f 531/1480 513/1481 512/1482
f 586/1483 561/1484 532/1485
f 561/1486 586/1487 540/1488
f 313/1489 316/1490 336/1491
f 316/1492 281/1493 335/1494
f 530/1495 547/1496 551/1497
f 511/1498 509/1499 515/1500
f 426/1501 476/1502 449/1503
f 479/1504 450/1505 449/1506
f 170/1507 239/1508 242/1509
f 167/1510 250/1511 239/1512
f 286/1513 277/1514 308/1515
f 300/1516 588/1517 303/1518
f 324/1519 334/1520 588/1521
f 589/1522 41/1523 354/1524
f 350/1525 589/1526 354/1527
f 349/1528 39/1529 41/1530
f 589/1531 350/1532 340/1533
f 170/1534 587/1535 179/1536
f 191/1537 219/1538 210/1539
f 226/1540 219/1541 208/1542
f 225/1543 226/1544 271/1545
f 144/1546 153/1547 133/1548
f 158/1549 172/1550 189/1551
f 150/1552 189/1553 168/1554
f 130/1555 131/1556 134/1557
f 143/1558 142/1559 151/1560
f 202/1561 184/1562 10/1563
f 9/1564 196/1565 220/1566
f 100/1567 112/1568 580/1569
f 100/1570 580/1571 582/1572
f 294/1573 289/1574 276/1575
f 47/1576 317/1577 309/1578
f 308/1579 277/1580 249/1581
f 276/1582 289/1583 264/1584
f 267/1585 283/1586 309/1587
f 572/1588 570/1589 92/1590
f 16/1591 145/1592 132/1593
f 138/1594 146/1595 17/1596
f 442/1597 477/1598 476/1599
f 482/1600 480/1601 479/1602
f 450/1603 479/1604 480/1605
f 446/1606 468/1607 477/1608
f 459/1609 470/1610 73/1611
f 412/1612 427/1613 413/1614
f 427/1615 449/1616 431/1617
f 496/1618 492/1619 456/1620
f 415/1621 403/1622 272/1623
f 428/1624 421/1625 403/1626
f 304/1627 312/1628 301/1629
f 321/1630 302/1631 311/1632
f 484/1633 487/1634 590/1635
f 487/1636 488/1637 591/1638
f 541/1639 540/1640 590/1641
f 586/1642 512/1643 590/1644
f 592/1645 563/1646 539/1647
f 472/1648 453/1649 441/1650
f 258/1651 33/1652 233/1653
f 425/1654 87/1655 258/1656
f 87/1657 425/1658 448/1659
f 252/1660 384/1661 224/1662
f 353/1663 51/1664 357/1665
f 353/1666 357/1667 356/1668
f 578/1669 575/1670 577/1671
f 367/1672 377/1673 401/1674
f 79/1675 400/1676 399/1677
f 501/1678 508/1679 463/1680
f 392/1681 417/1682 395/1683
f 237/1684 243/1685 285/1686
f 211/1687 202/1688 220/1689
f 346/1690 345/1691 350/1692
f 582/1693 568/1694 101/1695
f 322/1696 585/1697 296/1698
f 532/1699 560/1700 559/1701
f 524/1702 559/1703 536/1704
f 559/1705 558/1706 556/1707
f 296/1708 293/1709 275/1710
f 504/1711 511/1712 507/1713
f 533/1714 95/1715 564/1716
f 197/1717 186/1718 32/1719
f 179/1720 216/1721 199/1722
f 260/1723 235/1724 242/1725
f 583/1726 496/1727 495/1728
f 216/1729 179/1730 587/1731
f 587/1732 242/1733 235/1734
f 337/1735 336/1736 352/1737
f 577/1738 582/1739 580/1740
f 106/1741 60/1742 563/1743
f 60/1744 573/1745 562/1746
f 165/1747 180/1748 159/1749
f 165/1750 159/1751 154/1752
f 11/1753 10/1754 184/1755
f 162/1756 155/1757 11/1758
f 533/1759 593/1760 522/1761
f 361/1762 594/1763 49/1764
f 319/1765 300/1766 299/1767
f 300/1768 319/1769 324/1770
f 527/1771 91/1772 90/1773
f 430/1774 64/1775 447/1776
f 596/1777 597/1778 598/1779
f 596/1780 595/1781 599/1782
f 598/1783 597/1784 601/1785
f 139/1786 603/1787 604/1788
f 183/1789 605/1790 606/1791
f 224/1792 607/1793 605/1794
f 374/1795 372/1796 608/1797
f 372/1798 371/1799 610/1800
f 152/1801 606/1802 603/1803
f 369/1804 610/1805 371/1806
f 609/1807 611/1808 382/1809
f 224/1810 384/1811 607/1812
f 384/1813 382/1814 611/1815
f 604/1816 603/1817 610/1818
f 606/1819 608/1820 610/1821
f 605/1822 609/1823 608/1824
f 607/1825 611/1826 609/1827
f 4/1828 1/1829 3/1830
f 8/1831 5/1832 7/1833
f 9/1834 10/1835 7/1836
f 116/1837 117/1838 119/1839
f 120/1840 116/1841 121/1842
f 117/1843 122/1844 118/1845
f 119/1846 118/1847 125/1848
f 121/1849 119/1850 126/1851
f 122/1852 12/1853 123/1854
f 118/1855 123/1856 124/1857
f 129/1858 125/1859 128/1860
f 127/1861 123/1862 20/1863
f 13/1864 18/1865 14/1866
f 131/1867 130/1868 16/1869
f 131/1870 132/1871 134/1872
f 20/1873 19/1874 127/1875
f 128/1876 124/1877 135/1878
f 130/1879 136/1880 138/1881
f 120/1882 121/1883 140/1884
f 136/1885 134/1886 142/1887
f 143/1888 137/1889 142/1890
f 15/1891 147/1892 145/1893
f 126/1894 125/1895 148/1896
f 134/1897 133/1898 141/1899
f 142/1900 141/1901 151/1902
f 152/1903 139/1904 126/1905
f 146/1906 138/1907 135/1908
f 143/1909 128/1910 137/1911
f 154/1912 149/1913 153/1914
f 147/1915 155/1916 144/1917
f 156/1918 146/1919 18/1920
f 147/1921 15/1922 8/1923
f 156/1924 5/1925 146/1926
f 141/1927 149/1928 150/1929
f 149/1930 154/1931 158/1932
f 160/1933 161/1934 163/1935
f 164/1936 165/1937 160/1938
f 7/1939 11/1940 8/1941
f 163/1942 166/1943 160/1944
f 165/1945 154/1946 161/1947
f 151/1948 168/1949 157/1950
f 161/1951 153/1952 162/1953
f 160/1954 167/1955 164/1956
f 159/1957 171/1958 158/1959
f 128/1960 157/1961 129/1962
f 129/1963 173/1964 148/1965
f 175/1966 176/1967 178/1968
f 176/1969 175/1970 13/1971
f 176/1972 13/1973 25/1974
f 165/1975 164/1976 180/1977
f 163/1978 162/1979 182/1980
f 152/1981 126/1982 183/1983
f 182/1984 181/1985 185/1986
f 7/1987 6/1988 9/1989
f 186/1990 6/1991 32/1992
f 187/1993 188/1994 189/1995
f 169/1996 168/1997 173/1998
f 176/1999 25/2000 177/2001
f 191/2002 187/2003 172/2004
f 193/2005 182/2006 192/2007
f 178/2008 177/2009 195/2010
f 197/2011 196/2012 186/2013
f 192/2014 185/2015 38/2016
f 198/2017 171/2018 199/2019
f 191/2020 172/2021 198/2022
f 175/2023 200/2024 18/2025
f 201/2026 190/2027 202/2028
f 204/2029 203/2030 21/2031
f 205/2032 206/2033 23/2034
f 199/2035 207/2036 198/2037
f 209/2038 174/2039 188/2040
f 188/2041 187/2042 209/2043
f 201/2044 202/2045 212/2046
f 30/2047 195/2048 31/2049
f 177/2050 29/2051 194/2052
f 213/2053 194/2054 214/2055
f 215/2056 207/2057 216/2058
f 217/2059 203/2060 218/2061
f 31/2062 34/2063 197/2064
f 191/2065 198/2066 219/2067
f 38/2068 190/2069 36/2070
f 196/2071 34/2072 220/2073
f 30/2074 32/2075 200/2076
f 205/2077 221/2078 206/2079
f 221/2080 217/2081 222/2082
f 209/2083 223/2084 174/2085
f 24/2086 27/2087 25/2088
f 209/2089 210/2090 223/2091
f 225/2092 210/2093 226/2094
f 227/2095 215/2096 228/2097
f 229/2098 230/2099 215/2100
f 174/2101 224/2102 148/2103
f 206/2104 27/2105 21/2106
f 204/2107 21/2108 231/2109
f 232/2110 231/2111 26/2112
f 35/2113 213/2114 233/2115
f 36/2116 201/2117 234/2118
f 235/2119 236/2120 228/2121
f 222/2122 237/2123 206/2124
f 27/2125 237/2126 28/2127
f 242/2128 239/2129 241/2130
f 204/2131 231/2132 218/2133
f 245/2134 244/2135 232/2136
f 241/2137 240/2138 247/2139
f 248/2140 249/2141 240/2142
f 218/2143 243/2144 222/2145
f 240/2146 239/2147 248/2148
f 251/2149 252/2150 225/2151
f 253/2152 250/2153 166/2154
f 254/2155 253/2156 193/2157
f 255/2158 256/2159 214/2160
f 257/2161 208/2162 230/2163
f 258/2164 259/2165 33/2166
f 236/2167 235/2168 261/2169
f 262/2170 229/2171 227/2172
f 236/2173 263/2174 227/2175
f 265/2176 264/2177 246/2178
f 266/2179 248/2180 253/2181
f 248/2182 266/2183 249/2184
f 260/2185 241/2186 268/2187
f 269/2188 243/2189 244/2190
f 270/2191 271/2192 257/2193
f 270/2194 257/2195 272/2196
f 273/2197 272/2198 229/2199
f 193/2200 192/2201 254/2202
f 268/2203 247/2204 275/2205
f 276/2206 265/2207 277/2208
f 260/2209 268/2210 261/2211
f 279/2212 274/2213 38/2214
f 280/2215 255/2216 238/2217
f 37/2218 36/2219 281/2220
f 266/2221 282/2222 267/2223
f 284/2224 285/2225 269/2226
f 274/2227 282/2228 254/2229
f 276/2230 277/2231 287/2232
f 259/2233 288/2234 211/2235
f 290/2236 273/2237 262/2238
f 292/2239 291/2240 286/2241
f 268/2242 275/2243 278/2244
f 294/2245 295/2246 289/2247
f 290/2248 262/2249 297/2250
f 288/2251 298/2252 212/2253
f 300/2254 292/2255 299/2256
f 282/2257 274/2258 45/2259
f 287/2260 291/2261 294/2262
f 294/2263 301/2264 295/2265
f 292/2266 303/2267 291/2268
f 305/2269 306/2270 278/2271
f 305/2272 278/2273 307/2274
f 308/2275 309/2276 299/2277
f 311/2278 302/2279 312/2280
f 38/2281 37/2282 279/2283
f 313/2284 314/2285 279/2286
f 47/2287 283/2288 45/2289
f 315/2290 46/2291 314/2292
f 316/2293 313/2294 281/2295
f 318/2296 317/2297 46/2298
f 299/2299 310/2300 319/2301
f 309/2302 317/2303 310/2304
f 295/2305 302/2306 322/2307
f 323/2308 318/2309 315/2310
f 324/2311 319/2312 325/2313
f 307/2314 326/2315 305/2316
f 48/2317 328/2318 330/2319
f 48/2320 331/2321 328/2322
f 324/2323 325/2324 334/2325
f 333/2326 330/2327 334/2328
f 298/2329 335/2330 234/2331
f 314/2332 336/2333 315/2334
f 338/2335 320/2336 318/2337
f 339/2338 42/2339 320/2340
f 42/2341 339/2342 43/2343
f 322/2344 321/2345 342/2346
f 341/2347 321/2348 344/2349
f 325/2350 44/2351 345/2352
f 325/2353 345/2354 333/2355
f 318/2356 323/2357 338/2358
f 320/2359 338/2360 339/2361
f 315/2362 337/2363 323/2364
f 339/2365 347/2366 340/2367
f 39/2368 347/2369 55/2370
f 345/2371 43/2372 350/2373
f 323/2374 348/2375 55/2376
f 336/2377 316/2378 352/2379
f 40/2380 353/2381 41/2382
f 355/2383 356/2384 358/2385
f 51/2386 353/2387 52/2388
f 357/2389 51/2390 358/2391
f 360/2392 361/2393 355/2394
f 362/2395 348/2396 363/2397
f 364/2398 54/2399 362/2400
f 54/2401 364/2402 53/2403
f 369/2404 366/2405 368/2406
f 371/2407 370/2408 366/2409
f 372/2410 373/2411 371/2412
f 81/2413 83/2414 84/2415
f 70/2416 83/2417 67/2418
f 372/2419 374/2420 373/2421
f 367/2422 370/2423 377/2424
f 373/2425 378/2426 370/2427
f 69/2428 85/2429 70/2430
f 115/2431 81/2432 379/2433
f 81/2434 380/2435 82/2436
f 375/2437 374/2438 383/2439
f 385/2440 382/2441 252/2442
f 386/2443 385/2444 251/2445
f 251/2446 271/2447 386/2448
f 115/2449 388/2450 81/2451
f 114/2452 389/2453 115/2454
f 391/2455 379/2456 390/2457
f 392/2458 390/2459 86/2460
f 375/2461 393/2462 373/2463
f 394/2464 113/2465 379/2466
f 380/2467 395/2468 397/2469
f 398/2470 86/2471 69/2472
f 377/2473 399/2474 401/2475
f 402/2476 399/2477 376/2478
f 270/2479 272/2480 404/2481
f 388/2482 405/2483 380/2484
f 388/2485 389/2486 405/2487
f 380/2488 397/2489 381/2490
f 270/2491 404/2492 271/2493
f 405/2494 391/2495 395/2496
f 408/2497 255/2498 392/2499
f 409/2500 394/2501 391/2502
f 378/2503 410/2504 376/2505
f 406/2506 409/2507 405/2508
f 411/2509 412/2510 386/2511
f 67/2512 66/2513 70/2514
f 67/2515 75/2516 65/2517
f 382/2518 385/2519 383/2520
f 290/2521 414/2522 273/2523
f 68/2524 416/2525 69/2526
f 393/2527 418/2528 378/2529
f 420/2530 419/2531 65/2532
f 421/2533 422/2534 403/2535
f 423/2536 411/2537 387/2538
f 290/2539 297/2540 414/2541
f 422/2542 423/2543 404/2544
f 425/2545 256/2546 408/2547
f 426/2548 427/2549 411/2550
f 428/2551 415/2552 429/2553
f 430/2554 408/2555 398/2556
f 431/2557 393/2558 413/2559
f 398/2560 416/2561 64/2562
f 80/2563 399/2564 432/2565
f 402/2566 410/2567 432/2568
f 436/2569 298/2570 435/2571
f 62/2572 419/2573 63/2574
f 418/2575 437/2576 410/2577
f 80/2578 432/2579 74/2580
f 89/2581 435/2582 259/2583
f 420/2584 65/2585 72/2586
f 439/2587 438/2588 72/2589
f 441/2590 63/2591 440/2592
f 89/2593 259/2594 87/2595
f 411/2596 423/2597 426/2598
f 433/2599 76/2600 432/2601
f 327/2602 326/2603 444/2604
f 445/2605 446/2606 421/2607
f 423/2608 422/2609 442/2610
f 448/2611 425/2612 430/2613
f 449/2614 450/2615 431/2616
f 326/2617 451/2618 443/2619
f 63/2620 441/2621 447/2622
f 437/2623 77/2624 433/2625
f 393/2626 434/2627 418/2628
f 429/2629 455/2630 428/2631
f 341/2632 457/2633 342/2634
f 459/2635 72/2636 437/2637
f 459/2638 437/2639 454/2640
f 414/2641 424/2642 429/2643
f 457/2644 341/2645 461/2646
f 454/2647 434/2648 462/2649
f 435/2650 89/2651 464/2652
f 465/2653 460/2654 466/2655
f 446/2656 445/2657 468/2658
f 454/2659 469/2660 459/2661
f 465/2662 466/2663 471/2664
f 472/2665 448/2666 453/2667
f 448/2668 472/2669 88/2670
f 298/2671 436/2672 335/2673
f 444/2674 443/2675 471/2676
f 476/2677 477/2678 479/2679
f 473/2680 463/2681 88/2682
f 480/2683 481/2684 462/2685
f 482/2686 483/2687 480/2688
f 484/2689 485/2690 458/2691
f 73/2692 470/2693 71/2694
f 470/2695 469/2696 486/2697
f 487/2698 457/2699 488/2700
f 484/2701 458/2702 487/2703
f 57/2704 436/2705 464/2706
f 486/2707 489/2708 71/2709
f 486/2710 481/2711 489/2712
f 468/2713 490/2714 478/2715
f 490/2716 491/2717 482/2718
f 467/2719 445/2720 492/2721
f 493/2722 455/2723 460/2724
f 489/2725 494/2726 439/2727
f 455/2728 493/2729 496/2730
f 460/2731 465/2732 493/2733
f 498/2734 490/2735 467/2736
f 497/2737 465/2738 499/2739
f 501/2740 473/2741 500/2742
f 499/2743 471/2744 502/2745
f 503/2746 500/2747 440/2748
f 494/2749 503/2750 438/2751
f 491/2752 504/2753 489/2754
f 467/2755 492/2756 498/2757
f 506/2758 501/2759 503/2760
f 504/2761 506/2762 494/2763
f 501/2764 506/2765 508/2766
f 498/2767 509/2768 490/2769
f 464/2770 463/2771 510/2772
f 436/2773 57/2774 474/2775
f 512/2776 513/2777 484/2778
f 510/2779 508/2780 514/2781
f 58/2782 57/2783 510/2784
f 515/2785 509/2786 505/2787
f 516/2788 58/2789 514/2790
f 511/2791 517/2792 507/2793
f 518/2794 495/2795 497/2796
f 502/2797 519/2798 499/2799
f 518/2800 497/2801 520/2802
f 360/2803 355/2804 522/2805
f 93/2806 521/2807 358/2808
f 351/2809 335/2810 523/2811
f 520/2812 519/2813 525/2814
f 526/2815 518/2816 525/2817
f 527/2818 352/2819 523/2820
f 528/2821 363/2822 527/2823
f 362/2824 363/2825 529/2826
f 526/2827 530/2828 518/2829
f 359/2830 94/2831 358/2832
f 359/2833 109/2834 94/2835
f 519/2836 531/2837 524/2838
f 533/2839 97/2840 102/2841
f 97/2842 534/2843 103/2844
f 97/2845 96/2846 534/2847
f 537/2848 526/2849 536/2850
f 529/2851 528/2852 538/2853
f 539/2854 540/2855 542/2856
f 91/2857 527/2858 543/2859
f 98/2860 97/2861 544/2862
f 546/2863 96/2864 545/2865
f 537/2866 547/2867 526/2868
f 56/2869 543/2870 474/2871
f 58/2872 548/2873 56/2874
f 549/2875 550/2876 547/2877
f 529/2878 110/2879 362/2880
f 549/2881 552/2882 550/2883
f 546/2884 545/2885 101/2886
f 554/2887 106/2888 546/2889
f 555/2890 516/2891 552/2892
f 557/2893 537/2894 556/2895
f 533/2896 521/2897 95/2898
f 547/2899 537/2900 549/2901
f 562/2902 560/2903 561/2904
f 561/2905 539/2906 562/2907
f 99/2908 564/2909 100/2910
f 565/2911 566/2912 556/2913
f 565/2914 558/2915 567/2916
f 554/2917 546/2918 568/2919
f 557/2920 566/2921 552/2922
f 110/2923 109/2924 364/2925
f 538/2926 90/2927 569/2928
f 538/2929 111/2930 529/2931
f 571/2932 570/2933 567/2934
f 572/2935 566/2936 570/2937
f 572/2938 91/2939 548/2940
f 569/2941 92/2942 571/2943
f 566/2944 572/2945 555/2946
f 112/2947 95/2948 108/2949
f 560/2950 562/2951 567/2952
f 61/2953 60/2954 554/2955
f 575/2956 576/2957 59/2958
f 577/2959 575/2960 574/2961
f 567/2962 573/2963 571/2964
f 111/2965 538/2966 581/2967
f 571/2968 576/2969 569/2970
f 576/2971 575/2972 581/2973
f 112/2974 111/2975 578/2976
f 574/2977 61/2978 568/2979
f 568/2980 582/2981 574/2982
f 515/2983 505/2984 551/2985
f 166/2986 163/2987 193/2988
f 306/2989 305/2990 584/2991
f 327/2992 444/2993 584/2994
f 297/2995 584/2996 424/2997
f 297/2998 263/2999 584/3000
f 263/3001 236/3002 306/3003
f 307/3004 293/3005 585/3006
f 326/3007 307/3008 451/3009
f 322/3010 342/3011 585/3012
f 451/3013 342/3014 452/3015
f 485/3016 475/3017 452/3018
f 475/3019 485/3020 502/3021
f 514/3022 517/3023 516/3024
f 516/3025 555/3026 58/3027
f 517/3028 515/3029 553/3030
f 496/3031 583/3032 492/3033
f 428/3034 456/3035 421/3036
f 502/3037 513/3038 519/3039
f 586/3040 531/3041 512/3042
f 531/3043 586/3044 532/3045
f 539/3046 561/3047 540/3048
f 314/3049 313/3050 336/3051
f 351/3052 316/3053 335/3054
f 583/3055 530/3056 551/3057
f 517/3058 511/3059 515/3060
f 427/3061 426/3062 449/3063
f 476/3064 479/3065 449/3066
f 587/3067 170/3068 242/3069
f 170/3070 167/3071 239/3072
f 299/3073 286/3074 308/3075
f 292/3076 300/3077 303/3078
f 300/3079 324/3080 588/3081
f 589/3082 349/3083 41/3084
f 349/3085 589/3086 340/3087
f 164/3088 170/3089 179/3090
f 187/3091 191/3092 210/3093
f 257/3094 226/3095 208/3096
f 251/3097 225/3098 271/3099
f 132/3100 144/3101 133/3102
f 150/3103 158/3104 189/3105
f 151/3106 150/3107 168/3108
f 136/3109 130/3110 134/3111
f 157/3112 143/3113 151/3114
f 220/3115 202/3116 10/3117
f 10/3118 9/3119 220/3120
f 287/3121 294/3122 276/3123
f 283/3124 47/3125 309/3126
f 267/3127 308/3128 249/3129
f 265/3130 276/3131 264/3132
f 308/3133 267/3134 309/3135
f 91/3136 572/3137 92/3138
f 131/3139 16/3140 132/3141
f 130/3142 138/3143 17/3144
f 426/3145 442/3146 476/3147
f 478/3148 482/3149 479/3150
f 462/3151 450/3152 480/3153
f 442/3154 446/3155 477/3156
f 72/3157 459/3158 73/3159
f 383/3160 412/3161 413/3162
f 413/3163 427/3164 431/3165
f 455/3166 496/3167 456/3168
f 273/3169 415/3170 272/3171
f 415/3172 428/3173 403/3174
f 291/3175 304/3176 301/3177
f 343/3178 321/3179 311/3180
f 512/3181 484/3182 590/3183
f 590/3184 487/3185 591/3186
f 591/3187 541/3188 590/3189
f 540/3190 586/3191 590/3192
f 542/3193 592/3194 539/3195
f 500/3196 472/3197 441/3198
f 256/3199 258/3200 233/3201
f 256/3202 425/3203 258/3204
f 88/3205 87/3206 448/3207
f 223/3208 252/3209 224/3210
f 49/3211 353/3212 356/3213
f 579/3214 578/3215 577/3216
f 368/3217 367/3218 401/3219
f 80/3220 79/3221 399/3222
f 473/3223 501/3224 463/3225
f 390/3226 392/3227 395/3228
f 238/3229 237/3230 285/3231
f 33/3232 211/3233 220/3234
f 354/3235 346/3236 350/3237
f 100/3238 582/3239 101/3240
f 295/3241 322/3242 296/3243
f 524/3244 532/3245 559/3246
f 525/3247 524/3248 536/3249
f 536/3250 559/3251 556/3252
f 289/3253 296/3254 275/3255
f 506/3256 504/3257 507/3258
f 544/3259 533/3260 564/3261
f 31/3262 197/3263 32/3264
f 180/3265 179/3266 199/3267
f 241/3268 260/3269 242/3270
f 530/3271 583/3272 495/3273
f 228/3274 216/3275 587/3276
f 228/3277 587/3278 235/3279
f 363/3280 337/3281 352/3282
f 579/3283 577/3284 580/3285
f 592/3286 106/3287 563/3288
f 563/3289 60/3290 562/3291
f 181/3292 11/3293 184/3294
f 181/3295 162/3296 11/3297
f 521/3298 533/3299 522/3300
f 356/3301 361/3302 49/3303
f 528/3304 527/3305 90/3306
f 448/3307 430/3308 447/3309
f 595/3310 596/3311 598/3312
f 600/3313 596/3314 599/3315
f 602/3316 598/3317 601/3318
f 140/3319 139/3320 604/3321
f 152/3322 183/3323 606/3324
f 183/3325 224/3326 605/3327
f 609/3328 374/3329 608/3330
f 608/3331 372/3332 610/3333
f 139/3334 152/3335 603/3336
f 366/3337 369/3338 371/3339
f 374/3340 609/3341 382/3342
f 607/3343 384/3344 611/3345
f 369/3346 604/3347 610/3348
f 603/3349 606/3350 610/3351
f 606/3352 605/3353 608/3354
f 605/3355 607/3356 609/3357
