mtllib RFinger22.mtl
o RFinger22
usemtl nao_texture
v 0.02165115 -0.007224045 0.01175779
v 0.001651153 -0.007224045 0.01175778
v 0.001651153 -0.01069694 0.03145394
v 0.02165115 -0.01069694 0.03145394
v 0.0305632 0.06155296 0.02967756
v 0.03104858 0.05795967 0.03619354
v 0.03458511 0.05940887 0.03723066
v 0.03394775 0.06320511 0.02945888
v 0.03376297 0.05544342 0.04256826
v 0.03709412 0.0552504 0.04210706
v 0.03898361 0.0592804 0.03632469
v 0.001976776 0.05442352 0.0148007
v 0.001774749 0.02961464 0.01020512
v 0.006511688 0.05476944 0.01323986
v 0.02730942 0.06469994 0.02375683
v 0.02384888 0.06487892 0.01935623
v 0.02182053 0.06297592 0.01695621
v 0.01699875 0.02994064 0.009517934
v 0.01714935 0.05480431 0.01377047
v 0.01186798 0.05491806 0.01280515
v 0.005264435 0.004579773 0.01941825
v 0.005000458 0.02523285 0.02321958
v 0.003481903 0.02439239 0.02767722
v 0.003677979 0.002804947 0.01787859
v -0.007136231 0.002963333 0.01629365
v 0.002681122 0.005008545 0.005867176
v 0.003585053 0.0007375335 0.02915806
v 0.003012085 -0.001535339 0.04145163
v -0.007126923 0.0002882385 0.0308436
v 0.01904831 0.0254879 0.03384258
v 0.02040207 0.02337555 0.04539113
v 0.03004578 0.02556976 0.03415816
v 0.03248886 0.01750694 0.05221563
v 0.0236145 0.02963478 0.05265429
v 0.02466339 0.02195999 0.05339539
v 0.07697571 0.04207359 0.04507966
v 0.09125718 0.04230309 0.04528308
v 0.08347809 0.05591942 0.03966416
v 0.1632925 0.04559074 0.0480878
v 0.1634503 0.04081863 0.04840779
v 0.1660898 0.04368523 0.04725669
v 0.1502176 0.06170464 0.02697876
v 0.1666721 0.06135376 0.02902649
v 0.1564255 0.06323097 0.02219046
v 0.1286594 0.0600737 0.04652094
v 0.1309521 0.05351456 0.04572106
v 0.1300619 0.05631386 0.04305159
v 0.1373495 0.02929047 0.02718157
v 0.1407425 0.02696594 0.04036441
v 0.1378928 0.03819885 0.03767502
v 0.1664984 0.02503098 0.05133625
v 0.1667774 0.03002365 0.05281391
v 0.1691931 0.01751877 0.05512977
v 0.1668231 0.01838448 0.0587396
v 0.1605502 0.04749405 0.05208226
v 0.09257477 -0.06334663 0.02584032
v 0.07830582 -0.06340919 0.02566768
v 0.08511902 -0.07425262 0.015705
v 0.1519183 -0.07353851 0.002097945
v 0.1501196 -0.07338219 -0.001376667
v 0.1581354 -0.0730925 -0.002891107
v 0.01993622 -0.04531403 0.02080855
v 0.03093887 -0.04523888 0.02113536
v 0.02128983 -0.04742645 0.03235709
v 0.01787857 -0.04086739 -0.003515868
v 0.009165497 -0.04271782 0.005947595
v 0.002662506 -0.04118736 -0.002828908
v 0.002345275 -0.04446655 0.01499406
v -0.006951752 -0.04596809 0.02249024
v -0.006956482 -0.04322823 0.007629805
v 0.02562988 -0.07684845 -0.006716557
v 0.02318603 -0.06590874 -0.006703258
v 0.02366089 -0.07587074 -0.007579336
v 0.003486633 -0.06599045 -0.007359967
v 0.008116608 -0.0656382 -0.008935766
v 0.01344162 -0.06549744 -0.009351354
v 0.01870056 -0.06561409 -0.008376956
v -0.0005241394 -0.04010742 -0.008896856
v -0.0001965332 -0.05635231 -0.01227333
v 0.001430816 -0.06546242 -0.0113001
v 0.003948059 -0.01882431 0.01390402
v 0.002943726 -0.01662796 0.001882944
v -0.00686554 -0.01866714 0.01230919
v 0.003847809 -0.02089897 0.02517384
v -0.006856232 -0.02134216 0.02685914
v 0.003288727 -0.02317368 0.03746851
v 0.03323624 -0.04410591 0.04095818
v 0.03482803 -0.05770813 0.03374588
v 0.03436142 -0.04724403 0.0455009
v 0.1339896 -0.06504234 0.03001219
v 0.1314401 -0.07306389 0.02909311
v 0.1332501 -0.07005241 0.02602425
v 0.164303 -0.04739799 0.03702286
v 0.1674127 -0.04754242 0.03798519
v 0.164429 -0.04647018 0.03210907
v 0.1457809 -0.0411364 0.001859383
v 0.1382642 -0.04324829 0.01383663
v 0.1484341 -0.04272224 0.01085316
v 0.1655756 -0.04371521 0.01648487
v 0.1734143 -0.04454041 0.0211645
v 0.1714563 -0.04207993 0.007210343
v 0.1390723 -0.05568001 0.02041049
v 0.1379987 -0.06309074 0.01186929
v 0.138519 -0.05861877 0.01806912
v 0.1381326 -0.06083649 0.01564033
v 0.1478226 -0.06644859 -0.004387846
v 0.1458444 -0.06669075 -0.003222256
v 0.168978 -0.04742149 0.04107796
v 0.1699368 -0.04180527 0.04421857
v 0.1676068 -0.04394745 0.04726935
v 0.1622192 -0.06910294 0.03076793
v 0.1646942 -0.06566399 0.02760846
v 0.004324646 -0.04247627 0.01537158
v 0.005835266 -0.04164185 0.01091419
v 0.005579376 -0.02098274 0.01471536
v -0.0142569 0.04678642 -0.01827687
v -0.007877197 0.05489677 -0.004406428
v 0.002058563 0.05581802 -0.007147746
v -0.0009402465 0.04783874 -0.02299972
v -0.01839508 0.03139229 -0.02937963
v -0.002798309 0.03276955 -0.03523873
v 0.000493927 0.05505035 0.01200539
v 0.005818482 0.0556533 0.01021105
v 0.01290207 0.05612389 -0.008030138
v 0.01373352 0.04824257 -0.0241957
v 0.01439835 0.03324623 -0.03663651
v 0.01202057 0.05582512 0.009706104
v 0.02360611 0.0558931 -0.006079955
v 0.02821457 0.04793655 -0.02155209
v 0.02329086 0.06622101 0.01476592
v 0.02458267 0.06752144 0.01669803
v 0.02670715 0.06806145 0.01841255
v 0.03413467 0.0674614 0.009691393
v 0.02833694 0.06771568 0.008433774
v 0.01814606 0.05569588 0.0108279
v 0.0269046 0.06651146 0.008065775
v 0.0282196 0.05634628 0.003575916
v 0.02304367 0.0550914 0.01300981
v -0.003252869 0.01259613 -0.04224331
v -0.01949173 0.01134827 -0.03655182
v 0.03402191 0.06642845 -0.002635946
v 0.03258957 0.06516418 -0.002835078
v 0.03135834 0.05496551 -0.002546635
v 0.02886536 0.06761116 0.0201188
v 0.02621353 0.0657576 0.02176134
v 0.02186783 0.05527206 0.01612296
v 0.03058121 0.06656876 0.02226297
v 0.03137634 0.03289009 -0.0335354
v 0.0401236 0.0673011 -0.002152686
v 0.03943603 0.06238136 -0.01372919
v 0.03790924 0.06097206 -0.01361382
v 0.0148262 0.01309731 -0.04371922
v 0.04699966 0.06598412 0.01037653
v 0.05108383 0.06498253 -0.003474507
v 0.0438385 0.06397751 0.02134776
v 0.0287648 0.02831711 0.01916521
v 0.03516434 0.05224647 -0.01019967
v 0.0447467 0.06247032 -0.01252427
v 0.05210419 0.06428055 -0.009871054
v 0.0535556 0.07414322 0.008565855
v 0.04908356 0.07354408 0.01044422
v 0.04470352 0.07046692 0.02490549
v 0.04879242 0.07033432 0.02446493
v 0.05802048 0.07306503 -0.007583456
v 0.05348907 0.0731945 -0.004737897
v 0.08372635 0.06653778 0.0184376
v 0.08380753 0.0689402 0.007277994
v 0.04154694 0.05635124 -0.02132804
v 0.03825012 0.04703011 -0.01700808
v 0.08397034 0.06854629 -0.007441597
v 0.05485794 0.05968208 -0.01690129
v 0.0483551 0.05868553 -0.02063511
v 0.04012497 0.04297874 -0.02132041
v 0.04280243 0.0324556 -0.02841553
v 0.0082724 0.02809082 0.01897039
v -0.007849579 0.02758041 0.0206526
v -0.007845459 0.02484169 0.03552285
v 0.001457519 0.02633545 0.02802809
v 0.06065216 0.06673645 -0.02214983
v 0.05770767 0.06842789 -0.020069
v 0.04091492 0.06496811 0.03896316
v 0.04394806 0.06518509 0.04022975
v 0.03266235 0.01272369 -0.04046044
v 0.03835358 0.05909058 0.04561475
v 0.04305435 0.06190117 0.04400585
v 0.029897 0.05435738 0.0400728
v 0.04750259 0.04793518 -0.03007994
v 0.04515793 0.04737488 -0.02984468
v 0.04303894 0.0576049 -0.0214322
v 0.04218536 0.05846046 0.0475705
v 0.05204147 0.04827492 -0.03046082
v 0.08347229 0.06099739 0.03480439
v 0.08364502 0.06413536 0.0295972
v 0.002519837 0.02297638 0.04636238
v 0.008118286 0.02472763 0.0372077
v 0.0316861 0.04878319 0.0472264
v 0.02774841 0.04843979 0.04345473
v 0.0580188 0.04920876 -0.02898858
v 0.061324 0.05793343 -0.03431526
v 0.01913467 0.02756439 0.02257165
v 0.0409465 0.04971863 0.05190001
v 0.03676941 0.05003113 0.05051629
v 0.01368698 0.02583473 0.02053878
v 0.01395081 0.005181656 0.01673745
v 0.004926148 0.02358307 0.03217806
v 0.005190125 0.002929993 0.02837673
v 0.06385132 0.04249435 -0.04554396
v 0.0600679 0.03590424 -0.03776259
v 0.04748886 0.03732086 -0.03621157
v 0.04896744 0.03738976 -0.03869656
v 0.03353516 0.01885117 0.05765976
v 0.03814423 0.01968758 0.05849668
v 0.02281769 0.02257698 0.04993217
v 0.02308945 0.01025093 0.04739618
v 0.06711121 0.04131584 -0.04692906
v 0.06481293 0.055924 -0.03564492
v 0.01898056 0.02455345 0.02784529
v 0.01923859 0.00390831 0.02404254
v 0.05420151 0.03598038 -0.03737765
v 0.03549484 0.04832512 0.04679759
v 0.01356506 0.02316551 0.03503931
v 0.01382904 0.002512436 0.03123789
v 0.04966415 0.01756348 -0.0441899
v 0.04439499 0.01194595 -0.03545078
v 0.05196548 0.01833206 -0.04557082
v 0.05642502 0.02056526 -0.04502492
v 0.08466416 0.03982208 -0.04547958
v 0.08440781 0.05382355 -0.03497073
v 0.06821121 0.02384506 -0.05395271
v 0.0654689 0.02493851 -0.05381639
v 0.014608 0.003565216 0.01451347
v 0.02303665 0.005493393 0.004618654
v 0.02557968 0.01543442 0.05358391
v 0.07357132 0.01851341 0.04745644
v 0.1038219 0.05670021 -0.03569283
v 0.1025302 0.04327423 -0.04476533
v 0.01444809 0.0002098846 0.03274945
v 0.02074585 -0.001522521 0.04259746
v 0.1108372 0.07387161 -0.002982106
v 0.1142274 0.07381615 -0.004314318
v 0.1096063 0.06697128 -0.02109282
v 0.1072058 0.06720077 -0.02185841
v 0.02126831 0.001958618 0.02370298
v 0.02976379 0.003690186 0.01488623
v 0.03104858 0.004112396 0.01266531
v 0.1161441 0.06828438 -0.004698324
v 0.1125798 0.06371048 -0.01866001
v 0.1182898 0.07431396 0.01089323
v 0.1200653 0.06962166 0.009812384
v 0.1147343 0.07416786 0.01207808
v 0.0530304 0.004489822 -0.04863852
v 0.04982605 0.004389801 -0.04711397
v 0.1184476 0.07135658 0.02535585
v 0.1206528 0.06968666 0.0332403
v 0.0233992 -0.01263161 0.04236576
v 0.02823242 -0.01423225 0.05141823
v 0.06155441 0.02092003 -0.04487342
v 0.03157776 -0.01408516 0.05080534
v 0.03252548 -0.01513565 0.05655575
v 0.1073523 0.05829987 -0.03396784
v 0.1053957 0.04283661 -0.04517581
v 0.084926 0.0235836 -0.05358513
v 0.1016261 0.02423973 -0.05357274
v 0.1134981 0.06080826 -0.01597617
v 0.1163123 0.06555862 -0.004698076
v 0.1224905 0.07131218 0.02563848
v 0.1240448 0.065354 0.02325461
v 0.1094688 0.05591949 -0.0317157
v 0.03141144 0.001366119 0.02759976
v 0.06226227 0.004770203 -0.04953947
v 0.05740967 0.004771805 -0.04987843
v 0.06665298 0.006522141 -0.05880138
v 0.06907104 0.006764984 -0.05991886
v 0.1235745 0.06623383 0.04093368
v 0.1109758 0.05094246 -0.02738856
v 0.1216928 0.06350174 -0.01170597
v 0.1278287 0.06769554 0.002304105
v 0.1074612 0.04028862 -0.04256321
v 0.1247122 0.059963 0.04810051
v 0.02244629 -0.01244179 0.04126248
v 0.09517304 0.01877075 0.04778876
v 0.126684 0.06543343 0.03946253
v 0.1283328 0.06029922 0.03761998
v 0.03407303 4.997253e-05 0.03492494
v 0.02832764 -0.0006480407 0.03833939
v 0.1334769 0.06806206 0.001174912
v 0.1270242 0.06329041 -0.0128756
v 0.03715576 -0.0152507 0.0575203
v 0.116365 0.05436577 -0.02557621
v 0.08517136 0.006803894 -0.05906175
v 0.130123 0.05982468 -0.01244738
v 0.1365692 0.06352951 0.000804224
v 0.1092334 0.03703423 -0.03690523
v 0.1217331 0.05329475 -0.02585124
v 0.1183078 0.03883118 -0.03609353
v 0.1135245 0.03918228 -0.03573384
v 0.1012534 0.007112579 -0.05959127
v 0.07301193 -0.01273712 0.04632975
v 0.1404126 0.0687278 0.01517185
v 0.1442938 0.06365669 0.01585584
v 0.1246704 0.05093132 -0.02470983
v 0.1207492 0.03754211 -0.03484224
v 0.1376324 0.05891884 0.001969652
v 0.1309387 0.05402374 -0.0119499
v 0.1064012 0.02355896 -0.05024872
v 0.1043364 0.02527069 -0.05345569
v 0.1081422 0.02139519 -0.04445331
v 0.1340076 0.06943657 0.01564725
v 0.1414542 0.06541405 0.02962306
v 0.1475146 0.06613708 0.02866835
v 0.123515 0.0324456 -0.03044073
v 0.1264728 0.04495903 -0.02233195
v 0.1261502 0.05063072 0.05278335
v 0.1301346 0.05093254 0.05141498
v 0.1317444 0.04948837 0.04802937
v 0.1294922 0.01932022 0.0592504
v 0.1484991 0.06134201 0.04272141
v 0.1512741 0.05579643 0.04913665
v 0.1484036 0.06276634 0.02367529
v 0.1544131 0.06053139 0.04123801
v 0.1182709 0.02175354 -0.04265201
v 0.1163483 0.02238159 -0.04369878
v 0.1536673 0.04719063 0.0533676
v 0.1462289 0.05900093 0.01866692
v 0.1570197 0.05958626 0.01675785
v 0.1078627 0.005272141 -0.04916516
v 0.1055904 0.00667038 -0.05692986
v 0.1378244 0.05553879 0.02741812
v 0.1412381 0.05654648 0.02217219
v 0.144874 0.03140091 0.01521246
v 0.1366019 0.04814102 0.03234166
v 0.1364148 0.05442886 0.03337919
v 0.1588797 0.03189445 0.01241341
v 0.1462576 0.05731056 0.01837043
v 0.09640992 -0.01251526 0.04668965
v 0.1340964 0.01992775 0.0586917
v 0.1353946 0.01865059 0.05366088
v 0.1579031 0.05596741 0.04776062
v 0.1570575 0.05672913 0.0392659
v 0.1682303 0.05644966 0.04010107
v 0.1172012 0.005147324 -0.04785982
v 0.1156845 0.005226364 -0.04835959
v 0.1223141 0.02014511 -0.03510241
v 0.122121 0.003505783 -0.03861523
v 0.1705679 0.05751793 0.02521002
v 0.1705493 0.03045738 0.02056348
v 0.160246 0.05240173 0.04457962
v 0.1589709 0.01896255 0.05910868
v 0.1656336 0.05052521 0.04603943
v 0.172637 0.05232368 0.03899717
v 0.1312088 -0.01424454 0.05849024
v 0.1350964 -0.01400238 0.05742589
v 0.1635147 0.02606857 0.04545401
v 0.1724997 0.02799835 0.03450944
v 0.1469019 -0.01141075 0.04415191
v 0.1466956 0.02498657 0.05024439
v 0.1633887 0.0251754 0.05037399
v 0.1638721 -0.0112365 0.04437154
v 0.1669406 -0.01137665 0.04532057
v 0.1393774 -0.01060387 0.03926489
v 0.135715 0.02045189 0.03980381
v 0.1617084 -0.01381683 0.05824684
v 0.1370004 -0.01301994 0.05222839
v 0.1676502 -0.01374252 0.05833283
v 0.17194 -0.01303535 0.05470357
v -0.01925201 -0.007986603 -0.0401018
v -0.01768463 -0.02889267 -0.04056936
v -0.01412216 -0.02585663 -0.03309237
v -0.01510605 -0.009387207 -0.03223788
v -0.001760711 -0.02770325 -0.04653614
v -0.002689514 -0.006722031 -0.04587569
v 0.01528015 -0.006238785 -0.04726552
v 0.0153717 -0.02723846 -0.04786592
v 0.03300705 -0.006616898 -0.04399297
v 0.03226852 -0.02760292 -0.04474874
v 0.0004023742 -0.04589157 -0.04071619
v -0.01363678 -0.04598686 -0.03637819
v 0.01510696 -0.04549324 -0.04185901
v 0.005505066 -0.02263252 0.02367376
v 0.01487869 -0.01806526 0.01052901
v 0.02340805 -0.01615189 0.0006928634
v 0.04463531 -0.007390213 -0.03901065
v 0.04432053 -0.02177475 -0.0402122
v 0.04442764 0.002311782 -0.03742212
v 0.05000687 -0.00940506 -0.04915352
v 0.05231949 -0.009569702 -0.05070244
v 0.05690643 -0.01178383 -0.05106926
v 0.01426575 -0.02038094 0.01203448
v 0.01452988 -0.04103394 0.008233154
v 0.01472473 -0.02142845 0.02876633
v 0.01414459 -0.02305138 0.02652511
v 0.02102249 -0.02316078 0.03861433
v 0.02960541 -0.04580421 -0.03917336
v 0.005769043 -0.0432856 0.01987243
v 0.021539 -0.01967186 0.01971852
v 0.03151474 -0.02054817 0.0251534
v 0.03025406 -0.01794807 0.01091669
v 0.003412933 -0.04783226 0.03333958
v -0.006434937 -0.05983429 -0.02551876
v -0.004014893 -0.05343964 -0.01913001
v -0.01048538 -0.04111435 -0.02890418
v 0.003522186 -0.05895828 -0.02914155
v 0.06593323 -0.01247665 -0.06070704
v 0.06198349 -0.01160866 -0.05091931
v 0.01956024 -0.02166336 0.0193311
v 0.01982346 -0.04231522 0.01553966
v 0.03143326 -0.01756134 0.008885174
v 0.02366562 -0.035811 0.03891334
v 0.01440796 -0.04370323 0.02273367
v 0.01451218 -0.05866249 -0.02999317
v 0.05100433 -0.02414825 -0.05035911
v 0.04902145 -0.02373489 -0.04912237
v 0.04364929 -0.02836472 -0.03978363
v 0.08535889 -0.01081757 -0.05991703
v 0.06884613 -0.01133705 -0.06115557
v 0.009005432 -0.04607315 0.02418356
v 0.03392334 -0.02179344 0.03209043
v 0.02536942 -0.05889488 -0.02799273
v 0.02002838 -0.04324547 0.009538975
v 0.02965057 -0.0424987 0.006132836
v 0.06478561 -0.03185905 -0.05923165
v 0.06088699 -0.02856232 -0.04963621
v 0.05562698 -0.02680946 -0.05034608
v 0.1018057 -0.01043343 -0.06103829
v 0.02631744 -0.04279655 0.04286193
v 0.0488324 -0.03830681 -0.04826416
v 0.04712082 -0.03769989 -0.04732659
v 0.06776627 -0.03257172 -0.0593893
v 0.08552765 -0.02887733 -0.05812577
v 0.0237114 -0.04823288 0.03689949
v 0.03963593 -0.04635475 -0.03460251
v 0.007178955 -0.06524483 -0.01330317
v 0.01368103 -0.06507126 -0.01379934
v 0.03570663 -0.05571777 -0.02852091
v 0.03894943 -0.04692558 0.0463694
v 0.07433777 -0.04232666 0.03625732
v 0.02008759 -0.06520493 -0.01261868
v 0.03230331 -0.07724884 0.004133334
v 0.02802963 -0.07847115 -0.004781165
v 0.03273529 -0.07619644 0.01150215
v 0.03151489 -0.07424774 0.01640539
v 0.0538942 -0.03902855 -0.04824795
v 0.1085559 -0.01146088 -0.05049046
v 0.1066698 -0.01144928 -0.05732447
v 0.0626828 -0.05034241 -0.05424235
v 0.05919449 -0.04416481 -0.04617371
v 0.02306427 -0.05629753 0.02990869
v 0.02639786 -0.05777412 0.0354489
v 0.04391174 -0.05063568 -0.04302423
v 0.03945099 -0.06112091 -0.03609247
v 0.111055 0.005340195 -0.04933396
v 0.1118175 -0.01132332 -0.0507845
v 0.02923614 -0.06997467 0.0216643
v 0.03100784 -0.0620224 -0.02063073
v 0.08565888 -0.04571053 -0.05328674
v 0.06628448 -0.04805145 -0.05540344
v 0.1186993 -0.01219063 -0.04888849
v 0.1167941 -0.01245415 -0.05010804
v 0.02515884 -0.06536926 -0.01026752
v 0.1033435 -0.03207542 -0.05921732
v 0.1225101 -0.009459839 -0.04081336
v 0.03427429 -0.06900589 -0.02752489
v 0.03832581 -0.07375038 0.02774003
v 0.0425061 -0.07384987 0.02916857
v 0.1063332 -0.03130371 -0.05881868
v 0.1048128 -0.01197624 -0.06030551
v 0.05937942 -0.06530754 -0.04468144
v 0.05634338 -0.05832863 -0.03861998
v 0.02867355 -0.07429909 -0.01785724
v 0.02504196 -0.07700676 -0.01082284
v 0.1082521 -0.02993019 -0.05583611
v 0.03319992 -0.0715358 0.02508461
v 0.03698502 -0.07086098 0.02485926
v 0.09592896 -0.04215523 0.03657916
v 0.1100502 -0.02873169 -0.04902418
v 0.04553589 -0.05153534 -0.04380039
v 0.04971161 -0.05588417 -0.04157073
v 0.04653351 -0.06330093 -0.03602213
v 0.04100845 -0.06235634 -0.03668048
v 0.03573654 -0.07021881 -0.02777853
v 0.03012985 -0.0754969 -0.01792131
v 0.04400116 -0.06813759 -0.03150454
v 0.03604507 -0.07622963 -0.01687038
v 0.1191779 -0.03047775 -0.0488466
v 0.1139496 -0.03012581 -0.04954491
v 0.02598572 -0.07792145 -0.01035841
v 0.1215948 -0.02966431 -0.04720747
v 0.1242923 -0.02662018 -0.04125009
v 0.03070908 -0.07954262 -0.006963277
v 0.05276108 -0.06815926 -0.02797737
v 0.04876404 -0.07413589 -0.01541912
v 0.06273697 -0.06654259 -0.04415579
v 0.1050284 -0.04765045 -0.05535171
v 0.03573746 -0.07863434 0.003359914
v 0.1079991 -0.06267273 -0.04632376
v 0.08571564 -0.05963158 -0.04464913
v 0.1087149 -0.04969688 -0.05383798
v 0.0553511 -0.07531914 -0.03206666
v 0.110658 -0.04706932 -0.05104732
v 0.03541962 -0.07605164 0.01836773
v 0.03873978 -0.07561218 0.0180204
v 0.1117581 -0.04291382 -0.04609426
v 0.03631622 -0.07782783 0.01197937
v 0.04503189 -0.07821503 -0.003479366
v 0.0588179 -0.07646797 -0.03115088
v 0.04070068 -0.07728691 0.01119268
v 0.04246551 -0.08277306 0.01153042
v 0.04010895 -0.08043267 0.01993746
v 0.05102539 -0.08115319 -0.01802239
v 0.04406143 -0.08087235 0.02150414
v 0.04663437 -0.08353058 -0.003425155
v 0.1230078 -0.0475563 -0.04440878
v 0.1169003 -0.04566704 -0.04570388
v 0.04582916 -0.08407181 0.01277082
v 0.05459808 -0.08230172 -0.01690814
v 0.08521134 -0.07726875 0.009356253
v 0.05025772 -0.08449295 -0.002189087
v 0.1121124 -0.06458374 -0.04428463
v 0.1150464 -0.05844879 -0.03777091
v 0.1139749 -0.06101578 -0.04223971
v 0.1476019 -0.04759293 0.03689356
v 0.1364743 -0.03989441 0.02870545
v 0.1303067 -0.04590759 0.0472474
v 0.1179742 -0.06667786 -0.02902979
v 0.1178268 -0.06984726 -0.03029767
v 0.1160968 -0.07457352 -0.03161738
v 0.1349289 -0.04617531 0.04653412
v 0.1360947 -0.04430077 0.04175622
v 0.1599124 -0.04373306 0.04792501
v 0.1116658 -0.07358528 -0.03407894
v 0.1216467 -0.05969795 -0.03782475
v 0.1278174 -0.06974693 -0.02656586
v 0.1416492 -0.04557297 0.02702074
v 0.138139 -0.06903786 0.009020643
v 0.137973 -0.06933868 0.01060136
v 0.1218588 -0.07523224 -0.01694796
v 0.1202289 -0.0803463 -0.01756792
v 0.1551282 -0.06926842 0.03193233
v 0.1381851 -0.06639366 -0.02314659
v 0.1325034 -0.05989738 -0.03280008
v 0.132363 -0.05311516 -0.03152711
v 0.1381769 -0.06161804 -0.02210481
v 0.1277023 -0.07294502 0.03004224
v 0.1483432 -0.04466072 0.02184717
v 0.1590771 -0.04213707 0.007534444
v 0.159794 -0.04064423 -0.0009315061
v 0.1164554 -0.08144906 -0.01729969
v 0.1264264 -0.07984642 0.02219313
v 0.1203439 -0.08379807 -0.003209224
v 0.08830307 -0.07899055 -0.008230085
v 0.08801224 -0.07486076 -0.0191649
v 0.1207944 -0.08376641 -0.001539044
v 0.08542908 -0.07831528 0.003360496
v 0.1586166 -0.0677388 -0.006673484
v 0.1254514 -0.08336808 0.01340557
v 0.1259033 -0.07736862 -0.002752385
v 0.1244278 -0.08269448 -0.002700787
v 0.1258957 -0.07627319 -0.002543326
v 0.1225629 -0.07391487 -0.01407608
v 0.1362573 -0.07694153 -0.01048425
v 0.1352176 -0.07067375 -0.02435718
v 0.1422278 -0.07611771 -0.01148722
v 0.1450391 -0.07116951 -0.01079207
v 0.1589291 -0.04527496 0.02533067
v 0.1299014 -0.07704285 0.01180598
v 0.1285278 -0.08202111 0.01232634
v 0.1432404 -0.079104 0.003154354
v 0.1721487 -0.06848289 0.002029871
v 0.1528937 -0.07583282 0.02490983
v 0.131188 -0.07573601 0.01677539
v 0.1502579 -0.07881973 0.01693055
v 0.1304187 -0.07947128 0.02084663
v 0.1493317 -0.07832649 0.002083954
v 0.1683661 -0.07352989 0.004202285
v 0.1586902 -0.0730809 0.01538313
v 0.1563147 -0.07773277 0.01582011
v 0.1700101 -0.07295204 0.01550145
v 0.1617932 -0.07085022 0.02189962
v 0.1671411 -0.06948524 0.02395043
v 0.1706397 -0.06635002 0.02396173
v 0.1595566 -0.07537262 0.02359147
v 0.174357 -0.06853371 0.01597532
v 0.08561005 -0.07114113 -0.02925019
v 0.1036233 0.006870651 -0.05812918
v 0.1118936 0.02259506 -0.04338219
v 0.1285974 -0.06138138 -0.03581468
v 0.08416352 0.06376015 -0.02194612
v 0.1442944 0.05921173 0.01438821
v 0.1692084 0.04768143 0.04493815
v 0.1256992 -0.0448275 -0.04277677
v 0.127608 -0.0410939 -0.03806126
v 0.1435101 -0.06553642 -0.01258632
v 0.1355707 -0.0456366 0.0254727
v 0.1346561 0.02693687 0.03882382
v 0.1214325 -0.0553849 -0.03727304
v 0.1214325 0.052285 -0.02591158
v 0.1434796 0.06361618 0.01924231
v 0.1494797 -0.07457962 -5.485534e-05
v 0.1194327 -0.01663193 -0.04619417
v 0.1194327 0.01966904 -0.03978574
v 0.1494797 0.02333237 0.05351582
v 0.1494797 -0.05838516 0.03473752
v -0.00117218 0.01104797 -0.03635234
v -0.01627426 0.009887543 -0.03105926
v 0.03222885 0.01116669 -0.03469428
v 0.01564133 0.01151405 -0.03772492
v 0.04314026 0.01044334 -0.03003529
v 0.01606338 -0.00646843 -0.04102299
v 0.03254959 -0.006820145 -0.03797952
v -0.0006483459 -0.006917877 -0.03973046
v 0.04310852 -0.008412628 -0.03321209
vt 0.179369 0.9274171
vt 0.179369 0.91977132
vt 0.1717232 0.91977132
vt 0.07916849 0.8628824
vt 0.08014583 0.8621667
vt 0.08001524 0.8615964
vt 0.0808162 0.8607618
vt 0.07972198 0.8610236
vt 0.08001524 0.8615964
vt 0.07871413 0.8675037
vt 0.08134341 0.8665709
vt 0.07862997 0.8672027
vt 0.07847708 0.8635546
vt 0.07816153 0.8641429
vt 0.07809156 0.8644974
vt 0.08076852 0.865483
vt 0.07857 0.8660274
vt 0.07854974 0.866709
vt 0.08346736 0.866534
vt 0.08372807 0.8664686
vt 0.08375895 0.8664666
vt 0.08326572 0.8665859
vt 0.08298003 0.866331
vt 0.08260029 0.8668417
vt 0.08377927 0.8661379
vt 0.08403819 0.8655499
vt 0.08343183 0.8659124
vt 0.0822342 0.8642726
vt 0.08312547 0.8635951
vt 0.08183878 0.8637672
vt 0.0855903 0.861969
vt 0.08352738 0.8625513
vt 0.08429646 0.8627884
vt 0.08485341 0.8521448
vt 0.08540803 0.8482758
vt 0.08089119 0.8507562
vt 0.09045028 0.815595
vt 0.09342217 0.8144529
vt 0.0911495 0.8138195
vt 0.07361775 0.8181914
vt 0.07902657 0.812073
vt 0.07347148 0.813805
vt 0.0814597 0.8348491
vt 0.08344155 0.8323387
vt 0.08130347 0.8326471
vt 0.0553627 0.7936665
vt 0.04635536 0.7926263
vt 0.04891234 0.8000072
vt 0.105924 0.8123454
vt 0.1019569 0.8146093
vt 0.10976 0.8173649
vt 0.1081796 0.819365
vt 0.10976 0.8173649
vt 0.1019569 0.8146093
vt 0.09051138 0.8181918
vt 0.1019569 0.8146093
vt 0.09342217 0.8144529
vt 0.1090921 0.8660766
vt 0.1046867 0.8671819
vt 0.1071065 0.8709185
vt 0.1480003 0.866689
vt 0.1497455 0.8689641
vt 0.1516937 0.8645453
vt 0.08986139 0.8694723
vt 0.09062522 0.8698097
vt 0.09061747 0.868518
vt 0.08866584 0.8709901
vt 0.08829814 0.8701558
vt 0.08711755 0.8705375
vt 0.08838272 0.8694755
vt 0.08818143 0.8689534
vt 0.08761483 0.869524
vt 0.09192413 0.8732902
vt 0.09034478 0.8727772
vt 0.09165203 0.8733019
vt 0.08738833 0.8724021
vt 0.08774793 0.8724947
vt 0.08711755 0.8705375
vt 0.08866584 0.8709901
vt 0.08844548 0.8725818
vt 0.08932763 0.8726734
vt 0.08711755 0.8705375
vt 0.08605194 0.8708787
vt 0.08659809 0.8720003
vt 0.08738833 0.8724021
vt 0.08659809 0.8720003
vt 0.0871486 0.8724714
vt 0.08612936 0.8680546
vt 0.08537751 0.8687349
vt 0.08647423 0.8685053
vt 0.08680886 0.8677308
vt 0.08711791 0.8681309
vt 0.08757907 0.8675642
vt 0.09245818 0.8663399
vt 0.09376949 0.8680108
vt 0.09360742 0.8660563
vt 0.1278537 0.8594946
vt 0.1261571 0.8623695
vt 0.1285418 0.8619021
vt 0.1458748 0.8445566
vt 0.1436989 0.8446224
vt 0.1482611 0.8472331
vt 0.1598764 0.8555283
vt 0.1634838 0.8512043
vt 0.1594117 0.8518335
vt 0.1543062 0.8516546
vt 0.1524055 0.8521004
vt 0.1546164 0.8542454
vt 0.1705076 0.8488415
vt 0.1708698 0.8578315
vt 0.1711919 0.851771
vt 0.1711919 0.851771
vt 0.1708698 0.8578315
vt 0.1713794 0.8543873
vt 0.1598764 0.8555283
vt 0.1577323 0.8693293
vt 0.1617961 0.8676199
vt 0.1411653 0.8443851
vt 0.1379955 0.8409051
vt 0.1360361 0.8421498
vt 0.1423557 0.8543577
vt 0.145506 0.8538223
vt 0.1411653 0.8443851
vt 0.1423557 0.8543577
vt 0.1411653 0.8443851
vt 0.1360361 0.8421498
vt 0.08631622 0.8676156
vt 0.08630055 0.8676417
vt 0.08621066 0.867863
vt 0.07716995 0.8691459
vt 0.0768783 0.8688517
vt 0.07593792 0.8700967
vt 0.07610672 0.870257
vt 0.07593792 0.8700967
vt 0.07525438 0.8712161
vt 0.078327 0.8677485
vt 0.07825177 0.8674289
vt 0.0768783 0.8688517
vt 0.0768783 0.8688517
vt 0.07658088 0.8684016
vt 0.07567501 0.8698871
vt 0.07593792 0.8700967
vt 0.07567501 0.8698871
vt 0.07545 0.8713766
vt 0.07871413 0.8675037
vt 0.07862997 0.8672027
vt 0.07825177 0.8674289
vt 0.07825177 0.8674289
vt 0.07817214 0.8669105
vt 0.07658088 0.8684016
vt 0.07567501 0.8698871
vt 0.07658088 0.8684016
vt 0.07618421 0.8676876
vt 0.07825177 0.8674289
vt 0.07862997 0.8672027
vt 0.07854974 0.866709
vt 0.08076852 0.865483
vt 0.07854974 0.866709
vt 0.07862997 0.8672027
vt 0.07771605 0.8643892
vt 0.07809156 0.8644974
vt 0.07816153 0.8641429
vt 0.0778796 0.8638912
vt 0.07662737 0.8640079
vt 0.0769087 0.8645883
vt 0.07857 0.8660274
vt 0.07810467 0.8662722
vt 0.07817214 0.8669105
vt 0.07658088 0.8684016
vt 0.07817214 0.8669105
vt 0.07810467 0.8662722
vt 0.07688641 0.8647807
vt 0.07671856 0.8662603
vt 0.07809025 0.8655521
vt 0.07525438 0.8712161
vt 0.07518774 0.8719062
vt 0.07163083 0.8724974
vt 0.0769087 0.8645883
vt 0.07551777 0.8653339
vt 0.07548767 0.8655653
vt 0.07671856 0.8662603
vt 0.07688641 0.8647807
vt 0.07548767 0.8655653
vt 0.07799386 0.8636259
vt 0.0778796 0.8638912
vt 0.07827538 0.8637846
vt 0.07847708 0.8635546
vt 0.07827538 0.8637846
vt 0.07816153 0.8641429
vt 0.07847708 0.8635546
vt 0.07809156 0.8644974
vt 0.07867538 0.8650765
vt 0.07812094 0.863301
vt 0.07799386 0.8636259
vt 0.07827538 0.8637846
vt 0.07567501 0.8698871
vt 0.07505184 0.8694764
vt 0.07493174 0.8716683
vt 0.07662737 0.8640079
vt 0.07503128 0.8647735
vt 0.07551777 0.8653339
vt 0.07551777 0.8653339
vt 0.07408893 0.8665051
vt 0.07415091 0.8667673
vt 0.07518774 0.8719062
vt 0.07525438 0.8712161
vt 0.07545 0.8713766
vt 0.07809025 0.8655521
vt 0.07671856 0.8662603
vt 0.07810467 0.8662722
vt 0.07618421 0.8676876
vt 0.07810467 0.8662722
vt 0.07671856 0.8662603
vt 0.07503128 0.8647735
vt 0.07662737 0.8640079
vt 0.07561188 0.8625549
vt 0.07728064 0.8617523
vt 0.07561188 0.8625549
vt 0.07799386 0.8636259
vt 0.07867538 0.8650765
vt 0.07810467 0.8662722
vt 0.07857 0.8660274
vt 0.07867538 0.8650765
vt 0.07857 0.8660274
vt 0.08076852 0.865483
vt 0.07492995 0.8677865
vt 0.07618421 0.8676876
vt 0.07585918 0.8668529
vt 0.07847708 0.8635546
vt 0.07916849 0.8628824
vt 0.07889217 0.8624017
vt 0.07916849 0.8628824
vt 0.07847708 0.8635546
vt 0.07867538 0.8650765
vt 0.07503128 0.8647735
vt 0.07353913 0.8659721
vt 0.07408893 0.8665051
vt 0.07360237 0.8639966
vt 0.07272326 0.864906
vt 0.07353913 0.8659721
vt 0.07507187 0.8614039
vt 0.07738697 0.8605562
vt 0.07720661 0.8599586
vt 0.07274013 0.8628389
vt 0.07507187 0.8614039
vt 0.07451695 0.8609764
vt 0.07916849 0.8628824
vt 0.08101397 0.8645288
vt 0.08014583 0.8621667
vt 0.07728064 0.8617523
vt 0.07812094 0.863301
vt 0.07889217 0.8624017
vt 0.07972198 0.8610236
vt 0.07728064 0.8617523
vt 0.07889217 0.8624017
vt 0.07358872 0.8539138
vt 0.07059425 0.8559189
vt 0.07451695 0.8609764
vt 0.07360237 0.8639966
vt 0.07561188 0.8625549
vt 0.07507187 0.8614039
vt 0.07326036 0.8679669
vt 0.07425856 0.8689446
vt 0.07492995 0.8677865
vt 0.07561188 0.8625549
vt 0.07728064 0.8617523
vt 0.07738697 0.8605562
vt 0.07059425 0.8559189
vt 0.06728565 0.859242
vt 0.07193017 0.8627216
vt 0.0717715 0.8663869
vt 0.07260453 0.8673123
vt 0.07353913 0.8659721
vt 0.07492995 0.8677865
vt 0.07425856 0.8689446
vt 0.07505184 0.8694764
vt 0.07400089 0.8699334
vt 0.07505184 0.8694764
vt 0.07425856 0.8689446
vt 0.07400089 0.8699334
vt 0.07396084 0.8719494
vt 0.07493174 0.8716683
vt 0.08221155 0.8659293
vt 0.08273369 0.8653825
vt 0.08225274 0.8653454
vt 0.08158677 0.8656094
vt 0.08076852 0.865483
vt 0.08134341 0.8665709
vt 0.08134341 0.8665709
vt 0.08260029 0.8668417
vt 0.08298003 0.866331
vt 0.07193017 0.8627216
vt 0.06998187 0.8653911
vt 0.07049316 0.8651497
vt 0.07738697 0.8605562
vt 0.07963931 0.8600925
vt 0.07983088 0.8596827
vt 0.07545 0.8713766
vt 0.07493174 0.8716683
vt 0.07622724 0.8737712
vt 0.07049316 0.8651497
vt 0.0717715 0.8663869
vt 0.07272326 0.864906
vt 0.07963931 0.8600925
vt 0.08077943 0.8599983
vt 0.08035528 0.859518
vt 0.08014583 0.8621667
vt 0.08089566 0.8618469
vt 0.08090925 0.8612159
vt 0.08014583 0.8621667
vt 0.08101397 0.8645288
vt 0.08183878 0.8637672
vt 0.07256221 0.8700398
vt 0.07326036 0.8679669
vt 0.07322096 0.8677226
vt 0.07326036 0.8679669
vt 0.07256221 0.8700398
vt 0.07400089 0.8699334
vt 0.08298003 0.866331
vt 0.08343183 0.8659124
vt 0.08273369 0.8653825
vt 0.08035528 0.859518
vt 0.08077943 0.8599983
vt 0.08094018 0.8593566
vt 0.07235532 0.8699607
vt 0.07322096 0.8677226
vt 0.07260453 0.8673123
vt 0.07983088 0.8596827
vt 0.08035528 0.859518
vt 0.07872557 0.8515343
vt 0.08273369 0.8653825
vt 0.08313882 0.8646946
vt 0.08261102 0.864685
vt 0.08191722 0.8611732
vt 0.08090925 0.8612159
vt 0.08089566 0.8618469
vt 0.08035528 0.859518
vt 0.08094018 0.8593566
vt 0.08089119 0.8507562
vt 0.0717715 0.8663869
vt 0.07049316 0.8651497
vt 0.06887501 0.8686337
vt 0.07260453 0.8673123
vt 0.0717715 0.8663869
vt 0.07078975 0.8695943
vt 0.08150869 0.8648484
vt 0.08101397 0.8645288
vt 0.08076852 0.865483
vt 0.08094018 0.8593566
vt 0.08077943 0.8599983
vt 0.08214813 0.8599084
vt 0.08374083 0.8665056
vt 0.08372807 0.8664686
vt 0.08346736 0.866534
vt 0.0837658 0.8662519
vt 0.08346736 0.866534
vt 0.08375895 0.8664666
vt 0.06871515 0.8732095
vt 0.07101547 0.8731476
vt 0.07078975 0.8695943
vt 0.07396084 0.8719494
vt 0.07400089 0.8699334
vt 0.07256221 0.8700398
vt 0.07235532 0.8699607
vt 0.0725612 0.8724071
vt 0.0726363 0.8721867
vt 0.08214813 0.8599084
vt 0.08626592 0.8611251
vt 0.08686423 0.8603855
vt 0.08261102 0.864685
vt 0.08313882 0.8646946
vt 0.08312547 0.8635951
vt 0.08343183 0.8659124
vt 0.08403819 0.8655499
vt 0.08313882 0.8646946
vt 0.08313882 0.8646946
vt 0.08403819 0.8655499
vt 0.08488082 0.864028
vt 0.06871515 0.8732095
vt 0.06887501 0.8686337
vt 0.06827092 0.8690265
vt 0.08374083 0.8665056
vt 0.08350503 0.8667881
vt 0.08397895 0.866526
vt 0.08352738 0.8625513
vt 0.08191722 0.8611732
vt 0.08165806 0.861794
vt 0.07078975 0.8695943
vt 0.07101547 0.8731476
vt 0.07190507 0.8727678
vt 0.08094018 0.8593566
vt 0.08233743 0.8591431
vt 0.08485341 0.8521448
vt 0.08352738 0.8625513
vt 0.0855903 0.861969
vt 0.08200651 0.8605931
vt 0.08183878 0.8637672
vt 0.08101397 0.8645288
vt 0.08150869 0.8648484
vt 0.08381974 0.8664289
vt 0.08410501 0.8661919
vt 0.0837658 0.8662519
vt 0.08312547 0.8635951
vt 0.08388543 0.8632731
vt 0.08352738 0.8625513
vt 0.08380126 0.8664734
vt 0.08397895 0.866526
vt 0.08410501 0.8661919
vt 0.08352738 0.8625513
vt 0.08388543 0.8632731
vt 0.08429646 0.8627884
vt 0.08313882 0.8646946
vt 0.08388543 0.8632731
vt 0.08312547 0.8635951
vt 0.07426071 0.876022
vt 0.07587146 0.8751296
vt 0.07396084 0.8719494
vt 0.08377927 0.8661379
vt 0.08343183 0.8659124
vt 0.08298003 0.866331
vt 0.0725612 0.8724071
vt 0.07405227 0.8762384
vt 0.07426071 0.876022
vt 0.0725612 0.8724071
vt 0.07190507 0.8727678
vt 0.07326114 0.8763183
vt 0.06826823 0.8737585
vt 0.06827092 0.8690265
vt 0.06317597 0.8689359
vt 0.07041251 0.8780862
vt 0.06871515 0.8732095
vt 0.06826823 0.8737585
vt 0.07587146 0.8751296
vt 0.07622724 0.8737712
vt 0.07493174 0.8716683
vt 0.08377927 0.8661379
vt 0.08326572 0.8665859
vt 0.08346736 0.866534
vt 0.08346736 0.866534
vt 0.08326572 0.8665859
vt 0.08319562 0.8671058
vt 0.08319562 0.8671058
vt 0.08326572 0.8665859
vt 0.08260029 0.8668417
vt 0.08388543 0.8632731
vt 0.08488082 0.864028
vt 0.08503663 0.8630564
vt 0.08233743 0.8591431
vt 0.08686423 0.8603855
vt 0.09014338 0.8541074
vt 0.05609405 0.8752188
vt 0.06356918 0.8751979
vt 0.06317597 0.8689359
vt 0.08440804 0.865939
vt 0.08377927 0.8661379
vt 0.0837658 0.8662519
vt 0.0855903 0.861969
vt 0.08429646 0.8627884
vt 0.08503663 0.8630564
vt 0.08440804 0.865939
vt 0.08537459 0.8651816
vt 0.08403819 0.8655499
vt 0.06106948 0.8505092
vt 0.05964058 0.8497595
vt 0.05586403 0.8580654
vt 0.08319562 0.8671058
vt 0.08416926 0.8665299
vt 0.08397895 0.866526
vt 0.08425599 0.867323
vt 0.08319562 0.8671058
vt 0.08253437 0.8687268
vt 0.08403819 0.8655499
vt 0.08537459 0.8651816
vt 0.08488082 0.864028
vt 0.05964058 0.8497595
vt 0.05690306 0.848628
vt 0.0536012 0.8567222
vt 0.0626465 0.841146
vt 0.05690306 0.848628
vt 0.05964058 0.8497595
vt 0.08416926 0.8665299
vt 0.08440804 0.865939
vt 0.08410501 0.8661919
vt 0.06106948 0.8505092
vt 0.06585705 0.8447347
vt 0.06456708 0.8432928
vt 0.07629752 0.8780302
vt 0.07426071 0.876022
vt 0.07405227 0.8762384
vt 0.06585705 0.8447347
vt 0.07059425 0.8559189
vt 0.07358872 0.8539138
vt 0.07126289 0.8409478
vt 0.07358872 0.8539138
vt 0.07681959 0.8524051
vt 0.08843338 0.8643201
vt 0.08503663 0.8630564
vt 0.08488082 0.864028
vt 0.07101547 0.8731476
vt 0.06871515 0.8732095
vt 0.07041251 0.8780862
vt 0.09031665 0.8632785
vt 0.08626592 0.8611251
vt 0.0855903 0.861969
vt 0.05564069 0.867176
vt 0.05440968 0.8657609
vt 0.05479699 0.8756479
vt 0.07020115 0.8786831
vt 0.06826823 0.8737585
vt 0.06356918 0.8751979
vt 0.0598886 0.8850648
vt 0.06608325 0.8815778
vt 0.06356918 0.8751979
vt 0.0516768 0.8553396
vt 0.0536012 0.8567222
vt 0.05690306 0.848628
vt 0.06456708 0.8432928
vt 0.06585705 0.8447347
vt 0.07126289 0.8409478
vt 0.07116276 0.8390303
vt 0.06985318 0.8361043
vt 0.0626465 0.841146
vt 0.05586403 0.8580654
vt 0.0536012 0.8567222
vt 0.0526399 0.8655113
vt 0.08416926 0.8665299
vt 0.08319562 0.8671058
vt 0.08425599 0.867323
vt 0.07578998 0.8793252
vt 0.07326114 0.8763183
vt 0.07250779 0.8768632
vt 0.07250779 0.8768632
vt 0.07041251 0.8780862
vt 0.07394319 0.8823007
vt 0.07394319 0.8823007
vt 0.07041251 0.8780862
vt 0.07020115 0.8786831
vt 0.0626465 0.841146
vt 0.05549865 0.8481374
vt 0.05690306 0.848628
vt 0.07872557 0.8515343
vt 0.07820767 0.8372599
vt 0.07472407 0.8391226
vt 0.0536012 0.8567222
vt 0.0516768 0.8553396
vt 0.04878669 0.8653444
vt 0.05549865 0.8481374
vt 0.0626465 0.841146
vt 0.05564439 0.8385513
vt 0.0526399 0.8655113
vt 0.05281108 0.8764164
vt 0.05479699 0.8756479
vt 0.07472407 0.8391226
vt 0.07116276 0.8390303
vt 0.07126289 0.8409478
vt 0.07820767 0.8372599
vt 0.07872557 0.8515343
vt 0.08089119 0.8507562
vt 0.08720928 0.8654168
vt 0.08488082 0.864028
vt 0.08537459 0.8651816
vt 0.08485341 0.8521448
vt 0.09014338 0.8541074
vt 0.09266477 0.8488763
vt 0.07786697 0.8358915
vt 0.07791209 0.8333001
vt 0.06985318 0.8361043
vt 0.08546066 0.8659007
vt 0.08416926 0.8665299
vt 0.08498609 0.8664971
vt 0.07786697 0.8358915
vt 0.07116276 0.8390303
vt 0.07472407 0.8391226
vt 0.05564439 0.8385513
vt 0.05288654 0.8349062
vt 0.04580736 0.8466562
vt 0.091273 0.8627557
vt 0.08686423 0.8603855
vt 0.08626592 0.8611251
vt 0.04594695 0.8615152
vt 0.04878669 0.8653444
vt 0.0516768 0.8553396
vt 0.07370257 0.8828286
vt 0.07020115 0.8786831
vt 0.06608325 0.8815778
vt 0.04213047 0.8451586
vt 0.04580736 0.8466562
vt 0.05288654 0.8349062
vt 0.04878669 0.8653444
vt 0.04880011 0.8771158
vt 0.05281108 0.8764164
vt 0.04181629 0.8760514
vt 0.04557037 0.8755563
vt 0.04594695 0.8615152
vt 0.06608325 0.8815778
vt 0.0598886 0.8850648
vt 0.06627058 0.8923206
vt 0.09633761 0.8576044
vt 0.09014338 0.8541074
vt 0.08686423 0.8603855
vt 0.04921925 0.8316061
vt 0.05288654 0.8349062
vt 0.06286704 0.8260762
vt 0.07820767 0.8372599
vt 0.08188813 0.83638
vt 0.0814597 0.8348491
vt 0.04213047 0.8451586
vt 0.0385757 0.860271
vt 0.0418719 0.8605974
vt 0.0385757 0.860271
vt 0.03930664 0.8766484
vt 0.04181629 0.8760514
vt 0.0457673 0.8277469
vt 0.03596216 0.8447207
vt 0.04213047 0.8451586
vt 0.05849623 0.8852884
vt 0.05479699 0.8756479
vt 0.05281108 0.8764164
vt 0.05281108 0.8764164
vt 0.04880011 0.8771158
vt 0.05330067 0.8887308
vt 0.07318848 0.8256274
vt 0.07324093 0.8215377
vt 0.06286704 0.8260762
vt 0.03930664 0.8766484
vt 0.0385757 0.860271
vt 0.03176236 0.8618231
vt 0.08540803 0.8482758
vt 0.08605951 0.8356821
vt 0.08188813 0.83638
vt 0.08584243 0.8339163
vt 0.0814597 0.8348491
vt 0.08188813 0.83638
vt 0.07791209 0.8333001
vt 0.07786697 0.8358915
vt 0.0814597 0.8348491
vt 0.08344155 0.8323387
vt 0.0814597 0.8348491
vt 0.08584243 0.8339163
vt 0.08605951 0.8356821
vt 0.08540803 0.8482758
vt 0.09266477 0.8488763
vt 0.08121871 0.8229615
vt 0.08130347 0.8326471
vt 0.08344155 0.8323387
vt 0.07324093 0.8215377
vt 0.07361775 0.8181914
vt 0.07025957 0.8179721
vt 0.08121871 0.8229615
vt 0.0815767 0.820153
vt 0.07324093 0.8215377
vt 0.03930664 0.8766484
vt 0.04566466 0.8919456
vt 0.04726588 0.8908852
vt 0.08552885 0.8223804
vt 0.08344155 0.8323387
vt 0.08595091 0.8320816
vt 0.07025957 0.8179721
vt 0.07347148 0.813805
vt 0.07178378 0.8107574
vt 0.06156182 0.8981235
vt 0.0648595 0.8942106
vt 0.05674397 0.8867043
vt 0.05665111 0.8108563
vt 0.06079775 0.8112187
vt 0.06472164 0.7943729
vt 0.05294507 0.8062788
vt 0.05258399 0.8104494
vt 0.05665111 0.8108563
vt 0.07178378 0.8107574
vt 0.07409387 0.7948339
vt 0.06495058 0.8115335
vt 0.07025957 0.8179721
vt 0.07361775 0.8181914
vt 0.07347148 0.813805
vt 0.06472164 0.7943729
vt 0.06079775 0.8112187
vt 0.06495058 0.8115335
vt 0.1008598 0.8529269
vt 0.09266477 0.8488763
vt 0.09014338 0.8541074
vt 0.09898763 0.8360295
vt 0.1004113 0.834208
vt 0.08595091 0.8320816
vt 0.0815767 0.820153
vt 0.08121871 0.8229615
vt 0.08552885 0.8223804
vt 0.07361775 0.8181914
vt 0.07324093 0.8215377
vt 0.0815767 0.820153
vt 0.08189284 0.817922
vt 0.08407497 0.8133349
vt 0.07902657 0.812073
vt 0.04566466 0.8919456
vt 0.05684119 0.90369416
vt 0.05760604 0.90273452
vt 0.04566466 0.8919456
vt 0.03761488 0.8953202
vt 0.04948896 0.91147054
vt 0.07347148 0.813805
vt 0.07902657 0.812073
vt 0.07925087 0.8099553
vt 0.07925087 0.8099553
vt 0.08328402 0.7961374
vt 0.07409387 0.7948339
vt 0.09033089 0.8218207
vt 0.09051138 0.8181918
vt 0.08562433 0.8194388
vt 0.05294507 0.8062788
vt 0.0553627 0.7936665
vt 0.04891234 0.8000072
vt 0.08562433 0.8194388
vt 0.08590161 0.817096
vt 0.08189284 0.817922
vt 0.1004113 0.834208
vt 0.1057257 0.82345
vt 0.09033089 0.8218207
vt 0.08590161 0.817096
vt 0.08754914 0.8146715
vt 0.08407497 0.8133349
vt 0.08590161 0.817096
vt 0.08562433 0.8194388
vt 0.09051138 0.8181918
vt 0.07902657 0.812073
vt 0.08407497 0.8133349
vt 0.08533573 0.8113733
vt 0.1057257 0.82345
vt 0.1081796 0.819365
vt 0.09051138 0.8181918
vt 0.08590161 0.817096
vt 0.09045028 0.815595
vt 0.08754914 0.8146715
vt 0.09051138 0.8181918
vt 0.1081796 0.819365
vt 0.1019569 0.8146093
vt 0.09051138 0.8181918
vt 0.09342217 0.8144529
vt 0.09045028 0.815595
vt 0.09814357 0.8376907
vt 0.1094591 0.8433918
vt 0.1109687 0.8424432
vt 0.10214 0.8064199
vt 0.09246861 0.7994004
vt 0.0911495 0.8138195
vt 0.1152291 0.7994688
vt 0.1069195 0.8095147
vt 0.1306503 0.8239283
vt 0.10214 0.8064199
vt 0.09342217 0.8144529
vt 0.1019569 0.8146093
vt 0.105924 0.8123454
vt 0.1291487 0.8245766
vt 0.1306503 0.8239283
vt 0.105924 0.8123454
vt 0.10976 0.8173649
vt 0.1291487 0.8245766
vt 0.1249147 0.7913949
vt 0.1152291 0.7994688
vt 0.1396291 0.8155427
vt 0.1057257 0.82345
vt 0.1004113 0.834208
vt 0.1129177 0.8409554
vt 0.1081796 0.819365
vt 0.1057257 0.82345
vt 0.120784 0.8319769
vt 0.122819 0.8303438
vt 0.1248426 0.8287797
vt 0.10976 0.8173649
vt 0.1248426 0.8287797
vt 0.1291487 0.8245766
vt 0.10976 0.8173649
vt 0.07986479 0.8715493
vt 0.08209013 0.8723576
vt 0.08185166 0.8720345
vt 0.08206868 0.8733786
vt 0.08209013 0.8723576
vt 0.07986479 0.8715493
vt 0.08228462 0.8747407
vt 0.08206868 0.8733786
vt 0.07969141 0.8727863
vt 0.08647423 0.8685053
vt 0.08711791 0.8681309
vt 0.08680886 0.8677308
vt 0.08647423 0.8685053
vt 0.08537751 0.8687349
vt 0.08711755 0.8705375
vt 0.0795958 0.8758334
vt 0.08267557 0.8765682
vt 0.08228462 0.8747407
vt 0.08206868 0.8733786
vt 0.08415466 0.8735326
vt 0.08394074 0.8726075
vt 0.08463823 0.8746876
vt 0.08415466 0.8735326
vt 0.08206868 0.8733786
vt 0.08711791 0.8681309
vt 0.08647423 0.8685053
vt 0.08761483 0.869524
vt 0.08612936 0.8680546
vt 0.08680886 0.8677308
vt 0.08659482 0.8676899
vt 0.08552998 0.8677187
vt 0.08431452 0.8670815
vt 0.08537751 0.8687349
vt 0.0795958 0.8758334
vt 0.0789411 0.8772086
vt 0.0817486 0.87819
vt 0.0789411 0.8772086
vt 0.07722902 0.8764468
vt 0.07629752 0.8780302
vt 0.0789597 0.8794993
vt 0.07629752 0.8780302
vt 0.07613998 0.8785778
vt 0.07578998 0.8793252
vt 0.07945173 0.8811282
vt 0.07906615 0.8800133
vt 0.08591538 0.867682
vt 0.08552998 0.8677187
vt 0.08612936 0.8680546
vt 0.08625906 0.8676209
vt 0.08591538 0.867682
vt 0.08621066 0.867863
vt 0.08659482 0.8676899
vt 0.08680886 0.8677308
vt 0.08691477 0.8671856
vt 0.08691477 0.8671856
vt 0.08680886 0.8677308
vt 0.08757907 0.8675642
vt 0.08556497 0.8761907
vt 0.08463823 0.8746876
vt 0.08228462 0.8747407
vt 0.08631622 0.8676156
vt 0.08621066 0.867863
vt 0.08659482 0.8676899
vt 0.08618956 0.8674148
vt 0.08619886 0.8669028
vt 0.08562052 0.8672714
vt 0.08757907 0.8675642
vt 0.08711791 0.8681309
vt 0.08818143 0.8689534
vt 0.08568739 0.8726685
vt 0.08580064 0.8721684
vt 0.0840075 0.872066
vt 0.08568739 0.8726685
vt 0.08394074 0.8726075
vt 0.08415466 0.8735326
vt 0.07394319 0.8823007
vt 0.07892113 0.8849291
vt 0.0792706 0.8822065
vt 0.08622831 0.8674664
vt 0.08618956 0.8674148
vt 0.08552998 0.8677187
vt 0.08625906 0.8676209
vt 0.08629864 0.8675856
vt 0.08622831 0.8674664
vt 0.08562052 0.8672714
vt 0.08569526 0.8677622
vt 0.08431452 0.8670815
vt 0.0792706 0.8822065
vt 0.07945173 0.8811282
vt 0.07578998 0.8793252
vt 0.08662992 0.8674002
vt 0.08691477 0.8671856
vt 0.08618956 0.8674148
vt 0.08720928 0.8654168
vt 0.08686238 0.8655572
vt 0.08766049 0.8664624
vt 0.08634543 0.8676232
vt 0.08659482 0.8676899
vt 0.08662992 0.8674002
vt 0.08660608 0.874076
vt 0.08598279 0.8733283
vt 0.08415466 0.8735326
vt 0.08635199 0.8675843
vt 0.08662992 0.8674002
vt 0.08622831 0.8674664
vt 0.08212488 0.8802344
vt 0.0789597 0.8794993
vt 0.07906615 0.8800133
vt 0.08711755 0.8705375
vt 0.08659809 0.8720003
vt 0.08738833 0.8724021
vt 0.08829814 0.8701558
vt 0.08838272 0.8694755
vt 0.08761483 0.869524
vt 0.08774793 0.8724947
vt 0.08844548 0.8725818
vt 0.08866584 0.8709901
vt 0.08757907 0.8675642
vt 0.08959406 0.8667855
vt 0.08766049 0.8664624
vt 0.0789597 0.8794993
vt 0.08212488 0.8802344
vt 0.0817486 0.87819
vt 0.08318817 0.8783381
vt 0.08267557 0.8765682
vt 0.0817486 0.87819
vt 0.07685565 0.8905471
vt 0.07859647 0.8855193
vt 0.07370257 0.8828286
vt 0.0891726 0.8690445
vt 0.08894944 0.8685455
vt 0.08818143 0.8689534
vt 0.08652102 0.8665408
vt 0.08619886 0.8669028
vt 0.08618956 0.8674148
vt 0.08773112 0.8749587
vt 0.08660608 0.874076
vt 0.08463823 0.8746876
vt 0.08929914 0.8701616
vt 0.08829814 0.8701558
vt 0.08866584 0.8709901
vt 0.08373582 0.8829154
vt 0.0792706 0.8822065
vt 0.07892113 0.8849291
vt 0.08240413 0.8806473
vt 0.07906615 0.8800133
vt 0.07945173 0.8811282
vt 0.06627058 0.8923206
vt 0.07435047 0.897487
vt 0.07685565 0.8905471
vt 0.08314889 0.8816868
vt 0.07945173 0.8811282
vt 0.0792706 0.8822065
vt 0.08843338 0.8643201
vt 0.08720928 0.8654168
vt 0.08959406 0.8667855
vt 0.08514547 0.8800684
vt 0.08212488 0.8802344
vt 0.08240413 0.8806473
vt 0.07859647 0.8855193
vt 0.07685565 0.8905471
vt 0.08412587 0.8920041
vt 0.08959406 0.8667855
vt 0.08757907 0.8675642
vt 0.08894944 0.8685455
vt 0.08556497 0.8761907
vt 0.08267557 0.8765682
vt 0.08318817 0.8783381
vt 0.0891726 0.8690445
vt 0.08986139 0.8694723
vt 0.09061747 0.868518
vt 0.09061747 0.868518
vt 0.09091114 0.8678172
vt 0.08894944 0.8685455
vt 0.08568739 0.8726685
vt 0.08598279 0.8733283
vt 0.08750474 0.872733
vt 0.08660608 0.874076
vt 0.0881989 0.8730145
vt 0.08750474 0.872733
vt 0.08665049 0.8775851
vt 0.08829742 0.8764169
vt 0.08556497 0.8761907
vt 0.09633761 0.8576044
vt 0.091273 0.8627557
vt 0.09467548 0.8657423
vt 0.08929914 0.8701616
vt 0.0898351 0.8706249
vt 0.09062522 0.8698097
vt 0.08912175 0.8732542
vt 0.0881989 0.8730145
vt 0.08660608 0.874076
vt 0.08750474 0.872733
vt 0.08774793 0.8724947
vt 0.08738833 0.8724021
vt 0.09467548 0.8657423
vt 0.091273 0.8627557
vt 0.09031665 0.8632785
vt 0.08866584 0.8709901
vt 0.08932763 0.8726734
vt 0.09034478 0.8727772
vt 0.0931642 0.872302
vt 0.0898351 0.8706249
vt 0.09034478 0.8727772
vt 0.09062522 0.8698097
vt 0.0898351 0.8706249
vt 0.09373062 0.8714635
vt 0.0931642 0.872302
vt 0.09373062 0.8714635
vt 0.0898351 0.8706249
vt 0.09031665 0.8632785
vt 0.08926469 0.8639295
vt 0.09245818 0.8663399
vt 0.08314889 0.8816868
vt 0.08603674 0.8813704
vt 0.08552962 0.8803875
vt 0.08844548 0.8725818
vt 0.08774793 0.8724947
vt 0.08750474 0.872733
vt 0.06156182 0.8981235
vt 0.07208895 0.90522355
vt 0.07376313 0.90095646
vt 0.08777016 0.8823817
vt 0.08373582 0.8829154
vt 0.08454376 0.8856372
vt 0.08373582 0.8829154
vt 0.08777016 0.8823817
vt 0.08603674 0.8813704
vt 0.09191685 0.8689173
vt 0.09061747 0.868518
vt 0.09062522 0.8698097
vt 0.09109765 0.8667094
vt 0.08959406 0.8667855
vt 0.09091114 0.8678172
vt 0.08953148 0.8776848
vt 0.08829742 0.8764169
vt 0.08665049 0.8775851
vt 0.06007891 0.8999115
vt 0.07119768 0.90748317
vt 0.07208895 0.90522355
vt 0.09388613 0.8708548
vt 0.09368413 0.8702044
vt 0.09191685 0.8689173
vt 0.08932763 0.8726734
vt 0.08844548 0.8725818
vt 0.0881989 0.8730145
vt 0.08829742 0.8764169
vt 0.08935254 0.8750009
vt 0.08773112 0.8749587
vt 0.09106278 0.8912913
vt 0.08944797 0.8855647
vt 0.08506339 0.8863427
vt 0.06985539 0.91343666
vt 0.07071012 0.91172076
vt 0.05760604 0.90273452
vt 0.09034478 0.8727772
vt 0.08932763 0.8726734
vt 0.08912175 0.8732542
vt 0.08912175 0.8732542
vt 0.08773112 0.8749587
vt 0.08935254 0.8750009
vt 0.07435047 0.897487
vt 0.08571517 0.90019006
vt 0.08412587 0.8920041
vt 0.05684119 0.90369416
vt 0.04948896 0.91147054
vt 0.06290608 0.92059941
vt 0.08829742 0.8764169
vt 0.08953148 0.8776848
vt 0.09061044 0.8760721
vt 0.09360742 0.8660563
vt 0.09588783 0.8697645
vt 0.09678727 0.8697565
vt 0.08571517 0.90019006
vt 0.07435047 0.897487
vt 0.07469952 0.8992621
vt 0.0895155 0.8845538
vt 0.09308344 0.8820113
vt 0.09117311 0.8806586
vt 0.08935254 0.8750009
vt 0.09061044 0.8760721
vt 0.09130907 0.8745483
vt 0.09130907 0.8745483
vt 0.09170091 0.8736383
vt 0.09005689 0.8733966
vt 0.07469952 0.8992621
vt 0.07376313 0.90095646
vt 0.08527159 0.90395874
vt 0.09192413 0.8732902
vt 0.09235644 0.8732694
vt 0.09034478 0.8727772
vt 0.09250676 0.8683621
vt 0.09191685 0.8689173
vt 0.09368413 0.8702044
vt 0.09440475 0.8699002
vt 0.09505814 0.869819
vt 0.09376949 0.8680108
vt 0.1014092 0.8625289
vt 0.1069443 0.8595388
vt 0.1008598 0.8529269
vt 0.07208895 0.90522355
vt 0.08507204 0.90880019
vt 0.08527159 0.90395874
vt 0.08963865 0.8797844
vt 0.09089893 0.8785019
vt 0.0900563 0.8778483
vt 0.09588783 0.8697645
vt 0.09360742 0.8660563
vt 0.09376949 0.8680108
vt 0.09166938 0.8746104
vt 0.09130907 0.8745483
vt 0.09061044 0.8760721
vt 0.09117311 0.8806586
vt 0.09089893 0.8785019
vt 0.08963865 0.8797844
vt 0.09252297 0.8749366
vt 0.09166938 0.8746104
vt 0.09103977 0.8761852
vt 0.08635914 0.91198862
vt 0.07119768 0.90748317
vt 0.07071012 0.91172076
vt 0.09170091 0.8736383
vt 0.0918622 0.8736557
vt 0.09192413 0.8732902
vt 0.09130907 0.8745483
vt 0.09166938 0.8746104
vt 0.0918622 0.8736557
vt 0.06985539 0.91343666
vt 0.06290608 0.92059941
vt 0.08362346 0.9274171
vt 0.07071012 0.91172076
vt 0.06985539 0.91343666
vt 0.08678287 0.91957737
vt 0.1014092 0.8625289
vt 0.09467548 0.8657423
vt 0.09678727 0.8697565
vt 0.09262645 0.8735689
vt 0.09235644 0.8732694
vt 0.09192413 0.8732902
vt 0.09166938 0.8746104
vt 0.09252297 0.8749366
vt 0.09262645 0.8735689
vt 0.09335136 0.8783672
vt 0.09160983 0.8775377
vt 0.09089893 0.8785019
vt 0.09450763 0.8760498
vt 0.09252297 0.8749366
vt 0.09160983 0.8775377
vt 0.0895155 0.8845538
vt 0.08944797 0.8855647
vt 0.09403324 0.882332
vt 0.09106278 0.8912913
vt 0.08412587 0.8920041
vt 0.08571517 0.90019006
vt 0.09387356 0.8725996
vt 0.0931642 0.872302
vt 0.09235644 0.8732694
vt 0.09252297 0.8749366
vt 0.09450763 0.8760498
vt 0.09262645 0.8735689
vt 0.09462231 0.8995025
vt 0.1037644 0.896446
vt 0.09686005 0.8886315
vt 0.08560782 0.90184105
vt 0.09674894 0.90082443
vt 0.09462231 0.8995025
vt 0.09335136 0.8783672
vt 0.09117311 0.8806586
vt 0.09308344 0.8820113
vt 0.08560782 0.90184105
vt 0.08527159 0.90395874
vt 0.09685814 0.90322423
vt 0.09505814 0.869819
vt 0.09440475 0.8699002
vt 0.09462809 0.8707983
vt 0.08527159 0.90395874
vt 0.08507204 0.90880019
vt 0.09676867 0.90774167
vt 0.09462809 0.8707983
vt 0.09388613 0.8708548
vt 0.09373062 0.8714635
vt 0.09444922 0.871584
vt 0.09373062 0.8714635
vt 0.0931642 0.872302
vt 0.09508234 0.8740286
vt 0.09387356 0.8725996
vt 0.09262645 0.8735689
vt 0.09403324 0.882332
vt 0.09611117 0.8794107
vt 0.09511309 0.8792217
vt 0.09519839 0.8708667
vt 0.09462809 0.8707983
vt 0.09444922 0.871584
vt 0.0951727 0.8718192
vt 0.09444922 0.871584
vt 0.09387356 0.8725996
vt 0.0951727 0.8718192
vt 0.09616327 0.8718874
vt 0.09607535 0.8708991
vt 0.09610319 0.8765085
vt 0.09450763 0.8760498
vt 0.09335136 0.8783672
vt 0.09588783 0.8697645
vt 0.09607535 0.8708991
vt 0.09675884 0.8708249
vt 0.09610319 0.8765085
vt 0.09508234 0.8740286
vt 0.09450763 0.8760498
vt 0.1046867 0.8671819
vt 0.1090921 0.8660766
vt 0.1069443 0.8595388
vt 0.09628635 0.8740453
vt 0.09508234 0.8740286
vt 0.09610319 0.8765085
vt 0.1007591 0.91082824
vt 0.08635914 0.91198862
vt 0.08715063 0.91667539
vt 0.09607535 0.8708991
vt 0.09616327 0.8718874
vt 0.09686434 0.8717302
vt 0.1046867 0.8671819
vt 0.09678727 0.8697565
vt 0.09675884 0.8708249
vt 0.09610319 0.8765085
vt 0.09511309 0.8792217
vt 0.09611117 0.8794107
vt 0.1071065 0.8709185
vt 0.09675884 0.8708249
vt 0.09686434 0.8717302
vt 0.09722727 0.8739793
vt 0.09686434 0.8717302
vt 0.09616327 0.8718874
vt 0.1037644 0.896446
vt 0.09462231 0.8995025
vt 0.09674894 0.90082443
vt 0.1103011 0.90228409
vt 0.1076548 0.8996172
vt 0.09685814 0.90322423
vt 0.09674894 0.90082443
vt 0.09685814 0.90322423
vt 0.1076548 0.8996172
vt 0.1396291 0.8155427
vt 0.1552168 0.8397841
vt 0.1636997 0.8321038
vt 0.1552168 0.8397841
vt 0.1396291 0.8155427
vt 0.1306503 0.8239283
vt 0.1008598 0.8529269
vt 0.1069443 0.8595388
vt 0.1182126 0.8523123
vt 0.1103011 0.90228409
vt 0.1183435 0.8960678
vt 0.1167322 0.8942597
vt 0.106666 0.897191
vt 0.1076548 0.8996172
vt 0.1167322 0.8942597
vt 0.1109687 0.8424432
vt 0.1094591 0.8433918
vt 0.1182126 0.8523123
vt 0.1129177 0.8409554
vt 0.1109687 0.8424432
vt 0.1206477 0.8517759
vt 0.1129177 0.8409554
vt 0.1231946 0.8510132
vt 0.1318562 0.8434699
vt 0.1115838 0.8916922
vt 0.1037644 0.896446
vt 0.106666 0.897191
vt 0.1248426 0.8287797
vt 0.1379955 0.8409051
vt 0.1291487 0.8245766
vt 0.1436989 0.8446224
vt 0.1458748 0.8445566
vt 0.1306503 0.8239283
vt 0.1379955 0.8409051
vt 0.1411653 0.8443851
vt 0.1436989 0.8446224
vt 0.1152272 0.90558368
vt 0.1278312 0.8966311
vt 0.1183435 0.8960678
vt 0.1634838 0.8512043
vt 0.1708698 0.8578315
vt 0.1705076 0.8488415
vt 0.1704031 0.8631117
vt 0.1716842 0.8628901
vt 0.1708698 0.8578315
vt 0.1598764 0.8555283
vt 0.1617961 0.8676199
vt 0.1704031 0.8631117
vt 0.1147359 0.8917627
vt 0.1167322 0.8942597
vt 0.1236305 0.8864958
vt 0.1231946 0.8510132
vt 0.1278537 0.8594946
vt 0.1383503 0.8554671
vt 0.1273699 0.91049874
vt 0.1265822 0.91999013
vt 0.1453984 0.90598017
vt 0.1206477 0.8517759
vt 0.1182126 0.8523123
vt 0.123791 0.8627475
vt 0.1634838 0.8512043
vt 0.163169 0.8421796
vt 0.1591315 0.8465683
vt 0.1598764 0.8555283
vt 0.1594117 0.8518335
vt 0.1565997 0.8535313
vt 0.1184619 0.8842505
vt 0.1115838 0.8916922
vt 0.1147359 0.8917627
vt 0.123791 0.8627475
vt 0.1182126 0.8523123
vt 0.1069443 0.8595388
vt 0.1246915 0.8666996
vt 0.123791 0.8627475
vt 0.1090921 0.8660766
vt 0.1068111 0.8776408
vt 0.1050145 0.8811409
vt 0.1184619 0.8842505
vt 0.1360361 0.8421498
vt 0.122819 0.8303438
vt 0.120784 0.8319769
vt 0.1226462 0.8768363
vt 0.1066467 0.8740315
vt 0.1068111 0.8776408
vt 0.1565997 0.8535313
vt 0.1543062 0.8516546
vt 0.1546164 0.8542454
vt 0.1577323 0.8693293
vt 0.1598764 0.8555283
vt 0.1566047 0.8557274
vt 0.1068726 0.8725789
vt 0.1066467 0.8740315
vt 0.1226462 0.8768363
vt 0.1207056 0.8849096
vt 0.1236305 0.8864958
vt 0.1281392 0.8779611
vt 0.1291925 0.8777122
vt 0.1261842 0.8853794
vt 0.1376357 0.8818571
vt 0.1552168 0.8397841
vt 0.1458748 0.8445566
vt 0.1482611 0.8472331
vt 0.1207056 0.8849096
vt 0.124855 0.877319
vt 0.1222481 0.8776065
vt 0.1376357 0.8818571
vt 0.1278312 0.8966311
vt 0.1357839 0.8963543
vt 0.1412023 0.8997279
vt 0.1501726 0.8806921
vt 0.1435679 0.8810999
vt 0.1535252 0.8474927
vt 0.1482611 0.8472331
vt 0.1524055 0.8521004
vt 0.1291925 0.8777122
vt 0.1296787 0.8694202
vt 0.1281392 0.8779611
vt 0.1268353 0.8700464
vt 0.124855 0.877319
vt 0.1281392 0.8779611
vt 0.1291925 0.8777122
vt 0.1376357 0.8818571
vt 0.1398929 0.8708704
vt 0.1566047 0.8557274
vt 0.1546164 0.8542454
vt 0.1533802 0.8595318
vt 0.1226462 0.8768363
vt 0.1222481 0.8776065
vt 0.124855 0.877319
vt 0.1268353 0.8700464
vt 0.1249648 0.8702232
vt 0.1226462 0.8768363
vt 0.1379955 0.8409051
vt 0.1248426 0.8287797
vt 0.122819 0.8303438
vt 0.1278537 0.8594946
vt 0.1285418 0.8619021
vt 0.1395951 0.8593641
vt 0.1423557 0.8543577
vt 0.1360361 0.8421498
vt 0.1318562 0.8434699
vt 0.1296691 0.8670248
vt 0.1296787 0.8694202
vt 0.1398929 0.8708704
vt 0.1268353 0.8700464
vt 0.1296787 0.8694202
vt 0.1296691 0.8670248
vt 0.1261571 0.8623695
vt 0.123791 0.8627475
vt 0.1246915 0.8666996
vt 0.1285418 0.8619021
vt 0.1296691 0.8670248
vt 0.1401616 0.8629667
vt 0.1482611 0.8472331
vt 0.145506 0.8538223
vt 0.1524055 0.8521004
vt 0.1267693 0.8665537
vt 0.1246915 0.8666996
vt 0.1249648 0.8702232
vt 0.1482611 0.8472331
vt 0.1436989 0.8446224
vt 0.1411653 0.8443851
vt 0.1435679 0.8810999
vt 0.1445477 0.8687
vt 0.1398929 0.8708704
vt 0.1497455 0.8689641
vt 0.1577323 0.8693293
vt 0.1543798 0.8638652
vt 0.1480003 0.866689
vt 0.1445477 0.8687
vt 0.1497455 0.8689641
vt 0.1519428 0.8605882
vt 0.1480003 0.866689
vt 0.1516937 0.8645453
vt 0.1433145 0.8618258
vt 0.1445477 0.8687
vt 0.1480003 0.866689
vt 0.1459507 0.8606871
vt 0.1480003 0.866689
vt 0.1519428 0.8605882
vt 0.1445477 0.8687
vt 0.1433145 0.8618258
vt 0.1401616 0.8629667
vt 0.145506 0.8538223
vt 0.145493 0.8574996
vt 0.1476961 0.8557541
vt 0.149695 0.8546986
vt 0.145506 0.8538223
vt 0.1476961 0.8557541
vt 0.1383503 0.8554671
vt 0.1395951 0.8593641
vt 0.1428263 0.8584
vt 0.1433145 0.8618258
vt 0.1428263 0.8584
vt 0.1395951 0.8593641
vt 0.1459507 0.8606871
vt 0.145493 0.8574996
vt 0.1428263 0.8584
vt 0.1423557 0.8543577
vt 0.1428263 0.8584
vt 0.145493 0.8574996
vt 0.1516937 0.8645453
vt 0.1543798 0.8638652
vt 0.1533802 0.8595318
vt 0.1548666 0.8561357
vt 0.1510955 0.857862
vt 0.1519428 0.8605882
vt 0.09611117 0.8794107
vt 0.1021254 0.8839076
vt 0.1050145 0.8811409
vt 0.07720661 0.8599586
vt 0.07983088 0.8596827
vt 0.07681959 0.8524051
vt 0.05674397 0.8867043
vt 0.0648595 0.8942106
vt 0.06547623 0.8933502
vt 0.07376313 0.90095646
vt 0.07469952 0.8992621
vt 0.06547623 0.8933502
vt 0.06547623 0.8933502
vt 0.07469952 0.8992621
vt 0.07435047 0.897487
vt 0.0598886 0.8850648
vt 0.05849623 0.8852884
vt 0.06547623 0.8933502
vt 0.05609405 0.8752188
vt 0.05479699 0.8756479
vt 0.05849623 0.8852884
vt 0.04880011 0.8771158
vt 0.04557037 0.8755563
vt 0.0503323 0.8890685
vt 0.05330067 0.8887308
vt 0.0503323 0.8890685
vt 0.06007891 0.8999115
vt 0.05760604 0.90273452
vt 0.06007891 0.8999115
vt 0.0503323 0.8890685
vt 0.05760604 0.90273452
vt 0.07071012 0.91172076
vt 0.07119768 0.90748317
vt 0.08507204 0.90880019
vt 0.07208895 0.90522355
vt 0.07119768 0.90748317
vt 0.08635914 0.91198862
vt 0.1007591 0.91082824
vt 0.09676867 0.90774167
vt 0.09708774 0.876574
vt 0.1050145 0.8811409
vt 0.1068111 0.8776408
vt 0.09722727 0.8739793
vt 0.1066467 0.8740315
vt 0.1068726 0.8725789
vt 0.1249648 0.8702232
vt 0.1246915 0.8666996
vt 0.1071065 0.8709185
vt 0.09708774 0.876574
vt 0.1068111 0.8776408
vt 0.1066467 0.8740315
vt 0.1021254 0.8839076
vt 0.09611117 0.8794107
vt 0.09403324 0.882332
vt 0.08944797 0.8855647
vt 0.0895155 0.8845538
vt 0.08454376 0.8856372
vt 0.1007591 0.91082824
vt 0.1152272 0.90558368
vt 0.1103011 0.90228409
vt 0.1152272 0.90558368
vt 0.1007591 0.91082824
vt 0.1054168 0.91507119
vt 0.1223537 0.90774447
vt 0.1357839 0.8963543
vt 0.1278312 0.8966311
vt 0.1357839 0.8963543
vt 0.1223537 0.90774447
vt 0.1273699 0.91049874
vt 0.08605951 0.8356821
vt 0.09814357 0.8376907
vt 0.09898763 0.8360295
vt 0.09814357 0.8376907
vt 0.09266477 0.8488763
vt 0.1008598 0.8529269
vt 0.1115838 0.8916922
vt 0.1184619 0.8842505
vt 0.1050145 0.8811409
vt 0.09628635 0.8740453
vt 0.09610319 0.8765085
vt 0.09708774 0.876574
vt 0.08552962 0.8803875
vt 0.088198 0.8793965
vt 0.0877375 0.8791791
vt 0.0900563 0.8778483
vt 0.08953148 0.8776848
vt 0.0877375 0.8791791
vt 0.06728565 0.859242
vt 0.06106948 0.8505092
vt 0.05677509 0.8588397
vt 0.07059425 0.8559189
vt 0.06585705 0.8447347
vt 0.06106948 0.8505092
vt 0.05288654 0.8349062
vt 0.05564439 0.8385513
vt 0.06366974 0.8309683
vt 0.06238019 0.820229
vt 0.05891847 0.8162861
vt 0.0457673 0.8277469
vt 0.06537836 0.8143362
vt 0.06495058 0.8115335
vt 0.05891847 0.8162861
vt 0.08853518 0.8127435
vt 0.0911495 0.8138195
vt 0.09246861 0.7994004
vt 0.08533573 0.8113733
vt 0.08853518 0.8127435
vt 0.09246861 0.7994004
vt 0.08754914 0.8146715
vt 0.09045028 0.815595
vt 0.0911495 0.8138195
vt 0.08853518 0.8127435
vt 0.08533573 0.8113733
vt 0.08407497 0.8133349
vt 0.06728565 0.859242
vt 0.0646674 0.8635229
vt 0.06998187 0.8653911
vt 0.07174903 0.8699523
vt 0.07190507 0.8727678
vt 0.0725612 0.8724071
vt 0.07326114 0.8763183
vt 0.07190507 0.8727678
vt 0.07101547 0.8731476
vt 0.07405227 0.8762384
vt 0.07326114 0.8763183
vt 0.07578998 0.8793252
vt 0.07799386 0.8636259
vt 0.07561188 0.8625549
vt 0.07662737 0.8640079
vt 0.07353913 0.8659721
vt 0.07260453 0.8673123
vt 0.07322096 0.8677226
vt 0.07408893 0.8665051
vt 0.07322096 0.8677226
vt 0.07326036 0.8679669
vt 0.07771605 0.8643892
vt 0.07780593 0.8641452
vt 0.0769087 0.8645883
vt 0.07585918 0.8668529
vt 0.07548767 0.8655653
vt 0.07415091 0.8667673
vt 0.08214813 0.8599084
vt 0.08077943 0.8599983
vt 0.0808162 0.8607618
vt 0.08090925 0.8612159
vt 0.08191722 0.8611732
vt 0.08200651 0.8605931
vt 0.1524055 0.8521004
vt 0.145506 0.8538223
vt 0.149695 0.8546986
vt 0.1524055 0.8521004
vt 0.149695 0.8546986
vt 0.1548666 0.8561357
vt 0.0418719 0.8605974
vt 0.04594695 0.8615152
vt 0.04934704 0.8488694
vt 0.08130347 0.8326471
vt 0.08121871 0.8229615
vt 0.07318848 0.8256274
vt 0.06366974 0.8309683
vt 0.05564439 0.8385513
vt 0.0626465 0.841146
vt 0.04934704 0.8488694
vt 0.04594695 0.8615152
vt 0.0516768 0.8553396
vt 0.06985318 0.8361043
vt 0.07791209 0.8333001
vt 0.07318848 0.8256274
vt 0.1267693 0.8665537
vt 0.1296691 0.8670248
vt 0.1285418 0.8619021
vt 0.07816153 0.8641429
vt 0.07827538 0.8637846
vt 0.0778796 0.8638912
vt 0.07809025 0.8655521
vt 0.07867538 0.8650765
vt 0.07809156 0.8644974
vt 0.08603674 0.8813704
vt 0.08963865 0.8797844
vt 0.088198 0.8793965
vt 0.09160983 0.8775377
vt 0.09103977 0.8761852
vt 0.0900563 0.8778483
vt 0.08953148 0.8776848
vt 0.0900563 0.8778483
vt 0.09103977 0.8761852
vt 0.08777016 0.8823817
vt 0.09117311 0.8806586
vt 0.08963865 0.8797844
vt 0.09005689 0.8733966
vt 0.09170091 0.8736383
vt 0.09165203 0.8733019
vt 0.08212488 0.8802344
vt 0.08514547 0.8800684
vt 0.08318817 0.8783381
vt 0.08514547 0.8800684
vt 0.0877375 0.8791791
vt 0.08665049 0.8775851
vt 0.09686005 0.8886315
vt 0.09403324 0.882332
vt 0.08944797 0.8855647
vt 0.07859647 0.8855193
vt 0.07892113 0.8849291
vt 0.07394319 0.8823007
vt 0.08506339 0.8863427
vt 0.08454376 0.8856372
vt 0.07892113 0.8849291
vt 0.03596216 0.8447207
vt 0.03176236 0.8618231
vt 0.0385757 0.860271
vt 0.04566466 0.8919456
vt 0.03930664 0.8766484
vt 0.03261786 0.8800555
vt 0.08715063 0.91667539
vt 0.08678287 0.91957737
vt 0.1054157 0.91944099
vt 0.08678287 0.91957737
vt 0.08362346 0.9274171
vt 0.1054315 0.9274171
vt 0.1265822 0.91999013
vt 0.1273699 0.91049874
vt 0.1054157 0.91944099
vt 0.1223537 0.90774447
vt 0.1054168 0.91507119
vt 0.1054157 0.91944099
vt 0.1564312 0.8872634
vt 0.1501726 0.8806921
vt 0.1412023 0.8997279
vt 0.09440475 0.8699002
vt 0.09368413 0.8702044
vt 0.09388613 0.8708548
vt 0.08926469 0.8639295
vt 0.0855903 0.861969
vt 0.08503663 0.8630564
vt 0.09109765 0.8667094
vt 0.09245818 0.8663399
vt 0.08926469 0.8639295
vt 0.09245818 0.8663399
vt 0.09109765 0.8667094
vt 0.09250676 0.8683621
vt 0.07629752 0.8780302
vt 0.07722902 0.8764468
vt 0.07587146 0.8751296
vt 0.10214 0.8064199
vt 0.105924 0.8123454
vt 0.1069195 0.8095147
vt 0.10214 0.8064199
vt 0.1069195 0.8095147
vt 0.1152291 0.7994688
vt 0.145493 0.8574996
vt 0.1459507 0.8606871
vt 0.1510955 0.857862
vt 0.08209013 0.8723576
vt 0.08394074 0.8726075
vt 0.0840075 0.872066
vt 0.08659809 0.8720003
vt 0.08580064 0.8721684
vt 0.08568739 0.8726685
vt 0.09519839 0.8708667
vt 0.09607535 0.8708991
vt 0.09588783 0.8697645
vt 0.08766049 0.8664624
vt 0.08652102 0.8665408
vt 0.08618956 0.8674148
vt 0.08440804 0.865939
vt 0.08416926 0.8665299
vt 0.08546066 0.8659007
vt 0.08626592 0.8611251
vt 0.08214813 0.8599084
vt 0.08200651 0.8605931
vt 0.08328402 0.7961374
vt 0.07925087 0.8099553
vt 0.08533573 0.8113733
vt 0.1548666 0.8561357
vt 0.1533802 0.8595318
vt 0.1546164 0.8542454
vt 0.04726588 0.8908852
vt 0.0503323 0.8890685
vt 0.04557037 0.8755563
vt 0.1278312 0.8966311
vt 0.1376357 0.8818571
vt 0.1261842 0.8853794
vt 0.1183435 0.8960678
vt 0.1261842 0.8853794
vt 0.1236305 0.8864958
vt 0.1261842 0.8853794
vt 0.1291925 0.8777122
vt 0.1281392 0.8779611
vt 0.04557037 0.8755563
vt 0.04880011 0.8771158
vt 0.04878669 0.8653444
vt 0.09508234 0.8740286
vt 0.09628635 0.8740453
vt 0.09616327 0.8718874
vt 0.163169 0.8421796
vt 0.1482611 0.8472331
vt 0.1535252 0.8474927
vt 0.08165806 0.861794
vt 0.08089566 0.8618469
vt 0.08183878 0.8637672
vt 0.06998187 0.8653911
vt 0.06827092 0.8690265
vt 0.06887501 0.8686337
vt 0.05440968 0.8657609
vt 0.05564069 0.867176
vt 0.05677509 0.8588397
vt 0.1021254 0.8839076
vt 0.09686005 0.8886315
vt 0.1037644 0.896446
vt 0.06827092 0.8690265
vt 0.06998187 0.8653911
vt 0.0646674 0.8635229
vt 0.0646674 0.8635229
vt 0.05677509 0.8588397
vt 0.05564069 0.867176
vt 0.1004113 0.834208
vt 0.09898763 0.8360295
vt 0.1109687 0.8424432
vt 0.1510955 0.857862
vt 0.1548666 0.8561357
vt 0.149695 0.8546986
vt 0.1577323 0.8693293
vt 0.1497455 0.8689641
vt 0.1501726 0.8806921
vt 0.1497455 0.8689641
vt 0.1445477 0.8687
vt 0.1435679 0.8810999
vt 0.07274013 0.8628389
vt 0.07049316 0.8651497
vt 0.07272326 0.864906
vt 0.07274013 0.8628389
vt 0.07272326 0.864906
vt 0.07360237 0.8639966
vt 0.07972198 0.8610236
vt 0.0808162 0.8607618
vt 0.08077943 0.8599983
vt 0.07738697 0.8605562
vt 0.07728064 0.8617523
vt 0.07972198 0.8610236
vt 0.163169 0.8421796
vt 0.1699745 0.8378856
vt 0.1636997 0.8321038
vt 0.1249147 0.7913949
vt 0.1209712 0.7857252
vt 0.1164007 0.7903843
vt 0.07025957 0.8179721
vt 0.06238019 0.820229
vt 0.06286704 0.8260762
vt 0.06238019 0.820229
vt 0.07025957 0.8179721
vt 0.06537836 0.8143362
vt 0.1206477 0.8517759
vt 0.1261571 0.8623695
vt 0.1278537 0.8594946
vt 0.09091114 0.8678172
vt 0.09061747 0.868518
vt 0.09191685 0.8689173
vt 0.08237344 0.7720768
vt 0.08208072 0.7523869
vt 0.03176236 0.7702435
vt 0.08237344 0.7720768
vt 0.04328519 0.7856862
vt 0.05850678 0.7856862
vt 0.03176236 0.7702435
vt 0.08208072 0.7523869
vt 0.0642488 0.7425828
vt 0.07518774 0.8719062
vt 0.07613444 0.87213
vt 0.07501375 0.8708182
vt 0.07622724 0.8737712
vt 0.07674568 0.8743728
vt 0.07679963 0.8731699
vt 0.07587146 0.8751296
vt 0.07644993 0.8752615
vt 0.07674568 0.8743728
vt 0.0795958 0.8758334
vt 0.07971614 0.8741914
vt 0.07888966 0.8739685
vt 0.07971614 0.8741914
vt 0.07969141 0.8727863
vt 0.0787965 0.8725493
vt 0.07623535 0.8726134
vt 0.07679963 0.8731699
vt 0.07613444 0.87213
vt 0.07914769 0.8709118
vt 0.0787965 0.8725493
vt 0.07969141 0.8727863
vt 0.07876253 0.8755309
vt 0.07846182 0.876577
vt 0.0789411 0.8772086
vt 0.07587146 0.8751296
vt 0.07722902 0.8764468
vt 0.07644993 0.8752615
vt 0.07722902 0.8764468
vt 0.0789411 0.8772086
vt 0.07846182 0.876577
vt 0.07501375 0.8708182
vt 0.07613444 0.87213
vt 0.0787965 0.8725493
vt 0.07679963 0.8731699
vt 0.07888966 0.8739685
vt 0.0787965 0.8725493
vt 0.07674568 0.8743728
vt 0.07876253 0.8755309
vt 0.07888966 0.8739685
vt 0.07644993 0.8752615
vt 0.07846182 0.876577
vt 0.07876253 0.8755309
vt 0.1717232 0.9274171
vt 0.179369 0.9274171
vt 0.1717232 0.91977132
vt 0.07889217 0.8624017
vt 0.07916849 0.8628824
vt 0.08001524 0.8615964
vt 0.08090925 0.8612159
vt 0.0808162 0.8607618
vt 0.08001524 0.8615964
vt 0.07610672 0.870257
vt 0.07716995 0.8691459
vt 0.07593792 0.8700967
vt 0.07464993 0.8713317
vt 0.07610672 0.870257
vt 0.07525438 0.8712161
vt 0.07716995 0.8691459
vt 0.078327 0.8677485
vt 0.0768783 0.8688517
vt 0.07593792 0.8700967
vt 0.0768783 0.8688517
vt 0.07567501 0.8698871
vt 0.07525438 0.8712161
vt 0.07593792 0.8700967
vt 0.07545 0.8713766
vt 0.078327 0.8677485
vt 0.07871413 0.8675037
vt 0.07825177 0.8674289
vt 0.0768783 0.8688517
vt 0.07825177 0.8674289
vt 0.07658088 0.8684016
vt 0.07505184 0.8694764
vt 0.07567501 0.8698871
vt 0.07618421 0.8676876
vt 0.07817214 0.8669105
vt 0.07825177 0.8674289
vt 0.07854974 0.866709
vt 0.08134341 0.8665709
vt 0.08076852 0.865483
vt 0.07862997 0.8672027
vt 0.07780593 0.8641452
vt 0.07771605 0.8643892
vt 0.07816153 0.8641429
vt 0.07780593 0.8641452
vt 0.0778796 0.8638912
vt 0.0769087 0.8645883
vt 0.07854974 0.866709
vt 0.07857 0.8660274
vt 0.07817214 0.8669105
vt 0.07618421 0.8676876
vt 0.07658088 0.8684016
vt 0.07810467 0.8662722
vt 0.07771605 0.8643892
vt 0.07688641 0.8647807
vt 0.07809025 0.8655521
vt 0.07464993 0.8713317
vt 0.07525438 0.8712161
vt 0.07163083 0.8724974
vt 0.07688641 0.8647807
vt 0.0769087 0.8645883
vt 0.07548767 0.8655653
vt 0.07585918 0.8668529
vt 0.07671856 0.8662603
vt 0.07548767 0.8655653
vt 0.07847708 0.8635546
vt 0.07812094 0.863301
vt 0.07827538 0.8637846
vt 0.07545 0.8713766
vt 0.07567501 0.8698871
vt 0.07493174 0.8716683
vt 0.0769087 0.8645883
vt 0.07662737 0.8640079
vt 0.07551777 0.8653339
vt 0.07548767 0.8655653
vt 0.07551777 0.8653339
vt 0.07415091 0.8667673
vt 0.07623535 0.8726134
vt 0.07518774 0.8719062
vt 0.07545 0.8713766
vt 0.07867538 0.8650765
vt 0.07809025 0.8655521
vt 0.07810467 0.8662722
vt 0.07585918 0.8668529
vt 0.07618421 0.8676876
vt 0.07671856 0.8662603
vt 0.07360237 0.8639966
vt 0.07503128 0.8647735
vt 0.07561188 0.8625549
vt 0.07812094 0.863301
vt 0.07728064 0.8617523
vt 0.07799386 0.8636259
vt 0.08101397 0.8645288
vt 0.07867538 0.8650765
vt 0.08076852 0.865483
vt 0.07812094 0.863301
vt 0.07847708 0.8635546
vt 0.07889217 0.8624017
vt 0.08101397 0.8645288
vt 0.07916849 0.8628824
vt 0.07867538 0.8650765
vt 0.07551777 0.8653339
vt 0.07503128 0.8647735
vt 0.07408893 0.8665051
vt 0.07503128 0.8647735
vt 0.07360237 0.8639966
vt 0.07353913 0.8659721
vt 0.07451695 0.8609764
vt 0.07507187 0.8614039
vt 0.07720661 0.8599586
vt 0.07193017 0.8627216
vt 0.07274013 0.8628389
vt 0.07451695 0.8609764
vt 0.08001524 0.8615964
vt 0.07972198 0.8610236
vt 0.07889217 0.8624017
vt 0.07720661 0.8599586
vt 0.07358872 0.8539138
vt 0.07451695 0.8609764
vt 0.07274013 0.8628389
vt 0.07360237 0.8639966
vt 0.07507187 0.8614039
vt 0.07415091 0.8667673
vt 0.07326036 0.8679669
vt 0.07492995 0.8677865
vt 0.07507187 0.8614039
vt 0.07561188 0.8625549
vt 0.07738697 0.8605562
vt 0.07451695 0.8609764
vt 0.07059425 0.8559189
vt 0.07193017 0.8627216
vt 0.07272326 0.864906
vt 0.0717715 0.8663869
vt 0.07353913 0.8659721
vt 0.07618421 0.8676876
vt 0.07492995 0.8677865
vt 0.07505184 0.8694764
vt 0.07505184 0.8694764
vt 0.07400089 0.8699334
vt 0.07493174 0.8716683
vt 0.08158677 0.8656094
vt 0.08221155 0.8659293
vt 0.08225274 0.8653454
vt 0.08221155 0.8659293
vt 0.08158677 0.8656094
vt 0.08134341 0.8665709
vt 0.08221155 0.8659293
vt 0.08134341 0.8665709
vt 0.08298003 0.866331
vt 0.07274013 0.8628389
vt 0.07193017 0.8627216
vt 0.07049316 0.8651497
vt 0.07720661 0.8599586
vt 0.07738697 0.8605562
vt 0.07983088 0.8596827
vt 0.07623535 0.8726134
vt 0.07545 0.8713766
vt 0.07622724 0.8737712
vt 0.07983088 0.8596827
vt 0.07963931 0.8600925
vt 0.08035528 0.859518
vt 0.08001524 0.8615964
vt 0.08014583 0.8621667
vt 0.08090925 0.8612159
vt 0.08089566 0.8618469
vt 0.08014583 0.8621667
vt 0.08183878 0.8637672
vt 0.07235532 0.8699607
vt 0.07256221 0.8700398
vt 0.07322096 0.8677226
vt 0.07425856 0.8689446
vt 0.07326036 0.8679669
vt 0.07400089 0.8699334
vt 0.08221155 0.8659293
vt 0.08298003 0.866331
vt 0.08273369 0.8653825
vt 0.07174903 0.8699523
vt 0.07235532 0.8699607
vt 0.07260453 0.8673123
vt 0.07681959 0.8524051
vt 0.07983088 0.8596827
vt 0.07872557 0.8515343
vt 0.08225274 0.8653454
vt 0.08273369 0.8653825
vt 0.08261102 0.864685
vt 0.08165806 0.861794
vt 0.08191722 0.8611732
vt 0.08089566 0.8618469
vt 0.07872557 0.8515343
vt 0.08035528 0.859518
vt 0.08089119 0.8507562
vt 0.07078975 0.8695943
vt 0.0717715 0.8663869
vt 0.06887501 0.8686337
vt 0.07174903 0.8699523
vt 0.07260453 0.8673123
vt 0.07078975 0.8695943
vt 0.08158677 0.8656094
vt 0.08150869 0.8648484
vt 0.08076852 0.865483
vt 0.08233743 0.8591431
vt 0.08094018 0.8593566
vt 0.08214813 0.8599084
vt 0.08350503 0.8667881
vt 0.08374083 0.8665056
vt 0.08346736 0.866534
vt 0.08377397 0.8664398
vt 0.0837658 0.8662519
vt 0.08375895 0.8664666
vt 0.06887501 0.8686337
vt 0.06871515 0.8732095
vt 0.07078975 0.8695943
vt 0.0726363 0.8721867
vt 0.07396084 0.8719494
vt 0.07256221 0.8700398
vt 0.07256221 0.8700398
vt 0.07235532 0.8699607
vt 0.0726363 0.8721867
vt 0.08233743 0.8591431
vt 0.08214813 0.8599084
vt 0.08686423 0.8603855
vt 0.0822342 0.8642726
vt 0.08261102 0.864685
vt 0.08312547 0.8635951
vt 0.08273369 0.8653825
vt 0.08343183 0.8659124
vt 0.08313882 0.8646946
vt 0.08388543 0.8632731
vt 0.08313882 0.8646946
vt 0.08488082 0.864028
vt 0.06826823 0.8737585
vt 0.06871515 0.8732095
vt 0.06827092 0.8690265
vt 0.08380126 0.8664734
vt 0.08374083 0.8665056
vt 0.08397895 0.866526
vt 0.08312547 0.8635951
vt 0.08352738 0.8625513
vt 0.08165806 0.861794
vt 0.07174903 0.8699523
vt 0.07078975 0.8695943
vt 0.07190507 0.8727678
vt 0.08089119 0.8507562
vt 0.08094018 0.8593566
vt 0.08485341 0.8521448
vt 0.08191722 0.8611732
vt 0.08352738 0.8625513
vt 0.08200651 0.8605931
vt 0.0822342 0.8642726
vt 0.08183878 0.8637672
vt 0.08150869 0.8648484
vt 0.08377397 0.8664398
vt 0.08381974 0.8664289
vt 0.0837658 0.8662519
vt 0.08381974 0.8664289
vt 0.08380126 0.8664734
vt 0.08410501 0.8661919
vt 0.0726363 0.8721867
vt 0.07426071 0.876022
vt 0.07396084 0.8719494
vt 0.08326572 0.8665859
vt 0.08377927 0.8661379
vt 0.08298003 0.866331
vt 0.0726363 0.8721867
vt 0.0725612 0.8724071
vt 0.07426071 0.876022
vt 0.07405227 0.8762384
vt 0.0725612 0.8724071
vt 0.07326114 0.8763183
vt 0.06356918 0.8751979
vt 0.06826823 0.8737585
vt 0.06317597 0.8689359
vt 0.07020115 0.8786831
vt 0.07041251 0.8780862
vt 0.06826823 0.8737585
vt 0.07396084 0.8719494
vt 0.07587146 0.8751296
vt 0.07493174 0.8716683
vt 0.0837658 0.8662519
vt 0.08377927 0.8661379
vt 0.08346736 0.866534
vt 0.08350503 0.8667881
vt 0.08346736 0.866534
vt 0.08319562 0.8671058
vt 0.08253437 0.8687268
vt 0.08319562 0.8671058
vt 0.08260029 0.8668417
vt 0.08429646 0.8627884
vt 0.08388543 0.8632731
vt 0.08503663 0.8630564
vt 0.08485341 0.8521448
vt 0.08233743 0.8591431
vt 0.09014338 0.8541074
vt 0.05564069 0.867176
vt 0.05609405 0.8752188
vt 0.06317597 0.8689359
vt 0.08410501 0.8661919
vt 0.08440804 0.865939
vt 0.0837658 0.8662519
vt 0.08377927 0.8661379
vt 0.08440804 0.865939
vt 0.08403819 0.8655499
vt 0.05677509 0.8588397
vt 0.06106948 0.8505092
vt 0.05586403 0.8580654
vt 0.08350503 0.8667881
vt 0.08319562 0.8671058
vt 0.08397895 0.866526
vt 0.08416819 0.86685
vt 0.08425599 0.867323
vt 0.08253437 0.8687268
vt 0.05586403 0.8580654
vt 0.05964058 0.8497595
vt 0.0536012 0.8567222
vt 0.06456708 0.8432928
vt 0.0626465 0.841146
vt 0.05964058 0.8497595
vt 0.08397895 0.866526
vt 0.08416926 0.8665299
vt 0.08410501 0.8661919
vt 0.05964058 0.8497595
vt 0.06106948 0.8505092
vt 0.06456708 0.8432928
vt 0.07613998 0.8785778
vt 0.07629752 0.8780302
vt 0.07405227 0.8762384
vt 0.07126289 0.8409478
vt 0.06585705 0.8447347
vt 0.07358872 0.8539138
vt 0.07472407 0.8391226
vt 0.07126289 0.8409478
vt 0.07681959 0.8524051
vt 0.08720928 0.8654168
vt 0.08843338 0.8643201
vt 0.08488082 0.864028
vt 0.07250779 0.8768632
vt 0.07101547 0.8731476
vt 0.07041251 0.8780862
vt 0.08926469 0.8639295
vt 0.09031665 0.8632785
vt 0.0855903 0.861969
vt 0.05609405 0.8752188
vt 0.05564069 0.867176
vt 0.05479699 0.8756479
vt 0.06608325 0.8815778
vt 0.07020115 0.8786831
vt 0.06356918 0.8751979
vt 0.05609405 0.8752188
vt 0.0598886 0.8850648
vt 0.06356918 0.8751979
vt 0.05549865 0.8481374
vt 0.0516768 0.8553396
vt 0.05690306 0.848628
vt 0.07116276 0.8390303
vt 0.06456708 0.8432928
vt 0.07126289 0.8409478
vt 0.06456708 0.8432928
vt 0.07116276 0.8390303
vt 0.0626465 0.841146
vt 0.05440968 0.8657609
vt 0.05586403 0.8580654
vt 0.0526399 0.8655113
vt 0.08498609 0.8664971
vt 0.08416926 0.8665299
vt 0.08425599 0.867323
vt 0.07535082 0.8801805
vt 0.07578998 0.8793252
vt 0.07250779 0.8768632
vt 0.07535082 0.8801805
vt 0.07250779 0.8768632
vt 0.07394319 0.8823007
vt 0.07370257 0.8828286
vt 0.07394319 0.8823007
vt 0.07020115 0.8786831
vt 0.07681959 0.8524051
vt 0.07872557 0.8515343
vt 0.07472407 0.8391226
vt 0.0526399 0.8655113
vt 0.0536012 0.8567222
vt 0.04878669 0.8653444
vt 0.04934704 0.8488694
vt 0.05549865 0.8481374
vt 0.05564439 0.8385513
vt 0.05440968 0.8657609
vt 0.0526399 0.8655113
vt 0.05479699 0.8756479
vt 0.08188813 0.83638
vt 0.07820767 0.8372599
vt 0.08089119 0.8507562
vt 0.08686238 0.8655572
vt 0.08720928 0.8654168
vt 0.08537459 0.8651816
vt 0.08540803 0.8482758
vt 0.08485341 0.8521448
vt 0.09266477 0.8488763
vt 0.07116276 0.8390303
vt 0.07786697 0.8358915
vt 0.06985318 0.8361043
vt 0.08534443 0.8662082
vt 0.08546066 0.8659007
vt 0.08498609 0.8664971
vt 0.07820767 0.8372599
vt 0.07786697 0.8358915
vt 0.07472407 0.8391226
vt 0.04934704 0.8488694
vt 0.05564439 0.8385513
vt 0.04580736 0.8466562
vt 0.09031665 0.8632785
vt 0.091273 0.8627557
vt 0.08626592 0.8611251
vt 0.07065975 0.8868922
vt 0.07370257 0.8828286
vt 0.06608325 0.8815778
vt 0.04921925 0.8316061
vt 0.04213047 0.8451586
vt 0.05288654 0.8349062
vt 0.0526399 0.8655113
vt 0.04878669 0.8653444
vt 0.05281108 0.8764164
vt 0.0418719 0.8605974
vt 0.04181629 0.8760514
vt 0.04594695 0.8615152
vt 0.07065975 0.8868922
vt 0.06608325 0.8815778
vt 0.06627058 0.8923206
vt 0.091273 0.8627557
vt 0.09633761 0.8576044
vt 0.08686423 0.8603855
vt 0.06238019 0.820229
vt 0.04921925 0.8316061
vt 0.06286704 0.8260762
vt 0.07786697 0.8358915
vt 0.07820767 0.8372599
vt 0.0814597 0.8348491
vt 0.04580736 0.8466562
vt 0.04213047 0.8451586
vt 0.0418719 0.8605974
vt 0.0418719 0.8605974
vt 0.0385757 0.860271
vt 0.04181629 0.8760514
vt 0.04921925 0.8316061
vt 0.0457673 0.8277469
vt 0.04213047 0.8451586
vt 0.05674397 0.8867043
vt 0.05849623 0.8852884
vt 0.05281108 0.8764164
vt 0.05674397 0.8867043
vt 0.05281108 0.8764164
vt 0.05330067 0.8887308
vt 0.06366974 0.8309683
vt 0.07318848 0.8256274
vt 0.06286704 0.8260762
vt 0.03261786 0.8800555
vt 0.03930664 0.8766484
vt 0.03176236 0.8618231
vt 0.08089119 0.8507562
vt 0.08540803 0.8482758
vt 0.08188813 0.83638
vt 0.08605951 0.8356821
vt 0.08584243 0.8339163
vt 0.08188813 0.83638
vt 0.08130347 0.8326471
vt 0.07791209 0.8333001
vt 0.0814597 0.8348491
vt 0.08595091 0.8320816
vt 0.08344155 0.8323387
vt 0.08584243 0.8339163
vt 0.09814357 0.8376907
vt 0.08605951 0.8356821
vt 0.09266477 0.8488763
vt 0.08552885 0.8223804
vt 0.08121871 0.8229615
vt 0.08344155 0.8323387
vt 0.06286704 0.8260762
vt 0.07324093 0.8215377
vt 0.07025957 0.8179721
vt 0.07318848 0.8256274
vt 0.08121871 0.8229615
vt 0.07324093 0.8215377
vt 0.04181629 0.8760514
vt 0.03930664 0.8766484
vt 0.04726588 0.8908852
vt 0.09033089 0.8218207
vt 0.08552885 0.8223804
vt 0.08595091 0.8320816
vt 0.06537836 0.8143362
vt 0.07025957 0.8179721
vt 0.07178378 0.8107574
vt 0.05330067 0.8887308
vt 0.06156182 0.8981235
vt 0.05674397 0.8867043
vt 0.0553627 0.7936665
vt 0.05665111 0.8108563
vt 0.06472164 0.7943729
vt 0.0553627 0.7936665
vt 0.05294507 0.8062788
vt 0.05665111 0.8108563
vt 0.06537836 0.8143362
vt 0.07178378 0.8107574
vt 0.06495058 0.8115335
vt 0.07409387 0.7948339
vt 0.06472164 0.7943729
vt 0.06495058 0.8115335
vt 0.09633761 0.8576044
vt 0.1008598 0.8529269
vt 0.09014338 0.8541074
vt 0.08584243 0.8339163
vt 0.09898763 0.8360295
vt 0.08595091 0.8320816
vt 0.08562433 0.8194388
vt 0.0815767 0.820153
vt 0.08552885 0.8223804
vt 0.08189284 0.817922
vt 0.07361775 0.8181914
vt 0.0815767 0.820153
vt 0.07361775 0.8181914
vt 0.08189284 0.817922
vt 0.07902657 0.812073
vt 0.04726588 0.8908852
vt 0.04566466 0.8919456
vt 0.05760604 0.90273452
vt 0.05684119 0.90369416
vt 0.04566466 0.8919456
vt 0.04948896 0.91147054
vt 0.07178378 0.8107574
vt 0.07347148 0.813805
vt 0.07925087 0.8099553
vt 0.07178378 0.8107574
vt 0.07925087 0.8099553
vt 0.07409387 0.7948339
vt 0.08552885 0.8223804
vt 0.09033089 0.8218207
vt 0.08562433 0.8194388
vt 0.0815767 0.820153
vt 0.08562433 0.8194388
vt 0.08189284 0.817922
vt 0.08595091 0.8320816
vt 0.1004113 0.834208
vt 0.09033089 0.8218207
vt 0.08189284 0.817922
vt 0.08590161 0.817096
vt 0.08407497 0.8133349
vt 0.09045028 0.815595
vt 0.08590161 0.817096
vt 0.09051138 0.8181918
vt 0.07925087 0.8099553
vt 0.07902657 0.812073
vt 0.08533573 0.8113733
vt 0.09033089 0.8218207
vt 0.1057257 0.82345
vt 0.09051138 0.8181918
vt 0.09898763 0.8360295
vt 0.09814357 0.8376907
vt 0.1109687 0.8424432
vt 0.09342217 0.8144529
vt 0.10214 0.8064199
vt 0.0911495 0.8138195
vt 0.1396291 0.8155427
vt 0.1152291 0.7994688
vt 0.1306503 0.8239283
vt 0.105924 0.8123454
vt 0.10214 0.8064199
vt 0.1019569 0.8146093
vt 0.1069195 0.8095147
vt 0.105924 0.8123454
vt 0.1306503 0.8239283
vt 0.1450266 0.8104732
vt 0.1249147 0.7913949
vt 0.1396291 0.8155427
vt 0.120784 0.8319769
vt 0.1057257 0.82345
vt 0.1129177 0.8409554
vt 0.122819 0.8303438
vt 0.1081796 0.819365
vt 0.120784 0.8319769
vt 0.1081796 0.819365
vt 0.122819 0.8303438
vt 0.10976 0.8173649
vt 0.07914769 0.8709118
vt 0.07986479 0.8715493
vt 0.08185166 0.8720345
vt 0.07969141 0.8727863
vt 0.08206868 0.8733786
vt 0.07986479 0.8715493
vt 0.07971614 0.8741914
vt 0.08228462 0.8747407
vt 0.07969141 0.8727863
vt 0.08612936 0.8680546
vt 0.08647423 0.8685053
vt 0.08680886 0.8677308
vt 0.08761483 0.869524
vt 0.08647423 0.8685053
vt 0.08711755 0.8705375
vt 0.07971614 0.8741914
vt 0.0795958 0.8758334
vt 0.08228462 0.8747407
vt 0.08209013 0.8723576
vt 0.08206868 0.8733786
vt 0.08394074 0.8726075
vt 0.08228462 0.8747407
vt 0.08463823 0.8746876
vt 0.08206868 0.8733786
vt 0.08818143 0.8689534
vt 0.08711791 0.8681309
vt 0.08761483 0.869524
vt 0.08621066 0.867863
vt 0.08612936 0.8680546
vt 0.08659482 0.8676899
vt 0.08612936 0.8680546
vt 0.08552998 0.8677187
vt 0.08537751 0.8687349
vt 0.08267557 0.8765682
vt 0.0795958 0.8758334
vt 0.0817486 0.87819
vt 0.0789597 0.8794993
vt 0.0789411 0.8772086
vt 0.07629752 0.8780302
vt 0.07906615 0.8800133
vt 0.0789597 0.8794993
vt 0.07613998 0.8785778
vt 0.07613998 0.8785778
vt 0.07578998 0.8793252
vt 0.07906615 0.8800133
vt 0.08621066 0.867863
vt 0.08591538 0.867682
vt 0.08612936 0.8680546
vt 0.08630055 0.8676417
vt 0.08625906 0.8676209
vt 0.08621066 0.867863
vt 0.08662992 0.8674002
vt 0.08659482 0.8676899
vt 0.08691477 0.8671856
vt 0.08766049 0.8664624
vt 0.08691477 0.8671856
vt 0.08757907 0.8675642
vt 0.08267557 0.8765682
vt 0.08556497 0.8761907
vt 0.08228462 0.8747407
vt 0.08634543 0.8676232
vt 0.08631622 0.8676156
vt 0.08659482 0.8676899
vt 0.08552998 0.8677187
vt 0.08618956 0.8674148
vt 0.08562052 0.8672714
vt 0.08894944 0.8685455
vt 0.08757907 0.8675642
vt 0.08818143 0.8689534
vt 0.08394074 0.8726075
vt 0.08568739 0.8726685
vt 0.0840075 0.872066
vt 0.08598279 0.8733283
vt 0.08568739 0.8726685
vt 0.08415466 0.8735326
vt 0.07535082 0.8801805
vt 0.07394319 0.8823007
vt 0.0792706 0.8822065
vt 0.08591538 0.867682
vt 0.08622831 0.8674664
vt 0.08552998 0.8677187
vt 0.08591538 0.867682
vt 0.08625906 0.8676209
vt 0.08622831 0.8674664
vt 0.08552998 0.8677187
vt 0.08562052 0.8672714
vt 0.08431452 0.8670815
vt 0.07535082 0.8801805
vt 0.0792706 0.8822065
vt 0.07578998 0.8793252
vt 0.08622831 0.8674664
vt 0.08662992 0.8674002
vt 0.08618956 0.8674148
vt 0.08959406 0.8667855
vt 0.08720928 0.8654168
vt 0.08766049 0.8664624
vt 0.08635199 0.8675843
vt 0.08634543 0.8676232
vt 0.08662992 0.8674002
vt 0.08463823 0.8746876
vt 0.08660608 0.874076
vt 0.08415466 0.8735326
vt 0.08629864 0.8675856
vt 0.08635199 0.8675843
vt 0.08622831 0.8674664
vt 0.08240413 0.8806473
vt 0.08212488 0.8802344
vt 0.07906615 0.8800133
vt 0.08711755 0.8705375
vt 0.08829814 0.8701558
vt 0.08761483 0.869524
vt 0.08711755 0.8705375
vt 0.08774793 0.8724947
vt 0.08866584 0.8709901
vt 0.0789411 0.8772086
vt 0.0789597 0.8794993
vt 0.0817486 0.87819
vt 0.07065975 0.8868922
vt 0.07685565 0.8905471
vt 0.07370257 0.8828286
vt 0.08838272 0.8694755
vt 0.0891726 0.8690445
vt 0.08818143 0.8689534
vt 0.08556497 0.8761907
vt 0.08773112 0.8749587
vt 0.08463823 0.8746876
vt 0.0898351 0.8706249
vt 0.08929914 0.8701616
vt 0.08866584 0.8709901
vt 0.08454376 0.8856372
vt 0.08373582 0.8829154
vt 0.07892113 0.8849291
vt 0.08314889 0.8816868
vt 0.08240413 0.8806473
vt 0.07945173 0.8811282
vt 0.07065975 0.8868922
vt 0.06627058 0.8923206
vt 0.07685565 0.8905471
vt 0.08373582 0.8829154
vt 0.08314889 0.8816868
vt 0.0792706 0.8822065
vt 0.09109765 0.8667094
vt 0.08843338 0.8643201
vt 0.08959406 0.8667855
vt 0.08552962 0.8803875
vt 0.08514547 0.8800684
vt 0.08240413 0.8806473
vt 0.08506339 0.8863427
vt 0.07859647 0.8855193
vt 0.08412587 0.8920041
vt 0.09091114 0.8678172
vt 0.08959406 0.8667855
vt 0.08894944 0.8685455
vt 0.08665049 0.8775851
vt 0.08556497 0.8761907
vt 0.08318817 0.8783381
vt 0.08894944 0.8685455
vt 0.0891726 0.8690445
vt 0.09061747 0.868518
vt 0.0871486 0.8724714
vt 0.08568739 0.8726685
vt 0.08750474 0.872733
vt 0.08598279 0.8733283
vt 0.08660608 0.874076
vt 0.08750474 0.872733
vt 0.1014092 0.8625289
vt 0.09633761 0.8576044
vt 0.09467548 0.8657423
vt 0.08986139 0.8694723
vt 0.08929914 0.8701616
vt 0.09062522 0.8698097
vt 0.08773112 0.8749587
vt 0.08912175 0.8732542
vt 0.08660608 0.874076
vt 0.0871486 0.8724714
vt 0.08750474 0.872733
vt 0.08738833 0.8724021
vt 0.09360742 0.8660563
vt 0.09467548 0.8657423
vt 0.09031665 0.8632785
vt 0.0898351 0.8706249
vt 0.08866584 0.8709901
vt 0.09034478 0.8727772
vt 0.09235644 0.8732694
vt 0.0931642 0.872302
vt 0.09034478 0.8727772
vt 0.09388613 0.8708548
vt 0.09062522 0.8698097
vt 0.09373062 0.8714635
vt 0.09360742 0.8660563
vt 0.09031665 0.8632785
vt 0.09245818 0.8663399
vt 0.08240413 0.8806473
vt 0.08314889 0.8816868
vt 0.08552962 0.8803875
vt 0.0881989 0.8730145
vt 0.08844548 0.8725818
vt 0.08750474 0.872733
vt 0.0648595 0.8942106
vt 0.06156182 0.8981235
vt 0.07376313 0.90095646
vt 0.0895155 0.8845538
vt 0.08777016 0.8823817
vt 0.08454376 0.8856372
vt 0.08314889 0.8816868
vt 0.08373582 0.8829154
vt 0.08603674 0.8813704
vt 0.09250676 0.8683621
vt 0.09109765 0.8667094
vt 0.09091114 0.8678172
vt 0.0877375 0.8791791
vt 0.08953148 0.8776848
vt 0.08665049 0.8775851
vt 0.06156182 0.8981235
vt 0.06007891 0.8999115
vt 0.07208895 0.90522355
vt 0.09062522 0.8698097
vt 0.09388613 0.8708548
vt 0.09191685 0.8689173
vt 0.08912175 0.8732542
vt 0.08932763 0.8726734
vt 0.0881989 0.8730145
vt 0.08556497 0.8761907
vt 0.08829742 0.8764169
vt 0.08773112 0.8749587
vt 0.08412587 0.8920041
vt 0.09106278 0.8912913
vt 0.08506339 0.8863427
vt 0.05684119 0.90369416
vt 0.06985539 0.91343666
vt 0.05760604 0.90273452
vt 0.09005689 0.8733966
vt 0.09034478 0.8727772
vt 0.08912175 0.8732542
vt 0.09005689 0.8733966
vt 0.08912175 0.8732542
vt 0.08935254 0.8750009
vt 0.07685565 0.8905471
vt 0.07435047 0.897487
vt 0.08412587 0.8920041
vt 0.06985539 0.91343666
vt 0.05684119 0.90369416
vt 0.06290608 0.92059941
vt 0.08935254 0.8750009
vt 0.08829742 0.8764169
vt 0.09061044 0.8760721
vt 0.09467548 0.8657423
vt 0.09360742 0.8660563
vt 0.09678727 0.8697565
vt 0.08560782 0.90184105
vt 0.08571517 0.90019006
vt 0.07469952 0.8992621
vt 0.08777016 0.8823817
vt 0.0895155 0.8845538
vt 0.09117311 0.8806586
vt 0.08935254 0.8750009
vt 0.09130907 0.8745483
vt 0.09005689 0.8733966
vt 0.08560782 0.90184105
vt 0.07469952 0.8992621
vt 0.08527159 0.90395874
vt 0.09440475 0.8699002
vt 0.09250676 0.8683621
vt 0.09368413 0.8702044
vt 0.09250676 0.8683621
vt 0.09440475 0.8699002
vt 0.09376949 0.8680108
vt 0.09633761 0.8576044
vt 0.1014092 0.8625289
vt 0.1008598 0.8529269
vt 0.07376313 0.90095646
vt 0.07208895 0.90522355
vt 0.08527159 0.90395874
vt 0.088198 0.8793965
vt 0.08963865 0.8797844
vt 0.0900563 0.8778483
vt 0.09505814 0.869819
vt 0.09588783 0.8697645
vt 0.09376949 0.8680108
vt 0.09103977 0.8761852
vt 0.09166938 0.8746104
vt 0.09061044 0.8760721
vt 0.09160983 0.8775377
vt 0.09252297 0.8749366
vt 0.09103977 0.8761852
vt 0.08715063 0.91667539
vt 0.08635914 0.91198862
vt 0.07071012 0.91172076
vt 0.09165203 0.8733019
vt 0.09170091 0.8736383
vt 0.09192413 0.8732902
vt 0.09170091 0.8736383
vt 0.09130907 0.8745483
vt 0.0918622 0.8736557
vt 0.08678287 0.91957737
vt 0.06985539 0.91343666
vt 0.08362346 0.9274171
vt 0.08715063 0.91667539
vt 0.07071012 0.91172076
vt 0.08678287 0.91957737
vt 0.1046867 0.8671819
vt 0.1014092 0.8625289
vt 0.09678727 0.8697565
vt 0.0918622 0.8736557
vt 0.09262645 0.8735689
vt 0.09192413 0.8732902
vt 0.0918622 0.8736557
vt 0.09166938 0.8746104
vt 0.09262645 0.8735689
vt 0.09117311 0.8806586
vt 0.09335136 0.8783672
vt 0.09089893 0.8785019
vt 0.09335136 0.8783672
vt 0.09450763 0.8760498
vt 0.09160983 0.8775377
vt 0.09308344 0.8820113
vt 0.0895155 0.8845538
vt 0.09403324 0.882332
vt 0.09462231 0.8995025
vt 0.09106278 0.8912913
vt 0.08571517 0.90019006
vt 0.09262645 0.8735689
vt 0.09387356 0.8725996
vt 0.09235644 0.8732694
vt 0.09106278 0.8912913
vt 0.09462231 0.8995025
vt 0.09686005 0.8886315
vt 0.08571517 0.90019006
vt 0.08560782 0.90184105
vt 0.09462231 0.8995025
vt 0.09511309 0.8792217
vt 0.09335136 0.8783672
vt 0.09308344 0.8820113
vt 0.09674894 0.90082443
vt 0.08560782 0.90184105
vt 0.09685814 0.90322423
vt 0.09519839 0.8708667
vt 0.09505814 0.869819
vt 0.09462809 0.8707983
vt 0.09685814 0.90322423
vt 0.08527159 0.90395874
vt 0.09676867 0.90774167
vt 0.09444922 0.871584
vt 0.09462809 0.8707983
vt 0.09373062 0.8714635
vt 0.09387356 0.8725996
vt 0.09444922 0.871584
vt 0.0931642 0.872302
vt 0.09450763 0.8760498
vt 0.09508234 0.8740286
vt 0.09262645 0.8735689
vt 0.09308344 0.8820113
vt 0.09403324 0.882332
vt 0.09511309 0.8792217
vt 0.0951727 0.8718192
vt 0.09519839 0.8708667
vt 0.09444922 0.871584
vt 0.09508234 0.8740286
vt 0.0951727 0.8718192
vt 0.09387356 0.8725996
vt 0.09519839 0.8708667
vt 0.0951727 0.8718192
vt 0.09607535 0.8708991
vt 0.09511309 0.8792217
vt 0.09610319 0.8765085
vt 0.09335136 0.8783672
vt 0.09678727 0.8697565
vt 0.09588783 0.8697645
vt 0.09675884 0.8708249
vt 0.1014092 0.8625289
vt 0.1046867 0.8671819
vt 0.1069443 0.8595388
vt 0.1054168 0.91507119
vt 0.1007591 0.91082824
vt 0.08715063 0.91667539
vt 0.09675884 0.8708249
vt 0.09607535 0.8708991
vt 0.09686434 0.8717302
vt 0.1071065 0.8709185
vt 0.1046867 0.8671819
vt 0.09675884 0.8708249
vt 0.09708774 0.876574
vt 0.09610319 0.8765085
vt 0.09611117 0.8794107
vt 0.1068726 0.8725789
vt 0.1071065 0.8709185
vt 0.09686434 0.8717302
vt 0.09628635 0.8740453
vt 0.09722727 0.8739793
vt 0.09616327 0.8718874
vt 0.106666 0.897191
vt 0.1037644 0.896446
vt 0.09674894 0.90082443
vt 0.09676867 0.90774167
vt 0.1103011 0.90228409
vt 0.09685814 0.90322423
vt 0.106666 0.897191
vt 0.09674894 0.90082443
vt 0.1076548 0.8996172
vt 0.1450266 0.8104732
vt 0.1396291 0.8155427
vt 0.1636997 0.8321038
vt 0.1458748 0.8445566
vt 0.1552168 0.8397841
vt 0.1306503 0.8239283
vt 0.1094591 0.8433918
vt 0.1008598 0.8529269
vt 0.1182126 0.8523123
vt 0.1076548 0.8996172
vt 0.1103011 0.90228409
vt 0.1167322 0.8942597
vt 0.1147359 0.8917627
vt 0.106666 0.897191
vt 0.1167322 0.8942597
vt 0.1206477 0.8517759
vt 0.1109687 0.8424432
vt 0.1182126 0.8523123
vt 0.1231946 0.8510132
vt 0.1129177 0.8409554
vt 0.1206477 0.8517759
vt 0.120784 0.8319769
vt 0.1129177 0.8409554
vt 0.1318562 0.8434699
vt 0.1147359 0.8917627
vt 0.1115838 0.8916922
vt 0.106666 0.897191
vt 0.1291487 0.8245766
vt 0.1436989 0.8446224
vt 0.1306503 0.8239283
vt 0.1291487 0.8245766
vt 0.1379955 0.8409051
vt 0.1436989 0.8446224
vt 0.1103011 0.90228409
vt 0.1152272 0.90558368
vt 0.1183435 0.8960678
vt 0.163169 0.8421796
vt 0.1634838 0.8512043
vt 0.1705076 0.8488415
vt 0.1634838 0.8512043
vt 0.1704031 0.8631117
vt 0.1708698 0.8578315
vt 0.1634838 0.8512043
vt 0.1598764 0.8555283
vt 0.1704031 0.8631117
vt 0.1207056 0.8849096
vt 0.1147359 0.8917627
vt 0.1236305 0.8864958
vt 0.1318562 0.8434699
vt 0.1231946 0.8510132
vt 0.1383503 0.8554671
vt 0.1412023 0.8997279
vt 0.1273699 0.91049874
vt 0.1453984 0.90598017
vt 0.1261571 0.8623695
vt 0.1206477 0.8517759
vt 0.123791 0.8627475
vt 0.1594117 0.8518335
vt 0.1634838 0.8512043
vt 0.1591315 0.8465683
vt 0.1566047 0.8557274
vt 0.1598764 0.8555283
vt 0.1565997 0.8535313
vt 0.1207056 0.8849096
vt 0.1184619 0.8842505
vt 0.1147359 0.8917627
vt 0.1090921 0.8660766
vt 0.123791 0.8627475
vt 0.1069443 0.8595388
vt 0.1071065 0.8709185
vt 0.1246915 0.8666996
vt 0.1090921 0.8660766
vt 0.1222481 0.8776065
vt 0.1068111 0.8776408
vt 0.1184619 0.8842505
vt 0.1318562 0.8434699
vt 0.1360361 0.8421498
vt 0.120784 0.8319769
vt 0.1222481 0.8776065
vt 0.1226462 0.8768363
vt 0.1068111 0.8776408
vt 0.1566047 0.8557274
vt 0.1565997 0.8535313
vt 0.1546164 0.8542454
vt 0.1543798 0.8638652
vt 0.1577323 0.8693293
vt 0.1566047 0.8557274
vt 0.1249648 0.8702232
vt 0.1068726 0.8725789
vt 0.1226462 0.8768363
vt 0.124855 0.877319
vt 0.1207056 0.8849096
vt 0.1281392 0.8779611
vt 0.163169 0.8421796
vt 0.1552168 0.8397841
vt 0.1482611 0.8472331
vt 0.1184619 0.8842505
vt 0.1207056 0.8849096
vt 0.1222481 0.8776065
vt 0.1435679 0.8810999
vt 0.1376357 0.8818571
vt 0.1357839 0.8963543
vt 0.1357839 0.8963543
vt 0.1412023 0.8997279
vt 0.1435679 0.8810999
vt 0.1543062 0.8516546
vt 0.1535252 0.8474927
vt 0.1524055 0.8521004
vt 0.1296787 0.8694202
vt 0.1268353 0.8700464
vt 0.1281392 0.8779611
vt 0.1296787 0.8694202
vt 0.1291925 0.8777122
vt 0.1398929 0.8708704
vt 0.1543798 0.8638652
vt 0.1566047 0.8557274
vt 0.1533802 0.8595318
vt 0.124855 0.877319
vt 0.1268353 0.8700464
vt 0.1226462 0.8768363
vt 0.1360361 0.8421498
vt 0.1379955 0.8409051
vt 0.122819 0.8303438
vt 0.1383503 0.8554671
vt 0.1278537 0.8594946
vt 0.1395951 0.8593641
vt 0.1383503 0.8554671
vt 0.1423557 0.8543577
vt 0.1318562 0.8434699
vt 0.1401616 0.8629667
vt 0.1296691 0.8670248
vt 0.1398929 0.8708704
vt 0.1267693 0.8665537
vt 0.1268353 0.8700464
vt 0.1296691 0.8670248
vt 0.1267693 0.8665537
vt 0.1261571 0.8623695
vt 0.1246915 0.8666996
vt 0.1395951 0.8593641
vt 0.1285418 0.8619021
vt 0.1401616 0.8629667
vt 0.1268353 0.8700464
vt 0.1267693 0.8665537
vt 0.1249648 0.8702232
vt 0.145506 0.8538223
vt 0.1482611 0.8472331
vt 0.1411653 0.8443851
vt 0.1376357 0.8818571
vt 0.1435679 0.8810999
vt 0.1398929 0.8708704
vt 0.1516937 0.8645453
vt 0.1497455 0.8689641
vt 0.1543798 0.8638652
vt 0.1459507 0.8606871
vt 0.1433145 0.8618258
vt 0.1480003 0.866689
vt 0.1510955 0.857862
vt 0.1459507 0.8606871
vt 0.1519428 0.8605882
vt 0.1398929 0.8708704
vt 0.1445477 0.8687
vt 0.1401616 0.8629667
vt 0.1423557 0.8543577
vt 0.1383503 0.8554671
vt 0.1428263 0.8584
vt 0.1401616 0.8629667
vt 0.1433145 0.8618258
vt 0.1395951 0.8593641
vt 0.1433145 0.8618258
vt 0.1459507 0.8606871
vt 0.1428263 0.8584
vt 0.145506 0.8538223
vt 0.1423557 0.8543577
vt 0.145493 0.8574996
vt 0.1519428 0.8605882
vt 0.1516937 0.8645453
vt 0.1533802 0.8595318
vt 0.1533802 0.8595318
vt 0.1548666 0.8561357
vt 0.1519428 0.8605882
vt 0.09708774 0.876574
vt 0.09611117 0.8794107
vt 0.1050145 0.8811409
vt 0.07358872 0.8539138
vt 0.07720661 0.8599586
vt 0.07681959 0.8524051
vt 0.05849623 0.8852884
vt 0.05674397 0.8867043
vt 0.06547623 0.8933502
vt 0.0648595 0.8942106
vt 0.07376313 0.90095646
vt 0.06547623 0.8933502
vt 0.06627058 0.8923206
vt 0.06547623 0.8933502
vt 0.07435047 0.897487
vt 0.06627058 0.8923206
vt 0.0598886 0.8850648
vt 0.06547623 0.8933502
vt 0.0598886 0.8850648
vt 0.05609405 0.8752188
vt 0.05849623 0.8852884
vt 0.05330067 0.8887308
vt 0.04880011 0.8771158
vt 0.0503323 0.8890685
vt 0.06156182 0.8981235
vt 0.05330067 0.8887308
vt 0.06007891 0.8999115
vt 0.04726588 0.8908852
vt 0.05760604 0.90273452
vt 0.0503323 0.8890685
vt 0.06007891 0.8999115
vt 0.05760604 0.90273452
vt 0.07119768 0.90748317
vt 0.08635914 0.91198862
vt 0.08507204 0.90880019
vt 0.07119768 0.90748317
vt 0.08507204 0.90880019
vt 0.08635914 0.91198862
vt 0.09676867 0.90774167
vt 0.09686434 0.8717302
vt 0.09722727 0.8739793
vt 0.1068726 0.8725789
vt 0.1068726 0.8725789
vt 0.1249648 0.8702232
vt 0.1071065 0.8709185
vt 0.09722727 0.8739793
vt 0.09708774 0.876574
vt 0.1066467 0.8740315
vt 0.09686005 0.8886315
vt 0.1021254 0.8839076
vt 0.09403324 0.882332
vt 0.08506339 0.8863427
vt 0.08944797 0.8855647
vt 0.08454376 0.8856372
vt 0.09676867 0.90774167
vt 0.1007591 0.91082824
vt 0.1103011 0.90228409
vt 0.1223537 0.90774447
vt 0.1152272 0.90558368
vt 0.1054168 0.91507119
vt 0.1152272 0.90558368
vt 0.1223537 0.90774447
vt 0.1278312 0.8966311
vt 0.1412023 0.8997279
vt 0.1357839 0.8963543
vt 0.1273699 0.91049874
vt 0.08584243 0.8339163
vt 0.08605951 0.8356821
vt 0.09898763 0.8360295
vt 0.1094591 0.8433918
vt 0.09814357 0.8376907
vt 0.1008598 0.8529269
vt 0.1021254 0.8839076
vt 0.1115838 0.8916922
vt 0.1050145 0.8811409
vt 0.09722727 0.8739793
vt 0.09628635 0.8740453
vt 0.09708774 0.876574
vt 0.08514547 0.8800684
vt 0.08552962 0.8803875
vt 0.0877375 0.8791791
vt 0.088198 0.8793965
vt 0.0900563 0.8778483
vt 0.0877375 0.8791791
vt 0.0646674 0.8635229
vt 0.06728565 0.859242
vt 0.05677509 0.8588397
vt 0.06728565 0.859242
vt 0.07059425 0.8559189
vt 0.06106948 0.8505092
vt 0.06286704 0.8260762
vt 0.05288654 0.8349062
vt 0.06366974 0.8309683
vt 0.04921925 0.8316061
vt 0.06238019 0.820229
vt 0.0457673 0.8277469
vt 0.06238019 0.820229
vt 0.06537836 0.8143362
vt 0.05891847 0.8162861
vt 0.08853518 0.8127435
vt 0.08754914 0.8146715
vt 0.0911495 0.8138195
vt 0.08754914 0.8146715
vt 0.08853518 0.8127435
vt 0.08407497 0.8133349
vt 0.07193017 0.8627216
vt 0.06728565 0.859242
vt 0.06998187 0.8653911
vt 0.07235532 0.8699607
vt 0.07174903 0.8699523
vt 0.0725612 0.8724071
vt 0.07250779 0.8768632
vt 0.07326114 0.8763183
vt 0.07101547 0.8731476
vt 0.07613998 0.8785778
vt 0.07405227 0.8762384
vt 0.07578998 0.8793252
vt 0.0778796 0.8638912
vt 0.07799386 0.8636259
vt 0.07662737 0.8640079
vt 0.07408893 0.8665051
vt 0.07353913 0.8659721
vt 0.07322096 0.8677226
vt 0.07415091 0.8667673
vt 0.07408893 0.8665051
vt 0.07326036 0.8679669
vt 0.07688641 0.8647807
vt 0.07771605 0.8643892
vt 0.0769087 0.8645883
vt 0.07492995 0.8677865
vt 0.07585918 0.8668529
vt 0.07415091 0.8667673
vt 0.08200651 0.8605931
vt 0.08214813 0.8599084
vt 0.0808162 0.8607618
vt 0.0808162 0.8607618
vt 0.08090925 0.8612159
vt 0.08200651 0.8605931
vt 0.04580736 0.8466562
vt 0.0418719 0.8605974
vt 0.04934704 0.8488694
vt 0.07791209 0.8333001
vt 0.08130347 0.8326471
vt 0.07318848 0.8256274
vt 0.06985318 0.8361043
vt 0.06366974 0.8309683
vt 0.0626465 0.841146
vt 0.05549865 0.8481374
vt 0.04934704 0.8488694
vt 0.0516768 0.8553396
vt 0.06366974 0.8309683
vt 0.06985318 0.8361043
vt 0.07318848 0.8256274
vt 0.1261571 0.8623695
vt 0.1267693 0.8665537
vt 0.1285418 0.8619021
vt 0.07780593 0.8641452
vt 0.07816153 0.8641429
vt 0.0778796 0.8638912
vt 0.07771605 0.8643892
vt 0.07809025 0.8655521
vt 0.07809156 0.8644974
vt 0.08552962 0.8803875
vt 0.08603674 0.8813704
vt 0.088198 0.8793965
vt 0.09089893 0.8785019
vt 0.09160983 0.8775377
vt 0.0900563 0.8778483
vt 0.09061044 0.8760721
vt 0.08953148 0.8776848
vt 0.09103977 0.8761852
vt 0.08603674 0.8813704
vt 0.08777016 0.8823817
vt 0.08963865 0.8797844
vt 0.09034478 0.8727772
vt 0.09005689 0.8733966
vt 0.09165203 0.8733019
vt 0.0817486 0.87819
vt 0.08212488 0.8802344
vt 0.08318817 0.8783381
vt 0.08318817 0.8783381
vt 0.08514547 0.8800684
vt 0.08665049 0.8775851
vt 0.09106278 0.8912913
vt 0.09686005 0.8886315
vt 0.08944797 0.8855647
vt 0.07370257 0.8828286
vt 0.07859647 0.8855193
vt 0.07394319 0.8823007
vt 0.07859647 0.8855193
vt 0.08506339 0.8863427
vt 0.07892113 0.8849291
vt 0.04213047 0.8451586
vt 0.03596216 0.8447207
vt 0.0385757 0.860271
vt 0.03761488 0.8953202
vt 0.04566466 0.8919456
vt 0.03261786 0.8800555
vt 0.1054168 0.91507119
vt 0.08715063 0.91667539
vt 0.1054157 0.91944099
vt 0.1054157 0.91944099
vt 0.08678287 0.91957737
vt 0.1054315 0.9274171
vt 0.1054315 0.9274171
vt 0.1265822 0.91999013
vt 0.1054157 0.91944099
vt 0.1273699 0.91049874
vt 0.1223537 0.90774447
vt 0.1054157 0.91944099
vt 0.1453984 0.90598017
vt 0.1564312 0.8872634
vt 0.1412023 0.8997279
vt 0.09462809 0.8707983
vt 0.09440475 0.8699002
vt 0.09388613 0.8708548
vt 0.08843338 0.8643201
vt 0.08926469 0.8639295
vt 0.08503663 0.8630564
vt 0.08843338 0.8643201
vt 0.09109765 0.8667094
vt 0.08926469 0.8639295
vt 0.09376949 0.8680108
vt 0.09245818 0.8663399
vt 0.09250676 0.8683621
vt 0.07426071 0.876022
vt 0.07629752 0.8780302
vt 0.07587146 0.8751296
vt 0.1164007 0.7903843
vt 0.10214 0.8064199
vt 0.1152291 0.7994688
vt 0.1476961 0.8557541
vt 0.145493 0.8574996
vt 0.1510955 0.857862
vt 0.08185166 0.8720345
vt 0.08209013 0.8723576
vt 0.0840075 0.872066
vt 0.0871486 0.8724714
vt 0.08659809 0.8720003
vt 0.08568739 0.8726685
vt 0.09505814 0.869819
vt 0.09519839 0.8708667
vt 0.09588783 0.8697645
vt 0.08691477 0.8671856
vt 0.08766049 0.8664624
vt 0.08618956 0.8674148
vt 0.08537459 0.8651816
vt 0.08440804 0.865939
vt 0.08546066 0.8659007
vt 0.0855903 0.861969
vt 0.08626592 0.8611251
vt 0.08200651 0.8605931
vt 0.09246861 0.7994004
vt 0.08328402 0.7961374
vt 0.08533573 0.8113733
vt 0.1524055 0.8521004
vt 0.1548666 0.8561357
vt 0.1546164 0.8542454
vt 0.04181629 0.8760514
vt 0.04726588 0.8908852
vt 0.04557037 0.8755563
vt 0.1183435 0.8960678
vt 0.1278312 0.8966311
vt 0.1261842 0.8853794
vt 0.1167322 0.8942597
vt 0.1183435 0.8960678
vt 0.1236305 0.8864958
vt 0.1236305 0.8864958
vt 0.1261842 0.8853794
vt 0.1281392 0.8779611
vt 0.04594695 0.8615152
vt 0.04557037 0.8755563
vt 0.04878669 0.8653444
vt 0.0951727 0.8718192
vt 0.09508234 0.8740286
vt 0.09616327 0.8718874
vt 0.1591315 0.8465683
vt 0.163169 0.8421796
vt 0.1535252 0.8474927
vt 0.08312547 0.8635951
vt 0.08165806 0.861794
vt 0.08183878 0.8637672
vt 0.07049316 0.8651497
vt 0.06998187 0.8653911
vt 0.06887501 0.8686337
vt 0.05586403 0.8580654
vt 0.05440968 0.8657609
vt 0.05677509 0.8588397
vt 0.1115838 0.8916922
vt 0.1021254 0.8839076
vt 0.1037644 0.896446
vt 0.06317597 0.8689359
vt 0.06827092 0.8690265
vt 0.0646674 0.8635229
vt 0.06317597 0.8689359
vt 0.0646674 0.8635229
vt 0.05564069 0.867176
vt 0.1129177 0.8409554
vt 0.1004113 0.834208
vt 0.1109687 0.8424432
vt 0.1476961 0.8557541
vt 0.1510955 0.857862
vt 0.149695 0.8546986
vt 0.1564312 0.8872634
vt 0.1577323 0.8693293
vt 0.1501726 0.8806921
vt 0.1501726 0.8806921
vt 0.1497455 0.8689641
vt 0.1435679 0.8810999
vt 0.07963931 0.8600925
vt 0.07972198 0.8610236
vt 0.08077943 0.8599983
vt 0.07963931 0.8600925
vt 0.07738697 0.8605562
vt 0.07972198 0.8610236
vt 0.1552168 0.8397841
vt 0.163169 0.8421796
vt 0.1636997 0.8321038
vt 0.1152291 0.7994688
vt 0.1249147 0.7913949
vt 0.1164007 0.7903843
vt 0.1231946 0.8510132
vt 0.1206477 0.8517759
vt 0.1278537 0.8594946
vt 0.09250676 0.8683621
vt 0.09091114 0.8678172
vt 0.09191685 0.8689173
vt 0.04328519 0.7856862
vt 0.08237344 0.7720768
vt 0.03176236 0.7702435
vt 0.07146799 0.7801551
vt 0.08237344 0.7720768
vt 0.05850678 0.7856862
vt 0.03512042 0.7559619
vt 0.03176236 0.7702435
vt 0.0642488 0.7425828
vt 0.07163083 0.8724974
vt 0.07518774 0.8719062
vt 0.07501375 0.8708182
vt 0.07623535 0.8726134
vt 0.07622724 0.8737712
vt 0.07679963 0.8731699
vt 0.07622724 0.8737712
vt 0.07587146 0.8751296
vt 0.07674568 0.8743728
vt 0.07876253 0.8755309
vt 0.0795958 0.8758334
vt 0.07888966 0.8739685
vt 0.07888966 0.8739685
vt 0.07971614 0.8741914
vt 0.0787965 0.8725493
vt 0.07518774 0.8719062
vt 0.07623535 0.8726134
vt 0.07613444 0.87213
vt 0.07986479 0.8715493
vt 0.07914769 0.8709118
vt 0.07969141 0.8727863
vt 0.0795958 0.8758334
vt 0.07876253 0.8755309
vt 0.0789411 0.8772086
vt 0.07644993 0.8752615
vt 0.07722902 0.8764468
vt 0.07846182 0.876577
vt 0.07914769 0.8709118
vt 0.07501375 0.8708182
vt 0.0787965 0.8725493
vt 0.07613444 0.87213
vt 0.07679963 0.8731699
vt 0.0787965 0.8725493
vt 0.07679963 0.8731699
vt 0.07674568 0.8743728
vt 0.07888966 0.8739685
vt 0.07674568 0.8743728
vt 0.07644993 0.8752615
vt 0.07876253 0.8755309
usemtl RFinger22UV
f 1/1 2/2 3/3
f 5/4 6/5 7/6
f 10/7 11/8 7/9
f 12/10 13/11 14/12
f 15/13 16/14 17/15
f 18/16 19/17 20/18
f 21/19 22/20 23/21
f 24/22 25/23 26/24
f 27/25 28/26 29/27
f 30/28 31/29 32/30
f 33/31 34/32 35/33
f 36/34 37/35 38/36
f 39/37 40/38 41/39
f 42/40 43/41 44/42
f 45/43 46/44 47/45
f 48/46 49/47 50/48
f 51/49 52/50 53/51
f 54/52 53/53 52/54
f 55/55 52/56 40/57
f 56/58 57/59 58/60
f 59/61 60/62 61/63
f 62/64 63/65 64/66
f 65/67 66/68 67/69
f 68/70 69/71 70/72
f 71/73 72/74 73/75
f 74/76 75/77 67/78
f 65/79 76/80 77/81
f 67/82 78/83 79/84
f 74/85 79/86 80/87
f 81/88 82/89 83/90
f 84/91 85/92 86/93
f 87/94 88/95 89/96
f 90/97 91/98 92/99
f 93/100 94/101 95/102
f 96/103 97/104 98/105
f 99/106 100/107 101/108
f 102/109 103/110 104/111
f 104/112 103/113 105/114
f 96/115 106/116 107/117
f 108/118 109/119 110/120
f 111/121 112/122 108/123
f 111/124 108/125 110/126
f 113/127 114/128 115/129
f 117/130 118/131 119/132
f 116/133 119/134 121/135
f 122/136 123/137 118/138
f 118/139 124/140 125/141
f 119/142 125/143 126/144
f 12/145 14/146 123/147
f 123/148 127/149 124/150
f 125/151 124/152 128/153
f 123/154 14/155 20/156
f 18/157 20/158 14/159
f 130/160 17/161 16/162
f 132/163 133/164 134/165
f 19/166 135/167 127/168
f 124/169 127/170 135/171
f 136/172 137/173 138/174
f 121/175 139/176 140/177
f 134/178 141/179 142/180
f 137/181 136/182 142/183
f 144/184 132/185 145/186
f 15/187 145/188 16/189
f 15/190 17/191 146/192
f 147/193 144/194 145/195
f 125/196 129/197 148/198
f 133/199 149/200 141/201
f 141/202 150/203 151/204
f 139/205 121/206 126/207
f 138/208 137/209 135/210
f 128/211 135/212 137/213
f 149/214 133/215 153/216
f 155/217 153/218 144/219
f 146/220 135/221 19/222
f 146/223 19/224 18/225
f 157/226 128/227 143/228
f 15/229 5/230 8/231
f 5/232 15/233 146/234
f 149/235 158/236 150/237
f 154/238 159/239 158/240
f 161/241 162/242 163/243
f 165/244 161/245 160/246
f 5/247 156/248 6/249
f 155/250 147/251 8/252
f 11/253 155/254 8/255
f 166/256 167/257 160/258
f 154/259 153/260 161/261
f 168/262 169/263 157/264
f 153/265 155/266 162/267
f 167/268 170/269 164/270
f 171/271 172/272 158/273
f 157/274 169/275 129/276
f 173/277 129/278 169/279
f 173/280 174/281 148/282
f 176/283 177/284 178/285
f 175/286 18/287 13/288
f 13/289 26/290 25/291
f 164/292 179/293 180/294
f 162/295 181/296 182/297
f 126/298 148/299 183/300
f 180/301 171/302 159/303
f 181/304 184/305 185/306
f 6/307 186/308 9/309
f 6/310 156/311 32/312
f 188/313 168/314 189/315
f 168/316 188/317 173/318
f 25/319 29/320 177/321
f 185/322 184/323 190/324
f 187/325 189/326 172/327
f 182/328 185/329 192/330
f 177/331 194/332 195/333
f 196/334 9/335 186/336
f 185/337 190/338 38/339
f 171/340 180/341 199/342
f 172/343 171/344 198/345
f 200/346 156/347 18/348
f 190/349 184/350 202/351
f 203/352 22/353 21/354
f 206/355 21/356 23/357
f 207/358 208/359 198/360
f 174/361 173/362 188/363
f 187/364 210/365 209/366
f 202/367 211/368 212/369
f 195/370 194/371 31/372
f 29/373 28/374 194/375
f 194/376 28/377 214/378
f 207/379 199/380 216/381
f 203/382 204/383 218/384
f 34/385 196/386 197/387
f 198/388 208/389 219/390
f 190/391 201/392 36/393
f 34/394 33/395 220/396
f 32/397 156/398 200/399
f 221/400 222/401 206/402
f 31/403 213/404 34/405
f 217/406 218/407 222/408
f 34/409 213/410 35/411
f 194/412 213/413 31/414
f 223/415 224/416 174/417
f 27/418 29/419 25/420
f 210/421 225/422 223/423
f 210/424 219/425 226/426
f 215/427 216/428 228/429
f 230/430 207/431 215/432
f 224/433 183/434 148/435
f 27/436 24/437 21/438
f 21/439 24/440 231/441
f 231/442 24/443 26/444
f 213/445 214/446 233/447
f 201/448 212/449 234/450
f 236/451 227/452 228/453
f 237/454 27/455 206/456
f 33/457 35/458 233/459
f 237/460 238/461 28/462
f 239/463 240/464 241/465
f 231/466 243/467 218/468
f 244/469 231/470 232/471
f 28/472 238/473 214/474
f 240/475 246/476 247/477
f 249/478 246/479 240/480
f 243/481 237/482 222/483
f 239/484 250/485 248/486
f 252/487 223/488 225/489
f 250/490 167/491 166/492
f 253/493 166/494 193/495
f 256/496 233/497 214/498
f 208/499 207/500 230/501
f 259/502 211/503 33/504
f 235/505 260/506 261/507
f 229/508 215/509 227/510
f 263/511 262/512 227/513
f 264/514 247/515 246/516
f 248/517 250/518 253/519
f 266/520 267/521 249/522
f 241/523 247/524 268/525
f 243/526 231/527 244/528
f 271/529 226/530 257/531
f 257/532 230/533 272/534
f 272/535 230/536 229/537
f 249/538 265/539 246/540
f 192/541 274/542 254/543
f 247/544 264/545 275/546
f 265/547 249/548 277/549
f 268/550 278/551 261/552
f 254/553 266/554 253/555
f 274/556 192/557 38/558
f 255/559 214/560 238/561
f 36/562 234/563 281/564
f 282/565 283/566 267/567
f 285/568 243/569 269/570
f 282/571 266/572 254/573
f 277/574 286/575 287/576
f 288/577 212/578 211/579
f 289/580 275/581 264/582
f 273/583 229/584 262/585
f 291/586 287/587 286/588
f 275/589 293/590 278/591
f 295/592 296/593 289/594
f 262/595 263/596 297/597
f 298/598 234/599 212/600
f 292/601 286/602 299/603
f 274/604 279/605 45/606
f 291/607 301/608 294/609
f 301/610 302/611 295/612
f 303/613 304/614 291/615
f 306/616 261/617 278/618
f 278/619 293/620 307/621
f 309/622 310/623 299/624
f 302/625 301/626 312/627
f 37/628 313/629 279/630
f 314/631 45/632 279/633
f 283/634 282/635 45/636
f 46/637 45/638 314/639
f 313/640 37/641 281/642
f 317/643 47/644 46/645
f 310/646 42/647 319/648
f 317/649 320/650 310/651
f 302/652 321/653 322/654
f 318/655 46/656 315/657
f 319/658 44/659 325/660
f 326/661 327/662 305/663
f 328/664 329/665 330/666
f 331/667 332/668 328/669
f 325/670 333/671 334/672
f 319/673 42/674 44/675
f 330/676 329/677 334/678
f 335/679 281/680 234/681
f 336/682 337/683 315/684
f 320/685 317/686 318/687
f 42/688 310/689 320/690
f 339/691 340/692 43/693
f 321/694 341/695 342/696
f 321/697 343/698 344/699
f 44/700 43/701 345/702
f 345/703 346/704 333/705
f 323/706 55/707 338/708
f 331/709 48/710 50/711
f 338/712 347/713 339/714
f 337/715 348/716 323/717
f 347/718 349/719 340/720
f 347/721 338/722 55/723
f 43/724 340/725 350/726
f 348/727 54/728 55/729
f 347/730 39/731 349/732
f 55/733 54/734 52/735
f 55/736 40/737 39/738
f 316/739 351/740 352/741
f 353/742 354/743 41/744
f 356/745 357/746 358/747
f 353/748 40/749 52/750
f 51/751 359/752 358/753
f 51/754 53/755 359/756
f 361/757 356/758 355/759
f 348/760 337/761 363/762
f 54/763 348/764 362/765
f 364/766 365/767 53/768
f 365/769 359/770 53/771
f 366/772 367/773 368/774
f 370/775 367/776 366/777
f 373/778 370/779 371/780
f 83/781 85/782 84/783
f 83/784 82/785 67/786
f 374/787 375/788 373/789
f 370/790 376/791 377/792
f 378/793 376/794 370/795
f 85/796 83/797 70/798
f 81/799 84/800 379/801
f 380/802 381/803 82/804
f 374/805 382/806 383/807
f 382/808 384/809 252/810
f 385/811 252/812 251/813
f 271/814 387/815 386/816
f 388/817 380/818 81/819
f 389/820 388/821 115/822
f 379/823 84/824 390/825
f 390/826 84/827 86/828
f 393/829 378/830 373/831
f 113/832 115/833 379/834
f 395/835 396/836 397/837
f 86/838 85/839 69/840
f 399/841 400/842 401/843
f 399/844 377/845 376/846
f 272/847 403/848 404/849
f 405/850 395/851 380/852
f 389/853 406/854 405/855
f 397/856 407/857 381/858
f 404/859 387/860 271/861
f 391/862 390/863 395/864
f 255/865 280/866 392/867
f 394/868 379/869 391/870
f 410/871 402/872 376/873
f 409/874 391/875 405/876
f 412/877 385/878 386/879
f 67/880 79/881 74/882
f 66/883 68/884 70/885
f 75/886 76/887 65/888
f 86/889 408/890 392/891
f 385/892 412/893 383/894
f 413/895 375/896 383/897
f 414/898 415/899 273/900
f 416/901 398/902 69/903
f 417/904 396/905 395/906
f 418/907 410/908 378/909
f 419/910 66/911 65/912
f 422/913 404/914 403/915
f 411/916 386/917 387/918
f 297/919 424/920 414/921
f 423/922 387/923 404/924
f 256/925 255/926 408/927
f 427/928 412/929 411/930
f 415/931 414/932 429/933
f 408/934 86/935 398/936
f 393/937 375/938 413/939
f 416/940 62/941 64/942
f 64/943 430/944 398/945
f 399/946 402/947 432/948
f 410/949 433/950 432/951
f 431/952 434/953 393/954
f 298/955 288/956 435/957
f 419/958 420/959 63/960
f 437/961 433/962 410/963
f 432/964 75/965 74/966
f 435/967 288/968 259/969
f 65/970 77/971 72/972
f 438/973 420/974 72/975
f 63/976 420/977 440/978
f 438/979 440/980 420/981
f 259/982 258/983 87/984
f 423/985 442/986 426/987
f 76/988 75/989 432/990
f 326/991 443/992 444/993
f 446/994 422/995 421/996
f 422/997 446/998 442/999
f 447/1000 64/1001 63/1002
f 425/1003 408/1004 430/1005
f 450/1006 434/1007 431/1008
f 451/1009 452/1010 443/1011
f 441/1012 453/1013 447/1014
f 77/1015 76/1016 433/1017
f 434/1018 454/1019 418/1020
f 455/1021 456/1022 428/1023
f 457/1024 458/1025 342/1026
f 72/1027 77/1028 437/1029
f 437/1030 418/1031 454/1032
f 424/1033 460/1034 429/1035
f 341/1036 344/1037 461/1038
f 434/1039 450/1040 462/1041
f 89/1042 463/1043 464/1044
f 460/1045 424/1046 466/1047
f 445/1048 467/1049 468/1050
f 454/1051 462/1052 469/1053
f 469/1054 470/1055 459/1056
f 466/1057 444/1058 471/1059
f 71/1060 439/1061 72/1062
f 448/1063 447/1064 453/1065
f 472/1066 473/1067 88/1068
f 436/1069 474/1070 335/1071
f 443/1072 475/1073 471/1074
f 477/1075 478/1076 479/1077
f 463/1078 89/1079 88/1080
f 481/1081 469/1082 462/1083
f 468/1084 478/1085 477/1086
f 483/1087 481/1088 480/1089
f 485/1090 452/1091 458/1092
f 470/1093 486/1094 71/1095
f 469/1096 481/1097 486/1098
f 457/1099 461/1100 488/1101
f 458/1102 457/1103 487/1104
f 436/1105 435/1106 464/1107
f 489/1108 439/1109 71/1110
f 481/1111 483/1112 489/1113
f 490/1114 482/1115 478/1116
f 491/1117 483/1118 482/1119
f 445/1120 456/1121 492/1122
f 455/1123 429/1124 460/1125
f 494/1126 438/1127 439/1128
f 483/1129 491/1130 489/1131
f 493/1132 495/1133 496/1134
f 465/1135 497/1136 493/1137
f 490/1138 468/1139 467/1140
f 465/1141 471/1142 499/1143
f 473/1144 472/1145 500/1146
f 471/1147 475/1148 502/1149
f 500/1150 441/1151 440/1152
f 503/1153 440/1154 438/1155
f 504/1156 494/1157 489/1158
f 492/1159 505/1160 498/1161
f 501/1162 500/1163 503/1164
f 506/1165 503/1166 494/1167
f 506/1168 507/1169 508/1170
f 509/1171 491/1172 490/1173
f 463/1174 508/1175 510/1176
f 509/1177 504/1178 491/1179
f 57/1180 56/1181 474/1182
f 511/1183 504/1184 509/1185
f 513/1186 485/1187 484/1188
f 508/1189 507/1190 514/1191
f 57/1192 464/1193 510/1194
f 509/1195 498/1196 505/1197
f 58/1198 510/1199 514/1200
f 517/1201 514/1202 507/1203
f 495/1204 493/1205 497/1206
f 519/1207 520/1208 499/1209
f 497/1210 499/1211 520/1212
f 355/1213 521/1214 522/1215
f 521/1216 355/1217 358/1218
f 335/1219 474/1220 523/1221
f 519/1222 524/1223 525/1224
f 518/1225 520/1226 525/1227
f 352/1228 351/1229 523/1230
f 363/1231 352/1232 527/1233
f 363/1234 528/1235 529/1236
f 530/1237 495/1238 518/1239
f 365/1240 109/1241 359/1242
f 94/1243 93/1244 358/1245
f 109/1246 108/1247 94/1248
f 531/1249 532/1250 524/1251
f 97/1252 103/1253 102/1254
f 534/1255 535/1256 103/1257
f 96/1258 107/1259 534/1260
f 526/1261 525/1262 536/1263
f 528/1264 90/1265 538/1266
f 540/1267 541/1268 542/1269
f 527/1270 523/1271 543/1272
f 97/1273 533/1274 544/1275
f 96/1276 98/1277 545/1278
f 547/1279 530/1280 526/1281
f 543/1282 523/1283 474/1284
f 548/1285 543/1286 56/1287
f 550/1288 551/1289 547/1290
f 110/1291 364/1292 362/1293
f 552/1294 553/1295 550/1296
f 545/1297 99/1298 101/1299
f 106/1300 96/1301 546/1302
f 516/1303 553/1304 552/1305
f 537/1306 536/1307 556/1308
f 558/1309 559/1310 560/1311
f 521/1312 93/1313 95/1314
f 537/1315 557/1316 549/1317
f 560/1318 532/1319 561/1320
f 539/1321 563/1322 562/1323
f 564/1324 95/1325 100/1326
f 558/1327 565/1328 556/1329
f 566/1330 557/1331 556/1332
f 558/1333 560/1334 567/1335
f 546/1336 101/1337 568/1338
f 552/1339 549/1340 557/1341
f 566/1342 555/1343 552/1344
f 109/1345 365/1346 364/1347
f 90/1348 92/1349 569/1350
f 111/1351 110/1352 529/1353
f 570/1354 565/1355 567/1356
f 566/1357 565/1358 570/1359
f 91/1360 543/1361 548/1362
f 92/1363 570/1364 571/1365
f 95/1366 112/1367 100/1368
f 572/1369 548/1370 555/1371
f 95/1372 94/1373 108/1374
f 562/1375 573/1376 567/1377
f 60/1378 106/1379 554/1380
f 59/1381 573/1382 60/1383
f 574/1384 59/1385 61/1386
f 576/1387 573/1388 59/1389
f 575/1390 59/1391 574/1392
f 573/1393 576/1394 571/1395
f 112/1396 578/1397 579/1398
f 580/1399 112/1400 579/1401
f 538/1402 569/1403 581/1404
f 576/1405 581/1406 569/1407
f 575/1408 578/1409 581/1410
f 111/1411 581/1412 578/1413
f 61/1414 554/1415 568/1416
f 582/1417 577/1418 574/1419
f 505/1420 583/1421 551/1422
f 163/1423 182/1424 193/1425
f 305/1426 327/1427 584/1428
f 444/1429 466/1430 584/1431
f 584/1432 466/1433 424/1434
f 263/1435 306/1436 584/1437
f 236/1438 261/1439 306/1440
f 293/1441 296/1442 585/1443
f 307/1444 585/1445 451/1446
f 342/1447 451/1448 585/1449
f 342/1450 458/1451 452/1452
f 475/1453 443/1454 452/1455
f 485/1456 513/1457 502/1458
f 515/1459 551/1460 550/1461
f 517/1462 553/1463 516/1464
f 555/1465 548/1466 58/1467
f 515/1468 550/1469 553/1470
f 583/1471 505/1472 492/1473
f 456/1474 445/1475 421/1476
f 513/1477 531/1478 519/1479
f 531/1480 513/1481 512/1482
f 586/1483 561/1484 532/1485
f 561/1486 586/1487 540/1488
f 313/1489 316/1490 336/1491
f 316/1492 281/1493 335/1494
f 530/1495 547/1496 551/1497
f 511/1498 509/1499 515/1500
f 426/1501 476/1502 449/1503
f 479/1504 450/1505 449/1506
f 170/1507 239/1508 242/1509
f 167/1510 250/1511 239/1512
f 286/1513 277/1514 308/1515
f 300/1516 588/1517 303/1518
f 324/1519 334/1520 588/1521
f 589/1522 41/1523 354/1524
f 350/1525 589/1526 354/1527
f 349/1528 39/1529 41/1530
f 589/1531 350/1532 340/1533
f 170/1534 587/1535 179/1536
f 191/1537 219/1538 210/1539
f 226/1540 219/1541 208/1542
f 225/1543 226/1544 271/1545
f 144/1546 153/1547 133/1548
f 158/1549 172/1550 189/1551
f 150/1552 189/1553 168/1554
f 130/1555 131/1556 134/1557
f 143/1558 142/1559 151/1560
f 202/1561 184/1562 10/1563
f 9/1564 196/1565 220/1566
f 100/1567 112/1568 580/1569
f 100/1570 580/1571 582/1572
f 294/1573 289/1574 276/1575
f 47/1576 317/1577 309/1578
f 308/1579 277/1580 249/1581
f 276/1582 289/1583 264/1584
f 267/1585 283/1586 309/1587
f 572/1588 570/1589 92/1590
f 16/1591 145/1592 132/1593
f 138/1594 146/1595 17/1596
f 442/1597 477/1598 476/1599
f 482/1600 480/1601 479/1602
f 450/1603 479/1604 480/1605
f 446/1606 468/1607 477/1608
f 459/1609 470/1610 73/1611
f 412/1612 427/1613 413/1614
f 427/1615 449/1616 431/1617
f 496/1618 492/1619 456/1620
f 415/1621 403/1622 272/1623
f 428/1624 421/1625 403/1626
f 304/1627 312/1628 301/1629
f 321/1630 302/1631 311/1632
f 484/1633 487/1634 590/1635
f 487/1636 488/1637 591/1638
f 541/1639 540/1640 590/1641
f 586/1642 512/1643 590/1644
f 592/1645 563/1646 539/1647
f 472/1648 453/1649 441/1650
f 258/1651 33/1652 233/1653
f 425/1654 87/1655 258/1656
f 87/1657 425/1658 448/1659
f 252/1660 384/1661 224/1662
f 353/1663 51/1664 357/1665
f 353/1666 357/1667 356/1668
f 578/1669 575/1670 577/1671
f 367/1672 377/1673 401/1674
f 79/1675 400/1676 399/1677
f 501/1678 508/1679 463/1680
f 392/1681 417/1682 395/1683
f 237/1684 243/1685 285/1686
f 211/1687 202/1688 220/1689
f 346/1690 345/1691 350/1692
f 582/1693 568/1694 101/1695
f 322/1696 585/1697 296/1698
f 532/1699 560/1700 559/1701
f 524/1702 559/1703 536/1704
f 559/1705 558/1706 556/1707
f 296/1708 293/1709 275/1710
f 504/1711 511/1712 507/1713
f 533/1714 95/1715 564/1716
f 197/1717 186/1718 32/1719
f 179/1720 216/1721 199/1722
f 260/1723 235/1724 242/1725
f 583/1726 496/1727 495/1728
f 216/1729 179/1730 587/1731
f 587/1732 242/1733 235/1734
f 337/1735 336/1736 352/1737
f 577/1738 582/1739 580/1740
f 106/1741 60/1742 563/1743
f 60/1744 573/1745 562/1746
f 165/1747 180/1748 159/1749
f 165/1750 159/1751 154/1752
f 11/1753 10/1754 184/1755
f 162/1756 155/1757 11/1758
f 533/1759 593/1760 522/1761
f 361/1762 594/1763 49/1764
f 319/1765 300/1766 299/1767
f 300/1768 319/1769 324/1770
f 527/1771 91/1772 90/1773
f 430/1774 64/1775 447/1776
f 596/1777 597/1778 598/1779
f 596/1780 595/1781 599/1782
f 598/1783 597/1784 601/1785
f 139/1786 603/1787 604/1788
f 183/1789 605/1790 606/1791
f 224/1792 607/1793 605/1794
f 374/1795 372/1796 608/1797
f 372/1798 371/1799 610/1800
f 152/1801 606/1802 603/1803
f 369/1804 610/1805 371/1806
f 609/1807 611/1808 382/1809
f 224/1810 384/1811 607/1812
f 384/1813 382/1814 611/1815
f 604/1816 603/1817 610/1818
f 606/1819 608/1820 610/1821
f 605/1822 609/1823 608/1824
f 607/1825 611/1826 609/1827
f 4/1828 1/1829 3/1830
f 8/1831 5/1832 7/1833
f 9/1834 10/1835 7/1836
f 116/1837 117/1838 119/1839
f 120/1840 116/1841 121/1842
f 117/1843 122/1844 118/1845
f 119/1846 118/1847 125/1848
f 121/1849 119/1850 126/1851
f 122/1852 12/1853 123/1854
f 118/1855 123/1856 124/1857
f 129/1858 125/1859 128/1860
f 127/1861 123/1862 20/1863
f 13/1864 18/1865 14/1866
f 131/1867 130/1868 16/1869
f 131/1870 132/1871 134/1872
f 20/1873 19/1874 127/1875
f 128/1876 124/1877 135/1878
f 130/1879 136/1880 138/1881
f 120/1882 121/1883 140/1884
f 136/1885 134/1886 142/1887
f 143/1888 137/1889 142/1890
f 15/1891 147/1892 145/1893
f 126/1894 125/1895 148/1896
f 134/1897 133/1898 141/1899
f 142/1900 141/1901 151/1902
f 152/1903 139/1904 126/1905
f 146/1906 138/1907 135/1908
f 143/1909 128/1910 137/1911
f 154/1912 149/1913 153/1914
f 147/1915 155/1916 144/1917
f 156/1918 146/1919 18/1920
f 147/1921 15/1922 8/1923
f 156/1924 5/1925 146/1926
f 141/1927 149/1928 150/1929
f 149/1930 154/1931 158/1932
f 160/1933 161/1934 163/1935
f 164/1936 165/1937 160/1938
f 7/1939 11/1940 8/1941
f 163/1942 166/1943 160/1944
f 165/1945 154/1946 161/1947
f 151/1948 168/1949 157/1950
f 161/1951 153/1952 162/1953
f 160/1954 167/1955 164/1956
f 159/1957 171/1958 158/1959
f 128/1960 157/1961 129/1962
f 129/1963 173/1964 148/1965
f 175/1966 176/1967 178/1968
f 176/1969 175/1970 13/1971
f 176/1972 13/1973 25/1974
f 165/1975 164/1976 180/1977
f 163/1978 162/1979 182/1980
f 152/1981 126/1982 183/1983
f 182/1984 181/1985 185/1986
f 7/1987 6/1988 9/1989
f 186/1990 6/1991 32/1992
f 187/1993 188/1994 189/1995
f 169/1996 168/1997 173/1998
f 176/1999 25/2000 177/2001
f 191/2002 187/2003 172/2004
f 193/2005 182/2006 192/2007
f 178/2008 177/2009 195/2010
f 197/2011 196/2012 186/2013
f 192/2014 185/2015 38/2016
f 198/2017 171/2018 199/2019
f 191/2020 172/2021 198/2022
f 175/2023 200/2024 18/2025
f 201/2026 190/2027 202/2028
f 204/2029 203/2030 21/2031
f 205/2032 206/2033 23/2034
f 199/2035 207/2036 198/2037
f 209/2038 174/2039 188/2040
f 188/2041 187/2042 209/2043
f 201/2044 202/2045 212/2046
f 30/2047 195/2048 31/2049
f 177/2050 29/2051 194/2052
f 213/2053 194/2054 214/2055
f 215/2056 207/2057 216/2058
f 217/2059 203/2060 218/2061
f 31/2062 34/2063 197/2064
f 191/2065 198/2066 219/2067
f 38/2068 190/2069 36/2070
f 196/2071 34/2072 220/2073
f 30/2074 32/2075 200/2076
f 205/2077 221/2078 206/2079
f 221/2080 217/2081 222/2082
f 209/2083 223/2084 174/2085
f 24/2086 27/2087 25/2088
f 209/2089 210/2090 223/2091
f 225/2092 210/2093 226/2094
f 227/2095 215/2096 228/2097
f 229/2098 230/2099 215/2100
f 174/2101 224/2102 148/2103
f 206/2104 27/2105 21/2106
f 204/2107 21/2108 231/2109
f 232/2110 231/2111 26/2112
f 35/2113 213/2114 233/2115
f 36/2116 201/2117 234/2118
f 235/2119 236/2120 228/2121
f 222/2122 237/2123 206/2124
f 27/2125 237/2126 28/2127
f 242/2128 239/2129 241/2130
f 204/2131 231/2132 218/2133
f 245/2134 244/2135 232/2136
f 241/2137 240/2138 247/2139
f 248/2140 249/2141 240/2142
f 218/2143 243/2144 222/2145
f 240/2146 239/2147 248/2148
f 251/2149 252/2150 225/2151
f 253/2152 250/2153 166/2154
f 254/2155 253/2156 193/2157
f 255/2158 256/2159 214/2160
f 257/2161 208/2162 230/2163
f 258/2164 259/2165 33/2166
f 236/2167 235/2168 261/2169
f 262/2170 229/2171 227/2172
f 236/2173 263/2174 227/2175
f 265/2176 264/2177 246/2178
f 266/2179 248/2180 253/2181
f 248/2182 266/2183 249/2184
f 260/2185 241/2186 268/2187
f 269/2188 243/2189 244/2190
f 270/2191 271/2192 257/2193
f 270/2194 257/2195 272/2196
f 273/2197 272/2198 229/2199
f 193/2200 192/2201 254/2202
f 268/2203 247/2204 275/2205
f 276/2206 265/2207 277/2208
f 260/2209 268/2210 261/2211
f 279/2212 274/2213 38/2214
f 280/2215 255/2216 238/2217
f 37/2218 36/2219 281/2220
f 266/2221 282/2222 267/2223
f 284/2224 285/2225 269/2226
f 274/2227 282/2228 254/2229
f 276/2230 277/2231 287/2232
f 259/2233 288/2234 211/2235
f 290/2236 273/2237 262/2238
f 292/2239 291/2240 286/2241
f 268/2242 275/2243 278/2244
f 294/2245 295/2246 289/2247
f 290/2248 262/2249 297/2250
f 288/2251 298/2252 212/2253
f 300/2254 292/2255 299/2256
f 282/2257 274/2258 45/2259
f 287/2260 291/2261 294/2262
f 294/2263 301/2264 295/2265
f 292/2266 303/2267 291/2268
f 305/2269 306/2270 278/2271
f 305/2272 278/2273 307/2274
f 308/2275 309/2276 299/2277
f 311/2278 302/2279 312/2280
f 38/2281 37/2282 279/2283
f 313/2284 314/2285 279/2286
f 47/2287 283/2288 45/2289
f 315/2290 46/2291 314/2292
f 316/2293 313/2294 281/2295
f 318/2296 317/2297 46/2298
f 299/2299 310/2300 319/2301
f 309/2302 317/2303 310/2304
f 295/2305 302/2306 322/2307
f 323/2308 318/2309 315/2310
f 324/2311 319/2312 325/2313
f 307/2314 326/2315 305/2316
f 48/2317 328/2318 330/2319
f 48/2320 331/2321 328/2322
f 324/2323 325/2324 334/2325
f 333/2326 330/2327 334/2328
f 298/2329 335/2330 234/2331
f 314/2332 336/2333 315/2334
f 338/2335 320/2336 318/2337
f 339/2338 42/2339 320/2340
f 42/2341 339/2342 43/2343
f 322/2344 321/2345 342/2346
f 341/2347 321/2348 344/2349
f 325/2350 44/2351 345/2352
f 325/2353 345/2354 333/2355
f 318/2356 323/2357 338/2358
f 320/2359 338/2360 339/2361
f 315/2362 337/2363 323/2364
f 339/2365 347/2366 340/2367
f 39/2368 347/2369 55/2370
f 345/2371 43/2372 350/2373
f 323/2374 348/2375 55/2376
f 336/2377 316/2378 352/2379
f 40/2380 353/2381 41/2382
f 355/2383 356/2384 358/2385
f 51/2386 353/2387 52/2388
f 357/2389 51/2390 358/2391
f 360/2392 361/2393 355/2394
f 362/2395 348/2396 363/2397
f 364/2398 54/2399 362/2400
f 54/2401 364/2402 53/2403
f 369/2404 366/2405 368/2406
f 371/2407 370/2408 366/2409
f 372/2410 373/2411 371/2412
f 81/2413 83/2414 84/2415
f 70/2416 83/2417 67/2418
f 372/2419 374/2420 373/2421
f 367/2422 370/2423 377/2424
f 373/2425 378/2426 370/2427
f 69/2428 85/2429 70/2430
f 115/2431 81/2432 379/2433
f 81/2434 380/2435 82/2436
f 375/2437 374/2438 383/2439
f 385/2440 382/2441 252/2442
f 386/2443 385/2444 251/2445
f 251/2446 271/2447 386/2448
f 115/2449 388/2450 81/2451
f 114/2452 389/2453 115/2454
f 391/2455 379/2456 390/2457
f 392/2458 390/2459 86/2460
f 375/2461 393/2462 373/2463
f 394/2464 113/2465 379/2466
f 380/2467 395/2468 397/2469
f 398/2470 86/2471 69/2472
f 377/2473 399/2474 401/2475
f 402/2476 399/2477 376/2478
f 270/2479 272/2480 404/2481
f 388/2482 405/2483 380/2484
f 388/2485 389/2486 405/2487
f 380/2488 397/2489 381/2490
f 270/2491 404/2492 271/2493
f 405/2494 391/2495 395/2496
f 408/2497 255/2498 392/2499
f 409/2500 394/2501 391/2502
f 378/2503 410/2504 376/2505
f 406/2506 409/2507 405/2508
f 411/2509 412/2510 386/2511
f 67/2512 66/2513 70/2514
f 67/2515 75/2516 65/2517
f 382/2518 385/2519 383/2520
f 290/2521 414/2522 273/2523
f 68/2524 416/2525 69/2526
f 393/2527 418/2528 378/2529
f 420/2530 419/2531 65/2532
f 421/2533 422/2534 403/2535
f 423/2536 411/2537 387/2538
f 290/2539 297/2540 414/2541
f 422/2542 423/2543 404/2544
f 425/2545 256/2546 408/2547
f 426/2548 427/2549 411/2550
f 428/2551 415/2552 429/2553
f 430/2554 408/2555 398/2556
f 431/2557 393/2558 413/2559
f 398/2560 416/2561 64/2562
f 80/2563 399/2564 432/2565
f 402/2566 410/2567 432/2568
f 436/2569 298/2570 435/2571
f 62/2572 419/2573 63/2574
f 418/2575 437/2576 410/2577
f 80/2578 432/2579 74/2580
f 89/2581 435/2582 259/2583
f 420/2584 65/2585 72/2586
f 439/2587 438/2588 72/2589
f 441/2590 63/2591 440/2592
f 89/2593 259/2594 87/2595
f 411/2596 423/2597 426/2598
f 433/2599 76/2600 432/2601
f 327/2602 326/2603 444/2604
f 445/2605 446/2606 421/2607
f 423/2608 422/2609 442/2610
f 448/2611 425/2612 430/2613
f 449/2614 450/2615 431/2616
f 326/2617 451/2618 443/2619
f 63/2620 441/2621 447/2622
f 437/2623 77/2624 433/2625
f 393/2626 434/2627 418/2628
f 429/2629 455/2630 428/2631
f 341/2632 457/2633 342/2634
f 459/2635 72/2636 437/2637
f 459/2638 437/2639 454/2640
f 414/2641 424/2642 429/2643
f 457/2644 341/2645 461/2646
f 454/2647 434/2648 462/2649
f 435/2650 89/2651 464/2652
f 465/2653 460/2654 466/2655
f 446/2656 445/2657 468/2658
f 454/2659 469/2660 459/2661
f 465/2662 466/2663 471/2664
f 472/2665 448/2666 453/2667
f 448/2668 472/2669 88/2670
f 298/2671 436/2672 335/2673
f 444/2674 443/2675 471/2676
f 476/2677 477/2678 479/2679
f 473/2680 463/2681 88/2682
f 480/2683 481/2684 462/2685
f 482/2686 483/2687 480/2688
f 484/2689 485/2690 458/2691
f 73/2692 470/2693 71/2694
f 470/2695 469/2696 486/2697
f 487/2698 457/2699 488/2700
f 484/2701 458/2702 487/2703
f 57/2704 436/2705 464/2706
f 486/2707 489/2708 71/2709
f 486/2710 481/2711 489/2712
f 468/2713 490/2714 478/2715
f 490/2716 491/2717 482/2718
f 467/2719 445/2720 492/2721
f 493/2722 455/2723 460/2724
f 489/2725 494/2726 439/2727
f 455/2728 493/2729 496/2730
f 460/2731 465/2732 493/2733
f 498/2734 490/2735 467/2736
f 497/2737 465/2738 499/2739
f 501/2740 473/2741 500/2742
f 499/2743 471/2744 502/2745
f 503/2746 500/2747 440/2748
f 494/2749 503/2750 438/2751
f 491/2752 504/2753 489/2754
f 467/2755 492/2756 498/2757
f 506/2758 501/2759 503/2760
f 504/2761 506/2762 494/2763
f 501/2764 506/2765 508/2766
f 498/2767 509/2768 490/2769
f 464/2770 463/2771 510/2772
f 436/2773 57/2774 474/2775
f 512/2776 513/2777 484/2778
f 510/2779 508/2780 514/2781
f 58/2782 57/2783 510/2784
f 515/2785 509/2786 505/2787
f 516/2788 58/2789 514/2790
f 511/2791 517/2792 507/2793
f 518/2794 495/2795 497/2796
f 502/2797 519/2798 499/2799
f 518/2800 497/2801 520/2802
f 360/2803 355/2804 522/2805
f 93/2806 521/2807 358/2808
f 351/2809 335/2810 523/2811
f 520/2812 519/2813 525/2814
f 526/2815 518/2816 525/2817
f 527/2818 352/2819 523/2820
f 528/2821 363/2822 527/2823
f 362/2824 363/2825 529/2826
f 526/2827 530/2828 518/2829
f 359/2830 94/2831 358/2832
f 359/2833 109/2834 94/2835
f 519/2836 531/2837 524/2838
f 533/2839 97/2840 102/2841
f 97/2842 534/2843 103/2844
f 97/2845 96/2846 534/2847
f 537/2848 526/2849 536/2850
f 529/2851 528/2852 538/2853
f 539/2854 540/2855 542/2856
f 91/2857 527/2858 543/2859
f 98/2860 97/2861 544/2862
f 546/2863 96/2864 545/2865
f 537/2866 547/2867 526/2868
f 56/2869 543/2870 474/2871
f 58/2872 548/2873 56/2874
f 549/2875 550/2876 547/2877
f 529/2878 110/2879 362/2880
f 549/2881 552/2882 550/2883
f 546/2884 545/2885 101/2886
f 554/2887 106/2888 546/2889
f 555/2890 516/2891 552/2892
f 557/2893 537/2894 556/2895
f 533/2896 521/2897 95/2898
f 547/2899 537/2900 549/2901
f 562/2902 560/2903 561/2904
f 561/2905 539/2906 562/2907
f 99/2908 564/2909 100/2910
f 565/2911 566/2912 556/2913
f 565/2914 558/2915 567/2916
f 554/2917 546/2918 568/2919
f 557/2920 566/2921 552/2922
f 110/2923 109/2924 364/2925
f 538/2926 90/2927 569/2928
f 538/2929 111/2930 529/2931
f 571/2932 570/2933 567/2934
f 572/2935 566/2936 570/2937
f 572/2938 91/2939 548/2940
f 569/2941 92/2942 571/2943
f 566/2944 572/2945 555/2946
f 112/2947 95/2948 108/2949
f 560/2950 562/2951 567/2952
f 61/2953 60/2954 554/2955
f 575/2956 576/2957 59/2958
f 577/2959 575/2960 574/2961
f 567/2962 573/2963 571/2964
f 111/2965 538/2966 581/2967
f 571/2968 576/2969 569/2970
f 576/2971 575/2972 581/2973
f 112/2974 111/2975 578/2976
f 574/2977 61/2978 568/2979
f 568/2980 582/2981 574/2982
f 515/2983 505/2984 551/2985
f 166/2986 163/2987 193/2988
f 306/2989 305/2990 584/2991
f 327/2992 444/2993 584/2994
f 297/2995 584/2996 424/2997
f 297/2998 263/2999 584/3000
f 263/3001 236/3002 306/3003
f 307/3004 293/3005 585/3006
f 326/3007 307/3008 451/3009
f 322/3010 342/3011 585/3012
f 451/3013 342/3014 452/3015
f 485/3016 475/3017 452/3018
f 475/3019 485/3020 502/3021
f 514/3022 517/3023 516/3024
f 516/3025 555/3026 58/3027
f 517/3028 515/3029 553/3030
f 496/3031 583/3032 492/3033
f 428/3034 456/3035 421/3036
f 502/3037 513/3038 519/3039
f 586/3040 531/3041 512/3042
f 531/3043 586/3044 532/3045
f 539/3046 561/3047 540/3048
f 314/3049 313/3050 336/3051
f 351/3052 316/3053 335/3054
f 583/3055 530/3056 551/3057
f 517/3058 511/3059 515/3060
f 427/3061 426/3062 449/3063
f 476/3064 479/3065 449/3066
f 587/3067 170/3068 242/3069
f 170/3070 167/3071 239/3072
f 299/3073 286/3074 308/3075
f 292/3076 300/3077 303/3078
f 300/3079 324/3080 588/3081
f 589/3082 349/3083 41/3084
f 349/3085 589/3086 340/3087
f 164/3088 170/3089 179/3090
f 187/3091 191/3092 210/3093
f 257/3094 226/3095 208/3096
f 251/3097 225/3098 271/3099
f 132/3100 144/3101 133/3102
f 150/3103 158/3104 189/3105
f 151/3106 150/3107 168/3108
f 136/3109 130/3110 134/3111
f 157/3112 143/3113 151/3114
f 220/3115 202/3116 10/3117
f 10/3118 9/3119 220/3120
f 287/3121 294/3122 276/3123
f 283/3124 47/3125 309/3126
f 267/3127 308/3128 249/3129
f 265/3130 276/3131 264/3132
f 308/3133 267/3134 309/3135
f 91/3136 572/3137 92/3138
f 131/3139 16/3140 132/3141
f 130/3142 138/3143 17/3144
f 426/3145 442/3146 476/3147
f 478/3148 482/3149 479/3150
f 462/3151 450/3152 480/3153
f 442/3154 446/3155 477/3156
f 72/3157 459/3158 73/3159
f 383/3160 412/3161 413/3162
f 413/3163 427/3164 431/3165
f 455/3166 496/3167 456/3168
f 273/3169 415/3170 272/3171
f 415/3172 428/3173 403/3174
f 291/3175 304/3176 301/3177
f 343/3178 321/3179 311/3180
f 512/3181 484/3182 590/3183
f 590/3184 487/3185 591/3186
f 591/3187 541/3188 590/3189
f 540/3190 586/3191 590/3192
f 542/3193 592/3194 539/3195
f 500/3196 472/3197 441/3198
f 256/3199 258/3200 233/3201
f 256/3202 425/3203 258/3204
f 88/3205 87/3206 448/3207
f 223/3208 252/3209 224/3210
f 49/3211 353/3212 356/3213
f 579/3214 578/3215 577/3216
f 368/3217 367/3218 401/3219
f 80/3220 79/3221 399/3222
f 473/3223 501/3224 463/3225
f 390/3226 392/3227 395/3228
f 238/3229 237/3230 285/3231
f 33/3232 211/3233 220/3234
f 354/3235 346/3236 350/3237
f 100/3238 582/3239 101/3240
f 295/3241 322/3242 296/3243
f 524/3244 532/3245 559/3246
f 525/3247 524/3248 536/3249
f 536/3250 559/3251 556/3252
f 289/3253 296/3254 275/3255
f 506/3256 504/3257 507/3258
f 544/3259 533/3260 564/3261
f 31/3262 197/3263 32/3264
f 180/3265 179/3266 199/3267
f 241/3268 260/3269 242/3270
f 530/3271 583/3272 495/3273
f 228/3274 216/3275 587/3276
f 228/3277 587/3278 235/3279
f 363/3280 337/3281 352/3282
f 579/3283 577/3284 580/3285
f 592/3286 106/3287 563/3288
f 563/3289 60/3290 562/3291
f 181/3292 11/3293 184/3294
f 181/3295 162/3296 11/3297
f 521/3298 533/3299 522/3300
f 356/3301 361/3302 49/3303
f 528/3304 527/3305 90/3306
f 448/3307 430/3308 447/3309
f 595/3310 596/3311 598/3312
f 600/3313 596/3314 599/3315
f 602/3316 598/3317 601/3318
f 140/3319 139/3320 604/3321
f 152/3322 183/3323 606/3324
f 183/3325 224/3326 605/3327
f 609/3328 374/3329 608/3330
f 608/3331 372/3332 610/3333
f 139/3334 152/3335 603/3336
f 366/3337 369/3338 371/3339
f 374/3340 609/3341 382/3342
f 607/3343 384/3344 611/3345
f 369/3346 604/3347 610/3348
f 603/3349 606/3350 610/3351
f 606/3352 605/3353 608/3354
f 605/3355 607/3356 609/3357
