mtllib RFinger12.mtl
o RFinger12
usemtl nao_texture
v 0.01097214 0.0001644897 0.00854398
v -0.009027863 0.0001644897 0.00854398
v -0.009027863 0.00363739 0.02824013
v 0.01097214 0.00363739 0.02824014
v 0.01988419 0.0709227 0.001859941
v 0.02036957 0.06977478 0.00921195
v 0.0239061 0.07149124 0.009690859
v 0.02326874 0.07240036 0.001089377
v 0.02308395 0.06959045 0.01606284
v 0.0264151 0.0692514 0.01569546
v 0.0283046 0.07106064 0.00888346
v -0.00870224 0.05913513 -0.00968133
v -0.008904266 0.03425049 -0.005514603
v -0.004167328 0.05892624 -0.01126634
v 0.0166304 0.07185486 -0.00478004
v 0.01316986 0.07051788 -0.008976479
v 0.01114151 0.06790894 -0.0105809
v 0.006319733 0.0343219 -0.006271863
v 0.006470337 0.05914047 -0.01077966
v 0.001188964 0.05891724 -0.01172565
v -0.005414581 0.0138765 0.01170533
v -0.005678558 0.0345842 0.008213639
v -0.007197113 0.03531891 0.01268991
v -0.007001038 0.01168213 0.01086555
v -0.01781525 0.01128876 0.009322031
v -0.007997894 0.009644775 -0.00117516
v -0.007093964 0.01359711 0.02217187
v -0.007666931 0.01566605 0.03450141
v -0.01780594 0.01375153 0.02390944
v 0.008369293 0.03845718 0.01810875
v 0.009723053 0.04042206 0.0296833
v 0.01936676 0.03864197 0.01837732
v 0.02180984 0.03724152 0.03810344
v 0.01293549 0.04878784 0.03436766
v 0.01398437 0.04182953 0.037689
v 0.06629669 0.05788574 0.02299552
v 0.08057816 0.05817108 0.02310818
v 0.07279907 0.06904449 0.01317108
v 0.1526135 0.06221985 0.0246193
v 0.1527713 0.05784485 0.02655218
v 0.1554108 0.06014496 0.02449005
v 0.1395386 0.07014221 -0.0007279586
v 0.155993 0.0705127 0.001316289
v 0.1457465 0.06993866 -0.005749531
v 0.1179803 0.07529327 0.01819349
v 0.1202731 0.0688562 0.0196852
v 0.1193829 0.07057373 0.0162193
v 0.1266705 0.0397522 0.01054892
v 0.1300635 0.04207672 0.02373176
v 0.1272137 0.05171234 0.01736267
v 0.1558194 0.04401093 0.03470371
v 0.1560983 0.04920776 0.03438468
v 0.1585141 0.03824921 0.04083777
v 0.1561441 0.04029724 0.04393384
v 0.1498712 0.06537445 0.02772192
v 0.08189576 -0.04775696 0.04097231
v 0.0676268 -0.04787476 0.04083148
v 0.07444 -0.06147156 0.03517829
v 0.1412393 -0.06545471 0.02214758
v 0.1394406 -0.06649597 0.01882906
v 0.1474564 -0.06674194 0.01730686
v 0.009257202 -0.03253296 0.03007648
v 0.02025986 -0.03235046 0.03035788
v 0.01061081 -0.03056793 0.04165103
v 0.007199555 -0.03667358 0.005698137
v -0.001513519 -0.03517578 0.01522378
v -0.00801651 -0.0367395 0.006453109
v -0.00833374 -0.03372498 0.02432277
v -0.01763077 -0.03257233 0.03188045
v -0.0176355 -0.03508026 0.01697912
v 0.01495087 -0.07157959 0.01499674
v 0.01250702 -0.06129517 0.01126762
v 0.01298187 -0.07095581 0.01385157
v -0.007192383 -0.06159668 0.01067848
v -0.002562409 -0.0618045 0.00907722
v 0.002762604 -0.06181427 0.008638549
v 0.008021546 -0.06159058 0.0095941
v -0.01120316 -0.03779999 0.000381751
v -0.01087555 -0.05421997 0.002764979
v -0.0092482 -0.06244781 0.006795349
v -0.006730957 -0.01000214 0.01452831
v -0.007735291 -0.01204956 0.002481007
v -0.01754456 -0.01039978 0.01297592
v -0.006831207 -0.008097229 0.02582805
v -0.01753525 -0.007937317 0.02756332
v -0.007390289 -0.006029663 0.03815926
v 0.02255722 -0.02450592 0.04859772
v 0.02414902 -0.03975464 0.04647262
v 0.0236824 -0.02590118 0.05393978
v 0.1233105 -0.04792358 0.04547253
v 0.1207611 -0.05577576 0.04735241
v 0.1225711 -0.05399536 0.04343865
v 0.153624 -0.02894562 0.0460257
v 0.1567337 -0.02875214 0.04697939
v 0.15375 -0.02975433 0.04109092
v 0.1351019 -0.0350882 0.01084124
v 0.1275851 -0.03297607 0.02281848
v 0.1377551 -0.0335022 0.01983501
v 0.1548965 -0.03250916 0.02546673
v 0.1627353 -0.03168396 0.03014635
v 0.1607773 -0.03414459 0.01619219
v 0.1283932 -0.04240967 0.0332478
v 0.1273196 -0.05229492 0.0277563
v 0.12784 -0.04597229 0.03205274
v 0.1274536 -0.04888672 0.03052893
v 0.1371436 -0.06101044 0.01362805
v 0.1351654 -0.06083923 0.01480617
v 0.1582989 -0.02758057 0.04984428
v 0.1592578 -0.02122894 0.05087462
v 0.1569278 -0.02219849 0.0544741
v 0.1515402 -0.05148071 0.0475715
v 0.1540152 -0.04932983 0.04342639
v -0.00635437 -0.03172577 0.02399682
v -0.00484375 -0.03246613 0.01952285
v -0.00509964 -0.01175293 0.01602896
v -0.02493591 0.04064529 -0.03815202
v -0.01855621 0.05301056 -0.02789197
v -0.008620453 0.05293854 -0.03078305
v -0.01161926 0.04001892 -0.04294997
v -0.0290741 0.0223822 -0.0433201
v -0.01347733 0.02167236 -0.04929691
v -0.01018509 0.05876801 -0.01252243
v -0.004860535 0.05872086 -0.01441478
v 0.002223052 0.05292419 -0.03171683
v 0.003054504 0.03998932 -0.04421195
v 0.00371933 0.0216423 -0.05077343
v 0.001341552 0.05870972 -0.01494805
v 0.01292709 0.05337433 -0.02980534
v 0.01753555 0.04060577 -0.04162309
v 0.01261185 0.07020905 -0.01374899
v 0.01390366 0.07209198 -0.01237815
v 0.01602814 0.07318573 -0.01095173
v 0.02345566 0.06963913 -0.01894171
v 0.01765793 0.06944794 -0.02021046
v 0.007467041 0.05897186 -0.0138497
v 0.01622559 0.06819046 -0.0201444
v 0.01754059 0.05710266 -0.0208868
v 0.01236465 0.05915009 -0.01159263
v -0.01393188 0.0003198242 -0.04897933
v -0.03017075 0.00109375 -0.0432043
v 0.0233429 0.06445221 -0.03017233
v 0.02191055 0.06319611 -0.02992706
v 0.02067932 0.05371124 -0.02616786
v 0.01818634 0.07334625 -0.009194369
v 0.01553452 0.07216629 -0.00701694
v 0.01118881 0.06038467 -0.008729029
v 0.01990219 0.07309998 -0.006822991
v 0.02069733 0.02236832 -0.04773754
v 0.02944458 0.06543762 -0.03001669
v 0.02875702 0.05685516 -0.03921238
v 0.02723022 0.05557037 -0.03862196
v 0.004147186 0.0002859497 -0.05053764
v 0.03632065 0.06848526 -0.01779262
v 0.04040482 0.0628067 -0.03046578
v 0.03315948 0.07035202 -0.006796751
v 0.01808578 0.03609589 0.003348889
v 0.02448532 0.04853867 -0.03242939
v 0.03406769 0.05735077 -0.03811056
v 0.04142517 0.05995941 -0.03623648
v 0.04287659 0.07553299 -0.02228468
v 0.03840454 0.07561249 -0.02031468
v 0.03402451 0.07766693 -0.005673089
v 0.0381134 0.07739166 -0.006041732
v 0.04734146 0.06899658 -0.03709134
v 0.04281006 0.0700914 -0.03446165
v 0.07304733 0.0717627 -0.01040707
v 0.07312851 0.07020325 -0.02171534
v 0.03086792 0.04858978 -0.04429056
v 0.02757111 0.04130829 -0.03704309
v 0.07329132 0.06479889 -0.03541252
v 0.04417892 0.05323364 -0.04126997
v 0.03767609 0.0510202 -0.04443777
v 0.02944595 0.03602631 -0.03970973
v 0.03212341 0.02371109 -0.04277782
v -0.002406616 0.03581634 0.003243227
v -0.01852859 0.03591217 0.00499856
v -0.01852447 0.03842468 0.01990871
v -0.009221497 0.03726486 0.01235506
v 0.04997314 0.05806763 -0.04861473
v 0.04702866 0.06036865 -0.0472379
v 0.0302359 0.07730774 0.009417501
v 0.03326904 0.07794495 0.01053349
v 0.02198334 0.001049499 -0.04734764
v 0.02767456 0.0740596 0.0176782
v 0.03237534 0.07615051 0.01520505
v 0.01921799 0.06771637 0.01408933
v 0.03682358 0.03768784 -0.04963618
v 0.03447891 0.03724182 -0.04922348
v 0.03235992 0.04973206 -0.0448172
v 0.03150635 0.07413635 0.0197315
v 0.04136246 0.03787689 -0.0501103
v 0.07279327 0.07215408 0.0068676
v 0.072966 0.07332184 0.0009011983
v -0.00815918 0.04037903 0.03073252
v -0.00256073 0.03889374 0.02153097
v 0.02100708 0.06492508 0.02271796
v 0.0170694 0.06331238 0.01929123
v 0.04733978 0.03925781 -0.04904621
v 0.05064499 0.04563461 -0.05703569
v 0.008455658 0.0365535 0.006807361
v 0.03026749 0.06740265 0.0267898
v 0.02609039 0.0672229 0.02538264
v 0.003007965 0.03423279 0.005488658
v 0.00327179 0.01352509 0.008980339
v -0.005752869 0.03609787 0.01719612
v -0.005488892 0.01539032 0.02068779
v 0.0531723 0.02728607 -0.06230673
v 0.04938889 0.02375488 -0.05274069
v 0.03680984 0.02561645 -0.05176773
v 0.03828842 0.02483124 -0.05412639
v 0.02285614 0.04036652 0.04275949
v 0.02746521 0.0414389 0.04325985
v 0.01213867 0.04122467 0.03422362
v 0.01241043 0.02877472 0.03605632
v 0.05643219 0.02570496 -0.06320524
v 0.05413391 0.04329163 -0.05759788
v 0.008301544 0.03552795 0.01279275
v 0.00855957 0.01482712 0.01628038
v 0.04352249 0.02395813 -0.05240499
v 0.02481583 0.06434799 0.0224717
v 0.002886047 0.03668396 0.02002762
v 0.003150025 0.01597626 0.02351924
v 0.03898514 0.0043219 -0.05250747
v 0.03371597 0.002032165 -0.04237407
v 0.04128647 0.004571838 -0.05406799
v 0.045746 0.006856995 -0.05431879
v 0.07398514 0.02479706 -0.06133227
v 0.07372879 0.04154846 -0.05624596
v 0.0575322 0.006885681 -0.06382995
v 0.05478989 0.007959595 -0.06407581
v 0.003928986 0.01124557 0.007443338
v 0.01235764 0.009673462 -0.002514229
v 0.01490067 0.03576187 0.04009803
v 0.0628923 0.03655945 0.03328702
v 0.09314286 0.04400452 -0.05790838
v 0.0918512 0.02828522 -0.06184179
v 0.003769074 0.01432968 0.02572715
v 0.01006683 0.01606995 0.03557375
v 0.1001582 0.07132812 -0.03304334
v 0.1035484 0.07082031 -0.03427622
v 0.09892731 0.05864975 -0.04770178
v 0.0965268 0.05860352 -0.04849969
v 0.01058929 0.01287888 0.01662815
v 0.01908478 0.01149048 0.007750869
v 0.02036957 0.01112762 0.00551949
v 0.1054649 0.06549088 -0.0327451
v 0.1019008 0.05641754 -0.04430042
v 0.1076106 0.07648956 -0.02015608
v 0.1093863 0.07171051 -0.01956685
v 0.1040553 0.07675751 -0.0189927
v 0.04235138 -0.009484863 -0.05221634
v 0.03914703 -0.009057312 -0.05074955
v 0.1077686 0.07865692 -0.005554152
v 0.1099738 0.07978439 0.002425937
v 0.01272018 0.005551758 0.03915555
v 0.01755341 0.007143555 0.04820956
v 0.0508754 0.007242432 -0.05429777
v 0.02089874 0.007072144 0.04758332
v 0.02184647 0.008051758 0.05334622
v 0.09667328 0.04609772 -0.05683455
v 0.09471665 0.02773376 -0.06207786
v 0.07424698 0.006765747 -0.0633951
v 0.09094712 0.007386475 -0.06360789
v 0.1028191 0.05460846 -0.04078581
v 0.1056331 0.06292969 -0.0318126
v 0.1118115 0.07871185 -0.00527339
v 0.1133658 0.07229767 -0.005475693
v 0.09878983 0.04463135 -0.0539041
v 0.02073242 0.01365494 0.02049256
v 0.05158325 -0.009529419 -0.05315886
v 0.04673065 -0.00964386 -0.05347795
v 0.05597397 -0.01105103 -0.06246141
v 0.05839203 -0.01120483 -0.06359456
v 0.1128955 0.07917114 0.01083627
v 0.1002968 0.04143433 -0.04813565
v 0.1110138 0.05859985 -0.03769435
v 0.1171497 0.06733246 -0.02596357
v 0.09678223 0.02623291 -0.05875135
v 0.1140332 0.07572968 0.01971567
v 0.01176727 0.005352783 0.03805391
v 0.08449402 0.03691498 0.0335113
v 0.1160049 0.0779158 0.009727609
v 0.1176538 0.07246094 0.0097522
v 0.02339401 0.0149234 0.02782614
v 0.01764862 0.01543533 0.0312734
v 0.1227978 0.06729065 -0.02715002
v 0.1163452 0.0580014 -0.03872119
v 0.02647675 0.008273621 0.05429196
v 0.105686 0.045271 -0.04760347
v 0.07449234 -0.01087524 -0.06280245
v 0.119444 0.05489105 -0.03713344
v 0.1258902 0.06290466 -0.02594813
v 0.09855439 0.02510986 -0.0523215
v 0.1110541 0.04417053 -0.04749558
v 0.1076288 0.02707611 -0.05217335
v 0.1028455 0.02752899 -0.05195545
v 0.09057435 -0.0107663 -0.0634056
v 0.06233292 0.006808167 0.04291658
v 0.1297336 0.07270355 -0.0142249
v 0.1336148 0.0681723 -0.01184774
v 0.1139914 0.04234009 -0.04561469
v 0.1100702 0.02629272 -0.05055664
v 0.1269534 0.05897064 -0.02327605
v 0.1202597 0.04960999 -0.03468192
v 0.0957222 0.007883606 -0.06025148
v 0.09365738 0.008395386 -0.06385048
v 0.09746323 0.007832642 -0.05406551
v 0.1233285 0.0735321 -0.01402057
v 0.1307751 0.07453217 0.0004881715
v 0.1368356 0.07488525 -0.0006562709
v 0.112836 0.02300903 -0.04467745
v 0.1157938 0.0375412 -0.04133755
v 0.1154712 0.06856171 0.0273079
v 0.1194556 0.06837738 0.02591882
v 0.1210654 0.06586243 0.02323135
v 0.1188132 0.04135132 0.04409377
v 0.1378201 0.0751857 0.01418932
v 0.1405951 0.07216858 0.02211437
v 0.1377246 0.07001007 -0.004195333
v 0.1437341 0.07391663 0.01307262
v 0.1075919 0.0087854 -0.05249542
v 0.1056692 0.009017334 -0.05369387
v 0.1429883 0.06552887 0.02903351
v 0.1355499 0.06475861 -0.007613821
v 0.1463406 0.06465576 -0.009607949
v 0.09718369 -0.008929749 -0.05297879
v 0.09491135 -0.01027161 -0.06075345
v 0.1271454 0.06449829 0.001793737
v 0.1305591 0.06365112 -0.003480482
v 0.1341949 0.0376416 -0.001420202
v 0.1259228 0.05923065 0.008950551
v 0.1257358 0.06549423 0.00777493
v 0.1482007 0.03714813 -0.004219251
v 0.1355786 0.06306885 -0.007314301
v 0.0857309 0.007139893 0.04317891
v 0.1234174 0.04173126 0.04336099
v 0.1247156 0.03881042 0.03907036
v 0.1472241 0.07185883 0.02076284
v 0.1463785 0.06966919 0.01251989
v 0.1575513 0.06969208 0.01340027
v 0.1065221 -0.008600769 -0.05170948
v 0.1050055 -0.00869751 -0.05220615
v 0.1116351 0.009855957 -0.04485098
v 0.111442 -0.006981201 -0.04246097
v 0.1598889 0.06560303 -0.0009580898
v 0.1598703 0.0385852 0.003930822
v 0.149567 0.0674202 0.01899319
v 0.1482919 0.0409668 0.04408293
v 0.1549545 0.06615601 0.02100679
v 0.161958 0.06543762 0.01377411
v 0.1205298 0.009550781 0.05485928
v 0.1244174 0.009414368 0.05377631
v 0.1528357 0.04297409 0.02882134
v 0.1618207 0.04104431 0.01787678
v 0.1362228 0.00730957 0.04041646
v 0.1360162 0.04359573 0.03369289
v 0.1527097 0.0438176 0.03375008
v 0.1531931 0.007548523 0.04056325
v 0.1562616 0.007741394 0.04150296
v 0.1286984 0.006396484 0.03554817
v 0.125036 0.0357637 0.02543291
v 0.1510294 0.009869385 0.05448427
v 0.1263214 0.008559876 0.04855624
v 0.1569711 0.009968872 0.05453967
v 0.161261 0.00939209 0.0508874
v -0.02993103 -0.01828918 -0.03992728
v -0.02836365 -0.03809448 -0.03321633
v -0.02480118 -0.03268402 -0.02722866
v -0.02578506 -0.01691559 -0.03205856
v -0.01243973 -0.03901733 -0.03923008
v -0.01336853 -0.01907562 -0.04578547
v 0.004601135 -0.01909668 -0.04725676
v 0.004692688 -0.03903534 -0.04063862
v 0.02232803 -0.01833282 -0.04405223
v 0.02158951 -0.03831177 -0.03758477
v -0.01027664 -0.05411835 -0.02754034
v -0.0243158 -0.052724 -0.02343137
v 0.004427948 -0.05413483 -0.02875048
v -0.00517395 -0.01023926 0.02501136
v 0.004199677 -0.01044312 0.01109722
v 0.01272903 -0.01200928 0.00119986
v 0.0339563 -0.01735535 -0.03910592
v 0.03364151 -0.03128357 -0.0353152
v 0.03374863 -0.007695313 -0.04093145
v 0.03932785 -0.0227179 -0.04794796
v 0.04164047 -0.0234024 -0.04934716
v 0.04622757 -0.02560852 -0.0489346
v 0.003586731 -0.01210419 0.01330391
v 0.003850861 -0.03281189 0.01679558
v 0.004045715 -0.007366028 0.02938498
v 0.003465576 -0.009657593 0.02783399
v 0.01034348 -0.00562561 0.03923159
v 0.01892639 -0.0535083 -0.02612044
v -0.004909973 -0.03094696 0.02850305
v 0.01085999 -0.008809815 0.02028205
v 0.02083572 -0.007774658 0.02568887
v 0.01957504 -0.0102005 0.01142145
v -0.007266083 -0.0306134 0.04271308
v -0.01711395 -0.0620224 -0.008490729
v -0.01469391 -0.05382812 -0.004674358
v -0.0211644 -0.04558929 -0.01807458
v -0.00715683 -0.06243835 -0.01219466
v 0.05525421 -0.02955566 -0.05775418
v 0.05130447 -0.02539246 -0.04885359
v 0.008881226 -0.0108136 0.0205991
v 0.00914444 -0.03151672 0.02409967
v 0.02075424 -0.01053192 0.009380179
v 0.0129866 -0.01741058 0.04383916
v 0.003728943 -0.03036072 0.03133456
v 0.00383316 -0.06245148 -0.01309609
v 0.04032532 -0.03698425 -0.04403839
v 0.03834244 -0.03617279 -0.04301759
v 0.03297028 -0.03732941 -0.03265856
v 0.07467987 -0.02772644 -0.05757924
v 0.05816711 -0.02863831 -0.05856541
v -0.001673583 -0.03209167 0.03350758
v 0.02324432 -0.006571961 0.03263344
v 0.0146904 -0.06198578 -0.01113681
v 0.009349365 -0.03444336 0.01877904
v 0.01897156 -0.03490662 0.01532291
v 0.0541066 -0.04726471 -0.04973861
v 0.05020798 -0.04088501 -0.04184938
v 0.04494797 -0.03948059 -0.04311594
v 0.09112671 -0.02774902 -0.05876427
v 0.01563843 -0.02262451 0.04993884
v 0.03815338 -0.04957245 -0.03722726
v 0.0364418 -0.04868164 -0.03655383
v 0.05708725 -0.04798828 -0.049643
v 0.07484863 -0.04408447 -0.04971921
v 0.01303238 -0.02977234 0.0461953
v 0.02895691 -0.05246246 -0.02163694
v -0.003500061 -0.06292847 0.004838648
v 0.003002014 -0.06293518 0.004313068
v 0.02502762 -0.05918091 -0.01271977
v 0.02827042 -0.02530487 0.054647
v 0.06365875 -0.02444183 0.04357183
v 0.009408569 -0.06265686 0.00546823
v 0.0216243 -0.06824493 0.02532923
v 0.01735062 -0.07244263 0.0173704
v 0.02205627 -0.06473572 0.03189373
v 0.02083588 -0.06122742 0.03583475
v 0.04321518 -0.05024506 -0.03696517
v 0.0978769 -0.02510681 -0.04850113
v 0.09599076 -0.02743347 -0.05492699
v 0.05200378 -0.06292694 -0.03872852
v 0.04851562 -0.05436218 -0.03325933
v 0.01238525 -0.03974152 0.04238437
v 0.01571884 -0.03923401 0.04809549
v 0.03323273 -0.05936584 -0.02808661
v 0.02877197 -0.06684784 -0.01798673
v 0.100376 -0.008923645 -0.05316071
v 0.1011385 -0.02507812 -0.04882452
v 0.01855713 -0.05541351 0.03931505
v 0.02032883 -0.06240662 -0.003149133
v 0.07497986 -0.05824738 -0.03941473
v 0.05560547 -0.06117126 -0.04060314
v 0.1080203 -0.02524475 -0.04674619
v 0.106115 -0.02590942 -0.04780207
v 0.01447983 -0.06200745 0.007733808
v 0.09266449 -0.04746307 -0.04965111
v 0.1118311 -0.01991699 -0.04009204
v 0.02359528 -0.0713269 -0.007239032
v 0.02764679 -0.05688354 0.04631572
v 0.03182709 -0.05648834 0.04769215
v 0.09565415 -0.04660156 -0.04954046
v 0.09413376 -0.02894836 -0.05754802
v 0.04870041 -0.07371948 -0.02462582
v 0.04566437 -0.0650885 -0.02131682
v 0.01799454 -0.07299438 0.003655977
v 0.01436295 -0.07313293 0.01119224
v 0.09757309 -0.04429077 -0.04720755
v 0.0225209 -0.05571075 0.04306302
v 0.026306 -0.05515381 0.04262046
v 0.08524994 -0.02417053 0.04381563
v 0.09937119 -0.04083466 -0.04121633
v 0.03485687 -0.06047668 -0.02850825
v 0.03903259 -0.06380035 -0.02492569
v 0.03585449 -0.06887207 -0.01717502
v 0.03032944 -0.06820984 -0.01811673
v 0.02505753 -0.07255341 -0.007062521
v 0.01945084 -0.07414185 0.004005442
v 0.03332214 -0.07187195 -0.01127565
v 0.02536606 -0.07447082 0.005243588
v 0.1084988 -0.04241455 -0.04045228
v 0.1032706 -0.042323 -0.04122884
v 0.0153067 -0.07383362 0.01194149
v 0.1109158 -0.04108978 -0.03919022
v 0.1136133 -0.03619171 -0.03463326
v 0.02003006 -0.07419556 0.01568635
v 0.04208206 -0.07068603 -0.007953773
v 0.03808502 -0.07200714 0.005891261
v 0.05205795 -0.07470032 -0.02370945
v 0.09434937 -0.06077667 -0.04069168
v 0.02505844 -0.0698114 0.02507631
v 0.0973201 -0.07180542 -0.02707023
v 0.07503662 -0.06837463 -0.02653674
v 0.09803589 -0.06218201 -0.03856929
v 0.04467209 -0.07881287 -0.00934762
v 0.09997895 -0.05875854 -0.03684562
v 0.0247406 -0.06225159 0.03829571
v 0.02806076 -0.0619574 0.03781903
v 0.1010791 -0.05315948 -0.03361253
v 0.02563721 -0.06610565 0.03290012
v 0.03435287 -0.07175659 0.01850608
v 0.04813889 -0.07957916 -0.008094149
v 0.03002167 -0.06586639 0.03197586
v 0.0317865 -0.07090607 0.03416963
v 0.02942993 -0.0658313 0.04126918
v 0.04034637 -0.07949158 0.005845008
v 0.03338242 -0.06570892 0.04289177
v 0.03595535 -0.07673309 0.02037507
v 0.1123288 -0.0569455 -0.03044088
v 0.1062213 -0.0556131 -0.03230404
v 0.03515015 -0.07170227 0.03577942
v 0.04391907 -0.08018982 0.007284889
v 0.07453232 -0.06647736 0.03024398
v 0.0395787 -0.07721466 0.02186574
v 0.1014334 -0.07290344 -0.0245005
v 0.1043672 -0.06491089 -0.02047788
v 0.1032959 -0.06885132 -0.02379921
v 0.1369229 -0.02917297 0.04597087
v 0.1257953 -0.02473907 0.03564349
v 0.1196277 -0.02404785 0.05512388
v 0.1072951 -0.06965393 -0.009449411
v 0.1071478 -0.0730658 -0.009556809
v 0.1054176 -0.07795837 -0.009180451
v 0.1242499 -0.02454346 0.05454518
v 0.1254156 -0.0244162 0.04941428
v 0.1492334 -0.02177277 0.05501688
v 0.1009868 -0.0778717 -0.01183158
v 0.1109677 -0.06610291 -0.02010121
v 0.1171384 -0.07169525 -0.00608438
v 0.1309702 -0.03065155 0.03600258
v 0.12746 -0.05885773 0.0271135
v 0.127294 -0.05859985 0.02870178
v 0.1111798 -0.07356018 0.004829588
v 0.1095499 -0.07857788 0.005996118
v 0.1444492 -0.0512381 0.04872229
v 0.1275061 -0.06737488 -0.004018192
v 0.1218243 -0.06457184 -0.01531136
v 0.121684 -0.05776337 -0.01643483
v 0.1274979 -0.06253082 -0.00467258
v 0.1170233 -0.05533936 0.04820365
v 0.1376642 -0.03156372 0.03082902
v 0.1483981 -0.03408752 0.01651629
v 0.149115 -0.03558014 0.008050342
v 0.1057762 -0.0795224 0.006625347
v 0.1157474 -0.06450897 0.04318831
v 0.1096649 -0.0769104 0.02066946
v 0.07762405 -0.07411011 0.01430712
v 0.07733322 -0.07396942 0.0026193
v 0.1101154 -0.07630951 0.02222807
v 0.07475006 -0.06951141 0.02496773
v 0.1479376 -0.06300476 0.01192152
v 0.1147723 -0.07082397 0.03613519
v 0.1152243 -0.07071259 0.01889974
v 0.1137488 -0.07569946 0.02076978
v 0.1152167 -0.06961182 0.01872153
v 0.1118838 -0.07134003 0.007077699
v 0.1255783 -0.07295563 0.0114881
v 0.1245386 -0.07181091 -0.003691902
v 0.1315488 -0.07252472 0.01026385
v 0.13436 -0.06763702 0.00922468
v 0.1482501 -0.0309494 0.03431252
v 0.1192224 -0.06542725 0.03246872
v 0.1178488 -0.06992737 0.03466037
v 0.1325613 -0.07032318 0.0250438
v 0.1614697 -0.06072723 0.02035451
v 0.1422147 -0.05980835 0.04436847
v 0.120509 -0.06249969 0.03669148
v 0.1395789 -0.06534424 0.03789196
v 0.1197397 -0.06461731 0.04179473
v 0.1386526 -0.0699585 0.02377202
v 0.1576871 -0.06472687 0.02412208
v 0.1480112 -0.06048065 0.03447507
v 0.1456357 -0.06470276 0.03647674
v 0.1593311 -0.06031921 0.03454218
v 0.1511142 -0.05615601 0.03983563
v 0.1564621 -0.05417175 0.04129591
v 0.1599606 -0.05122162 0.04023421
v 0.1488776 -0.05982697 0.04297222
v 0.163678 -0.05600525 0.03347631
v 0.07493103 -0.07392334 -0.008129983
v 0.09294434 -0.01049347 -0.06194894
v 0.1012146 0.009326172 -0.05346938
v 0.1179184 -0.06699768 -0.0176366
v 0.0734845 0.05534042 -0.04740536
v 0.1336154 0.06349335 -0.01170659
v 0.1585294 0.06310715 0.02094456
v 0.1150201 -0.05382324 -0.02984057
v 0.116929 -0.04870178 -0.02668641
v 0.1328311 -0.06295746 0.00561203
v 0.1248917 -0.03124084 0.03456965
v 0.123977 0.04152237 0.02229402
v 0.1107535 -0.06186157 -0.02105794
v 0.1107535 0.04320099 -0.04720693
v 0.1328006 0.06929245 -0.008651652
v 0.1388007 -0.06716919 0.0204807
v 0.1087537 -0.0284967 -0.04269536
v 0.1087537 0.007807007 -0.04908906
v 0.1388007 0.04316025 0.03733279
v 0.1388007 -0.04005157 0.04763599
v -0.0118512 0.0008801269 -0.04291416
v -0.02695328 0.001599731 -0.03754337
v 0.02154983 0.001558532 -0.04139667
v 0.004962311 0.0008483886 -0.04436337
v 0.03246124 0.002472229 -0.03677125
v 0.005384369 -0.01717773 -0.04131217
v 0.02187057 -0.01646698 -0.03833194
v -0.01132736 -0.0171579 -0.03994386
v 0.0324295 -0.01633301 -0.03330737
vt 0.1856216 0.94633282
vt 0.1856216 0.93836302
vt 0.1776518 0.93836302
vt 0.08117568 0.8790637
vt 0.0821945 0.8783176
vt 0.08205831 0.8777232
vt 0.08289319 0.8768532
vt 0.08175265 0.8771261
vt 0.08205831 0.8777232
vt 0.0807023 0.8838807
vt 0.08344304 0.8829084
vt 0.0806145 0.883567
vt 0.08045506 0.8797644
vt 0.0801261 0.8803776
vt 0.08005309 0.8807471
vt 0.0828436 0.8817744
vt 0.08055192 0.8823419
vt 0.08053082 0.8830523
vt 0.08565694 0.8828697
vt 0.08592861 0.8828015
vt 0.0859608 0.8827995
vt 0.08544695 0.8829237
vt 0.0851491 0.8826581
vt 0.08475351 0.8831902
vt 0.0859819 0.8824568
vt 0.08625167 0.8818439
vt 0.0856198 0.8822219
vt 0.08437138 0.8805128
vt 0.08530038 0.8798066
vt 0.08395922 0.8799859
vt 0.08786958 0.8781116
vt 0.08571922 0.8787185
vt 0.08652085 0.8789657
vt 0.08710139 0.8678712
vt 0.08767956 0.8638384
vt 0.08297127 0.8664238
vt 0.09293544 0.8297729
vt 0.09603333 0.8285825
vt 0.09366434 0.8279222
vt 0.07538962 0.8324793
vt 0.08102762 0.8261016
vt 0.07523715 0.827907
vt 0.08356386 0.8498427
vt 0.08562976 0.847226
vt 0.08340102 0.8475475
vt 0.05636096 0.8069149
vt 0.04697179 0.8058305
vt 0.04963713 0.8135243
vt 0.1090649 0.8263856
vt 0.1049298 0.8287454
vt 0.1130635 0.8316178
vt 0.1114162 0.8337026
vt 0.1130635 0.8316178
vt 0.1049298 0.8287454
vt 0.09299916 0.8324797
vt 0.1049298 0.8287454
vt 0.09603333 0.8285825
vt 0.1123669 0.8823935
vt 0.1077749 0.8835456
vt 0.1102973 0.8874405
vt 0.1529237 0.8830321
vt 0.1547429 0.8854036
vt 0.1567735 0.8807976
vt 0.09232115 0.8859329
vt 0.09311735 0.8862846
vt 0.0931093 0.8849382
vt 0.09107488 0.8875152
vt 0.09069162 0.8866455
vt 0.0894609 0.8870433
vt 0.09077978 0.8859363
vt 0.09056997 0.8853921
vt 0.08997929 0.8859869
vt 0.09447157 0.8899127
vt 0.09282529 0.889378
vt 0.09418797 0.8899248
vt 0.08974343 0.8889869
vt 0.09011822 0.8890836
vt 0.0894609 0.8870433
vt 0.09107488 0.8875152
vt 0.0908454 0.8891743
vt 0.09176504 0.8892698
vt 0.0894609 0.8870433
vt 0.08835011 0.8873991
vt 0.08891963 0.8885682
vt 0.08974343 0.8889869
vt 0.08891963 0.8885682
vt 0.08949351 0.8890593
vt 0.08843076 0.8844551
vt 0.08764696 0.8851643
vt 0.08879023 0.8849249
vt 0.08913904 0.8841176
vt 0.08946132 0.8845346
vt 0.08994203 0.883944
vt 0.0950281 0.8826677
vt 0.09639501 0.8844095
vt 0.09622615 0.8823722
vt 0.1319235 0.8755327
vt 0.130155 0.8785294
vt 0.1326407 0.8780422
vt 0.1507083 0.8599619
vt 0.1484401 0.8600305
vt 0.1531956 0.8627518
vt 0.165303 0.8713985
vt 0.1690633 0.8668912
vt 0.1648187 0.8675471
vt 0.1594968 0.8673607
vt 0.1575155 0.8678254
vt 0.1598202 0.8700613
vt 0.1763845 0.8644283
vt 0.1767622 0.8737993
vt 0.177098 0.8674821
vt 0.177098 0.8674821
vt 0.1767622 0.8737993
vt 0.1772933 0.8702091
vt 0.165303 0.8713985
vt 0.163068 0.8857843
vt 0.1673041 0.8840023
vt 0.1457991 0.859783
vt 0.1424951 0.8561556
vt 0.1404527 0.857453
vt 0.14704 0.8701783
vt 0.1503236 0.8696202
vt 0.1457991 0.859783
vt 0.14704 0.8701783
vt 0.1457991 0.859783
vt 0.1404527 0.857453
vt 0.08862543 0.8839974
vt 0.08860915 0.8840247
vt 0.08851546 0.8842555
vt 0.0790925 0.8855925
vt 0.07878839 0.8852858
vt 0.07780808 0.8865836
vt 0.07798397 0.8867507
vt 0.07780808 0.8865836
vt 0.0770955 0.8877505
vt 0.0802986 0.8841358
vt 0.08022022 0.8838027
vt 0.07878839 0.8852858
vt 0.07878839 0.8852858
vt 0.07847845 0.8848168
vt 0.07753419 0.8863652
vt 0.07780808 0.8865836
vt 0.07753419 0.8863652
vt 0.07729965 0.8879179
vt 0.0807023 0.8838807
vt 0.0806145 0.883567
vt 0.08022022 0.8838027
vt 0.08022022 0.8838027
vt 0.08013719 0.8832624
vt 0.07847845 0.8848168
vt 0.07753419 0.8863652
vt 0.07847845 0.8848168
vt 0.07806497 0.8840725
vt 0.08022022 0.8838027
vt 0.0806145 0.883567
vt 0.08053082 0.8830523
vt 0.0828436 0.8817744
vt 0.08053082 0.8830523
vt 0.0806145 0.883567
vt 0.07966172 0.8806344
vt 0.08005309 0.8807471
vt 0.0801261 0.8803776
vt 0.07983225 0.8801153
vt 0.07852691 0.8802369
vt 0.07882016 0.8808418
vt 0.08055192 0.8823419
vt 0.08006685 0.8825971
vt 0.08013719 0.8832624
vt 0.07847845 0.8848168
vt 0.08013719 0.8832624
vt 0.08006685 0.8825971
vt 0.07879692 0.8810424
vt 0.07862198 0.8825847
vt 0.08005183 0.8818464
vt 0.0770955 0.8877505
vt 0.07702612 0.8884699
vt 0.07331746 0.889086
vt 0.07882016 0.8808418
vt 0.07737028 0.8816191
vt 0.07733893 0.8818603
vt 0.07862198 0.8825847
vt 0.07879692 0.8810424
vt 0.07733893 0.8818603
vt 0.0799514 0.8798387
vt 0.07983225 0.8801153
vt 0.08024471 0.8800042
vt 0.08045506 0.8797644
vt 0.08024471 0.8800042
vt 0.0801261 0.8803776
vt 0.08045506 0.8797644
vt 0.08005309 0.8807471
vt 0.08066171 0.8813507
vt 0.08008378 0.8795001
vt 0.0799514 0.8798387
vt 0.08024471 0.8800042
vt 0.07753419 0.8863652
vt 0.07688462 0.8859372
vt 0.07675957 0.888222
vt 0.07852691 0.8802369
vt 0.07686316 0.881035
vt 0.07737028 0.8816191
vt 0.07737028 0.8816191
vt 0.07588088 0.88284
vt 0.07594555 0.8831133
vt 0.07702612 0.8884699
vt 0.0770955 0.8877505
vt 0.07729965 0.8879179
vt 0.08005183 0.8818464
vt 0.07862198 0.8825847
vt 0.08006685 0.8825971
vt 0.07806497 0.8840725
vt 0.08006685 0.8825971
vt 0.07862198 0.8825847
vt 0.07686316 0.881035
vt 0.07852691 0.8802369
vt 0.07746833 0.8787224
vt 0.07920789 0.8778857
vt 0.07746833 0.8787224
vt 0.0799514 0.8798387
vt 0.08066171 0.8813507
vt 0.08006685 0.8825971
vt 0.08055192 0.8823419
vt 0.08066171 0.8813507
vt 0.08055192 0.8823419
vt 0.0828436 0.8817744
vt 0.07675755 0.8841756
vt 0.07806497 0.8840725
vt 0.07772618 0.8832025
vt 0.08045506 0.8797644
vt 0.08117568 0.8790637
vt 0.08088761 0.8785626
vt 0.08117568 0.8790637
vt 0.08045506 0.8797644
vt 0.08066171 0.8813507
vt 0.07686316 0.881035
vt 0.0753079 0.8822844
vt 0.07588088 0.88284
vt 0.07537376 0.8802252
vt 0.0744574 0.8811731
vt 0.0753079 0.8822844
vt 0.07690548 0.8775226
vt 0.0793187 0.876639
vt 0.0791307 0.876016
vt 0.07447499 0.8790184
vt 0.07690548 0.8775226
vt 0.07632714 0.8770771
vt 0.08117568 0.8790637
vt 0.08309942 0.8807798
vt 0.0821945 0.8783176
vt 0.07920789 0.8778857
vt 0.08008378 0.8795001
vt 0.08088761 0.8785626
vt 0.08175265 0.8771261
vt 0.07920789 0.8778857
vt 0.08088761 0.8785626
vt 0.07535946 0.8697152
vt 0.07223808 0.8718053
vt 0.07632714 0.8770771
vt 0.07537376 0.8802252
vt 0.07746833 0.8787224
vt 0.07690548 0.8775226
vt 0.07501733 0.8843638
vt 0.07605779 0.8853828
vt 0.07675755 0.8841756
vt 0.07746833 0.8787224
vt 0.07920789 0.8778857
vt 0.0793187 0.876639
vt 0.07223808 0.8718053
vt 0.06878936 0.8752692
vt 0.07363069 0.8788962
vt 0.07346528 0.8827168
vt 0.07433366 0.8836814
vt 0.0753079 0.8822844
vt 0.07675755 0.8841756
vt 0.07605779 0.8853828
vt 0.07688462 0.8859372
vt 0.07578921 0.8864136
vt 0.07688462 0.8859372
vt 0.07605779 0.8853828
vt 0.07578921 0.8864136
vt 0.07574748 0.8885151
vt 0.07675957 0.888222
vt 0.0843479 0.8822395
vt 0.08489203 0.8816696
vt 0.08439075 0.8816309
vt 0.08369654 0.8819061
vt 0.0828436 0.8817744
vt 0.08344304 0.8829084
vt 0.08344304 0.8829084
vt 0.08475351 0.8831902
vt 0.0851491 0.8826581
vt 0.07363069 0.8788962
vt 0.0715999 0.8816788
vt 0.07213282 0.8814272
vt 0.0793187 0.876639
vt 0.0816664 0.8761557
vt 0.08186608 0.8757284
vt 0.07729965 0.8879179
vt 0.07675957 0.888222
vt 0.07811009 0.8904141
vt 0.07213282 0.8814272
vt 0.07346528 0.8827168
vt 0.0744574 0.8811731
vt 0.0816664 0.8761557
vt 0.08285486 0.8760574
vt 0.08241277 0.8755567
vt 0.0821945 0.8783176
vt 0.08297604 0.8779843
vt 0.08299022 0.8773265
vt 0.0821945 0.8783176
vt 0.08309942 0.8807798
vt 0.08395922 0.8799859
vt 0.07428956 0.8865244
vt 0.07501733 0.8843638
vt 0.0749762 0.884109
vt 0.07501733 0.8843638
vt 0.07428956 0.8865244
vt 0.07578921 0.8864136
vt 0.0851491 0.8826581
vt 0.0856198 0.8822219
vt 0.08489203 0.8816696
vt 0.08241277 0.8755567
vt 0.08285486 0.8760574
vt 0.08302241 0.8753886
vt 0.07407385 0.8864421
vt 0.0749762 0.884109
vt 0.07433366 0.8836814
vt 0.08186608 0.8757284
vt 0.08241277 0.8755567
vt 0.08071392 0.8672349
vt 0.08489203 0.8816696
vt 0.08531433 0.8809525
vt 0.08476418 0.8809425
vt 0.08404088 0.877282
vt 0.08299022 0.8773265
vt 0.08297604 0.8779843
vt 0.08241277 0.8755567
vt 0.08302241 0.8753886
vt 0.08297127 0.8664238
vt 0.07346528 0.8827168
vt 0.07213282 0.8814272
vt 0.07044601 0.8850589
vt 0.07433366 0.8836814
vt 0.07346528 0.8827168
vt 0.07244199 0.8860601
vt 0.08361518 0.8811129
vt 0.08309942 0.8807798
vt 0.0828436 0.8817744
vt 0.08302241 0.8753886
vt 0.08285486 0.8760574
vt 0.08428156 0.8759637
vt 0.08594185 0.8828401
vt 0.08592861 0.8828015
vt 0.08565694 0.8828697
vt 0.08596789 0.8825757
vt 0.08565694 0.8828697
vt 0.0859608 0.8827995
vt 0.07027947 0.8898286
vt 0.07267725 0.889764
vt 0.07244199 0.8860601
vt 0.07574748 0.8885151
vt 0.07578921 0.8864136
vt 0.07428956 0.8865244
vt 0.07407385 0.8864421
vt 0.07428854 0.8889922
vt 0.0743668 0.8887625
vt 0.08428156 0.8759637
vt 0.08857381 0.8772319
vt 0.08919733 0.876461
vt 0.08476418 0.8809425
vt 0.08531433 0.8809525
vt 0.08530038 0.8798066
vt 0.0856198 0.8822219
vt 0.08625167 0.8818439
vt 0.08531433 0.8809525
vt 0.08531433 0.8809525
vt 0.08625167 0.8818439
vt 0.08712995 0.8802577
vt 0.07027947 0.8898286
vt 0.07044601 0.8850589
vt 0.06981641 0.8854683
vt 0.08594185 0.8828401
vt 0.08569616 0.8831345
vt 0.08618992 0.8828614
vt 0.08571922 0.8787185
vt 0.08404088 0.877282
vt 0.08377075 0.8779293
vt 0.07244199 0.8860601
vt 0.07267725 0.889764
vt 0.07360458 0.8893681
vt 0.08302241 0.8753886
vt 0.08447885 0.875166
vt 0.08710139 0.8678712
vt 0.08571922 0.8787185
vt 0.08786958 0.8781116
vt 0.08413392 0.8766774
vt 0.08395922 0.8799859
vt 0.08309942 0.8807798
vt 0.08361518 0.8811129
vt 0.0860241 0.8827601
vt 0.08632135 0.8825131
vt 0.08596789 0.8825757
vt 0.08530038 0.8798066
vt 0.08609247 0.8794709
vt 0.08571922 0.8787185
vt 0.08600485 0.8828065
vt 0.08618992 0.8828614
vt 0.08632135 0.8825131
vt 0.08571922 0.8787185
vt 0.08609247 0.8794709
vt 0.08652085 0.8789657
vt 0.08531433 0.8809525
vt 0.08609247 0.8794709
vt 0.08530038 0.8798066
vt 0.07606017 0.8927603
vt 0.07773917 0.8918301
vt 0.07574748 0.8885151
vt 0.0859819 0.8824568
vt 0.0856198 0.8822219
vt 0.0851491 0.8826581
vt 0.07428854 0.8889922
vt 0.07584285 0.8929858
vt 0.07606017 0.8927603
vt 0.07428854 0.8889922
vt 0.07360458 0.8893681
vt 0.07501822 0.8930691
vt 0.06981366 0.8904009
vt 0.06981641 0.8854683
vt 0.06450563 0.8853739
vt 0.07204884 0.8949119
vt 0.07027947 0.8898286
vt 0.06981366 0.8904009
vt 0.07773917 0.8918301
vt 0.07811009 0.8904141
vt 0.07675957 0.888222
vt 0.0859819 0.8824568
vt 0.08544695 0.8829237
vt 0.08565694 0.8828697
vt 0.08565694 0.8828697
vt 0.08544695 0.8829237
vt 0.08537393 0.8834655
vt 0.08537393 0.8834655
vt 0.08544695 0.8829237
vt 0.08475351 0.8831902
vt 0.08609247 0.8794709
vt 0.08712995 0.8802577
vt 0.08729237 0.879245
vt 0.08447885 0.875166
vt 0.08919733 0.876461
vt 0.09261548 0.869917
vt 0.0571236 0.8919231
vt 0.06491553 0.8919013
vt 0.06450563 0.8853739
vt 0.08663713 0.8822496
vt 0.0859819 0.8824568
vt 0.08596789 0.8825757
vt 0.08786958 0.8781116
vt 0.08652085 0.8789657
vt 0.08729237 0.879245
vt 0.08663713 0.8822496
vt 0.08764457 0.8814602
vt 0.08625167 0.8818439
vt 0.06230968 0.8661664
vt 0.06082028 0.865385
vt 0.05688375 0.8740429
vt 0.08537393 0.8834655
vt 0.08638811 0.8828655
vt 0.08618992 0.8828614
vt 0.08647787 0.883692
vt 0.08537393 0.8834655
vt 0.08468562 0.8851545
vt 0.08625167 0.8818439
vt 0.08764457 0.8814602
vt 0.08712995 0.8802577
vt 0.06082028 0.865385
vt 0.05796676 0.8642056
vt 0.05452501 0.8726427
vt 0.06395357 0.8564065
vt 0.05796676 0.8642056
vt 0.06082028 0.865385
vt 0.08638811 0.8828655
vt 0.08663713 0.8822496
vt 0.08632135 0.8825131
vt 0.06230968 0.8661664
vt 0.06730008 0.8601472
vt 0.06595551 0.8586443
vt 0.07818329 0.8948536
vt 0.07606017 0.8927603
vt 0.07584285 0.8929858
vt 0.06730008 0.8601472
vt 0.07223808 0.8718053
vt 0.07535946 0.8697152
vt 0.07293504 0.8561999
vt 0.07535946 0.8697152
vt 0.07872718 0.8681425
vt 0.09083271 0.8805623
vt 0.08729237 0.879245
vt 0.08712995 0.8802577
vt 0.07267725 0.889764
vt 0.07027947 0.8898286
vt 0.07204884 0.8949119
vt 0.09279596 0.8794766
vt 0.08857381 0.8772319
vt 0.08786958 0.8781116
vt 0.05665093 0.8835395
vt 0.05536782 0.8820645
vt 0.05577152 0.8923703
vt 0.07182848 0.8955341
vt 0.06981366 0.8904009
vt 0.06491553 0.8919013
vt 0.06107896 0.90218628
vt 0.06753605 0.8985514
vt 0.06491553 0.8919013
vt 0.05251914 0.8712015
vt 0.05452501 0.8726427
vt 0.05796676 0.8642056
vt 0.06595551 0.8586443
vt 0.06730008 0.8601472
vt 0.07293504 0.8561999
vt 0.07283061 0.8542011
vt 0.07146555 0.8511512
vt 0.06395357 0.8564065
vt 0.05688375 0.8740429
vt 0.05452501 0.8726427
vt 0.05352306 0.8818042
vt 0.08638811 0.8828655
vt 0.08537393 0.8834655
vt 0.08647787 0.883692
vt 0.07765424 0.8962034
vt 0.07501822 0.8930691
vt 0.07423293 0.8936371
vt 0.07423293 0.8936371
vt 0.07204884 0.8949119
vt 0.07572913 0.899305
vt 0.07572913 0.899305
vt 0.07204884 0.8949119
vt 0.07182848 0.8955341
vt 0.06395357 0.8564065
vt 0.05650293 0.8636942
vt 0.05796676 0.8642056
vt 0.08071392 0.8672349
vt 0.08017408 0.8523557
vt 0.07654279 0.8542973
vt 0.05452501 0.8726427
vt 0.05251914 0.8712015
vt 0.04950654 0.8816303
vt 0.05650293 0.8636942
vt 0.06395357 0.8564065
vt 0.05665469 0.8537019
vt 0.05352306 0.8818042
vt 0.05370151 0.8931715
vt 0.05577152 0.8923703
vt 0.07654279 0.8542973
vt 0.07283061 0.8542011
vt 0.07293504 0.8561999
vt 0.08017408 0.8523557
vt 0.08071392 0.8672349
vt 0.08297127 0.8664238
vt 0.08955669 0.8817055
vt 0.08712995 0.8802577
vt 0.08764457 0.8814602
vt 0.08710139 0.8678712
vt 0.09261548 0.869917
vt 0.09524375 0.8644643
vt 0.0798189 0.8509294
vt 0.07986593 0.8482281
vt 0.07146555 0.8511512
vt 0.08773398 0.8822098
vt 0.08638811 0.8828655
vt 0.08723902 0.8828314
vt 0.0798189 0.8509294
vt 0.07283061 0.8542011
vt 0.07654279 0.8542973
vt 0.05665469 0.8537019
vt 0.05377995 0.8499024
vt 0.04640096 0.8621502
vt 0.09379285 0.8789316
vt 0.08919733 0.876461
vt 0.08857381 0.8772319
vt 0.04654645 0.8776388
vt 0.04950654 0.8816303
vt 0.05251914 0.8712015
vt 0.07547837 0.8998552
vt 0.07182848 0.8955341
vt 0.06753605 0.8985514
vt 0.0425682 0.8605891
vt 0.04640096 0.8621502
vt 0.05377995 0.8499024
vt 0.04950654 0.8816303
vt 0.04952055 0.8939006
vt 0.05370151 0.8931715
vt 0.04224079 0.892791
vt 0.04615402 0.892275
vt 0.04654645 0.8776388
vt 0.06753605 0.8985514
vt 0.06107896 0.90218628
vt 0.06773138 0.90974945
vt 0.09907209 0.8735621
vt 0.09261548 0.869917
vt 0.08919733 0.876461
vt 0.04995715 0.8464625
vt 0.05377995 0.8499024
vt 0.06418335 0.8406982
vt 0.08017408 0.8523557
vt 0.08401048 0.8514385
vt 0.08356386 0.8498427
vt 0.0425682 0.8605891
vt 0.03886288 0.8763418
vt 0.04229873 0.8766821
vt 0.03886288 0.8763418
vt 0.03962481 0.8934134
vt 0.04224079 0.892791
vt 0.04635888 0.8424396
vt 0.03613835 0.8601328
vt 0.0425682 0.8605891
vt 0.05962759 0.90241927
vt 0.05577152 0.8923703
vt 0.05370151 0.8931715
vt 0.05370151 0.8931715
vt 0.04952055 0.8939006
vt 0.05421185 0.90600747
vt 0.07494223 0.8402303
vt 0.07499682 0.8359674
vt 0.06418335 0.8406982
vt 0.03962481 0.8934134
vt 0.03886288 0.8763418
vt 0.03176081 0.8779598
vt 0.08767956 0.8638384
vt 0.08835864 0.850711
vt 0.08401048 0.8514385
vt 0.08813232 0.8488704
vt 0.08356386 0.8498427
vt 0.08401048 0.8514385
vt 0.07986593 0.8482281
vt 0.0798189 0.8509294
vt 0.08356386 0.8498427
vt 0.08562976 0.847226
vt 0.08356386 0.8498427
vt 0.08813232 0.8488704
vt 0.08835864 0.850711
vt 0.08767956 0.8638384
vt 0.09524375 0.8644643
vt 0.08331269 0.8374516
vt 0.08340102 0.8475475
vt 0.08562976 0.847226
vt 0.07499682 0.8359674
vt 0.07538962 0.8324793
vt 0.07188916 0.8322506
vt 0.08331269 0.8374516
vt 0.08368581 0.834524
vt 0.07499682 0.8359674
vt 0.03962481 0.8934134
vt 0.04625231 0.90935857
vt 0.04792147 0.90825338
vt 0.08780556 0.8368457
vt 0.08562976 0.847226
vt 0.08824539 0.846958
vt 0.07188916 0.8322506
vt 0.07523715 0.827907
vt 0.07347792 0.8247302
vt 0.06282311 0.91579819
vt 0.06626057 0.91171963
vt 0.05780106 0.9038952
vt 0.05770391 0.8248332
vt 0.06202626 0.825211
vt 0.06611663 0.8076513
vt 0.05384075 0.8200616
vt 0.05346435 0.8244091
vt 0.05770391 0.8248332
vt 0.07347792 0.8247302
vt 0.07588607 0.8081319
vt 0.06635516 0.8255392
vt 0.07188916 0.8322506
vt 0.07538962 0.8324793
vt 0.07523715 0.827907
vt 0.06611663 0.8076513
vt 0.06202626 0.825211
vt 0.06635516 0.8255392
vt 0.1037859 0.8686865
vt 0.09524375 0.8644643
vt 0.09261548 0.869917
vt 0.1018345 0.8510732
vt 0.1033185 0.8491745
vt 0.08824539 0.846958
vt 0.08368581 0.834524
vt 0.08331269 0.8374516
vt 0.08780556 0.8368457
vt 0.07538962 0.8324793
vt 0.07499682 0.8359674
vt 0.08368581 0.834524
vt 0.08401536 0.8321985
vt 0.08629006 0.8274169
vt 0.08102762 0.8261016
vt 0.04625231 0.90935857
vt 0.05790275 0.92160488
vt 0.0586999 0.92060477
vt 0.04625231 0.90935857
vt 0.03786152 0.91287625
vt 0.05023872 0.92971069
vt 0.07523715 0.827907
vt 0.08102762 0.8261016
vt 0.08126151 0.8238942
vt 0.08126151 0.8238942
vt 0.08546561 0.8094907
vt 0.07588607 0.8081319
vt 0.0928111 0.8362624
vt 0.09299916 0.8324797
vt 0.08790504 0.8337796
vt 0.05384075 0.8200616
vt 0.05636096 0.8069149
vt 0.04963713 0.8135243
vt 0.08790504 0.8337796
vt 0.08819401 0.8313374
vt 0.08401536 0.8321985
vt 0.1033185 0.8491745
vt 0.1088582 0.8379608
vt 0.0928111 0.8362624
vt 0.08819401 0.8313374
vt 0.0899114 0.8288103
vt 0.08629006 0.8274169
vt 0.08819401 0.8313374
vt 0.08790504 0.8337796
vt 0.09299916 0.8324797
vt 0.08102762 0.8261016
vt 0.08629006 0.8274169
vt 0.0876041 0.8253723
vt 0.1088582 0.8379608
vt 0.1114162 0.8337026
vt 0.09299916 0.8324797
vt 0.08819401 0.8313374
vt 0.09293544 0.8297729
vt 0.0899114 0.8288103
vt 0.09299916 0.8324797
vt 0.1114162 0.8337026
vt 0.1049298 0.8287454
vt 0.09299916 0.8324797
vt 0.09603333 0.8285825
vt 0.09293544 0.8297729
vt 0.1009547 0.8528048
vt 0.1127496 0.8587475
vt 0.1143231 0.8577587
vt 0.1051206 0.820209
vt 0.09503942 0.8128921
vt 0.09366434 0.8279222
vt 0.1187645 0.8129633
vt 0.1101026 0.8234349
vt 0.1348389 0.8384595
vt 0.1051206 0.820209
vt 0.09603333 0.8285825
vt 0.1049298 0.8287454
vt 0.1090649 0.8263856
vt 0.1332737 0.8391352
vt 0.1348389 0.8384595
vt 0.1090649 0.8263856
vt 0.1130635 0.8316178
vt 0.1332737 0.8391352
vt 0.1288603 0.8045475
vt 0.1187645 0.8129633
vt 0.1441981 0.8297186
vt 0.1088582 0.8379608
vt 0.1033185 0.8491745
vt 0.1163548 0.8562079
vt 0.1114162 0.8337026
vt 0.1088582 0.8379608
vt 0.1245545 0.8468491
vt 0.1266755 0.8451466
vt 0.128785 0.8435163
vt 0.1130635 0.8316178
vt 0.128785 0.8435163
vt 0.1332737 0.8391352
vt 0.1130635 0.8316178
vt 0.08190572 0.8880991
vt 0.08422106 0.8889411
vt 0.08397096 0.888604
vt 0.0841993 0.8900052
vt 0.08422106 0.8889411
vt 0.08190572 0.8880991
vt 0.08442443 0.8914249
vt 0.0841993 0.8900052
vt 0.08172291 0.8893879
vt 0.08879023 0.8849249
vt 0.08946132 0.8845346
vt 0.08913904 0.8841176
vt 0.08879023 0.8849249
vt 0.08764696 0.8851643
vt 0.0894609 0.8870433
vt 0.0816217 0.8925639
vt 0.08483183 0.8933298
vt 0.08442443 0.8914249
vt 0.0841993 0.8900052
vt 0.08637309 0.8901656
vt 0.08614975 0.8892012
vt 0.08687728 0.8913695
vt 0.08637309 0.8901656
vt 0.0841993 0.8900052
vt 0.08946132 0.8845346
vt 0.08879023 0.8849249
vt 0.08997929 0.8859869
vt 0.08843076 0.8844551
vt 0.08913904 0.8841176
vt 0.08891594 0.8840749
vt 0.08780586 0.8841049
vt 0.08653891 0.8834407
vt 0.08764696 0.8851643
vt 0.0816217 0.8925639
vt 0.08093905 0.8939972
vt 0.0838654 0.8950203
vt 0.08093905 0.8939972
vt 0.07915437 0.8932031
vt 0.07818329 0.8948536
vt 0.08095842 0.896385
vt 0.07818329 0.8948536
vt 0.07801908 0.8954245
vt 0.07765424 0.8962034
vt 0.08147114 0.898083
vt 0.08106929 0.8969208
vt 0.0882076 0.8840667
vt 0.08780586 0.8841049
vt 0.08843076 0.8844551
vt 0.08856588 0.884003
vt 0.0882076 0.8840667
vt 0.08851546 0.8842555
vt 0.08891594 0.8840749
vt 0.08913904 0.8841176
vt 0.08924949 0.8835493
vt 0.08924949 0.8835493
vt 0.08913904 0.8841176
vt 0.08994203 0.883944
vt 0.08784335 0.8929362
vt 0.08687728 0.8913695
vt 0.08442443 0.8914249
vt 0.08862543 0.8839974
vt 0.08851546 0.8842555
vt 0.08891594 0.8840749
vt 0.0884934 0.8837882
vt 0.08850318 0.8832544
vt 0.08790004 0.8836387
vt 0.08994203 0.883944
vt 0.08946132 0.8845346
vt 0.09056997 0.8853921
vt 0.08797043 0.8892648
vt 0.08808833 0.8887435
vt 0.08621913 0.8886368
vt 0.08797043 0.8892648
vt 0.08614975 0.8892012
vt 0.08637309 0.8901656
vt 0.07572913 0.899305
vt 0.08091795 0.90204478
vt 0.08128225 0.8992068
vt 0.08853387 0.883842
vt 0.0884934 0.8837882
vt 0.08780586 0.8841049
vt 0.08856588 0.884003
vt 0.08860719 0.8839663
vt 0.08853387 0.883842
vt 0.08790004 0.8836387
vt 0.08797782 0.8841504
vt 0.08653891 0.8834407
vt 0.08128225 0.8992068
vt 0.08147114 0.898083
vt 0.07765424 0.8962034
vt 0.0889526 0.883773
vt 0.08924949 0.8835493
vt 0.0884934 0.8837882
vt 0.08955669 0.8817055
vt 0.08919507 0.8818518
vt 0.09002697 0.8827954
vt 0.08865594 0.8840054
vt 0.08891594 0.8840749
vt 0.0889526 0.883773
vt 0.08892834 0.8907319
vt 0.08827853 0.8899526
vt 0.08637309 0.8901656
vt 0.0886628 0.8839648
vt 0.0889526 0.883773
vt 0.08853387 0.883842
vt 0.0842576 0.8971512
vt 0.08095842 0.896385
vt 0.08106929 0.8969208
vt 0.0894609 0.8870433
vt 0.08891963 0.8885682
vt 0.08974343 0.8889869
vt 0.09069162 0.8866455
vt 0.09077978 0.8859363
vt 0.08997929 0.8859869
vt 0.09011822 0.8890836
vt 0.0908454 0.8891743
vt 0.09107488 0.8875152
vt 0.08994203 0.883944
vt 0.0920425 0.8831323
vt 0.09002697 0.8827954
vt 0.08095842 0.896385
vt 0.0842576 0.8971512
vt 0.0838654 0.8950203
vt 0.08536589 0.8951746
vt 0.08483183 0.8933298
vt 0.0838654 0.8950203
vt 0.07876497 0.90790076
vt 0.08057963 0.90265996
vt 0.07547837 0.8998552
vt 0.09160321 0.885487
vt 0.09137052 0.8849668
vt 0.09056997 0.8853921
vt 0.08883905 0.8828771
vt 0.08850318 0.8832544
vt 0.0884934 0.8837882
vt 0.09010106 0.891652
vt 0.08892834 0.8907319
vt 0.08687728 0.8913695
vt 0.091735 0.8866515
vt 0.09069162 0.8866455
vt 0.09107488 0.8875152
vt 0.08593666 0.8999458
vt 0.08128225 0.8992068
vt 0.08091795 0.90204478
vt 0.08454871 0.8975816
vt 0.08106929 0.8969208
vt 0.08147114 0.898083
vt 0.06773138 0.90974945
vt 0.07615369 0.91513473
vt 0.07876497 0.90790076
vt 0.08532494 0.8986651
vt 0.08147114 0.898083
vt 0.08128225 0.8992068
vt 0.09083271 0.8805623
vt 0.08955669 0.8817055
vt 0.0920425 0.8831323
vt 0.08740615 0.8969781
vt 0.0842576 0.8971512
vt 0.08454871 0.8975816
vt 0.08057963 0.90265996
vt 0.07876497 0.90790076
vt 0.08634316 0.90941948
vt 0.0920425 0.8831323
vt 0.08994203 0.883944
vt 0.09137052 0.8849668
vt 0.08784335 0.8929362
vt 0.08483183 0.8933298
vt 0.08536589 0.8951746
vt 0.09160321 0.885487
vt 0.09232115 0.8859329
vt 0.0931093 0.8849382
vt 0.0931093 0.8849382
vt 0.09341549 0.8842077
vt 0.09137052 0.8849668
vt 0.08797043 0.8892648
vt 0.08827853 0.8899526
vt 0.08986485 0.889332
vt 0.08892834 0.8907319
vt 0.09058845 0.8896254
vt 0.08986485 0.889332
vt 0.08897471 0.8943896
vt 0.09069144 0.893172
vt 0.08784335 0.8929362
vt 0.09907209 0.8735621
vt 0.09379285 0.8789316
vt 0.09733939 0.8820448
vt 0.091735 0.8866515
vt 0.09229379 0.8871344
vt 0.09311735 0.8862846
vt 0.09155046 0.8898753
vt 0.09058845 0.8896254
vt 0.08892834 0.8907319
vt 0.08986485 0.889332
vt 0.09011822 0.8890836
vt 0.08974343 0.8889869
vt 0.09733939 0.8820448
vt 0.09379285 0.8789316
vt 0.09279596 0.8794766
vt 0.09107488 0.8875152
vt 0.09176504 0.8892698
vt 0.09282529 0.889378
vt 0.09576421 0.8888826
vt 0.09229379 0.8871344
vt 0.09282529 0.889378
vt 0.09311735 0.8862846
vt 0.09229379 0.8871344
vt 0.0963546 0.8880086
vt 0.09576421 0.8888826
vt 0.0963546 0.8880086
vt 0.09229379 0.8871344
vt 0.09279596 0.8794766
vt 0.09169936 0.8801552
vt 0.0950281 0.8826677
vt 0.08532494 0.8986651
vt 0.08833509 0.8983353
vt 0.08780646 0.8973108
vt 0.0908454 0.8891743
vt 0.09011822 0.8890836
vt 0.08986485 0.889332
vt 0.06282311 0.91579819
vt 0.07379621 0.92319906
vt 0.07554143 0.91875119
vt 0.09014183 0.8993895
vt 0.08593666 0.8999458
vt 0.08677881 0.90278286
vt 0.08593666 0.8999458
vt 0.09014183 0.8993895
vt 0.08833509 0.8983353
vt 0.09446382 0.8853544
vt 0.0931093 0.8849382
vt 0.09311735 0.8862846
vt 0.09360986 0.8830529
vt 0.0920425 0.8831323
vt 0.09341549 0.8842077
vt 0.09197783 0.8944936
vt 0.09069144 0.893172
vt 0.08897471 0.8943896
vt 0.06127744 0.91766209
vt 0.07286715 0.9255544
vt 0.07379621 0.92319906
vt 0.0965166 0.8873741
vt 0.09630608 0.886696
vt 0.09446382 0.8853544
vt 0.09176504 0.8892698
vt 0.0908454 0.8891743
vt 0.09058845 0.8896254
vt 0.09069144 0.893172
vt 0.09179109 0.891696
vt 0.09010106 0.891652
vt 0.09357392 0.90867651
vt 0.09189081 0.90270734
vt 0.0873205 0.9035182
vt 0.07146805 0.93176014
vt 0.07235902 0.9299714
vt 0.0586999 0.92060477
vt 0.09282529 0.889378
vt 0.09176504 0.8892698
vt 0.09155046 0.8898753
vt 0.09155046 0.8898753
vt 0.09010106 0.891652
vt 0.09179109 0.891696
vt 0.07615369 0.91513473
vt 0.08799988 0.9179523
vt 0.08634316 0.90941948
vt 0.05790275 0.92160488
vt 0.05023872 0.92971069
vt 0.0642246 0.93922645
vt 0.09069144 0.893172
vt 0.09197783 0.8944936
vt 0.09310233 0.8928125
vt 0.09622615 0.8823722
vt 0.09860318 0.8862376
vt 0.09954065 0.8862292
vt 0.08799988 0.9179523
vt 0.07615369 0.91513473
vt 0.07651758 0.91698504
vt 0.09196114 0.90165353
vt 0.09568017 0.8990034
vt 0.09368896 0.8975933
vt 0.09179109 0.891696
vt 0.09310233 0.8928125
vt 0.09383052 0.8912241
vt 0.09383052 0.8912241
vt 0.09423893 0.8902756
vt 0.0925253 0.8900236
vt 0.07651758 0.91698504
vt 0.07554143 0.91875119
vt 0.08753746 0.92188067
vt 0.09447157 0.8899127
vt 0.0949223 0.8898911
vt 0.09282529 0.889378
vt 0.09507864 0.8847757
vt 0.09446382 0.8853544
vt 0.09630608 0.886696
vt 0.09705722 0.8863789
vt 0.09773832 0.8862944
vt 0.09639501 0.8844095
vt 0.1043586 0.8786953
vt 0.1101282 0.8755786
vt 0.1037859 0.8686865
vt 0.07379621 0.92319906
vt 0.08732938 0.92692715
vt 0.08753746 0.92188067
vt 0.09208947 0.8966821
vt 0.09340304 0.8953453
vt 0.09252476 0.894664
vt 0.09860318 0.8862376
vt 0.09622615 0.8823722
vt 0.09639501 0.8844095
vt 0.09420615 0.8912888
vt 0.09383052 0.8912241
vt 0.09310233 0.8928125
vt 0.09368896 0.8975933
vt 0.09340304 0.8953453
vt 0.09208947 0.8966821
vt 0.09509581 0.8916289
vt 0.09420615 0.8912888
vt 0.0935499 0.8929304
vt 0.08867114 0.93025071
vt 0.07286715 0.9255544
vt 0.07235902 0.9299714
vt 0.09423893 0.8902756
vt 0.09440708 0.8902936
vt 0.09447157 0.8899127
vt 0.09383052 0.8912241
vt 0.09420615 0.8912888
vt 0.09440708 0.8902936
vt 0.07146805 0.93176014
vt 0.0642246 0.93922645
vt 0.0858196 0.94633282
vt 0.07235902 0.9299714
vt 0.07146805 0.93176014
vt 0.08911281 0.9381609
vt 0.1043586 0.8786953
vt 0.09733939 0.8820448
vt 0.09954065 0.8862292
vt 0.09520369 0.8902032
vt 0.0949223 0.8898911
vt 0.09447157 0.8899127
vt 0.09420615 0.8912888
vt 0.09509581 0.8916289
vt 0.09520369 0.8902032
vt 0.09595942 0.8952048
vt 0.09414416 0.8943403
vt 0.09340304 0.8953453
vt 0.09716463 0.8927892
vt 0.09509581 0.8916289
vt 0.09414416 0.8943403
vt 0.09196114 0.90165353
vt 0.09189081 0.90270734
vt 0.09667021 0.8993376
vt 0.09357392 0.90867651
vt 0.08634316 0.90941948
vt 0.08799988 0.9179523
vt 0.09650361 0.8891928
vt 0.09576421 0.8888826
vt 0.0949223 0.8898911
vt 0.09509581 0.8916289
vt 0.09716463 0.8927892
vt 0.09520369 0.8902032
vt 0.09728425 0.91723556
vt 0.1068137 0.91404957
vt 0.09961682 0.905904
vt 0.08788788 0.91967327
vt 0.09950101 0.9186135
vt 0.09728425 0.91723556
vt 0.09595942 0.8952048
vt 0.09368896 0.8975933
vt 0.09568017 0.8990034
vt 0.08788788 0.91967327
vt 0.08753746 0.92188067
vt 0.09961485 0.92111487
vt 0.09773832 0.8862944
vt 0.09705722 0.8863789
vt 0.09728997 0.8873151
vt 0.08753746 0.92188067
vt 0.08732938 0.92692715
vt 0.09952157 0.92582375
vt 0.09728997 0.8873151
vt 0.0965166 0.8873741
vt 0.0963546 0.8880086
vt 0.09710359 0.8881342
vt 0.0963546 0.8880086
vt 0.09576421 0.8888826
vt 0.09776365 0.8906823
vt 0.09650361 0.8891928
vt 0.09520369 0.8902032
vt 0.09667021 0.8993376
vt 0.09883612 0.8962925
vt 0.09779584 0.8960956
vt 0.09788453 0.8873865
vt 0.09728997 0.8873151
vt 0.09710359 0.8881342
vt 0.09785783 0.8883793
vt 0.09710359 0.8881342
vt 0.09650361 0.8891928
vt 0.09785783 0.8883793
vt 0.09889036 0.8884504
vt 0.09879857 0.8874202
vt 0.09882777 0.8932674
vt 0.09716463 0.8927892
vt 0.09595942 0.8952048
vt 0.09860318 0.8862376
vt 0.09879857 0.8874202
vt 0.09951108 0.8873429
vt 0.09882777 0.8932674
vt 0.09776365 0.8906823
vt 0.09716463 0.8927892
vt 0.1077749 0.8835456
vt 0.1123669 0.8823935
vt 0.1101282 0.8755786
vt 0.09901863 0.8906998
vt 0.09776365 0.8906823
vt 0.09882777 0.8932674
vt 0.103681 0.92904115
vt 0.08867114 0.93025071
vt 0.08949589 0.93513603
vt 0.09879857 0.8874202
vt 0.09889036 0.8884504
vt 0.09962105 0.8882866
vt 0.1077749 0.8835456
vt 0.09954065 0.8862292
vt 0.09951108 0.8873429
vt 0.09882777 0.8932674
vt 0.09779584 0.8960956
vt 0.09883612 0.8962925
vt 0.1102973 0.8874405
vt 0.09951108 0.8873429
vt 0.09962105 0.8882866
vt 0.09999942 0.890631
vt 0.09962105 0.8882866
vt 0.09889036 0.8884504
vt 0.1068137 0.91404957
vt 0.09728425 0.91723556
vt 0.09950101 0.9186135
vt 0.1136272 0.92013497
vt 0.1108688 0.91735524
vt 0.09961485 0.92111487
vt 0.09950101 0.9186135
vt 0.09961485 0.92111487
vt 0.1108688 0.91735524
vt 0.1441981 0.8297186
vt 0.160446 0.8549873
vt 0.1692883 0.8469816
vt 0.160446 0.8549873
vt 0.1441981 0.8297186
vt 0.1348389 0.8384595
vt 0.1037859 0.8686865
vt 0.1101282 0.8755786
vt 0.121874 0.8680459
vt 0.1136272 0.92013497
vt 0.1220104 0.91365535
vt 0.1203309 0.91177071
vt 0.1098381 0.91482622
vt 0.1108688 0.91735524
vt 0.1203309 0.91177071
vt 0.1143231 0.8577587
vt 0.1127496 0.8587475
vt 0.121874 0.8680459
vt 0.1163548 0.8562079
vt 0.1143231 0.8577587
vt 0.1244121 0.8674868
vt 0.1163548 0.8562079
vt 0.1270671 0.866692
vt 0.1360957 0.858829
vt 0.1149643 0.9090944
vt 0.1068137 0.91404957
vt 0.1098381 0.91482622
vt 0.128785 0.8435163
vt 0.1424951 0.8561556
vt 0.1332737 0.8391352
vt 0.1484401 0.8600305
vt 0.1507083 0.8599619
vt 0.1348389 0.8384595
vt 0.1424951 0.8561556
vt 0.1457991 0.859783
vt 0.1484401 0.8600305
vt 0.118762 0.92357445
vt 0.1319001 0.91424245
vt 0.1220104 0.91365535
vt 0.1690633 0.8668912
vt 0.1767622 0.8737993
vt 0.1763845 0.8644283
vt 0.1762759 0.8793031
vt 0.1776111 0.8790722
vt 0.1767622 0.8737993
vt 0.165303 0.8713985
vt 0.1673041 0.8840023
vt 0.1762759 0.8793031
vt 0.1182499 0.90916783
vt 0.1203309 0.91177071
vt 0.1275213 0.90367789
vt 0.1270671 0.866692
vt 0.1319235 0.8755327
vt 0.1428648 0.8713347
vt 0.1314193 0.92869783
vt 0.1305981 0.93859119
vt 0.1502115 0.92398775
vt 0.1244121 0.8674868
vt 0.121874 0.8680459
vt 0.1276887 0.8789233
vt 0.1690633 0.8668912
vt 0.1687352 0.8574843
vt 0.1645265 0.8620589
vt 0.165303 0.8713985
vt 0.1648187 0.8675471
vt 0.1618875 0.8693169
vt 0.1221337 0.90133745
vt 0.1149643 0.9090944
vt 0.1182499 0.90916783
vt 0.1276887 0.8789233
vt 0.121874 0.8680459
vt 0.1101282 0.8755786
vt 0.1286274 0.8830429
vt 0.1276887 0.8789233
vt 0.1123669 0.8823935
vt 0.1099894 0.8944476
vt 0.1081166 0.898096
vt 0.1221337 0.90133745
vt 0.1404527 0.857453
vt 0.1266755 0.8451466
vt 0.1245545 0.8468491
vt 0.1264954 0.8936092
vt 0.1098181 0.8906855
vt 0.1099894 0.8944476
vt 0.1618875 0.8693169
vt 0.1594968 0.8673607
vt 0.1598202 0.8700613
vt 0.163068 0.8857843
vt 0.165303 0.8713985
vt 0.1618927 0.8716061
vt 0.1100535 0.8891713
vt 0.1098181 0.8906855
vt 0.1264954 0.8936092
vt 0.1244724 0.90202445
vt 0.1275213 0.90367789
vt 0.1322211 0.8947817
vt 0.133319 0.8945222
vt 0.1301832 0.90251422
vt 0.1421198 0.8988428
vt 0.160446 0.8549873
vt 0.1507083 0.8599619
vt 0.1531956 0.8627518
vt 0.1244724 0.90202445
vt 0.1287978 0.8941123
vt 0.1260804 0.894412
vt 0.1421198 0.8988428
vt 0.1319001 0.91424245
vt 0.1401896 0.91395402
vt 0.1458376 0.91747046
vt 0.155188 0.8976285
vt 0.1483033 0.8980535
vt 0.1586827 0.8630224
vt 0.1531956 0.8627518
vt 0.1575155 0.8678254
vt 0.133319 0.8945222
vt 0.1338258 0.8858789
vt 0.1322211 0.8947817
vt 0.1308619 0.8865315
vt 0.1287978 0.8941123
vt 0.1322211 0.8947817
vt 0.133319 0.8945222
vt 0.1421198 0.8988428
vt 0.1444728 0.8873905
vt 0.1618927 0.8716061
vt 0.1598202 0.8700613
vt 0.1585315 0.8755717
vt 0.1264954 0.8936092
vt 0.1260804 0.894412
vt 0.1287978 0.8941123
vt 0.1308619 0.8865315
vt 0.1289123 0.8867158
vt 0.1264954 0.8936092
vt 0.1424951 0.8561556
vt 0.128785 0.8435163
vt 0.1266755 0.8451466
vt 0.1319235 0.8755327
vt 0.1326407 0.8780422
vt 0.1441623 0.8753968
vt 0.14704 0.8701783
vt 0.1404527 0.857453
vt 0.1360957 0.858829
vt 0.1338158 0.883382
vt 0.1338258 0.8858789
vt 0.1444728 0.8873905
vt 0.1308619 0.8865315
vt 0.1338258 0.8858789
vt 0.1338158 0.883382
vt 0.130155 0.8785294
vt 0.1276887 0.8789233
vt 0.1286274 0.8830429
vt 0.1326407 0.8780422
vt 0.1338158 0.883382
vt 0.1447528 0.879152
vt 0.1531956 0.8627518
vt 0.1503236 0.8696202
vt 0.1575155 0.8678254
vt 0.1307931 0.8828909
vt 0.1286274 0.8830429
vt 0.1289123 0.8867158
vt 0.1531956 0.8627518
vt 0.1484401 0.8600305
vt 0.1457991 0.859783
vt 0.1483033 0.8980535
vt 0.1493248 0.8851283
vt 0.1444728 0.8873905
vt 0.1547429 0.8854036
vt 0.163068 0.8857843
vt 0.1595734 0.8800887
vt 0.1529237 0.8830321
vt 0.1493248 0.8851283
vt 0.1547429 0.8854036
vt 0.1570332 0.8766729
vt 0.1529237 0.8830321
vt 0.1567735 0.8807976
vt 0.1480393 0.8779629
vt 0.1493248 0.8851283
vt 0.1529237 0.8830321
vt 0.1507872 0.8767759
vt 0.1529237 0.8830321
vt 0.1570332 0.8766729
vt 0.1493248 0.8851283
vt 0.1480393 0.8779629
vt 0.1447528 0.879152
vt 0.1503236 0.8696202
vt 0.1503101 0.8734535
vt 0.1526066 0.8716339
vt 0.1546902 0.8705337
vt 0.1503236 0.8696202
vt 0.1526066 0.8716339
vt 0.1428648 0.8713347
vt 0.1441623 0.8753968
vt 0.1475305 0.874392
vt 0.1480393 0.8779629
vt 0.1475305 0.874392
vt 0.1441623 0.8753968
vt 0.1507872 0.8767759
vt 0.1503101 0.8734535
vt 0.1475305 0.874392
vt 0.14704 0.8701783
vt 0.1475305 0.874392
vt 0.1503101 0.8734535
vt 0.1567735 0.8807976
vt 0.1595734 0.8800887
vt 0.1585315 0.8755717
vt 0.1600809 0.8720318
vt 0.1561501 0.8738313
vt 0.1570332 0.8766729
vt 0.09883612 0.8962925
vt 0.1051051 0.90098
vt 0.1081166 0.898096
vt 0.0791307 0.876016
vt 0.08186608 0.8757284
vt 0.07872718 0.8681425
vt 0.05780106 0.9038952
vt 0.06626057 0.91171963
vt 0.06690335 0.91082263
vt 0.07554143 0.91875119
vt 0.07651758 0.91698504
vt 0.06690335 0.91082263
vt 0.06690335 0.91082263
vt 0.07651758 0.91698504
vt 0.07615369 0.91513473
vt 0.06107896 0.90218628
vt 0.05962759 0.90241927
vt 0.06690335 0.91082263
vt 0.0571236 0.8919231
vt 0.05577152 0.8923703
vt 0.05962759 0.90241927
vt 0.04952055 0.8939006
vt 0.04615402 0.892275
vt 0.05111783 0.90635974
vt 0.05421185 0.90600747
vt 0.05111783 0.90635974
vt 0.06127744 0.91766209
vt 0.0586999 0.92060477
vt 0.06127744 0.91766209
vt 0.05111783 0.90635974
vt 0.0586999 0.92060477
vt 0.07235902 0.9299714
vt 0.07286715 0.9255544
vt 0.08732938 0.92692715
vt 0.07379621 0.92319906
vt 0.07286715 0.9255544
vt 0.08867114 0.93025071
vt 0.103681 0.92904115
vt 0.09952157 0.92582375
vt 0.09985405 0.8933356
vt 0.1081166 0.898096
vt 0.1099894 0.8944476
vt 0.09999942 0.890631
vt 0.1098181 0.8906855
vt 0.1100535 0.8891713
vt 0.1289123 0.8867158
vt 0.1286274 0.8830429
vt 0.1102973 0.8874405
vt 0.09985405 0.8933356
vt 0.1099894 0.8944476
vt 0.1098181 0.8906855
vt 0.1051051 0.90098
vt 0.09883612 0.8962925
vt 0.09667021 0.8993376
vt 0.09189081 0.90270734
vt 0.09196114 0.90165353
vt 0.08677881 0.90278286
vt 0.103681 0.92904115
vt 0.118762 0.92357445
vt 0.1136272 0.92013497
vt 0.118762 0.92357445
vt 0.103681 0.92904115
vt 0.1085361 0.93346376
vt 0.1261905 0.92582667
vt 0.1401896 0.91395402
vt 0.1319001 0.91424245
vt 0.1401896 0.91395402
vt 0.1261905 0.92582667
vt 0.1314193 0.92869783
vt 0.08835864 0.850711
vt 0.1009547 0.8528048
vt 0.1018345 0.8510732
vt 0.1009547 0.8528048
vt 0.09524375 0.8644643
vt 0.1037859 0.8686865
vt 0.1149643 0.9090944
vt 0.1221337 0.90133745
vt 0.1081166 0.898096
vt 0.09901863 0.8906998
vt 0.09882777 0.8932674
vt 0.09985405 0.8933356
vt 0.08780646 0.8973108
vt 0.09058785 0.8962778
vt 0.09010785 0.8960511
vt 0.09252476 0.894664
vt 0.09197783 0.8944936
vt 0.09010785 0.8960511
vt 0.06878936 0.8752692
vt 0.06230968 0.8661664
vt 0.05783343 0.8748499
vt 0.07223808 0.8718053
vt 0.06730008 0.8601472
vt 0.06230968 0.8661664
vt 0.05377995 0.8499024
vt 0.05665469 0.8537019
vt 0.06502014 0.8457975
vt 0.06367594 0.8346032
vt 0.06006747 0.8304933
vt 0.04635888 0.8424396
vt 0.06680101 0.8284607
vt 0.06635516 0.8255392
vt 0.06006747 0.8304933
vt 0.09093922 0.8268006
vt 0.09366434 0.8279222
vt 0.09503942 0.8128921
vt 0.0876041 0.8253723
vt 0.09093922 0.8268006
vt 0.09503942 0.8128921
vt 0.0899114 0.8288103
vt 0.09293544 0.8297729
vt 0.09366434 0.8279222
vt 0.09093922 0.8268006
vt 0.0876041 0.8253723
vt 0.08629006 0.8274169
vt 0.06878936 0.8752692
vt 0.06606024 0.8797316
vt 0.0715999 0.8816788
vt 0.07344186 0.8864334
vt 0.07360458 0.8893681
vt 0.07428854 0.8889922
vt 0.07501822 0.8930691
vt 0.07360458 0.8893681
vt 0.07267725 0.889764
vt 0.07584285 0.8929858
vt 0.07501822 0.8930691
vt 0.07765424 0.8962034
vt 0.0799514 0.8798387
vt 0.07746833 0.8787224
vt 0.07852691 0.8802369
vt 0.0753079 0.8822844
vt 0.07433366 0.8836814
vt 0.0749762 0.884109
vt 0.07588088 0.88284
vt 0.0749762 0.884109
vt 0.07501733 0.8843638
vt 0.07966172 0.8806344
vt 0.07975536 0.88038
vt 0.07882016 0.8808418
vt 0.07772618 0.8832025
vt 0.07733893 0.8818603
vt 0.07594555 0.8831133
vt 0.08428156 0.8759637
vt 0.08285486 0.8760574
vt 0.08289319 0.8768532
vt 0.08299022 0.8773265
vt 0.08404088 0.877282
vt 0.08413392 0.8766774
vt 0.1575155 0.8678254
vt 0.1503236 0.8696202
vt 0.1546902 0.8705337
vt 0.1575155 0.8678254
vt 0.1546902 0.8705337
vt 0.1600809 0.8720318
vt 0.04229873 0.8766821
vt 0.04654645 0.8776388
vt 0.05009055 0.8644572
vt 0.08340102 0.8475475
vt 0.08331269 0.8374516
vt 0.07494223 0.8402303
vt 0.06502014 0.8457975
vt 0.05665469 0.8537019
vt 0.06395357 0.8564065
vt 0.05009055 0.8644572
vt 0.04654645 0.8776388
vt 0.05251914 0.8712015
vt 0.07146555 0.8511512
vt 0.07986593 0.8482281
vt 0.07494223 0.8402303
vt 0.1307931 0.8828909
vt 0.1338158 0.883382
vt 0.1326407 0.8780422
vt 0.0801261 0.8803776
vt 0.08024471 0.8800042
vt 0.07983225 0.8801153
vt 0.08005183 0.8818464
vt 0.08066171 0.8813507
vt 0.08005309 0.8807471
vt 0.08833509 0.8983353
vt 0.09208947 0.8966821
vt 0.09058785 0.8962778
vt 0.09414416 0.8943403
vt 0.0935499 0.8929304
vt 0.09252476 0.894664
vt 0.09197783 0.8944936
vt 0.09252476 0.894664
vt 0.0935499 0.8929304
vt 0.09014183 0.8993895
vt 0.09368896 0.8975933
vt 0.09208947 0.8966821
vt 0.0925253 0.8900236
vt 0.09423893 0.8902756
vt 0.09418797 0.8899248
vt 0.0842576 0.8971512
vt 0.08740615 0.8969781
vt 0.08536589 0.8951746
vt 0.08740615 0.8969781
vt 0.09010785 0.8960511
vt 0.08897471 0.8943896
vt 0.09961682 0.905904
vt 0.09667021 0.8993376
vt 0.09189081 0.90270734
vt 0.08057963 0.90265996
vt 0.08091795 0.90204478
vt 0.07572913 0.899305
vt 0.0873205 0.9035182
vt 0.08677881 0.90278286
vt 0.08091795 0.90204478
vt 0.03613835 0.8601328
vt 0.03176081 0.8779598
vt 0.03886288 0.8763418
vt 0.04625231 0.90935857
vt 0.03962481 0.8934134
vt 0.03265267 0.8969649
vt 0.08949589 0.93513603
vt 0.08911281 0.9381609
vt 0.1085351 0.93801851
vt 0.08911281 0.9381609
vt 0.0858196 0.94633282
vt 0.1085513 0.94633282
vt 0.1305981 0.93859119
vt 0.1314193 0.92869783
vt 0.1085351 0.93801851
vt 0.1261905 0.92582667
vt 0.1085361 0.93346376
vt 0.1085351 0.93801851
vt 0.1617116 0.90447814
vt 0.155188 0.8976285
vt 0.1458376 0.91747046
vt 0.09705722 0.8863789
vt 0.09630608 0.886696
vt 0.0965166 0.8873741
vt 0.09169936 0.8801552
vt 0.08786958 0.8781116
vt 0.08729237 0.879245
vt 0.09360986 0.8830529
vt 0.0950281 0.8826677
vt 0.09169936 0.8801552
vt 0.0950281 0.8826677
vt 0.09360986 0.8830529
vt 0.09507864 0.8847757
vt 0.07818329 0.8948536
vt 0.07915437 0.8932031
vt 0.07773917 0.8918301
vt 0.1051206 0.820209
vt 0.1090649 0.8263856
vt 0.1101026 0.8234349
vt 0.1051206 0.820209
vt 0.1101026 0.8234349
vt 0.1187645 0.8129633
vt 0.1503101 0.8734535
vt 0.1507872 0.8767759
vt 0.1561501 0.8738313
vt 0.08422106 0.8889411
vt 0.08614975 0.8892012
vt 0.08621913 0.8886368
vt 0.08891963 0.8885682
vt 0.08808833 0.8887435
vt 0.08797043 0.8892648
vt 0.09788453 0.8873865
vt 0.09879857 0.8874202
vt 0.09860318 0.8862376
vt 0.09002697 0.8827954
vt 0.08883905 0.8828771
vt 0.0884934 0.8837882
vt 0.08663713 0.8822496
vt 0.08638811 0.8828655
vt 0.08773398 0.8822098
vt 0.08857381 0.8772319
vt 0.08428156 0.8759637
vt 0.08413392 0.8766774
vt 0.08546561 0.8094907
vt 0.08126151 0.8238942
vt 0.0876041 0.8253723
vt 0.1600809 0.8720318
vt 0.1585315 0.8755717
vt 0.1598202 0.8700613
vt 0.04792147 0.90825338
vt 0.05111783 0.90635974
vt 0.04615402 0.892275
vt 0.1319001 0.91424245
vt 0.1421198 0.8988428
vt 0.1301832 0.90251422
vt 0.1220104 0.91365535
vt 0.1301832 0.90251422
vt 0.1275213 0.90367789
vt 0.1301832 0.90251422
vt 0.133319 0.8945222
vt 0.1322211 0.8947817
vt 0.04615402 0.892275
vt 0.04952055 0.8939006
vt 0.04950654 0.8816303
vt 0.09776365 0.8906823
vt 0.09901863 0.8906998
vt 0.09889036 0.8884504
vt 0.1687352 0.8574843
vt 0.1531956 0.8627518
vt 0.1586827 0.8630224
vt 0.08377075 0.8779293
vt 0.08297604 0.8779843
vt 0.08395922 0.8799859
vt 0.0715999 0.8816788
vt 0.06981641 0.8854683
vt 0.07044601 0.8850589
vt 0.05536782 0.8820645
vt 0.05665093 0.8835395
vt 0.05783343 0.8748499
vt 0.1051051 0.90098
vt 0.09961682 0.905904
vt 0.1068137 0.91404957
vt 0.06981641 0.8854683
vt 0.0715999 0.8816788
vt 0.06606024 0.8797316
vt 0.06606024 0.8797316
vt 0.05783343 0.8748499
vt 0.05665093 0.8835395
vt 0.1033185 0.8491745
vt 0.1018345 0.8510732
vt 0.1143231 0.8577587
vt 0.1561501 0.8738313
vt 0.1600809 0.8720318
vt 0.1546902 0.8705337
vt 0.163068 0.8857843
vt 0.1547429 0.8854036
vt 0.155188 0.8976285
vt 0.1547429 0.8854036
vt 0.1493248 0.8851283
vt 0.1483033 0.8980535
vt 0.07447499 0.8790184
vt 0.07213282 0.8814272
vt 0.0744574 0.8811731
vt 0.07447499 0.8790184
vt 0.0744574 0.8811731
vt 0.07537376 0.8802252
vt 0.08175265 0.8771261
vt 0.08289319 0.8768532
vt 0.08285486 0.8760574
vt 0.0793187 0.876639
vt 0.07920789 0.8778857
vt 0.08175265 0.8771261
vt 0.1687352 0.8574843
vt 0.175829 0.8530086
vt 0.1692883 0.8469816
vt 0.1288603 0.8045475
vt 0.1247499 0.7986376
vt 0.1199856 0.8034941
vt 0.07188916 0.8322506
vt 0.06367594 0.8346032
vt 0.06418335 0.8406982
vt 0.06367594 0.8346032
vt 0.07188916 0.8322506
vt 0.06680101 0.8284607
vt 0.1244121 0.8674868
vt 0.130155 0.8785294
vt 0.1319235 0.8755327
vt 0.09341549 0.8842077
vt 0.0931093 0.8849382
vt 0.09446382 0.8853544
vt 0.08451634 0.784411
vt 0.08421134 0.7638869
vt 0.03176081 0.7824999
vt 0.08451634 0.784411
vt 0.04377174 0.798597
vt 0.05963838 0.798597
vt 0.03176081 0.7824999
vt 0.08421134 0.7638869
vt 0.06562381 0.7536673
vt 0.07702612 0.8884699
vt 0.07801324 0.8887033
vt 0.07684308 0.887335
vt 0.07811009 0.8904141
vt 0.07865053 0.8910413
vt 0.07870686 0.8897874
vt 0.07773917 0.8918301
vt 0.07834225 0.8919675
vt 0.07865053 0.8910413
vt 0.0816217 0.8925639
vt 0.08174759 0.8908523
vt 0.080886 0.8906201
vt 0.08174759 0.8908523
vt 0.08172291 0.8893879
vt 0.08079022 0.8891411
vt 0.07811856 0.8892072
vt 0.07870686 0.8897874
vt 0.07801324 0.8887033
vt 0.08116084 0.8874347
vt 0.08079022 0.8891411
vt 0.08172291 0.8893879
vt 0.08075308 0.8922486
vt 0.08043956 0.8933388
vt 0.08093905 0.8939972
vt 0.07773917 0.8918301
vt 0.07915437 0.8932031
vt 0.07834225 0.8919675
vt 0.07915437 0.8932031
vt 0.08093905 0.8939972
vt 0.08043956 0.8933388
vt 0.07684308 0.887335
vt 0.07801324 0.8887033
vt 0.08079022 0.8891411
vt 0.07870686 0.8897874
vt 0.080886 0.8906201
vt 0.08079022 0.8891411
vt 0.07865053 0.8910413
vt 0.08075308 0.8922486
vt 0.080886 0.8906201
vt 0.07834225 0.8919675
vt 0.08043956 0.8933388
vt 0.08075308 0.8922486
vt 0.1776518 0.94633282
vt 0.1856216 0.94633282
vt 0.1776518 0.93836302
vt 0.08088761 0.8785626
vt 0.08117568 0.8790637
vt 0.08205831 0.8777232
vt 0.08299022 0.8773265
vt 0.08289319 0.8768532
vt 0.08205831 0.8777232
vt 0.07798397 0.8867507
vt 0.0790925 0.8855925
vt 0.07780808 0.8865836
vt 0.07646518 0.8878709
vt 0.07798397 0.8867507
vt 0.0770955 0.8877505
vt 0.0790925 0.8855925
vt 0.0802986 0.8841358
vt 0.07878839 0.8852858
vt 0.07780808 0.8865836
vt 0.07878839 0.8852858
vt 0.07753419 0.8863652
vt 0.0770955 0.8877505
vt 0.07780808 0.8865836
vt 0.07729965 0.8879179
vt 0.0802986 0.8841358
vt 0.0807023 0.8838807
vt 0.08022022 0.8838027
vt 0.07878839 0.8852858
vt 0.08022022 0.8838027
vt 0.07847845 0.8848168
vt 0.07688462 0.8859372
vt 0.07753419 0.8863652
vt 0.07806497 0.8840725
vt 0.08013719 0.8832624
vt 0.08022022 0.8838027
vt 0.08053082 0.8830523
vt 0.08344304 0.8829084
vt 0.0828436 0.8817744
vt 0.0806145 0.883567
vt 0.07975536 0.88038
vt 0.07966172 0.8806344
vt 0.0801261 0.8803776
vt 0.07975536 0.88038
vt 0.07983225 0.8801153
vt 0.07882016 0.8808418
vt 0.08053082 0.8830523
vt 0.08055192 0.8823419
vt 0.08013719 0.8832624
vt 0.07806497 0.8840725
vt 0.07847845 0.8848168
vt 0.08006685 0.8825971
vt 0.07966172 0.8806344
vt 0.07879692 0.8810424
vt 0.08005183 0.8818464
vt 0.07646518 0.8878709
vt 0.0770955 0.8877505
vt 0.07331746 0.889086
vt 0.07879692 0.8810424
vt 0.07882016 0.8808418
vt 0.07733893 0.8818603
vt 0.07772618 0.8832025
vt 0.07862198 0.8825847
vt 0.07733893 0.8818603
vt 0.08045506 0.8797644
vt 0.08008378 0.8795001
vt 0.08024471 0.8800042
vt 0.07729965 0.8879179
vt 0.07753419 0.8863652
vt 0.07675957 0.888222
vt 0.07882016 0.8808418
vt 0.07852691 0.8802369
vt 0.07737028 0.8816191
vt 0.07733893 0.8818603
vt 0.07737028 0.8816191
vt 0.07594555 0.8831133
vt 0.07811856 0.8892072
vt 0.07702612 0.8884699
vt 0.07729965 0.8879179
vt 0.08066171 0.8813507
vt 0.08005183 0.8818464
vt 0.08006685 0.8825971
vt 0.07772618 0.8832025
vt 0.07806497 0.8840725
vt 0.07862198 0.8825847
vt 0.07537376 0.8802252
vt 0.07686316 0.881035
vt 0.07746833 0.8787224
vt 0.08008378 0.8795001
vt 0.07920789 0.8778857
vt 0.0799514 0.8798387
vt 0.08309942 0.8807798
vt 0.08066171 0.8813507
vt 0.0828436 0.8817744
vt 0.08008378 0.8795001
vt 0.08045506 0.8797644
vt 0.08088761 0.8785626
vt 0.08309942 0.8807798
vt 0.08117568 0.8790637
vt 0.08066171 0.8813507
vt 0.07737028 0.8816191
vt 0.07686316 0.881035
vt 0.07588088 0.88284
vt 0.07686316 0.881035
vt 0.07537376 0.8802252
vt 0.0753079 0.8822844
vt 0.07632714 0.8770771
vt 0.07690548 0.8775226
vt 0.0791307 0.876016
vt 0.07363069 0.8788962
vt 0.07447499 0.8790184
vt 0.07632714 0.8770771
vt 0.08205831 0.8777232
vt 0.08175265 0.8771261
vt 0.08088761 0.8785626
vt 0.0791307 0.876016
vt 0.07535946 0.8697152
vt 0.07632714 0.8770771
vt 0.07447499 0.8790184
vt 0.07537376 0.8802252
vt 0.07690548 0.8775226
vt 0.07594555 0.8831133
vt 0.07501733 0.8843638
vt 0.07675755 0.8841756
vt 0.07690548 0.8775226
vt 0.07746833 0.8787224
vt 0.0793187 0.876639
vt 0.07632714 0.8770771
vt 0.07223808 0.8718053
vt 0.07363069 0.8788962
vt 0.0744574 0.8811731
vt 0.07346528 0.8827168
vt 0.0753079 0.8822844
vt 0.07806497 0.8840725
vt 0.07675755 0.8841756
vt 0.07688462 0.8859372
vt 0.07688462 0.8859372
vt 0.07578921 0.8864136
vt 0.07675957 0.888222
vt 0.08369654 0.8819061
vt 0.0843479 0.8822395
vt 0.08439075 0.8816309
vt 0.0843479 0.8822395
vt 0.08369654 0.8819061
vt 0.08344304 0.8829084
vt 0.0843479 0.8822395
vt 0.08344304 0.8829084
vt 0.0851491 0.8826581
vt 0.07447499 0.8790184
vt 0.07363069 0.8788962
vt 0.07213282 0.8814272
vt 0.0791307 0.876016
vt 0.0793187 0.876639
vt 0.08186608 0.8757284
vt 0.07811856 0.8892072
vt 0.07729965 0.8879179
vt 0.07811009 0.8904141
vt 0.08186608 0.8757284
vt 0.0816664 0.8761557
vt 0.08241277 0.8755567
vt 0.08205831 0.8777232
vt 0.0821945 0.8783176
vt 0.08299022 0.8773265
vt 0.08297604 0.8779843
vt 0.0821945 0.8783176
vt 0.08395922 0.8799859
vt 0.07407385 0.8864421
vt 0.07428956 0.8865244
vt 0.0749762 0.884109
vt 0.07605779 0.8853828
vt 0.07501733 0.8843638
vt 0.07578921 0.8864136
vt 0.0843479 0.8822395
vt 0.0851491 0.8826581
vt 0.08489203 0.8816696
vt 0.07344186 0.8864334
vt 0.07407385 0.8864421
vt 0.07433366 0.8836814
vt 0.07872718 0.8681425
vt 0.08186608 0.8757284
vt 0.08071392 0.8672349
vt 0.08439075 0.8816309
vt 0.08489203 0.8816696
vt 0.08476418 0.8809425
vt 0.08377075 0.8779293
vt 0.08404088 0.877282
vt 0.08297604 0.8779843
vt 0.08071392 0.8672349
vt 0.08241277 0.8755567
vt 0.08297127 0.8664238
vt 0.07244199 0.8860601
vt 0.07346528 0.8827168
vt 0.07044601 0.8850589
vt 0.07344186 0.8864334
vt 0.07433366 0.8836814
vt 0.07244199 0.8860601
vt 0.08369654 0.8819061
vt 0.08361518 0.8811129
vt 0.0828436 0.8817744
vt 0.08447885 0.875166
vt 0.08302241 0.8753886
vt 0.08428156 0.8759637
vt 0.08569616 0.8831345
vt 0.08594185 0.8828401
vt 0.08565694 0.8828697
vt 0.08597636 0.8827715
vt 0.08596789 0.8825757
vt 0.0859608 0.8827995
vt 0.07044601 0.8850589
vt 0.07027947 0.8898286
vt 0.07244199 0.8860601
vt 0.0743668 0.8887625
vt 0.07574748 0.8885151
vt 0.07428956 0.8865244
vt 0.07428956 0.8865244
vt 0.07407385 0.8864421
vt 0.0743668 0.8887625
vt 0.08447885 0.875166
vt 0.08428156 0.8759637
vt 0.08919733 0.876461
vt 0.08437138 0.8805128
vt 0.08476418 0.8809425
vt 0.08530038 0.8798066
vt 0.08489203 0.8816696
vt 0.0856198 0.8822219
vt 0.08531433 0.8809525
vt 0.08609247 0.8794709
vt 0.08531433 0.8809525
vt 0.08712995 0.8802577
vt 0.06981366 0.8904009
vt 0.07027947 0.8898286
vt 0.06981641 0.8854683
vt 0.08600485 0.8828065
vt 0.08594185 0.8828401
vt 0.08618992 0.8828614
vt 0.08530038 0.8798066
vt 0.08571922 0.8787185
vt 0.08377075 0.8779293
vt 0.07344186 0.8864334
vt 0.07244199 0.8860601
vt 0.07360458 0.8893681
vt 0.08297127 0.8664238
vt 0.08302241 0.8753886
vt 0.08710139 0.8678712
vt 0.08404088 0.877282
vt 0.08571922 0.8787185
vt 0.08413392 0.8766774
vt 0.08437138 0.8805128
vt 0.08395922 0.8799859
vt 0.08361518 0.8811129
vt 0.08597636 0.8827715
vt 0.0860241 0.8827601
vt 0.08596789 0.8825757
vt 0.0860241 0.8827601
vt 0.08600485 0.8828065
vt 0.08632135 0.8825131
vt 0.0743668 0.8887625
vt 0.07606017 0.8927603
vt 0.07574748 0.8885151
vt 0.08544695 0.8829237
vt 0.0859819 0.8824568
vt 0.0851491 0.8826581
vt 0.0743668 0.8887625
vt 0.07428854 0.8889922
vt 0.07606017 0.8927603
vt 0.07584285 0.8929858
vt 0.07428854 0.8889922
vt 0.07501822 0.8930691
vt 0.06491553 0.8919013
vt 0.06981366 0.8904009
vt 0.06450563 0.8853739
vt 0.07182848 0.8955341
vt 0.07204884 0.8949119
vt 0.06981366 0.8904009
vt 0.07574748 0.8885151
vt 0.07773917 0.8918301
vt 0.07675957 0.888222
vt 0.08596789 0.8825757
vt 0.0859819 0.8824568
vt 0.08565694 0.8828697
vt 0.08569616 0.8831345
vt 0.08565694 0.8828697
vt 0.08537393 0.8834655
vt 0.08468562 0.8851545
vt 0.08537393 0.8834655
vt 0.08475351 0.8831902
vt 0.08652085 0.8789657
vt 0.08609247 0.8794709
vt 0.08729237 0.879245
vt 0.08710139 0.8678712
vt 0.08447885 0.875166
vt 0.09261548 0.869917
vt 0.05665093 0.8835395
vt 0.0571236 0.8919231
vt 0.06450563 0.8853739
vt 0.08632135 0.8825131
vt 0.08663713 0.8822496
vt 0.08596789 0.8825757
vt 0.0859819 0.8824568
vt 0.08663713 0.8822496
vt 0.08625167 0.8818439
vt 0.05783343 0.8748499
vt 0.06230968 0.8661664
vt 0.05688375 0.8740429
vt 0.08569616 0.8831345
vt 0.08537393 0.8834655
vt 0.08618992 0.8828614
vt 0.08638548 0.8831995
vt 0.08647787 0.883692
vt 0.08468562 0.8851545
vt 0.05688375 0.8740429
vt 0.06082028 0.865385
vt 0.05452501 0.8726427
vt 0.06595551 0.8586443
vt 0.06395357 0.8564065
vt 0.06082028 0.865385
vt 0.08618992 0.8828614
vt 0.08638811 0.8828655
vt 0.08632135 0.8825131
vt 0.06082028 0.865385
vt 0.06230968 0.8661664
vt 0.06595551 0.8586443
vt 0.07801908 0.8954245
vt 0.07818329 0.8948536
vt 0.07584285 0.8929858
vt 0.07293504 0.8561999
vt 0.06730008 0.8601472
vt 0.07535946 0.8697152
vt 0.07654279 0.8542973
vt 0.07293504 0.8561999
vt 0.07872718 0.8681425
vt 0.08955669 0.8817055
vt 0.09083271 0.8805623
vt 0.08712995 0.8802577
vt 0.07423293 0.8936371
vt 0.07267725 0.889764
vt 0.07204884 0.8949119
vt 0.09169936 0.8801552
vt 0.09279596 0.8794766
vt 0.08786958 0.8781116
vt 0.0571236 0.8919231
vt 0.05665093 0.8835395
vt 0.05577152 0.8923703
vt 0.06753605 0.8985514
vt 0.07182848 0.8955341
vt 0.06491553 0.8919013
vt 0.0571236 0.8919231
vt 0.06107896 0.90218628
vt 0.06491553 0.8919013
vt 0.05650293 0.8636942
vt 0.05251914 0.8712015
vt 0.05796676 0.8642056
vt 0.07283061 0.8542011
vt 0.06595551 0.8586443
vt 0.07293504 0.8561999
vt 0.06595551 0.8586443
vt 0.07283061 0.8542011
vt 0.06395357 0.8564065
vt 0.05536782 0.8820645
vt 0.05688375 0.8740429
vt 0.05352306 0.8818042
vt 0.08723902 0.8828314
vt 0.08638811 0.8828655
vt 0.08647787 0.883692
vt 0.07719647 0.897095
vt 0.07765424 0.8962034
vt 0.07423293 0.8936371
vt 0.07719647 0.897095
vt 0.07423293 0.8936371
vt 0.07572913 0.899305
vt 0.07547837 0.8998552
vt 0.07572913 0.899305
vt 0.07182848 0.8955341
vt 0.07872718 0.8681425
vt 0.08071392 0.8672349
vt 0.07654279 0.8542973
vt 0.05352306 0.8818042
vt 0.05452501 0.8726427
vt 0.04950654 0.8816303
vt 0.05009055 0.8644572
vt 0.05650293 0.8636942
vt 0.05665469 0.8537019
vt 0.05536782 0.8820645
vt 0.05352306 0.8818042
vt 0.05577152 0.8923703
vt 0.08401048 0.8514385
vt 0.08017408 0.8523557
vt 0.08297127 0.8664238
vt 0.08919507 0.8818518
vt 0.08955669 0.8817055
vt 0.08764457 0.8814602
vt 0.08767956 0.8638384
vt 0.08710139 0.8678712
vt 0.09524375 0.8644643
vt 0.07283061 0.8542011
vt 0.0798189 0.8509294
vt 0.07146555 0.8511512
vt 0.08761268 0.8825303
vt 0.08773398 0.8822098
vt 0.08723902 0.8828314
vt 0.08017408 0.8523557
vt 0.0798189 0.8509294
vt 0.07654279 0.8542973
vt 0.05009055 0.8644572
vt 0.05665469 0.8537019
vt 0.04640096 0.8621502
vt 0.09279596 0.8794766
vt 0.09379285 0.8789316
vt 0.08857381 0.8772319
vt 0.07230657 0.90409107
vt 0.07547837 0.8998552
vt 0.06753605 0.8985514
vt 0.04995715 0.8464625
vt 0.0425682 0.8605891
vt 0.05377995 0.8499024
vt 0.05352306 0.8818042
vt 0.04950654 0.8816303
vt 0.05370151 0.8931715
vt 0.04229873 0.8766821
vt 0.04224079 0.892791
vt 0.04654645 0.8776388
vt 0.07230657 0.90409107
vt 0.06753605 0.8985514
vt 0.06773138 0.90974945
vt 0.09379285 0.8789316
vt 0.09907209 0.8735621
vt 0.08919733 0.876461
vt 0.06367594 0.8346032
vt 0.04995715 0.8464625
vt 0.06418335 0.8406982
vt 0.0798189 0.8509294
vt 0.08017408 0.8523557
vt 0.08356386 0.8498427
vt 0.04640096 0.8621502
vt 0.0425682 0.8605891
vt 0.04229873 0.8766821
vt 0.04229873 0.8766821
vt 0.03886288 0.8763418
vt 0.04224079 0.892791
vt 0.04995715 0.8464625
vt 0.04635888 0.8424396
vt 0.0425682 0.8605891
vt 0.05780106 0.9038952
vt 0.05962759 0.90241927
vt 0.05370151 0.8931715
vt 0.05780106 0.9038952
vt 0.05370151 0.8931715
vt 0.05421185 0.90600747
vt 0.06502014 0.8457975
vt 0.07494223 0.8402303
vt 0.06418335 0.8406982
vt 0.03265267 0.8969649
vt 0.03962481 0.8934134
vt 0.03176081 0.8779598
vt 0.08297127 0.8664238
vt 0.08767956 0.8638384
vt 0.08401048 0.8514385
vt 0.08835864 0.850711
vt 0.08813232 0.8488704
vt 0.08401048 0.8514385
vt 0.08340102 0.8475475
vt 0.07986593 0.8482281
vt 0.08356386 0.8498427
vt 0.08824539 0.846958
vt 0.08562976 0.847226
vt 0.08813232 0.8488704
vt 0.1009547 0.8528048
vt 0.08835864 0.850711
vt 0.09524375 0.8644643
vt 0.08780556 0.8368457
vt 0.08331269 0.8374516
vt 0.08562976 0.847226
vt 0.06418335 0.8406982
vt 0.07499682 0.8359674
vt 0.07188916 0.8322506
vt 0.07494223 0.8402303
vt 0.08331269 0.8374516
vt 0.07499682 0.8359674
vt 0.04224079 0.892791
vt 0.03962481 0.8934134
vt 0.04792147 0.90825338
vt 0.0928111 0.8362624
vt 0.08780556 0.8368457
vt 0.08824539 0.846958
vt 0.06680101 0.8284607
vt 0.07188916 0.8322506
vt 0.07347792 0.8247302
vt 0.05421185 0.90600747
vt 0.06282311 0.91579819
vt 0.05780106 0.9038952
vt 0.05636096 0.8069149
vt 0.05770391 0.8248332
vt 0.06611663 0.8076513
vt 0.05636096 0.8069149
vt 0.05384075 0.8200616
vt 0.05770391 0.8248332
vt 0.06680101 0.8284607
vt 0.07347792 0.8247302
vt 0.06635516 0.8255392
vt 0.07588607 0.8081319
vt 0.06611663 0.8076513
vt 0.06635516 0.8255392
vt 0.09907209 0.8735621
vt 0.1037859 0.8686865
vt 0.09261548 0.869917
vt 0.08813232 0.8488704
vt 0.1018345 0.8510732
vt 0.08824539 0.846958
vt 0.08790504 0.8337796
vt 0.08368581 0.834524
vt 0.08780556 0.8368457
vt 0.08401536 0.8321985
vt 0.07538962 0.8324793
vt 0.08368581 0.834524
vt 0.07538962 0.8324793
vt 0.08401536 0.8321985
vt 0.08102762 0.8261016
vt 0.04792147 0.90825338
vt 0.04625231 0.90935857
vt 0.0586999 0.92060477
vt 0.05790275 0.92160488
vt 0.04625231 0.90935857
vt 0.05023872 0.92971069
vt 0.07347792 0.8247302
vt 0.07523715 0.827907
vt 0.08126151 0.8238942
vt 0.07347792 0.8247302
vt 0.08126151 0.8238942
vt 0.07588607 0.8081319
vt 0.08780556 0.8368457
vt 0.0928111 0.8362624
vt 0.08790504 0.8337796
vt 0.08368581 0.834524
vt 0.08790504 0.8337796
vt 0.08401536 0.8321985
vt 0.08824539 0.846958
vt 0.1033185 0.8491745
vt 0.0928111 0.8362624
vt 0.08401536 0.8321985
vt 0.08819401 0.8313374
vt 0.08629006 0.8274169
vt 0.09293544 0.8297729
vt 0.08819401 0.8313374
vt 0.09299916 0.8324797
vt 0.08126151 0.8238942
vt 0.08102762 0.8261016
vt 0.0876041 0.8253723
vt 0.0928111 0.8362624
vt 0.1088582 0.8379608
vt 0.09299916 0.8324797
vt 0.1018345 0.8510732
vt 0.1009547 0.8528048
vt 0.1143231 0.8577587
vt 0.09603333 0.8285825
vt 0.1051206 0.820209
vt 0.09366434 0.8279222
vt 0.1441981 0.8297186
vt 0.1187645 0.8129633
vt 0.1348389 0.8384595
vt 0.1090649 0.8263856
vt 0.1051206 0.820209
vt 0.1049298 0.8287454
vt 0.1101026 0.8234349
vt 0.1090649 0.8263856
vt 0.1348389 0.8384595
vt 0.1498243 0.8244343
vt 0.1288603 0.8045475
vt 0.1441981 0.8297186
vt 0.1245545 0.8468491
vt 0.1088582 0.8379608
vt 0.1163548 0.8562079
vt 0.1266755 0.8451466
vt 0.1114162 0.8337026
vt 0.1245545 0.8468491
vt 0.1114162 0.8337026
vt 0.1266755 0.8451466
vt 0.1130635 0.8316178
vt 0.08116084 0.8874347
vt 0.08190572 0.8880991
vt 0.08397096 0.888604
vt 0.08172291 0.8893879
vt 0.0841993 0.8900052
vt 0.08190572 0.8880991
vt 0.08174759 0.8908523
vt 0.08442443 0.8914249
vt 0.08172291 0.8893879
vt 0.08843076 0.8844551
vt 0.08879023 0.8849249
vt 0.08913904 0.8841176
vt 0.08997929 0.8859869
vt 0.08879023 0.8849249
vt 0.0894609 0.8870433
vt 0.08174759 0.8908523
vt 0.0816217 0.8925639
vt 0.08442443 0.8914249
vt 0.08422106 0.8889411
vt 0.0841993 0.8900052
vt 0.08614975 0.8892012
vt 0.08442443 0.8914249
vt 0.08687728 0.8913695
vt 0.0841993 0.8900052
vt 0.09056997 0.8853921
vt 0.08946132 0.8845346
vt 0.08997929 0.8859869
vt 0.08851546 0.8842555
vt 0.08843076 0.8844551
vt 0.08891594 0.8840749
vt 0.08843076 0.8844551
vt 0.08780586 0.8841049
vt 0.08764696 0.8851643
vt 0.08483183 0.8933298
vt 0.0816217 0.8925639
vt 0.0838654 0.8950203
vt 0.08095842 0.896385
vt 0.08093905 0.8939972
vt 0.07818329 0.8948536
vt 0.08106929 0.8969208
vt 0.08095842 0.896385
vt 0.07801908 0.8954245
vt 0.07801908 0.8954245
vt 0.07765424 0.8962034
vt 0.08106929 0.8969208
vt 0.08851546 0.8842555
vt 0.0882076 0.8840667
vt 0.08843076 0.8844551
vt 0.08860915 0.8840247
vt 0.08856588 0.884003
vt 0.08851546 0.8842555
vt 0.0889526 0.883773
vt 0.08891594 0.8840749
vt 0.08924949 0.8835493
vt 0.09002697 0.8827954
vt 0.08924949 0.8835493
vt 0.08994203 0.883944
vt 0.08483183 0.8933298
vt 0.08784335 0.8929362
vt 0.08442443 0.8914249
vt 0.08865594 0.8840054
vt 0.08862543 0.8839974
vt 0.08891594 0.8840749
vt 0.08780586 0.8841049
vt 0.0884934 0.8837882
vt 0.08790004 0.8836387
vt 0.09137052 0.8849668
vt 0.08994203 0.883944
vt 0.09056997 0.8853921
vt 0.08614975 0.8892012
vt 0.08797043 0.8892648
vt 0.08621913 0.8886368
vt 0.08827853 0.8899526
vt 0.08797043 0.8892648
vt 0.08637309 0.8901656
vt 0.07719647 0.897095
vt 0.07572913 0.899305
vt 0.08128225 0.8992068
vt 0.0882076 0.8840667
vt 0.08853387 0.883842
vt 0.08780586 0.8841049
vt 0.0882076 0.8840667
vt 0.08856588 0.884003
vt 0.08853387 0.883842
vt 0.08780586 0.8841049
vt 0.08790004 0.8836387
vt 0.08653891 0.8834407
vt 0.07719647 0.897095
vt 0.08128225 0.8992068
vt 0.07765424 0.8962034
vt 0.08853387 0.883842
vt 0.0889526 0.883773
vt 0.0884934 0.8837882
vt 0.0920425 0.8831323
vt 0.08955669 0.8817055
vt 0.09002697 0.8827954
vt 0.0886628 0.8839648
vt 0.08865594 0.8840054
vt 0.0889526 0.883773
vt 0.08687728 0.8913695
vt 0.08892834 0.8907319
vt 0.08637309 0.8901656
vt 0.08860719 0.8839663
vt 0.0886628 0.8839648
vt 0.08853387 0.883842
vt 0.08454871 0.8975816
vt 0.0842576 0.8971512
vt 0.08106929 0.8969208
vt 0.0894609 0.8870433
vt 0.09069162 0.8866455
vt 0.08997929 0.8859869
vt 0.0894609 0.8870433
vt 0.09011822 0.8890836
vt 0.09107488 0.8875152
vt 0.08093905 0.8939972
vt 0.08095842 0.896385
vt 0.0838654 0.8950203
vt 0.07230657 0.90409107
vt 0.07876497 0.90790076
vt 0.07547837 0.8998552
vt 0.09077978 0.8859363
vt 0.09160321 0.885487
vt 0.09056997 0.8853921
vt 0.08784335 0.8929362
vt 0.09010106 0.891652
vt 0.08687728 0.8913695
vt 0.09229379 0.8871344
vt 0.091735 0.8866515
vt 0.09107488 0.8875152
vt 0.08677881 0.90278286
vt 0.08593666 0.8999458
vt 0.08091795 0.90204478
vt 0.08532494 0.8986651
vt 0.08454871 0.8975816
vt 0.08147114 0.898083
vt 0.07230657 0.90409107
vt 0.06773138 0.90974945
vt 0.07876497 0.90790076
vt 0.08593666 0.8999458
vt 0.08532494 0.8986651
vt 0.08128225 0.8992068
vt 0.09360986 0.8830529
vt 0.09083271 0.8805623
vt 0.0920425 0.8831323
vt 0.08780646 0.8973108
vt 0.08740615 0.8969781
vt 0.08454871 0.8975816
vt 0.0873205 0.9035182
vt 0.08057963 0.90265996
vt 0.08634316 0.90941948
vt 0.09341549 0.8842077
vt 0.0920425 0.8831323
vt 0.09137052 0.8849668
vt 0.08897471 0.8943896
vt 0.08784335 0.8929362
vt 0.08536589 0.8951746
vt 0.09137052 0.8849668
vt 0.09160321 0.885487
vt 0.0931093 0.8849382
vt 0.08949351 0.8890593
vt 0.08797043 0.8892648
vt 0.08986485 0.889332
vt 0.08827853 0.8899526
vt 0.08892834 0.8907319
vt 0.08986485 0.889332
vt 0.1043586 0.8786953
vt 0.09907209 0.8735621
vt 0.09733939 0.8820448
vt 0.09232115 0.8859329
vt 0.091735 0.8866515
vt 0.09311735 0.8862846
vt 0.09010106 0.891652
vt 0.09155046 0.8898753
vt 0.08892834 0.8907319
vt 0.08949351 0.8890593
vt 0.08986485 0.889332
vt 0.08974343 0.8889869
vt 0.09622615 0.8823722
vt 0.09733939 0.8820448
vt 0.09279596 0.8794766
vt 0.09229379 0.8871344
vt 0.09107488 0.8875152
vt 0.09282529 0.889378
vt 0.0949223 0.8898911
vt 0.09576421 0.8888826
vt 0.09282529 0.889378
vt 0.0965166 0.8873741
vt 0.09311735 0.8862846
vt 0.0963546 0.8880086
vt 0.09622615 0.8823722
vt 0.09279596 0.8794766
vt 0.0950281 0.8826677
vt 0.08454871 0.8975816
vt 0.08532494 0.8986651
vt 0.08780646 0.8973108
vt 0.09058845 0.8896254
vt 0.0908454 0.8891743
vt 0.08986485 0.889332
vt 0.06626057 0.91171963
vt 0.06282311 0.91579819
vt 0.07554143 0.91875119
vt 0.09196114 0.90165353
vt 0.09014183 0.8993895
vt 0.08677881 0.90278286
vt 0.08532494 0.8986651
vt 0.08593666 0.8999458
vt 0.08833509 0.8983353
vt 0.09507864 0.8847757
vt 0.09360986 0.8830529
vt 0.09341549 0.8842077
vt 0.09010785 0.8960511
vt 0.09197783 0.8944936
vt 0.08897471 0.8943896
vt 0.06282311 0.91579819
vt 0.06127744 0.91766209
vt 0.07379621 0.92319906
vt 0.09311735 0.8862846
vt 0.0965166 0.8873741
vt 0.09446382 0.8853544
vt 0.09155046 0.8898753
vt 0.09176504 0.8892698
vt 0.09058845 0.8896254
vt 0.08784335 0.8929362
vt 0.09069144 0.893172
vt 0.09010106 0.891652
vt 0.08634316 0.90941948
vt 0.09357392 0.90867651
vt 0.0873205 0.9035182
vt 0.05790275 0.92160488
vt 0.07146805 0.93176014
vt 0.0586999 0.92060477
vt 0.0925253 0.8900236
vt 0.09282529 0.889378
vt 0.09155046 0.8898753
vt 0.0925253 0.8900236
vt 0.09155046 0.8898753
vt 0.09179109 0.891696
vt 0.07876497 0.90790076
vt 0.07615369 0.91513473
vt 0.08634316 0.90941948
vt 0.07146805 0.93176014
vt 0.05790275 0.92160488
vt 0.0642246 0.93922645
vt 0.09179109 0.891696
vt 0.09069144 0.893172
vt 0.09310233 0.8928125
vt 0.09733939 0.8820448
vt 0.09622615 0.8823722
vt 0.09954065 0.8862292
vt 0.08788788 0.91967327
vt 0.08799988 0.9179523
vt 0.07651758 0.91698504
vt 0.09014183 0.8993895
vt 0.09196114 0.90165353
vt 0.09368896 0.8975933
vt 0.09179109 0.891696
vt 0.09383052 0.8912241
vt 0.0925253 0.8900236
vt 0.08788788 0.91967327
vt 0.07651758 0.91698504
vt 0.08753746 0.92188067
vt 0.09705722 0.8863789
vt 0.09507864 0.8847757
vt 0.09630608 0.886696
vt 0.09507864 0.8847757
vt 0.09705722 0.8863789
vt 0.09639501 0.8844095
vt 0.09907209 0.8735621
vt 0.1043586 0.8786953
vt 0.1037859 0.8686865
vt 0.07554143 0.91875119
vt 0.07379621 0.92319906
vt 0.08753746 0.92188067
vt 0.09058785 0.8962778
vt 0.09208947 0.8966821
vt 0.09252476 0.894664
vt 0.09773832 0.8862944
vt 0.09860318 0.8862376
vt 0.09639501 0.8844095
vt 0.0935499 0.8929304
vt 0.09420615 0.8912888
vt 0.09310233 0.8928125
vt 0.09414416 0.8943403
vt 0.09509581 0.8916289
vt 0.0935499 0.8929304
vt 0.08949589 0.93513603
vt 0.08867114 0.93025071
vt 0.07235902 0.9299714
vt 0.09418797 0.8899248
vt 0.09423893 0.8902756
vt 0.09447157 0.8899127
vt 0.09423893 0.8902756
vt 0.09383052 0.8912241
vt 0.09440708 0.8902936
vt 0.08911281 0.9381609
vt 0.07146805 0.93176014
vt 0.0858196 0.94633282
vt 0.08949589 0.93513603
vt 0.07235902 0.9299714
vt 0.08911281 0.9381609
vt 0.1077749 0.8835456
vt 0.1043586 0.8786953
vt 0.09954065 0.8862292
vt 0.09440708 0.8902936
vt 0.09520369 0.8902032
vt 0.09447157 0.8899127
vt 0.09440708 0.8902936
vt 0.09420615 0.8912888
vt 0.09520369 0.8902032
vt 0.09368896 0.8975933
vt 0.09595942 0.8952048
vt 0.09340304 0.8953453
vt 0.09595942 0.8952048
vt 0.09716463 0.8927892
vt 0.09414416 0.8943403
vt 0.09568017 0.8990034
vt 0.09196114 0.90165353
vt 0.09667021 0.8993376
vt 0.09728425 0.91723556
vt 0.09357392 0.90867651
vt 0.08799988 0.9179523
vt 0.09520369 0.8902032
vt 0.09650361 0.8891928
vt 0.0949223 0.8898911
vt 0.09357392 0.90867651
vt 0.09728425 0.91723556
vt 0.09961682 0.905904
vt 0.08799988 0.9179523
vt 0.08788788 0.91967327
vt 0.09728425 0.91723556
vt 0.09779584 0.8960956
vt 0.09595942 0.8952048
vt 0.09568017 0.8990034
vt 0.09950101 0.9186135
vt 0.08788788 0.91967327
vt 0.09961485 0.92111487
vt 0.09788453 0.8873865
vt 0.09773832 0.8862944
vt 0.09728997 0.8873151
vt 0.09961485 0.92111487
vt 0.08753746 0.92188067
vt 0.09952157 0.92582375
vt 0.09710359 0.8881342
vt 0.09728997 0.8873151
vt 0.0963546 0.8880086
vt 0.09650361 0.8891928
vt 0.09710359 0.8881342
vt 0.09576421 0.8888826
vt 0.09716463 0.8927892
vt 0.09776365 0.8906823
vt 0.09520369 0.8902032
vt 0.09568017 0.8990034
vt 0.09667021 0.8993376
vt 0.09779584 0.8960956
vt 0.09785783 0.8883793
vt 0.09788453 0.8873865
vt 0.09710359 0.8881342
vt 0.09776365 0.8906823
vt 0.09785783 0.8883793
vt 0.09650361 0.8891928
vt 0.09788453 0.8873865
vt 0.09785783 0.8883793
vt 0.09879857 0.8874202
vt 0.09779584 0.8960956
vt 0.09882777 0.8932674
vt 0.09595942 0.8952048
vt 0.09954065 0.8862292
vt 0.09860318 0.8862376
vt 0.09951108 0.8873429
vt 0.1043586 0.8786953
vt 0.1077749 0.8835456
vt 0.1101282 0.8755786
vt 0.1085361 0.93346376
vt 0.103681 0.92904115
vt 0.08949589 0.93513603
vt 0.09951108 0.8873429
vt 0.09879857 0.8874202
vt 0.09962105 0.8882866
vt 0.1102973 0.8874405
vt 0.1077749 0.8835456
vt 0.09951108 0.8873429
vt 0.09985405 0.8933356
vt 0.09882777 0.8932674
vt 0.09883612 0.8962925
vt 0.1100535 0.8891713
vt 0.1102973 0.8874405
vt 0.09962105 0.8882866
vt 0.09901863 0.8906998
vt 0.09999942 0.890631
vt 0.09889036 0.8884504
vt 0.1098381 0.91482622
vt 0.1068137 0.91404957
vt 0.09950101 0.9186135
vt 0.09952157 0.92582375
vt 0.1136272 0.92013497
vt 0.09961485 0.92111487
vt 0.1098381 0.91482622
vt 0.09950101 0.9186135
vt 0.1108688 0.91735524
vt 0.1498243 0.8244343
vt 0.1441981 0.8297186
vt 0.1692883 0.8469816
vt 0.1507083 0.8599619
vt 0.160446 0.8549873
vt 0.1348389 0.8384595
vt 0.1127496 0.8587475
vt 0.1037859 0.8686865
vt 0.121874 0.8680459
vt 0.1108688 0.91735524
vt 0.1136272 0.92013497
vt 0.1203309 0.91177071
vt 0.1182499 0.90916783
vt 0.1098381 0.91482622
vt 0.1203309 0.91177071
vt 0.1244121 0.8674868
vt 0.1143231 0.8577587
vt 0.121874 0.8680459
vt 0.1270671 0.866692
vt 0.1163548 0.8562079
vt 0.1244121 0.8674868
vt 0.1245545 0.8468491
vt 0.1163548 0.8562079
vt 0.1360957 0.858829
vt 0.1182499 0.90916783
vt 0.1149643 0.9090944
vt 0.1098381 0.91482622
vt 0.1332737 0.8391352
vt 0.1484401 0.8600305
vt 0.1348389 0.8384595
vt 0.1332737 0.8391352
vt 0.1424951 0.8561556
vt 0.1484401 0.8600305
vt 0.1136272 0.92013497
vt 0.118762 0.92357445
vt 0.1220104 0.91365535
vt 0.1687352 0.8574843
vt 0.1690633 0.8668912
vt 0.1763845 0.8644283
vt 0.1690633 0.8668912
vt 0.1762759 0.8793031
vt 0.1767622 0.8737993
vt 0.1690633 0.8668912
vt 0.165303 0.8713985
vt 0.1762759 0.8793031
vt 0.1244724 0.90202445
vt 0.1182499 0.90916783
vt 0.1275213 0.90367789
vt 0.1360957 0.858829
vt 0.1270671 0.866692
vt 0.1428648 0.8713347
vt 0.1458376 0.91747046
vt 0.1314193 0.92869783
vt 0.1502115 0.92398775
vt 0.130155 0.8785294
vt 0.1244121 0.8674868
vt 0.1276887 0.8789233
vt 0.1648187 0.8675471
vt 0.1690633 0.8668912
vt 0.1645265 0.8620589
vt 0.1618927 0.8716061
vt 0.165303 0.8713985
vt 0.1618875 0.8693169
vt 0.1244724 0.90202445
vt 0.1221337 0.90133745
vt 0.1182499 0.90916783
vt 0.1123669 0.8823935
vt 0.1276887 0.8789233
vt 0.1101282 0.8755786
vt 0.1102973 0.8874405
vt 0.1286274 0.8830429
vt 0.1123669 0.8823935
vt 0.1260804 0.894412
vt 0.1099894 0.8944476
vt 0.1221337 0.90133745
vt 0.1360957 0.858829
vt 0.1404527 0.857453
vt 0.1245545 0.8468491
vt 0.1260804 0.894412
vt 0.1264954 0.8936092
vt 0.1099894 0.8944476
vt 0.1618927 0.8716061
vt 0.1618875 0.8693169
vt 0.1598202 0.8700613
vt 0.1595734 0.8800887
vt 0.163068 0.8857843
vt 0.1618927 0.8716061
vt 0.1289123 0.8867158
vt 0.1100535 0.8891713
vt 0.1264954 0.8936092
vt 0.1287978 0.8941123
vt 0.1244724 0.90202445
vt 0.1322211 0.8947817
vt 0.1687352 0.8574843
vt 0.160446 0.8549873
vt 0.1531956 0.8627518
vt 0.1221337 0.90133745
vt 0.1244724 0.90202445
vt 0.1260804 0.894412
vt 0.1483033 0.8980535
vt 0.1421198 0.8988428
vt 0.1401896 0.91395402
vt 0.1401896 0.91395402
vt 0.1458376 0.91747046
vt 0.1483033 0.8980535
vt 0.1594968 0.8673607
vt 0.1586827 0.8630224
vt 0.1575155 0.8678254
vt 0.1338258 0.8858789
vt 0.1308619 0.8865315
vt 0.1322211 0.8947817
vt 0.1338258 0.8858789
vt 0.133319 0.8945222
vt 0.1444728 0.8873905
vt 0.1595734 0.8800887
vt 0.1618927 0.8716061
vt 0.1585315 0.8755717
vt 0.1287978 0.8941123
vt 0.1308619 0.8865315
vt 0.1264954 0.8936092
vt 0.1404527 0.857453
vt 0.1424951 0.8561556
vt 0.1266755 0.8451466
vt 0.1428648 0.8713347
vt 0.1319235 0.8755327
vt 0.1441623 0.8753968
vt 0.1428648 0.8713347
vt 0.14704 0.8701783
vt 0.1360957 0.858829
vt 0.1447528 0.879152
vt 0.1338158 0.883382
vt 0.1444728 0.8873905
vt 0.1307931 0.8828909
vt 0.1308619 0.8865315
vt 0.1338158 0.883382
vt 0.1307931 0.8828909
vt 0.130155 0.8785294
vt 0.1286274 0.8830429
vt 0.1441623 0.8753968
vt 0.1326407 0.8780422
vt 0.1447528 0.879152
vt 0.1308619 0.8865315
vt 0.1307931 0.8828909
vt 0.1289123 0.8867158
vt 0.1503236 0.8696202
vt 0.1531956 0.8627518
vt 0.1457991 0.859783
vt 0.1421198 0.8988428
vt 0.1483033 0.8980535
vt 0.1444728 0.8873905
vt 0.1567735 0.8807976
vt 0.1547429 0.8854036
vt 0.1595734 0.8800887
vt 0.1507872 0.8767759
vt 0.1480393 0.8779629
vt 0.1529237 0.8830321
vt 0.1561501 0.8738313
vt 0.1507872 0.8767759
vt 0.1570332 0.8766729
vt 0.1444728 0.8873905
vt 0.1493248 0.8851283
vt 0.1447528 0.879152
vt 0.14704 0.8701783
vt 0.1428648 0.8713347
vt 0.1475305 0.874392
vt 0.1447528 0.879152
vt 0.1480393 0.8779629
vt 0.1441623 0.8753968
vt 0.1480393 0.8779629
vt 0.1507872 0.8767759
vt 0.1475305 0.874392
vt 0.1503236 0.8696202
vt 0.14704 0.8701783
vt 0.1503101 0.8734535
vt 0.1570332 0.8766729
vt 0.1567735 0.8807976
vt 0.1585315 0.8755717
vt 0.1585315 0.8755717
vt 0.1600809 0.8720318
vt 0.1570332 0.8766729
vt 0.09985405 0.8933356
vt 0.09883612 0.8962925
vt 0.1081166 0.898096
vt 0.07535946 0.8697152
vt 0.0791307 0.876016
vt 0.07872718 0.8681425
vt 0.05962759 0.90241927
vt 0.05780106 0.9038952
vt 0.06690335 0.91082263
vt 0.06626057 0.91171963
vt 0.07554143 0.91875119
vt 0.06690335 0.91082263
vt 0.06773138 0.90974945
vt 0.06690335 0.91082263
vt 0.07615369 0.91513473
vt 0.06773138 0.90974945
vt 0.06107896 0.90218628
vt 0.06690335 0.91082263
vt 0.06107896 0.90218628
vt 0.0571236 0.8919231
vt 0.05962759 0.90241927
vt 0.05421185 0.90600747
vt 0.04952055 0.8939006
vt 0.05111783 0.90635974
vt 0.06282311 0.91579819
vt 0.05421185 0.90600747
vt 0.06127744 0.91766209
vt 0.04792147 0.90825338
vt 0.0586999 0.92060477
vt 0.05111783 0.90635974
vt 0.06127744 0.91766209
vt 0.0586999 0.92060477
vt 0.07286715 0.9255544
vt 0.08867114 0.93025071
vt 0.08732938 0.92692715
vt 0.07286715 0.9255544
vt 0.08732938 0.92692715
vt 0.08867114 0.93025071
vt 0.09952157 0.92582375
vt 0.09962105 0.8882866
vt 0.09999942 0.890631
vt 0.1100535 0.8891713
vt 0.1100535 0.8891713
vt 0.1289123 0.8867158
vt 0.1102973 0.8874405
vt 0.09999942 0.890631
vt 0.09985405 0.8933356
vt 0.1098181 0.8906855
vt 0.09961682 0.905904
vt 0.1051051 0.90098
vt 0.09667021 0.8993376
vt 0.0873205 0.9035182
vt 0.09189081 0.90270734
vt 0.08677881 0.90278286
vt 0.09952157 0.92582375
vt 0.103681 0.92904115
vt 0.1136272 0.92013497
vt 0.1261905 0.92582667
vt 0.118762 0.92357445
vt 0.1085361 0.93346376
vt 0.118762 0.92357445
vt 0.1261905 0.92582667
vt 0.1319001 0.91424245
vt 0.1458376 0.91747046
vt 0.1401896 0.91395402
vt 0.1314193 0.92869783
vt 0.08813232 0.8488704
vt 0.08835864 0.850711
vt 0.1018345 0.8510732
vt 0.1127496 0.8587475
vt 0.1009547 0.8528048
vt 0.1037859 0.8686865
vt 0.1051051 0.90098
vt 0.1149643 0.9090944
vt 0.1081166 0.898096
vt 0.09999942 0.890631
vt 0.09901863 0.8906998
vt 0.09985405 0.8933356
vt 0.08740615 0.8969781
vt 0.08780646 0.8973108
vt 0.09010785 0.8960511
vt 0.09058785 0.8962778
vt 0.09252476 0.894664
vt 0.09010785 0.8960511
vt 0.06606024 0.8797316
vt 0.06878936 0.8752692
vt 0.05783343 0.8748499
vt 0.06878936 0.8752692
vt 0.07223808 0.8718053
vt 0.06230968 0.8661664
vt 0.06418335 0.8406982
vt 0.05377995 0.8499024
vt 0.06502014 0.8457975
vt 0.04995715 0.8464625
vt 0.06367594 0.8346032
vt 0.04635888 0.8424396
vt 0.06367594 0.8346032
vt 0.06680101 0.8284607
vt 0.06006747 0.8304933
vt 0.09093922 0.8268006
vt 0.0899114 0.8288103
vt 0.09366434 0.8279222
vt 0.0899114 0.8288103
vt 0.09093922 0.8268006
vt 0.08629006 0.8274169
vt 0.07363069 0.8788962
vt 0.06878936 0.8752692
vt 0.0715999 0.8816788
vt 0.07407385 0.8864421
vt 0.07344186 0.8864334
vt 0.07428854 0.8889922
vt 0.07423293 0.8936371
vt 0.07501822 0.8930691
vt 0.07267725 0.889764
vt 0.07801908 0.8954245
vt 0.07584285 0.8929858
vt 0.07765424 0.8962034
vt 0.07983225 0.8801153
vt 0.0799514 0.8798387
vt 0.07852691 0.8802369
vt 0.07588088 0.88284
vt 0.0753079 0.8822844
vt 0.0749762 0.884109
vt 0.07594555 0.8831133
vt 0.07588088 0.88284
vt 0.07501733 0.8843638
vt 0.07879692 0.8810424
vt 0.07966172 0.8806344
vt 0.07882016 0.8808418
vt 0.07675755 0.8841756
vt 0.07772618 0.8832025
vt 0.07594555 0.8831133
vt 0.08413392 0.8766774
vt 0.08428156 0.8759637
vt 0.08289319 0.8768532
vt 0.08289319 0.8768532
vt 0.08299022 0.8773265
vt 0.08413392 0.8766774
vt 0.04640096 0.8621502
vt 0.04229873 0.8766821
vt 0.05009055 0.8644572
vt 0.07986593 0.8482281
vt 0.08340102 0.8475475
vt 0.07494223 0.8402303
vt 0.07146555 0.8511512
vt 0.06502014 0.8457975
vt 0.06395357 0.8564065
vt 0.05650293 0.8636942
vt 0.05009055 0.8644572
vt 0.05251914 0.8712015
vt 0.06502014 0.8457975
vt 0.07146555 0.8511512
vt 0.07494223 0.8402303
vt 0.130155 0.8785294
vt 0.1307931 0.8828909
vt 0.1326407 0.8780422
vt 0.07975536 0.88038
vt 0.0801261 0.8803776
vt 0.07983225 0.8801153
vt 0.07966172 0.8806344
vt 0.08005183 0.8818464
vt 0.08005309 0.8807471
vt 0.08780646 0.8973108
vt 0.08833509 0.8983353
vt 0.09058785 0.8962778
vt 0.09340304 0.8953453
vt 0.09414416 0.8943403
vt 0.09252476 0.894664
vt 0.09310233 0.8928125
vt 0.09197783 0.8944936
vt 0.0935499 0.8929304
vt 0.08833509 0.8983353
vt 0.09014183 0.8993895
vt 0.09208947 0.8966821
vt 0.09282529 0.889378
vt 0.0925253 0.8900236
vt 0.09418797 0.8899248
vt 0.0838654 0.8950203
vt 0.0842576 0.8971512
vt 0.08536589 0.8951746
vt 0.08536589 0.8951746
vt 0.08740615 0.8969781
vt 0.08897471 0.8943896
vt 0.09357392 0.90867651
vt 0.09961682 0.905904
vt 0.09189081 0.90270734
vt 0.07547837 0.8998552
vt 0.08057963 0.90265996
vt 0.07572913 0.899305
vt 0.08057963 0.90265996
vt 0.0873205 0.9035182
vt 0.08091795 0.90204478
vt 0.0425682 0.8605891
vt 0.03613835 0.8601328
vt 0.03886288 0.8763418
vt 0.03786152 0.91287625
vt 0.04625231 0.90935857
vt 0.03265267 0.8969649
vt 0.1085361 0.93346376
vt 0.08949589 0.93513603
vt 0.1085351 0.93801851
vt 0.1085351 0.93801851
vt 0.08911281 0.9381609
vt 0.1085513 0.94633282
vt 0.1085513 0.94633282
vt 0.1305981 0.93859119
vt 0.1085351 0.93801851
vt 0.1314193 0.92869783
vt 0.1261905 0.92582667
vt 0.1085351 0.93801851
vt 0.1502115 0.92398775
vt 0.1617116 0.90447814
vt 0.1458376 0.91747046
vt 0.09728997 0.8873151
vt 0.09705722 0.8863789
vt 0.0965166 0.8873741
vt 0.09083271 0.8805623
vt 0.09169936 0.8801552
vt 0.08729237 0.879245
vt 0.09083271 0.8805623
vt 0.09360986 0.8830529
vt 0.09169936 0.8801552
vt 0.09639501 0.8844095
vt 0.0950281 0.8826677
vt 0.09507864 0.8847757
vt 0.07606017 0.8927603
vt 0.07818329 0.8948536
vt 0.07773917 0.8918301
vt 0.1199856 0.8034941
vt 0.1051206 0.820209
vt 0.1187645 0.8129633
vt 0.1526066 0.8716339
vt 0.1503101 0.8734535
vt 0.1561501 0.8738313
vt 0.08397096 0.888604
vt 0.08422106 0.8889411
vt 0.08621913 0.8886368
vt 0.08949351 0.8890593
vt 0.08891963 0.8885682
vt 0.08797043 0.8892648
vt 0.09773832 0.8862944
vt 0.09788453 0.8873865
vt 0.09860318 0.8862376
vt 0.08924949 0.8835493
vt 0.09002697 0.8827954
vt 0.0884934 0.8837882
vt 0.08764457 0.8814602
vt 0.08663713 0.8822496
vt 0.08773398 0.8822098
vt 0.08786958 0.8781116
vt 0.08857381 0.8772319
vt 0.08413392 0.8766774
vt 0.09503942 0.8128921
vt 0.08546561 0.8094907
vt 0.0876041 0.8253723
vt 0.1575155 0.8678254
vt 0.1600809 0.8720318
vt 0.1598202 0.8700613
vt 0.04224079 0.892791
vt 0.04792147 0.90825338
vt 0.04615402 0.892275
vt 0.1220104 0.91365535
vt 0.1319001 0.91424245
vt 0.1301832 0.90251422
vt 0.1203309 0.91177071
vt 0.1220104 0.91365535
vt 0.1275213 0.90367789
vt 0.1275213 0.90367789
vt 0.1301832 0.90251422
vt 0.1322211 0.8947817
vt 0.04654645 0.8776388
vt 0.04615402 0.892275
vt 0.04950654 0.8816303
vt 0.09785783 0.8883793
vt 0.09776365 0.8906823
vt 0.09889036 0.8884504
vt 0.1645265 0.8620589
vt 0.1687352 0.8574843
vt 0.1586827 0.8630224
vt 0.08530038 0.8798066
vt 0.08377075 0.8779293
vt 0.08395922 0.8799859
vt 0.07213282 0.8814272
vt 0.0715999 0.8816788
vt 0.07044601 0.8850589
vt 0.05688375 0.8740429
vt 0.05536782 0.8820645
vt 0.05783343 0.8748499
vt 0.1149643 0.9090944
vt 0.1051051 0.90098
vt 0.1068137 0.91404957
vt 0.06450563 0.8853739
vt 0.06981641 0.8854683
vt 0.06606024 0.8797316
vt 0.06450563 0.8853739
vt 0.06606024 0.8797316
vt 0.05665093 0.8835395
vt 0.1163548 0.8562079
vt 0.1033185 0.8491745
vt 0.1143231 0.8577587
vt 0.1526066 0.8716339
vt 0.1561501 0.8738313
vt 0.1546902 0.8705337
vt 0.1617116 0.90447814
vt 0.163068 0.8857843
vt 0.155188 0.8976285
vt 0.155188 0.8976285
vt 0.1547429 0.8854036
vt 0.1483033 0.8980535
vt 0.0816664 0.8761557
vt 0.08175265 0.8771261
vt 0.08285486 0.8760574
vt 0.0816664 0.8761557
vt 0.0793187 0.876639
vt 0.08175265 0.8771261
vt 0.160446 0.8549873
vt 0.1687352 0.8574843
vt 0.1692883 0.8469816
vt 0.1187645 0.8129633
vt 0.1288603 0.8045475
vt 0.1199856 0.8034941
vt 0.1270671 0.866692
vt 0.1244121 0.8674868
vt 0.1319235 0.8755327
vt 0.09507864 0.8847757
vt 0.09341549 0.8842077
vt 0.09446382 0.8853544
vt 0.04377174 0.798597
vt 0.08451634 0.784411
vt 0.03176081 0.7824999
vt 0.0731489 0.7928315
vt 0.08451634 0.784411
vt 0.05963838 0.798597
vt 0.03526121 0.7676132
vt 0.03176081 0.7824999
vt 0.06562381 0.7536673
vt 0.07331746 0.889086
vt 0.07702612 0.8884699
vt 0.07684308 0.887335
vt 0.07811856 0.8892072
vt 0.07811009 0.8904141
vt 0.07870686 0.8897874
vt 0.07811009 0.8904141
vt 0.07773917 0.8918301
vt 0.07865053 0.8910413
vt 0.08075308 0.8922486
vt 0.0816217 0.8925639
vt 0.080886 0.8906201
vt 0.080886 0.8906201
vt 0.08174759 0.8908523
vt 0.08079022 0.8891411
vt 0.07702612 0.8884699
vt 0.07811856 0.8892072
vt 0.07801324 0.8887033
vt 0.08190572 0.8880991
vt 0.08116084 0.8874347
vt 0.08172291 0.8893879
vt 0.0816217 0.8925639
vt 0.08075308 0.8922486
vt 0.08093905 0.8939972
vt 0.07834225 0.8919675
vt 0.07915437 0.8932031
vt 0.08043956 0.8933388
vt 0.08116084 0.8874347
vt 0.07684308 0.887335
vt 0.08079022 0.8891411
vt 0.07801324 0.8887033
vt 0.07870686 0.8897874
vt 0.08079022 0.8891411
vt 0.07870686 0.8897874
vt 0.07865053 0.8910413
vt 0.080886 0.8906201
vt 0.07865053 0.8910413
vt 0.07834225 0.8919675
vt 0.08075308 0.8922486
usemtl RFinger12UV
f 1/1 2/2 3/3
f 5/4 6/5 7/6
f 10/7 11/8 7/9
f 12/10 13/11 14/12
f 15/13 16/14 17/15
f 18/16 19/17 20/18
f 21/19 22/20 23/21
f 24/22 25/23 26/24
f 27/25 28/26 29/27
f 30/28 31/29 32/30
f 33/31 34/32 35/33
f 36/34 37/35 38/36
f 39/37 40/38 41/39
f 42/40 43/41 44/42
f 45/43 46/44 47/45
f 48/46 49/47 50/48
f 51/49 52/50 53/51
f 54/52 53/53 52/54
f 55/55 52/56 40/57
f 56/58 57/59 58/60
f 59/61 60/62 61/63
f 62/64 63/65 64/66
f 65/67 66/68 67/69
f 68/70 69/71 70/72
f 71/73 72/74 73/75
f 74/76 75/77 67/78
f 65/79 76/80 77/81
f 67/82 78/83 79/84
f 74/85 79/86 80/87
f 81/88 82/89 83/90
f 84/91 85/92 86/93
f 87/94 88/95 89/96
f 90/97 91/98 92/99
f 93/100 94/101 95/102
f 96/103 97/104 98/105
f 99/106 100/107 101/108
f 102/109 103/110 104/111
f 104/112 103/113 105/114
f 96/115 106/116 107/117
f 108/118 109/119 110/120
f 111/121 112/122 108/123
f 111/124 108/125 110/126
f 113/127 114/128 115/129
f 117/130 118/131 119/132
f 116/133 119/134 121/135
f 122/136 123/137 118/138
f 118/139 124/140 125/141
f 119/142 125/143 126/144
f 12/145 14/146 123/147
f 123/148 127/149 124/150
f 125/151 124/152 128/153
f 123/154 14/155 20/156
f 18/157 20/158 14/159
f 130/160 17/161 16/162
f 132/163 133/164 134/165
f 19/166 135/167 127/168
f 124/169 127/170 135/171
f 136/172 137/173 138/174
f 121/175 139/176 140/177
f 134/178 141/179 142/180
f 137/181 136/182 142/183
f 144/184 132/185 145/186
f 15/187 145/188 16/189
f 15/190 17/191 146/192
f 147/193 144/194 145/195
f 125/196 129/197 148/198
f 133/199 149/200 141/201
f 141/202 150/203 151/204
f 139/205 121/206 126/207
f 138/208 137/209 135/210
f 128/211 135/212 137/213
f 149/214 133/215 153/216
f 155/217 153/218 144/219
f 146/220 135/221 19/222
f 146/223 19/224 18/225
f 157/226 128/227 143/228
f 15/229 5/230 8/231
f 5/232 15/233 146/234
f 149/235 158/236 150/237
f 154/238 159/239 158/240
f 161/241 162/242 163/243
f 165/244 161/245 160/246
f 5/247 156/248 6/249
f 155/250 147/251 8/252
f 11/253 155/254 8/255
f 166/256 167/257 160/258
f 154/259 153/260 161/261
f 168/262 169/263 157/264
f 153/265 155/266 162/267
f 167/268 170/269 164/270
f 171/271 172/272 158/273
f 157/274 169/275 129/276
f 173/277 129/278 169/279
f 173/280 174/281 148/282
f 176/283 177/284 178/285
f 175/286 18/287 13/288
f 13/289 26/290 25/291
f 164/292 179/293 180/294
f 162/295 181/296 182/297
f 126/298 148/299 183/300
f 180/301 171/302 159/303
f 181/304 184/305 185/306
f 6/307 186/308 9/309
f 6/310 156/311 32/312
f 188/313 168/314 189/315
f 168/316 188/317 173/318
f 25/319 29/320 177/321
f 185/322 184/323 190/324
f 187/325 189/326 172/327
f 182/328 185/329 192/330
f 177/331 194/332 195/333
f 196/334 9/335 186/336
f 185/337 190/338 38/339
f 171/340 180/341 199/342
f 172/343 171/344 198/345
f 200/346 156/347 18/348
f 190/349 184/350 202/351
f 203/352 22/353 21/354
f 206/355 21/356 23/357
f 207/358 208/359 198/360
f 174/361 173/362 188/363
f 187/364 210/365 209/366
f 202/367 211/368 212/369
f 195/370 194/371 31/372
f 29/373 28/374 194/375
f 194/376 28/377 214/378
f 207/379 199/380 216/381
f 203/382 204/383 218/384
f 34/385 196/386 197/387
f 198/388 208/389 219/390
f 190/391 201/392 36/393
f 34/394 33/395 220/396
f 32/397 156/398 200/399
f 221/400 222/401 206/402
f 31/403 213/404 34/405
f 217/406 218/407 222/408
f 34/409 213/410 35/411
f 194/412 213/413 31/414
f 223/415 224/416 174/417
f 27/418 29/419 25/420
f 210/421 225/422 223/423
f 210/424 219/425 226/426
f 215/427 216/428 228/429
f 230/430 207/431 215/432
f 224/433 183/434 148/435
f 27/436 24/437 21/438
f 21/439 24/440 231/441
f 231/442 24/443 26/444
f 213/445 214/446 233/447
f 201/448 212/449 234/450
f 236/451 227/452 228/453
f 237/454 27/455 206/456
f 33/457 35/458 233/459
f 237/460 238/461 28/462
f 239/463 240/464 241/465
f 231/466 243/467 218/468
f 244/469 231/470 232/471
f 28/472 238/473 214/474
f 240/475 246/476 247/477
f 249/478 246/479 240/480
f 243/481 237/482 222/483
f 239/484 250/485 248/486
f 252/487 223/488 225/489
f 250/490 167/491 166/492
f 253/493 166/494 193/495
f 256/496 233/497 214/498
f 208/499 207/500 230/501
f 259/502 211/503 33/504
f 235/505 260/506 261/507
f 229/508 215/509 227/510
f 263/511 262/512 227/513
f 264/514 247/515 246/516
f 248/517 250/518 253/519
f 266/520 267/521 249/522
f 241/523 247/524 268/525
f 243/526 231/527 244/528
f 271/529 226/530 257/531
f 257/532 230/533 272/534
f 272/535 230/536 229/537
f 249/538 265/539 246/540
f 192/541 274/542 254/543
f 247/544 264/545 275/546
f 265/547 249/548 277/549
f 268/550 278/551 261/552
f 254/553 266/554 253/555
f 274/556 192/557 38/558
f 255/559 214/560 238/561
f 36/562 234/563 281/564
f 282/565 283/566 267/567
f 285/568 243/569 269/570
f 282/571 266/572 254/573
f 277/574 286/575 287/576
f 288/577 212/578 211/579
f 289/580 275/581 264/582
f 273/583 229/584 262/585
f 291/586 287/587 286/588
f 275/589 293/590 278/591
f 295/592 296/593 289/594
f 262/595 263/596 297/597
f 298/598 234/599 212/600
f 292/601 286/602 299/603
f 274/604 279/605 45/606
f 291/607 301/608 294/609
f 301/610 302/611 295/612
f 303/613 304/614 291/615
f 306/616 261/617 278/618
f 278/619 293/620 307/621
f 309/622 310/623 299/624
f 302/625 301/626 312/627
f 37/628 313/629 279/630
f 314/631 45/632 279/633
f 283/634 282/635 45/636
f 46/637 45/638 314/639
f 313/640 37/641 281/642
f 317/643 47/644 46/645
f 310/646 42/647 319/648
f 317/649 320/650 310/651
f 302/652 321/653 322/654
f 318/655 46/656 315/657
f 319/658 44/659 325/660
f 326/661 327/662 305/663
f 328/664 329/665 330/666
f 331/667 332/668 328/669
f 325/670 333/671 334/672
f 319/673 42/674 44/675
f 330/676 329/677 334/678
f 335/679 281/680 234/681
f 336/682 337/683 315/684
f 320/685 317/686 318/687
f 42/688 310/689 320/690
f 339/691 340/692 43/693
f 321/694 341/695 342/696
f 321/697 343/698 344/699
f 44/700 43/701 345/702
f 345/703 346/704 333/705
f 323/706 55/707 338/708
f 331/709 48/710 50/711
f 338/712 347/713 339/714
f 337/715 348/716 323/717
f 347/718 349/719 340/720
f 347/721 338/722 55/723
f 43/724 340/725 350/726
f 348/727 54/728 55/729
f 347/730 39/731 349/732
f 55/733 54/734 52/735
f 55/736 40/737 39/738
f 316/739 351/740 352/741
f 353/742 354/743 41/744
f 356/745 357/746 358/747
f 353/748 40/749 52/750
f 51/751 359/752 358/753
f 51/754 53/755 359/756
f 361/757 356/758 355/759
f 348/760 337/761 363/762
f 54/763 348/764 362/765
f 364/766 365/767 53/768
f 365/769 359/770 53/771
f 366/772 367/773 368/774
f 370/775 367/776 366/777
f 373/778 370/779 371/780
f 83/781 85/782 84/783
f 83/784 82/785 67/786
f 374/787 375/788 373/789
f 370/790 376/791 377/792
f 378/793 376/794 370/795
f 85/796 83/797 70/798
f 81/799 84/800 379/801
f 380/802 381/803 82/804
f 374/805 382/806 383/807
f 382/808 384/809 252/810
f 385/811 252/812 251/813
f 271/814 387/815 386/816
f 388/817 380/818 81/819
f 389/820 388/821 115/822
f 379/823 84/824 390/825
f 390/826 84/827 86/828
f 393/829 378/830 373/831
f 113/832 115/833 379/834
f 395/835 396/836 397/837
f 86/838 85/839 69/840
f 399/841 400/842 401/843
f 399/844 377/845 376/846
f 272/847 403/848 404/849
f 405/850 395/851 380/852
f 389/853 406/854 405/855
f 397/856 407/857 381/858
f 404/859 387/860 271/861
f 391/862 390/863 395/864
f 255/865 280/866 392/867
f 394/868 379/869 391/870
f 410/871 402/872 376/873
f 409/874 391/875 405/876
f 412/877 385/878 386/879
f 67/880 79/881 74/882
f 66/883 68/884 70/885
f 75/886 76/887 65/888
f 86/889 408/890 392/891
f 385/892 412/893 383/894
f 413/895 375/896 383/897
f 414/898 415/899 273/900
f 416/901 398/902 69/903
f 417/904 396/905 395/906
f 418/907 410/908 378/909
f 419/910 66/911 65/912
f 422/913 404/914 403/915
f 411/916 386/917 387/918
f 297/919 424/920 414/921
f 423/922 387/923 404/924
f 256/925 255/926 408/927
f 427/928 412/929 411/930
f 415/931 414/932 429/933
f 408/934 86/935 398/936
f 393/937 375/938 413/939
f 416/940 62/941 64/942
f 64/943 430/944 398/945
f 399/946 402/947 432/948
f 410/949 433/950 432/951
f 431/952 434/953 393/954
f 298/955 288/956 435/957
f 419/958 420/959 63/960
f 437/961 433/962 410/963
f 432/964 75/965 74/966
f 435/967 288/968 259/969
f 65/970 77/971 72/972
f 438/973 420/974 72/975
f 63/976 420/977 440/978
f 438/979 440/980 420/981
f 259/982 258/983 87/984
f 423/985 442/986 426/987
f 76/988 75/989 432/990
f 326/991 443/992 444/993
f 446/994 422/995 421/996
f 422/997 446/998 442/999
f 447/1000 64/1001 63/1002
f 425/1003 408/1004 430/1005
f 450/1006 434/1007 431/1008
f 451/1009 452/1010 443/1011
f 441/1012 453/1013 447/1014
f 77/1015 76/1016 433/1017
f 434/1018 454/1019 418/1020
f 455/1021 456/1022 428/1023
f 457/1024 458/1025 342/1026
f 72/1027 77/1028 437/1029
f 437/1030 418/1031 454/1032
f 424/1033 460/1034 429/1035
f 341/1036 344/1037 461/1038
f 434/1039 450/1040 462/1041
f 89/1042 463/1043 464/1044
f 460/1045 424/1046 466/1047
f 445/1048 467/1049 468/1050
f 454/1051 462/1052 469/1053
f 469/1054 470/1055 459/1056
f 466/1057 444/1058 471/1059
f 71/1060 439/1061 72/1062
f 448/1063 447/1064 453/1065
f 472/1066 473/1067 88/1068
f 436/1069 474/1070 335/1071
f 443/1072 475/1073 471/1074
f 477/1075 478/1076 479/1077
f 463/1078 89/1079 88/1080
f 481/1081 469/1082 462/1083
f 468/1084 478/1085 477/1086
f 483/1087 481/1088 480/1089
f 485/1090 452/1091 458/1092
f 470/1093 486/1094 71/1095
f 469/1096 481/1097 486/1098
f 457/1099 461/1100 488/1101
f 458/1102 457/1103 487/1104
f 436/1105 435/1106 464/1107
f 489/1108 439/1109 71/1110
f 481/1111 483/1112 489/1113
f 490/1114 482/1115 478/1116
f 491/1117 483/1118 482/1119
f 445/1120 456/1121 492/1122
f 455/1123 429/1124 460/1125
f 494/1126 438/1127 439/1128
f 483/1129 491/1130 489/1131
f 493/1132 495/1133 496/1134
f 465/1135 497/1136 493/1137
f 490/1138 468/1139 467/1140
f 465/1141 471/1142 499/1143
f 473/1144 472/1145 500/1146
f 471/1147 475/1148 502/1149
f 500/1150 441/1151 440/1152
f 503/1153 440/1154 438/1155
f 504/1156 494/1157 489/1158
f 492/1159 505/1160 498/1161
f 501/1162 500/1163 503/1164
f 506/1165 503/1166 494/1167
f 506/1168 507/1169 508/1170
f 509/1171 491/1172 490/1173
f 463/1174 508/1175 510/1176
f 509/1177 504/1178 491/1179
f 57/1180 56/1181 474/1182
f 511/1183 504/1184 509/1185
f 513/1186 485/1187 484/1188
f 508/1189 507/1190 514/1191
f 57/1192 464/1193 510/1194
f 509/1195 498/1196 505/1197
f 58/1198 510/1199 514/1200
f 517/1201 514/1202 507/1203
f 495/1204 493/1205 497/1206
f 519/1207 520/1208 499/1209
f 497/1210 499/1211 520/1212
f 355/1213 521/1214 522/1215
f 521/1216 355/1217 358/1218
f 335/1219 474/1220 523/1221
f 519/1222 524/1223 525/1224
f 518/1225 520/1226 525/1227
f 352/1228 351/1229 523/1230
f 363/1231 352/1232 527/1233
f 363/1234 528/1235 529/1236
f 530/1237 495/1238 518/1239
f 365/1240 109/1241 359/1242
f 94/1243 93/1244 358/1245
f 109/1246 108/1247 94/1248
f 531/1249 532/1250 524/1251
f 97/1252 103/1253 102/1254
f 534/1255 535/1256 103/1257
f 96/1258 107/1259 534/1260
f 526/1261 525/1262 536/1263
f 528/1264 90/1265 538/1266
f 540/1267 541/1268 542/1269
f 527/1270 523/1271 543/1272
f 97/1273 533/1274 544/1275
f 96/1276 98/1277 545/1278
f 547/1279 530/1280 526/1281
f 543/1282 523/1283 474/1284
f 548/1285 543/1286 56/1287
f 550/1288 551/1289 547/1290
f 110/1291 364/1292 362/1293
f 552/1294 553/1295 550/1296
f 545/1297 99/1298 101/1299
f 106/1300 96/1301 546/1302
f 516/1303 553/1304 552/1305
f 537/1306 536/1307 556/1308
f 558/1309 559/1310 560/1311
f 521/1312 93/1313 95/1314
f 537/1315 557/1316 549/1317
f 560/1318 532/1319 561/1320
f 539/1321 563/1322 562/1323
f 564/1324 95/1325 100/1326
f 558/1327 565/1328 556/1329
f 566/1330 557/1331 556/1332
f 558/1333 560/1334 567/1335
f 546/1336 101/1337 568/1338
f 552/1339 549/1340 557/1341
f 566/1342 555/1343 552/1344
f 109/1345 365/1346 364/1347
f 90/1348 92/1349 569/1350
f 111/1351 110/1352 529/1353
f 570/1354 565/1355 567/1356
f 566/1357 565/1358 570/1359
f 91/1360 543/1361 548/1362
f 92/1363 570/1364 571/1365
f 95/1366 112/1367 100/1368
f 572/1369 548/1370 555/1371
f 95/1372 94/1373 108/1374
f 562/1375 573/1376 567/1377
f 60/1378 106/1379 554/1380
f 59/1381 573/1382 60/1383
f 574/1384 59/1385 61/1386
f 576/1387 573/1388 59/1389
f 575/1390 59/1391 574/1392
f 573/1393 576/1394 571/1395
f 112/1396 578/1397 579/1398
f 580/1399 112/1400 579/1401
f 538/1402 569/1403 581/1404
f 576/1405 581/1406 569/1407
f 575/1408 578/1409 581/1410
f 111/1411 581/1412 578/1413
f 61/1414 554/1415 568/1416
f 582/1417 577/1418 574/1419
f 505/1420 583/1421 551/1422
f 163/1423 182/1424 193/1425
f 305/1426 327/1427 584/1428
f 444/1429 466/1430 584/1431
f 584/1432 466/1433 424/1434
f 263/1435 306/1436 584/1437
f 236/1438 261/1439 306/1440
f 293/1441 296/1442 585/1443
f 307/1444 585/1445 451/1446
f 342/1447 451/1448 585/1449
f 342/1450 458/1451 452/1452
f 475/1453 443/1454 452/1455
f 485/1456 513/1457 502/1458
f 515/1459 551/1460 550/1461
f 517/1462 553/1463 516/1464
f 555/1465 548/1466 58/1467
f 515/1468 550/1469 553/1470
f 583/1471 505/1472 492/1473
f 456/1474 445/1475 421/1476
f 513/1477 531/1478 519/1479
f 531/1480 513/1481 512/1482
f 586/1483 561/1484 532/1485
f 561/1486 586/1487 540/1488
f 313/1489 316/1490 336/1491
f 316/1492 281/1493 335/1494
f 530/1495 547/1496 551/1497
f 511/1498 509/1499 515/1500
f 426/1501 476/1502 449/1503
f 479/1504 450/1505 449/1506
f 170/1507 239/1508 242/1509
f 167/1510 250/1511 239/1512
f 286/1513 277/1514 308/1515
f 300/1516 588/1517 303/1518
f 324/1519 334/1520 588/1521
f 589/1522 41/1523 354/1524
f 350/1525 589/1526 354/1527
f 349/1528 39/1529 41/1530
f 589/1531 350/1532 340/1533
f 170/1534 587/1535 179/1536
f 191/1537 219/1538 210/1539
f 226/1540 219/1541 208/1542
f 225/1543 226/1544 271/1545
f 144/1546 153/1547 133/1548
f 158/1549 172/1550 189/1551
f 150/1552 189/1553 168/1554
f 130/1555 131/1556 134/1557
f 143/1558 142/1559 151/1560
f 202/1561 184/1562 10/1563
f 9/1564 196/1565 220/1566
f 100/1567 112/1568 580/1569
f 100/1570 580/1571 582/1572
f 294/1573 289/1574 276/1575
f 47/1576 317/1577 309/1578
f 308/1579 277/1580 249/1581
f 276/1582 289/1583 264/1584
f 267/1585 283/1586 309/1587
f 572/1588 570/1589 92/1590
f 16/1591 145/1592 132/1593
f 138/1594 146/1595 17/1596
f 442/1597 477/1598 476/1599
f 482/1600 480/1601 479/1602
f 450/1603 479/1604 480/1605
f 446/1606 468/1607 477/1608
f 459/1609 470/1610 73/1611
f 412/1612 427/1613 413/1614
f 427/1615 449/1616 431/1617
f 496/1618 492/1619 456/1620
f 415/1621 403/1622 272/1623
f 428/1624 421/1625 403/1626
f 304/1627 312/1628 301/1629
f 321/1630 302/1631 311/1632
f 484/1633 487/1634 590/1635
f 487/1636 488/1637 591/1638
f 541/1639 540/1640 590/1641
f 586/1642 512/1643 590/1644
f 592/1645 563/1646 539/1647
f 472/1648 453/1649 441/1650
f 258/1651 33/1652 233/1653
f 425/1654 87/1655 258/1656
f 87/1657 425/1658 448/1659
f 252/1660 384/1661 224/1662
f 353/1663 51/1664 357/1665
f 353/1666 357/1667 356/1668
f 578/1669 575/1670 577/1671
f 367/1672 377/1673 401/1674
f 79/1675 400/1676 399/1677
f 501/1678 508/1679 463/1680
f 392/1681 417/1682 395/1683
f 237/1684 243/1685 285/1686
f 211/1687 202/1688 220/1689
f 346/1690 345/1691 350/1692
f 582/1693 568/1694 101/1695
f 322/1696 585/1697 296/1698
f 532/1699 560/1700 559/1701
f 524/1702 559/1703 536/1704
f 559/1705 558/1706 556/1707
f 296/1708 293/1709 275/1710
f 504/1711 511/1712 507/1713
f 533/1714 95/1715 564/1716
f 197/1717 186/1718 32/1719
f 179/1720 216/1721 199/1722
f 260/1723 235/1724 242/1725
f 583/1726 496/1727 495/1728
f 216/1729 179/1730 587/1731
f 587/1732 242/1733 235/1734
f 337/1735 336/1736 352/1737
f 577/1738 582/1739 580/1740
f 106/1741 60/1742 563/1743
f 60/1744 573/1745 562/1746
f 165/1747 180/1748 159/1749
f 165/1750 159/1751 154/1752
f 11/1753 10/1754 184/1755
f 162/1756 155/1757 11/1758
f 533/1759 593/1760 522/1761
f 361/1762 594/1763 49/1764
f 319/1765 300/1766 299/1767
f 300/1768 319/1769 324/1770
f 527/1771 91/1772 90/1773
f 430/1774 64/1775 447/1776
f 596/1777 597/1778 598/1779
f 596/1780 595/1781 599/1782
f 598/1783 597/1784 601/1785
f 139/1786 603/1787 604/1788
f 183/1789 605/1790 606/1791
f 224/1792 607/1793 605/1794
f 374/1795 372/1796 608/1797
f 372/1798 371/1799 610/1800
f 152/1801 606/1802 603/1803
f 369/1804 610/1805 371/1806
f 609/1807 611/1808 382/1809
f 224/1810 384/1811 607/1812
f 384/1813 382/1814 611/1815
f 604/1816 603/1817 610/1818
f 606/1819 608/1820 610/1821
f 605/1822 609/1823 608/1824
f 607/1825 611/1826 609/1827
f 4/1828 1/1829 3/1830
f 8/1831 5/1832 7/1833
f 9/1834 10/1835 7/1836
f 116/1837 117/1838 119/1839
f 120/1840 116/1841 121/1842
f 117/1843 122/1844 118/1845
f 119/1846 118/1847 125/1848
f 121/1849 119/1850 126/1851
f 122/1852 12/1853 123/1854
f 118/1855 123/1856 124/1857
f 129/1858 125/1859 128/1860
f 127/1861 123/1862 20/1863
f 13/1864 18/1865 14/1866
f 131/1867 130/1868 16/1869
f 131/1870 132/1871 134/1872
f 20/1873 19/1874 127/1875
f 128/1876 124/1877 135/1878
f 130/1879 136/1880 138/1881
f 120/1882 121/1883 140/1884
f 136/1885 134/1886 142/1887
f 143/1888 137/1889 142/1890
f 15/1891 147/1892 145/1893
f 126/1894 125/1895 148/1896
f 134/1897 133/1898 141/1899
f 142/1900 141/1901 151/1902
f 152/1903 139/1904 126/1905
f 146/1906 138/1907 135/1908
f 143/1909 128/1910 137/1911
f 154/1912 149/1913 153/1914
f 147/1915 155/1916 144/1917
f 156/1918 146/1919 18/1920
f 147/1921 15/1922 8/1923
f 156/1924 5/1925 146/1926
f 141/1927 149/1928 150/1929
f 149/1930 154/1931 158/1932
f 160/1933 161/1934 163/1935
f 164/1936 165/1937 160/1938
f 7/1939 11/1940 8/1941
f 163/1942 166/1943 160/1944
f 165/1945 154/1946 161/1947
f 151/1948 168/1949 157/1950
f 161/1951 153/1952 162/1953
f 160/1954 167/1955 164/1956
f 159/1957 171/1958 158/1959
f 128/1960 157/1961 129/1962
f 129/1963 173/1964 148/1965
f 175/1966 176/1967 178/1968
f 176/1969 175/1970 13/1971
f 176/1972 13/1973 25/1974
f 165/1975 164/1976 180/1977
f 163/1978 162/1979 182/1980
f 152/1981 126/1982 183/1983
f 182/1984 181/1985 185/1986
f 7/1987 6/1988 9/1989
f 186/1990 6/1991 32/1992
f 187/1993 188/1994 189/1995
f 169/1996 168/1997 173/1998
f 176/1999 25/2000 177/2001
f 191/2002 187/2003 172/2004
f 193/2005 182/2006 192/2007
f 178/2008 177/2009 195/2010
f 197/2011 196/2012 186/2013
f 192/2014 185/2015 38/2016
f 198/2017 171/2018 199/2019
f 191/2020 172/2021 198/2022
f 175/2023 200/2024 18/2025
f 201/2026 190/2027 202/2028
f 204/2029 203/2030 21/2031
f 205/2032 206/2033 23/2034
f 199/2035 207/2036 198/2037
f 209/2038 174/2039 188/2040
f 188/2041 187/2042 209/2043
f 201/2044 202/2045 212/2046
f 30/2047 195/2048 31/2049
f 177/2050 29/2051 194/2052
f 213/2053 194/2054 214/2055
f 215/2056 207/2057 216/2058
f 217/2059 203/2060 218/2061
f 31/2062 34/2063 197/2064
f 191/2065 198/2066 219/2067
f 38/2068 190/2069 36/2070
f 196/2071 34/2072 220/2073
f 30/2074 32/2075 200/2076
f 205/2077 221/2078 206/2079
f 221/2080 217/2081 222/2082
f 209/2083 223/2084 174/2085
f 24/2086 27/2087 25/2088
f 209/2089 210/2090 223/2091
f 225/2092 210/2093 226/2094
f 227/2095 215/2096 228/2097
f 229/2098 230/2099 215/2100
f 174/2101 224/2102 148/2103
f 206/2104 27/2105 21/2106
f 204/2107 21/2108 231/2109
f 232/2110 231/2111 26/2112
f 35/2113 213/2114 233/2115
f 36/2116 201/2117 234/2118
f 235/2119 236/2120 228/2121
f 222/2122 237/2123 206/2124
f 27/2125 237/2126 28/2127
f 242/2128 239/2129 241/2130
f 204/2131 231/2132 218/2133
f 245/2134 244/2135 232/2136
f 241/2137 240/2138 247/2139
f 248/2140 249/2141 240/2142
f 218/2143 243/2144 222/2145
f 240/2146 239/2147 248/2148
f 251/2149 252/2150 225/2151
f 253/2152 250/2153 166/2154
f 254/2155 253/2156 193/2157
f 255/2158 256/2159 214/2160
f 257/2161 208/2162 230/2163
f 258/2164 259/2165 33/2166
f 236/2167 235/2168 261/2169
f 262/2170 229/2171 227/2172
f 236/2173 263/2174 227/2175
f 265/2176 264/2177 246/2178
f 266/2179 248/2180 253/2181
f 248/2182 266/2183 249/2184
f 260/2185 241/2186 268/2187
f 269/2188 243/2189 244/2190
f 270/2191 271/2192 257/2193
f 270/2194 257/2195 272/2196
f 273/2197 272/2198 229/2199
f 193/2200 192/2201 254/2202
f 268/2203 247/2204 275/2205
f 276/2206 265/2207 277/2208
f 260/2209 268/2210 261/2211
f 279/2212 274/2213 38/2214
f 280/2215 255/2216 238/2217
f 37/2218 36/2219 281/2220
f 266/2221 282/2222 267/2223
f 284/2224 285/2225 269/2226
f 274/2227 282/2228 254/2229
f 276/2230 277/2231 287/2232
f 259/2233 288/2234 211/2235
f 290/2236 273/2237 262/2238
f 292/2239 291/2240 286/2241
f 268/2242 275/2243 278/2244
f 294/2245 295/2246 289/2247
f 290/2248 262/2249 297/2250
f 288/2251 298/2252 212/2253
f 300/2254 292/2255 299/2256
f 282/2257 274/2258 45/2259
f 287/2260 291/2261 294/2262
f 294/2263 301/2264 295/2265
f 292/2266 303/2267 291/2268
f 305/2269 306/2270 278/2271
f 305/2272 278/2273 307/2274
f 308/2275 309/2276 299/2277
f 311/2278 302/2279 312/2280
f 38/2281 37/2282 279/2283
f 313/2284 314/2285 279/2286
f 47/2287 283/2288 45/2289
f 315/2290 46/2291 314/2292
f 316/2293 313/2294 281/2295
f 318/2296 317/2297 46/2298
f 299/2299 310/2300 319/2301
f 309/2302 317/2303 310/2304
f 295/2305 302/2306 322/2307
f 323/2308 318/2309 315/2310
f 324/2311 319/2312 325/2313
f 307/2314 326/2315 305/2316
f 48/2317 328/2318 330/2319
f 48/2320 331/2321 328/2322
f 324/2323 325/2324 334/2325
f 333/2326 330/2327 334/2328
f 298/2329 335/2330 234/2331
f 314/2332 336/2333 315/2334
f 338/2335 320/2336 318/2337
f 339/2338 42/2339 320/2340
f 42/2341 339/2342 43/2343
f 322/2344 321/2345 342/2346
f 341/2347 321/2348 344/2349
f 325/2350 44/2351 345/2352
f 325/2353 345/2354 333/2355
f 318/2356 323/2357 338/2358
f 320/2359 338/2360 339/2361
f 315/2362 337/2363 323/2364
f 339/2365 347/2366 340/2367
f 39/2368 347/2369 55/2370
f 345/2371 43/2372 350/2373
f 323/2374 348/2375 55/2376
f 336/2377 316/2378 352/2379
f 40/2380 353/2381 41/2382
f 355/2383 356/2384 358/2385
f 51/2386 353/2387 52/2388
f 357/2389 51/2390 358/2391
f 360/2392 361/2393 355/2394
f 362/2395 348/2396 363/2397
f 364/2398 54/2399 362/2400
f 54/2401 364/2402 53/2403
f 369/2404 366/2405 368/2406
f 371/2407 370/2408 366/2409
f 372/2410 373/2411 371/2412
f 81/2413 83/2414 84/2415
f 70/2416 83/2417 67/2418
f 372/2419 374/2420 373/2421
f 367/2422 370/2423 377/2424
f 373/2425 378/2426 370/2427
f 69/2428 85/2429 70/2430
f 115/2431 81/2432 379/2433
f 81/2434 380/2435 82/2436
f 375/2437 374/2438 383/2439
f 385/2440 382/2441 252/2442
f 386/2443 385/2444 251/2445
f 251/2446 271/2447 386/2448
f 115/2449 388/2450 81/2451
f 114/2452 389/2453 115/2454
f 391/2455 379/2456 390/2457
f 392/2458 390/2459 86/2460
f 375/2461 393/2462 373/2463
f 394/2464 113/2465 379/2466
f 380/2467 395/2468 397/2469
f 398/2470 86/2471 69/2472
f 377/2473 399/2474 401/2475
f 402/2476 399/2477 376/2478
f 270/2479 272/2480 404/2481
f 388/2482 405/2483 380/2484
f 388/2485 389/2486 405/2487
f 380/2488 397/2489 381/2490
f 270/2491 404/2492 271/2493
f 405/2494 391/2495 395/2496
f 408/2497 255/2498 392/2499
f 409/2500 394/2501 391/2502
f 378/2503 410/2504 376/2505
f 406/2506 409/2507 405/2508
f 411/2509 412/2510 386/2511
f 67/2512 66/2513 70/2514
f 67/2515 75/2516 65/2517
f 382/2518 385/2519 383/2520
f 290/2521 414/2522 273/2523
f 68/2524 416/2525 69/2526
f 393/2527 418/2528 378/2529
f 420/2530 419/2531 65/2532
f 421/2533 422/2534 403/2535
f 423/2536 411/2537 387/2538
f 290/2539 297/2540 414/2541
f 422/2542 423/2543 404/2544
f 425/2545 256/2546 408/2547
f 426/2548 427/2549 411/2550
f 428/2551 415/2552 429/2553
f 430/2554 408/2555 398/2556
f 431/2557 393/2558 413/2559
f 398/2560 416/2561 64/2562
f 80/2563 399/2564 432/2565
f 402/2566 410/2567 432/2568
f 436/2569 298/2570 435/2571
f 62/2572 419/2573 63/2574
f 418/2575 437/2576 410/2577
f 80/2578 432/2579 74/2580
f 89/2581 435/2582 259/2583
f 420/2584 65/2585 72/2586
f 439/2587 438/2588 72/2589
f 441/2590 63/2591 440/2592
f 89/2593 259/2594 87/2595
f 411/2596 423/2597 426/2598
f 433/2599 76/2600 432/2601
f 327/2602 326/2603 444/2604
f 445/2605 446/2606 421/2607
f 423/2608 422/2609 442/2610
f 448/2611 425/2612 430/2613
f 449/2614 450/2615 431/2616
f 326/2617 451/2618 443/2619
f 63/2620 441/2621 447/2622
f 437/2623 77/2624 433/2625
f 393/2626 434/2627 418/2628
f 429/2629 455/2630 428/2631
f 341/2632 457/2633 342/2634
f 459/2635 72/2636 437/2637
f 459/2638 437/2639 454/2640
f 414/2641 424/2642 429/2643
f 457/2644 341/2645 461/2646
f 454/2647 434/2648 462/2649
f 435/2650 89/2651 464/2652
f 465/2653 460/2654 466/2655
f 446/2656 445/2657 468/2658
f 454/2659 469/2660 459/2661
f 465/2662 466/2663 471/2664
f 472/2665 448/2666 453/2667
f 448/2668 472/2669 88/2670
f 298/2671 436/2672 335/2673
f 444/2674 443/2675 471/2676
f 476/2677 477/2678 479/2679
f 473/2680 463/2681 88/2682
f 480/2683 481/2684 462/2685
f 482/2686 483/2687 480/2688
f 484/2689 485/2690 458/2691
f 73/2692 470/2693 71/2694
f 470/2695 469/2696 486/2697
f 487/2698 457/2699 488/2700
f 484/2701 458/2702 487/2703
f 57/2704 436/2705 464/2706
f 486/2707 489/2708 71/2709
f 486/2710 481/2711 489/2712
f 468/2713 490/2714 478/2715
f 490/2716 491/2717 482/2718
f 467/2719 445/2720 492/2721
f 493/2722 455/2723 460/2724
f 489/2725 494/2726 439/2727
f 455/2728 493/2729 496/2730
f 460/2731 465/2732 493/2733
f 498/2734 490/2735 467/2736
f 497/2737 465/2738 499/2739
f 501/2740 473/2741 500/2742
f 499/2743 471/2744 502/2745
f 503/2746 500/2747 440/2748
f 494/2749 503/2750 438/2751
f 491/2752 504/2753 489/2754
f 467/2755 492/2756 498/2757
f 506/2758 501/2759 503/2760
f 504/2761 506/2762 494/2763
f 501/2764 506/2765 508/2766
f 498/2767 509/2768 490/2769
f 464/2770 463/2771 510/2772
f 436/2773 57/2774 474/2775
f 512/2776 513/2777 484/2778
f 510/2779 508/2780 514/2781
f 58/2782 57/2783 510/2784
f 515/2785 509/2786 505/2787
f 516/2788 58/2789 514/2790
f 511/2791 517/2792 507/2793
f 518/2794 495/2795 497/2796
f 502/2797 519/2798 499/2799
f 518/2800 497/2801 520/2802
f 360/2803 355/2804 522/2805
f 93/2806 521/2807 358/2808
f 351/2809 335/2810 523/2811
f 520/2812 519/2813 525/2814
f 526/2815 518/2816 525/2817
f 527/2818 352/2819 523/2820
f 528/2821 363/2822 527/2823
f 362/2824 363/2825 529/2826
f 526/2827 530/2828 518/2829
f 359/2830 94/2831 358/2832
f 359/2833 109/2834 94/2835
f 519/2836 531/2837 524/2838
f 533/2839 97/2840 102/2841
f 97/2842 534/2843 103/2844
f 97/2845 96/2846 534/2847
f 537/2848 526/2849 536/2850
f 529/2851 528/2852 538/2853
f 539/2854 540/2855 542/2856
f 91/2857 527/2858 543/2859
f 98/2860 97/2861 544/2862
f 546/2863 96/2864 545/2865
f 537/2866 547/2867 526/2868
f 56/2869 543/2870 474/2871
f 58/2872 548/2873 56/2874
f 549/2875 550/2876 547/2877
f 529/2878 110/2879 362/2880
f 549/2881 552/2882 550/2883
f 546/2884 545/2885 101/2886
f 554/2887 106/2888 546/2889
f 555/2890 516/2891 552/2892
f 557/2893 537/2894 556/2895
f 533/2896 521/2897 95/2898
f 547/2899 537/2900 549/2901
f 562/2902 560/2903 561/2904
f 561/2905 539/2906 562/2907
f 99/2908 564/2909 100/2910
f 565/2911 566/2912 556/2913
f 565/2914 558/2915 567/2916
f 554/2917 546/2918 568/2919
f 557/2920 566/2921 552/2922
f 110/2923 109/2924 364/2925
f 538/2926 90/2927 569/2928
f 538/2929 111/2930 529/2931
f 571/2932 570/2933 567/2934
f 572/2935 566/2936 570/2937
f 572/2938 91/2939 548/2940
f 569/2941 92/2942 571/2943
f 566/2944 572/2945 555/2946
f 112/2947 95/2948 108/2949
f 560/2950 562/2951 567/2952
f 61/2953 60/2954 554/2955
f 575/2956 576/2957 59/2958
f 577/2959 575/2960 574/2961
f 567/2962 573/2963 571/2964
f 111/2965 538/2966 581/2967
f 571/2968 576/2969 569/2970
f 576/2971 575/2972 581/2973
f 112/2974 111/2975 578/2976
f 574/2977 61/2978 568/2979
f 568/2980 582/2981 574/2982
f 515/2983 505/2984 551/2985
f 166/2986 163/2987 193/2988
f 306/2989 305/2990 584/2991
f 327/2992 444/2993 584/2994
f 297/2995 584/2996 424/2997
f 297/2998 263/2999 584/3000
f 263/3001 236/3002 306/3003
f 307/3004 293/3005 585/3006
f 326/3007 307/3008 451/3009
f 322/3010 342/3011 585/3012
f 451/3013 342/3014 452/3015
f 485/3016 475/3017 452/3018
f 475/3019 485/3020 502/3021
f 514/3022 517/3023 516/3024
f 516/3025 555/3026 58/3027
f 517/3028 515/3029 553/3030
f 496/3031 583/3032 492/3033
f 428/3034 456/3035 421/3036
f 502/3037 513/3038 519/3039
f 586/3040 531/3041 512/3042
f 531/3043 586/3044 532/3045
f 539/3046 561/3047 540/3048
f 314/3049 313/3050 336/3051
f 351/3052 316/3053 335/3054
f 583/3055 530/3056 551/3057
f 517/3058 511/3059 515/3060
f 427/3061 426/3062 449/3063
f 476/3064 479/3065 449/3066
f 587/3067 170/3068 242/3069
f 170/3070 167/3071 239/3072
f 299/3073 286/3074 308/3075
f 292/3076 300/3077 303/3078
f 300/3079 324/3080 588/3081
f 589/3082 349/3083 41/3084
f 349/3085 589/3086 340/3087
f 164/3088 170/3089 179/3090
f 187/3091 191/3092 210/3093
f 257/3094 226/3095 208/3096
f 251/3097 225/3098 271/3099
f 132/3100 144/3101 133/3102
f 150/3103 158/3104 189/3105
f 151/3106 150/3107 168/3108
f 136/3109 130/3110 134/3111
f 157/3112 143/3113 151/3114
f 220/3115 202/3116 10/3117
f 10/3118 9/3119 220/3120
f 287/3121 294/3122 276/3123
f 283/3124 47/3125 309/3126
f 267/3127 308/3128 249/3129
f 265/3130 276/3131 264/3132
f 308/3133 267/3134 309/3135
f 91/3136 572/3137 92/3138
f 131/3139 16/3140 132/3141
f 130/3142 138/3143 17/3144
f 426/3145 442/3146 476/3147
f 478/3148 482/3149 479/3150
f 462/3151 450/3152 480/3153
f 442/3154 446/3155 477/3156
f 72/3157 459/3158 73/3159
f 383/3160 412/3161 413/3162
f 413/3163 427/3164 431/3165
f 455/3166 496/3167 456/3168
f 273/3169 415/3170 272/3171
f 415/3172 428/3173 403/3174
f 291/3175 304/3176 301/3177
f 343/3178 321/3179 311/3180
f 512/3181 484/3182 590/3183
f 590/3184 487/3185 591/3186
f 591/3187 541/3188 590/3189
f 540/3190 586/3191 590/3192
f 542/3193 592/3194 539/3195
f 500/3196 472/3197 441/3198
f 256/3199 258/3200 233/3201
f 256/3202 425/3203 258/3204
f 88/3205 87/3206 448/3207
f 223/3208 252/3209 224/3210
f 49/3211 353/3212 356/3213
f 579/3214 578/3215 577/3216
f 368/3217 367/3218 401/3219
f 80/3220 79/3221 399/3222
f 473/3223 501/3224 463/3225
f 390/3226 392/3227 395/3228
f 238/3229 237/3230 285/3231
f 33/3232 211/3233 220/3234
f 354/3235 346/3236 350/3237
f 100/3238 582/3239 101/3240
f 295/3241 322/3242 296/3243
f 524/3244 532/3245 559/3246
f 525/3247 524/3248 536/3249
f 536/3250 559/3251 556/3252
f 289/3253 296/3254 275/3255
f 506/3256 504/3257 507/3258
f 544/3259 533/3260 564/3261
f 31/3262 197/3263 32/3264
f 180/3265 179/3266 199/3267
f 241/3268 260/3269 242/3270
f 530/3271 583/3272 495/3273
f 228/3274 216/3275 587/3276
f 228/3277 587/3278 235/3279
f 363/3280 337/3281 352/3282
f 579/3283 577/3284 580/3285
f 592/3286 106/3287 563/3288
f 563/3289 60/3290 562/3291
f 181/3292 11/3293 184/3294
f 181/3295 162/3296 11/3297
f 521/3298 533/3299 522/3300
f 356/3301 361/3302 49/3303
f 528/3304 527/3305 90/3306
f 448/3307 430/3308 447/3309
f 595/3310 596/3311 598/3312
f 600/3313 596/3314 599/3315
f 602/3316 598/3317 601/3318
f 140/3319 139/3320 604/3321
f 152/3322 183/3323 606/3324
f 183/3325 224/3326 605/3327
f 609/3328 374/3329 608/3330
f 608/3331 372/3332 610/3333
f 139/3334 152/3335 603/3336
f 366/3337 369/3338 371/3339
f 374/3340 609/3341 382/3342
f 607/3343 384/3344 611/3345
f 369/3346 604/3347 610/3348
f 603/3349 606/3350 610/3351
f 606/3352 605/3353 608/3354
f 605/3355 607/3356 609/3357
