mtllib RFinger13.mtl
o RFinger13
usemtl nao_texture
v 0.01973297 0.002057952 0.01128954
v -0.0002670288 0.002057952 0.01128954
v -0.0002670288 0.005530853 0.03098569
v 0.01973297 0.005530853 0.03098569
v 0.03932678 -0.06404785 0.04015938
v 0.04400787 -0.06474739 0.04207247
v 0.04175842 -0.05592247 0.04855443
v 0.03633148 -0.05635193 0.04696086
v 0.02396301 -0.04936928 0.04930717
v 0.02270996 -0.03867538 0.05152874
v 0.02085266 -0.04720024 0.04866273
v 0.0291272 -0.05156784 0.0463052
v 0.02638672 -0.04975204 0.04890056
v 0.02725281 -0.05046265 0.04378545
v 0.03996094 -0.04408142 0.05285549
v 0.03542725 -0.04501343 0.05262755
v 0.03426147 -0.04463135 0.05142968
v 0.05464844 -0.06780266 0.03652407
v 0.05725739 -0.05850891 0.04344782
v 0.04522949 -0.07288605 0.0281331
v 0.05060974 -0.07427177 0.02871565
v 0.03460266 -0.05306152 0.04364246
v 0.0324472 -0.05561142 0.04135776
v 0.03034241 -0.05441956 0.03931231
v 0.03767059 -0.05941048 0.03727207
v 0.03209137 -0.04390495 0.04921257
v 0.04334839 -0.06751022 0.02551649
v 0.03423645 -0.06130486 0.03483705
v 0.03204498 -0.05995331 0.033468
v 0.03353485 -0.06688553 0.02790346
v 0.03146484 -0.06528931 0.02733135
v 0.03220886 -0.06924004 0.02444269
v 0.03028198 -0.06749596 0.02430994
v 0.04682831 -0.07146156 0.01808303
v 0.03514099 -0.07264191 0.01684402
v 0.07864899 -0.07109161 0.02668631
v 0.07853363 -0.06175743 0.03745765
v 0.02616547 -0.06766472 0.01855849
v 0.02628876 -0.06928177 0.01718204
v 0.02930908 -0.02213036 0.05238739
v 0.02407654 -0.0268454 0.05301613
v 0.05128052 -0.07821358 0.01474426
v 0.05629181 -0.079217 0.01582092
v 0.03202606 -0.01798752 0.05559931
v 0.02720215 -0.06524063 0.01946351
v 0.02842834 -0.07110023 0.0129778
v 0.02618866 -0.005478134 0.05337257
v 0.0217453 -0.00312706 0.04383653
v 0.02220489 -0.02754608 0.04929121
v 0.02395264 -0.06246078 0.01606559
v 0.02337646 -0.06289925 0.01369096
v 0.05727814 -0.07890465 0.0001718139
v 0.06184723 -0.07982079 0.001647601
v 0.01982513 -0.02843246 0.04454355
v 0.01654236 -0.02809463 0.04670115
v 0.0129892 -0.02994362 0.03669932
v 0.03726074 -0.02088989 0.05508234
v 0.07997101 -0.04584785 0.04251869
v 0.05972595 -0.04561707 0.04661528
v 0.02766418 -0.03304825 0.01811261
v 0.02370239 -0.05931313 0.01555543
v 0.002769165 -0.0283828 0.04628758
v 0.002213134 -0.03079239 0.03289838
v 0.02314117 -0.05990982 0.01320942
v 0.02557037 -0.06465141 0.009395723
v 0.02487671 -0.06027992 0.009439445
v 0.1228537 -0.06237671 0.03344414
v 0.1189661 -0.06327599 0.03447412
v 0.1154633 -0.07123138 0.02230745
v 0.1187143 -0.06988495 0.02128465
v -0.001578369 -0.06092888 0.008415704
v 0.005428467 -0.06159134 0.006028233
v 0.006557617 -0.06029251 0.01157222
v 0.001043395 -0.0600367 0.01347771
v 0.03686188 -0.0729538 -0.006611829
v 0.04317017 -0.07526581 -0.004069476
v 0.05404907 -0.07451599 0.001645455
v 0.02072418 -0.06111389 0.007395272
v 0.01855743 -0.05991539 0.01263899
v 0.01264069 -0.06025589 0.01124825
v 0.01317657 -0.06154373 0.005618181
v 0.01603058 -0.003567658 0.04186013
v 0.00254364 -0.003845749 0.04146794
v 0.07929291 -0.07569 0.007305951
v 0.07883392 -0.07310539 0.02066322
v 0.1139844 -0.07195717 0.01799828
v 0.1155911 -0.07072731 0.01010551
v 0.02923035 -0.03034058 0.03308348
v 0.08546967 -0.01821625 0.04427459
v 0.05537445 -0.02019493 0.04905432
v 0.124035 -0.06182297 0.02897266
v 0.119649 -0.0681253 0.01846448
v 0.1252728 -0.04499489 0.03966683
v 0.1212247 -0.04501808 0.0409929
v 0.02002747 -0.03143539 0.02778202
v -0.007772522 -0.03019714 0.03708827
v -0.009759216 -0.03269592 0.02334574
v 0.002597962 -0.03281082 0.02162091
v 0.1268439 -0.04617439 0.0379305
v 0.06288025 -0.07439026 -0.01471115
v 0.0671817 -0.07546585 -0.01352653
v 0.03348083 -0.06670547 -0.007550707
v 0.03153473 -0.05884697 -0.005931587
v -0.007772217 -0.005627213 0.03246893
v 0.1307523 -0.06041786 0.02874752
v 0.1313239 -0.06671921 0.01709125
v 0.1426718 -0.04631058 0.03625586
v 0.0008621215 -0.03485222 0.0103808
v -0.002518616 -0.03465309 0.01177037
v -0.01084137 -0.05845497 -0.01012108
v 0.00217987 -0.06046173 -0.01047653
v 0.01462891 -0.06038696 -0.0111379
v 0.01571991 -0.03491203 0.008733826
v 0.01360107 -0.03319832 0.01845698
v -0.009720459 -0.008066177 0.01902637
v 0.07968933 -0.07496559 -0.006500497
v 0.1117899 -0.07064835 -0.001031956
v 0.1084604 -0.07283493 0.001391162
v 0.03540894 0.009889755 0.05291306
v 0.03149445 0.009897766 0.05318929
v 0.02675293 -0.05968666 -0.008286018
v 0.02808136 0.009486313 0.05120925
v 0.02662689 0.009496231 0.05146865
v 0.1046716 -0.07058189 -0.01099889
v 0.1267725 -0.02889709 0.04087361
v 0.1228204 -0.0183596 0.04235147
v 0.1610223 -0.04925079 0.02809131
v 0.1592584 -0.04353889 0.03490046
v 0.003515015 -0.008330917 0.02772983
v 0.01207977 -0.007648926 0.03075749
v 0.01240204 -0.02832474 0.03446135
v 0.003841248 -0.0289933 0.0314328
v 0.001832885 -0.00618866 0.02848667
v 0.01260864 -0.005339813 0.03228759
v 0.1422375 -0.03026588 0.04006569
v 0.1583609 -0.03115799 0.0398829
v 0.02187622 0.00795723 0.04196111
v 0.1634079 -0.04082474 0.03441064
v 0.1150662 -0.07057022 0.005862255
v 0.1316782 -0.06743088 0.004692535
v 0.1683096 -0.03766724 0.03119052
v 0.003817139 -0.009935989 0.0187601
v 0.002185668 -0.009160919 0.02320625
v 0.004141541 -0.03060471 0.0224706
v 0.04811157 -0.07160294 -0.01897712
v 0.04200348 -0.06921539 -0.02022149
v 0.0001593017 -0.007234421 0.02279242
v 0.1080185 -0.06812187 -0.01255787
v 0.03393158 -0.05645042 -0.01211366
v 0.03824493 -0.06377754 -0.01922996
v -0.00264801 -0.009984436 0.007712121
v 0.06918213 -0.07235794 -0.01963397
v 0.07998718 -0.06957893 -0.02017145
v 0.1637668 -0.03112518 0.03837185
v 0.01767883 -0.008833008 0.02366434
v 0.0180011 -0.02950882 0.02736824
v 0.01964691 -0.006831589 0.02337034
v 0.1276483 -0.01861725 0.04060606
v 0.1103186 -0.06897667 -0.006938028
v 0.1121234 -0.06996834 -0.001082358
v 0.01257233 -0.01024498 0.01625094
v 0.01289703 -0.03091362 0.01996148
v 0.1153912 -0.06818665 -0.007493806
v 0.002207946 -0.008204041 0.01720952
v 0.05412445 -0.004306183 0.03442486
v 0.05497131 -0.004824295 0.03148397
v 0.01322082 -0.008594513 0.01404529
v -0.01571197 -0.05083878 -0.02056453
v -0.0005889892 -0.05200195 -0.02526529
v 0.01570343 -0.05190178 -0.02613747
v 0.1418506 -0.01120079 0.0404305
v 0.1578458 -0.0136499 0.0411057
v 0.05454163 0.00908844 0.04667235
v 0.08497742 0.008717728 0.04211678
v 0.1319812 -0.06433311 -0.007699528
v 0.05058716 -0.06606201 -0.0281442
v 0.06736999 -0.0630484 -0.02930147
v 0.06105682 -0.07173935 -0.01476747
v 0.1635529 -0.01354645 0.03981787
v 0.04459869 -0.06400108 -0.02838521
v 0.0406662 -0.05960197 -0.02607795
v 0.03155365 -0.05098717 -0.02240188
v 0.0005780029 -0.01030815 0.005620294
v 0.1682327 -0.02185379 0.03664682
v 0.1710648 -0.006353989 0.03380948
v 0.03655151 -0.008772812 0.01102685
v 0.03881897 -0.00794693 0.01545681
v 0.03678955 -0.04988968 -0.02077659
v 0.1016708 -0.06533241 -0.02169336
v 0.07170074 -0.06562836 -0.02809819
v 0.1627734 -0.05315414 -0.0001800251
v 0.162663 -0.05341751 0.003545685
v 0.1060773 -0.06400436 -0.01974308
v 0.1156235 -0.06195908 -0.02016966
v 0.175593 -0.02328369 0.02871062
v 0.1623483 -0.05274544 0.01359839
v 0.1712915 -0.041399 0.01175503
v -0.002539673 -0.03723061 -0.03657975
v -0.01973053 -0.03639183 -0.03053872
v 0.03664124 -0.0102977 0.002516713
v 0.02115845 -0.01071236 0.001573481
v 0.1020142 -0.05460434 -0.03130792
v 0.01406403 -0.01167664 -0.003196068
v 0.06945953 -0.05628159 -0.03512473
v 0.07285522 -0.0602533 -0.03238879
v 0.09902649 -0.05569176 -0.03177795
v 0.1321777 -0.05772438 -0.01924485
v 0.1709039 -0.04331749 0.001905255
v 0.04269409 -0.05028984 -0.03382845
v 0.04673065 -0.05292488 -0.03744968
v 0.08012452 -0.05873451 -0.03248278
v 0.1629712 -0.04799217 -0.01050341
v 0.129292 0.008746262 0.03824063
v 0.1415137 0.008911362 0.03812403
v 0.0525943 -0.05409225 -0.0382903
v 0.01625549 -0.0371125 -0.03759203
v 0.1574484 0.009244995 0.03858228
v 0.1629871 0.00914978 0.03720616
v 0.1713706 0.008081513 0.0309753
v 0.1782669 -0.007787247 0.02587381
v 0.1784784 -0.02702309 0.009273014
v -0.02112946 -0.01709831 -0.03696376
v -0.003438721 -0.01790771 -0.04305107
v 0.03454468 -0.03605415 -0.03327692
v 0.03921661 -0.03558128 -0.03115382
v 0.09847962 -0.05248306 -0.03398544
v 0.1012424 -0.05139603 -0.03400803
v 0.1781897 0.006742249 0.02291117
v 0.1775311 -0.02895607 -0.0005851459
v 0.1322403 -0.04730911 -0.0287239
v 0.07285889 -0.02890114 -0.04941082
v 0.07542419 -0.04450775 -0.04266877
v 0.1737058 -0.03085815 -0.01006813
v 0.1672565 -0.04522125 -0.007564788
v 0.1630237 -0.03340668 -0.02254066
v 0.09640992 -0.03904091 -0.0423913
v 0.08011109 -0.04375259 -0.04250289
v 0.1821851 -0.01150742 0.006464481
v -0.02113434 -0.01406631 -0.03752918
v 0.008928833 -0.01491554 -0.04491342
v 0.1005759 -0.03699997 -0.04108976
v 0.1321551 -0.03416023 -0.03538665
v 0.04327728 -0.02747253 -0.04303566
v 0.04734405 -0.02855087 -0.04729764
v 0.01622345 -0.01779083 -0.04410416
v 0.03535889 -0.01668983 -0.0395972
v 0.03927185 -0.01632484 -0.03791478
v 0.1806278 -0.0134481 -0.003421159
v 0.05313416 -0.02788551 -0.04878106
v -0.01707489 -0.01259552 -0.02969377
v 0.008905945 -0.01333969 -0.03610422
v 0.03523346 -0.01193436 -0.0305696
v 0.03913391 -0.01333099 -0.03866339
v 0.1825549 0.003365707 0.003711352
v 0.07039001 -0.02660278 -0.04756873
v 0.1765802 -0.0153566 -0.01290758
v 0.1628711 -0.01847397 -0.02784522
v 0.07688995 -0.02679619 -0.05036728
v 0.07998077 -0.02655373 -0.05032687
v 0.09488465 -0.02416824 -0.04914494
v 0.1806973 0.001311111 -0.007621608
v 0.03870239 -0.006713181 -0.03997982
v 0.04223114 -0.007990265 -0.04741721
v 0.09803467 -0.02331062 -0.04825971
v 0.09953278 -0.03788994 -0.04190253
v 0.04679504 -0.008505325 -0.05071061
v 0.05218109 -0.008856506 -0.05308716
v 0.1767597 -0.0001866912 -0.01563858
v 0.07086456 -0.008495255 -0.05271735
v 0.07165344 -0.008697815 -0.05393503
v 0.0812854 -0.008770371 -0.05518623
v 0.0774585 -0.00893425 -0.05577013
v 0.09413514 -0.008297653 -0.0536682
v 0.1626828 -0.003379593 -0.03220652
v 0.09551301 -0.008235169 -0.05340317
v 0.001492309 0.01546623 0.02459907
v 0.01226898 0.01631569 0.02841413
v 0.01774261 0.01807571 0.03777009
v 0.002210998 0.01779976 0.03758759
v 0.01930634 0.01482323 0.01948271
v 0.0311673 0.03685158 0.0457633
v 0.02833832 0.0395388 0.0413296
v 0.0363028 0.03957031 0.04429115
v 0.01168121 0.01793381 0.02616207
v 0.003118897 0.01725891 0.02314101
v 0.01728027 0.01674973 0.01906891
v -0.01006103 0.01358864 0.01513875
v 0.001867675 0.0134507 0.01332193
v -0.008110352 0.0160347 0.02858799
v 0.003420715 0.01565392 0.01417129
v 0.038479 0.01370857 0.0115833
v 0.04741211 0.01593048 0.02322637
v 0.02296417 0.04401352 0.04031291
v 0.02572296 0.02417519 0.04805539
v -0.008883362 0.04066811 0.02437751
v 0.001667785 0.04247955 0.0335766
v 0.01544128 0.04276764 0.03399014
v 0.08464478 0.03476044 0.03478009
v 0.05446869 0.03736107 0.03873483
v 0.01216675 0.01534782 0.01166242
v 0.01287842 0.01305397 0.01016516
v 0.02164795 0.01875603 0.04015877
v 0.02109405 0.04331917 0.03658051
v -0.002988587 0.01167038 0.003824582
v 0.0002377319 0.01134666 0.001732673
v -0.01087006 0.0381694 0.01063503
v 0.01187653 0.0409153 0.02399609
v 0.01871429 0.04243278 0.03183285
v 0.00279419 0.0379277 0.01943052
v 0.01135712 0.03860329 0.02246569
v 0.003096924 0.03632332 0.01047491
v 0.00111206 0.04006996 0.02018737
v 0.0356134 0.01204994 0.002609634
v 0.05457947 0.06029983 0.02962872
v 0.03833221 0.06059082 0.03408669
v 0.01372192 0.009971695 -0.007076178
v 0.02081787 0.01094238 -0.002314147
v 0.01983032 0.06330353 0.02968154
v 0.03049194 0.05892685 0.03076304
v -0.003631287 0.03620575 -0.0009328269
v 0.03631042 0.01135414 -0.001371226
v 0.01695618 0.03741913 0.0153725
v 0.01184967 0.03600723 0.007959142
v 0.02812897 0.04052177 0.02037244
v 0.01892609 0.03942696 0.01507101
v 0.1628552 0.03119667 0.03179315
v 0.1571439 0.03156334 0.03300052
v 0.001487121 0.03805443 0.008910194
v 0.03261719 0.06044067 0.03258455
v 0.03376862 0.06125702 0.03357317
v 0.01915924 0.0614827 0.02917511
v 0.02140655 0.06176247 0.02765151
v 0.1256021 0.04532112 0.02737816
v 0.121944 0.03552788 0.03260741
v 0.1267438 0.035056 0.03073954
v 0.1706149 0.02259102 0.02861273
v 0.1778153 0.02139282 0.02063678
v 0.02219177 0.06383377 0.0290116
v -0.0002487182 0.03601303 -0.002329907
v 0.0272995 0.06501389 0.02540768
v 0.1195831 0.05981956 0.02220211
v 0.07731964 0.05989204 0.02339642
v 0.03385132 0.06699043 0.01898742
v 0.0265628 0.03781403 0.005401602
v 0.0146167 0.03594391 -0.003969679
v 0.01249817 0.03765762 0.005753455
v -0.01728577 0.0006938934 -0.03207659
v -0.02133575 -0.0007798767 -0.0399123
v 0.008716431 -0.001632461 -0.04728874
v 0.008704834 -5.317687e-05 -0.03848733
v 0.03970306 0.07044907 0.02606286
v 0.03435181 0.06994179 0.02431374
v 0.05523437 0.07137924 0.02015881
v 0.1625342 0.04734795 0.0241662
v 0.1571225 0.04755966 0.02576431
v 0.02847717 0.06529266 0.01784581
v 0.02547058 0.06305107 0.02343207
v 0.03052856 0.06717812 0.01934002
v 0.1672943 0.03801842 0.02590597
v -0.02143311 0.002253723 -0.04043093
v -0.003742676 0.00144432 -0.04651822
v 0.181723 0.01826195 0.001127042
v 0.0389328 -4.447937e-05 -0.04104651
v 0.03487854 0.001335754 -0.03301547
v 0.05251831 0.001264648 -0.03496314
v 0.05284515 0.0002529907 -0.04063286
v 0.0159198 0.001561126 -0.04757129
v 0.03505493 0.002662201 -0.04306433
v 0.1746549 0.03683075 0.0179361
v 0.1669205 0.05093842 0.01529912
v 0.03003815 0.06850128 0.01042853
v 0.03214813 0.07040237 0.01096223
v 0.03711456 0.0700499 0.01056889
v 0.1226782 0.05986549 0.02163569
v 0.1252084 0.05878563 0.01979242
v 0.1410123 0.06002609 0.01719103
v 0.1410416 0.04630791 0.02633082
v 0.0417926 0.07634483 0.01677545
v 0.05170197 0.07732002 0.01109148
v 0.0107486 0.06047539 -0.01039647
v 0.004665527 0.06043877 -0.01007246
v 0.004205322 0.06023514 -0.01239366
v -0.001550292 0.06059669 -0.009546557
v -0.0008486938 0.06069458 -0.008167019
v 0.161871 0.05519005 0.0168089
v 0.1574988 0.05584038 0.01887432
v 0.01666534 0.06081581 -0.009005694
v 0.02181183 0.06142448 -0.006096745
v 0.01096893 0.06027588 -0.01275701
v -0.02053162 0.02400291 -0.0410292
v -0.003415527 0.0227816 -0.04704004
v 0.01528351 0.02289284 -0.04804039
v 0.03085846 0.07353996 0.001131134
v 0.02890381 0.07179558 0.001340522
v -0.0163269 0.04172096 -0.0355882
v -0.001819458 0.04119873 -0.04084551
v 0.01754364 0.06066284 -0.01120115
v 0.02155212 0.0609938 -0.009138775
v 0.04112823 0.07335274 0.0003164148
v 0.0008352661 0.05426094 -0.02876452
v -0.009776917 0.05441452 -0.02485569
v 0.0219632 0.06456108 -0.006710296
v 0.02511322 0.06844582 -0.004512167
v 0.02809357 0.07233582 -0.000761075
v 0.1287051 0.0702903 0.005311494
v 0.02589111 0.07218544 -0.004413405
v 0.04265839 0.01284531 -0.05015802
v 0.0389679 0.003027191 -0.04138195
v 0.04670593 0.01253433 -0.05455741
v 0.03348663 0.0239463 -0.04374936
v 0.02464203 0.07122162 -0.005737195
v 0.02996368 0.07407295 -0.001249656
v 0.1775235 0.03366005 -0.001607637
v 0.02495819 0.07248878 -0.007425666
v 0.02139679 0.06411972 -0.009085198
v 0.02672607 0.07374016 -0.005736957
v 0.01414764 0.04129578 -0.04170221
v 0.07642761 0.07298134 0.01329441
v 0.07517487 0.07672539 0.007017222
v 0.1585254 0.06007439 0.01138026
v 0.02463959 0.06424377 -0.01603483
v 0.03754791 0.07527931 0.01540657
v 0.04285248 0.07916634 0.000867362
v 0.04770447 0.07953331 0.002101421
v 0.04455566 0.07439278 -0.008077779
v 0.0317865 0.07448082 -0.006537747
v 0.05254089 0.01247833 -0.05587156
v 0.06977631 0.0110685 -0.05423748
v 0.03818787 0.02475159 -0.04161618
v 0.04158356 0.03432594 -0.04972093
v 0.1168375 0.07452927 0.009850912
v 0.1207288 0.07351067 0.009081493
v 0.01263428 0.05432915 -0.02939494
v 0.02411468 0.0549942 -0.0266952
v 0.02967621 0.04219276 -0.0380426
v 0.03537781 0.04037109 -0.0369568
v 0.03208984 0.04982918 -0.03074876
v 0.1219537 0.07147308 0.005066152
v 0.1624014 0.01221481 -0.03377497
v 0.1760999 0.01497498 -0.01834372
v 0.02733917 0.07150528 -0.01529175
v 0.07629456 0.07802406 -6.222724e-05
v 0.07942169 0.009542542 -0.05680447
v 0.09466492 0.008182678 -0.05409381
v 0.09754761 0.007761917 -0.05383961
v 0.09946503 0.007237015 -0.05130899
v 0.0996753 -0.007329788 -0.04874768
v 0.1593085 0.06050728 0.008408055
v 0.09963257 0.02316719 -0.05187377
v 0.03390594 0.07458824 -0.01242699
v 0.1698901 0.04778877 -0.004243336
v 0.07898682 0.02838371 -0.05544076
v 0.07610687 0.00960907 -0.05633976
v 0.02883087 0.05513489 -0.02423119
v 0.02973022 0.06205162 -0.02675964
v 0.04557312 0.03542061 -0.05408293
v 0.1149713 0.0761351 0.002676745
v 0.1186798 0.07631325 0.002018003
v 0.07692322 0.07559074 -0.01982862
v 0.05132233 0.08149079 -0.006894345
v 0.1620541 0.02815628 -0.03351512
v 0.1727557 0.03039467 -0.02104897
v 0.1765808 0.03201836 -0.01152334
v 0.1695032 0.04614883 -0.01413572
v 0.03280121 0.06866966 -0.02754652
v 0.05139862 0.03624542 -0.05534225
v 0.160604 0.05916077 -0.006462216
v 0.09546631 0.02439629 -0.05359003
v 0.03907776 0.07192696 -0.02564098
v 0.0468103 0.07406128 -0.01336266
v 0.05176056 0.07176872 -0.02457911
v 0.03973968 0.04512665 -0.04670433
v 0.03626282 0.05423355 -0.04006549
v 0.0688089 0.03206734 -0.05431956
v 0.1176617 0.07359779 -0.006428895
v 0.1161273 0.07661865 -0.004915719
v 0.04361969 0.04793274 -0.05067357
v 0.1609546 0.05604622 -0.01608029
v 0.1131436 0.07772079 -0.004398947
v 0.07222046 0.01184776 -0.05671726
v 0.0740271 0.02890984 -0.05519129
v 0.05486847 0.07546402 -0.02751523
v 0.04881165 0.0796962 -0.01356708
v 0.05979004 0.07678612 -0.02743893
v 0.06966461 0.03249741 -0.05495594
v 0.1291501 0.07215637 -0.007804127
v 0.1658484 0.04453293 -0.02365558
v 0.1615045 0.04649597 -0.02789595
v 0.04945007 0.05003921 -0.05134629
v 0.03984741 0.0591555 -0.04285982
v 0.06631378 0.04854004 -0.05066124
v 0.07092682 0.04681328 -0.05084024
v 0.1077112 0.07257568 -0.02023289
v 0.1295541 0.06852905 -0.019688
v 0.04587616 0.06203903 -0.04250416
v 0.1128488 0.0713797 -0.01958471
v 0.07848724 0.04591072 -0.05124976
v 0.09722413 0.03988403 -0.04985513
v 0.09993683 0.03906189 -0.05007573
v 0.1309048 0.03808029 -0.04403563
v 0.1312521 0.02343918 -0.04570855
v 0.1304752 0.0511367 -0.03876945
v 0.06067841 0.06622871 -0.03992801
v 0.05934662 0.06308098 -0.03979696
v 0.09832245 0.04950157 -0.04754068
v 0.1611392 0.05374001 -0.02091182
v 0.1300192 0.06132568 -0.03023001
v 0.07741913 0.07013428 -0.03251669
v 0.06154846 0.07335045 -0.03141521
v 0.1028571 0.06585609 -0.0345536
v 0.06478394 0.067061 -0.03869671
v 0.1024133 0.05111877 -0.04513659
v 0.1133188 0.06451439 -0.03127831
v 0.1082153 0.06528549 -0.0310133
v 0.0674588 0.06184769 -0.04472364
v 0.07795074 0.06033485 -0.04346823
v 0.1003906 0.05696983 -0.04160409
v 0.1138055 0.05427483 -0.04101447
v 0.1042023 0.05605568 -0.04126222
v 0.04709808 -0.005864868 0.02632264
v 0.05289185 0.01679657 0.02755247
v 0.05370392 0.01677078 0.02733126
v 0.1786389 0.01666473 -0.009572458
v 0.09997467 -0.02183945 -0.04591697
v 0.1234943 0.009102326 0.04080641
v 0.04583191 0.0794313 -0.006349869
v 0.04614227 -0.01172066 -0.03030784
v 0.04910004 -0.01279732 -0.03655898
v 0.1412631 0.0287558 0.03186597
v 0.1317371 -0.005725403 -0.04257195
v 0.1319461 -0.01994286 -0.0389793
v 0.1314947 0.008856888 -0.04414024
vt 0.0744543 0.7257238
vt 0.0744543 0.7125596
vt 0.06129008 0.7125596
vt 0.2104819 0.7795288
vt 0.2107557 0.7813713
vt 0.2149108 0.7813688
vt 0.2190008 0.7758647
vt 0.2228914 0.7758511
vt 0.2198313 0.7756361
vt 0.2186083 0.7761124
vt 0.2190008 0.7758647
vt 0.2170734 0.7750868
vt 0.2198169 0.7803392
vt 0.2146963 0.7793641
vt 0.2149108 0.7813688
vt 0.2198169 0.7803392
vt 0.2197338 0.7798501
vt 0.2146963 0.7793641
vt 0.2107557 0.7813713
vt 0.2082988 0.7848043
vt 0.2122263 0.7862638
vt 0.2107557 0.7813713
vt 0.2104819 0.7795288
vt 0.2041947 0.7812201
vt 0.2151422 0.7776325
vt 0.217211 0.7763241
vt 0.2139397 0.7760687
vt 0.217211 0.7763241
vt 0.2170734 0.7750868
vt 0.2139125 0.7746246
vt 0.2170734 0.7750868
vt 0.2190008 0.7758647
vt 0.2198313 0.7756361
vt 0.2105882 0.7771655
vt 0.2104819 0.7795288
vt 0.2146963 0.7793641
vt 0.2197338 0.7798501
vt 0.219938 0.7788457
vt 0.2151422 0.7776325
vt 0.2190008 0.7758647
vt 0.219938 0.7788457
vt 0.2228914 0.7758511
vt 0.2186083 0.7761124
vt 0.219938 0.7788457
vt 0.2190008 0.7758647
vt 0.2104819 0.7795288
vt 0.2105882 0.7771655
vt 0.2034777 0.7787004
vt 0.2105882 0.7771655
vt 0.2151422 0.7776325
vt 0.2139397 0.7760687
vt 0.2139397 0.7760687
vt 0.2139125 0.7746246
vt 0.2095107 0.7738563
vt 0.2093384 0.7752632
vt 0.2095107 0.7738563
vt 0.2048296 0.7723994
vt 0.2044189 0.7738653
vt 0.2048296 0.7723994
vt 0.2018048 0.7713721
vt 0.2044189 0.7738653
vt 0.2034777 0.7787004
vt 0.2105882 0.7771655
vt 0.2044189 0.7738653
vt 0.2017404 0.772948
vt 0.197803 0.7750978
vt 0.2082988 0.7848043
vt 0.2056542 0.7917686
vt 0.2097791 0.7919519
vt 0.2044614 0.7832533
vt 0.2056542 0.7917686
vt 0.2082988 0.7848043
vt 0.2018048 0.7713721
vt 0.1981869 0.7691379
vt 0.1974275 0.7699559
vt 0.2298134 0.7807778
vt 0.2281066 0.776919
vt 0.2228914 0.7758511
vt 0.2044614 0.7832533
vt 0.2041947 0.7812201
vt 0.1991483 0.7839648
vt 0.2298134 0.7807778
vt 0.219938 0.7788457
vt 0.2197338 0.7798501
vt 0.1993513 0.7680208
vt 0.1981869 0.7691379
vt 0.2018048 0.7713721
vt 0.2044189 0.7738653
vt 0.1997947 0.7805995
vt 0.2034777 0.7787004
vt 0.1997947 0.7805995
vt 0.1991483 0.7839648
vt 0.2041947 0.7812201
vt 0.197803 0.7750978
vt 0.2017404 0.772948
vt 0.1974275 0.7699559
vt 0.2298134 0.7807778
vt 0.2390288 0.785631
vt 0.2281066 0.776919
vt 0.2278738 0.7742962
vt 0.2281066 0.776919
vt 0.2390288 0.785631
vt 0.1972504 0.7652478
vt 0.1981869 0.7691379
vt 0.1993513 0.7680208
vt 0.1972504 0.7652478
vt 0.1951426 0.7652164
vt 0.1974275 0.7699559
vt 0.1999481 0.7855557
vt 0.1991483 0.7839648
vt 0.1945196 0.7873487
vt 0.2228914 0.7758511
vt 0.2278738 0.7742962
vt 0.22599 0.7709421
vt 0.2290239 0.7705984
vt 0.2264031 0.7654017
vt 0.22599 0.7709421
vt 0.2293705 0.7858262
vt 0.2312969 0.7843762
vt 0.2197338 0.7798501
vt 0.2142574 0.7934904
vt 0.2163763 0.7884871
vt 0.2122263 0.7862638
vt 0.1993513 0.7680208
vt 0.2156999 0.7633438
vt 0.1982243 0.7626356
vt 0.2319434 0.7651808
vt 0.2288113 0.7606618
vt 0.2264031 0.7654017
vt 0.1972504 0.7652478
vt 0.1982243 0.7626356
vt 0.1950335 0.762183
vt 0.1915321 0.767718
vt 0.1950587 0.7716743
vt 0.1974275 0.7699559
vt 0.1951426 0.7652164
vt 0.1950335 0.762183
vt 0.190364 0.7639187
vt 0.2088993 0.7986331
vt 0.2064074 0.7981336
vt 0.2065661 0.798547
vt 0.1810556 0.7257715
vt 0.1811918 0.7392971
vt 0.1918983 0.7394506
vt 0.1887116 0.7824262
vt 0.197803 0.7750978
vt 0.1950587 0.7716743
vt 0.1887116 0.7824262
vt 0.1934826 0.785516
vt 0.1997947 0.7805995
vt 0.1877335 0.7594622
vt 0.190364 0.7639187
vt 0.1950335 0.762183
vt 0.1918983 0.7394506
vt 0.1811918 0.7392971
vt 0.1836475 0.7506435
vt 0.1944051 0.7563782
vt 0.1921522 0.7486508
vt 0.1836475 0.7506435
vt 0.2464169 0.7795917
vt 0.2444804 0.7738483
vt 0.2290239 0.7705984
vt 0.1991483 0.7839648
vt 0.1997947 0.7805995
vt 0.1934826 0.785516
vt 0.2444804 0.7738483
vt 0.242164 0.7670759
vt 0.2319434 0.7651808
vt 0.1996719 0.7926396
vt 0.2035017 0.7917322
vt 0.1999481 0.7855557
vt 0.2055902 0.7981006
vt 0.2044749 0.7988171
vt 0.2065661 0.798547
vt 0.22599 0.7709421
vt 0.2200845 0.7676006
vt 0.2170734 0.7750868
vt 0.2248836 0.7921386
vt 0.2163763 0.7884871
vt 0.2142574 0.7934904
vt 0.2065661 0.798547
vt 0.208632 0.7992397
vt 0.2089859 0.7989855
vt 0.2063548 0.7988225
vt 0.208632 0.7992397
vt 0.2065661 0.798547
vt 0.211874 0.7998835
vt 0.2088993 0.7986331
vt 0.2089859 0.7989855
vt 0.2200845 0.7676006
vt 0.22599 0.7709421
vt 0.2264031 0.7654017
vt 0.2288113 0.7606618
vt 0.2327079 0.7604556
vt 0.2320818 0.7552291
vt 0.2116756 0.8000553
vt 0.2118144 0.800172
vt 0.2089859 0.7989855
vt 0.1919787 0.7923474
vt 0.1958228 0.7884501
vt 0.1945196 0.7873487
vt 0.1915321 0.767718
vt 0.1818377 0.7781646
vt 0.1855636 0.7803839
vt 0.1915321 0.767718
vt 0.190364 0.7639187
vt 0.1774615 0.7738464
vt 0.2319434 0.7651808
vt 0.242164 0.7670759
vt 0.2419953 0.7621103
vt 0.208632 0.7992397
vt 0.2063548 0.7988225
vt 0.2069979 0.8004013
vt 0.2116756 0.8000553
vt 0.208632 0.7992397
vt 0.2090225 0.8001352
vt 0.2264392 0.7549749
vt 0.2320818 0.7552291
vt 0.2293036 0.7477845
vt 0.1551095 0.7459748
vt 0.1811918 0.7392971
vt 0.1810556 0.7257715
vt 0.163932 0.760517
vt 0.1836475 0.7506435
vt 0.1811918 0.7392971
vt 0.1918983 0.7394506
vt 0.1921522 0.7486508
vt 0.2146796 0.7556249
vt 0.2225434 0.745469
vt 0.2146796 0.7556249
vt 0.2202194 0.7578736
vt 0.2095107 0.7738563
vt 0.2200845 0.7676006
vt 0.2156999 0.7633438
vt 0.2018048 0.7713721
vt 0.2156999 0.7633438
vt 0.1993513 0.7680208
vt 0.1982243 0.7626356
vt 0.2156999 0.7633438
vt 0.2146796 0.7556249
vt 0.2327079 0.7604556
vt 0.2419953 0.7621103
vt 0.2428324 0.7573725
vt 0.1958228 0.7884501
vt 0.1919787 0.7923474
vt 0.1960933 0.794341
vt 0.2044749 0.7988171
vt 0.2055902 0.7981006
vt 0.2020615 0.7984548
vt 0.2406021 0.7982314
vt 0.2430647 0.797263
vt 0.2312969 0.7843762
vt 0.1732411 0.7706452
vt 0.1877335 0.7594622
vt 0.1836475 0.7506435
vt 0.2457247 0.796186
vt 0.2468191 0.7957382
vt 0.2390288 0.785631
vt 0.1960933 0.794341
vt 0.1993435 0.7994236
vt 0.2020615 0.7984548
vt 0.2457247 0.796186
vt 0.2298134 0.7807778
vt 0.2312969 0.7843762
vt 0.2140542 0.8013732
vt 0.2153893 0.8023302
vt 0.211874 0.7998835
vt 0.2109944 0.8025373
vt 0.2116934 0.8026255
vt 0.2114126 0.8016125
vt 0.1944051 0.7563782
vt 0.2146796 0.7556249
vt 0.1921522 0.7486508
vt 0.2202194 0.7578736
vt 0.2146796 0.7556249
vt 0.2156999 0.7633438
vt 0.2486856 0.7657902
vt 0.2492114 0.7631664
vt 0.2488733 0.7627163
vt 0.242164 0.7670759
vt 0.2444804 0.7738483
vt 0.2477349 0.7680289
vt 0.2458284 0.7632472
vt 0.2477349 0.7680289
vt 0.2486856 0.7657902
vt 0.2116756 0.8000553
vt 0.2114126 0.8016125
vt 0.213275 0.8024173
vt 0.2114126 0.8016125
vt 0.2116934 0.8026255
vt 0.2127758 0.8031291
vt 0.2464169 0.7795917
vt 0.2390288 0.785631
vt 0.2468191 0.7957382
vt 0.2116934 0.8026255
vt 0.2109944 0.8025373
vt 0.2119347 0.8028198
vt 0.2063548 0.7988225
vt 0.2038 0.7989088
vt 0.2052709 0.8010356
vt 0.2109944 0.8025373
vt 0.2120392 0.8030602
vt 0.2119347 0.8028198
vt 0.2475501 0.7612234
vt 0.2488733 0.7627163
vt 0.249135 0.7622827
vt 0.1840186 0.7883365
vt 0.1887116 0.7824262
vt 0.1855636 0.7803839
vt 0.2462378 0.7603862
vt 0.2458284 0.7632472
vt 0.2471954 0.7632813
vt 0.202091 0.799218
vt 0.2020615 0.7984548
vt 0.1993435 0.7994236
vt 0.1731271 0.7790088
vt 0.1777592 0.7854946
vt 0.1818377 0.7781646
vt 0.2320818 0.7552291
vt 0.2428324 0.7573725
vt 0.2457093 0.7514769
vt 0.2462378 0.7603862
vt 0.2428324 0.7573725
vt 0.2419953 0.7621103
vt 0.1919787 0.7923474
vt 0.1905106 0.7943057
vt 0.19266 0.7970444
vt 0.2127758 0.8031291
vt 0.2116934 0.8026255
vt 0.2119347 0.8028198
vt 0.2518019 0.7646062
vt 0.2496822 0.762999
vt 0.2492114 0.7631664
vt 0.2477349 0.7680289
vt 0.2536485 0.7661182
vt 0.2518019 0.7646062
vt 0.2153893 0.8023302
vt 0.2140542 0.8013732
vt 0.2152011 0.8024143
vt 0.2009921 0.7996034
vt 0.2021704 0.7992366
vt 0.202091 0.799218
vt 0.2488585 0.7598334
vt 0.249135 0.7622827
vt 0.2496534 0.762454
vt 0.1818377 0.7781646
vt 0.1777592 0.7854946
vt 0.1810893 0.7869863
vt 0.1905106 0.7943057
vt 0.1919787 0.7923474
vt 0.1903937 0.7915028
vt 0.2477349 0.7680289
vt 0.2444804 0.7738483
vt 0.2464169 0.7795917
vt 0.2021704 0.7992366
vt 0.2009921 0.7996034
vt 0.2016259 0.8002799
vt 0.2478545 0.7579278
vt 0.2462378 0.7603862
vt 0.2475501 0.7612234
vt 0.2464169 0.7795917
vt 0.269667 0.7864039
vt 0.2713355 0.7849261
vt 0.2518019 0.7646062
vt 0.2517129 0.7609229
vt 0.2496534 0.762454
vt 0.2536485 0.7661182
vt 0.2533228 0.759373
vt 0.2517129 0.7609229
vt 0.1327995 0.7596323
vt 0.1551095 0.7459748
vt 0.1412052 0.7278266
vt 0.1483963 0.7745842
vt 0.163932 0.760517
vt 0.1551095 0.7459748
vt 0.2533228 0.759373
vt 0.2478545 0.7579278
vt 0.2488585 0.7598334
vt 0.213275 0.8024173
vt 0.2149215 0.803873
vt 0.2152011 0.8024143
vt 0.213275 0.8024173
vt 0.2127758 0.8031291
vt 0.2140922 0.8041264
vt 0.2319247 0.801607
vt 0.2248836 0.7921386
vt 0.2194114 0.798534
vt 0.2478545 0.7579278
vt 0.2457093 0.7514769
vt 0.2428324 0.7573725
vt 0.2052709 0.8010356
vt 0.2038 0.7989088
vt 0.2016259 0.8002799
vt 0.1813209 0.7925399
vt 0.1863852 0.7975789
vt 0.1890476 0.7911619
vt 0.2141905 0.8039426
vt 0.2140922 0.8041264
vt 0.2127758 0.8031291
vt 0.1810893 0.7869863
vt 0.1784766 0.7913601
vt 0.1813209 0.7925399
vt 0.1777592 0.7854946
vt 0.1752343 0.7900029
vt 0.1784766 0.7913601
vt 0.1732411 0.7706452
vt 0.163932 0.760517
vt 0.1483963 0.7745842
vt 0.2488298 0.7511483
vt 0.2457093 0.7514769
vt 0.2478545 0.7579278
vt 0.2134873 0.8035245
vt 0.2146492 0.8043582
vt 0.2141905 0.8039426
vt 0.2674577 0.765042
vt 0.2533228 0.759373
vt 0.2536485 0.7661182
vt 0.1627535 0.7842866
vt 0.1668816 0.7872125
vt 0.1731271 0.7790088
vt 0.1668816 0.7872125
vt 0.1752343 0.7900029
vt 0.1777592 0.7854946
vt 0.19266 0.7970444
vt 0.1969448 0.8009595
vt 0.1993435 0.7994236
vt 0.1905106 0.7943057
vt 0.1903937 0.7915028
vt 0.1863852 0.7975789
vt 0.2037735 0.8020191
vt 0.2084872 0.8029457
vt 0.2088925 0.8031177
vt 0.1981158 0.8012733
vt 0.1998836 0.8023295
vt 0.1996433 0.8001255
vt 0.2134873 0.8035245
vt 0.2127265 0.8031465
vt 0.2120392 0.8030602
vt 0.2109944 0.8025373
vt 0.2097436 0.802811
vt 0.2107442 0.8034215
vt 0.1996433 0.8001255
vt 0.1998836 0.8023295
vt 0.2016259 0.8002799
vt 0.1138105 0.781105
vt 0.1327995 0.7596323
vt 0.1152101 0.7385479
vt 0.2615956 0.7547175
vt 0.2533228 0.759373
vt 0.2674577 0.765042
vt 0.1981158 0.8012733
vt 0.1996433 0.8001255
vt 0.1993435 0.7994236
vt 0.1953932 0.8038228
vt 0.1998836 0.8023295
vt 0.1981158 0.8012733
vt 0.2488298 0.7511483
vt 0.2478545 0.7579278
vt 0.2533228 0.759373
vt 0.2588903 0.7499536
vt 0.2533228 0.759373
vt 0.2615956 0.7547175
vt 0.1863852 0.7975789
vt 0.1851329 0.8007076
vt 0.1873396 0.7997355
vt 0.1953932 0.8038228
vt 0.1981158 0.8012733
vt 0.1969448 0.8009595
vt 0.2037735 0.8020191
vt 0.2016259 0.8002799
vt 0.1998836 0.8023295
vt 0.2107442 0.8034215
vt 0.2097436 0.802811
vt 0.2088925 0.8031177
vt 0.2084872 0.8029457
vt 0.2097681 0.8035808
vt 0.2088925 0.8031177
vt 0.1752343 0.7900029
vt 0.1712248 0.7969201
vt 0.174485 0.7981001
vt 0.1885041 0.797572
vt 0.1873396 0.7997355
vt 0.1895238 0.8009638
vt 0.1969448 0.8009595
vt 0.19266 0.7970444
vt 0.1895238 0.8009638
vt 0.2077473 0.8037512
vt 0.2084872 0.8029457
vt 0.2037735 0.8020191
vt 0.2172966 0.8059639
vt 0.2152011 0.8024143
vt 0.2149215 0.803873
vt 0.1774153 0.7990823
vt 0.1813209 0.7925399
vt 0.1784766 0.7913601
vt 0.1483963 0.7745842
vt 0.1327995 0.7596323
vt 0.1138105 0.781105
vt 0.1863852 0.7975789
vt 0.1813209 0.7925399
vt 0.1774153 0.7990823
vt 0.2154694 0.8060261
vt 0.2163079 0.806075
vt 0.2149215 0.803873
vt 0.2154694 0.8060261
vt 0.2140922 0.8041264
vt 0.2141905 0.8039426
vt 0.2146492 0.8043582
vt 0.2155367 0.8053599
vt 0.2156747 0.8056541
vt 0.2026726 0.8033136
vt 0.1998836 0.8023295
vt 0.1953932 0.8038228
vt 0.2146492 0.8043582
vt 0.2134873 0.8035245
vt 0.2131674 0.8037126
vt 0.2131674 0.8037126
vt 0.2120392 0.8030602
vt 0.2107442 0.8034215
vt 0.06668937 0.7995964
vt 0.09962248 0.8103372
vt 0.1138105 0.781105
vt 0.1549479 0.8003909
vt 0.1627535 0.7842866
vt 0.1483963 0.7745842
vt 0.1668816 0.7872125
vt 0.1627535 0.7842866
vt 0.1549479 0.8003909
vt 0.1939052 0.8042475
vt 0.1945512 0.8045759
vt 0.1953932 0.8038228
vt 0.2145488 0.8042
vt 0.2158346 0.8047543
vt 0.2155367 0.8053599
vt 0.2107442 0.8034215
vt 0.2097681 0.8035808
vt 0.2110912 0.8042236
vt 0.1953932 0.8038228
vt 0.1945512 0.8045759
vt 0.2018436 0.8050919
vt 0.1855846 0.8057081
vt 0.1873396 0.7997355
vt 0.1851329 0.8007076
vt 0.208597 0.8038104
vt 0.2077473 0.8037512
vt 0.2074348 0.8055808
vt 0.1939052 0.8042475
vt 0.1895238 0.8009638
vt 0.1872426 0.8060397
vt 0.1895238 0.8009638
vt 0.1873396 0.7997355
vt 0.1855846 0.8057081
vt 0.2097681 0.8035808
vt 0.208597 0.8038104
vt 0.2097921 0.8047253
vt 0.2145488 0.8042
vt 0.2131674 0.8037126
vt 0.2121784 0.803879
vt 0.06231361 0.810811
vt 0.1181854 0.8180314
vt 0.09962248 0.8103372
vt 0.1945512 0.8045759
vt 0.1936129 0.8079853
vt 0.2014361 0.8072345
vt 0.1712248 0.7969201
vt 0.1631785 0.8124393
vt 0.1676433 0.8123743
vt 0.09962248 0.8103372
vt 0.1276335 0.8165344
vt 0.1360887 0.7930846
vt 0.1491855 0.8204819
vt 0.1549479 0.8003909
vt 0.1360887 0.7930846
vt 0.1535235 0.8203195
vt 0.1596478 0.801316
vt 0.1549479 0.8003909
vt 0.2121784 0.803879
vt 0.2110912 0.8042236
vt 0.2128293 0.8044464
vt 0.1774153 0.7990823
vt 0.174485 0.7981001
vt 0.1676433 0.8123743
vt 0.06231361 0.810811
vt 0.06129008 0.834037
vt 0.11573 0.8304061
vt 0.1475948 0.8276865
vt 0.1530403 0.8238543
vt 0.1181854 0.8180314
vt 0.1276335 0.8165344
vt 0.1181854 0.8180314
vt 0.1530403 0.8238543
vt 0.1530403 0.8238543
vt 0.1631785 0.8124393
vt 0.1535235 0.8203195
vt 0.2144238 0.8037151
vt 0.2186893 0.8018538
vt 0.2158346 0.8047543
vt 0.1774153 0.7990823
vt 0.1715722 0.8127184
vt 0.1802603 0.8130847
vt 0.2110912 0.8042236
vt 0.2097921 0.8047253
vt 0.2111087 0.8054703
vt 0.2077363 0.8069853
vt 0.2111087 0.8054703
vt 0.2097921 0.8047253
vt 0.1842156 0.8123456
vt 0.1855846 0.8057081
vt 0.1822771 0.8119354
vt 0.185808 0.8120205
vt 0.1908673 0.8120628
vt 0.1919437 0.8079709
vt 0.1842156 0.8123456
vt 0.185808 0.8120205
vt 0.1872426 0.8060397
vt 0.2128293 0.8044464
vt 0.2144982 0.8048155
vt 0.2186893 0.8018538
vt 0.1618854 0.8273415
vt 0.1631785 0.8124393
vt 0.1530403 0.8238543
vt 0.1908673 0.8120628
vt 0.1921187 0.8118347
vt 0.1929771 0.8080727
vt 0.1670297 0.8254971
vt 0.1676433 0.8123743
vt 0.1631785 0.8124393
vt 0.1715722 0.8127184
vt 0.1676433 0.8123743
vt 0.1670297 0.8254971
vt 0.2111087 0.8054703
vt 0.2120886 0.8063249
vt 0.2144982 0.8048155
vt 0.1716911 0.823776
vt 0.1812983 0.8203123
vt 0.1802603 0.8130847
vt 0.1802603 0.8130847
vt 0.1812983 0.8203123
vt 0.1825131 0.8197209
vt 0.185808 0.8120205
vt 0.1842156 0.8123456
vt 0.1852015 0.8186471
vt 0.1908673 0.8120628
vt 0.185808 0.8120205
vt 0.1869559 0.8178945
vt 0.2077363 0.8069853
vt 0.2081413 0.8084959
vt 0.2120886 0.8063249
vt 0.1921187 0.8118347
vt 0.1908673 0.8120628
vt 0.1912512 0.8162737
vt 0.2706699 0.8174695
vt 0.2634635 0.8138186
vt 0.2672515 0.8221905
vt 0.2634635 0.8138186
vt 0.2706699 0.8174695
vt 0.2757711 0.8152422
vt 0.2442309 0.8153264
vt 0.2460358 0.819335
vt 0.2457247 0.796186
vt 0.2406021 0.7982314
vt 0.2415235 0.8154458
vt 0.2442309 0.8153264
vt 0.2728319 0.8185804
vt 0.2706699 0.8174695
vt 0.2727915 0.822648
vt 0.2757711 0.8152422
vt 0.2706699 0.8174695
vt 0.2728319 0.8185804
vt 0.2744762 0.8290968
vt 0.2774426 0.8248443
vt 0.2727915 0.822648
vt 0.2737687 0.8215745
vt 0.2727915 0.822648
vt 0.2774426 0.8248443
vt 0.2757711 0.8152422
vt 0.2833256 0.8046844
vt 0.2772057 0.7971444
vt 0.2460358 0.819335
vt 0.2477638 0.8238454
vt 0.249087 0.8087798
vt 0.2704849 0.8261454
vt 0.2672515 0.8221905
vt 0.2602696 0.8308165
vt 0.2537242 0.828379
vt 0.2602696 0.8308165
vt 0.2672515 0.8221905
vt 0.2319247 0.801607
vt 0.2233507 0.8045729
vt 0.2244603 0.8118725
vt 0.2800177 0.8199323
vt 0.2757711 0.8152422
vt 0.2755765 0.8174046
vt 0.2765411 0.8226133
vt 0.2774426 0.8248443
vt 0.2800177 0.8199323
vt 0.2498026 0.8262283
vt 0.2537242 0.828379
vt 0.2634635 0.8138186
vt 0.2498026 0.8262283
vt 0.2587444 0.8073963
vt 0.249087 0.8087798
vt 0.2774426 0.8248443
vt 0.2744762 0.8290968
vt 0.2809655 0.8311014
vt 0.2679641 0.8387731
vt 0.2744762 0.8290968
vt 0.2704849 0.8261454
vt 0.2555512 0.8347081
vt 0.2537242 0.828379
vt 0.2510278 0.830323
vt 0.2737687 0.8215745
vt 0.2750777 0.820259
vt 0.2749678 0.8198088
vt 0.2737687 0.8215745
vt 0.2765411 0.8226133
vt 0.2755055 0.8203919
vt 0.2602696 0.8308165
vt 0.2537242 0.828379
vt 0.2555512 0.8347081
vt 0.288267 0.8080303
vt 0.2833256 0.8046844
vt 0.2757711 0.8152422
vt 0.2333426 0.8135924
vt 0.2307901 0.8228041
vt 0.2369759 0.8253314
vt 0.288742 0.8176743
vt 0.2774426 0.8248443
vt 0.2832868 0.8287514
vt 0.2477638 0.8238454
vt 0.2418285 0.8316795
vt 0.2498026 0.8262283
vt 0.239826 0.8280319
vt 0.2418285 0.8316795
vt 0.2477638 0.8238454
vt 0.2809655 0.8311014
vt 0.2744762 0.8290968
vt 0.2679641 0.8387731
vt 0.288742 0.8176743
vt 0.2907851 0.8083042
vt 0.288267 0.8080303
vt 0.2728319 0.8185804
vt 0.2749678 0.8198088
vt 0.275362 0.8196474
vt 0.2778827 0.8199394
vt 0.2756895 0.820002
vt 0.2755055 0.8203919
vt 0.2555512 0.8347081
vt 0.2510278 0.830323
vt 0.2488338 0.8377361
vt 0.2156747 0.8056541
vt 0.215785 0.8081862
vt 0.215712 0.8085616
vt 0.2679641 0.8387731
vt 0.264456 0.8341263
vt 0.2611657 0.8368727
vt 0.2756895 0.820002
vt 0.2778827 0.8199394
vt 0.2755765 0.8174046
vt 0.2387264 0.8274961
vt 0.2442309 0.8153264
vt 0.2415235 0.8154458
vt 0.2383299 0.8269241
vt 0.2415235 0.8154458
vt 0.2369759 0.8253314
vt 0.2460358 0.819335
vt 0.2442309 0.8153264
vt 0.2387264 0.8274961
vt 0.2510278 0.830323
vt 0.2421702 0.8313911
vt 0.2417635 0.8317398
vt 0.2178692 0.8119022
vt 0.2183248 0.8105314
vt 0.2180603 0.8101781
vt 0.2498026 0.8262283
vt 0.2418285 0.8316795
vt 0.2510278 0.830323
vt 0.2156303 0.8069674
vt 0.215785 0.8081862
vt 0.2156747 0.8056541
vt 0.2155367 0.8053599
vt 0.2158346 0.8047543
vt 0.2154378 0.8066265
vt 0.2417635 0.8317398
vt 0.2421702 0.8313911
vt 0.2418285 0.8316795
vt 0.2716284 0.8467262
vt 0.2679641 0.8387731
vt 0.2637401 0.8433362
vt 0.2393287 0.8322558
vt 0.24155 0.8315016
vt 0.239826 0.8280319
vt 0.2171747 0.8151174
vt 0.2240814 0.8197318
vt 0.2244603 0.8118725
vt 0.2387264 0.8274961
vt 0.2354516 0.8344031
vt 0.2393287 0.8322558
vt 0.2485447 0.8448138
vt 0.2537043 0.8520344
vt 0.2565585 0.8458427
vt 0.2683116 0.8540973
vt 0.2637401 0.8433362
vt 0.2565585 0.8458427
vt 0.06356143 0.90096921
vt 0.1252835 0.8625542
vt 0.1190823 0.8511286
vt 0.2335172 0.8296255
vt 0.2348354 0.8315406
vt 0.2383299 0.8269241
vt 0.2335172 0.8296255
vt 0.2369759 0.8253314
vt 0.2307901 0.8228041
vt 0.215785 0.8081862
vt 0.2151995 0.8101103
vt 0.215332 0.8103511
vt 0.2387264 0.8274961
vt 0.2383299 0.8269241
vt 0.2348354 0.8315406
vt 0.2378784 0.8364171
vt 0.2402148 0.8336256
vt 0.2393287 0.8322558
vt 0.2393287 0.8322558
vt 0.2354516 0.8344031
vt 0.2368134 0.8351338
vt 0.215785 0.8081862
vt 0.2156303 0.8069674
vt 0.2154621 0.8088506
vt 0.2485447 0.8448138
vt 0.2488338 0.8377361
vt 0.2378784 0.8364171
vt 0.06356143 0.90096921
vt 0.06718945 0.92005259
vt 0.104925 0.881406
vt 0.2152398 0.8060422
vt 0.2154378 0.8066265
vt 0.2158346 0.8047543
vt 0.1252835 0.8625542
vt 0.1561169 0.8355377
vt 0.1495056 0.8351971
vt 0.1539355 0.831967
vt 0.1495056 0.8351971
vt 0.1561169 0.8355377
vt 0.1561169 0.8355377
vt 0.1252835 0.8625542
vt 0.134054 0.8575885
vt 0.2156303 0.8069674
vt 0.2154378 0.8066265
vt 0.2149266 0.8086144
vt 0.2154621 0.8088506
vt 0.2149266 0.8086144
vt 0.2146723 0.8104527
vt 0.2348358 0.8403283
vt 0.2378784 0.8364171
vt 0.2368134 0.8351338
vt 0.2354516 0.8344031
vt 0.2317367 0.8376958
vt 0.2337015 0.8393042
vt 0.2171604 0.814754
vt 0.2171747 0.8151174
vt 0.2183248 0.8105314
vt 0.2171604 0.814754
vt 0.2183248 0.8105314
vt 0.2178692 0.8119022
vt 0.2170156 0.8143678
vt 0.2178692 0.8119022
vt 0.2163524 0.8111211
vt 0.2301654 0.8326121
vt 0.2335172 0.8296255
vt 0.2277114 0.8273587
vt 0.2537043 0.8520344
vt 0.2409753 0.8761379
vt 0.2482222 0.8843365
vt 0.2552308 0.8964363
vt 0.2566109 0.8904115
vt 0.2482222 0.8843365
vt 0.2151995 0.8101103
vt 0.2146946 0.8109654
vt 0.2148044 0.8112447
vt 0.2367395 0.867383
vt 0.2409753 0.8761379
vt 0.2537043 0.8520344
vt 0.2349227 0.8587483
vt 0.2367395 0.867383
vt 0.2537043 0.8520344
vt 0.2409753 0.8761379
vt 0.2371689 0.8785286
vt 0.244273 0.8888066
vt 0.1420142 0.90567595
vt 0.104925 0.881406
vt 0.06718945 0.92005259
vt 0.1574047 0.8770577
vt 0.134054 0.8575885
vt 0.104925 0.881406
vt 0.2315002 0.8460165
vt 0.2348358 0.8403283
vt 0.2337015 0.8393042
vt 0.2315002 0.8460165
vt 0.2485447 0.8448138
vt 0.2348358 0.8403283
vt 0.2148044 0.8112447
vt 0.2153255 0.8130544
vt 0.2163524 0.8111211
vt 0.1284742 0.94744027
vt 0.1814517 0.94744027
vt 0.1792955 0.91306359
vt 0.2371689 0.8785286
vt 0.2409753 0.8761379
vt 0.2367395 0.867383
vt 0.2316747 0.8622597
vt 0.2333692 0.8685245
vt 0.2367395 0.867383
vt 0.2317367 0.8376958
vt 0.226397 0.8402967
vt 0.2302417 0.8447224
vt 0.2239362 0.92989976
vt 0.2552308 0.8964363
vt 0.244273 0.8888066
vt 0.2349227 0.8587483
vt 0.2485447 0.8448138
vt 0.2317378 0.8524414
vt 0.2317378 0.8524414
vt 0.2485447 0.8448138
vt 0.2315002 0.8460165
vt 0.2147141 0.8165193
vt 0.2170156 0.8143678
vt 0.2153255 0.8130544
vt 0.2296854 0.85013
vt 0.2317378 0.8524414
vt 0.2307514 0.8473168
vt 0.1618854 0.8273415
vt 0.155734 0.8294059
vt 0.1561169 0.8355377
vt 0.1561169 0.8355377
vt 0.1577239 0.8383671
vt 0.1713382 0.8396339
vt 0.1670297 0.8254971
vt 0.1618854 0.8273415
vt 0.1713382 0.8396339
vt 0.134054 0.8575885
vt 0.1574047 0.8770577
vt 0.1708403 0.8570008
vt 0.2320688 0.8568928
vt 0.2317378 0.8524414
vt 0.2296074 0.8515531
vt 0.2307514 0.8473168
vt 0.2315002 0.8460165
vt 0.2302417 0.8447224
vt 0.2154378 0.8066265
vt 0.2152398 0.8060422
vt 0.2138583 0.8087364
vt 0.2301946 0.8585428
vt 0.2320688 0.8568928
vt 0.2296074 0.8515531
vt 0.2296074 0.8515531
vt 0.2317378 0.8524414
vt 0.2296854 0.85013
vt 0.2284399 0.8496443
vt 0.2296854 0.85013
vt 0.2307514 0.8473168
vt 0.2283646 0.8513276
vt 0.2296074 0.8515531
vt 0.2296854 0.85013
vt 0.2239362 0.92989976
vt 0.2136318 0.90744985
vt 0.1792955 0.91306359
vt 0.1574047 0.8770577
vt 0.1420142 0.90567595
vt 0.1792955 0.91306359
vt 0.2277114 0.8273587
vt 0.2215162 0.8240483
vt 0.2201979 0.8262908
vt 0.21427 0.8117006
vt 0.2148044 0.8112447
vt 0.2146946 0.8109654
vt 0.2316747 0.8622597
vt 0.2301946 0.8585428
vt 0.2230195 0.858766
vt 0.2251865 0.8375698
vt 0.226397 0.8402967
vt 0.2317367 0.8376958
vt 0.2301654 0.8326121
vt 0.2242785 0.8354807
vt 0.2251865 0.8375698
vt 0.2293894 0.8462611
vt 0.2220107 0.8413232
vt 0.2263292 0.8472242
vt 0.2293894 0.8462611
vt 0.2263292 0.8472242
vt 0.2284399 0.8496443
vt 0.1716911 0.823776
vt 0.1784897 0.8337011
vt 0.1849014 0.8271736
vt 0.1749176 0.8527209
vt 0.185261 0.8476076
vt 0.1713382 0.8396339
vt 0.2240814 0.8197318
vt 0.2171747 0.8151174
vt 0.2158511 0.818305
vt 0.2156371 0.817859
vt 0.2158511 0.818305
vt 0.2171747 0.8151174
vt 0.2097674 0.8876332
vt 0.2136318 0.90744985
vt 0.244273 0.8888066
vt 0.2316747 0.8622597
vt 0.2098094 0.8713713
vt 0.2333692 0.8685245
vt 0.2371689 0.8785286
vt 0.2333692 0.8685245
vt 0.2098094 0.8713713
vt 0.1830739 0.8864907
vt 0.1893771 0.8667419
vt 0.1708403 0.8570008
vt 0.2097674 0.8876332
vt 0.1830739 0.8864907
vt 0.1792955 0.91306359
vt 0.226397 0.8402967
vt 0.2220107 0.8413232
vt 0.2293894 0.8462611
vt 0.2284399 0.8496443
vt 0.2263292 0.8472242
vt 0.2283646 0.8513276
vt 0.1894721 0.8600897
vt 0.1749176 0.8527209
vt 0.1708403 0.8570008
vt 0.1830739 0.8864907
vt 0.2097674 0.8876332
vt 0.2098094 0.8713713
vt 0.1893771 0.8667419
vt 0.2098094 0.8713713
vt 0.2012438 0.8632121
vt 0.2170156 0.8143678
vt 0.2151364 0.8176889
vt 0.2156371 0.817859
vt 0.2086725 0.8100506
vt 0.2119186 0.8080589
vt 0.2120886 0.8063249
vt 0.2229474 0.8529013
vt 0.2230195 0.858766
vt 0.2301946 0.8585428
vt 0.21427 0.8117006
vt 0.2147141 0.8165193
vt 0.2153255 0.8130544
vt 0.2185003 0.8278705
vt 0.2242785 0.8354807
vt 0.2259562 0.8315392
vt 0.1869559 0.8178945
vt 0.1893422 0.823404
vt 0.1934534 0.8198407
vt 0.1912512 0.8162737
vt 0.1934534 0.8198407
vt 0.1944078 0.8190828
vt 0.1944078 0.8190828
vt 0.1953768 0.8182436
vt 0.1939913 0.8150698
vt 0.2143944 0.8119962
vt 0.21427 0.8117006
vt 0.2146946 0.8109654
vt 0.1977311 0.8212415
vt 0.1953768 0.8182436
vt 0.1944078 0.8190828
vt 0.2263292 0.8472242
vt 0.2227585 0.847929
vt 0.2229474 0.8529013
vt 0.2149266 0.8086144
vt 0.2138583 0.8087364
vt 0.2132992 0.8108591
vt 0.1939104 0.8277164
vt 0.1893422 0.823404
vt 0.1879033 0.8244485
vt 0.2147141 0.8165193
vt 0.2151364 0.8176889
vt 0.2170156 0.8143678
vt 0.2108261 0.8650185
vt 0.2316747 0.8622597
vt 0.2230195 0.858766
vt 0.1750956 0.8365047
vt 0.1713382 0.8396339
vt 0.185261 0.8476076
vt 0.2153222 0.8193506
vt 0.2201979 0.8262908
vt 0.2215162 0.8240483
vt 0.2150117 0.8188781
vt 0.2153222 0.8193506
vt 0.2158511 0.818305
vt 0.2185003 0.8278705
vt 0.2132273 0.8306459
vt 0.2207004 0.8366094
vt 0.2151364 0.8176889
vt 0.2150117 0.8188781
vt 0.2156371 0.817859
vt 0.2086725 0.8100506
vt 0.2093958 0.8115733
vt 0.2116112 0.8101083
vt 0.2132992 0.8108591
vt 0.2138583 0.8087364
vt 0.2128329 0.8093346
vt 0.2136269 0.8527351
vt 0.212192 0.8580012
vt 0.2230195 0.858766
vt 0.1873603 0.8440235
vt 0.1892983 0.8408751
vt 0.1784897 0.8337011
vt 0.2143944 0.8119962
vt 0.2146723 0.8104527
vt 0.2132992 0.8108591
vt 0.1934534 0.8198407
vt 0.1967336 0.8226287
vt 0.1977311 0.8212415
vt 0.1893422 0.823404
vt 0.1939104 0.8277164
vt 0.1967336 0.8226287
vt 0.214527 0.8482324
vt 0.2136269 0.8527351
vt 0.2229474 0.8529013
vt 0.2192407 0.8417545
vt 0.2134281 0.8417084
vt 0.214527 0.8482324
vt 0.1894721 0.8600897
vt 0.2012438 0.8632121
vt 0.2003942 0.8538948
vt 0.1917008 0.8324125
vt 0.1849014 0.8271736
vt 0.1784897 0.8337011
vt 0.2138478 0.8195828
vt 0.2142798 0.8198914
vt 0.2150117 0.8188781
vt 0.1873603 0.8440235
vt 0.185261 0.8476076
vt 0.1927509 0.8506159
vt 0.2132992 0.8108591
vt 0.2124884 0.8113855
vt 0.2122161 0.8128632
vt 0.2153222 0.8193506
vt 0.2150117 0.8188781
vt 0.2142798 0.8198914
vt 0.2153222 0.8193506
vt 0.214519 0.8203994
vt 0.2185003 0.8278705
vt 0.1867789 0.8262554
vt 0.1926683 0.8295254
vt 0.1939104 0.8277164
vt 0.2134281 0.8417084
vt 0.2192407 0.8417545
vt 0.2188974 0.8389832
vt 0.2188974 0.8389832
vt 0.2207004 0.8366094
vt 0.2128038 0.837236
vt 0.1867789 0.8262554
vt 0.1924638 0.8318723
vt 0.1926683 0.8295254
vt 0.2151364 0.8176889
vt 0.2147141 0.8165193
vt 0.2130436 0.8177393
vt 0.2124884 0.8113855
vt 0.2128329 0.8093346
vt 0.2116112 0.8101083
vt 0.2115048 0.8121343
vt 0.2116112 0.8101083
vt 0.2093958 0.8115733
vt 0.1892983 0.8408751
vt 0.1873603 0.8440235
vt 0.1945444 0.8469868
vt 0.202203 0.8498855
vt 0.2003942 0.8538948
vt 0.212192 0.8580012
vt 0.1945444 0.8469868
vt 0.1927509 0.8506159
vt 0.2003942 0.8538948
vt 0.1982468 0.8336071
vt 0.1926683 0.8295254
vt 0.1924638 0.8318723
vt 0.2116451 0.8228364
vt 0.2132273 0.8306459
vt 0.2185003 0.8278705
vt 0.2130951 0.8125895
vt 0.2122161 0.8128632
vt 0.2112663 0.8184287
vt 0.2037195 0.846339
vt 0.202203 0.8498855
vt 0.2136269 0.8527351
vt 0.2138478 0.8195828
vt 0.2130436 0.8177393
vt 0.2112663 0.8184287
vt 0.2005752 0.8243735
vt 0.1967336 0.8226287
vt 0.1939104 0.8277164
vt 0.1963152 0.8438183
vt 0.1945444 0.8469868
vt 0.202203 0.8498855
vt 0.200954 0.8234166
vt 0.2057504 0.817041
vt 0.2040911 0.8154976
vt 0.2057504 0.817041
vt 0.2075346 0.8181594
vt 0.2110111 0.8130267
vt 0.2051538 0.8397804
vt 0.2134281 0.8417084
vt 0.2129386 0.8392761
vt 0.1979622 0.8358771
vt 0.1917008 0.8324125
vt 0.1892983 0.8408751
vt 0.2029628 0.8250605
vt 0.2005752 0.8243735
vt 0.1991575 0.830659
vt 0.2093979 0.8186109
vt 0.2112663 0.8184287
vt 0.2122161 0.8128632
vt 0.2110111 0.8130267
vt 0.2075346 0.8181594
vt 0.2093979 0.8186109
vt 0.2132273 0.8306459
vt 0.2090825 0.8318206
vt 0.2107885 0.8370931
vt 0.2132273 0.8306459
vt 0.2116451 0.8228364
vt 0.2082018 0.8246382
vt 0.2107885 0.8370931
vt 0.2070261 0.8365763
vt 0.2063819 0.8384936
vt 0.2029628 0.8250605
vt 0.2040526 0.8240811
vt 0.200954 0.8234166
vt 0.2090734 0.821956
vt 0.2116907 0.8215756
vt 0.2112663 0.8184287
vt 0.208979 0.8231807
vt 0.2116907 0.8215756
vt 0.2090734 0.821956
vt 0.2070261 0.8365763
vt 0.2090825 0.8318206
vt 0.2043932 0.8319119
vt 0.2029628 0.8250605
vt 0.1991575 0.830659
vt 0.2043932 0.8319119
vt 0.208979 0.8231807
vt 0.2082018 0.8246382
vt 0.2116451 0.8228364
vt 0.2063069 0.8217302
vt 0.2075346 0.8181594
vt 0.2057504 0.817041
vt 0.2063069 0.8217302
vt 0.2090734 0.821956
vt 0.2093979 0.8186109
vt 0.2057589 0.8239805
vt 0.2055106 0.8250354
vt 0.2082018 0.8246382
vt 0.2043932 0.8319119
vt 0.2090825 0.8318206
vt 0.2082018 0.8246382
vt 0.2475501 0.7612234
vt 0.2471954 0.7632813
vt 0.2488733 0.7627163
vt 0.2118144 0.800172
vt 0.2116756 0.8000553
vt 0.2140542 0.8013732
vt 0.2199073 0.7821126
vt 0.2293705 0.7858262
vt 0.2198169 0.7803392
vt 0.2458284 0.7632472
vt 0.2419953 0.7621103
vt 0.242164 0.7670759
vt 0.2685498 0.77843
vt 0.2536485 0.7661182
vt 0.2713355 0.7849261
vt 0.2675433 0.7685665
vt 0.2536485 0.7661182
vt 0.2685498 0.77843
vt 0.2200845 0.7676006
vt 0.2095107 0.7738563
vt 0.2139125 0.7746246
vt 0.2170734 0.7750868
vt 0.2200845 0.7676006
vt 0.2139125 0.7746246
vt 0.1935977 0.7304547
vt 0.1918983 0.7394506
vt 0.2225434 0.745469
vt 0.1732411 0.7706452
vt 0.1731271 0.7790088
vt 0.1774615 0.7738464
vt 0.1950335 0.762183
vt 0.1982243 0.7626356
vt 0.1944051 0.7563782
vt 0.1181854 0.8180314
vt 0.1276335 0.8165344
vt 0.09962248 0.8103372
vt 0.1535235 0.8203195
vt 0.1491855 0.8204819
vt 0.1530403 0.8238543
vt 0.2288113 0.7606618
vt 0.2319434 0.7651808
vt 0.2327079 0.7604556
vt 0.2278738 0.7742962
vt 0.2290239 0.7705984
vt 0.22599 0.7709421
vt 0.2212323 0.7635922
vt 0.2156999 0.7633438
vt 0.2200845 0.7676006
vt 0.1903937 0.7915028
vt 0.1890476 0.7911619
vt 0.1863852 0.7975789
vt 0.19266 0.7970444
vt 0.1905106 0.7943057
vt 0.1885041 0.797572
vt 0.1895238 0.8009638
vt 0.1939052 0.8042475
vt 0.1945089 0.8035051
vt 0.2082988 0.7848043
vt 0.2107557 0.7813713
vt 0.2044614 0.7832533
vt 0.1929771 0.8080727
vt 0.1936129 0.8079853
vt 0.1945512 0.8045759
vt 0.2016259 0.8002799
vt 0.2009921 0.7996034
vt 0.1996433 0.8001255
vt 0.2127265 0.8031465
vt 0.2119347 0.8028198
vt 0.2120392 0.8030602
vt 0.2228914 0.7758511
vt 0.2281066 0.776919
vt 0.2278738 0.7742962
vt 0.1577239 0.8383671
vt 0.1561169 0.8355377
vt 0.1532626 0.840683
vt 0.134054 0.8575885
vt 0.1252835 0.8625542
vt 0.104925 0.881406
vt 0.2316747 0.8622597
vt 0.2367395 0.867383
vt 0.2349227 0.8587483
vt 0.2098094 0.8713713
vt 0.2108261 0.8650185
vt 0.2012438 0.8632121
vt 0.2098094 0.8713713
vt 0.2316747 0.8622597
vt 0.2108261 0.8650185
vt 0.2566109 0.8904115
vt 0.2683116 0.8540973
vt 0.2482222 0.8843365
vt 0.2378784 0.8364171
vt 0.2488338 0.8377361
vt 0.2402148 0.8336256
vt 0.2348358 0.8403283
vt 0.2485447 0.8448138
vt 0.2378784 0.8364171
vt 0.2488338 0.8377361
vt 0.2417635 0.8317398
vt 0.2402148 0.8336256
vt 0.2510278 0.830323
vt 0.2537242 0.828379
vt 0.2498026 0.8262283
vt 0.2611657 0.8368727
vt 0.264456 0.8341263
vt 0.2602696 0.8308165
vt 0.2529325 0.840159
vt 0.2488338 0.8377361
vt 0.2485447 0.8448138
vt 0.2772057 0.7971444
vt 0.2752164 0.7930071
vt 0.2634635 0.8138186
vt 0.2754781 0.792524
vt 0.2752164 0.7930071
vt 0.2772057 0.7971444
vt 0.2704849 0.8261454
vt 0.2727915 0.822648
vt 0.2672515 0.8221905
vt 0.2800177 0.8199323
vt 0.2774426 0.8248443
vt 0.288742 0.8176743
vt 0.2418285 0.8316795
vt 0.239826 0.8280319
vt 0.24155 0.8315016
vt 0.2510278 0.830323
vt 0.2418285 0.8316795
vt 0.2421702 0.8313911
vt 0.2063069 0.8217302
vt 0.200954 0.8234166
vt 0.2040526 0.8240811
vt 0.2063069 0.8217302
vt 0.2040526 0.8240811
vt 0.2057589 0.8239805
vt 0.2143944 0.8119962
vt 0.2147141 0.8165193
vt 0.21427 0.8117006
vt 0.2146946 0.8109654
vt 0.2151995 0.8101103
vt 0.2146723 0.8104527
vt 0.2124884 0.8113855
vt 0.2119497 0.8131026
vt 0.2122161 0.8128632
vt 0.2107885 0.8370931
vt 0.2090825 0.8318206
vt 0.2070261 0.8365763
vt 0.2301654 0.8326121
vt 0.2259562 0.8315392
vt 0.2242785 0.8354807
vt 0.2063819 0.8384936
vt 0.2070261 0.8365763
vt 0.2040569 0.8357234
vt 0.2129386 0.8392761
vt 0.2128038 0.837236
vt 0.2107885 0.8370931
vt 0.1917008 0.8324125
vt 0.1979622 0.8358771
vt 0.1924638 0.8318723
vt 0.2063819 0.8384936
vt 0.1979622 0.8358771
vt 0.2051538 0.8397804
vt 0.2119186 0.8080589
vt 0.2135033 0.8070778
vt 0.2144982 0.8048155
vt 0.2144982 0.8048155
vt 0.2135033 0.8070778
vt 0.2152398 0.8060422
vt 0.2138583 0.8087364
vt 0.2152398 0.8060422
vt 0.2135033 0.8070778
vt 0.2128329 0.8093346
vt 0.2135033 0.8070778
vt 0.2119186 0.8080589
vt 0.2035017 0.7917322
vt 0.1996719 0.7926396
vt 0.2020615 0.7984548
vt 0.2240814 0.8197318
vt 0.2215162 0.8240483
vt 0.2277114 0.8273587
vt 0.2277114 0.8273587
vt 0.2307901 0.8228041
vt 0.2240814 0.8197318
vt 0.1716911 0.823776
vt 0.1670297 0.8254971
vt 0.1750956 0.8365047
vt 0.1921187 0.8118347
vt 0.192065 0.8158505
vt 0.1939913 0.8150698
vt 0.1921187 0.8118347
vt 0.1933698 0.8116663
vt 0.1936129 0.8079853
vt 0.2055106 0.8250354
vt 0.2057589 0.8239805
vt 0.2040526 0.8240811
vt 0.2152011 0.8024143
vt 0.2172966 0.8059639
vt 0.2175945 0.8060874
vt 0.2180603 0.8101781
vt 0.2183248 0.8105314
vt 0.2175945 0.8060874
vt 0.1919437 0.8079709
vt 0.1929771 0.8080727
vt 0.1945512 0.8045759
vt 0.1967336 0.8226287
vt 0.2005752 0.8243735
vt 0.200954 0.8234166
vt 0.2018436 0.8050919
vt 0.2074348 0.8055808
vt 0.2077473 0.8037512
vt 0.1849014 0.8271736
vt 0.1867789 0.8262554
vt 0.1825131 0.8197209
vt 0.1825131 0.8197209
vt 0.1867789 0.8262554
vt 0.1879033 0.8244485
vt 0.1825131 0.8197209
vt 0.1852015 0.8186471
vt 0.1842156 0.8123456
vt 0.1893422 0.823404
vt 0.1869559 0.8178945
vt 0.1852015 0.8186471
vt 0.1926683 0.8295254
vt 0.1982468 0.8336071
vt 0.1991575 0.830659
vt 0.2040569 0.8357234
vt 0.1982468 0.8336071
vt 0.1979622 0.8358771
vt 0.1982468 0.8336071
vt 0.2040569 0.8357234
vt 0.2043932 0.8319119
vt 0.2088993 0.7986331
vt 0.211874 0.7998835
vt 0.2142574 0.7934904
vt 0.1945196 0.7873487
vt 0.1934826 0.785516
vt 0.1890476 0.7911619
vt 0.1708403 0.8570008
vt 0.1749176 0.8527209
vt 0.1577239 0.8383671
vt 0.226397 0.8402967
vt 0.2251865 0.8375698
vt 0.2220579 0.838587
vt 0.2242785 0.8354807
vt 0.2207004 0.8366094
vt 0.2220579 0.838587
vt 0.2220107 0.8413232
vt 0.2220579 0.838587
vt 0.2188974 0.8389832
vt 0.2207004 0.8366094
vt 0.2188974 0.8389832
vt 0.2220579 0.838587
vt 0.2311387 0.8342458
vt 0.2317367 0.8376958
vt 0.2354516 0.8344031
vt 0.2199073 0.7821126
vt 0.2163763 0.7884871
vt 0.2248836 0.7921386
vt 0.2319247 0.801607
vt 0.2333426 0.8135924
vt 0.2415235 0.8154458
vt 0.2319247 0.801607
vt 0.2406021 0.7982314
vt 0.2293705 0.7858262
vt 0.211874 0.7998835
vt 0.2153893 0.8023302
vt 0.2194114 0.798534
vt 0.1867789 0.8262554
vt 0.1849014 0.8271736
vt 0.1917008 0.8324125
vt 0.1515244 0.8291469
vt 0.1530227 0.828818
vt 0.1530403 0.8238543
vt 0.2349227 0.8587483
vt 0.2320688 0.8568928
vt 0.2301946 0.8585428
vt 0.217211 0.7763241
vt 0.2151422 0.7776325
vt 0.219938 0.7788457
vt 0.249087 0.8087798
vt 0.2468191 0.7957382
vt 0.2457247 0.796186
vt 0.2468191 0.7957382
vt 0.249087 0.8087798
vt 0.2587444 0.8073963
vt 0.1890476 0.7911619
vt 0.1934826 0.785516
vt 0.1887116 0.7824262
vt 0.1894721 0.8600897
vt 0.1927509 0.8506159
vt 0.185261 0.8476076
vt 0.2132273 0.8306459
vt 0.2128038 0.837236
vt 0.2207004 0.8366094
vt 0.2156999 0.7633438
vt 0.2018048 0.7713721
vt 0.2048296 0.7723994
vt 0.2056542 0.7917686
vt 0.2044614 0.7832533
vt 0.1999481 0.7855557
vt 0.1851329 0.8007076
vt 0.1802603 0.8130847
vt 0.1822771 0.8119354
vt 0.2153893 0.8023302
vt 0.2175945 0.8060874
vt 0.2233507 0.8045729
vt 0.2233507 0.8045729
vt 0.2175945 0.8060874
vt 0.2183248 0.8105314
vt 0.2167251 0.8088311
vt 0.2163079 0.806075
vt 0.2154694 0.8060261
vt 0.2172966 0.8059639
vt 0.2163079 0.806075
vt 0.2167251 0.8088311
vt 0.2180603 0.8101781
vt 0.2167251 0.8088311
vt 0.2163524 0.8111211
vt 0.2163524 0.8111211
vt 0.2167251 0.8088311
vt 0.215712 0.8085616
vt 0.208597 0.8038104
vt 0.2097681 0.8035808
vt 0.2084872 0.8029457
vt 0.2115048 0.8121343
vt 0.2110111 0.8130267
vt 0.2119497 0.8131026
vt 0.2240814 0.8197318
vt 0.2307901 0.8228041
vt 0.2333426 0.8135924
vt 0.2064074 0.7981336
vt 0.2088993 0.7986331
vt 0.2097791 0.7919519
vt 0.24155 0.8315016
vt 0.2393287 0.8322558
vt 0.2402148 0.8336256
vt 0.2051538 0.8397804
vt 0.1979622 0.8358771
vt 0.1963152 0.8438183
vt 0.2037195 0.846339
vt 0.214527 0.8482324
vt 0.2134281 0.8417084
vt 0.212192 0.8580012
vt 0.2003942 0.8538948
vt 0.2012438 0.8632121
vt 0.1631785 0.8124393
vt 0.1712248 0.7969201
vt 0.1596478 0.801316
vt 0.1668816 0.7872125
vt 0.1596478 0.801316
vt 0.1712248 0.7969201
vt 0.2220107 0.8413232
vt 0.2192407 0.8417545
vt 0.2227585 0.847929
vt 0.202091 0.799218
vt 0.2021704 0.7992366
vt 0.2038 0.7989088
vt 0.2044749 0.7988171
vt 0.2038 0.7989088
vt 0.2063548 0.7988225
vt 0.2063069 0.8217302
vt 0.2057589 0.8239805
vt 0.208979 0.8231807
vt 0.2056542 0.7917686
vt 0.2035017 0.7917322
vt 0.2055902 0.7981006
vt 0.2185003 0.8278705
vt 0.214519 0.8203994
vt 0.2116451 0.8228364
vt 0.2142798 0.8198914
vt 0.2138478 0.8195828
vt 0.2116907 0.8215756
vt 0.214519 0.8203994
vt 0.2142798 0.8198914
vt 0.2116907 0.8215756
vt 0.2163763 0.7884871
vt 0.2199073 0.7821126
vt 0.2149108 0.7813688
vt 0.2019624 0.8115753
vt 0.2015224 0.8094007
vt 0.1933698 0.8116663
vt 0.2015224 0.8094007
vt 0.2019624 0.8115753
vt 0.2081413 0.8084959
vt 0.1953768 0.8182436
vt 0.2028667 0.8136184
vt 0.2019624 0.8115753
vt 0.2081413 0.8084959
vt 0.2019624 0.8115753
vt 0.2028667 0.8136184
vt 0.2057504 0.817041
vt 0.2093958 0.8115733
vt 0.2040911 0.8154976
vt 0.2018436 0.8050919
vt 0.2014361 0.8072345
vt 0.2074348 0.8055808
vt 0.2077363 0.8069853
vt 0.2074348 0.8055808
vt 0.2014361 0.8072345
vt 0.2015224 0.8094007
vt 0.2014361 0.8072345
vt 0.1936129 0.8079853
vt 0.2040911 0.8154976
vt 0.2093958 0.8115733
vt 0.2086725 0.8100506
vt 0.1977311 0.8212415
vt 0.2040911 0.8154976
vt 0.2028667 0.8136184
vt 0.2097436 0.802811
vt 0.2069979 0.8004013
vt 0.2052709 0.8010356
vt 0.2090225 0.8001352
vt 0.2069979 0.8004013
vt 0.2097436 0.802811
vt 0.2130951 0.8125895
vt 0.2130436 0.8177393
vt 0.2147141 0.8165193
vt 0.1877335 0.7594622
vt 0.1732411 0.7706452
vt 0.1774615 0.7738464
vt 0.2311387 0.8342458
vt 0.2348354 0.8315406
vt 0.2335172 0.8296255
vt 0.0625258 0.8700114
vt 0.1190823 0.8511286
vt 0.11573 0.8304061
vt 0.11573 0.8304061
vt 0.1190823 0.8511286
vt 0.1495056 0.8351971
vt 0.1495056 0.8351971
vt 0.1539355 0.831967
vt 0.1515244 0.8291469
vt 0.06129008 0.7257238
vt 0.0744543 0.7257238
vt 0.06129008 0.7125596
vt 0.2146963 0.7793641
vt 0.2104819 0.7795288
vt 0.2149108 0.7813688
vt 0.217211 0.7763241
vt 0.2186083 0.7761124
vt 0.2170734 0.7750868
vt 0.2199073 0.7821126
vt 0.2198169 0.7803392
vt 0.2149108 0.7813688
vt 0.2149108 0.7813688
vt 0.2107557 0.7813713
vt 0.2122263 0.7862638
vt 0.2044614 0.7832533
vt 0.2107557 0.7813713
vt 0.2041947 0.7812201
vt 0.2139397 0.7760687
vt 0.217211 0.7763241
vt 0.2139125 0.7746246
vt 0.2151422 0.7776325
vt 0.2105882 0.7771655
vt 0.2146963 0.7793641
vt 0.2146963 0.7793641
vt 0.2197338 0.7798501
vt 0.2151422 0.7776325
vt 0.2041947 0.7812201
vt 0.2104819 0.7795288
vt 0.2034777 0.7787004
vt 0.2093384 0.7752632
vt 0.2105882 0.7771655
vt 0.2139397 0.7760687
vt 0.2093384 0.7752632
vt 0.2139397 0.7760687
vt 0.2095107 0.7738563
vt 0.2044189 0.7738653
vt 0.2093384 0.7752632
vt 0.2048296 0.7723994
vt 0.2017404 0.772948
vt 0.2044189 0.7738653
vt 0.2018048 0.7713721
vt 0.2093384 0.7752632
vt 0.2044189 0.7738653
vt 0.2105882 0.7771655
vt 0.1997947 0.7805995
vt 0.2044189 0.7738653
vt 0.197803 0.7750978
vt 0.2122263 0.7862638
vt 0.2082988 0.7848043
vt 0.2097791 0.7919519
vt 0.2017404 0.772948
vt 0.2018048 0.7713721
vt 0.1974275 0.7699559
vt 0.219938 0.7788457
vt 0.2298134 0.7807778
vt 0.2228914 0.7758511
vt 0.1999481 0.7855557
vt 0.2044614 0.7832533
vt 0.1991483 0.7839648
vt 0.2312969 0.7843762
vt 0.2298134 0.7807778
vt 0.2197338 0.7798501
vt 0.2034777 0.7787004
vt 0.1997947 0.7805995
vt 0.2041947 0.7812201
vt 0.1950587 0.7716743
vt 0.197803 0.7750978
vt 0.1974275 0.7699559
vt 0.2464169 0.7795917
vt 0.2278738 0.7742962
vt 0.2390288 0.785631
vt 0.1981869 0.7691379
vt 0.1972504 0.7652478
vt 0.1974275 0.7699559
vt 0.1958228 0.7884501
vt 0.1999481 0.7855557
vt 0.1945196 0.7873487
vt 0.2198313 0.7756361
vt 0.2228914 0.7758511
vt 0.22599 0.7709421
vt 0.2198169 0.7803392
vt 0.2293705 0.7858262
vt 0.2197338 0.7798501
vt 0.2097791 0.7919519
vt 0.2142574 0.7934904
vt 0.2122263 0.7862638
vt 0.1972504 0.7652478
vt 0.1993513 0.7680208
vt 0.1982243 0.7626356
vt 0.2290239 0.7705984
vt 0.2319434 0.7651808
vt 0.2264031 0.7654017
vt 0.1951426 0.7652164
vt 0.1972504 0.7652478
vt 0.1950335 0.762183
vt 0.1951426 0.7652164
vt 0.1915321 0.767718
vt 0.1974275 0.7699559
vt 0.1915321 0.767718
vt 0.1951426 0.7652164
vt 0.190364 0.7639187
vt 0.2089859 0.7989855
vt 0.2088993 0.7986331
vt 0.2065661 0.798547
vt 0.1935977 0.7304547
vt 0.1810556 0.7257715
vt 0.1918983 0.7394506
vt 0.1855636 0.7803839
vt 0.1887116 0.7824262
vt 0.1950587 0.7716743
vt 0.197803 0.7750978
vt 0.1887116 0.7824262
vt 0.1997947 0.7805995
vt 0.1944051 0.7563782
vt 0.1877335 0.7594622
vt 0.1950335 0.762183
vt 0.1921522 0.7486508
vt 0.1918983 0.7394506
vt 0.1836475 0.7506435
vt 0.1877335 0.7594622
vt 0.1944051 0.7563782
vt 0.1836475 0.7506435
vt 0.2278738 0.7742962
vt 0.2464169 0.7795917
vt 0.2290239 0.7705984
vt 0.1945196 0.7873487
vt 0.1991483 0.7839648
vt 0.1934826 0.785516
vt 0.2290239 0.7705984
vt 0.2444804 0.7738483
vt 0.2319434 0.7651808
vt 0.1958228 0.7884501
vt 0.1996719 0.7926396
vt 0.1999481 0.7855557
vt 0.2064074 0.7981336
vt 0.2055902 0.7981006
vt 0.2065661 0.798547
vt 0.2198313 0.7756361
vt 0.22599 0.7709421
vt 0.2170734 0.7750868
vt 0.2194114 0.798534
vt 0.2248836 0.7921386
vt 0.2142574 0.7934904
vt 0.2118144 0.800172
vt 0.211874 0.7998835
vt 0.2089859 0.7989855
vt 0.2212323 0.7635922
vt 0.2200845 0.7676006
vt 0.2264031 0.7654017
vt 0.2264392 0.7549749
vt 0.2288113 0.7606618
vt 0.2320818 0.7552291
vt 0.208632 0.7992397
vt 0.2116756 0.8000553
vt 0.2089859 0.7989855
vt 0.1903937 0.7915028
vt 0.1919787 0.7923474
vt 0.1945196 0.7873487
vt 0.1950587 0.7716743
vt 0.1915321 0.767718
vt 0.1855636 0.7803839
vt 0.1818377 0.7781646
vt 0.1915321 0.767718
vt 0.1774615 0.7738464
vt 0.2327079 0.7604556
vt 0.2319434 0.7651808
vt 0.2419953 0.7621103
vt 0.2090225 0.8001352
vt 0.208632 0.7992397
vt 0.2069979 0.8004013
vt 0.2114126 0.8016125
vt 0.2116756 0.8000553
vt 0.2090225 0.8001352
vt 0.2225434 0.745469
vt 0.2264392 0.7549749
vt 0.2293036 0.7477845
vt 0.1412052 0.7278266
vt 0.1551095 0.7459748
vt 0.1810556 0.7257715
vt 0.1551095 0.7459748
vt 0.163932 0.760517
vt 0.1811918 0.7392971
vt 0.2225434 0.745469
vt 0.1918983 0.7394506
vt 0.2146796 0.7556249
vt 0.2264392 0.7549749
vt 0.2225434 0.745469
vt 0.2202194 0.7578736
vt 0.2048296 0.7723994
vt 0.2095107 0.7738563
vt 0.2156999 0.7633438
vt 0.1944051 0.7563782
vt 0.1982243 0.7626356
vt 0.2146796 0.7556249
vt 0.2320818 0.7552291
vt 0.2327079 0.7604556
vt 0.2428324 0.7573725
vt 0.1996719 0.7926396
vt 0.1958228 0.7884501
vt 0.1960933 0.794341
vt 0.202091 0.799218
vt 0.2044749 0.7988171
vt 0.2020615 0.7984548
vt 0.2293705 0.7858262
vt 0.2406021 0.7982314
vt 0.2312969 0.7843762
vt 0.163932 0.760517
vt 0.1732411 0.7706452
vt 0.1836475 0.7506435
vt 0.2298134 0.7807778
vt 0.2457247 0.796186
vt 0.2390288 0.785631
vt 0.1996719 0.7926396
vt 0.1960933 0.794341
vt 0.2020615 0.7984548
vt 0.2430647 0.797263
vt 0.2457247 0.796186
vt 0.2312969 0.7843762
vt 0.2118144 0.800172
vt 0.2140542 0.8013732
vt 0.211874 0.7998835
vt 0.2090225 0.8001352
vt 0.2109944 0.8025373
vt 0.2114126 0.8016125
vt 0.2212323 0.7635922
vt 0.2202194 0.7578736
vt 0.2156999 0.7633438
vt 0.2471954 0.7632813
vt 0.2486856 0.7657902
vt 0.2488733 0.7627163
vt 0.2458284 0.7632472
vt 0.242164 0.7670759
vt 0.2477349 0.7680289
vt 0.2471954 0.7632813
vt 0.2458284 0.7632472
vt 0.2486856 0.7657902
vt 0.2140542 0.8013732
vt 0.2116756 0.8000553
vt 0.213275 0.8024173
vt 0.213275 0.8024173
vt 0.2114126 0.8016125
vt 0.2127758 0.8031291
vt 0.2565591 0.791704
vt 0.2464169 0.7795917
vt 0.2468191 0.7957382
vt 0.2069979 0.8004013
vt 0.2063548 0.7988225
vt 0.2052709 0.8010356
vt 0.2488585 0.7598334
vt 0.2475501 0.7612234
vt 0.249135 0.7622827
vt 0.1810893 0.7869863
vt 0.1840186 0.7883365
vt 0.1855636 0.7803839
vt 0.2475501 0.7612234
vt 0.2462378 0.7603862
vt 0.2471954 0.7632813
vt 0.1996433 0.8001255
vt 0.202091 0.799218
vt 0.1993435 0.7994236
vt 0.1774615 0.7738464
vt 0.1731271 0.7790088
vt 0.1818377 0.7781646
vt 0.2293036 0.7477845
vt 0.2320818 0.7552291
vt 0.2457093 0.7514769
vt 0.2458284 0.7632472
vt 0.2462378 0.7603862
vt 0.2419953 0.7621103
vt 0.1960933 0.794341
vt 0.1919787 0.7923474
vt 0.19266 0.7970444
vt 0.2127265 0.8031465
vt 0.2127758 0.8031291
vt 0.2119347 0.8028198
vt 0.2486856 0.7657902
vt 0.2518019 0.7646062
vt 0.2492114 0.7631664
vt 0.2486856 0.7657902
vt 0.2477349 0.7680289
vt 0.2518019 0.7646062
vt 0.1996433 0.8001255
vt 0.2009921 0.7996034
vt 0.202091 0.799218
vt 0.2517129 0.7609229
vt 0.2488585 0.7598334
vt 0.2496534 0.762454
vt 0.1855636 0.7803839
vt 0.1818377 0.7781646
vt 0.1810893 0.7869863
vt 0.2536485 0.7661182
vt 0.2477349 0.7680289
vt 0.2464169 0.7795917
vt 0.2038 0.7989088
vt 0.2021704 0.7992366
vt 0.2016259 0.8002799
vt 0.2488585 0.7598334
vt 0.2478545 0.7579278
vt 0.2475501 0.7612234
vt 0.2536485 0.7661182
vt 0.2464169 0.7795917
vt 0.2713355 0.7849261
vt 0.2496822 0.762999
vt 0.2518019 0.7646062
vt 0.2496534 0.762454
vt 0.2518019 0.7646062
vt 0.2536485 0.7661182
vt 0.2517129 0.7609229
vt 0.1152101 0.7385479
vt 0.1327995 0.7596323
vt 0.1412052 0.7278266
vt 0.1327995 0.7596323
vt 0.1483963 0.7745842
vt 0.1551095 0.7459748
vt 0.2517129 0.7609229
vt 0.2533228 0.759373
vt 0.2488585 0.7598334
vt 0.2140542 0.8013732
vt 0.213275 0.8024173
vt 0.2152011 0.8024143
vt 0.2149215 0.803873
vt 0.213275 0.8024173
vt 0.2140922 0.8041264
vt 0.2233507 0.8045729
vt 0.2319247 0.801607
vt 0.2194114 0.798534
vt 0.2462378 0.7603862
vt 0.2478545 0.7579278
vt 0.2428324 0.7573725
vt 0.2037735 0.8020191
vt 0.2052709 0.8010356
vt 0.2016259 0.8002799
vt 0.1840186 0.7883365
vt 0.1813209 0.7925399
vt 0.1890476 0.7911619
vt 0.2127265 0.8031465
vt 0.2141905 0.8039426
vt 0.2127758 0.8031291
vt 0.1840186 0.7883365
vt 0.1810893 0.7869863
vt 0.1813209 0.7925399
vt 0.1810893 0.7869863
vt 0.1777592 0.7854946
vt 0.1784766 0.7913601
vt 0.1627535 0.7842866
vt 0.1732411 0.7706452
vt 0.1483963 0.7745842
vt 0.2127265 0.8031465
vt 0.2134873 0.8035245
vt 0.2141905 0.8039426
vt 0.2675433 0.7685665
vt 0.2674577 0.765042
vt 0.2536485 0.7661182
vt 0.1732411 0.7706452
vt 0.1627535 0.7842866
vt 0.1731271 0.7790088
vt 0.1731271 0.7790088
vt 0.1668816 0.7872125
vt 0.1777592 0.7854946
vt 0.1960933 0.794341
vt 0.19266 0.7970444
vt 0.1993435 0.7994236
vt 0.1885041 0.797572
vt 0.1905106 0.7943057
vt 0.1863852 0.7975789
vt 0.2052709 0.8010356
vt 0.2037735 0.8020191
vt 0.2088925 0.8031177
vt 0.2131674 0.8037126
vt 0.2134873 0.8035245
vt 0.2120392 0.8030602
vt 0.2120392 0.8030602
vt 0.2109944 0.8025373
vt 0.2107442 0.8034215
vt 0.08776611 0.7623976
vt 0.1138105 0.781105
vt 0.1152101 0.7385479
vt 0.2701912 0.760097
vt 0.2615956 0.7547175
vt 0.2674577 0.765042
vt 0.1969448 0.8009595
vt 0.1981158 0.8012733
vt 0.1993435 0.7994236
vt 0.2588903 0.7499536
vt 0.2488298 0.7511483
vt 0.2533228 0.759373
vt 0.1885041 0.797572
vt 0.1863852 0.7975789
vt 0.1873396 0.7997355
vt 0.1945089 0.8035051
vt 0.1953932 0.8038228
vt 0.1969448 0.8009595
vt 0.2026726 0.8033136
vt 0.2037735 0.8020191
vt 0.1998836 0.8023295
vt 0.2097681 0.8035808
vt 0.2107442 0.8034215
vt 0.2088925 0.8031177
vt 0.1784766 0.7913601
vt 0.1752343 0.7900029
vt 0.174485 0.7981001
vt 0.19266 0.7970444
vt 0.1885041 0.797572
vt 0.1895238 0.8009638
vt 0.1945089 0.8035051
vt 0.1969448 0.8009595
vt 0.1895238 0.8009638
vt 0.2026726 0.8033136
vt 0.2077473 0.8037512
vt 0.2037735 0.8020191
vt 0.2163079 0.806075
vt 0.2172966 0.8059639
vt 0.2149215 0.803873
vt 0.174485 0.7981001
vt 0.1774153 0.7990823
vt 0.1784766 0.7913601
vt 0.1360887 0.7930846
vt 0.1483963 0.7745842
vt 0.1138105 0.781105
vt 0.1851329 0.8007076
vt 0.1863852 0.7975789
vt 0.1774153 0.7990823
vt 0.2140922 0.8041264
vt 0.2154694 0.8060261
vt 0.2149215 0.803873
vt 0.2156747 0.8056541
vt 0.2154694 0.8060261
vt 0.2141905 0.8039426
vt 0.2141905 0.8039426
vt 0.2146492 0.8043582
vt 0.2156747 0.8056541
vt 0.2145488 0.8042
vt 0.2146492 0.8043582
vt 0.2131674 0.8037126
vt 0.2121784 0.803879
vt 0.2131674 0.8037126
vt 0.2107442 0.8034215
vt 0.08776611 0.7623976
vt 0.06668937 0.7995964
vt 0.1138105 0.781105
vt 0.1360887 0.7930846
vt 0.1549479 0.8003909
vt 0.1483963 0.7745842
vt 0.1596478 0.801316
vt 0.1668816 0.7872125
vt 0.1549479 0.8003909
vt 0.1945089 0.8035051
vt 0.1939052 0.8042475
vt 0.1953932 0.8038228
vt 0.2146492 0.8043582
vt 0.2145488 0.8042
vt 0.2155367 0.8053599
vt 0.2121784 0.803879
vt 0.2107442 0.8034215
vt 0.2110912 0.8042236
vt 0.2026726 0.8033136
vt 0.1953932 0.8038228
vt 0.2018436 0.8050919
vt 0.1822771 0.8119354
vt 0.1855846 0.8057081
vt 0.1851329 0.8007076
vt 0.2097921 0.8047253
vt 0.208597 0.8038104
vt 0.2074348 0.8055808
vt 0.1919437 0.8079709
vt 0.1939052 0.8042475
vt 0.1872426 0.8060397
vt 0.1872426 0.8060397
vt 0.1895238 0.8009638
vt 0.1855846 0.8057081
vt 0.2110912 0.8042236
vt 0.2097681 0.8035808
vt 0.2097921 0.8047253
vt 0.2144238 0.8037151
vt 0.2145488 0.8042
vt 0.2121784 0.803879
vt 0.06668937 0.7995964
vt 0.06231361 0.810811
vt 0.09962248 0.8103372
vt 0.2018436 0.8050919
vt 0.1945512 0.8045759
vt 0.2014361 0.8072345
vt 0.174485 0.7981001
vt 0.1712248 0.7969201
vt 0.1676433 0.8123743
vt 0.1138105 0.781105
vt 0.09962248 0.8103372
vt 0.1360887 0.7930846
vt 0.1276335 0.8165344
vt 0.1491855 0.8204819
vt 0.1360887 0.7930846
vt 0.1491855 0.8204819
vt 0.1535235 0.8203195
vt 0.1549479 0.8003909
vt 0.2144238 0.8037151
vt 0.2121784 0.803879
vt 0.2128293 0.8044464
vt 0.1715722 0.8127184
vt 0.1774153 0.7990823
vt 0.1676433 0.8123743
vt 0.1181854 0.8180314
vt 0.06231361 0.810811
vt 0.11573 0.8304061
vt 0.11573 0.8304061
vt 0.1475948 0.8276865
vt 0.1181854 0.8180314
vt 0.1491855 0.8204819
vt 0.1276335 0.8165344
vt 0.1530403 0.8238543
vt 0.2145488 0.8042
vt 0.2144238 0.8037151
vt 0.2158346 0.8047543
vt 0.1851329 0.8007076
vt 0.1774153 0.7990823
vt 0.1802603 0.8130847
vt 0.2128293 0.8044464
vt 0.2110912 0.8042236
vt 0.2111087 0.8054703
vt 0.2074348 0.8055808
vt 0.2077363 0.8069853
vt 0.2097921 0.8047253
vt 0.1872426 0.8060397
vt 0.185808 0.8120205
vt 0.1919437 0.8079709
vt 0.1855846 0.8057081
vt 0.1842156 0.8123456
vt 0.1872426 0.8060397
vt 0.2144238 0.8037151
vt 0.2128293 0.8044464
vt 0.2186893 0.8018538
vt 0.155734 0.8294059
vt 0.1618854 0.8273415
vt 0.1530403 0.8238543
vt 0.1919437 0.8079709
vt 0.1908673 0.8120628
vt 0.1929771 0.8080727
vt 0.1618854 0.8273415
vt 0.1670297 0.8254971
vt 0.1631785 0.8124393
vt 0.1716911 0.823776
vt 0.1715722 0.8127184
vt 0.1670297 0.8254971
vt 0.2128293 0.8044464
vt 0.2111087 0.8054703
vt 0.2144982 0.8048155
vt 0.1715722 0.8127184
vt 0.1716911 0.823776
vt 0.1802603 0.8130847
vt 0.1822771 0.8119354
vt 0.1802603 0.8130847
vt 0.1825131 0.8197209
vt 0.1869559 0.8178945
vt 0.185808 0.8120205
vt 0.1852015 0.8186471
vt 0.1912512 0.8162737
vt 0.1908673 0.8120628
vt 0.1869559 0.8178945
vt 0.2111087 0.8054703
vt 0.2077363 0.8069853
vt 0.2120886 0.8063249
vt 0.192065 0.8158505
vt 0.1921187 0.8118347
vt 0.1912512 0.8162737
vt 0.2727915 0.822648
vt 0.2706699 0.8174695
vt 0.2672515 0.8221905
vt 0.2430647 0.797263
vt 0.2442309 0.8153264
vt 0.2457247 0.796186
vt 0.2430647 0.797263
vt 0.2406021 0.7982314
vt 0.2442309 0.8153264
vt 0.2737687 0.8215745
vt 0.2728319 0.8185804
vt 0.2727915 0.822648
vt 0.2755765 0.8174046
vt 0.2757711 0.8152422
vt 0.2728319 0.8185804
vt 0.2704849 0.8261454
vt 0.2744762 0.8290968
vt 0.2727915 0.822648
vt 0.2765411 0.8226133
vt 0.2737687 0.8215745
vt 0.2774426 0.8248443
vt 0.2634635 0.8138186
vt 0.2757711 0.8152422
vt 0.2772057 0.7971444
vt 0.264456 0.8341263
vt 0.2704849 0.8261454
vt 0.2602696 0.8308165
vt 0.2634635 0.8138186
vt 0.2537242 0.828379
vt 0.2672515 0.8221905
vt 0.2333426 0.8135924
vt 0.2319247 0.801607
vt 0.2244603 0.8118725
vt 0.2778827 0.8199394
vt 0.2800177 0.8199323
vt 0.2755765 0.8174046
vt 0.2778827 0.8199394
vt 0.2765411 0.8226133
vt 0.2800177 0.8199323
vt 0.2587444 0.8073963
vt 0.2498026 0.8262283
vt 0.2634635 0.8138186
vt 0.2477638 0.8238454
vt 0.2498026 0.8262283
vt 0.249087 0.8087798
vt 0.2832868 0.8287514
vt 0.2774426 0.8248443
vt 0.2809655 0.8311014
vt 0.264456 0.8341263
vt 0.2679641 0.8387731
vt 0.2704849 0.8261454
vt 0.2728319 0.8185804
vt 0.2737687 0.8215745
vt 0.2749678 0.8198088
vt 0.2750777 0.820259
vt 0.2737687 0.8215745
vt 0.2755055 0.8203919
vt 0.2611657 0.8368727
vt 0.2602696 0.8308165
vt 0.2555512 0.8347081
vt 0.2800177 0.8199323
vt 0.288267 0.8080303
vt 0.2757711 0.8152422
vt 0.2415235 0.8154458
vt 0.2333426 0.8135924
vt 0.2369759 0.8253314
vt 0.2904169 0.8224514
vt 0.288742 0.8176743
vt 0.2832868 0.8287514
vt 0.2460358 0.819335
vt 0.239826 0.8280319
vt 0.2477638 0.8238454
vt 0.2716284 0.8467262
vt 0.2809655 0.8311014
vt 0.2679641 0.8387731
vt 0.2800177 0.8199323
vt 0.288742 0.8176743
vt 0.288267 0.8080303
vt 0.2755765 0.8174046
vt 0.2728319 0.8185804
vt 0.275362 0.8196474
vt 0.2765411 0.8226133
vt 0.2778827 0.8199394
vt 0.2755055 0.8203919
vt 0.2529325 0.840159
vt 0.2555512 0.8347081
vt 0.2488338 0.8377361
vt 0.2154694 0.8060261
vt 0.2156747 0.8056541
vt 0.215712 0.8085616
vt 0.2637401 0.8433362
vt 0.2679641 0.8387731
vt 0.2611657 0.8368727
vt 0.275362 0.8196474
vt 0.2756895 0.820002
vt 0.2755765 0.8174046
vt 0.2383299 0.8269241
vt 0.2387264 0.8274961
vt 0.2415235 0.8154458
vt 0.239826 0.8280319
vt 0.2460358 0.819335
vt 0.2387264 0.8274961
vt 0.2488338 0.8377361
vt 0.2510278 0.830323
vt 0.2417635 0.8317398
vt 0.2155367 0.8053599
vt 0.2156303 0.8069674
vt 0.2156747 0.8056541
vt 0.2156303 0.8069674
vt 0.2155367 0.8053599
vt 0.2154378 0.8066265
vt 0.24155 0.8315016
vt 0.2417635 0.8317398
vt 0.2418285 0.8316795
vt 0.2683116 0.8540973
vt 0.2716284 0.8467262
vt 0.2637401 0.8433362
vt 0.2183248 0.8105314
vt 0.2171747 0.8151174
vt 0.2244603 0.8118725
vt 0.239826 0.8280319
vt 0.2387264 0.8274961
vt 0.2393287 0.8322558
vt 0.2529325 0.840159
vt 0.2485447 0.8448138
vt 0.2565585 0.8458427
vt 0.2537043 0.8520344
vt 0.2683116 0.8540973
vt 0.2565585 0.8458427
vt 0.0625258 0.8700114
vt 0.06356143 0.90096921
vt 0.1190823 0.8511286
vt 0.2369759 0.8253314
vt 0.2335172 0.8296255
vt 0.2383299 0.8269241
vt 0.2277114 0.8273587
vt 0.2335172 0.8296255
vt 0.2307901 0.8228041
vt 0.215712 0.8085616
vt 0.215785 0.8081862
vt 0.215332 0.8103511
vt 0.2354516 0.8344031
vt 0.2387264 0.8274961
vt 0.2348354 0.8315406
vt 0.2368134 0.8351338
vt 0.2378784 0.8364171
vt 0.2393287 0.8322558
vt 0.2151995 0.8101103
vt 0.215785 0.8081862
vt 0.2154621 0.8088506
vt 0.1252835 0.8625542
vt 0.06356143 0.90096921
vt 0.104925 0.881406
vt 0.2186893 0.8018538
vt 0.2152398 0.8060422
vt 0.2158346 0.8047543
vt 0.1190823 0.8511286
vt 0.1252835 0.8625542
vt 0.1495056 0.8351971
vt 0.1540814 0.8319459
vt 0.1539355 0.831967
vt 0.1561169 0.8355377
vt 0.1532626 0.840683
vt 0.1561169 0.8355377
vt 0.134054 0.8575885
vt 0.2154621 0.8088506
vt 0.2156303 0.8069674
vt 0.2149266 0.8086144
vt 0.2151995 0.8101103
vt 0.2154621 0.8088506
vt 0.2146723 0.8104527
vt 0.2337015 0.8393042
vt 0.2348358 0.8403283
vt 0.2368134 0.8351338
vt 0.2368134 0.8351338
vt 0.2354516 0.8344031
vt 0.2337015 0.8393042
vt 0.2170156 0.8143678
vt 0.2171604 0.814754
vt 0.2178692 0.8119022
vt 0.2153255 0.8130544
vt 0.2170156 0.8143678
vt 0.2163524 0.8111211
vt 0.2259562 0.8315392
vt 0.2301654 0.8326121
vt 0.2277114 0.8273587
vt 0.2683116 0.8540973
vt 0.2537043 0.8520344
vt 0.2482222 0.8843365
vt 0.244273 0.8888066
vt 0.2552308 0.8964363
vt 0.2482222 0.8843365
vt 0.215332 0.8103511
vt 0.2151995 0.8101103
vt 0.2148044 0.8112447
vt 0.2485447 0.8448138
vt 0.2349227 0.8587483
vt 0.2537043 0.8520344
vt 0.2482222 0.8843365
vt 0.2409753 0.8761379
vt 0.244273 0.8888066
vt 0.1284742 0.94744027
vt 0.1420142 0.90567595
vt 0.06718945 0.92005259
vt 0.1420142 0.90567595
vt 0.1574047 0.8770577
vt 0.104925 0.881406
vt 0.2302417 0.8447224
vt 0.2315002 0.8460165
vt 0.2337015 0.8393042
vt 0.215332 0.8103511
vt 0.2148044 0.8112447
vt 0.2163524 0.8111211
vt 0.1420142 0.90567595
vt 0.1284742 0.94744027
vt 0.1792955 0.91306359
vt 0.2333692 0.8685245
vt 0.2371689 0.8785286
vt 0.2367395 0.867383
vt 0.2337015 0.8393042
vt 0.2317367 0.8376958
vt 0.2302417 0.8447224
vt 0.2136318 0.90744985
vt 0.2239362 0.92989976
vt 0.244273 0.8888066
vt 0.2320688 0.8568928
vt 0.2349227 0.8587483
vt 0.2317378 0.8524414
vt 0.2307514 0.8473168
vt 0.2317378 0.8524414
vt 0.2315002 0.8460165
vt 0.1713382 0.8396339
vt 0.1618854 0.8273415
vt 0.1561169 0.8355377
vt 0.1750956 0.8365047
vt 0.1670297 0.8254971
vt 0.1713382 0.8396339
vt 0.1532626 0.840683
vt 0.134054 0.8575885
vt 0.1708403 0.8570008
vt 0.2293894 0.8462611
vt 0.2307514 0.8473168
vt 0.2302417 0.8447224
vt 0.2149266 0.8086144
vt 0.2154378 0.8066265
vt 0.2138583 0.8087364
vt 0.2283646 0.8513276
vt 0.2301946 0.8585428
vt 0.2296074 0.8515531
vt 0.2293894 0.8462611
vt 0.2284399 0.8496443
vt 0.2307514 0.8473168
vt 0.2284399 0.8496443
vt 0.2283646 0.8513276
vt 0.2296854 0.85013
vt 0.1814517 0.94744027
vt 0.2239362 0.92989976
vt 0.1792955 0.91306359
vt 0.1830739 0.8864907
vt 0.1574047 0.8770577
vt 0.1792955 0.91306359
vt 0.2259562 0.8315392
vt 0.2277114 0.8273587
vt 0.2201979 0.8262908
vt 0.2311387 0.8342458
vt 0.2251865 0.8375698
vt 0.2317367 0.8376958
vt 0.2311387 0.8342458
vt 0.2301654 0.8326121
vt 0.2251865 0.8375698
vt 0.1812983 0.8203123
vt 0.1716911 0.823776
vt 0.1849014 0.8271736
vt 0.1577239 0.8383671
vt 0.1749176 0.8527209
vt 0.1713382 0.8396339
vt 0.2215162 0.8240483
vt 0.2240814 0.8197318
vt 0.2158511 0.818305
vt 0.2171604 0.814754
vt 0.2156371 0.817859
vt 0.2171747 0.8151174
vt 0.2371689 0.8785286
vt 0.2097674 0.8876332
vt 0.244273 0.8888066
vt 0.2097674 0.8876332
vt 0.2371689 0.8785286
vt 0.2098094 0.8713713
vt 0.1574047 0.8770577
vt 0.1830739 0.8864907
vt 0.1708403 0.8570008
vt 0.2136318 0.90744985
vt 0.2097674 0.8876332
vt 0.1792955 0.91306359
vt 0.2302417 0.8447224
vt 0.226397 0.8402967
vt 0.2293894 0.8462611
vt 0.1893771 0.8667419
vt 0.1894721 0.8600897
vt 0.1708403 0.8570008
vt 0.1893771 0.8667419
vt 0.1830739 0.8864907
vt 0.2098094 0.8713713
vt 0.1894721 0.8600897
vt 0.1893771 0.8667419
vt 0.2012438 0.8632121
vt 0.2171604 0.814754
vt 0.2170156 0.8143678
vt 0.2156371 0.817859
vt 0.2081413 0.8084959
vt 0.2086725 0.8100506
vt 0.2120886 0.8063249
vt 0.2283646 0.8513276
vt 0.2229474 0.8529013
vt 0.2301946 0.8585428
vt 0.2148044 0.8112447
vt 0.21427 0.8117006
vt 0.2153255 0.8130544
vt 0.2201979 0.8262908
vt 0.2185003 0.8278705
vt 0.2259562 0.8315392
vt 0.1912512 0.8162737
vt 0.1869559 0.8178945
vt 0.1934534 0.8198407
vt 0.192065 0.8158505
vt 0.1912512 0.8162737
vt 0.1944078 0.8190828
vt 0.192065 0.8158505
vt 0.1944078 0.8190828
vt 0.1939913 0.8150698
vt 0.2146723 0.8104527
vt 0.2143944 0.8119962
vt 0.2146946 0.8109654
vt 0.2283646 0.8513276
vt 0.2263292 0.8472242
vt 0.2229474 0.8529013
vt 0.2146723 0.8104527
vt 0.2149266 0.8086144
vt 0.2132992 0.8108591
vt 0.212192 0.8580012
vt 0.2108261 0.8650185
vt 0.2230195 0.858766
vt 0.1873603 0.8440235
vt 0.1750956 0.8365047
vt 0.185261 0.8476076
vt 0.2158511 0.818305
vt 0.2153222 0.8193506
vt 0.2215162 0.8240483
vt 0.2156371 0.817859
vt 0.2150117 0.8188781
vt 0.2158511 0.818305
vt 0.2242785 0.8354807
vt 0.2185003 0.8278705
vt 0.2207004 0.8366094
vt 0.2119186 0.8080589
vt 0.2086725 0.8100506
vt 0.2116112 0.8101083
vt 0.2124884 0.8113855
vt 0.2132992 0.8108591
vt 0.2128329 0.8093346
vt 0.2229474 0.8529013
vt 0.2136269 0.8527351
vt 0.2230195 0.858766
vt 0.1750956 0.8365047
vt 0.1873603 0.8440235
vt 0.1784897 0.8337011
vt 0.2130951 0.8125895
vt 0.2143944 0.8119962
vt 0.2132992 0.8108591
vt 0.1944078 0.8190828
vt 0.1934534 0.8198407
vt 0.1977311 0.8212415
vt 0.1934534 0.8198407
vt 0.1893422 0.823404
vt 0.1967336 0.8226287
vt 0.2227585 0.847929
vt 0.214527 0.8482324
vt 0.2229474 0.8529013
vt 0.2227585 0.847929
vt 0.2192407 0.8417545
vt 0.214527 0.8482324
vt 0.1927509 0.8506159
vt 0.1894721 0.8600897
vt 0.2003942 0.8538948
vt 0.1892983 0.8408751
vt 0.1917008 0.8324125
vt 0.1784897 0.8337011
vt 0.2151364 0.8176889
vt 0.2138478 0.8195828
vt 0.2150117 0.8188781
vt 0.1945444 0.8469868
vt 0.1873603 0.8440235
vt 0.1927509 0.8506159
vt 0.2130951 0.8125895
vt 0.2132992 0.8108591
vt 0.2122161 0.8128632
vt 0.214519 0.8203994
vt 0.2153222 0.8193506
vt 0.2142798 0.8198914
vt 0.2201979 0.8262908
vt 0.2153222 0.8193506
vt 0.2185003 0.8278705
vt 0.1879033 0.8244485
vt 0.1867789 0.8262554
vt 0.1939104 0.8277164
vt 0.2129386 0.8392761
vt 0.2134281 0.8417084
vt 0.2188974 0.8389832
vt 0.2129386 0.8392761
vt 0.2188974 0.8389832
vt 0.2128038 0.837236
vt 0.2138478 0.8195828
vt 0.2151364 0.8176889
vt 0.2130436 0.8177393
vt 0.2115048 0.8121343
vt 0.2124884 0.8113855
vt 0.2116112 0.8101083
vt 0.2110111 0.8130267
vt 0.2115048 0.8121343
vt 0.2093958 0.8115733
vt 0.1963152 0.8438183
vt 0.1892983 0.8408751
vt 0.1945444 0.8469868
vt 0.2136269 0.8527351
vt 0.202203 0.8498855
vt 0.212192 0.8580012
vt 0.202203 0.8498855
vt 0.1945444 0.8469868
vt 0.2003942 0.8538948
vt 0.1979622 0.8358771
vt 0.1982468 0.8336071
vt 0.1924638 0.8318723
vt 0.2130436 0.8177393
vt 0.2130951 0.8125895
vt 0.2112663 0.8184287
vt 0.214527 0.8482324
vt 0.2037195 0.846339
vt 0.2136269 0.8527351
vt 0.2116907 0.8215756
vt 0.2138478 0.8195828
vt 0.2112663 0.8184287
vt 0.1991575 0.830659
vt 0.2005752 0.8243735
vt 0.1939104 0.8277164
vt 0.2037195 0.846339
vt 0.1963152 0.8438183
vt 0.202203 0.8498855
vt 0.1977311 0.8212415
vt 0.200954 0.8234166
vt 0.2040911 0.8154976
vt 0.2093958 0.8115733
vt 0.2057504 0.817041
vt 0.2110111 0.8130267
vt 0.2063819 0.8384936
vt 0.2051538 0.8397804
vt 0.2129386 0.8392761
vt 0.1963152 0.8438183
vt 0.1979622 0.8358771
vt 0.1892983 0.8408751
vt 0.2119497 0.8131026
vt 0.2093979 0.8186109
vt 0.2122161 0.8128632
vt 0.2119497 0.8131026
vt 0.2110111 0.8130267
vt 0.2093979 0.8186109
vt 0.2128038 0.837236
vt 0.2132273 0.8306459
vt 0.2107885 0.8370931
vt 0.2090825 0.8318206
vt 0.2132273 0.8306459
vt 0.2082018 0.8246382
vt 0.2129386 0.8392761
vt 0.2107885 0.8370931
vt 0.2063819 0.8384936
vt 0.2005752 0.8243735
vt 0.2029628 0.8250605
vt 0.200954 0.8234166
vt 0.2093979 0.8186109
vt 0.2090734 0.821956
vt 0.2112663 0.8184287
vt 0.2040569 0.8357234
vt 0.2070261 0.8365763
vt 0.2043932 0.8319119
vt 0.2055106 0.8250354
vt 0.2029628 0.8250605
vt 0.2043932 0.8319119
vt 0.2116907 0.8215756
vt 0.208979 0.8231807
vt 0.2116451 0.8228364
vt 0.200954 0.8234166
vt 0.2063069 0.8217302
vt 0.2057504 0.817041
vt 0.2075346 0.8181594
vt 0.2063069 0.8217302
vt 0.2093979 0.8186109
vt 0.208979 0.8231807
vt 0.2057589 0.8239805
vt 0.2082018 0.8246382
vt 0.2055106 0.8250354
vt 0.2043932 0.8319119
vt 0.2082018 0.8246382
vt 0.2120886 0.8063249
vt 0.2119186 0.8080589
vt 0.2144982 0.8048155
vt 0.2186893 0.8018538
vt 0.2144982 0.8048155
vt 0.2152398 0.8060422
vt 0.2128329 0.8093346
vt 0.2138583 0.8087364
vt 0.2135033 0.8070778
vt 0.2116112 0.8101083
vt 0.2128329 0.8093346
vt 0.2119186 0.8080589
vt 0.2055902 0.7981006
vt 0.2035017 0.7917322
vt 0.2020615 0.7984548
vt 0.1784897 0.8337011
vt 0.1716911 0.823776
vt 0.1750956 0.8365047
vt 0.1933698 0.8116663
vt 0.1921187 0.8118347
vt 0.1939913 0.8150698
vt 0.1929771 0.8080727
vt 0.1921187 0.8118347
vt 0.1936129 0.8079853
vt 0.2029628 0.8250605
vt 0.2055106 0.8250354
vt 0.2040526 0.8240811
vt 0.2153893 0.8023302
vt 0.2152011 0.8024143
vt 0.2175945 0.8060874
vt 0.2172966 0.8059639
vt 0.2180603 0.8101781
vt 0.2175945 0.8060874
vt 0.1939052 0.8042475
vt 0.1919437 0.8079709
vt 0.1945512 0.8045759
vt 0.1977311 0.8212415
vt 0.1967336 0.8226287
vt 0.200954 0.8234166
vt 0.2026726 0.8033136
vt 0.2018436 0.8050919
vt 0.2077473 0.8037512
vt 0.1812983 0.8203123
vt 0.1849014 0.8271736
vt 0.1825131 0.8197209
vt 0.1852015 0.8186471
vt 0.1825131 0.8197209
vt 0.1879033 0.8244485
vt 0.1822771 0.8119354
vt 0.1825131 0.8197209
vt 0.1842156 0.8123456
vt 0.1879033 0.8244485
vt 0.1893422 0.823404
vt 0.1852015 0.8186471
vt 0.1939104 0.8277164
vt 0.1926683 0.8295254
vt 0.1991575 0.830659
vt 0.2063819 0.8384936
vt 0.2040569 0.8357234
vt 0.1979622 0.8358771
vt 0.1991575 0.830659
vt 0.1982468 0.8336071
vt 0.2043932 0.8319119
vt 0.2097791 0.7919519
vt 0.2088993 0.7986331
vt 0.2142574 0.7934904
vt 0.1903937 0.7915028
vt 0.1945196 0.7873487
vt 0.1890476 0.7911619
vt 0.1532626 0.840683
vt 0.1708403 0.8570008
vt 0.1577239 0.8383671
vt 0.2220107 0.8413232
vt 0.226397 0.8402967
vt 0.2220579 0.838587
vt 0.2251865 0.8375698
vt 0.2242785 0.8354807
vt 0.2220579 0.838587
vt 0.2192407 0.8417545
vt 0.2220107 0.8413232
vt 0.2188974 0.8389832
vt 0.2348354 0.8315406
vt 0.2311387 0.8342458
vt 0.2354516 0.8344031
vt 0.2293705 0.7858262
vt 0.2199073 0.7821126
vt 0.2248836 0.7921386
vt 0.2406021 0.7982314
vt 0.2319247 0.801607
vt 0.2415235 0.8154458
vt 0.2248836 0.7921386
vt 0.2319247 0.801607
vt 0.2293705 0.7858262
vt 0.2142574 0.7934904
vt 0.211874 0.7998835
vt 0.2194114 0.798534
vt 0.1924638 0.8318723
vt 0.1867789 0.8262554
vt 0.1917008 0.8324125
vt 0.1475948 0.8276865
vt 0.1515244 0.8291469
vt 0.1530403 0.8238543
vt 0.2316747 0.8622597
vt 0.2349227 0.8587483
vt 0.2301946 0.8585428
vt 0.2186083 0.7761124
vt 0.217211 0.7763241
vt 0.219938 0.7788457
vt 0.2460358 0.819335
vt 0.249087 0.8087798
vt 0.2457247 0.796186
vt 0.2565591 0.791704
vt 0.2468191 0.7957382
vt 0.2587444 0.8073963
vt 0.1840186 0.7883365
vt 0.1890476 0.7911619
vt 0.1887116 0.7824262
vt 0.1749176 0.8527209
vt 0.1894721 0.8600897
vt 0.185261 0.8476076
vt 0.2035017 0.7917322
vt 0.2056542 0.7917686
vt 0.1999481 0.7855557
vt 0.2194114 0.798534
vt 0.2153893 0.8023302
vt 0.2233507 0.8045729
vt 0.2244603 0.8118725
vt 0.2233507 0.8045729
vt 0.2183248 0.8105314
vt 0.215712 0.8085616
vt 0.2167251 0.8088311
vt 0.2154694 0.8060261
vt 0.2180603 0.8101781
vt 0.2172966 0.8059639
vt 0.2167251 0.8088311
vt 0.2178692 0.8119022
vt 0.2180603 0.8101781
vt 0.2163524 0.8111211
vt 0.215332 0.8103511
vt 0.2163524 0.8111211
vt 0.215712 0.8085616
vt 0.2077473 0.8037512
vt 0.208597 0.8038104
vt 0.2084872 0.8029457
vt 0.2124884 0.8113855
vt 0.2115048 0.8121343
vt 0.2119497 0.8131026
vt 0.2244603 0.8118725
vt 0.2240814 0.8197318
vt 0.2333426 0.8135924
vt 0.2056542 0.7917686
vt 0.2064074 0.7981336
vt 0.2097791 0.7919519
vt 0.2417635 0.8317398
vt 0.24155 0.8315016
vt 0.2402148 0.8336256
vt 0.2037195 0.846339
vt 0.2051538 0.8397804
vt 0.1963152 0.8438183
vt 0.2051538 0.8397804
vt 0.2037195 0.846339
vt 0.2134281 0.8417084
vt 0.2108261 0.8650185
vt 0.212192 0.8580012
vt 0.2012438 0.8632121
vt 0.1535235 0.8203195
vt 0.1631785 0.8124393
vt 0.1596478 0.801316
vt 0.1752343 0.7900029
vt 0.1668816 0.7872125
vt 0.1712248 0.7969201
vt 0.2263292 0.8472242
vt 0.2220107 0.8413232
vt 0.2227585 0.847929
vt 0.2044749 0.7988171
vt 0.202091 0.799218
vt 0.2038 0.7989088
vt 0.2065661 0.798547
vt 0.2044749 0.7988171
vt 0.2063548 0.7988225
vt 0.2090734 0.821956
vt 0.2063069 0.8217302
vt 0.208979 0.8231807
vt 0.2064074 0.7981336
vt 0.2056542 0.7917686
vt 0.2055902 0.7981006
vt 0.2116451 0.8228364
vt 0.214519 0.8203994
vt 0.2116907 0.8215756
vt 0.2122263 0.7862638
vt 0.2163763 0.7884871
vt 0.2149108 0.7813688
vt 0.1939913 0.8150698
vt 0.2019624 0.8115753
vt 0.1933698 0.8116663
vt 0.2077363 0.8069853
vt 0.2015224 0.8094007
vt 0.2081413 0.8084959
vt 0.1939913 0.8150698
vt 0.1953768 0.8182436
vt 0.2019624 0.8115753
vt 0.2086725 0.8100506
vt 0.2081413 0.8084959
vt 0.2028667 0.8136184
vt 0.2015224 0.8094007
vt 0.2077363 0.8069853
vt 0.2014361 0.8072345
vt 0.1933698 0.8116663
vt 0.2015224 0.8094007
vt 0.1936129 0.8079853
vt 0.2028667 0.8136184
vt 0.2040911 0.8154976
vt 0.2086725 0.8100506
vt 0.1953768 0.8182436
vt 0.1977311 0.8212415
vt 0.2028667 0.8136184
vt 0.2088925 0.8031177
vt 0.2097436 0.802811
vt 0.2052709 0.8010356
vt 0.2109944 0.8025373
vt 0.2090225 0.8001352
vt 0.2097436 0.802811
vt 0.2143944 0.8119962
vt 0.2130951 0.8125895
vt 0.2147141 0.8165193
vt 0.190364 0.7639187
vt 0.1877335 0.7594622
vt 0.1774615 0.7738464
vt 0.2301654 0.8326121
vt 0.2311387 0.8342458
vt 0.2335172 0.8296255
vt 0.06129008 0.834037
vt 0.0625258 0.8700114
vt 0.11573 0.8304061
vt 0.1475948 0.8276865
vt 0.11573 0.8304061
vt 0.1495056 0.8351971
vt 0.1475948 0.8276865
vt 0.1495056 0.8351971
vt 0.1515244 0.8291469
usemtl RFinger13UV
f 1/1 2/2 3/3
f 5/4 6/5 7/6
f 9/7 10/8 11/9
f 13/10 9/11 14/12
f 16/13 8/14 7/15
f 16/16 17/17 8/18
f 6/19 18/20 19/21
f 6/22 5/23 20/24
f 22/25 12/26 23/27
f 12/28 14/29 24/30
f 14/31 9/32 11/33
f 25/34 5/35 8/36
f 17/37 26/38 22/39
f 9/40 26/41 10/42
f 13/43 26/44 9/45
f 5/46 25/47 27/48
f 25/49 22/50 23/51
f 23/52 24/53 29/54
f 28/55 29/56 31/57
f 30/58 31/59 33/60
f 30/61 27/62 25/63
f 30/64 32/65 35/66
f 18/67 36/68 37/69
f 21/70 36/71 18/72
f 33/73 38/74 39/75
f 40/76 41/77 10/78
f 21/79 20/80 42/81
f 40/82 26/83 17/84
f 45/85 38/86 33/87
f 30/88 34/89 27/90
f 34/91 42/92 20/93
f 35/94 32/95 39/96
f 40/97 47/98 41/99
f 49/100 41/101 47/102
f 50/103 38/104 45/105
f 50/106 51/107 39/108
f 43/109 42/110 52/111
f 10/112 49/113 54/114
f 55/115 56/116 54/117
f 57/118 44/119 17/120
f 58/121 59/122 19/123
f 45/124 60/125 61/126
f 62/127 63/128 56/129
f 50/130 61/131 64/132
f 65/133 46/134 39/135
f 51/136 64/137 66/138
f 68/139 69/140 70/141
f 71/142 72/143 73/144
f 76/145 35/146 46/147
f 76/148 77/149 34/150
f 78/151 66/152 64/153
f 73/154 72/155 81/156
f 79/157 80/158 81/159
f 48/160 82/161 55/162
f 42/163 34/164 77/165
f 82/166 83/167 62/168
f 84/169 85/170 43/171
f 86/172 87/173 70/174
f 54/175 88/176 14/177
f 90/178 59/179 58/180
f 70/181 91/182 67/183
f 92/184 91/185 70/186
f 94/187 68/188 67/189
f 88/190 54/191 56/192
f 63/193 96/194 97/195
f 99/196 93/197 67/198
f 101/199 53/200 52/201
f 65/202 102/203 75/204
f 65/205 66/206 103/207
f 62/208 83/209 104/210
f 91/211 92/212 106/213
f 99/214 91/215 105/216
f 98/217 97/218 109/219
f 111/220 72/221 71/222
f 112/223 81/224 72/225
f 73/226 80/227 113/228
f 108/229 113/230 114/231
f 29/232 88/233 60/234
f 33/235 60/236 45/237
f 61/238 60/239 113/240
f 96/241 104/242 115/243
f 53/244 101/245 116/246
f 87/247 86/248 118/249
f 119/250 120/251 44/252
f 121/253 78/254 81/255
f 122/256 123/257 47/258
f 116/259 124/260 118/261
f 122/262 40/263 44/264
f 125/265 126/266 94/267
f 127/268 128/269 107/270
f 79/271 113/272 80/273
f 114/274 113/275 60/276
f 130/277 131/278 132/279
f 83/280 82/281 134/282
f 133/283 134/284 130/285
f 99/286 107/287 135/288
f 107/289 128/290 136/291
f 48/292 47/293 123/294
f 128/295 127/296 138/297
f 92/298 139/299 140/300
f 127/301 141/302 138/303
f 143/304 132/305 144/306
f 145/307 76/308 75/309
f 147/310 133/311 129/312
f 117/313 118/314 124/315
f 149/316 150/317 102/318
f 97/319 115/320 151/321
f 147/322 115/323 104/324
f 101/325 152/326 153/327
f 136/328 128/329 138/330
f 155/331 156/332 131/333
f 134/334 157/335 155/336
f 126/337 125/338 158/339
f 159/340 160/341 117/342
f 142/343 144/344 162/345
f 102/346 150/347 146/348
f 152/349 101/350 100/351
f 134/352 82/353 48/354
f 160/355 159/356 163/357
f 164/358 147/359 143/360
f 48/361 165/362 166/363
f 155/364 161/365 162/366
f 157/367 167/368 161/369
f 169/370 111/371 110/372
f 170/373 112/374 111/375
f 167/376 164/377 142/378
f 135/379 171/380 158/381
f 135/382 136/383 172/384
f 173/385 90/386 89/387
f 164/388 151/389 115/390
f 140/391 139/392 163/393
f 176/394 177/395 178/396
f 179/397 172/398 136/399
f 146/400 180/401 176/402
f 150/403 181/404 180/405
f 121/406 112/407 170/408
f 183/409 151/410 164/411
f 184/412 185/413 179/414
f 186/415 167/416 157/417
f 182/418 188/419 149/420
f 188/421 181/422 150/423
f 153/424 189/425 124/426
f 152/427 100/428 177/429
f 175/430 191/431 192/432
f 193/433 194/434 148/435
f 184/436 154/437 141/438
f 127/439 196/440 197/441
f 148/442 194/443 163/444
f 198/445 169/446 168/447
f 201/448 167/449 186/450
f 193/451 148/452 124/453
f 202/454 194/455 193/456
f 183/457 164/458 167/459
f 203/460 167/461 201/462
f 177/463 204/464 205/465
f 202/466 193/467 189/468
f 175/469 163/470 194/471
f 197/472 196/473 192/474
f 191/475 208/476 192/477
f 181/478 209/479 210/480
f 190/481 205/482 211/483
f 189/484 153/485 211/486
f 212/487 191/488 175/489
f 213/490 158/491 171/492
f 215/493 176/494 180/495
f 170/496 169/497 198/498
f 177/499 176/500 215/501
f 217/502 214/503 171/504
f 217/505 172/506 179/507
f 185/508 219/509 218/510
f 207/511 194/512 202/513
f 185/514 184/515 195/516
f 195/517 141/518 197/519
f 222/520 223/521 198/522
f 224/523 182/524 170/525
f 188/526 182/527 224/528
f 226/529 227/530 202/531
f 220/532 228/533 219/534
f 197/535 208/536 229/537
f 202/538 227/539 230/540
f 232/541 205/542 204/543
f 234/544 212/545 235/546
f 226/547 211/548 237/549
f 211/550 205/551 232/552
f 208/553 234/554 233/555
f 220/556 195/557 221/558
f 239/559 240/560 223/561
f 227/562 241/563 242/564
f 209/565 243/566 244/567
f 223/568 245/569 216/570
f 246/571 224/572 216/573
f 247/574 225/575 224/576
f 221/577 229/578 248/579
f 215/580 210/581 244/582
f 239/583 250/584 251/585
f 252/586 253/587 240/588
f 245/589 240/590 253/591
f 253/592 243/593 247/594
f 238/595 254/596 228/597
f 215/598 249/599 255/600
f 229/601 233/602 256/603
f 257/604 256/605 233/606
f 258/607 232/608 231/609
f 259/610 260/611 236/612
f 258/613 259/614 237/615
f 248/616 261/617 254/618
f 263/619 243/620 253/621
f 260/622 264/623 265/624
f 266/625 244/626 243/627
f 249/628 244/629 266/630
f 256/631 268/632 261/633
f 267/634 269/635 255/636
f 255/637 269/638 270/639
f 259/640 258/641 272/642
f 260/643 259/644 271/645
f 257/646 274/647 268/648
f 264/649 260/650 273/651
f 277/652 278/653 279/654
f 278/655 277/656 280/657
f 281/658 282/659 122/660
f 119/661 283/662 281/663
f 284/664 277/665 276/666
f 280/667 277/668 284/669
f 287/670 288/671 276/672
f 285/673 276/674 288/675
f 280/676 291/677 292/678
f 282/679 293/680 294/681
f 289/682 279/683 296/684
f 297/685 296/686 279/687
f 173/688 174/689 298/690
f 301/691 280/692 286/693
f 290/694 288/695 301/696
f 303/697 297/698 278/699
f 303/700 302/701 294/702
f 288/703 287/704 304/705
f 306/706 287/707 289/708
f 307/709 297/710 308/711
f 285/712 309/713 310/714
f 285/715 290/716 311/717
f 296/718 297/719 307/720
f 313/721 291/722 280/723
f 299/724 314/725 315/726
f 317/727 288/728 305/729
f 293/730 318/731 303/732
f 319/733 318/734 293/735
f 304/736 287/737 306/738
f 317/739 321/740 313/741
f 284/742 310/743 322/744
f 300/745 323/746 311/747
f 307/748 308/749 324/750
f 218/751 326/752 327/753
f 306/754 295/755 312/756
f 323/757 300/758 286/759
f 329/760 281/761 283/762
f 330/763 283/764 315/765
f 282/766 281/767 329/768
f 308/769 331/770 332/771
f 333/772 334/773 335/774
f 303/775 318/776 308/777
f 336/778 326/779 218/780
f 219/781 228/782 337/783
f 332/784 331/785 318/786
f 320/787 306/788 328/789
f 340/790 338/791 319/792
f 341/793 342/794 298/795
f 329/796 343/797 340/798
f 344/799 345/800 346/801
f 339/802 328/803 346/804
f 348/805 349/806 350/807
f 351/808 352/809 330/810
f 351/811 315/812 314/813
f 326/814 354/815 355/816
f 329/817 330/818 352/819
f 356/820 357/821 340/822
f 340/823 343/824 358/825
f 326/826 336/827 359/828
f 344/829 324/830 356/831
f 348/832 360/833 361/834
f 362/835 337/836 228/837
f 349/838 363/839 364/840
f 365/841 364/842 363/843
f 363/844 349/845 367/846
f 336/847 337/848 369/849
f 359/850 369/851 370/852
f 371/853 356/854 358/855
f 343/856 373/857 372/858
f 374/859 341/860 334/861
f 374/862 334/863 333/864
f 375/865 333/866 377/867
f 378/868 351/869 353/870
f 345/871 380/872 381/873
f 383/874 384/875 381/876
f 354/877 385/878 386/879
f 387/880 380/881 345/882
f 388/883 387/884 345/885
f 380/886 389/887 382/888
f 391/889 361/890 360/891
f 392/892 367/893 361/894
f 394/895 371/896 372/897
f 394/898 344/899 371/900
f 386/901 376/902 377/903
f 390/904 395/905 396/906
f 389/907 380/908 387/909
f 398/910 397/911 387/912
f 373/913 399/914 393/915
f 401/916 383/917 382/918
f 388/919 344/920 403/921
f 403/922 344/923 394/924
f 405/925 375/926 376/927
f 406/928 403/929 404/930
f 263/931 262/932 363/933
f 363/934 408/935 407/936
f 266/937 263/938 407/939
f 367/940 392/941 410/942
f 402/943 403/944 411/945
f 404/946 394/947 393/948
f 337/949 362/950 413/951
f 415/952 402/953 411/954
f 411/955 403/956 406/957
f 416/958 406/959 404/960
f 414/961 411/962 406/963
f 401/964 400/965 396/966
f 392/967 391/968 396/969
f 353/970 418/971 419/972
f 420/973 386/974 385/975
f 398/976 415/977 421/978
f 423/979 399/980 373/981
f 378/982 424/983 423/984
f 412/985 425/986 426/987
f 412/988 426/989 416/990
f 267/991 427/992 428/993
f 429/994 430/995 407/996
f 342/997 341/998 431/999
f 432/1000 431/1001 341/1002
f 433/1003 400/1004 382/1005
f 398/1006 434/1007 397/1008
f 389/1009 397/1010 434/1011
f 417/1012 435/1013 410/1014
f 433/1015 417/1016 396/1017
f 399/1018 425/1019 412/1020
f 416/1021 426/1022 414/1023
f 436/1024 429/1025 410/1026
f 417/1027 433/1028 434/1029
f 435/1030 434/1031 437/1032
f 375/1033 438/1034 432/1035
f 439/1036 440/1037 268/1038
f 441/1039 421/1040 415/1041
f 420/1042 405/1043 376/1044
f 442/1045 424/1046 379/1047
f 271/1048 443/1049 444/1050
f 273/1051 444/1052 445/1053
f 445/1054 446/1055 447/1056
f 448/1057 420/1058 385/1059
f 449/1060 446/1061 445/1062
f 426/1063 450/1064 441/1065
f 369/1066 413/1067 451/1068
f 452/1069 443/1070 453/1071
f 405/1072 438/1073 375/1074
f 454/1075 398/1076 421/1077
f 409/1078 407/1079 430/1080
f 457/1081 419/1082 418/1083
f 458/1084 457/1085 431/1086
f 442/1087 459/1088 460/1089
f 438/1090 458/1091 432/1092
f 439/1093 461/1094 462/1095
f 451/1096 413/1097 463/1098
f 465/1099 455/1100 421/1101
f 456/1102 466/1103 427/1104
f 448/1105 370/1106 451/1107
f 444/1108 468/1109 449/1110
f 443/1111 452/1112 468/1113
f 469/1114 465/1115 441/1116
f 470/1117 471/1118 469/1119
f 436/1120 437/1121 473/1122
f 474/1123 428/1124 427/1125
f 475/1126 476/1127 458/1128
f 456/1129 430/1130 472/1131
f 451/1132 464/1133 478/1134
f 457/1135 458/1136 476/1137
f 457/1138 479/1139 442/1140
f 480/1141 481/1142 452/1143
f 471/1144 470/1145 483/1146
f 483/1147 460/1148 484/1149
f 480/1150 485/1151 481/1152
f 438/1153 405/1154 486/1155
f 464/1156 463/1157 462/1158
f 487/1159 462/1160 461/1161
f 466/1162 456/1163 477/1164
f 490/1165 473/1166 455/1167
f 477/1168 472/1169 473/1170
f 492/1171 481/1172 485/1173
f 493/1174 459/1175 442/1176
f 467/1177 478/1178 494/1179
f 495/1180 490/1181 465/1182
f 475/1183 486/1184 494/1185
f 498/1186 468/1187 452/1188
f 489/1189 477/1190 490/1191
f 499/1192 500/1193 501/1194
f 500/1195 502/1196 488/1197
f 504/1198 471/1199 482/1200
f 491/1201 474/1202 466/1203
f 505/1204 498/1205 497/1206
f 507/1207 494/1208 478/1209
f 488/1210 502/1211 507/1212
f 459/1213 508/1214 509/1215
f 459/1216 493/1217 510/1218
f 509/1219 511/1220 503/1221
f 505/1222 512/1223 499/1224
f 513/1225 496/1226 494/1227
f 514/1228 496/1229 513/1230
f 511/1231 508/1232 516/1233
f 505/1234 497/1235 516/1236
f 514/1237 510/1238 493/1239
f 518/1240 502/1241 500/1242
f 518/1243 513/1244 507/1245
f 519/1246 517/1247 510/1248
f 516/1249 508/1250 510/1251
f 143/1252 129/1253 132/1254
f 93/1255 99/1256 125/1257
f 15/1258 57/1259 16/1260
f 133/1261 104/1262 83/1263
f 520/1264 157/1265 166/1266
f 187/1267 157/1268 520/1269
f 88/1270 29/1271 24/1272
f 14/1273 88/1274 24/1275
f 74/1276 73/1277 108/1278
f 121/1279 149/1280 103/1281
f 64/1282 61/1283 79/1284
f 240/1285 245/1286 223/1287
f 247/1288 246/1289 253/1290
f 63/1291 62/1292 96/1293
f 49/1294 55/1295 54/1296
f 95/1297 60/1298 88/1299
f 100/1300 178/1301 177/1302
f 153/1303 152/1304 190/1305
f 211/1306 226/1307 206/1308
f 18/1309 6/1310 21/1311
f 265/1312 241/1313 227/1314
f 163/1315 159/1316 148/1317
f 154/1318 138/1319 141/1320
f 10/1321 41/1322 49/1323
f 408/1324 363/1325 368/1326
f 367/1327 349/1328 361/1329
f 398/1330 387/1331 388/1332
f 434/1333 454/1334 437/1335
f 434/1336 398/1337 454/1338
f 384/1339 339/1340 381/1341
f 356/1342 324/1343 357/1344
f 371/1345 344/1346 356/1347
f 324/1348 332/1349 357/1350
f 308/1351 297/1352 303/1353
f 312/1354 295/1355 296/1356
f 325/1357 324/1358 344/1359
f 292/1360 521/1361 278/1362
f 522/1363 521/1364 292/1365
f 289/1366 276/1367 279/1368
f 301/1369 288/1370 317/1371
f 318/1372 319/1373 338/1374
f 308/1375 318/1376 331/1377
f 518/1378 499/1379 512/1380
f 518/1381 512/1382 519/1383
f 448/1384 405/1385 420/1386
f 385/1387 354/1388 370/1389
f 464/1390 506/1391 478/1392
f 509/1393 508/1394 511/1395
f 378/1396 379/1397 424/1398
f 503/1399 511/1400 515/1401
f 482/1402 484/1403 509/1404
f 474/1405 491/1406 485/1407
f 503/1408 491/1409 504/1410
f 440/1411 523/1412 261/1413
f 261/1414 523/1415 362/1416
f 413/1417 362/1418 523/1419
f 463/1420 523/1421 440/1422
f 85/1423 84/1424 118/1425
f 342/1426 418/1427 353/1428
f 353/1429 314/1430 342/1431
f 267/1432 266/1433 409/1434
f 264/1435 275/1436 447/1437
f 264/1438 524/1439 241/1440
f 517/1441 519/1442 512/1443
f 158/1444 213/1445 525/1446
f 335/1447 334/1448 525/1449
f 236/1450 265/1451 227/1452
f 468/1453 498/1454 499/1455
f 230/1456 235/1457 212/1458
f 428/1459 480/1460 270/1461
f 270/1462 480/1463 453/1464
f 270/1465 272/1466 258/1467
f 443/1468 271/1469 272/1470
f 481/1471 492/1472 497/1473
f 515/1474 492/1475 491/1476
f 492/1477 515/1478 516/1479
f 68/1480 94/1481 58/1482
f 52/1483 77/1484 178/1485
f 410/1486 429/1487 408/1488
f 399/1489 423/1490 526/1491
f 424/1492 460/1493 526/1494
f 425/1495 526/1496 483/1497
f 460/1498 483/1499 526/1500
f 422/1501 373/1502 343/1503
f 15/1504 59/1505 90/1506
f 173/1507 299/1508 283/1509
f 173/1510 119/1511 57/1512
f 94/1513 126/1514 89/1515
f 480/1516 428/1517 474/1518
f 527/1519 528/1520 253/1521
f 388/1522 402/1523 415/1524
f 12/1525 22/1526 26/1527
f 294/1528 123/1529 122/1530
f 123/1531 294/1532 302/1533
f 178/1534 77/1535 76/1536
f 436/1537 472/1538 430/1539
f 459/1540 484/1541 460/1542
f 60/1543 33/1544 31/1545
f 36/1546 21/1547 43/1548
f 204/1549 255/1550 231/1551
f 126/1552 525/1553 174/1554
f 174/1555 525/1556 334/1557
f 529/1558 214/1559 217/1560
f 213/1561 214/1562 529/1563
f 335/1564 529/1565 377/1566
f 377/1567 529/1568 327/1569
f 234/1570 208/1571 191/1572
f 487/1573 488/1574 506/1575
f 342/1576 314/1577 299/1578
f 69/1579 68/1580 37/1581
f 338/1582 340/1583 357/1584
f 504/1585 491/1586 489/1587
f 495/1588 469/1589 471/1590
f 455/1591 473/1592 437/1593
f 243/1594 209/1595 225/1596
f 188/1597 225/1598 209/1599
f 425/1600 470/1601 450/1602
f 117/1603 160/1604 139/1605
f 87/1606 139/1607 92/1608
f 518/1609 519/1610 514/1611
f 36/1612 85/1613 86/1614
f 442/1615 479/1616 493/1617
f 476/1618 475/1619 496/1620
f 479/1621 476/1622 496/1623
f 59/1624 15/1625 7/1626
f 530/1627 531/1628 524/1629
f 531/1630 530/1631 274/1632
f 446/1633 532/1634 530/1635
f 274/1636 530/1637 532/1638
f 500/1639 461/1640 501/1641
f 230/1642 242/1643 235/1644
f 257/1645 235/1646 242/1647
f 531/1648 242/1649 241/1650
f 501/1651 461/1652 439/1653
f 449/1654 501/1655 532/1656
f 196/1657 106/1658 140/1659
f 105/1660 106/1661 196/1662
f 467/1663 486/1664 405/1665
f 78/1666 121/1667 103/1668
f 422/1669 352/1670 351/1671
f 347/1672 350/1673 251/1674
f 251/1675 350/1676 364/1677
f 364/1678 365/1679 527/1680
f 4/1681 1/1682 3/1683
f 8/1684 5/1685 7/1686
f 12/1687 13/1688 14/1689
f 15/1690 16/1691 7/1692
f 7/1693 6/1694 19/1695
f 21/1696 6/1697 20/1698
f 23/1699 12/1700 24/1701
f 22/1702 25/1703 8/1704
f 8/1705 17/1706 22/1707
f 20/1708 5/1709 27/1710
f 28/1711 25/1712 23/1713
f 28/1714 23/1715 29/1716
f 30/1717 28/1718 31/1719
f 32/1720 30/1721 33/1722
f 28/1723 30/1724 25/1725
f 34/1726 30/1727 35/1728
f 19/1729 18/1730 37/1731
f 32/1732 33/1733 39/1734
f 26/1735 40/1736 10/1737
f 43/1738 21/1739 42/1740
f 44/1741 40/1742 17/1743
f 27/1744 34/1745 20/1746
f 46/1747 35/1748 39/1749
f 48/1750 49/1751 47/1752
f 38/1753 50/1754 39/1755
f 53/1756 43/1757 52/1758
f 11/1759 10/1760 54/1761
f 16/1762 57/1763 17/1764
f 37/1765 58/1766 19/1767
f 50/1768 45/1769 61/1770
f 55/1771 62/1772 56/1773
f 51/1774 50/1775 64/1776
f 51/1777 65/1778 39/1779
f 65/1780 51/1781 66/1782
f 67/1783 68/1784 70/1785
f 74/1786 71/1787 73/1788
f 75/1789 76/1790 46/1791
f 35/1792 76/1793 34/1794
f 79/1795 78/1796 64/1797
f 80/1798 73/1799 81/1800
f 78/1801 79/1802 81/1803
f 49/1804 48/1805 55/1806
f 52/1807 42/1808 77/1809
f 55/1810 82/1811 62/1812
f 53/1813 84/1814 43/1815
f 69/1816 86/1817 70/1818
f 11/1819 54/1820 14/1821
f 89/1822 90/1823 58/1824
f 93/1825 94/1826 67/1827
f 95/1828 88/1829 56/1830
f 98/1831 63/1832 97/1833
f 91/1834 99/1835 67/1836
f 100/1837 101/1838 52/1839
f 46/1840 65/1841 75/1842
f 102/1843 65/1844 103/1845
f 96/1846 62/1847 104/1848
f 105/1849 91/1850 106/1851
f 107/1852 99/1853 105/1854
f 108/1855 98/1856 109/1857
f 110/1858 111/1859 71/1860
f 111/1861 112/1862 72/1863
f 108/1864 73/1865 113/1866
f 98/1867 108/1868 114/1869
f 31/1870 29/1871 60/1872
f 79/1873 61/1874 113/1875
f 97/1876 96/1877 115/1878
f 84/1879 53/1880 116/1881
f 117/1882 87/1883 118/1884
f 57/1885 119/1886 44/1887
f 112/1888 121/1889 81/1890
f 40/1891 122/1892 47/1893
f 84/1894 116/1895 118/1896
f 120/1897 122/1898 44/1899
f 93/1900 125/1901 94/1902
f 105/1903 127/1904 107/1905
f 95/1906 114/1907 60/1908
f 129/1909 130/1910 132/1911
f 133/1912 83/1913 134/1914
f 129/1915 133/1916 130/1917
f 125/1918 99/1919 135/1920
f 135/1921 107/1922 136/1923
f 137/1924 48/1925 123/1926
f 106/1927 92/1928 140/1929
f 142/1930 143/1931 144/1932
f 146/1933 145/1934 75/1935
f 143/1936 147/1937 129/1938
f 148/1939 117/1940 124/1941
f 103/1942 149/1943 102/1944
f 109/1945 97/1946 151/1947
f 133/1948 147/1949 104/1950
f 116/1951 101/1952 153/1953
f 154/1954 136/1955 138/1956
f 130/1957 155/1958 131/1959
f 130/1960 134/1961 155/1962
f 148/1963 159/1964 117/1965
f 161/1966 142/1967 162/1968
f 75/1969 102/1970 146/1971
f 157/1972 134/1973 48/1974
f 139/1975 160/1976 163/1977
f 142/1978 164/1979 143/1980
f 157/1981 48/1982 166/1983
f 156/1984 155/1985 162/1986
f 155/1987 157/1988 161/1989
f 168/1990 169/1991 110/1992
f 169/1993 170/1994 111/1995
f 161/1996 167/1997 142/1998
f 125/1999 135/2000 158/2001
f 171/2002 135/2003 172/2004
f 174/2005 173/2006 89/2007
f 147/2008 164/2009 115/2010
f 175/2011 140/2012 163/2013
f 145/2014 176/2015 178/2016
f 154/2017 179/2018 136/2019
f 145/2020 146/2021 176/2022
f 146/2023 150/2024 180/2025
f 182/2026 121/2027 170/2028
f 154/2029 184/2030 179/2031
f 187/2032 186/2033 157/2034
f 121/2035 182/2036 149/2037
f 149/2038 188/2039 150/2040
f 116/2041 153/2042 124/2043
f 190/2044 152/2045 177/2046
f 140/2047 175/2048 192/2049
f 195/2050 184/2051 141/2052
f 141/2053 127/2054 197/2055
f 199/2056 198/2057 168/2058
f 200/2059 201/2060 186/2061
f 189/2062 193/2063 124/2064
f 203/2065 183/2066 167/2067
f 190/2068 177/2069 205/2070
f 206/2071 202/2072 189/2073
f 207/2074 175/2075 194/2076
f 208/2077 197/2078 192/2079
f 180/2080 181/2081 210/2082
f 153/2083 190/2084 211/2085
f 206/2086 189/2087 211/2088
f 207/2089 212/2090 175/2091
f 214/2092 213/2093 171/2094
f 210/2095 215/2096 180/2097
f 216/2098 170/2099 198/2100
f 204/2101 177/2102 215/2103
f 172/2104 217/2105 171/2106
f 218/2107 217/2108 179/2109
f 179/2110 185/2111 218/2112
f 220/2113 185/2114 195/2115
f 221/2116 195/2117 197/2118
f 199/2119 222/2120 198/2121
f 216/2122 224/2123 170/2124
f 225/2125 188/2126 224/2127
f 206/2128 226/2129 202/2130
f 185/2131 220/2132 219/2133
f 221/2134 197/2135 229/2136
f 207/2137 202/2138 230/2139
f 231/2140 232/2141 204/2142
f 233/2143 234/2144 235/2145
f 236/2146 226/2147 237/2148
f 237/2149 211/2150 232/2151
f 229/2152 208/2153 233/2154
f 238/2155 220/2156 221/2157
f 222/2158 239/2159 223/2160
f 230/2161 227/2162 242/2163
f 210/2164 209/2165 244/2166
f 198/2167 223/2168 216/2169
f 245/2170 246/2171 216/2172
f 246/2173 247/2174 224/2175
f 238/2176 221/2177 248/2178
f 249/2179 215/2180 244/2181
f 240/2182 239/2183 251/2184
f 251/2185 252/2186 240/2187
f 246/2188 245/2189 253/2190
f 220/2191 238/2192 228/2193
f 204/2194 215/2195 255/2196
f 248/2197 229/2198 256/2199
f 235/2200 257/2201 233/2202
f 237/2203 259/2204 236/2205
f 232/2206 258/2207 237/2208
f 238/2209 248/2210 254/2211
f 262/2212 263/2213 253/2214
f 236/2215 260/2216 265/2217
f 263/2218 266/2219 243/2220
f 267/2221 249/2222 266/2223
f 248/2224 256/2225 261/2226
f 249/2227 267/2228 255/2229
f 231/2230 255/2231 270/2232
f 271/2233 259/2234 272/2235
f 273/2236 260/2237 271/2238
f 256/2239 257/2240 268/2241
f 275/2242 264/2243 273/2244
f 276/2245 277/2246 279/2247
f 120/2248 281/2249 122/2250
f 120/2251 119/2252 281/2253
f 285/2254 284/2255 276/2256
f 286/2257 280/2258 284/2259
f 289/2260 287/2261 276/2262
f 290/2263 285/2264 288/2265
f 278/2266 280/2267 292/2268
f 295/2269 289/2270 296/2271
f 278/2272 297/2273 279/2274
f 299/2275 173/2276 298/2277
f 300/2278 301/2279 286/2280
f 300/2281 290/2282 301/2283
f 302/2284 303/2285 278/2286
f 293/2287 303/2288 294/2289
f 305/2290 288/2291 304/2292
f 295/2293 306/2294 289/2295
f 284/2296 285/2297 310/2298
f 309/2299 285/2300 311/2301
f 312/2302 296/2303 307/2304
f 301/2305 313/2306 280/2307
f 283/2308 299/2309 315/2310
f 316/2311 317/2312 305/2313
f 282/2314 319/2315 293/2316
f 320/2317 304/2318 306/2319
f 301/2320 317/2321 313/2322
f 286/2323 284/2324 322/2325
f 290/2326 300/2327 311/2328
f 325/2329 307/2330 324/2331
f 217/2332 218/2333 327/2334
f 328/2335 306/2336 312/2337
f 322/2338 323/2339 286/2340
f 330/2341 329/2342 283/2343
f 319/2344 282/2345 329/2346
f 324/2347 308/2348 332/2349
f 219/2350 336/2351 218/2352
f 336/2353 219/2354 337/2355
f 338/2356 332/2357 318/2358
f 339/2359 320/2360 328/2361
f 334/2362 341/2363 298/2364
f 319/2365 329/2366 340/2367
f 325/2368 344/2369 346/2370
f 345/2371 339/2372 346/2373
f 347/2374 348/2375 350/2376
f 315/2377 351/2378 330/2379
f 353/2380 351/2381 314/2382
f 327/2383 326/2384 355/2385
f 343/2386 329/2387 352/2388
f 358/2389 356/2390 340/2391
f 354/2392 326/2393 359/2394
f 349/2395 348/2396 361/2397
f 254/2398 362/2399 228/2400
f 350/2401 349/2402 364/2403
f 366/2404 365/2405 363/2406
f 368/2407 363/2408 367/2409
f 359/2410 336/2411 369/2412
f 354/2413 359/2414 370/2415
f 372/2416 371/2417 358/2418
f 358/2419 343/2420 372/2421
f 375/2422 374/2423 333/2424
f 376/2425 375/2426 377/2427
f 379/2428 378/2429 353/2430
f 339/2431 345/2432 381/2433
f 382/2434 383/2435 381/2436
f 355/2437 354/2438 386/2439
f 344/2440 388/2441 345/2442
f 381/2443 380/2444 382/2445
f 390/2446 391/2447 360/2448
f 391/2449 392/2450 361/2451
f 393/2452 394/2453 372/2454
f 355/2455 386/2456 377/2457
f 391/2458 390/2459 396/2460
f 397/2461 389/2462 387/2463
f 372/2464 373/2465 393/2466
f 400/2467 401/2468 382/2469
f 402/2470 388/2471 403/2472
f 404/2473 403/2474 394/2475
f 407/2476 263/2477 363/2478
f 409/2479 266/2480 407/2481
f 368/2482 367/2483 410/2484
f 412/2485 404/2486 393/2487
f 369/2488 337/2489 413/2490
f 414/2491 415/2492 411/2493
f 412/2494 416/2495 404/2496
f 416/2497 414/2498 406/2499
f 395/2500 401/2501 396/2502
f 417/2503 392/2504 396/2505
f 379/2506 353/2507 419/2508
f 422/2509 423/2510 373/2511
f 422/2512 378/2513 423/2514
f 269/2515 267/2516 428/2517
f 408/2518 429/2519 407/2520
f 418/2521 342/2522 431/2523
f 374/2524 432/2525 341/2526
f 389/2527 433/2528 382/2529
f 433/2530 389/2531 434/2532
f 392/2533 417/2534 410/2535
f 400/2536 433/2537 396/2538
f 393/2539 399/2540 412/2541
f 435/2542 436/2543 410/2544
f 435/2545 417/2546 434/2547
f 436/2548 435/2549 437/2550
f 374/2551 375/2552 432/2553
f 274/2554 439/2555 268/2556
f 414/2557 441/2558 415/2559
f 386/2560 420/2561 376/2562
f 419/2563 442/2564 379/2565
f 273/2566 271/2567 444/2568
f 275/2569 273/2570 445/2571
f 275/2572 445/2573 447/2574
f 370/2575 448/2576 385/2577
f 414/2578 426/2579 441/2580
f 370/2581 369/2582 451/2583
f 455/2584 454/2585 421/2586
f 456/2587 409/2588 430/2589
f 431/2590 457/2591 418/2592
f 432/2593 458/2594 431/2595
f 424/2596 442/2597 460/2598
f 440/2599 439/2600 462/2601
f 464/2602 451/2603 463/2604
f 441/2605 465/2606 421/2607
f 409/2608 456/2609 427/2610
f 467/2611 448/2612 451/2613
f 445/2614 444/2615 449/2616
f 444/2617 443/2618 468/2619
f 450/2620 469/2621 441/2622
f 450/2623 470/2624 469/2625
f 472/2626 436/2627 473/2628
f 466/2629 474/2630 427/2631
f 438/2632 475/2633 458/2634
f 477/2635 456/2636 472/2637
f 467/2638 451/2639 478/2640
f 479/2641 457/2642 476/2643
f 419/2644 457/2645 442/2646
f 453/2647 480/2648 452/2649
f 482/2650 471/2651 483/2652
f 482/2653 483/2654 484/2655
f 475/2656 438/2657 486/2658
f 487/2659 464/2660 462/2661
f 488/2662 487/2663 461/2664
f 489/2665 466/2666 477/2667
f 465/2668 490/2669 455/2670
f 490/2671 477/2672 473/2673
f 491/2674 492/2675 485/2676
f 486/2677 467/2678 494/2679
f 469/2680 495/2681 465/2682
f 496/2683 475/2684 494/2685
f 497/2686 498/2687 452/2688
f 495/2689 489/2690 490/2691
f 449/2692 499/2693 501/2694
f 461/2695 500/2696 488/2697
f 503/2698 504/2699 482/2700
f 489/2701 491/2702 466/2703
f 506/2704 507/2705 478/2706
f 506/2707 488/2708 507/2709
f 484/2710 459/2711 509/2712
f 508/2713 459/2714 510/2715
f 482/2716 509/2717 503/2718
f 498/2719 505/2720 499/2721
f 507/2722 513/2723 494/2724
f 515/2725 511/2726 516/2727
f 517/2728 505/2729 516/2730
f 496/2731 514/2732 493/2733
f 499/2734 518/2735 500/2736
f 502/2737 518/2738 507/2739
f 514/2740 519/2741 510/2742
f 517/2743 516/2744 510/2745
f 268/2746 440/2747 261/2748
f 254/2749 261/2750 362/2751
f 463/2752 413/2753 523/2754
f 462/2755 463/2756 440/2757
f 86/2758 85/2759 118/2760
f 427/2761 267/2762 409/2763
f 524/2764 264/2765 447/2766
f 265/2767 264/2768 241/2769
f 505/2770 517/2771 512/2772
f 126/2773 158/2774 525/2775
f 213/2776 335/2777 525/2778
f 226/2779 236/2780 227/2781
f 449/2782 468/2783 499/2784
f 207/2785 230/2786 212/2787
f 269/2788 428/2789 270/2790
f 272/2791 270/2792 453/2793
f 231/2794 270/2795 258/2796
f 453/2797 443/2798 272/2799
f 452/2800 481/2801 497/2802
f 503/2803 515/2804 491/2805
f 497/2806 492/2807 516/2808
f 37/2809 68/2810 58/2811
f 100/2812 52/2813 178/2814
f 368/2815 410/2816 408/2817
f 425/2818 399/2819 526/2820
f 423/2821 424/2822 526/2823
f 470/2824 425/2825 483/2826
f 352/2827 422/2828 343/2829
f 57/2830 15/2831 90/2832
f 119/2833 173/2834 283/2835
f 90/2836 173/2837 57/2838
f 58/2839 94/2840 89/2841
f 485/2842 480/2843 474/2844
f 252/2845 527/2846 253/2847
f 398/2848 388/2849 415/2850
f 13/2851 12/2852 26/2853
f 282/2854 294/2855 122/2856
f 137/2857 123/2858 302/2859
f 145/2860 178/2861 76/2862
f 429/2863 436/2864 430/2865
f 85/2866 36/2867 43/2868
f 89/2869 126/2870 174/2871
f 298/2872 174/2873 334/2874
f 327/2875 529/2876 217/2877
f 335/2878 213/2879 529/2880
f 333/2881 335/2882 377/2883
f 355/2884 377/2885 327/2886
f 212/2887 234/2888 191/2889
f 464/2890 487/2891 506/2892
f 298/2893 342/2894 299/2895
f 36/2896 69/2897 37/2898
f 332/2899 338/2900 357/2901
f 495/2902 504/2903 489/2904
f 504/2905 495/2906 471/2907
f 454/2908 455/2909 437/2910
f 247/2911 243/2912 225/2913
f 181/2914 188/2915 209/2916
f 426/2917 425/2918 450/2919
f 87/2920 117/2921 139/2922
f 70/2923 87/2924 92/2925
f 513/2926 518/2927 514/2928
f 69/2929 36/2930 86/2931
f 493/2932 479/2933 496/2934
f 19/2935 59/2936 7/2937
f 447/2938 530/2939 524/2940
f 257/2941 531/2942 274/2943
f 447/2944 446/2945 530/2946
f 439/2947 274/2948 532/2949
f 531/2950 257/2951 242/2952
f 524/2953 531/2954 241/2955
f 532/2956 501/2957 439/2958
f 446/2959 449/2960 532/2961
f 192/2962 196/2963 140/2964
f 127/2965 105/2966 196/2967
f 448/2968 467/2969 405/2970
f 66/2971 78/2972 103/2973
f 378/2974 422/2975 351/2976
f 250/2977 347/2978 251/2979
f 252/2980 251/2981 364/2982
f 252/2983 364/2984 527/2985
