mtllib RHipPitch.mtl
o RHipPitch
usemtl nao_texture
v 0.1087781 0.1400912 -0.143195
v 0.108492 -0.1499087 -0.143192
v 0.07249977 -0.1498735 -0.1652046
v 0.07278583 0.1401265 -0.1652078
v 0.03229257 -0.1498339 -0.1779678
v 0.03257863 0.140166 -0.177971
v 0.1384565 0.1400622 -0.1132164
v 0.1381704 -0.1499376 -0.1132132
v -0.00981072 -0.1497924 -0.1807312
v -0.00952467 0.1402075 -0.1807344
v 0.1600966 0.1400413 -0.07699448
v 0.1598105 -0.1499586 -0.07699127
v -0.05133643 -0.1497514 -0.1733418
v -0.05105036 0.1402485 -0.173345
v 0.1724354 0.1400295 -0.03666168
v 0.1721494 -0.1499704 -0.03665848
v -0.08990038 -0.1497132 -0.1562286
v -0.08961433 0.1402867 -0.1562318
v 0.174769 0.1400277 0.005464325
v 0.1744829 -0.1499722 0.005467377
v -0.1232458 -0.14968 -0.1303795
v -0.1229598 0.1403199 -0.1303825
v 0.1669482 0.1400359 0.04692444
v 0.1666622 -0.149964 0.04692749
v -0.149439 -0.1496538 -0.09730744
v -0.1491529 0.1403461 -0.09731049
v 0.1494309 0.1400536 0.08530259
v 0.1491449 -0.1499463 0.08530579
v -0.1669477 -0.1496361 -0.05892395
v -0.1666617 0.1403638 -0.05892715
v 0.1232463 0.1400797 0.1183798
v 0.1229603 -0.1499202 0.1183829
v -0.1747685 -0.149628 -0.01746399
v -0.1744824 0.1403719 -0.01746704
v 0.08990087 0.1401129 0.1442291
v 0.08961481 -0.149887 0.1442322
v -0.172435 -0.1496298 0.02466202
v -0.1721489 0.1403701 0.02465881
v 0.05133691 0.1401511 0.1613422
v 0.05105085 -0.1498487 0.1613454
v -0.160096 -0.1496415 0.06499481
v -0.15981 0.1403584 0.06499176
v 0.00981127 0.1401922 0.1687317
v 0.00952521 -0.1498077 0.1687347
v -0.1384559 -0.1496624 0.1012167
v -0.1381698 0.1403374 0.1012137
v -0.03229195 0.1402337 0.1659683
v -0.03257801 -0.1497662 0.1659714
v -0.1087776 -0.1496914 0.1311954
v -0.1084915 0.1403085 0.1311923
v -0.07249928 0.1402732 0.1532051
v -0.07278533 -0.1497267 0.1532082
v 0.09165927 -0.149894 -0.313867
v 0.1212426 -0.1499234 -0.3434355
v 0.115026 -0.1499175 -0.3570372
v 0.07150477 -0.1498747 -0.3675252
v 0.07520821 -0.1498773 -0.2754112
v -0.2897139 -0.1495171 -0.2524231
v 0.07426515 -0.1498759 -0.2336012
v -0.2773648 -0.1495284 -0.1672005
v 0.08894814 -0.1498899 -0.194437
v -0.2540161 -0.1495505 -0.08432343
v 0.1171492 -0.1499175 -0.1635567
v -0.2200745 -0.1495831 -0.00517746
v -0.1752283 -0.1496264 0.08302887
v 0.1460159 -0.1499428 0.1252278
v -0.05237647 -0.1497465 0.1833553
v 0.00141083 -0.1497995 0.1904163
v 0.05508696 -0.1498525 0.1824986
v -0.1441964 -0.1496565 0.1275267
v 0.1557746 -0.1499552 -0.1254568
v 0.1825045 -0.149981 -0.07825653
v 0.1763285 -0.1499732 0.08024552
v 0.1953059 -0.1499931 -0.02553207
v 0.1597082 -0.1499616 -0.3598704
v 0.1212426 -0.1499234 -0.3434355
v 0.1208084 -0.2999231 -0.3440164
v 0.15952 -0.2999614 -0.360547
v 0.09165927 -0.149894 -0.313867
v 0.09103826 -0.2998934 -0.3142575
v 0.07520821 -0.1498773 -0.2754112
v 0.07448558 -0.2998767 -0.2755589
v 0.07426515 -0.1498759 -0.2336012
v 0.07353362 -0.2998752 -0.2334848
v 0.08894814 -0.1498899 -0.194437
v 0.08830704 -0.2998894 -0.194066
v 0.1171492 -0.1499175 -0.1635567
v 0.1166932 -0.299917 -0.1629904
v 0.1557746 -0.1499552 -0.1254568
v 0.1551827 -0.2999547 -0.1250323
v 0.1825045 -0.149981 -0.07825653
v 0.1818145 -0.2999804 -0.07799759
v 0.1953059 -0.1499931 -0.02553207
v 0.1946843 -0.2980671 -0.02423477
v 0.1931909 -0.1499904 0.02867813
v 0.1924665 -0.2980624 0.0285527
v 0.1763285 -0.1499732 0.08024552
v 0.1752469 -0.2980326 0.0807808
v -0.2897139 -0.1495171 -0.2524231
v -0.29087 -0.1495169 -0.3385248
v -0.2902168 -0.2972598 -0.3384875
v -0.2890617 -0.2972602 -0.2524802
v 0.1460159 -0.1499428 0.1252278
v 0.1449155 -0.2979809 0.1253531
v -0.2773648 -0.1495284 -0.1672005
v -0.2767188 -0.2972793 -0.1673435
v 0.104534 -0.1499015 0.1602025
v 0.1035721 -0.297911 0.1599669
v -0.2540161 -0.1495505 -0.08432343
v -0.253785 -0.2973163 -0.08507172
v 0.05508696 -0.1498525 0.1824986
v 0.05434706 -0.297828 0.1819769
v -0.2200745 -0.1495831 -0.00517746
v -0.2196071 -0.2973721 -0.005488281
v 0.00141083 -0.1497995 0.1904163
v 0.0009999698 -0.2977384 0.1897206
v -0.05237647 -0.1497465 0.1833553
v -0.05245608 -0.2976489 0.1826161
v -0.1746476 -0.2974459 0.08270539
v -0.1752283 -0.1496264 0.08302887
v -0.1021773 -0.1496976 0.1618411
v -0.1019283 -0.2975663 0.1611974
v -0.1441964 -0.1496565 0.1275267
v -0.1437242 -0.2974969 0.1270547
v 0.1230238 0.140075 -0.3433917
v 0.1614496 0.1400369 -0.3602025
v 0.1613405 0.2812141 -0.36088
v 0.1226686 0.2812141 -0.3439735
v 0.09351905 0.1401044 -0.3135877
v 0.09297188 0.2812142 -0.3139703
v 0.07710439 0.140121 -0.2749805
v 0.07646084 0.2812141 -0.2751291
v 0.07179083 0.1401252 -0.3675284
v 0.116061 0.1400817 -0.3569809
v 0.1230238 0.140075 -0.3433917
v 0.09351905 0.1401044 -0.3135877
v 0.07612441 0.1401224 -0.2330525
v 0.0754717 0.2812141 -0.232937
v 0.09069454 0.1401085 -0.1937228
v 0.09013748 0.2812142 -0.1933614
v 0.1832907 0.1400184 -0.0769693
v 0.1569851 0.1400438 -0.1242499
v 0.1564636 0.2812141 -0.1238315
v 0.1826849 0.2812142 -0.07671951
v 0.1957067 0.1400067 -0.0243045
v 0.1950493 0.2812141 -0.02423874
v 0.1932776 0.1400097 0.02974869
v 0.1926321 0.2812141 0.02962234
v 0.1762009 0.1400271 0.08109116
v 0.1756119 0.2812141 0.08077668
v 0.1957067 0.1400067 -0.0243045
v 0.1932776 0.1400097 0.02974869
v 0.05487099 0.1401479 0.1826457
v 0.1832907 0.1400184 -0.0769693
v -0.2909145 0.1404833 -0.3408049
v -0.2899349 0.1404833 -0.2541078
v -0.2891953 0.2812142 -0.2541606
v -0.2901739 0.2812142 -0.3407634
v -0.277596 0.140472 -0.1682936
v -0.2899349 0.1404833 -0.2541078
v 0.07710439 0.140121 -0.2749805
v 0.07612441 0.1401224 -0.2330525
v 0.1457618 0.1400576 0.1258203
v 0.1452805 0.2812141 0.125349
v -0.277596 0.140472 -0.1682936
v -0.2768711 0.2812142 -0.1684375
v 0.1042648 0.1400989 0.1605513
v 0.1039371 0.2812142 0.1599629
v -0.2541167 0.1404498 -0.08484421
v -0.2534201 0.2812142 -0.08507584
v 0.09069454 0.1401085 -0.1937228
v -0.2541167 0.1404498 -0.08484421
v 0.05487099 0.1401479 0.1826457
v 0.05471212 0.2812142 0.181973
v -0.2199051 0.1404169 -0.00518158
v -0.2192421 0.2812142 -0.005492401
v -0.1748493 0.1403734 0.08319977
v -0.1741949 0.2812142 0.08288376
v -0.1748493 0.1403734 0.08319977
v -0.2199051 0.1404169 -0.00518158
v 0.1187679 0.1400811 -0.1625572
v 0.001319569 0.1402008 0.1904167
v 0.001365 0.2812142 0.1897167
v -0.05230946 0.1402536 0.1832884
v 0.1569851 0.1400438 -0.1242499
v 0.1762009 0.1400271 0.08109116
v 0.1042648 0.1400989 0.1605513
v -0.05230946 0.1402536 0.1832884
v -0.05209104 0.2812142 0.1826122
v -0.1438782 0.1403433 0.1275667
v -0.1019681 0.1403024 0.1617911
v -0.1015633 0.2812142 0.1611934
v -0.1438782 0.1403433 0.1275667
v -0.1433218 0.2812142 0.1270851
v -0.1019681 0.1403024 0.1617911
v 0.1404321 0.1400492 -1.139558
v 0.09852734 0.1400901 -1.173791
v 0.09820155 0.1800905 -1.173194
v 0.1399599 0.1800497 -1.139086
v 0.1714171 0.1400191 -1.095194
v 0.1708279 0.1800197 -1.094876
v 0.04887726 0.1401389 -1.195283
v 0.04872404 0.1801391 -1.194604
v -0.00476555 0.1401917 -1.202408
v -0.00471832 0.1801917 -1.201712
v -0.05831695 0.1402446 -1.194637
v -0.0580792 0.1802444 -1.193965
v 0.2158836 0.1799762 -1.006494
v 0.2164643 0.1399756 -1.006818
v 0.2500582 0.1799434 -0.9269246
v 0.2506759 0.1399427 -0.9271553
v 0.2249899 0.1399674 -0.9894597
v -0.1077055 0.1402936 -1.172551
v -0.1072957 0.1802932 -1.17195
v 0.2500582 0.1799434 -0.9269246
v 0.2735039 0.1799211 -0.8435546
v 0.2741501 0.1399205 -0.8436977
v 0.2506759 0.1399427 -0.9271553
v 0.2743033 0.1399182 -1.037028
v 0.239305 0.1399527 -1.0369
v 0.2249899 0.1399674 -0.9894597
v 0.2081277 0.1399846 -0.9332738
v -0.0941352 0.140284 -0.8182769
v 0.2164643 0.1399756 -1.006818
v -0.1492026 0.1403349 -1.13782
v -0.1486422 0.1803344 -1.137349
v 0.2750236 0.1399196 -0.8433626
v 0.2743033 0.1399182 -1.037028
v 0.286489 0.1399092 -0.7578835
v 0.2858282 0.1799099 -0.7578313
v -0.1796468 0.1403654 -1.093082
v -0.1789738 0.1803648 -1.092777
v 0.2874736 0.1399092 -0.6711949
v 0.2868121 0.1799099 -0.6712372
v -0.1967235 0.1403828 -1.04174
v -0.1959991 0.1803821 -1.041614
v -0.1991527 0.1403858 -0.9876866
v -0.1984164 0.1803851 -0.9877532
v -0.1867366 0.1403741 -0.9350222
v -0.1860467 0.1803734 -0.9352809
v -0.1604172 0.1403486 -0.8877446
v -0.1598255 0.1803481 -0.8881691
v -0.1222086 0.1403114 -0.8494426
v -0.1217493 0.1803109 -0.849995
v -0.1222086 0.1403114 -0.8494426
v 0.1714171 0.1400191 -1.095194
v -0.0941352 0.140284 -0.8182769
v -0.09349936 0.1802834 -0.8186394
v -0.07956512 0.1402701 -0.7789473
v -0.07883884 0.1802694 -0.779055
v 0.1851399 0.140008 -0.867647
v -0.07956512 0.1402701 -0.7789473
v 0.09997617 0.1400932 -0.7587197
v 0.1485109 0.1400448 -0.8085228
v -0.08055032 0.1402715 -0.7370107
v -0.07982784 0.1802708 -0.736863
v 0.04183145 0.1401509 -0.720573
v -0.08055032 0.1402715 -0.7370107
v -0.09695988 0.1402881 -0.6984122
v -0.09633888 0.1802875 -0.6980217
v -0.09199345 0.1402834 -0.685833
v -0.09695988 0.1402881 -0.6984122
v -0.02317938 0.1402153 -0.695886
v -0.1166918 0.1403078 -0.6761347
v -0.1260303 0.1803171 -0.6680271
v -0.1647023 0.1803555 -0.6511206
v -0.1264645 0.1403175 -0.668608
v -0.1648904 0.1403556 -0.6517972
v 0.2743033 0.1399182 -1.037028
v 0.2728945 -0.005080452 -1.037027
v 0.2404773 -0.005048485 -1.036903
v 0.239305 0.1399527 -1.0369
v 0.2736148 -0.005079079 -0.8433614
v 0.2728945 -0.005080452 -1.037027
v 0.2081277 0.1399846 -0.9332738
v 0.2249899 0.1399674 -0.9894597
v 0.2404773 -0.005048485 -1.036903
v 0.2092172 -0.005016518 -0.9329872
v 0.1851399 0.140008 -0.867647
v 0.1861396 -0.004993057 -0.8670989
v 0.1485109 0.1400448 -0.8085228
v 0.1493696 -0.004956131 -0.8077443
v 0.09997617 0.1400932 -0.7587197
v 0.1006429 -0.004907532 -0.7577422
v 0.04183145 0.1401509 -0.720573
v 0.04226533 -0.00484951 -0.7194449
v -0.02317938 0.1402153 -0.695886
v -0.02300519 -0.004784889 -0.6946588
v -0.09199345 0.1402834 -0.685833
v -0.09209232 -0.004716606 -0.6845619
v 0.2390189 -0.1500471 -1.036897
v 0.2740172 -0.1500817 -1.037025
v 0.2246579 -0.1500325 -0.9892855
v 0.2078417 -0.1500153 -0.9332704
v 0.2390189 -0.1500471 -1.036897
v 0.2740172 -0.1500817 -1.037025
v 0.2500032 -0.1500568 -0.9276702
v 0.2246579 -0.1500325 -0.9892855
v 0.2736138 -0.005079041 -0.8418264
v 0.2747416 -0.1500803 -0.8418331
v 0.2740172 -0.1500817 -1.037025
v 0.2728945 -0.005080452 -1.037027
v 0.2740172 -0.1500817 -1.037025
v 0.2747416 -0.1500803 -0.8418331
v 0.2733467 -0.1500789 -0.8447844
v 0.2500032 -0.1500568 -0.9276702
v 0.2726216 -0.1900782 -0.8446407
v 0.2754857 -0.1500809 -0.8343096
v 0.1849672 -0.149992 -0.8678676
v 0.1485472 -0.1499554 -0.8089321
v 0.1002928 -0.1499073 -0.7592037
v 0.1712154 -0.1499809 -1.095022
v 0.1401836 -0.1499507 -1.13952
v -0.1597875 -0.1496521 -0.8865367
v -0.121162 -0.1496898 -0.8484368
v -0.09296109 -0.1497173 -0.8175563
v 0.2160702 -0.1500241 -1.00681
v 0.2078417 -0.1500153 -0.9332704
v 0.2246579 -0.1500325 -0.9892855
v -0.0782781 -0.1497313 -0.7783922
v 0.1849672 -0.149992 -0.8678676
v 0.04246509 -0.1498498 -0.7210387
v 0.04318515 -0.004850426 -0.7199138
v 0.1002928 -0.1499073 -0.7592037
v 0.1485472 -0.1499554 -0.8089321
v -0.07922626 -0.14973 -0.7365737
v 0.04246509 -0.1498498 -0.7210387
v -0.02222093 -0.1497858 -0.6962117
v -0.02174696 -0.00478611 -0.6949912
v -0.09073032 -0.1497181 -0.6858904
v -0.0905379 -0.004718132 -0.6846311
v -0.09073032 -0.1497181 -0.6858904
v -0.09567735 -0.1497133 -0.6981177
v -0.1037537 -0.1497052 -0.6831299
v 0.09816452 -0.1499097 -1.173834
v 0.1401836 -0.1499507 -1.13952
v 0.1395949 -0.1899502 -1.139082
v 0.0977683 -0.1899093 -1.173232
v 0.1712154 -0.1499809 -1.095022
v 0.1704629 -0.1899802 -1.094872
v 0.04835838 -0.1498608 -1.19534
v 0.04813996 -0.1898606 -1.194664
v 0.2154021 -0.1900235 -1.006491
v 0.2160702 -0.1500241 -1.00681
v -0.0054238 -0.1498079 -1.20241
v -0.00546058 -0.1898078 -1.201704
v -0.05909988 -0.1497548 -1.194492
v -0.05894089 -0.189755 -1.193819
v -0.1085522 -0.1497058 -1.172187
v -0.1082244 -0.1897061 -1.171599
v 0.2493066 -0.1900561 -0.9274385
v 0.2493066 -0.1900561 -0.9274385
v -0.1500202 -0.1496645 -1.137216
v -0.1495475 -0.189665 -1.13675
v -0.1803465 -0.1496341 -1.09223
v -0.1797609 -0.1896347 -1.09193
v 0.285701 -0.1500902 -0.7595702
v 0.2849698 -0.1900895 -0.7595125
v 0.2861251 -0.1900897 -0.6735048
v 0.286857 -0.1500904 -0.6734687
v -0.1972039 -0.1496169 -1.040672
v -0.1965584 -0.1896176 -1.040545
v -0.1993188 -0.1496142 -0.9864614
v -0.1986614 -0.1896149 -0.986527
v -0.1865173 -0.1496263 -0.9337368
v -0.1859064 -0.1896269 -0.9339949
v -0.1597875 -0.1496521 -0.8865367
v -0.1592744 -0.1896527 -0.8869603
v -0.121162 -0.1496898 -0.8484368
v -0.1207902 -0.1896902 -0.8489937
v -0.09240403 -0.1897179 -0.817918
v -0.09296109 -0.1497173 -0.8175563
v -0.07762538 -0.189732 -0.7785076
v -0.0782781 -0.1497313 -0.7783922
v -0.07858269 -0.1897307 -0.736425
v -0.07922626 -0.14973 -0.7365737
v -0.09513534 -0.1897139 -0.6977266
v -0.09567735 -0.1497133 -0.6981177
v -0.1249054 -0.1896842 -0.6679676
v -0.1151537 -0.1496939 -0.6762584
v -0.163721 -0.1496457 -0.652123
v -0.1252606 -0.1496838 -0.6685492
v -0.1636086 -0.1896458 -0.6514318
v 0.1460159 -0.1499428 0.1252278
v 0.05508696 -0.1498525 0.1824986
v 0.104534 -0.1499015 0.1602025
v 0.1953059 -0.1499931 -0.02553207
v 0.1763285 -0.1499732 0.08024552
v 0.1931909 -0.1499904 0.02867813
v -0.1441964 -0.1496565 0.1275267
v 0.1825045 -0.149981 -0.07825653
v 0.1557746 -0.1499552 -0.1254568
v 0.1212426 -0.1499234 -0.3434355
v 0.1597082 -0.1499616 -0.3598704
v 0.115026 -0.1499175 -0.3570372
v 0.08894814 -0.1498899 -0.194437
v -0.2540161 -0.1495505 -0.08432343
v -0.2200745 -0.1495831 -0.00517746
v -0.05237647 -0.1497465 0.1833553
v -0.1021773 -0.1496976 0.1618411
v 0.1762009 0.1400271 0.08109116
v 0.1457618 0.1400576 0.1258203
v 0.1042648 0.1400989 0.1605513
v 0.001319569 0.1402008 0.1904167
v -0.05230946 0.1402536 0.1832884
v 0.05487099 0.1401479 0.1826457
v 0.116061 0.1400817 -0.3569809
v 0.1614496 0.1400369 -0.3602025
v 0.1230238 0.140075 -0.3433917
v 0.07179083 0.1401252 -0.3675284
v 0.09351905 0.1401044 -0.3135877
v 0.07710439 0.140121 -0.2749805
v -0.2199051 0.1404169 -0.00518158
v -0.2541167 0.1404498 -0.08484421
v 0.09069454 0.1401085 -0.1937228
v 0.2249899 0.1399674 -0.9894597
v 0.239305 0.1399527 -1.0369
v 0.2404773 -0.005048485 -1.036903
v -0.08055032 0.1402715 -0.7370107
v 0.04183145 0.1401509 -0.720573
v -0.02317938 0.1402153 -0.695886
v -0.1051677 0.1402964 -0.6830944
v -0.09695988 0.1402881 -0.6984122
v -0.09199345 0.1402834 -0.685833
v -0.1166918 0.1403078 -0.6761347
v -0.1166918 0.1403078 -0.6761347
v -0.1264645 0.1403175 -0.668608
v -0.1260303 0.1803171 -0.6680271
v 0.2158836 0.1799762 -1.006494
v 0.2249899 0.1399674 -0.9894597
v 0.2164643 0.1399756 -1.006818
v 0.2390189 -0.1500471 -1.036897
v 0.2246579 -0.1500325 -0.9892855
v -0.09567735 -0.1497133 -0.6981177
v -0.1151537 -0.1496939 -0.6762584
v -0.1037537 -0.1497052 -0.6831299
v -0.07922626 -0.14973 -0.7365737
v 0.04246509 -0.1498498 -0.7210387
v -0.02222093 -0.1497858 -0.6962117
v 0.04246509 -0.1498498 -0.7210387
v -0.09073032 -0.1497181 -0.6858904
v 0.2160702 -0.1500241 -1.00681
v 0.2246579 -0.1500325 -0.9892855
v 0.2154021 -0.1900235 -1.006491
v -0.1252606 -0.1496838 -0.6685492
v -0.1151537 -0.1496939 -0.6762584
v -0.1249054 -0.1896842 -0.6679676
v -0.1437242 -0.2974969 0.1270547
v 0.00150545 -0.2976416 -0.01207382
v -0.1019283 -0.2975663 0.1611974
v -0.2196071 -0.2973721 -0.005488281
v -0.1746476 -0.2974459 0.08270539
v -0.2767188 -0.2972793 -0.1673435
v -0.253785 -0.2973163 -0.08507172
v 0.1752469 -0.2980326 0.0807808
v 0.1924665 -0.2980624 0.0285527
v 0.1946843 -0.2980671 -0.02423477
v -0.2902168 -0.2972598 -0.3384875
v -0.2890617 -0.2972602 -0.2524802
v 0.1449155 -0.2979809 0.1253531
v 0.1035721 -0.297911 0.1599669
v 0.05434706 -0.297828 0.1819769
v 0.0009999698 -0.2977384 0.1897206
v -0.05245608 -0.2976489 0.1826161
v -0.1433218 0.2812142 0.1270851
v -0.03290761 0.2812142 0.0134697
v -0.1741949 0.2812142 0.08288376
v -0.2192421 0.2812142 -0.005492401
v 0.1564636 0.2812141 -0.1238315
v 0.1826849 0.2812142 -0.07671951
v 0.1950493 0.2812141 -0.02423874
v 0.1926321 0.2812141 0.02962234
v -0.2891953 0.2812142 -0.2541606
v -0.2901739 0.2812142 -0.3407634
v 0.1756119 0.2812141 0.08077668
v -0.2768711 0.2812142 -0.1684375
v 0.1452805 0.2812141 0.125349
v -0.2534201 0.2812142 -0.08507584
v 0.1039371 0.2812142 0.1599629
v 0.05471212 0.2812142 0.181973
v 0.001365 0.2812142 0.1897167
v -0.05209104 0.2812142 0.1826122
v -0.1015633 0.2812142 0.1611934
v 0.09069454 0.1401085 -0.1937228
v 0.09013748 0.2812142 -0.1933614
v 0.1187679 0.2812142 -0.1625572
v 0.1187679 0.1400811 -0.1625572
v 0.1564636 0.2812141 -0.1238315
v 0.1569851 0.1400438 -0.1242499
v 0.07179083 0.1401252 -0.3675284
v 0.07710439 0.140121 -0.2749805
v -0.2899349 0.1404833 -0.2541078
v -0.2909145 0.1404833 -0.3408049
v 0.07150477 -0.1498747 -0.3675252
v -0.29087 -0.1495169 -0.3385248
v -0.2897139 -0.1495171 -0.2524231
v 0.0564804 -0.3258232 0.1661337
v -0.01944584 -0.3122115 0.1704184
v 0.02971924 -0.3575624 0.09246949
v 0.1295591 -0.3441513 0.1218274
v -0.1280907 -0.3132119 0.1316421
v -0.07994041 -0.3685893 0.04280334
v -0.2011027 -0.3220977 0.08105729
v -0.1695883 -0.3680457 -0.01027451
v -0.2781925 -0.3176273 0.02611679
v -0.253737 -0.3545822 -0.07196869
v -0.3584453 -0.3074946 -0.04598404
v -0.3487008 -0.3235877 -0.1447606
v -0.4067752 -0.2966027 -0.1046147
v -0.4030254 -0.3027262 -0.2014668
v -0.4350265 -0.2802247 -0.1873125
v -0.4458664 -0.269102 -0.2824536
v 0.05697714 -0.3825963 -0.004917297
v 0.1655873 -0.3604557 0.03511444
v -0.05968485 -0.3942193 -0.05037598
v -0.1556237 -0.3866127 -0.1037196
v -0.2432034 -0.3600886 -0.1582712
v -0.3339567 -0.32671 -0.2418683
v -0.3893058 -0.3059335 -0.2911652
v -0.4210696 -0.2770771 -0.3291618
v 0.05692441 -0.3894509 -0.08827668
v 0.1672753 -0.3623308 -0.05332153
v -0.05622312 -0.3993381 -0.1422426
v -0.1448302 -0.391381 -0.1828172
v -0.2348717 -0.3556182 -0.2513663
v -0.3182579 -0.32671 -0.3167688
v -0.3780476 -0.3059335 -0.3572613
v -0.4030802 -0.2797221 -0.3775871
v 0.04215699 -0.3960074 -0.1782817
v 0.1312208 -0.3739426 -0.1425096
v -0.06117788 -0.4023183 -0.222756
v -0.1399938 -0.3872087 -0.2678613
v -0.2293372 -0.3457835 -0.3392103
v -0.3050117 -0.326114 -0.3937678
v -0.3579195 -0.3067692 -0.4478461
v -0.3867542 -0.2801011 -0.4529222
v 0.04069175 -0.4013719 -0.2798532
v 0.1273792 -0.3757308 -0.2345691
v -0.04619535 -0.4044941 -0.3218024
v -0.1257142 -0.3797582 -0.3669087
v -0.2087421 -0.3401211 -0.4218124
v -0.2812566 -0.3255179 -0.4651726
v -0.3336705 -0.3060858 -0.4979478
v -0.3687817 -0.2808623 -0.5151511
v 0.06481668 -0.4022659 -0.3467662
v 0.1311214 -0.3810951 -0.2997295
v -0.01935826 -0.4005302 -0.3920204
v -0.09740752 -0.3800562 -0.4386658
v -0.1825422 -0.3399229 -0.4809181
v -0.2571388 -0.3255179 -0.5201291
v -0.3170136 -0.3038054 -0.5576836
v -0.3544836 -0.281698 -0.56757
v 0.1036601 -0.3989877 -0.4010795
v 0.1706044 -0.3706643 -0.3506196
v 0.04377078 -0.4005302 -0.4471292
v -0.04632406 -0.3940633 -0.4883861
v -0.1423043 -0.3497142 -0.5390839
v -0.2248618 -0.3286762 -0.5701814
v -0.2913278 -0.3178289 -0.5956354
v -0.3433615 -0.2808623 -0.603555
v 0.2044227 -0.3622678 -0.4323819
v 0.2477602 -0.3331832 -0.3823878
v 0.1376188 -0.3995207 -0.4815288
v 0.01642596 -0.4090641 -0.5334987
v -0.09937547 -0.3618348 -0.5812308
v -0.1875225 -0.3290942 -0.6024054
v -0.2565886 -0.3237889 -0.6156531
v -0.3343936 -0.2854483 -0.62756
v 0.3163715 -0.2958087 -0.458477
v 0.3444315 -0.2633871 -0.4116643
v 0.2394755 -0.3557113 -0.5110823
v 0.1204109 -0.4079869 -0.5682997
v 0.00485177 -0.4013719 -0.6072911
v -0.08852762 -0.3620258 -0.6433211
v -0.1588293 -0.335877 -0.6507007
v 0.3559886 -0.26701 -0.5323135
v 0.405884 -0.1814308 -0.4671178
v 0.2841319 -0.3426543 -0.5816284
v 0.178435 -0.4094115 -0.634743
v 0.06715426 -0.4272929 -0.6654619
v -0.02943494 -0.3912321 -0.7014383
v -0.09067424 -0.3596416 -0.7181937
v 0.3697382 -0.2721266 -0.6553418
v 0.4043969 -0.1625197 -0.6109894
v 0.2926194 -0.3610757 -0.6932865
v 0.1883572 -0.4178217 -0.7290785
v 0.08410159 -0.4255641 -0.7434496
v -0.0286278 -0.3838409 -0.7697499
v -0.1172148 -0.3510279 -0.7822972
v 0.3840396 -0.283302 -0.739561
v 0.4137176 -0.1755524 -0.7284462
v 0.2919637 -0.3855136 -0.7731746
v 0.1767496 -0.4330209 -0.8078746
v 0.06408616 -0.4282463 -0.8243447
v -0.06542994 -0.3802646 -0.8272267
v -0.1508931 -0.3382434 -0.8306752
v 0.4055361 -0.3046872 -0.8249724
v 0.4375368 -0.2016964 -0.8149361
v 0.3064327 -0.4069713 -0.8621508
v 0.1945552 -0.4479221 -0.8971962
v 0.09625399 -0.4535784 -0.9115773
v 0.4546741 -0.3234325 -0.9203453
v 0.4823081 -0.2174916 -0.9109328
v 0.3526178 -0.4317401 -0.9621736
v 0.2389755 -0.4669956 -0.9917885
v 0.1410177 -0.4818906 -1.019483
v 0.470228 -0.3410951 -0.9770397
v 0.5031293 -0.2186606 -0.9601708
v 0.372719 -0.4382637 -1.013197
v 0.2577344 -0.4875592 -1.037977
v 0.1602516 -0.486063 -1.066778
v -0.2265351 -0.1511531 -0.9527822
v -0.2265351 -0.2769993 -0.9527822
v -0.2045001 -0.2781179 -0.895587
v -0.2197876 -0.1513657 -0.9041774
v -0.2351682 -0.1511531 -1.010549
v -0.2351682 -0.2769993 -1.010549
v -0.2285562 -0.1511531 -1.068581
v -0.2285562 -0.2769993 -1.068581
v -0.2071497 -0.1511531 -1.122925
v -0.2071497 -0.2769993 -1.122925
v -0.1724073 -0.1511531 -1.169876
v -0.1724073 -0.2769993 -1.169876
v -0.1261623 -0.1511531 -1.206613
v -0.1261623 -0.2769993 -1.206613
v -0.07306692 -0.1511531 -1.229553
v -0.07306692 -0.2769993 -1.229553
v -0.01489481 -0.1511531 -1.238306
v -0.01489481 -0.2769993 -1.238306
v 0.04288167 -0.1511531 -1.231653
v 0.04288167 -0.2769993 -1.231653
v 0.09782948 -0.1511531 -1.210201
v 0.09782948 -0.2769993 -1.210201
v 0.144272 -0.1511531 -1.175364
v 0.144272 -0.2769993 -1.175364
v 0.1811939 -0.1511531 -1.129981
v 0.1811939 -0.2769993 -1.129981
v 0.2042352 -0.1511531 -1.076601
v 0.2064487 -0.2767235 -1.077928
v -0.2152368 -0.3159928 -0.9560372
v -0.1924527 -0.3159928 -0.9058162
v -0.2234175 -0.3159928 -1.010777
v -0.2171521 -0.3159928 -1.065768
v -0.1968672 -0.3159928 -1.117264
v -0.1639453 -0.3159928 -1.161755
v -0.1201235 -0.3159928 -1.196568
v -0.06981033 -0.3159928 -1.218305
v -0.01468642 -0.3159928 -1.2266
v 0.04006256 -0.3159928 -1.220296
v 0.09213116 -0.3159928 -1.199967
v 0.1361401 -0.3159928 -1.166956
v 0.1711273 -0.3159928 -1.12395
v 0.1942838 -0.3138913 -1.08277
v -0.1957857 -0.3459928 -0.9616408
v -0.1751706 -0.3459928 -0.9162007
v -0.2031876 -0.3459928 -1.011169
v -0.1975186 -0.3459928 -1.060925
v -0.1791649 -0.3459928 -1.107519
v -0.1493771 -0.3459928 -1.147775
v -0.1097272 -0.3459928 -1.179273
v -0.0642038 -0.3459928 -1.198941
v -0.01432767 -0.3459928 -1.206446
v 0.03520924 -0.3459928 -1.200742
v 0.08232088 -0.3459928 -1.182349
v 0.1221402 -0.3459928 -1.15248
v 0.1537966 -0.3459928 -1.113569
v 0.1734329 -0.3459362 -1.088614
v -0.1455176 -0.3482338 -0.8772985
v -0.1670269 -0.3270024 -0.8624102
v -0.1588121 -0.3759928 -0.9722924
v -0.1423201 -0.3759928 -0.9359404
v -0.1647337 -0.3759928 -1.011915
v -0.1601985 -0.3759928 -1.05172
v -0.1455155 -0.3759928 -1.088995
v -0.1216853 -0.3759928 -1.1212
v -0.08996535 -0.3759928 -1.146398
v -0.05354666 -0.3759928 -1.162132
v -0.01364576 -0.3759928 -1.168136
v 0.02598375 -0.3759928 -1.163573
v 0.06367309 -0.3759928 -1.148859
v 0.09599837 -0.3765037 -1.125102
v 0.1291304 -0.3730103 -1.106468
v -0.1175513 -0.3759928 -0.9049501
v -0.08513958 -0.3759928 -0.8809166
v -0.1107999 -0.3571118 -0.8454308
v -0.1354364 -0.3799997 -0.9786858
v -0.1214312 -0.3799997 -0.9484929
v -0.140728 -0.3797017 -1.012735
v -0.1366952 -0.3797017 -1.046183
v -0.1245533 -0.3797017 -1.077609
v -0.1038957 -0.3797017 -1.105188
v -0.07695076 -0.3797017 -1.126894
v -0.04614913 -0.3797017 -1.139886
v -0.01291034 -0.3802977 -1.14538
v 0.02053713 -0.3826819 -1.141347
v 0.05504754 -0.3967341 -1.131467
v -0.07356543 -0.3823839 -0.9021056
v -0.05866526 -0.3906872 -0.8971208
v -0.06861393 -0.3821371 -0.8718877
v -0.1005365 -0.3802977 -0.9217504
v -0.1097674 -0.3858015 -0.9847911
v -0.09889916 -0.3858015 -0.9584236
v -0.1135991 -0.3858015 -1.011064
v -0.1109802 -0.3858016 -1.036559
v -0.1007388 -0.3858016 -1.062644
v -0.0844352 -0.3858016 -1.084727
v -0.06363201 -0.3858016 -1.101538
v -0.03813308 -0.3863976 -1.112197
v -0.01214064 -0.3893778 -1.116508
v 0.01404157 -0.3899739 -1.128242
v -0.08158536 -0.3863976 -0.9379201
v -0.06348911 -0.3897237 -0.9271825
v -0.4395185 -0.2238201 -0.3353648
v -0.4292008 -0.2270912 -0.3778905
v -0.4204383 -0.2314434 -0.4105713
v -0.4033871 -0.2343448 -0.4715684
v -0.3891419 -0.2386969 -0.5213112
v -0.3743613 -0.2377298 -0.5768974
v -0.3654237 -0.2357753 -0.6091963
v -0.357053 -0.2342341 -0.6315346
v -0.4346875 -0.1780596 -0.3843066
v -0.4238706 -0.1844313 -0.4239953
v -0.4167149 -0.1855898 -0.4514632
v -0.4052151 -0.1884861 -0.4963545
v -0.3947141 -0.1855898 -0.5397037
v -0.381357 -0.1844313 -0.5871168
v -0.373772 -0.1757426 -0.6150746
v -0.3679741 -0.1711059 -0.6337047
v -0.2197876 -0.1513657 -0.9041774
v -0.1852495 -0.1511531 -0.9101445
v -0.2071296 -0.1511531 -0.9583727
v -0.2265351 -0.1511531 -0.9527822
v -0.2149857 -0.1511531 -1.01094
v -0.2351682 -0.1511531 -1.010549
v -0.2089689 -0.1511531 -1.06375
v -0.2285562 -0.1511531 -1.068581
v -0.1894889 -0.1511531 -1.113202
v -0.2071497 -0.1511531 -1.122925
v -0.1578733 -0.1511531 -1.155928
v -0.1724073 -0.1511531 -1.169876
v -0.1157903 -0.1511531 -1.189359
v -0.1261623 -0.1511531 -1.206613
v -0.06747352 -0.1511531 -1.210234
v -0.07306692 -0.1511531 -1.229553
v -0.01453687 -0.1511531 -1.2182
v -0.01489481 -0.1511531 -1.238306
v 0.03803969 -0.1511531 -1.212146
v 0.04288167 -0.1511531 -1.231653
v 0.08804224 -0.1511531 -1.192624
v 0.09782948 -0.1511531 -1.210201
v 0.1303049 -0.1511531 -1.160922
v 0.144272 -0.1511531 -1.175364
v 0.1639038 -0.1511531 -1.119623
v 0.1811939 -0.1511531 -1.129981
v 0.1848714 -0.1511531 -1.071048
v 0.2042352 -0.1511531 -1.076601
v 0.2018867 -0.1511531 -1.054408
v 0.2248735 -0.1511531 -1.066098
v 0.1869668 -0.1511531 -0.9662731
v 0.2065378 -0.1511531 -0.9614638
v 0.1674451 -0.1511531 -0.9162706
v 0.1850854 -0.1511531 -0.906516
v 0.1357437 -0.1511531 -0.8740077
v 0.1502487 -0.1511531 -0.8600734
v 0.0944446 -0.1511531 -0.8404088
v 0.1048651 -0.1511531 -0.8231517
v 0.04538981 -0.1511531 -0.8197179
v 0.05095871 -0.1511531 -0.8004143
v -0.00680883 -0.1511531 -0.8115682
v -0.00640243 -0.1511531 -0.7914586
v -0.06012339 -0.1511531 -0.8178063
v -0.06498981 -0.1511531 -0.7983138
v -0.109388 -0.1511531 -0.837144
v -0.1191267 -0.1511531 -0.8195641
v -0.1523886 -0.1511531 -0.8690294
v -0.1663803 -0.1511531 -0.8546028
v -0.4227383 -0.1013432 -0.4395354
v -0.416804 -0.1062329 -0.463425
v -0.4093858 -0.1137631 -0.4944095
v -0.3995854 -0.1201348 -0.5349486
v -0.3924476 -0.120714 -0.5648088
v -0.3831454 -0.1195555 -0.5947264
v -0.3762522 -0.1137631 -0.618678
v -0.3718651 -0.1043716 -0.6328818
v -0.4159275 -0.04019859 -0.4620126
v -0.408013 -0.03994881 -0.4961316
v -0.4014594 -0.03994881 -0.5248804
v -0.3960196 -0.03994881 -0.54793
v -0.3904629 -0.03801453 -0.5714485
v -0.3825804 -0.03898167 -0.599368
v -0.3733913 -0.03995853 -0.6242967
v -0.3715588 -0.03995853 -0.6304146
v -0.4156027 0.0154092 -0.4571557
v -0.4094838 0.01517841 -0.4865367
v -0.4022903 0.01614555 -0.5166202
v -0.3948014 0.01469482 -0.5491205
v -0.3891278 0.01517838 -0.5731081
v -0.3821805 0.01614555 -0.597276
v -0.3752409 0.01633038 -0.6205739
v -0.3714356 0.01633038 -0.6333723
v -0.4206986 0.08665661 -0.4243985
v -0.4138588 0.08839436 -0.455527
v -0.407019 0.09013211 -0.4866556
v -0.3989002 0.09418683 -0.5204501
v -0.3899496 0.09418683 -0.5588132
v -0.3822156 0.09302834 -0.5861369
v -0.3729952 0.09025124 -0.6115237
v -0.3713608 0.08466774 -0.6263905
v -0.4314226 0.1350306 -0.3859215
v -0.4224731 0.1438951 -0.4240806
v -0.4138868 0.1467915 -0.4597504
v -0.4040158 0.1482397 -0.5005723
v -0.3936797 0.1457399 -0.536461
v -0.3845622 0.1445814 -0.5717975
v -0.37526 0.1434229 -0.6017151
v -0.3677515 0.1389729 -0.6280459
v -0.07963635 -0.3858494 -0.9556963
v -0.06556202 -0.3891277 -0.9538472
v -0.07701482 -0.3861474 -0.9778704
v -0.0630379 -0.3891277 -0.9756307
v -0.07205247 -0.3861474 -1.006102
v -0.05807556 -0.3894257 -1.003862
v -0.06591459 -0.3867435 -1.030719
v -0.05193769 -0.3900217 -1.028479
v -0.06006705 -0.3870415 -1.052504
v -0.04609012 -0.3903198 -1.050264
v -0.04552095 -0.3876375 -1.072535
v -0.03427585 -0.3944921 -1.064336
v -0.03751789 -0.3879356 -1.086311
v -0.0239152 -0.3972387 -1.077993
v -0.0253126 -0.3894257 -1.100285
v -0.01248391 -0.3990281 -1.091946
v 0.0006798696 -0.4004525 -1.104596
v 0.41851 -0.02866386 -0.6209151
v 0.4317589 -0.02722023 -0.4941963
v 0.4245756 -0.0301075 -0.7413311
v 0.4490477 -0.02866386 -0.8259322
v 0.4929744 -0.02866386 -0.9220394
v 0.5089816 -0.02866386 -0.967762
v 0.4182807 0.07233479 -0.6224591
v 0.4355761 0.07482643 -0.481158
v 0.4194304 0.07089115 -0.7441008
v 0.4403726 0.07233475 -0.8280953
v 0.4874802 0.07233475 -0.9234093
v 0.5082524 0.07233475 -0.9685329
v 0.4087979 0.1733883 -0.6263104
v 0.423722 0.174832 -0.4976871
v 0.4043936 0.1719447 -0.7478502
v 0.4192631 0.1733883 -0.8333586
v 0.4689733 0.1733883 -0.9280236
v 0.5001054 0.1733883 -0.9752779
v 0.3741573 0.2744419 -0.6364342
v 0.3751413 0.2758856 -0.5097996
v 0.3748982 0.2729983 -0.755204
v 0.3883219 0.2744419 -0.8410732
v 0.4316703 0.2744419 -0.9373241
v 0.460489 0.2744419 -0.9851555
v 0.2691582 0.3513377 -0.6648439
v 0.2709549 0.3337543 -0.5145131
v 0.2888163 0.3608745 -0.7794918
v 0.3097585 0.367729 -0.8634862
v 0.3399317 0.3742855 -0.9630223
v 0.3630012 0.368027 -1.012584
v 0.3857459 0.2637189 -0.3948923
v 0.4285979 0.1776684 -0.4372182
v 0.282104 0.3261848 -0.3681814
v 0.1720402 0.380842 -0.6421547
v 0.1654778 0.3659408 -0.5425958
v 0.1914891 0.393955 -0.7562877
v 0.2189905 0.4031938 -0.8861174
v 0.2474829 0.4079621 -0.9860726
v 0.2671906 0.4034918 -1.036473
v 0.1647228 0.3575963 -0.4321564
v 0.07255175 0.3966373 -0.6535709
v 0.06798625 0.3826301 -0.5669032
v 0.08284219 0.4037898 -0.755381
v 0.1214989 0.407068 -0.9104247
v 0.1499913 0.4073661 -1.01038
v 0.169699 0.403725 -1.06078
v 0.06765013 0.3733915 -0.4581436
v -0.4401298 0.2201664 -0.3175386
v -0.4276229 0.2216146 -0.3726288
v -0.4158778 0.2264419 -0.4234312
v -0.4032931 0.2274138 -0.4708021
v -0.3872734 0.225676 -0.5288939
v -0.374617 0.2210421 -0.5734967
v -0.3637288 0.2210421 -0.603616
v -0.353012 0.2201746 -0.6288451
v -0.3930646 0.2779184 -0.2700795
v -0.3752092 0.2857325 -0.3306731
v -0.3634778 0.289511 -0.3766879
v -0.3468336 0.2969977 -0.4436828
v -0.3303371 0.2995139 -0.5079413
v -0.320819 0.3011493 -0.5572369
v -0.3147673 0.2957849 -0.5987738
v -0.3194024 0.278846 -0.6361966
v -0.1523886 0.142103 -0.8690294
v -0.165121 0.142103 -0.8559014
v -0.2009394 0.142103 -0.9007167
v -0.1852495 0.142103 -0.9101448
v -0.109388 0.142103 -0.837144
v -0.1182502 0.142103 -0.8211464
v 0.2018867 0.1421049 -1.054408
v 0.1848714 0.142103 -1.071048
v 0.2024925 0.142103 -1.076102
v 0.2230148 0.142103 -1.065888
v 0.1639038 0.142103 -1.119624
v 0.1796378 0.142103 -1.129049
v 0.1303049 0.142103 -1.160922
v 0.143015 0.142103 -1.174065
v 0.08804224 0.142103 -1.192624
v 0.09694868 0.142103 -1.208619
v 0.03803969 0.142103 -1.212146
v 0.04244589 0.142103 -1.229898
v -0.01453687 0.142103 -1.2182
v -0.01486256 0.142103 -1.236497
v -0.06747352 0.142103 -1.210234
v -0.0725635 0.142103 -1.227815
v -0.1157903 0.1421029 -1.189359
v -0.1252288 0.1421029 -1.205061
v -0.1578733 0.142103 -1.155928
v -0.1710993 0.142103 -1.168621
v -0.1894889 0.142103 -1.113202
v -0.2055603 0.142103 -1.12205
v -0.2089689 0.142103 -1.06375
v -0.2267934 0.142103 -1.068146
v -0.2149857 0.142103 -1.01094
v -0.2333518 0.142103 -1.010584
v -0.2071296 0.142103 -0.9583727
v -0.2247886 0.142103 -0.9532854
v 0.2024925 0.142103 -1.076102
v 0.1796378 0.142103 -1.129049
v 0.1796378 0.332103 -1.129049
v 0.208492 0.3325455 -1.083794
v 0.143015 0.142103 -1.174065
v 0.143015 0.332103 -1.174065
v 0.09694868 0.142103 -1.208619
v 0.09694868 0.332103 -1.208619
v 0.04244589 0.142103 -1.229898
v 0.04244589 0.332103 -1.229898
v -0.01486256 0.142103 -1.236497
v -0.01486256 0.332103 -1.236497
v -0.0725635 0.142103 -1.227815
v -0.0725635 0.332103 -1.227815
v -0.1252288 0.1421029 -1.205061
v -0.1252288 0.3321029 -1.205061
v -0.1710993 0.142103 -1.168621
v -0.1710993 0.332103 -1.168621
v -0.2055603 0.142103 -1.12205
v -0.2055603 0.332103 -1.12205
v -0.2267934 0.142103 -1.068146
v -0.2267934 0.332103 -1.068146
v -0.2333518 0.142103 -1.010584
v -0.2333518 0.332103 -1.010584
v -0.2247886 0.142103 -0.9532854
v -0.2247886 0.332103 -0.9532854
v -0.165121 0.332103 -0.8559014
v -0.1558688 0.352103 -0.8654412
v -0.1895381 0.352103 -0.9075676
v -0.2009394 0.332103 -0.9007167
v 0.1598857 0.361525 -1.139385
v 0.2084457 0.3527502 -1.093178
v 0.133779 0.352103 -1.164515
v 0.09047669 0.352103 -1.196996
v 0.03924406 0.352103 -1.216998
v -0.0146259 0.352103 -1.223201
v -0.06886479 0.352103 -1.21504
v -0.1183702 0.3521029 -1.193651
v -0.1614884 0.352103 -1.159398
v -0.1938817 0.352103 -1.115621
v -0.2138409 0.352103 -1.064951
v -0.2200058 0.352103 -1.010843
v -0.2119564 0.352103 -0.9569823
v -0.1407047 0.3693852 -0.8810768
v -0.1708517 0.3693852 -0.9187963
v -0.1158797 0.352458 -0.8302776
v -0.1012554 0.3693852 -0.8518248
v 0.1186415 0.3693852 -1.148862
v 0.1326094 0.3725107 -1.135078
v 0.07986924 0.3693852 -1.177946
v 0.03399632 0.3693852 -1.195855
v -0.01423799 0.3693852 -1.201409
v -0.06280263 0.3693852 -1.194102
v -0.107129 0.3693852 -1.174951
v -0.1457364 0.3693852 -1.144281
v -0.1747409 0.3693852 -1.105083
v -0.192612 0.3693852 -1.059715
v -0.198132 0.3693852 -1.011267
v -0.1909247 0.3693852 -0.9630413
v -0.1243468 0.3741831 -0.8979433
v -0.1506941 0.3741831 -0.9309087
v -0.08986957 0.3741831 -0.8723781
v -0.05998698 0.3716991 -0.8316753
v -0.05037007 0.3741831 -0.8568733
v 0.1023122 0.374183 -1.131978
v 0.110744 0.3764547 -1.120734
v 0.06842671 0.374183 -1.157396
v 0.02833548 0.374183 -1.173048
v -0.01381952 0.374183 -1.177902
v -0.05626326 0.374183 -1.171516
v -0.09500289 0.374183 -1.154778
v -0.1287443 0.374183 -1.127974
v -0.1540932 0.374183 -1.093717
v -0.1697119 0.3741831 -1.054067
v -0.1745361 0.3741831 -1.011725
v -0.1682372 0.3741831 -0.9695772
v -0.08804963 0.3741831 -0.9353691
v -0.1059658 0.3741831 -0.9577855
v -0.06460509 0.3741831 -0.9179848
v -0.02971845 0.3732254 -0.9055254
v 0.0430364 0.374183 -1.111797
v 0.06746154 0.3732254 -1.093835
v 0.01577438 0.374183 -1.12244
v -0.01289104 0.374183 -1.125741
v -0.04175279 0.374183 -1.121398
v -0.06809572 0.374183 -1.110017
v -0.09103991 0.374183 -1.09179
v -0.1082772 0.3741831 -1.068495
v -0.1188978 0.3741831 -1.041533
v -0.1221784 0.3741831 -1.012741
v -0.1178951 0.3741831 -0.9840801
v -0.2965745 0.2968012 -0.1870895
v -0.2971239 0.3016177 -0.254424
v -0.2842851 0.3072801 -0.3266339
v -0.2685406 0.3145878 -0.3943832
v -0.2521161 0.320345 -0.4698204
v -0.2464885 0.3222548 -0.5255521
v -0.2370244 0.3270434 -0.5949893
v -0.2265575 0.3230272 -0.6518868
v -0.2332217 0.3178048 -0.1179857
v -0.2236727 0.318009 -0.2009876
v -0.2156993 0.3233733 -0.2785428
v -0.2014108 0.3293338 -0.3648537
v -0.1883321 0.3364863 -0.442169
v -0.1786508 0.3421488 -0.5100012
v -0.1731377 0.3452567 -0.579819
v -0.1529223 0.3503231 -0.6505394
v -0.134168 0.3500251 -0.7340938
v -0.1809085 0.3333358 -0.6936756
v -0.1674284 0.3327325 -0.7413109
v -0.1263812 0.3419712 -0.8050533
v -0.1628752 0.316199 -0.8105828
v -0.107601 0.3547863 -0.2473747
v -0.08489912 0.3658131 -0.3324605
v -0.06674437 0.3741578 -0.4112417
v -0.05243087 0.3833964 -0.4746167
v -0.03546918 0.3914431 -0.5779042
v -0.048129 0.3977016 -0.6676143
v -0.03048511 0.4000857 -0.7492284
v -0.05317261 0.3769116 -0.8101686
v -0.01375889 0.3609938 -0.2180267
v 0.008943 0.3672523 -0.3031125
v 0.02709774 0.3723186 -0.3818938
v -0.09247717 0.3233734 0.05589035
v -0.01619704 0.3209313 0.09607087
v 0.00425641 0.3420909 0.002063751
v -0.07187085 0.3412548 -0.03504364
v 0.05172627 0.363573 -0.1883273
v 0.07421083 0.3668513 -0.2735193
v 0.09398355 0.3648681 -0.3518284
v -0.1666124 0.3267721 -0.004726563
v -0.1359202 0.3132252 0.08605332
v -0.08459432 0.3008966 0.1475745
v -0.01939653 0.2967001 0.1710074
v 0.07035669 0.3218254 0.1057106
v 0.09110555 0.3379186 0.03446426
v 0.03385109 0.2983322 0.1696094
v -0.1314206 0.344533 -0.1690953
v -0.1485031 0.3373805 -0.121297
v -0.03554508 0.3540698 -0.1344034
v 0.03341392 0.3549059 -0.1029077
v 0.1048079 0.3498395 -0.0707785
v 0.1098208 0.3556203 -0.1236758
v -0.153154 0.3355638 -0.04704498
v 0.1370511 0.3608338 -0.3270558
v 0.2017322 0.3486665 -0.3500838
v 0.2408927 0.3388404 -0.3607368
v 0.06101819 0.3835632 -1.00423
v 0.01801128 0.386712 -0.9061974
v 0.08414709 0.3778848 -1.083109
v 0.01887155 0.3732254 -0.9996804
v -0.01078436 0.3741831 -1.014891
v -0.04144554 0.3750685 -0.8578472
v -0.03675594 0.3741831 -1.029171
v -0.05968569 0.3741831 -1.041778
v -0.08022851 0.3741831 -1.053073
v 0.2248735 -0.1511531 -1.066098
v 0.2212215 -0.2772437 -1.075681
v 0.2944209 -0.1595423 -1.058096
v 0.2982495 -0.2799557 -1.063961
v 0.2230148 0.142103 -1.065888
v 0.312746 0.27969 -1.063799
v 0.2949835 0.1494926 -1.057956
v 0.4621586 -0.1628154 -1.059104
v 0.3939267 -0.2738593 -1.068437
v 0.3840401 0.2354395 -1.059845
v 0.4381226 0.1619669 -1.055882
v 0.2927396 -0.00585125 -1.04913
v 0.4667099 -0.006686173 -1.046297
v 0.2164465 -0.3120208 -1.073682
v 0.1912147 -0.3516555 -1.080663
v 0.1366043 -0.3866845 -1.097965
v 0.09725368 -0.3939319 -1.118219
v 0.3382805 -0.3387229 -1.07899
v 0.2950685 -0.3234165 -1.066728
v 0.295618 -0.3699445 -1.074884
v 0.2241587 -0.4117767 -1.087172
v 0.15492 -0.4382152 -1.097064
v 0.1056432 -0.4394816 -1.113737
v 0.07297389 -0.4375691 -1.116476
v 0.01076761 -0.4443347 -1.058679
v 0.05464324 -0.4521322 -1.100103
v 0.0055735 -0.4230605 -1.088527
v 0.0366617 -0.4186232 -1.121725
v -0.04582011 -0.3992707 -0.9942339
v -0.05406655 -0.388932 -0.9399651
v -0.02493621 -0.4035746 -1.063028
v -0.02863761 -0.4097981 -1.030728
v -0.01636186 -0.4270429 -1.008088
v -0.04457205 -0.4010639 -0.9331658
v -0.2013704 -0.1516909 -0.7093058
v -0.2432178 -0.1587713 -0.6808005
v -0.2474818 0.1396289 -0.6797132
v -0.2050423 0.1404597 -0.7093616
v -0.3319695 0.01734741 -0.6616374
v -0.3300904 -0.04344555 -0.6620291
v -0.3357278 0.1389333 -0.6608541
v -0.3338486 0.07814037 -0.6612458
v -0.3282113 -0.1042385 -0.6624208
v -0.3263322 -0.1650315 -0.6628125
v -0.1877602 -0.321916 -0.7738124
v -0.186585 -0.3275369 -0.7018068
v -0.2002326 -0.2973691 -0.7125275
v -0.1982446 -0.2928228 -0.7742842
v -0.2271314 -0.3145434 -0.6742101
v -0.2512745 -0.2822752 -0.6782732
v -0.2728298 -0.3027346 -0.6659844
v -0.2918145 -0.2753544 -0.6686104
v -0.2160833 -0.2715137 -0.8057375
v -0.2250154 -0.2723861 -0.8434627
v -0.2137948 -0.2916802 -0.8196981
v -0.202963 -0.2409563 -0.7123618
v -0.1992901 -0.2449385 -0.7706084
v -0.1949917 -0.1525256 -0.758441
v -0.2361775 -0.1516909 -0.821155
v -0.2631211 -0.2472137 -0.6754047
v -0.2976506 -0.2413098 -0.6492998
v -0.2394828 -0.1513657 -0.8732283
v -0.1893002 0.2886696 -0.8684404
v -0.186584 0.2910844 -0.8423775
v -0.2409657 0.1403971 -0.84847
v -0.2346443 0.1404597 -0.8199132
v -0.2078166 0.2751464 -0.7954067
v -0.2251519 0.2389234 -0.8305901
v -0.1733832 0.2893739 -0.7451088
v -0.1938351 0.1404597 -0.7581526
v -0.186392 0.2895118 -0.6972397
v -0.2331036 0.2656512 -0.6605922
v -0.3254378 0.2218062 -0.6456302
v -0.2138666 0.1413096 -0.912304
v -0.2068074 0.2587241 -0.9075746
v -0.1453763 -0.3391071 -0.7068909
v -0.1773521 -0.3309371 -0.6616623
v -0.1603004 -0.3365927 -0.7763784
v -0.1975706 -0.3122602 -0.7956099
v -0.1812664 -0.3281327 -0.8116933
v -0.2070415 -0.2769435 -0.8719387
v -0.2288698 -0.1503902 -0.886086
v -0.1982236 -0.3102514 -0.8383638
v -0.3572758 -0.1047512 -0.6518328
v -0.3541418 -0.1678495 -0.6520836
v -0.3586748 -0.04265457 -0.6511493
v -0.3580964 0.01643745 -0.6510053
v -0.3594017 0.08053727 -0.648234
v -0.3562677 0.1386277 -0.6484848
v -0.347061 -0.2389602 -0.6472216
v -0.3250841 -0.2870351 -0.6417421
v -0.2718823 -0.3152758 -0.6516744
v -0.3485149 0.2207556 -0.6413907
v -0.1947007 0.2939154 -0.8079811
v -0.2095426 0.2712826 -0.8242095
v -0.1846684 0.3142492 -0.7493758
v -0.1999855 0.3151034 -0.7023218
v -0.2583601 0.3006724 -0.6685518
v -0.3339274 0.2526299 -0.6475305
v -0.2054037 0.2769589 -0.9073021
v -0.2055055 0.2413383 -0.8675032
v -0.2174314 0.1399141 -0.8898891
v -0.1963251 0.2707996 -0.8587435
v 0.1631989 -0.3509263 -0.3007962
v 0.1469684 -0.3599369 -0.2738881
v 0.2357138 -0.3208909 -0.3477214
v 0.3278267 -0.2538665 -0.3799068
v 0.3956038 -0.1733857 -0.4199168
v 0.4251458 -0.02472546 -0.4438299
v 0.428963 0.07221886 -0.4307916
v 0.3737554 0.248755 -0.3491144
v 0.4219847 0.1699188 -0.3868518
v 0.2643848 0.308548 -0.3276736
v 0.1353888 0.3373616 -0.1168863
v 0.08306622 0.3437982 -0.1805135
v 0.1542946 0.3257575 0.08952561
v 0.1542946 0.3106034 0.08952561
v 0.186092 0.3207958 0.01171219
v 0.18601 0.3377882 0.011409
v 0.1603931 0.3475736 -0.07375259
v 0.1726558 0.3293158 -0.07028046
v 0.1006 0.3117505 0.1391528
v 0.1029821 0.291964 0.1436
v 0.1507038 0.3442005 -0.3012976
v 0.1817385 0.3381953 -0.313617
v 0.09145911 0.3401776 -0.2460011
v 0.2208359 0.3268034 -0.3217517
v 0.23218 -0.2885938 -0.3370094
v 0.1663657 -0.311437 -0.2992291
v 0.3171947 -0.2333382 -0.3670853
v 0.3820875 -0.1586601 -0.4011438
v 0.4094287 -0.02483036 -0.4207902
v 0.4154956 0.06630104 -0.4096443
v 0.3609137 0.2257474 -0.337616
v 0.4038001 0.1552795 -0.3728282
v 0.2550383 0.2904838 -0.3160591
v 0.1515573 0.3136266 -0.2948657
v 0.1793187 0.3106575 -0.3056271
v 0.2174071 0.303377 -0.3128203
v 0.2240381 -0.2729067 -0.3368695
v 0.1649263 -0.299053 -0.3011005
v 0.3068487 -0.2221779 -0.3591583
v 0.3609142 -0.1446139 -0.386987
v 0.3821649 -0.02015888 -0.4003927
v 0.3887186 0.06720245 -0.3875473
v 0.3400058 0.2123374 -0.3312268
v 0.3727809 0.1479673 -0.3545668
v 0.2550384 0.2692399 -0.319072
v 0.1814112 0.295974 -0.3072633
v 0.2137245 0.2860145 -0.3150632
v 0.3586154 0.06439079 -0.3802176
v 0.3521118 -0.02267521 -0.3925345
v 0.3366428 0.1445331 -0.3579587
v 0.2966535 0.0504475 -0.3887742
v 0.3014475 -0.02702015 -0.3980218
v 0.2454605 0.02972332 -0.3937297
v 0.2481701 -0.02802685 -0.3975064
v 0.3347291 -0.1393569 -0.3766156
v 0.3001173 -0.1401051 -0.3793104
v 0.2609657 -0.1424803 -0.3779768
v 0.261836 -0.1993279 -0.358409
v 0.2875014 -0.2154358 -0.3566556
v 0.2940732 0.1308736 -0.3679173
v 0.2512181 0.09642811 -0.3793701
v 0.1781571 0.2586789 -0.3118922
v 0.2080644 0.2640688 -0.3180301
v 0.2039999 0.2427436 -0.3217277
v 0.2472652 0.2464317 -0.3240744
v 0.2295184 0.2137702 -0.3322583
v 0.3164066 0.1926057 -0.3408487
v 0.2528389 0.1567893 -0.35593
v 0.1414033 0.2762918 -0.2930739
v 0.05720095 -0.2980925 0.1666417
v -0.01944584 -0.2986535 0.1704184
v -0.1272758 -0.3000476 0.1348634
v -0.1966958 -0.2985169 0.09041077
v 0.1321777 -0.332905 0.1217422
v 0.1775475 -0.3439179 0.03709412
v 0.1772549 -0.298192 0.03637695
v 0.1349061 -0.2995859 0.123224
v 0.1773618 -0.3459204 -0.04962601
v 0.1803036 -0.3003112 -0.04486069
v 0.1573568 -0.354931 -0.1320009
v 0.1651212 -0.2991695 -0.1174399
v 0.1419934 -0.3559322 -0.2256006
v 0.1428724 -0.2984075 -0.2056723
v 0.1466605 -0.2981256 -0.2680599
v 0.4045019 0.2428952 -1.065945
v 0.455924 0.1624036 -1.058653
v 0.3275311 0.2957554 -1.070086
v 0.3166498 -0.3842156 -1.09952
v 0.2362111 -0.4286693 -1.106062
v 0.4121806 -0.2893107 -1.081845
v 0.3506879 -0.3601914 -1.098405
v 0.4756564 -0.1763821 -1.05834
v 0.4785287 -0.0117947 -1.045031
v 0.1585436 -0.4478912 -1.097476
v 0.4419041 0.2587948 -1.062026
v 0.4865224 0.1679707 -1.050287
v 0.3556382 0.3323191 -1.079542
v 0.2533653 0.374127 -1.092448
v 0.3494944 -0.4189813 -1.102574
v 0.2520669 -0.4577067 -1.117037
v 0.4452675 -0.3287676 -1.056002
v 0.3748789 -0.4054595 -1.093173
v 0.4984244 -0.1940233 -1.03872
v 0.5013907 -0.02088589 -1.032451
v 0.4916852 0.1074212 -1.047157
v 0.1633503 -0.4677983 -1.094927
v 0.506788 0.1710656 -1.005206
v 0.4689067 0.2676545 -1.014651
v 0.3684235 0.357152 -1.040971
v 0.2675641 0.4005236 -1.068095
v 0.265042 -0.4841813 -1.07314
v 0.3737601 -0.4329213 -1.050399
v 0.4678856 -0.3415903 -1.025709
v 0.5086375 -0.2073259 -1.004745
v 0.5112956 -0.02499523 -1.00111
v 0.5119931 0.09033467 -1.003908
v 0.1618009 -0.4769306 -1.080853
v 0.1947386 0.3814353 -1.096934
v 0.1814958 0.403302 -1.082595
v 0.1330754 0.3172472 -0.1174631
v 0.08277705 0.3176495 -0.1805855
v 0.1560547 0.291628 0.09025879
v 0.1850496 0.2936329 0.01088943
v 0.1688965 0.3096038 -0.0712178
v 0.09252126 0.3204655 -0.2465656
v 0.09165374 0.2935123 -0.2467818
v 0.1284515 0.2951214 -0.1198599
v 0.08085298 0.2935123 -0.1827237
v 0.1663913 0.2955237 -0.07225708
v -0.149058 0.3032252 0.09717377
v -0.08662381 0.2951646 0.1505977
v -0.01939653 0.2913503 0.1710074
v 0.03385109 0.2908483 0.1696094
v -0.149058 0.2908761 0.09717377
v -0.08662381 0.2911572 0.1505977
v -0.1943119 0.3107436 0.01629578
v -0.1943119 0.2902957 0.01629578
v 0.07779259 0.342189 -0.2158258
v 0.07788992 0.3192587 -0.2162161
v 0.07750622 0.2935123 -0.217141
v 0.1308817 0.324339 0.09410111
v 0.1595582 0.3375071 0.01790924
v 0.1441106 0.3475224 -0.06923035
v -0.2361708 0.3087135 -0.08184296
v -0.2350934 0.2927925 -0.06366409
v -0.4250912 -0.1018574 -0.4127383
v -0.4185062 -0.04055073 -0.4334845
v -0.4175886 0.0154459 -0.4297731
v -0.4254168 0.08518986 -0.3953351
v -0.4139744 -0.04067398 -0.4142744
v -0.4145286 0.0154343 -0.4122299
v -0.4345392 -0.1476316 -0.3761084
v -0.4247556 -0.1012517 -0.3985766
v -0.2773381 -0.2951384 0.0288443
v -0.3739592 -0.2851294 -0.04682327
v -0.4135337 -0.2681141 -0.09382569
v -0.442616 -0.2470952 -0.168127
v -0.4465406 -0.2310808 -0.2361556
v -0.4441504 -0.2020547 -0.3036414
v -0.3673401 -0.2711168 -0.04620438
v -0.4051325 -0.2541015 -0.09173111
v -0.4241949 -0.2200709 -0.1594078
v -0.4212874 -0.1970502 -0.2154176
v -0.4176224 -0.1758261 -0.2670389
v -0.4274531 -0.1555535 -0.3273939
v -0.2773381 -0.2745808 0.0288443
v -0.3673401 -0.2376111 -0.04620438
v -0.398913 -0.2003958 -0.1497037
v -0.4031402 -0.1842274 -0.2032643
v -0.3808662 -0.2236874 -0.09335709
v -0.3987586 -0.1648795 -0.2525906
v -0.3412741 -0.1565886 -0.1481512
v -0.3504312 -0.1530813 -0.1799818
v -0.3259469 -0.1733217 -0.08767121
v -0.3710082 -0.1525602 -0.2281438
v -0.3211886 -0.206811 -0.04573959
v -0.3929883 -0.1536953 -0.2698181
v -0.2958674 0.2946533 -0.1561542
v -0.2975249 0.2807761 -0.1369281
v -0.3974212 0.2678905 -0.2386696
v -0.3967362 0.2527686 -0.2198877
v -0.442011 0.2066164 -0.2858696
v -0.4347601 0.1970373 -0.2630335
v -0.4379019 0.142951 -0.3173393
v -0.431579 0.1404731 -0.2931563
v -0.4048927 0.1402757 -0.2605811
v -0.4058344 0.1820078 -0.2340779
v -0.3490949 0.1414517 -0.2279152
v -0.3436576 0.1753318 -0.1982131
v -0.3181352 0.1426719 -0.2066586
v -0.2928027 0.16944 -0.1580211
v -0.2791937 0.2066584 -0.1200987
v -0.3484075 0.2173495 -0.1723407
v -0.3869549 0.2330278 -0.2006578
v -0.2744487 0.2578411 -0.105663
v -0.3230578 0.2540439 -0.1481952
v 0.1772549 -0.298192 0.03637695
v 0.1610819 -0.2974187 0.03489365
v 0.1236942 -0.297623 0.1131758
v 0.1349061 -0.2995859 0.123224
v 0.1803036 -0.3003112 -0.04486069
v 0.160315 -0.2974901 -0.05016693
v 0.1651212 -0.2991695 -0.1174399
v 0.1467913 -0.2975255 -0.1153737
v 0.1428724 -0.2984075 -0.2056723
v 0.1259516 -0.2977202 -0.1950105
v 0.2171181 -0.2729068 -0.3632056
v 0.1480766 -0.2974485 -0.3125214
v 0.05720095 -0.2980925 0.1666417
v 0.05272218 -0.2974521 0.1521751
v -0.01558965 -0.2974698 0.1556465
v -0.01944584 -0.2986535 0.1704184
v -0.1249833 -0.2944993 0.1109637
v -0.1272758 -0.3000476 0.1348634
v -0.1899076 -0.2950227 0.07287567
v -0.1966958 -0.2985169 0.09041077
v 0.1231189 -0.2977443 -0.2530446
v -0.2632981 -0.2752758 0.01659637
v -0.2773381 -0.2745808 0.0288443
v -0.3412741 -0.1565886 -0.1481512
v -0.3165259 -0.1645623 -0.1426979
v -0.325823 -0.1622297 -0.172397
v -0.3504312 -0.1530813 -0.1799818
v -0.3259469 -0.1733217 -0.08767121
v -0.3145626 -0.1867362 -0.09450913
v -0.3302049 -0.1529876 -0.2116621
v -0.3710082 -0.1525602 -0.2281438
v -0.3211886 -0.206811 -0.04573959
v -0.3113868 -0.2176629 -0.05415955
v -0.3256573 -0.152917 -0.2366596
v -0.3929883 -0.1536953 -0.2698181
v -0.3053687 -0.1530787 -0.2986592
v -0.4274531 -0.1555535 -0.3273939
v -0.4379019 0.142951 -0.3173393
v -0.4269617 0.1391999 -0.3705698
v -0.4172563 0.1393209 -0.3517773
v -0.431579 0.1404731 -0.2931563
v -0.3892286 0.140069 -0.3222293
v -0.4048927 0.1402757 -0.2605811
v -0.3330803 0.141258 -0.2897641
v -0.3490949 0.1414517 -0.2279152
v -0.295839 0.1417358 -0.2579221
v -0.3181352 0.1426719 -0.2066586
v -0.3652546 0.1396249 -0.444348
v -0.3261027 0.1404534 -0.4345438
v -0.2999974 0.1410661 -0.5185914
v -0.3933954 0.1391392 -0.4512587
v -0.407585 -0.04067398 -0.4126813
v -0.4081391 0.0154343 -0.4106367
v -0.4190274 0.08518986 -0.3937421
v -0.4250332 0.1350306 -0.3843283
v -0.4314226 0.1350306 -0.3859215
v -0.4281498 -0.1476316 -0.3745154
v -0.4183662 -0.1012517 -0.3969836
v 0.2454605 0.02972332 -0.3937297
v 0.2385405 0.02972332 -0.4200658
v 0.24125 -0.02802685 -0.4238425
v 0.2481701 -0.02802685 -0.3975064
v 0.2540457 -0.1424803 -0.4043129
v 0.2609657 -0.1424803 -0.3779768
v 0.254916 -0.1993279 -0.3847449
v 0.261836 -0.1993279 -0.358409
v 0.2512181 0.09642811 -0.3793701
v 0.2442981 0.09642811 -0.4057062
v 0.1781571 0.2586789 -0.3118922
v 0.171237 0.2586789 -0.3382283
v 0.1970799 0.2427436 -0.3480638
v 0.2039999 0.2427436 -0.3217277
v 0.2225984 0.2137702 -0.3585943
v 0.2295184 0.2137702 -0.3322583
v 0.2459189 0.1567893 -0.3822659
v 0.2528389 0.1567893 -0.35593
v 0.1414033 0.2762918 -0.2930739
v 0.1344833 0.2762918 -0.3194099
v 0.1560547 0.291628 0.09025879
v 0.1426954 0.2915338 0.08209733
v 0.1682098 0.2915896 0.00671463
v 0.1850496 0.2936329 0.01088943
v 0.1029821 0.291964 0.1436
v 0.09258285 0.291521 0.1310348
v 0.09165374 0.2935123 -0.2467818
v 0.07318097 0.291566 -0.248437
v 0.1284515 0.2951214 -0.1198599
v 0.1064943 0.2911623 -0.1142281
v 0.0621186 0.2919097 -0.1800319
v 0.08085298 0.2935123 -0.1827237
v 0.1663913 0.2955237 -0.07225708
v 0.1549567 0.2911216 -0.05809784
v -0.01939653 0.2913503 0.1710074
v -0.0057544 0.2915916 0.133264
v 0.06201294 0.2916439 0.1414198
v 0.03385109 0.2908483 0.1696094
v -0.149058 0.2908761 0.09717377
v -0.1368723 0.2914316 0.08208588
v -0.08106057 0.2915851 0.117019
v -0.08662381 0.2911572 0.1505977
v -0.1943119 0.2902957 0.01629578
v -0.1790103 0.2914117 0.005560608
v 0.07750622 0.2935123 -0.217141
v 0.06003016 0.2916032 -0.2216643
v -0.2350934 0.2927925 -0.06366409
v -0.2189105 0.2914877 -0.08057862
v -0.2791937 0.2066584 -0.1200987
v -0.2711347 0.2120445 -0.1323376
v -0.2658642 0.2629148 -0.1174164
v -0.2744487 0.2578411 -0.105663
v -0.3181352 0.1426719 -0.2066586
v -0.3086322 0.1499965 -0.217748
v -0.2826596 0.175763 -0.1678665
v -0.2928027 0.16944 -0.1580211
v -0.2050423 0.1404597 -0.7093616
v -0.1405359 0.1404597 -0.7389763
v -0.1368641 -0.1516909 -0.7389205
v -0.2013704 -0.1516909 -0.7093058
v -0.08779473 0.1404597 -0.7729524
v -0.08412286 -0.1516909 -0.7728969
v -0.01062089 0.1404597 -0.7884606
v -0.00640243 -0.1511531 -0.7914586
v -0.2013704 -0.1516909 -0.7093058
v -0.1368641 -0.1516909 -0.7389205
v -0.1949917 -0.1525256 -0.758441
v -0.08412286 -0.1516909 -0.7728969
v -0.2361775 -0.1516909 -0.821155
v -0.2288698 -0.1503902 -0.886086
v -0.2394828 -0.1513657 -0.8732283
v -0.05902447 0.142103 -0.8170497
v -0.06295141 0.142103 -0.7991878
v -0.00680879 0.1421049 -0.8115682
v -0.00618987 0.142103 -0.7929485
v -0.08779473 0.1404597 -0.7729524
v -0.01062089 0.1404597 -0.7884606
v -0.1405359 0.1404597 -0.7389763
v -0.2050423 0.1404597 -0.7093616
v -0.1938351 0.1404597 -0.7581526
v -0.2138666 0.1413096 -0.912304
v -0.2174314 0.1399141 -0.8898891
v -0.2346443 0.1404597 -0.8199132
v -0.2409657 0.1403971 -0.84847
v 0.07150477 -0.1498747 -0.3675252
v 0.07179083 0.1401252 -0.3675284
v -0.2909145 0.1404833 -0.3408049
v -0.29087 -0.1495169 -0.3385248
v 0.115026 -0.1499175 -0.3570372
v 0.116061 0.1400817 -0.3569809
v 0.1597082 -0.1499616 -0.3598704
v 0.1614496 0.1400369 -0.3602025
v 0.1236942 -0.297623 0.1131758
v 0.1610819 -0.2974187 0.03489365
v -0.01558965 -0.2974698 0.1556465
v 0.05272218 -0.2974521 0.1521751
v 0.160315 -0.2974901 -0.05016693
v -0.1249833 -0.2944993 0.1109637
v 0.1467913 -0.2975255 -0.1153737
v -0.1899076 -0.2950227 0.07287567
v 0.1259516 -0.2977202 -0.1950105
v -0.2632981 -0.2752758 0.01659637
v 0.1231189 -0.2977443 -0.2530446
v -0.3113868 -0.2176629 -0.05415955
v 0.1480766 -0.2974485 -0.3125214
v -0.3302049 -0.1529876 -0.2116621
v -0.325823 -0.1622297 -0.172397
v -0.3165259 -0.1645623 -0.1426979
v -0.3145626 -0.1867362 -0.09450913
v 0.1682098 0.2915896 0.00671463
v 0.1426954 0.2915338 0.08209733
v 0.09258285 0.291521 0.1310348
v 0.1549567 0.2911216 -0.05809784
v -0.1368723 0.2914316 0.08208588
v -0.1790103 0.2914117 0.005560608
v 0.06201294 0.2916439 0.1414198
v -0.0057544 0.2915916 0.133264
v -0.08106057 0.2915851 0.117019
v 0.1064943 0.2911623 -0.1142281
v -0.2189105 0.2914877 -0.08057862
v 0.0621186 0.2919097 -0.1800319
v -0.4250332 0.1350306 -0.3843283
v -0.4269617 0.1391999 -0.3705698
v -0.4379019 0.142951 -0.3173393
v -0.4314226 0.1350306 -0.3859215
v -0.3181352 0.1426719 -0.2066586
v -0.295839 0.1417358 -0.2579221
v -0.3086322 0.1499965 -0.217748
v -0.4345392 -0.1476316 -0.3761084
v -0.4274531 -0.1555535 -0.3273939
v -0.4281498 -0.1476316 -0.3745154
v -0.3053687 -0.1530787 -0.2986592
v -0.2966197 -0.15307 -0.3509106
v -0.2866197 -0.15307 -0.4209106
v -0.4181498 -0.1476316 -0.4445154
v -0.2866197 -0.15307 -0.4209106
v -0.2866197 0.1469299 -0.4209106
v -0.4024379 0.1523684 -0.4445154
v -0.4181498 -0.1476316 -0.4445154
v -0.29087 -0.1495169 -0.3385248
v -0.29087 -0.1495169 -0.4885248
v -0.2902168 -0.2972599 -0.4884875
v -0.2902168 -0.2972598 -0.3384875
v -0.2901739 0.2812142 -0.3407634
v -0.2901739 0.2812142 -0.4907634
v -0.2909144 0.1404833 -0.4908049
v -0.2909145 0.1404833 -0.3408049
v 0.15952 -0.2999614 -0.360547
v 0.15952 -0.2999614 -0.4001713
v 0.1597082 -0.1499616 -0.3994948
v 0.1597082 -0.1499616 -0.3598704
v 0.1614496 0.1400369 -0.3602025
v 0.1614496 0.1400369 -0.3998268
v 0.1613405 0.2812141 -0.4005043
v 0.1613405 0.2812141 -0.36088
v 0.15952 -0.2999614 -0.4001713
v 0.2696599 -0.2999614 -0.4001713
v 0.2998481 -0.1499616 -0.3994948
v 0.1597082 -0.1499616 -0.3994948
v 0.1614496 0.1400369 -0.3998268
v 0.3015895 0.1400368 -0.3998268
v 0.2714804 0.2812141 -0.4005043
v 0.1613405 0.2812141 -0.4005043
v 0.15952 -0.2999614 -0.360547
v 0.2696599 -0.2999614 -0.3803462
v 0.2696599 -0.2999614 -0.4001713
v 0.15952 -0.2999614 -0.4001713
v 0.1208084 -0.2999231 -0.3440164
v 0.1208084 -0.2999231 -0.3035452
v 0.15952 -0.2999614 -0.3098126
v 0.09103826 -0.2998934 -0.3142575
v 0.09103825 -0.2998934 -0.2737862
v 0.07448558 -0.2998767 -0.2755589
v 0.07876196 -0.2998767 -0.2618745
v 0.1564636 0.2812141 -0.1238315
v 0.1187679 0.2812142 -0.1625572
v -0.03290761 0.2812142 0.0134697
v 0.09013748 0.2812142 -0.1933614
v 0.0754717 0.2812141 -0.232937
v -0.2901739 0.2812142 -0.3407634
v 0.1818145 -0.2999804 -0.07799759
v 0.1946843 -0.2980671 -0.02423477
v 0.00150545 -0.2976416 -0.01207382
v 0.1551827 -0.2999547 -0.1250323
v 0.1166932 -0.299917 -0.1629904
v 0.08830704 -0.2998894 -0.194066
v -0.2902168 -0.2972598 -0.3384875
v 0.09816452 -0.1499097 -1.173834
v -0.1865173 -0.1496263 -0.9337368
v -0.1597875 -0.1496521 -0.8865367
v 0.1401836 -0.1499507 -1.13952
v 0.04835838 -0.1498608 -1.19534
v -0.1993188 -0.1496142 -0.9864614
v -0.0054238 -0.1498079 -1.20241
v -0.1972039 -0.1496169 -1.040672
v -0.05909988 -0.1497548 -1.194492
v -0.1803465 -0.1496341 -1.09223
v -0.1085522 -0.1497058 -1.172187
v -0.1500202 -0.1496645 -1.137216
v 0.1404321 0.1400492 -1.139558
v 0.1714171 0.1400191 -1.095194
v -0.1222086 0.1403114 -0.8494426
v -0.1604172 0.1403486 -0.8877446
v 0.09852734 0.1400901 -1.173791
v -0.1867366 0.1403741 -0.9350222
v -0.1991527 0.1403858 -0.9876866
v 0.04887726 0.1401389 -1.195283
v -0.1967235 0.1403828 -1.04174
v -0.00476555 0.1401917 -1.202408
v -0.1796468 0.1403654 -1.093082
v -0.05831695 0.1402446 -1.194637
v -0.1492026 0.1403349 -1.13782
v -0.1077055 0.1402936 -1.172551
vt 0.125818 0.1720282
vt 0.1237807 0.1712667
vt 0.1237511 0.1713167
vt 0.1237104 0.1713584
vt 0.1251609 0.1729793
vt 0.1255471 0.1725438
vt 0.125818 0.1720282
vt 0.1259574 0.1714629
vt 0.1237974 0.171211
vt 0.1236609 0.1713892
vt 0.1246814 0.17331
vt 0.1251609 0.1729793
vt 0.1237974 0.171211
vt 0.1259574 0.1714629
vt 0.1259574 0.1708804
vt 0.1236056 0.1714072
vt 0.1241371 0.1735161
vt 0.1246814 0.17331
vt 0.1238004 0.1711532
vt 0.1259574 0.1708804
vt 0.125818 0.1703153
vt 0.1235591 0.1735859
vt 0.1241371 0.1735161
vt 0.1236056 0.1714072
vt 0.125818 0.1703153
vt 0.1255469 0.1697999
vt 0.1237653 0.1710443
vt 0.1234905 0.1714018
vt 0.1229811 0.1735154
vt 0.1235591 0.1735859
vt 0.1255469 0.1697999
vt 0.1251602 0.1693646
vt 0.1237294 0.1709996
vt 0.1234375 0.171379
vt 0.1224371 0.1733085
vt 0.1229811 0.1735154
vt 0.1236839 0.1709651
vt 0.1237294 0.1709996
vt 0.1251602 0.1693646
vt 0.1219584 0.1729772
vt 0.1224371 0.1733085
vt 0.1234375 0.171379
vt 0.1236839 0.1709651
vt 0.1246806 0.169035
vt 0.1241363 0.1688301
vt 0.1233559 0.1712993
vt 0.1215732 0.172541
vt 0.1219584 0.1729772
vt 0.1241363 0.1688301
vt 0.1235591 0.1687617
vt 0.123575 0.1709338
vt 0.1233319 0.1712476
vt 0.121304 0.1720252
vt 0.1215732 0.172541
vt 0.123575 0.1709338
vt 0.1235591 0.1687617
vt 0.1229829 0.1688334
vt 0.1233214 0.1711917
vt 0.1211663 0.1714603
vt 0.121304 0.1720252
vt 0.1229829 0.1688334
vt 0.1224414 0.1690401
vt 0.1234638 0.1709586
vt 0.123325 0.1711349
vt 0.1211681 0.1708789
vt 0.1211663 0.1714603
vt 0.1224414 0.1690401
vt 0.1219651 0.1693692
vt 0.1234157 0.1709911
vt 0.1213089 0.1703154
vt 0.1211681 0.1708789
vt 0.123325 0.1711349
vt 0.1234157 0.1709911
vt 0.1219651 0.1693692
vt 0.1215801 0.1698023
vt 0.1233733 0.1710319
vt 0.1215801 0.1698023
vt 0.1213089 0.1703154
vt 0.128621 0.1696616
vt 0.128867 0.1695347
vt 0.1288551 0.1694364
vt 0.12844 0.1698711
vt 0.128621 0.1696616
vt 0.1286017 0.1692828
vt 0.12835 0.1701327
vt 0.12844 0.1698711
vt 0.1260928 0.1692828
vt 0.12835 0.1701327
vt 0.1259994 0.169845
vt 0.1259801 0.1704145
vt 0.1287273 0.1602134
vt 0.1287164 0.1599369
vt 0.1263456 0.1595758
vt 0.1138548 0.1473701
vt 0.1141311 0.1475993
vt 0.1144596 0.1477443
vt 0.1261961 0.1602135
vt 0.1261633 0.160571
vt 0.1287602 0.160571
vt 0.1160928 0.1467336
vt 0.1135376 0.1467336
vt 0.1154991 0.1475993
vt 0.1154991 0.1475993
vt 0.1135376 0.1467336
vt 0.1138548 0.1473701
vt 0.1261156 0.1687391
vt 0.126116 0.1684623
vt 0.1251233 0.1684605
vt 0.126116 0.1684623
vt 0.1261169 0.1681855
vt 0.1251242 0.1681819
vt 0.1261169 0.1681855
vt 0.1261183 0.1679087
vt 0.1251255 0.1679034
vt 0.1261183 0.1679087
vt 0.1261199 0.1676319
vt 0.1251272 0.1676249
vt 0.1261221 0.1673551
vt 0.1251294 0.1673462
vt 0.1251272 0.1676249
vt 0.1261246 0.1670784
vt 0.1251319 0.1670678
vt 0.1251294 0.1673462
vt 0.126128 0.1667192
vt 0.1251353 0.16671
vt 0.1251319 0.1670678
vt 0.126131 0.1663602
vt 0.1251383 0.1663523
vt 0.1251353 0.16671
vt 0.126131 0.1663602
vt 0.1261336 0.1660012
vt 0.1251537 0.1659865
vt 0.1261358 0.1656421
vt 0.1251558 0.1656368
vt 0.1251537 0.1659865
vt 0.1261376 0.1652831
vt 0.1251577 0.1652729
vt 0.1251558 0.1656368
vt 0.1261159 0.1594769
vt 0.1251382 0.1594852
vt 0.1251428 0.1600543
vt 0.126139 0.1649241
vt 0.1251593 0.1649161
vt 0.1251577 0.1652729
vt 0.1261248 0.1606165
vt 0.1261205 0.1600466
vt 0.1251428 0.1600543
vt 0.1261399 0.164565
vt 0.1251604 0.1645592
vt 0.1251593 0.1649161
vt 0.1261248 0.1606165
vt 0.1251471 0.1606237
vt 0.1251508 0.1611888
vt 0.1261405 0.164206
vt 0.1251612 0.1642024
vt 0.1251604 0.1645592
vt 0.1261286 0.1611863
vt 0.1251508 0.1611888
vt 0.1251542 0.161762
vt 0.1261406 0.163847
vt 0.1251616 0.1638456
vt 0.1251612 0.1642024
vt 0.1261402 0.163488
vt 0.1251615 0.1634887
vt 0.1251616 0.1638456
vt 0.1251542 0.161762
vt 0.125158 0.162417
vt 0.1261361 0.162411
vt 0.1261394 0.163129
vt 0.1251608 0.1631319
vt 0.1251615 0.1634887
vt 0.126138 0.1627699
vt 0.1261361 0.162411
vt 0.125158 0.162417
vt 0.1261394 0.163129
vt 0.126138 0.1627699
vt 0.1251597 0.1627748
vt 0.1268896 0.1492302
vt 0.1268884 0.1495078
vt 0.1278227 0.1495122
vt 0.1268903 0.1489526
vt 0.1268896 0.1492302
vt 0.1278237 0.1492329
vt 0.1268904 0.148675
vt 0.1268903 0.1489526
vt 0.1278241 0.1489534
vt 0.1240218 0.1613124
vt 0.124031 0.1612117
vt 0.1237761 0.1611017
vt 0.1268898 0.1483974
vt 0.1268904 0.148675
vt 0.1278241 0.1486741
vt 0.1268898 0.1483974
vt 0.1278236 0.1483948
vt 0.1278226 0.1481155
vt 0.1250632 0.1580691
vt 0.124129 0.1580806
vt 0.1241331 0.1584374
vt 0.1250675 0.1584271
vt 0.1241331 0.1584374
vt 0.1241368 0.1587942
vt 0.1250744 0.1591433
vt 0.1250712 0.1587852
vt 0.1241368 0.1587942
vt 0.125077 0.1595013
vt 0.1250744 0.1591433
vt 0.12414 0.1591509
vt 0.1238339 0.1518348
vt 0.1232841 0.1505855
vt 0.1235483 0.152484
vt 0.1250677 0.1647437
vt 0.1241364 0.1647382
vt 0.1241328 0.1653113
vt 0.1212415 0.1481908
vt 0.1236171 0.147666
vt 0.1235358 0.1474006
vt 0.1250791 0.1598594
vt 0.125077 0.1595013
vt 0.1241427 0.1595077
vt 0.1250677 0.1647437
vt 0.125071 0.16417
vt 0.1241396 0.164165
vt 0.1250807 0.1602175
vt 0.1250791 0.1598594
vt 0.1241449 0.1598645
vt 0.125071 0.16417
vt 0.125074 0.1635963
vt 0.1241424 0.163592
vt 0.1211663 0.1470483
vt 0.1211663 0.1476221
vt 0.1235358 0.1474006
vt 0.1250817 0.1605756
vt 0.1250807 0.1602175
vt 0.1241467 0.1602214
vt 0.125074 0.1635963
vt 0.1250766 0.1630225
vt 0.1241449 0.1630188
vt 0.1250766 0.1630225
vt 0.1250795 0.162366
vt 0.1241474 0.1623623
vt 0.1211663 0.1511912
vt 0.1227229 0.1530238
vt 0.1229643 0.1528869
vt 0.1250821 0.1609337
vt 0.1250817 0.1605756
vt 0.1241481 0.1605782
vt 0.1232841 0.1505855
vt 0.1226124 0.1503577
vt 0.1232843 0.152726
vt 0.1238339 0.1518348
vt 0.1238339 0.1514767
vt 0.1235482 0.1508275
vt 0.1250822 0.1612918
vt 0.1250821 0.1609337
vt 0.1241489 0.160935
vt 0.1216338 0.1507302
vt 0.1229643 0.1528869
vt 0.1232843 0.152726
vt 0.1250817 0.1616499
vt 0.1250822 0.1612918
vt 0.1241493 0.1612919
vt 0.1250795 0.162366
vt 0.1250808 0.1620079
vt 0.1241486 0.1620055
vt 0.1250808 0.1620079
vt 0.1250817 0.1616499
vt 0.1241492 0.1616486
vt 0.1226124 0.1503577
vt 0.1222556 0.1503889
vt 0.121921 0.1505164
vt 0.1652886 0.8628551
vt 0.1639124 0.862798
vt 0.1638309 0.8646527
vt 0.1652069 0.8647164
vt 0.1638309 0.8646527
vt 0.1637406 0.866507
vt 0.1653611 0.8609939
vt 0.1639848 0.8609434
vt 0.1639124 0.862798
vt 0.1654245 0.859132
vt 0.164048 0.8590886
vt 0.1639848 0.8609434
vt 0.1654245 0.859132
vt 0.1654787 0.8572702
vt 0.1641023 0.8572334
vt 0.1649419 0.8699884
vt 0.1651163 0.8665774
vt 0.1637406 0.866507
vt 0.1717129 0.8096343
vt 0.1703365 0.8096343
vt 0.1703387 0.8119528
vt 0.165524 0.8554088
vt 0.1641476 0.8553784
vt 0.1641023 0.8572334
vt 0.1672635 0.810724
vt 0.1659407 0.8110762
vt 0.1667075 0.8139421
vt 0.1703387 0.8119528
vt 0.1703365 0.8096343
vt 0.1681473 0.8128211
vt 0.1676461 0.8235258
vt 0.1565207 0.823429
vt 0.168794 0.8257987
vt 0.1655602 0.853547
vt 0.1641838 0.8535235
vt 0.1641476 0.8553784
vt 0.1667075 0.8139421
vt 0.1659407 0.8110762
vt 0.1658797 0.8110526
vt 0.1659407 0.8110762
vt 0.1672635 0.810724
vt 0.166504 0.8078595
vt 0.1655602 0.853547
vt 0.1655872 0.8516854
vt 0.164211 0.8516689
vt 0.1651804 0.8082087
vt 0.166504 0.8078595
vt 0.1657512 0.8049935
vt 0.1655872 0.8516854
vt 0.1656053 0.8498241
vt 0.1642292 0.849814
vt 0.1656053 0.8498241
vt 0.1656143 0.8479631
vt 0.1642385 0.8479597
vt 0.1656143 0.8479631
vt 0.1656143 0.8461024
vt 0.1642386 0.8461059
vt 0.1656143 0.8461024
vt 0.1656054 0.844242
vt 0.16423 0.844252
vt 0.1656054 0.844242
vt 0.1655875 0.8423821
vt 0.1642124 0.8423985
vt 0.1559876 0.8247699
vt 0.1683972 0.8291881
vt 0.168794 0.8257987
vt 0.1655749 0.8409404
vt 0.1641998 0.8409479
vt 0.1642124 0.8423985
vt 0.1655717 0.8394989
vt 0.1641967 0.8394971
vt 0.1641998 0.8409479
vt 0.1565207 0.823429
vt 0.1676461 0.8235258
vt 0.1661201 0.8216835
vt 0.1620708 0.8191875
vt 0.1565206 0.8219861
vt 0.1661201 0.8216835
vt 0.165578 0.8380573
vt 0.1642032 0.8380467
vt 0.1641967 0.8394971
vt 0.1565206 0.8219861
vt 0.1620708 0.8191875
vt 0.1597391 0.8186519
vt 0.1655938 0.8366161
vt 0.1642191 0.8365965
vt 0.1642032 0.8380467
vt 0.168623 0.7959721
vt 0.168232 0.7962243
vt 0.1679171 0.7976324
vt 0.1656107 0.8355936
vt 0.1642429 0.8351464
vt 0.1642191 0.8365965
vt 0.150363 0.8328763
vt 0.1489867 0.8328807
vt 0.1489867 0.8343236
vt 0.1704207 0.8789592
vt 0.1654322 0.8790027
vt 0.1654322 0.880118
vt 0.1658794 0.8177237
vt 0.1658797 0.8110526
vt 0.1608847 0.8110526
vt 0.1494784 0.7940506
vt 0.1544724 0.795761
vt 0.1544641 0.7920284
vt 0.1494756 0.7920318
vt 0.1544641 0.7920284
vt 0.1544584 0.7896289
vt 0.1494726 0.789638
vt 0.1544584 0.7896289
vt 0.1544526 0.7872298
vt 0.1494671 0.7872441
vt 0.1544526 0.7872298
vt 0.1544468 0.784829
vt 0.1494584 0.7848518
vt 0.1544468 0.784829
vt 0.1544334 0.7824271
vt 0.1494451 0.7824595
vt 0.1544334 0.7824271
vt 0.1544155 0.7800253
vt 0.1494048 0.7776748
vt 0.1494272 0.7800672
vt 0.1544155 0.7800253
vt 0.1654322 0.880118
vt 0.1654322 0.8790027
vt 0.1604439 0.8789592
vt 0.1594575 0.7940221
vt 0.1594512 0.7920096
vt 0.1544641 0.7920284
vt 0.1717202 0.8090621
vt 0.1695236 0.8058981
vt 0.1695246 0.8081902
vt 0.1707206 0.8524367
vt 0.165732 0.8524369
vt 0.1657323 0.8591521
vt 0.1672226 0.8464644
vt 0.1671757 0.8466281
vt 0.1669775 0.8491802
vt 0.1671757 0.8466281
vt 0.1672226 0.8464644
vt 0.1672123 0.8461704
vt 0.159444 0.7896256
vt 0.1544584 0.7896289
vt 0.1544641 0.7920284
vt 0.1594398 0.7872407
vt 0.1544526 0.7872298
vt 0.1544584 0.7896289
vt 0.1594379 0.7848549
vt 0.1544468 0.784829
vt 0.1544526 0.7872298
vt 0.1640858 0.7950199
vt 0.1657987 0.795761
vt 0.1700022 0.7829323
vt 0.1681828 0.7825158
vt 0.1667991 0.7821221
vt 0.1611778 0.7932496
vt 0.1611778 0.7932496
vt 0.1667991 0.7821221
vt 0.1600887 0.7909486
vt 0.1667991 0.7821221
vt 0.1656611 0.7812415
vt 0.1595752 0.7886209
vt 0.15944 0.78247
vt 0.1544488 0.782461
vt 0.1544468 0.784829
vt 0.1595752 0.7886209
vt 0.1656611 0.7812415
vt 0.1600881 0.7839094
vt 0.1656611 0.7812415
vt 0.1649326 0.7800005
vt 0.1610903 0.7817467
vt 0.15944 0.78247
vt 0.1594464 0.7800851
vt 0.1544553 0.7800671
vt 0.1594464 0.7800851
vt 0.1594575 0.7777004
vt 0.1544665 0.7776726
vt 0.1494448 0.821712
vt 0.1541781 0.8214793
vt 0.1493655 0.8212652
vt 0.1617258 0.8628574
vt 0.161808 0.8647225
vt 0.163183 0.8646569
vt 0.161808 0.8647225
vt 0.1618991 0.8665872
vt 0.1632738 0.8665102
vt 0.1617258 0.8628574
vt 0.1631013 0.8628004
vt 0.1630284 0.8609416
vt 0.1634484 0.8699179
vt 0.1632738 0.8665102
vt 0.1618991 0.8665872
vt 0.1616527 0.8609919
vt 0.1630284 0.8609416
vt 0.1629646 0.8590825
vt 0.1615339 0.8572603
vt 0.1615887 0.8591264
vt 0.1629646 0.8590825
vt 0.1614882 0.8553945
vt 0.1615339 0.8572603
vt 0.1629098 0.8572233
vt 0.1695246 0.8081902
vt 0.1695236 0.8058981
vt 0.1681473 0.8059
vt 0.165732 0.846501
vt 0.165732 0.8491788
vt 0.1669775 0.8491802
vt 0.1614516 0.8535288
vt 0.1614882 0.8553945
vt 0.1628642 0.855364
vt 0.1614516 0.8535288
vt 0.1628275 0.8535049
vt 0.1628 0.851646
vt 0.1658576 0.8433529
vt 0.165732 0.846501
vt 0.1672123 0.8461704
vt 0.1658576 0.8433529
vt 0.1673218 0.8434096
vt 0.1674401 0.8402579
vt 0.1614241 0.8516629
vt 0.1628 0.851646
vt 0.1627815 0.8497869
vt 0.1613962 0.8479314
vt 0.1614056 0.8497972
vt 0.1627815 0.8497869
vt 0.1613961 0.8460655
vt 0.1613962 0.8479314
vt 0.1627722 0.8479278
vt 0.1613961 0.8460655
vt 0.1627719 0.8460687
vt 0.162781 0.8442098
vt 0.161405 0.8441998
vt 0.162781 0.8442098
vt 0.162799 0.8423505
vt 0.162799 0.8423505
vt 0.1628119 0.8409029
vt 0.1614359 0.8408952
vt 0.1628119 0.8409029
vt 0.1628154 0.839455
vt 0.1614391 0.8394564
vt 0.1628154 0.839455
vt 0.1628091 0.838007
vt 0.161433 0.8380175
vt 0.1627935 0.8365591
vt 0.1614173 0.8365786
vt 0.161433 0.8380175
vt 0.1627935 0.8365591
vt 0.1627699 0.8351112
vt 0.1614007 0.8355715
vt 0.150363 0.8313152
vt 0.1489867 0.8313106
vt 0.1489867 0.8327585
vt 0.1261785 0.1573437
vt 0.1254674 0.1573437
vt 0.1258229 0.1573933
vt 0.1238257 0.1598399
vt 0.1238257 0.1591287
vt 0.1237761 0.1594843
vt 0.125813 0.1496166
vt 0.1283438 0.1499694
vt 0.1284099 0.1496166
vt 0.1247689 0.1577918
vt 0.1250299 0.1576993
vt 0.1247335 0.1576993
vt 0.1205243 0.1471082
vt 0.1182081 0.1465442
vt 0.1181261 0.1471082
vt 0.1254447 0.1573437
vt 0.1247335 0.1573437
vt 0.1250891 0.1573933
vt 0.1237761 0.159106
vt 0.1238254 0.1587514
vt 0.1237761 0.1583966
vt 0.1260225 0.1572717
vt 0.1256678 0.1573211
vt 0.1263772 0.1573211
vt 0.1247335 0.1579075
vt 0.1250347 0.1579075
vt 0.1247732 0.1578145
vt 0.1237761 0.1610791
vt 0.1238992 0.1607145
vt 0.1237761 0.1604656
vt 0.1264453 0.1469993
vt 0.1263881 0.1475702
vt 0.1287811 0.1475702
vt 0.1710082 0.837296
vt 0.1704531 0.8356842
vt 0.165732 0.837296
vt 0.165379 0.8788415
vt 0.1696271 0.8788415
vt 0.1675236 0.877702
vt 0.1498174 0.8244874
vt 0.1502728 0.8248747
vt 0.1502738 0.8244094
vt 0.1502728 0.8248747
vt 0.1498174 0.8244874
vt 0.1493608 0.8244094
vt 0.1539638 0.8190083
vt 0.1540892 0.8194137
vt 0.1554045 0.8190083
vt 0.1505152 0.8222524
vt 0.1489867 0.8222524
vt 0.1492761 0.8228515
vt 0.1657243 0.7685108
vt 0.1651655 0.7701278
vt 0.1704435 0.7701278
vt 0.1494978 0.8291516
vt 0.1494978 0.8281444
vt 0.1493622 0.8285818
vt 0.1612188 0.877629
vt 0.1604439 0.8788415
vt 0.1652614 0.8788415
vt 0.1563333 0.8180995
vt 0.1587029 0.8178415
vt 0.1539638 0.8178415
vt 0.1502236 0.8235727
vt 0.150518 0.8229692
vt 0.1489867 0.8229692
vt 0.1552754 0.8199481
vt 0.1554082 0.8195315
vt 0.1539638 0.8195315
vt 0.1211663 0.1542642
vt 0.1224943 0.1543531
vt 0.1212334 0.1539134
vt 0.1213443 0.1552591
vt 0.1224943 0.1543531
vt 0.1211978 0.1546205
vt 0.1217421 0.1563231
vt 0.1224943 0.1543531
vt 0.121509 0.1558081
vt 0.1229814 0.1531439
vt 0.1224943 0.1543531
vt 0.1232907 0.1533357
vt 0.1232907 0.1533357
vt 0.1224943 0.1543531
vt 0.1235262 0.1535941
vt 0.1224007 0.1572488
vt 0.1224943 0.1543531
vt 0.1220412 0.1568074
vt 0.1220412 0.1568074
vt 0.1224943 0.1543531
vt 0.1217421 0.1563231
vt 0.1211978 0.1546205
vt 0.1224943 0.1543531
vt 0.1211663 0.1542642
vt 0.1226382 0.1530465
vt 0.1224943 0.1543531
vt 0.1229814 0.1531439
vt 0.1222813 0.1530465
vt 0.1224943 0.1543531
vt 0.1226382 0.1530465
vt 0.121509 0.1558081
vt 0.1224943 0.1543531
vt 0.1213443 0.1552591
vt 0.1219381 0.153144
vt 0.1224943 0.1543531
vt 0.1222813 0.1530465
vt 0.1216344 0.1533313
vt 0.1224943 0.1543531
vt 0.1219381 0.153144
vt 0.1213934 0.1535945
vt 0.1224943 0.1543531
vt 0.1216344 0.1533313
vt 0.1212334 0.1539134
vt 0.1224943 0.1543531
vt 0.1213934 0.1535945
vt 0.1237535 0.1584887
vt 0.1227105 0.1585961
vt 0.1237223 0.1588442
vt 0.1237223 0.1588442
vt 0.1227105 0.1585961
vt 0.1235755 0.159484
vt 0.1211663 0.1584884
vt 0.1227105 0.1585961
vt 0.1212334 0.1581379
vt 0.1212334 0.1581379
vt 0.1227105 0.1585961
vt 0.1213936 0.157819
vt 0.1213936 0.157819
vt 0.1227105 0.1585961
vt 0.1216347 0.157556
vt 0.122874 0.161043
vt 0.1227105 0.1585961
vt 0.122511 0.1614866
vt 0.1216347 0.157556
vt 0.1227105 0.1585961
vt 0.1219384 0.1573688
vt 0.1231756 0.1605557
vt 0.1227105 0.1585961
vt 0.122874 0.161043
vt 0.1219384 0.1573688
vt 0.1227105 0.1585961
vt 0.1222816 0.1572715
vt 0.1234108 0.160033
vt 0.1227105 0.1585961
vt 0.1231756 0.1605557
vt 0.1222816 0.1572715
vt 0.1227105 0.1585961
vt 0.1226385 0.1572715
vt 0.1235755 0.159484
vt 0.1227105 0.1585961
vt 0.1234108 0.160033
vt 0.1226385 0.1572715
vt 0.1227105 0.1585961
vt 0.1229817 0.1573689
vt 0.1229817 0.1573689
vt 0.1227105 0.1585961
vt 0.1232854 0.1575563
vt 0.1232854 0.1575563
vt 0.1227105 0.1585961
vt 0.1235264 0.1578194
vt 0.1235264 0.1578194
vt 0.1227105 0.1585961
vt 0.1236864 0.1581383
vt 0.1236864 0.1581383
vt 0.1227105 0.1585961
vt 0.1237535 0.1584887
vt 0.123777 0.1579075
vt 0.1247109 0.1579075
vt 0.1247106 0.1576291
vt 0.1247104 0.1572715
vt 0.1237761 0.1572717
vt 0.1237766 0.1576298
vt 0.1205591 0.1471308
vt 0.1181261 0.1471308
vt 0.1181522 0.1477041
vt 0.1263655 0.1475702
vt 0.1240223 0.147025
vt 0.1238566 0.1475702
vt 0.1291953 0.8678719
vt 0.1325598 0.8642566
vt 0.1260452 0.8636407
vt 0.1325598 0.8642566
vt 0.1343627 0.8566343
vt 0.1269656 0.856398
vt 0.1333701 0.8507028
vt 0.1267659 0.850273
vt 0.1269656 0.856398
vt 0.131843 0.8451012
vt 0.1258175 0.8446222
vt 0.1267659 0.850273
vt 0.1291775 0.8398495
vt 0.1246207 0.8386951
vt 0.1258175 0.8446222
vt 0.1273795 0.8367891
vt 0.1234647 0.8352082
vt 0.1246207 0.8386951
vt 0.1248111 0.8339106
vt 0.1213605 0.8314691
vt 0.1234647 0.8352082
vt 0.1260452 0.8636407
vt 0.1200397 0.8618019
vt 0.1189177 0.8686348
vt 0.1269656 0.856398
vt 0.1214352 0.8545644
vt 0.1200397 0.8618019
vt 0.1267659 0.850273
vt 0.1217475 0.8485306
vt 0.1214352 0.8545644
vt 0.1258175 0.8446222
vt 0.121699 0.8431207
vt 0.1217475 0.8485306
vt 0.1246207 0.8386951
vt 0.1204119 0.8372923
vt 0.121699 0.8431207
vt 0.1234647 0.8352082
vt 0.1196891 0.8339499
vt 0.1204119 0.8372923
vt 0.1213605 0.8314691
vt 0.1189823 0.8314776
vt 0.1196891 0.8339499
vt 0.1200397 0.8618019
vt 0.115728 0.8590904
vt 0.113978 0.8663955
vt 0.1214352 0.8545644
vt 0.1170301 0.8518785
vt 0.115728 0.8590904
vt 0.1217475 0.8485306
vt 0.1179993 0.8468268
vt 0.1170301 0.8518785
vt 0.121699 0.8431207
vt 0.1177549 0.8411456
vt 0.1179993 0.8468268
vt 0.1204119 0.8372923
vt 0.1172137 0.8362978
vt 0.1177549 0.8411456
vt 0.1196891 0.8339499
vt 0.1169084 0.8330666
vt 0.1172137 0.8362978
vt 0.1189823 0.8314776
vt 0.1166584 0.8312828
vt 0.1169084 0.8330666
vt 0.115728 0.8590904
vt 0.1118746 0.8550761
vt 0.1099571 0.8612263
vt 0.1170301 0.8518785
vt 0.1137879 0.8490407
vt 0.1118746 0.8550761
vt 0.1179993 0.8468268
vt 0.1145527 0.8445645
vt 0.1137879 0.8490407
vt 0.1177549 0.8411456
vt 0.1144186 0.8391484
vt 0.1145527 0.8445645
vt 0.1172137 0.8362978
vt 0.1141511 0.8352315
vt 0.1144186 0.8391484
vt 0.1169084 0.8330666
vt 0.113193 0.8323199
vt 0.1141511 0.8352315
vt 0.1166584 0.8312828
vt 0.1134538 0.8308086
vt 0.113193 0.8323199
vt 0.1118746 0.8550761
vt 0.1077942 0.8508299
vt 0.1050873 0.8567901
vt 0.1137879 0.8490407
vt 0.1097314 0.8462679
vt 0.1077942 0.8508299
vt 0.1145527 0.8445645
vt 0.1107939 0.8421855
vt 0.1097314 0.8462679
vt 0.1144186 0.8391484
vt 0.1112285 0.8379002
vt 0.1107939 0.8421855
vt 0.1141511 0.8352315
vt 0.1113238 0.8346834
vt 0.1112285 0.8379002
vt 0.113193 0.8323199
vt 0.1111335 0.8323518
vt 0.1113238 0.8346834
vt 0.1110419 0.8307019
vt 0.1111335 0.8323518
vt 0.113193 0.8323199
vt 0.1077942 0.8508299
vt 0.1047279 0.8486817
vt 0.1024081 0.8531114
vt 0.1097314 0.8462679
vt 0.1067729 0.8446529
vt 0.1047279 0.8486817
vt 0.1107939 0.8421855
vt 0.107922 0.8410398
vt 0.1067729 0.8446529
vt 0.1112285 0.8379002
vt 0.1089149 0.8373745
vt 0.107922 0.8410398
vt 0.1113238 0.8346834
vt 0.1092337 0.8344428
vt 0.1089149 0.8373745
vt 0.1111335 0.8323518
vt 0.1090753 0.8320303
vt 0.1092337 0.8344428
vt 0.1110419 0.8307019
vt 0.1092275 0.8306285
vt 0.1090753 0.8320303
vt 0.1018827 0.8471491
vt 0.09906017 0.8508152
vt 0.1024081 0.8531114
vt 0.1033527 0.844238
vt 0.1018827 0.8471491
vt 0.1047279 0.8486817
vt 0.1052566 0.8410421
vt 0.1033527 0.844238
vt 0.1067729 0.8446529
vt 0.106513 0.8372748
vt 0.1052566 0.8410421
vt 0.107922 0.8410398
vt 0.1073096 0.8344916
vt 0.106513 0.8372748
vt 0.1089149 0.8373745
vt 0.1076627 0.8323606
vt 0.1073096 0.8344916
vt 0.1092337 0.8344428
vt 0.1081084 0.8305759
vt 0.1076627 0.8323606
vt 0.1090753 0.8320303
vt 0.09695655 0.8469025
vt 0.09447264 0.8490235
vt 0.09906017 0.8508152
vt 0.09957635 0.8444042
vt 0.09695655 0.8469025
vt 0.1018827 0.8471491
vt 0.1026511 0.8410978
vt 0.09957635 0.8444042
vt 0.1033527 0.844238
vt 0.1046052 0.8374712
vt 0.1026511 0.8410978
vt 0.1052566 0.8410421
vt 0.1058389 0.8348545
vt 0.1046052 0.8374712
vt 0.106513 0.8372748
vt 0.1066756 0.8329471
vt 0.1058389 0.8348545
vt 0.1073096 0.8344916
vt 0.1073866 0.8306592
vt 0.1066756 0.8329471
vt 0.1076627 0.8323606
vt 0.09213435 0.8450901
vt 0.09014916 0.8461325
vt 0.09447264 0.8490235
vt 0.09565383 0.843872
vt 0.09213435 0.8450901
vt 0.09695655 0.8469025
vt 0.09933608 0.8415048
vt 0.09565383 0.843872
vt 0.09957635 0.8444042
vt 0.101746 0.8390544
vt 0.09933608 0.8415048
vt 0.1026511 0.8410978
vt 0.1031156 0.8364965
vt 0.101746 0.8390544
vt 0.1046052 0.8374712
vt 0.1041945 0.834712
vt 0.1031156 0.8364965
vt 0.1058389 0.8348545
vt 0.09140682 0.8423556
vt 0.08798402 0.8428239
vt 0.09014916 0.8461325
vt 0.09446161 0.8416924
vt 0.09140682 0.8423556
vt 0.09213435 0.8450901
vt 0.09743946 0.8401687
vt 0.09446161 0.8416924
vt 0.09565383 0.843872
vt 0.09958767 0.8386383
vt 0.09743946 0.8401687
vt 0.09933608 0.8415048
vt 0.100991 0.8366778
vt 0.09958767 0.8386383
vt 0.101746 0.8390544
vt 0.1017283 0.8352775
vt 0.100991 0.8366778
vt 0.1031156 0.8364965
vt 0.09140682 0.8423556
vt 0.09227943 0.8394552
vt 0.08957535 0.839261
vt 0.09446161 0.8416924
vt 0.09473425 0.8391502
vt 0.09227943 0.8394552
vt 0.09743946 0.8401687
vt 0.09687894 0.8383039
vt 0.09473425 0.8391502
vt 0.09958767 0.8386383
vt 0.0985881 0.8373883
vt 0.09687894 0.8383039
vt 0.100991 0.8366778
vt 0.1000469 0.8356525
vt 0.0985881 0.8373883
vt 0.1017283 0.8352775
vt 0.100898 0.8340708
vt 0.1000469 0.8356525
vt 0.09227943 0.8394552
vt 0.09279441 0.8379351
vt 0.0909847 0.837394
vt 0.09473425 0.8391502
vt 0.09501737 0.837761
vt 0.09279441 0.8379351
vt 0.09687894 0.8383039
vt 0.09678137 0.8369995
vt 0.09501737 0.837761
vt 0.0985881 0.8373883
vt 0.09818398 0.8360768
vt 0.09678137 0.8369995
vt 0.1000469 0.8356525
vt 0.09966772 0.8345475
vt 0.09818398 0.8360768
vt 0.100898 0.8340708
vt 0.1003465 0.8331074
vt 0.09966772 0.8345475
vt 0.09279441 0.8379351
vt 0.09325879 0.8367032
vt 0.09192949 0.8363142
vt 0.09501737 0.837761
vt 0.09499192 0.8365499
vt 0.09325879 0.8367032
vt 0.09678137 0.8369995
vt 0.09623289 0.8359316
vt 0.09499192 0.8365499
vt 0.09717148 0.8353405
vt 0.09623289 0.8359316
vt 0.09678137 0.8369995
vt 0.09325879 0.8367032
vt 0.09349465 0.8355922
vt 0.09254378 0.835287
vt 0.09499192 0.8365499
vt 0.09471482 0.8354707
vt 0.09349465 0.8355922
vt 0.09560191 0.8351551
vt 0.09471482 0.8354707
vt 0.09499192 0.8365499
vt 0.09623855 0.8346174
vt 0.09560191 0.8351551
vt 0.09623289 0.8359316
vt 0.09349465 0.8355922
vt 0.09369039 0.8351527
vt 0.09276479 0.8348647
vt 0.09471482 0.8354707
vt 0.09462755 0.8350751
vt 0.09369039 0.8351527
vt 0.09538555 0.8348327
vt 0.09462755 0.8350751
vt 0.09471482 0.8354707
vt 0.09591525 0.834368
vt 0.09538555 0.8348327
vt 0.09560191 0.8351551
vt 0.09883475 0.831481
vt 0.09958982 0.831616
vt 0.09919738 0.829929
vt 0.09803634 0.830311
vt 0.09826767 0.8314605
vt 0.09883475 0.831481
vt 0.09751874 0.8305149
vt 0.09779214 0.8314976
vt 0.09826767 0.8314605
vt 0.09707307 0.8307152
vt 0.09738075 0.8315748
vt 0.09779214 0.8314976
vt 0.09668004 0.8309136
vt 0.09701639 0.831682
vt 0.09738075 0.8315748
vt 0.09632116 0.8311143
vt 0.09668368 0.8318145
vt 0.09701639 0.831682
vt 0.09638369 0.831965
vt 0.09668368 0.8318145
vt 0.09632116 0.8311143
vt 0.09568679 0.8315189
vt 0.096098 0.8321366
vt 0.09638369 0.831965
vt 0.09539258 0.831727
vt 0.09582895 0.8323242
vt 0.096098 0.8321366
vt 0.09510207 0.8319449
vt 0.09556406 0.8325277
vt 0.09582895 0.8323242
vt 0.09481984 0.8321668
vt 0.09530889 0.8327502
vt 0.09556406 0.8325277
vt 0.09453564 0.8323975
vt 0.09504991 0.8329905
vt 0.09530889 0.8327502
vt 0.0947836 0.8332487
vt 0.09504991 0.8329905
vt 0.09453564 0.8323975
vt 0.09883475 0.831481
vt 0.09875011 0.8318958
vt 0.09935528 0.8321219
vt 0.09826767 0.8314605
vt 0.09824979 0.8318103
vt 0.09875011 0.8318958
vt 0.09779214 0.8314976
vt 0.09781545 0.8318003
vt 0.09824979 0.8318103
vt 0.09738075 0.8315748
vt 0.09743309 0.8318424
vt 0.09781545 0.8318003
vt 0.09701639 0.831682
vt 0.09709089 0.8319228
vt 0.09743309 0.8318424
vt 0.09668368 0.8318145
vt 0.09677648 0.8320346
vt 0.09709089 0.8319228
vt 0.09638369 0.831965
vt 0.09649235 0.8321698
vt 0.09677648 0.8320346
vt 0.096098 0.8321366
vt 0.09622114 0.8323302
vt 0.09649235 0.8321698
vt 0.09582895 0.8323242
vt 0.09596645 0.8325102
vt 0.09622114 0.8323302
vt 0.09571444 0.8327084
vt 0.09596645 0.8325102
vt 0.09582895 0.8323242
vt 0.09530889 0.8327502
vt 0.09547483 0.8329281
vt 0.09571444 0.8327084
vt 0.095232 0.8331688
vt 0.09547483 0.8329281
vt 0.09530889 0.8327502
vt 0.09500908 0.8333833
vt 0.095232 0.8331688
vt 0.09504991 0.8329905
vt 0.09863775 0.8322365
vt 0.09911441 0.8325082
vt 0.09935528 0.8321219
vt 0.09824979 0.8318103
vt 0.09820288 0.8321094
vt 0.09863775 0.8322365
vt 0.09781545 0.8318003
vt 0.09781438 0.8320657
vt 0.09820288 0.8321094
vt 0.09743309 0.8318424
vt 0.09746503 0.8320805
vt 0.09781438 0.8320657
vt 0.09709089 0.8319228
vt 0.09714812 0.8321389
vt 0.09746503 0.8320805
vt 0.09677648 0.8320346
vt 0.09685468 0.8322331
vt 0.09714812 0.8321389
vt 0.09649235 0.8321698
vt 0.09658843 0.832355
vt 0.09685468 0.8322331
vt 0.09622114 0.8323302
vt 0.09633362 0.832505
vt 0.09658843 0.832355
vt 0.09596645 0.8325102
vt 0.09609371 0.8326782
vt 0.09633362 0.832505
vt 0.09585678 0.8328729
vt 0.09609371 0.8326782
vt 0.09596645 0.8325102
vt 0.09547483 0.8329281
vt 0.09563142 0.8330868
vt 0.09585678 0.8328729
vt 0.09540838 0.8333235
vt 0.09563142 0.8330868
vt 0.09547483 0.8329281
vt 0.09525483 0.8334727
vt 0.09540838 0.8333235
vt 0.095232 0.8331688
vt 0.09911441 0.8325082
vt 0.09955078 0.8329907
vt 0.09994834 0.8326223
vt 0.09842163 0.8326559
vt 0.09873342 0.8329225
vt 0.09911441 0.8325082
vt 0.09820288 0.8321094
vt 0.0980919 0.8325006
vt 0.09842163 0.8326559
vt 0.09781438 0.8320657
vt 0.09778004 0.8324279
vt 0.0980919 0.8325006
vt 0.09746503 0.8320805
vt 0.09748756 0.8324135
vt 0.09778004 0.8324279
vt 0.09714812 0.8321389
vt 0.09721547 0.8324459
vt 0.09748756 0.8324135
vt 0.09685468 0.8322331
vt 0.09695976 0.8325173
vt 0.09721547 0.8324459
vt 0.09658843 0.832355
vt 0.09672611 0.8326208
vt 0.09695976 0.8325173
vt 0.09633362 0.832505
vt 0.09650176 0.8327569
vt 0.09672611 0.8326208
vt 0.09609371 0.8326782
vt 0.09628921 0.8329212
vt 0.09650176 0.8327569
vt 0.0960794 0.8331175
vt 0.09628921 0.8329212
vt 0.09609371 0.8326782
vt 0.09563142 0.8330868
vt 0.09586948 0.8333141
vt 0.0960794 0.8331175
vt 0.09563285 0.8334473
vt 0.09586948 0.8333141
vt 0.09563142 0.8330868
vt 0.0989899 0.8333155
vt 0.09911763 0.8338388
vt 0.09980016 0.8336692
vt 0.09873342 0.8329225
vt 0.0989899 0.8333155
vt 0.09955078 0.8329907
vt 0.09828907 0.8328525
vt 0.09852647 0.8330951
vt 0.09873342 0.8329225
vt 0.09801495 0.832695
vt 0.09828907 0.8328525
vt 0.09842163 0.8326559
vt 0.09778004 0.8324279
vt 0.09774613 0.832615
vt 0.09801495 0.832695
vt 0.09748756 0.8324135
vt 0.09748899 0.8325881
vt 0.09774613 0.832615
vt 0.09721547 0.8324459
vt 0.09724032 0.8326105
vt 0.09748899 0.8325881
vt 0.09695976 0.8325173
vt 0.09700566 0.8326694
vt 0.09724032 0.8326105
vt 0.09672611 0.8326208
vt 0.09679454 0.8327638
vt 0.09700566 0.8326694
vt 0.09650176 0.8327569
vt 0.09659224 0.8328878
vt 0.09679454 0.8327638
vt 0.09628921 0.8329212
vt 0.09640383 0.8330514
vt 0.09659224 0.8328878
vt 0.0960794 0.8331175
vt 0.09621107 0.8332806
vt 0.09640383 0.8330514
vt 0.09877818 0.8338469
vt 0.09870326 0.8340703
vt 0.09910547 0.8341309
vt 0.09871506 0.8334325
vt 0.09877818 0.8338469
vt 0.09911763 0.8338388
vt 0.09852647 0.8330951
vt 0.09871506 0.8334325
vt 0.0989899 0.8333155
vt 0.09813243 0.8330617
vt 0.09832596 0.8332763
vt 0.09852647 0.8330951
vt 0.09792631 0.8329232
vt 0.09813243 0.8330617
vt 0.09828907 0.8328525
vt 0.09771972 0.832842
vt 0.09792631 0.8329232
vt 0.09801495 0.832695
vt 0.097494 0.8328082
vt 0.09771972 0.832842
vt 0.09774613 0.832615
vt 0.09728115 0.832819
vt 0.097494 0.8328082
vt 0.09748899 0.8325881
vt 0.09708428 0.8328653
vt 0.09728115 0.832819
vt 0.09724032 0.8326105
vt 0.09689658 0.8329548
vt 0.09708428 0.8328653
vt 0.09700566 0.8326694
vt 0.09659224 0.8328878
vt 0.09672737 0.8330689
vt 0.09689658 0.8329548
vt 0.09650903 0.833121
vt 0.09672737 0.8330689
vt 0.09659224 0.8328878
vt 0.09843754 0.8335496
vt 0.09843319 0.833797
vt 0.09877818 0.8338469
vt 0.09832596 0.8332763
vt 0.09843754 0.8335496
vt 0.09871506 0.8334325
vt 0.1194562 0.8287827
vt 0.1173004 0.8286121
vt 0.1189823 0.8314776
vt 0.1173004 0.8286121
vt 0.1156991 0.8287086
vt 0.1166584 0.8312828
vt 0.1156991 0.8287086
vt 0.1129783 0.8287939
vt 0.1134538 0.8308086
vt 0.1129783 0.8287939
vt 0.1110236 0.8290236
vt 0.1110419 0.8307019
vt 0.1110236 0.8290236
vt 0.1090973 0.829099
vt 0.1092275 0.8306285
vt 0.1090973 0.829099
vt 0.1080969 0.8291255
vt 0.1081084 0.8305759
vt 0.1081084 0.8305759
vt 0.1080969 0.8291255
vt 0.1074424 0.8291663
vt 0.1172426 0.8260465
vt 0.1151226 0.8264719
vt 0.1173004 0.8286121
vt 0.1151226 0.8264719
vt 0.1138095 0.8266425
vt 0.1156991 0.8287086
vt 0.1138095 0.8266425
vt 0.1118924 0.8270091
vt 0.1129783 0.8287939
vt 0.1118924 0.8270091
vt 0.1102201 0.827178
vt 0.1110236 0.8290236
vt 0.1102201 0.827178
vt 0.1085961 0.8274587
vt 0.1090973 0.829099
vt 0.1085961 0.8274587
vt 0.1076743 0.8274135
vt 0.1080969 0.8291255
vt 0.1076743 0.8274135
vt 0.1070981 0.8274411
vt 0.1074424 0.8291663
vt 0.1483654 0.8458869
vt 0.1473333 0.8465101
vt 0.1486377 0.8477819
vt 0.1486377 0.8477819
vt 0.1495472 0.8493681
vt 0.1501891 0.8491031
vt 0.1495472 0.8493681
vt 0.1500151 0.8511358
vt 0.1507033 0.8510455
vt 0.1500151 0.8511358
vt 0.1500096 0.8529643
vt 0.1506972 0.8530549
vt 0.1500096 0.8529643
vt 0.1495311 0.8547291
vt 0.1501713 0.8549942
vt 0.1495311 0.8547291
vt 0.1486008 0.856327
vt 0.1491491 0.8567502
vt 0.1486008 0.856327
vt 0.1473136 0.8576006
vt 0.1477345 0.8581497
vt 0.1473136 0.8576006
vt 0.1457168 0.8585182
vt 0.1459799 0.8591581
vt 0.1457168 0.8585182
vt 0.1439561 0.858982
vt 0.144045 0.8596678
vt 0.144045 0.8596678
vt 0.1439561 0.858982
vt 0.1421095 0.858982
vt 0.1421095 0.858982
vt 0.1403585 0.8584949
vt 0.1400916 0.8591325
vt 0.1400916 0.8591325
vt 0.1403585 0.8584949
vt 0.1387649 0.8575918
vt 0.1387649 0.8575918
vt 0.1374853 0.8562975
vt 0.1369343 0.8567177
vt 0.1369343 0.8567177
vt 0.1374853 0.8562975
vt 0.1367318 0.8559771
vt 0.1367318 0.8559771
vt 0.1361072 0.852966
vt 0.1354198 0.8530568
vt 0.1354198 0.8530568
vt 0.1361072 0.852966
vt 0.1361072 0.8511194
vt 0.1361072 0.8511194
vt 0.1365943 0.8493684
vt 0.135955 0.8491033
vt 0.135955 0.8491033
vt 0.1365943 0.8493684
vt 0.1374973 0.8477749
vt 0.1374973 0.8477749
vt 0.1388104 0.8464981
vt 0.1383905 0.8459491
vt 0.1383905 0.8459491
vt 0.1388104 0.8464981
vt 0.1403812 0.8455837
vt 0.1403812 0.8455837
vt 0.1421678 0.8451166
vt 0.1420797 0.844431
vt 0.1420797 0.844431
vt 0.1421678 0.8451166
vt 0.1439886 0.8451198
vt 0.1439886 0.8451198
vt 0.1457657 0.8456035
vt 0.1460336 0.844966
vt 0.1460336 0.844966
vt 0.1457657 0.8456035
vt 0.1473333 0.8465101
vt 0.1135827 0.8226134
vt 0.1125291 0.8232206
vt 0.1151226 0.8264719
vt 0.1125291 0.8232206
vt 0.1112946 0.8240037
vt 0.1138095 0.8266425
vt 0.1112946 0.8240037
vt 0.1097982 0.8248014
vt 0.1118924 0.8270091
vt 0.1097982 0.8248014
vt 0.1087558 0.8252065
vt 0.1102201 0.827178
vt 0.1087558 0.8252065
vt 0.1077594 0.8255547
vt 0.1085961 0.8274587
vt 0.1077594 0.8255547
vt 0.1069614 0.8256937
vt 0.1076743 0.8274135
vt 0.1069614 0.8256937
vt 0.1064375 0.8256295
vt 0.1070981 0.8274411
vt 0.1112468 0.8203434
vt 0.1098403 0.8211966
vt 0.1125291 0.8232206
vt 0.1098403 0.8211966
vt 0.1087833 0.8218574
vt 0.1112946 0.8240037
vt 0.1087833 0.8218574
vt 0.1080043 0.8223529
vt 0.1097982 0.8248014
vt 0.1080043 0.8223529
vt 0.107232 0.822766
vt 0.1087558 0.8252065
vt 0.107232 0.822766
vt 0.1064257 0.8233327
vt 0.1077594 0.8255547
vt 0.1064257 0.8233327
vt 0.1057288 0.823821
vt 0.1069614 0.8256937
vt 0.1057288 0.823821
vt 0.1055656 0.8239258
vt 0.1064375 0.8256295
vt 0.1112468 0.8203434
vt 0.1097663 0.8180051
vt 0.1087175 0.8189757
vt 0.1098403 0.8211966
vt 0.1087175 0.8189757
vt 0.107692 0.8198381
vt 0.1087833 0.8218574
vt 0.107692 0.8198381
vt 0.1067507 0.8207487
vt 0.1067507 0.8207487
vt 0.106064 0.8213282
vt 0.107232 0.822766
vt 0.106064 0.8213282
vt 0.1053959 0.8218673
vt 0.1064257 0.8233327
vt 0.1064257 0.8233327
vt 0.1053959 0.8218673
vt 0.1048123 0.8223665
vt 0.1057288 0.823821
vt 0.1048123 0.8223665
vt 0.1045098 0.8226293
vt 0.1097663 0.8180051
vt 0.1081221 0.8143324
vt 0.1071355 0.8156323
vt 0.1087175 0.8189757
vt 0.1071355 0.8156323
vt 0.1062282 0.8167978
vt 0.107692 0.8198381
vt 0.1062282 0.8167978
vt 0.1052525 0.8178863
vt 0.1067507 0.8207487
vt 0.1052525 0.8178863
vt 0.1043817 0.8190933
vt 0.106064 0.8213282
vt 0.1043817 0.8190933
vt 0.1038261 0.8198978
vt 0.1053959 0.8218673
vt 0.1038261 0.8198978
vt 0.1033641 0.820635
vt 0.1048123 0.8223665
vt 0.1033641 0.820635
vt 0.1032073 0.8210935
vt 0.1081221 0.8143324
vt 0.1067642 0.8109096
vt 0.105489 0.8128508
vt 0.1071355 0.8156323
vt 0.105489 0.8128508
vt 0.104651 0.8144523
vt 0.1062282 0.8167978
vt 0.104651 0.8144523
vt 0.1038193 0.8160735
vt 0.1052525 0.8178863
vt 0.1038193 0.8160735
vt 0.1032416 0.8174031
vt 0.1043817 0.8190933
vt 0.1032416 0.8174031
vt 0.1026587 0.8185524
vt 0.1038261 0.8198978
vt 0.1026587 0.8185524
vt 0.1021911 0.8194407
vt 0.1033641 0.820635
vt 0.1021911 0.8194407
vt 0.1018816 0.8202123
vt 0.09870326 0.8340703
vt 0.09877818 0.8338469
vt 0.09843319 0.833797
vt 0.09843754 0.8335496
vt 0.09825438 0.8334713
vt 0.09819287 0.833616
vt 0.09825438 0.8334713
vt 0.09803897 0.8333797
vt 0.09798306 0.8335167
vt 0.09777772 0.8332773
vt 0.09772014 0.8334028
vt 0.09798306 0.8335167
vt 0.09755837 0.8331995
vt 0.09750014 0.833316
vt 0.09772014 0.8334028
vt 0.09832596 0.8332763
vt 0.09825438 0.8334713
vt 0.09843754 0.8335496
vt 0.09803897 0.8333797
vt 0.09825438 0.8334713
vt 0.09832596 0.8332763
vt 0.09813243 0.8330617
vt 0.09792631 0.8329232
vt 0.09777772 0.8332773
vt 0.09771972 0.832842
vt 0.09755837 0.8331995
vt 0.09777772 0.8332773
vt 0.09737491 0.8331309
vt 0.0973156 0.8332404
vt 0.09750014 0.833316
vt 0.097494 0.8328082
vt 0.09737491 0.8331309
vt 0.09755837 0.8331995
vt 0.09716773 0.8331218
vt 0.09715455 0.8332502
vt 0.0973156 0.8332404
vt 0.09728115 0.832819
vt 0.09716773 0.8331218
vt 0.09737491 0.8331309
vt 0.09704059 0.8330971
vt 0.09700906 0.8332443
vt 0.09715455 0.8332502
vt 0.09708428 0.8328653
vt 0.09704059 0.8330971
vt 0.09716773 0.8331218
vt 0.09689128 0.8330917
vt 0.09685969 0.8332341
vt 0.09700906 0.8332443
vt 0.09689658 0.8329548
vt 0.09689128 0.8330917
vt 0.09704059 0.8330971
vt 0.09672737 0.8330689
vt 0.09671086 0.8332335
vt 0.09685969 0.8332341
vt 0.09689658 0.8329548
vt 0.09672737 0.8330689
vt 0.09689128 0.8330917
vt 0.09966772 0.8345475
vt 0.09980016 0.8336692
vt 0.09910547 0.8341309
vt 0.09966772 0.8345475
vt 0.1003465 0.8331074
vt 0.09980016 0.8336692
vt 0.1003465 0.8331074
vt 0.09994834 0.8326223
vt 0.09980016 0.8336692
vt 0.09958982 0.831616
vt 0.09935528 0.8321219
vt 0.09994834 0.8326223
vt 0.09980016 0.8336692
vt 0.09911763 0.8338388
vt 0.09910547 0.8341309
vt 0.09994834 0.8326223
vt 0.09955078 0.8329907
vt 0.09980016 0.8336692
vt 0.08957535 0.839261
vt 0.08751177 0.8371003
vt 0.08484327 0.8390826
vt 0.0909847 0.837394
vt 0.08932083 0.8356607
vt 0.08751177 0.8371003
vt 0.09026509 0.8348352
vt 0.08932083 0.8356607
vt 0.0909847 0.837394
vt 0.09254378 0.835287
vt 0.09126269 0.8340434
vt 0.09026509 0.8348352
vt 0.09276479 0.8348647
vt 0.09161818 0.8337436
vt 0.09126269 0.8340434
vt 0.08635038 0.8352575
vt 0.08305913 0.8367062
vt 0.08484327 0.8390826
vt 0.08932083 0.8356607
vt 0.08844381 0.8342597
vt 0.08635038 0.8352575
vt 0.09026509 0.8348352
vt 0.08957862 0.8337101
vt 0.08844381 0.8342597
vt 0.09070348 0.8332137
vt 0.08957862 0.8337101
vt 0.09026509 0.8348352
vt 0.09111535 0.833008
vt 0.09070348 0.8332137
vt 0.09126269 0.8340434
vt 0.08635038 0.8352575
vt 0.08573234 0.8331825
vt 0.08279061 0.8339001
vt 0.08844381 0.8342597
vt 0.08794963 0.8326831
vt 0.08573234 0.8331825
vt 0.08957862 0.8337101
vt 0.08918064 0.8324386
vt 0.08794963 0.8326831
vt 0.09035831 0.8323013
vt 0.08918064 0.8324386
vt 0.08957862 0.8337101
vt 0.09083706 0.8322337
vt 0.09035831 0.8323013
vt 0.09070348 0.8332137
vt 0.08573234 0.8331825
vt 0.08570903 0.8309333
vt 0.0827564 0.8309461
vt 0.08794963 0.8326831
vt 0.0879085 0.8309836
vt 0.08570903 0.8309333
vt 0.08918064 0.8324386
vt 0.08916264 0.8310962
vt 0.0879085 0.8309836
vt 0.09029448 0.8313209
vt 0.08916264 0.8310962
vt 0.08918064 0.8324386
vt 0.09074079 0.8314256
vt 0.09029448 0.8313209
vt 0.09035831 0.8323013
vt 0.08570903 0.8309333
vt 0.08664882 0.8283632
vt 0.08304566 0.8276983
vt 0.0879085 0.8309836
vt 0.08860057 0.8291642
vt 0.08664882 0.8283632
vt 0.08916264 0.8310962
vt 0.08968096 0.8296852
vt 0.08860057 0.8291642
vt 0.09062987 0.8301733
vt 0.08968096 0.8296852
vt 0.08916264 0.8310962
vt 0.09098672 0.8304444
vt 0.09062987 0.8301733
vt 0.09029448 0.8313209
vt 0.0827564 0.8309461
vt 0.07973599 0.8316159
vt 0.0811702 0.8341487
vt 0.07819223 0.8277955
vt 0.07973599 0.8316159
vt 0.0827564 0.8309461
vt 0.08305913 0.8367062
vt 0.08279061 0.8339001
vt 0.0811702 0.8341487
vt 0.08664882 0.8283632
vt 0.0870471 0.8261316
vt 0.08477872 0.8249407
vt 0.08888363 0.8275001
vt 0.0870471 0.8261316
vt 0.08664882 0.8283632
vt 0.09032779 0.828712
vt 0.08888363 0.8275001
vt 0.08860057 0.8291642
vt 0.09112215 0.8294279
vt 0.09032779 0.828712
vt 0.08968096 0.8296852
vt 0.0914244 0.8297715
vt 0.09112215 0.8294279
vt 0.09062987 0.8301733
vt 0.08304566 0.8276983
vt 0.08477872 0.8249407
vt 0.08137798 0.823446
vt 0.0870471 0.8261316
vt 0.0885545 0.8244544
vt 0.08688271 0.8229295
vt 0.08994901 0.8259787
vt 0.0885545 0.8244544
vt 0.0870471 0.8261316
vt 0.09119272 0.8279198
vt 0.08994901 0.8259787
vt 0.08888363 0.8275001
vt 0.09178966 0.8288144
vt 0.09119272 0.8279198
vt 0.09032779 0.828712
vt 0.09203451 0.8292299
vt 0.09178966 0.8288144
vt 0.09112215 0.8294279
vt 0.08477872 0.8249407
vt 0.08688271 0.8229295
vt 0.08404016 0.8207586
vt 0.1067642 0.8109096
vt 0.1022896 0.807035
vt 0.1021234 0.8096526
vt 0.105489 0.8128508
vt 0.1021234 0.8096526
vt 0.1016285 0.8119463
vt 0.104651 0.8144523
vt 0.1016285 0.8119463
vt 0.1011726 0.813929
vt 0.1038193 0.8160735
vt 0.1011726 0.813929
vt 0.10065 0.816117
vt 0.1032416 0.8174031
vt 0.10065 0.816117
vt 0.1003243 0.8176393
vt 0.1003243 0.8176393
vt 0.09998673 0.8185709
vt 0.1021911 0.8194407
vt 0.1021911 0.8194407
vt 0.09998673 0.8185709
vt 0.09972298 0.8193042
vt 0.1022896 0.807035
vt 0.09868925 0.8053897
vt 0.09824663 0.808132
vt 0.1021234 0.8096526
vt 0.09824663 0.808132
vt 0.09802556 0.8101691
vt 0.1016285 0.8119463
vt 0.09802556 0.8101691
vt 0.09768366 0.8129505
vt 0.1011726 0.813929
vt 0.09768366 0.8129505
vt 0.09744685 0.8153625
vt 0.10065 0.816117
vt 0.09744685 0.8153625
vt 0.09736818 0.8170115
vt 0.1003243 0.8176393
vt 0.09736818 0.8170115
vt 0.09748154 0.8182756
vt 0.09998673 0.8185709
vt 0.09748154 0.8182756
vt 0.09797263 0.8192973
vt 0.1544007 0.8026074
vt 0.1524867 0.8031011
vt 0.1527249 0.8036849
vt 0.1563224 0.8032442
vt 0.1564095 0.8026207
vt 0.1544007 0.8026074
vt 0.160423 0.8156501
vt 0.1596125 0.8157565
vt 0.1599924 0.8162585
vt 0.1580351 0.8166587
vt 0.1582731 0.8172419
vt 0.1599924 0.8162585
vt 0.1580351 0.8166587
vt 0.1562607 0.8171006
vt 0.1563391 0.8177237
vt 0.1544457 0.8171005
vt 0.1543609 0.8177237
vt 0.1563391 0.8177237
vt 0.1544457 0.8171005
vt 0.1526687 0.8166065
vt 0.1524241 0.8171854
vt 0.1510976 0.8156897
vt 0.1507118 0.8161864
vt 0.1524241 0.8171854
vt 0.1498043 0.8143803
vt 0.1493023 0.8147597
vt 0.1507118 0.8161864
vt 0.148903 0.8128111
vt 0.14832 0.8130495
vt 0.1493023 0.8147597
vt 0.1484307 0.8110244
vt 0.1478053 0.8111023
vt 0.14832 0.8130495
vt 0.1484372 0.8091969
vt 0.1478123 0.8091106
vt 0.1478053 0.8111023
vt 0.1489156 0.8074334
vt 0.1483339 0.8071887
vt 0.1478123 0.8091106
vt 0.1498338 0.8058539
vt 0.1493348 0.8054671
vt 0.1483339 0.8071887
vt 0.1511295 0.8045658
vt 0.1507471 0.804063
vt 0.1493348 0.8054671
vt 0.1511295 0.8045658
vt 0.1527249 0.8036849
vt 0.1524867 0.8031011
vt 0.09337693 0.8308886
vt 0.09264975 0.8298493
vt 0.09233367 0.8300693
vt 0.09337693 0.8308886
vt 0.09367662 0.8306699
vt 0.09299921 0.8296723
vt 0.09367662 0.8306699
vt 0.0939722 0.8304548
vt 0.09332537 0.8295225
vt 0.0939722 0.8304548
vt 0.09426712 0.8302342
vt 0.09360539 0.8293567
vt 0.09426712 0.8302342
vt 0.09455204 0.8300099
vt 0.09385448 0.8291808
vt 0.09455204 0.8300099
vt 0.09483671 0.8297697
vt 0.09407949 0.8289814
vt 0.09483671 0.8297697
vt 0.09511548 0.8295149
vt 0.09427803 0.828761
vt 0.09540301 0.8292273
vt 0.09445714 0.8285059
vt 0.09427803 0.828761
vt 0.09540301 0.8292273
vt 0.09569424 0.8289069
vt 0.09460997 0.828217
vt 0.09569424 0.8289069
vt 0.09599733 0.8285385
vt 0.09473335 0.827882
vt 0.09599733 0.8285385
vt 0.09631812 0.8281058
vt 0.0948165 0.8274882
vt 0.09631812 0.8281058
vt 0.09667593 0.8275764
vt 0.09483736 0.8270202
vt 0.0944975 0.8257456
vt 0.09420526 0.8259497
vt 0.09451371 0.826534
vt 0.09264975 0.8298493
vt 0.09267836 0.8295815
vt 0.09226274 0.8299118
vt 0.09299921 0.8296723
vt 0.09293764 0.8295258
vt 0.09267836 0.8295815
vt 0.09299921 0.8296723
vt 0.09332537 0.8295225
vt 0.09326106 0.8293949
vt 0.09360539 0.8293567
vt 0.09353595 0.8292459
vt 0.09326106 0.8293949
vt 0.09360539 0.8293567
vt 0.09385448 0.8291808
vt 0.09377586 0.8290821
vt 0.09385448 0.8291808
vt 0.09407949 0.8289814
vt 0.0939908 0.8288935
vt 0.09407949 0.8289814
vt 0.09427803 0.828761
vt 0.09417772 0.8286833
vt 0.09427803 0.828761
vt 0.09445714 0.8285059
vt 0.09434282 0.828439
vt 0.09445714 0.8285059
vt 0.09460997 0.828217
vt 0.09447854 0.8281625
vt 0.09460997 0.828217
vt 0.09473335 0.827882
vt 0.09458082 0.8278435
vt 0.09473335 0.827882
vt 0.0948165 0.8274882
vt 0.09463781 0.8274726
vt 0.0948165 0.8274882
vt 0.09483736 0.8270202
vt 0.09462934 0.8270383
vt 0.09476661 0.8264604
vt 0.09451371 0.826534
vt 0.09462934 0.8270383
vt 0.09420526 0.8259497
vt 0.09392702 0.8261984
vt 0.09424191 0.8266478
vt 0.09420526 0.8259497
vt 0.09362173 0.8253789
vt 0.09338223 0.8258159
vt 0.09293764 0.8295258
vt 0.09288042 0.8293391
vt 0.09273451 0.8293649
vt 0.09293764 0.8295258
vt 0.09326106 0.8293949
vt 0.09319293 0.8292394
vt 0.09353595 0.8292459
vt 0.09345752 0.8291118
vt 0.09319293 0.8292394
vt 0.09353595 0.8292459
vt 0.09377586 0.8290821
vt 0.09368497 0.828964
vt 0.09377586 0.8290821
vt 0.0939908 0.8288935
vt 0.09388667 0.8287895
vt 0.0939908 0.8288935
vt 0.09417772 0.8286833
vt 0.09405922 0.828593
vt 0.09417772 0.8286833
vt 0.09434282 0.828439
vt 0.09420728 0.8283636
vt 0.09434282 0.828439
vt 0.09447854 0.8281625
vt 0.09432327 0.8281044
vt 0.09447854 0.8281625
vt 0.09458082 0.8278435
vt 0.09440243 0.8278075
vt 0.09458082 0.8278435
vt 0.09463781 0.8274726
vt 0.09443223 0.8274673
vt 0.09463781 0.8274726
vt 0.09462934 0.8270383
vt 0.09439295 0.8270785
vt 0.09451371 0.826534
vt 0.09424191 0.8266478
vt 0.09439295 0.8270785
vt 0.09392702 0.8261984
vt 0.09372705 0.8264132
vt 0.09402561 0.8267667
vt 0.09392702 0.8261984
vt 0.09338223 0.8258159
vt 0.09326279 0.8261321
vt 0.09268611 0.8256484
vt 0.09267824 0.8260632
vt 0.09326279 0.8261321
vt 0.09288042 0.8293391
vt 0.09285116 0.8291646
vt 0.09274166 0.8291588
vt 0.09288042 0.8293391
vt 0.09319293 0.8292394
vt 0.09313994 0.8290946
vt 0.09345752 0.8291118
vt 0.09339082 0.8289884
vt 0.09313994 0.8290946
vt 0.09345752 0.8291118
vt 0.09368497 0.828964
vt 0.09360486 0.8288556
vt 0.09368497 0.828964
vt 0.09388667 0.8287895
vt 0.09379309 0.8286952
vt 0.09388667 0.8287895
vt 0.09405922 0.828593
vt 0.09395182 0.8285126
vt 0.09405922 0.828593
vt 0.09420728 0.8283636
vt 0.09408408 0.8282987
vt 0.09420728 0.8283636
vt 0.09432327 0.8281044
vt 0.09418272 0.8280576
vt 0.09432327 0.8281044
vt 0.09440243 0.8278075
vt 0.09424251 0.8277838
vt 0.09440243 0.8278075
vt 0.09443223 0.8274673
vt 0.09425121 0.8274746
vt 0.09443223 0.8274673
vt 0.09439295 0.8270785
vt 0.09419006 0.8271307
vt 0.09424191 0.8266478
vt 0.09402561 0.8267667
vt 0.09419006 0.8271307
vt 0.09372705 0.8264132
vt 0.09338063 0.8268914
vt 0.09360432 0.827079
vt 0.09372705 0.8264132
vt 0.09326279 0.8261321
vt 0.09308654 0.8267651
vt 0.09267824 0.8260632
vt 0.09265953 0.8267753
vt 0.09308654 0.8267651
vt 0.09285116 0.8291646
vt 0.09313994 0.8290946
vt 0.09304642 0.8287422
vt 0.09339082 0.8289884
vt 0.09324723 0.8286806
vt 0.09304642 0.8287422
vt 0.09339082 0.8289884
vt 0.09360486 0.8288556
vt 0.09342032 0.8285864
vt 0.09360486 0.8288556
vt 0.09379309 0.8286952
vt 0.09357112 0.8284657
vt 0.09379309 0.8286952
vt 0.09395182 0.8285126
vt 0.09369373 0.8283247
vt 0.09395182 0.8285126
vt 0.09408408 0.8282987
vt 0.09378552 0.828156
vt 0.09408408 0.8282987
vt 0.09418272 0.8280576
vt 0.09384435 0.8279677
vt 0.09418272 0.8280576
vt 0.09424251 0.8277838
vt 0.0938692 0.8277601
vt 0.09424251 0.8277838
vt 0.09425121 0.8274746
vt 0.09384495 0.8275353
vt 0.09425121 0.8274746
vt 0.09419006 0.8271307
vt 0.09375876 0.8273011
vt 0.09402561 0.8267667
vt 0.09360432 0.827079
vt 0.09375876 0.8273011
vt 0.09868925 0.8053897
vt 0.09355205 0.8017205
vt 0.09407204 0.8052114
vt 0.09824663 0.808132
vt 0.09407204 0.8052114
vt 0.09415143 0.8086632
vt 0.09802556 0.8101691
vt 0.09415143 0.8086632
vt 0.09416806 0.8116635
vt 0.09768366 0.8129505
vt 0.09416806 0.8116635
vt 0.09433943 0.8146627
vt 0.09744685 0.8153625
vt 0.09433943 0.8146627
vt 0.09471565 0.8165867
vt 0.09736818 0.8170115
vt 0.09471565 0.8165867
vt 0.09509396 0.8187686
vt 0.09509396 0.8187686
vt 0.09541809 0.8204359
vt 0.09797263 0.8192973
vt 0.09355205 0.8017205
vt 0.08895105 0.7985976
vt 0.08964866 0.8033487
vt 0.09407204 0.8052114
vt 0.08964866 0.8033487
vt 0.09034872 0.8073485
vt 0.09415143 0.8086632
vt 0.09034872 0.8073485
vt 0.09102147 0.8113509
vt 0.09416806 0.8116635
vt 0.09102147 0.8113509
vt 0.09165841 0.8145089
vt 0.09433943 0.8146627
vt 0.09165841 0.8145089
vt 0.09228664 0.8169361
vt 0.09471565 0.8165867
vt 0.09228664 0.8169361
vt 0.09303492 0.8190551
vt 0.09303492 0.8190551
vt 0.09331214 0.8211782
vt 0.09541809 0.8204359
vt 0.09331214 0.8211782
vt 0.09359216 0.8233621
vt 0.09455281 0.8220297
vt 0.09359216 0.8233621
vt 0.09451013 0.8233446
vt 0.09455281 0.8220297
vt 0.09379774 0.8248818
vt 0.09465962 0.8249378
vt 0.09451013 0.8233446
vt 0.09034872 0.8073485
vt 0.08438187 0.8080646
vt 0.08538687 0.812457
vt 0.09102147 0.8113509
vt 0.08538687 0.812457
vt 0.08663505 0.8158498
vt 0.09165841 0.8145089
vt 0.08663505 0.8158498
vt 0.08759659 0.8181304
vt 0.08759659 0.8181304
vt 0.08927917 0.8211253
vt 0.09303492 0.8190551
vt 0.08927917 0.8211253
vt 0.09089052 0.822914
vt 0.09331214 0.8211782
vt 0.09089052 0.822914
vt 0.09149754 0.8245578
vt 0.09359216 0.8233621
vt 0.09359216 0.8233621
vt 0.09149754 0.8245578
vt 0.09242916 0.825347
vt 0.08688271 0.8229295
vt 0.08927917 0.8211253
vt 0.08759659 0.8181304
vt 0.0885545 0.8244544
vt 0.09089052 0.822914
vt 0.08927917 0.8211253
vt 0.0885545 0.8244544
vt 0.08994901 0.8259787
vt 0.09149754 0.8245578
vt 0.08438187 0.8080646
vt 0.07869118 0.8091118
vt 0.08050453 0.8140051
vt 0.08538687 0.812457
vt 0.08050453 0.8140051
vt 0.08265328 0.8174744
vt 0.07710248 0.7913202
vt 0.07187229 0.790601
vt 0.07267832 0.7965338
vt 0.07869118 0.8091118
vt 0.07360219 0.8096725
vt 0.07627618 0.8155799
vt 0.08050453 0.8140051
vt 0.07627618 0.8155799
vt 0.07945311 0.8191271
vt 0.07896554 0.78861
vt 0.07474797 0.7860797
vt 0.07710248 0.7913202
vt 0.07474797 0.7860797
vt 0.07043075 0.7859152
vt 0.07187229 0.790601
vt 0.06677073 0.7919009
vt 0.06721079 0.7963694
vt 0.07267832 0.7965338
vt 0.06730097 0.7871691
vt 0.06677073 0.7919009
vt 0.07187229 0.790601
vt 0.08395546 0.8034789
vt 0.08964866 0.8033487
vt 0.08396857 0.8004452
vt 0.08396857 0.8004452
vt 0.07779854 0.7971225
vt 0.07778126 0.8037526
vt 0.08395546 0.8034789
vt 0.07778126 0.8037526
vt 0.07869118 0.8091118
vt 0.07779854 0.7971225
vt 0.07267832 0.7965338
vt 0.07297003 0.8034042
vt 0.07778126 0.8037526
vt 0.07297003 0.8034042
vt 0.07360219 0.8096725
vt 0.07267832 0.7965338
vt 0.06721079 0.7963694
vt 0.068156 0.8025377
vt 0.07297003 0.8034042
vt 0.068156 0.8025377
vt 0.06840384 0.8059667
vt 0.08964866 0.8033487
vt 0.08395546 0.8034789
vt 0.08438187 0.8080646
vt 0.08895105 0.7985976
vt 0.0827341 0.7960899
vt 0.08396857 0.8004452
vt 0.07779854 0.7971225
vt 0.08396857 0.8004452
vt 0.0827341 0.7960899
vt 0.08759659 0.8181304
vt 0.08663505 0.8158498
vt 0.08265328 0.8174744
vt 0.08404016 0.8207586
vt 0.08265328 0.8174744
vt 0.07945311 0.8191271
vt 0.07627618 0.8155799
vt 0.0772702 0.8205649
vt 0.07945311 0.8191271
vt 0.08137798 0.823446
vt 0.07945311 0.8191271
vt 0.0772702 0.8205649
vt 0.07819223 0.8277955
vt 0.08137798 0.823446
vt 0.07796835 0.8261416
vt 0.07796835 0.8261416
vt 0.08137798 0.823446
vt 0.07764214 0.8242956
vt 0.09235769 0.82816
vt 0.09212094 0.8270461
vt 0.09119272 0.8279198
vt 0.0926612 0.8288003
vt 0.09235769 0.82816
vt 0.09178966 0.8288144
vt 0.09266144 0.8278887
vt 0.09265953 0.8267753
vt 0.09212094 0.8270461
vt 0.09281891 0.8287677
vt 0.09266144 0.8278887
vt 0.09235769 0.82816
vt 0.09265953 0.8267753
vt 0.09266144 0.8278887
vt 0.09295886 0.8278659
vt 0.09295886 0.8278659
vt 0.09266144 0.8278887
vt 0.09281891 0.8287677
vt 0.09362173 0.8253789
vt 0.09379774 0.8248818
vt 0.09242916 0.825347
vt 0.09256511 0.8261213
vt 0.09149754 0.8245578
vt 0.09212094 0.8270461
vt 0.09242916 0.825347
vt 0.09149754 0.8245578
vt 0.09256511 0.8261213
vt 0.09256511 0.8261213
vt 0.09212094 0.8270461
vt 0.09265953 0.8267753
vt 0.09268611 0.8256484
vt 0.09242916 0.825347
vt 0.09256511 0.8261213
vt 0.09267824 0.8260632
vt 0.09256511 0.8261213
vt 0.09265953 0.8267753
vt 0.08994901 0.8259787
vt 0.09119272 0.8279198
vt 0.09212094 0.8270461
vt 0.09362173 0.8253789
vt 0.09268611 0.8256484
vt 0.09338223 0.8258159
vt 0.09338063 0.8268914
vt 0.09308654 0.8267651
vt 0.09295886 0.8278659
vt 0.09360432 0.827079
vt 0.09338063 0.8268914
vt 0.09321492 0.8278771
vt 0.09342741 0.827898
vt 0.09360796 0.8279241
vt 0.09375876 0.8273011
vt 0.09384495 0.8275353
vt 0.09375876 0.8273011
vt 0.09360796 0.8279241
vt 0.0938692 0.8277601
vt 0.09384495 0.8275353
vt 0.09360796 0.8279241
vt 0.09384435 0.8279677
vt 0.0938692 0.8277601
vt 0.09360796 0.8279241
vt 0.09378552 0.828156
vt 0.09384435 0.8279677
vt 0.09360796 0.8279241
vt 0.09369373 0.8283247
vt 0.09378552 0.828156
vt 0.09360796 0.8279241
vt 0.09357112 0.8284657
vt 0.09369373 0.8283247
vt 0.09360796 0.8279241
vt 0.09357112 0.8284657
vt 0.09360796 0.8279241
vt 0.09342741 0.827898
vt 0.09342032 0.8285864
vt 0.09342741 0.827898
vt 0.09321492 0.8278771
vt 0.09324723 0.8286806
vt 0.09321492 0.8278771
vt 0.09295886 0.8278659
vt 0.09274166 0.8291588
vt 0.09285116 0.8291646
vt 0.09281891 0.8287677
vt 0.09425157 0.8326316
vt 0.09413546 0.8327279
vt 0.09471189 0.833315
vt 0.09382873 0.8330705
vt 0.0943467 0.8336544
vt 0.09471189 0.833315
vt 0.092947 0.831207
vt 0.09233367 0.8300693
vt 0.09195393 0.8307924
vt 0.09382873 0.8330705
vt 0.09302991 0.8338744
vt 0.09388732 0.8340537
vt 0.09172785 0.8313068
vt 0.09168905 0.8319171
vt 0.09253448 0.8314424
vt 0.09217613 0.8330637
vt 0.09302991 0.8338744
vt 0.09382873 0.8330705
vt 0.09168905 0.8319171
vt 0.09217613 0.8330637
vt 0.0931673 0.832277
vt 0.09500908 0.8333833
vt 0.09487831 0.8334703
vt 0.09516894 0.8335768
vt 0.09563285 0.8334473
vt 0.09562653 0.8335699
vt 0.09591907 0.8334402
vt 0.09525483 0.8334727
vt 0.09516894 0.8335768
vt 0.09562653 0.8335699
vt 0.0947836 0.8332487
vt 0.09471189 0.833315
vt 0.09487831 0.8334703
vt 0.09441912 0.834094
vt 0.09454441 0.8338362
vt 0.0943467 0.8336544
vt 0.09454441 0.8338362
vt 0.09487831 0.8334703
vt 0.09471189 0.833315
vt 0.09441912 0.834094
vt 0.09472697 0.8340433
vt 0.09454441 0.8338362
vt 0.09487831 0.8334703
vt 0.09454441 0.8338362
vt 0.09472697 0.8340433
vt 0.09516894 0.8335768
vt 0.09472697 0.8340433
vt 0.0952115 0.834009
vt 0.09562653 0.8335699
vt 0.0952115 0.834009
vt 0.09571558 0.8339496
vt 0.09591907 0.8334402
vt 0.09571558 0.8339496
vt 0.0960325 0.8337572
vt 0.09586948 0.8333141
vt 0.09591907 0.8334402
vt 0.09621107 0.8332806
vt 0.09591907 0.8334402
vt 0.0960325 0.8337572
vt 0.0962277 0.8336297
vt 0.09623855 0.8346174
vt 0.09686428 0.8337138
vt 0.09641468 0.8337071
vt 0.09910547 0.8341309
vt 0.09818398 0.8360768
vt 0.09966772 0.8345475
vt 0.09650903 0.833121
vt 0.09671086 0.8332335
vt 0.09672737 0.8330689
vt 0.09641468 0.8337071
vt 0.09686428 0.8337138
vt 0.09675741 0.8334488
vt 0.09641212 0.8333902
vt 0.09675741 0.8334488
vt 0.09650903 0.833121
vt 0.09798306 0.8335167
vt 0.09772014 0.8334028
vt 0.09771341 0.833581
vt 0.0982514 0.833801
vt 0.09843319 0.833797
vt 0.09819287 0.833616
vt 0.09870326 0.8340703
vt 0.09843319 0.833797
vt 0.0982514 0.833801
vt 0.0982514 0.833801
vt 0.09819287 0.833616
vt 0.09798306 0.8335167
vt 0.09772014 0.8334028
vt 0.09750014 0.833316
vt 0.09771341 0.833581
vt 0.09715455 0.8332502
vt 0.09700906 0.8332443
vt 0.09709906 0.8333464
vt 0.09732395 0.8335286
vt 0.09709906 0.8333464
vt 0.09686428 0.8337138
vt 0.09771341 0.833581
vt 0.09732395 0.8335286
vt 0.09736943 0.833811
vt 0.09671086 0.8332335
vt 0.09650903 0.833121
vt 0.09675741 0.8334488
vt 0.09685969 0.8332341
vt 0.09671086 0.8332335
vt 0.09675741 0.8334488
vt 0.09709906 0.8333464
vt 0.09675741 0.8334488
vt 0.09686428 0.8337138
vt 0.09685969 0.8332341
vt 0.09675741 0.8334488
vt 0.09709906 0.8333464
vt 0.09818398 0.8360768
vt 0.09910547 0.8341309
vt 0.09870326 0.8340703
vt 0.09736943 0.833811
vt 0.09686428 0.8337138
vt 0.09623855 0.8346174
vt 0.09870326 0.8340703
vt 0.0982514 0.833801
vt 0.09821444 0.8339819
vt 0.09821444 0.8339819
vt 0.0982514 0.833801
vt 0.09771341 0.833581
vt 0.09717148 0.8353405
vt 0.09821444 0.8339819
vt 0.09736943 0.833811
vt 0.09717148 0.8353405
vt 0.09870326 0.8340703
vt 0.09821444 0.8339819
vt 0.09621107 0.8332806
vt 0.0962277 0.8336297
vt 0.09641212 0.8333902
vt 0.09540838 0.8333235
vt 0.09525483 0.8334727
vt 0.09563285 0.8334473
vt 0.09732395 0.8335286
vt 0.09771341 0.833581
vt 0.09750014 0.833316
vt 0.09732395 0.8335286
vt 0.0973156 0.8332404
vt 0.09715455 0.8332502
vt 0.092947 0.831207
vt 0.09307193 0.8311162
vt 0.09233367 0.8300693
vt 0.1026719 0.8287187
vt 0.1038345 0.8284702
vt 0.09979653 0.8229709
vt 0.1034322 0.8235062
vt 0.09979653 0.8229709
vt 0.1038345 0.8284702
vt 0.1011515 0.821284
vt 0.09979653 0.8229709
vt 0.1023492 0.8223581
vt 0.1050411 0.8263208
vt 0.1038345 0.8284702
vt 0.1057092 0.8277909
vt 0.1023492 0.8223581
vt 0.09979653 0.8229709
vt 0.1034322 0.8235062
vt 0.1042549 0.8248565
vt 0.1038345 0.8284702
vt 0.1050411 0.8263208
vt 0.101625 0.8326386
vt 0.1033855 0.833248
vt 0.1033024 0.8322533
vt 0.1047649 0.8325838
vt 0.1049162 0.8314106
vt 0.1033024 0.8322533
vt 0.1057149 0.8316532
vt 0.1058362 0.8308456
vt 0.1049162 0.8314106
vt 0.1010793 0.8314278
vt 0.1004183 0.8314108
vt 0.1007996 0.8317768
vt 0.1033024 0.8322533
vt 0.1031509 0.830724
vt 0.101832 0.8309395
vt 0.1031509 0.830724
vt 0.1026719 0.8287187
vt 0.1017295 0.829074
vt 0.101832 0.8309395
vt 0.1017295 0.829074
vt 0.1004298 0.8294548
vt 0.1049162 0.8314106
vt 0.1049278 0.8304157
vt 0.1031509 0.830724
vt 0.1031509 0.830724
vt 0.1049278 0.8304157
vt 0.1038345 0.8284702
vt 0.1058362 0.8308456
vt 0.1058734 0.8298944
vt 0.1049278 0.8304157
vt 0.1058734 0.8298944
vt 0.1057092 0.8277909
vt 0.1038345 0.8284702
vt 0.1004183 0.8314108
vt 0.1010793 0.8314278
vt 0.1004298 0.8294548
vt 0.0944975 0.8257456
vt 0.09379774 0.8248818
vt 0.09362173 0.8253789
vt 0.09476661 0.8264604
vt 0.09483736 0.8270202
vt 0.09527081 0.8259646
vt 0.09465962 0.8249378
vt 0.09379774 0.8248818
vt 0.0944975 0.8257456
vt 0.0944975 0.8257456
vt 0.09476661 0.8264604
vt 0.09527081 0.8259646
vt 0.09779345 0.8260369
vt 0.09587389 0.8247907
vt 0.09629845 0.8255879
vt 0.09587389 0.8247907
vt 0.09779345 0.8260369
vt 0.09846901 0.8248645
vt 0.09578889 0.8235232
vt 0.09846901 0.8248645
vt 0.09906166 0.8239567
vt 0.09716081 0.8215029
vt 0.09611678 0.8225139
vt 0.09906166 0.8239567
vt 0.09923821 0.8201772
vt 0.09716081 0.8215029
vt 0.09979653 0.8229709
vt 0.09667593 0.8275764
vt 0.09695351 0.8271772
vt 0.09563195 0.8265753
vt 0.1033855 0.833248
vt 0.1027181 0.8342238
vt 0.1042299 0.8340886
vt 0.1027181 0.8342238
vt 0.1017283 0.8352775
vt 0.1041945 0.834712
vt 0.1033855 0.833248
vt 0.101625 0.8326386
vt 0.1013851 0.8332745
vt 0.1027181 0.8342238
vt 0.1013851 0.8332745
vt 0.100898 0.8340708
vt 0.101625 0.8326386
vt 0.1012195 0.8322847
vt 0.1008426 0.8326589
vt 0.1013851 0.8332745
vt 0.1008426 0.8326589
vt 0.1003465 0.8331074
vt 0.09919738 0.829929
vt 0.09958982 0.831616
vt 0.0999338 0.8315948
vt 0.09943205 0.8298142
vt 0.0999338 0.8315948
vt 0.1004183 0.8314108
vt 0.09994834 0.8326223
vt 0.1004573 0.8321572
vt 0.0999338 0.8315948
vt 0.1004573 0.8321572
vt 0.1007996 0.8317768
vt 0.1004183 0.8314108
vt 0.09994834 0.8326223
vt 0.1003465 0.8331074
vt 0.1008426 0.8326589
vt 0.1004573 0.8321572
vt 0.1008426 0.8326589
vt 0.1012195 0.8322847
vt 0.1064375 0.8256295
vt 0.1058173 0.8259414
vt 0.1064711 0.8275612
vt 0.1058173 0.8259414
vt 0.1050411 0.8263208
vt 0.1057092 0.8277909
vt 0.1064375 0.8256295
vt 0.1055656 0.8239258
vt 0.1049929 0.8243823
vt 0.1058173 0.8259414
vt 0.1049929 0.8243823
vt 0.1042549 0.8248565
vt 0.1055656 0.8239258
vt 0.1045098 0.8226293
vt 0.104026 0.8230392
vt 0.1049929 0.8243823
vt 0.104026 0.8230392
vt 0.1034322 0.8235062
vt 0.1045098 0.8226293
vt 0.1032073 0.8210935
vt 0.1028286 0.8217223
vt 0.104026 0.8230392
vt 0.1028286 0.8217223
vt 0.1023492 0.8223581
vt 0.1032073 0.8210935
vt 0.1018816 0.8202123
vt 0.1015321 0.8207676
vt 0.1028286 0.8217223
vt 0.1015321 0.8207676
vt 0.1011515 0.821284
vt 0.1073866 0.8306592
vt 0.1074424 0.8291663
vt 0.1069783 0.8293739
vt 0.1069344 0.8307203
vt 0.1069783 0.8293739
vt 0.1058734 0.8298944
vt 0.1066756 0.8329471
vt 0.1060454 0.8320108
vt 0.1042299 0.8340886
vt 0.1060454 0.8320108
vt 0.1057149 0.8316532
vt 0.1047649 0.8325838
vt 0.1074424 0.8291663
vt 0.1070981 0.8274411
vt 0.1064711 0.8275612
vt 0.1069783 0.8293739
vt 0.1064711 0.8275612
vt 0.1057092 0.8277909
vt 0.1073866 0.8306592
vt 0.1069344 0.8307203
vt 0.1060454 0.8320108
vt 0.1060454 0.8320108
vt 0.1069344 0.8307203
vt 0.1058362 0.8308456
vt 0.09972298 0.8193042
vt 0.09957462 0.8196524
vt 0.1015321 0.8207676
vt 0.09957462 0.8196524
vt 0.09923821 0.8201772
vt 0.1011515 0.821284
vt 0.09587389 0.8247907
vt 0.09539318 0.8249283
vt 0.09579765 0.8253159
vt 0.09539318 0.8249283
vt 0.09465962 0.8249378
vt 0.09525644 0.8255464
vt 0.09465962 0.8249378
vt 0.09539318 0.8249283
vt 0.09513419 0.8235241
vt 0.09513419 0.8235241
vt 0.09539318 0.8249283
vt 0.09587389 0.8247907
vt 0.09451013 0.8233446
vt 0.09513419 0.8235241
vt 0.09535324 0.8221261
vt 0.09535324 0.8221261
vt 0.09513419 0.8235241
vt 0.09578889 0.8235232
vt 0.09541809 0.8204359
vt 0.09455281 0.8220297
vt 0.09535324 0.8221261
vt 0.09535324 0.8221261
vt 0.09611678 0.8225139
vt 0.09716081 0.8215029
vt 0.09797263 0.8192973
vt 0.09541809 0.8204359
vt 0.09656906 0.820589
vt 0.09867644 0.8196381
vt 0.09656906 0.820589
vt 0.09716081 0.8215029
vt 0.09527081 0.8259646
vt 0.09483736 0.8270202
vt 0.09541827 0.8265502
vt 0.09541827 0.8265502
vt 0.09483736 0.8270202
vt 0.09563195 0.8265753
vt 0.09923821 0.8201772
vt 0.09957462 0.8196524
vt 0.09867644 0.8196381
vt 0.09753495 0.8264218
vt 0.09629845 0.8255879
vt 0.09598809 0.8261141
vt 0.09598809 0.8261141
vt 0.09563195 0.8265753
vt 0.09695351 0.8271772
vt 0.09557455 0.825865
vt 0.09527081 0.8259646
vt 0.09541827 0.8265502
vt 0.09629845 0.8255879
vt 0.09579765 0.8253159
vt 0.09557455 0.825865
vt 0.09557455 0.825865
vt 0.09541827 0.8265502
vt 0.09563195 0.8265753
vt 0.09557455 0.825865
vt 0.09579765 0.8253159
vt 0.09525644 0.8255464
vt 0.09972298 0.8193042
vt 0.09797263 0.8192973
vt 0.09867644 0.8196381
vt 0.1010793 0.8314278
vt 0.1017235 0.8319603
vt 0.101832 0.8309395
vt 0.1012195 0.8322847
vt 0.101625 0.8326386
vt 0.1017235 0.8319603
vt 0.1010793 0.8314278
vt 0.1007996 0.8317768
vt 0.1012195 0.8322847
vt 0.09956759 0.85448
vt 0.101826 0.8556602
vt 0.1024081 0.8531114
vt 0.09425455 0.851141
vt 0.09956759 0.85448
vt 0.09906017 0.8508152
vt 0.08963656 0.8475366
vt 0.09425455 0.851141
vt 0.09447264 0.8490235
vt 0.0870068 0.8441221
vt 0.08963656 0.8475366
vt 0.09014916 0.8461325
vt 0.08347654 0.8400576
vt 0.0870068 0.8441221
vt 0.08798402 0.8428239
vt 0.08305913 0.8367062
vt 0.08159989 0.8373612
vt 0.08347654 0.8400576
vt 0.07973599 0.8316159
vt 0.0782904 0.8319281
vt 0.07972878 0.8345222
vt 0.07819223 0.8277955
vt 0.07627129 0.8275961
vt 0.0782904 0.8319281
vt 0.0811702 0.8341487
vt 0.07972878 0.8345222
vt 0.08159989 0.8373612
vt 0.06840384 0.8059667
vt 0.06628644 0.8060111
vt 0.07074433 0.8101735
vt 0.06273847 0.7947495
vt 0.0618987 0.7944533
vt 0.06181603 0.7992667
vt 0.06500542 0.8032578
vt 0.06375837 0.8034445
vt 0.06628644 0.8060111
vt 0.06279361 0.7991855
vt 0.06181603 0.7992667
vt 0.06375837 0.8034445
vt 0.0641666 0.7906679
vt 0.06315964 0.7897515
vt 0.0618987 0.7944533
vt 0.0772702 0.8205649
vt 0.07529842 0.821039
vt 0.07562792 0.8231165
vt 0.07627618 0.8155799
vt 0.07326275 0.8154319
vt 0.07529842 0.821039
vt 0.07764214 0.8242956
vt 0.07562792 0.8231165
vt 0.07593208 0.8254011
vt 0.07796835 0.8261416
vt 0.07593208 0.8254011
vt 0.07627129 0.8275961
vt 0.09425455 0.851141
vt 0.09266096 0.8524219
vt 0.09718394 0.8566294
vt 0.08963656 0.8475366
vt 0.08874589 0.8482344
vt 0.09266096 0.8524219
vt 0.08617162 0.8446972
vt 0.08874589 0.8482344
vt 0.08963656 0.8475366
vt 0.08347654 0.8400576
vt 0.0827381 0.8407084
vt 0.08617162 0.8446972
vt 0.08085626 0.8378498
vt 0.0827381 0.8407084
vt 0.08347654 0.8400576
vt 0.07748472 0.8324764
vt 0.07902365 0.8350221
vt 0.07972878 0.8345222
vt 0.07627129 0.8275961
vt 0.07524514 0.8277878
vt 0.07748472 0.8324764
vt 0.07902365 0.8350221
vt 0.08085626 0.8378498
vt 0.08159989 0.8373612
vt 0.0732553 0.8216351
vt 0.07389926 0.8235505
vt 0.07562792 0.8231165
vt 0.07389926 0.8235505
vt 0.07464569 0.8258307
vt 0.07593208 0.8254011
vt 0.07464569 0.8258307
vt 0.07524514 0.8277878
vt 0.07627129 0.8275961
vt 0.09266096 0.8524219
vt 0.0918858 0.8532023
vt 0.09638082 0.8572987
vt 0.08820873 0.8488454
vt 0.0918858 0.8532023
vt 0.09266096 0.8524219
vt 0.08525758 0.8454358
vt 0.08820873 0.8488454
vt 0.08874589 0.8482344
vt 0.0827381 0.8407084
vt 0.08157831 0.8414986
vt 0.08525758 0.8454358
vt 0.08085626 0.8378498
vt 0.07960683 0.8383118
vt 0.08157831 0.8414986
vt 0.07748472 0.8324764
vt 0.07659482 0.8326655
vt 0.07775145 0.8353193
vt 0.07459968 0.8285229
vt 0.07659482 0.8326655
vt 0.07748472 0.8324764
vt 0.07902365 0.8350221
vt 0.07775145 0.8353193
vt 0.07960683 0.8383118
vt 0.0732553 0.8216351
vt 0.07311946 0.8241299
vt 0.07389926 0.8235505
vt 0.07311946 0.8241299
vt 0.07371258 0.8262434
vt 0.07464569 0.8258307
vt 0.07371258 0.8262434
vt 0.07459968 0.8285229
vt 0.07524514 0.8277878
vt 0.07841336 0.8390022
vt 0.0806275 0.8425438
vt 0.08157831 0.8414986
vt 0.07775145 0.8353193
vt 0.07628142 0.8356916
vt 0.07841336 0.8390022
vt 0.07592362 0.8412034
vt 0.07885622 0.844552
vt 0.0806275 0.8425438
vt 0.07387417 0.8440775
vt 0.07668548 0.8468784
vt 0.07885622 0.844552
vt 0.08525758 0.8454358
vt 0.08157831 0.8414986
vt 0.0806275 0.8425438
vt 0.07885622 0.844552
vt 0.08387523 0.8481019
vt 0.08457434 0.8465096
vt 0.07885622 0.844552
vt 0.07668548 0.8468784
vt 0.08307075 0.8502744
vt 0.08387523 0.8481019
vt 0.08307075 0.8502744
vt 0.08680731 0.8513183
vt 0.08820873 0.8488454
vt 0.08525758 0.8454358
vt 0.08457434 0.8465096
vt 0.08457434 0.8465096
vt 0.08387523 0.8481019
vt 0.08786845 0.8498728
vt 0.0918858 0.8532023
vt 0.08820873 0.8488454
vt 0.08786845 0.8498728
vt 0.0918858 0.8532023
vt 0.08786845 0.8498728
vt 0.08680731 0.8513183
vt 0.07592362 0.8412034
vt 0.07419615 0.8367289
vt 0.07205116 0.839559
vt 0.07841336 0.8390022
vt 0.07628142 0.8356916
vt 0.07419615 0.8367289
vt 0.07311946 0.8241299
vt 0.07087546 0.8254405
vt 0.07245075 0.826839
vt 0.07087546 0.8254405
vt 0.07125151 0.8276719
vt 0.07245075 0.826839
vt 0.07459968 0.8285229
vt 0.07371258 0.8262434
vt 0.07245075 0.826839
vt 0.07125151 0.8276719
vt 0.07144927 0.8304135
vt 0.07352131 0.8292523
vt 0.07659482 0.8326655
vt 0.07459968 0.8285229
vt 0.07352131 0.8292523
vt 0.07144927 0.8304135
vt 0.07152789 0.8349827
vt 0.07547128 0.8333484
vt 0.07547128 0.8333484
vt 0.07152789 0.8349827
vt 0.07419615 0.8367289
vt 0.07152789 0.8349827
vt 0.07205116 0.839559
vt 0.07419615 0.8367289
vt 0.07659482 0.8326655
vt 0.07547128 0.8333484
vt 0.07628142 0.8356916
vt 0.07311946 0.8241299
vt 0.0732553 0.8216351
vt 0.07050532 0.8221205
vt 0.1305049 0.8692247
vt 0.1334189 0.8646338
vt 0.1325598 0.8642566
vt 0.1325598 0.8642566
vt 0.1334189 0.8646338
vt 0.1353021 0.8568748
vt 0.1343627 0.8566343
vt 0.1353021 0.8568748
vt 0.1350933 0.8509875
vt 0.1244646 0.8701158
vt 0.1291953 0.8678719
vt 0.1243721 0.8693882
vt 0.1189177 0.8686348
vt 0.1186358 0.8698451
vt 0.1244646 0.8701158
vt 0.1244646 0.8701158
vt 0.1186358 0.8698451
vt 0.1181578 0.8729463
vt 0.1189177 0.8686348
vt 0.113978 0.8663955
vt 0.1135875 0.867643
vt 0.1186358 0.8698451
vt 0.1135875 0.867643
vt 0.1123471 0.8707827
vt 0.113978 0.8663955
vt 0.1099571 0.8612263
vt 0.1093245 0.8635359
vt 0.1135875 0.867643
vt 0.1093245 0.8635359
vt 0.1075238 0.8675763
vt 0.1099571 0.8612263
vt 0.1050873 0.8567901
vt 0.1042779 0.8585156
vt 0.1093245 0.8635359
vt 0.1042779 0.8585156
vt 0.1022166 0.8627621
vt 0.1291953 0.8678719
vt 0.1244646 0.8701158
vt 0.1251237 0.8723355
vt 0.101826 0.8556602
vt 0.1042779 0.8585156
vt 0.1050873 0.8567901
vt 0.1042779 0.8585156
vt 0.101826 0.8556602
vt 0.09876328 0.8592853
vt 0.09718394 0.8566294
vt 0.09638082 0.8572987
vt 0.09876328 0.8592853
vt 0.101826 0.8556602
vt 0.09956759 0.85448
vt 0.09718394 0.8566294
vt 0.09158128 0.8313379
vt 0.09158116 0.8319801
vt 0.09168905 0.8319171
vt 0.09180182 0.8307518
vt 0.09158128 0.8313379
vt 0.09172785 0.8313068
vt 0.09180182 0.8307518
vt 0.09195393 0.8307924
vt 0.09233367 0.8300693
vt 0.09521526 0.8341735
vt 0.0952115 0.834009
vt 0.09472697 0.8340433
vt 0.09388512 0.8342292
vt 0.09446352 0.8342749
vt 0.09441912 0.834094
vt 0.09441912 0.834094
vt 0.09446352 0.8342749
vt 0.0947026 0.834242
vt 0.09302991 0.8340095
vt 0.09388512 0.8342292
vt 0.09388732 0.8340537
vt 0.09212881 0.8331497
vt 0.09302991 0.8340095
vt 0.09302991 0.8338744
vt 0.09158116 0.8319801
vt 0.09212881 0.8331497
vt 0.09217613 0.8330637
vt 0.09573024 0.8340229
vt 0.09571558 0.8339496
vt 0.0952115 0.834009
vt 0.09573024 0.8340229
vt 0.0960325 0.8337572
vt 0.09571558 0.8339496
vt 0.09131938 0.8313926
vt 0.09138095 0.8320575
vt 0.09158116 0.8319801
vt 0.09150171 0.8306582
vt 0.09131938 0.8313926
vt 0.09158128 0.8313379
vt 0.09189987 0.83
vt 0.09150171 0.8306582
vt 0.09180182 0.8307518
vt 0.09522211 0.8343576
vt 0.09521526 0.8341735
vt 0.0947026 0.834242
vt 0.09388685 0.8346001
vt 0.09453719 0.8345557
vt 0.09446352 0.8342749
vt 0.09446352 0.8342749
vt 0.09453719 0.8345557
vt 0.09469515 0.8345098
vt 0.09296786 0.8342503
vt 0.09388685 0.8346001
vt 0.09388512 0.8342292
vt 0.09201091 0.8333344
vt 0.09296786 0.8342503
vt 0.09302991 0.8340095
vt 0.09155857 0.832443
vt 0.09201091 0.8333344
vt 0.09212881 0.8331497
vt 0.09138095 0.8320575
vt 0.09155857 0.832443
vt 0.09158116 0.8319801
vt 0.09577524 0.8341677
vt 0.09573024 0.8340229
vt 0.09521526 0.8341735
vt 0.09083706 0.8322337
vt 0.09106707 0.8321851
vt 0.09096133 0.8314784
vt 0.09096133 0.8314784
vt 0.09106707 0.8321851
vt 0.09138095 0.8320575
vt 0.09074079 0.8314256
vt 0.09096133 0.8314784
vt 0.09118038 0.830561
vt 0.09118038 0.830561
vt 0.09096133 0.8314784
vt 0.09131938 0.8313926
vt 0.0914244 0.8297715
vt 0.09098672 0.8304444
vt 0.09118038 0.830561
vt 0.0916363 0.8298973
vt 0.09118038 0.830561
vt 0.09150171 0.8306582
vt 0.09538555 0.8348327
vt 0.09527856 0.8346364
vt 0.0946148 0.8348379
vt 0.09527856 0.8346364
vt 0.09522211 0.8343576
vt 0.09469515 0.8345098
vt 0.09462755 0.8350751
vt 0.0946148 0.8348379
vt 0.09380614 0.8348419
vt 0.0946148 0.8348379
vt 0.09453719 0.8345557
vt 0.09388685 0.8346001
vt 0.09469515 0.8345098
vt 0.09453719 0.8345557
vt 0.0946148 0.8348379
vt 0.09369039 0.8351527
vt 0.09380614 0.8348419
vt 0.09287947 0.8345142
vt 0.09287947 0.8345142
vt 0.09380614 0.8348419
vt 0.09388685 0.8346001
vt 0.09161818 0.8337436
vt 0.09276479 0.8348647
vt 0.09287947 0.8345142
vt 0.09182006 0.8335336
vt 0.09287947 0.8345142
vt 0.09296786 0.8342503
vt 0.09111535 0.833008
vt 0.09161818 0.8337436
vt 0.09182006 0.8335336
vt 0.09130436 0.8327378
vt 0.09182006 0.8335336
vt 0.09201091 0.8333344
vt 0.09083706 0.8322337
vt 0.09111535 0.833008
vt 0.09130436 0.8327378
vt 0.09106707 0.8321851
vt 0.09130436 0.8327378
vt 0.09155857 0.832443
vt 0.09591525 0.834368
vt 0.09584742 0.8342653
vt 0.09527856 0.8346364
vt 0.09584742 0.8342653
vt 0.09577524 0.8341677
vt 0.09522211 0.8343576
vt 0.09189987 0.83
vt 0.09221017 0.8296434
vt 0.09211987 0.829417
vt 0.0914244 0.8297715
vt 0.0916363 0.8298973
vt 0.09211987 0.829417
vt 0.09226274 0.8299118
vt 0.09221017 0.8296434
vt 0.09189987 0.83
vt 0.09203451 0.8292299
vt 0.09211987 0.829417
vt 0.09274166 0.8291588
vt 0.09273451 0.8293649
vt 0.09274166 0.8291588
vt 0.09211987 0.829417
vt 0.09267836 0.8295815
vt 0.09273451 0.8293649
vt 0.09221017 0.8296434
vt 0.0962277 0.8336297
vt 0.09641468 0.8337071
vt 0.09641212 0.8333902
vt 0.09591525 0.834368
vt 0.09641468 0.8337071
vt 0.09584742 0.8342653
vt 0.0960325 0.8337572
vt 0.09573024 0.8340229
vt 0.09577524 0.8341677
vt 0.09584742 0.8342653
vt 0.09641468 0.8337071
vt 0.0962277 0.8336297
vt 0.06530576 0.8069551
vt 0.06907302 0.8113856
vt 0.07074433 0.8101735
vt 0.0618987 0.7944533
vt 0.06076008 0.7940893
vt 0.06013327 0.7994687
vt 0.06375837 0.8034445
vt 0.06278073 0.8041022
vt 0.06530576 0.8069551
vt 0.06181603 0.7992667
vt 0.06013327 0.7994687
vt 0.06278073 0.8041022
vt 0.0618987 0.7944533
vt 0.06315964 0.7897515
vt 0.06076008 0.7940893
vt 0.07326275 0.8154319
vt 0.07184696 0.8160888
vt 0.0732553 0.8216351
vt 0.0732553 0.8216351
vt 0.07184696 0.8160888
vt 0.0699746 0.8168521
vt 0.06427949 0.808125
vt 0.0677061 0.8125542
vt 0.06907302 0.8113856
vt 0.06530576 0.8069551
vt 0.06278073 0.8041022
vt 0.06201195 0.8046357
vt 0.06013327 0.7994687
vt 0.06201195 0.8046357
vt 0.06278073 0.8041022
vt 0.07953339 0.7875027
vt 0.07482618 0.7856556
vt 0.07474797 0.7860797
vt 0.07474797 0.7860797
vt 0.07482618 0.7856556
vt 0.07036793 0.7855698
vt 0.07043075 0.7859152
vt 0.07036793 0.7855698
vt 0.06706339 0.7867238
vt 0.06730097 0.7871691
vt 0.06706339 0.7867238
vt 0.06315964 0.7897515
vt 0.07987272 0.7867786
vt 0.07485598 0.7854023
vt 0.07482618 0.7856556
vt 0.07482618 0.7856556
vt 0.07485598 0.7854023
vt 0.07036793 0.7855698
vt 0.08398896 0.791234
vt 0.07953339 0.7875027
vt 0.07896554 0.78861
vt 0.07953339 0.7875027
vt 0.08398896 0.791234
vt 0.08488273 0.7902079
vt 0.07232326 0.8128136
vt 0.07627618 0.8155799
vt 0.07360219 0.8096725
vt 0.07326275 0.8154319
vt 0.07627618 0.8155799
vt 0.07232326 0.8128136
vt 0.07232326 0.8128136
vt 0.07360219 0.8096725
vt 0.07074433 0.8101735
vt 0.06907302 0.8113856
vt 0.07066291 0.8137117
vt 0.07232326 0.8128136
vt 0.07066291 0.8137117
vt 0.07184696 0.8160888
vt 0.07326275 0.8154319
vt 0.0677061 0.8125542
vt 0.06895244 0.8146884
vt 0.07066291 0.8137117
vt 0.07066291 0.8137117
vt 0.06895244 0.8146884
vt 0.0699746 0.8168521
vt 0.06721079 0.7963694
vt 0.06677073 0.7919009
vt 0.06381374 0.7939717
vt 0.06400626 0.798438
vt 0.06381374 0.7939717
vt 0.06273847 0.7947495
vt 0.06381374 0.7939717
vt 0.0641666 0.7906679
vt 0.06273847 0.7947495
vt 0.06500542 0.8032578
vt 0.06840384 0.8059667
vt 0.06589847 0.8028451
vt 0.06589847 0.8028451
vt 0.06840384 0.8059667
vt 0.068156 0.8025377
vt 0.06279361 0.7991855
vt 0.06500542 0.8032578
vt 0.06589847 0.8028451
vt 0.06400626 0.798438
vt 0.06589847 0.8028451
vt 0.068156 0.8025377
vt 0.0641666 0.7906679
vt 0.06381374 0.7939717
vt 0.06677073 0.7919009
vt 0.08895105 0.7985976
vt 0.08268964 0.793257
vt 0.0827341 0.7960899
vt 0.0827341 0.7960899
vt 0.08268964 0.793257
vt 0.07710248 0.7913202
vt 0.08398896 0.791234
vt 0.0886684 0.7963182
vt 0.08881044 0.7947543
vt 0.0886684 0.7963182
vt 0.08398896 0.791234
vt 0.08268964 0.793257
vt 0.1135827 0.8226134
vt 0.1149603 0.8222548
vt 0.1125405 0.8195773
vt 0.1125405 0.8195773
vt 0.1108081 0.8170226
vt 0.1097663 0.8180051
vt 0.1108081 0.8170226
vt 0.1091203 0.8130009
vt 0.1081221 0.8143324
vt 0.1135031 0.8189933
vt 0.1115237 0.8163506
vt 0.1108081 0.8170226
vt 0.1108081 0.8170226
vt 0.1115237 0.8163506
vt 0.1091203 0.8130009
vt 0.1081221 0.8143324
vt 0.1091203 0.8130009
vt 0.1067642 0.8109096
vt 0.1176154 0.8243166
vt 0.1149603 0.8222548
vt 0.1135827 0.8226134
vt 0.1149603 0.8222548
vt 0.1176154 0.8243166
vt 0.1156994 0.8219897
vt 0.1149603 0.8222548
vt 0.1156994 0.8219897
vt 0.1135031 0.8189933
vt 0.1331606 0.8446521
vt 0.1298493 0.8386696
vt 0.1291775 0.8398495
vt 0.1298493 0.8386696
vt 0.1285331 0.8359989
vt 0.1273795 0.8367891
vt 0.1248111 0.8339106
vt 0.1263288 0.8330654
vt 0.1240198 0.8307544
vt 0.1273795 0.8367891
vt 0.1285331 0.8359989
vt 0.1263288 0.8330654
vt 0.1213762 0.828006
vt 0.1176154 0.8243166
vt 0.1172426 0.8260465
vt 0.1213605 0.8314691
vt 0.1240198 0.8307544
vt 0.1213762 0.828006
vt 0.1298493 0.8386696
vt 0.1305906 0.8384234
vt 0.1292479 0.8356855
vt 0.1263288 0.8330654
vt 0.1277166 0.8322483
vt 0.1261627 0.8294897
vt 0.1285331 0.8359989
vt 0.1292479 0.8356855
vt 0.1277166 0.8322483
vt 0.1240198 0.8307544
vt 0.1261627 0.8294897
vt 0.1241406 0.8269014
vt 0.1213762 0.828006
vt 0.1241406 0.8269014
vt 0.1205654 0.8249592
vt 0.1333701 0.8507028
vt 0.1350933 0.8509875
vt 0.1331606 0.8446521
vt 0.1331606 0.8446521
vt 0.1305906 0.8384234
vt 0.1298493 0.8386696
vt 0.1343125 0.8440928
vt 0.1319341 0.8372909
vt 0.1305906 0.8384234
vt 0.1350933 0.8509875
vt 0.1343125 0.8440928
vt 0.1331606 0.8446521
vt 0.1277166 0.8322483
vt 0.1293215 0.8316653
vt 0.1275254 0.8290011
vt 0.1310312 0.8346763
vt 0.1293215 0.8316653
vt 0.1277166 0.8322483
vt 0.1261627 0.8294897
vt 0.1275254 0.8290011
vt 0.1256585 0.8262768
vt 0.1319341 0.8372909
vt 0.1310312 0.8346763
vt 0.1292479 0.8356855
vt 0.1293215 0.8316653
vt 0.1331924 0.8292024
vt 0.1315808 0.8275309
vt 0.1310312 0.8346763
vt 0.135302 0.8331559
vt 0.1331924 0.8292024
vt 0.1275254 0.8290011
vt 0.1315808 0.8275309
vt 0.1282581 0.8257368
vt 0.1352368 0.8368624
vt 0.135302 0.8331559
vt 0.1310312 0.8346763
vt 0.1256585 0.8262768
vt 0.1282581 0.8257368
vt 0.1250802 0.8249463
vt 0.1241406 0.8269014
vt 0.1256585 0.8262768
vt 0.1250802 0.8249463
vt 0.1343125 0.8440928
vt 0.1352368 0.8368624
vt 0.1319341 0.8372909
vt 0.0886684 0.7963182
vt 0.09328842 0.7999706
vt 0.09357661 0.798615
vt 0.09328842 0.7999706
vt 0.09893476 0.8038986
vt 0.09928774 0.8028263
vt 0.09893476 0.8038986
vt 0.1026534 0.8054757
vt 0.1027678 0.8042439
vt 0.1026534 0.8054757
vt 0.1063739 0.8065163
vt 0.1062636 0.8049642
vt 0.1063739 0.8065163
vt 0.1026534 0.8054757
vt 0.1022896 0.807035
vt 0.1026534 0.8054757
vt 0.09893476 0.8038986
vt 0.09868925 0.8053897
vt 0.09893476 0.8038986
vt 0.09328842 0.7999706
vt 0.09355205 0.8017205
vt 0.09328842 0.7999706
vt 0.0886684 0.7963182
vt 0.08895105 0.7985976
vt 0.1057578 0.8022373
vt 0.1027863 0.8020294
vt 0.1027678 0.8042439
vt 0.1044263 0.7981679
vt 0.1015479 0.7980503
vt 0.1027863 0.8020294
vt 0.1032488 0.7959969
vt 0.09959834 0.7944701
vt 0.1015479 0.7980503
vt 0.09959834 0.7944701
vt 0.0960921 0.7943648
vt 0.09874618 0.7989477
vt 0.1015479 0.7980503
vt 0.09874618 0.7989477
vt 0.09955078 0.80146
vt 0.09928774 0.8028263
vt 0.1027678 0.8042439
vt 0.1027863 0.8020294
vt 0.0960921 0.7943648
vt 0.09303778 0.7958845
vt 0.09580802 0.7986979
vt 0.09928774 0.8028263
vt 0.09955078 0.80146
vt 0.09580802 0.7986979
vt 0.09955078 0.80146
vt 0.09874618 0.7989477
vt 0.09580802 0.7986979
vt 0.09357661 0.798615
vt 0.09580802 0.7986979
vt 0.09303778 0.7958845
vt 0.1212131 0.8617863
vt 0.1265571 0.8654988
vt 0.1274447 0.8647803
vt 0.1155589 0.8594116
vt 0.1149309 0.860837
vt 0.1212131 0.8617863
vt 0.1100369 0.859683
vt 0.1099734 0.8610604
vt 0.1149309 0.860837
vt 0.1038807 0.8616548
vt 0.1099734 0.8610604
vt 0.1100369 0.859683
vt 0.0918858 0.8532023
vt 0.09003949 0.8543021
vt 0.09552001 0.8586675
vt 0.1297491 0.8710858
vt 0.1286149 0.871248
vt 0.1280559 0.8764022
vt 0.1280559 0.8764022
vt 0.1233553 0.8840775
vt 0.1251704 0.8845584
vt 0.1233553 0.8840775
vt 0.1197412 0.8885378
vt 0.1210056 0.8892675
vt 0.1265571 0.8654988
vt 0.1286149 0.871248
vt 0.1297491 0.8710858
vt 0.09959095 0.8611861
vt 0.1038807 0.8616548
vt 0.1032957 0.8602874
vt 0.09552001 0.8586675
vt 0.09959095 0.8611861
vt 0.09876328 0.8592853
vt 0.1197412 0.8885378
vt 0.1143689 0.8933707
vt 0.1150901 0.8946006
vt 0.09845161 0.8991823
vt 0.0993517 0.8973555
vt 0.09696364 0.8974998
vt 0.1033952 0.8989083
vt 0.1034191 0.8974621
vt 0.0993517 0.8973555
vt 0.09590131 0.8993056
vt 0.09696364 0.8974998
vt 0.09386116 0.8972704
vt 0.1074413 0.8980961
vt 0.1072676 0.8968159
vt 0.1034191 0.8974621
vt 0.09195631 0.90005529
vt 0.09386116 0.8972704
vt 0.09206384 0.8965191
vt 0.08847296 0.90101576
vt 0.09206384 0.8965191
vt 0.08775484 0.8939799
vt 0.1150901 0.8946006
vt 0.1143689 0.8933707
vt 0.1072676 0.8968159
vt 0.165732 0.8631394
vt 0.1661487 0.8649685
vt 0.1664713 0.8643151
vt 0.16595 0.8623036
vt 0.1664713 0.8643151
vt 0.1674209 0.8632827
vt 0.1668511 0.8611705
vt 0.1674209 0.8632827
vt 0.1693357 0.862136
vt 0.1687522 0.8600178
vt 0.1693357 0.862136
vt 0.1705992 0.8610208
vt 0.1674209 0.8632827
vt 0.1683133 0.8674711
vt 0.1696549 0.8671121
vt 0.1696549 0.8671121
vt 0.1705992 0.8699884
vt 0.1705992 0.8610208
vt 0.1664713 0.8643151
vt 0.1673501 0.8677247
vt 0.1683133 0.8674711
vt 0.1661487 0.8649685
vt 0.1673501 0.8677247
vt 0.1664713 0.8643151
vt 0.1135031 0.8189933
vt 0.1137997 0.8187476
vt 0.1118309 0.8161443
vt 0.1115237 0.8163506
vt 0.1118309 0.8161443
vt 0.1094289 0.8128185
vt 0.1091203 0.8130009
vt 0.1094289 0.8128185
vt 0.107851 0.8105289
vt 0.117881 0.8240605
vt 0.1159715 0.8217362
vt 0.1156994 0.8219897
vt 0.1159715 0.8217362
vt 0.1137997 0.8187476
vt 0.1135031 0.8189933
vt 0.07370173 0.8348656
vt 0.07591658 0.8389622
vt 0.07778584 0.8378301
vt 0.07778584 0.8378301
vt 0.07591658 0.8389622
vt 0.08218491 0.8459024
vt 0.08404785 0.8447806
vt 0.08218491 0.8459024
vt 0.08583265 0.8490034
vt 0.08768749 0.8478929
vt 0.08583265 0.8490034
vt 0.09003949 0.8543021
vt 0.07194799 0.8296255
vt 0.07370173 0.8348656
vt 0.07557582 0.833724
vt 0.06678533 0.814097
vt 0.06795805 0.8164245
vt 0.06984513 0.815249
vt 0.06795805 0.8164245
vt 0.06941789 0.8193403
vt 0.07130283 0.818172
vt 0.06941789 0.8193403
vt 0.07097136 0.8244714
vt 0.07285344 0.8233111
vt 0.07097136 0.8244714
vt 0.07194799 0.8296255
vt 0.07382619 0.8284747
vt 0.06548285 0.8106605
vt 0.06678533 0.814097
vt 0.0686742 0.8129145
vt 0.08745932 0.7850366
vt 0.08512842 0.7912645
vt 0.0864461 0.7918876
vt 0.08813339 0.7789397
vt 0.08679163 0.7792057
vt 0.08745932 0.7850366
vt 0.06571251 0.8028658
vt 0.06548285 0.8106605
vt 0.06737303 0.8094713
vt 0.07482409 0.7959251
vt 0.06855708 0.7979073
vt 0.06963074 0.7990549
vt 0.0808677 0.7947575
vt 0.07482409 0.7959251
vt 0.07596898 0.7974523
vt 0.0864461 0.7918876
vt 0.08512842 0.7912645
vt 0.0808677 0.7947575
vt 0.08051407 0.7738474
vt 0.08535391 0.7769096
vt 0.08501708 0.7735826
vt 0.08535391 0.7769096
vt 0.08679163 0.7792057
vt 0.08813339 0.7789397
vt 0.06928187 0.768599
vt 0.06927478 0.7702262
vt 0.07475525 0.7709125
vt 0.07475525 0.7709125
vt 0.08051407 0.7738474
vt 0.08162724 0.7706693
vt 0.06205499 0.7714576
vt 0.06248205 0.7729683
vt 0.06927478 0.7702262
vt 0.06762844 0.8010972
vt 0.06626635 0.8004747
vt 0.06571251 0.8028658
vt 0.06855708 0.7979073
vt 0.06626635 0.8004747
vt 0.06762844 0.8010972
vt 0.05517286 0.7745067
vt 0.05533373 0.7764654
vt 0.06248205 0.7729683
vt 0.04532396 0.7765786
vt 0.04978865 0.776564
vt 0.04958319 0.7752886
vt 0.03607439 0.7788388
vt 0.03647387 0.7801484
vt 0.04122269 0.778069
vt 0.04078471 0.7768474
vt 0.04122269 0.778069
vt 0.04532396 0.7765786
vt 0.05517286 0.7745067
vt 0.04958319 0.7752886
vt 0.04978865 0.776564
vt 0.1715056 0.8749719
vt 0.1614542 0.8750132
vt 0.161492 0.8774547
vt 0.1714742 0.8728138
vt 0.1614229 0.8728551
vt 0.1614542 0.8750132
vt 0.1714299 0.8701062
vt 0.1613961 0.8701062
vt 0.1614229 0.8728551
vt 0.1453354 0.8398712
vt 0.1436394 0.8416279
vt 0.1457466 0.8415257
vt 0.1457466 0.8415257
vt 0.1436394 0.8416279
vt 0.1423748 0.843377
vt 0.1483654 0.8458869
vt 0.1484304 0.8451928
vt 0.1460336 0.844966
vt 0.1460336 0.844966
vt 0.1484304 0.8451928
vt 0.1486093 0.8446469
vt 0.1460336 0.844966
vt 0.1486093 0.8446469
vt 0.1478515 0.8430201
vt 0.1440806 0.8444345
vt 0.1478515 0.8430201
vt 0.1423748 0.843377
vt 0.1401166 0.8449444
vt 0.1420797 0.844431
vt 0.1423748 0.843377
vt 0.1581235 0.8037335
vt 0.1583856 0.803161
vt 0.1564095 0.8026207
vt 0.1596717 0.8046654
vt 0.1600747 0.8041668
vt 0.1583856 0.803161
vt 0.1583856 0.803161
vt 0.1600747 0.8041668
vt 0.1600506 0.8039439
vt 0.1564095 0.8026207
vt 0.1583856 0.803161
vt 0.1582445 0.8019237
vt 0.1563337 0.7977502
vt 0.155633 0.7993241
vt 0.1574957 0.7998987
vt 0.1564095 0.8026207
vt 0.1574957 0.7998987
vt 0.155633 0.7993241
vt 0.1524867 0.8031011
vt 0.1518899 0.8031545
vt 0.1507471 0.804063
vt 0.1524867 0.8031011
vt 0.1522498 0.8024588
vt 0.1518899 0.8031545
vt 0.1524867 0.8031011
vt 0.1532332 0.8001786
vt 0.1524685 0.8008325
vt 0.1544007 0.8026074
vt 0.155633 0.7993241
vt 0.1532332 0.8001786
vt 0.1262634 0.1475929
vt 0.1238566 0.1475929
vt 0.1238576 0.1495122
vt 0.1265597 0.1495122
vt 0.1265646 0.1475929
vt 0.1262634 0.1475929
vt 0.126856 0.149512
vt 0.1268658 0.1475929
vt 0.1265646 0.1475929
vt 0.1558699 0.8719574
vt 0.1552414 0.8690398
vt 0.1529709 0.8760429
vt 0.1534317 0.8667401
vt 0.1490515 0.8771269
vt 0.1529709 0.8760429
vt 0.1516923 0.865249
vt 0.1464827 0.8774547
vt 0.1490515 0.8771269
vt 0.1494504 0.8635188
vt 0.1432292 0.8774548
vt 0.1464827 0.8774547
vt 0.1494504 0.8635188
vt 0.1482084 0.8619525
vt 0.1398496 0.876374
vt 0.1354198 0.8722723
vt 0.1363883 0.8732776
vt 0.1482084 0.8619525
vt 0.1482084 0.8619525
vt 0.1363883 0.8732776
vt 0.137233 0.8739402
vt 0.1482084 0.8619525
vt 0.137233 0.8739402
vt 0.1385036 0.8752518
vt 0.1482084 0.8619525
vt 0.1385036 0.8752518
vt 0.1398496 0.876374
vt 0.1487603 0.7735526
vt 0.1474301 0.7715433
vt 0.1481556 0.7783562
vt 0.1474301 0.7715433
vt 0.1393587 0.7715249
vt 0.1373865 0.7737927
vt 0.1474301 0.7715433
vt 0.1464775 0.7709723
vt 0.1441394 0.770755
vt 0.1441394 0.770755
vt 0.141489 0.770755
vt 0.1393587 0.7715249
vt 0.1373865 0.7737927
vt 0.1354198 0.7764
vt 0.144149 0.7817833
vt 0.1461188 0.7798922
vt 0.1481556 0.7783562
vt 0.1373865 0.7737927
vt 0.1495801 0.8268536
vt 0.1493608 0.8249924
vt 0.1493608 0.827378
vt 0.1493622 0.8292694
vt 0.1493622 0.8311928
vt 0.1496611 0.8297453
vt 0.1681473 0.8158077
vt 0.1686672 0.8174423
vt 0.1683732 0.8158248
vt 0.1686672 0.8174423
vt 0.1729736 0.8177237
vt 0.1729736 0.8159011
vt 0.1729272 0.8134689
vt 0.1683269 0.8133926
vt 0.1683732 0.8158248
vt 0.119476 0.7678962
vt 0.1194981 0.7638256
vt 0.1091638 0.7637148
vt 0.1067955 0.147744
vt 0.1067955 0.1467514
vt 0.1058177 0.1467516
vt 0.1096461 0.1467366
vt 0.1087147 0.1467363
vt 0.1087147 0.147729
vt 0.1087147 0.147729
vt 0.1087147 0.1467363
vt 0.1067955 0.1467514
vt 0.1235489 0.1531194
vt 0.1235489 0.1533817
vt 0.1245415 0.1533772
vt 0.1264607 0.1533794
vt 0.127395 0.1533838
vt 0.127395 0.1531217
vt 0.1245415 0.1533772
vt 0.1264607 0.1533794
vt 0.1264607 0.1531172
vt 0.1096687 0.147533
vt 0.1106615 0.1477328
vt 0.1106615 0.1468054
vt 0.1125806 0.146817
vt 0.1125806 0.1477443
vt 0.1135149 0.1475451
vt 0.1106615 0.1477328
vt 0.1125806 0.1477443
vt 0.1125806 0.146817
vt 0.128484 0.1615214
vt 0.1285509 0.1614086
vt 0.1279242 0.1610365
vt 0.1275141 0.1612253
vt 0.1273775 0.1614556
vt 0.1276189 0.1615508
vt 0.1272442 0.1612941
vt 0.1271075 0.1615244
vt 0.1273775 0.1614556
vt 0.1277903 0.161262
vt 0.1276189 0.1615508
vt 0.128484 0.1615214
vt 0.1270192 0.1614584
vt 0.1269974 0.1615508
vt 0.1271075 0.1615244
vt 0.1288787 0.1720379
vt 0.1285247 0.1720892
vt 0.1288774 0.1735859
vt 0.1282484 0.1721227
vt 0.1288774 0.1735859
vt 0.1285247 0.1720892
vt 0.1279795 0.1720474
vt 0.1259801 0.1735859
vt 0.1288774 0.1735859
vt 0.1055887 0.1472472
vt 0.1057951 0.1469449
vt 0.1046292 0.1464142
vt 0.105313 0.1474752
vt 0.1055887 0.1472472
vt 0.1046292 0.1464142
vt 0.1049855 0.1476191
vt 0.105313 0.1474752
vt 0.1046292 0.1464142
vt 0.1047367 0.1477443
vt 0.1049855 0.1476191
vt 0.1046292 0.1464142
vt 0.1740403 0.8030414
vt 0.1612284 0.8030416
vt 0.1608845 0.8048758
vt 0.1732075 0.8013711
vt 0.1620611 0.8013711
vt 0.1612284 0.8030416
vt 0.1732075 0.8013711
vt 0.1719498 0.7999924
vt 0.1633191 0.7999924
vt 0.1703627 0.7990101
vt 0.1649059 0.7990103
vt 0.1633191 0.7999924
vt 0.1703627 0.7990101
vt 0.1685674 0.7984999
vt 0.1667012 0.7984999
vt 0.1739409 0.8881363
vt 0.1737788 0.8862817
vt 0.1606062 0.8862818
vt 0.1739409 0.8881363
vt 0.1604439 0.8881359
vt 0.1607935 0.8899643
vt 0.1735913 0.8899647
vt 0.1607935 0.8899643
vt 0.1616287 0.8916278
vt 0.1616287 0.8916278
vt 0.1628863 0.8930002
vt 0.1714982 0.8930004
vt 0.1628863 0.8930002
vt 0.1644705 0.8939776
vt 0.1699137 0.8939778
vt 0.1699137 0.8939778
vt 0.1644705 0.8939776
vt 0.1662616 0.8944856
vt 0.1255471 0.1725438
vt 0.125818 0.1720282
vt 0.1237511 0.1713167
vt 0.1237511 0.1713167
vt 0.1237104 0.1713584
vt 0.1255471 0.1725438
vt 0.1237807 0.1712667
vt 0.125818 0.1720282
vt 0.1237974 0.171211
vt 0.1237104 0.1713584
vt 0.1236609 0.1713892
vt 0.1251609 0.1729793
vt 0.1238004 0.1711532
vt 0.1237974 0.171211
vt 0.1259574 0.1708804
vt 0.1236609 0.1713892
vt 0.1236056 0.1714072
vt 0.1246814 0.17331
vt 0.1237895 0.1710965
vt 0.1238004 0.1711532
vt 0.125818 0.1703153
vt 0.1235477 0.1714115
vt 0.1235591 0.1735859
vt 0.1236056 0.1714072
vt 0.1237895 0.1710965
vt 0.125818 0.1703153
vt 0.1237653 0.1710443
vt 0.1235477 0.1714115
vt 0.1234905 0.1714018
vt 0.1235591 0.1735859
vt 0.1237653 0.1710443
vt 0.1255469 0.1697999
vt 0.1237294 0.1709996
vt 0.1234905 0.1714018
vt 0.1234375 0.171379
vt 0.1229811 0.1735154
vt 0.1246806 0.169035
vt 0.1236839 0.1709651
vt 0.1251602 0.1693646
vt 0.1233918 0.171344
vt 0.1219584 0.1729772
vt 0.1234375 0.171379
vt 0.1236314 0.1709427
vt 0.1236839 0.1709651
vt 0.1241363 0.1688301
vt 0.1233918 0.171344
vt 0.1233559 0.1712993
vt 0.1219584 0.1729772
vt 0.1236314 0.1709427
vt 0.1241363 0.1688301
vt 0.123575 0.1709338
vt 0.1233559 0.1712993
vt 0.1233319 0.1712476
vt 0.1215732 0.172541
vt 0.1235179 0.1709392
vt 0.123575 0.1709338
vt 0.1229829 0.1688334
vt 0.1233319 0.1712476
vt 0.1233214 0.1711917
vt 0.121304 0.1720252
vt 0.1235179 0.1709392
vt 0.1229829 0.1688334
vt 0.1234638 0.1709586
vt 0.1233214 0.1711917
vt 0.123325 0.1711349
vt 0.1211663 0.1714603
vt 0.1234638 0.1709586
vt 0.1224414 0.1690401
vt 0.1234157 0.1709911
vt 0.1233426 0.1710807
vt 0.1213089 0.1703154
vt 0.123325 0.1711349
vt 0.1233733 0.1710319
vt 0.1234157 0.1709911
vt 0.1215801 0.1698023
vt 0.1233426 0.1710807
vt 0.1233733 0.1710319
vt 0.1213089 0.1703154
vt 0.1286017 0.1692828
vt 0.128621 0.1696616
vt 0.1288551 0.1694364
vt 0.1260928 0.1692828
vt 0.12844 0.1698711
vt 0.1286017 0.1692828
vt 0.1259994 0.169845
vt 0.12835 0.1701327
vt 0.1260928 0.1692828
vt 0.1283639 0.1704093
vt 0.12835 0.1701327
vt 0.1259801 0.1704145
vt 0.1261961 0.1602135
vt 0.1287273 0.1602134
vt 0.1263456 0.1595758
vt 0.1151708 0.1477443
vt 0.1138548 0.1473701
vt 0.1144596 0.1477443
vt 0.1287273 0.1602134
vt 0.1261961 0.1602135
vt 0.1287602 0.160571
vt 0.1159785 0.147074
vt 0.1160928 0.1467336
vt 0.1154991 0.1475993
vt 0.1151708 0.1477443
vt 0.1154991 0.1475993
vt 0.1138548 0.1473701
vt 0.1251229 0.1687392
vt 0.1261156 0.1687391
vt 0.1251233 0.1684605
vt 0.1251233 0.1684605
vt 0.126116 0.1684623
vt 0.1251242 0.1681819
vt 0.1251242 0.1681819
vt 0.1261169 0.1681855
vt 0.1251255 0.1679034
vt 0.1251255 0.1679034
vt 0.1261183 0.1679087
vt 0.1251272 0.1676249
vt 0.1261199 0.1676319
vt 0.1261221 0.1673551
vt 0.1251272 0.1676249
vt 0.1261221 0.1673551
vt 0.1261246 0.1670784
vt 0.1251294 0.1673462
vt 0.1261246 0.1670784
vt 0.126128 0.1667192
vt 0.1251319 0.1670678
vt 0.126128 0.1667192
vt 0.126131 0.1663602
vt 0.1251353 0.16671
vt 0.1251383 0.1663523
vt 0.126131 0.1663602
vt 0.1251537 0.1659865
vt 0.1261336 0.1660012
vt 0.1261358 0.1656421
vt 0.1251537 0.1659865
vt 0.1261358 0.1656421
vt 0.1261376 0.1652831
vt 0.1251558 0.1656368
vt 0.1261205 0.1600466
vt 0.1261159 0.1594769
vt 0.1251428 0.1600543
vt 0.1261376 0.1652831
vt 0.126139 0.1649241
vt 0.1251577 0.1652729
vt 0.1251471 0.1606237
vt 0.1261248 0.1606165
vt 0.1251428 0.1600543
vt 0.126139 0.1649241
vt 0.1261399 0.164565
vt 0.1251593 0.1649161
vt 0.1261286 0.1611863
vt 0.1261248 0.1606165
vt 0.1251508 0.1611888
vt 0.1261399 0.164565
vt 0.1261405 0.164206
vt 0.1251604 0.1645592
vt 0.1261322 0.1617561
vt 0.1261286 0.1611863
vt 0.1251542 0.161762
vt 0.1261405 0.164206
vt 0.1261406 0.163847
vt 0.1251612 0.1642024
vt 0.1261406 0.163847
vt 0.1261402 0.163488
vt 0.1251616 0.1638456
vt 0.1261322 0.1617561
vt 0.1251542 0.161762
vt 0.1261361 0.162411
vt 0.1261402 0.163488
vt 0.1261394 0.163129
vt 0.1251615 0.1634887
vt 0.1251597 0.1627748
vt 0.126138 0.1627699
vt 0.125158 0.162417
vt 0.1251608 0.1631319
vt 0.1261394 0.163129
vt 0.1251597 0.1627748
vt 0.1278237 0.1492329
vt 0.1268896 0.1492302
vt 0.1278227 0.1495122
vt 0.1278241 0.1489534
vt 0.1268903 0.1489526
vt 0.1278237 0.1492329
vt 0.1278241 0.1486741
vt 0.1268904 0.148675
vt 0.1278241 0.1489534
vt 0.1237761 0.1614866
vt 0.1240218 0.1613124
vt 0.1237761 0.1611017
vt 0.1278236 0.1483948
vt 0.1268898 0.1483974
vt 0.1278241 0.1486741
vt 0.1268888 0.1481199
vt 0.1268898 0.1483974
vt 0.1278226 0.1481155
vt 0.1250675 0.1584271
vt 0.1250632 0.1580691
vt 0.1241331 0.1584374
vt 0.1250712 0.1587852
vt 0.1250675 0.1584271
vt 0.1241368 0.1587942
vt 0.12414 0.1591509
vt 0.1250744 0.1591433
vt 0.1241368 0.1587942
vt 0.1241427 0.1595077
vt 0.125077 0.1595013
vt 0.12414 0.1591509
vt 0.1237363 0.1521794
vt 0.1238339 0.1518348
vt 0.1235483 0.152484
vt 0.1250641 0.1653175
vt 0.1250677 0.1647437
vt 0.1241328 0.1653113
vt 0.1211663 0.1476221
vt 0.1212415 0.1481908
vt 0.1235358 0.1474006
vt 0.1241449 0.1598645
vt 0.1250791 0.1598594
vt 0.1241427 0.1595077
vt 0.1241364 0.1647382
vt 0.1250677 0.1647437
vt 0.1241396 0.164165
vt 0.1241467 0.1602214
vt 0.1250807 0.1602175
vt 0.1241449 0.1598645
vt 0.1241396 0.164165
vt 0.125071 0.16417
vt 0.1241424 0.163592
vt 0.1235581 0.1471239
vt 0.1211663 0.1470483
vt 0.1235358 0.1474006
vt 0.1241481 0.1605782
vt 0.1250817 0.1605756
vt 0.1241467 0.1602214
vt 0.1241424 0.163592
vt 0.125074 0.1635963
vt 0.1241449 0.1630188
vt 0.1241449 0.1630188
vt 0.1250766 0.1630225
vt 0.1241474 0.1623623
vt 0.1216338 0.1507302
vt 0.1211663 0.1511912
vt 0.1229643 0.1528869
vt 0.1241489 0.160935
vt 0.1250821 0.1609337
vt 0.1241481 0.1605782
vt 0.1235483 0.152484
vt 0.1232841 0.1505855
vt 0.1232843 0.152726
vt 0.1232841 0.1505855
vt 0.1238339 0.1518348
vt 0.1235482 0.1508275
vt 0.1241493 0.1612919
vt 0.1250822 0.1612918
vt 0.1241489 0.160935
vt 0.121921 0.1505164
vt 0.1216338 0.1507302
vt 0.1232843 0.152726
vt 0.1241492 0.1616486
vt 0.1250817 0.1616499
vt 0.1241493 0.1612919
vt 0.1241474 0.1623623
vt 0.1250795 0.162366
vt 0.1241486 0.1620055
vt 0.1241486 0.1620055
vt 0.1250808 0.1620079
vt 0.1241492 0.1616486
vt 0.1232843 0.152726
vt 0.1226124 0.1503577
vt 0.121921 0.1505164
vt 0.1652069 0.8647164
vt 0.1652886 0.8628551
vt 0.1638309 0.8646527
vt 0.1651163 0.8665774
vt 0.1652069 0.8647164
vt 0.1637406 0.866507
vt 0.1652886 0.8628551
vt 0.1653611 0.8609939
vt 0.1639124 0.862798
vt 0.1653611 0.8609939
vt 0.1654245 0.859132
vt 0.1639848 0.8609434
vt 0.164048 0.8590886
vt 0.1654245 0.859132
vt 0.1641023 0.8572334
vt 0.1635662 0.8699183
vt 0.1649419 0.8699884
vt 0.1637406 0.866507
vt 0.1717169 0.8126135
vt 0.1717129 0.8096343
vt 0.1703387 0.8119528
vt 0.1654787 0.8572702
vt 0.165524 0.8554088
vt 0.1641023 0.8572334
vt 0.1680295 0.8135867
vt 0.1672635 0.810724
vt 0.1667075 0.8139421
vt 0.1692625 0.8132749
vt 0.1703387 0.8119528
vt 0.1681473 0.8128211
vt 0.1688616 0.8251368
vt 0.1676461 0.8235258
vt 0.168794 0.8257987
vt 0.165524 0.8554088
vt 0.1655602 0.853547
vt 0.1641476 0.8553784
vt 0.1658794 0.8177237
vt 0.1667075 0.8139421
vt 0.1658797 0.8110526
vt 0.1651804 0.8082087
vt 0.1659407 0.8110762
vt 0.166504 0.8078595
vt 0.1641838 0.8535235
vt 0.1655602 0.853547
vt 0.164211 0.8516689
vt 0.1644268 0.8053396
vt 0.1651804 0.8082087
vt 0.1657512 0.8049935
vt 0.164211 0.8516689
vt 0.1655872 0.8516854
vt 0.1642292 0.849814
vt 0.1642292 0.849814
vt 0.1656053 0.8498241
vt 0.1642385 0.8479597
vt 0.1642385 0.8479597
vt 0.1656143 0.8479631
vt 0.1642386 0.8461059
vt 0.1642386 0.8461059
vt 0.1656143 0.8461024
vt 0.16423 0.844252
vt 0.16423 0.844252
vt 0.1656054 0.844242
vt 0.1642124 0.8423985
vt 0.1565207 0.823429
vt 0.1559876 0.8247699
vt 0.168794 0.8257987
vt 0.1655875 0.8423821
vt 0.1655749 0.8409404
vt 0.1642124 0.8423985
vt 0.1655749 0.8409404
vt 0.1655717 0.8394989
vt 0.1641998 0.8409479
vt 0.1565206 0.8219861
vt 0.1565207 0.823429
vt 0.1661201 0.8216835
vt 0.1642318 0.820214
vt 0.1620708 0.8191875
vt 0.1661201 0.8216835
vt 0.1655717 0.8394989
vt 0.165578 0.8380573
vt 0.1641967 0.8394971
vt 0.1559876 0.820645
vt 0.1565206 0.8219861
vt 0.1597391 0.8186519
vt 0.165578 0.8380573
vt 0.1655938 0.8366161
vt 0.1642032 0.8380467
vt 0.1703456 0.7976324
vt 0.168623 0.7959721
vt 0.1679171 0.7976324
vt 0.1655938 0.8366161
vt 0.1656107 0.8355936
vt 0.1642191 0.8365965
vt 0.150363 0.8343282
vt 0.150363 0.8328763
vt 0.1489867 0.8343236
vt 0.1704207 0.8801633
vt 0.1704207 0.8789592
vt 0.1654322 0.880118
vt 0.1608845 0.8177237
vt 0.1658794 0.8177237
vt 0.1608847 0.8110526
vt 0.1494756 0.7920318
vt 0.1494784 0.7940506
vt 0.1544641 0.7920284
vt 0.1494726 0.789638
vt 0.1494756 0.7920318
vt 0.1544584 0.7896289
vt 0.1494671 0.7872441
vt 0.1494726 0.789638
vt 0.1544526 0.7872298
vt 0.1494584 0.7848518
vt 0.1494671 0.7872441
vt 0.1544468 0.784829
vt 0.1494451 0.7824595
vt 0.1494584 0.7848518
vt 0.1544334 0.7824271
vt 0.1494272 0.7800672
vt 0.1494451 0.7824595
vt 0.1544155 0.7800253
vt 0.1543931 0.7776234
vt 0.1494048 0.7776748
vt 0.1544155 0.7800253
vt 0.1604439 0.8801632
vt 0.1654322 0.880118
vt 0.1604439 0.8789592
vt 0.1544724 0.795761
vt 0.1594575 0.7940221
vt 0.1544641 0.7920284
vt 0.1706051 0.8095165
vt 0.1717202 0.8090621
vt 0.1695246 0.8081902
vt 0.1707208 0.8591521
vt 0.1707206 0.8524367
vt 0.1657323 0.8591521
vt 0.1683296 0.8523189
vt 0.1672226 0.8464644
vt 0.1669775 0.8491802
vt 0.165732 0.846501
vt 0.1671757 0.8466281
vt 0.1672123 0.8461704
vt 0.1594512 0.7920096
vt 0.159444 0.7896256
vt 0.1544641 0.7920284
vt 0.159444 0.7896256
vt 0.1594398 0.7872407
vt 0.1544584 0.7896289
vt 0.1594398 0.7872407
vt 0.1594379 0.7848549
vt 0.1544526 0.7872298
vt 0.1681828 0.7825158
vt 0.1640858 0.7950199
vt 0.1700022 0.7829323
vt 0.1640858 0.7950199
vt 0.1681828 0.7825158
vt 0.1611778 0.7932496
vt 0.1606094 0.792892
vt 0.1611778 0.7932496
vt 0.1600887 0.7909486
vt 0.1600887 0.7909486
vt 0.1667991 0.7821221
vt 0.1595752 0.7886209
vt 0.1594379 0.7848549
vt 0.15944 0.78247
vt 0.1544468 0.784829
vt 0.1595752 0.7862374
vt 0.1595752 0.7886209
vt 0.1600881 0.7839094
vt 0.1600881 0.7839094
vt 0.1656611 0.7812415
vt 0.1610903 0.7817467
vt 0.1544488 0.782461
vt 0.15944 0.78247
vt 0.1544553 0.7800671
vt 0.1544553 0.7800671
vt 0.1594464 0.7800851
vt 0.1544665 0.7776726
vt 0.1489867 0.821712
vt 0.1494448 0.821712
vt 0.1493655 0.8212652
vt 0.1631013 0.8628004
vt 0.1617258 0.8628574
vt 0.163183 0.8646569
vt 0.163183 0.8646569
vt 0.161808 0.8647225
vt 0.1632738 0.8665102
vt 0.1616527 0.8609919
vt 0.1617258 0.8628574
vt 0.1630284 0.8609416
vt 0.1620735 0.8699884
vt 0.1634484 0.8699179
vt 0.1618991 0.8665872
vt 0.1615887 0.8591264
vt 0.1616527 0.8609919
vt 0.1629646 0.8590825
vt 0.1629098 0.8572233
vt 0.1615339 0.8572603
vt 0.1629646 0.8590825
vt 0.1628642 0.855364
vt 0.1614882 0.8553945
vt 0.1629098 0.8572233
vt 0.1681473 0.8088592
vt 0.1695246 0.8081902
vt 0.1681473 0.8059
vt 0.1671757 0.8466281
vt 0.165732 0.846501
vt 0.1669775 0.8491802
vt 0.1628275 0.8535049
vt 0.1614516 0.8535288
vt 0.1628642 0.855364
vt 0.1614241 0.8516629
vt 0.1614516 0.8535288
vt 0.1628 0.851646
vt 0.1673218 0.8434096
vt 0.1658576 0.8433529
vt 0.1672123 0.8461704
vt 0.1659758 0.8402046
vt 0.1658576 0.8433529
vt 0.1674401 0.8402579
vt 0.1614056 0.8497972
vt 0.1614241 0.8516629
vt 0.1627815 0.8497869
vt 0.1627722 0.8479278
vt 0.1613962 0.8479314
vt 0.1627815 0.8497869
vt 0.1627719 0.8460687
vt 0.1613961 0.8460655
vt 0.1627722 0.8479278
vt 0.161405 0.8441998
vt 0.1613961 0.8460655
vt 0.162781 0.8442098
vt 0.161423 0.8423337
vt 0.161405 0.8441998
vt 0.162799 0.8423505
vt 0.161423 0.8423337
vt 0.162799 0.8423505
vt 0.1614359 0.8408952
vt 0.1614359 0.8408952
vt 0.1628119 0.8409029
vt 0.1614391 0.8394564
vt 0.1614391 0.8394564
vt 0.1628154 0.839455
vt 0.161433 0.8380175
vt 0.1628091 0.838007
vt 0.1627935 0.8365591
vt 0.161433 0.8380175
vt 0.1614173 0.8365786
vt 0.1627935 0.8365591
vt 0.1614007 0.8355715
vt 0.150363 0.8327539
vt 0.150363 0.8313152
vt 0.1489867 0.8327585
vt 0.1237766 0.1576298
vt 0.123777 0.1579075
vt 0.1247106 0.1576291
vt 0.1247106 0.1576291
vt 0.1247104 0.1572715
vt 0.1237766 0.1576298
vt 0.1205587 0.1477443
vt 0.1205591 0.1471308
vt 0.1181522 0.1477041
vt 0.1243721 0.8693882
vt 0.1291953 0.8678719
vt 0.1260452 0.8636407
vt 0.1260452 0.8636407
vt 0.1325598 0.8642566
vt 0.1269656 0.856398
vt 0.1343627 0.8566343
vt 0.1333701 0.8507028
vt 0.1269656 0.856398
vt 0.1333701 0.8507028
vt 0.131843 0.8451012
vt 0.1267659 0.850273
vt 0.131843 0.8451012
vt 0.1291775 0.8398495
vt 0.1258175 0.8446222
vt 0.1291775 0.8398495
vt 0.1273795 0.8367891
vt 0.1246207 0.8386951
vt 0.1273795 0.8367891
vt 0.1248111 0.8339106
vt 0.1234647 0.8352082
vt 0.1243721 0.8693882
vt 0.1260452 0.8636407
vt 0.1189177 0.8686348
vt 0.1260452 0.8636407
vt 0.1269656 0.856398
vt 0.1200397 0.8618019
vt 0.1269656 0.856398
vt 0.1267659 0.850273
vt 0.1214352 0.8545644
vt 0.1267659 0.850273
vt 0.1258175 0.8446222
vt 0.1217475 0.8485306
vt 0.1258175 0.8446222
vt 0.1246207 0.8386951
vt 0.121699 0.8431207
vt 0.1246207 0.8386951
vt 0.1234647 0.8352082
vt 0.1204119 0.8372923
vt 0.1234647 0.8352082
vt 0.1213605 0.8314691
vt 0.1196891 0.8339499
vt 0.1189177 0.8686348
vt 0.1200397 0.8618019
vt 0.113978 0.8663955
vt 0.1200397 0.8618019
vt 0.1214352 0.8545644
vt 0.115728 0.8590904
vt 0.1214352 0.8545644
vt 0.1217475 0.8485306
vt 0.1170301 0.8518785
vt 0.1217475 0.8485306
vt 0.121699 0.8431207
vt 0.1179993 0.8468268
vt 0.121699 0.8431207
vt 0.1204119 0.8372923
vt 0.1177549 0.8411456
vt 0.1204119 0.8372923
vt 0.1196891 0.8339499
vt 0.1172137 0.8362978
vt 0.1196891 0.8339499
vt 0.1189823 0.8314776
vt 0.1169084 0.8330666
vt 0.113978 0.8663955
vt 0.115728 0.8590904
vt 0.1099571 0.8612263
vt 0.115728 0.8590904
vt 0.1170301 0.8518785
vt 0.1118746 0.8550761
vt 0.1170301 0.8518785
vt 0.1179993 0.8468268
vt 0.1137879 0.8490407
vt 0.1179993 0.8468268
vt 0.1177549 0.8411456
vt 0.1145527 0.8445645
vt 0.1177549 0.8411456
vt 0.1172137 0.8362978
vt 0.1144186 0.8391484
vt 0.1172137 0.8362978
vt 0.1169084 0.8330666
vt 0.1141511 0.8352315
vt 0.1169084 0.8330666
vt 0.1166584 0.8312828
vt 0.113193 0.8323199
vt 0.1099571 0.8612263
vt 0.1118746 0.8550761
vt 0.1050873 0.8567901
vt 0.1118746 0.8550761
vt 0.1137879 0.8490407
vt 0.1077942 0.8508299
vt 0.1137879 0.8490407
vt 0.1145527 0.8445645
vt 0.1097314 0.8462679
vt 0.1145527 0.8445645
vt 0.1144186 0.8391484
vt 0.1107939 0.8421855
vt 0.1144186 0.8391484
vt 0.1141511 0.8352315
vt 0.1112285 0.8379002
vt 0.1141511 0.8352315
vt 0.113193 0.8323199
vt 0.1113238 0.8346834
vt 0.1134538 0.8308086
vt 0.1110419 0.8307019
vt 0.113193 0.8323199
vt 0.1050873 0.8567901
vt 0.1077942 0.8508299
vt 0.1024081 0.8531114
vt 0.1077942 0.8508299
vt 0.1097314 0.8462679
vt 0.1047279 0.8486817
vt 0.1097314 0.8462679
vt 0.1107939 0.8421855
vt 0.1067729 0.8446529
vt 0.1107939 0.8421855
vt 0.1112285 0.8379002
vt 0.107922 0.8410398
vt 0.1112285 0.8379002
vt 0.1113238 0.8346834
vt 0.1089149 0.8373745
vt 0.1113238 0.8346834
vt 0.1111335 0.8323518
vt 0.1092337 0.8344428
vt 0.1111335 0.8323518
vt 0.1110419 0.8307019
vt 0.1090753 0.8320303
vt 0.1047279 0.8486817
vt 0.1018827 0.8471491
vt 0.1024081 0.8531114
vt 0.1067729 0.8446529
vt 0.1033527 0.844238
vt 0.1047279 0.8486817
vt 0.107922 0.8410398
vt 0.1052566 0.8410421
vt 0.1067729 0.8446529
vt 0.1089149 0.8373745
vt 0.106513 0.8372748
vt 0.107922 0.8410398
vt 0.1092337 0.8344428
vt 0.1073096 0.8344916
vt 0.1089149 0.8373745
vt 0.1090753 0.8320303
vt 0.1076627 0.8323606
vt 0.1092337 0.8344428
vt 0.1092275 0.8306285
vt 0.1081084 0.8305759
vt 0.1090753 0.8320303
vt 0.1018827 0.8471491
vt 0.09695655 0.8469025
vt 0.09906017 0.8508152
vt 0.1033527 0.844238
vt 0.09957635 0.8444042
vt 0.1018827 0.8471491
vt 0.1052566 0.8410421
vt 0.1026511 0.8410978
vt 0.1033527 0.844238
vt 0.106513 0.8372748
vt 0.1046052 0.8374712
vt 0.1052566 0.8410421
vt 0.1073096 0.8344916
vt 0.1058389 0.8348545
vt 0.106513 0.8372748
vt 0.1076627 0.8323606
vt 0.1066756 0.8329471
vt 0.1073096 0.8344916
vt 0.1081084 0.8305759
vt 0.1073866 0.8306592
vt 0.1076627 0.8323606
vt 0.09695655 0.8469025
vt 0.09213435 0.8450901
vt 0.09447264 0.8490235
vt 0.09957635 0.8444042
vt 0.09565383 0.843872
vt 0.09695655 0.8469025
vt 0.1026511 0.8410978
vt 0.09933608 0.8415048
vt 0.09957635 0.8444042
vt 0.1046052 0.8374712
vt 0.101746 0.8390544
vt 0.1026511 0.8410978
vt 0.1058389 0.8348545
vt 0.1031156 0.8364965
vt 0.1046052 0.8374712
vt 0.1066756 0.8329471
vt 0.1041945 0.834712
vt 0.1058389 0.8348545
vt 0.09213435 0.8450901
vt 0.09140682 0.8423556
vt 0.09014916 0.8461325
vt 0.09565383 0.843872
vt 0.09446161 0.8416924
vt 0.09213435 0.8450901
vt 0.09933608 0.8415048
vt 0.09743946 0.8401687
vt 0.09565383 0.843872
vt 0.101746 0.8390544
vt 0.09958767 0.8386383
vt 0.09933608 0.8415048
vt 0.1031156 0.8364965
vt 0.100991 0.8366778
vt 0.101746 0.8390544
vt 0.1041945 0.834712
vt 0.1017283 0.8352775
vt 0.1031156 0.8364965
vt 0.08798402 0.8428239
vt 0.09140682 0.8423556
vt 0.08957535 0.839261
vt 0.09140682 0.8423556
vt 0.09446161 0.8416924
vt 0.09227943 0.8394552
vt 0.09446161 0.8416924
vt 0.09743946 0.8401687
vt 0.09473425 0.8391502
vt 0.09743946 0.8401687
vt 0.09958767 0.8386383
vt 0.09687894 0.8383039
vt 0.09958767 0.8386383
vt 0.100991 0.8366778
vt 0.0985881 0.8373883
vt 0.100991 0.8366778
vt 0.1017283 0.8352775
vt 0.1000469 0.8356525
vt 0.08957535 0.839261
vt 0.09227943 0.8394552
vt 0.0909847 0.837394
vt 0.09227943 0.8394552
vt 0.09473425 0.8391502
vt 0.09279441 0.8379351
vt 0.09473425 0.8391502
vt 0.09687894 0.8383039
vt 0.09501737 0.837761
vt 0.09687894 0.8383039
vt 0.0985881 0.8373883
vt 0.09678137 0.8369995
vt 0.0985881 0.8373883
vt 0.1000469 0.8356525
vt 0.09818398 0.8360768
vt 0.1000469 0.8356525
vt 0.100898 0.8340708
vt 0.09966772 0.8345475
vt 0.0909847 0.837394
vt 0.09279441 0.8379351
vt 0.09192949 0.8363142
vt 0.09279441 0.8379351
vt 0.09501737 0.837761
vt 0.09325879 0.8367032
vt 0.09501737 0.837761
vt 0.09678137 0.8369995
vt 0.09499192 0.8365499
vt 0.09818398 0.8360768
vt 0.09717148 0.8353405
vt 0.09678137 0.8369995
vt 0.09192949 0.8363142
vt 0.09325879 0.8367032
vt 0.09254378 0.835287
vt 0.09325879 0.8367032
vt 0.09499192 0.8365499
vt 0.09349465 0.8355922
vt 0.09623289 0.8359316
vt 0.09560191 0.8351551
vt 0.09499192 0.8365499
vt 0.09717148 0.8353405
vt 0.09623855 0.8346174
vt 0.09623289 0.8359316
vt 0.09254378 0.835287
vt 0.09349465 0.8355922
vt 0.09276479 0.8348647
vt 0.09349465 0.8355922
vt 0.09471482 0.8354707
vt 0.09369039 0.8351527
vt 0.09560191 0.8351551
vt 0.09538555 0.8348327
vt 0.09471482 0.8354707
vt 0.09623855 0.8346174
vt 0.09591525 0.834368
vt 0.09560191 0.8351551
vt 0.09863257 0.8301086
vt 0.09883475 0.831481
vt 0.09919738 0.829929
vt 0.09863257 0.8301086
vt 0.09803634 0.830311
vt 0.09883475 0.831481
vt 0.09803634 0.830311
vt 0.09751874 0.8305149
vt 0.09826767 0.8314605
vt 0.09751874 0.8305149
vt 0.09707307 0.8307152
vt 0.09779214 0.8314976
vt 0.09707307 0.8307152
vt 0.09668004 0.8309136
vt 0.09738075 0.8315748
vt 0.09668004 0.8309136
vt 0.09632116 0.8311143
vt 0.09701639 0.831682
vt 0.09599715 0.831313
vt 0.09638369 0.831965
vt 0.09632116 0.8311143
vt 0.09599715 0.831313
vt 0.09568679 0.8315189
vt 0.09638369 0.831965
vt 0.09568679 0.8315189
vt 0.09539258 0.831727
vt 0.096098 0.8321366
vt 0.09539258 0.831727
vt 0.09510207 0.8319449
vt 0.09582895 0.8323242
vt 0.09510207 0.8319449
vt 0.09481984 0.8321668
vt 0.09556406 0.8325277
vt 0.09481984 0.8321668
vt 0.09453564 0.8323975
vt 0.09530889 0.8327502
vt 0.09425157 0.8326316
vt 0.0947836 0.8332487
vt 0.09453564 0.8323975
vt 0.09958982 0.831616
vt 0.09883475 0.831481
vt 0.09935528 0.8321219
vt 0.09883475 0.831481
vt 0.09826767 0.8314605
vt 0.09875011 0.8318958
vt 0.09826767 0.8314605
vt 0.09779214 0.8314976
vt 0.09824979 0.8318103
vt 0.09779214 0.8314976
vt 0.09738075 0.8315748
vt 0.09781545 0.8318003
vt 0.09738075 0.8315748
vt 0.09701639 0.831682
vt 0.09743309 0.8318424
vt 0.09701639 0.831682
vt 0.09668368 0.8318145
vt 0.09709089 0.8319228
vt 0.09668368 0.8318145
vt 0.09638369 0.831965
vt 0.09677648 0.8320346
vt 0.09638369 0.831965
vt 0.096098 0.8321366
vt 0.09649235 0.8321698
vt 0.096098 0.8321366
vt 0.09582895 0.8323242
vt 0.09622114 0.8323302
vt 0.09556406 0.8325277
vt 0.09571444 0.8327084
vt 0.09582895 0.8323242
vt 0.09556406 0.8325277
vt 0.09530889 0.8327502
vt 0.09571444 0.8327084
vt 0.09504991 0.8329905
vt 0.095232 0.8331688
vt 0.09530889 0.8327502
vt 0.0947836 0.8332487
vt 0.09500908 0.8333833
vt 0.09504991 0.8329905
vt 0.09875011 0.8318958
vt 0.09863775 0.8322365
vt 0.09935528 0.8321219
vt 0.09875011 0.8318958
vt 0.09824979 0.8318103
vt 0.09863775 0.8322365
vt 0.09824979 0.8318103
vt 0.09781545 0.8318003
vt 0.09820288 0.8321094
vt 0.09781545 0.8318003
vt 0.09743309 0.8318424
vt 0.09781438 0.8320657
vt 0.09743309 0.8318424
vt 0.09709089 0.8319228
vt 0.09746503 0.8320805
vt 0.09709089 0.8319228
vt 0.09677648 0.8320346
vt 0.09714812 0.8321389
vt 0.09677648 0.8320346
vt 0.09649235 0.8321698
vt 0.09685468 0.8322331
vt 0.09649235 0.8321698
vt 0.09622114 0.8323302
vt 0.09658843 0.832355
vt 0.09622114 0.8323302
vt 0.09596645 0.8325102
vt 0.09633362 0.832505
vt 0.09571444 0.8327084
vt 0.09585678 0.8328729
vt 0.09596645 0.8325102
vt 0.09571444 0.8327084
vt 0.09547483 0.8329281
vt 0.09585678 0.8328729
vt 0.095232 0.8331688
vt 0.09540838 0.8333235
vt 0.09547483 0.8329281
vt 0.09500908 0.8333833
vt 0.09525483 0.8334727
vt 0.095232 0.8331688
vt 0.09935528 0.8321219
vt 0.09911441 0.8325082
vt 0.09994834 0.8326223
vt 0.09863775 0.8322365
vt 0.09842163 0.8326559
vt 0.09911441 0.8325082
vt 0.09863775 0.8322365
vt 0.09820288 0.8321094
vt 0.09842163 0.8326559
vt 0.09820288 0.8321094
vt 0.09781438 0.8320657
vt 0.0980919 0.8325006
vt 0.09781438 0.8320657
vt 0.09746503 0.8320805
vt 0.09778004 0.8324279
vt 0.09746503 0.8320805
vt 0.09714812 0.8321389
vt 0.09748756 0.8324135
vt 0.09714812 0.8321389
vt 0.09685468 0.8322331
vt 0.09721547 0.8324459
vt 0.09685468 0.8322331
vt 0.09658843 0.832355
vt 0.09695976 0.8325173
vt 0.09658843 0.832355
vt 0.09633362 0.832505
vt 0.09672611 0.8326208
vt 0.09633362 0.832505
vt 0.09609371 0.8326782
vt 0.09650176 0.8327569
vt 0.09585678 0.8328729
vt 0.0960794 0.8331175
vt 0.09609371 0.8326782
vt 0.09585678 0.8328729
vt 0.09563142 0.8330868
vt 0.0960794 0.8331175
vt 0.09540838 0.8333235
vt 0.09563285 0.8334473
vt 0.09563142 0.8330868
vt 0.09955078 0.8329907
vt 0.0989899 0.8333155
vt 0.09980016 0.8336692
vt 0.09911441 0.8325082
vt 0.09873342 0.8329225
vt 0.09955078 0.8329907
vt 0.09842163 0.8326559
vt 0.09828907 0.8328525
vt 0.09873342 0.8329225
vt 0.0980919 0.8325006
vt 0.09801495 0.832695
vt 0.09842163 0.8326559
vt 0.0980919 0.8325006
vt 0.09778004 0.8324279
vt 0.09801495 0.832695
vt 0.09778004 0.8324279
vt 0.09748756 0.8324135
vt 0.09774613 0.832615
vt 0.09748756 0.8324135
vt 0.09721547 0.8324459
vt 0.09748899 0.8325881
vt 0.09721547 0.8324459
vt 0.09695976 0.8325173
vt 0.09724032 0.8326105
vt 0.09695976 0.8325173
vt 0.09672611 0.8326208
vt 0.09700566 0.8326694
vt 0.09672611 0.8326208
vt 0.09650176 0.8327569
vt 0.09679454 0.8327638
vt 0.09650176 0.8327569
vt 0.09628921 0.8329212
vt 0.09659224 0.8328878
vt 0.09628921 0.8329212
vt 0.0960794 0.8331175
vt 0.09640383 0.8330514
vt 0.09911763 0.8338388
vt 0.09877818 0.8338469
vt 0.09910547 0.8341309
vt 0.0989899 0.8333155
vt 0.09871506 0.8334325
vt 0.09911763 0.8338388
vt 0.09873342 0.8329225
vt 0.09852647 0.8330951
vt 0.0989899 0.8333155
vt 0.09828907 0.8328525
vt 0.09813243 0.8330617
vt 0.09852647 0.8330951
vt 0.09801495 0.832695
vt 0.09792631 0.8329232
vt 0.09828907 0.8328525
vt 0.09774613 0.832615
vt 0.09771972 0.832842
vt 0.09801495 0.832695
vt 0.09748899 0.8325881
vt 0.097494 0.8328082
vt 0.09774613 0.832615
vt 0.09724032 0.8326105
vt 0.09728115 0.832819
vt 0.09748899 0.8325881
vt 0.09700566 0.8326694
vt 0.09708428 0.8328653
vt 0.09724032 0.8326105
vt 0.09679454 0.8327638
vt 0.09689658 0.8329548
vt 0.09700566 0.8326694
vt 0.09679454 0.8327638
vt 0.09659224 0.8328878
vt 0.09689658 0.8329548
vt 0.09640383 0.8330514
vt 0.09650903 0.833121
vt 0.09659224 0.8328878
vt 0.09871506 0.8334325
vt 0.09843754 0.8335496
vt 0.09877818 0.8338469
vt 0.09852647 0.8330951
vt 0.09832596 0.8332763
vt 0.09871506 0.8334325
vt 0.1213605 0.8314691
vt 0.1194562 0.8287827
vt 0.1189823 0.8314776
vt 0.1189823 0.8314776
vt 0.1173004 0.8286121
vt 0.1166584 0.8312828
vt 0.1166584 0.8312828
vt 0.1156991 0.8287086
vt 0.1134538 0.8308086
vt 0.1134538 0.8308086
vt 0.1129783 0.8287939
vt 0.1110419 0.8307019
vt 0.1110419 0.8307019
vt 0.1110236 0.8290236
vt 0.1092275 0.8306285
vt 0.1092275 0.8306285
vt 0.1090973 0.829099
vt 0.1081084 0.8305759
vt 0.1073866 0.8306592
vt 0.1081084 0.8305759
vt 0.1074424 0.8291663
vt 0.1194562 0.8287827
vt 0.1172426 0.8260465
vt 0.1173004 0.8286121
vt 0.1173004 0.8286121
vt 0.1151226 0.8264719
vt 0.1156991 0.8287086
vt 0.1156991 0.8287086
vt 0.1138095 0.8266425
vt 0.1129783 0.8287939
vt 0.1129783 0.8287939
vt 0.1118924 0.8270091
vt 0.1110236 0.8290236
vt 0.1110236 0.8290236
vt 0.1102201 0.827178
vt 0.1090973 0.829099
vt 0.1090973 0.829099
vt 0.1085961 0.8274587
vt 0.1080969 0.8291255
vt 0.1080969 0.8291255
vt 0.1076743 0.8274135
vt 0.1074424 0.8291663
vt 0.1491897 0.8473599
vt 0.1483654 0.8458869
vt 0.1486377 0.8477819
vt 0.1491897 0.8473599
vt 0.1486377 0.8477819
vt 0.1501891 0.8491031
vt 0.1501891 0.8491031
vt 0.1495472 0.8493681
vt 0.1507033 0.8510455
vt 0.1507033 0.8510455
vt 0.1500151 0.8511358
vt 0.1506972 0.8530549
vt 0.1506972 0.8530549
vt 0.1500096 0.8529643
vt 0.1501713 0.8549942
vt 0.1501713 0.8549942
vt 0.1495311 0.8547291
vt 0.1491491 0.8567502
vt 0.1491491 0.8567502
vt 0.1486008 0.856327
vt 0.1477345 0.8581497
vt 0.1477345 0.8581497
vt 0.1473136 0.8576006
vt 0.1459799 0.8591581
vt 0.1459799 0.8591581
vt 0.1457168 0.8585182
vt 0.144045 0.8596678
vt 0.1420158 0.8596678
vt 0.144045 0.8596678
vt 0.1421095 0.858982
vt 0.1420158 0.8596678
vt 0.1421095 0.858982
vt 0.1400916 0.8591325
vt 0.1383405 0.85814
vt 0.1400916 0.8591325
vt 0.1387649 0.8575918
vt 0.1383405 0.85814
vt 0.1387649 0.8575918
vt 0.1369343 0.8567177
vt 0.1361414 0.8566393
vt 0.1369343 0.8567177
vt 0.1367318 0.8559771
vt 0.1361414 0.8566393
vt 0.1367318 0.8559771
vt 0.1354198 0.8530568
vt 0.1354198 0.8510275
vt 0.1354198 0.8530568
vt 0.1361072 0.8511194
vt 0.1354198 0.8510275
vt 0.1361072 0.8511194
vt 0.135955 0.8491033
vt 0.1369475 0.8473523
vt 0.135955 0.8491033
vt 0.1374973 0.8477749
vt 0.1369475 0.8473523
vt 0.1374973 0.8477749
vt 0.1383905 0.8459491
vt 0.1401166 0.8449444
vt 0.1383905 0.8459491
vt 0.1403812 0.8455837
vt 0.1401166 0.8449444
vt 0.1403812 0.8455837
vt 0.1420797 0.844431
vt 0.1440806 0.8444345
vt 0.1420797 0.844431
vt 0.1439886 0.8451198
vt 0.1440806 0.8444345
vt 0.1439886 0.8451198
vt 0.1460336 0.844966
vt 0.1483654 0.8458869
vt 0.1460336 0.844966
vt 0.1473333 0.8465101
vt 0.1172426 0.8260465
vt 0.1135827 0.8226134
vt 0.1151226 0.8264719
vt 0.1151226 0.8264719
vt 0.1125291 0.8232206
vt 0.1138095 0.8266425
vt 0.1138095 0.8266425
vt 0.1112946 0.8240037
vt 0.1118924 0.8270091
vt 0.1118924 0.8270091
vt 0.1097982 0.8248014
vt 0.1102201 0.827178
vt 0.1102201 0.827178
vt 0.1087558 0.8252065
vt 0.1085961 0.8274587
vt 0.1085961 0.8274587
vt 0.1077594 0.8255547
vt 0.1076743 0.8274135
vt 0.1076743 0.8274135
vt 0.1069614 0.8256937
vt 0.1070981 0.8274411
vt 0.1135827 0.8226134
vt 0.1112468 0.8203434
vt 0.1125291 0.8232206
vt 0.1125291 0.8232206
vt 0.1098403 0.8211966
vt 0.1112946 0.8240037
vt 0.1112946 0.8240037
vt 0.1087833 0.8218574
vt 0.1097982 0.8248014
vt 0.1097982 0.8248014
vt 0.1080043 0.8223529
vt 0.1087558 0.8252065
vt 0.1087558 0.8252065
vt 0.107232 0.822766
vt 0.1077594 0.8255547
vt 0.1077594 0.8255547
vt 0.1064257 0.8233327
vt 0.1069614 0.8256937
vt 0.1069614 0.8256937
vt 0.1057288 0.823821
vt 0.1064375 0.8256295
vt 0.1098403 0.8211966
vt 0.1112468 0.8203434
vt 0.1087175 0.8189757
vt 0.1087833 0.8218574
vt 0.1098403 0.8211966
vt 0.107692 0.8198381
vt 0.1080043 0.8223529
vt 0.1087833 0.8218574
vt 0.1067507 0.8207487
vt 0.1080043 0.8223529
vt 0.1067507 0.8207487
vt 0.107232 0.822766
vt 0.107232 0.822766
vt 0.106064 0.8213282
vt 0.1064257 0.8233327
vt 0.1057288 0.823821
vt 0.1064257 0.8233327
vt 0.1048123 0.8223665
vt 0.1055656 0.8239258
vt 0.1057288 0.823821
vt 0.1045098 0.8226293
vt 0.1087175 0.8189757
vt 0.1097663 0.8180051
vt 0.1071355 0.8156323
vt 0.107692 0.8198381
vt 0.1087175 0.8189757
vt 0.1062282 0.8167978
vt 0.1067507 0.8207487
vt 0.107692 0.8198381
vt 0.1052525 0.8178863
vt 0.106064 0.8213282
vt 0.1067507 0.8207487
vt 0.1043817 0.8190933
vt 0.1053959 0.8218673
vt 0.106064 0.8213282
vt 0.1038261 0.8198978
vt 0.1048123 0.8223665
vt 0.1053959 0.8218673
vt 0.1033641 0.820635
vt 0.1045098 0.8226293
vt 0.1048123 0.8223665
vt 0.1032073 0.8210935
vt 0.1071355 0.8156323
vt 0.1081221 0.8143324
vt 0.105489 0.8128508
vt 0.1062282 0.8167978
vt 0.1071355 0.8156323
vt 0.104651 0.8144523
vt 0.1052525 0.8178863
vt 0.1062282 0.8167978
vt 0.1038193 0.8160735
vt 0.1043817 0.8190933
vt 0.1052525 0.8178863
vt 0.1032416 0.8174031
vt 0.1038261 0.8198978
vt 0.1043817 0.8190933
vt 0.1026587 0.8185524
vt 0.1033641 0.820635
vt 0.1038261 0.8198978
vt 0.1021911 0.8194407
vt 0.1032073 0.8210935
vt 0.1033641 0.820635
vt 0.1018816 0.8202123
vt 0.09843319 0.833797
vt 0.09843754 0.8335496
vt 0.09819287 0.833616
vt 0.09819287 0.833616
vt 0.09825438 0.8334713
vt 0.09798306 0.8335167
vt 0.09803897 0.8333797
vt 0.09777772 0.8332773
vt 0.09798306 0.8335167
vt 0.09777772 0.8332773
vt 0.09755837 0.8331995
vt 0.09772014 0.8334028
vt 0.09813243 0.8330617
vt 0.09803897 0.8333797
vt 0.09832596 0.8332763
vt 0.09803897 0.8333797
vt 0.09813243 0.8330617
vt 0.09777772 0.8332773
vt 0.09792631 0.8329232
vt 0.09771972 0.832842
vt 0.09777772 0.8332773
vt 0.09755837 0.8331995
vt 0.09737491 0.8331309
vt 0.09750014 0.833316
vt 0.09771972 0.832842
vt 0.097494 0.8328082
vt 0.09755837 0.8331995
vt 0.09737491 0.8331309
vt 0.09716773 0.8331218
vt 0.0973156 0.8332404
vt 0.097494 0.8328082
vt 0.09728115 0.832819
vt 0.09737491 0.8331309
vt 0.09716773 0.8331218
vt 0.09704059 0.8330971
vt 0.09715455 0.8332502
vt 0.09728115 0.832819
vt 0.09708428 0.8328653
vt 0.09716773 0.8331218
vt 0.09704059 0.8330971
vt 0.09689128 0.8330917
vt 0.09700906 0.8332443
vt 0.09708428 0.8328653
vt 0.09689658 0.8329548
vt 0.09704059 0.8330971
vt 0.09689128 0.8330917
vt 0.09672737 0.8330689
vt 0.09685969 0.8332341
vt 0.08798402 0.8428239
vt 0.08957535 0.839261
vt 0.08484327 0.8390826
vt 0.08957535 0.839261
vt 0.0909847 0.837394
vt 0.08751177 0.8371003
vt 0.09192949 0.8363142
vt 0.09026509 0.8348352
vt 0.0909847 0.837394
vt 0.09192949 0.8363142
vt 0.09254378 0.835287
vt 0.09026509 0.8348352
vt 0.09254378 0.835287
vt 0.09276479 0.8348647
vt 0.09126269 0.8340434
vt 0.08751177 0.8371003
vt 0.08635038 0.8352575
vt 0.08484327 0.8390826
vt 0.08751177 0.8371003
vt 0.08932083 0.8356607
vt 0.08635038 0.8352575
vt 0.08932083 0.8356607
vt 0.09026509 0.8348352
vt 0.08844381 0.8342597
vt 0.09126269 0.8340434
vt 0.09070348 0.8332137
vt 0.09026509 0.8348352
vt 0.09161818 0.8337436
vt 0.09111535 0.833008
vt 0.09126269 0.8340434
vt 0.08305913 0.8367062
vt 0.08635038 0.8352575
vt 0.08279061 0.8339001
vt 0.08635038 0.8352575
vt 0.08844381 0.8342597
vt 0.08573234 0.8331825
vt 0.08844381 0.8342597
vt 0.08957862 0.8337101
vt 0.08794963 0.8326831
vt 0.09070348 0.8332137
vt 0.09035831 0.8323013
vt 0.08957862 0.8337101
vt 0.09111535 0.833008
vt 0.09083706 0.8322337
vt 0.09070348 0.8332137
vt 0.08279061 0.8339001
vt 0.08573234 0.8331825
vt 0.0827564 0.8309461
vt 0.08573234 0.8331825
vt 0.08794963 0.8326831
vt 0.08570903 0.8309333
vt 0.08794963 0.8326831
vt 0.08918064 0.8324386
vt 0.0879085 0.8309836
vt 0.09035831 0.8323013
vt 0.09029448 0.8313209
vt 0.08918064 0.8324386
vt 0.09083706 0.8322337
vt 0.09074079 0.8314256
vt 0.09035831 0.8323013
vt 0.0827564 0.8309461
vt 0.08570903 0.8309333
vt 0.08304566 0.8276983
vt 0.08570903 0.8309333
vt 0.0879085 0.8309836
vt 0.08664882 0.8283632
vt 0.0879085 0.8309836
vt 0.08916264 0.8310962
vt 0.08860057 0.8291642
vt 0.09029448 0.8313209
vt 0.09062987 0.8301733
vt 0.08916264 0.8310962
vt 0.09074079 0.8314256
vt 0.09098672 0.8304444
vt 0.09029448 0.8313209
vt 0.08279061 0.8339001
vt 0.0827564 0.8309461
vt 0.0811702 0.8341487
vt 0.08304566 0.8276983
vt 0.07819223 0.8277955
vt 0.0827564 0.8309461
vt 0.08304566 0.8276983
vt 0.08664882 0.8283632
vt 0.08477872 0.8249407
vt 0.08860057 0.8291642
vt 0.08888363 0.8275001
vt 0.08664882 0.8283632
vt 0.08968096 0.8296852
vt 0.09032779 0.828712
vt 0.08860057 0.8291642
vt 0.09062987 0.8301733
vt 0.09112215 0.8294279
vt 0.08968096 0.8296852
vt 0.09098672 0.8304444
vt 0.0914244 0.8297715
vt 0.09062987 0.8301733
vt 0.07819223 0.8277955
vt 0.08304566 0.8276983
vt 0.08137798 0.823446
vt 0.08477872 0.8249407
vt 0.0870471 0.8261316
vt 0.08688271 0.8229295
vt 0.08888363 0.8275001
vt 0.08994901 0.8259787
vt 0.0870471 0.8261316
vt 0.09032779 0.828712
vt 0.09119272 0.8279198
vt 0.08888363 0.8275001
vt 0.09112215 0.8294279
vt 0.09178966 0.8288144
vt 0.09032779 0.828712
vt 0.0914244 0.8297715
vt 0.09203451 0.8292299
vt 0.09112215 0.8294279
vt 0.08137798 0.823446
vt 0.08477872 0.8249407
vt 0.08404016 0.8207586
vt 0.105489 0.8128508
vt 0.1067642 0.8109096
vt 0.1021234 0.8096526
vt 0.104651 0.8144523
vt 0.105489 0.8128508
vt 0.1016285 0.8119463
vt 0.1038193 0.8160735
vt 0.104651 0.8144523
vt 0.1011726 0.813929
vt 0.1032416 0.8174031
vt 0.1038193 0.8160735
vt 0.10065 0.816117
vt 0.1026587 0.8185524
vt 0.1032416 0.8174031
vt 0.1003243 0.8176393
vt 0.1026587 0.8185524
vt 0.1003243 0.8176393
vt 0.1021911 0.8194407
vt 0.1018816 0.8202123
vt 0.1021911 0.8194407
vt 0.09972298 0.8193042
vt 0.1021234 0.8096526
vt 0.1022896 0.807035
vt 0.09824663 0.808132
vt 0.1016285 0.8119463
vt 0.1021234 0.8096526
vt 0.09802556 0.8101691
vt 0.1011726 0.813929
vt 0.1016285 0.8119463
vt 0.09768366 0.8129505
vt 0.10065 0.816117
vt 0.1011726 0.813929
vt 0.09744685 0.8153625
vt 0.1003243 0.8176393
vt 0.10065 0.816117
vt 0.09736818 0.8170115
vt 0.09998673 0.8185709
vt 0.1003243 0.8176393
vt 0.09748154 0.8182756
vt 0.09972298 0.8193042
vt 0.09998673 0.8185709
vt 0.09797263 0.8192973
vt 0.1544797 0.8032321
vt 0.1544007 0.8026074
vt 0.1527249 0.8036849
vt 0.1544797 0.8032321
vt 0.1563224 0.8032442
vt 0.1544007 0.8026074
vt 0.1607668 0.816401
vt 0.160423 0.8156501
vt 0.1599924 0.8162585
vt 0.1596125 0.8157565
vt 0.1580351 0.8166587
vt 0.1599924 0.8162585
vt 0.1582731 0.8172419
vt 0.1580351 0.8166587
vt 0.1563391 0.8177237
vt 0.1562607 0.8171006
vt 0.1544457 0.8171005
vt 0.1563391 0.8177237
vt 0.1543609 0.8177237
vt 0.1544457 0.8171005
vt 0.1524241 0.8171854
vt 0.1526687 0.8166065
vt 0.1510976 0.8156897
vt 0.1524241 0.8171854
vt 0.1510976 0.8156897
vt 0.1498043 0.8143803
vt 0.1507118 0.8161864
vt 0.1498043 0.8143803
vt 0.148903 0.8128111
vt 0.1493023 0.8147597
vt 0.148903 0.8128111
vt 0.1484307 0.8110244
vt 0.14832 0.8130495
vt 0.1484307 0.8110244
vt 0.1484372 0.8091969
vt 0.1478053 0.8111023
vt 0.1484372 0.8091969
vt 0.1489156 0.8074334
vt 0.1478123 0.8091106
vt 0.1489156 0.8074334
vt 0.1498338 0.8058539
vt 0.1483339 0.8071887
vt 0.1498338 0.8058539
vt 0.1511295 0.8045658
vt 0.1493348 0.8054671
vt 0.1507471 0.804063
vt 0.1511295 0.8045658
vt 0.1524867 0.8031011
vt 0.09307193 0.8311162
vt 0.09337693 0.8308886
vt 0.09233367 0.8300693
vt 0.09264975 0.8298493
vt 0.09337693 0.8308886
vt 0.09299921 0.8296723
vt 0.09299921 0.8296723
vt 0.09367662 0.8306699
vt 0.09332537 0.8295225
vt 0.09332537 0.8295225
vt 0.0939722 0.8304548
vt 0.09360539 0.8293567
vt 0.09360539 0.8293567
vt 0.09426712 0.8302342
vt 0.09385448 0.8291808
vt 0.09385448 0.8291808
vt 0.09455204 0.8300099
vt 0.09407949 0.8289814
vt 0.09407949 0.8289814
vt 0.09483671 0.8297697
vt 0.09427803 0.828761
vt 0.09511548 0.8295149
vt 0.09540301 0.8292273
vt 0.09427803 0.828761
vt 0.09445714 0.8285059
vt 0.09540301 0.8292273
vt 0.09460997 0.828217
vt 0.09460997 0.828217
vt 0.09569424 0.8289069
vt 0.09473335 0.827882
vt 0.09473335 0.827882
vt 0.09599733 0.8285385
vt 0.0948165 0.8274882
vt 0.0948165 0.8274882
vt 0.09631812 0.8281058
vt 0.09483736 0.8270202
vt 0.09476661 0.8264604
vt 0.0944975 0.8257456
vt 0.09451371 0.826534
vt 0.09233367 0.8300693
vt 0.09264975 0.8298493
vt 0.09226274 0.8299118
vt 0.09264975 0.8298493
vt 0.09299921 0.8296723
vt 0.09267836 0.8295815
vt 0.09293764 0.8295258
vt 0.09299921 0.8296723
vt 0.09326106 0.8293949
vt 0.09332537 0.8295225
vt 0.09360539 0.8293567
vt 0.09326106 0.8293949
vt 0.09353595 0.8292459
vt 0.09360539 0.8293567
vt 0.09377586 0.8290821
vt 0.09377586 0.8290821
vt 0.09385448 0.8291808
vt 0.0939908 0.8288935
vt 0.0939908 0.8288935
vt 0.09407949 0.8289814
vt 0.09417772 0.8286833
vt 0.09417772 0.8286833
vt 0.09427803 0.828761
vt 0.09434282 0.828439
vt 0.09434282 0.828439
vt 0.09445714 0.8285059
vt 0.09447854 0.8281625
vt 0.09447854 0.8281625
vt 0.09460997 0.828217
vt 0.09458082 0.8278435
vt 0.09458082 0.8278435
vt 0.09473335 0.827882
vt 0.09463781 0.8274726
vt 0.09463781 0.8274726
vt 0.0948165 0.8274882
vt 0.09462934 0.8270383
vt 0.09483736 0.8270202
vt 0.09476661 0.8264604
vt 0.09462934 0.8270383
vt 0.09451371 0.826534
vt 0.09420526 0.8259497
vt 0.09424191 0.8266478
vt 0.09392702 0.8261984
vt 0.09420526 0.8259497
vt 0.09338223 0.8258159
vt 0.09267836 0.8295815
vt 0.09293764 0.8295258
vt 0.09273451 0.8293649
vt 0.09288042 0.8293391
vt 0.09293764 0.8295258
vt 0.09319293 0.8292394
vt 0.09326106 0.8293949
vt 0.09353595 0.8292459
vt 0.09319293 0.8292394
vt 0.09345752 0.8291118
vt 0.09353595 0.8292459
vt 0.09368497 0.828964
vt 0.09368497 0.828964
vt 0.09377586 0.8290821
vt 0.09388667 0.8287895
vt 0.09388667 0.8287895
vt 0.0939908 0.8288935
vt 0.09405922 0.828593
vt 0.09405922 0.828593
vt 0.09417772 0.8286833
vt 0.09420728 0.8283636
vt 0.09420728 0.8283636
vt 0.09434282 0.828439
vt 0.09432327 0.8281044
vt 0.09432327 0.8281044
vt 0.09447854 0.8281625
vt 0.09440243 0.8278075
vt 0.09440243 0.8278075
vt 0.09458082 0.8278435
vt 0.09443223 0.8274673
vt 0.09443223 0.8274673
vt 0.09463781 0.8274726
vt 0.09439295 0.8270785
vt 0.09462934 0.8270383
vt 0.09451371 0.826534
vt 0.09439295 0.8270785
vt 0.09424191 0.8266478
vt 0.09392702 0.8261984
vt 0.09402561 0.8267667
vt 0.09372705 0.8264132
vt 0.09392702 0.8261984
vt 0.09326279 0.8261321
vt 0.09338223 0.8258159
vt 0.09268611 0.8256484
vt 0.09326279 0.8261321
vt 0.09273451 0.8293649
vt 0.09288042 0.8293391
vt 0.09274166 0.8291588
vt 0.09285116 0.8291646
vt 0.09288042 0.8293391
vt 0.09313994 0.8290946
vt 0.09319293 0.8292394
vt 0.09345752 0.8291118
vt 0.09313994 0.8290946
vt 0.09339082 0.8289884
vt 0.09345752 0.8291118
vt 0.09360486 0.8288556
vt 0.09360486 0.8288556
vt 0.09368497 0.828964
vt 0.09379309 0.8286952
vt 0.09379309 0.8286952
vt 0.09388667 0.8287895
vt 0.09395182 0.8285126
vt 0.09395182 0.8285126
vt 0.09405922 0.828593
vt 0.09408408 0.8282987
vt 0.09408408 0.8282987
vt 0.09420728 0.8283636
vt 0.09418272 0.8280576
vt 0.09418272 0.8280576
vt 0.09432327 0.8281044
vt 0.09424251 0.8277838
vt 0.09424251 0.8277838
vt 0.09440243 0.8278075
vt 0.09425121 0.8274746
vt 0.09425121 0.8274746
vt 0.09443223 0.8274673
vt 0.09419006 0.8271307
vt 0.09439295 0.8270785
vt 0.09424191 0.8266478
vt 0.09419006 0.8271307
vt 0.09402561 0.8267667
vt 0.09372705 0.8264132
vt 0.09360432 0.827079
vt 0.09338063 0.8268914
vt 0.09372705 0.8264132
vt 0.09308654 0.8267651
vt 0.09326279 0.8261321
vt 0.09267824 0.8260632
vt 0.09308654 0.8267651
vt 0.09281891 0.8287677
vt 0.09285116 0.8291646
vt 0.09304642 0.8287422
vt 0.09313994 0.8290946
vt 0.09339082 0.8289884
vt 0.09304642 0.8287422
vt 0.09324723 0.8286806
vt 0.09339082 0.8289884
vt 0.09342032 0.8285864
vt 0.09342032 0.8285864
vt 0.09360486 0.8288556
vt 0.09357112 0.8284657
vt 0.09357112 0.8284657
vt 0.09379309 0.8286952
vt 0.09369373 0.8283247
vt 0.09369373 0.8283247
vt 0.09395182 0.8285126
vt 0.09378552 0.828156
vt 0.09378552 0.828156
vt 0.09408408 0.8282987
vt 0.09384435 0.8279677
vt 0.09384435 0.8279677
vt 0.09418272 0.8280576
vt 0.0938692 0.8277601
vt 0.0938692 0.8277601
vt 0.09424251 0.8277838
vt 0.09384495 0.8275353
vt 0.09384495 0.8275353
vt 0.09425121 0.8274746
vt 0.09375876 0.8273011
vt 0.09419006 0.8271307
vt 0.09402561 0.8267667
vt 0.09375876 0.8273011
vt 0.09824663 0.808132
vt 0.09868925 0.8053897
vt 0.09407204 0.8052114
vt 0.09802556 0.8101691
vt 0.09824663 0.808132
vt 0.09415143 0.8086632
vt 0.09768366 0.8129505
vt 0.09802556 0.8101691
vt 0.09416806 0.8116635
vt 0.09744685 0.8153625
vt 0.09768366 0.8129505
vt 0.09433943 0.8146627
vt 0.09736818 0.8170115
vt 0.09744685 0.8153625
vt 0.09471565 0.8165867
vt 0.09748154 0.8182756
vt 0.09736818 0.8170115
vt 0.09509396 0.8187686
vt 0.09748154 0.8182756
vt 0.09509396 0.8187686
vt 0.09797263 0.8192973
vt 0.09407204 0.8052114
vt 0.09355205 0.8017205
vt 0.08964866 0.8033487
vt 0.09415143 0.8086632
vt 0.09407204 0.8052114
vt 0.09034872 0.8073485
vt 0.09416806 0.8116635
vt 0.09415143 0.8086632
vt 0.09102147 0.8113509
vt 0.09433943 0.8146627
vt 0.09416806 0.8116635
vt 0.09165841 0.8145089
vt 0.09471565 0.8165867
vt 0.09433943 0.8146627
vt 0.09228664 0.8169361
vt 0.09509396 0.8187686
vt 0.09471565 0.8165867
vt 0.09303492 0.8190551
vt 0.09509396 0.8187686
vt 0.09303492 0.8190551
vt 0.09541809 0.8204359
vt 0.09541809 0.8204359
vt 0.09331214 0.8211782
vt 0.09455281 0.8220297
vt 0.09359216 0.8233621
vt 0.09379774 0.8248818
vt 0.09451013 0.8233446
vt 0.09102147 0.8113509
vt 0.09034872 0.8073485
vt 0.08538687 0.812457
vt 0.09165841 0.8145089
vt 0.09102147 0.8113509
vt 0.08663505 0.8158498
vt 0.09228664 0.8169361
vt 0.09165841 0.8145089
vt 0.08759659 0.8181304
vt 0.09228664 0.8169361
vt 0.08759659 0.8181304
vt 0.09303492 0.8190551
vt 0.09303492 0.8190551
vt 0.08927917 0.8211253
vt 0.09331214 0.8211782
vt 0.09331214 0.8211782
vt 0.09089052 0.822914
vt 0.09359216 0.8233621
vt 0.09379774 0.8248818
vt 0.09359216 0.8233621
vt 0.09242916 0.825347
vt 0.08404016 0.8207586
vt 0.08688271 0.8229295
vt 0.08759659 0.8181304
vt 0.08688271 0.8229295
vt 0.0885545 0.8244544
vt 0.08927917 0.8211253
vt 0.09089052 0.822914
vt 0.0885545 0.8244544
vt 0.09149754 0.8245578
vt 0.08538687 0.812457
vt 0.08438187 0.8080646
vt 0.08050453 0.8140051
vt 0.08663505 0.8158498
vt 0.08538687 0.812457
vt 0.08265328 0.8174744
vt 0.07779854 0.7971225
vt 0.07710248 0.7913202
vt 0.07267832 0.7965338
vt 0.08050453 0.8140051
vt 0.07869118 0.8091118
vt 0.07627618 0.8155799
vt 0.08265328 0.8174744
vt 0.08050453 0.8140051
vt 0.07945311 0.8191271
vt 0.08268964 0.793257
vt 0.07896554 0.78861
vt 0.07710248 0.7913202
vt 0.07710248 0.7913202
vt 0.07474797 0.7860797
vt 0.07187229 0.790601
vt 0.07187229 0.790601
vt 0.06677073 0.7919009
vt 0.07267832 0.7965338
vt 0.07043075 0.7859152
vt 0.06730097 0.7871691
vt 0.07187229 0.790601
vt 0.08395546 0.8034789
vt 0.08396857 0.8004452
vt 0.07778126 0.8037526
vt 0.08438187 0.8080646
vt 0.08395546 0.8034789
vt 0.07869118 0.8091118
vt 0.07778126 0.8037526
vt 0.07779854 0.7971225
vt 0.07297003 0.8034042
vt 0.07869118 0.8091118
vt 0.07778126 0.8037526
vt 0.07360219 0.8096725
vt 0.07297003 0.8034042
vt 0.07267832 0.7965338
vt 0.068156 0.8025377
vt 0.07360219 0.8096725
vt 0.07297003 0.8034042
vt 0.06840384 0.8059667
vt 0.09034872 0.8073485
vt 0.08964866 0.8033487
vt 0.08438187 0.8080646
vt 0.08964866 0.8033487
vt 0.08895105 0.7985976
vt 0.08396857 0.8004452
vt 0.07710248 0.7913202
vt 0.07779854 0.7971225
vt 0.0827341 0.7960899
vt 0.08404016 0.8207586
vt 0.08759659 0.8181304
vt 0.08265328 0.8174744
vt 0.08137798 0.823446
vt 0.08404016 0.8207586
vt 0.07945311 0.8191271
vt 0.07764214 0.8242956
vt 0.08137798 0.823446
vt 0.0772702 0.8205649
vt 0.09178966 0.8288144
vt 0.09235769 0.82816
vt 0.09119272 0.8279198
vt 0.09203451 0.8292299
vt 0.0926612 0.8288003
vt 0.09178966 0.8288144
vt 0.09235769 0.82816
vt 0.09266144 0.8278887
vt 0.09212094 0.8270461
vt 0.0926612 0.8288003
vt 0.09281891 0.8287677
vt 0.09235769 0.82816
vt 0.09308654 0.8267651
vt 0.09265953 0.8267753
vt 0.09295886 0.8278659
vt 0.09304642 0.8287422
vt 0.09295886 0.8278659
vt 0.09281891 0.8287677
vt 0.09268611 0.8256484
vt 0.09362173 0.8253789
vt 0.09242916 0.825347
vt 0.09267824 0.8260632
vt 0.09268611 0.8256484
vt 0.09256511 0.8261213
vt 0.09149754 0.8245578
vt 0.08994901 0.8259787
vt 0.09212094 0.8270461
vt 0.09321492 0.8278771
vt 0.09338063 0.8268914
vt 0.09295886 0.8278659
vt 0.09342741 0.827898
vt 0.09360432 0.827079
vt 0.09321492 0.8278771
vt 0.09360432 0.827079
vt 0.09342741 0.827898
vt 0.09375876 0.8273011
vt 0.09342032 0.8285864
vt 0.09357112 0.8284657
vt 0.09342741 0.827898
vt 0.09324723 0.8286806
vt 0.09342032 0.8285864
vt 0.09321492 0.8278771
vt 0.09304642 0.8287422
vt 0.09324723 0.8286806
vt 0.09295886 0.8278659
vt 0.0926612 0.8288003
vt 0.09274166 0.8291588
vt 0.09281891 0.8287677
vt 0.0947836 0.8332487
vt 0.09425157 0.8326316
vt 0.09471189 0.833315
vt 0.09413546 0.8327279
vt 0.09382873 0.8330705
vt 0.09471189 0.833315
vt 0.09253448 0.8314424
vt 0.092947 0.831207
vt 0.09195393 0.8307924
vt 0.0943467 0.8336544
vt 0.09382873 0.8330705
vt 0.09388732 0.8340537
vt 0.09195393 0.8307924
vt 0.09172785 0.8313068
vt 0.09253448 0.8314424
vt 0.0931673 0.832277
vt 0.09217613 0.8330637
vt 0.09382873 0.8330705
vt 0.09253448 0.8314424
vt 0.09168905 0.8319171
vt 0.0931673 0.832277
vt 0.09525483 0.8334727
vt 0.09500908 0.8333833
vt 0.09516894 0.8335768
vt 0.09586948 0.8333141
vt 0.09563285 0.8334473
vt 0.09591907 0.8334402
vt 0.09563285 0.8334473
vt 0.09525483 0.8334727
vt 0.09562653 0.8335699
vt 0.09500908 0.8333833
vt 0.0947836 0.8332487
vt 0.09487831 0.8334703
vt 0.09388732 0.8340537
vt 0.09441912 0.834094
vt 0.0943467 0.8336544
vt 0.0943467 0.8336544
vt 0.09454441 0.8338362
vt 0.09471189 0.833315
vt 0.09516894 0.8335768
vt 0.09487831 0.8334703
vt 0.09472697 0.8340433
vt 0.09562653 0.8335699
vt 0.09516894 0.8335768
vt 0.0952115 0.834009
vt 0.09591907 0.8334402
vt 0.09562653 0.8335699
vt 0.09571558 0.8339496
vt 0.0960794 0.8331175
vt 0.09586948 0.8333141
vt 0.09621107 0.8332806
vt 0.09621107 0.8332806
vt 0.09591907 0.8334402
vt 0.0962277 0.8336297
vt 0.09591525 0.834368
vt 0.09623855 0.8346174
vt 0.09641468 0.8337071
vt 0.09641212 0.8333902
vt 0.09641468 0.8337071
vt 0.09675741 0.8334488
vt 0.09640383 0.8330514
vt 0.09641212 0.8333902
vt 0.09650903 0.833121
vt 0.0982514 0.833801
vt 0.09798306 0.8335167
vt 0.09771341 0.833581
vt 0.09732395 0.8335286
vt 0.09715455 0.8332502
vt 0.09709906 0.8333464
vt 0.09736943 0.833811
vt 0.09732395 0.8335286
vt 0.09686428 0.8337138
vt 0.09700906 0.8332443
vt 0.09685969 0.8332341
vt 0.09709906 0.8333464
vt 0.09717148 0.8353405
vt 0.09818398 0.8360768
vt 0.09870326 0.8340703
vt 0.09717148 0.8353405
vt 0.09736943 0.833811
vt 0.09623855 0.8346174
vt 0.09736943 0.833811
vt 0.09821444 0.8339819
vt 0.09771341 0.833581
vt 0.09640383 0.8330514
vt 0.09621107 0.8332806
vt 0.09641212 0.8333902
vt 0.0973156 0.8332404
vt 0.09732395 0.8335286
vt 0.09750014 0.833316
vt 0.09906166 0.8239567
vt 0.1026719 0.8287187
vt 0.09979653 0.8229709
vt 0.1042549 0.8248565
vt 0.1034322 0.8235062
vt 0.1038345 0.8284702
vt 0.1017235 0.8319603
vt 0.101625 0.8326386
vt 0.1033024 0.8322533
vt 0.1033855 0.833248
vt 0.1047649 0.8325838
vt 0.1033024 0.8322533
vt 0.1047649 0.8325838
vt 0.1057149 0.8316532
vt 0.1049162 0.8314106
vt 0.1017235 0.8319603
vt 0.1033024 0.8322533
vt 0.101832 0.8309395
vt 0.101832 0.8309395
vt 0.1031509 0.830724
vt 0.1017295 0.829074
vt 0.1010793 0.8314278
vt 0.101832 0.8309395
vt 0.1004298 0.8294548
vt 0.1033024 0.8322533
vt 0.1049162 0.8314106
vt 0.1031509 0.830724
vt 0.1026719 0.8287187
vt 0.1031509 0.830724
vt 0.1038345 0.8284702
vt 0.1049162 0.8314106
vt 0.1058362 0.8308456
vt 0.1049278 0.8304157
vt 0.1049278 0.8304157
vt 0.1058734 0.8298944
vt 0.1038345 0.8284702
vt 0.09964823 0.8297259
vt 0.1004183 0.8314108
vt 0.1004298 0.8294548
vt 0.09420526 0.8259497
vt 0.0944975 0.8257456
vt 0.09362173 0.8253789
vt 0.09525644 0.8255464
vt 0.09465962 0.8249378
vt 0.0944975 0.8257456
vt 0.09525644 0.8255464
vt 0.0944975 0.8257456
vt 0.09527081 0.8259646
vt 0.09753495 0.8264218
vt 0.09779345 0.8260369
vt 0.09629845 0.8255879
vt 0.09578889 0.8235232
vt 0.09587389 0.8247907
vt 0.09846901 0.8248645
vt 0.09611678 0.8225139
vt 0.09578889 0.8235232
vt 0.09906166 0.8239567
vt 0.09979653 0.8229709
vt 0.09716081 0.8215029
vt 0.09906166 0.8239567
vt 0.1011515 0.821284
vt 0.09923821 0.8201772
vt 0.09979653 0.8229709
vt 0.09483736 0.8270202
vt 0.09667593 0.8275764
vt 0.09563195 0.8265753
vt 0.1047649 0.8325838
vt 0.1033855 0.833248
vt 0.1042299 0.8340886
vt 0.1042299 0.8340886
vt 0.1027181 0.8342238
vt 0.1041945 0.834712
vt 0.1027181 0.8342238
vt 0.1033855 0.833248
vt 0.1013851 0.8332745
vt 0.1017283 0.8352775
vt 0.1027181 0.8342238
vt 0.100898 0.8340708
vt 0.1013851 0.8332745
vt 0.101625 0.8326386
vt 0.1008426 0.8326589
vt 0.100898 0.8340708
vt 0.1013851 0.8332745
vt 0.1003465 0.8331074
vt 0.09943205 0.8298142
vt 0.09919738 0.829929
vt 0.0999338 0.8315948
vt 0.09964823 0.8297259
vt 0.09943205 0.8298142
vt 0.1004183 0.8314108
vt 0.09958982 0.831616
vt 0.09994834 0.8326223
vt 0.0999338 0.8315948
vt 0.0999338 0.8315948
vt 0.1004573 0.8321572
vt 0.1004183 0.8314108
vt 0.1004573 0.8321572
vt 0.09994834 0.8326223
vt 0.1008426 0.8326589
vt 0.1007996 0.8317768
vt 0.1004573 0.8321572
vt 0.1012195 0.8322847
vt 0.1070981 0.8274411
vt 0.1064375 0.8256295
vt 0.1064711 0.8275612
vt 0.1064711 0.8275612
vt 0.1058173 0.8259414
vt 0.1057092 0.8277909
vt 0.1058173 0.8259414
vt 0.1064375 0.8256295
vt 0.1049929 0.8243823
vt 0.1050411 0.8263208
vt 0.1058173 0.8259414
vt 0.1042549 0.8248565
vt 0.1049929 0.8243823
vt 0.1055656 0.8239258
vt 0.104026 0.8230392
vt 0.1042549 0.8248565
vt 0.1049929 0.8243823
vt 0.1034322 0.8235062
vt 0.104026 0.8230392
vt 0.1045098 0.8226293
vt 0.1028286 0.8217223
vt 0.1034322 0.8235062
vt 0.104026 0.8230392
vt 0.1023492 0.8223581
vt 0.1028286 0.8217223
vt 0.1032073 0.8210935
vt 0.1015321 0.8207676
vt 0.1023492 0.8223581
vt 0.1028286 0.8217223
vt 0.1011515 0.821284
vt 0.1069344 0.8307203
vt 0.1073866 0.8306592
vt 0.1069783 0.8293739
vt 0.1058362 0.8308456
vt 0.1069344 0.8307203
vt 0.1058734 0.8298944
vt 0.1041945 0.834712
vt 0.1066756 0.8329471
vt 0.1042299 0.8340886
vt 0.1042299 0.8340886
vt 0.1060454 0.8320108
vt 0.1047649 0.8325838
vt 0.1069783 0.8293739
vt 0.1074424 0.8291663
vt 0.1064711 0.8275612
vt 0.1058734 0.8298944
vt 0.1069783 0.8293739
vt 0.1057092 0.8277909
vt 0.1066756 0.8329471
vt 0.1073866 0.8306592
vt 0.1060454 0.8320108
vt 0.1057149 0.8316532
vt 0.1060454 0.8320108
vt 0.1058362 0.8308456
vt 0.1018816 0.8202123
vt 0.09972298 0.8193042
vt 0.1015321 0.8207676
vt 0.1015321 0.8207676
vt 0.09957462 0.8196524
vt 0.1011515 0.821284
vt 0.09629845 0.8255879
vt 0.09587389 0.8247907
vt 0.09579765 0.8253159
vt 0.09579765 0.8253159
vt 0.09539318 0.8249283
vt 0.09525644 0.8255464
vt 0.09451013 0.8233446
vt 0.09465962 0.8249378
vt 0.09513419 0.8235241
vt 0.09578889 0.8235232
vt 0.09513419 0.8235241
vt 0.09587389 0.8247907
vt 0.09455281 0.8220297
vt 0.09451013 0.8233446
vt 0.09535324 0.8221261
vt 0.09611678 0.8225139
vt 0.09535324 0.8221261
vt 0.09578889 0.8235232
vt 0.09656906 0.820589
vt 0.09541809 0.8204359
vt 0.09535324 0.8221261
vt 0.09656906 0.820589
vt 0.09535324 0.8221261
vt 0.09716081 0.8215029
vt 0.09867644 0.8196381
vt 0.09797263 0.8192973
vt 0.09656906 0.820589
vt 0.09923821 0.8201772
vt 0.09867644 0.8196381
vt 0.09716081 0.8215029
vt 0.09713661 0.8269576
vt 0.09753495 0.8264218
vt 0.09598809 0.8261141
vt 0.09713661 0.8269576
vt 0.09598809 0.8261141
vt 0.09695351 0.8271772
vt 0.09598809 0.8261141
vt 0.09629845 0.8255879
vt 0.09557455 0.825865
vt 0.09598809 0.8261141
vt 0.09557455 0.825865
vt 0.09563195 0.8265753
vt 0.09527081 0.8259646
vt 0.09557455 0.825865
vt 0.09525644 0.8255464
vt 0.09957462 0.8196524
vt 0.09972298 0.8193042
vt 0.09867644 0.8196381
vt 0.1017235 0.8319603
vt 0.1010793 0.8314278
vt 0.1012195 0.8322847
vt 0.09906017 0.8508152
vt 0.09956759 0.85448
vt 0.1024081 0.8531114
vt 0.09447264 0.8490235
vt 0.09425455 0.851141
vt 0.09906017 0.8508152
vt 0.09014916 0.8461325
vt 0.08963656 0.8475366
vt 0.09447264 0.8490235
vt 0.08798402 0.8428239
vt 0.0870068 0.8441221
vt 0.09014916 0.8461325
vt 0.08484327 0.8390826
vt 0.08347654 0.8400576
vt 0.08798402 0.8428239
vt 0.08484327 0.8390826
vt 0.08305913 0.8367062
vt 0.08347654 0.8400576
vt 0.0811702 0.8341487
vt 0.07973599 0.8316159
vt 0.07972878 0.8345222
vt 0.07973599 0.8316159
vt 0.07819223 0.8277955
vt 0.0782904 0.8319281
vt 0.08305913 0.8367062
vt 0.0811702 0.8341487
vt 0.08159989 0.8373612
vt 0.07360219 0.8096725
vt 0.06840384 0.8059667
vt 0.07074433 0.8101735
vt 0.06279361 0.7991855
vt 0.06273847 0.7947495
vt 0.06181603 0.7992667
vt 0.06840384 0.8059667
vt 0.06500542 0.8032578
vt 0.06628644 0.8060111
vt 0.06500542 0.8032578
vt 0.06279361 0.7991855
vt 0.06375837 0.8034445
vt 0.06273847 0.7947495
vt 0.0641666 0.7906679
vt 0.0618987 0.7944533
vt 0.07764214 0.8242956
vt 0.0772702 0.8205649
vt 0.07562792 0.8231165
vt 0.0772702 0.8205649
vt 0.07627618 0.8155799
vt 0.07529842 0.821039
vt 0.07796835 0.8261416
vt 0.07764214 0.8242956
vt 0.07593208 0.8254011
vt 0.07819223 0.8277955
vt 0.07796835 0.8261416
vt 0.07627129 0.8275961
vt 0.09956759 0.85448
vt 0.09425455 0.851141
vt 0.09718394 0.8566294
vt 0.09425455 0.851141
vt 0.08963656 0.8475366
vt 0.09266096 0.8524219
vt 0.0870068 0.8441221
vt 0.08617162 0.8446972
vt 0.08963656 0.8475366
vt 0.0870068 0.8441221
vt 0.08347654 0.8400576
vt 0.08617162 0.8446972
vt 0.08159989 0.8373612
vt 0.08085626 0.8378498
vt 0.08347654 0.8400576
vt 0.0782904 0.8319281
vt 0.07748472 0.8324764
vt 0.07972878 0.8345222
vt 0.0782904 0.8319281
vt 0.07627129 0.8275961
vt 0.07748472 0.8324764
vt 0.07972878 0.8345222
vt 0.07902365 0.8350221
vt 0.08159989 0.8373612
vt 0.07529842 0.821039
vt 0.0732553 0.8216351
vt 0.07562792 0.8231165
vt 0.07562792 0.8231165
vt 0.07389926 0.8235505
vt 0.07593208 0.8254011
vt 0.07593208 0.8254011
vt 0.07464569 0.8258307
vt 0.07627129 0.8275961
vt 0.09718394 0.8566294
vt 0.09266096 0.8524219
vt 0.09638082 0.8572987
vt 0.08874589 0.8482344
vt 0.08820873 0.8488454
vt 0.09266096 0.8524219
vt 0.08617162 0.8446972
vt 0.08525758 0.8454358
vt 0.08874589 0.8482344
vt 0.08617162 0.8446972
vt 0.0827381 0.8407084
vt 0.08525758 0.8454358
vt 0.0827381 0.8407084
vt 0.08085626 0.8378498
vt 0.08157831 0.8414986
vt 0.07902365 0.8350221
vt 0.07748472 0.8324764
vt 0.07775145 0.8353193
vt 0.07524514 0.8277878
vt 0.07459968 0.8285229
vt 0.07748472 0.8324764
vt 0.08085626 0.8378498
vt 0.07902365 0.8350221
vt 0.07960683 0.8383118
vt 0.07389926 0.8235505
vt 0.07311946 0.8241299
vt 0.07464569 0.8258307
vt 0.07464569 0.8258307
vt 0.07371258 0.8262434
vt 0.07524514 0.8277878
vt 0.07960683 0.8383118
vt 0.07841336 0.8390022
vt 0.08157831 0.8414986
vt 0.07960683 0.8383118
vt 0.07775145 0.8353193
vt 0.07841336 0.8390022
vt 0.07841336 0.8390022
vt 0.07592362 0.8412034
vt 0.0806275 0.8425438
vt 0.07592362 0.8412034
vt 0.07387417 0.8440775
vt 0.07885622 0.844552
vt 0.08457434 0.8465096
vt 0.08525758 0.8454358
vt 0.0806275 0.8425438
vt 0.0806275 0.8425438
vt 0.07885622 0.844552
vt 0.08457434 0.8465096
vt 0.08387523 0.8481019
vt 0.07885622 0.844552
vt 0.08307075 0.8502744
vt 0.08786845 0.8498728
vt 0.08387523 0.8481019
vt 0.08680731 0.8513183
vt 0.08786845 0.8498728
vt 0.08820873 0.8488454
vt 0.08457434 0.8465096
vt 0.07387417 0.8440775
vt 0.07592362 0.8412034
vt 0.07205116 0.839559
vt 0.07592362 0.8412034
vt 0.07841336 0.8390022
vt 0.07419615 0.8367289
vt 0.07371258 0.8262434
vt 0.07311946 0.8241299
vt 0.07245075 0.826839
vt 0.07352131 0.8292523
vt 0.07459968 0.8285229
vt 0.07245075 0.826839
vt 0.07245075 0.826839
vt 0.07125151 0.8276719
vt 0.07352131 0.8292523
vt 0.07547128 0.8333484
vt 0.07659482 0.8326655
vt 0.07352131 0.8292523
vt 0.07352131 0.8292523
vt 0.07144927 0.8304135
vt 0.07547128 0.8333484
vt 0.07628142 0.8356916
vt 0.07547128 0.8333484
vt 0.07419615 0.8367289
vt 0.07775145 0.8353193
vt 0.07659482 0.8326655
vt 0.07628142 0.8356916
vt 0.07087546 0.8254405
vt 0.07311946 0.8241299
vt 0.07050532 0.8221205
vt 0.1291953 0.8678719
vt 0.1305049 0.8692247
vt 0.1325598 0.8642566
vt 0.1343627 0.8566343
vt 0.1325598 0.8642566
vt 0.1353021 0.8568748
vt 0.1333701 0.8507028
vt 0.1343627 0.8566343
vt 0.1350933 0.8509875
vt 0.1243721 0.8693882
vt 0.1189177 0.8686348
vt 0.1244646 0.8701158
vt 0.1251237 0.8723355
vt 0.1244646 0.8701158
vt 0.1181578 0.8729463
vt 0.1186358 0.8698451
vt 0.1189177 0.8686348
vt 0.1135875 0.867643
vt 0.1181578 0.8729463
vt 0.1186358 0.8698451
vt 0.1123471 0.8707827
vt 0.1135875 0.867643
vt 0.113978 0.8663955
vt 0.1093245 0.8635359
vt 0.1123471 0.8707827
vt 0.1135875 0.867643
vt 0.1075238 0.8675763
vt 0.1093245 0.8635359
vt 0.1099571 0.8612263
vt 0.1042779 0.8585156
vt 0.1075238 0.8675763
vt 0.1093245 0.8635359
vt 0.1022166 0.8627621
vt 0.1305049 0.8692247
vt 0.1291953 0.8678719
vt 0.1251237 0.8723355
vt 0.1024081 0.8531114
vt 0.101826 0.8556602
vt 0.1050873 0.8567901
vt 0.1022166 0.8627621
vt 0.1042779 0.8585156
vt 0.09876328 0.8592853
vt 0.09876328 0.8592853
vt 0.101826 0.8556602
vt 0.09718394 0.8566294
vt 0.09172785 0.8313068
vt 0.09158128 0.8313379
vt 0.09168905 0.8319171
vt 0.09195393 0.8307924
vt 0.09180182 0.8307518
vt 0.09172785 0.8313068
vt 0.09226274 0.8299118
vt 0.09180182 0.8307518
vt 0.09233367 0.8300693
vt 0.0947026 0.834242
vt 0.09521526 0.8341735
vt 0.09472697 0.8340433
vt 0.09388732 0.8340537
vt 0.09388512 0.8342292
vt 0.09441912 0.834094
vt 0.09472697 0.8340433
vt 0.09441912 0.834094
vt 0.0947026 0.834242
vt 0.09302991 0.8338744
vt 0.09302991 0.8340095
vt 0.09388732 0.8340537
vt 0.09217613 0.8330637
vt 0.09212881 0.8331497
vt 0.09302991 0.8338744
vt 0.09168905 0.8319171
vt 0.09158116 0.8319801
vt 0.09217613 0.8330637
vt 0.09521526 0.8341735
vt 0.09573024 0.8340229
vt 0.0952115 0.834009
vt 0.09158128 0.8313379
vt 0.09131938 0.8313926
vt 0.09158116 0.8319801
vt 0.09180182 0.8307518
vt 0.09150171 0.8306582
vt 0.09158128 0.8313379
vt 0.09226274 0.8299118
vt 0.09189987 0.83
vt 0.09180182 0.8307518
vt 0.09469515 0.8345098
vt 0.09522211 0.8343576
vt 0.0947026 0.834242
vt 0.09388512 0.8342292
vt 0.09388685 0.8346001
vt 0.09446352 0.8342749
vt 0.0947026 0.834242
vt 0.09446352 0.8342749
vt 0.09469515 0.8345098
vt 0.09302991 0.8340095
vt 0.09296786 0.8342503
vt 0.09388512 0.8342292
vt 0.09212881 0.8331497
vt 0.09201091 0.8333344
vt 0.09302991 0.8340095
vt 0.09158116 0.8319801
vt 0.09155857 0.832443
vt 0.09212881 0.8331497
vt 0.09522211 0.8343576
vt 0.09577524 0.8341677
vt 0.09521526 0.8341735
vt 0.09074079 0.8314256
vt 0.09083706 0.8322337
vt 0.09096133 0.8314784
vt 0.09131938 0.8313926
vt 0.09096133 0.8314784
vt 0.09138095 0.8320575
vt 0.09098672 0.8304444
vt 0.09074079 0.8314256
vt 0.09118038 0.830561
vt 0.09150171 0.8306582
vt 0.09118038 0.830561
vt 0.09131938 0.8313926
vt 0.0916363 0.8298973
vt 0.0914244 0.8297715
vt 0.09118038 0.830561
vt 0.09189987 0.83
vt 0.0916363 0.8298973
vt 0.09150171 0.8306582
vt 0.09462755 0.8350751
vt 0.09538555 0.8348327
vt 0.0946148 0.8348379
vt 0.0946148 0.8348379
vt 0.09527856 0.8346364
vt 0.09469515 0.8345098
vt 0.09369039 0.8351527
vt 0.09462755 0.8350751
vt 0.09380614 0.8348419
vt 0.09380614 0.8348419
vt 0.0946148 0.8348379
vt 0.09388685 0.8346001
vt 0.09276479 0.8348647
vt 0.09369039 0.8351527
vt 0.09287947 0.8345142
vt 0.09296786 0.8342503
vt 0.09287947 0.8345142
vt 0.09388685 0.8346001
vt 0.09182006 0.8335336
vt 0.09161818 0.8337436
vt 0.09287947 0.8345142
vt 0.09201091 0.8333344
vt 0.09182006 0.8335336
vt 0.09296786 0.8342503
vt 0.09130436 0.8327378
vt 0.09111535 0.833008
vt 0.09182006 0.8335336
vt 0.09155857 0.832443
vt 0.09130436 0.8327378
vt 0.09201091 0.8333344
vt 0.09106707 0.8321851
vt 0.09083706 0.8322337
vt 0.09130436 0.8327378
vt 0.09138095 0.8320575
vt 0.09106707 0.8321851
vt 0.09155857 0.832443
vt 0.09538555 0.8348327
vt 0.09591525 0.834368
vt 0.09527856 0.8346364
vt 0.09527856 0.8346364
vt 0.09584742 0.8342653
vt 0.09522211 0.8343576
vt 0.0916363 0.8298973
vt 0.09189987 0.83
vt 0.09211987 0.829417
vt 0.09203451 0.8292299
vt 0.0914244 0.8297715
vt 0.09211987 0.829417
vt 0.0926612 0.8288003
vt 0.09203451 0.8292299
vt 0.09274166 0.8291588
vt 0.09221017 0.8296434
vt 0.09273451 0.8293649
vt 0.09211987 0.829417
vt 0.09226274 0.8299118
vt 0.09267836 0.8295815
vt 0.09221017 0.8296434
vt 0.0962277 0.8336297
vt 0.0960325 0.8337572
vt 0.09577524 0.8341677
vt 0.09577524 0.8341677
vt 0.09584742 0.8342653
vt 0.0962277 0.8336297
vt 0.06628644 0.8060111
vt 0.06530576 0.8069551
vt 0.07074433 0.8101735
vt 0.06181603 0.7992667
vt 0.0618987 0.7944533
vt 0.06013327 0.7994687
vt 0.06628644 0.8060111
vt 0.06375837 0.8034445
vt 0.06530576 0.8069551
vt 0.06375837 0.8034445
vt 0.06181603 0.7992667
vt 0.06278073 0.8041022
vt 0.07529842 0.821039
vt 0.07326275 0.8154319
vt 0.0732553 0.8216351
vt 0.07050532 0.8221205
vt 0.0732553 0.8216351
vt 0.0699746 0.8168521
vt 0.06530576 0.8069551
vt 0.06427949 0.808125
vt 0.06907302 0.8113856
vt 0.06427949 0.808125
vt 0.06530576 0.8069551
vt 0.06201195 0.8046357
vt 0.07896554 0.78861
vt 0.07953339 0.7875027
vt 0.07474797 0.7860797
vt 0.07043075 0.7859152
vt 0.07474797 0.7860797
vt 0.07036793 0.7855698
vt 0.06730097 0.7871691
vt 0.07043075 0.7859152
vt 0.06706339 0.7867238
vt 0.0641666 0.7906679
vt 0.06730097 0.7871691
vt 0.06315964 0.7897515
vt 0.07953339 0.7875027
vt 0.07987272 0.7867786
vt 0.07482618 0.7856556
vt 0.08268964 0.793257
vt 0.08398896 0.791234
vt 0.07896554 0.78861
vt 0.07987272 0.7867786
vt 0.07953339 0.7875027
vt 0.08488273 0.7902079
vt 0.07074433 0.8101735
vt 0.06907302 0.8113856
vt 0.07232326 0.8128136
vt 0.07232326 0.8128136
vt 0.07066291 0.8137117
vt 0.07326275 0.8154319
vt 0.06907302 0.8113856
vt 0.0677061 0.8125542
vt 0.07066291 0.8137117
vt 0.07184696 0.8160888
vt 0.07066291 0.8137117
vt 0.0699746 0.8168521
vt 0.06400626 0.798438
vt 0.06721079 0.7963694
vt 0.06381374 0.7939717
vt 0.06279361 0.7991855
vt 0.06400626 0.798438
vt 0.06273847 0.7947495
vt 0.06400626 0.798438
vt 0.06279361 0.7991855
vt 0.06589847 0.8028451
vt 0.06721079 0.7963694
vt 0.06400626 0.798438
vt 0.068156 0.8025377
vt 0.06730097 0.7871691
vt 0.0641666 0.7906679
vt 0.06677073 0.7919009
vt 0.08488273 0.7902079
vt 0.08398896 0.791234
vt 0.08881044 0.7947543
vt 0.08895105 0.7985976
vt 0.0886684 0.7963182
vt 0.08268964 0.793257
vt 0.1112468 0.8203434
vt 0.1135827 0.8226134
vt 0.1125405 0.8195773
vt 0.1112468 0.8203434
vt 0.1125405 0.8195773
vt 0.1097663 0.8180051
vt 0.1097663 0.8180051
vt 0.1108081 0.8170226
vt 0.1081221 0.8143324
vt 0.1125405 0.8195773
vt 0.1135031 0.8189933
vt 0.1108081 0.8170226
vt 0.1172426 0.8260465
vt 0.1176154 0.8243166
vt 0.1135827 0.8226134
vt 0.1125405 0.8195773
vt 0.1149603 0.8222548
vt 0.1135031 0.8189933
vt 0.131843 0.8451012
vt 0.1331606 0.8446521
vt 0.1291775 0.8398495
vt 0.1291775 0.8398495
vt 0.1298493 0.8386696
vt 0.1273795 0.8367891
vt 0.1213605 0.8314691
vt 0.1248111 0.8339106
vt 0.1240198 0.8307544
vt 0.1248111 0.8339106
vt 0.1273795 0.8367891
vt 0.1263288 0.8330654
vt 0.1194562 0.8287827
vt 0.1213762 0.828006
vt 0.1172426 0.8260465
vt 0.1194562 0.8287827
vt 0.1213605 0.8314691
vt 0.1213762 0.828006
vt 0.1285331 0.8359989
vt 0.1298493 0.8386696
vt 0.1292479 0.8356855
vt 0.1240198 0.8307544
vt 0.1263288 0.8330654
vt 0.1261627 0.8294897
vt 0.1263288 0.8330654
vt 0.1285331 0.8359989
vt 0.1277166 0.8322483
vt 0.1213762 0.828006
vt 0.1240198 0.8307544
vt 0.1241406 0.8269014
vt 0.1176154 0.8243166
vt 0.1213762 0.828006
vt 0.1205654 0.8249592
vt 0.131843 0.8451012
vt 0.1333701 0.8507028
vt 0.1331606 0.8446521
vt 0.1331606 0.8446521
vt 0.1343125 0.8440928
vt 0.1305906 0.8384234
vt 0.1261627 0.8294897
vt 0.1277166 0.8322483
vt 0.1275254 0.8290011
vt 0.1292479 0.8356855
vt 0.1310312 0.8346763
vt 0.1277166 0.8322483
vt 0.1241406 0.8269014
vt 0.1261627 0.8294897
vt 0.1256585 0.8262768
vt 0.1305906 0.8384234
vt 0.1319341 0.8372909
vt 0.1292479 0.8356855
vt 0.1275254 0.8290011
vt 0.1293215 0.8316653
vt 0.1315808 0.8275309
vt 0.1293215 0.8316653
vt 0.1310312 0.8346763
vt 0.1331924 0.8292024
vt 0.1256585 0.8262768
vt 0.1275254 0.8290011
vt 0.1282581 0.8257368
vt 0.1319341 0.8372909
vt 0.1352368 0.8368624
vt 0.1310312 0.8346763
vt 0.1205654 0.8249592
vt 0.1241406 0.8269014
vt 0.1250802 0.8249463
vt 0.08881044 0.7947543
vt 0.0886684 0.7963182
vt 0.09357661 0.798615
vt 0.09357661 0.798615
vt 0.09328842 0.7999706
vt 0.09928774 0.8028263
vt 0.09928774 0.8028263
vt 0.09893476 0.8038986
vt 0.1027678 0.8042439
vt 0.1027678 0.8042439
vt 0.1026534 0.8054757
vt 0.1062636 0.8049642
vt 0.1067642 0.8109096
vt 0.1063739 0.8065163
vt 0.1022896 0.807035
vt 0.1022896 0.807035
vt 0.1026534 0.8054757
vt 0.09868925 0.8053897
vt 0.09868925 0.8053897
vt 0.09893476 0.8038986
vt 0.09355205 0.8017205
vt 0.09355205 0.8017205
vt 0.09328842 0.7999706
vt 0.08895105 0.7985976
vt 0.1062636 0.8049642
vt 0.1057578 0.8022373
vt 0.1027678 0.8042439
vt 0.1057578 0.8022373
vt 0.1044263 0.7981679
vt 0.1027863 0.8020294
vt 0.1044263 0.7981679
vt 0.1032488 0.7959969
vt 0.1015479 0.7980503
vt 0.1015479 0.7980503
vt 0.09959834 0.7944701
vt 0.09874618 0.7989477
vt 0.1027863 0.8020294
vt 0.1015479 0.7980503
vt 0.09955078 0.80146
vt 0.09955078 0.80146
vt 0.09928774 0.8028263
vt 0.1027863 0.8020294
vt 0.09874618 0.7989477
vt 0.0960921 0.7943648
vt 0.09580802 0.7986979
vt 0.09357661 0.798615
vt 0.09928774 0.8028263
vt 0.09580802 0.7986979
vt 0.08881044 0.7947543
vt 0.09357661 0.798615
vt 0.09303778 0.7958845
vt 0.1215165 0.8606076
vt 0.1212131 0.8617863
vt 0.1274447 0.8647803
vt 0.1215165 0.8606076
vt 0.1155589 0.8594116
vt 0.1212131 0.8617863
vt 0.1155589 0.8594116
vt 0.1100369 0.859683
vt 0.1149309 0.860837
vt 0.1032957 0.8602874
vt 0.1038807 0.8616548
vt 0.1100369 0.859683
vt 0.09638082 0.8572987
vt 0.0918858 0.8532023
vt 0.09552001 0.8586675
vt 0.1291215 0.876869
vt 0.1297491 0.8710858
vt 0.1280559 0.8764022
vt 0.1291215 0.876869
vt 0.1280559 0.8764022
vt 0.1251704 0.8845584
vt 0.1251704 0.8845584
vt 0.1233553 0.8840775
vt 0.1210056 0.8892675
vt 0.1274447 0.8647803
vt 0.1265571 0.8654988
vt 0.1297491 0.8710858
vt 0.09876328 0.8592853
vt 0.09959095 0.8611861
vt 0.1032957 0.8602874
vt 0.09638082 0.8572987
vt 0.09552001 0.8586675
vt 0.09876328 0.8592853
vt 0.1210056 0.8892675
vt 0.1197412 0.8885378
vt 0.1150901 0.8946006
vt 0.09590131 0.8993056
vt 0.09845161 0.8991823
vt 0.09696364 0.8974998
vt 0.09845161 0.8991823
vt 0.1033952 0.8989083
vt 0.0993517 0.8973555
vt 0.09195631 0.90005529
vt 0.09590131 0.8993056
vt 0.09386116 0.8972704
vt 0.1033952 0.8989083
vt 0.1074413 0.8980961
vt 0.1034191 0.8974621
vt 0.08847296 0.90101576
vt 0.09195631 0.90005529
vt 0.09206384 0.8965191
vt 0.08359271 0.90265042
vt 0.08847296 0.90101576
vt 0.08775484 0.8939799
vt 0.1074413 0.8980961
vt 0.1150901 0.8946006
vt 0.1072676 0.8968159
vt 0.16595 0.8623036
vt 0.165732 0.8631394
vt 0.1664713 0.8643151
vt 0.1668511 0.8611705
vt 0.16595 0.8623036
vt 0.1674209 0.8632827
vt 0.1687522 0.8600178
vt 0.1668511 0.8611705
vt 0.1693357 0.862136
vt 0.1698057 0.8592699
vt 0.1687522 0.8600178
vt 0.1705992 0.8610208
vt 0.1693357 0.862136
vt 0.1674209 0.8632827
vt 0.1696549 0.8671121
vt 0.1693357 0.862136
vt 0.1696549 0.8671121
vt 0.1705992 0.8610208
vt 0.1674209 0.8632827
vt 0.1664713 0.8643151
vt 0.1683133 0.8674711
vt 0.1115237 0.8163506
vt 0.1135031 0.8189933
vt 0.1118309 0.8161443
vt 0.1091203 0.8130009
vt 0.1115237 0.8163506
vt 0.1094289 0.8128185
vt 0.1075424 0.8107113
vt 0.1091203 0.8130009
vt 0.107851 0.8105289
vt 0.1176154 0.8243166
vt 0.117881 0.8240605
vt 0.1156994 0.8219897
vt 0.1156994 0.8219897
vt 0.1159715 0.8217362
vt 0.1135031 0.8189933
vt 0.07557582 0.833724
vt 0.07370173 0.8348656
vt 0.07778584 0.8378301
vt 0.08404785 0.8447806
vt 0.07778584 0.8378301
vt 0.08218491 0.8459024
vt 0.08768749 0.8478929
vt 0.08404785 0.8447806
vt 0.08583265 0.8490034
vt 0.0918858 0.8532023
vt 0.08768749 0.8478929
vt 0.09003949 0.8543021
vt 0.07382619 0.8284747
vt 0.07194799 0.8296255
vt 0.07557582 0.833724
vt 0.0686742 0.8129145
vt 0.06678533 0.814097
vt 0.06984513 0.815249
vt 0.06984513 0.815249
vt 0.06795805 0.8164245
vt 0.07130283 0.818172
vt 0.07130283 0.818172
vt 0.06941789 0.8193403
vt 0.07285344 0.8233111
vt 0.07285344 0.8233111
vt 0.07097136 0.8244714
vt 0.07382619 0.8284747
vt 0.06737303 0.8094713
vt 0.06548285 0.8106605
vt 0.0686742 0.8129145
vt 0.08875733 0.785213
vt 0.08745932 0.7850366
vt 0.0864461 0.7918876
vt 0.08875733 0.785213
vt 0.08813339 0.7789397
vt 0.08745932 0.7850366
vt 0.06698155 0.8037268
vt 0.06571251 0.8028658
vt 0.06737303 0.8094713
vt 0.07596898 0.7974523
vt 0.07482409 0.7959251
vt 0.06963074 0.7990549
vt 0.08089506 0.7963144
vt 0.0808677 0.7947575
vt 0.07596898 0.7974523
vt 0.08089506 0.7963144
vt 0.0864461 0.7918876
vt 0.0808677 0.7947575
vt 0.08162724 0.7706693
vt 0.08051407 0.7738474
vt 0.08501708 0.7735826
vt 0.08501708 0.7735826
vt 0.08535391 0.7769096
vt 0.08813339 0.7789397
vt 0.07617306 0.7684336
vt 0.06928187 0.768599
vt 0.07475525 0.7709125
vt 0.07617306 0.7684336
vt 0.07475525 0.7709125
vt 0.08162724 0.7706693
vt 0.06928187 0.768599
vt 0.06205499 0.7714576
vt 0.06927478 0.7702262
vt 0.06698155 0.8037268
vt 0.06762844 0.8010972
vt 0.06571251 0.8028658
vt 0.06963074 0.7990549
vt 0.06855708 0.7979073
vt 0.06762844 0.8010972
vt 0.06205499 0.7714576
vt 0.05517286 0.7745067
vt 0.06248205 0.7729683
vt 0.04510873 0.775288
vt 0.04532396 0.7765786
vt 0.04958319 0.7752886
vt 0.04078471 0.7768474
vt 0.03607439 0.7788388
vt 0.04122269 0.778069
vt 0.04510873 0.775288
vt 0.04078471 0.7768474
vt 0.04532396 0.7765786
vt 0.05533373 0.7764654
vt 0.05517286 0.7745067
vt 0.04978865 0.776564
vt 0.1715433 0.8774135
vt 0.1715056 0.8749719
vt 0.161492 0.8774547
vt 0.1715056 0.8749719
vt 0.1714742 0.8728138
vt 0.1614542 0.8750132
vt 0.1714742 0.8728138
vt 0.1714299 0.8701062
vt 0.1614229 0.8728551
vt 0.1478515 0.8430201
vt 0.1457466 0.8415257
vt 0.1423748 0.843377
vt 0.1440806 0.8444345
vt 0.1460336 0.844966
vt 0.1478515 0.8430201
vt 0.1420797 0.844431
vt 0.1440806 0.8444345
vt 0.1423748 0.843377
vt 0.1563224 0.8032442
vt 0.1581235 0.8037335
vt 0.1564095 0.8026207
vt 0.1581235 0.8037335
vt 0.1596717 0.8046654
vt 0.1583856 0.803161
vt 0.1582445 0.8019237
vt 0.1583856 0.803161
vt 0.1600506 0.8039439
vt 0.1574957 0.7998987
vt 0.1564095 0.8026207
vt 0.1582445 0.8019237
vt 0.1544007 0.8026074
vt 0.1564095 0.8026207
vt 0.155633 0.7993241
vt 0.1522498 0.8024588
vt 0.1524867 0.8031011
vt 0.1524685 0.8008325
vt 0.1524867 0.8031011
vt 0.1544007 0.8026074
vt 0.1532332 0.8001786
vt 0.1262634 0.1495122
vt 0.1262634 0.1475929
vt 0.1238576 0.1495122
vt 0.1262634 0.1495122
vt 0.1265597 0.1495122
vt 0.1262634 0.1475929
vt 0.1265597 0.1495122
vt 0.126856 0.149512
vt 0.1265646 0.1475929
vt 0.1547577 0.8745118
vt 0.1558699 0.8719574
vt 0.1529709 0.8760429
vt 0.1552414 0.8690398
vt 0.1534317 0.8667401
vt 0.1529709 0.8760429
vt 0.1534317 0.8667401
vt 0.1516923 0.865249
vt 0.1490515 0.8771269
vt 0.1516923 0.865249
vt 0.1494504 0.8635188
vt 0.1464827 0.8774547
vt 0.1432292 0.8774548
vt 0.1494504 0.8635188
vt 0.1398496 0.876374
vt 0.1477307 0.8597855
vt 0.1354198 0.8722723
vt 0.1482084 0.8619525
vt 0.1490716 0.7762727
vt 0.1487603 0.7735526
vt 0.1481556 0.7783562
vt 0.1481556 0.7783562
vt 0.1474301 0.7715433
vt 0.1373865 0.7737927
vt 0.1393587 0.7715249
vt 0.1474301 0.7715433
vt 0.1441394 0.770755
vt 0.1461188 0.7798922
vt 0.1373865 0.7737927
vt 0.144149 0.7817833
vt 0.149586 0.8273525
vt 0.1495801 0.8268536
vt 0.1493608 0.827378
vt 0.1683732 0.8158248
vt 0.1686672 0.8174423
vt 0.1729736 0.8159011
vt 0.1729736 0.8159011
vt 0.1729272 0.8134689
vt 0.1683732 0.8158248
vt 0.1091638 0.7683159
vt 0.119476 0.7678962
vt 0.1091638 0.7637148
vt 0.1058177 0.1477443
vt 0.1067955 0.147744
vt 0.1058177 0.1467516
vt 0.1096461 0.1477293
vt 0.1096461 0.1467366
vt 0.1087147 0.147729
vt 0.1067955 0.147744
vt 0.1087147 0.147729
vt 0.1067955 0.1467514
vt 0.1245415 0.153115
vt 0.1235489 0.1531194
vt 0.1245415 0.1533772
vt 0.1264607 0.1531172
vt 0.1264607 0.1533794
vt 0.127395 0.1531217
vt 0.1245415 0.153115
vt 0.1245415 0.1533772
vt 0.1264607 0.1531172
vt 0.1096687 0.1468041
vt 0.1096687 0.147533
vt 0.1106615 0.1468054
vt 0.1135149 0.1468161
vt 0.1125806 0.146817
vt 0.1135149 0.1475451
vt 0.1106615 0.1468054
vt 0.1106615 0.1477328
vt 0.1125806 0.146817
vt 0.1277903 0.161262
vt 0.128484 0.1615214
vt 0.1279242 0.1610365
vt 0.1277903 0.161262
vt 0.1275141 0.1612253
vt 0.1276189 0.1615508
vt 0.1275141 0.1612253
vt 0.1272442 0.1612941
vt 0.1273775 0.1614556
vt 0.1272442 0.1612941
vt 0.1270192 0.1614584
vt 0.1271075 0.1615244
vt 0.1282484 0.1721227
vt 0.1279795 0.1720474
vt 0.1288774 0.1735859
vt 0.1020554 0.1477443
vt 0.1047367 0.1477443
vt 0.1046292 0.1464142
vt 0.1743842 0.8048758
vt 0.1740403 0.8030414
vt 0.1608845 0.8048758
vt 0.1740403 0.8030414
vt 0.1732075 0.8013711
vt 0.1612284 0.8030416
vt 0.1620611 0.8013711
vt 0.1732075 0.8013711
vt 0.1633191 0.7999924
vt 0.1719498 0.7999924
vt 0.1703627 0.7990101
vt 0.1633191 0.7999924
vt 0.1649059 0.7990103
vt 0.1703627 0.7990101
vt 0.1667012 0.7984999
vt 0.1604439 0.8881359
vt 0.1739409 0.8881363
vt 0.1606062 0.8862818
vt 0.1735913 0.8899647
vt 0.1739409 0.8881363
vt 0.1607935 0.8899643
vt 0.172756 0.891628
vt 0.1735913 0.8899647
vt 0.1616287 0.8916278
vt 0.172756 0.891628
vt 0.1616287 0.8916278
vt 0.1714982 0.8930004
vt 0.1714982 0.8930004
vt 0.1628863 0.8930002
vt 0.1699137 0.8939778
vt 0.1681232 0.8944856
vt 0.1699137 0.8939778
vt 0.1662616 0.8944856
usemtl RHipPitchUV
f 1/1 2/2 3/3
f 5/4 6/5 4/6
f 1/7 7/8 8/9
f 9/10 10/11 6/12
f 8/13 7/14 11/15
f 13/16 14/17 10/18
f 12/19 11/20 15/21
f 18/22 14/23 13/24
f 15/25 19/26 20/27
f 21/28 22/29 18/30
f 19/31 23/32 24/33
f 25/34 26/35 22/36
f 28/37 24/38 23/39
f 30/40 26/41 25/42
f 28/43 27/44 31/45
f 33/46 34/47 30/48
f 31/49 35/50 36/51
f 37/52 38/53 34/54
f 36/55 35/56 39/57
f 41/58 42/59 38/60
f 39/61 43/62 44/63
f 45/64 46/65 42/66
f 43/67 47/68 48/69
f 50/70 46/71 45/72
f 48/73 47/74 51/75
f 52/76 51/77 50/78
f 53/79 54/80 55/81
f 57/82 53/83 56/84
f 59/85 57/86 58/87
f 59/88 60/89 62/90
f 63/91 61/92 64/93
f 67/94 68/95 69/96
f 65/97 70/98 71/99
f 72/100 70/101 73/102
f 73/103 70/104 67/105
f 75/106 76/107 77/108
f 76/109 79/110 80/111
f 79/112 81/113 82/114
f 81/115 83/116 84/117
f 85/118 86/119 84/120
f 87/121 88/122 86/123
f 89/124 90/125 88/126
f 91/127 92/128 90/129
f 91/130 93/131 94/132
f 95/133 96/134 94/135
f 97/136 98/137 96/138
f 100/139 101/140 102/141
f 103/142 104/143 98/144
f 105/145 99/146 102/147
f 107/148 108/149 104/150
f 105/151 106/152 110/153
f 111/154 112/155 108/156
f 109/157 110/158 114/159
f 115/160 116/161 112/162
f 117/163 118/164 116/165
f 114/166 119/167 120/168
f 121/169 122/170 118/171
f 123/172 120/173 119/174
f 121/175 123/176 124/177
f 125/178 126/179 127/180
f 129/181 125/182 128/183
f 131/184 129/185 130/186
f 134/187 135/188 136/189
f 137/190 131/191 132/192
f 137/193 138/194 140/195
f 142/196 143/197 144/198
f 141/199 144/200 146/201
f 147/202 145/203 146/204
f 149/205 147/206 148/207
f 152/208 153/209 154/210
f 156/211 157/212 158/213
f 160/214 161/215 162/216
f 163/217 149/218 150/219
f 156/220 165/221 166/222
f 167/223 163/224 164/225
f 165/226 169/227 170/228
f 172/229 159/230 162/231
f 173/232 167/233 168/234
f 169/235 175/236 176/237
f 175/238 177/239 178/240
f 180/241 171/242 181/243
f 182/244 173/245 174/246
f 153/247 184/248 185/249
f 152/250 186/251 187/252
f 188/253 182/254 183/255
f 179/256 181/257 185/258
f 191/259 188/260 189/261
f 177/262 193/263 194/264
f 193/265 191/266 192/267
f 184/268 195/269 190/270
f 197/271 198/272 199/273
f 196/274 199/275 201/276
f 202/277 203/278 198/279
f 204/280 205/281 203/282
f 204/283 206/284 207/285
f 209/286 200/287 201/288
f 210/289 211/290 212/291
f 213/292 214/293 207/294
f 216/295 217/296 218/297
f 212/298 211/299 219/300
f 222/301 223/302 224/303
f 225/304 226/305 214/306
f 218/307 217/308 227/309
f 217/310 216/311 230/312
f 225/313 231/314 232/315
f 229/316 230/317 234/318
f 231/319 235/320 236/321
f 235/322 237/323 238/324
f 237/325 239/326 240/327
f 239/328 241/329 242/330
f 241/331 243/332 244/333
f 245/334 246/335 224/336
f 247/337 248/338 244/339
f 249/340 250/341 248/342
f 223/343 222/344 251/345
f 253/346 252/347 251/348
f 255/349 256/350 250/351
f 252/352 253/353 257/354
f 259/355 260/356 256/357
f 261/358 262/359 258/360
f 264/361 265/362 260/363
f 265/364 267/365 268/366
f 269/367 270/368 271/369
f 228/370 227/371 273/372
f 276/373 277/374 278/375
f 275/376 278/377 280/378
f 279/379 280/380 282/381
f 281/382 282/383 284/384
f 283/385 284/386 286/387
f 285/388 286/389 288/390
f 289/391 287/392 288/393
f 271/394 270/395 292/396
f 293/397 294/398 278/399
f 296/400 297/401 298/402
f 299/403 300/404 301/405
f 304/406 305/407 306/408
f 305/409 304/410 308/411
f 309/412 280/413 278/414
f 310/415 282/416 280/417
f 311/418 284/419 282/420
f 312/421 313/422 314/423
f 315/424 316/425 317/426
f 317/427 316/428 318/429
f 316/430 320/431 321/432
f 322/433 323/434 284/435
f 321/436 320/437 324/438
f 320/439 326/440 327/441
f 322/442 328/443 329/444
f 328/445 330/446 331/447
f 332/448 327/449 333/450
f 335/451 336/452 337/453
f 336/454 339/455 340/456
f 335/457 338/458 342/459
f 343/460 340/461 339/462
f 341/463 342/464 346/465
f 347/466 345/467 346/468
f 349/469 347/470 348/471
f 298/472 297/473 351/474
f 307/475 352/476 306/477
f 353/478 349/479 350/480
f 353/481 354/482 356/483
f 358/484 307/485 308/486
f 358/487 357/488 360/489
f 355/490 356/491 362/492
f 363/493 361/494 362/495
f 365/496 363/497 364/498
f 365/499 366/500 368/501
f 367/502 368/503 370/504
f 370/505 371/506 372/507
f 371/508 373/509 374/510
f 373/511 375/512 376/513
f 377/514 378/515 376/516
f 377/517 379/518 380/519
f 382/520 379/521 383/522
f 384/523 385/524 386/525
f 387/526 388/527 389/528
f 390/529 391/530 392/531
f 393/532 394/533 395/534
f 396/535 397/536 398/537
f 399/538 390/539 400/540
f 401/541 402/542 403/543
f 404/544 405/545 406/546
f 407/547 408/548 409/549
f 410/550 411/551 412/552
f 413/553 414/554 415/555
f 416/556 417/557 418/558
f 419/559 420/560 421/561
f 422/562 423/563 424/564
f 423/565 422/566 425/567
f 426/568 427/569 428/570
f 429/571 430/572 431/573
f 432/574 433/575 418/576
f 434/577 435/578 436/579
f 437/580 434/581 438/582
f 439/583 440/584 441/585
f 442/586 443/587 444/588
f 445/589 446/590 447/591
f 448/592 449/593 450/594
f 451/595 449/596 452/597
f 453/598 449/599 454/600
f 455/601 449/602 456/603
f 456/604 449/605 457/606
f 458/607 449/608 459/609
f 459/610 449/611 453/612
f 452/613 449/614 448/615
f 460/616 449/617 455/618
f 461/619 449/620 460/621
f 454/622 449/623 451/624
f 462/625 449/626 461/627
f 463/628 449/629 462/630
f 464/631 449/632 463/633
f 450/634 449/635 464/636
f 465/637 466/638 467/639
f 467/640 466/641 468/642
f 469/643 466/644 470/645
f 470/646 466/647 471/648
f 471/649 466/650 472/651
f 473/652 466/653 474/654
f 472/655 466/656 475/657
f 476/658 466/659 473/660
f 475/661 466/662 477/663
f 478/664 466/665 476/666
f 477/667 466/668 479/669
f 468/670 466/671 478/672
f 479/673 466/674 480/675
f 480/676 466/677 481/678
f 481/679 466/680 482/681
f 482/682 466/683 483/684
f 483/685 466/686 465/687
f 484/688 485/689 486/690
f 488/691 489/692 487/693
f 491/694 492/695 493/696
f 494/697 495/698 496/699
f 497/700 498/701 499/702
f 498/703 501/704 502/705
f 503/706 504/707 502/708
f 505/709 506/710 504/711
f 507/712 508/713 506/714
f 509/715 510/716 508/717
f 511/718 512/719 510/720
f 499/721 513/722 514/723
f 502/724 515/725 513/726
f 504/727 516/728 515/729
f 506/730 517/731 516/732
f 508/733 518/734 517/735
f 510/736 519/737 518/738
f 512/739 520/740 519/741
f 513/742 521/743 522/744
f 515/745 523/746 521/747
f 516/748 524/749 523/750
f 517/751 525/752 524/753
f 518/754 526/755 525/756
f 519/757 527/758 526/759
f 520/760 528/761 527/762
f 521/763 529/764 530/765
f 523/766 531/767 529/768
f 524/769 532/770 531/771
f 525/772 533/773 532/774
f 526/775 534/776 533/777
f 527/778 535/779 534/780
f 528/781 536/782 535/783
f 529/784 537/785 538/786
f 531/787 539/788 537/789
f 532/790 540/791 539/792
f 533/793 541/794 540/795
f 534/796 542/797 541/798
f 535/799 543/800 542/801
f 544/802 543/803 535/804
f 537/805 545/806 546/807
f 539/808 547/809 545/810
f 540/811 548/812 547/813
f 541/814 549/815 548/816
f 542/817 550/818 549/819
f 543/820 551/821 550/822
f 544/823 552/824 551/825
f 553/826 554/827 546/828
f 555/829 553/830 545/831
f 556/832 555/833 547/834
f 557/835 556/836 548/837
f 558/838 557/839 549/840
f 559/841 558/842 550/843
f 560/844 559/845 551/846
f 561/847 562/848 554/849
f 563/850 561/851 553/852
f 564/853 563/854 555/855
f 565/856 564/857 556/858
f 566/859 565/860 557/861
f 567/862 566/863 558/864
f 568/865 567/866 559/867
f 569/868 570/869 562/870
f 571/871 569/872 561/873
f 572/874 571/875 563/876
f 573/877 572/878 564/879
f 574/880 573/881 565/882
f 575/883 574/884 566/885
f 576/886 577/887 570/888
f 578/889 576/890 569/891
f 579/892 578/893 571/894
f 580/895 579/896 572/897
f 581/898 580/899 573/900
f 582/901 581/902 574/903
f 576/904 583/905 584/906
f 578/907 585/908 583/909
f 579/910 586/911 585/912
f 580/913 587/914 586/915
f 581/916 588/917 587/918
f 582/919 589/920 588/921
f 583/922 590/923 591/924
f 585/925 592/926 590/927
f 586/928 593/929 592/930
f 587/931 594/932 593/933
f 588/934 595/935 594/936
f 589/937 596/938 595/939
f 590/940 597/941 598/942
f 592/943 599/944 597/945
f 593/946 600/947 599/948
f 601/949 600/950 593/951
f 597/952 602/953 603/954
f 599/955 604/956 602/957
f 605/958 604/959 599/960
f 606/961 605/962 600/963
f 602/964 607/965 608/966
f 604/967 609/968 607/969
f 610/970 609/971 604/972
f 611/973 610/974 605/975
f 613/976 614/977 615/978
f 616/979 617/980 613/981
f 618/982 619/983 617/984
f 620/985 621/986 619/987
f 622/988 623/989 621/990
f 624/991 625/992 623/993
f 627/994 625/995 624/996
f 628/997 629/998 627/999
f 630/1000 631/1001 629/1002
f 632/1003 633/1004 631/1005
f 634/1006 635/1007 633/1008
f 636/1009 637/1010 635/1011
f 639/1012 637/1013 636/1014
f 613/1015 640/1016 641/1017
f 617/1018 642/1019 640/1020
f 619/1021 643/1022 642/1023
f 621/1024 644/1025 643/1026
f 623/1027 645/1028 644/1029
f 625/1030 646/1031 645/1032
f 627/1033 647/1034 646/1035
f 629/1036 648/1037 647/1038
f 631/1039 649/1040 648/1041
f 650/1042 649/1043 631/1044
f 635/1045 651/1046 650/1047
f 652/1048 651/1049 635/1050
f 653/1051 652/1052 637/1053
f 654/1054 655/1055 641/1056
f 642/1057 656/1058 654/1059
f 643/1060 657/1061 656/1062
f 644/1063 658/1064 657/1065
f 645/1066 659/1067 658/1068
f 646/1069 660/1070 659/1071
f 647/1072 661/1073 660/1074
f 648/1075 662/1076 661/1077
f 649/1078 663/1079 662/1080
f 664/1081 663/1082 649/1083
f 651/1084 665/1085 664/1086
f 666/1087 665/1088 651/1089
f 667/1090 666/1091 652/1092
f 655/1093 668/1094 669/1095
f 670/1096 671/1097 655/1098
f 656/1099 672/1100 670/1101
f 657/1102 673/1103 672/1104
f 658/1105 674/1106 673/1107
f 659/1108 675/1109 674/1110
f 660/1111 676/1112 675/1113
f 661/1114 677/1115 676/1116
f 662/1117 678/1118 677/1119
f 663/1120 679/1121 678/1122
f 680/1123 679/1124 663/1125
f 665/1126 681/1127 680/1128
f 682/1129 681/1130 665/1131
f 683/1132 684/1133 685/1134
f 671/1135 683/1136 668/1137
f 686/1138 687/1139 671/1140
f 688/1141 686/1142 670/1143
f 673/1144 689/1145 688/1146
f 674/1147 690/1148 689/1149
f 675/1150 691/1151 690/1152
f 676/1153 692/1154 691/1155
f 677/1156 693/1157 692/1158
f 678/1159 694/1160 693/1161
f 679/1162 695/1163 694/1164
f 680/1165 696/1166 695/1167
f 697/1168 698/1169 699/1170
f 700/1171 697/1172 684/1173
f 687/1174 700/1175 683/1176
f 701/1177 702/1178 687/1179
f 703/1180 701/1181 686/1182
f 704/1183 703/1184 688/1185
f 705/1186 704/1187 689/1188
f 706/1189 705/1190 690/1191
f 707/1192 706/1193 691/1194
f 708/1195 707/1196 692/1197
f 694/1198 709/1199 708/1200
f 710/1201 709/1202 694/1203
f 711/1204 712/1205 697/1206
f 702/1207 711/1208 700/1209
f 713/1210 714/1211 520/1212
f 714/1213 715/1214 528/1215
f 715/1216 716/1217 536/1218
f 716/1219 717/1220 544/1221
f 717/1222 718/1223 552/1224
f 718/1225 719/1226 560/1227
f 560/1228 719/1229 720/1230
f 721/1231 722/1232 714/1233
f 722/1234 723/1235 715/1236
f 723/1237 724/1238 716/1239
f 724/1240 725/1241 717/1242
f 725/1243 726/1244 718/1245
f 726/1246 727/1247 719/1248
f 727/1249 728/1250 720/1251
f 729/1252 730/1253 731/1254
f 731/1255 733/1256 734/1257
f 733/1258 735/1259 736/1260
f 735/1261 737/1262 738/1263
f 737/1264 739/1265 740/1266
f 739/1267 741/1268 742/1269
f 741/1270 743/1271 744/1272
f 743/1273 745/1274 746/1275
f 745/1276 747/1277 748/1278
f 748/1279 747/1280 749/1281
f 749/1282 751/1283 752/1284
f 752/1285 751/1286 753/1287
f 753/1288 755/1289 756/1290
f 756/1291 755/1292 757/1293
f 757/1294 759/1295 760/1296
f 760/1297 759/1298 761/1299
f 761/1300 763/1301 764/1302
f 764/1303 763/1304 765/1305
f 765/1306 767/1307 768/1308
f 768/1309 767/1310 769/1311
f 769/1312 771/1313 772/1314
f 772/1315 771/1316 773/1317
f 773/1318 775/1319 776/1320
f 776/1321 775/1322 730/1323
f 777/1324 778/1325 722/1326
f 778/1327 779/1328 723/1329
f 779/1330 780/1331 724/1332
f 780/1333 781/1334 725/1335
f 781/1336 782/1337 726/1338
f 782/1339 783/1340 727/1341
f 783/1342 784/1343 728/1344
f 785/1345 786/1346 778/1347
f 786/1348 787/1349 779/1350
f 787/1351 788/1352 780/1353
f 788/1354 789/1355 781/1356
f 789/1357 790/1358 782/1359
f 790/1360 791/1361 783/1362
f 791/1363 792/1364 784/1365
f 785/1366 793/1367 794/1368
f 786/1369 794/1370 795/1371
f 787/1372 795/1373 796/1374
f 796/1375 797/1376 789/1377
f 797/1378 798/1379 790/1380
f 790/1381 798/1382 799/1383
f 791/1384 799/1385 800/1386
f 793/1387 801/1388 802/1389
f 794/1390 802/1391 803/1392
f 795/1393 803/1394 804/1395
f 796/1396 804/1397 805/1398
f 797/1399 805/1400 806/1401
f 798/1402 806/1403 807/1404
f 799/1405 807/1406 808/1407
f 801/1408 809/1409 810/1410
f 802/1411 810/1412 811/1413
f 803/1414 811/1415 812/1416
f 804/1417 812/1418 813/1419
f 805/1420 813/1421 814/1422
f 806/1423 814/1424 815/1425
f 807/1426 815/1427 816/1428
f 698/1429 697/1430 712/1431
f 711/1432 817/1433 818/1434
f 817/1435 819/1436 820/1437
f 821/1438 822/1439 820/1440
f 823/1441 824/1442 822/1443
f 702/1444 817/1445 711/1446
f 819/1447 817/1448 702/1449
f 701/1450 703/1451 821/1452
f 704/1453 823/1454 821/1455
f 825/1456 826/1457 824/1458
f 705/1459 825/1460 823/1461
f 827/1462 828/1463 826/1464
f 706/1465 827/1466 825/1467
f 829/1468 830/1469 828/1470
f 707/1471 829/1472 827/1473
f 831/1474 832/1475 830/1476
f 708/1477 831/1478 829/1479
f 709/1480 833/1481 832/1482
f 708/1483 709/1484 831/1485
f 595/1486 685/1487 699/1488
f 595/1489 596/1490 685/1491
f 596/1492 669/1493 685/1494
f 614/1495 641/1496 669/1497
f 685/1498 684/1499 699/1500
f 669/1501 668/1502 685/1503
f 584/1504 834/1505 835/1506
f 591/1507 836/1508 834/1509
f 837/1510 836/1511 591/1512
f 603/1513 838/1514 837/1515
f 608/1516 839/1517 838/1518
f 840/1519 841/1520 835/1521
f 836/1522 842/1523 840/1524
f 837/1525 843/1526 842/1527
f 844/1528 843/1529 837/1530
f 845/1531 844/1532 838/1533
f 840/1534 846/1535 847/1536
f 842/1537 848/1538 846/1539
f 843/1540 849/1541 848/1542
f 850/1543 849/1544 843/1545
f 851/1546 850/1547 844/1548
f 846/1549 852/1550 853/1551
f 848/1552 854/1553 852/1554
f 849/1555 855/1556 854/1557
f 856/1558 855/1559 849/1560
f 857/1561 856/1562 850/1563
f 852/1564 858/1565 859/1566
f 854/1567 860/1568 858/1569
f 855/1570 861/1571 860/1572
f 862/1573 861/1574 855/1575
f 863/1576 862/1577 856/1578
f 853/1579 864/1580 865/1581
f 866/1582 864/1583 853/1584
f 841/1585 847/1586 865/1587
f 858/1588 867/1589 868/1590
f 869/1591 867/1592 858/1593
f 870/1594 869/1595 860/1596
f 871/1597 870/1598 861/1599
f 872/1600 871/1601 862/1602
f 859/1603 868/1604 873/1605
f 867/1606 874/1607 875/1608
f 876/1609 874/1610 867/1611
f 877/1612 876/1613 869/1614
f 878/1615 877/1616 870/1617
f 879/1618 878/1619 871/1620
f 868/1621 875/1622 880/1623
f 809/1624 881/1625 882/1626
f 810/1627 882/1628 883/1629
f 811/1630 883/1631 884/1632
f 812/1633 884/1634 885/1635
f 813/1636 885/1637 886/1638
f 886/1639 887/1640 815/1641
f 815/1642 887/1643 888/1644
f 881/1645 889/1646 890/1647
f 882/1648 890/1649 891/1650
f 883/1651 891/1652 892/1653
f 884/1654 892/1655 893/1656
f 885/1657 893/1658 894/1659
f 886/1660 894/1661 895/1662
f 887/1663 895/1664 896/1665
f 898/1666 899/1667 900/1668
f 901/1669 902/1670 898/1671
f 903/1672 904/1673 905/1674
f 907/1675 908/1676 905/1677
f 907/1678 909/1679 910/1680
f 911/1681 912/1682 910/1683
f 911/1684 913/1685 914/1686
f 915/1687 916/1688 914/1689
f 917/1690 918/1691 916/1692
f 919/1693 920/1694 918/1695
f 921/1696 922/1697 920/1698
f 923/1699 924/1700 922/1701
f 925/1702 926/1703 924/1704
f 927/1705 928/1706 926/1707
f 929/1708 930/1709 928/1710
f 929/1711 900/1712 899/1713
f 932/1714 933/1715 934/1716
f 932/1717 935/1718 936/1719
f 935/1720 937/1721 938/1722
f 937/1723 939/1724 940/1725
f 939/1726 941/1727 942/1728
f 941/1729 943/1730 944/1731
f 943/1732 945/1733 946/1734
f 947/1735 948/1736 946/1737
f 947/1738 949/1739 950/1740
f 949/1741 951/1742 952/1743
f 951/1744 953/1745 954/1746
f 953/1747 955/1748 956/1749
f 957/1750 958/1751 959/1752
f 933/1753 961/1754 962/1755
f 936/1756 963/1757 961/1758
f 936/1759 938/1760 964/1761
f 940/1762 965/1763 964/1764
f 940/1765 942/1766 966/1767
f 942/1768 944/1769 967/1770
f 944/1771 946/1772 968/1773
f 946/1774 948/1775 969/1776
f 948/1777 950/1778 970/1779
f 950/1780 952/1781 971/1782
f 952/1783 954/1784 972/1785
f 954/1786 956/1787 973/1788
f 960/1789 959/1790 973/1791
f 958/1792 974/1793 975/1794
f 958/1795 976/1796 977/1797
f 963/1798 978/1799 979/1800
f 963/1801 964/1802 980/1803
f 965/1804 981/1805 980/1806
f 965/1807 966/1808 982/1809
f 966/1810 967/1811 983/1812
f 967/1813 968/1814 984/1815
f 968/1816 969/1817 985/1818
f 969/1819 970/1820 986/1821
f 970/1822 971/1823 987/1824
f 971/1825 972/1826 988/1827
f 972/1828 973/1829 989/1830
f 959/1831 975/1832 989/1833
f 974/1834 990/1835 991/1836
f 974/1837 977/1838 992/1839
f 993/1840 994/1841 992/1842
f 978/1843 995/1844 996/1845
f 978/1846 980/1847 997/1848
f 981/1849 998/1850 997/1851
f 981/1852 982/1853 999/1854
f 982/1855 983/1856 1000/1857
f 983/1858 984/1859 1001/1860
f 984/1861 985/1862 1002/1863
f 985/1864 986/1865 1003/1866
f 986/1867 987/1868 1004/1869
f 987/1870 988/1871 1005/1872
f 988/1873 989/1874 1006/1875
f 975/1876 991/1877 1006/1878
f 990/1879 1007/1880 1008/1881
f 990/1882 992/1883 1009/1884
f 994/1885 1010/1886 1009/1887
f 995/1888 997/1889 1011/1890
f 998/1891 1013/1892 1011/1893
f 998/1894 999/1895 1014/1896
f 999/1897 1000/1898 1015/1899
f 1000/1900 1001/1901 1016/1902
f 1001/1903 1002/1904 1017/1905
f 1002/1906 1003/1907 1018/1908
f 1003/1909 1004/1910 1019/1911
f 1004/1912 1005/1913 1020/1914
f 1005/1915 1006/1916 1021/1917
f 991/1918 1008/1919 1021/1920
f 889/1921 1022/1922 1023/1923
f 890/1924 1023/1925 1024/1926
f 891/1927 1024/1928 1025/1929
f 892/1930 1025/1931 1026/1932
f 893/1933 1026/1934 1027/1935
f 894/1936 1027/1937 1028/1938
f 1028/1939 1029/1940 896/1941
f 1022/1942 1030/1943 1031/1944
f 1023/1945 1031/1946 1032/1947
f 1024/1948 1032/1949 1033/1950
f 1025/1951 1033/1952 1034/1953
f 1026/1954 1034/1955 1035/1956
f 1027/1957 1035/1958 1036/1959
f 1036/1960 1037/1961 1029/1962
f 1037/1963 1038/1964 1039/1965
f 1038/1966 1040/1967 1039/1968
f 1041/1969 1042/1970 1040/1971
f 1032/1972 1043/1973 1044/1974
f 1033/1975 1044/1976 1045/1977
f 1034/1978 1045/1979 1046/1980
f 1046/1981 1047/1982 1036/1983
f 1047/1984 1048/1985 1037/1986
f 1048/1987 1049/1988 1038/1989
f 1038/1990 1049/1991 1050/1992
f 875/1993 1047/1994 1046/1995
f 874/1996 1048/1997 1047/1998
f 874/1999 876/2000 1049/2001
f 1043/2002 1051/2003 1052/2004
f 1044/2005 1052/2006 1053/2007
f 1054/2008 1055/2009 1056/2010
f 1051/2011 1058/2012 1059/2013
f 1052/2014 1059/2015 1060/2016
f 1062/2017 1063/2018 1054/2019
f 1063/2020 1064/2021 1055/2022
f 1065/2023 1066/2024 1056/2025
f 1067/2026 1065/2027 1055/2028
f 1068/2029 1031/2030 1069/2031
f 1069/2032 1057/2033 1070/2034
f 1068/2035 1070/2036 1051/2037
f 1057/2038 1056/2039 1071/2040
f 1070/2041 1071/2042 1058/2043
f 1056/2044 1066/2045 1072/2046
f 1071/2047 1072/2048 1073/2049
f 1031/2050 1068/2051 1043/2052
f 1030/2053 1074/2054 1069/2055
f 1057/2056 1069/2057 1074/2058
f 1046/2059 1045/2060 1053/2061
f 880/2062 1053/2063 1060/2064
f 1059/2065 1075/2066 1060/2067
f 873/2068 1060/2069 1075/2070
f 866/2071 873/2072 1077/2073
f 1077/2074 873/2075 1076/2076
f 1078/2077 1079/2078 877/2079
f 1080/2080 1078/2081 878/2082
f 1081/2083 1010/2084 1079/2085
f 1012/2086 1081/2087 1078/2088
f 1010/2089 1081/2090 1082/2091
f 1082/2092 1081/2093 1012/2094
f 976/2095 1041/2096 1050/2097
f 1083/2098 1049/2099 1079/2100
f 1050/2101 1049/2102 1083/2103
f 1083/2104 1079/2105 1010/2106
f 993/2107 1050/2108 1083/2109
f 994/2110 1083/2111 1010/2112
f 876/2113 877/2114 1079/2115
f 976/2116 993/2117 977/2118
f 1007/2119 1009/2120 1082/2121
f 1008/2122 1007/2123 1084/2124
f 1085/2125 1086/2126 1021/2127
f 1020/2128 1021/2129 1086/2130
f 1019/2131 1020/2132 1086/2133
f 1018/2134 1019/2135 1086/2136
f 1017/2137 1018/2138 1086/2139
f 1016/2140 1017/2141 1086/2142
f 1015/2143 1016/2144 1086/2145
f 1015/2146 1086/2147 1085/2148
f 1014/2149 1085/2150 1084/2151
f 1013/2152 1084/2153 1082/2154
f 996/2155 995/2156 1012/2157
f 638/2158 1087/2159 1088/2160
f 1089/2161 1090/2162 1088/2163
f 1091/2164 934/2165 1092/2166
f 1089/2167 1094/2168 1095/2169
f 1096/2170 1097/2171 1093/2172
f 1099/2173 1094/2174 1089/2175
f 1097/2176 1099/2177 1098/2178
f 653/2179 1100/2180 1101/2181
f 682/2182 1102/2183 1103/2184
f 667/2185 1101/2186 1102/2187
f 639/2188 1088/2189 1100/2190
f 1104/2191 1105/2192 1090/2193
f 1105/2194 1100/2195 1088/2196
f 1104/2197 1106/2198 1105/2199
f 1100/2200 1105/2201 1106/2202
f 1101/2203 1106/2204 1107/2205
f 1102/2206 1107/2207 1108/2208
f 1103/2209 1108/2210 1109/2211
f 681/2212 1103/2213 696/2214
f 1103/2215 1109/2216 1110/2217
f 606/2218 1111/2219 1112/2220
f 699/2221 594/2222 595/2223
f 710/2224 833/2225 709/2226
f 1112/2227 1111/2228 1113/2229
f 1114/2230 1113/2231 710/2232
f 820/2233 822/2234 1115/2235
f 1116/2236 712/2237 818/2238
f 698/2239 712/2240 1116/2241
f 1116/2242 818/2243 820/2244
f 822/2245 824/2246 1115/2247
f 828/2248 830/2249 1117/2250
f 1118/2251 1117/2252 1111/2253
f 1115/2254 1118/2255 1119/2256
f 833/2257 710/2258 1113/2259
f 832/2260 833/2261 1113/2262
f 1117/2263 1113/2264 1111/2265
f 832/2266 1113/2267 1117/2268
f 594/2269 699/2270 698/2271
f 1119/2272 1111/2273 606/2274
f 698/2275 1116/2276 1120/2277
f 1120/2278 1116/2279 1115/2280
f 601/2281 1120/2282 1119/2283
f 601/2284 698/2285 1120/2286
f 696/2287 1110/2288 1114/2289
f 666/2290 667/2291 682/2292
f 1118/2293 1115/2294 824/2295
f 1118/2296 826/2297 828/2298
f 1091/2299 931/2300 934/2301
f 1121/2302 1122/2303 1123/2304
f 1125/2305 1123/2306 1122/2307
f 1127/2308 1123/2309 1128/2310
f 1129/2311 1122/2312 1130/2313
f 1128/2314 1123/2315 1125/2316
f 1126/2317 1122/2318 1129/2319
f 1131/2320 1132/2321 1133/2322
f 1135/2323 1136/2324 1133/2325
f 1137/2326 1138/2327 1136/2328
f 1139/2329 1140/2330 1141/2331
f 1133/2332 1142/2333 1143/2334
f 1142/2335 1121/2336 1144/2337
f 1143/2338 1144/2339 1145/2340
f 1136/2341 1146/2342 1142/2343
f 1142/2344 1146/2345 1122/2346
f 1138/2347 1147/2348 1146/2349
f 1147/2350 1130/2351 1122/2352
f 1140/2353 1139/2354 1145/2355
f 957/2356 1041/2357 976/2358
f 960/2359 956/2360 1149/2361
f 1042/2362 1041/2363 957/2364
f 957/2365 960/2366 1149/2367
f 1152/2368 1153/2369 1154/2370
f 1153/2371 1152/2372 1156/2373
f 1155/2374 1156/2375 1124/2376
f 1158/2377 1157/2378 1124/2379
f 1159/2380 1158/2381 1123/2382
f 955/2383 1160/2384 1161/2385
f 1132/2386 1162/2387 1163/2388
f 1162/2389 582/2390 575/2391
f 1132/2392 1131/2393 1164/2394
f 1162/2395 1164/2396 589/2397
f 1131/2398 1165/2399 1166/2400
f 1164/2401 1166/2402 596/2403
f 615/2404 614/2405 1167/2406
f 1168/2407 1167/2408 1140/2409
f 669/2410 1169/2411 1167/2412
f 1169/2413 1141/2414 1140/2415
f 669/2416 596/2417 1166/2418
f 1169/2419 1166/2420 1165/2421
f 784/2422 1170/2423 1171/2424
f 1170/2425 1129/2426 1130/2427
f 784/2428 792/2429 1172/2430
f 1170/2431 1172/2432 1126/2433
f 792/2434 800/2435 1173/2436
f 1172/2437 1173/2438 1125/2439
f 800/2440 808/2441 1174/2442
f 1173/2443 1174/2444 1128/2445
f 808/2446 816/2447 1175/2448
f 1174/2449 1175/2450 1127/2451
f 568/2452 720/2453 1176/2454
f 1177/2455 1176/2456 1147/2457
f 567/2458 1178/2459 1163/2460
f 1178/2461 1137/2462 1135/2463
f 720/2464 728/2465 1171/2466
f 1176/2467 1171/2468 1130/2469
f 568/2470 1177/2471 1178/2472
f 1178/2473 1177/2474 1138/2475
f 888/2476 1179/2477 1175/2478
f 1179/2479 1159/2480 1127/2481
f 1153/2482 1180/2483 1181/2484
f 1180/2485 1042/2486 1150/2487
f 1042/2488 1180/2489 1182/2490
f 1182/2491 1180/2492 1153/2493
f 1040/2494 1182/2495 1183/2496
f 1183/2497 1182/2498 1155/2499
f 1029/2500 1039/2501 1183/2502
f 1183/2503 1157/2504 1158/2505
f 896/2506 1029/2507 1184/2508
f 1185/2509 1184/2510 1158/2511
f 1149/2512 956/2513 1186/2514
f 1186/2515 956/2516 1161/2517
f 1159/2518 1179/2519 1185/2520
f 1151/2521 1154/2522 1187/2523
f 1187/2524 1161/2525 1160/2526
f 1189/2527 1149/2528 1186/2529
f 1154/2530 1181/2531 1189/2532
f 1189/2533 1186/2534 1161/2535
f 1189/2536 1181/2537 1150/2538
f 888/2539 896/2540 1185/2541
f 1139/2542 1134/2543 1143/2544
f 1165/2545 1131/2546 1134/2547
f 1139/2548 1141/2549 1165/2550
f 1190/2551 1191/2552 546/2553
f 1192/2554 1190/2555 554/2556
f 1193/2557 1192/2558 562/2559
f 1194/2560 1193/2561 570/2562
f 1195/2563 1194/2564 577/2565
f 841/2566 1196/2567 1195/2568
f 864/2569 1197/2570 1198/2571
f 866/2572 1199/2573 1197/2574
f 865/2575 1198/2576 1196/2577
f 1073/2578 1200/2579 1201/2580
f 1202/2581 1203/2582 1204/2583
f 1206/2584 1207/2585 1200/2586
f 1205/2587 1204/2588 1207/2589
f 1208/2590 1209/2591 1203/2592
f 1075/2593 1210/2594 1211/2595
f 1059/2596 1212/2597 1210/2598
f 1076/2599 1211/2600 1213/2601
f 1077/2602 1213/2603 1199/2604
f 1192/2605 1214/2606 1215/2607
f 1193/2608 1216/2609 1214/2610
f 1217/2611 1216/2612 1193/2613
f 1195/2614 1218/2615 1217/2616
f 1219/2617 1218/2618 1195/2619
f 1220/2620 1221/2621 1198/2622
f 1199/2623 1222/2624 1220/2625
f 1221/2626 1219/2627 1196/2628
f 1223/2629 1224/2630 1211/2631
f 1224/2632 1225/2633 1213/2634
f 1225/2635 1222/2636 1199/2637
f 1214/2638 1226/2639 1227/2640
f 1228/2641 1226/2642 1214/2643
f 1229/2644 1228/2645 1216/2646
f 1218/2647 1230/2648 1229/2649
f 1219/2650 1231/2651 1230/2652
f 1220/2653 1232/2654 1233/2655
f 1234/2656 1232/2657 1220/2658
f 1221/2659 1233/2660 1231/2661
f 1223/2662 1235/2663 1224/2664
f 1235/2665 1236/2666 1225/2667
f 1236/2668 1234/2669 1222/2670
f 1237/2671 1238/2672 1230/2673
f 1233/2674 1239/2675 1237/2676
f 1240/2677 1241/2678 1238/2679
f 1242/2680 1243/2681 1241/2682
f 1229/2683 1230/2684 1238/2685
f 1241/2686 1245/2687 1244/2688
f 1241/2689 1243/2690 1246/2691
f 1245/2692 1246/2693 1247/2694
f 1228/2695 1229/2696 1244/2697
f 1244/2698 1245/2699 1248/2700
f 1226/2701 1228/2702 1248/2703
f 1226/2704 1248/2705 1247/2706
f 1240/2707 1249/2708 1250/2709
f 1237/2710 1239/2711 1249/2712
f 1235/2713 1251/2714 1252/2715
f 1251/2716 1253/2717 1252/2718
f 1234/2719 1236/2720 1252/2721
f 1253/2722 1255/2723 1254/2724
f 1232/2725 1234/2726 1254/2727
f 1255/2728 1257/2729 1256/2730
f 1256/2731 1257/2732 1249/2733
f 1257/2734 1250/2735 1249/2736
f 1232/2737 1256/2738 1239/2739
f 1235/2740 1223/2741 1258/2742
f 1259/2743 1260/2744 498/2745
f 498/2746 1260/2747 1261/2748
f 501/2749 1261/2750 1262/2751
f 1263/2752 497/2753 500/2754
f 514/2755 1264/2756 1263/2757
f 1263/2758 1264/2759 1265/2760
f 514/2761 522/2762 1267/2763
f 1264/2764 1267/2765 1268/2766
f 522/2767 530/2768 1269/2769
f 1267/2770 1269/2771 1270/2772
f 530/2773 538/2774 1271/2775
f 1269/2776 1271/2777 1272/2778
f 497/2779 1263/2780 1266/2781
f 1191/2782 1271/2783 538/2784
f 1271/2785 1191/2786 1273/2787
f 1215/2788 1227/2789 1273/2790
f 1191/2791 1190/2792 1215/2793
f 1274/2794 1275/2795 1097/2796
f 1276/2797 1274/2798 1096/2799
f 1276/2800 1092/2801 934/2802
f 1278/2803 1107/2804 1106/2805
f 1279/2806 1280/2807 1104/2808
f 1104/2809 1280/2810 1277/2811
f 1281/2812 1279/2813 1095/2814
f 1282/2815 1281/2816 1094/2817
f 1275/2818 1282/2819 1099/2820
f 1283/2821 1108/2822 1107/2823
f 1283/2824 1109/2825 1108/2826
f 1284/2827 1285/2828 1275/2829
f 1286/2830 1284/2831 1274/2832
f 1287/2833 1286/2834 1276/2835
f 1289/2836 1278/2837 1277/2838
f 1290/2839 1291/2840 1280/2841
f 1280/2842 1291/2843 1288/2844
f 1292/2845 1290/2846 1279/2847
f 1293/2848 1292/2849 1281/2850
f 1294/2851 1293/2852 1282/2853
f 1285/2854 1294/2855 1275/2856
f 1295/2857 1283/2858 1278/2859
f 851/2860 1296/2861 1297/2862
f 1297/2863 1296/2864 1285/2865
f 857/2866 1297/2867 1298/2868
f 1298/2869 1297/2870 1284/2871
f 872/2872 863/2873 1298/2874
f 1299/2875 1298/2876 1286/2877
f 610/2878 1300/2879 1301/2880
f 1300/2881 1289/2882 1288/2883
f 609/2884 1301/2885 1302/2886
f 1301/2887 1291/2888 1290/2889
f 1288/2890 1291/2891 1301/2892
f 607/2893 1302/2894 1303/2895
f 1303/2896 1302/2897 1290/2898
f 839/2899 608/2900 1303/2901
f 1304/2902 1303/2903 1292/2904
f 845/2905 839/2906 1304/2907
f 1305/2908 1304/2909 1293/2910
f 851/2911 845/2912 1305/2913
f 1296/2914 1305/2915 1294/2916
f 611/2917 1306/2918 1300/2919
f 1306/2920 1295/2921 1289/2922
f 1287/2923 1307/2924 1308/2925
f 872/2926 1299/2927 1308/2928
f 962/2929 1307/2930 1287/2931
f 879/2932 1308/2933 996/2934
f 979/2935 996/2936 1308/2937
f 961/2938 979/2939 1307/2940
f 1110/2941 1112/2942 1114/2943
f 611/2944 1112/2945 1306/2946
f 1109/2947 1283/2948 1295/2949
f 1306/2950 1112/2951 1110/2952
f 1309/2953 1310/2954 1201/2955
f 1203/2956 1311/2957 1312/2958
f 1207/2959 1313/2960 1309/2961
f 1204/2962 1312/2963 1313/2964
f 1203/2965 1209/2966 1311/2967
f 1212/2968 1314/2969 1223/2970
f 1223/2971 1314/2972 1315/2973
f 1316/2974 1317/2975 1310/2976
f 1309/2977 1313/2978 1318/2979
f 1312/2980 1318/2981 1313/2982
f 1319/2983 1320/2984 1063/2985
f 1063/2986 1320/2987 1321/2988
f 1064/2989 1321/2990 1322/2991
f 1067/2992 1322/2993 1209/2994
f 1323/2995 1324/2996 1320/2997
f 1320/2998 1324/2999 1321/3000
f 1325/3001 1319/3002 1062/3003
f 1319/3004 1325/3005 1326/3006
f 1327/3007 1059/3008 1058/3009
f 1212/3010 1059/3011 1327/3012
f 1327/3013 1058/3014 1201/3015
f 1310/3016 1328/3017 1327/3018
f 1328/3019 1314/3020 1212/3021
f 1317/3022 1329/3023 1328/3024
f 1328/3025 1329/3026 1315/3027
f 1066/3028 1065/3029 1330/3030
f 1331/3031 1330/3032 1202/3033
f 1330/3034 1208/3035 1202/3036
f 1206/3037 1073/3038 1332/3039
f 1332/3040 1073/3041 1072/3042
f 1205/3043 1206/3044 1332/3045
f 1331/3046 1332/3047 1072/3048
f 1208/3049 1330/3050 1065/3051
f 1030/3052 1061/3053 1074/3054
f 1074/3055 1061/3056 1054/3057
f 1325/3058 1333/3059 1334/3060
f 1333/3061 1325/3062 1061/3063
f 777/3064 1335/3065 1336/3066
f 1336/3067 1337/3068 793/3069
f 1337/3070 1338/3071 801/3072
f 1339/3073 1340/3074 1337/3075
f 1337/3076 1340/3077 1338/3078
f 801/3079 1338/3080 809/3081
f 1341/3082 1335/3083 777/3084
f 1335/3085 1341/3086 1342/3087
f 1335/3088 1342/3089 1339/3090
f 1343/3091 1344/3092 507/3093
f 1344/3094 1345/3095 509/3096
f 511/3097 1346/3098 1347/3099
f 509/3100 1345/3101 1346/3102
f 1348/3103 1341/3104 721/3105
f 512/3106 1347/3107 1348/3108
f 1344/3109 1349/3110 1350/3111
f 1346/3112 1351/3113 1352/3114
f 1345/3115 1350/3116 1351/3117
f 1347/3118 1352/3119 1353/3120
f 1348/3121 1353/3122 1354/3123
f 503/3124 1262/3125 1343/3126
f 1343/3127 1349/3128 1344/3129
f 1355/3130 1356/3131 1349/3132
f 1262/3133 1355/3134 1343/3135
f 1351/3136 1357/3137 1358/3138
f 1359/3139 1357/3140 1351/3141
f 1352/3142 1358/3143 1360/3144
f 1356/3145 1359/3146 1350/3147
f 1357/3148 1361/3149 1362/3150
f 1359/3151 1363/3152 1361/3153
f 1358/3154 1362/3155 1364/3156
f 1365/3157 1363/3158 1359/3159
f 1360/3160 1364/3161 1366/3162
f 1353/3163 1360/3164 1366/3165
f 1355/3166 1365/3167 1356/3168
f 1333/3169 1367/3170 1368/3171
f 1367/3172 1369/3173 1370/3174
f 1369/3175 1371/3176 1372/3177
f 1371/3178 1373/3179 1374/3180
f 1373/3181 1371/3182 881/3183
f 1371/3184 1369/3185 889/3186
f 1369/3187 1367/3188 1022/3189
f 1367/3190 1333/3191 1030/3192
f 1375/3193 1376/3194 1372/3195
f 1377/3196 1378/3197 1376/3198
f 1379/3199 1380/3200 1378/3201
f 1380/3202 1381/3203 1382/3204
f 1378/3205 1382/3206 1383/3207
f 1370/3208 1372/3209 1376/3210
f 1381/3211 1384/3212 1385/3213
f 1370/3214 1383/3215 1385/3216
f 1383/3217 1382/3218 1385/3219
f 1368/3220 1385/3221 1384/3222
f 1387/3223 1388/3224 1389/3225
f 1390/3226 1391/3227 1387/3228
f 1392/3229 1393/3230 1391/3231
f 1395/3232 1393/3233 1392/3234
f 1226/3235 1396/3236 1397/3237
f 1398/3238 1399/3239 1400/3240
f 1400/3241 1402/3242 1403/3243
f 1402/3244 1404/3245 1405/3246
f 1388/3247 1399/3248 1398/3249
f 1406/3250 1395/3251 1394/3252
f 1397/3253 1406/3254 1273/3255
f 1404/3256 1407/3257 1408/3258
f 1409/3259 1410/3260 1411/3261
f 1413/3262 1414/3263 1410/3264
f 1412/3265 1411/3266 1415/3267
f 1417/3268 1418/3269 1414/3270
f 1416/3271 1415/3272 1419/3273
f 1420/3274 1419/3275 1421/3276
f 1408/3277 1407/3278 1418/3279
f 1423/3280 1424/3281 1425/3282
f 1426/3283 1425/3284 1427/3285
f 1428/3286 1427/3287 1429/3288
f 1430/3289 1429/3290 1431/3291
f 1427/3292 1433/3293 1434/3294
f 1434/3295 1435/3296 1431/3297
f 1425/3298 1436/3299 1433/3300
f 1424/3301 1436/3302 1425/3303
f 1339/3304 1437/3305 1438/3306
f 1340/3307 1438/3308 1439/3309
f 1338/3310 1439/3311 1440/3312
f 1442/3313 1443/3314 1342/3315
f 1443/3316 1437/3317 1339/3318
f 1445/3319 1446/3320 1447/3321
f 1447/3322 1446/3323 1448/3324
f 1449/3325 1448/3326 1450/3327
f 1451/3328 1450/3329 1396/3330
f 1453/3331 1445/3332 1444/3333
f 1455/3334 1456/3335 1457/3336
f 1456/3337 1458/3338 1459/3339
f 1458/3340 1460/3341 1461/3342
f 1460/3343 1453/3344 1452/3345
f 1463/3346 1455/3347 1454/3348
f 1465/3349 1466/3350 1467/3351
f 1468/3352 1469/3353 1465/3354
f 1471/3355 1463/3356 1462/3357
f 1473/3358 1474/3359 1475/3360
f 1477/3361 1473/3362 1472/3363
f 1467/3364 1466/3365 1477/3366
f 1479/3367 1480/3368 1481/3369
f 1480/3370 1469/3371 1468/3372
f 1482/3373 1483/3374 1484/3375
f 1484/3376 1479/3377 1478/3378
f 1486/3379 1487/3380 1483/3381
f 1488/3382 1489/3383 1471/3384
f 1474/3385 1489/3386 1488/3387
f 1490/3388 1491/3389 1487/3390
f 1493/3391 1494/3392 1495/3393
f 1496/3394 1497/3395 1498/3396
f 1499/3397 1498/3398 1493/3399
f 1490/3400 1495/3401 1494/3402
f 1501/3403 1502/3404 1503/3405
f 1504/3406 1505/3407 1502/3408
f 1506/3409 1507/3410 1505/3411
f 1508/3412 1509/3413 1510/3414
f 1510/3415 1509/3416 1511/3417
f 729/3418 1513/3419 776/3420
f 776/3421 1513/3422 1514/3423
f 776/3424 1514/3425 1512/3426
f 774/3427 1512/3428 1511/3429
f 770/3430 772/3431 1511/3432
f 1515/3433 1516/3434 902/3435
f 1517/3436 1518/3437 1516/3438
f 1516/3439 1518/3440 1520/3441
f 902/3442 1516/3443 1519/3444
f 1522/3445 1523/3446 1521/3447
f 902/3448 1521/3449 1523/3450
f 899/3451 1524/3452 930/3453
f 899/3454 1525/3455 1524/3456
f 899/3457 1526/3458 1527/3459
f 898/3460 1523/3461 1526/3462
f 1529/3463 1530/3464 1531/3465
f 1532/3466 1533/3467 1529/3468
f 1534/3469 1535/3470 1533/3471
f 1536/3472 1537/3473 1538/3474
f 1540/3475 1541/3476 1538/3477
f 1542/3478 1543/3479 1541/3480
f 1544/3481 1545/3482 1543/3483
f 1544/3484 1546/3485 1547/3486
f 1549/3487 1550/3488 1546/3489
f 1546/3490 1550/3491 1551/3492
f 1546/3493 1551/3494 1552/3495
f 1546/3496 1552/3497 1547/3498
f 1554/3499 1555/3500 1556/3501
f 1555/3502 1557/3503 1558/3504
f 1555/3505 1559/3506 1560/3507
f 1560/3508 1561/3509 1557/3510
f 1558/3511 1563/3512 1564/3513
f 1562/3514 1556/3515 1558/3516
f 1566/3517 1567/3518 1568/3519
f 1569/3520 1570/3521 1571/3522
f 1572/3523 1573/3524 1574/3525
f 1573/3526 1575/3527 1576/3528
f 1577/3529 1578/3530 1574/3531
f 1580/3532 1581/3533 1582/3534
f 1583/3535 1584/3536 1585/3537
f 1588/3538 1589/3539 1590/3540
f 1590/3541 1589/3542 1584/3543
f 1591/3544 1592/3545 1593/3546
f 1596/3547 1597/3548 1598/3549
f 1593/3550 1596/3551 1595/3552
f 1600/3553 1601/3554 1602/3555
f 1603/3556 1604/3557 1605/3558
f 1601/3559 1604/3560 1603/3561
f 1608/3562 1609/3563 1610/3564
f 1611/3565 1612/3566 1613/3567
f 1614/3568 1615/3569 1612/3570
f 1607/3571 1613/3572 1608/3573
f 1616/3574 1617/3575 1615/3576
f 1618/3577 1619/3578 1620/3579
f 1621/3580 1620/3581 1619/3582
f 1622/3583 1623/3584 1620/3585
f 1624/3586 1625/3587 1626/3588
f 1627/3589 1624/3590 1626/3591
f 1628/3592 1627/3593 1626/3594
f 1629/3595 1628/3596 1626/3597
f 1631/3598 1632/3599 1633/3600
f 1635/3601 1636/3602 1632/3603
f 1635/3604 1637/3605 1638/3606
f 1639/3607 1640/3608 1638/3609
f 1639/3610 1641/3611 1642/3612
f 1643/3613 1644/3614 1645/3615
f 1643/3616 1646/3617 1648/3618
f 1647/3619 1648/3620 1649/3621
f 1649/3622 1651/3623 1652/3624
f 1651/3625 1653/3626 1654/3627
f 1654/3628 1653/3629 1655/3630
f 4/3631 1/3632 3/3633
f 3/3634 5/3635 4/3636
f 2/3637 1/3638 8/3639
f 5/3640 9/3641 6/3642
f 12/3643 8/3644 11/3645
f 9/3646 13/3647 10/3648
f 16/3649 12/3650 15/3651
f 17/3652 18/3653 13/3654
f 16/3655 15/3656 20/3657
f 17/3658 21/3659 18/3660
f 20/3661 19/3662 24/3663
f 21/3664 25/3665 22/3666
f 27/3667 28/3668 23/3669
f 29/3670 30/3671 25/3672
f 32/3673 28/3674 31/3675
f 29/3676 33/3677 30/3678
f 32/3679 31/3680 36/3681
f 33/3682 37/3683 34/3684
f 40/3685 36/3686 39/3687
f 37/3688 41/3689 38/3690
f 40/3691 39/3692 44/3693
f 41/3694 45/3695 42/3696
f 44/3697 43/3698 48/3699
f 49/3700 50/3701 45/3702
f 52/3703 48/3704 51/3705
f 49/3706 52/3707 50/3708
f 56/3709 53/3710 55/3711
f 58/3712 57/3713 56/3714
f 60/3715 59/3716 58/3717
f 61/3718 59/3719 62/3720
f 65/3721 63/3722 64/3723
f 66/3724 67/3725 69/3726
f 63/3727 65/3728 71/3729
f 74/3730 72/3731 73/3732
f 66/3733 73/3734 67/3735
f 78/3736 75/3737 77/3738
f 77/3739 76/3740 80/3741
f 80/3742 79/3743 82/3744
f 82/3745 81/3746 84/3747
f 83/3748 85/3749 84/3750
f 85/3751 87/3752 86/3753
f 87/3754 89/3755 88/3756
f 89/3757 91/3758 90/3759
f 92/3760 91/3761 94/3762
f 93/3763 95/3764 94/3765
f 95/3766 97/3767 96/3768
f 99/3769 100/3770 102/3771
f 97/3772 103/3773 98/3774
f 106/3775 105/3776 102/3777
f 103/3778 107/3779 104/3780
f 109/3781 105/3782 110/3783
f 107/3784 111/3785 108/3786
f 113/3787 109/3788 114/3789
f 111/3790 115/3791 112/3792
f 115/3793 117/3794 116/3795
f 113/3796 114/3797 120/3798
f 117/3799 121/3800 118/3801
f 124/3802 123/3803 119/3804
f 122/3805 121/3806 124/3807
f 128/3808 125/3809 127/3810
f 130/3811 129/3812 128/3813
f 132/3814 131/3815 130/3816
f 133/3817 134/3818 136/3819
f 138/3820 137/3821 132/3822
f 139/3823 137/3824 140/3825
f 141/3826 142/3827 144/3828
f 145/3829 141/3830 146/3831
f 148/3832 147/3833 146/3834
f 150/3835 149/3836 148/3837
f 151/3838 152/3839 154/3840
f 155/3841 156/3842 158/3843
f 159/3844 160/3845 162/3846
f 164/3847 163/3848 150/3849
f 157/3850 156/3851 166/3852
f 168/3853 167/3854 164/3855
f 166/3856 165/3857 170/3858
f 171/3859 172/3860 162/3861
f 174/3862 173/3863 168/3864
f 170/3865 169/3866 176/3867
f 176/3868 175/3869 178/3870
f 179/3871 180/3872 181/3873
f 183/3874 182/3875 174/3876
f 154/3877 153/3878 185/3879
f 153/3880 152/3881 187/3882
f 189/3883 188/3884 183/3885
f 190/3886 179/3887 185/3888
f 192/3889 191/3890 189/3891
f 178/3892 177/3893 194/3894
f 194/3895 193/3896 192/3897
f 185/3898 184/3899 190/3900
f 196/3901 197/3902 199/3903
f 200/3904 196/3905 201/3906
f 197/3907 202/3908 198/3909
f 202/3910 204/3911 203/3912
f 205/3913 204/3914 207/3915
f 208/3916 209/3917 201/3918
f 208/3919 210/3920 212/3921
f 206/3922 213/3923 207/3924
f 215/3925 216/3926 218/3927
f 220/3928 212/3929 219/3930
f 221/3931 222/3932 224/3933
f 213/3934 225/3935 214/3936
f 228/3937 218/3938 227/3939
f 229/3940 217/3941 230/3942
f 226/3943 225/3944 232/3945
f 233/3946 229/3947 234/3948
f 232/3949 231/3950 236/3951
f 236/3952 235/3953 238/3954
f 238/3955 237/3956 240/3957
f 240/3958 239/3959 242/3960
f 242/3961 241/3962 244/3963
f 223/3964 245/3965 224/3966
f 243/3967 247/3968 244/3969
f 247/3970 249/3971 248/3972
f 252/3973 223/3974 251/3975
f 254/3976 253/3977 251/3978
f 249/3979 255/3980 250/3981
f 258/3982 252/3983 257/3984
f 255/3985 259/3986 256/3987
f 263/3988 261/3989 258/3990
f 259/3991 264/3992 260/3993
f 266/3994 265/3995 268/3996
f 272/3997 269/3998 271/3999
f 274/4000 228/4001 273/4002
f 275/4003 276/4004 278/4005
f 279/4006 275/4007 280/4008
f 281/4009 279/4010 282/4011
f 283/4012 281/4013 284/4014
f 285/4015 283/4016 286/4017
f 287/4018 285/4019 288/4020
f 290/4021 289/4022 288/4023
f 291/4024 271/4025 292/4026
f 277/4027 293/4028 278/4029
f 295/4030 296/4031 298/4032
f 302/4033 299/4034 301/4035
f 303/4036 304/4037 306/4038
f 307/4039 305/4040 308/4041
f 294/4042 309/4043 278/4044
f 309/4045 310/4046 280/4047
f 310/4048 311/4049 282/4050
f 315/4051 312/4052 314/4053
f 312/4054 315/4055 317/4056
f 319/4057 317/4058 318/4059
f 318/4060 316/4061 321/4062
f 311/4063 322/4064 284/4065
f 325/4066 321/4067 324/4068
f 324/4069 320/4070 327/4071
f 323/4072 322/4073 329/4074
f 329/4075 328/4076 331/4077
f 334/4078 332/4079 333/4080
f 338/4081 335/4082 337/4083
f 337/4084 336/4085 340/4086
f 341/4087 335/4088 342/4089
f 344/4090 343/4091 339/4092
f 345/4093 341/4094 346/4095
f 348/4096 347/4097 346/4098
f 350/4099 349/4100 348/4101
f 343/4102 298/4103 351/4104
f 305/4105 307/4106 306/4107
f 354/4108 353/4109 350/4110
f 355/4111 353/4112 356/4113
f 357/4114 358/4115 308/4116
f 359/4117 358/4118 360/4119
f 361/4120 355/4121 362/4122
f 364/4123 363/4124 362/4125
f 366/4126 365/4127 364/4128
f 367/4129 365/4130 368/4131
f 369/4132 367/4133 370/4134
f 369/4135 370/4136 372/4137
f 372/4138 371/4139 374/4140
f 374/4141 373/4142 376/4143
f 375/4144 377/4145 376/4146
f 378/4147 377/4148 380/4149
f 381/4150 382/4151 383/4152
f 487/4153 484/4154 486/4155
f 486/4156 488/4157 487/4158
f 490/4159 491/4160 493/4161
f 500/4162 497/4163 499/4164
f 499/4165 498/4166 502/4167
f 501/4168 503/4169 502/4170
f 503/4171 505/4172 504/4173
f 505/4174 507/4175 506/4176
f 507/4177 509/4178 508/4179
f 509/4180 511/4181 510/4182
f 500/4183 499/4184 514/4185
f 499/4186 502/4187 513/4188
f 502/4189 504/4190 515/4191
f 504/4192 506/4193 516/4194
f 506/4195 508/4196 517/4197
f 508/4198 510/4199 518/4200
f 510/4201 512/4202 519/4203
f 514/4204 513/4205 522/4206
f 513/4207 515/4208 521/4209
f 515/4210 516/4211 523/4212
f 516/4213 517/4214 524/4215
f 517/4216 518/4217 525/4218
f 518/4219 519/4220 526/4221
f 519/4222 520/4223 527/4224
f 522/4225 521/4226 530/4227
f 521/4228 523/4229 529/4230
f 523/4231 524/4232 531/4233
f 524/4234 525/4235 532/4236
f 525/4237 526/4238 533/4239
f 526/4240 527/4241 534/4242
f 527/4243 528/4244 535/4245
f 530/4246 529/4247 538/4248
f 529/4249 531/4250 537/4251
f 531/4252 532/4253 539/4254
f 532/4255 533/4256 540/4257
f 533/4258 534/4259 541/4260
f 534/4261 535/4262 542/4263
f 536/4264 544/4265 535/4266
f 538/4267 537/4268 546/4269
f 537/4270 539/4271 545/4272
f 539/4273 540/4274 547/4275
f 540/4276 541/4277 548/4278
f 541/4279 542/4280 549/4281
f 542/4282 543/4283 550/4284
f 543/4285 544/4286 551/4287
f 545/4288 553/4289 546/4290
f 547/4291 555/4292 545/4293
f 548/4294 556/4295 547/4296
f 549/4297 557/4298 548/4299
f 550/4300 558/4301 549/4302
f 551/4303 559/4304 550/4305
f 552/4306 560/4307 551/4308
f 553/4309 561/4310 554/4311
f 555/4312 563/4313 553/4314
f 556/4315 564/4316 555/4317
f 557/4318 565/4319 556/4320
f 558/4321 566/4322 557/4323
f 559/4324 567/4325 558/4326
f 560/4327 568/4328 559/4329
f 561/4330 569/4331 562/4332
f 563/4333 571/4334 561/4335
f 564/4336 572/4337 563/4338
f 565/4339 573/4340 564/4341
f 566/4342 574/4343 565/4344
f 567/4345 575/4346 566/4347
f 569/4348 576/4349 570/4350
f 571/4351 578/4352 569/4353
f 572/4354 579/4355 571/4356
f 573/4357 580/4358 572/4359
f 574/4360 581/4361 573/4362
f 575/4363 582/4364 574/4365
f 577/4366 576/4367 584/4368
f 576/4369 578/4370 583/4371
f 578/4372 579/4373 585/4374
f 579/4375 580/4376 586/4377
f 580/4378 581/4379 587/4380
f 581/4381 582/4382 588/4383
f 584/4384 583/4385 591/4386
f 583/4387 585/4388 590/4389
f 585/4390 586/4391 592/4392
f 586/4393 587/4394 593/4395
f 587/4396 588/4397 594/4398
f 588/4399 589/4400 595/4401
f 591/4402 590/4403 598/4404
f 590/4405 592/4406 597/4407
f 592/4408 593/4409 599/4410
f 594/4411 601/4412 593/4413
f 598/4414 597/4415 603/4416
f 597/4417 599/4418 602/4419
f 600/4420 605/4421 599/4422
f 601/4423 606/4424 600/4425
f 603/4426 602/4427 608/4428
f 602/4429 604/4430 607/4431
f 605/4432 610/4433 604/4434
f 606/4435 611/4436 605/4437
f 612/4438 613/4439 615/4440
f 612/4441 616/4442 613/4443
f 616/4444 618/4445 617/4446
f 618/4447 620/4448 619/4449
f 620/4450 622/4451 621/4452
f 622/4453 624/4454 623/4455
f 626/4456 627/4457 624/4458
f 626/4459 628/4460 627/4461
f 628/4462 630/4463 629/4464
f 630/4465 632/4466 631/4467
f 632/4468 634/4469 633/4470
f 634/4471 636/4472 635/4473
f 638/4474 639/4475 636/4476
f 614/4477 613/4478 641/4479
f 613/4480 617/4481 640/4482
f 617/4483 619/4484 642/4485
f 619/4486 621/4487 643/4488
f 621/4489 623/4490 644/4491
f 623/4492 625/4493 645/4494
f 625/4495 627/4496 646/4497
f 627/4498 629/4499 647/4500
f 629/4501 631/4502 648/4503
f 633/4504 650/4505 631/4506
f 633/4507 635/4508 650/4509
f 637/4510 652/4511 635/4512
f 639/4513 653/4514 637/4515
f 640/4516 654/4517 641/4518
f 640/4519 642/4520 654/4521
f 642/4522 643/4523 656/4524
f 643/4525 644/4526 657/4527
f 644/4528 645/4529 658/4530
f 645/4531 646/4532 659/4533
f 646/4534 647/4535 660/4536
f 647/4537 648/4538 661/4539
f 648/4540 649/4541 662/4542
f 650/4543 664/4544 649/4545
f 650/4546 651/4547 664/4548
f 652/4549 666/4550 651/4551
f 653/4552 667/4553 652/4554
f 641/4555 655/4556 669/4557
f 654/4558 670/4559 655/4560
f 654/4561 656/4562 670/4563
f 656/4564 657/4565 672/4566
f 657/4567 658/4568 673/4569
f 658/4570 659/4571 674/4572
f 659/4573 660/4574 675/4575
f 660/4576 661/4577 676/4578
f 661/4579 662/4580 677/4581
f 662/4582 663/4583 678/4584
f 664/4585 680/4586 663/4587
f 664/4588 665/4589 680/4590
f 666/4591 682/4592 665/4593
f 668/4594 683/4595 685/4596
f 655/4597 671/4598 668/4599
f 670/4600 686/4601 671/4602
f 672/4603 688/4604 670/4605
f 672/4606 673/4607 688/4608
f 673/4609 674/4610 689/4611
f 674/4612 675/4613 690/4614
f 675/4615 676/4616 691/4617
f 676/4618 677/4619 692/4620
f 677/4621 678/4622 693/4623
f 678/4624 679/4625 694/4626
f 679/4627 680/4628 695/4629
f 684/4630 697/4631 699/4632
f 683/4633 700/4634 684/4635
f 671/4636 687/4637 683/4638
f 686/4639 701/4640 687/4641
f 688/4642 703/4643 686/4644
f 689/4645 704/4646 688/4647
f 690/4648 705/4649 689/4650
f 691/4651 706/4652 690/4653
f 692/4654 707/4655 691/4656
f 693/4657 708/4658 692/4659
f 693/4660 694/4661 708/4662
f 695/4663 710/4664 694/4665
f 700/4666 711/4667 697/4668
f 687/4669 702/4670 700/4671
f 512/4672 713/4673 520/4674
f 520/4675 714/4676 528/4677
f 528/4678 715/4679 536/4680
f 536/4681 716/4682 544/4683
f 544/4684 717/4685 552/4686
f 552/4687 718/4688 560/4689
f 568/4690 560/4691 720/4692
f 713/4693 721/4694 714/4695
f 714/4696 722/4697 715/4698
f 715/4699 723/4700 716/4701
f 716/4702 724/4703 717/4704
f 717/4705 725/4706 718/4707
f 718/4708 726/4709 719/4710
f 719/4711 727/4712 720/4713
f 732/4714 729/4715 731/4716
f 732/4717 731/4718 734/4719
f 734/4720 733/4721 736/4722
f 736/4723 735/4724 738/4725
f 738/4726 737/4727 740/4728
f 740/4729 739/4730 742/4731
f 742/4732 741/4733 744/4734
f 744/4735 743/4736 746/4737
f 746/4738 745/4739 748/4740
f 750/4741 748/4742 749/4743
f 750/4744 749/4745 752/4746
f 754/4747 752/4748 753/4749
f 754/4750 753/4751 756/4752
f 758/4753 756/4754 757/4755
f 758/4756 757/4757 760/4758
f 762/4759 760/4760 761/4761
f 762/4762 761/4763 764/4764
f 766/4765 764/4766 765/4767
f 766/4768 765/4769 768/4770
f 770/4771 768/4772 769/4773
f 770/4774 769/4775 772/4776
f 774/4777 772/4778 773/4779
f 774/4780 773/4781 776/4782
f 729/4783 776/4784 730/4785
f 721/4786 777/4787 722/4788
f 722/4789 778/4790 723/4791
f 723/4792 779/4793 724/4794
f 724/4795 780/4796 725/4797
f 725/4798 781/4799 726/4800
f 726/4801 782/4802 727/4803
f 727/4804 783/4805 728/4806
f 777/4807 785/4808 778/4809
f 778/4810 786/4811 779/4812
f 779/4813 787/4814 780/4815
f 780/4816 788/4817 781/4818
f 781/4819 789/4820 782/4821
f 782/4822 790/4823 783/4824
f 783/4825 791/4826 784/4827
f 786/4828 785/4829 794/4830
f 787/4831 786/4832 795/4833
f 788/4834 787/4835 796/4836
f 788/4837 796/4838 789/4839
f 789/4840 797/4841 790/4842
f 791/4843 790/4844 799/4845
f 792/4846 791/4847 800/4848
f 794/4849 793/4850 802/4851
f 795/4852 794/4853 803/4854
f 796/4855 795/4856 804/4857
f 797/4858 796/4859 805/4860
f 798/4861 797/4862 806/4863
f 799/4864 798/4865 807/4866
f 800/4867 799/4868 808/4869
f 802/4870 801/4871 810/4872
f 803/4873 802/4874 811/4875
f 804/4876 803/4877 812/4878
f 805/4879 804/4880 813/4881
f 806/4882 805/4883 814/4884
f 807/4885 806/4886 815/4887
f 808/4888 807/4889 816/4890
f 712/4891 711/4892 818/4893
f 818/4894 817/4895 820/4896
f 819/4897 821/4898 820/4899
f 821/4900 823/4901 822/4902
f 701/4903 819/4904 702/4905
f 819/4906 701/4907 821/4908
f 703/4909 704/4910 821/4911
f 823/4912 825/4913 824/4914
f 704/4915 705/4916 823/4917
f 825/4918 827/4919 826/4920
f 705/4921 706/4922 825/4923
f 827/4924 829/4925 828/4926
f 706/4927 707/4928 827/4929
f 829/4930 831/4931 830/4932
f 707/4933 708/4934 829/4935
f 831/4936 709/4937 832/4938
f 577/4939 584/4940 835/4941
f 584/4942 591/4943 834/4944
f 598/4945 837/4946 591/4947
f 598/4948 603/4949 837/4950
f 603/4951 608/4952 838/4953
f 834/4954 840/4955 835/4956
f 834/4957 836/4958 840/4959
f 836/4960 837/4961 842/4962
f 838/4963 844/4964 837/4965
f 839/4966 845/4967 838/4968
f 841/4969 840/4970 847/4971
f 840/4972 842/4973 846/4974
f 842/4975 843/4976 848/4977
f 844/4978 850/4979 843/4980
f 845/4981 851/4982 844/4983
f 847/4984 846/4985 853/4986
f 846/4987 848/4988 852/4989
f 848/4990 849/4991 854/4992
f 850/4993 856/4994 849/4995
f 851/4996 857/4997 850/4998
f 853/4999 852/5000 859/5001
f 852/5002 854/5003 858/5004
f 854/5005 855/5006 860/5007
f 856/5008 862/5009 855/5010
f 857/5011 863/5012 856/5013
f 847/5014 853/5015 865/5016
f 859/5017 866/5018 853/5019
f 859/5020 858/5021 868/5022
f 860/5023 869/5024 858/5025
f 861/5026 870/5027 860/5028
f 862/5029 871/5030 861/5031
f 863/5032 872/5033 862/5034
f 866/5035 859/5036 873/5037
f 868/5038 867/5039 875/5040
f 869/5041 876/5042 867/5043
f 870/5044 877/5045 869/5046
f 871/5047 878/5048 870/5049
f 872/5050 879/5051 871/5052
f 873/5053 868/5054 880/5055
f 810/5056 809/5057 882/5058
f 811/5059 810/5060 883/5061
f 812/5062 811/5063 884/5064
f 813/5065 812/5066 885/5067
f 814/5068 813/5069 886/5070
f 814/5071 886/5072 815/5073
f 816/5074 815/5075 888/5076
f 882/5077 881/5078 890/5079
f 883/5080 882/5081 891/5082
f 884/5083 883/5084 892/5085
f 885/5086 884/5087 893/5088
f 886/5089 885/5090 894/5091
f 887/5092 886/5093 895/5094
f 888/5095 887/5096 896/5097
f 897/5098 898/5099 900/5100
f 897/5101 901/5102 898/5103
f 906/5104 903/5105 905/5106
f 904/5107 907/5108 905/5109
f 908/5110 907/5111 910/5112
f 909/5113 911/5114 910/5115
f 912/5116 911/5117 914/5118
f 913/5119 915/5120 914/5121
f 915/5122 917/5123 916/5124
f 917/5125 919/5126 918/5127
f 919/5128 921/5129 920/5130
f 921/5131 923/5132 922/5133
f 923/5134 925/5135 924/5136
f 925/5137 927/5138 926/5139
f 927/5140 929/5141 928/5142
f 930/5143 929/5144 899/5145
f 931/5146 932/5147 934/5148
f 933/5149 932/5150 936/5151
f 936/5152 935/5153 938/5154
f 938/5155 937/5156 940/5157
f 940/5158 939/5159 942/5160
f 942/5161 941/5162 944/5163
f 944/5164 943/5165 946/5166
f 945/5167 947/5168 946/5169
f 948/5170 947/5171 950/5172
f 950/5173 949/5174 952/5175
f 952/5176 951/5177 954/5178
f 954/5179 953/5180 956/5181
f 960/5182 957/5183 959/5184
f 934/5185 933/5186 962/5187
f 933/5188 936/5189 961/5190
f 963/5191 936/5192 964/5193
f 938/5194 940/5195 964/5196
f 965/5197 940/5198 966/5199
f 966/5200 942/5201 967/5202
f 967/5203 944/5204 968/5205
f 968/5206 946/5207 969/5208
f 969/5209 948/5210 970/5211
f 970/5212 950/5213 971/5214
f 971/5215 952/5216 972/5217
f 972/5218 954/5219 973/5220
f 956/5221 960/5222 973/5223
f 959/5224 958/5225 975/5226
f 974/5227 958/5228 977/5229
f 961/5230 963/5231 979/5232
f 978/5233 963/5234 980/5235
f 964/5236 965/5237 980/5238
f 981/5239 965/5240 982/5241
f 982/5242 966/5243 983/5244
f 983/5245 967/5246 984/5247
f 984/5248 968/5249 985/5250
f 985/5251 969/5252 986/5253
f 986/5254 970/5255 987/5256
f 987/5257 971/5258 988/5259
f 988/5260 972/5261 989/5262
f 973/5263 959/5264 989/5265
f 975/5266 974/5267 991/5268
f 990/5269 974/5270 992/5271
f 977/5272 993/5273 992/5274
f 979/5275 978/5276 996/5277
f 995/5278 978/5279 997/5280
f 980/5281 981/5282 997/5283
f 998/5284 981/5285 999/5286
f 999/5287 982/5288 1000/5289
f 1000/5290 983/5291 1001/5292
f 1001/5293 984/5294 1002/5295
f 1002/5296 985/5297 1003/5298
f 1003/5299 986/5300 1004/5301
f 1004/5302 987/5303 1005/5304
f 1005/5305 988/5306 1006/5307
f 989/5308 975/5309 1006/5310
f 991/5311 990/5312 1008/5313
f 1007/5314 990/5315 1009/5316
f 992/5317 994/5318 1009/5319
f 1012/5320 995/5321 1011/5322
f 997/5323 998/5324 1011/5325
f 1013/5326 998/5327 1014/5328
f 1014/5329 999/5330 1015/5331
f 1015/5332 1000/5333 1016/5334
f 1016/5335 1001/5336 1017/5337
f 1017/5338 1002/5339 1018/5340
f 1018/5341 1003/5342 1019/5343
f 1019/5344 1004/5345 1020/5346
f 1020/5347 1005/5348 1021/5349
f 1006/5350 991/5351 1021/5352
f 890/5353 889/5354 1023/5355
f 891/5356 890/5357 1024/5358
f 892/5359 891/5360 1025/5361
f 893/5362 892/5363 1026/5364
f 894/5365 893/5366 1027/5367
f 895/5368 894/5369 1028/5370
f 895/5371 1028/5372 896/5373
f 1023/5374 1022/5375 1031/5376
f 1024/5377 1023/5378 1032/5379
f 1025/5380 1024/5381 1033/5382
f 1026/5383 1025/5384 1034/5385
f 1027/5386 1026/5387 1035/5388
f 1028/5389 1027/5390 1036/5391
f 1028/5392 1036/5393 1029/5394
f 1029/5395 1037/5396 1039/5397
f 1038/5398 1041/5399 1040/5400
f 1033/5401 1032/5402 1044/5403
f 1034/5404 1033/5405 1045/5406
f 1035/5407 1034/5408 1046/5409
f 1035/5410 1046/5411 1036/5412
f 1036/5413 1047/5414 1037/5415
f 1037/5416 1048/5417 1038/5418
f 1041/5419 1038/5420 1050/5421
f 880/5422 875/5423 1046/5424
f 875/5425 874/5426 1047/5427
f 1048/5428 874/5429 1049/5430
f 1044/5431 1043/5432 1052/5433
f 1045/5434 1044/5435 1053/5436
f 1057/5437 1054/5438 1056/5439
f 1052/5440 1051/5441 1059/5442
f 1053/5443 1052/5444 1060/5445
f 1061/5446 1062/5447 1054/5448
f 1054/5449 1063/5450 1055/5451
f 1055/5452 1065/5453 1056/5454
f 1064/5455 1067/5456 1055/5457
f 1068/5458 1069/5459 1070/5460
f 1043/5461 1068/5462 1051/5463
f 1070/5464 1057/5465 1071/5466
f 1051/5467 1070/5468 1058/5469
f 1071/5470 1056/5471 1072/5472
f 1058/5473 1071/5474 1073/5475
f 1032/5476 1031/5477 1043/5478
f 1031/5479 1030/5480 1069/5481
f 1054/5482 1057/5483 1074/5484
f 880/5485 1046/5486 1053/5487
f 873/5488 880/5489 1060/5490
f 1076/5491 873/5492 1075/5493
f 878/5494 1078/5495 877/5496
f 879/5497 1080/5498 878/5499
f 1078/5500 1081/5501 1079/5502
f 1080/5503 1012/5504 1078/5505
f 1009/5506 1010/5507 1082/5508
f 1011/5509 1082/5510 1012/5511
f 993/5512 976/5513 1050/5514
f 994/5515 993/5516 1083/5517
f 1049/5518 876/5519 1079/5520
f 1084/5521 1007/5522 1082/5523
f 1085/5524 1008/5525 1084/5526
f 1008/5527 1085/5528 1021/5529
f 1014/5530 1015/5531 1085/5532
f 1013/5533 1014/5534 1084/5535
f 1011/5536 1013/5537 1082/5538
f 1080/5539 996/5540 1012/5541
f 639/5542 638/5543 1088/5544
f 1087/5545 1089/5546 1088/5547
f 1093/5548 1091/5549 1092/5550
f 1090/5551 1089/5552 1095/5553
f 1092/5554 1096/5555 1093/5556
f 1098/5557 1099/5558 1089/5559
f 1093/5560 1097/5561 1098/5562
f 667/5563 653/5564 1101/5565
f 681/5566 682/5567 1103/5568
f 682/5569 667/5570 1102/5571
f 653/5572 639/5573 1100/5574
f 1095/5575 1104/5576 1090/5577
f 1090/5578 1105/5579 1088/5580
f 1101/5581 1100/5582 1106/5583
f 1102/5584 1101/5585 1107/5586
f 1103/5587 1102/5588 1108/5589
f 680/5590 681/5591 696/5592
f 696/5593 1103/5594 1110/5595
f 611/5596 606/5597 1112/5598
f 1114/5599 1112/5600 1113/5601
f 695/5602 1114/5603 710/5604
f 1116/5605 820/5606 1115/5607
f 1118/5608 828/5609 1117/5610
f 1119/5611 1118/5612 1111/5613
f 830/5614 832/5615 1117/5616
f 601/5617 594/5618 698/5619
f 601/5620 1119/5621 606/5622
f 1119/5623 1120/5624 1115/5625
f 695/5626 696/5627 1114/5628
f 826/5629 1118/5630 824/5631
f 1124/5632 1121/5633 1123/5634
f 1126/5635 1125/5636 1122/5637
f 1134/5638 1131/5639 1133/5640
f 1132/5641 1135/5642 1133/5643
f 1135/5644 1137/5645 1136/5646
f 1134/5647 1133/5648 1143/5649
f 1143/5650 1142/5651 1144/5652
f 1139/5653 1143/5654 1145/5655
f 1133/5656 1136/5657 1142/5658
f 1121/5659 1142/5660 1122/5661
f 1136/5662 1138/5663 1146/5664
f 1146/5665 1147/5666 1122/5667
f 1148/5668 1140/5669 1145/5670
f 958/5671 957/5672 976/5673
f 1150/5674 1042/5675 957/5676
f 1150/5677 957/5678 1149/5679
f 1151/5680 1152/5681 1154/5682
f 1155/5683 1153/5684 1156/5685
f 1157/5686 1155/5687 1124/5688
f 1123/5689 1158/5690 1124/5691
f 1127/5692 1159/5693 1123/5694
f 956/5695 955/5696 1161/5697
f 1135/5698 1132/5699 1163/5700
f 1163/5701 1162/5702 575/5703
f 1162/5704 1132/5705 1164/5706
f 582/5707 1162/5708 589/5709
f 1164/5710 1131/5711 1166/5712
f 589/5713 1164/5714 596/5715
f 1168/5716 615/5717 1167/5718
f 1148/5719 1168/5720 1140/5721
f 614/5722 669/5723 1167/5724
f 1167/5725 1169/5726 1140/5727
f 1169/5728 669/5729 1166/5730
f 1141/5731 1169/5732 1165/5733
f 728/5734 784/5735 1171/5736
f 1171/5737 1170/5738 1130/5739
f 1170/5740 784/5741 1172/5742
f 1129/5743 1170/5744 1126/5745
f 1172/5746 792/5747 1173/5748
f 1126/5749 1172/5750 1125/5751
f 1173/5752 800/5753 1174/5754
f 1125/5755 1173/5756 1128/5757
f 1174/5758 808/5759 1175/5760
f 1128/5761 1174/5762 1127/5763
f 1177/5764 568/5765 1176/5766
f 1138/5767 1177/5768 1147/5769
f 575/5770 567/5771 1163/5772
f 1163/5773 1178/5774 1135/5775
f 1176/5776 720/5777 1171/5778
f 1147/5779 1176/5780 1130/5781
f 567/5782 568/5783 1178/5784
f 1137/5785 1178/5786 1138/5787
f 816/5788 888/5789 1175/5790
f 1175/5791 1179/5792 1127/5793
f 1154/5794 1153/5795 1181/5796
f 1181/5797 1180/5798 1150/5799
f 1040/5800 1042/5801 1182/5802
f 1155/5803 1182/5804 1153/5805
f 1039/5806 1040/5807 1183/5808
f 1157/5809 1183/5810 1155/5811
f 1184/5812 1029/5813 1183/5814
f 1184/5815 1183/5816 1158/5817
f 1185/5818 896/5819 1184/5820
f 1159/5821 1185/5822 1158/5823
f 1188/5824 1151/5825 1187/5826
f 1188/5827 1187/5828 1160/5829
f 1187/5830 1154/5831 1189/5832
f 1187/5833 1189/5834 1161/5835
f 1149/5836 1189/5837 1150/5838
f 1179/5839 888/5840 1185/5841
f 1134/5842 1139/5843 1165/5844
f 554/5845 1190/5846 546/5847
f 562/5848 1192/5849 554/5850
f 570/5851 1193/5852 562/5853
f 577/5854 1194/5855 570/5856
f 835/5857 1195/5858 577/5859
f 835/5860 841/5861 1195/5862
f 865/5863 864/5864 1198/5865
f 864/5866 866/5867 1197/5868
f 841/5869 865/5870 1196/5871
f 1058/5872 1073/5873 1201/5874
f 1205/5875 1202/5876 1204/5877
f 1073/5878 1206/5879 1200/5880
f 1206/5881 1205/5882 1207/5883
f 1202/5884 1208/5885 1203/5886
f 1076/5887 1075/5888 1211/5889
f 1075/5890 1059/5891 1210/5892
f 1077/5893 1076/5894 1213/5895
f 866/5896 1077/5897 1199/5898
f 1190/5899 1192/5900 1215/5901
f 1192/5902 1193/5903 1214/5904
f 1194/5905 1217/5906 1193/5907
f 1194/5908 1195/5909 1217/5910
f 1196/5911 1219/5912 1195/5913
f 1197/5914 1220/5915 1198/5916
f 1197/5917 1199/5918 1220/5919
f 1198/5920 1221/5921 1196/5922
f 1210/5923 1223/5924 1211/5925
f 1211/5926 1224/5927 1213/5928
f 1213/5929 1225/5930 1199/5931
f 1215/5932 1214/5933 1227/5934
f 1216/5935 1228/5936 1214/5937
f 1217/5938 1229/5939 1216/5940
f 1217/5941 1218/5942 1229/5943
f 1218/5944 1219/5945 1230/5946
f 1221/5947 1220/5948 1233/5949
f 1222/5950 1234/5951 1220/5952
f 1219/5953 1221/5954 1231/5955
f 1224/5956 1235/5957 1225/5958
f 1225/5959 1236/5960 1222/5961
f 1231/5962 1237/5963 1230/5964
f 1231/5965 1233/5966 1237/5967
f 1237/5968 1240/5969 1238/5970
f 1240/5971 1242/5972 1241/5973
f 1244/5974 1229/5975 1238/5976
f 1238/5977 1241/5978 1244/5979
f 1245/5980 1241/5981 1246/5982
f 1248/5983 1245/5984 1247/5985
f 1248/5986 1228/5987 1244/5988
f 1242/5989 1240/5990 1250/5991
f 1240/5992 1237/5993 1249/5994
f 1236/5995 1235/5996 1252/5997
f 1254/5998 1234/5999 1252/6000
f 1252/6001 1253/6002 1254/6003
f 1256/6004 1232/6005 1254/6006
f 1254/6007 1255/6008 1256/6009
f 1239/6010 1256/6011 1249/6012
f 1233/6013 1232/6014 1239/6015
f 1251/6016 1235/6017 1258/6018
f 497/6019 1259/6020 498/6021
f 501/6022 498/6023 1261/6024
f 503/6025 501/6026 1262/6027
f 500/6028 514/6029 1263/6030
f 1266/6031 1263/6032 1265/6033
f 1264/6034 514/6035 1267/6036
f 1265/6037 1264/6038 1268/6039
f 1267/6040 522/6041 1269/6042
f 1268/6043 1267/6044 1270/6045
f 1269/6046 530/6047 1271/6048
f 1270/6049 1269/6050 1272/6051
f 1259/6052 497/6053 1266/6054
f 546/6055 1191/6056 538/6057
f 1272/6058 1271/6059 1273/6060
f 1273/6061 1191/6062 1215/6063
f 1096/6064 1274/6065 1097/6066
f 1092/6067 1276/6068 1096/6069
f 962/6070 1276/6071 934/6072
f 1277/6073 1278/6074 1106/6075
f 1095/6076 1279/6077 1104/6078
f 1106/6079 1104/6080 1277/6081
f 1094/6082 1281/6083 1095/6084
f 1099/6085 1282/6086 1094/6087
f 1097/6088 1275/6089 1099/6090
f 1278/6091 1283/6092 1107/6093
f 1274/6094 1284/6095 1275/6096
f 1276/6097 1286/6098 1274/6099
f 962/6100 1287/6101 1276/6102
f 1288/6103 1289/6104 1277/6105
f 1279/6106 1290/6107 1280/6108
f 1277/6109 1280/6110 1288/6111
f 1281/6112 1292/6113 1279/6114
f 1282/6115 1293/6116 1281/6117
f 1275/6118 1294/6119 1282/6120
f 1289/6121 1295/6122 1278/6123
f 857/6124 851/6125 1297/6126
f 1284/6127 1297/6128 1285/6129
f 863/6130 857/6131 1298/6132
f 1286/6133 1298/6134 1284/6135
f 1299/6136 872/6137 1298/6138
f 1287/6139 1299/6140 1286/6141
f 609/6142 610/6143 1301/6144
f 1301/6145 1300/6146 1288/6147
f 607/6148 609/6149 1302/6150
f 1302/6151 1301/6152 1290/6153
f 608/6154 607/6155 1303/6156
f 1292/6157 1303/6158 1290/6159
f 1304/6160 839/6161 1303/6162
f 1293/6163 1304/6164 1292/6165
f 1305/6166 845/6167 1304/6168
f 1294/6169 1305/6170 1293/6171
f 1296/6172 851/6173 1305/6174
f 1285/6175 1296/6176 1294/6177
f 610/6178 611/6179 1300/6180
f 1300/6181 1306/6182 1289/6183
f 1299/6184 1287/6185 1308/6186
f 879/6187 872/6188 1308/6189
f 1080/6190 879/6191 996/6192
f 1307/6193 979/6194 1308/6195
f 962/6196 961/6197 1307/6198
f 1110/6199 1109/6200 1295/6201
f 1295/6202 1306/6203 1110/6204
f 1200/6205 1309/6206 1201/6207
f 1204/6208 1203/6209 1312/6210
f 1200/6211 1207/6212 1309/6213
f 1207/6214 1204/6215 1313/6216
f 1210/6217 1212/6218 1223/6219
f 1258/6220 1223/6221 1315/6222
f 1309/6223 1316/6224 1310/6225
f 1316/6226 1309/6227 1318/6228
f 1062/6229 1319/6230 1063/6231
f 1064/6232 1063/6233 1321/6234
f 1067/6235 1064/6236 1322/6237
f 1208/6238 1067/6239 1209/6240
f 1319/6241 1323/6242 1320/6243
f 1061/6244 1325/6245 1062/6246
f 1323/6247 1319/6248 1326/6249
f 1201/6250 1310/6251 1327/6252
f 1327/6253 1328/6254 1212/6255
f 1310/6256 1317/6257 1328/6258
f 1314/6259 1328/6260 1315/6261
f 1331/6262 1066/6263 1330/6264
f 1205/6265 1331/6266 1202/6267
f 1331/6268 1205/6269 1332/6270
f 1066/6271 1331/6272 1072/6273
f 1067/6274 1208/6275 1065/6276
f 1326/6277 1325/6278 1334/6279
f 1030/6280 1333/6281 1061/6282
f 785/6283 777/6284 1336/6285
f 785/6286 1336/6287 793/6288
f 793/6289 1337/6290 801/6291
f 1336/6292 1339/6293 1337/6294
f 721/6295 1341/6296 777/6297
f 1336/6298 1335/6299 1339/6300
f 505/6301 1343/6302 507/6303
f 507/6304 1344/6305 509/6306
f 512/6307 511/6308 1347/6309
f 511/6310 509/6311 1346/6312
f 713/6313 1348/6314 721/6315
f 713/6316 512/6317 1348/6318
f 1345/6319 1344/6320 1350/6321
f 1347/6322 1346/6323 1352/6324
f 1346/6325 1345/6326 1351/6327
f 1348/6328 1347/6329 1353/6330
f 1341/6331 1348/6332 1354/6333
f 505/6334 503/6335 1343/6336
f 1343/6337 1355/6338 1349/6339
f 1352/6340 1351/6341 1358/6342
f 1350/6343 1359/6344 1351/6345
f 1353/6346 1352/6347 1360/6348
f 1349/6349 1356/6350 1350/6351
f 1358/6352 1357/6353 1362/6354
f 1357/6355 1359/6356 1361/6357
f 1360/6358 1358/6359 1364/6360
f 1356/6361 1365/6362 1359/6363
f 1354/6364 1353/6365 1366/6366
f 1334/6367 1333/6368 1368/6369
f 1368/6370 1367/6371 1370/6372
f 1370/6373 1369/6374 1372/6375
f 1372/6376 1371/6377 1374/6378
f 809/6379 1373/6380 881/6381
f 881/6382 1371/6383 889/6384
f 889/6385 1369/6386 1022/6387
f 1022/6388 1367/6389 1030/6390
f 1374/6391 1375/6392 1372/6393
f 1375/6394 1377/6395 1376/6396
f 1377/6397 1379/6398 1378/6399
f 1378/6400 1380/6401 1382/6402
f 1376/6403 1378/6404 1383/6405
f 1383/6406 1370/6407 1376/6408
f 1382/6409 1381/6410 1385/6411
f 1368/6412 1370/6413 1385/6414
f 1334/6415 1368/6416 1384/6417
f 1386/6418 1387/6419 1389/6420
f 1386/6421 1390/6422 1387/6423
f 1390/6424 1392/6425 1391/6426
f 1394/6427 1395/6428 1392/6429
f 1227/6430 1226/6431 1397/6432
f 1401/6433 1398/6434 1400/6435
f 1401/6436 1400/6437 1403/6438
f 1403/6439 1402/6440 1405/6441
f 1389/6442 1388/6443 1398/6444
f 1273/6445 1406/6446 1394/6447
f 1227/6448 1397/6449 1273/6450
f 1405/6451 1404/6452 1408/6453
f 1412/6454 1409/6455 1411/6456
f 1409/6457 1413/6458 1410/6459
f 1416/6460 1412/6461 1415/6462
f 1413/6463 1417/6464 1414/6465
f 1420/6466 1416/6467 1419/6468
f 1422/6469 1420/6470 1421/6471
f 1417/6472 1408/6473 1418/6474
f 1426/6475 1423/6476 1425/6477
f 1428/6478 1426/6479 1427/6480
f 1430/6481 1428/6482 1429/6483
f 1432/6484 1430/6485 1431/6486
f 1429/6487 1427/6488 1434/6489
f 1429/6490 1434/6491 1431/6492
f 1427/6493 1425/6494 1433/6495
f 1340/6496 1339/6497 1438/6498
f 1338/6499 1340/6500 1439/6501
f 1441/6502 1338/6503 1440/6504
f 1341/6505 1442/6506 1342/6507
f 1342/6508 1443/6509 1339/6510
f 1444/6511 1445/6512 1447/6513
f 1449/6514 1447/6515 1448/6516
f 1451/6517 1449/6518 1450/6519
f 1226/6520 1451/6521 1396/6522
f 1452/6523 1453/6524 1444/6525
f 1454/6526 1455/6527 1457/6528
f 1457/6529 1456/6530 1459/6531
f 1459/6532 1458/6533 1461/6534
f 1461/6535 1460/6536 1452/6537
f 1462/6538 1463/6539 1454/6540
f 1464/6541 1465/6542 1467/6543
f 1464/6544 1468/6545 1465/6546
f 1470/6547 1471/6548 1462/6549
f 1472/6550 1473/6551 1475/6552
f 1476/6553 1477/6554 1472/6555
f 1476/6556 1467/6557 1477/6558
f 1478/6559 1479/6560 1481/6561
f 1481/6562 1480/6563 1468/6564
f 1485/6565 1482/6566 1484/6567
f 1485/6568 1484/6569 1478/6570
f 1482/6571 1486/6572 1483/6573
f 1470/6574 1488/6575 1471/6576
f 1475/6577 1474/6578 1488/6579
f 1486/6580 1490/6581 1487/6582
f 1492/6583 1493/6584 1495/6585
f 1499/6586 1496/6587 1498/6588
f 1492/6589 1499/6590 1493/6591
f 1491/6592 1490/6593 1494/6594
f 1500/6595 1501/6596 1503/6597
f 1501/6598 1504/6599 1502/6600
f 1504/6601 1506/6602 1505/6603
f 1512/6604 1510/6605 1511/6606
f 774/6607 776/6608 1512/6609
f 772/6610 774/6611 1511/6612
f 901/6613 1515/6614 902/6615
f 1515/6616 1517/6617 1516/6618
f 1519/6619 1516/6620 1520/6621
f 1521/6622 902/6623 1519/6624
f 898/6625 902/6626 1523/6627
f 1525/6628 899/6629 1527/6630
f 899/6631 898/6632 1526/6633
f 1528/6634 1529/6635 1531/6636
f 1528/6637 1532/6638 1529/6639
f 1532/6640 1534/6641 1533/6642
f 1539/6643 1536/6644 1538/6645
f 1537/6646 1540/6647 1538/6648
f 1540/6649 1542/6650 1541/6651
f 1542/6652 1544/6653 1543/6654
f 1545/6655 1544/6656 1547/6657
f 1548/6658 1549/6659 1546/6660
f 1553/6661 1554/6662 1556/6663
f 1556/6664 1555/6665 1558/6666
f 1557/6667 1555/6668 1560/6669
f 1562/6670 1558/6671 1564/6672
f 1565/6673 1566/6674 1568/6675
f 1574/6676 1573/6677 1576/6678
f 1576/6679 1577/6680 1574/6681
f 1579/6682 1580/6683 1582/6684
f 1586/6685 1583/6686 1585/6687
f 1587/6688 1588/6689 1590/6690
f 1583/6691 1590/6692 1584/6693
f 1594/6694 1591/6695 1593/6696
f 1595/6697 1596/6698 1598/6699
f 1594/6700 1593/6701 1595/6702
f 1599/6703 1600/6704 1602/6705
f 1606/6706 1603/6707 1605/6708
f 1602/6709 1601/6710 1603/6711
f 1607/6712 1608/6713 1610/6714
f 1607/6715 1611/6716 1613/6717
f 1611/6718 1614/6719 1612/6720
f 1614/6721 1616/6722 1615/6723
f 1621/6724 1622/6725 1620/6726
f 1630/6727 1629/6728 1626/6729
f 1634/6730 1631/6731 1633/6732
f 1631/6733 1635/6734 1632/6735
f 1636/6736 1635/6737 1638/6738
f 1637/6739 1639/6740 1638/6741
f 1640/6742 1639/6743 1642/6744
f 1646/6745 1643/6746 1645/6747
f 1647/6748 1643/6749 1648/6750
f 1650/6751 1647/6752 1649/6753
f 1650/6754 1649/6755 1652/6756
f 1652/6757 1651/6758 1654/6759
f 1656/6760 1654/6761 1655/6762
