mtllib RKneePitch.mtl
o RKneePitch
usemtl nao_texture
v -0.0888001 -0.1821896 -0.4342728
v 0.269259 -0.1821897 -0.4192917
v 0.2792465 -0.1821897 -1.106934
v -0.3136707 -0.1821897 -0.9584079
v 0.2583914 -0.1821897 -1.155347
v -0.1462273 -0.1821897 -1.184336
v 0.1064116 -0.1821897 -1.230981
v -0.014974 -0.1821897 -1.239677
v -0.1462273 0.1778103 -1.184336
v -0.014974 0.1778103 -1.239677
v 0.1064116 0.1778103 -1.230981
v 0.2583914 0.1778103 -1.155347
v -0.3136707 0.1778103 -0.9584079
v 0.2792465 0.1778103 -1.106934
v 0.269259 0.1778103 -0.4192917
v -0.08880009 0.1778104 -0.4342728
v 0.1007919 0.1456972 -1.097699
v 0.148001 0.1456966 -1.163932
v 0.1794535 0.1456905 -1.121277
v -0.2006045 0.1457206 -0.9711392
v -0.1113227 0.1457141 -1.015813
v -0.09948587 0.1457101 -0.9740128
v -0.1681133 0.1457268 -1.118613
v -0.1373167 0.1457264 -1.161742
v -0.0878533 0.145717 -1.097921
v 0.1121305 0.1456879 -0.9737693
v 0.1943946 0.1456789 -0.9668369
v 0.1717088 0.1456781 -0.9189402
v -0.0150677 0.1537123 -1.142105
v 0.006530265 0.1457102 -1.14478
v -0.01519845 0.1457124 -1.142793
v -0.01509979 -0.1522877 -1.142126
v -0.01522886 -0.1442876 -1.142812
v 0.006499856 -0.1442898 -1.144799
v 0.1121001 -0.1443121 -0.9737882
v 0.1716784 -0.1443219 -0.9189591
v 0.1943641 -0.1443211 -0.9668558
v -0.2006349 -0.1442794 -0.9711582
v -0.09951628 -0.1442899 -0.9740317
v -0.1113532 -0.1442859 -1.015832
v -0.08788372 -0.1442829 -1.09794
v -0.1373471 -0.1442736 -1.161761
v -0.1681437 -0.1442731 -1.118632
v 0.1007615 -0.1443027 -1.097718
v 0.1794231 -0.1443095 -1.121296
v 0.1479706 -0.1443034 -1.163951
v -0.154576 0.1457149 -0.957909
v -0.1583322 -0.1442841 -0.9674063
v -0.1546064 -0.1442851 -0.9579279
v -0.01519845 0.1457124 -1.142793
v -0.05571402 0.1457156 -1.127145
v -0.09614861 0.1457243 -1.195115
v -0.04758306 0.1457206 -1.216333
v -0.04767848 0.1857207 -1.216667
v 0.004872285 0.1857156 -1.224196
v 0.004876215 0.1457156 -1.223851
v -0.04758306 0.1457206 -1.216333
v -0.09614861 0.1457243 -1.195115
v -0.09632532 0.1857244 -1.195408
v 0.004876215 0.1457156 -1.223851
v 0.006530265 0.1457102 -1.14478
v 0.05754027 0.1857097 -1.217475
v 0.05744598 0.1457096 -1.217137
v -0.1375679 0.1857265 -1.161977
v -0.1373167 0.1457264 -1.161742
v 0.02823894 0.1457078 -1.142743
v 0.05744598 0.1457096 -1.217137
v 0.106503 0.1857032 -1.196969
v 0.1063319 0.1457032 -1.196667
v -0.186311 0.1457255 -1.068843
v -0.1072607 0.1457166 -1.059056
v -0.16841 0.1857269 -1.118768
v -0.1681133 0.1457268 -1.118613
v 0.06873042 0.1457026 -1.127001
v 0.1063319 0.1457032 -1.196667
v 0.1482589 0.1856966 -1.164169
v 0.148001 0.1456966 -1.163932
v -0.05571402 0.1457156 -1.127145
v -0.05535137 0.1537156 -1.126552
v -0.0878533 0.145717 -1.097921
v -0.08729531 0.153717 -1.097495
v 0.02823894 0.1457078 -1.142743
v 0.02811672 0.1537078 -1.14205
v -0.1862941 0.1857255 -1.068835
v -0.186311 0.1457255 -1.068843
v -0.1072607 0.1457166 -1.059056
v -0.106588 0.1537165 -1.058872
v 0.1797606 0.1856905 -1.121436
v 0.1794535 0.1456905 -1.121277
v 0.06835912 0.1537026 -1.12641
v 0.06873042 0.1457026 -1.127001
v -0.1113227 0.1457141 -1.015813
v -0.1106211 0.1537141 -1.015873
v 0.1002428 0.1536973 -1.097278
v 0.1007919 0.1456972 -1.097699
v 0.1984095 0.1456853 -1.071792
v 0.1201119 0.1456927 -1.058791
v 0.1987567 0.1856853 -1.07187
v 0.1984095 0.1456853 -1.071792
v -0.09948587 0.1457101 -0.9740128
v -0.09885345 0.1537101 -0.9743244
v -0.2009488 0.1857206 -0.97116
v -0.2006045 0.1457206 -0.9711392
v 0.1240653 0.1456894 -1.015538
v 0.2035239 0.1456813 -1.019042
v 0.119437 0.1536928 -1.0586
v 0.1201119 0.1456927 -1.058791
v -0.07334023 0.1457051 -0.9393219
v -0.07287692 0.1537051 -0.9398383
v 0.2038731 0.1856813 -1.019026
v 0.2035239 0.1456813 -1.019042
v 0.1233752 0.1536895 -1.015598
v 0.1240653 0.1456894 -1.015538
v -0.03643628 0.1456998 -0.9164145
v -0.03619123 0.1536998 -0.9170652
v 0.1947367 0.1856788 -0.9667221
v 0.1943946 0.1456789 -0.9668369
v -0.2013466 0.1857142 -0.8723725
v -0.2010003 0.1457141 -0.8724054
v 0.08591847 0.1456884 -0.9391416
v 0.1489084 0.1456775 -0.8735202
v 0.1115072 0.153688 -0.9740863
v 0.1121305 0.1456879 -0.9737693
v 0.006247736 0.1456947 -0.9083789
v 0.006251245 0.1536948 -0.9090808
v 0.04896118 0.1456908 -0.916315
v 0.1367583 0.1456755 -0.8241608
v 0.08544873 0.1536885 -0.9396521
v 0.08591847 0.1456884 -0.9391416
v 0.04896118 0.1456908 -0.916315
v 0.04870646 0.1536909 -0.9169666
v 0.1717002 0.1856781 -0.9189435
v 0.1717088 0.1456781 -0.9189402
v 0.1492444 0.1856775 -0.8733927
v 0.1489084 0.1456775 -0.8735202
v -0.1878293 0.1857063 -0.7745166
v -0.1875 0.1457063 -0.7745966
v 0.1371084 0.1856755 -0.8241126
v 0.1367583 0.1456755 -0.8241608
v 0.1362198 0.1856723 -0.773371
v 0.1358651 0.1456723 -0.7733432
v -0.1606793 0.1856973 -0.679531
v -0.1603576 0.1456972 -0.6796616
v 0.1466143 0.1856679 -0.7236991
v 0.1462773 0.145668 -0.7235926
v 0.1677726 0.1856627 -0.6775772
v 0.1674722 0.1456627 -0.677399
v -0.120422 0.1856871 -0.5893207
v -0.1201137 0.1456871 -0.5894888
v 0.004833485 -0.1842844 -1.224221
v -0.04771727 -0.1842794 -1.216691
v -0.04761348 -0.1442794 -1.216352
v 0.004845805 -0.1442844 -1.22387
v -0.09636411 -0.1842757 -1.195432
v -0.096179 -0.1442757 -1.195134
v 0.05750148 -0.1842903 -1.217499
v 0.05741557 -0.1442904 -1.217156
v -0.1376067 -0.1842735 -1.162001
v -0.1373471 -0.1442736 -1.161761
v 0.1064642 -0.1842968 -1.196993
v 0.1063015 -0.1442968 -1.196686
v -0.1684488 -0.1842732 -1.118792
v -0.1681437 -0.1442731 -1.118632
v 0.1482201 -0.1843034 -1.164194
v 0.1479706 -0.1443034 -1.163951
v -0.1863329 -0.1842745 -1.068859
v -0.1863414 -0.1442745 -1.068862
v 0.1797218 -0.1843095 -1.12146
v 0.1794231 -0.1443095 -1.121296
v 0.1987179 -0.1843147 -1.071894
v 0.1983791 -0.1443146 -1.071811
v -0.2006168 -0.1842795 -0.9711582
v -0.2006349 -0.1442794 -0.9711582
v 0.2038343 -0.1843187 -1.01905
v 0.2034935 -0.1443187 -1.019061
v 0.1946979 -0.1843212 -0.9667462
v 0.1943641 -0.1443211 -0.9668558
v -0.2010128 -0.1842859 -0.8724243
v -0.2010307 -0.1442859 -0.8724243
v 0.1716614 -0.1843219 -0.9189676
v 0.1716784 -0.1443219 -0.9189591
v 0.1492056 -0.1843226 -0.8734168
v 0.148878 -0.1443225 -0.8735395
v -0.1875124 -0.1842937 -0.7746155
v -0.1875304 -0.1442937 -0.7746155
v 0.1370696 -0.1843245 -0.8241367
v 0.1367279 -0.1443244 -0.8241797
v 0.136181 -0.1843277 -0.7733951
v 0.1358347 -0.1443277 -0.7733621
v -0.1603733 -0.1843028 -0.67969
v -0.160388 -0.1443027 -0.6796805
v 0.1465755 -0.1843321 -0.7237232
v 0.1462469 -0.144332 -0.7236115
v 0.1677338 -0.1843373 -0.6776013
v 0.1674418 -0.1443373 -0.6774179
v -0.1201424 -0.1843129 -0.5895233
v -0.1201442 -0.1443129 -0.5895077
v -0.05538345 -0.1522845 -1.126573
v -0.05574443 -0.1442844 -1.127164
v -0.0873274 -0.1522831 -1.097514
v -0.08788372 -0.1442829 -1.09794
v 0.02820853 -0.1442921 -1.142762
v 0.02808465 -0.1522922 -1.14207
v -0.1066201 -0.1522836 -1.058892
v -0.1072911 -0.1442834 -1.059075
v 0.06870001 -0.1442975 -1.12702
v 0.06832703 -0.1522975 -1.12643
v -0.1106532 -0.152286 -1.015893
v -0.1113532 -0.1442859 -1.015832
v 0.1007615 -0.1443027 -1.097718
v 0.1002107 -0.1523028 -1.097298
v -0.09888554 -0.15229 -0.9743442
v -0.09951628 -0.1442899 -0.9740317
v 0.1200815 -0.1443073 -1.05881
v 0.1194049 -0.1523073 -1.05862
v -0.07290901 -0.1522949 -0.9398581
v -0.07337065 -0.1442949 -0.9393408
v 0.1240349 -0.1443105 -1.015557
v 0.1233431 -0.1523106 -1.015618
v -0.03622333 -0.1523003 -0.917085
v -0.03646669 -0.1443002 -0.9164334
v 0.1121001 -0.1443121 -0.9737882
v 0.1114751 -0.152312 -0.9741062
v 0.006219155 -0.1523052 -0.909101
v 0.006217325 -0.1443053 -0.9083982
v 0.08588806 -0.1443116 -0.9391605
v 0.08541664 -0.1523116 -0.9396723
v 0.04867437 -0.1523092 -0.9169864
v 0.04893077 -0.1443092 -0.9163339
v -0.01522886 -0.1442876 -1.142812
v 0.006499856 -0.1442898 -1.144799
v 0.004845805 -0.1442844 -1.22387
v -0.04761348 -0.1442794 -1.216352
v -0.05574443 -0.1442844 -1.127164
v -0.096179 -0.1442757 -1.195134
v 0.02820853 -0.1442921 -1.142762
v 0.05741557 -0.1442904 -1.217156
v 0.06870001 -0.1442975 -1.12702
v 0.1063015 -0.1442968 -1.196686
v -0.1863414 -0.1442745 -1.068862
v -0.1072911 -0.1442834 -1.059075
v 0.1200815 -0.1443073 -1.05881
v 0.1983791 -0.1443146 -1.071811
v 0.1240349 -0.1443105 -1.015557
v 0.2034935 -0.1443187 -1.019061
v 0.08588806 -0.1443116 -0.9391605
v 0.148878 -0.1443225 -0.8735395
v 0.04893077 -0.1443092 -0.9163339
v 0.1367279 -0.1443244 -0.8241797
v -0.08921772 -0.1442779 -1.173195
v -0.08918733 0.1457221 -1.173176
v -0.05281243 0.1457195 -1.191267
v -0.05284284 -0.1442805 -1.191286
v -0.01323496 0.1457159 -1.200477
v -0.01326538 -0.1442841 -1.200496
v -0.1204548 -0.1442763 -1.147197
v -0.1204244 0.1457237 -1.147178
v 0.02739628 0.1457117 -1.200311
v 0.02736587 -0.1442883 -1.20033
v -0.1448408 -0.1442759 -1.114702
v -0.1448104 0.1457241 -1.114684
v 0.0668984 0.1457069 -1.190781
v 0.066868 -0.1442931 -1.1908
v -0.1610914 -0.1442766 -1.07746
v -0.161061 0.1457234 -1.077441
v 0.1031398 0.1457019 -1.172407
v 0.1031094 -0.1442981 -1.172426
v -0.1683009 -0.1442785 -1.037475
v -0.1682705 0.1457215 -1.037455
v 0.1341559 0.1456969 -1.146161
v 0.1341254 -0.1443031 -1.14618
v -0.1661052 -0.1442814 -0.9968952
v -0.1660748 0.1457186 -0.9968762
v 0.1582875 0.1456923 -1.113467
v 0.1582571 -0.1443077 -1.113486
v 0.1742376 0.1456881 -1.0761
v 0.1742072 -0.1443118 -1.076119
v -0.1344289 -0.1442895 -0.9226642
v -0.1343985 0.1457104 -0.9226453
v 0.1811274 0.1456848 -1.03606
v 0.181097 -0.1443152 -1.036079
v -0.106667 -0.1442944 -0.8929962
v -0.1066366 0.1457056 -0.8929773
v 0.1786063 0.1456824 -0.9955063
v 0.1785758 -0.1443176 -0.9955255
v -0.07280986 -0.1442994 -0.870524
v -0.07277944 0.1457006 -0.8705051
v 0.1667941 0.1456811 -0.9566187
v 0.1667637 -0.1443189 -0.9566376
v -0.03468292 -0.1443043 -0.8564832
v -0.03465252 0.1456956 -0.856464
v 0.1463404 0.1456809 -0.921521
v 0.1463099 -0.1443191 -0.9215399
v 0.005656505 -0.1443089 -0.8516004
v 0.005686916 0.1456911 -0.8515814
v 0.1183406 0.1456819 -0.8920743
v 0.1183101 -0.1443181 -0.8920932
v 0.04603532 -0.1443128 -0.8561573
v 0.04606573 0.1456871 -0.8561383
v 0.08430069 0.145684 -0.8698819
v 0.08427029 -0.1443159 -0.8699008
v -0.1603576 0.1456972 -0.6796616
v 0.1462773 0.145668 -0.7235926
v 0.1674722 0.1456627 -0.677399
v -0.1201137 0.1456871 -0.5894888
v -0.2010307 -0.1442859 -0.8724243
v -0.07337065 -0.1442949 -0.9393408
v -0.1875304 -0.1442937 -0.7746155
v -0.03646669 -0.1443002 -0.9164334
v 0.1358347 -0.1443277 -0.7733621
v 0.006217325 -0.1443053 -0.9083982
v -0.160388 -0.1443027 -0.6796805
v 0.1462469 -0.144332 -0.7236115
v -0.1201442 -0.1443129 -0.5895077
v 0.1674418 -0.1443373 -0.6774179
v -0.1606793 0.1856973 -0.679531
v -0.120422 0.1856871 -0.5893207
v 0.1677726 0.1856627 -0.6775772
v 0.1466143 0.1856679 -0.7236991
v -0.1878293 0.1857063 -0.7745166
v 0.1362198 0.1856723 -0.773371
v -0.2013466 0.1857142 -0.8723725
v 0.1371084 0.1856755 -0.8241126
v -0.2009488 0.1857206 -0.97116
v 0.1492444 0.1856775 -0.8733927
v 0.1717002 0.1856781 -0.9189435
v -0.1862941 0.1857255 -1.068835
v -0.16841 0.1857269 -1.118768
v 0.1947367 0.1856788 -0.9667221
v -0.1375679 0.1857265 -1.161977
v 0.2038731 0.1856813 -1.019026
v -0.09632532 0.1857244 -1.195408
v 0.1987567 0.1856853 -1.07187
v -0.04767848 0.1857207 -1.216667
v 0.1797606 0.1856905 -1.121436
v 0.1482589 0.1856966 -1.164169
v 0.004872285 0.1857156 -1.224196
v 0.1465755 -0.1843321 -0.7237232
v 0.1677338 -0.1843373 -0.6776013
v -0.1201424 -0.1843129 -0.5895233
v -0.1603733 -0.1843028 -0.67969
v 0.136181 -0.1843277 -0.7733951
v -0.1875124 -0.1842937 -0.7746155
v 0.1370696 -0.1843245 -0.8241367
v -0.2010128 -0.1842859 -0.8724243
v 0.1492056 -0.1843226 -0.8734168
v -0.2006168 -0.1842795 -0.9711582
v -0.1863329 -0.1842745 -1.068859
v 0.1716614 -0.1843219 -0.9189676
v -0.1684488 -0.1842732 -1.118792
v 0.1946979 -0.1843212 -0.9667462
v -0.1376067 -0.1842735 -1.162001
v 0.2038343 -0.1843187 -1.01905
v -0.09636411 -0.1842757 -1.195432
v 0.1987179 -0.1843147 -1.071894
v -0.04771727 -0.1842794 -1.216691
v 0.1797218 -0.1843095 -1.12146
v 0.004833485 -0.1842844 -1.224221
v 0.1482201 -0.1843034 -1.164194
v -0.08070439 0.1455654 -0.5118664
v -0.08099574 0.1855654 -0.5116601
v 0.197918 0.1855701 -0.6259073
v 0.1976349 0.14557 -0.6257132
v 0.1976009 -0.1444299 -0.6258084
v 0.1978746 -0.1844299 -0.6260284
v -0.08073829 -0.1844346 -0.5119879
v -0.08073842 -0.1444346 -0.5119617
v 0.1976349 0.14557 -0.6257132
v -0.08070439 0.1455654 -0.5118664
v -0.08073842 -0.1444346 -0.5119617
v 0.1976009 -0.1444299 -0.6258084
v -0.08099574 0.1855654 -0.5116601
v 0.197918 0.1855701 -0.6259073
v 0.1978746 -0.1844299 -0.6260284
v -0.08073829 -0.1844346 -0.5119879
v -0.03590888 0.1454274 -0.4299621
v -0.03619922 0.1854274 -0.4297537
v 0.2421645 0.1854338 -0.5453348
v 0.2418824 0.1454338 -0.5451398
v 0.241848 -0.1445662 -0.5452389
v 0.2421206 -0.1845662 -0.5454608
v -0.03594326 -0.1845725 -0.4300882
v -0.03594327 -0.1445725 -0.430061
v 0.2418824 0.1454338 -0.5451398
v -0.03590888 0.1454274 -0.4299621
v -0.03594327 -0.1445725 -0.430061
v 0.241848 -0.1445662 -0.5452389
v -0.03619922 0.1854274 -0.4297537
v 0.2421645 0.1854338 -0.5453348
v 0.2421206 -0.1845662 -0.5454608
v -0.03594326 -0.1845725 -0.4300882
v 0.02121968 0.1452529 -0.3485614
v 0.02096112 0.1852528 -0.3482992
v 0.2810229 0.1853157 -0.5006579
v 0.2807691 0.1453156 -0.5004428
v 0.280716 -0.1446843 -0.5006534
v 0.2809552 -0.1846842 -0.5009265
v 0.0211621 -0.184747 -0.3488147
v 0.02116653 -0.144747 -0.348772
v 0.2807691 0.1453156 -0.5004428
v 0.02121968 0.1452529 -0.3485614
v 0.02116653 -0.144747 -0.348772
v 0.280716 -0.1446843 -0.5006534
v 0.02096112 0.1852528 -0.3482992
v 0.2810229 0.1853157 -0.5006579
v 0.2809552 -0.1846842 -0.5009265
v 0.0211621 -0.184747 -0.3488147
v 0.02096112 0.1852528 -0.3482992
v 0.2810229 0.1853157 -0.5006579
v 0.2807691 0.1453156 -0.5004428
v 0.02121968 0.1452529 -0.3485614
v 0.280716 -0.1446843 -0.5006534
v 0.2809552 -0.1846842 -0.5009265
v 0.0211621 -0.184747 -0.3488147
v 0.02116653 -0.144747 -0.348772
v -0.02646385 -0.231252 0.02631287
v -0.02955133 -0.2273231 0.02938812
v -0.03457552 -0.2273078 0.02328705
v -0.03095031 -0.2312383 0.02086517
v -0.03322535 0.2275066 0.02331482
v -0.02820114 0.2274913 0.02941559
v -0.0250904 0.2314021 0.02634094
v -0.02957685 0.2314158 0.02089325
v -0.03428771 -0.231228 0.01464661
v -0.03831295 -0.2272963 0.01632355
v -0.03291425 0.2314261 0.01467468
v -0.03696276 0.2275181 0.01635101
v -0.04062002 -0.227289 0.008764343
v -0.03634784 -0.2312215 0.007896729
v -0.03926982 0.2275254 0.008791809
v -0.03497438 0.2314326 0.007924805
v -0.03666163 -0.2312201 0.0004388427
v -0.04097142 -0.2272875 0.0004125976
v -0.03528816 0.231434 0.0004669189
v -0.03962122 0.2275269 0.0004400634
v -0.0357583 -0.2312224 -0.006322632
v -0.03995981 -0.22729 -0.007159424
v -0.03438484 0.2314317 -0.006294556
v -0.03860961 0.2275244 -0.007131653
v -0.03395488 -0.2312273 -0.01308563
v -0.03794023 -0.2272955 -0.01473297
v -0.03258142 0.2314268 -0.01305756
v -0.03659004 0.2275189 -0.0147052
v -0.03389458 -0.2273071 -0.0218045
v -0.03034225 -0.2312376 -0.01940063
v -0.03254441 0.2275073 -0.02177704
v -0.02896879 0.2314164 -0.01937256
v -0.02883779 -0.2273217 -0.02786865
v -0.02582669 -0.2312508 -0.02481537
v -0.02748759 0.2274926 -0.02784088
v -0.02445322 0.2314033 -0.02478729
v -0.02041234 -0.2312666 -0.02933044
v -0.02277447 -0.2273394 -0.0329248
v -0.01903888 0.2313875 -0.02930237
v -0.02142429 0.2274749 -0.03289703
v -0.01410051 -0.2312851 -0.03249451
v -0.0157061 -0.2273602 -0.0364682
v -0.01272706 0.231369 -0.03246643
v -0.01435592 0.2274542 -0.03644073
v -0.007345955 -0.231305 -0.0347583
v -0.008141945 -0.2273825 -0.0390033
v -0.005972495 0.2313491 -0.03473022
v -0.006791765 0.2274319 -0.03897552
v -0.0006043547 -0.231325 -0.03521912
v -0.0005922847 -0.2274049 -0.03951935
v 0.0007691049 0.2313291 -0.03519104
v 0.0007579052 0.2274095 -0.03949188
v 0.006571896 -0.2313464 -0.03477936
v 0.007444115 -0.2274287 -0.0390271
v 0.007945355 0.2313078 -0.03475128
v 0.008794295 0.2273856 -0.03899933
v 0.01329091 -0.2313664 -0.03253632
v 0.01496847 -0.2274513 -0.0365152
v 0.01466436 0.2312877 -0.03250824
v 0.01631865 0.2273631 -0.03648743
v 0.01956822 -0.2313853 -0.02939117
v 0.02199818 -0.2274723 -0.03299286
v 0.02094166 0.2312689 -0.0293631
v 0.02334836 0.227342 -0.03296539
v 0.02495507 -0.2314015 -0.02489288
v 0.02803071 -0.2274905 -0.02795532
v 0.02632853 0.2312526 -0.02486481
v 0.02938089 0.2273238 -0.02792755
v 0.03302 -0.2275057 -0.02190674
v 0.02941035 -0.231415 -0.01949158
v 0.0343702 0.2273086 -0.02187897
v 0.03078382 0.231239 -0.0194635
v 0.03218605 -0.2314237 -0.01302032
v 0.03612841 -0.2275154 -0.01465973
v 0.03355952 0.2312304 -0.01299225
v 0.03747859 0.227299 -0.01463226
v 0.03843548 -0.2275227 -0.00710083
v 0.03424621 -0.2314302 -0.006270447
v 0.03978565 0.2272916 -0.007073059
v 0.03561965 0.2312239 -0.006242066
v 0.03494988 -0.2314327 0.0007519531
v 0.03922352 -0.2275255 0.0007632446
v 0.03632334 0.2312214 0.0007800292
v 0.04057369 0.2272888 0.0007910156
v 0.03846221 -0.2275237 0.008629761
v 0.03427007 -0.2314311 0.007776489
v 0.0398124 0.2272906 0.008657532
v 0.03564352 0.2312229 0.007804566
v 0.03223292 -0.2314255 0.01453339
v 0.03618088 -0.2275174 0.01619659
v 0.03360637 0.2312286 0.01456177
v 0.03753107 0.2272969 0.01622437
v 0.02949959 -0.2314177 0.02061859
v 0.03311993 -0.2275087 0.02301117
v 0.03087304 0.2312363 0.02064667
v 0.0344701 0.2273056 0.02303864
v 0.02507172 -0.2314049 0.02603363
v 0.02816133 -0.2274944 0.02907501
v 0.02644516 0.2312491 0.02606171
v 0.02951152 0.22732 0.02910278
v 0.01973773 -0.2313893 0.0305484
v 0.02218801 -0.227477 0.03413116
v 0.02111118 0.2312647 0.03057648
v 0.02353819 0.2273374 0.03415894
v 0.01346997 -0.2313709 0.03371277
v 0.01516901 -0.2274563 0.03767487
v 0.01484344 0.2312831 0.03374084
v 0.01651919 0.227358 0.03770264
v 0.006733065 -0.2313511 0.03597656
v 0.007624595 -0.2274341 0.04020996
v 0.008106516 0.231303 0.03600464
v 0.008974785 0.2273802 0.04023743
v -0.0004407143 -0.2274101 0.04072693
v -0.0004690146 -0.2313297 0.03643799
v 0.0009094649 0.2274042 0.04075439
v 0.000904445 0.2313243 0.03646637
v -0.007237465 -0.2313096 0.03599762
v -0.008020434 -0.2273876 0.04023346
v -0.005864005 0.2313444 0.0360257
v -0.006670255 0.2274267 0.04026123
v -0.0142852 -0.2312885 0.03375427
v -0.01591293 -0.2273641 0.03772125
v -0.01291174 0.2313655 0.03378235
v -0.01456275 0.2274503 0.03774872
v -0.02298406 -0.2273428 0.03419922
v -0.0205995 -0.2312696 0.03060913
v -0.02163388 0.2274715 0.03422668
v -0.01922604 0.2313845 0.03063721
v -0.02955133 -0.2273231 0.02938812
v -0.02945624 -0.195294 0.02938995
v -0.03448045 -0.1952786 0.02328918
v -0.03457552 -0.2273078 0.02328705
v -0.03332042 0.1954774 0.02331299
v -0.02829623 0.1954621 0.02941376
v -0.02820114 0.2274913 0.02941559
v -0.03322535 0.2275066 0.02331482
v -0.03831295 -0.2272963 0.01632355
v -0.03821786 -0.1952671 0.01632538
v -0.03696276 0.2275181 0.01635101
v -0.03705785 0.1954889 0.01634918
v -0.04052493 -0.1952598 0.008766174
v -0.04062002 -0.227289 0.008764343
v -0.03936491 0.1954962 0.008789978
v -0.03926982 0.2275254 0.008791809
v -0.04097142 -0.2272875 0.0004125976
v -0.04087632 -0.1952583 0.0004144287
v -0.03962122 0.2275269 0.0004400634
v -0.03971632 0.1954978 0.0004382324
v -0.03995981 -0.22729 -0.007159424
v -0.03986471 -0.1952609 -0.007157593
v -0.03860961 0.2275244 -0.007131653
v -0.03870471 0.1954953 -0.007133789
v -0.03794023 -0.2272955 -0.01473297
v -0.03784514 -0.1952663 -0.01473083
v -0.03659004 0.2275189 -0.0147052
v -0.03668512 0.1954897 -0.01470734
v -0.03379951 -0.1952779 -0.02180267
v -0.03389458 -0.2273071 -0.0218045
v -0.03263949 0.1954781 -0.02177887
v -0.03254441 0.2275073 -0.02177704
v -0.02874269 -0.1952926 -0.02786652
v -0.02883779 -0.2273217 -0.02786865
v -0.02758268 0.1954635 -0.02784302
v -0.02748759 0.2274926 -0.02784088
v -0.02277447 -0.2273394 -0.0329248
v -0.0226794 -0.1953103 -0.03292267
v -0.02142429 0.2274749 -0.03289703
v -0.02151938 0.1954458 -0.03289917
v -0.0157061 -0.2273602 -0.0364682
v -0.01561102 -0.195331 -0.03646637
v -0.01435592 0.2274542 -0.03644073
v -0.014451 0.195425 -0.03644257
v -0.008141945 -0.2273825 -0.0390033
v -0.008046855 -0.1953533 -0.03900116
v -0.006791765 0.2274319 -0.03897552
v -0.006886845 0.1954027 -0.03897766
v -0.0005922847 -0.2274049 -0.03951935
v -0.0004971945 -0.1953758 -0.03951752
v 0.0007579052 0.2274095 -0.03949188
v 0.0006628149 0.1953804 -0.03949371
v 0.007444115 -0.2274287 -0.0390271
v 0.007539196 -0.1953996 -0.03902496
v 0.008794295 0.2273856 -0.03899933
v 0.008699216 0.1953565 -0.03900146
v 0.01496847 -0.2274513 -0.0365152
v 0.01506355 -0.1954221 -0.03651306
v 0.01631865 0.2273631 -0.03648743
v 0.01622357 0.195334 -0.03648926
v 0.02199818 -0.2274723 -0.03299286
v 0.02209326 -0.1954432 -0.03299103
v 0.02334836 0.227342 -0.03296539
v 0.02325328 0.1953129 -0.03296722
v 0.02803071 -0.2274905 -0.02795532
v 0.02812578 -0.1954614 -0.02795319
v 0.02938089 0.2273238 -0.02792755
v 0.0292858 0.1952947 -0.02792969
v 0.0331151 -0.1954766 -0.0219046
v 0.03302 -0.2275057 -0.02190674
v 0.0342751 0.1952795 -0.0218811
v 0.0343702 0.2273086 -0.02187897
v 0.03612841 -0.2275154 -0.01465973
v 0.03622349 -0.1954863 -0.0146579
v 0.03747859 0.227299 -0.01463226
v 0.03738351 0.1952698 -0.01463409
v 0.03853055 -0.1954936 -0.007098694
v 0.03843548 -0.2275227 -0.00710083
v 0.03969058 0.1952625 -0.00707489
v 0.03978565 0.2272916 -0.007073059
v 0.03922352 -0.2275255 0.0007632446
v 0.03931859 -0.1954964 0.0007650756
v 0.04057369 0.2272888 0.0007910156
v 0.0404786 0.1952597 0.0007888793
v 0.0385573 -0.1954945 0.008631897
v 0.03846221 -0.2275237 0.008629761
v 0.03971731 0.1952615 0.008655396
v 0.0398124 0.2272906 0.008657532
v 0.03618088 -0.2275174 0.01619659
v 0.03627597 -0.1954882 0.01619873
v 0.03753107 0.2272969 0.01622437
v 0.03743597 0.1952678 0.01622223
v 0.03311993 -0.2275087 0.02301117
v 0.03321501 -0.1954796 0.023013
v 0.0344701 0.2273056 0.02303864
v 0.03437503 0.1952765 0.0230368
v 0.02816133 -0.2274944 0.02907501
v 0.02825642 -0.1954652 0.02907715
v 0.02951152 0.22732 0.02910278
v 0.02941642 0.1952908 0.02910065
v 0.02218801 -0.227477 0.03413116
v 0.02228308 -0.1954478 0.0341333
v 0.02353819 0.2273374 0.03415894
v 0.0234431 0.1953082 0.0341568
v 0.01516901 -0.2274563 0.03767487
v 0.01526409 -0.1954272 0.0376767
v 0.01651919 0.227358 0.03770264
v 0.0164241 0.1953289 0.0377005
v 0.007624595 -0.2274341 0.04020996
v 0.007719675 -0.1954049 0.04021179
v 0.008974785 0.2273802 0.04023743
v 0.008879696 0.1953511 0.0402356
v -0.0003456348 -0.195381 0.04072876
v -0.0004407143 -0.2274101 0.04072693
v 0.0008143752 0.195375 0.04075256
v 0.0009094649 0.2274042 0.04075439
v -0.008020434 -0.2273876 0.04023346
v -0.007925355 -0.1953585 0.0402356
v -0.006670255 0.2274267 0.04026123
v -0.006765345 0.1953975 0.04025909
v -0.01591293 -0.2273641 0.03772125
v -0.01581785 -0.1953349 0.03772308
v -0.01456275 0.2274503 0.03774872
v -0.01465783 0.1954211 0.03774689
v -0.02288897 -0.1953137 0.03420105
v -0.02298406 -0.2273428 0.03419922
v -0.02172896 0.1954423 0.03422485
v -0.02163388 0.2274715 0.03422668
v -0.02945624 -0.195294 0.02938995
v -0.05343462 -0.1952242 0.05318054
v -0.06261949 -0.1951962 0.04202759
v -0.03448045 -0.1952786 0.02328918
v -0.06145948 0.1955598 0.04205139
v -0.05227461 0.1955319 0.05320435
v -0.02829623 0.1954621 0.02941376
v -0.03332042 0.1954774 0.02331299
v -0.03821786 -0.1952671 0.01632538
v -0.06945197 -0.1951752 0.02929687
v -0.03705785 0.1954889 0.01634918
v -0.06829195 0.1955809 0.02932068
v -0.07366957 -0.1951618 0.01547791
v -0.04052493 -0.1952598 0.008766174
v -0.07250955 0.1955942 0.01550171
v -0.03936491 0.1954962 0.008789978
v -0.04087632 -0.1952583 0.0004144287
v -0.07431196 -0.195159 0.0002099609
v -0.03971632 0.1954978 0.0004382324
v -0.07315195 0.1955971 0.0002334594
v -0.03986471 -0.1952609 -0.007157593
v -0.07246263 -0.1951637 -0.01363251
v -0.03870471 0.1954953 -0.007133789
v -0.07130262 0.1955924 -0.01360901
v -0.03784514 -0.1952663 -0.01473083
v -0.06877058 -0.1951738 -0.02747772
v -0.03668512 0.1954897 -0.01470734
v -0.06761057 0.1955823 -0.02745422
v -0.06137465 -0.1951949 -0.04040588
v -0.03379951 -0.1952779 -0.02180267
v -0.06021464 0.1955611 -0.04038239
v -0.03263949 0.1954781 -0.02177887
v -0.05213017 -0.1952217 -0.0514917
v -0.02874269 -0.1952926 -0.02786652
v -0.05097016 0.1955344 -0.0514679
v -0.02758268 0.1954635 -0.02784302
v -0.0226794 -0.1953103 -0.03292267
v -0.0410457 -0.1952541 -0.06073486
v -0.02151938 0.1954458 -0.03289917
v -0.03988569 0.195502 -0.06071106
v -0.01561102 -0.195331 -0.03646637
v -0.02812383 -0.1952921 -0.06721283
v -0.014451 0.195425 -0.03644257
v -0.02696382 0.195464 -0.06718903
v -0.008046855 -0.1953533 -0.03900116
v -0.01429559 -0.1953328 -0.07184723
v -0.006886845 0.1954027 -0.03897766
v -0.01313557 0.1954233 -0.07182343
v -0.0004971945 -0.1953758 -0.03951752
v -0.0004938644 -0.1953737 -0.07279083
v 0.0006628149 0.1953804 -0.03949371
v 0.0006661552 0.1953824 -0.07276703
v 0.007539196 -0.1953996 -0.03902496
v 0.01419767 -0.1954174 -0.07189056
v 0.008699216 0.1953565 -0.03900146
v 0.01535768 0.1953387 -0.07186676
v 0.01506355 -0.1954221 -0.03651306
v 0.02795313 -0.1954585 -0.06729858
v 0.01622357 0.195334 -0.03648926
v 0.02911314 0.1952976 -0.06727478
v 0.02209326 -0.1954432 -0.03299103
v 0.0408043 -0.1954971 -0.06085968
v 0.02325328 0.1953129 -0.03296722
v 0.04196432 0.195259 -0.06083588
v 0.02812578 -0.1954614 -0.02795319
v 0.05183252 -0.1955303 -0.05165009
v 0.0292858 0.1952947 -0.02792969
v 0.05299253 0.1952257 -0.05162628
v 0.06095359 -0.1955581 -0.04059265
v 0.0331151 -0.1954766 -0.0219046
v 0.06211361 0.195198 -0.04056885
v 0.0342751 0.1952795 -0.0218811
v 0.03622349 -0.1954863 -0.0146579
v 0.06663612 -0.1955758 -0.02734436
v 0.03738351 0.1952698 -0.01463409
v 0.06779614 0.1951803 -0.02732056
v 0.07085374 -0.1955891 -0.01352539
v 0.03853055 -0.1954936 -0.007098694
v 0.07201375 0.1951669 -0.01350159
v 0.03969058 0.1952625 -0.00707489
v 0.03931859 -0.1954964 0.0007650756
v 0.07229437 -0.1955943 0.0008511352
v 0.0404786 0.1952597 0.0007888793
v 0.07345439 0.1951618 0.0008746337
v 0.07090262 -0.195591 0.01523193
v 0.0385573 -0.1954945 0.008631897
v 0.07206264 0.195165 0.01525574
v 0.03971731 0.1952615 0.008655396
v 0.03627597 -0.1954882 0.01619873
v 0.06673206 -0.1955795 0.02906525
v 0.03743597 0.1952678 0.01622223
v 0.06789208 0.1951766 0.02908905
v 0.03321501 -0.1954796 0.023013
v 0.06113626 -0.1955636 0.04152283
v 0.03437503 0.1952765 0.0230368
v 0.06229627 0.1951924 0.04154633
v 0.02825642 -0.1954652 0.02907715
v 0.05207132 -0.1955373 0.05260864
v 0.02941642 0.1952908 0.02910065
v 0.05323134 0.1952187 0.05263214
v 0.02228308 -0.1954478 0.0341333
v 0.04115133 -0.1955055 0.06185181
v 0.0234431 0.1953082 0.0341568
v 0.04231135 0.1952505 0.06187561
v 0.01526409 -0.1954272 0.0376767
v 0.02831973 -0.1954678 0.06833008
v 0.0164241 0.1953289 0.0377005
v 0.02947974 0.1952882 0.06835388
v 0.007719675 -0.1954049 0.04021179
v 0.01452761 -0.1954271 0.07296417
v 0.008879696 0.1953511 0.0402356
v 0.01568763 0.1953289 0.07298798
v -0.0002167946 -0.1953834 0.0739093
v -0.0003456348 -0.195381 0.04072876
v 0.000943225 0.1953726 0.07393311
v 0.0008143752 0.195375 0.04075256
v -0.007925355 -0.1953585 0.0402356
v -0.01407347 -0.1953423 0.07300751
v -0.006765345 0.1953975 0.04025909
v -0.01291345 0.1954138 0.07303131
v -0.01581785 -0.1953349 0.03772308
v -0.02850193 -0.1952992 0.06841461
v -0.01465783 0.1954211 0.03774689
v -0.02734191 0.1954569 0.06843842
v -0.04142885 -0.1952604 0.06197601
v -0.02288897 -0.1953137 0.03420105
v -0.04026882 0.1954957 0.06199951
v -0.02172896 0.1954423 0.03422485
v -0.05343462 -0.1952242 0.05318054
v -0.05328231 -0.1439139 0.0531839
v -0.06246718 -0.1438859 0.04203064
v -0.06261949 -0.1951962 0.04202759
v -0.0616118 0.1442495 0.04204803
v -0.05242692 0.1442215 0.05320129
v -0.05227461 0.1955319 0.05320435
v -0.06145948 0.1955598 0.04205139
v -0.06945197 -0.1951752 0.02929687
v -0.06929965 -0.1438648 0.02929993
v -0.06829195 0.1955809 0.02932068
v -0.06844428 0.1442705 0.02931763
v -0.07351725 -0.1438515 0.01548096
v -0.07366957 -0.1951618 0.01547791
v -0.07266188 0.1442839 0.01549866
v -0.07250955 0.1955942 0.01550171
v -0.07431196 -0.195159 0.0002099609
v -0.07415963 -0.1438486 0.0002130126
v -0.07315195 0.1955971 0.0002334594
v -0.07330427 0.1442867 0.0002304077
v -0.07246263 -0.1951637 -0.01363251
v -0.0723103 -0.1438533 -0.01362946
v -0.07130262 0.1955924 -0.01360901
v -0.07145493 0.1442821 -0.01361206
v -0.06877058 -0.1951738 -0.02747772
v -0.06861825 -0.1438634 -0.02747467
v -0.06761057 0.1955823 -0.02745422
v -0.06776288 0.1442719 -0.02745728
v -0.06122233 -0.1438846 -0.04040283
v -0.06137465 -0.1951949 -0.04040588
v -0.06036695 0.1442508 -0.04038544
v -0.06021464 0.1955611 -0.04038239
v -0.05197786 -0.1439114 -0.05148865
v -0.05213017 -0.1952217 -0.0514917
v -0.05112247 0.144224 -0.05147095
v -0.05097016 0.1955344 -0.0514679
v -0.0410457 -0.1952541 -0.06073486
v -0.04089339 -0.1439437 -0.06073181
v -0.03988569 0.195502 -0.06071106
v -0.04003801 0.1441917 -0.06071411
v -0.02812383 -0.1952921 -0.06721283
v -0.02797152 -0.1439817 -0.06720978
v -0.02696382 0.195464 -0.06718903
v -0.02711614 0.1441537 -0.06719238
v -0.01429559 -0.1953328 -0.07184723
v -0.01414327 -0.1440224 -0.07184387
v -0.01313557 0.1954233 -0.07182343
v -0.01328789 0.1441129 -0.07182648
v -0.0004938644 -0.1953737 -0.07279083
v -0.0003415447 -0.1440633 -0.07278778
v 0.0006661552 0.1953824 -0.07276703
v 0.0005138248 0.144072 -0.07277008
v 0.01419767 -0.1954174 -0.07189056
v 0.01434998 -0.1441071 -0.07188751
v 0.01535768 0.1953387 -0.07186676
v 0.01520536 0.1440283 -0.07186981
v 0.02795313 -0.1954585 -0.06729858
v 0.02810544 -0.1441482 -0.06729523
v 0.02911314 0.1952976 -0.06727478
v 0.02896081 0.1439872 -0.06727783
v 0.0408043 -0.1954971 -0.06085968
v 0.04095662 -0.1441867 -0.06085663
v 0.04196432 0.195259 -0.06083588
v 0.04181199 0.1439487 -0.06083893
v 0.05183252 -0.1955303 -0.05165009
v 0.05198484 -0.14422 -0.05164703
v 0.05299253 0.1952257 -0.05162628
v 0.05284021 0.1439154 -0.05162933
v 0.06110592 -0.1442477 -0.04058929
v 0.06095359 -0.1955581 -0.04059265
v 0.06196129 0.1438876 -0.0405719
v 0.06211361 0.195198 -0.04056885
v 0.06663612 -0.1955758 -0.02734436
v 0.06678844 -0.1442654 -0.027341
v 0.06779614 0.1951803 -0.02732056
v 0.06764382 0.14387 -0.02732361
v 0.07100606 -0.1442787 -0.01352203
v 0.07085374 -0.1955891 -0.01352539
v 0.07186143 0.1438566 -0.01350464
v 0.07201375 0.1951669 -0.01350159
v 0.07229437 -0.1955943 0.0008511352
v 0.07244669 -0.1442839 0.000854187
v 0.07345439 0.1951618 0.0008746337
v 0.07330206 0.1438514 0.000871582
v 0.07105494 -0.1442806 0.01523499
v 0.07090262 -0.195591 0.01523193
v 0.07191032 0.1438547 0.01525269
v 0.07206264 0.195165 0.01525574
v 0.06673206 -0.1955795 0.02906525
v 0.06688438 -0.1442691 0.0290683
v 0.06789208 0.1951766 0.02908905
v 0.06773975 0.1438662 0.029086
v 0.06113626 -0.1955636 0.04152283
v 0.06128857 -0.1442532 0.04152588
v 0.06229627 0.1951924 0.04154633
v 0.06214394 0.1438821 0.04154327
v 0.05207132 -0.1955373 0.05260864
v 0.05222364 -0.144227 0.05261169
v 0.05323134 0.1952187 0.05263214
v 0.05307902 0.1439083 0.05262909
v 0.04115133 -0.1955055 0.06185181
v 0.04130365 -0.1441952 0.06185486
v 0.04231135 0.1952505 0.06187561
v 0.04215902 0.1439402 0.06187256
v 0.02831973 -0.1954678 0.06833008
v 0.02847204 -0.1441574 0.06833313
v 0.02947974 0.1952882 0.06835388
v 0.02932742 0.1439778 0.06835052
v 0.01452761 -0.1954271 0.07296417
v 0.01467993 -0.1441168 0.07296753
v 0.01568763 0.1953289 0.07298798
v 0.01553529 0.1440185 0.07298492
v -6.44648e-05 -0.1440731 0.07391266
v -0.0002167946 -0.1953834 0.0739093
v 0.0007909047 0.1440622 0.07393005
v 0.000943225 0.1953726 0.07393311
v -0.01407347 -0.1953423 0.07300751
v -0.01392115 -0.1440319 0.07301086
v -0.01291345 0.1954138 0.07303131
v -0.01306577 0.1441034 0.07302826
v -0.02850193 -0.1952992 0.06841461
v -0.02834961 -0.1439888 0.06841797
v -0.02734191 0.1954569 0.06843842
v -0.02749424 0.1441466 0.06843536
v -0.04127652 -0.14395 0.06197906
v -0.04142885 -0.1952604 0.06197601
v -0.04042115 0.1441853 0.06199646
v -0.04026882 0.1954957 0.06199951
v -0.05328231 -0.1439139 0.0531839
v -0.07529541 -0.1438499 0.07502441
v -0.08829994 -0.1438103 0.0592334
v -0.06246718 -0.1438859 0.04203064
v -0.08744456 0.1443251 0.05925079
v -0.07444004 0.1442855 0.07504211
v -0.05242692 0.1442215 0.05320129
v -0.0616118 0.1442495 0.04204803
v -0.06929965 -0.1438648 0.02929993
v -0.0979738 -0.1437804 0.0412085
v -0.06844428 0.1442705 0.02931763
v -0.09711842 0.1443549 0.04122589
v -0.1039453 -0.1437616 0.02164276
v -0.07351725 -0.1438515 0.01548096
v -0.10309 0.1443739 0.02166016
v -0.07266188 0.1442839 0.01549866
v -0.07415963 -0.1438486 0.0002130126
v -0.1048549 -0.1437576 2.502441e-05
v -0.07330427 0.1442867 0.0002304077
v -0.1039995 0.1443779 4.241943e-05
v -0.0723103 -0.1438533 -0.01362946
v -0.1022365 -0.1437641 -0.01957397
v -0.07145493 0.1442821 -0.01361206
v -0.1013811 0.1443713 -0.01955658
v -0.06861825 -0.1438634 -0.02747467
v -0.09700905 -0.1437785 -0.03917694
v -0.06776288 0.1442719 -0.02745728
v -0.09615367 0.144357 -0.03915955
v -0.08653741 -0.1438084 -0.05748138
v -0.06122233 -0.1438846 -0.04040283
v -0.08568203 0.144327 -0.05746399
v -0.06036695 0.1442508 -0.04038544
v -0.07344848 -0.1438464 -0.07317718
v -0.05197786 -0.1439114 -0.05148865
v -0.0725931 0.1442891 -0.07315979
v -0.05112247 0.144224 -0.05147095
v -0.04089339 -0.1439437 -0.06073181
v -0.05775438 -0.1438921 -0.08626435
v -0.04003801 0.1441917 -0.06071411
v -0.05689901 0.1442433 -0.08624665
v -0.02797152 -0.1439817 -0.06720978
v -0.03945876 -0.1439459 -0.09543641
v -0.02711614 0.1441537 -0.06719238
v -0.03860339 0.1441895 -0.09541871
v -0.01414327 -0.1440224 -0.07184387
v -0.01987985 -0.1440036 -0.1019977
v -0.01328789 0.1441129 -0.07182648
v -0.01902448 0.1441318 -0.1019803
v -0.0003415447 -0.1440633 -0.07278778
v -0.0003384846 -0.1440615 -0.103334
v 0.0005138248 0.144072 -0.07277008
v 0.000516895 0.1440739 -0.1033163
v 0.01434998 -0.1441071 -0.07188751
v 0.02046272 -0.1441234 -0.1020593
v 0.01520536 0.1440283 -0.07186981
v 0.02131809 0.144012 -0.1020419
v 0.02810544 -0.1441482 -0.06729523
v 0.03993859 -0.1441816 -0.09555756
v 0.02896081 0.1439872 -0.06727783
v 0.04079395 0.1439538 -0.09554017
v 0.04095662 -0.1441867 -0.06085663
v 0.05813412 -0.1442361 -0.08644104
v 0.04181199 0.1439487 -0.06083893
v 0.0589895 0.1438993 -0.08642334
v 0.05198484 -0.14422 -0.05164703
v 0.07374857 -0.1442833 -0.07340149
v 0.05284021 0.1439154 -0.05162933
v 0.07460394 0.1438521 -0.07338409
v 0.08666279 -0.1443226 -0.05774536
v 0.06110592 -0.1442477 -0.04058929
v 0.08751815 0.1438128 -0.05772797
v 0.06196129 0.1438876 -0.0405719
v 0.06678844 -0.1442654 -0.027341
v 0.09470849 -0.1443476 -0.03898773
v 0.06764382 0.14387 -0.02732361
v 0.09556385 0.1437878 -0.03897034
v 0.10068 -0.1443665 -0.019422
v 0.07100606 -0.1442787 -0.01352203
v 0.1015354 0.1437688 -0.0194046
v 0.07186143 0.1438566 -0.01350464
v 0.07244669 -0.1442839 0.000854187
v 0.1027198 -0.1443738 0.0009329223
v 0.07330206 0.1438514 0.000871582
v 0.1035752 0.1437616 0.0009503173
v 0.1007492 -0.1443691 0.02129456
v 0.07105494 -0.1442806 0.01523499
v 0.1016046 0.1437662 0.02131195
v 0.07191032 0.1438547 0.01525269
v 0.06688438 -0.1442691 0.0290683
v 0.09484432 -0.1443528 0.04088043
v 0.06773975 0.1438662 0.029086
v 0.09569969 0.1437825 0.04089813
v 0.06128857 -0.1442532 0.04152588
v 0.08692141 -0.1443304 0.05851868
v 0.06214394 0.1438821 0.04154327
v 0.08777678 0.143805 0.05853607
v 0.05222364 -0.144227 0.05261169
v 0.07408669 -0.1442932 0.07421448
v 0.05307902 0.1439083 0.05262909
v 0.07494206 0.1438421 0.07423187
v 0.04130365 -0.1441952 0.06185486
v 0.05862546 -0.1442481 0.08730164
v 0.04215902 0.1439402 0.06187256
v 0.05948084 0.1438872 0.08731934
v 0.02847204 -0.1441574 0.06833313
v 0.04045764 -0.1441947 0.096474
v 0.02932742 0.1439778 0.06835052
v 0.04131302 0.1439406 0.0964914
v 0.01467993 -0.1441168 0.07296753
v 0.02092988 -0.1441372 0.1030356
v 0.01553529 0.1440185 0.07298492
v 0.02178524 0.1439981 0.103053
v 5.381464e-05 -0.1440752 0.1043738
v -6.44648e-05 -0.1440731 0.07391266
v 0.0009091848 0.1440601 0.1043912
v 0.0007909047 0.1440622 0.07393005
v -0.01392115 -0.1440319 0.07301086
v -0.01956536 -0.144017 0.1030969
v -0.01306577 0.1441034 0.07302826
v -0.01870999 0.1441183 0.1031143
v -0.02834961 -0.1439888 0.06841797
v -0.0399941 -0.143956 0.09659394
v -0.02749424 0.1441466 0.06843536
v -0.03913873 0.1441795 0.09661133
v -0.05829685 -0.1439011 0.08747742
v -0.04127652 -0.14395 0.06197906
v -0.05744148 0.1442343 0.08749482
v -0.04042115 0.1441853 0.06199646
v -0.07529541 -0.1438499 0.07502441
v -0.07528323 -0.1397436 0.07502472
v -0.08828774 -0.1397041 0.0592334
v -0.08829994 -0.1438103 0.0592334
v -0.08745675 0.1402189 0.05925049
v -0.07445223 0.1401793 0.07504181
v -0.07444004 0.1442855 0.07504211
v -0.08744456 0.1443251 0.05925079
v -0.0979738 -0.1437804 0.0412085
v -0.09796161 -0.1396743 0.0412088
v -0.09711842 0.1443549 0.04122589
v -0.09713063 0.1402487 0.04122559
v -0.1039332 -0.1396553 0.02164276
v -0.1039453 -0.1437616 0.02164276
v -0.1031022 0.1402676 0.02165985
v -0.10309 0.1443739 0.02166016
v -0.1048549 -0.1437576 2.502441e-05
v -0.1048427 -0.1396513 2.532958e-05
v -0.1039995 0.1443779 4.241943e-05
v -0.1040117 0.1402716 4.241943e-05
v -0.1022365 -0.1437641 -0.01957397
v -0.1022243 -0.1396579 -0.01957367
v -0.1013811 0.1443713 -0.01955658
v -0.1013933 0.140265 -0.01955658
v -0.09700905 -0.1437785 -0.03917694
v -0.09699685 -0.1396722 -0.03917664
v -0.09615367 0.144357 -0.03915955
v -0.09616586 0.1402507 -0.03915955
v -0.08652523 -0.1397022 -0.05748108
v -0.08653741 -0.1438084 -0.05748138
v -0.08569422 0.1402208 -0.05746429
v -0.08568203 0.144327 -0.05746399
v -0.07343629 -0.1397401 -0.07317688
v -0.07344848 -0.1438464 -0.07317718
v -0.07260529 0.1401828 -0.07316009
v -0.0725931 0.1442891 -0.07315979
v -0.05775438 -0.1438921 -0.08626435
v -0.05774219 -0.1397859 -0.08626404
v -0.05689901 0.1442433 -0.08624665
v -0.0569112 0.1401371 -0.08624695
v -0.03945876 -0.1439459 -0.09543641
v -0.03944658 -0.1398397 -0.0954361
v -0.03860339 0.1441895 -0.09541871
v -0.03861558 0.1400833 -0.09541901
v -0.01987985 -0.1440036 -0.1019977
v -0.01986766 -0.1398974 -0.1019977
v -0.01902448 0.1441318 -0.1019803
v -0.01903667 0.1400256 -0.1019806
v -0.0003384846 -0.1440615 -0.103334
v -0.0003262943 -0.1399553 -0.1033337
v 0.000516895 0.1440739 -0.1033163
v 0.0005047047 0.1399676 -0.1033166
v 0.02046272 -0.1441234 -0.1020593
v 0.02047492 -0.1400172 -0.102059
v 0.02131809 0.144012 -0.1020419
v 0.0213059 0.1399058 -0.1020419
v 0.03993859 -0.1441816 -0.09555756
v 0.03995078 -0.1400754 -0.09555726
v 0.04079395 0.1439538 -0.09554017
v 0.04078177 0.1398476 -0.09554017
v 0.05813412 -0.1442361 -0.08644104
v 0.05814631 -0.1401299 -0.08644074
v 0.0589895 0.1438993 -0.08642334
v 0.05897731 0.1397931 -0.08642365
v 0.07374857 -0.1442833 -0.07340149
v 0.07376075 -0.1401771 -0.07340118
v 0.07460394 0.1438521 -0.07338409
v 0.07459175 0.1397459 -0.07338409
v 0.08667498 -0.1402164 -0.05774536
v 0.08666279 -0.1443226 -0.05774536
v 0.08750597 0.1397066 -0.05772827
v 0.08751815 0.1438128 -0.05772797
v 0.09470849 -0.1443476 -0.03898773
v 0.09472067 -0.1402414 -0.03898743
v 0.09556385 0.1437878 -0.03897034
v 0.09555167 0.1396816 -0.03897064
v 0.1006922 -0.1402602 -0.01942169
v 0.10068 -0.1443665 -0.019422
v 0.1015232 0.1396626 -0.01940491
v 0.1015354 0.1437688 -0.0194046
v 0.1027198 -0.1443738 0.0009329223
v 0.102732 -0.1402676 0.0009332275
v 0.1035752 0.1437616 0.0009503173
v 0.103563 0.1396553 0.0009500122
v 0.1007614 -0.1402629 0.02129456
v 0.1007492 -0.1443691 0.02129456
v 0.1015924 0.1396599 0.02131165
v 0.1016046 0.1437662 0.02131195
v 0.09484432 -0.1443528 0.04088043
v 0.09485651 -0.1402466 0.04088074
v 0.09569969 0.1437825 0.04089813
v 0.0956875 0.1396762 0.04089783
v 0.08692141 -0.1443304 0.05851868
v 0.0869336 -0.1402241 0.05851868
v 0.08777678 0.143805 0.05853607
v 0.08776459 0.1396987 0.05853577
v 0.07408669 -0.1442932 0.07421448
v 0.07409888 -0.140187 0.07421478
v 0.07494206 0.1438421 0.07423187
v 0.07492987 0.1397359 0.07423157
v 0.05862546 -0.1442481 0.08730164
v 0.05863765 -0.1401419 0.08730195
v 0.05948084 0.1438872 0.08731934
v 0.05946864 0.139781 0.08731904
v 0.04045764 -0.1441947 0.096474
v 0.04046983 -0.1400885 0.09647431
v 0.04131302 0.1439406 0.0964914
v 0.04130082 0.1398343 0.0964914
v 0.02092988 -0.1441372 0.1030356
v 0.02094207 -0.1400309 0.1030359
v 0.02178524 0.1439981 0.103053
v 0.02177305 0.1398919 0.1030527
v 6.600499e-05 -0.139969 0.1043738
v 5.381464e-05 -0.1440752 0.1043738
v 0.000896995 0.1399538 0.1043909
v 0.0009091848 0.1440601 0.1043912
v -0.01956536 -0.144017 0.1030969
v -0.01955317 -0.1399107 0.1030972
v -0.01870999 0.1441183 0.1031143
v -0.01872218 0.1400121 0.103114
v -0.0399941 -0.143956 0.09659394
v -0.03998192 -0.1398497 0.09659424
v -0.03913873 0.1441795 0.09661133
v -0.03915092 0.1400732 0.09661103
v -0.05828465 -0.1397948 0.08747773
v -0.05829685 -0.1439011 0.08747742
v -0.05745367 0.1401281 0.08749451
v -0.05744148 0.1442343 0.08749482
v -0.07528323 -0.1397436 0.07502472
v -0.157376 -0.1395049 0.1564749
v -0.184625 -0.139422 0.1233865
v -0.08828774 -0.1397041 0.0592334
v -0.183794 0.140501 0.1234036
v -0.156545 0.1404181 0.1564917
v -0.07445223 0.1401793 0.07504181
v -0.08745675 0.1402189 0.05925049
v -0.09796161 -0.1396743 0.0412088
v -0.2048951 -0.1393595 0.08561829
v -0.09713063 0.1402487 0.04122559
v -0.2040641 0.1405635 0.08563538
v -0.2174076 -0.1393199 0.04462097
v -0.1039332 -0.1396553 0.02164276
v -0.2165766 0.1406031 0.04463806
v -0.1031022 0.1402676 0.02165985
v -0.1048427 -0.1396513 2.532958e-05
v -0.2193134 -0.1393115 -0.000675354
v -0.1040117 0.1402716 4.241943e-05
v -0.2184824 0.1406115 -0.0006582641
v -0.1022243 -0.1396579 -0.01957367
v -0.213827 -0.1393253 -0.04174225
v -0.1013933 0.140265 -0.01955658
v -0.212996 0.1405978 -0.04172516
v -0.09699685 -0.1396722 -0.03917664
v -0.205603 -0.1393472 -0.08306519
v -0.09616586 0.1402507 -0.03915955
v -0.204772 0.1405758 -0.08304841
v -0.1952942 -0.1393751 -0.1269589
v -0.08652523 -0.1397022 -0.05748108
v -0.1944632 0.1405479 -0.1269418
v -0.08569422 0.1402208 -0.05746429
v -0.1852312 -0.139402 -0.1767474
v -0.07343629 -0.1397401 -0.07317688
v -0.1844002 0.140521 -0.1767307
v -0.07260529 0.1401828 -0.07316009
v -0.05774219 -0.1397859 -0.08626404
v -0.1688159 -0.1394474 -0.2305725
v -0.0569112 0.1401371 -0.08624695
v -0.167985 0.1404756 -0.2305554
v -0.03944658 -0.1398397 -0.0954361
v -0.1422138 -0.1395231 -0.2847934
v -0.03861558 0.1400833 -0.09541901
v -0.1413828 0.1403999 -0.2847763
v -0.01986766 -0.1398974 -0.1019977
v -0.1102822 -0.1396154 -0.3261703
v -0.01903667 0.1400256 -0.1019806
v -0.1094512 0.1403077 -0.3261532
v -0.0003262943 -0.1399553 -0.1033337
v -0.0003148847 -0.1399485 -0.2172488
v 0.0005047047 0.1399676 -0.1033166
v 0.0005161148 0.1399746 -0.2172318
v 0.02047492 -0.1400172 -0.102059
v 0.04327094 -0.140078 -0.2145779
v 0.0213059 0.1399058 -0.1020419
v 0.04410194 0.139845 -0.2145609
v 0.03995078 -0.1400754 -0.09555726
v 0.08407972 -0.1402 -0.2009543
v 0.04078177 0.1398476 -0.09554017
v 0.08491071 0.1397231 -0.2009375
v 0.05814631 -0.1401299 -0.08644074
v 0.1222058 -0.1403143 -0.1818521
v 0.05897731 0.1397931 -0.08642365
v 0.1230368 0.1396087 -0.181835
v 0.07376075 -0.1401771 -0.07340118
v 0.1549235 -0.1404131 -0.1545297
v 0.07459175 0.1397459 -0.07338409
v 0.1557545 0.1395099 -0.1545126
v 0.1819833 -0.1404955 -0.1217249
v 0.08667498 -0.1402164 -0.05774536
v 0.1828143 0.1394276 -0.1217081
v 0.08750597 0.1397066 -0.05772827
v 0.09472067 -0.1402414 -0.03898743
v 0.1988419 -0.1405479 -0.08242096
v 0.09555167 0.1396816 -0.03897064
v 0.1996729 0.1393752 -0.08240387
v 0.2322132 -0.1406489 -0.04914093
v 0.1006922 -0.1402602 -0.01942169
v 0.2330442 0.1392739 -0.04912415
v 0.1015232 0.1396626 -0.01940491
v 0.102732 -0.1402676 0.0009332275
v 0.2214907 -0.14062 0.001216735
v 0.103563 0.1396553 0.0009500122
v 0.2223217 0.1393027 0.001233825
v 0.2114994 -0.140593 0.0438913
v 0.1007614 -0.1402629 0.02129456
v 0.2123304 0.1393298 0.04390839
v 0.1015924 0.1396599 0.02131165
v 0.09485651 -0.1402466 0.04088074
v 0.1991265 -0.1405588 0.08493103
v 0.0956875 0.1396762 0.04089783
v 0.1999575 0.139364 0.08494812
v 0.0869336 -0.1402241 0.05851868
v 0.1825252 -0.1405117 0.121889
v 0.08776459 0.1396987 0.05853577
v 0.1833562 0.1394111 0.1219061
v 0.07409888 -0.140187 0.07421478
v 0.155632 -0.1404339 0.1547775
v 0.07492987 0.1397359 0.07423157
v 0.156463 0.1394889 0.1547946
v 0.05863765 -0.1401419 0.08730195
v 0.1232353 -0.1403394 0.1822
v 0.05946864 0.139781 0.08731904
v 0.1240663 0.1395834 0.1822171
v 0.04046983 -0.1400885 0.09647431
v 0.08516732 -0.1402276 0.2014191
v 0.04130082 0.1398343 0.0964914
v 0.08599831 0.1396952 0.2014362
v 0.02094207 -0.1400309 0.1030359
v 0.04424978 -0.1401069 0.2151679
v 0.02177305 0.1398919 0.1030527
v 0.04508078 0.1398159 0.2151846
v 0.0005071246 -0.1399772 0.2179715
v 6.600499e-05 -0.139969 0.1043738
v 0.001338115 0.1399456 0.2179886
v 0.000896995 0.1399538 0.1043909
v -0.01955317 -0.1399107 0.1030972
v -0.04060194 -0.139855 0.2152963
v -0.01872218 0.1400121 0.103114
v -0.03977095 0.1400678 0.2153134
v -0.03998192 -0.1398497 0.09659424
v -0.08340736 -0.1397272 0.2016702
v -0.03915092 0.1400732 0.09661103
v -0.08257637 0.1401958 0.2016873
v -0.121758 -0.1396122 0.1825681
v -0.05828465 -0.1397948 0.08747773
v -0.120927 0.1403108 0.1825848
v -0.05745367 0.1401281 0.08749451
v 0.2642608 -0.1422077 -0.09070771
v 0.2716778 -0.1407658 -0.05331268
v 0.2725087 0.1391571 -0.05329559
v 0.2651005 0.1406475 -0.09069062
v -0.04940791 -0.1397904 -0.4195526
v 0.04301577 -0.1400681 -0.3645776
v -0.04857693 0.1401326 -0.4195355
v 0.04384676 0.1398549 -0.3645608
v 0.08382454 -0.1401901 -0.3509543
v 0.08465554 0.1397329 -0.3509372
v 0.1219506 -0.1403045 -0.3318518
v 0.1227816 0.1396186 -0.3318347
v 0.1546683 -0.1404033 -0.3045294
v 0.1554993 0.1395198 -0.3045126
v 0.1817281 -0.1404856 -0.2717249
v 0.1825591 0.1394374 -0.2717078
v 0.1985867 -0.140538 -0.2324207
v 0.1994177 0.139385 -0.2324039
v 0.2640056 -0.1421979 -0.2407077
v 0.2648454 0.1406574 -0.2406903
v -0.07219446 -0.1397261 -0.3648736
v -0.07136348 0.140197 -0.3648569
v -0.157376 -0.1395049 0.1564749
v -0.1569605 0.0004566192 0.1564835
v -0.1842095 0.0005395126 0.1233951
v -0.184625 -0.139422 0.1233865
v -0.156545 0.1404181 0.1564917
v -0.183794 0.140501 0.1234036
v -0.2048951 -0.1393595 0.08561829
v -0.2044796 0.0006019973 0.08562684
v -0.2040641 0.1405635 0.08563538
v -0.2169921 0.000641632 0.04462952
v -0.2174076 -0.1393199 0.04462097
v -0.2165766 0.1406031 0.04463806
v -0.2193134 -0.1393115 -0.000675354
v -0.2188979 0.0006500244 -0.000666809
v -0.2184824 0.1406115 -0.0006582641
v -0.213827 -0.1393253 -0.04174225
v -0.2134115 0.0006362152 -0.0417337
v -0.212996 0.1405978 -0.04172516
v -0.205603 -0.1393472 -0.08306519
v -0.2051875 0.0006143188 -0.08305695
v -0.204772 0.1405758 -0.08304841
v -0.1948787 0.0005863952 -0.1269504
v -0.1952942 -0.1393751 -0.1269589
v -0.1944632 0.1405479 -0.1269418
v -0.1848157 0.0005595397 -0.1767392
v -0.1852312 -0.139402 -0.1767474
v -0.1844002 0.140521 -0.1767307
v -0.1688159 -0.1394474 -0.2305725
v -0.1684004 0.0005140686 -0.230564
v -0.167985 0.1404756 -0.2305554
v -0.1422138 -0.1395231 -0.2847934
v -0.1417983 0.0004384231 -0.2847849
v -0.1413828 0.1403999 -0.2847763
v -0.1102822 -0.1396154 -0.3261703
v -0.1098667 0.0003461456 -0.3261618
v -0.1094512 0.1403077 -0.3261532
v 0.2214907 -0.14062 0.001216735
v 0.2322132 -0.1406489 -0.04914093
v 0.2326287 -0.0006874465 -0.04913239
v 0.2219062 -0.0006586837 0.00122528
v 0.2330442 0.1392739 -0.04912415
v 0.2223217 0.1393027 0.001233825
v 0.2119149 -0.0006315994 0.04389984
v 0.2114994 -0.140593 0.0438913
v 0.2123304 0.1393298 0.04390839
v 0.1991265 -0.1405588 0.08493103
v 0.199542 -0.0005973815 0.08493958
v 0.1999575 0.139364 0.08494812
v 0.1825252 -0.1405117 0.121889
v 0.1829407 -0.0005503463 0.1218976
v 0.1833562 0.1394111 0.1219061
v 0.155632 -0.1404339 0.1547775
v 0.1560475 -0.0004724884 0.1547861
v 0.156463 0.1394889 0.1547946
v 0.1232353 -0.1403394 0.1822
v 0.1236508 -0.0003779983 0.1822086
v 0.1240663 0.1395834 0.1822171
v 0.08516732 -0.1402276 0.2014191
v 0.08558281 -0.0002661514 0.2014276
v 0.08599831 0.1396952 0.2014362
v 0.04424978 -0.1401069 0.2151679
v 0.04466527 -0.0001454925 0.2151764
v 0.04508078 0.1398159 0.2151846
v 0.0009226149 -1.583099e-05 0.21798
v 0.0005071246 -0.1399772 0.2179715
v 0.001338115 0.1399456 0.2179886
v -0.04060194 -0.139855 0.2152963
v -0.04018647 0.0001063537 0.2153049
v -0.03977095 0.1400678 0.2153134
v -0.08340736 -0.1397272 0.2016702
v -0.08299187 0.0002342605 0.2016788
v -0.08257637 0.1401958 0.2016873
v -0.1213425 0.0003492736 0.1825763
v -0.121758 -0.1396122 0.1825681
v -0.120927 0.1403108 0.1825848
v 0.2716778 -0.1407658 -0.05331268
v 0.2720933 -0.000804367 -0.05330414
v 0.2326287 -0.0006874465 -0.04913239
v 0.2322132 -0.1406489 -0.04914093
v 0.2725087 0.1391571 -0.05329559
v 0.2330442 0.1392739 -0.04912415
v 0.04301577 -0.1400681 -0.3645776
v -0.04940791 -0.1397904 -0.4195526
v -0.04899242 0.0001710891 -0.4195441
v 0.04343126 -0.0001066207 -0.3645691
v -0.04857693 0.1401326 -0.4195355
v 0.04384676 0.1398549 -0.3645608
v 0.08382454 -0.1401901 -0.3509543
v 0.08424003 -0.0002286148 -0.3509457
v 0.08465554 0.1397329 -0.3509372
v 0.1219506 -0.1403045 -0.3318518
v 0.1223661 -0.0003429412 -0.3318432
v 0.1227816 0.1396186 -0.3318347
v 0.1546683 -0.1404033 -0.3045294
v 0.1550838 -0.0004417419 -0.3045212
v 0.1554993 0.1395198 -0.3045126
v 0.1821436 -0.0005240631 -0.2717163
v 0.1817281 -0.1404856 -0.2717249
v 0.1825591 0.1394374 -0.2717078
v 0.1985867 -0.140538 -0.2324207
v 0.1990022 -0.000576477 -0.2324121
v 0.1994177 0.139385 -0.2324039
v 0.264435 -0.0007702255 -0.2407718
v 0.2640056 -0.1421979 -0.2407077
v 0.2648454 0.1406574 -0.2406903
v -0.04940791 -0.1397904 -0.4195526
v -0.07219446 -0.1397261 -0.3648736
v -0.07177898 0.0002354049 -0.3648654
v -0.04899242 0.0001710891 -0.4195441
v -0.07136348 0.140197 -0.3648569
v -0.04857693 0.1401326 -0.4195355
v -0.03095031 -0.2312383 0.02086517
v -0.0006079548 -0.2313271 0.0006594848
v -0.02646385 -0.231252 0.02631287
v 0.0007655048 0.2313269 0.000687561
v -0.02957685 0.2314158 0.02089325
v -0.0250904 0.2314021 0.02634094
v -0.03428771 -0.231228 0.01464661
v -0.03291425 0.2314261 0.01467468
v -0.03634784 -0.2312215 0.007896729
v -0.03497438 0.2314326 0.007924805
v -0.03666163 -0.2312201 0.0004388427
v -0.03528816 0.231434 0.0004669189
v -0.0357583 -0.2312224 -0.006322632
v -0.03438484 0.2314317 -0.006294556
v -0.03395488 -0.2312273 -0.01308563
v -0.03258142 0.2314268 -0.01305756
v -0.03034225 -0.2312376 -0.01940063
v -0.02896879 0.2314164 -0.01937256
v -0.02582669 -0.2312508 -0.02481537
v -0.02445322 0.2314033 -0.02478729
v -0.02041234 -0.2312666 -0.02933044
v -0.01903888 0.2313875 -0.02930237
v -0.01410051 -0.2312851 -0.03249451
v -0.01272706 0.231369 -0.03246643
v -0.007345955 -0.231305 -0.0347583
v -0.005972495 0.2313491 -0.03473022
v -0.0006043547 -0.231325 -0.03521912
v 0.0007691049 0.2313291 -0.03519104
v 0.006571896 -0.2313464 -0.03477936
v 0.007945355 0.2313078 -0.03475128
v 0.01329091 -0.2313664 -0.03253632
v 0.01466436 0.2312877 -0.03250824
v 0.01956822 -0.2313853 -0.02939117
v 0.02094166 0.2312689 -0.0293631
v 0.02495507 -0.2314015 -0.02489288
v 0.02632853 0.2312526 -0.02486481
v 0.02941035 -0.231415 -0.01949158
v 0.03078382 0.231239 -0.0194635
v 0.03218605 -0.2314237 -0.01302032
v 0.03355952 0.2312304 -0.01299225
v 0.03424621 -0.2314302 -0.006270447
v 0.03561965 0.2312239 -0.006242066
v 0.03494988 -0.2314327 0.0007519531
v 0.03632334 0.2312214 0.0007800292
v 0.03427007 -0.2314311 0.007776489
v 0.03564352 0.2312229 0.007804566
v 0.03223292 -0.2314255 0.01453339
v 0.03360637 0.2312286 0.01456177
v 0.02949959 -0.2314177 0.02061859
v 0.03087304 0.2312363 0.02064667
v 0.02507172 -0.2314049 0.02603363
v 0.02644516 0.2312491 0.02606171
v 0.01973773 -0.2313893 0.0305484
v 0.02111118 0.2312647 0.03057648
v 0.01346997 -0.2313709 0.03371277
v 0.01484344 0.2312831 0.03374084
v 0.006733065 -0.2313511 0.03597656
v 0.008106516 0.231303 0.03600464
v -0.0004690146 -0.2313297 0.03643799
v 0.000904445 0.2313243 0.03646637
v -0.007237465 -0.2313096 0.03599762
v -0.005864005 0.2313444 0.0360257
v -0.0142852 -0.2312885 0.03375427
v -0.01291174 0.2313655 0.03378235
v -0.0205995 -0.2312696 0.03060913
v -0.01922604 0.2313845 0.03063721
v 0.2716778 -0.1407658 -0.05331268
v 0.2642608 -0.1422077 -0.09070771
v 0.2646807 -0.0007800674 -0.09069916
v 0.2720933 -0.000804367 -0.05330414
v 0.2651005 0.1406475 -0.09069062
v 0.2725087 0.1391571 -0.05329559
v 0.2640056 -0.1421979 -0.2407077
v 0.2644255 -0.0007701873 -0.2406989
v 0.2648454 0.1406574 -0.2406903
v 0.2772281 0.08999539 -0.5199872
v 0.2746003 0.01879913 -0.5243469
v 0.282952 0.02310825 -0.5422916
v 0.283432 0.08440571 -0.5422885
v 0.2704757 0.01984051 -0.5929248
v 0.2764757 0.07885677 -0.5924304
v 0.2839641 0.0788332 -0.5701529
v 0.2837987 0.02310745 -0.5701562
v 0.2853856 0.1401261 -0.5422882
v 0.2847139 0.117838 -0.547861
v 0.2841201 0.1345593 -0.575722
v 0.2846855 0.1178391 -0.5645788
v 0.2916729 0.09552075 -0.4475674
v 0.2911475 0.01822697 -0.4463278
v 0.3011597 0.179082 -0.4475781
v 0.2898864 0.1791242 -0.5924466
v 0.2939592 0.1508865 -0.6754261
v 0.2883728 0.09026299 -0.6693808
v 0.2822038 0.01799061 -0.6658362
v 0.2812612 0.2313059 -0.6526941
v 0.2823109 0.2368953 -0.5709717
v 0.30068 0.1508713 -0.7540589
v 0.2773402 0.2261058 -0.7601837
v 0.3218825 0.1508174 -0.9039997
v 0.3273844 0.1508068 -0.9983545
v 0.2921025 0.2389853 -0.991236
v 0.2821158 0.2361225 -0.9003366
v 0.3147052 0.1508503 -1.093727
v 0.2844043 0.2293249 -1.099541
v 0.2779059 0.1509646 -1.177527
v 0.2455808 0.2317459 -1.17369
v 0.3553694 0.09532387 -0.3195059
v 0.4309182 0.09470658 -0.2185483
v 0.4376654 0.02301521 -0.2161212
v 0.3572405 0.02287422 -0.3195139
v 0.3609939 0.1733229 -0.3027924
v 0.4236742 0.1753955 -0.2094986
v 0.340707 0.2569715 -0.2860346
v 0.392639 0.24984 -0.2009406
v 0.5007115 0.02342052 -0.1064612
v 0.4897508 0.09517697 -0.1055255
v 0.4511691 0.09197659 -0.07910828
v 0.4631695 0.01244244 -0.07555756
v 0.4657594 0.1795403 -0.1048721
v 0.4286947 0.1741626 -0.08174683
v 0.4269548 0.2400218 -0.1048569
v 0.4001838 0.2277086 -0.08126221
v -0.3097344 0.3827545 -0.9592581
v -0.2383875 0.3652641 -1.071603
v -0.26323 0.3320586 -1.070383
v -0.3408652 0.3496783 -0.9586295
v -0.3288567 0.4125431 -0.691258
v -0.3771788 0.3880118 -0.8062894
v -0.3960628 0.3558956 -0.8063986
v -0.3769917 0.3777961 -0.704979
v -0.2723041 0.4070601 -0.6091113
v -0.3183679 0.3761639 -0.6076486
v -0.1496098 0.2929404 -1.181954
v -0.1738418 0.2595984 -1.180607
v 0.2103893 0.3751242 -0.1748566
v 0.1042055 0.3990873 -0.2429584
v 0.09164946 0.3839605 -0.211312
v 0.1664361 0.3645176 -0.1571176
v 0.2872041 0.02265358 -0.554509
v 0.2878173 0.08519848 -0.5545416
v 0.2909074 0.1549528 -0.55513
v 0.287947 0.1300308 -0.5531103
v 0.2965344 0.1833093 -0.5164786
v 0.2811833 0.238934 -0.5111255
v 0.2799077 0.2515895 -0.4531097
v -0.1559497 0.3935908 -0.4313031
v -0.2131874 0.3957481 -0.5169333
v -0.245031 0.3825161 -0.5133584
v -0.184563 0.3749445 -0.4305984
v -0.3857769 0.2970566 -0.820748
v -0.3702145 0.3272653 -0.6958506
v -0.04440842 0.3093527 -1.188139
v -0.03970746 0.34364 -1.149621
v 0.04426037 0.3599119 -1.120979
v -0.1553672 0.3861809 -1.047872
v -0.01378144 0.3933642 -1.006131
v -0.1836216 0.3907618 -0.9384857
v -0.03797178 0.3892885 -0.9087751
v -0.04380609 0.3709243 -0.7980002
v -0.1965647 0.3841931 -0.8035416
v -0.180901 0.3877165 -0.6971967
v -0.04558494 0.365559 -0.6974283
v -0.1674102 0.388608 -0.6183356
v -0.04106635 0.3610348 -0.6252673
v 0.04730512 0.4010278 -0.2460849
v -0.0004583948 0.3763445 -0.2251206
v -0.02811266 0.3928964 -0.2415018
v -0.03845342 0.3620086 -0.2416275
v -0.02143223 0.3594397 -0.5314612
v -0.1061891 0.3780994 -0.5264529
v -0.06474065 0.3869985 -0.4374283
v 0.006999375 0.3754432 -0.4420444
v 0.06869686 0.3320373 -0.5921515
v 0.06779895 0.3311924 -0.6706687
v 0.1621311 0.3025707 -0.5732608
v 0.1642363 0.3025692 -0.6516095
v 0.06507376 0.345579 -0.774574
v 0.1771196 0.3085502 -0.7505899
v 0.07256353 0.3619652 -0.9051367
v 0.08524969 0.3744775 -0.999426
v 0.1840252 0.3195521 -0.8884793
v 0.2183367 0.3172542 -0.9944611
v 0.1332941 0.336091 -1.117419
v 0.2166324 0.297981 -1.114809
v 0.2745864 0.3445586 -0.1827289
v 0.1951396 0.3703792 -0.2589578
v 0.3323508 0.3117382 -0.1942951
v 0.278638 0.3240266 -0.2747794
v 0.3646001 0.2967943 -0.1041391
v 0.3250061 0.3207394 -0.1072293
v 0.3010602 0.3085719 -0.08710053
v 0.3450551 0.2860142 -0.08332856
v 0.0710557 0.334336 -0.5161459
v 0.175266 0.3108265 -0.5028512
v 0.101902 0.3526953 -0.440499
v 0.212177 0.3146858 -0.4400525
v 0.08249753 0.3077279 -1.185161
v 0.1609058 0.2832876 -1.185743
v -0.2514097 0.2304113 -1.095922
v -0.3364228 0.2390782 -0.980466
v -0.2315149 0.1514256 -1.127391
v -0.3263787 0.1516998 -1.006677
v -0.1697189 0.1958405 -1.191939
v -0.1624039 0.159319 -1.200723
v 0.2762603 0.2318054 -0.8310834
v 0.3106843 0.1508462 -0.8295523
v -0.3431195 0.3853569 -0.8835385
v -0.368188 0.3527558 -0.8832752
v -0.188948 0.3838768 -0.8731793
v -0.04195511 0.3750945 -0.85409
v 0.06885609 0.353854 -0.8405081
v 0.1739941 0.3161136 -0.822681
v -0.3578562 0.2108978 -0.9480826
v -0.3766178 0.2688397 -0.9026447
v -0.3565579 0.1871892 -0.9560041
v -0.3623218 0.1867119 -0.9399869
v -0.3766426 0.2529812 -0.8895865
v -0.3611159 0.1839091 -0.92693
v -0.3062317 0.3368002 -0.5978668
v -0.2542815 0.3413486 -0.5265732
v -0.1880883 0.3434231 -0.4396316
v 0.249291 0.2698937 -0.570751
v 0.250179 0.2667053 -0.6514597
v 0.2485707 0.263277 -0.7565613
v 0.2747854 0.2653514 -0.9930799
v 0.2555169 0.267011 -0.8947376
v 0.2659803 0.2601294 -1.105388
v 0.3726109 0.2750633 -0.2000928
v 0.3176201 0.2831685 -0.2822253
v 0.4049319 0.2639771 -0.1048895
v 0.3782925 0.2561164 -0.08253235
v 0.2525611 0.2742377 -0.4973904
v 0.2575209 0.2780365 -0.449053
v 0.2145448 0.25728 -1.183097
v 0.2481046 0.2655968 -0.8279267
v -0.3072749 0.271787 -0.7698526
v -0.2647948 0.2903451 -0.6823014
v -0.3405018 0.2445263 -0.8492978
v -0.232799 0.3089134 -0.6051126
v -0.2062073 0.3140757 -0.5547385
v -0.1491826 0.3192009 -0.4547162
v -0.1394718 0.155217 -0.5167804
v -0.1803494 0.1543348 -0.5840674
v -0.1858091 -0.006421433 -0.5822995
v -0.1417373 -0.006104279 -0.5158548
v -0.1829646 -0.1418729 -0.5789453
v -0.1400462 -0.1413266 -0.5121365
v -0.08125085 0.002106933 -0.4282861
v -0.07944573 0.1449056 -0.4264279
v -0.08253321 -0.1419021 -0.4217395
v 0.3218343 0.09474633 -0.3818838
v 0.3239463 0.02272289 -0.3785361
v 0.3064905 0.2483378 -0.3676895
v 0.3269942 0.1695476 -0.3735608
v -0.08888004 0.3999302 -0.3345331
v -0.1050131 0.3850737 -0.3322897
v -0.004896005 0.404388 -0.3392209
v 0.05716671 0.3951826 -0.3419153
v 0.1521606 0.3723105 -0.3472732
v 0.244168 0.3196133 -0.3552875
v -0.1216555 0.3516218 -0.3449673
v -0.07044998 0.351581 -0.2855545
v 0.2854999 0.2775629 -0.3640781
v -0.09961471 0.3026269 -0.3954486
v 0.2623051 0.3463552 -0.1041885
v 0.2475674 0.3303058 -0.09094025
v -0.09876112 -0.005462685 -0.3813333
v -0.09950534 0.1449624 -0.3805453
v -0.09975807 -0.1418536 -0.3790094
v -0.1020165 -0.006231003 -0.3665631
v -0.1008029 0.1449654 -0.3660373
v -0.1024165 -0.1418465 -0.3650171
v -0.1002102 0.2442274 -0.3528305
v -0.09061184 0.144933 -0.3317331
v -0.08667263 0.2435762 -0.3243375
v -0.05301707 0.1448198 -0.3058942
v -0.06227197 0.2433392 -0.3073178
v -8.477449e-05 0.1446619 -0.2921542
v -0.01779013 0.2445227 -0.2902976
v -0.08307641 0.3263488 -0.3193274
v -0.09977755 0.3364365 -0.3366955
v -0.0657837 0.3199053 -0.3045529
v -0.04968437 0.3080606 -0.2919772
v 0.01993358 0.1445995 -0.24319
v 0.0009400349 0.2467512 -0.2461319
v -0.0260185 0.3083519 -0.2449869
v 0.04568465 0.1445219 -0.2254895
v 0.02514207 0.2501189 -0.2297662
v 0.003152225 0.3098431 -0.2311185
v 0.1091981 0.1443317 -0.1977103
v 0.09775867 0.2485413 -0.2034064
v 0.09302506 0.3106219 -0.2075086
v 0.1632314 0.1441687 -0.1547153
v 0.1555752 0.2474267 -0.1621307
v 0.1532259 0.3087611 -0.166391
v 0.1983179 0.1440616 -0.1066339
v 0.1939484 0.2449855 -0.1156186
v 0.191582 0.3057037 -0.1198804
v 0.213175 0.144016 -0.08236573
v 0.2081551 0.2438647 -0.09171723
v 0.2061892 0.3044265 -0.09553711
v 0.229198 0.143968 -0.07421783
v 0.2181188 0.2459829 -0.08228241
v 0.215907 0.3066955 -0.08602723
v 0.3029986 0.2344428 -0.07799225
v 0.3035266 0.1434444 -0.07362884
v 0.345895 0.1372411 -0.07335144
v 0.3449801 0.2242067 -0.07981293
v 0.3800754 0.1063428 -0.07442322
v 0.3798332 0.1935269 -0.07987427
v 0.4027389 0.07729851 -0.07458374
v 0.4024618 0.1646307 -0.0796167
v 0.4325976 0.01253304 -0.07312134
v 0.427642 0.1121394 -0.07876892
v 0.2792727 0.1438193 -0.07306427
v 0.2797267 0.2402011 -0.07810547
v 0.4058133 0.01241039 -0.07006256
v 0.3819744 0.01248104 -0.06823395
v 0.348732 0.01257965 -0.06698517
v 0.3067589 0.0127042 -0.06572174
v 0.2825821 0.01277592 -0.06508453
v -0.3273835 0.1516961 -0.8966053
v -0.332729 0.199177 -0.872616
v -0.2897162 0.2118787 -0.7890677
v -0.272992 0.1515293 -0.8075937
v -0.2461442 0.2212866 -0.6919882
v -0.2284049 0.1513904 -0.7007444
v -0.2175228 0.2304124 -0.619151
v -0.2022466 0.1519114 -0.6331897
v -0.1932783 0.2342053 -0.5694031
v -0.1443272 0.237209 -0.4857483
v -0.08617722 0.2524553 -0.411738
v -0.0984506 0.246903 -0.3804843
v -0.09948585 0.3006461 -0.3799371
v -0.06518596 0.3237007 -0.2992749
v -0.07511228 0.3312594 -0.3046643
v -0.08869553 0.337577 -0.3164276
v -0.1810484 -0.2247636 -0.5815808
v -0.1395794 -0.2234786 -0.5164355
v -0.1968303 -0.3104731 -0.5708377
v -0.1604933 -0.3081896 -0.5027872
v -0.08192933 -0.2118369 -0.4154199
v -0.09678405 -0.2915997 -0.3965863
v -0.09892426 -0.2177615 -0.3771307
v -0.1003253 -0.29389 -0.3706
v -0.1003109 -0.2210796 -0.3625418
v -0.1006213 -0.3010133 -0.357001
v -0.09234478 -0.2241851 -0.3369159
v -0.09713068 -0.141864 -0.3346768
v -0.09611798 -0.3049138 -0.3308038
v -0.066335 -0.2221131 -0.3113019
v -0.06669003 -0.1419559 -0.3097751
v -0.0686507 -0.3004635 -0.3097821
v -0.2176264 -0.2243034 -0.6488956
v -0.2435671 -0.306351 -0.6487497
v -0.2089189 -0.1455929 -0.6355881
v -0.249676 -0.2179505 -0.7286667
v -0.2945163 -0.293176 -0.7350888
v -0.2334569 -0.1414147 -0.7015982
v -0.2875877 -0.2077403 -0.822125
v -0.3291275 -0.2710726 -0.8247614
v -0.2673078 -0.141308 -0.8041159
v -0.3169402 -0.2019319 -0.8873825
v -0.3526523 -0.2600108 -0.8812085
v -0.2981336 -0.1412119 -0.8802179
v -0.006079624 -0.1421365 -0.2995993
v -0.0181371 -0.2176704 -0.2992218
v 0.003677035 -0.2185624 -0.2551373
v 0.016897 -0.1422073 -0.2556253
v -0.04490402 -0.283638 -0.2999664
v -0.02081133 -0.2835362 -0.2555985
v 0.1150918 -0.1425025 -0.1949921
v 0.1094587 -0.2302004 -0.1998416
v 0.1562781 -0.2400481 -0.1653418
v 0.1535871 -0.1426186 -0.1653308
v 0.09736217 -0.2890111 -0.2004315
v 0.1417971 -0.2982451 -0.1671411
v 0.2012867 -0.1427641 -0.1018192
v 0.2022976 -0.2602209 -0.102597
v 0.2144727 -0.2595409 -0.08511353
v 0.2136059 -0.1428017 -0.08307496
v 0.1866596 -0.302107 -0.1121829
v 0.2062372 -0.305661 -0.08765839
v 0.2318039 -0.2591298 -0.07928894
v 0.2285791 -0.1428467 -0.07473938
v 0.2184586 -0.3100655 -0.08529541
v 0.28239 -0.2595863 -0.08063233
v 0.2782899 -0.1429944 -0.07303558
v 0.2575918 -0.3735465 -0.09236512
v 0.3025138 -0.2491628 -0.0806659
v 0.3000407 -0.1393274 -0.07426941
v 0.308624 -0.3356332 -0.0890979
v 0.3392459 -0.235294 -0.0810257
v 0.3406675 -0.1325472 -0.07451416
v 0.3591275 -0.2999993 -0.09238862
v 0.3786938 -0.1899835 -0.08049378
v 0.3738568 -0.1067613 -0.07486694
v 0.3854525 -0.2633862 -0.08766266
v 0.3997441 -0.1620906 -0.07993164
v 0.3996339 -0.0648632 -0.07401398
v 0.4056635 -0.2250076 -0.08531006
v 0.4313503 -0.109768 -0.07938599
v 0.4294113 -0.1726618 -0.08236695
v 0.4524163 -0.07663345 -0.07882355
v -0.3412521 -0.1410791 -0.9582877
v -0.3463872 -0.2012288 -0.9438919
v -0.3634385 -0.257954 -0.9051667
v -0.2434249 -0.3424979 -0.5218729
v -0.199305 -0.3382876 -0.4568512
v -0.1227384 -0.3263177 -0.3614935
v -0.2947464 -0.3443667 -0.5930463
v -0.3523441 -0.3420915 -0.6754178
v -0.3836968 -0.3295033 -0.7702332
v -0.373398 -0.301028 -0.8349243
v -0.3720444 -0.2760988 -0.8870569
v -0.08174883 -0.3221365 -0.3039252
v -0.051221 -0.3221477 -0.2576868
v -0.1022217 -0.3243948 -0.3302493
v -0.1152832 -0.3250075 -0.3488809
v 0.278887 -0.06560722 -0.5923721
v 0.287611 -0.06594284 -0.6693897
v 0.2971426 -0.06696926 -0.4451855
v 0.2805026 -0.06561649 -0.5185824
v 0.2859664 -0.0621183 -0.5414044
v 0.2859193 -0.06211651 -0.5690729
v 0.4360086 -0.06125114 -0.2144531
v 0.3593602 -0.0623497 -0.318978
v 0.287734 -0.06212284 -0.5534372
v 0.3261795 -0.06224762 -0.3778677
v 0.2858594 -0.1310672 -0.5840344
v 0.2923374 -0.1429775 -0.6698899
v 0.3111573 -0.1620462 -0.4500275
v 0.289503 -0.135954 -0.5360062
v 0.2883436 -0.1185459 -0.5471414
v 0.2862082 -0.1237062 -0.5670383
v 0.417811 -0.1544015 -0.2197388
v 0.3540056 -0.1573692 -0.3225842
v 0.2888841 -0.1324702 -0.5554971
v 0.3285714 -0.15729 -0.3826898
v 0.2897282 -0.1484842 -0.5568921
v 0.3848777 -0.2398826 -0.2197794
v 0.3281242 -0.2427043 -0.3213428
v 0.2958356 -0.2426048 -0.3814368
v 0.2778254 -0.2473592 -0.4487732
v 0.299935 -0.1788041 -0.5179449
v 0.2988083 -0.1740218 -0.5714575
v 0.2947534 -0.2345524 -0.6665607
v 0.2910141 -0.2354377 -0.7408524
v 0.304102 -0.143008 -0.7417035
v 0.2995355 -0.2354583 -0.8185041
v 0.3173795 -0.1430427 -0.8201981
v 0.3119679 -0.2329848 -0.8936579
v 0.3296141 -0.143074 -0.9043619
v 0.3111756 -0.2288001 -0.9888245
v 0.3336259 -0.1430801 -0.9987189
v 0.2874562 -0.2479876 -0.5051333
v 0.2985975 -0.2371733 -0.5851642
v 0.09019531 0.2716733 -1.231538
v -0.03823469 0.2776945 -1.241451
v -0.1347816 0.2792007 -1.198073
v 0.1611161 0.2706708 -1.193213
v 0.2369503 0.2159019 -1.193346
v 0.2140991 0.2346607 -1.196882
v 0.08946052 0.231115 -1.233029
v -0.0375793 0.2287659 -1.244138
v -0.1321801 0.2215878 -1.224904
v 0.1641743 0.2283645 -1.214977
v 0.2388953 0.1811357 -1.200888
v 0.2136045 0.2066841 -1.211486
v 0.09211831 0.1844112 -1.245851
v -0.03210177 0.1805251 -1.253389
v -0.1319254 0.176872 -1.233848
v 0.1652223 0.1832437 -1.230181
v 0.2163616 0.1781241 -1.216261
v 0.09687668 0.1515067 -1.253744
v -0.01763561 0.1579144 -1.252148
v 0.1815487 0.1512541 -1.23397
v 0.2256844 0.1511221 -1.217273
v 0.2480574 0.1510549 -1.204732
v 0.03153296 -0.3623087 -0.4433548
v 0.107593 -0.3851883 -0.3779932
v 0.04900585 -0.4055786 -0.3691626
v -0.02441462 -0.3770444 -0.4336548
v 0.1556217 -0.4300384 -0.3160785
v 0.09264142 -0.4596545 -0.3054944
v -0.02749989 -0.4376968 -0.7402338
v 0.003287325 -0.3578457 -0.6501627
v -0.09823448 -0.3979721 -0.6465991
v -0.1180512 -0.4401115 -0.7212097
v -0.03656643 -0.4814749 -0.8169593
v -0.1258936 -0.484488 -0.8168076
v -0.0367326 -0.4913044 -0.8974716
v -0.1323281 -0.4877424 -0.8960507
v -0.03807823 -0.4725197 -0.9817542
v -0.1172994 -0.4606615 -0.9828766
v -0.003627625 -0.3556396 -0.5786453
v -0.07529753 -0.3721171 -0.5628064
v 0.007851356 -0.3541876 -0.5105527
v -0.05198728 -0.3656336 -0.4994211
v 0.3429518 -0.3164256 -0.2131281
v 0.3096372 -0.3629537 -0.216283
v 0.2312537 -0.3720611 -0.3149967
v 0.2805239 -0.3208539 -0.3142514
v 0.2255866 -0.3206872 -0.3737311
v 0.1777973 -0.3550024 -0.3754349
v 0.1163499 -0.3411027 -0.4434976
v 0.1662062 -0.3239653 -0.4427081
v 0.1888639 -0.3127811 -0.6622589
v 0.1510891 -0.3245901 -0.6584229
v 0.1773621 -0.3309219 -0.7351728
v 0.2113903 -0.3125456 -0.7339719
v 0.1991063 -0.3343539 -0.8236405
v 0.2326677 -0.3063455 -0.8107126
v 0.2186057 -0.3313326 -0.8974546
v 0.2464545 -0.3111796 -0.8852866
v 0.2113325 -0.3354245 -0.9840775
v 0.2555926 -0.3054113 -0.9814276
v 0.1764201 -0.3130471 -0.5805032
v 0.1285744 -0.3230377 -0.5829373
v 0.1503522 -0.3215293 -0.5212717
v 0.1066452 -0.3315327 -0.5150854
v 0.3634713 -0.2800385 -0.2163391
v 0.3053524 -0.2857588 -0.3183331
v 0.2612591 -0.2844321 -0.3778299
v 0.2199562 -0.2944382 -0.4458423
v 0.2408672 -0.2971693 -0.6628894
v 0.2506992 -0.2894454 -0.7366611
v 0.2671145 -0.2859132 -0.8138413
v 0.2826124 -0.2805901 -0.8898993
v 0.2843769 -0.2764172 -0.9849332
v 0.2367356 -0.3010363 -0.5820352
v 0.214137 -0.3033576 -0.5139148
v 0.07930547 -0.3497094 -0.6532727
v 0.1206356 -0.3656223 -0.7375934
v 0.1562383 -0.3687977 -0.8197959
v 0.1774943 -0.3664718 -0.900344
v 0.1685461 -0.3682285 -0.9808408
v 0.06947965 -0.3995396 -0.7403961
v 0.09948836 -0.4166113 -0.8184442
v 0.1182329 -0.4163644 -0.8926984
v 0.1319805 -0.3985187 -0.9770069
v 0.1144902 -0.4859589 -0.2049951
v 0.04556012 -0.4957842 -0.2049295
v -0.01584326 -0.4690716 -0.3052466
v 0.0401926 -0.4711221 -0.2992932
v -0.002564535 -0.4134724 -0.3664557
v -0.07235144 -0.3812738 -0.4281814
v -0.06916604 -0.4282635 -0.3501654
v -0.1384116 -0.3985489 -0.4254971
v -0.2004989 -0.4113778 -0.6438065
v -0.2425906 -0.4427224 -0.714708
v -0.2466171 -0.4736993 -0.8090534
v -0.2215881 -0.4767495 -0.8808023
v -0.1864602 -0.4550922 -0.9752106
v -0.1534346 -0.3856811 -0.5610849
v -0.1067453 -0.3810557 -0.4894894
v -0.1762376 -0.3951552 -0.4769913
v -0.2580957 -0.41636 -0.6426435
v -0.3017281 -0.445825 -0.7158655
v -0.2948502 -0.4162511 -0.6364972
v -0.3424398 -0.4479933 -0.7239231
v -0.3141602 -0.471833 -0.8116489
v -0.3489229 -0.4658506 -0.8056485
v -0.2819584 -0.4670329 -0.889505
v -0.3251338 -0.465619 -0.8748499
v -0.2392573 -0.4412263 -0.9763779
v -0.2912374 -0.434123 -0.9742453
v -0.2221378 -0.3979083 -0.5468402
v -0.2129465 -0.3909553 -0.541297
v 0.4945428 -0.0608847 -0.1077759
v 0.4709003 -0.1552 -0.1081634
v 0.4233288 -0.2406017 -0.1054178
v 0.3900341 -0.2807352 -0.1022751
v 0.3506575 -0.3170833 -0.0993158
v 0.2436137 -0.433584 -0.2111081
v 0.1963214 -0.3992223 -0.3153772
v 0.1815171 -0.4596257 -0.2137503
v 0.1451997 -0.3742731 -0.3763101
v 0.08317145 -0.3504762 -0.4428796
v 0.07342229 -0.3388848 -0.5141562
v 0.05983393 -0.3292314 -0.580441
v 0.3086565 -0.3600047 -0.1157333
v 0.2591273 -0.3906721 -0.1092218
v 0.3024464 -0.2289455 -1.032803
v 0.3266965 -0.1430569 -1.042737
v 0.2847831 -0.2297043 -1.097446
v 0.3150198 -0.1430186 -1.10113
v 0.1937369 -0.3268745 -1.034975
v 0.2330162 -0.3103986 -1.025145
v 0.1470708 -0.3276259 -1.104086
v 0.1973169 -0.3078642 -1.095119
v 0.2695929 -0.2783203 -1.028978
v 0.2374353 -0.2811608 -1.099551
v 0.1471111 -0.3443186 -1.051251
v 0.1030179 -0.3590883 -1.062499
v 0.05388156 -0.3473155 -1.126573
v -0.157434 -0.3800716 -1.051993
v -0.08952711 -0.3835509 -1.060915
v -0.13984 -0.353 -1.10989
v -0.04426239 -0.360436 -1.115085
v -0.2140268 -0.3915283 -1.021706
v -0.2331262 -0.3629144 -1.071832
v -0.02789948 -0.3870119 -1.063536
v -0.2716966 -0.3866451 -1.018647
v 0.2792962 -0.162716 -1.16717
v 0.2480068 -0.2321135 -1.167576
v 0.2153055 -0.215831 -1.199938
v 0.2399092 -0.1800505 -1.195455
v 0.1932295 -0.28001 -1.164912
v 0.1605283 -0.2637275 -1.197274
v 0.02288624 -0.3067613 -1.190183
v -0.05253314 -0.3056433 -1.189634
v -0.02635802 -0.3000179 -1.21949
v 0.03116172 -0.3001886 -1.219588
v 0.144284 -0.3035467 -1.168913
v 0.08947197 -0.3069593 -1.183559
v 0.08088809 -0.298846 -1.221614
v 0.1236795 -0.2930136 -1.203736
v -0.0929745 -0.30761 -1.180722
v -0.0581793 -0.2999234 -1.219195
v -0.1483446 -0.2975451 -1.174545
v -0.09913294 -0.2947361 -1.207723
v -0.01326339 -0.2958836 -1.233338
v 0.02241429 -0.2956915 -1.233398
v 0.05445996 -0.2942967 -1.230542
v -0.03849601 -0.296703 -1.228515
v 0.09351048 -0.2529068 -1.229459
v -0.08620784 -0.248733 -1.226769
v -0.04549757 -0.2539497 -1.240845
v -0.0003811848 -0.2504427 -1.246585
v 0.03527857 -0.2498206 -1.245453
v 0.06731331 -0.2484599 -1.237759
v -0.02584806 -0.2510954 -1.244455
v -0.04463793 -0.2088097 -1.242036
v 0.01429213 -0.2097124 -1.247203
v 0.03030493 -0.2090318 -1.246038
v 0.06379031 -0.2084036 -1.239836
v 0.1666399 -0.2231992 -1.214409
v 0.186965 -0.1777387 -1.223209
v 0.1121593 -0.2360655 -1.218555
v 0.1121598 -0.2256602 -1.224016
v 0.1418077 -0.1712286 -1.236594
v 0.06774452 -0.192281 -1.245973
v 0.07098456 -0.1422848 -1.256248
v 0.01509108 -0.1909193 -1.247833
v 0.02803878 -0.1421572 -1.2572
v -0.04615364 -0.1945113 -1.245096
v -0.03364567 -0.1419742 -1.255843
v -0.1203569 -0.1950199 -1.233347
v -0.1078448 -0.1417548 -1.242901
v -0.1416448 -0.359716 -0.3668808
v -0.09370609 -0.3923631 -0.3096576
v -0.2037766 -0.3432229 -0.4537741
v -0.2497948 -0.3490516 -0.5154919
v 0.02160604 -0.4229414 -0.7403162
v 0.03511331 -0.4574098 -0.8166718
v 0.05014925 -0.4659323 -0.8951016
v 0.05004204 -0.4501312 -0.9856766
v 0.04257462 -0.3782803 -1.063655
v -0.324727 -0.3786363 -0.9833524
v -0.296944 -0.3309119 -1.027427
v -0.2576241 -0.3071233 -1.080328
v -0.3329573 -0.2389732 -0.9845874
v -0.3022911 -0.2239655 -1.028669
v -0.2624275 -0.2177905 -1.081572
v -0.3332756 -0.1411008 -0.9921283
v -0.3023563 -0.1411899 -1.036211
v -0.2601292 -0.1413119 -1.090377
v -0.1749211 -0.196658 -1.184876
v -0.1711942 -0.1415697 -1.192426
v -0.1729673 -0.2419521 -1.183624
v 0.2672466 -0.23807 -1.131537
v 0.2979007 -0.1429659 -1.132829
v 0.1197882 -0.3231647 -1.142613
v 0.1726954 -0.3057389 -1.13138
v 0.03922629 -0.3312692 -1.157573
v 0.2167977 -0.2814318 -1.131454
v -0.1167549 -0.3346813 -1.144728
v -0.04677055 -0.3368824 -1.151561
v -0.1924311 -0.3315372 -1.121134
v -0.2182754 -0.275787 -1.129455
v -0.2207602 -0.2078471 -1.131962
v -0.2181917 -0.1414334 -1.13951
v -0.3396568 -0.1410834 -0.9650559
v -0.3437012 -0.2087776 -0.952031
v -0.3556962 -0.2820905 -0.9208039
v -0.373601 -0.3033437 -0.9044327
v -0.3926559 -0.3321193 -0.8432511
v -0.3767421 -0.3567728 -0.7773163
v -0.3503633 -0.3632719 -0.685119
v -0.2947672 -0.3587436 -0.6017364
v 0.1480037 -0.4727923 -0.2093726
v 0.4874413 0.09589852 -0.1383972
v 0.4965852 0.02291519 -0.1376865
v 0.4668424 0.17777 -0.1357886
v 0.4284626 0.2433439 -0.1320932
v 0.3216056 0.3266881 -0.1284503
v 0.2485474 0.353979 -0.1229156
v 0.3654649 0.300141 -0.1299728
v 0.4076079 0.2660349 -0.1323282
v 0.4909446 -0.0613718 -0.137821
v 0.4691189 -0.1544602 -0.139855
v 0.4250607 -0.2398809 -0.1377783
v 0.3625756 -0.3176546 -0.1323148
v 0.3094566 -0.3691488 -0.13418
v 0.3952791 -0.2800335 -0.1353046
v 0.2556007 -0.4082205 -0.1318701
v 0.4660365 0.09538144 -0.1727356
v 0.4737194 0.02366386 -0.171767
v 0.4508278 0.177287 -0.1673117
v 0.415031 0.2453837 -0.162868
v 0.3056166 0.3351155 -0.1537173
v 0.2321394 0.3630714 -0.1452502
v 0.3539736 0.3047281 -0.1585965
v 0.3947073 0.2693507 -0.161944
v 0.4686643 -0.0606263 -0.1720129
v 0.4480068 -0.1549789 -0.1742493
v 0.4080472 -0.2404218 -0.1729526
v 0.3577462 -0.3169615 -0.1672678
v 0.3178072 -0.3660116 -0.1716821
v 0.3840635 -0.2805848 -0.1703018
v 0.2501248 -0.4178544 -0.1663324
v 0.1909567 -0.2540707 -0.1226703
v 0.1661862 -0.1426586 -0.1219098
v 0.1785929 -0.300335 -0.1270203
v 0.1719588 -0.4631599 -0.1944516
v -0.3369448 -0.1410908 -0.9765616
v -0.3400091 -0.2407568 -0.9727429
v -0.3388928 -0.3736042 -0.9606769
v -0.3475764 -0.3977328 -0.9425489
v -0.3803059 -0.4248129 -0.8639966
v -0.3932943 -0.4217593 -0.7960434
v -0.3469958 -0.3992786 -0.7016107
v -0.2948025 -0.3831843 -0.6165097
v -0.2341343 -0.3656613 -0.5285577
v -0.1920726 -0.3652942 -0.4636413
v -0.1474893 -0.3743061 -0.3928677
v 0.03594353 -0.474912 -0.1797473
v -0.02447265 -0.4537424 -0.2670648
v 0.04514131 -0.459807 -0.1617481
v -0.03004309 -0.4429805 -0.2393698
v -0.08327657 -0.4076208 -0.3268735
v 0.1403069 -0.4679404 -0.16414
v 0.226847 -0.3781946 -0.08922272
v 0.220061 -0.4012545 -0.09846558
v 0.1972871 -0.3755229 -0.09152222
v 0.1802655 -0.3984589 -0.09852967
v 0.2114349 -0.4136809 -0.1230981
v 0.1678332 -0.4213738 -0.113642
v 0.1087592 -0.437571 -0.1338263
v 0.1793898 -0.4452878 -0.1500803
v -0.03163251 -0.2189143 -0.3026041
v -0.02305054 -0.1420859 -0.3024484
v -0.05155309 -0.2883492 -0.3027149
v 0.02923463 -0.3459943 -0.1888132
v 0.1075506 -0.3486558 -0.1513956
v 0.008712015 -0.3696413 -0.2097284
v 0.1006066 -0.3686711 -0.1257217
v 0.1829497 -0.3179146 -0.1125806
v 0.2003277 -0.3181185 -0.08873414
v 0.1606839 -0.3460432 -0.1027359
v 0.1772494 -0.3423307 -0.09254334
v 0.2125549 -0.3205662 -0.08645417
v 0.1973737 -0.3475678 -0.08943421
v -0.02932603 -0.2943474 -0.2561832
v 0.1335645 -0.3441662 -0.135986
v 0.1305717 -0.363367 -0.1105771
v -0.01704416 -0.3803913 -0.219487
v 0.06971162 -0.3931541 -0.1547617
v -0.06524108 -0.3453187 -0.274837
v 0.183526 -0.3660934 -0.09381958
v 0.1973451 -0.356793 -0.0901233
v 0.1715695 -0.3792903 -0.1136157
v 0.1166379 -0.3846927 -0.13168
v 0.02362715 -0.2200053 -0.2314914
v 0.03672131 -0.1422678 -0.2289877
v 0.004911205 -0.282186 -0.2310816
v -0.02509004 -0.3257861 -0.2300159
v -0.02116148 -0.3456848 -0.220029
v -0.04066614 -0.3626121 -0.2441367
v 0.2342472 0.3253908 -0.09986298
v 0.2200647 0.3298413 -0.121398
v -0.2089189 -0.1455929 -0.6355881
v -0.1829646 -0.1418729 -0.5789453
v -0.1535206 -0.1419599 -0.5847421
v -0.1886188 -0.1456729 -0.6727091
v -0.2334569 -0.1414147 -0.7015982
v -0.2107029 -0.1419125 -0.7321186
v -0.2673078 -0.141308 -0.8041159
v -0.2411688 -0.1418165 -0.8243845
v -0.2981336 -0.1412119 -0.8802179
v -0.2689119 -0.14173 -0.8928763
v -0.3412521 -0.1410791 -0.9582877
v -0.3077186 -0.1416105 -0.9631391
v 0.2923374 -0.1429775 -0.6698899
v 0.304102 -0.143008 -0.7417035
v 0.2731002 -0.1433465 -0.7682132
v 0.2742513 -0.142924 -0.6665921
v 0.3173795 -0.1430427 -0.8201981
v 0.2850499 -0.1433777 -0.8388581
v 0.3296141 -0.143074 -0.9043619
v 0.296061 -0.1434058 -0.9146057
v 0.3336259 -0.1430801 -0.9987189
v 0.2996717 -0.1434113 -0.999527
v 0.3266965 -0.1430569 -1.042737
v 0.2934352 -0.1433904 -1.039143
v 0.3150198 -0.1430186 -1.10113
v 0.2829261 -0.143356 -1.091697
v 0.2792962 -0.162716 -1.16717
v 0.2399092 -0.1800505 -1.195455
v 0.2153266 -0.1766847 -1.17659
v 0.2507749 -0.1610837 -1.151133
v 0.186965 -0.1777387 -1.223209
v 0.1418077 -0.1712286 -1.236594
v 0.1270353 -0.168745 -1.213615
v 0.1676768 -0.174604 -1.201568
v 0.07098456 -0.1422848 -1.256248
v 0.0632944 -0.1426955 -1.231303
v 0.02803878 -0.1421572 -1.2572
v 0.02464318 -0.1425808 -1.23216
v -0.03364567 -0.1419742 -1.255843
v -0.0308728 -0.1424161 -1.230938
v -0.1078448 -0.1417548 -1.242901
v -0.097652 -0.1422185 -1.219291
v -0.3023563 -0.1411899 -1.036211
v -0.3332756 -0.1411008 -0.9921283
v -0.3005398 -0.1416299 -0.9935956
v -0.2727124 -0.1417101 -1.03327
v -0.2601292 -0.1413119 -1.090377
v -0.234708 -0.14182 -1.082019
v -0.1711942 -0.1415697 -1.192426
v -0.1546665 -0.142052 -1.173864
v 0.2979007 -0.1429659 -1.132829
v 0.2675189 -0.1433086 -1.120226
v -0.2181917 -0.1414334 -1.13951
v -0.1969642 -0.1419293 -1.126239
v -0.3396568 -0.1410834 -0.9650559
v -0.3062828 -0.1416144 -0.9692304
v -0.3369448 -0.1410908 -0.9765616
v -0.303842 -0.1416209 -0.9795856
v 0.2939592 0.1508865 -0.6754261
v 0.2883728 0.09026299 -0.6693808
v 0.2707524 0.0903151 -0.6661325
v 0.2757982 0.1509402 -0.6715729
v 0.2822038 0.01799061 -0.6658362
v 0.2651788 0.01804096 -0.6629431
v -0.1858091 -0.006421433 -0.5822995
v -0.1803494 0.1543348 -0.5840674
v -0.1510789 0.1542482 -0.5893503
v -0.1560405 -0.006509476 -0.5877603
v 0.287611 -0.06594284 -0.6693897
v 0.2700205 -0.06589085 -0.6661414
v -0.117355 0.1586855 -1.210793
v -0.09804124 0.1590645 -1.220135
v 0.30068 0.1508713 -0.7540589
v 0.2692306 0.1514552 -0.7778742
v 0.3273844 0.1508068 -0.9983545
v 0.3218825 0.1508174 -0.9039997
v 0.2883129 0.1514068 -0.9128211
v 0.2932647 0.1513972 -0.9977405
v 0.3147052 0.1508503 -1.093727
v 0.2818534 0.1514363 -1.083575
v 0.2779059 0.1509646 -1.177527
v 0.248734 0.1515392 -1.158996
v -0.3263787 0.1516998 -1.006677
v -0.2315149 0.1514256 -1.127391
v -0.2097448 0.151954 -1.113873
v -0.2951222 0.1522009 -1.005231
v -0.1624039 0.159319 -1.200723
v -0.1475448 0.1590581 -1.179872
v -0.3565579 0.1871892 -0.9560041
v -0.3222835 0.1841414 -0.959625
v -0.3623218 0.1867119 -0.9399869
v -0.327471 0.1837117 -0.9452097
v -0.3611159 0.1839091 -0.92693
v -0.3263856 0.1811892 -0.9334583
v 0.3106843 0.1508462 -0.8295523
v 0.2782345 0.1514326 -0.8458185
v -0.3273835 0.1516961 -0.8966053
v -0.2960265 0.1521976 -0.9061661
v -0.272992 0.1515293 -0.8075937
v -0.2470742 0.1520474 -0.8260556
v -0.2284049 0.1513904 -0.7007444
v -0.2069458 0.1519224 -0.7298914
v -0.2022466 0.1519114 -0.6331897
v -0.1834033 0.1523912 -0.6690921
v 0.1815487 0.1512541 -1.23397
v 0.2256844 0.1511221 -1.217273
v 0.2017346 0.1516809 -1.194767
v 0.1620125 0.1517997 -1.209795
v 0.2480574 0.1510549 -1.204732
v 0.2218703 0.1516204 -1.18348
v -0.117355 0.1586855 -1.210793
v -0.1070008 0.158488 -1.188935
v -0.09804124 0.1590645 -1.220135
v -0.08961846 0.1588291 -1.197343
v -0.01763561 0.1579144 -1.252148
v -0.01725338 0.157794 -1.226155
v 0.09687668 0.1515067 -1.253744
v 0.0858077 0.1520271 -1.227591
v -0.09061184 0.144933 -0.3317331
v -0.1008029 0.1449654 -0.3660373
v -0.08080307 0.144906 -0.3660715
v -0.08062891 0.144904 -0.3417502
v -0.05301707 0.1448198 -0.3058942
v -0.04303413 0.1447908 -0.315911
v -0.1024165 -0.1418465 -0.3650171
v -0.09713068 -0.141864 -0.3346768
v -0.08714775 -0.1418931 -0.3446939
v -0.0824166 -0.1419058 -0.3650513
v -0.06669003 -0.1419559 -0.3097751
v -0.0567071 -0.1419849 -0.3197922
v -8.477449e-05 0.1446619 -0.2921542
v 0.009898155 0.1446328 -0.3021713
v 0.01993358 0.1445995 -0.24319
v 0.02991651 0.1445704 -0.2532068
v 0.04568465 0.1445219 -0.2254895
v 0.05566759 0.1444929 -0.2355063
v 0.1091981 0.1443317 -0.1977103
v 0.1191811 0.1443027 -0.2077274
v 0.1632314 0.1441687 -0.1547153
v 0.1732143 0.1441397 -0.1647321
v 0.1983179 0.1440616 -0.1066339
v 0.2083008 0.1440326 -0.116651
v 0.213175 0.144016 -0.08236573
v 0.2231579 0.143987 -0.09238282
v 0.229198 0.143968 -0.07421783
v 0.2391809 0.1439389 -0.08423462
v 0.2792727 0.1438193 -0.07306427
v 0.2792387 0.1438206 -0.09306427
v -0.006079624 -0.1421365 -0.2995993
v 0.016897 -0.1422073 -0.2556253
v 0.02687994 -0.1422363 -0.2656424
v 0.003903305 -0.1421654 -0.3096161
v 0.1150918 -0.1425025 -0.1949921
v 0.1535871 -0.1426186 -0.1653308
v 0.1635701 -0.1426476 -0.1753479
v 0.1250747 -0.1425315 -0.2050092
v 0.2012867 -0.1427641 -0.1018192
v 0.2136059 -0.1428017 -0.08307496
v 0.2235888 -0.1428308 -0.09309205
v 0.2112697 -0.142793 -0.1118362
v 0.2285791 -0.1428467 -0.07473938
v 0.238562 -0.1428757 -0.08475617
v 0.2782899 -0.1429944 -0.07303558
v 0.2782558 -0.1429931 -0.09303559
v 0.1661862 -0.1426586 -0.1219098
v 0.1761692 -0.1426877 -0.1319269
v -0.02305054 -0.1420859 -0.3024484
v -0.0130676 -0.1421149 -0.3124655
v 0.03672131 -0.1422678 -0.2289877
v 0.04670423 -0.1422968 -0.2390045
v -0.1020165 -0.006231003 -0.3665631
v -0.08201666 -0.006290398 -0.366597
v 0.2825821 0.01277592 -0.06508453
v 0.2825481 0.01277725 -0.08508454
v 0.1367279 -0.1443244 -0.8241797
v 0.04893077 -0.1443092 -0.9163339
v 0.006217325 -0.1443053 -0.9083982
v 0.1358347 -0.1443277 -0.7733621
v -0.1603576 0.1456972 -0.6796616
v -0.1875 0.1457063 -0.7745966
v 0.1358651 0.1456723 -0.7733432
v 0.1462773 0.145668 -0.7235926
v -0.03643628 0.1456998 -0.9164145
v 0.006247736 0.1456947 -0.9083789
v -0.2010003 0.1457141 -0.8724054
v -0.07334023 0.1457051 -0.9393219
v -0.09948587 0.1457101 -0.9740128
v -0.2006045 0.1457206 -0.9711392
v 0.1367583 0.1456755 -0.8241608
v 0.04896118 0.1456908 -0.916315
v 0.05243361 -0.4548821 -0.7788034
v 0.05315355 -0.4729732 -0.8271945
v 0.08751132 -0.4512176 -0.8328009
v 0.08418909 -0.440279 -0.7915753
v 0.05315355 -0.4801259 -0.8742685
v 0.09084271 -0.4541978 -0.8736829
v 0.05881716 -0.480198 -0.9194037
v 0.09442032 -0.452796 -0.9138471
v -0.1604268 -0.5043692 -0.7995713
v -0.1761723 -0.5123123 -0.8409711
v -0.1366664 -0.5126103 -0.8283557
v -0.1116172 -0.4946777 -0.7749988
v -0.1900221 -0.5132064 -0.8817789
v -0.1591534 -0.5158887 -0.879928
v -0.2014078 -0.5063007 -0.9219312
v -0.1879898 -0.5065987 -0.9281815
v -0.2121785 -0.5049653 -0.8106104
v -0.2221348 -0.508736 -0.8467017
v -0.2295344 -0.508438 -0.8827552
v -0.2341881 -0.5021284 -0.9181848
v -0.2433 -0.5037732 -0.8151862
v -0.2529927 -0.5060538 -0.848591
v -0.2600774 -0.5042657 -0.8818106
v -0.2641586 -0.4976581 -0.9144388
v -0.2644468 -0.5027089 -0.8227866
v -0.2747192 -0.5033716 -0.8493781
v -0.2813316 -0.5015835 -0.8753556
v -0.2847633 -0.497062 -0.9008582
v -0.2835327 -0.5018149 -0.8411008
v -0.2932959 -0.5000422 -0.8693683
v 0.1299866 -0.4163489 -0.8316059
v 0.1215348 -0.4116688 -0.7900934
v 0.1386953 -0.4139647 -0.8730854
v 0.1466461 -0.4089866 -0.9143039
v 0.1613452 -0.3874406 -0.828021
v 0.1542124 -0.3842506 -0.7876963
v 0.1676821 -0.3871426 -0.868577
v 0.1737995 -0.3848467 -0.9092273
v 0.1966145 -0.3567442 -0.8271158
v 0.1894909 -0.3577266 -0.7949823
v 0.2009598 -0.3570422 -0.8585105
v 0.2050875 -0.3559385 -0.8897605
v 0.2188444 -0.3413353 -0.8583972
v 0.2119697 -0.3419313 -0.8153598
v 0.05207522 -0.37738 -0.6389731
v 0.01332031 -0.3892287 -0.6398059
v 0.005927556 -0.4002556 -0.6550022
v 0.03537969 -0.390195 -0.6540396
v -0.0251494 -0.3999576 -0.6398059
v -0.02309587 -0.4083022 -0.6550022
v -0.0623503 -0.4092685 -0.6389731
v -0.05094847 -0.4146329 -0.6540396
v -0.0007806843 -0.4142627 -0.675127
v 0.02275624 -0.4062883 -0.6739929
v -0.02378036 -0.4208192 -0.675127
v -0.04565474 -0.4259578 -0.6739929
v -0.004340165 -0.4285678 -0.694841
v 0.01786974 -0.4202953 -0.6935388
v -0.02597081 -0.4342303 -0.694841
v -0.04646918 -0.4384748 -0.6935388
v -0.007215124 -0.4401907 -0.7108585
v 0.01705532 -0.4307262 -0.7094202
v -0.03089931 -0.4470452 -0.7108585
v -0.05189102 -0.4502019 -0.7094202
v -0.009542475 -0.4518136 -0.727287
v 0.01868414 -0.441157 -0.7257083
v -0.03719686 -0.4592642 -0.727287
v -0.06207124 -0.462719 -0.7257083
v -0.01036389 -0.4625424 -0.7433045
v 0.02319472 -0.4489216 -0.7416834
v -0.04376819 -0.4708871 -0.7433045
v -0.07428749 -0.4743418 -0.7415894
v -0.009953184 -0.4723772 -0.7597327
v 0.03209959 -0.4545841 -0.7579987
v -0.05198236 -0.4828081 -0.759733
v -0.09098301 -0.4853686 -0.7578778
v -0.002624085 -0.4807219 -0.7790082
v -0.05840174 -0.4935369 -0.7778958
v -0.1598022 -0.5024264 -0.9499936
v -0.09881787 -0.5093321 -0.9495548
v -0.1033758 -0.5158887 -0.9281143
v -0.03790155 -0.5090341 -0.9456095
v -0.02511111 -0.5117163 -0.9247284
v 0.02807281 -0.4924171 -0.938259
v -0.1474159 -0.4884193 -0.9763816
v -0.09723081 -0.495027 -0.9762033
v -0.0472202 -0.4983053 -0.9722916
v 0.005864846 -0.4915229 -0.9658249
v -0.1362434 -0.4593364 -1.010635
v -0.09471877 -0.4640326 -1.010172
v -0.05389958 -0.4708871 -1.005464
v -0.01210053 -0.4742376 -0.9976966
v -0.1184444 -0.4343024 -1.037021
v -0.08695044 -0.4366144 -1.035699
v -0.05761968 -0.4425749 -1.030991
v -0.02746299 -0.4509917 -1.024142
v -0.08689772 -0.4256598 -1.051274
v -0.04944213 -0.4310242 -1.046627
v -0.07339309 -0.5143985 -0.8279688
v -0.01011975 -0.5030736 -0.8275815
v -0.08838445 -0.520359 -0.8780417
v -0.01761543 -0.5123124 -0.8761551
v 0.04378448 -0.3559223 -0.5377307
v 0.04621533 -0.3573402 -0.5717309
v 0.0784465 -0.3486976 -0.5659427
v 0.07893286 -0.3481737 -0.5339133
v 0.04900267 -0.3647909 -0.6057684
v 0.0780145 -0.354658 -0.5980423
v 0.07764791 -0.364565 -0.6293915
v 0.1142445 -0.3397568 -0.5618515
v 0.1190549 -0.3384869 -0.5294339
v 0.1093612 -0.3448233 -0.5943774
v 0.1043139 -0.3544322 -0.6261804
v 0.1437682 -0.3317103 -0.5613669
v 0.1468588 -0.3313344 -0.5296496
v 0.1384084 -0.3358826 -0.5934082
v 0.1326414 -0.3442994 -0.6247391
v 0.1657322 -0.3257498 -0.5715317
v 0.1699215 -0.3240338 -0.545069
v 0.1609796 -0.3290281 -0.5956671
v 0.1556222 -0.3350607 -0.61914
v 0.1744564 -0.3252259 -0.5999615
v 0.1804284 -0.3210536 -0.570397
v -0.1652927 -0.4109844 -0.565983
v -0.1751872 -0.412876 -0.5635992
v -0.1806835 -0.4182405 -0.5870831
v -0.1682526 -0.4151568 -0.5852063
v -0.1602227 -0.4075117 -0.54672
v -0.1691896 -0.4197306 -0.6048764
v -0.1455428 -0.4185385 -0.6179416
v -0.1446998 -0.4109844 -0.591
v -0.1417084 -0.405322 -0.564393
v -0.1369713 -0.4015512 -0.5383115
v -0.09318979 -0.4089574 -0.6240069
v -0.09350088 -0.3993616 -0.5955029
v -0.09178481 -0.392507 -0.5671167
v -0.08857448 -0.3887049 -0.5387591
v -0.05897397 -0.3936991 -0.6067575
v -0.05432887 -0.3832683 -0.5737091
v -0.04853371 -0.377678 -0.5406729
v -0.02298702 -0.3841624 -0.6068634
v -0.02082463 -0.3743275 -0.5739209
v -0.01777659 -0.3699294 -0.5409878
v 0.01277955 -0.3749236 -0.6063553
v 0.01223878 -0.365983 -0.5729047
v 0.01232491 -0.3623287 -0.5395816
v 0.1468588 -0.296023 -0.5296496
v 0.1190549 -0.3031755 -0.5294339
v 0.07893286 -0.3128623 -0.5339133
v 0.1699214 -0.2887225 -0.545069
v 0.1804284 -0.2857423 -0.570397
v 0.1744564 -0.2899146 -0.5999615
v 0.1326414 -0.308988 -0.6247391
v 0.1556222 -0.2997493 -0.61914
v 0.1043139 -0.3191209 -0.6261804
v 0.07764791 -0.3292535 -0.6293915
v 0.05207522 -0.3420685 -0.6389731
v 0.0353797 -0.3548836 -0.6540396
v 0.02275624 -0.3709769 -0.6739929
v 0.01786974 -0.3849839 -0.6935388
v 0.01705532 -0.3954147 -0.7094202
v 0.01868414 -0.4058456 -0.7257083
v 0.02319472 -0.4136102 -0.7416837
v 0.03209959 -0.4192727 -0.7579987
v 0.05243361 -0.4195707 -0.7788031
v -0.06235029 -0.373957 -0.6389731
v -0.05094846 -0.3793215 -0.6540396
v -0.04565474 -0.3906464 -0.6739929
v -0.04646917 -0.4031633 -0.6935388
v -0.05189102 -0.4148906 -0.7094202
v -0.06207124 -0.4274075 -0.7257083
v -0.07428749 -0.4390304 -0.7415894
v -0.09098301 -0.4500573 -0.7578778
v 0.04378448 -0.3206109 -0.5377307
v 0.08418909 -0.4049676 -0.7915753
v -0.1116172 -0.4593664 -0.7749988
v -0.1604268 -0.4690578 -0.7995713
v -0.2121785 -0.4696538 -0.8106104
v -0.2433 -0.4684617 -0.8151862
v -0.2644468 -0.4673974 -0.8227866
v -0.2835327 -0.4665034 -0.8411008
v -0.2932959 -0.4647307 -0.8693683
v -0.2847633 -0.4617506 -0.9008582
v -0.2641586 -0.4623466 -0.9144385
v -0.2341881 -0.4668169 -0.9181848
v -0.2014078 -0.4709893 -0.9219315
v -0.1879898 -0.4712873 -0.9281815
v -0.1691896 -0.3844192 -0.6048764
v -0.1455428 -0.3832271 -0.6179416
v -0.1806835 -0.3829291 -0.5870831
v -0.1751872 -0.3775647 -0.5635992
v -0.1602228 -0.3722003 -0.54672
v -0.1369713 -0.3662398 -0.5383115
v -0.08857447 -0.3533935 -0.5387591
v -0.04853371 -0.3423666 -0.5406729
v -0.09318979 -0.3736461 -0.6240066
v 0.1215348 -0.3763573 -0.7900934
v 0.1542124 -0.3489392 -0.7876963
v 0.1894909 -0.3224151 -0.7949823
v 0.2119697 -0.30662 -0.8153598
v 0.2188444 -0.3060239 -0.8583972
v 0.1737995 -0.3495353 -0.9092273
v 0.2050875 -0.320627 -0.8897605
v 0.1466461 -0.3736751 -0.9143039
v 0.09442032 -0.4174846 -0.9138471
v 0.05881716 -0.4448866 -0.9194037
v -0.1598022 -0.467115 -0.9499936
v -0.1474159 -0.4531079 -0.9763819
v -0.1362434 -0.424025 -1.010635
v -0.1184443 -0.398991 -1.037021
v -0.08689772 -0.3903483 -1.051274
v -0.04944213 -0.3957128 -1.046627
v -0.02746297 -0.4156803 -1.024142
v -0.01210053 -0.4389262 -0.9976966
v 0.005864846 -0.4562115 -0.9658246
v 0.02807281 -0.4571055 -0.938259
v 0.01232493 -0.3270173 -0.5395816
v -0.01777659 -0.334618 -0.5409878
vt 0.119078 0.7479925
vt 0.108116 0.7483182
vt 0.1093149 0.7693295
vt 0.1093149 0.7693295
vt 0.1100573 0.7707617
vt 0.1224712 0.7707617
vt 0.1224712 0.7707617
vt 0.1100573 0.7707617
vt 0.1148617 0.7727379
vt 0.06387108 0.7680155
vt 0.06671249 0.7713212
vt 0.07015663 0.7727379
vt 0.06387108 0.7680155
vt 0.07535159 0.7727379
vt 0.07658302 0.7716959
vt 0.07658302 0.7716959
vt 0.08568483 0.7527205
vt 0.07567095 0.748249
vt 0.04088282 0.2851385
vt 0.03983086 0.2845082
vt 0.03965365 0.2852874
vt 0.04581141 0.2850677
vt 0.04430818 0.2849896
vt 0.04439699 0.2856386
vt 0.04447209 0.2832264
vt 0.04378634 0.2828164
vt 0.0434882 0.2839968
vt 0.04147386 0.2869192
vt 0.04037904 0.2875114
vt 0.04098153 0.2880363
vt 0.07766801 0.3010706
vt 0.07794708 0.3008615
vt 0.07761645 0.3009618
vt 0.05177307 0.3004507
vt 0.05182462 0.300342
vt 0.05149412 0.3002416
vt 0.04073727 0.2531862
vt 0.04163867 0.2540089
vt 0.04197764 0.2532856
vt 0.03602266 0.253246
vt 0.03754711 0.2531965
vt 0.03736603 0.252567
vt 0.03771489 0.2513276
vt 0.03696531 0.2503685
vt 0.03650355 0.2510205
vt 0.04055863 0.251319
vt 0.0417428 0.2509588
vt 0.04126596 0.2503178
vt 0.05293458 0.2945129
vt 0.05764245 0.2928457
vt 0.05756324 0.2926415
vt 0.04286772 0.283787
vt 0.04301595 0.2826039
vt 0.04221695 0.2826039
vt 0.05714851 0.2628458
vt 0.05654549 0.2628463
vt 0.05654549 0.2636452
vt 0.04286772 0.283787
vt 0.0434882 0.2839968
vt 0.04378634 0.2828164
vt 0.05654394 0.264444
vt 0.05714672 0.2644459
vt 0.05714839 0.2636459
vt 0.04144674 0.2828166
vt 0.04190117 0.2839191
vt 0.04221338 0.2838154
vt 0.05714702 0.2620453
vt 0.05654382 0.2620471
vt 0.05654549 0.2628463
vt 0.05714672 0.2644459
vt 0.05654394 0.264444
vt 0.05654072 0.2652426
vt 0.04161345 0.2840783
vt 0.04190117 0.2839191
vt 0.04144674 0.2828166
vt 0.05714392 0.2612448
vt 0.05654054 0.2612478
vt 0.05654382 0.2620471
vt 0.04447209 0.2832264
vt 0.0434882 0.2839968
vt 0.04399096 0.2844166
vt 0.05714333 0.2652457
vt 0.05654072 0.2652426
vt 0.05653589 0.2660409
vt 0.04114902 0.2845402
vt 0.04161345 0.2840783
vt 0.04076099 0.2832266
vt 0.05713886 0.2604439
vt 0.05653548 0.2604484
vt 0.05654054 0.2612478
vt 0.07766801 0.3010706
vt 0.07761645 0.3009618
vt 0.07706838 0.3013499
vt 0.07716017 0.3014395
vt 0.07706838 0.3013499
vt 0.0766775 0.3019382
vt 0.07794708 0.3008615
vt 0.07766801 0.3010706
vt 0.07828986 0.3009204
vt 0.04502403 0.2838041
vt 0.04399096 0.2844166
vt 0.04430818 0.2849896
vt 0.05713152 0.2668438
vt 0.05713826 0.2660452
vt 0.05653589 0.2660409
vt 0.0766775 0.3019382
vt 0.07654052 0.3026392
vt 0.07667189 0.3026388
vt 0.04114902 0.2845402
vt 0.04020905 0.2838045
vt 0.03983086 0.2845082
vt 0.05713886 0.2604439
vt 0.057132 0.2596429
vt 0.0565285 0.2596489
vt 0.07828986 0.3009204
vt 0.0789051 0.3010145
vt 0.07894498 0.3008948
vt 0.07654052 0.3026392
vt 0.07666677 0.3033223
vt 0.07678467 0.3032775
vt 0.07954519 0.3012321
vt 0.07894498 0.3008948
vt 0.0789051 0.3010145
vt 0.03965365 0.2852874
vt 0.03969031 0.2860855
vt 0.04085063 0.2857927
vt 0.057132 0.2596429
vt 0.05712318 0.2588421
vt 0.05651968 0.2588494
vt 0.07678467 0.3032775
vt 0.07666677 0.3033223
vt 0.07702898 0.303929
vt 0.05713152 0.2668438
vt 0.05652934 0.2668389
vt 0.0565176 0.2683255
vt 0.04085063 0.2857927
vt 0.03969031 0.2860855
vt 0.03993797 0.2868452
vt 0.0800358 0.3017209
vt 0.07954519 0.3012321
vt 0.07946836 0.3013356
vt 0.07702898 0.303929
vt 0.07760095 0.3043652
vt 0.07765966 0.3042458
vt 0.05712318 0.2588421
vt 0.05711263 0.258041
vt 0.05650895 0.2580497
vt 0.04105693 0.2864141
vt 0.03993797 0.2868452
vt 0.04037904 0.2875114
vt 0.08031624 0.3023717
vt 0.0800358 0.3017209
vt 0.07992845 0.3017955
vt 0.07760095 0.3043652
vt 0.07828074 0.3045625
vt 0.07829219 0.3044317
vt 0.05711263 0.258041
vt 0.05710011 0.2572396
vt 0.05649644 0.2572499
vt 0.0571196 0.2683307
vt 0.0565176 0.2683255
vt 0.0565043 0.2698116
vt 0.04204499 0.2872395
vt 0.04147386 0.2869192
vt 0.04098153 0.2880363
vt 0.08018988 0.3030522
vt 0.08031624 0.3030777
vt 0.08031624 0.3023717
vt 0.07828074 0.3045625
vt 0.07897943 0.3045028
vt 0.07894355 0.304378
vt 0.04269337 0.2873319
vt 0.04204499 0.2872395
vt 0.04157066 0.2885263
vt 0.07995802 0.3036395
vt 0.08006072 0.3037048
vt 0.08031624 0.3030777
vt 0.07897943 0.3045028
vt 0.07960176 0.3041992
vt 0.07952499 0.3040975
vt 0.07960176 0.3041992
vt 0.08006072 0.3037048
vt 0.07995802 0.3036395
vt 0.05708575 0.2564391
vt 0.05648201 0.25645
vt 0.05649644 0.2572499
vt 0.05707192 0.2556726
vt 0.05646812 0.2556829
vt 0.05648201 0.25645
vt 0.05710619 0.2698174
vt 0.0565043 0.2698116
vt 0.0564894 0.2712973
vt 0.05707192 0.2556726
vt 0.0570597 0.2549065
vt 0.05645591 0.2549156
vt 0.0570597 0.2549065
vt 0.05704885 0.2541404
vt 0.05644506 0.2541484
vt 0.05709117 0.2713038
vt 0.0564894 0.2712973
vt 0.05647289 0.2727827
vt 0.05704885 0.2541404
vt 0.05703955 0.2533743
vt 0.05643564 0.2533811
vt 0.05703181 0.2526083
vt 0.05642789 0.2526138
vt 0.05643564 0.2533811
vt 0.05707472 0.2727898
vt 0.05647289 0.2727827
vt 0.05645489 0.274268
vt 0.05564421 0.2628643
vt 0.05564558 0.2636641
vt 0.05624818 0.2636624
vt 0.05564558 0.2636641
vt 0.05564844 0.2644635
vt 0.05625087 0.2644609
vt 0.05564409 0.262064
vt 0.05564421 0.2628643
vt 0.05624699 0.2628637
vt 0.05564844 0.2644635
vt 0.05565273 0.2652627
vt 0.05625492 0.265259
vt 0.05564528 0.2612635
vt 0.05564409 0.262064
vt 0.05624729 0.2620646
vt 0.05565273 0.2652627
vt 0.05565851 0.2660615
vt 0.0562604 0.2660566
vt 0.05564826 0.2604622
vt 0.05564528 0.2612635
vt 0.05624878 0.261265
vt 0.05566573 0.2668593
vt 0.05626744 0.266854
vt 0.0562604 0.2660566
vt 0.05564826 0.2604622
vt 0.05625206 0.2604653
vt 0.056257 0.2596649
vt 0.05565285 0.2596606
vt 0.056257 0.2596649
vt 0.05626356 0.2588643
vt 0.05566573 0.2668593
vt 0.05567824 0.2683443
vt 0.05627977 0.2683393
vt 0.05566722 0.2580565
vt 0.05565917 0.2588588
vt 0.05626356 0.2588643
vt 0.05566722 0.2580565
vt 0.05627185 0.2580633
vt 0.05628174 0.2572621
vt 0.05567824 0.2683443
vt 0.05569016 0.2698287
vt 0.05629158 0.269824
vt 0.05568867 0.256452
vt 0.05567699 0.2572539
vt 0.05628174 0.2572621
vt 0.0556997 0.2556839
vt 0.05568867 0.256452
vt 0.05629348 0.2564607
vt 0.05569016 0.2698287
vt 0.05570149 0.2713128
vt 0.05630272 0.2713082
vt 0.0556997 0.2556839
vt 0.05630481 0.2556921
vt 0.05631434 0.2549232
vt 0.05570924 0.2549162
vt 0.05631434 0.2549232
vt 0.05632251 0.2541543
vt 0.05570149 0.2713128
vt 0.05571234 0.2727965
vt 0.05631345 0.2727922
vt 0.05571728 0.2541485
vt 0.05632251 0.2541543
vt 0.05632907 0.2533852
vt 0.05572873 0.2526128
vt 0.05572378 0.2533806
vt 0.05632907 0.2533852
vt 0.05572277 0.2742801
vt 0.05632376 0.2742761
vt 0.05631345 0.2727922
vt 0.05177307 0.3004507
vt 0.0522809 0.3008197
vt 0.05237269 0.30073
vt 0.05276358 0.3013184
vt 0.05237269 0.30073
vt 0.0522809 0.3008197
vt 0.05149412 0.3002416
vt 0.05115509 0.3001809
vt 0.05115121 0.3003005
vt 0.05276906 0.302019
vt 0.05290049 0.3020195
vt 0.05276358 0.3013184
vt 0.05115121 0.3003005
vt 0.05115509 0.3001809
vt 0.05049604 0.300275
vt 0.05265629 0.3026577
vt 0.05277431 0.3027024
vt 0.05290049 0.3020195
vt 0.05053585 0.3003946
vt 0.05049604 0.300275
vt 0.04989582 0.3006123
vt 0.05241203 0.3033091
vt 0.05277431 0.3027024
vt 0.05265629 0.3026577
vt 0.04997271 0.3007157
vt 0.04989582 0.3006123
vt 0.04940515 0.3011011
vt 0.05178129 0.3036259
vt 0.05184 0.3037454
vt 0.05241203 0.3033091
vt 0.04951256 0.3011756
vt 0.04940515 0.3011011
vt 0.04912483 0.3017518
vt 0.05114889 0.3038118
vt 0.05116021 0.3039427
vt 0.05184 0.3037454
vt 0.04912483 0.3017518
vt 0.04912483 0.3024579
vt 0.04925119 0.3024323
vt 0.05049741 0.3037581
vt 0.05046164 0.3038829
vt 0.05116021 0.3039427
vt 0.04912483 0.3024579
vt 0.04938024 0.303085
vt 0.04948294 0.3030196
vt 0.04991596 0.3034776
vt 0.04983931 0.3035794
vt 0.05046164 0.3038829
vt 0.04948294 0.3030196
vt 0.04938024 0.303085
vt 0.04983931 0.3035794
vt 0.03880739 0.2506467
vt 0.0391348 0.2506153
vt 0.03910499 0.2494236
vt 0.03819751 0.2508851
vt 0.03880739 0.2506467
vt 0.03831475 0.2495401
vt 0.0394622 0.2506447
vt 0.03989785 0.2495215
vt 0.03910499 0.2494236
vt 0.03819751 0.2508851
vt 0.03758388 0.2498629
vt 0.03696531 0.2503685
vt 0.04007357 0.2508794
vt 0.04063594 0.249827
vt 0.03989785 0.2495215
vt 0.03742474 0.2519148
vt 0.03771489 0.2513276
vt 0.03650355 0.2510205
vt 0.04007357 0.2508794
vt 0.04055863 0.251319
vt 0.04126596 0.2503178
vt 0.03736603 0.252567
vt 0.03742474 0.2519148
vt 0.03623223 0.251772
vt 0.0408523 0.2519043
vt 0.04203158 0.2517034
vt 0.0417428 0.2509588
vt 0.0408523 0.2519043
vt 0.04091459 0.252556
vt 0.04211193 0.2524981
vt 0.04197764 0.2532856
vt 0.04211193 0.2524981
vt 0.04091459 0.252556
vt 0.04034435 0.2537098
vt 0.04129785 0.2546949
vt 0.04163867 0.2540089
vt 0.03978878 0.2540561
vt 0.04111784 0.2554396
vt 0.04129785 0.2546949
vt 0.05270719 0.2951447
vt 0.05259323 0.295194
vt 0.05430805 0.2998371
vt 0.05430805 0.2998371
vt 0.05259323 0.295194
vt 0.05247044 0.2952158
vt 0.05642563 0.2984375
vt 0.05280601 0.2950706
vt 0.05270719 0.2951447
vt 0.0530647 0.3001327
vt 0.05247044 0.2952158
vt 0.05234557 0.2952087
vt 0.05288469 0.2949761
vt 0.05280601 0.2950706
vt 0.05642563 0.2984375
vt 0.05234557 0.2952087
vt 0.05222535 0.2951729
vt 0.05054372 0.2998375
vt 0.05768275 0.2962329
vt 0.05293881 0.2948666
vt 0.05288469 0.2949761
vt 0.05054372 0.2998375
vt 0.05222535 0.2951729
vt 0.05211639 0.2951103
vt 0.05296587 0.2947485
vt 0.05293881 0.2948666
vt 0.05768275 0.2962329
vt 0.05211639 0.2951103
vt 0.0520246 0.2950293
vt 0.04842376 0.2984413
vt 0.05780553 0.2936982
vt 0.05296444 0.2946284
vt 0.05296587 0.2947485
vt 0.0520246 0.2950293
vt 0.05195504 0.2949291
vt 0.04766064 0.2974136
vt 0.05764245 0.2928457
vt 0.05293458 0.2945129
vt 0.05296444 0.2946284
vt 0.04766064 0.2974136
vt 0.05195504 0.2949291
vt 0.05191153 0.2948158
vt 0.05287814 0.2944078
vt 0.05293458 0.2945129
vt 0.05756324 0.2926415
vt 0.04715609 0.2962358
vt 0.05191153 0.2948158
vt 0.05189615 0.2946952
vt 0.05279749 0.2943173
vt 0.05287814 0.2944078
vt 0.05694168 0.2915041
vt 0.04693865 0.2949717
vt 0.05189615 0.2946952
vt 0.05190974 0.2945744
vt 0.05500888 0.2898165
vt 0.05269646 0.2942464
vt 0.05279749 0.2943173
vt 0.05190974 0.2945744
vt 0.05195158 0.2944597
vt 0.0473991 0.2924619
vt 0.05258238 0.2941958
vt 0.05269646 0.2942464
vt 0.05500888 0.2898165
vt 0.0473991 0.2924619
vt 0.05195158 0.2944597
vt 0.05201923 0.2943577
vt 0.05245989 0.2941728
vt 0.05258238 0.2941958
vt 0.05380529 0.2893541
vt 0.04805237 0.2913551
vt 0.05201923 0.2943577
vt 0.05210924 0.294274
vt 0.05124598 0.2893128
vt 0.05233573 0.2941787
vt 0.05245989 0.2941728
vt 0.05210924 0.294274
vt 0.0522167 0.2942131
vt 0.05002993 0.2897359
vt 0.05002993 0.2897359
vt 0.0522167 0.2942131
vt 0.05233573 0.2941787
vt 0.03507113 0.2842412
vt 0.03512489 0.2850056
vt 0.03956514 0.2840878
vt 0.03602266 0.253246
vt 0.03602266 0.2547347
vt 0.03794348 0.253718
vt 0.03602266 0.2547347
vt 0.03623217 0.2562088
vt 0.03850138 0.2540612
vt 0.03850138 0.2540612
vt 0.03623217 0.2562088
vt 0.04110801 0.2562081
vt 0.03664708 0.2576386
vt 0.04126805 0.2569576
vt 0.04110801 0.2562081
vt 0.03725934 0.2589958
vt 0.04159051 0.2576529
vt 0.04126805 0.2569576
vt 0.0669161 0.2608244
vt 0.06399661 0.2573411
vt 0.06348049 0.257906
vt 0.06589996 0.2619137
vt 0.06348049 0.257906
vt 0.06285178 0.2583423
vt 0.06474053 0.262849
vt 0.06285178 0.2583423
vt 0.06214189 0.2586282
vt 0.06346112 0.2636119
vt 0.06214189 0.2586282
vt 0.06138622 0.2587494
vt 0.06208693 0.2641871
vt 0.06138622 0.2587494
vt 0.06062167 0.2587052
vt 0.05984592 0.2646028
vt 0.06064444 0.2645577
vt 0.06062167 0.2587052
vt 0.05984592 0.2646028
vt 0.05982267 0.2586661
vt 0.05904275 0.2588468
vt 0.05835789 0.2640523
vt 0.0590645 0.2644285
vt 0.05904275 0.2588468
vt 0.05835789 0.2640523
vt 0.05833894 0.2592283
vt 0.05776226 0.2597835
vt 0.05776226 0.2597835
vt 0.05735397 0.2604722
vt 0.05736327 0.2628162
vt 0.05736327 0.2628162
vt 0.05735397 0.2604722
vt 0.05714392 0.2612448
vt 0.04930144 0.2579397
vt 0.04878401 0.2573761
vt 0.04587715 0.2608626
vt 0.0499311 0.2583746
vt 0.04930144 0.2579397
vt 0.04689532 0.2619488
vt 0.05064159 0.2586588
vt 0.0499311 0.2583746
vt 0.04805612 0.2628808
vt 0.05139744 0.2587781
vt 0.05064159 0.2586588
vt 0.04933661 0.2636402
vt 0.05071133 0.2642118
vt 0.05215275 0.2645843
vt 0.05216187 0.2587322
vt 0.05295133 0.2646276
vt 0.05296069 0.2586912
vt 0.05216187 0.2587322
vt 0.05374109 0.25887
vt 0.05296069 0.2586912
vt 0.05295133 0.2646276
vt 0.05443799 0.2640737
vt 0.05444562 0.25925
vt 0.05374109 0.25887
vt 0.05502361 0.2598038
vt 0.05444562 0.25925
vt 0.05443799 0.2640737
vt 0.05542969 0.2628353
vt 0.05543339 0.2604914
vt 0.05502361 0.2598038
vt 0.05542969 0.2628353
vt 0.05564409 0.262064
vt 0.05564528 0.2612635
vt 0.05645489 0.274268
vt 0.05643683 0.2755772
vt 0.05703836 0.2755854
vt 0.05702203 0.2517052
vt 0.05641806 0.2517104
vt 0.05642789 0.2526138
vt 0.05633777 0.2517115
vt 0.05573248 0.2517088
vt 0.05572873 0.2526128
vt 0.05572277 0.2742801
vt 0.05573004 0.2755868
vt 0.05633091 0.275583
vt 0.03512489 0.2850056
vt 0.03509986 0.2859075
vt 0.03960537 0.2853998
vt 0.03785824 0.2601627
vt 0.04204839 0.2584292
vt 0.04159051 0.2576529
vt 0.06776285 0.2598205
vt 0.06453698 0.2566187
vt 0.06399661 0.2573411
vt 0.04878401 0.2573761
vt 0.04824328 0.2566557
vt 0.04502981 0.2598617
vt 0.05643683 0.2755772
vt 0.05641704 0.276981
vt 0.05701845 0.2769892
vt 0.05700683 0.2503174
vt 0.05640298 0.2503227
vt 0.05641806 0.2517104
vt 0.05633777 0.2517115
vt 0.05634403 0.2503204
vt 0.05573868 0.2503178
vt 0.05573004 0.2755868
vt 0.05573755 0.2769892
vt 0.05633848 0.2769854
vt 0.03509986 0.2859075
vt 0.03509747 0.2872934
vt 0.03960537 0.2868073
vt 0.03853863 0.2613949
vt 0.04272031 0.2596414
vt 0.04204839 0.2584292
vt 0.06863701 0.2587169
vt 0.06539571 0.2555307
vt 0.06453698 0.2566187
vt 0.04824328 0.2566557
vt 0.04738211 0.2555699
vt 0.04415321 0.2587604
vt 0.05641704 0.276981
vt 0.0563941 0.2784762
vt 0.05699551 0.2784854
vt 0.05699819 0.2494236
vt 0.05639433 0.2494282
vt 0.05640298 0.2503227
vt 0.05634582 0.2494253
vt 0.05574053 0.2494236
vt 0.05573868 0.2503178
vt 0.05573755 0.2769892
vt 0.055745 0.2784813
vt 0.05634582 0.2784778
vt 0.03509747 0.2872934
vt 0.03490644 0.288166
vt 0.03943866 0.2882974
vt 0.0394048 0.2626172
vt 0.04330921 0.2603113
vt 0.04272031 0.2596414
vt 0.06943213 0.2574444
vt 0.06578779 0.2547285
vt 0.06539571 0.2555307
vt 0.04738211 0.2555699
vt 0.04699009 0.2547698
vt 0.04335737 0.2574916
vt 0.04126703 0.2819525
vt 0.0412721 0.2825556
vt 0.04580622 0.2825556
vt 0.04127728 0.2813013
vt 0.04127234 0.2819043
vt 0.04581129 0.2819043
vt 0.07131874 0.3013115
vt 0.07143944 0.3012874
vt 0.07141298 0.3012019
vt 0.04052716 0.2825556
vt 0.04053658 0.2824664
vt 0.04043298 0.282446
vt 0.07151055 0.301162
vt 0.07141298 0.3012019
vt 0.07143944 0.3012874
vt 0.04040646 0.2825315
vt 0.04043298 0.282446
vt 0.04033535 0.2824061
vt 0.07151055 0.301162
vt 0.07155245 0.3012404
vt 0.07165443 0.3011727
vt 0.04019147 0.2824168
vt 0.04029351 0.2824845
vt 0.04033535 0.2824061
vt 0.07159805 0.3011032
vt 0.07165443 0.3011727
vt 0.07174271 0.3010768
vt 0.04024791 0.2823473
vt 0.04017281 0.2822643
vt 0.04010325 0.2823208
vt 0.07167309 0.3010202
vt 0.07174271 0.3010768
vt 0.07180672 0.3009756
vt 0.04017281 0.2822643
vt 0.04011845 0.2821771
vt 0.04003918 0.2822196
vt 0.07177132 0.3008374
vt 0.07172745 0.300933
vt 0.07180672 0.3009756
vt 0.04003918 0.2822196
vt 0.04011845 0.2821771
vt 0.04007458 0.2820815
vt 0.07177132 0.3008374
vt 0.07185626 0.3008635
vt 0.07187879 0.3007387
vt 0.03996706 0.2819828
vt 0.03998965 0.2821076
vt 0.04007458 0.2820815
vt 0.0717898 0.3007299
vt 0.07187879 0.3007387
vt 0.07187879 0.3006148
vt 0.03996706 0.2818589
vt 0.03996706 0.2819828
vt 0.04005599 0.2819739
vt 0.07177042 0.3005193
vt 0.0717892 0.3006235
vt 0.07187879 0.3006148
vt 0.03996706 0.2818589
vt 0.04005658 0.2818676
vt 0.04007548 0.2817634
vt 0.07177042 0.3005193
vt 0.0718556 0.3004935
vt 0.07180678 0.30038
vt 0.04007548 0.2817634
vt 0.04011815 0.2816663
vt 0.04003912 0.2816241
vt 0.07167148 0.3003313
vt 0.07172769 0.3004222
vt 0.07180678 0.30038
vt 0.04003912 0.2816241
vt 0.04011815 0.2816663
vt 0.04017442 0.2815754
vt 0.07167148 0.3003313
vt 0.07174003 0.3002748
vt 0.07165527 0.3001925
vt 0.04017442 0.2815754
vt 0.04024791 0.2815056
vt 0.04019069 0.2814366
vt 0.07151103 0.3001981
vt 0.07159805 0.3002615
vt 0.07165527 0.3001925
vt 0.04019069 0.2814366
vt 0.04024791 0.2815056
vt 0.04033493 0.2814422
vt 0.07151103 0.3001981
vt 0.07155299 0.3001197
vt 0.07143801 0.3000742
vt 0.04033493 0.2814422
vt 0.04043388 0.2814041
vt 0.04040783 0.2813183
vt 0.07130968 0.3001367
vt 0.07141208 0.30016
vt 0.07143801 0.3000742
vt 0.04040783 0.2813183
vt 0.04043388 0.2814041
vt 0.04053628 0.2813808
vt 0.07130968 0.3001367
vt 0.07131832 0.300048
vt 0.07119578 0.3000482
vt 0.04053628 0.2813808
vt 0.04064118 0.2813817
vt 0.04065012 0.2812923
vt 0.07119578 0.3000482
vt 0.07107573 0.3000728
vt 0.07110214 0.3001578
vt 0.04065012 0.2812923
vt 0.04064118 0.2813817
vt 0.04074382 0.2814019
vt 0.07110214 0.3001578
vt 0.07107573 0.3000728
vt 0.07096534 0.3001281
vt 0.04074382 0.2814019
vt 0.04083752 0.2814508
vt 0.04088062 0.2813721
vt 0.07096534 0.3001281
vt 0.07086294 0.3001977
vt 0.0709201 0.3002659
vt 0.04088062 0.2813721
vt 0.04083752 0.2814508
vt 0.0409258 0.28151
vt 0.07084506 0.3003409
vt 0.0709201 0.3002659
vt 0.07086294 0.3001977
vt 0.04098284 0.2814417
vt 0.0409258 0.28151
vt 0.04100084 0.281585
vt 0.07077604 0.3002852
vt 0.07070755 0.3003875
vt 0.07078593 0.300429
vt 0.04106986 0.2815293
vt 0.04100084 0.281585
vt 0.04105991 0.2816731
vt 0.07074463 0.3005269
vt 0.07078593 0.300429
vt 0.07070755 0.3003875
vt 0.04113829 0.2816316
vt 0.04105991 0.2816731
vt 0.04110133 0.2817709
vt 0.07071751 0.3006232
vt 0.07074463 0.3005269
vt 0.07065969 0.3005006
vt 0.04118627 0.2817447
vt 0.04110133 0.2817709
vt 0.04112839 0.2818673
vt 0.07071751 0.3006232
vt 0.07062941 0.3006129
vt 0.07062709 0.3007352
vt 0.04112839 0.2818673
vt 0.04112935 0.2819718
vt 0.04121887 0.2819793
vt 0.07073467 0.3008308
vt 0.07071661 0.3007277
vt 0.07062709 0.3007352
vt 0.04121887 0.2819793
vt 0.04112935 0.2819718
vt 0.04111117 0.2820749
vt 0.07073467 0.3008308
vt 0.07064908 0.3008555
vt 0.07069694 0.3009685
vt 0.04111117 0.2820749
vt 0.04106914 0.2821714
vt 0.04114884 0.2822126
vt 0.07083278 0.3010178
vt 0.0707767 0.3009273
vt 0.07069694 0.3009685
vt 0.04114884 0.2822126
vt 0.04106914 0.2821714
vt 0.04101312 0.2822618
vt 0.07083278 0.3010178
vt 0.07076352 0.3010734
vt 0.0708543 0.3011608
vt 0.0409916 0.2824048
vt 0.04108238 0.2823175
vt 0.04101312 0.2822618
vt 0.07099407 0.3011515
vt 0.07091152 0.3010919
vt 0.0708543 0.3011608
vt 0.0409916 0.2824048
vt 0.04093438 0.282336
vt 0.04085183 0.2823956
vt 0.07099407 0.3011515
vt 0.0709511 0.3012293
vt 0.07107067 0.3012786
vt 0.04085183 0.2823956
vt 0.04074877 0.2824367
vt 0.04077529 0.2825227
vt 0.07107067 0.3012786
vt 0.0711916 0.3013059
vt 0.07120072 0.3012167
vt 0.04077529 0.2825227
vt 0.04074877 0.2824367
vt 0.04064518 0.2824608
vt 0.07130938 0.3012223
vt 0.07120072 0.3012167
vt 0.0711916 0.3013059
vt 0.0406543 0.28255
vt 0.04064518 0.2824608
vt 0.04053658 0.2824664
vt 0.03808695 0.2810083
vt 0.03816938 0.2810216
vt 0.03831493 0.2804811
vt 0.04801976 0.3001876
vt 0.0478332 0.3002317
vt 0.04800277 0.3007523
vt 0.03831493 0.2804811
vt 0.03816938 0.2810216
vt 0.03824627 0.2810495
vt 0.04808354 0.3007365
vt 0.0481655 0.3007373
vt 0.0482127 0.3001809
vt 0.03824627 0.2810495
vt 0.03831642 0.2810933
vt 0.0386641 0.2806519
vt 0.0484057 0.3002129
vt 0.0482127 0.3001809
vt 0.0481655 0.3007373
vt 0.03880804 0.2808034
vt 0.0386641 0.2806519
vt 0.03831642 0.2810933
vt 0.04824525 0.3007544
vt 0.04832267 0.300793
vt 0.04860508 0.3002913
vt 0.03890621 0.2809578
vt 0.03880804 0.2808034
vt 0.03837531 0.2811553
vt 0.04860508 0.3002913
vt 0.04832267 0.300793
vt 0.04838752 0.3008411
vt 0.03890621 0.2809578
vt 0.03841924 0.2812232
vt 0.03845429 0.2812972
vt 0.04876601 0.3003979
vt 0.04838752 0.3008411
vt 0.04844683 0.3008985
vt 0.03845429 0.2812972
vt 0.03846919 0.2813826
vt 0.0390284 0.2813268
vt 0.04889732 0.3005493
vt 0.04844683 0.3008985
vt 0.04849421 0.300972
vt 0.0390284 0.2813268
vt 0.03846919 0.2813826
vt 0.03846794 0.2814667
vt 0.04899638 0.3007272
vt 0.04849421 0.300972
vt 0.0485264 0.3010508
vt 0.03904002 0.2815235
vt 0.03846794 0.2814667
vt 0.03845441 0.2815503
vt 0.04905468 0.3009093
vt 0.0485264 0.3010508
vt 0.04854339 0.3011339
vt 0.03891855 0.2818966
vt 0.03899723 0.2817178
vt 0.03845441 0.2815503
vt 0.04907655 0.3010955
vt 0.04854339 0.3011339
vt 0.04853904 0.3012186
vt 0.03891855 0.2818966
vt 0.03842324 0.2816293
vt 0.03837901 0.2817022
vt 0.04907655 0.3012818
vt 0.04853904 0.3012186
vt 0.04852074 0.3013019
vt 0.03880488 0.282058
vt 0.03837901 0.2817022
vt 0.03832238 0.2817606
vt 0.04852074 0.3013019
vt 0.04848647 0.3013757
vt 0.04897254 0.3016353
vt 0.03851121 0.2822895
vt 0.03867506 0.2821835
vt 0.03832238 0.2817606
vt 0.04897254 0.3016353
vt 0.04848647 0.3013757
vt 0.04843837 0.301447
vt 0.03851121 0.2822895
vt 0.03825402 0.281812
vt 0.03817725 0.281846
vt 0.04843837 0.301447
vt 0.0483765 0.3015044
vt 0.04872936 0.3019396
vt 0.03815698 0.2824055
vt 0.03833717 0.2823578
vt 0.03817725 0.281846
vt 0.04872936 0.3019396
vt 0.0483765 0.3015044
vt 0.04830884 0.301553
vt 0.03815698 0.2824055
vt 0.03809487 0.2818637
vt 0.03801262 0.2818673
vt 0.04830884 0.301553
vt 0.04823106 0.301583
vt 0.04838722 0.3021073
vt 0.03801262 0.2818673
vt 0.03793096 0.2818521
vt 0.03778415 0.2823776
vt 0.04820197 0.3021448
vt 0.04838722 0.3021073
vt 0.04823106 0.301583
vt 0.03778415 0.2823776
vt 0.03793096 0.2818521
vt 0.03785645 0.2818205
vt 0.04814928 0.3015978
vt 0.04806774 0.3015917
vt 0.04800844 0.3021445
vt 0.03785645 0.2818205
vt 0.03778553 0.2817747
vt 0.03744965 0.2822094
vt 0.04800844 0.3021445
vt 0.04806774 0.3015917
vt 0.04798638 0.3015761
vt 0.03731727 0.2820742
vt 0.03744965 0.2822094
vt 0.03778553 0.2817747
vt 0.04798638 0.3015761
vt 0.04790961 0.3015426
vt 0.0476523 0.3020199
vt 0.03772485 0.281719
vt 0.03767716 0.2816504
vt 0.0372017 0.2819244
vt 0.04749602 0.3019156
vt 0.0476523 0.3020199
vt 0.04790961 0.3015426
vt 0.03711599 0.2817516
vt 0.0372017 0.2819244
vt 0.03767716 0.2816504
vt 0.04784142 0.3014949
vt 0.0477842 0.3014349
vt 0.0473622 0.3017824
vt 0.03711599 0.2817516
vt 0.03764408 0.2815741
vt 0.03762233 0.2814984
vt 0.0477842 0.3014349
vt 0.04773813 0.3013699
vt 0.04726266 0.3016373
vt 0.03708142 0.2815736
vt 0.03762233 0.2814984
vt 0.03762102 0.2814181
vt 0.04726266 0.3016373
vt 0.04773813 0.3013699
vt 0.04770982 0.3012952
vt 0.03710275 0.2812017
vt 0.03708142 0.281387
vt 0.03762102 0.2814181
vt 0.04770982 0.3012952
vt 0.04769599 0.3012158
vt 0.04714536 0.3012787
vt 0.03716117 0.2810181
vt 0.03710275 0.2812017
vt 0.03763502 0.2813383
vt 0.04769599 0.3012158
vt 0.04770165 0.301133
vt 0.04714131 0.3010861
vt 0.03716117 0.2810181
vt 0.0376684 0.2812625
vt 0.0377137 0.2811907
vt 0.04714131 0.3010861
vt 0.04770165 0.301133
vt 0.04771995 0.3010511
vt 0.0377137 0.2811907
vt 0.03777492 0.2811279
vt 0.03739839 0.2807012
vt 0.04726058 0.3007157
vt 0.04717499 0.3008937
vt 0.04771995 0.3010511
vt 0.03739839 0.2807012
vt 0.03777492 0.2811279
vt 0.03783947 0.2810762
vt 0.04726058 0.3007157
vt 0.04775106 0.3009711
vt 0.04779565 0.3009007
vt 0.03755158 0.2805955
vt 0.03783947 0.2810762
vt 0.03791815 0.2810382
vt 0.04779565 0.3009007
vt 0.04785782 0.3008385
vt 0.04749363 0.3004126
vt 0.03791815 0.2810382
vt 0.03800171 0.2810168
vt 0.03792053 0.2804611
vt 0.04765617 0.3003133
vt 0.04749363 0.3004126
vt 0.04785782 0.3008385
vt 0.03792053 0.2804611
vt 0.03800171 0.2810168
vt 0.03808695 0.2810083
vt 0.04792547 0.3007895
vt 0.04800277 0.3007523
vt 0.0478332 0.3002317
vt 0.04556453 0.2803504
vt 0.04568564 0.2801694
vt 0.04523521 0.2799305
vt 0.07075297 0.2994155
vt 0.07120347 0.2991779
vt 0.07115787 0.2990678
vt 0.04528081 0.2798204
vt 0.04523521 0.2799305
vt 0.04568564 0.2801694
vt 0.07066953 0.2992142
vt 0.07115787 0.2990678
vt 0.07113462 0.2989509
vt 0.04528081 0.2798204
vt 0.04576897 0.2799681
vt 0.04581141 0.2797544
vt 0.07062709 0.2987827
vt 0.07062709 0.2990005
vt 0.07113462 0.2989509
vt 0.04530405 0.2797035
vt 0.04581141 0.2797544
vt 0.04579818 0.2795244
vt 0.07113462 0.2988318
vt 0.07116627 0.2987097
vt 0.07068502 0.2985597
vt 0.04529684 0.2795777
vt 0.04579818 0.2795244
vt 0.0457496 0.2793195
vt 0.07116627 0.2987097
vt 0.07121419 0.2986051
vt 0.07077264 0.2983682
vt 0.0452286 0.279355
vt 0.0452702 0.2794657
vt 0.0457496 0.2793195
vt 0.07077264 0.2983682
vt 0.07121419 0.2986051
vt 0.0712766 0.2985047
vt 0.0452286 0.279355
vt 0.04567342 0.2791173
vt 0.04554301 0.2789345
vt 0.07105034 0.2980309
vt 0.07088679 0.2981847
vt 0.0712766 0.2985047
vt 0.04515725 0.279255
vt 0.04554301 0.2789345
vt 0.04538762 0.2787821
vt 0.07123243 0.2979118
vt 0.07105034 0.2980309
vt 0.07136613 0.2984205
vt 0.04497367 0.2791049
vt 0.04507231 0.2791717
vt 0.04538762 0.2787821
vt 0.07123243 0.2979118
vt 0.07146573 0.2983553
vt 0.0715754 0.2983091
vt 0.04497367 0.2791049
vt 0.04520744 0.2786601
vt 0.04500377 0.2785823
vt 0.0715754 0.2983091
vt 0.07169294 0.2982892
vt 0.07164782 0.2977906
vt 0.04474508 0.2790358
vt 0.04486238 0.2790624
vt 0.04500377 0.2785823
vt 0.07164782 0.2977906
vt 0.07169294 0.2982892
vt 0.07181322 0.2982858
vt 0.04474508 0.2790358
vt 0.04478937 0.2785336
vt 0.04458099 0.2785402
vt 0.07181322 0.2982858
vt 0.07192432 0.2983116
vt 0.07207083 0.2978319
vt 0.04451125 0.2790588
vt 0.04463106 0.2790394
vt 0.04458099 0.2785402
vt 0.07207083 0.2978319
vt 0.07192432 0.2983116
vt 0.07203805 0.2983541
vt 0.04451125 0.2790588
vt 0.04436182 0.2785758
vt 0.04416245 0.2786654
vt 0.07203805 0.2983541
vt 0.0721355 0.2984235
vt 0.07245689 0.2980362
vt 0.04430192 0.2791712
vt 0.04440206 0.2791078
vt 0.04416245 0.2786654
vt 0.07245689 0.2980362
vt 0.0721355 0.2984235
vt 0.07222133 0.2985052
vt 0.04430192 0.2791712
vt 0.04397934 0.2787813
vt 0.04382765 0.278936
vt 0.07222133 0.2985052
vt 0.07228618 0.2986044
vt 0.07273238 0.298367
vt 0.04382765 0.278936
vt 0.04370748 0.2791157
vt 0.04415321 0.2793541
vt 0.07273238 0.298367
vt 0.07228618 0.2986044
vt 0.07233154 0.2987136
vt 0.04415321 0.2793541
vt 0.04370748 0.2791157
vt 0.04364222 0.2793229
vt 0.07233154 0.2987136
vt 0.07234442 0.2988318
vt 0.07283884 0.2987827
vt 0.04364222 0.2793229
vt 0.04359966 0.2795366
vt 0.0440942 0.2795844
vt 0.07283884 0.2987827
vt 0.07234442 0.2988318
vt 0.07234442 0.2989509
vt 0.0440942 0.2797035
vt 0.0440942 0.2795844
vt 0.04359966 0.2795366
vt 0.07283884 0.2990005
vt 0.07234442 0.2989509
vt 0.07232117 0.2990678
vt 0.04359966 0.2797544
vt 0.04364222 0.2799681
vt 0.04411745 0.2798204
vt 0.0727964 0.2992142
vt 0.07232117 0.2990678
vt 0.07227557 0.2991779
vt 0.04416304 0.2799305
vt 0.04411745 0.2798204
vt 0.04364222 0.2799681
vt 0.07271301 0.2994155
vt 0.07227557 0.2991779
vt 0.07220941 0.2992769
vt 0.04421925 0.2800282
vt 0.04416304 0.2799305
vt 0.04372555 0.2801694
vt 0.07259196 0.2995965
vt 0.07220941 0.2992769
vt 0.07213521 0.2993618
vt 0.04421925 0.2800282
vt 0.04382824 0.2803478
vt 0.04398083 0.2805005
vt 0.07213521 0.2993618
vt 0.0720371 0.2994274
vt 0.07227694 0.2998716
vt 0.04439997 0.2801785
vt 0.04430282 0.2801117
vt 0.04398083 0.2805005
vt 0.07227694 0.2998716
vt 0.0720371 0.2994274
vt 0.07192867 0.299474
vt 0.04439997 0.2801785
vt 0.04415857 0.2806227
vt 0.04436081 0.2807007
vt 0.07192867 0.299474
vt 0.07181185 0.2994943
vt 0.0718652 0.2999937
vt 0.04462766 0.2802478
vt 0.04451066 0.2802212
vt 0.04436081 0.2807007
vt 0.0718652 0.2999937
vt 0.07181185 0.2994943
vt 0.07169193 0.2994976
vt 0.04462766 0.2802478
vt 0.04457473 0.2807494
vt 0.04479736 0.2807414
vt 0.07142919 0.2999486
vt 0.07164585 0.2999998
vt 0.07169193 0.2994976
vt 0.04486238 0.2802247
vt 0.04474937 0.2802435
vt 0.04479736 0.2807414
vt 0.07142919 0.2999486
vt 0.07157331 0.2994695
vt 0.07146614 0.299429
vt 0.04486238 0.2802247
vt 0.04500377 0.2807071
vt 0.04521346 0.2806165
vt 0.07146614 0.299429
vt 0.07136344 0.2993581
vt 0.07104545 0.2997448
vt 0.04521346 0.2806165
vt 0.04539763 0.2805005
vt 0.0450778 0.2801117
vt 0.07104545 0.2997448
vt 0.07136344 0.2993581
vt 0.0712769 0.2992762
vt 0.04516905 0.2800296
vt 0.0450778 0.2801117
vt 0.04539763 0.2805005
vt 0.07088738 0.2995951
vt 0.0712769 0.2992762
vt 0.07120347 0.2991779
vt 0.06936389 0.3025291
vt 0.06921601 0.3022159
vt 0.06843155 0.3026337
vt 0.03629702 0.2974549
vt 0.03684973 0.2981332
vt 0.03710645 0.297905
vt 0.06833589 0.302497
vt 0.06843155 0.3026337
vt 0.06921601 0.3022159
vt 0.03640925 0.2973369
vt 0.03710645 0.297905
vt 0.03729033 0.2976149
vt 0.06903278 0.3019261
vt 0.06877678 0.3016969
vt 0.06822198 0.3023761
vt 0.03656065 0.2970459
vt 0.03650313 0.2971998
vt 0.03729033 0.2976149
vt 0.06807196 0.3022868
vt 0.06822198 0.3023761
vt 0.06877678 0.3016969
vt 0.03743916 0.2973002
vt 0.03749477 0.2969315
vt 0.03659105 0.296872
vt 0.06791955 0.3022311
vt 0.06807196 0.3022868
vt 0.06847655 0.3014923
vt 0.03749477 0.2969315
vt 0.03747975 0.2966039
vt 0.03658849 0.2967082
vt 0.06791955 0.3022311
vt 0.06817376 0.3013667
vt 0.06784033 0.3012968
vt 0.03747975 0.2966039
vt 0.03740179 0.2962752
vt 0.03655958 0.2965442
vt 0.06784033 0.3012968
vt 0.06748515 0.3013238
vt 0.06758821 0.3021988
vt 0.03648436 0.2963891
vt 0.03655958 0.2965442
vt 0.03740179 0.2962752
vt 0.06748515 0.3013238
vt 0.06716597 0.3014134
vt 0.06742745 0.3022298
vt 0.03638374 0.2962541
vt 0.03648436 0.2963891
vt 0.0372762 0.2959394
vt 0.06727534 0.3022952
vt 0.06742745 0.3022298
vt 0.06716597 0.3014134
vt 0.03708755 0.2956408
vt 0.03682214 0.2954034
vt 0.03626555 0.2961355
vt 0.06727534 0.3022952
vt 0.06686478 0.3015376
vt 0.06658869 0.3017203
vt 0.03626555 0.2961355
vt 0.03682214 0.2954034
vt 0.03652185 0.295227
vt 0.06702512 0.3025079
vt 0.06714284 0.3023908
vt 0.06658869 0.3017203
vt 0.03612464 0.2960455
vt 0.03652185 0.295227
vt 0.03619003 0.2951128
vt 0.06694483 0.3026411
vt 0.06702512 0.3025079
vt 0.06635075 0.3019558
vt 0.03596919 0.2959802
vt 0.03619003 0.2951128
vt 0.03587251 0.2950677
vt 0.06694483 0.3026411
vt 0.06617099 0.3022205
vt 0.06603574 0.302536
vt 0.03581452 0.2959533
vt 0.03587251 0.2950677
vt 0.03552722 0.2950859
vt 0.06688028 0.3027946
vt 0.06603574 0.302536
vt 0.06596744 0.3028734
vt 0.03552722 0.2950859
vt 0.03520673 0.2951695
vt 0.03549134 0.2959847
vt 0.06686007 0.3031168
vt 0.06685781 0.3029543
vt 0.06596744 0.3028734
vt 0.03549134 0.2959847
vt 0.03520673 0.2951695
vt 0.034913 0.2953116
vt 0.06689965 0.3032725
vt 0.06686007 0.3031168
vt 0.06596744 0.3032131
vt 0.034913 0.2953116
vt 0.03465747 0.2955044
vt 0.03521251 0.2961347
vt 0.06689965 0.3032725
vt 0.06603604 0.303552
vt 0.06619381 0.3038578
vt 0.03521251 0.2961347
vt 0.03465747 0.2955044
vt 0.03442454 0.2957282
vt 0.06706368 0.3035511
vt 0.06696856 0.3034182
vt 0.06619381 0.3038578
vt 0.03510403 0.2962471
vt 0.03442454 0.2957282
vt 0.03425943 0.2960073
vt 0.06639671 0.3041173
vt 0.06663864 0.3043327
vt 0.06717699 0.3036725
vt 0.03502774 0.2963916
vt 0.03425943 0.2960073
vt 0.03412532 0.2963072
vt 0.06717699 0.3036725
vt 0.06663864 0.3043327
vt 0.06690061 0.3045181
vt 0.0349704 0.2965431
vt 0.03412532 0.2963072
vt 0.03407466 0.2966357
vt 0.06690061 0.3045181
vt 0.06720042 0.3046305
vt 0.06745803 0.3038331
vt 0.03494012 0.2967065
vt 0.03407466 0.2966357
vt 0.03406316 0.2969712
vt 0.06745803 0.3038331
vt 0.06720042 0.3046305
vt 0.06750863 0.3047075
vt 0.03494727 0.2968708
vt 0.03406316 0.2969712
vt 0.03414022 0.2972966
vt 0.06761527 0.3038678
vt 0.06750863 0.3047075
vt 0.06780779 0.304727
vt 0.03498125 0.2970359
vt 0.03414022 0.2972966
vt 0.0342459 0.297593
vt 0.06776469 0.3038794
vt 0.06780779 0.304727
vt 0.06813365 0.3046881
vt 0.03504145 0.2971809
vt 0.0342459 0.297593
vt 0.03443449 0.2978704
vt 0.06792116 0.3038497
vt 0.06813365 0.3046881
vt 0.06844854 0.3045846
vt 0.0351237 0.2973175
vt 0.03443449 0.2978704
vt 0.03467059 0.2981039
vt 0.06820446 0.3036989
vt 0.06806975 0.3037909
vt 0.06844854 0.3045846
vt 0.03467059 0.2981039
vt 0.0349428 0.2982852
vt 0.03536409 0.2975275
vt 0.06820446 0.3036989
vt 0.06874501 0.3044155
vt 0.06900769 0.304185
vt 0.03536409 0.2975275
vt 0.0349428 0.2982852
vt 0.03524887 0.2984128
vt 0.06900769 0.304185
vt 0.06919759 0.3038852
vt 0.06842058 0.3034434
vt 0.03567385 0.2976268
vt 0.03551071 0.2975976
vt 0.03524887 0.2984128
vt 0.06842058 0.3034434
vt 0.06919759 0.3038852
vt 0.06933897 0.303592
vt 0.03558015 0.2985047
vt 0.03590095 0.2985047
vt 0.03583121 0.2976341
vt 0.0684843 0.3032966
vt 0.06933897 0.303592
vt 0.06943213 0.3032317
vt 0.03590095 0.2985047
vt 0.03624278 0.298436
vt 0.03600138 0.2976014
vt 0.06851524 0.3031255
vt 0.06943213 0.3032317
vt 0.06942033 0.3028833
vt 0.03600138 0.2976014
vt 0.03624278 0.298436
vt 0.03655976 0.2983309
vt 0.06849098 0.3027897
vt 0.06852316 0.3029573
vt 0.06942033 0.3028833
vt 0.03655976 0.2983309
vt 0.03684973 0.2981332
vt 0.03629702 0.2974549
vt 0.03714519 0.3011253
vt 0.03731656 0.3008689
vt 0.0369032 0.3006496
vt 0.06296586 0.3036058
vt 0.0633794 0.3033877
vt 0.06329607 0.3031864
vt 0.03698652 0.3004484
vt 0.0369032 0.3006496
vt 0.03731656 0.3008689
vt 0.06284779 0.3033208
vt 0.06329607 0.3031864
vt 0.06325352 0.3029728
vt 0.03698652 0.3004484
vt 0.03743457 0.3005839
vt 0.03749477 0.3002814
vt 0.06278765 0.3027098
vt 0.06278765 0.3030183
vt 0.06325352 0.3029728
vt 0.03702896 0.3002347
vt 0.03749477 0.3002814
vt 0.03747588 0.2999557
vt 0.06325352 0.3027549
vt 0.06331151 0.3025319
vt 0.06286966 0.3023941
vt 0.03701573 0.3000047
vt 0.03747588 0.2999557
vt 0.03740715 0.2996657
vt 0.06331151 0.3025319
vt 0.06339907 0.3023404
vt 0.06299364 0.302123
vt 0.03689098 0.2995977
vt 0.03696715 0.2997998
vt 0.03740715 0.2996657
vt 0.06299364 0.302123
vt 0.06339907 0.3023404
vt 0.06351327 0.302157
vt 0.03689098 0.2995977
vt 0.03729927 0.2993795
vt 0.03711467 0.2991205
vt 0.06338691 0.3016454
vt 0.06315535 0.3018633
vt 0.06351327 0.302157
vt 0.03676056 0.2994149
vt 0.03711467 0.2991205
vt 0.03689473 0.2989048
vt 0.06364476 0.3014767
vt 0.06338691 0.3016454
vt 0.06367671 0.3020031
vt 0.03642505 0.2991404
vt 0.03660517 0.2992624
vt 0.03689473 0.2989048
vt 0.06364476 0.3014767
vt 0.06385892 0.301884
vt 0.06405937 0.3017995
vt 0.03642505 0.2991404
vt 0.03663957 0.298732
vt 0.03635126 0.2986219
vt 0.06405937 0.3017995
vt 0.06427425 0.3017629
vt 0.06423282 0.3013053
vt 0.03600692 0.299014
vt 0.03622144 0.2990627
vt 0.03635126 0.2986219
vt 0.06423282 0.3013053
vt 0.06427425 0.3017629
vt 0.06449413 0.301757
vt 0.03600692 0.299014
vt 0.03604775 0.2985529
vt 0.03575253 0.2985623
vt 0.06449413 0.301757
vt 0.06469732 0.3018041
vt 0.06483179 0.3013636
vt 0.0355795 0.2990561
vt 0.03579843 0.2990205
vt 0.03575253 0.2985623
vt 0.06483179 0.3013636
vt 0.06469732 0.3018041
vt 0.06490516 0.3018817
vt 0.0355795 0.2990561
vt 0.03544241 0.2986126
vt 0.03515994 0.2987394
vt 0.06490516 0.3018817
vt 0.06508338 0.3020085
vt 0.06537842 0.301653
vt 0.0351969 0.2992616
vt 0.03538 0.2991457
vt 0.03515994 0.2987394
vt 0.06537842 0.301653
vt 0.06508338 0.3020085
vt 0.06524032 0.3021579
vt 0.0351969 0.2992616
vt 0.03490066 0.2989036
vt 0.03468608 0.2991227
vt 0.06524032 0.3021579
vt 0.06535875 0.3023392
vt 0.06576842 0.3021213
vt 0.03468608 0.2991227
vt 0.03451585 0.299377
vt 0.0349251 0.2995959
vt 0.06576842 0.3021213
vt 0.06535875 0.3023392
vt 0.0654416 0.3025389
vt 0.0349251 0.2995959
vt 0.03451585 0.299377
vt 0.03442335 0.2996704
vt 0.0654416 0.3025389
vt 0.06546533 0.3027549
vt 0.06591922 0.3027098
vt 0.03442335 0.2996704
vt 0.03436315 0.299973
vt 0.03481721 0.3000169
vt 0.06591922 0.3027098
vt 0.06546533 0.3027549
vt 0.06546533 0.3029728
vt 0.03481721 0.3002347
vt 0.03481721 0.3000169
vt 0.03436315 0.299973
vt 0.06591922 0.3030183
vt 0.06546533 0.3029728
vt 0.06542283 0.3031864
vt 0.03436315 0.3002814
vt 0.03442335 0.3005839
vt 0.03485965 0.3004484
vt 0.06585907 0.3033208
vt 0.06542283 0.3031864
vt 0.0653395 0.3033876
vt 0.0349431 0.3006496
vt 0.03485965 0.3004484
vt 0.03442335 0.3005839
vt 0.065741 0.3036057
vt 0.0653395 0.3033876
vt 0.0652185 0.3035688
vt 0.0350458 0.3008281
vt 0.0349431 0.3006496
vt 0.03454136 0.3008689
vt 0.06556963 0.3038622
vt 0.0652185 0.3035688
vt 0.06508296 0.3037238
vt 0.0350458 0.3008281
vt 0.0346868 0.3011216
vt 0.03490287 0.3013378
vt 0.06508296 0.3037238
vt 0.06490337 0.3038438
vt 0.06512361 0.3042515
vt 0.03537613 0.3011031
vt 0.03519839 0.3009808
vt 0.03490287 0.3013378
vt 0.06512361 0.3042515
vt 0.06490337 0.3038438
vt 0.06470531 0.303929
vt 0.03537613 0.3011031
vt 0.03515458 0.3015109
vt 0.0354408 0.3016212
vt 0.06470531 0.303929
vt 0.06449168 0.303966
vt 0.06454068 0.3044245
vt 0.03579229 0.3012298
vt 0.03557837 0.3011809
vt 0.0354408 0.3016212
vt 0.06454068 0.3044245
vt 0.06449168 0.303966
vt 0.06427246 0.3039721
vt 0.03579229 0.3012298
vt 0.03574371 0.3016902
vt 0.0360589 0.3016789
vt 0.06392329 0.3043606
vt 0.06423026 0.3044332
vt 0.06427246 0.3039721
vt 0.03622144 0.3011874
vt 0.03601491 0.3012218
vt 0.0360589 0.3016789
vt 0.06392329 0.3043606
vt 0.06405562 0.3039209
vt 0.0638597 0.3038468
vt 0.03622144 0.3011874
vt 0.03635138 0.3016302
vt 0.03664797 0.301502
vt 0.0638597 0.3038468
vt 0.06367194 0.3037171
vt 0.06338 0.3040721
vt 0.03664797 0.301502
vt 0.03690886 0.3013377
vt 0.03661519 0.3009808
vt 0.06338 0.3040721
vt 0.06367194 0.3037171
vt 0.06351387 0.3035673
vt 0.03678208 0.3008308
vt 0.03661519 0.3009808
vt 0.03690886 0.3013377
vt 0.06315618 0.3038602
vt 0.06351387 0.3035673
vt 0.0633794 0.3033877
vt 0.0698657 0.2935055
vt 0.06974506 0.2932207
vt 0.06968277 0.2932406
vt 0.07194286 0.2975229
vt 0.07197064 0.2975806
vt 0.07224309 0.2974069
vt 0.06961661 0.2929199
vt 0.06968277 0.2932406
vt 0.06974506 0.2932207
vt 0.0722028 0.2973555
vt 0.07224309 0.2974069
vt 0.07247704 0.2971793
vt 0.06968188 0.292913
vt 0.06968295 0.2925984
vt 0.06961733 0.2925911
vt 0.07242667 0.2971369
vt 0.07247704 0.2971793
vt 0.07266211 0.2969054
vt 0.06969678 0.2922509
vt 0.06961733 0.2925911
vt 0.06968295 0.2925984
vt 0.07266211 0.2969054
vt 0.07278484 0.2965766
vt 0.07272106 0.2965596
vt 0.06969678 0.2922509
vt 0.06976097 0.2922729
vt 0.06988871 0.2919912
vt 0.07278484 0.2965766
vt 0.07283884 0.2962629
vt 0.07277315 0.2962575
vt 0.06983077 0.2919584
vt 0.06988871 0.2919912
vt 0.07006216 0.2917308
vt 0.07283884 0.2962629
vt 0.07283884 0.2959405
vt 0.07277464 0.2959478
vt 0.07001262 0.2916885
vt 0.07006216 0.2917308
vt 0.07029461 0.2915107
vt 0.07270771 0.2956356
vt 0.07277464 0.2959478
vt 0.07283884 0.2959405
vt 0.07025516 0.2914593
vt 0.07029461 0.2915107
vt 0.07055687 0.2913437
vt 0.07270771 0.2956356
vt 0.07276809 0.2956164
vt 0.07264316 0.2953199
vt 0.07052767 0.291286
vt 0.07055687 0.2913437
vt 0.0708422 0.2912294
vt 0.07258599 0.2953504
vt 0.07264316 0.2953199
vt 0.07246291 0.2950493
vt 0.07082557 0.2911682
vt 0.0708422 0.2912294
vt 0.07114219 0.2911801
vt 0.07241237 0.2950905
vt 0.07246291 0.2950493
vt 0.07223027 0.2948209
vt 0.07146131 0.2911177
vt 0.07113724 0.2911177
vt 0.07114219 0.2911801
vt 0.07218843 0.2948717
vt 0.07223027 0.2948209
vt 0.07195574 0.2946344
vt 0.07175791 0.291194
vt 0.07146131 0.2911177
vt 0.07145321 0.2911822
vt 0.07192462 0.2946924
vt 0.07195574 0.2946344
vt 0.07167118 0.2945214
vt 0.07175791 0.291194
vt 0.07173728 0.2912543
vt 0.07202059 0.2913718
vt 0.07165181 0.2945819
vt 0.07167118 0.2945214
vt 0.07136452 0.2944474
vt 0.07229882 0.2915047
vt 0.07205086 0.2913192
vt 0.07202059 0.2913718
vt 0.07135766 0.2945074
vt 0.07136452 0.2944474
vt 0.07105588 0.2944503
vt 0.07251638 0.2917309
vt 0.07229882 0.2915047
vt 0.07225728 0.2915518
vt 0.07106113 0.2945124
vt 0.07105588 0.2944503
vt 0.07075101 0.2945009
vt 0.07267761 0.2920023
vt 0.07251638 0.2917309
vt 0.07246643 0.2917694
vt 0.07076799 0.2945611
vt 0.07075101 0.2945009
vt 0.07046025 0.2946216
vt 0.07267761 0.2920023
vt 0.07261854 0.2920296
vt 0.07271724 0.2923121
vt 0.07049041 0.2946782
vt 0.07046025 0.2946216
vt 0.07019478 0.2948
vt 0.07277804 0.2922972
vt 0.07271724 0.2923121
vt 0.0727669 0.2926121
vt 0.07019478 0.2948
vt 0.06998038 0.2950488
vt 0.07003295 0.2950878
vt 0.0727669 0.2926121
vt 0.07277506 0.2929205
vt 0.07283884 0.2929245
vt 0.06986588 0.2953495
vt 0.07003295 0.2950878
vt 0.06998038 0.2950488
vt 0.0727874 0.2932438
vt 0.07283884 0.2929245
vt 0.07277506 0.2929205
vt 0.06980812 0.2953207
vt 0.06969219 0.2956204
vt 0.0697543 0.2956373
vt 0.0727874 0.2932438
vt 0.07272368 0.2932265
vt 0.07261353 0.2935151
vt 0.06970155 0.2959419
vt 0.0697543 0.2956373
vt 0.06969219 0.2956204
vt 0.07267028 0.2935439
vt 0.07261353 0.2935151
vt 0.07245051 0.2937726
vt 0.06963729 0.2959373
vt 0.06964218 0.2962608
vt 0.06970661 0.2962545
vt 0.07250148 0.2938105
vt 0.07245051 0.2937726
vt 0.07226806 0.2939895
vt 0.06964218 0.2962608
vt 0.0696941 0.2965575
vt 0.06975519 0.2965415
vt 0.07230919 0.2940358
vt 0.07226806 0.2939895
vt 0.0720281 0.2941549
vt 0.0696941 0.2965575
vt 0.0697968 0.2968485
vt 0.06985294 0.2968221
vt 0.07177937 0.2943311
vt 0.07205742 0.2942076
vt 0.0720281 0.2941549
vt 0.0697968 0.2968485
vt 0.06995099 0.2971105
vt 0.06999921 0.2970742
vt 0.07147181 0.29439
vt 0.07177937 0.2943311
vt 0.07176077 0.2942718
vt 0.06999921 0.2970742
vt 0.06995099 0.2971105
vt 0.07016211 0.2973347
vt 0.07115215 0.2943993
vt 0.07147181 0.29439
vt 0.07146465 0.2943267
vt 0.07020431 0.2972882
vt 0.07016211 0.2973347
vt 0.07041323 0.297528
vt 0.07115215 0.2943993
vt 0.07115727 0.2943349
vt 0.07084059 0.2942704
vt 0.07073849 0.2975968
vt 0.07044571 0.2974732
vt 0.07041323 0.297528
vt 0.0705263 0.2942204
vt 0.07082182 0.2943357
vt 0.07084059 0.2942704
vt 0.07073849 0.2975968
vt 0.07071709 0.2976599
vt 0.07101809 0.2977337
vt 0.0705263 0.2942204
vt 0.0705567 0.2941623
vt 0.07028073 0.29398
vt 0.07102578 0.2976704
vt 0.07101809 0.2977337
vt 0.07135021 0.2977365
vt 0.07023966 0.2940311
vt 0.07028073 0.29398
vt 0.0700528 0.2937633
vt 0.07134574 0.2976744
vt 0.07135021 0.2977365
vt 0.07166135 0.2976885
vt 0.07000339 0.2938059
vt 0.0700528 0.2937633
vt 0.0698657 0.2935055
vt 0.07164633 0.297627
vt 0.07166135 0.2976885
vt 0.07197064 0.2975806
vt 0.07947993 0.2997289
vt 0.07987004 0.2992136
vt 0.07837927 0.2983066
vt 0.03377485 0.280076
vt 0.03460055 0.2785404
vt 0.03434348 0.2783698
vt 0.07851392 0.2980291
vt 0.07837927 0.2983066
vt 0.07987004 0.2992136
vt 0.03323632 0.2797187
vt 0.03434348 0.2783698
vt 0.03412473 0.2781525
vt 0.07851392 0.2980291
vt 0.08015215 0.2986323
vt 0.08031535 0.2980069
vt 0.03241717 0.2787269
vt 0.03277796 0.2792632
vt 0.03412473 0.2781525
vt 0.07859182 0.2977306
vt 0.08031535 0.2980069
vt 0.08031624 0.2973233
vt 0.03395259 0.2778965
vt 0.03384441 0.2775887
vt 0.03219044 0.2780821
vt 0.07859218 0.2974044
vt 0.08031624 0.2973233
vt 0.0802083 0.2967081
vt 0.03384441 0.2775887
vt 0.03379601 0.2772946
vt 0.03208893 0.2774657
vt 0.0784499 0.2968186
vt 0.07854062 0.2971107
vt 0.0802083 0.2967081
vt 0.03208893 0.2774657
vt 0.03379601 0.2772946
vt 0.03378516 0.2769889
vt 0.08005899 0.2960906
vt 0.07987666 0.2954357
vt 0.07828086 0.2965493
vt 0.03202587 0.2768336
vt 0.03378516 0.2769889
vt 0.03385561 0.2766789
vt 0.07987666 0.2954357
vt 0.07969444 0.2946919
vt 0.07807403 0.2963209
vt 0.03198146 0.2761553
vt 0.03385561 0.2766789
vt 0.03397542 0.276395
vt 0.07782953 0.2961334
vt 0.07807403 0.2963209
vt 0.07969444 0.2946919
vt 0.03190761 0.275393
vt 0.03397542 0.276395
vt 0.03414422 0.2761372
vt 0.0775482 0.2960066
vt 0.07782953 0.2961334
vt 0.07941401 0.2938911
vt 0.03190761 0.2745446
vt 0.03414422 0.2761372
vt 0.03436774 0.2759244
vt 0.07724928 0.2959198
vt 0.0775482 0.2960066
vt 0.0789799 0.2930907
vt 0.03205275 0.2736456
vt 0.03436774 0.2759244
vt 0.03462111 0.2757437
vt 0.07724928 0.2959198
vt 0.07847338 0.292487
vt 0.07688379 0.2941955
vt 0.03462111 0.2757437
vt 0.03489708 0.2756385
vt 0.03439623 0.2739956
vt 0.07664144 0.2959436
vt 0.07695406 0.2959117
vt 0.07688379 0.2941955
vt 0.03439623 0.2739956
vt 0.03489708 0.2756385
vt 0.03520268 0.2755654
vt 0.07664144 0.2959436
vt 0.07622879 0.2942626
vt 0.07562237 0.294493
vt 0.03520268 0.2755654
vt 0.0355122 0.2755735
vt 0.03568506 0.2738594
vt 0.0760836 0.2962021
vt 0.07635211 0.2960536
vt 0.07562237 0.294493
vt 0.03568506 0.2738594
vt 0.0355122 0.2755735
vt 0.0358147 0.2756249
vt 0.0760836 0.2962021
vt 0.07505983 0.2948042
vt 0.0745837 0.2952359
vt 0.0358147 0.2756249
vt 0.03609722 0.2757443
vt 0.03691095 0.2742173
vt 0.0745837 0.2952359
vt 0.07419621 0.2957468
vt 0.07567143 0.2966519
vt 0.03691095 0.2742173
vt 0.03609722 0.2757443
vt 0.03635233 0.2759133
vt 0.07567143 0.2966519
vt 0.07419621 0.2957468
vt 0.07396644 0.2963493
vt 0.03635233 0.2759133
vt 0.03655081 0.2761484
vt 0.03786152 0.2750641
vt 0.07396644 0.2963493
vt 0.07348406 0.2968712
vt 0.07548379 0.2972379
vt 0.03786152 0.2750641
vt 0.03655081 0.2761484
vt 0.03672307 0.2764043
vt 0.07548379 0.2972379
vt 0.07348406 0.2968712
vt 0.07367676 0.2976233
vt 0.03672307 0.2764043
vt 0.03684198 0.2766889
vt 0.03855592 0.2761707
vt 0.07546573 0.2975458
vt 0.07367676 0.2976233
vt 0.07385349 0.29826
vt 0.03859955 0.2768301
vt 0.03855592 0.2761707
vt 0.03684198 0.2766889
vt 0.0756089 0.2981428
vt 0.07550787 0.2978514
vt 0.07385349 0.29826
vt 0.03859955 0.2768301
vt 0.03690308 0.2769912
vt 0.03690409 0.2772996
vt 0.07573914 0.2984036
vt 0.0756089 0.2981428
vt 0.0740652 0.2988707
vt 0.03860163 0.2774764
vt 0.03690409 0.2772996
vt 0.03686743 0.2775888
vt 0.07573914 0.2984036
vt 0.07433807 0.2994172
vt 0.07476347 0.2998961
vt 0.03686743 0.2775888
vt 0.03675132 0.2778717
vt 0.03828144 0.278675
vt 0.07618314 0.2988198
vt 0.07594215 0.2986322
vt 0.07476347 0.2998961
vt 0.03828144 0.278675
vt 0.03675132 0.2778717
vt 0.03658592 0.2781284
vt 0.07618314 0.2988198
vt 0.07526844 0.3002893
vt 0.07585376 0.3005553
vt 0.03658592 0.2781284
vt 0.03636425 0.2783406
vt 0.03747034 0.2796575
vt 0.0767607 0.2990336
vt 0.0764625 0.2989468
vt 0.07585376 0.3005553
vt 0.03747034 0.2796575
vt 0.03636425 0.2783406
vt 0.03611147 0.2785211
vt 0.0767607 0.2990336
vt 0.0764786 0.3007373
vt 0.07713931 0.3007526
vt 0.03632223 0.2802685
vt 0.03694075 0.2800357
vt 0.03611147 0.2785211
vt 0.07737076 0.2990097
vt 0.07707601 0.299041
vt 0.07713931 0.3007526
vt 0.03632223 0.2802685
vt 0.03581631 0.2786323
vt 0.0355277 0.2787001
vt 0.07737076 0.2990097
vt 0.077757 0.3006869
vt 0.07839351 0.3004553
vt 0.0355277 0.2787001
vt 0.03520447 0.2786962
vt 0.03504037 0.2804025
vt 0.07839351 0.3004553
vt 0.07895934 0.3001439
vt 0.07794469 0.2987505
vt 0.03504037 0.2804025
vt 0.03520447 0.2786962
vt 0.03490048 0.2786451
vt 0.07819306 0.2985524
vt 0.07794469 0.2987505
vt 0.07895934 0.3001439
vt 0.03440326 0.2802957
vt 0.03490048 0.2786451
vt 0.03460055 0.2785404
vt 0.07297545 0.2962646
vt 0.07288706 0.296833
vt 0.07348406 0.2968712
vt 0.03876882 0.2746566
vt 0.03786152 0.2750641
vt 0.03848916 0.2753973
vt 0.07688379 0.2941955
vt 0.07749891 0.2911177
vt 0.07614034 0.2920027
vt 0.03439623 0.2739956
vt 0.03503656 0.2738424
vt 0.03437316 0.2716803
vt 0.07622879 0.2942626
vt 0.07614034 0.2920027
vt 0.07553386 0.2922331
vt 0.03503656 0.2738424
vt 0.03568506 0.2738594
vt 0.0350216 0.2716973
vt 0.07562237 0.294493
vt 0.07553386 0.2922331
vt 0.07497137 0.2925443
vt 0.03568506 0.2738594
vt 0.03631895 0.2739671
vt 0.03565537 0.271805
vt 0.07505983 0.2948042
vt 0.07497137 0.2925443
vt 0.07449525 0.292976
vt 0.03631895 0.2739671
vt 0.03691095 0.2742173
vt 0.03624743 0.2720551
vt 0.0745837 0.2952359
vt 0.07449525 0.292976
vt 0.07410782 0.2934869
vt 0.03678202 0.2724092
vt 0.03624743 0.2720551
vt 0.03691095 0.2742173
vt 0.07419621 0.2957468
vt 0.07410782 0.2934869
vt 0.07387804 0.2940894
vt 0.03744548 0.2745714
vt 0.03786152 0.2750641
vt 0.03719794 0.2729019
vt 0.07387804 0.2940894
vt 0.07288706 0.2940047
vt 0.07297545 0.2962646
vt 0.03719794 0.2729019
vt 0.03786152 0.2750641
vt 0.03876882 0.2746566
vt 0.07847338 0.292487
vt 0.07787573 0.2919274
vt 0.07688379 0.2941955
vt 0.03271031 0.2721828
vt 0.03233122 0.2729084
vt 0.03439623 0.2739956
vt 0.07787573 0.2919274
vt 0.07749891 0.2911177
vt 0.07688379 0.2941955
vt 0.0327984 0.271294
vt 0.03271031 0.2721828
vt 0.03439623 0.2739956
vt 0.0390886 0.2722523
vt 0.04119879 0.2722523
vt 0.04119879 0.271606
vt 0.04119879 0.271606
vt 0.04119879 0.2722523
vt 0.04330909 0.2722522
vt 0.0390886 0.2709597
vt 0.0390886 0.271606
vt 0.04119879 0.271606
vt 0.04119879 0.271606
vt 0.04330909 0.2716059
vt 0.04330909 0.2709596
vt 0.0390886 0.2709597
vt 0.04119879 0.2709597
vt 0.04119879 0.2703134
vt 0.04119879 0.2709597
vt 0.04330909 0.2709596
vt 0.04330909 0.2703134
vt 0.0390886 0.2703135
vt 0.04119879 0.2703134
vt 0.04119879 0.2696298
vt 0.04119879 0.2703134
vt 0.04330909 0.2703134
vt 0.04330903 0.2696298
vt 0.0390886 0.2696299
vt 0.04119879 0.2696298
vt 0.04119879 0.2690052
vt 0.04119879 0.2696298
vt 0.04330903 0.2696298
vt 0.04330903 0.2690051
vt 0.03908848 0.26837
vt 0.03908848 0.2690053
vt 0.04119879 0.2690052
vt 0.04119879 0.2690052
vt 0.04330903 0.2690051
vt 0.04330891 0.2683698
vt 0.04119873 0.2683699
vt 0.04119873 0.2676902
vt 0.03908848 0.2676902
vt 0.04119873 0.2676902
vt 0.04119873 0.2683699
vt 0.04330891 0.2683698
vt 0.04119873 0.2676902
vt 0.04119861 0.2669243
vt 0.03908848 0.2669244
vt 0.04119873 0.2676902
vt 0.04330891 0.2676901
vt 0.04330891 0.2669242
vt 0.03908842 0.266076
vt 0.03908848 0.2669244
vt 0.04119861 0.2669243
vt 0.04119861 0.2669243
vt 0.04330891 0.2669242
vt 0.04330879 0.2660758
vt 0.03908842 0.266076
vt 0.04119861 0.2660759
vt 0.04119861 0.2651653
vt 0.04330879 0.2660758
vt 0.04330879 0.2651652
vt 0.04119861 0.2651653
vt 0.03908842 0.2651654
vt 0.04119861 0.2651653
vt 0.04119849 0.2643773
vt 0.04119861 0.2651653
vt 0.04330879 0.2651652
vt 0.04330873 0.2643772
vt 0.0390883 0.2800156
vt 0.0390883 0.280792
vt 0.04119861 0.280792
vt 0.04119861 0.280792
vt 0.04330891 0.2807922
vt 0.04330903 0.2800158
vt 0.0390883 0.2800156
vt 0.04119861 0.2800158
vt 0.04119861 0.2793549
vt 0.04119861 0.2793549
vt 0.04119861 0.2800158
vt 0.04330903 0.2800158
vt 0.03908842 0.2787085
vt 0.0390883 0.2793548
vt 0.04119861 0.2793549
vt 0.04330903 0.279355
vt 0.04330909 0.2787087
vt 0.04119873 0.2787086
vt 0.03908842 0.2780976
vt 0.03908842 0.2787085
vt 0.04119873 0.2787086
vt 0.04330909 0.2787087
vt 0.04330909 0.2780978
vt 0.04119879 0.2780977
vt 0.03908848 0.277457
vt 0.03908842 0.2780976
vt 0.04119879 0.2780977
vt 0.04330909 0.2780978
vt 0.04330909 0.2774572
vt 0.04119879 0.2774571
vt 0.03908848 0.2768171
vt 0.03908848 0.277457
vt 0.04119879 0.2774571
vt 0.04119879 0.2774571
vt 0.04330909 0.2774572
vt 0.04330909 0.2768172
vt 0.03908848 0.2768171
vt 0.04119879 0.2768172
vt 0.04119879 0.2761742
vt 0.04330909 0.2768172
vt 0.04330921 0.2761742
vt 0.04119879 0.2761742
vt 0.03908848 0.2755233
vt 0.03908848 0.2761741
vt 0.04119879 0.2761742
vt 0.04330921 0.2761742
vt 0.04330921 0.2755234
vt 0.04119879 0.2755233
vt 0.03908848 0.2755233
vt 0.04119879 0.2755233
vt 0.04119879 0.2748624
vt 0.04119879 0.2755233
vt 0.04330921 0.2755234
vt 0.04330921 0.2748624
vt 0.03908848 0.2748624
vt 0.04119879 0.2748624
vt 0.04119879 0.2742413
vt 0.04119879 0.2748624
vt 0.04330921 0.2748624
vt 0.04330921 0.2742413
vt 0.0390886 0.2742413
vt 0.04119879 0.2742413
vt 0.04119879 0.273564
vt 0.04330921 0.2742413
vt 0.04330921 0.273564
vt 0.04119879 0.273564
vt 0.04119879 0.273564
vt 0.04119879 0.272918
vt 0.0390886 0.272918
vt 0.04119879 0.272918
vt 0.04119879 0.273564
vt 0.04330921 0.273564
vt 0.0390886 0.2722523
vt 0.0390886 0.272918
vt 0.04119879 0.272918
vt 0.04330909 0.2729179
vt 0.04330909 0.2722522
vt 0.04119879 0.2722523
vt 0.06273943 0.3012968
vt 0.06062912 0.3012968
vt 0.06062912 0.3018952
vt 0.06062912 0.3018952
vt 0.06062912 0.3012968
vt 0.05851894 0.3012968
vt 0.03747272 0.2908045
vt 0.03747272 0.2891831
vt 0.03536242 0.2891831
vt 0.03536242 0.2891831
vt 0.03325212 0.2891831
vt 0.03325212 0.2908045
vt 0.03747272 0.2908045
vt 0.03536242 0.2908045
vt 0.03536242 0.2914532
vt 0.03536242 0.2908045
vt 0.03325212 0.2908045
vt 0.03325212 0.2914532
vt 0.03747272 0.2920961
vt 0.03747272 0.2914532
vt 0.03536242 0.2914532
vt 0.03325212 0.2914532
vt 0.03325212 0.2920961
vt 0.03536242 0.2920961
vt 0.03747272 0.2920961
vt 0.03536242 0.2920961
vt 0.03536242 0.2927388
vt 0.03536242 0.2920961
vt 0.03325212 0.2920961
vt 0.03325212 0.2927388
vt 0.0374726 0.2927388
vt 0.03536242 0.2927388
vt 0.03536242 0.29338
vt 0.03536242 0.29338
vt 0.03536242 0.2927388
vt 0.03325212 0.2927388
vt 0.0374726 0.2940248
vt 0.0374726 0.29338
vt 0.03536242 0.29338
vt 0.03536242 0.29338
vt 0.03325212 0.29338
vt 0.03325212 0.2940248
vt 0.0374726 0.2940248
vt 0.03536242 0.2940248
vt 0.03536242 0.2950194
vt 0.03536242 0.2950194
vt 0.03536242 0.2940248
vt 0.03325212 0.2940248
vt 0.0390883 0.2626656
vt 0.0390883 0.2635587
vt 0.04119849 0.2635586
vt 0.04119849 0.2635586
vt 0.04330861 0.2635585
vt 0.04330861 0.2626654
vt 0.0390883 0.2635587
vt 0.0390883 0.2643775
vt 0.04119849 0.2643773
vt 0.04119849 0.2643773
vt 0.04330873 0.2643772
vt 0.04330861 0.2635585
vt 0.07051742 0.3014541
vt 0.07003176 0.3011966
vt 0.07045823 0.3015425
vt 0.07134574 0.3019001
vt 0.07081913 0.302058
vt 0.07085996 0.3021563
vt 0.07051742 0.3014541
vt 0.07055807 0.3013557
vt 0.07003176 0.3011966
vt 0.07079845 0.3019537
vt 0.07081913 0.302058
vt 0.07134574 0.3019001
vt 0.07057887 0.3012514
vt 0.07003176 0.3011966
vt 0.07055807 0.3013557
vt 0.07134574 0.3019001
vt 0.07079845 0.3018472
vt 0.07079845 0.3019537
vt 0.07057887 0.3012514
vt 0.07057237 0.301139
vt 0.07003176 0.3011966
vt 0.07082676 0.3017383
vt 0.07079845 0.3018472
vt 0.07134574 0.3019001
vt 0.07057237 0.301139
vt 0.07054865 0.301039
vt 0.07003176 0.3011966
vt 0.0708695 0.3016448
vt 0.07082676 0.3017383
vt 0.07134574 0.3019001
vt 0.07054865 0.301039
vt 0.07051146 0.3009402
vt 0.07003176 0.3011966
vt 0.07092523 0.3015551
vt 0.0708695 0.3016448
vt 0.07134574 0.3019001
vt 0.07044774 0.3008509
vt 0.07003176 0.3011966
vt 0.07051146 0.3009402
vt 0.07134574 0.3019001
vt 0.0710051 0.30148
vt 0.07092523 0.3015551
vt 0.0703718 0.3007765
vt 0.07003176 0.3011966
vt 0.07044774 0.3008509
vt 0.07134574 0.3019001
vt 0.07109415 0.3014218
vt 0.0710051 0.30148
vt 0.0703718 0.3007765
vt 0.07028383 0.3007169
vt 0.07003176 0.3011966
vt 0.07119208 0.3013805
vt 0.07109415 0.3014218
vt 0.07134574 0.3019001
vt 0.07028383 0.3007169
vt 0.07018435 0.3006788
vt 0.07003176 0.3011966
vt 0.07129704 0.3013627
vt 0.07119208 0.3013805
vt 0.07134574 0.3019001
vt 0.07018435 0.3006788
vt 0.07007962 0.3006551
vt 0.07003176 0.3011966
vt 0.07140445 0.3013598
vt 0.07129704 0.3013627
vt 0.07134574 0.3019001
vt 0.07007962 0.3006551
vt 0.06997781 0.3006583
vt 0.07003176 0.3011966
vt 0.07150369 0.3013828
vt 0.07140445 0.3013598
vt 0.07134574 0.3019001
vt 0.06997781 0.3006583
vt 0.06987082 0.3006756
vt 0.07003176 0.3011966
vt 0.0716052 0.3014207
vt 0.07150369 0.3013828
vt 0.07134574 0.3019001
vt 0.06987082 0.3006756
vt 0.06977337 0.3007194
vt 0.07003176 0.3011966
vt 0.07169222 0.3014826
vt 0.0716052 0.3014207
vt 0.07134574 0.3019001
vt 0.06977337 0.3007194
vt 0.06968396 0.300776
vt 0.07003176 0.3011966
vt 0.07176893 0.3015556
vt 0.07169222 0.3014826
vt 0.07134574 0.3019001
vt 0.06968396 0.300776
vt 0.06960988 0.3008516
vt 0.07003176 0.3011966
vt 0.07182675 0.3016442
vt 0.07176893 0.3015556
vt 0.07134574 0.3019001
vt 0.06955116 0.3009393
vt 0.07003176 0.3011966
vt 0.06960988 0.3008516
vt 0.07134574 0.3019001
vt 0.07186728 0.3017417
vt 0.07182675 0.3016442
vt 0.06955116 0.3009393
vt 0.06951916 0.3010406
vt 0.07003176 0.3011966
vt 0.07187879 0.3018472
vt 0.07186728 0.3017417
vt 0.07134574 0.3019001
vt 0.06949847 0.3011449
vt 0.07003176 0.3011966
vt 0.06951916 0.3010406
vt 0.07134574 0.3019001
vt 0.07187879 0.3019537
vt 0.07187879 0.3018472
vt 0.06949847 0.3011449
vt 0.06949847 0.3012514
vt 0.07003176 0.3011966
vt 0.07185804 0.302058
vt 0.07187879 0.3019537
vt 0.07134574 0.3019001
vt 0.06951916 0.3013557
vt 0.07003176 0.3011966
vt 0.06949847 0.3012514
vt 0.07134574 0.3019001
vt 0.07181733 0.3021563
vt 0.07185804 0.302058
vt 0.06951916 0.3013557
vt 0.06955999 0.3014541
vt 0.07003176 0.3011966
vt 0.07175821 0.3022448
vt 0.07181733 0.3021563
vt 0.07134574 0.3019001
vt 0.06955999 0.3014541
vt 0.06961017 0.3015412
vt 0.07003176 0.3011966
vt 0.07169204 0.3023205
vt 0.07175821 0.3022448
vt 0.07134574 0.3019001
vt 0.06961017 0.3015412
vt 0.06968468 0.3016158
vt 0.07003176 0.3011966
vt 0.07160431 0.3023791
vt 0.07169204 0.3023205
vt 0.07134574 0.3019001
vt 0.06968468 0.3016158
vt 0.06977152 0.3016755
vt 0.07003176 0.3011966
vt 0.07150757 0.3024207
vt 0.07160431 0.3023791
vt 0.07134574 0.3019001
vt 0.06977152 0.3016755
vt 0.06987023 0.3017136
vt 0.07003176 0.3011966
vt 0.07140326 0.3024387
vt 0.07150757 0.3024207
vt 0.07134574 0.3019001
vt 0.06987023 0.3017136
vt 0.06997478 0.3017374
vt 0.07003176 0.3011966
vt 0.07129615 0.3024418
vt 0.07140326 0.3024387
vt 0.07134574 0.3019001
vt 0.07008349 0.3017335
vt 0.07003176 0.3011966
vt 0.06997478 0.3017374
vt 0.07134574 0.3019001
vt 0.07119017 0.3024167
vt 0.07129615 0.3024418
vt 0.07008349 0.3017335
vt 0.07018435 0.3017167
vt 0.07003176 0.3011966
vt 0.07109451 0.3023806
vt 0.07119017 0.3024167
vt 0.07134574 0.3019001
vt 0.07018435 0.3017167
vt 0.07028675 0.3016724
vt 0.07003176 0.3011966
vt 0.07100272 0.3023173
vt 0.07109451 0.3023806
vt 0.07134574 0.3019001
vt 0.07037675 0.3016158
vt 0.07003176 0.3011966
vt 0.07028675 0.3016724
vt 0.07134574 0.3019001
vt 0.07092553 0.3022441
vt 0.07100272 0.3023173
vt 0.07003176 0.3011966
vt 0.07037675 0.3016158
vt 0.07045823 0.3015425
vt 0.07092553 0.3022441
vt 0.07134574 0.3019001
vt 0.07085996 0.3021563
vt 0.07647025 0.3036371
vt 0.0764923 0.3030624
vt 0.07435995 0.3030624
vt 0.07435995 0.3030624
vt 0.07222759 0.3030624
vt 0.07224965 0.3036371
vt 0.0764923 0.3030624
vt 0.0764923 0.3008008
vt 0.07435995 0.3008008
vt 0.07435995 0.3008008
vt 0.07222759 0.3008008
vt 0.07222759 0.3030624
vt 0.05250394 0.8105642
vt 0.05317127 0.810365
vt 0.0527594 0.808211
vt 0.05485492 0.807788
vt 0.05387127 0.8080945
vt 0.05426323 0.8102831
vt 0.05194985 0.8082698
vt 0.0527594 0.808211
vt 0.05250436 0.8070317
vt 0.05485492 0.807788
vt 0.05323386 0.806017
vt 0.05311673 0.8067763
vt 0.05194985 0.8082698
vt 0.04980063 0.808797
vt 0.05021858 0.8107602
vt 0.04980063 0.808797
vt 0.05194985 0.8082698
vt 0.05202281 0.8063856
vt 0.05296325 0.8040463
vt 0.05323386 0.806017
vt 0.05485492 0.807788
vt 0.05732631 0.8023515
vt 0.05485492 0.807788
vt 0.0584411 0.8058085
vt 0.05927211 0.8101238
vt 0.0584411 0.8058085
vt 0.05485492 0.807788
vt 0.05296325 0.8040463
vt 0.05732631 0.8023515
vt 0.053047 0.8004758
vt 0.05560815 0.7959826
vt 0.053047 0.8004758
vt 0.05732631 0.8023515
vt 0.06217432 0.7892052
vt 0.06226611 0.7836001
vt 0.05721282 0.7843951
vt 0.05664885 0.7792619
vt 0.05721282 0.7843951
vt 0.06226611 0.7836001
vt 0.05827373 0.7737083
vt 0.05444431 0.7760818
vt 0.05664885 0.7792619
vt 0.04531323 0.8102648
vt 0.04539608 0.8110674
vt 0.04717922 0.810917
vt 0.04618442 0.8087318
vt 0.0449289 0.8094873
vt 0.04531323 0.8102648
vt 0.04449516 0.8087684
vt 0.0449289 0.8094873
vt 0.04618442 0.8087318
vt 0.04418569 0.8111201
vt 0.04413849 0.8105574
vt 0.04376244 0.8105722
vt 0.04399389 0.8098972
vt 0.04365932 0.8099076
vt 0.04376244 0.8105722
vt 0.04380011 0.8093911
vt 0.04351979 0.8094593
vt 0.04365932 0.8099076
vt 0.03360986 0.7861979
vt 0.03550356 0.782242
vt 0.03408592 0.7817917
vt 0.03237068 0.7909439
vt 0.03139883 0.7910076
vt 0.03231042 0.793387
vt 0.03370887 0.7937028
vt 0.03231042 0.793387
vt 0.03329294 0.7959888
vt 0.03788089 0.7769287
vt 0.03646993 0.7760788
vt 0.03408592 0.7817917
vt 0.04166364 0.8057524
vt 0.04129594 0.8061862
vt 0.04201042 0.8072619
vt 0.05365228 0.8103458
vt 0.05320841 0.8080407
vt 0.0527594 0.808211
vt 0.05365228 0.8103458
vt 0.05426323 0.8102831
vt 0.05387127 0.8080945
vt 0.05323386 0.806017
vt 0.0521689 0.8056871
vt 0.05253386 0.8065348
vt 0.05202281 0.8063856
vt 0.05250436 0.8070317
vt 0.05253386 0.8065348
vt 0.05320841 0.8080407
vt 0.05253386 0.8065348
vt 0.05250436 0.8070317
vt 0.05320841 0.8080407
vt 0.05387127 0.8080945
vt 0.05311673 0.8067763
vt 0.05296325 0.8040463
vt 0.05048066 0.8055872
vt 0.0521689 0.8056871
vt 0.05048066 0.8055872
vt 0.04882574 0.8068281
vt 0.05202281 0.8063856
vt 0.05072778 0.8029003
vt 0.0491898 0.8042579
vt 0.05048066 0.8055872
vt 0.0491898 0.8042579
vt 0.04769742 0.8051521
vt 0.04882574 0.8068281
vt 0.03599995 0.7987466
vt 0.03503745 0.7987947
vt 0.03639954 0.8012597
vt 0.0347917 0.7959755
vt 0.03329294 0.7959888
vt 0.03503745 0.7987947
vt 0.03139883 0.7910076
vt 0.02959644 0.7906402
vt 0.03114527 0.7939728
vt 0.04199278 0.7769331
vt 0.03788089 0.7769287
vt 0.04223585 0.7788461
vt 0.04223585 0.7788461
vt 0.03842997 0.7828762
vt 0.04327124 0.7841471
vt 0.03788089 0.7769287
vt 0.03550356 0.782242
vt 0.03842997 0.7828762
vt 0.03842997 0.7828762
vt 0.03765869 0.786533
vt 0.04244989 0.7874412
vt 0.03550356 0.782242
vt 0.03360986 0.7861979
vt 0.03765869 0.786533
vt 0.0421189 0.791163
vt 0.03735589 0.7907185
vt 0.03762388 0.7938403
vt 0.03735589 0.7907185
vt 0.03237068 0.7909439
vt 0.03370887 0.7937028
vt 0.04166036 0.7943205
vt 0.03762388 0.7938403
vt 0.03771036 0.7961011
vt 0.03762388 0.7938403
vt 0.03370887 0.7937028
vt 0.0347917 0.7959755
vt 0.04087394 0.80538
vt 0.04004067 0.8055551
vt 0.04129594 0.8061862
vt 0.03982836 0.8050989
vt 0.03942745 0.8053645
vt 0.04004067 0.8055551
vt 0.04133486 0.7991719
vt 0.03900319 0.7988544
vt 0.03961592 0.8012851
vt 0.03900319 0.7988544
vt 0.03599995 0.7987466
vt 0.03728604 0.8012069
vt 0.04140639 0.796483
vt 0.03771036 0.7961011
vt 0.03900319 0.7988544
vt 0.03771036 0.7961011
vt 0.0347917 0.7959755
vt 0.03599995 0.7987466
vt 0.04140639 0.796483
vt 0.04439401 0.798297
vt 0.04513859 0.7959573
vt 0.04439401 0.798297
vt 0.04689306 0.8000423
vt 0.04816192 0.7977166
vt 0.04166036 0.7943205
vt 0.04513859 0.7959573
vt 0.04575479 0.7924654
vt 0.04513859 0.7959573
vt 0.04816192 0.7977166
vt 0.04986214 0.7943489
vt 0.04641836 0.7877922
vt 0.04683661 0.7843354
vt 0.04327124 0.7841471
vt 0.05102163 0.7888128
vt 0.05242764 0.7844603
vt 0.04683661 0.7843354
vt 0.04683661 0.7843354
vt 0.04871535 0.7797795
vt 0.04530102 0.779945
vt 0.05242764 0.7844603
vt 0.05230551 0.7794812
vt 0.04871535 0.7797795
vt 0.04260587 0.8072279
vt 0.04332244 0.8076199
vt 0.04305851 0.8061877
vt 0.04332244 0.8076199
vt 0.04391807 0.8080418
vt 0.04428714 0.806877
vt 0.04322439 0.8085207
vt 0.04295188 0.8086087
vt 0.04322385 0.8089043
vt 0.04133486 0.7991719
vt 0.04367005 0.8003175
vt 0.04439401 0.798297
vt 0.04367005 0.8003175
vt 0.04606395 0.8019889
vt 0.04689306 0.8000423
vt 0.04132813 0.8015597
vt 0.04343706 0.8023744
vt 0.04367005 0.8003175
vt 0.04343706 0.8023744
vt 0.04577559 0.8038278
vt 0.04606395 0.8019889
vt 0.04199278 0.7769331
vt 0.04223585 0.7788461
vt 0.04530102 0.779945
vt 0.0468325 0.776902
vt 0.04199278 0.7769331
vt 0.04530102 0.779945
vt 0.04871535 0.7797795
vt 0.05230551 0.7794812
vt 0.0501101 0.7764385
vt 0.03408592 0.7817917
vt 0.03178751 0.7782003
vt 0.02846258 0.7836569
vt 0.03178751 0.7782003
vt 0.03040218 0.7741198
vt 0.02510595 0.7805495
vt 0.03646993 0.7760788
vt 0.03541249 0.7732169
vt 0.03178751 0.7782003
vt 0.03541249 0.7732169
vt 0.03498625 0.7713652
vt 0.03040218 0.7741198
vt 0.05695986 0.7889007
vt 0.05638468 0.792413
vt 0.06122738 0.7936649
vt 0.05560815 0.7959826
vt 0.05956524 0.7980024
vt 0.06122738 0.7936649
vt 0.03237068 0.7909439
vt 0.03285109 0.7886366
vt 0.0315631 0.7886423
vt 0.03285109 0.7886366
vt 0.03360986 0.7861979
vt 0.03212481 0.7860895
vt 0.03756284 0.7886203
vt 0.04230445 0.7893262
vt 0.04244989 0.7874412
vt 0.03735589 0.7907185
vt 0.0421189 0.791163
vt 0.04230445 0.7893262
vt 0.03360986 0.7861979
vt 0.03285109 0.7886366
vt 0.03756284 0.7886203
vt 0.03285109 0.7886366
vt 0.03237068 0.7909439
vt 0.03735589 0.7907185
vt 0.04615902 0.7901356
vt 0.04230445 0.7893262
vt 0.0421189 0.791163
vt 0.04641836 0.7877922
vt 0.04244989 0.7874412
vt 0.04230445 0.7893262
vt 0.05032759 0.7914559
vt 0.04615902 0.7901356
vt 0.04575479 0.7924654
vt 0.05102163 0.7888128
vt 0.04641836 0.7877922
vt 0.04615902 0.7901356
vt 0.02664297 0.78493
vt 0.02865499 0.7875672
vt 0.02846258 0.7836569
vt 0.02664297 0.78493
vt 0.02510595 0.7805495
vt 0.0256462 0.7841681
vt 0.03212481 0.7860895
vt 0.02846258 0.7836569
vt 0.02865499 0.7875672
vt 0.02959644 0.7906402
vt 0.03139883 0.7910076
vt 0.0315631 0.7886423
vt 0.02534592 0.7850404
vt 0.02865499 0.7875672
vt 0.02664297 0.78493
vt 0.02797275 0.788012
vt 0.02959644 0.7906402
vt 0.02865499 0.7875672
vt 0.02797275 0.788012
vt 0.02865499 0.7875672
vt 0.02534592 0.7850404
vt 0.03114527 0.7939728
vt 0.03247475 0.7968246
vt 0.03329294 0.7959888
vt 0.03329294 0.7959888
vt 0.03247475 0.7968246
vt 0.03379285 0.7990135
vt 0.03503745 0.7987947
vt 0.03379285 0.7990135
vt 0.03556376 0.8015345
vt 0.04945325 0.8017942
vt 0.05131393 0.7993956
vt 0.04816192 0.7977166
vt 0.05072778 0.8029003
vt 0.053047 0.8004758
vt 0.05131393 0.7993956
vt 0.05131393 0.7993956
vt 0.053406 0.7953014
vt 0.04986214 0.7943489
vt 0.053047 0.8004758
vt 0.05560815 0.7959826
vt 0.053406 0.7953014
vt 0.0557329 0.7843906
vt 0.05495744 0.7889833
vt 0.05695986 0.7889007
vt 0.05242764 0.7844603
vt 0.05102163 0.7888128
vt 0.05495744 0.7889833
vt 0.05242764 0.7844603
vt 0.0557329 0.7843906
vt 0.05498129 0.7794356
vt 0.0557329 0.7843906
vt 0.05721282 0.7843951
vt 0.05664885 0.7792619
vt 0.04391807 0.8080418
vt 0.044308 0.808477
vt 0.0449205 0.8074108
vt 0.044308 0.808477
vt 0.04449516 0.8087684
vt 0.04524278 0.8077998
vt 0.04368728 0.8091658
vt 0.04340809 0.8092034
vt 0.04351979 0.8094593
vt 0.043455 0.8088255
vt 0.04322385 0.8089043
vt 0.04340809 0.8092034
vt 0.04606395 0.8019889
vt 0.04789543 0.8035926
vt 0.04945325 0.8017942
vt 0.0491898 0.8042579
vt 0.05072778 0.8029003
vt 0.04945325 0.8017942
vt 0.04577559 0.8038278
vt 0.04701006 0.8045906
vt 0.04789543 0.8035926
vt 0.04769742 0.8051521
vt 0.0491898 0.8042579
vt 0.04789543 0.8035926
vt 0.05230551 0.7794812
vt 0.05498129 0.7794356
vt 0.05262082 0.7761795
vt 0.05498129 0.7794356
vt 0.05664885 0.7792619
vt 0.05444431 0.7760818
vt 0.05424588 0.7920747
vt 0.053406 0.7953014
vt 0.05560815 0.7959826
vt 0.05032759 0.7914559
vt 0.04986214 0.7943489
vt 0.053406 0.7953014
vt 0.05495744 0.7889833
vt 0.05424588 0.7920747
vt 0.05638468 0.792413
vt 0.05102163 0.7888128
vt 0.05032759 0.7914559
vt 0.05424588 0.7920747
vt 0.03114527 0.7939728
vt 0.02959644 0.7906402
vt 0.02777397 0.7934147
vt 0.02959644 0.7906402
vt 0.02797275 0.788012
vt 0.02691119 0.7900138
vt 0.03247475 0.7968246
vt 0.03114527 0.7939728
vt 0.02917122 0.7966481
vt 0.03379285 0.7990135
vt 0.03247475 0.7968246
vt 0.03106987 0.7988086
vt 0.03556376 0.8015345
vt 0.03379285 0.7990135
vt 0.03231304 0.8001872
vt 0.02724945 0.8044284
vt 0.02613544 0.8116161
vt 0.02938926 0.8114933
vt 0.02938926 0.8114933
vt 0.02613544 0.8116161
vt 0.02751964 0.8176697
vt 0.03040802 0.8059752
vt 0.02938926 0.8114933
vt 0.0329197 0.8111308
vt 0.02938926 0.8114933
vt 0.03064012 0.8160702
vt 0.03366756 0.8147774
vt 0.04821395 0.8093377
vt 0.0484265 0.8108084
vt 0.05021858 0.8107602
vt 0.04695904 0.8097452
vt 0.04717922 0.810917
vt 0.0484265 0.8108084
vt 0.04637992 0.8067419
vt 0.04737412 0.8080257
vt 0.04882574 0.8068281
vt 0.04637992 0.8067419
vt 0.04524278 0.8077998
vt 0.04618442 0.8087318
vt 0.04882574 0.8068281
vt 0.04737412 0.8080257
vt 0.04821395 0.8093377
vt 0.04737412 0.8080257
vt 0.04618442 0.8087318
vt 0.04695904 0.8097452
vt 0.03876036 0.8034942
vt 0.03832161 0.8036095
vt 0.03942745 0.8053645
vt 0.03728604 0.8012069
vt 0.03639954 0.8012597
vt 0.03832161 0.8036095
vt 0.04045921 0.8036216
vt 0.04158753 0.8039125
vt 0.04132813 0.8015597
vt 0.04087394 0.80538
vt 0.04166364 0.8057524
vt 0.04158753 0.8039125
vt 0.03876036 0.8034942
vt 0.04045921 0.8036216
vt 0.03961592 0.8012851
vt 0.03982836 0.8050989
vt 0.04087394 0.80538
vt 0.04045921 0.8036216
vt 0.04325658 0.8045812
vt 0.04158753 0.8039125
vt 0.04166364 0.8057524
vt 0.04343706 0.8023744
vt 0.04132813 0.8015597
vt 0.04158753 0.8039125
vt 0.04495358 0.8055826
vt 0.04325658 0.8045812
vt 0.04305851 0.8061877
vt 0.04577559 0.8038278
vt 0.04343706 0.8023744
vt 0.04325658 0.8045812
vt 0.03745323 0.8037411
vt 0.03832161 0.8036095
vt 0.03639954 0.8012597
vt 0.03864282 0.8048682
vt 0.03942745 0.8053645
vt 0.03832161 0.8036095
vt 0.04587674 0.8062496
vt 0.04495358 0.8055826
vt 0.04428714 0.806877
vt 0.04701006 0.8045906
vt 0.04577559 0.8038278
vt 0.04495358 0.8055826
vt 0.04637992 0.8067419
vt 0.04587674 0.8062496
vt 0.0449205 0.8074108
vt 0.04769742 0.8051521
vt 0.04701006 0.8045906
vt 0.04587674 0.8062496
vt 0.03586906 0.8043272
vt 0.03745323 0.8037411
vt 0.03556376 0.8015345
vt 0.04277312 0.8081829
vt 0.04260343 0.8082982
vt 0.04295188 0.8086087
vt 0.0329197 0.8111308
vt 0.03422737 0.811305
vt 0.03470945 0.8078329
vt 0.03366756 0.8147774
vt 0.03476101 0.8144255
vt 0.03422737 0.811305
vt 0.03422737 0.811305
vt 0.03458315 0.8113185
vt 0.03503185 0.8079188
vt 0.03476101 0.8144255
vt 0.03506994 0.8143351
vt 0.03458315 0.8113185
vt 0.0361008 0.8059539
vt 0.03503185 0.8079188
vt 0.03577178 0.8081254
vt 0.03577178 0.8081254
vt 0.03663343 0.8084009
vt 0.03723937 0.806562
vt 0.03663343 0.8084009
vt 0.03762549 0.8086978
vt 0.03802299 0.8069736
vt 0.0361008 0.8059539
vt 0.03670608 0.8062775
vt 0.03775882 0.8048673
vt 0.03670608 0.8062775
vt 0.03723937 0.806562
vt 0.0380451 0.8052704
vt 0.03723937 0.806562
vt 0.03802299 0.8069736
vt 0.03822368 0.8056962
vt 0.03762549 0.8086978
vt 0.03849154 0.8088913
vt 0.03881931 0.8072036
vt 0.03802299 0.8069736
vt 0.03881931 0.8072036
vt 0.03903567 0.8061138
vt 0.03849154 0.8088913
vt 0.03896754 0.809009
vt 0.03927069 0.8073575
vt 0.03881931 0.8072036
vt 0.03927069 0.8073575
vt 0.03947293 0.8063822
vt 0.03896754 0.809009
vt 0.039918 0.8092961
vt 0.04028719 0.8079052
vt 0.03927069 0.8073575
vt 0.04028719 0.8079052
vt 0.04066485 0.8071054
vt 0.039918 0.8092961
vt 0.04077291 0.8095524
vt 0.04109966 0.8083507
vt 0.04028719 0.8079052
vt 0.04109966 0.8083507
vt 0.04144102 0.8076858
vt 0.04077291 0.8095524
vt 0.04143536 0.8097291
vt 0.04169118 0.8086892
vt 0.04109966 0.8083507
vt 0.04169118 0.8086892
vt 0.04198688 0.8081131
vt 0.04143536 0.8097291
vt 0.0417248 0.809793
vt 0.04194521 0.8088227
vt 0.04169118 0.8086892
vt 0.04194521 0.8088227
vt 0.04218369 0.8083121
vt 0.0417248 0.809793
vt 0.04190063 0.8098307
vt 0.04207402 0.8088571
vt 0.04218369 0.8083121
vt 0.04194521 0.8088227
vt 0.04207402 0.8088571
vt 0.0425831 0.8099785
vt 0.04294073 0.8100982
vt 0.04308307 0.8093822
vt 0.04276472 0.8092058
vt 0.04308307 0.8093822
vt 0.04322385 0.8089043
vt 0.04294073 0.8100982
vt 0.04319632 0.8103976
vt 0.04330444 0.8096888
vt 0.04308307 0.8093822
vt 0.04330444 0.8096888
vt 0.04340809 0.8092034
vt 0.04319632 0.8103976
vt 0.04335927 0.8106573
vt 0.04344362 0.8099502
vt 0.04330444 0.8096888
vt 0.04344362 0.8099502
vt 0.04351979 0.8094593
vt 0.04335927 0.8106573
vt 0.04356002 0.8112005
vt 0.04359251 0.8103936
vt 0.04344362 0.8099502
vt 0.04359251 0.8103936
vt 0.04365932 0.8099076
vt 0.04376244 0.8105722
vt 0.04359251 0.8103936
vt 0.04356002 0.8112005
vt 0.04190063 0.8098307
vt 0.04236817 0.8099338
vt 0.04258614 0.8090999
vt 0.04236817 0.8099338
vt 0.0425831 0.8099785
vt 0.04276472 0.8092058
vt 0.04207402 0.8088571
vt 0.04258614 0.8090999
vt 0.04260343 0.8082982
vt 0.04258614 0.8090999
vt 0.04276472 0.8092058
vt 0.04295188 0.8086087
vt 0.04335927 0.8106573
vt 0.04334241 0.8111962
vt 0.04356002 0.8112005
vt 0.04313933 0.8111901
vt 0.04334241 0.8111962
vt 0.04335927 0.8106573
vt 0.04284977 0.8111797
vt 0.04313933 0.8111901
vt 0.04319632 0.8103976
vt 0.04247039 0.8111644
vt 0.04284977 0.8111797
vt 0.04294073 0.8100982
vt 0.0425831 0.8099785
vt 0.04236817 0.8099338
vt 0.04224455 0.8111548
vt 0.04376244 0.8105722
vt 0.04365932 0.8099076
vt 0.04359251 0.8103936
vt 0.022596 0.7874203
vt 0.02491837 0.7888567
vt 0.02507245 0.7856229
vt 0.02691119 0.7900138
vt 0.02491837 0.7888567
vt 0.02511775 0.7932158
vt 0.02491837 0.7888567
vt 0.022596 0.7874203
vt 0.02191066 0.7929495
vt 0.02777397 0.7934147
vt 0.02511775 0.7932158
vt 0.02655667 0.7976393
vt 0.02511775 0.7932158
vt 0.02191066 0.7929495
vt 0.02328377 0.7989414
vt 0.02917122 0.7966481
vt 0.02655667 0.7976393
vt 0.02848458 0.8003155
vt 0.02655667 0.7976393
vt 0.02328377 0.7989414
vt 0.0252307 0.8023651
vt 0.03106987 0.7988086
vt 0.02848458 0.8003155
vt 0.0299974 0.801884
vt 0.02848458 0.8003155
vt 0.0252307 0.8023651
vt 0.02724945 0.8044284
vt 0.03231304 0.8001872
vt 0.0299974 0.801884
vt 0.03258275 0.8039847
vt 0.0299974 0.801884
vt 0.02724945 0.8044284
vt 0.03040802 0.8059752
vt 0.03475826 0.802595
vt 0.03258275 0.8039847
vt 0.03490042 0.8051942
vt 0.03258275 0.8039847
vt 0.03040802 0.8059752
vt 0.03352648 0.8074896
vt 0.03470945 0.8078329
vt 0.03556889 0.8056365
vt 0.03490042 0.8051942
vt 0.03556889 0.8056365
vt 0.03470945 0.8078329
vt 0.03503185 0.8079188
vt 0.03586906 0.8043272
vt 0.03490042 0.8051942
vt 0.03556889 0.8056365
vt 0.03617107 0.8045312
vt 0.03556889 0.8056365
vt 0.0361008 0.8059539
vt 0.03745323 0.8037411
vt 0.03586906 0.8043272
vt 0.03617107 0.8045312
vt 0.0380451 0.8052704
vt 0.03822368 0.8056962
vt 0.03817307 0.8052473
vt 0.03775882 0.8048673
vt 0.0380451 0.8052704
vt 0.03810948 0.8049822
vt 0.03775882 0.8048673
vt 0.03791117 0.8046331
vt 0.03748029 0.8043516
vt 0.02751964 0.8176697
vt 0.03006839 0.8203841
vt 0.03203111 0.8184919
vt 0.03006839 0.8203841
vt 0.03250241 0.8222328
vt 0.03395003 0.8204088
vt 0.03064012 0.8160702
vt 0.03203111 0.8184919
vt 0.03451502 0.8163422
vt 0.03203111 0.8184919
vt 0.03395003 0.8204088
vt 0.03593248 0.8177646
vt 0.03451502 0.8163422
vt 0.03547382 0.8160277
vt 0.03476101 0.8144255
vt 0.03593248 0.8177646
vt 0.03651767 0.8175126
vt 0.03547382 0.8160277
vt 0.03547382 0.8160277
vt 0.03580427 0.8159446
vt 0.03506994 0.8143351
vt 0.03651767 0.8175126
vt 0.03688609 0.817472
vt 0.03580427 0.8159446
vt 0.03580427 0.8159446
vt 0.03636109 0.8157306
vt 0.03569251 0.8141498
vt 0.03688609 0.817472
vt 0.03743082 0.8171621
vt 0.03636109 0.8157306
vt 0.03569251 0.8141498
vt 0.03636109 0.8157306
vt 0.03699409 0.8153334
vt 0.03636109 0.8157306
vt 0.03743082 0.8171621
vt 0.03787881 0.8165647
vt 0.03250241 0.8222328
vt 0.03006839 0.8203841
vt 0.0282641 0.8228451
vt 0.03006839 0.8203841
vt 0.02751964 0.8176697
vt 0.02550691 0.8201997
vt 0.03092736 0.8246798
vt 0.0282641 0.8228451
vt 0.02656835 0.8260851
vt 0.0282641 0.8228451
vt 0.02550691 0.8201997
vt 0.02349328 0.8234293
vt 0.02951133 0.8277492
vt 0.02656835 0.8260851
vt 0.0255807 0.8304491
vt 0.02656835 0.8260851
vt 0.02349328 0.8234293
vt 0.02222985 0.829192
vt 0.02856719 0.8310524
vt 0.0255807 0.8304491
vt 0.02581781 0.8337207
vt 0.0255807 0.8304491
vt 0.02222985 0.829192
vt 0.022605 0.8337012
vt 0.03735142 0.8135011
vt 0.03773319 0.8148179
vt 0.03848958 0.8145357
vt 0.03773319 0.8148179
vt 0.03803622 0.8159971
vt 0.03877794 0.8156138
vt 0.04010361 0.8139761
vt 0.04076892 0.8138654
vt 0.04048681 0.8128061
vt 0.04010361 0.8139761
vt 0.04027462 0.8146515
vt 0.04084533 0.8144886
vt 0.04141122 0.8126992
vt 0.04161179 0.8138779
vt 0.04181826 0.8138282
vt 0.04161179 0.8138779
vt 0.04154211 0.8143303
vt 0.04185557 0.8142956
vt 0.04163998 0.8126881
vt 0.04181826 0.8138282
vt 0.04199451 0.8137849
vt 0.04181826 0.8138282
vt 0.04185557 0.8142956
vt 0.04198372 0.8143005
vt 0.04199451 0.8137849
vt 0.04246926 0.8136889
vt 0.04227495 0.8126199
vt 0.04198372 0.8143005
vt 0.04250425 0.81475
vt 0.04246926 0.8136889
vt 0.04227495 0.8126199
vt 0.04246926 0.8136889
vt 0.0426355 0.8135597
vt 0.04246926 0.8136889
vt 0.04250425 0.81475
vt 0.04286193 0.814317
vt 0.0424726 0.812566
vt 0.0426355 0.8135597
vt 0.0429421 0.8133774
vt 0.0426355 0.8135597
vt 0.04286193 0.814317
vt 0.04323548 0.8139135
vt 0.04283386 0.8124671
vt 0.0429421 0.8133774
vt 0.04322522 0.8129299
vt 0.0429421 0.8133774
vt 0.04323548 0.8139135
vt 0.04338949 0.8135474
vt 0.04311168 0.8122166
vt 0.04322522 0.8129299
vt 0.04337507 0.8126687
vt 0.04322522 0.8129299
vt 0.04338949 0.8135474
vt 0.04350382 0.8131941
vt 0.04331356 0.811845
vt 0.04337507 0.8126687
vt 0.04360407 0.8122059
vt 0.04337507 0.8126687
vt 0.04350382 0.8131941
vt 0.04363274 0.812727
vt 0.04356002 0.8112005
vt 0.04360407 0.8122059
vt 0.04375743 0.8119201
vt 0.04331356 0.811845
vt 0.04356002 0.8112005
vt 0.04334241 0.8111962
vt 0.04331356 0.811845
vt 0.04334241 0.8111962
vt 0.04313933 0.8111901
vt 0.04311168 0.8122166
vt 0.04313933 0.8111901
vt 0.04284977 0.8111797
vt 0.04283386 0.8124671
vt 0.04284977 0.8111797
vt 0.04247039 0.8111644
vt 0.0424726 0.812566
vt 0.04247039 0.8111644
vt 0.04224455 0.8111548
vt 0.04360407 0.8122059
vt 0.04363274 0.812727
vt 0.04375743 0.8119201
vt 0.02581781 0.8337207
vt 0.022605 0.8337012
vt 0.02423822 0.8381843
vt 0.02581781 0.8337207
vt 0.02682906 0.8365675
vt 0.02891469 0.8343065
vt 0.03395003 0.8204088
vt 0.03250241 0.8222328
vt 0.03461909 0.8229954
vt 0.03593248 0.8177646
vt 0.03395003 0.8204088
vt 0.03574109 0.8210949
vt 0.03250241 0.8222328
vt 0.03092736 0.8246798
vt 0.03355723 0.8253022
vt 0.03092736 0.8246798
vt 0.02951133 0.8277492
vt 0.03234249 0.8277753
vt 0.02951133 0.8277492
vt 0.02856719 0.8310524
vt 0.03135275 0.8301133
vt 0.02856719 0.8310524
vt 0.02865397 0.8333207
vt 0.03021728 0.8317718
vt 0.02865397 0.8333207
vt 0.02891469 0.8343065
vt 0.02954775 0.8335355
vt 0.0381577 0.8169925
vt 0.03891587 0.8163621
vt 0.03787881 0.8165647
vt 0.03743082 0.8171621
vt 0.03688609 0.817472
vt 0.03770667 0.8175274
vt 0.03688609 0.817472
vt 0.03651767 0.8175126
vt 0.03740245 0.8179501
vt 0.03720408 0.8182382
vt 0.03740245 0.8179501
vt 0.03651767 0.8175126
vt 0.05927211 0.8101238
vt 0.05535286 0.8103506
vt 0.05501544 0.8139378
vt 0.05021858 0.8107602
vt 0.04999166 0.812971
vt 0.05217868 0.8133638
vt 0.05250394 0.8105642
vt 0.05217868 0.8133638
vt 0.0530005 0.8134055
vt 0.05535286 0.8103506
vt 0.05426323 0.8102831
vt 0.05403935 0.8136
vt 0.04539608 0.8110674
vt 0.04531431 0.8119939
vt 0.04708945 0.8123185
vt 0.05365228 0.8103458
vt 0.05317127 0.810365
vt 0.0530005 0.8134055
vt 0.05365228 0.8103458
vt 0.05344265 0.8134903
vt 0.05403935 0.8136
vt 0.05021858 0.8107602
vt 0.0484265 0.8108084
vt 0.04834985 0.8125514
vt 0.04717922 0.810917
vt 0.04708945 0.8123185
vt 0.04834985 0.8125514
vt 0.0588662 0.8150542
vt 0.05501544 0.8139378
vt 0.0537731 0.8164492
vt 0.04999166 0.812971
vt 0.04916709 0.8153517
vt 0.05201405 0.8158644
vt 0.05217868 0.8133638
vt 0.05201405 0.8158644
vt 0.05257618 0.8154278
vt 0.05501544 0.8139378
vt 0.05403935 0.8136
vt 0.05324137 0.8158892
vt 0.04708945 0.8123185
vt 0.04531431 0.8119939
vt 0.04514855 0.813037
vt 0.05344265 0.8134903
vt 0.0530005 0.8134055
vt 0.05257618 0.8154278
vt 0.05344265 0.8134903
vt 0.05270367 0.8160224
vt 0.05324137 0.8158892
vt 0.04999166 0.812971
vt 0.04834985 0.8125514
vt 0.04775273 0.8144578
vt 0.04834985 0.8125514
vt 0.04708945 0.8123185
vt 0.04665112 0.8138603
vt 0.05201405 0.8158644
vt 0.05249524 0.8165893
vt 0.05270367 0.8160224
vt 0.05324137 0.8158892
vt 0.05270367 0.8160224
vt 0.05249524 0.8165893
vt 0.04665112 0.8138603
vt 0.04514855 0.813037
vt 0.04475551 0.8140014
vt 0.04916709 0.8153517
vt 0.04775273 0.8144578
vt 0.04672843 0.8160972
vt 0.04775273 0.8144578
vt 0.04665112 0.8138603
vt 0.04588341 0.8151472
vt 0.05249524 0.8165893
vt 0.05073845 0.8168168
vt 0.05241799 0.817759
vt 0.05711036 0.8192475
vt 0.05330705 0.8220664
vt 0.05490738 0.8250365
vt 0.05933898 0.8228638
vt 0.05490738 0.8250365
vt 0.05633783 0.8284809
vt 0.06109905 0.8271194
vt 0.05633783 0.8284809
vt 0.05740338 0.8319385
vt 0.06218981 0.8318816
vt 0.05740338 0.8319385
vt 0.05779224 0.8363519
vt 0.05201405 0.8158644
vt 0.04916709 0.8153517
vt 0.05073845 0.8168168
vt 0.04780262 0.8173528
vt 0.04908019 0.8183148
vt 0.05073845 0.8168168
vt 0.05711036 0.8192475
vt 0.0537731 0.8164492
vt 0.05241799 0.817759
vt 0.05241799 0.817759
vt 0.05123305 0.8197872
vt 0.05330705 0.8220664
vt 0.05073845 0.8168168
vt 0.04908019 0.8183148
vt 0.05123305 0.8197872
vt 0.0468325 0.776902
vt 0.04718452 0.774546
vt 0.04217642 0.774642
vt 0.04199278 0.7769331
vt 0.04217642 0.774642
vt 0.03838044 0.7760615
vt 0.0501101 0.7764385
vt 0.0502488 0.7758303
vt 0.04718452 0.774546
vt 0.05444431 0.7760818
vt 0.05430877 0.7748272
vt 0.05295884 0.7750588
vt 0.05262082 0.7761795
vt 0.05295884 0.7750588
vt 0.0502488 0.7758303
vt 0.04718452 0.774546
vt 0.04745817 0.7728761
vt 0.04194873 0.7726743
vt 0.04217642 0.774642
vt 0.04194873 0.7726743
vt 0.03798907 0.773488
vt 0.04718452 0.774546
vt 0.0502488 0.7758303
vt 0.05086195 0.7737668
vt 0.05430877 0.7748272
vt 0.05529046 0.7733542
vt 0.05342262 0.7736642
vt 0.05295884 0.7750588
vt 0.05342262 0.7736642
vt 0.05086195 0.7737668
vt 0.04745817 0.7728761
vt 0.04787641 0.7706239
vt 0.04185354 0.7703691
vt 0.04194873 0.7726743
vt 0.04185354 0.7703691
vt 0.03761911 0.7717291
vt 0.04745817 0.7728761
vt 0.05086195 0.7737668
vt 0.05154883 0.7715182
vt 0.05342262 0.7736642
vt 0.05529046 0.7733542
vt 0.05418127 0.772414
vt 0.05342262 0.7736642
vt 0.05418127 0.772414
vt 0.05154883 0.7715182
vt 0.03838044 0.7760615
vt 0.03798907 0.773488
vt 0.03646993 0.7760788
vt 0.03798907 0.773488
vt 0.03761911 0.7717291
vt 0.03541249 0.7732169
vt 0.04240494 0.7691988
vt 0.04185354 0.7703691
vt 0.04787641 0.7706239
vt 0.04832839 0.7689093
vt 0.04787641 0.7706239
vt 0.05154883 0.7715182
vt 0.05418127 0.772414
vt 0.05533969 0.7713366
vt 0.05291873 0.7701285
vt 0.05529046 0.7733542
vt 0.05655664 0.7721735
vt 0.05533969 0.7713366
vt 0.05444431 0.7760818
vt 0.05827373 0.7737083
vt 0.05430877 0.7748272
vt 0.05529046 0.7733542
vt 0.05430877 0.7748272
vt 0.05827373 0.7737083
vt 0.05827373 0.7737083
vt 0.05655664 0.7721735
vt 0.05529046 0.7733542
vt 0.0423662 0.820661
vt 0.04310512 0.8187852
vt 0.04204887 0.8189748
vt 0.04310512 0.8187852
vt 0.04296672 0.8174115
vt 0.04211294 0.8176075
vt 0.04224753 0.8290859
vt 0.04307305 0.8258279
vt 0.04019433 0.8264567
vt 0.04200786 0.8313875
vt 0.04224753 0.8290859
vt 0.03982239 0.8287653
vt 0.04206758 0.8334696
vt 0.04200786 0.8313875
vt 0.03974795 0.831472
vt 0.04206758 0.8334696
vt 0.03960943 0.8334794
vt 0.03994196 0.835931
vt 0.04307305 0.8258279
vt 0.04244941 0.8240281
vt 0.04047816 0.8240571
vt 0.04244941 0.8240281
vt 0.04229837 0.8222988
vt 0.04077839 0.8223608
vt 0.04107356 0.8207108
vt 0.04077839 0.8223608
vt 0.04229837 0.8222988
vt 0.04373854 0.8152833
vt 0.04409587 0.816824
vt 0.04488325 0.8161566
vt 0.044299 0.8181319
vt 0.04411935 0.819969
vt 0.04514873 0.8193885
vt 0.04409587 0.816824
vt 0.044299 0.8181319
vt 0.04518586 0.8174992
vt 0.04872649 0.8245312
vt 0.04747426 0.824906
vt 0.04906994 0.8271345
vt 0.05039381 0.8266377
vt 0.04906994 0.8271345
vt 0.05051535 0.8301214
vt 0.05051535 0.8301214
vt 0.05160063 0.8328103
vt 0.05289965 0.832171
vt 0.05160063 0.8328103
vt 0.05146998 0.8361916
vt 0.05361914 0.8360243
vt 0.04724037 0.8223677
vt 0.04598402 0.8230336
vt 0.04747426 0.824906
vt 0.04579901 0.821253
vt 0.04469454 0.8216032
vt 0.04598402 0.8230336
vt 0.04411935 0.819969
vt 0.04469454 0.8216032
vt 0.04579901 0.821253
vt 0.04444962 0.8144397
vt 0.04537457 0.8157253
vt 0.04588341 0.8151472
vt 0.04413259 0.8147986
vt 0.04488325 0.8161566
vt 0.04537457 0.8157253
vt 0.04596978 0.8169035
vt 0.04637479 0.8186142
vt 0.04780262 0.8173528
vt 0.04518586 0.8174992
vt 0.04514873 0.8193885
vt 0.04637479 0.8186142
vt 0.04537457 0.8157253
vt 0.04596978 0.8169035
vt 0.04672843 0.8160972
vt 0.04488325 0.8161566
vt 0.04518586 0.8174992
vt 0.04596978 0.8169035
vt 0.05330705 0.8220664
vt 0.05045306 0.8237197
vt 0.05210983 0.8261082
vt 0.05045306 0.8237197
vt 0.04872649 0.8245312
vt 0.05039381 0.8266377
vt 0.05490738 0.8250365
vt 0.05210983 0.8261082
vt 0.05366504 0.829008
vt 0.05210983 0.8261082
vt 0.05039381 0.8266377
vt 0.05202466 0.8292537
vt 0.05633783 0.8284809
vt 0.05366504 0.829008
vt 0.05488193 0.8321026
vt 0.05366504 0.829008
vt 0.05202466 0.8292537
vt 0.05289965 0.832171
vt 0.05740338 0.8319385
vt 0.05488193 0.8321026
vt 0.0553407 0.8361379
vt 0.05488193 0.8321026
vt 0.05289965 0.832171
vt 0.05361914 0.8360243
vt 0.05123305 0.8197872
vt 0.04887878 0.821485
vt 0.05045306 0.8237197
vt 0.04887878 0.821485
vt 0.04724037 0.8223677
vt 0.04872649 0.8245312
vt 0.04908019 0.8183148
vt 0.04723441 0.8201765
vt 0.04887878 0.821485
vt 0.04723441 0.8201765
vt 0.04579901 0.821253
vt 0.04724037 0.8223677
vt 0.04637479 0.8186142
vt 0.04723441 0.8201765
vt 0.04908019 0.8183148
vt 0.04514873 0.8193885
vt 0.04579901 0.821253
vt 0.04723441 0.8201765
vt 0.04747426 0.824906
vt 0.04520636 0.8255168
vt 0.0469473 0.8278951
vt 0.04906994 0.8271345
vt 0.0469473 0.8278951
vt 0.04855847 0.8304106
vt 0.05051535 0.8301214
vt 0.04855847 0.8304106
vt 0.04962092 0.8331331
vt 0.04962092 0.8331331
vt 0.0494138 0.836058
vt 0.05146998 0.8361916
vt 0.0469473 0.8278951
vt 0.04514312 0.8285141
vt 0.04619526 0.8308662
vt 0.04855847 0.8304106
vt 0.04619526 0.8308662
vt 0.0469864 0.8331159
vt 0.04962092 0.8331331
vt 0.0469864 0.8331159
vt 0.0477541 0.8358688
vt 0.04132992 0.8167775
vt 0.04079556 0.8179133
vt 0.04148793 0.8177261
vt 0.04115641 0.819115
vt 0.03998428 0.8207595
vt 0.04107356 0.8207108
vt 0.03984647 0.8187965
vt 0.03829509 0.820676
vt 0.03998428 0.8207595
vt 0.04148793 0.8177261
vt 0.04115641 0.819115
vt 0.04204887 0.8189748
vt 0.04079556 0.8179133
vt 0.03984647 0.8187965
vt 0.04115641 0.819115
vt 0.03743982 0.8268096
vt 0.03663963 0.8289415
vt 0.03982239 0.8287653
vt 0.03982239 0.8287653
vt 0.03663963 0.8289415
vt 0.03679704 0.8313008
vt 0.03974795 0.831472
vt 0.03679704 0.8313008
vt 0.03736263 0.8330563
vt 0.03960943 0.8334794
vt 0.03736263 0.8330563
vt 0.03802514 0.8356546
vt 0.03841072 0.8243621
vt 0.03743982 0.8268096
vt 0.04019433 0.8264567
vt 0.03932034 0.8223147
vt 0.03841072 0.8243621
vt 0.04047816 0.8240571
vt 0.03998428 0.8207595
vt 0.03932034 0.8223147
vt 0.04077839 0.8223608
vt 0.03829509 0.820676
vt 0.03736513 0.8221391
vt 0.03932034 0.8223147
vt 0.03586715 0.8270506
vt 0.03528654 0.829223
vt 0.03663963 0.8289415
vt 0.03489476 0.8271567
vt 0.03445327 0.8295933
vt 0.03528654 0.829223
vt 0.03528654 0.829223
vt 0.03528416 0.8313815
vt 0.03679704 0.8313008
vt 0.03445327 0.8295933
vt 0.03454512 0.8312728
vt 0.03528416 0.8313815
vt 0.03679704 0.8313008
vt 0.03528416 0.8313815
vt 0.03588658 0.8331666
vt 0.03528416 0.8313815
vt 0.03454512 0.8312728
vt 0.03494417 0.8327191
vt 0.03736263 0.8330563
vt 0.03588658 0.8331666
vt 0.03654372 0.8356134
vt 0.03588658 0.8331666
vt 0.03494417 0.8327191
vt 0.03520369 0.8352917
vt 0.03655493 0.8243242
vt 0.03586715 0.8270506
vt 0.03743982 0.8268096
vt 0.0364167 0.8240066
vt 0.03489476 0.8271567
vt 0.03586715 0.8270506
vt 0.0364167 0.8240066
vt 0.03655493 0.8243242
vt 0.03736513 0.8221391
vt 0.03736513 0.8221391
vt 0.03655493 0.8243242
vt 0.03841072 0.8243621
vt 0.04514312 0.8285141
vt 0.0469473 0.8278951
vt 0.04520636 0.8255168
vt 0.04380798 0.8112059
vt 0.04375743 0.8119201
vt 0.044169 0.8117868
vt 0.04403322 0.8125642
vt 0.044169 0.8117868
vt 0.04375743 0.8119201
vt 0.04373371 0.813327
vt 0.04403322 0.8125642
vt 0.04363274 0.812727
vt 0.04338949 0.8135474
vt 0.04350334 0.8137146
vt 0.04373371 0.813327
vt 0.04323548 0.8139135
vt 0.04321581 0.8140932
vt 0.04350334 0.8137146
vt 0.04299628 0.8158913
vt 0.04357874 0.8171444
vt 0.04409587 0.816824
vt 0.04249727 0.8162929
vt 0.04296672 0.8174115
vt 0.04357874 0.8171444
vt 0.0437023 0.8184457
vt 0.04344093 0.8202684
vt 0.04411935 0.819969
vt 0.04310512 0.8187852
vt 0.0423662 0.820661
vt 0.04344093 0.8202684
vt 0.04357874 0.8171444
vt 0.0437023 0.8184457
vt 0.044299 0.8181319
vt 0.04296672 0.8174115
vt 0.04310512 0.8187852
vt 0.0437023 0.8184457
vt 0.04469454 0.8216032
vt 0.04389613 0.8218843
vt 0.04418903 0.8235906
vt 0.04229837 0.8222988
vt 0.04244941 0.8240281
vt 0.04418903 0.8235906
vt 0.04344093 0.8202684
vt 0.04389613 0.8218843
vt 0.04469454 0.8216032
vt 0.0423662 0.820661
vt 0.04229837 0.8222988
vt 0.04389613 0.8218843
vt 0.04598402 0.8230336
vt 0.04418903 0.8235906
vt 0.04520636 0.8255168
vt 0.04418903 0.8235906
vt 0.04244941 0.8240281
vt 0.04307305 0.8258279
vt 0.04286193 0.814317
vt 0.04300159 0.8146104
vt 0.04321581 0.8140932
vt 0.04250425 0.81475
vt 0.04259663 0.8149382
vt 0.04300159 0.8146104
vt 0.05748212 0.8384502
vt 0.06188172 0.8395744
vt 0.06226617 0.8371847
vt 0.05748212 0.8384502
vt 0.05661553 0.8414668
vt 0.06113517 0.8427607
vt 0.05146998 0.8361916
vt 0.05105233 0.8383065
vt 0.05276864 0.8378701
vt 0.05105233 0.8383065
vt 0.04930174 0.8411015
vt 0.05148011 0.8408211
vt 0.0553407 0.8361379
vt 0.0548169 0.8380818
vt 0.05748212 0.8384502
vt 0.0548169 0.8380818
vt 0.05349004 0.8411434
vt 0.05661553 0.8414668
vt 0.05361914 0.8360243
vt 0.05276864 0.8378701
vt 0.0548169 0.8380818
vt 0.05276864 0.8378701
vt 0.05148011 0.8408211
vt 0.05349004 0.8411434
vt 0.04930174 0.8411015
vt 0.04910206 0.8389431
vt 0.04734551 0.8393437
vt 0.04910206 0.8389431
vt 0.0494138 0.836058
vt 0.0477541 0.8358688
vt 0.04910206 0.8389431
vt 0.04930174 0.8411015
vt 0.05105233 0.8383065
vt 0.03834462 0.8389723
vt 0.04055809 0.8393476
vt 0.03994196 0.835931
vt 0.03870296 0.8412083
vt 0.04209017 0.8413688
vt 0.04055809 0.8393476
vt 0.03834462 0.8389723
vt 0.03672629 0.8376875
vt 0.03571677 0.8393816
vt 0.03802514 0.8356546
vt 0.03654372 0.8356134
vt 0.03672629 0.8376875
vt 0.04055809 0.8393476
vt 0.04209017 0.8413688
vt 0.04260838 0.8393538
vt 0.0349828 0.837223
vt 0.03571677 0.8393816
vt 0.03672629 0.8376875
vt 0.0494138 0.836058
vt 0.04910206 0.8389431
vt 0.05105233 0.8383065
vt 0.04215323 0.8357568
vt 0.03994196 0.835931
vt 0.04055809 0.8393476
vt 0.03654372 0.8356134
vt 0.03520369 0.8352917
vt 0.0349828 0.837223
vt 0.05477952 0.8446943
vt 0.05374693 0.84677
vt 0.05593901 0.8474813
vt 0.05162358 0.8439873
vt 0.05047225 0.8458133
vt 0.05374693 0.84677
vt 0.04459893 0.8446598
vt 0.04177725 0.8447282
vt 0.04279667 0.8458227
vt 0.04711824 0.8443812
vt 0.04676109 0.8458366
vt 0.04847234 0.8453363
vt 0.04459893 0.8446598
vt 0.04492223 0.8457845
vt 0.04676109 0.8458366
vt 0.04177725 0.8447282
vt 0.04022723 0.8444212
vt 0.04160296 0.8458699
vt 0.04022723 0.8444212
vt 0.03800529 0.84435
vt 0.03999602 0.8455814
vt 0.04492223 0.8457845
vt 0.04279667 0.8458227
vt 0.04329705 0.8463441
vt 0.04492223 0.8457845
vt 0.04460519 0.8463311
vt 0.04580032 0.8462353
vt 0.04279667 0.8458227
vt 0.04160296 0.8458699
vt 0.04236102 0.8462018
vt 0.04847234 0.8453363
vt 0.04676109 0.8458366
vt 0.04766958 0.8475053
vt 0.04160296 0.8458699
vt 0.03999602 0.8455814
vt 0.04008042 0.8477006
vt 0.04460519 0.8463311
vt 0.04329705 0.8463441
vt 0.04377549 0.8481795
vt 0.04580032 0.8462353
vt 0.04460519 0.8463311
vt 0.04523026 0.8481319
vt 0.04676109 0.8458366
vt 0.04580032 0.8462353
vt 0.04659193 0.847973
vt 0.04236102 0.8462018
vt 0.04160296 0.8458699
vt 0.04191148 0.8478923
vt 0.04329705 0.8463441
vt 0.04236102 0.8462018
vt 0.04271364 0.848121
vt 0.04191148 0.8478923
vt 0.04008042 0.8477006
vt 0.04166662 0.8498585
vt 0.04523026 0.8481319
vt 0.04377549 0.8481795
vt 0.04442936 0.8499861
vt 0.04523026 0.8481319
vt 0.04442936 0.8499861
vt 0.04518002 0.84997
vt 0.04659193 0.847973
vt 0.04518002 0.84997
vt 0.04678547 0.8497754
vt 0.04271364 0.848121
vt 0.04191148 0.8478923
vt 0.04166662 0.8498585
vt 0.04271364 0.848121
vt 0.04166662 0.8498585
vt 0.04442936 0.8499861
vt 0.04933214 0.8438758
vt 0.04847234 0.8453363
vt 0.05047225 0.8458133
vt 0.05374693 0.84677
vt 0.05141532 0.8476495
vt 0.05329346 0.8494838
vt 0.05374693 0.84677
vt 0.05047225 0.8458133
vt 0.05141532 0.8476495
vt 0.04879474 0.8478738
vt 0.04766958 0.8475053
vt 0.04678547 0.8497754
vt 0.04879474 0.8478738
vt 0.05047225 0.8458133
vt 0.04766958 0.8475053
vt 0.05141532 0.8476495
vt 0.05047225 0.8458133
vt 0.04879474 0.8478738
vt 0.05141532 0.8476495
vt 0.04889523 0.8484042
vt 0.05104589 0.8508123
vt 0.05104589 0.8508123
vt 0.04889523 0.8484042
vt 0.04706323 0.8505936
vt 0.04889523 0.8484042
vt 0.04879474 0.8478738
vt 0.04678547 0.8497754
vt 0.0444889 0.8508895
vt 0.04518002 0.84997
vt 0.04442936 0.8499861
vt 0.04706323 0.8505936
vt 0.0444889 0.8508895
vt 0.04524528 0.8534362
vt 0.0444889 0.8508895
vt 0.04151731 0.8505437
vt 0.04185944 0.8533789
vt 0.04151731 0.8505437
vt 0.03800034 0.8496742
vt 0.03778785 0.8525277
vt 0.03770667 0.8175274
vt 0.03769797 0.8190536
vt 0.03906059 0.818021
vt 0.03770667 0.8175274
vt 0.03740245 0.8179501
vt 0.03769797 0.8190536
vt 0.03720408 0.8182382
vt 0.03769797 0.8190536
vt 0.03740245 0.8179501
vt 0.03574109 0.8210949
vt 0.03590863 0.8212045
vt 0.03769797 0.8190536
vt 0.03491079 0.8231069
vt 0.03590863 0.8212045
vt 0.03574109 0.8210949
vt 0.04066485 0.8071054
vt 0.04144102 0.8076858
vt 0.04201042 0.8072619
vt 0.04004067 0.8055551
vt 0.03947293 0.8063822
vt 0.04066485 0.8071054
vt 0.03942745 0.8053645
vt 0.03903567 0.8061138
vt 0.03947293 0.8063822
vt 0.03864282 0.8048682
vt 0.03822368 0.8056962
vt 0.03903567 0.8061138
vt 0.03748029 0.8043516
vt 0.03791117 0.8046331
vt 0.03745323 0.8037411
vt 0.03791117 0.8046331
vt 0.03864282 0.8048682
vt 0.03745323 0.8037411
vt 0.03864282 0.8048682
vt 0.03791117 0.8046331
vt 0.03810948 0.8049822
vt 0.03864282 0.8048682
vt 0.03810948 0.8049822
vt 0.03817307 0.8052473
vt 0.03864282 0.8048682
vt 0.03817307 0.8052473
vt 0.03822368 0.8056962
vt 0.04224753 0.8290859
vt 0.04363393 0.8288728
vt 0.04307305 0.8258279
vt 0.04363393 0.8288728
vt 0.04514312 0.8285141
vt 0.04307305 0.8258279
vt 0.04514312 0.8285141
vt 0.04363393 0.8288728
vt 0.04400724 0.8311828
vt 0.04224753 0.8290859
vt 0.04200786 0.8313875
vt 0.04400724 0.8311828
vt 0.04619526 0.8308662
vt 0.04400724 0.8311828
vt 0.04448461 0.8333371
vt 0.04400724 0.8311828
vt 0.04200786 0.8313875
vt 0.04206758 0.8334696
vt 0.0469864 0.8331159
vt 0.04448461 0.8333371
vt 0.0446999 0.8359275
vt 0.04448461 0.8333371
vt 0.04206758 0.8334696
vt 0.04215323 0.8357568
vt 0.04260838 0.8393538
vt 0.04506468 0.8393443
vt 0.0446999 0.8359275
vt 0.04506468 0.8393443
vt 0.04734551 0.8393437
vt 0.0477541 0.8358688
vt 0.04209017 0.8413688
vt 0.04564017 0.8418251
vt 0.04506468 0.8393443
vt 0.04564017 0.8418251
vt 0.04734551 0.8393437
vt 0.04506468 0.8393443
vt 0.0349828 0.837223
vt 0.03520369 0.8352917
vt 0.03353035 0.8359289
vt 0.03571677 0.8393816
vt 0.0349828 0.837223
vt 0.03311866 0.8381293
vt 0.03311866 0.8381293
vt 0.03353035 0.8359289
vt 0.02899903 0.8378684
vt 0.03387171 0.8405586
vt 0.03311866 0.8381293
vt 0.02944844 0.8402105
vt 0.02944844 0.8402105
vt 0.02899903 0.8378684
vt 0.0247938 0.8397996
vt 0.03091043 0.8428367
vt 0.02944844 0.8402105
vt 0.0260173 0.842431
vt 0.03800034 0.8496742
vt 0.0349943 0.8479099
vt 0.03377693 0.850563
vt 0.03617852 0.8461847
vt 0.04008042 0.8477006
vt 0.03999602 0.8455814
vt 0.05661553 0.8414668
vt 0.05553275 0.8429456
vt 0.06033778 0.8445631
vt 0.05553275 0.8429456
vt 0.05477952 0.8446943
vt 0.05843573 0.8460246
vt 0.04930174 0.8411015
vt 0.04825299 0.8426326
vt 0.05051678 0.8423456
vt 0.04825299 0.8426326
vt 0.04711824 0.8443812
vt 0.04933214 0.8438758
vt 0.04564017 0.8418251
vt 0.04515826 0.8431351
vt 0.04825299 0.8426326
vt 0.04515826 0.8431351
vt 0.04459893 0.8446598
vt 0.04711824 0.8443812
vt 0.05349004 0.8411434
vt 0.0526244 0.8425324
vt 0.05553275 0.8429456
vt 0.0526244 0.8425324
vt 0.05162358 0.8439873
vt 0.05477952 0.8446943
vt 0.05148011 0.8408211
vt 0.05051678 0.8423456
vt 0.0526244 0.8425324
vt 0.05051678 0.8423456
vt 0.04933214 0.8438758
vt 0.05162358 0.8439873
vt 0.03942167 0.8426834
vt 0.04199391 0.8429174
vt 0.04209017 0.8413688
vt 0.04022723 0.8444212
vt 0.04177725 0.8447282
vt 0.04199391 0.8429174
vt 0.03667122 0.8417011
vt 0.03942167 0.8426834
vt 0.03870296 0.8412083
vt 0.03800529 0.84435
vt 0.04022723 0.8444212
vt 0.03942167 0.8426834
vt 0.04459893 0.8446598
vt 0.04515826 0.8431351
vt 0.04199391 0.8429174
vt 0.04515826 0.8431351
vt 0.04564017 0.8418251
vt 0.04209017 0.8413688
vt 0.03800529 0.84435
vt 0.03667122 0.8417011
vt 0.03472691 0.8431825
vt 0.03667122 0.8417011
vt 0.03571677 0.8393816
vt 0.03387171 0.8405586
vt 0.03617852 0.8461847
vt 0.03472691 0.8431825
vt 0.03267008 0.8454016
vt 0.03472691 0.8431825
vt 0.03387171 0.8405586
vt 0.03091043 0.8428367
vt 0.0349943 0.8479099
vt 0.03267008 0.8454016
vt 0.03062069 0.8481876
vt 0.03267008 0.8454016
vt 0.03091043 0.8428367
vt 0.02813279 0.8455759
vt 0.03617852 0.8461847
vt 0.0349943 0.8479099
vt 0.03800034 0.8496742
vt 0.02434271 0.8385039
vt 0.0272563 0.8368561
vt 0.02682906 0.8365675
vt 0.0272563 0.8368561
vt 0.02991384 0.8348278
vt 0.02891469 0.8343065
vt 0.02991384 0.8348278
vt 0.03051823 0.833933
vt 0.02954775 0.8335355
vt 0.03051823 0.833933
vt 0.03126865 0.8320359
vt 0.03021728 0.8317718
vt 0.03126865 0.8320359
vt 0.03204029 0.8303698
vt 0.03135275 0.8301133
vt 0.03135275 0.8301133
vt 0.03204029 0.8303698
vt 0.03280568 0.8281606
vt 0.03234249 0.8277753
vt 0.03280568 0.8281606
vt 0.03385299 0.825693
vt 0.03355723 0.8253022
vt 0.03385299 0.825693
vt 0.03491079 0.8231069
vt 0.04211294 0.8176075
vt 0.04217541 0.8164442
vt 0.04185605 0.8165535
vt 0.04296672 0.8174115
vt 0.04249727 0.8162929
vt 0.04217541 0.8164442
vt 0.04413849 0.8105574
vt 0.04418569 0.8111201
vt 0.04444259 0.8111173
vt 0.04423022 0.8098472
vt 0.04399389 0.8098972
vt 0.04413849 0.8105574
vt 0.04399472 0.8092887
vt 0.04380011 0.8093911
vt 0.04399389 0.8098972
vt 0.04332393 0.8083501
vt 0.0427373 0.8079616
vt 0.04277312 0.8081829
vt 0.04362481 0.808685
vt 0.04332393 0.8083501
vt 0.04322439 0.8085207
vt 0.04368728 0.8091658
vt 0.04388481 0.8090616
vt 0.04362481 0.808685
vt 0.04399472 0.8092887
vt 0.04388481 0.8090616
vt 0.04368728 0.8091658
vt 0.04444259 0.8111173
vt 0.04418569 0.8111201
vt 0.044169 0.8117868
vt 0.04441964 0.8118243
vt 0.044169 0.8117868
vt 0.04403322 0.8125642
vt 0.04403322 0.8125642
vt 0.04373371 0.813327
vt 0.04400372 0.8134265
vt 0.04351711 0.8142143
vt 0.04321581 0.8140932
vt 0.04300159 0.8146104
vt 0.04350334 0.8137146
vt 0.04321581 0.8140932
vt 0.04351711 0.8142143
vt 0.04373371 0.813327
vt 0.04350334 0.8137146
vt 0.04378408 0.8138305
vt 0.04310876 0.8147661
vt 0.04300159 0.8146104
vt 0.04259663 0.8149382
vt 0.044752 0.8104236
vt 0.04480755 0.8110949
vt 0.04539608 0.8110674
vt 0.04440081 0.8105099
vt 0.04444259 0.8111173
vt 0.04480755 0.8110949
vt 0.0449289 0.8094873
vt 0.0444951 0.8097144
vt 0.044752 0.8104236
vt 0.04423022 0.8098472
vt 0.04440081 0.8105099
vt 0.044752 0.8104236
vt 0.04420971 0.8090967
vt 0.0444951 0.8097144
vt 0.0449289 0.8094873
vt 0.04399472 0.8092887
vt 0.04423022 0.8098472
vt 0.0444951 0.8097144
vt 0.0433678 0.8080676
vt 0.04268014 0.807661
vt 0.0427373 0.8079616
vt 0.04332244 0.8076199
vt 0.04260587 0.8072279
vt 0.04268014 0.807661
vt 0.04376745 0.8084412
vt 0.0433678 0.8080676
vt 0.04332393 0.8083501
vt 0.04391807 0.8080418
vt 0.04332244 0.8076199
vt 0.0433678 0.8080676
vt 0.04406839 0.8088451
vt 0.04376745 0.8084412
vt 0.04362481 0.808685
vt 0.044308 0.808477
vt 0.04391807 0.8080418
vt 0.04376745 0.8084412
vt 0.04420971 0.8090967
vt 0.04406839 0.8088451
vt 0.04388481 0.8090616
vt 0.04449516 0.8087684
vt 0.044308 0.808477
vt 0.04406839 0.8088451
vt 0.04539608 0.8110674
vt 0.04480755 0.8110949
vt 0.04478174 0.8118848
vt 0.04480755 0.8110949
vt 0.04444259 0.8111173
vt 0.04441964 0.8118243
vt 0.04531431 0.8119939
vt 0.04478174 0.8118848
vt 0.04462665 0.812791
vt 0.04478174 0.8118848
vt 0.04441964 0.8118243
vt 0.04429191 0.8126302
vt 0.04514855 0.813037
vt 0.04462665 0.812791
vt 0.0443018 0.8136556
vt 0.04462665 0.812791
vt 0.04429191 0.8126302
vt 0.04400372 0.8134265
vt 0.04413259 0.8147986
vt 0.04378128 0.814428
vt 0.04342824 0.8149424
vt 0.04351711 0.8142143
vt 0.04310876 0.8147661
vt 0.04342824 0.8149424
vt 0.04444962 0.8144397
vt 0.04405498 0.8140631
vt 0.04378128 0.814428
vt 0.04405498 0.8140631
vt 0.04378408 0.8138305
vt 0.04351711 0.8142143
vt 0.04475551 0.8140014
vt 0.0443018 0.8136556
vt 0.04405498 0.8140631
vt 0.0443018 0.8136556
vt 0.04400372 0.8134265
vt 0.04378408 0.8138305
vt 0.04373854 0.8152833
vt 0.04342824 0.8149424
vt 0.04282146 0.8154752
vt 0.04310876 0.8147661
vt 0.04267722 0.8151766
vt 0.04282146 0.8154752
vt 0.04260587 0.8072279
vt 0.04201042 0.8072619
vt 0.04268014 0.807661
vt 0.04076892 0.8138654
vt 0.04137104 0.8138635
vt 0.04098409 0.8127329
vt 0.04137104 0.8138635
vt 0.04161179 0.8138779
vt 0.04141122 0.8126992
vt 0.04137426 0.8143482
vt 0.04137104 0.8138635
vt 0.04076892 0.8138654
vt 0.04154211 0.8143303
vt 0.04161179 0.8138779
vt 0.04137104 0.8138635
vt 0.04231041 0.8161932
vt 0.04249727 0.8162929
vt 0.04299628 0.8158913
vt 0.02452987 0.8390607
vt 0.02887368 0.8373281
vt 0.0272563 0.8368561
vt 0.02452987 0.8390607
vt 0.0247938 0.8397996
vt 0.02899903 0.8378684
vt 0.02887368 0.8373281
vt 0.03305953 0.8352521
vt 0.02991384 0.8348278
vt 0.02899903 0.8378684
vt 0.03353035 0.8359289
vt 0.03305953 0.8352521
vt 0.03305953 0.8352521
vt 0.03346395 0.8344942
vt 0.03051823 0.833933
vt 0.03353035 0.8359289
vt 0.03520369 0.8352917
vt 0.03346395 0.8344942
vt 0.03346395 0.8344942
vt 0.03351253 0.8324094
vt 0.03126865 0.8320359
vt 0.03346395 0.8344942
vt 0.03520369 0.8352917
vt 0.03494417 0.8327191
vt 0.03126865 0.8320359
vt 0.03351253 0.8324094
vt 0.03334987 0.8310478
vt 0.03351253 0.8324094
vt 0.03494417 0.8327191
vt 0.03454512 0.8312728
vt 0.03204029 0.8303698
vt 0.03334987 0.8310478
vt 0.03353303 0.8287897
vt 0.03334987 0.8310478
vt 0.03454512 0.8312728
vt 0.03445327 0.8295933
vt 0.03280568 0.8281606
vt 0.03353303 0.8287897
vt 0.03431749 0.8263327
vt 0.03353303 0.8287897
vt 0.03445327 0.8295933
vt 0.03489476 0.8271567
vt 0.03385299 0.825693
vt 0.03431749 0.8263327
vt 0.03551983 0.8235364
vt 0.03431749 0.8263327
vt 0.03489476 0.8271567
vt 0.0364167 0.8240066
vt 0.03736513 0.8221391
vt 0.03652769 0.821616
vt 0.03551983 0.8235364
vt 0.03652769 0.821616
vt 0.03590863 0.8212045
vt 0.03491079 0.8231069
vt 0.03829509 0.820676
vt 0.03777092 0.8197846
vt 0.03652769 0.821616
vt 0.03777092 0.8197846
vt 0.03769797 0.8190536
vt 0.03590863 0.8212045
vt 0.04132992 0.8167775
vt 0.04116785 0.8165529
vt 0.04054117 0.8174425
vt 0.04116785 0.8165529
vt 0.04115509 0.8163384
vt 0.04042565 0.8170987
vt 0.04079556 0.8179133
vt 0.04054117 0.8174425
vt 0.03935623 0.8183629
vt 0.04054117 0.8174425
vt 0.04042565 0.8170987
vt 0.03906059 0.818021
vt 0.03984647 0.8187965
vt 0.03935623 0.8183629
vt 0.03777092 0.8197846
vt 0.03935623 0.8183629
vt 0.03906059 0.818021
vt 0.03769797 0.8190536
vt 0.04217541 0.8164442
vt 0.04231041 0.8161932
vt 0.04192268 0.8161058
vt 0.04185605 0.8165535
vt 0.04192268 0.8161058
vt 0.04116785 0.8165529
vt 0.04231041 0.8161932
vt 0.04217541 0.8164442
vt 0.04249727 0.8162929
vt 0.04226088 0.814867
vt 0.04250425 0.81475
vt 0.04198372 0.8143005
vt 0.04226088 0.814867
vt 0.0422753 0.815079
vt 0.04259663 0.8149382
vt 0.04201561 0.814942
vt 0.04196584 0.8151894
vt 0.0422753 0.815079
vt 0.0422753 0.815079
vt 0.04230827 0.815324
vt 0.04267722 0.8151766
vt 0.04196584 0.8151894
vt 0.04192608 0.8154484
vt 0.04230827 0.815324
vt 0.04217016 0.8157704
vt 0.04230827 0.815324
vt 0.04192608 0.8154484
vt 0.04282146 0.8154752
vt 0.04267722 0.8151766
vt 0.04230827 0.815324
vt 0.04217016 0.8157704
vt 0.04152953 0.8158511
vt 0.04192268 0.8161058
vt 0.04217016 0.8157704
vt 0.04192268 0.8161058
vt 0.04231041 0.8161932
vt 0.04152953 0.8158511
vt 0.04115509 0.8163384
vt 0.04116785 0.8165529
vt 0.0375365 0.8149625
vt 0.0370115 0.8136625
vt 0.03642797 0.8139163
vt 0.03773319 0.8148179
vt 0.03735142 0.8135011
vt 0.0370115 0.8136625
vt 0.03798693 0.8161457
vt 0.0375365 0.8149625
vt 0.03699409 0.8153334
vt 0.03803622 0.8159971
vt 0.03773319 0.8148179
vt 0.0375365 0.8149625
vt 0.04027462 0.8146515
vt 0.0402112 0.8156917
vt 0.04092794 0.8150965
vt 0.0402112 0.8156917
vt 0.04011356 0.8161103
vt 0.04114818 0.8153128
vt 0.04154211 0.8143303
vt 0.04155254 0.8144889
vt 0.04184025 0.8144326
vt 0.04155254 0.8144889
vt 0.04157167 0.8148484
vt 0.04172706 0.8147379
vt 0.04185557 0.8142956
vt 0.04184025 0.8144326
vt 0.0419631 0.8144128
vt 0.04184025 0.8144326
vt 0.04172706 0.8147379
vt 0.04191964 0.8147082
vt 0.03891587 0.8163621
vt 0.03880453 0.8158305
vt 0.03798693 0.8161457
vt 0.03880453 0.8158305
vt 0.03877794 0.8156138
vt 0.03803622 0.8159971
vt 0.04137426 0.8143482
vt 0.04116612 0.8149247
vt 0.04155254 0.8144889
vt 0.04116612 0.8149247
vt 0.04138123 0.8151189
vt 0.04157167 0.8148484
vt 0.04084533 0.8144886
vt 0.04092794 0.8150965
vt 0.04116612 0.8149247
vt 0.04114818 0.8153128
vt 0.04138123 0.8151189
vt 0.04116612 0.8149247
vt 0.04198372 0.8143005
vt 0.0419631 0.8144128
vt 0.04226088 0.814867
vt 0.0419631 0.8144128
vt 0.04191964 0.8147082
vt 0.04226088 0.814867
vt 0.04011356 0.8161103
vt 0.0399748 0.8164259
vt 0.04096746 0.8157488
vt 0.0399748 0.8164259
vt 0.04042565 0.8170987
vt 0.04115509 0.8163384
vt 0.03906059 0.818021
vt 0.03890955 0.8168847
vt 0.0381577 0.8169925
vt 0.03890955 0.8168847
vt 0.03891587 0.8163621
vt 0.0381577 0.8169925
vt 0.0418657 0.8149187
vt 0.04195123 0.8147867
vt 0.04191964 0.8147082
vt 0.0418657 0.8149187
vt 0.04196584 0.8151894
vt 0.04201561 0.814942
vt 0.04157167 0.8148484
vt 0.04175847 0.8151263
vt 0.0418657 0.8149187
vt 0.04175847 0.8151263
vt 0.04192608 0.8154484
vt 0.04196584 0.8151894
vt 0.04152953 0.8158511
vt 0.04134166 0.8154123
vt 0.04096746 0.8157488
vt 0.04134166 0.8154123
vt 0.04138123 0.8151189
vt 0.04114818 0.8153128
vt 0.04192608 0.8154484
vt 0.04175847 0.8151263
vt 0.04134166 0.8154123
vt 0.04175847 0.8151263
vt 0.04157167 0.8148484
vt 0.04138123 0.8151189
vt 0.04191964 0.8147082
vt 0.04195123 0.8147867
vt 0.04226088 0.814867
vt 0.04195123 0.8147867
vt 0.04201561 0.814942
vt 0.04226088 0.814867
vt 0.0389353 0.814368
vt 0.03870493 0.8132095
vt 0.03819739 0.8133125
vt 0.04010361 0.8139761
vt 0.0399053 0.8129067
vt 0.03870493 0.8132095
vt 0.03921574 0.8152898
vt 0.0389353 0.814368
vt 0.03848958 0.8145357
vt 0.04027462 0.8146515
vt 0.04010361 0.8139761
vt 0.0389353 0.814368
vt 0.03880453 0.8158305
vt 0.03938025 0.8160393
vt 0.03921574 0.8152898
vt 0.0402112 0.8156917
vt 0.04027462 0.8146515
vt 0.03921574 0.8152898
vt 0.03891587 0.8163621
vt 0.03964352 0.8161811
vt 0.03938025 0.8160393
vt 0.04011356 0.8161103
vt 0.0402112 0.8156917
vt 0.03938025 0.8160393
vt 0.03951632 0.8166194
vt 0.03964352 0.8161811
vt 0.03891587 0.8163621
vt 0.0399748 0.8164259
vt 0.04011356 0.8161103
vt 0.03964352 0.8161811
vt 0.03951632 0.8166194
vt 0.03906059 0.818021
vt 0.04042565 0.8170987
vt 0.0399748 0.8164259
vt 0.03951632 0.8166194
vt 0.04042565 0.8170987
vt 0.03951632 0.8166194
vt 0.03890955 0.8168847
vt 0.03906059 0.818021
vt 0.04277312 0.8081829
vt 0.04247874 0.8082201
vt 0.04260343 0.8082982
vt 0.0427373 0.8079616
vt 0.04236763 0.8079952
vt 0.04247874 0.8082201
vt 0.04236763 0.8079952
vt 0.04198688 0.8081131
vt 0.04218369 0.8083121
vt 0.04247874 0.8082201
vt 0.04218369 0.8083121
vt 0.04228734 0.8083731
vt 0.04201042 0.8072619
vt 0.04144102 0.8076858
vt 0.04198688 0.8081131
vt 0.04236763 0.8079952
vt 0.0427373 0.8079616
vt 0.04268014 0.807661
vt 0.09214043 0.7752932
vt 0.0902974 0.7757953
vt 0.09032529 0.7767138
vt 0.0942583 0.7748772
vt 0.09214043 0.7752932
vt 0.09315967 0.7760912
vt 0.09752327 0.7743609
vt 0.0942583 0.7748772
vt 0.09506756 0.7757165
vt 0.0999732 0.7737947
vt 0.09752327 0.7743609
vt 0.09800899 0.7752507
vt 0.0999732 0.7737947
vt 0.1002206 0.7747412
vt 0.1025354 0.7738755
vt 0.09280645 0.7913228
vt 0.0937587 0.7905173
vt 0.09068244 0.7900541
vt 0.09510987 0.7921107
vt 0.09583306 0.7912269
vt 0.0937587 0.7905173
vt 0.09759044 0.7928969
vt 0.09806603 0.7919347
vt 0.09583306 0.7912269
vt 0.1004185 0.7934854
vt 0.1006116 0.7924656
vt 0.09806603 0.7919347
vt 0.1017791 0.7934948
vt 0.1018363 0.792475
vt 0.1006116 0.7924656
vt 0.1035947 0.7934339
vt 0.1034715 0.7924208
vt 0.1018363 0.792475
vt 0.1070486 0.7915916
vt 0.1065877 0.7907607
vt 0.1055489 0.7917205
vt 0.1087387 0.7888142
vt 0.1081184 0.7882494
vt 0.1075615 0.7894351
vt 0.1097569 0.7866235
vt 0.1090422 0.7862762
vt 0.1081184 0.7882494
vt 0.1099801 0.785331
vt 0.1092382 0.7851175
vt 0.1090422 0.7862762
vt 0.1081242 0.7901226
vt 0.1075615 0.7894351
vt 0.1065877 0.7907607
vt 0.1102081 0.7834594
vt 0.1094427 0.783435
vt 0.1092382 0.7851175
vt 0.1102081 0.7834594
vt 0.1101387 0.781159
vt 0.1093799 0.7813649
vt 0.1047293 0.7743625
vt 0.1035292 0.7732289
vt 0.1034282 0.774229
vt 0.1061856 0.7758815
vt 0.1047293 0.7743625
vt 0.1045092 0.7752489
vt 0.1088871 0.7790221
vt 0.1082531 0.7794416
vt 0.1093799 0.7813649
vt 0.1046336 0.7930779
vt 0.1044079 0.7921001
vt 0.1034715 0.7924208
vt 0.1058979 0.7926556
vt 0.1055489 0.7917205
vt 0.1044079 0.7921001
vt 0.1088871 0.7790221
vt 0.1074903 0.7773678
vt 0.1069954 0.7779528
vt 0.1074903 0.7773678
vt 0.1061856 0.7758815
vt 0.1058205 0.7766155
vt 0.1027362 0.7729145
vt 0.1025379 0.7728358
vt 0.1025354 0.7738755
vt 0.1035292 0.7732289
vt 0.1030733 0.7730482
vt 0.1030175 0.7740667
vt 0.1030733 0.7730482
vt 0.1027362 0.7729145
vt 0.102714 0.7739464
vt 0.08355194 0.7906616
vt 0.08353811 0.7901127
vt 0.08168303 0.7903353
vt 0.08576101 0.7904043
vt 0.08574688 0.7898758
vt 0.08353811 0.7901127
vt 0.08123719 0.776151
vt 0.08126938 0.7770595
vt 0.08617693 0.7767647
vt 0.0902974 0.7757953
vt 0.08614891 0.775839
vt 0.08617693 0.7767647
vt 0.08576101 0.7904043
vt 0.0883345 0.7905248
vt 0.08832019 0.7899777
vt 0.0883345 0.7905248
vt 0.09069514 0.7906172
vt 0.09068244 0.7900541
vt 0.03711742 0.7703749
vt 0.03498625 0.7713652
vt 0.03541249 0.7732169
vt 0.02491837 0.7888567
vt 0.02691119 0.7900138
vt 0.02797275 0.788012
vt 0.03820437 0.7700363
vt 0.03761911 0.7717291
vt 0.04185354 0.7703691
vt 0.03761911 0.7717291
vt 0.03820437 0.7700363
vt 0.03711742 0.7703749
vt 0.07939338 0.7916407
vt 0.08169382 0.7909028
vt 0.08168303 0.7903353
vt 0.07227343 0.7940888
vt 0.07505607 0.7932881
vt 0.074566 0.7923443
vt 0.07227343 0.7940888
vt 0.07206165 0.7930649
vt 0.06941974 0.7933026
vt 0.06933778 0.7943528
vt 0.06941974 0.7933026
vt 0.06694316 0.7928213
vt 0.06462484 0.7782975
vt 0.06516617 0.7788369
vt 0.06788086 0.7754704
vt 0.06292349 0.7808319
vt 0.06364166 0.7811296
vt 0.06516617 0.7788369
vt 0.06754636 0.7745523
vt 0.06788086 0.7754704
vt 0.06903868 0.7740869
vt 0.06889176 0.7731394
vt 0.06903868 0.7740869
vt 0.06938248 0.7738677
vt 0.06931251 0.7728719
vt 0.06938248 0.7738677
vt 0.06971341 0.7738348
vt 0.07505607 0.7932881
vt 0.07720518 0.792451
vt 0.07649987 0.7915912
vt 0.07720518 0.792451
vt 0.07939338 0.7916407
vt 0.07846814 0.7908629
vt 0.07103592 0.7737619
vt 0.06970596 0.7728358
vt 0.06971341 0.7738348
vt 0.07399624 0.7748827
vt 0.07103592 0.7737619
vt 0.07085877 0.7747633
vt 0.07399624 0.7748827
vt 0.07361179 0.7757509
vt 0.07670831 0.7763222
vt 0.07743185 0.775495
vt 0.07670831 0.7763222
vt 0.07867395 0.7766232
vt 0.07962054 0.7758205
vt 0.07867395 0.7766232
vt 0.08126938 0.7770595
vt 0.06425178 0.7913192
vt 0.0650472 0.792525
vt 0.06555837 0.7916581
vt 0.0650472 0.792525
vt 0.06557232 0.793109
vt 0.06603103 0.7921836
vt 0.06557232 0.793109
vt 0.06658595 0.7938177
vt 0.06694316 0.7928213
vt 0.06292647 0.782238
vt 0.06364738 0.7823993
vt 0.06364166 0.7811296
vt 0.06292647 0.782238
vt 0.06277734 0.7828767
vt 0.06351363 0.7829747
vt 0.06277734 0.7828767
vt 0.06236404 0.7854915
vt 0.06314212 0.7853276
vt 0.06236404 0.7854915
vt 0.06309103 0.788925
vt 0.06379699 0.7884179
vt 0.06309103 0.788925
vt 0.06425178 0.7913192
vt 0.0648421 0.790573
vt 0.1242572 0.821324
vt 0.1247574 0.8209731
vt 0.1244689 0.8203578
vt 0.124893 0.8189871
vt 0.1240495 0.820197
vt 0.1244689 0.8203578
vt 0.1311545 0.8264978
vt 0.132117 0.8265598
vt 0.131873 0.8261964
vt 0.1330296 0.8257124
vt 0.1327421 0.8253638
vt 0.131873 0.8261964
vt 0.1264007 0.8181004
vt 0.124893 0.8189871
vt 0.1252949 0.8191945
vt 0.1264007 0.8181004
vt 0.1267417 0.8183606
vt 0.12748 0.8166575
vt 0.1278266 0.8155942
vt 0.1270896 0.8163386
vt 0.12748 0.8166575
vt 0.1295757 0.8140761
vt 0.1278266 0.8155942
vt 0.1282275 0.815831
vt 0.1309864 0.8123894
vt 0.1295757 0.8140761
vt 0.1299632 0.8143039
vt 0.1309864 0.8123894
vt 0.1313533 0.8126727
vt 0.1325385 0.8108916
vt 0.1321202 0.8105383
vt 0.1325385 0.8108916
vt 0.133013 0.8098437
vt 0.133194 0.8091446
vt 0.132592 0.8094988
vt 0.133013 0.8098437
vt 0.1349154 0.8091446
vt 0.133194 0.8091446
vt 0.1335701 0.8094957
vt 0.1335452 0.823775
vt 0.134782 0.8229136
vt 0.1344516 0.8226483
vt 0.1378976 0.8186651
vt 0.1375757 0.8183734
vt 0.1366723 0.8195021
vt 0.1397607 0.8168793
vt 0.1403668 0.8164233
vt 0.1400192 0.8161209
vt 0.1405895 0.8159117
vt 0.1402479 0.815638
vt 0.1400192 0.8161209
vt 0.1404144 0.8144509
vt 0.1399241 0.8146786
vt 0.1402479 0.815638
vt 0.1378976 0.8186651
vt 0.1392244 0.8181056
vt 0.1388615 0.8178232
vt 0.1397607 0.8168793
vt 0.1393923 0.8165676
vt 0.1388615 0.8178232
vt 0.1333958 0.8243163
vt 0.1331009 0.823952
vt 0.1327421 0.8253638
vt 0.1335452 0.823775
vt 0.1332712 0.8234847
vt 0.1331009 0.823952
vt 0.134782 0.8229136
vt 0.1355517 0.8222455
vt 0.1352332 0.8219145
vt 0.1369515 0.8198247
vt 0.1366723 0.8195021
vt 0.1352332 0.8219145
vt 0.1242572 0.821324
vt 0.1277543 0.8244072
vt 0.1281084 0.8239297
vt 0.1311545 0.8264978
vt 0.1313571 0.8259507
vt 0.1281084 0.8239297
vt 0.1404144 0.8144509
vt 0.137674 0.8114026
vt 0.1373054 0.8117869
vt 0.1349154 0.8091446
vt 0.134732 0.8097071
vt 0.1373054 0.8117869
vt 0.04442936 0.8499861
vt 0.04166662 0.8498585
vt 0.04151731 0.8505437
vt 0.04008042 0.8477006
vt 0.03800034 0.8496742
vt 0.04151731 0.8505437
vt 0.04706323 0.8505936
vt 0.04678547 0.8497754
vt 0.04518002 0.84997
vt 0.07057172 0.3000634
vt 0.07057887 0.2981443
vt 0.0700314 0.2977847
vt 0.05768424 0.3046173
vt 0.05789387 0.3031434
vt 0.05306679 0.3038288
vt 0.05534529 0.3013367
vt 0.05472427 0.3015447
vt 0.05306679 0.3038288
vt 0.05789387 0.3016547
vt 0.05584925 0.3009185
vt 0.05534529 0.3013367
vt 0.05584925 0.3009185
vt 0.05789387 0.3016547
vt 0.05768448 0.3001809
vt 0.05294865 0.3030716
vt 0.05306679 0.3038288
vt 0.05472427 0.3015447
vt 0.8564853 0.2135177
vt 0.8672863 0.2159172
vt 0.869475 0.2042463
vt 0.8545984 0.2261402
vt 0.8667046 0.2268364
vt 0.8672863 0.2159172
vt 0.8549136 0.2383402
vt 0.8671114 0.2375812
vt 0.8667046 0.2268364
vt 0.7984133 0.2031612
vt 0.7947394 0.2143229
vt 0.8048077 0.2110822
vt 0.7947394 0.2143229
vt 0.7910479 0.2242895
vt 0.798812 0.224239
vt 0.7910479 0.2242895
vt 0.7867818 0.2343417
vt 0.7901296 0.2365063
vt 0.7854571 0.2073214
vt 0.7839643 0.2158637
vt 0.7947394 0.2143229
vt 0.7839643 0.2158637
vt 0.781923 0.2236476
vt 0.7910479 0.2242895
vt 0.781923 0.2236476
vt 0.7790567 0.2311281
vt 0.7867818 0.2343417
vt 0.7788127 0.2096307
vt 0.7775925 0.2163753
vt 0.7839643 0.2158637
vt 0.7775925 0.2163753
vt 0.7757846 0.2225744
vt 0.781923 0.2236476
vt 0.7757846 0.2225744
vt 0.7733457 0.2282882
vt 0.7790567 0.2311281
vt 0.774998 0.2117937
vt 0.7735595 0.2165546
vt 0.7775925 0.2163753
vt 0.7735595 0.2165546
vt 0.772095 0.2208736
vt 0.7757846 0.2225744
vt 0.7706122 0.2248966
vt 0.7733457 0.2282882
vt 0.7757846 0.2225744
vt 0.7735595 0.2165546
vt 0.7719475 0.2151379
vt 0.7702428 0.2196613
vt 0.7706122 0.2248966
vt 0.772095 0.2208736
vt 0.7702428 0.2196613
vt 0.7735595 0.2165546
vt 0.774998 0.2117937
vt 0.7719475 0.2151379
vt 0.869475 0.2042463
vt 0.8672863 0.2159172
vt 0.881532 0.2169724
vt 0.8667046 0.2268364
vt 0.8826756 0.227556
vt 0.881532 0.2169724
vt 0.8671114 0.2375812
vt 0.8845853 0.2376665
vt 0.8826756 0.227556
vt 0.881532 0.2169724
vt 0.892095 0.2173847
vt 0.8928063 0.2074814
vt 0.8826756 0.227556
vt 0.8923091 0.2271385
vt 0.892095 0.2173847
vt 0.8845853 0.2376665
vt 0.893231 0.2368075
vt 0.8923091 0.2271385
vt 0.892095 0.2173847
vt 0.9028608 0.2185585
vt 0.9025413 0.2111877
vt 0.892095 0.2173847
vt 0.8923091 0.2271385
vt 0.9028109 0.2257243
vt 0.8923091 0.2271385
vt 0.893231 0.2368075
vt 0.9031046 0.2327522
vt 0.9081729 0.2262025
vt 0.9079249 0.2165018
vt 0.9028608 0.2185585
vt 0.9031046 0.2327522
vt 0.9081729 0.2262025
vt 0.9028109 0.2257243
vt 0.9028608 0.2185585
vt 0.9079249 0.2165018
vt 0.9025413 0.2111877
vt 0.8591621 0.1489143
vt 0.8551929 0.1541605
vt 0.8655358 0.1546802
vt 0.8460803 0.1470037
vt 0.8450421 0.1527558
vt 0.8551929 0.1541605
vt 0.8460803 0.1470037
vt 0.8323993 0.1432798
vt 0.8344957 0.1506193
vt 0.8551929 0.1541605
vt 0.8509371 0.1614696
vt 0.8592466 0.161815
vt 0.8450421 0.1527558
vt 0.8428072 0.1607279
vt 0.8509371 0.1614696
vt 0.8450421 0.1527558
vt 0.8344957 0.1506193
vt 0.8347339 0.1596302
vt 0.8509371 0.1614696
vt 0.8478486 0.169049
vt 0.8556239 0.1690462
vt 0.8428072 0.1607279
vt 0.8404249 0.1685707
vt 0.8478486 0.169049
vt 0.8347339 0.1596302
vt 0.8332887 0.1678338
vt 0.8404249 0.1685707
vt 0.8478486 0.169049
vt 0.8455621 0.1751176
vt 0.8539003 0.1749061
vt 0.8404249 0.1685707
vt 0.8376669 0.1749216
vt 0.8455621 0.1751176
vt 0.8332887 0.1678338
vt 0.830878 0.1742491
vt 0.8376669 0.1749216
vt 0.8455621 0.1751176
vt 0.8435993 0.1811913
vt 0.8529768 0.1809565
vt 0.8376669 0.1749216
vt 0.8348013 0.1809977
vt 0.8435993 0.1811913
vt 0.830878 0.1742491
vt 0.8272261 0.1803795
vt 0.8348013 0.1809977
vt 0.8435993 0.1811913
vt 0.8422465 0.1869104
vt 0.8532721 0.186628
vt 0.8348013 0.1809977
vt 0.8320541 0.1866074
vt 0.8422465 0.1869104
vt 0.8272261 0.1803795
vt 0.8231363 0.1858225
vt 0.8320541 0.1866074
vt 0.8532721 0.186628
vt 0.8422465 0.1869104
vt 0.8413163 0.1924457
vt 0.8320541 0.1866074
vt 0.8289442 0.1920722
vt 0.8413163 0.1924457
vt 0.8231363 0.1858225
vt 0.8180011 0.1910307
vt 0.8289442 0.1920722
vt 0.8548501 0.1923345
vt 0.8413163 0.1924457
vt 0.8423629 0.198642
vt 0.8289442 0.1920722
vt 0.8264819 0.1977068
vt 0.8423629 0.198642
vt 0.8180011 0.1910307
vt 0.8118496 0.1959913
vt 0.8264819 0.1977068
vt 0.7975918 0.2428247
vt 0.8134728 0.2422249
vt 0.8124851 0.2367046
vt 0.8282741 0.2417855
vt 0.8316788 0.2368382
vt 0.8124851 0.2367046
vt 0.8454862 0.2421718
vt 0.8549136 0.2383402
vt 0.8316788 0.2368382
vt 0.8013025 0.2506043
vt 0.8138061 0.2496179
vt 0.8134728 0.2422249
vt 0.8257959 0.2486117
vt 0.8282741 0.2417855
vt 0.8134728 0.2422249
vt 0.8388292 0.2484522
vt 0.8454862 0.2421718
vt 0.8282741 0.2417855
vt 0.8046032 0.2614992
vt 0.814405 0.2605665
vt 0.8138061 0.2496179
vt 0.824027 0.2587581
vt 0.8257959 0.2486117
vt 0.8138061 0.2496179
vt 0.8340563 0.2570985
vt 0.8388292 0.2484522
vt 0.8257959 0.2486117
vt 0.809002 0.2698875
vt 0.8161732 0.2692258
vt 0.814405 0.2605665
vt 0.8228976 0.2675844
vt 0.824027 0.2587581
vt 0.814405 0.2605665
vt 0.8300977 0.2654263
vt 0.8340563 0.2570985
vt 0.824027 0.2587581
vt 0.8228976 0.2675844
vt 0.8161732 0.2692258
vt 0.816226 0.2735532
vt 0.8300977 0.2654263
vt 0.8228976 0.2675844
vt 0.824656 0.2720843
vt 0.8161732 0.2692258
vt 0.809002 0.2698875
vt 0.816226 0.2735532
vt 0.8212069 0.2117376
vt 0.8264819 0.1977068
vt 0.8118496 0.1959913
vt 0.8378506 0.2125676
vt 0.8423629 0.198642
vt 0.8264819 0.1977068
vt 0.8564853 0.2135177
vt 0.8599169 0.1993218
vt 0.8423629 0.198642
vt 0.8166853 0.2243323
vt 0.8212069 0.2117376
vt 0.8048077 0.2110822
vt 0.834499 0.2249444
vt 0.8378506 0.2125676
vt 0.8212069 0.2117376
vt 0.8545984 0.2261402
vt 0.8564853 0.2135177
vt 0.8378506 0.2125676
vt 0.8124851 0.2367046
vt 0.8166853 0.2243323
vt 0.798812 0.224239
vt 0.8316788 0.2368382
vt 0.834499 0.2249444
vt 0.8166853 0.2243323
vt 0.8549136 0.2383402
vt 0.8545984 0.2261402
vt 0.834499 0.2249444
vt 0.8740243 0.1197723
vt 0.8732851 0.1288896
vt 0.8820863 0.1282385
vt 0.8732851 0.1288896
vt 0.8727124 0.1386923
vt 0.8812339 0.1366087
vt 0.8727124 0.1386923
vt 0.8724351 0.1497432
vt 0.8809885 0.1458477
vt 0.8833118 0.1203705
vt 0.8820863 0.1282385
vt 0.890824 0.1279994
vt 0.8820863 0.1282385
vt 0.8812339 0.1366087
vt 0.8893617 0.1353798
vt 0.8812339 0.1366087
vt 0.8809885 0.1458477
vt 0.8885434 0.1435176
vt 0.8928694 0.1212305
vt 0.890824 0.1279994
vt 0.8971499 0.1282975
vt 0.890824 0.1279994
vt 0.8893617 0.1353798
vt 0.895951 0.1347159
vt 0.8893617 0.1353798
vt 0.8885434 0.1435176
vt 0.8952345 0.1414596
vt 0.8971499 0.1282975
vt 0.9014886 0.130292
vt 0.9023662 0.1255465
vt 0.895951 0.1347159
vt 0.9006202 0.1348381
vt 0.9014886 0.130292
vt 0.895951 0.1347159
vt 0.8952345 0.1414596
vt 0.8997696 0.1392834
vt 0.903264 0.1354739
vt 0.9044013 0.1300353
vt 0.9014886 0.130292
vt 0.8997696 0.1392834
vt 0.903264 0.1354739
vt 0.9006202 0.1348381
vt 0.9014886 0.130292
vt 0.9044013 0.1300353
vt 0.9023662 0.1255465
vt 0.8208512 0.1130845
vt 0.8189461 0.1156683
vt 0.8205366 0.1162392
vt 0.8238301 0.1113234
vt 0.8208512 0.1130845
vt 0.8221468 0.1138949
vt 0.8205366 0.1162392
vt 0.8189461 0.1156683
vt 0.8188468 0.1183263
vt 0.8188468 0.1183263
vt 0.8197076 0.1223779
vt 0.823185 0.1189082
vt 0.823185 0.1189082
vt 0.825919 0.11505
vt 0.8221468 0.1138949
vt 0.825919 0.11505
vt 0.8281767 0.1107483
vt 0.8238301 0.1113234
vt 0.8197076 0.1223779
vt 0.8270007 0.1326517
vt 0.8321532 0.1259137
vt 0.8321532 0.1259137
vt 0.8356427 0.11949
vt 0.825919 0.11505
vt 0.8356427 0.11949
vt 0.8384559 0.1130744
vt 0.8281767 0.1107483
vt 0.8395719 0.1329585
vt 0.8321532 0.1259137
vt 0.8270007 0.1326517
vt 0.8446574 0.1241873
vt 0.8356427 0.11949
vt 0.8321532 0.1259137
vt 0.8446574 0.1241873
vt 0.848599 0.1158259
vt 0.8384559 0.1130744
vt 0.8460803 0.1470037
vt 0.850571 0.1360291
vt 0.8395719 0.1329585
vt 0.850571 0.1360291
vt 0.8540574 0.126484
vt 0.8446574 0.1241873
vt 0.8540574 0.126484
vt 0.8569679 0.1176419
vt 0.848599 0.1158259
vt 0.8591621 0.1489143
vt 0.861634 0.1378403
vt 0.850571 0.1360291
vt 0.861634 0.1378403
vt 0.8636056 0.1279344
vt 0.8540574 0.126484
vt 0.8636056 0.1279344
vt 0.8653908 0.1187953
vt 0.8569679 0.1176419
vt 0.8724351 0.1497432
vt 0.8727124 0.1386923
vt 0.861634 0.1378403
vt 0.8727124 0.1386923
vt 0.8732851 0.1288896
vt 0.8636056 0.1279344
vt 0.8732851 0.1288896
vt 0.8740243 0.1197723
vt 0.8653908 0.1187953
vt 0.8983837 0.122485
vt 0.90405 0.1171491
vt 0.8970776 0.1138344
vt 0.8928694 0.1212305
vt 0.8970776 0.1138344
vt 0.8863198 0.1118226
vt 0.9023662 0.1255465
vt 0.9093804 0.1224674
vt 0.90405 0.1171491
vt 0.9044013 0.1300353
vt 0.9117743 0.1289692
vt 0.9093804 0.1224674
vt 0.9109802 0.1366283
vt 0.9117743 0.1289692
vt 0.9044013 0.1300353
vt 0.9014422 0.1468756
vt 0.9067535 0.1428282
vt 0.8997696 0.1392834
vt 0.8944776 0.1502696
vt 0.9014422 0.1468756
vt 0.8952345 0.1414596
vt 0.8876761 0.1528222
vt 0.8944776 0.1502696
vt 0.8885434 0.1435176
vt 0.8806998 0.1554917
vt 0.8876761 0.1528222
vt 0.8809885 0.1458477
vt 0.8750991 0.158426
vt 0.8806998 0.1554917
vt 0.8724351 0.1497432
vt 0.8694941 0.1626136
vt 0.8750991 0.158426
vt 0.8655358 0.1546802
vt 0.8657886 0.1674299
vt 0.8694941 0.1626136
vt 0.8592466 0.161815
vt 0.8638189 0.1719549
vt 0.8657886 0.1674299
vt 0.8556239 0.1690462
vt 0.8624605 0.1769114
vt 0.8638189 0.1719549
vt 0.8539003 0.1749061
vt 0.8623507 0.1818424
vt 0.8624605 0.1769114
vt 0.8529768 0.1809565
vt 0.8634335 0.1869407
vt 0.8623507 0.1818424
vt 0.8532721 0.186628
vt 0.8677628 0.1933893
vt 0.8634335 0.1869407
vt 0.8548501 0.1923345
vt 0.8323993 0.1432798
vt 0.8215034 0.1454949
vt 0.8232554 0.1496953
vt 0.8344957 0.1506193
vt 0.8232554 0.1496953
vt 0.8250731 0.1547956
vt 0.8347339 0.1596302
vt 0.8250731 0.1547956
vt 0.8254279 0.1605076
vt 0.8332887 0.1678338
vt 0.8254279 0.1605076
vt 0.8245954 0.1657707
vt 0.830878 0.1742491
vt 0.8245954 0.1657707
vt 0.8223883 0.171487
vt 0.8272261 0.1803795
vt 0.8223883 0.171487
vt 0.8190925 0.176789
vt 0.8231363 0.1858225
vt 0.8190925 0.176789
vt 0.8145143 0.1819886
vt 0.8833118 0.1203705
vt 0.8863198 0.1118226
vt 0.8768631 0.1108912
vt 0.869475 0.2042463
vt 0.8766974 0.1976728
vt 0.8677628 0.1933893
vt 0.8180011 0.1910307
vt 0.8145143 0.1819886
vt 0.80861 0.1868789
vt 0.7984133 0.2031612
vt 0.7953975 0.1941281
vt 0.7819144 0.1987733
vt 0.7819144 0.1987733
vt 0.7740696 0.202488
vt 0.7788127 0.2096307
vt 0.7691611 0.2062238
vt 0.764993 0.211973
vt 0.7719475 0.2151379
vt 0.764993 0.211973
vt 0.7629118 0.2195361
vt 0.7702428 0.2196613
vt 0.7629118 0.2195361
vt 0.7640091 0.227651
vt 0.7706122 0.2248966
vt 0.7706122 0.2248966
vt 0.7640091 0.227651
vt 0.7671534 0.2330972
vt 0.7733457 0.2282882
vt 0.7671534 0.2330972
vt 0.77362 0.2380825
vt 0.7790567 0.2311281
vt 0.77362 0.2380825
vt 0.7815638 0.2422719
vt 0.7867818 0.2343417
vt 0.7815638 0.2422719
vt 0.7848358 0.244335
vt 0.8112801 0.1178757
vt 0.8126956 0.1250968
vt 0.8197076 0.1223779
vt 0.8189461 0.1156683
vt 0.812987 0.1119718
vt 0.8112801 0.1178757
vt 0.8208512 0.1130845
vt 0.817384 0.1066469
vt 0.812987 0.1119718
vt 0.8238301 0.1113234
vt 0.8230808 0.1038384
vt 0.817384 0.1066469
vt 0.8281767 0.1107483
vt 0.8298752 0.1030738
vt 0.8230808 0.1038384
vt 0.8384559 0.1130744
vt 0.8424115 0.1053352
vt 0.8298752 0.1030738
vt 0.848599 0.1158259
vt 0.8527054 0.1076035
vt 0.8424115 0.1053352
vt 0.8126956 0.1250968
vt 0.8180494 0.1374231
vt 0.8270007 0.1326517
vt 0.8270007 0.1326517
vt 0.8180494 0.1374231
vt 0.8215034 0.1454949
vt 0.9067535 0.1428282
vt 0.9109802 0.1366283
vt 0.903264 0.1354739
vt 0.8822071 0.2060538
vt 0.8891068 0.1997555
vt 0.8766974 0.1976728
vt 0.8928063 0.2074814
vt 0.9002373 0.2023119
vt 0.8891068 0.1997555
vt 0.9025413 0.2111877
vt 0.9108199 0.2080434
vt 0.9002373 0.2023119
vt 0.9079249 0.2165018
vt 0.9166846 0.2155644
vt 0.9108199 0.2080434
vt 0.9081729 0.2262025
vt 0.9166846 0.2270651
vt 0.9166846 0.2155644
vt 0.9006649 0.2416213
vt 0.9113758 0.2354545
vt 0.9031046 0.2327522
vt 0.8910418 0.2439952
vt 0.9006649 0.2416213
vt 0.893231 0.2368075
vt 0.8732846 0.2448344
vt 0.8910418 0.2439952
vt 0.8845853 0.2376665
vt 0.8611232 0.2455228
vt 0.8732846 0.2448344
vt 0.8671114 0.2375812
vt 0.8118496 0.1959913
vt 0.80861 0.1868789
vt 0.7953975 0.1941281
vt 0.7740696 0.202488
vt 0.7691611 0.2062238
vt 0.774998 0.2117937
vt 0.9113758 0.2354545
vt 0.9166846 0.2270651
vt 0.9081729 0.2262025
vt 0.7848358 0.244335
vt 0.7919163 0.250605
vt 0.7975918 0.2428247
vt 0.7919163 0.250605
vt 0.796062 0.2581684
vt 0.8013025 0.2506043
vt 0.796062 0.2581684
vt 0.8006463 0.2694725
vt 0.8046032 0.2614992
vt 0.8006463 0.2694725
vt 0.8067084 0.2784403
vt 0.809002 0.2698875
vt 0.8067084 0.2784403
vt 0.815483 0.2821187
vt 0.816226 0.2735532
vt 0.816226 0.2735532
vt 0.815483 0.2821187
vt 0.8255705 0.2808413
vt 0.824656 0.2720843
vt 0.8255705 0.2808413
vt 0.8331489 0.2739836
vt 0.8300977 0.2654263
vt 0.8331489 0.2739836
vt 0.8385143 0.2649832
vt 0.8340563 0.2570985
vt 0.8385143 0.2649832
vt 0.8444091 0.2557207
vt 0.8388292 0.2484522
vt 0.8444091 0.2557207
vt 0.8516578 0.2493998
vt 0.8516578 0.2493998
vt 0.8611232 0.2455228
vt 0.8549136 0.2383402
vt 0.8740243 0.1197723
vt 0.8768631 0.1108912
vt 0.8685628 0.1099414
vt 0.8653908 0.1187953
vt 0.8685628 0.1099414
vt 0.8606427 0.1090369
vt 0.8569679 0.1176419
vt 0.8606427 0.1090369
vt 0.8527054 0.1076035
vt 0.1270881 0.7634994
vt 0.119078 0.7479925
vt 0.1093149 0.7693295
vt 0.1270881 0.7634994
vt 0.1093149 0.7693295
vt 0.1224712 0.7707617
vt 0.1185858 0.7727379
vt 0.1224712 0.7707617
vt 0.1148617 0.7727379
vt 0.07535159 0.7727379
vt 0.06387108 0.7680155
vt 0.07015663 0.7727379
vt 0.06236404 0.7595428
vt 0.06387108 0.7680155
vt 0.07658302 0.7716959
vt 0.06236404 0.7595428
vt 0.07658302 0.7716959
vt 0.07567095 0.748249
vt 0.04221338 0.2838154
vt 0.04286772 0.283787
vt 0.04221695 0.2826039
vt 0.05714839 0.2636459
vt 0.05714851 0.2628458
vt 0.05654549 0.2636452
vt 0.04301595 0.2826039
vt 0.04286772 0.283787
vt 0.04378634 0.2828164
vt 0.05654549 0.2636452
vt 0.05654394 0.264444
vt 0.05714839 0.2636459
vt 0.04221695 0.2826039
vt 0.04144674 0.2828166
vt 0.04221338 0.2838154
vt 0.05714851 0.2628458
vt 0.05714702 0.2620453
vt 0.05654549 0.2628463
vt 0.05714333 0.2652457
vt 0.05714672 0.2644459
vt 0.05654072 0.2652426
vt 0.04076099 0.2832266
vt 0.04161345 0.2840783
vt 0.04144674 0.2828166
vt 0.05714702 0.2620453
vt 0.05714392 0.2612448
vt 0.05654382 0.2620471
vt 0.04502403 0.2838041
vt 0.04447209 0.2832264
vt 0.04399096 0.2844166
vt 0.05713826 0.2660452
vt 0.05714333 0.2652457
vt 0.05653589 0.2660409
vt 0.04020905 0.2838045
vt 0.04114902 0.2845402
vt 0.04076099 0.2832266
vt 0.05714392 0.2612448
vt 0.05713886 0.2604439
vt 0.05654054 0.2612478
vt 0.07716017 0.3014395
vt 0.07766801 0.3010706
vt 0.07706838 0.3013499
vt 0.07680451 0.30199
vt 0.07716017 0.3014395
vt 0.0766775 0.3019382
vt 0.07828599 0.3008008
vt 0.07794708 0.3008615
vt 0.07828986 0.3009204
vt 0.04581141 0.2850677
vt 0.04502403 0.2838041
vt 0.04430818 0.2849896
vt 0.05652934 0.2668389
vt 0.05713152 0.2668438
vt 0.05653589 0.2660409
vt 0.07680451 0.30199
vt 0.0766775 0.3019382
vt 0.07667189 0.3026388
vt 0.04088282 0.2851385
vt 0.04114902 0.2845402
vt 0.03983086 0.2845082
vt 0.05653548 0.2604484
vt 0.05713886 0.2604439
vt 0.0565285 0.2596489
vt 0.07828599 0.3008008
vt 0.07828986 0.3009204
vt 0.07894498 0.3008948
vt 0.07667189 0.3026388
vt 0.07654052 0.3026392
vt 0.07678467 0.3032775
vt 0.07946836 0.3013356
vt 0.07954519 0.3012321
vt 0.0789051 0.3010145
vt 0.04088282 0.2851385
vt 0.03965365 0.2852874
vt 0.04085063 0.2857927
vt 0.0565285 0.2596489
vt 0.057132 0.2596429
vt 0.05651968 0.2588494
vt 0.07713127 0.3038368
vt 0.07678467 0.3032775
vt 0.07702898 0.303929
vt 0.0571196 0.2683307
vt 0.05713152 0.2668438
vt 0.0565176 0.2683255
vt 0.04105693 0.2864141
vt 0.04085063 0.2857927
vt 0.03993797 0.2868452
vt 0.07992845 0.3017955
vt 0.0800358 0.3017209
vt 0.07946836 0.3013356
vt 0.07713127 0.3038368
vt 0.07702898 0.303929
vt 0.07765966 0.3042458
vt 0.05651968 0.2588494
vt 0.05712318 0.2588421
vt 0.05650895 0.2580497
vt 0.04147386 0.2869192
vt 0.04105693 0.2864141
vt 0.04037904 0.2875114
vt 0.08018237 0.3023995
vt 0.08031624 0.3023717
vt 0.07992845 0.3017955
vt 0.07765966 0.3042458
vt 0.07760095 0.3043652
vt 0.07829219 0.3044317
vt 0.05650895 0.2580497
vt 0.05711263 0.258041
vt 0.05649644 0.2572499
vt 0.05710619 0.2698174
vt 0.0571196 0.2683307
vt 0.0565043 0.2698116
vt 0.04157066 0.2885263
vt 0.04204499 0.2872395
vt 0.04098153 0.2880363
vt 0.08018237 0.3023995
vt 0.08018988 0.3030522
vt 0.08031624 0.3023717
vt 0.07829219 0.3044317
vt 0.07828074 0.3045625
vt 0.07894355 0.304378
vt 0.04203635 0.289135
vt 0.04269337 0.2873319
vt 0.04157066 0.2885263
vt 0.08018988 0.3030522
vt 0.07995802 0.3036395
vt 0.08031624 0.3030777
vt 0.07894355 0.304378
vt 0.07897943 0.3045028
vt 0.07952499 0.3040975
vt 0.07952499 0.3040975
vt 0.07960176 0.3041992
vt 0.07995802 0.3036395
vt 0.05710011 0.2572396
vt 0.05708575 0.2564391
vt 0.05649644 0.2572499
vt 0.05708575 0.2564391
vt 0.05707192 0.2556726
vt 0.05648201 0.25645
vt 0.05709117 0.2713038
vt 0.05710619 0.2698174
vt 0.0564894 0.2712973
vt 0.05646812 0.2556829
vt 0.05707192 0.2556726
vt 0.05645591 0.2549156
vt 0.05645591 0.2549156
vt 0.0570597 0.2549065
vt 0.05644506 0.2541484
vt 0.05707472 0.2727898
vt 0.05709117 0.2713038
vt 0.05647289 0.2727827
vt 0.05644506 0.2541484
vt 0.05704885 0.2541404
vt 0.05643564 0.2533811
vt 0.05703955 0.2533743
vt 0.05703181 0.2526083
vt 0.05643564 0.2533811
vt 0.05705642 0.2742757
vt 0.05707472 0.2727898
vt 0.05645489 0.274268
vt 0.05624699 0.2628637
vt 0.05564421 0.2628643
vt 0.05624818 0.2636624
vt 0.05624818 0.2636624
vt 0.05564558 0.2636641
vt 0.05625087 0.2644609
vt 0.05624729 0.2620646
vt 0.05564409 0.262064
vt 0.05624699 0.2628637
vt 0.05625087 0.2644609
vt 0.05564844 0.2644635
vt 0.05625492 0.265259
vt 0.05624878 0.261265
vt 0.05564528 0.2612635
vt 0.05624729 0.2620646
vt 0.05625492 0.265259
vt 0.05565273 0.2652627
vt 0.0562604 0.2660566
vt 0.05625206 0.2604653
vt 0.05564826 0.2604622
vt 0.05624878 0.261265
vt 0.05565851 0.2660615
vt 0.05566573 0.2668593
vt 0.0562604 0.2660566
vt 0.05565285 0.2596606
vt 0.05564826 0.2604622
vt 0.056257 0.2596649
vt 0.05565917 0.2588588
vt 0.05565285 0.2596606
vt 0.05626356 0.2588643
vt 0.05626744 0.266854
vt 0.05566573 0.2668593
vt 0.05627977 0.2683393
vt 0.05627185 0.2580633
vt 0.05566722 0.2580565
vt 0.05626356 0.2588643
vt 0.05567699 0.2572539
vt 0.05566722 0.2580565
vt 0.05628174 0.2572621
vt 0.05627977 0.2683393
vt 0.05567824 0.2683443
vt 0.05629158 0.269824
vt 0.05629348 0.2564607
vt 0.05568867 0.256452
vt 0.05628174 0.2572621
vt 0.05630481 0.2556921
vt 0.0556997 0.2556839
vt 0.05629348 0.2564607
vt 0.05629158 0.269824
vt 0.05569016 0.2698287
vt 0.05630272 0.2713082
vt 0.05570924 0.2549162
vt 0.0556997 0.2556839
vt 0.05631434 0.2549232
vt 0.05571728 0.2541485
vt 0.05570924 0.2549162
vt 0.05632251 0.2541543
vt 0.05630272 0.2713082
vt 0.05570149 0.2713128
vt 0.05631345 0.2727922
vt 0.05572378 0.2533806
vt 0.05571728 0.2541485
vt 0.05632907 0.2533852
vt 0.05633401 0.252616
vt 0.05572873 0.2526128
vt 0.05632907 0.2533852
vt 0.05571234 0.2727965
vt 0.05572277 0.2742801
vt 0.05631345 0.2727922
vt 0.05182462 0.300342
vt 0.05177307 0.3004507
vt 0.05237269 0.30073
vt 0.05263644 0.3013703
vt 0.05276358 0.3013184
vt 0.0522809 0.3008197
vt 0.05177307 0.3004507
vt 0.05149412 0.3002416
vt 0.05115121 0.3003005
vt 0.05263644 0.3013703
vt 0.05276906 0.302019
vt 0.05276358 0.3013184
vt 0.05053585 0.3003946
vt 0.05115121 0.3003005
vt 0.05049604 0.300275
vt 0.05276906 0.302019
vt 0.05265629 0.3026577
vt 0.05290049 0.3020195
vt 0.04997271 0.3007157
vt 0.05053585 0.3003946
vt 0.04989582 0.3006123
vt 0.05230969 0.303217
vt 0.05241203 0.3033091
vt 0.05265629 0.3026577
vt 0.04951256 0.3011756
vt 0.04997271 0.3007157
vt 0.04940515 0.3011011
vt 0.05230969 0.303217
vt 0.05178129 0.3036259
vt 0.05241203 0.3033091
vt 0.04925864 0.3017797
vt 0.04951256 0.3011756
vt 0.04912483 0.3017518
vt 0.05178129 0.3036259
vt 0.05114889 0.3038118
vt 0.05184 0.3037454
vt 0.04925864 0.3017797
vt 0.04912483 0.3017518
vt 0.04925119 0.3024323
vt 0.05114889 0.3038118
vt 0.05049741 0.3037581
vt 0.05116021 0.3039427
vt 0.04925119 0.3024323
vt 0.04912483 0.3024579
vt 0.04948294 0.3030196
vt 0.05049741 0.3037581
vt 0.04991596 0.3034776
vt 0.05046164 0.3038829
vt 0.04991596 0.3034776
vt 0.04948294 0.3030196
vt 0.04983931 0.3035794
vt 0.03831475 0.2495401
vt 0.03880739 0.2506467
vt 0.03910499 0.2494236
vt 0.03758388 0.2498629
vt 0.03819751 0.2508851
vt 0.03831475 0.2495401
vt 0.0391348 0.2506153
vt 0.0394622 0.2506447
vt 0.03910499 0.2494236
vt 0.03771489 0.2513276
vt 0.03819751 0.2508851
vt 0.03696531 0.2503685
vt 0.0394622 0.2506447
vt 0.04007357 0.2508794
vt 0.03989785 0.2495215
vt 0.03623223 0.251772
vt 0.03742474 0.2519148
vt 0.03650355 0.2510205
vt 0.04063594 0.249827
vt 0.04007357 0.2508794
vt 0.04126596 0.2503178
vt 0.03602266 0.253246
vt 0.03736603 0.252567
vt 0.03623223 0.251772
vt 0.04055863 0.251319
vt 0.0408523 0.2519043
vt 0.0417428 0.2509588
vt 0.04203158 0.2517034
vt 0.0408523 0.2519043
vt 0.04211193 0.2524981
vt 0.04073727 0.2531862
vt 0.04197764 0.2532856
vt 0.04091459 0.252556
vt 0.04073727 0.2531862
vt 0.04034435 0.2537098
vt 0.04163867 0.2540089
vt 0.04034435 0.2537098
vt 0.03978878 0.2540561
vt 0.04129785 0.2546949
vt 0.05544877 0.2992619
vt 0.05270719 0.2951447
vt 0.05430805 0.2998371
vt 0.0530647 0.3001327
vt 0.05430805 0.2998371
vt 0.05247044 0.2952158
vt 0.05544877 0.2992619
vt 0.05642563 0.2984375
vt 0.05270719 0.2951447
vt 0.05178707 0.3001327
vt 0.0530647 0.3001327
vt 0.05234557 0.2952087
vt 0.05718398 0.2974093
vt 0.05288469 0.2949761
vt 0.05642563 0.2984375
vt 0.05178707 0.3001327
vt 0.05234557 0.2952087
vt 0.05054372 0.2998375
vt 0.05718398 0.2974093
vt 0.05768275 0.2962329
vt 0.05288469 0.2949761
vt 0.04940217 0.2992633
vt 0.05054372 0.2998375
vt 0.05211639 0.2951103
vt 0.05789387 0.2949729
vt 0.05296587 0.2947485
vt 0.05768275 0.2962329
vt 0.04940217 0.2992633
vt 0.05211639 0.2951103
vt 0.04842376 0.2984413
vt 0.05789387 0.2949729
vt 0.05780553 0.2936982
vt 0.05296587 0.2947485
vt 0.04842376 0.2984413
vt 0.0520246 0.2950293
vt 0.04766064 0.2974136
vt 0.05780553 0.2936982
vt 0.05764245 0.2928457
vt 0.05296444 0.2946284
vt 0.04715609 0.2962358
vt 0.04766064 0.2974136
vt 0.05191153 0.2948158
vt 0.05694168 0.2915041
vt 0.05287814 0.2944078
vt 0.05756324 0.2926415
vt 0.04693865 0.2949717
vt 0.04715609 0.2962358
vt 0.05189615 0.2946952
vt 0.05607372 0.2905456
vt 0.05279749 0.2943173
vt 0.05694168 0.2915041
vt 0.04702079 0.2936904
vt 0.04693865 0.2949717
vt 0.05190974 0.2945744
vt 0.05607372 0.2905456
vt 0.05500888 0.2898165
vt 0.05279749 0.2943173
vt 0.04702079 0.2936904
vt 0.05190974 0.2945744
vt 0.0473991 0.2924619
vt 0.05380529 0.2893541
vt 0.05258238 0.2941958
vt 0.05500888 0.2898165
vt 0.04805237 0.2913551
vt 0.0473991 0.2924619
vt 0.05201923 0.2943577
vt 0.05252766 0.2891831
vt 0.05245989 0.2941728
vt 0.05380529 0.2893541
vt 0.0489456 0.2904293
vt 0.04805237 0.2913551
vt 0.05210924 0.294274
vt 0.05252766 0.2891831
vt 0.05124598 0.2893128
vt 0.05245989 0.2941728
vt 0.0489456 0.2904293
vt 0.05210924 0.294274
vt 0.05002993 0.2897359
vt 0.05124598 0.2893128
vt 0.05002993 0.2897359
vt 0.05233573 0.2941787
vt 0.03944516 0.2826039
vt 0.03507113 0.2842412
vt 0.03956514 0.2840878
vt 0.03754711 0.2531965
vt 0.03602266 0.253246
vt 0.03794348 0.253718
vt 0.03794348 0.253718
vt 0.03602266 0.2547347
vt 0.03850138 0.2540612
vt 0.03914541 0.2541798
vt 0.03850138 0.2540612
vt 0.04110801 0.2562081
vt 0.03623217 0.2562088
vt 0.03664708 0.2576386
vt 0.04110801 0.2562081
vt 0.03664708 0.2576386
vt 0.03725934 0.2589958
vt 0.04126805 0.2569576
vt 0.06589996 0.2619137
vt 0.0669161 0.2608244
vt 0.06348049 0.257906
vt 0.06474053 0.262849
vt 0.06589996 0.2619137
vt 0.06285178 0.2583423
vt 0.06346112 0.2636119
vt 0.06474053 0.262849
vt 0.06214189 0.2586282
vt 0.06208693 0.2641871
vt 0.06346112 0.2636119
vt 0.06138622 0.2587494
vt 0.06064444 0.2645577
vt 0.06208693 0.2641871
vt 0.06062167 0.2587052
vt 0.05982267 0.2586661
vt 0.05984592 0.2646028
vt 0.06062167 0.2587052
vt 0.0590645 0.2644285
vt 0.05984592 0.2646028
vt 0.05904275 0.2588468
vt 0.05833894 0.2592283
vt 0.05835789 0.2640523
vt 0.05904275 0.2588468
vt 0.05777674 0.2635018
vt 0.05835789 0.2640523
vt 0.05776226 0.2597835
vt 0.05777674 0.2635018
vt 0.05776226 0.2597835
vt 0.05736327 0.2628162
vt 0.05714702 0.2620453
vt 0.05736327 0.2628162
vt 0.05714392 0.2612448
vt 0.04689532 0.2619488
vt 0.04930144 0.2579397
vt 0.04587715 0.2608626
vt 0.04805612 0.2628808
vt 0.0499311 0.2583746
vt 0.04689532 0.2619488
vt 0.04933661 0.2636402
vt 0.05064159 0.2586588
vt 0.04805612 0.2628808
vt 0.05071133 0.2642118
vt 0.05139744 0.2587781
vt 0.04933661 0.2636402
vt 0.05139744 0.2587781
vt 0.05071133 0.2642118
vt 0.05216187 0.2587322
vt 0.05215275 0.2645843
vt 0.05295133 0.2646276
vt 0.05216187 0.2587322
vt 0.05373227 0.2644515
vt 0.05374109 0.25887
vt 0.05295133 0.2646276
vt 0.05373227 0.2644515
vt 0.05443799 0.2640737
vt 0.05374109 0.25887
vt 0.05501782 0.2635218
vt 0.05502361 0.2598038
vt 0.05443799 0.2640737
vt 0.05501782 0.2635218
vt 0.05542969 0.2628353
vt 0.05502361 0.2598038
vt 0.05543339 0.2604914
vt 0.05542969 0.2628353
vt 0.05564528 0.2612635
vt 0.05705642 0.2742757
vt 0.05645489 0.274268
vt 0.05703836 0.2755854
vt 0.05703181 0.2526083
vt 0.05702203 0.2517052
vt 0.05642789 0.2526138
vt 0.05633401 0.252616
vt 0.05633777 0.2517115
vt 0.05572873 0.2526128
vt 0.05632376 0.2742761
vt 0.05572277 0.2742801
vt 0.05633091 0.275583
vt 0.03956514 0.2840878
vt 0.03512489 0.2850056
vt 0.03960537 0.2853998
vt 0.03725934 0.2589958
vt 0.03785824 0.2601627
vt 0.04159051 0.2576529
vt 0.0669161 0.2608244
vt 0.06776285 0.2598205
vt 0.06399661 0.2573411
vt 0.04587715 0.2608626
vt 0.04878401 0.2573761
vt 0.04502981 0.2598617
vt 0.05703836 0.2755854
vt 0.05643683 0.2755772
vt 0.05701845 0.2769892
vt 0.05702203 0.2517052
vt 0.05700683 0.2503174
vt 0.05641806 0.2517104
vt 0.05573248 0.2517088
vt 0.05633777 0.2517115
vt 0.05573868 0.2503178
vt 0.05633091 0.275583
vt 0.05573004 0.2755868
vt 0.05633848 0.2769854
vt 0.03960537 0.2853998
vt 0.03509986 0.2859075
vt 0.03960537 0.2868073
vt 0.03785824 0.2601627
vt 0.03853863 0.2613949
vt 0.04204839 0.2584292
vt 0.06776285 0.2598205
vt 0.06863701 0.2587169
vt 0.06453698 0.2566187
vt 0.04502981 0.2598617
vt 0.04824328 0.2566557
vt 0.04415321 0.2587604
vt 0.05701845 0.2769892
vt 0.05641704 0.276981
vt 0.05699551 0.2784854
vt 0.05700683 0.2503174
vt 0.05699819 0.2494236
vt 0.05640298 0.2503227
vt 0.05634403 0.2503204
vt 0.05634582 0.2494253
vt 0.05573868 0.2503178
vt 0.05633848 0.2769854
vt 0.05573755 0.2769892
vt 0.05634582 0.2784778
vt 0.03960537 0.2868073
vt 0.03509747 0.2872934
vt 0.03943866 0.2882974
vt 0.03853863 0.2613949
vt 0.0394048 0.2626172
vt 0.04272031 0.2596414
vt 0.06863701 0.2587169
vt 0.06943213 0.2574444
vt 0.06539571 0.2555307
vt 0.04415321 0.2587604
vt 0.04738211 0.2555699
vt 0.04335737 0.2574916
vt 0.04581141 0.2819525
vt 0.04126703 0.2819525
vt 0.04580622 0.2825556
vt 0.04581141 0.2813013
vt 0.04127728 0.2813013
vt 0.04581129 0.2819043
vt 0.07130938 0.3012223
vt 0.07131874 0.3013115
vt 0.07141298 0.3012019
vt 0.04040646 0.2825315
vt 0.04052716 0.2825556
vt 0.04043298 0.282446
vt 0.07155245 0.3012404
vt 0.07151055 0.301162
vt 0.07143944 0.3012874
vt 0.04029351 0.2824845
vt 0.04040646 0.2825315
vt 0.04033535 0.2824061
vt 0.07159805 0.3011032
vt 0.07151055 0.301162
vt 0.07165443 0.3011727
vt 0.04024791 0.2823473
vt 0.04019147 0.2824168
vt 0.04033535 0.2824061
vt 0.07167309 0.3010202
vt 0.07159805 0.3011032
vt 0.07174271 0.3010768
vt 0.04019147 0.2824168
vt 0.04024791 0.2823473
vt 0.04010325 0.2823208
vt 0.07172745 0.300933
vt 0.07167309 0.3010202
vt 0.07180672 0.3009756
vt 0.04010325 0.2823208
vt 0.04017281 0.2822643
vt 0.04003918 0.2822196
vt 0.07185626 0.3008635
vt 0.07177132 0.3008374
vt 0.07180672 0.3009756
vt 0.03998965 0.2821076
vt 0.04003918 0.2822196
vt 0.04007458 0.2820815
vt 0.0717898 0.3007299
vt 0.07177132 0.3008374
vt 0.07187879 0.3007387
vt 0.04005599 0.2819739
vt 0.03996706 0.2819828
vt 0.04007458 0.2820815
vt 0.0717892 0.3006235
vt 0.0717898 0.3007299
vt 0.07187879 0.3006148
vt 0.04005658 0.2818676
vt 0.03996706 0.2818589
vt 0.04005599 0.2819739
vt 0.0718556 0.3004935
vt 0.07177042 0.3005193
vt 0.07187879 0.3006148
vt 0.0399903 0.2817376
vt 0.03996706 0.2818589
vt 0.04007548 0.2817634
vt 0.07172769 0.3004222
vt 0.07177042 0.3005193
vt 0.07180678 0.30038
vt 0.0399903 0.2817376
vt 0.04007548 0.2817634
vt 0.04003912 0.2816241
vt 0.07174003 0.3002748
vt 0.07167148 0.3003313
vt 0.07180678 0.30038
vt 0.04010576 0.2815189
vt 0.04003912 0.2816241
vt 0.04017442 0.2815754
vt 0.07159805 0.3002615
vt 0.07167148 0.3003313
vt 0.07165527 0.3001925
vt 0.04010576 0.2815189
vt 0.04017442 0.2815754
vt 0.04019069 0.2814366
vt 0.07155299 0.3001197
vt 0.07151103 0.3001981
vt 0.07165527 0.3001925
vt 0.04029291 0.2813638
vt 0.04019069 0.2814366
vt 0.04033493 0.2814422
vt 0.07141208 0.30016
vt 0.07151103 0.3001981
vt 0.07143801 0.3000742
vt 0.04029291 0.2813638
vt 0.04033493 0.2814422
vt 0.04040783 0.2813183
vt 0.07131832 0.300048
vt 0.07130968 0.3001367
vt 0.07143801 0.3000742
vt 0.04052746 0.2812921
vt 0.04040783 0.2813183
vt 0.04053628 0.2813808
vt 0.07120478 0.3001376
vt 0.07130968 0.3001367
vt 0.07119578 0.3000482
vt 0.04052746 0.2812921
vt 0.04053628 0.2813808
vt 0.04065012 0.2812923
vt 0.07120478 0.3001376
vt 0.07119578 0.3000482
vt 0.07110214 0.3001578
vt 0.04077023 0.2813169
vt 0.04065012 0.2812923
vt 0.04074382 0.2814019
vt 0.07100838 0.3002068
vt 0.07110214 0.3001578
vt 0.07096534 0.3001281
vt 0.04077023 0.2813169
vt 0.04074382 0.2814019
vt 0.04088062 0.2813721
vt 0.07100838 0.3002068
vt 0.07096534 0.3001281
vt 0.0709201 0.3002659
vt 0.04098284 0.2814417
vt 0.04088062 0.2813721
vt 0.0409258 0.28151
vt 0.07077604 0.3002852
vt 0.07084506 0.3003409
vt 0.07086294 0.3001977
vt 0.04106986 0.2815293
vt 0.04098284 0.2814417
vt 0.04100084 0.281585
vt 0.07084506 0.3003409
vt 0.07077604 0.3002852
vt 0.07078593 0.300429
vt 0.04113829 0.2816316
vt 0.04106986 0.2815293
vt 0.04105991 0.2816731
vt 0.07065969 0.3005006
vt 0.07074463 0.3005269
vt 0.07070755 0.3003875
vt 0.04118627 0.2817447
vt 0.04113829 0.2816316
vt 0.04110133 0.2817709
vt 0.07062941 0.3006129
vt 0.07071751 0.3006232
vt 0.07065969 0.3005006
vt 0.04121649 0.2818569
vt 0.04118627 0.2817447
vt 0.04112839 0.2818673
vt 0.07071661 0.3007277
vt 0.07071751 0.3006232
vt 0.07062709 0.3007352
vt 0.04121649 0.2818569
vt 0.04112839 0.2818673
vt 0.04121887 0.2819793
vt 0.07064908 0.3008555
vt 0.07073467 0.3008308
vt 0.07062709 0.3007352
vt 0.04119682 0.2820996
vt 0.04121887 0.2819793
vt 0.04111117 0.2820749
vt 0.0707767 0.3009273
vt 0.07073467 0.3008308
vt 0.07069694 0.3009685
vt 0.04119682 0.2820996
vt 0.04111117 0.2820749
vt 0.04114884 0.2822126
vt 0.07076352 0.3010734
vt 0.07083278 0.3010178
vt 0.07069694 0.3009685
vt 0.04108238 0.2823175
vt 0.04114884 0.2822126
vt 0.04101312 0.2822618
vt 0.07091152 0.3010919
vt 0.07083278 0.3010178
vt 0.0708543 0.3011608
vt 0.04093438 0.282336
vt 0.0409916 0.2824048
vt 0.04101312 0.2822618
vt 0.0709511 0.3012293
vt 0.07099407 0.3011515
vt 0.0708543 0.3011608
vt 0.0408948 0.2824734
vt 0.0409916 0.2824048
vt 0.04085183 0.2823956
vt 0.07109719 0.3011926
vt 0.07099407 0.3011515
vt 0.07107067 0.3012786
vt 0.0408948 0.2824734
vt 0.04085183 0.2823956
vt 0.04077529 0.2825227
vt 0.07109719 0.3011926
vt 0.07107067 0.3012786
vt 0.07120072 0.3012167
vt 0.0406543 0.28255
vt 0.04077529 0.2825227
vt 0.04064518 0.2824608
vt 0.07131874 0.3013115
vt 0.07130938 0.3012223
vt 0.0711916 0.3013059
vt 0.04052716 0.2825556
vt 0.0406543 0.28255
vt 0.04053658 0.2824664
vt 0.0381214 0.280459
vt 0.03808695 0.2810083
vt 0.03831493 0.2804811
vt 0.04808354 0.3007365
vt 0.04801976 0.3001876
vt 0.04800277 0.3007523
vt 0.03849405 0.2805557
vt 0.03831493 0.2804811
vt 0.03824627 0.2810495
vt 0.04801976 0.3001876
vt 0.04808354 0.3007365
vt 0.0482127 0.3001809
vt 0.03849405 0.2805557
vt 0.03824627 0.2810495
vt 0.0386641 0.2806519
vt 0.04824525 0.3007544
vt 0.0484057 0.3002129
vt 0.0481655 0.3007373
vt 0.03837531 0.2811553
vt 0.03880804 0.2808034
vt 0.03831642 0.2810933
vt 0.0484057 0.3002129
vt 0.04824525 0.3007544
vt 0.04860508 0.3002913
vt 0.03841924 0.2812232
vt 0.03890621 0.2809578
vt 0.03837531 0.2811553
vt 0.04876601 0.3003979
vt 0.04860508 0.3002913
vt 0.04838752 0.3008411
vt 0.03897643 0.2811329
vt 0.03890621 0.2809578
vt 0.03845429 0.2812972
vt 0.04889732 0.3005493
vt 0.04876601 0.3003979
vt 0.04844683 0.3008985
vt 0.03897643 0.2811329
vt 0.03845429 0.2812972
vt 0.0390284 0.2813268
vt 0.04899638 0.3007272
vt 0.04889732 0.3005493
vt 0.04849421 0.300972
vt 0.03904002 0.2815235
vt 0.0390284 0.2813268
vt 0.03846794 0.2814667
vt 0.04905468 0.3009093
vt 0.04899638 0.3007272
vt 0.0485264 0.3010508
vt 0.03899723 0.2817178
vt 0.03904002 0.2815235
vt 0.03845441 0.2815503
vt 0.04907655 0.3010955
vt 0.04905468 0.3009093
vt 0.04854339 0.3011339
vt 0.03842324 0.2816293
vt 0.03891855 0.2818966
vt 0.03845441 0.2815503
vt 0.04907655 0.3012818
vt 0.04907655 0.3010955
vt 0.04853904 0.3012186
vt 0.03880488 0.282058
vt 0.03891855 0.2818966
vt 0.03837901 0.2817022
vt 0.04904037 0.3014673
vt 0.04907655 0.3012818
vt 0.04852074 0.3013019
vt 0.03867506 0.2821835
vt 0.03880488 0.282058
vt 0.03832238 0.2817606
vt 0.04904037 0.3014673
vt 0.04852074 0.3013019
vt 0.04897254 0.3016353
vt 0.03825402 0.281812
vt 0.03851121 0.2822895
vt 0.03832238 0.2817606
vt 0.04886674 0.3017995
vt 0.04897254 0.3016353
vt 0.04843837 0.301447
vt 0.03833717 0.2823578
vt 0.03851121 0.2822895
vt 0.03817725 0.281846
vt 0.04886674 0.3017995
vt 0.04843837 0.301447
vt 0.04872936 0.3019396
vt 0.03809487 0.2818637
vt 0.03815698 0.2824055
vt 0.03817725 0.281846
vt 0.04856157 0.3020345
vt 0.04872936 0.3019396
vt 0.04830884 0.301553
vt 0.03796982 0.2824025
vt 0.03815698 0.2824055
vt 0.03801262 0.2818673
vt 0.04856157 0.3020345
vt 0.04830884 0.301553
vt 0.04838722 0.3021073
vt 0.03796982 0.2824025
vt 0.03801262 0.2818673
vt 0.03778415 0.2823776
vt 0.04814928 0.3015978
vt 0.04820197 0.3021448
vt 0.04823106 0.301583
vt 0.03761249 0.2823032
vt 0.03778415 0.2823776
vt 0.03785645 0.2818205
vt 0.04820197 0.3021448
vt 0.04814928 0.3015978
vt 0.04800844 0.3021445
vt 0.03761249 0.2823032
vt 0.03785645 0.2818205
vt 0.03744965 0.2822094
vt 0.04782474 0.3020919
vt 0.04800844 0.3021445
vt 0.04798638 0.3015761
vt 0.03772485 0.281719
vt 0.03731727 0.2820742
vt 0.03778553 0.2817747
vt 0.04782474 0.3020919
vt 0.04798638 0.3015761
vt 0.0476523 0.3020199
vt 0.03731727 0.2820742
vt 0.03772485 0.281719
vt 0.0372017 0.2819244
vt 0.04784142 0.3014949
vt 0.04749602 0.3019156
vt 0.04790961 0.3015426
vt 0.03764408 0.2815741
vt 0.03711599 0.2817516
vt 0.03767716 0.2816504
vt 0.04749602 0.3019156
vt 0.04784142 0.3014949
vt 0.0473622 0.3017824
vt 0.03708142 0.2815736
vt 0.03711599 0.2817516
vt 0.03762233 0.2814984
vt 0.0473622 0.3017824
vt 0.0477842 0.3014349
vt 0.04726266 0.3016373
vt 0.03708142 0.281387
vt 0.03708142 0.2815736
vt 0.03762102 0.2814181
vt 0.04718619 0.3014636
vt 0.04726266 0.3016373
vt 0.04770982 0.3012952
vt 0.03763502 0.2813383
vt 0.03710275 0.2812017
vt 0.03762102 0.2814181
vt 0.04718619 0.3014636
vt 0.04770982 0.3012952
vt 0.04714536 0.3012787
vt 0.0376684 0.2812625
vt 0.03716117 0.2810181
vt 0.03763502 0.2813383
vt 0.04714536 0.3012787
vt 0.04769599 0.3012158
vt 0.04714131 0.3010861
vt 0.03726887 0.2808545
vt 0.03716117 0.2810181
vt 0.0377137 0.2811907
vt 0.04717499 0.3008937
vt 0.04714131 0.3010861
vt 0.04771995 0.3010511
vt 0.03726887 0.2808545
vt 0.0377137 0.2811907
vt 0.03739839 0.2807012
vt 0.04775106 0.3009711
vt 0.04726058 0.3007157
vt 0.04771995 0.3010511
vt 0.03755158 0.2805955
vt 0.03739839 0.2807012
vt 0.03783947 0.2810762
vt 0.04735535 0.300563
vt 0.04726058 0.3007157
vt 0.04779565 0.3009007
vt 0.03773689 0.2805157
vt 0.03755158 0.2805955
vt 0.03791815 0.2810382
vt 0.04735535 0.300563
vt 0.04779565 0.3009007
vt 0.04749363 0.3004126
vt 0.03773689 0.2805157
vt 0.03791815 0.2810382
vt 0.03792053 0.2804611
vt 0.04792547 0.3007895
vt 0.04765617 0.3003133
vt 0.04785782 0.3008385
vt 0.0381214 0.280459
vt 0.03792053 0.2804611
vt 0.03808695 0.2810083
vt 0.04765617 0.3003133
vt 0.04792547 0.3007895
vt 0.0478332 0.3002317
vt 0.04516905 0.2800296
vt 0.04556453 0.2803504
vt 0.04523521 0.2799305
vt 0.07066953 0.2992142
vt 0.07075297 0.2994155
vt 0.07115787 0.2990678
vt 0.04576897 0.2799681
vt 0.04528081 0.2798204
vt 0.04568564 0.2801694
vt 0.07062709 0.2990005
vt 0.07066953 0.2992142
vt 0.07113462 0.2989509
vt 0.04530405 0.2797035
vt 0.04528081 0.2798204
vt 0.04581141 0.2797544
vt 0.07113462 0.2988318
vt 0.07062709 0.2987827
vt 0.07113462 0.2989509
vt 0.04529684 0.2795777
vt 0.04530405 0.2797035
vt 0.04579818 0.2795244
vt 0.07062709 0.2987827
vt 0.07113462 0.2988318
vt 0.07068502 0.2985597
vt 0.0452702 0.2794657
vt 0.04529684 0.2795777
vt 0.0457496 0.2793195
vt 0.07068502 0.2985597
vt 0.07116627 0.2987097
vt 0.07077264 0.2983682
vt 0.04567342 0.2791173
vt 0.0452286 0.279355
vt 0.0457496 0.2793195
vt 0.07088679 0.2981847
vt 0.07077264 0.2983682
vt 0.0712766 0.2985047
vt 0.04515725 0.279255
vt 0.0452286 0.279355
vt 0.04554301 0.2789345
vt 0.07136613 0.2984205
vt 0.07105034 0.2980309
vt 0.0712766 0.2985047
vt 0.04507231 0.2791717
vt 0.04515725 0.279255
vt 0.04538762 0.2787821
vt 0.07146573 0.2983553
vt 0.07123243 0.2979118
vt 0.07136613 0.2984205
vt 0.04520744 0.2786601
vt 0.04497367 0.2791049
vt 0.04538762 0.2787821
vt 0.07143294 0.2978272
vt 0.07123243 0.2979118
vt 0.0715754 0.2983091
vt 0.04486238 0.2790624
vt 0.04497367 0.2791049
vt 0.04500377 0.2785823
vt 0.07143294 0.2978272
vt 0.0715754 0.2983091
vt 0.07164782 0.2977906
vt 0.04478937 0.2785336
vt 0.04474508 0.2790358
vt 0.04500377 0.2785823
vt 0.07186758 0.2977847
vt 0.07164782 0.2977906
vt 0.07181322 0.2982858
vt 0.04463106 0.2790394
vt 0.04474508 0.2790358
vt 0.04458099 0.2785402
vt 0.07186758 0.2977847
vt 0.07181322 0.2982858
vt 0.07207083 0.2978319
vt 0.04436182 0.2785758
vt 0.04451125 0.2790588
vt 0.04458099 0.2785402
vt 0.07227873 0.2979095
vt 0.07207083 0.2978319
vt 0.07203805 0.2983541
vt 0.04440206 0.2791078
vt 0.04451125 0.2790588
vt 0.04416245 0.2786654
vt 0.07227873 0.2979095
vt 0.07203805 0.2983541
vt 0.07245689 0.2980362
vt 0.04397934 0.2787813
vt 0.04430192 0.2791712
vt 0.04416245 0.2786654
vt 0.07261383 0.2981857
vt 0.07245689 0.2980362
vt 0.07222133 0.2985052
vt 0.04421895 0.2792559
vt 0.04430192 0.2791712
vt 0.04382765 0.278936
vt 0.07261383 0.2981857
vt 0.07222133 0.2985052
vt 0.07273238 0.298367
vt 0.04421895 0.2792559
vt 0.04382765 0.278936
vt 0.04415321 0.2793541
vt 0.07281523 0.2985666
vt 0.07273238 0.298367
vt 0.07233154 0.2987136
vt 0.04411745 0.2794675
vt 0.04415321 0.2793541
vt 0.04364222 0.2793229
vt 0.07281523 0.2985666
vt 0.07233154 0.2987136
vt 0.07283884 0.2987827
vt 0.04411745 0.2794675
vt 0.04364222 0.2793229
vt 0.0440942 0.2795844
vt 0.07283884 0.2990005
vt 0.07283884 0.2987827
vt 0.07234442 0.2989509
vt 0.04359966 0.2797544
vt 0.0440942 0.2797035
vt 0.04359966 0.2795366
vt 0.0727964 0.2992142
vt 0.07283884 0.2990005
vt 0.07232117 0.2990678
vt 0.0440942 0.2797035
vt 0.04359966 0.2797544
vt 0.04411745 0.2798204
vt 0.07271301 0.2994155
vt 0.0727964 0.2992142
vt 0.07227557 0.2991779
vt 0.04372555 0.2801694
vt 0.04416304 0.2799305
vt 0.04364222 0.2799681
vt 0.07259196 0.2995965
vt 0.07271301 0.2994155
vt 0.07220941 0.2992769
vt 0.04382824 0.2803478
vt 0.04421925 0.2800282
vt 0.04372555 0.2801694
vt 0.07245647 0.2997516
vt 0.07259196 0.2995965
vt 0.07213521 0.2993618
vt 0.04430282 0.2801117
vt 0.04421925 0.2800282
vt 0.04398083 0.2805005
vt 0.07245647 0.2997516
vt 0.07213521 0.2993618
vt 0.07227694 0.2998716
vt 0.04415857 0.2806227
vt 0.04439997 0.2801785
vt 0.04398083 0.2805005
vt 0.07207876 0.2999568
vt 0.07227694 0.2998716
vt 0.07192867 0.299474
vt 0.04451066 0.2802212
vt 0.04439997 0.2801785
vt 0.04436081 0.2807007
vt 0.07207876 0.2999568
vt 0.07192867 0.299474
vt 0.0718652 0.2999937
vt 0.04457473 0.2807494
vt 0.04462766 0.2802478
vt 0.04436081 0.2807007
vt 0.07164585 0.2999998
vt 0.0718652 0.2999937
vt 0.07169193 0.2994976
vt 0.04474937 0.2802435
vt 0.04462766 0.2802478
vt 0.04479736 0.2807414
vt 0.07157331 0.2994695
vt 0.07142919 0.2999486
vt 0.07169193 0.2994976
vt 0.04500377 0.2807071
vt 0.04486238 0.2802247
vt 0.04479736 0.2807414
vt 0.07123333 0.2998746
vt 0.07142919 0.2999486
vt 0.07146614 0.299429
vt 0.04497694 0.2801751
vt 0.04486238 0.2802247
vt 0.04521346 0.2806165
vt 0.07123333 0.2998746
vt 0.07146614 0.299429
vt 0.07104545 0.2997448
vt 0.04497694 0.2801751
vt 0.04521346 0.2806165
vt 0.0450778 0.2801117
vt 0.07088738 0.2995951
vt 0.07104545 0.2997448
vt 0.0712769 0.2992762
vt 0.04556453 0.2803504
vt 0.04516905 0.2800296
vt 0.04539763 0.2805005
vt 0.07075297 0.2994155
vt 0.07088738 0.2995951
vt 0.07120347 0.2991779
vt 0.06849098 0.3027897
vt 0.06936389 0.3025291
vt 0.06843155 0.3026337
vt 0.03640925 0.2973369
vt 0.03629702 0.2974549
vt 0.03710645 0.297905
vt 0.06903278 0.3019261
vt 0.06833589 0.302497
vt 0.06921601 0.3022159
vt 0.03650313 0.2971998
vt 0.03640925 0.2973369
vt 0.03729033 0.2976149
vt 0.06833589 0.302497
vt 0.06903278 0.3019261
vt 0.06822198 0.3023761
vt 0.03743916 0.2973002
vt 0.03656065 0.2970459
vt 0.03729033 0.2976149
vt 0.06847655 0.3014923
vt 0.06807196 0.3022868
vt 0.06877678 0.3016969
vt 0.03656065 0.2970459
vt 0.03743916 0.2973002
vt 0.03659105 0.296872
vt 0.06817376 0.3013667
vt 0.06791955 0.3022311
vt 0.06847655 0.3014923
vt 0.03659105 0.296872
vt 0.03749477 0.2969315
vt 0.03658849 0.2967082
vt 0.06775563 0.3021991
vt 0.06791955 0.3022311
vt 0.06784033 0.3012968
vt 0.03658849 0.2967082
vt 0.03747975 0.2966039
vt 0.03655958 0.2965442
vt 0.06775563 0.3021991
vt 0.06784033 0.3012968
vt 0.06758821 0.3021988
vt 0.0372762 0.2959394
vt 0.03648436 0.2963891
vt 0.03740179 0.2962752
vt 0.06758821 0.3021988
vt 0.06748515 0.3013238
vt 0.06742745 0.3022298
vt 0.03708755 0.2956408
vt 0.03638374 0.2962541
vt 0.0372762 0.2959394
vt 0.06686478 0.3015376
vt 0.06727534 0.3022952
vt 0.06716597 0.3014134
vt 0.03638374 0.2962541
vt 0.03708755 0.2956408
vt 0.03626555 0.2961355
vt 0.06714284 0.3023908
vt 0.06727534 0.3022952
vt 0.06658869 0.3017203
vt 0.03612464 0.2960455
vt 0.03626555 0.2961355
vt 0.03652185 0.295227
vt 0.06635075 0.3019558
vt 0.06702512 0.3025079
vt 0.06658869 0.3017203
vt 0.03596919 0.2959802
vt 0.03612464 0.2960455
vt 0.03619003 0.2951128
vt 0.06617099 0.3022205
vt 0.06694483 0.3026411
vt 0.06635075 0.3019558
vt 0.03581452 0.2959533
vt 0.03596919 0.2959802
vt 0.03587251 0.2950677
vt 0.06688028 0.3027946
vt 0.06694483 0.3026411
vt 0.06603574 0.302536
vt 0.03564822 0.295949
vt 0.03581452 0.2959533
vt 0.03552722 0.2950859
vt 0.06685781 0.3029543
vt 0.06688028 0.3027946
vt 0.06596744 0.3028734
vt 0.03564822 0.295949
vt 0.03552722 0.2950859
vt 0.03549134 0.2959847
vt 0.06596744 0.3032131
vt 0.06686007 0.3031168
vt 0.06596744 0.3028734
vt 0.03534203 0.2960442
vt 0.03549134 0.2959847
vt 0.034913 0.2953116
vt 0.06603604 0.303552
vt 0.06689965 0.3032725
vt 0.06596744 0.3032131
vt 0.03534203 0.2960442
vt 0.034913 0.2953116
vt 0.03521251 0.2961347
vt 0.06696856 0.3034182
vt 0.06689965 0.3032725
vt 0.06619381 0.3038578
vt 0.03510403 0.2962471
vt 0.03521251 0.2961347
vt 0.03442454 0.2957282
vt 0.06639671 0.3041173
vt 0.06706368 0.3035511
vt 0.06619381 0.3038578
vt 0.03502774 0.2963916
vt 0.03510403 0.2962471
vt 0.03425943 0.2960073
vt 0.06706368 0.3035511
vt 0.06639671 0.3041173
vt 0.06717699 0.3036725
vt 0.0349704 0.2965431
vt 0.03502774 0.2963916
vt 0.03412532 0.2963072
vt 0.06731015 0.3037671
vt 0.06717699 0.3036725
vt 0.06690061 0.3045181
vt 0.03494012 0.2967065
vt 0.0349704 0.2965431
vt 0.03407466 0.2966357
vt 0.06731015 0.3037671
vt 0.06690061 0.3045181
vt 0.06745803 0.3038331
vt 0.03494727 0.2968708
vt 0.03494012 0.2967065
vt 0.03406316 0.2969712
vt 0.06761527 0.3038678
vt 0.06745803 0.3038331
vt 0.06750863 0.3047075
vt 0.03498125 0.2970359
vt 0.03494727 0.2968708
vt 0.03414022 0.2972966
vt 0.06776469 0.3038794
vt 0.06761527 0.3038678
vt 0.06780779 0.304727
vt 0.03504145 0.2971809
vt 0.03498125 0.2970359
vt 0.0342459 0.297593
vt 0.06792116 0.3038497
vt 0.06776469 0.3038794
vt 0.06813365 0.3046881
vt 0.0351237 0.2973175
vt 0.03504145 0.2971809
vt 0.03443449 0.2978704
vt 0.06806975 0.3037909
vt 0.06792116 0.3038497
vt 0.06844854 0.3045846
vt 0.03522998 0.297436
vt 0.0351237 0.2973175
vt 0.03467059 0.2981039
vt 0.06874501 0.3044155
vt 0.06820446 0.3036989
vt 0.06844854 0.3045846
vt 0.03522998 0.297436
vt 0.03467059 0.2981039
vt 0.03536409 0.2975275
vt 0.06832253 0.303585
vt 0.06820446 0.3036989
vt 0.06900769 0.304185
vt 0.03551071 0.2975976
vt 0.03536409 0.2975275
vt 0.03524887 0.2984128
vt 0.06832253 0.303585
vt 0.06900769 0.304185
vt 0.06842058 0.3034434
vt 0.03558015 0.2985047
vt 0.03567385 0.2976268
vt 0.03524887 0.2984128
vt 0.0684843 0.3032966
vt 0.06842058 0.3034434
vt 0.06933897 0.303592
vt 0.03567385 0.2976268
vt 0.03558015 0.2985047
vt 0.03583121 0.2976341
vt 0.06851524 0.3031255
vt 0.0684843 0.3032966
vt 0.06943213 0.3032317
vt 0.03583121 0.2976341
vt 0.03590095 0.2985047
vt 0.03600138 0.2976014
vt 0.06852316 0.3029573
vt 0.06851524 0.3031255
vt 0.06942033 0.3028833
vt 0.03615289 0.2975413
vt 0.03600138 0.2976014
vt 0.03655976 0.2983309
vt 0.06936389 0.3025291
vt 0.06849098 0.3027897
vt 0.06942033 0.3028833
vt 0.03615289 0.2975413
vt 0.03655976 0.2983309
vt 0.03629702 0.2974549
vt 0.03678208 0.3008308
vt 0.03714519 0.3011253
vt 0.0369032 0.3006496
vt 0.06284779 0.3033208
vt 0.06296586 0.3036058
vt 0.06329607 0.3031864
vt 0.03743457 0.3005839
vt 0.03698652 0.3004484
vt 0.03731656 0.3008689
vt 0.06278765 0.3030183
vt 0.06284779 0.3033208
vt 0.06325352 0.3029728
vt 0.03702896 0.3002347
vt 0.03698652 0.3004484
vt 0.03749477 0.3002814
vt 0.06325352 0.3027549
vt 0.06278765 0.3027098
vt 0.06325352 0.3029728
vt 0.03701573 0.3000047
vt 0.03702896 0.3002347
vt 0.03747588 0.2999557
vt 0.06278765 0.3027098
vt 0.06325352 0.3027549
vt 0.06286966 0.3023941
vt 0.03696715 0.2997998
vt 0.03701573 0.3000047
vt 0.03740715 0.2996657
vt 0.06286966 0.3023941
vt 0.06331151 0.3025319
vt 0.06299364 0.302123
vt 0.03729927 0.2993795
vt 0.03689098 0.2995977
vt 0.03740715 0.2996657
vt 0.06315535 0.3018633
vt 0.06299364 0.302123
vt 0.06351327 0.302157
vt 0.03676056 0.2994149
vt 0.03689098 0.2995977
vt 0.03711467 0.2991205
vt 0.06367671 0.3020031
vt 0.06338691 0.3016454
vt 0.06351327 0.302157
vt 0.03660517 0.2992624
vt 0.03676056 0.2994149
vt 0.03689473 0.2989048
vt 0.06385892 0.301884
vt 0.06364476 0.3014767
vt 0.06367671 0.3020031
vt 0.03663957 0.298732
vt 0.03642505 0.2991404
vt 0.03689473 0.2989048
vt 0.06392866 0.301357
vt 0.06364476 0.3014767
vt 0.06405937 0.3017995
vt 0.03622144 0.2990627
vt 0.03642505 0.2991404
vt 0.03635126 0.2986219
vt 0.06392866 0.301357
vt 0.06405937 0.3017995
vt 0.06423282 0.3013053
vt 0.03604775 0.2985529
vt 0.03600692 0.299014
vt 0.03635126 0.2986219
vt 0.06454408 0.3012968
vt 0.06423282 0.3013053
vt 0.06449413 0.301757
vt 0.03579843 0.2990205
vt 0.03600692 0.299014
vt 0.03575253 0.2985623
vt 0.06454408 0.3012968
vt 0.06449413 0.301757
vt 0.06483179 0.3013636
vt 0.03544241 0.2986126
vt 0.0355795 0.2990561
vt 0.03575253 0.2985623
vt 0.06512618 0.3014735
vt 0.06483179 0.3013636
vt 0.06490516 0.3018817
vt 0.03538 0.2991457
vt 0.0355795 0.2990561
vt 0.03515994 0.2987394
vt 0.06512618 0.3014735
vt 0.06490516 0.3018817
vt 0.06537842 0.301653
vt 0.03490066 0.2989036
vt 0.0351969 0.2992616
vt 0.03515994 0.2987394
vt 0.06560063 0.3018646
vt 0.06537842 0.301653
vt 0.06524032 0.3021579
vt 0.03504532 0.2994163
vt 0.0351969 0.2992616
vt 0.03468608 0.2991227
vt 0.06560063 0.3018646
vt 0.06524032 0.3021579
vt 0.06576842 0.3021213
vt 0.03504532 0.2994163
vt 0.03468608 0.2991227
vt 0.0349251 0.2995959
vt 0.06588566 0.3024039
vt 0.06576842 0.3021213
vt 0.0654416 0.3025389
vt 0.03485965 0.2998032
vt 0.0349251 0.2995959
vt 0.03442335 0.2996704
vt 0.06588566 0.3024039
vt 0.0654416 0.3025389
vt 0.06591922 0.3027098
vt 0.03485965 0.2998032
vt 0.03442335 0.2996704
vt 0.03481721 0.3000169
vt 0.06591922 0.3030183
vt 0.06591922 0.3027098
vt 0.06546533 0.3029728
vt 0.03436315 0.3002814
vt 0.03481721 0.3002347
vt 0.03436315 0.299973
vt 0.06585907 0.3033208
vt 0.06591922 0.3030183
vt 0.06542283 0.3031864
vt 0.03481721 0.3002347
vt 0.03436315 0.3002814
vt 0.03485965 0.3004484
vt 0.065741 0.3036057
vt 0.06585907 0.3033208
vt 0.0653395 0.3033876
vt 0.03454136 0.3008689
vt 0.0349431 0.3006496
vt 0.03442335 0.3005839
vt 0.06556963 0.3038622
vt 0.065741 0.3036057
vt 0.0652185 0.3035688
vt 0.0346868 0.3011216
vt 0.0350458 0.3008281
vt 0.03454136 0.3008689
vt 0.06537783 0.3040817
vt 0.06556963 0.3038622
vt 0.06508296 0.3037238
vt 0.03519839 0.3009808
vt 0.0350458 0.3008281
vt 0.03490287 0.3013378
vt 0.06537783 0.3040817
vt 0.06508296 0.3037238
vt 0.06512361 0.3042515
vt 0.03515458 0.3015109
vt 0.03537613 0.3011031
vt 0.03490287 0.3013378
vt 0.06484305 0.3043722
vt 0.06512361 0.3042515
vt 0.06470531 0.303929
vt 0.03557837 0.3011809
vt 0.03537613 0.3011031
vt 0.0354408 0.3016212
vt 0.06484305 0.3043722
vt 0.06470531 0.303929
vt 0.06454068 0.3044245
vt 0.03574371 0.3016902
vt 0.03579229 0.3012298
vt 0.0354408 0.3016212
vt 0.06423026 0.3044332
vt 0.06454068 0.3044245
vt 0.06427246 0.3039721
vt 0.03601491 0.3012218
vt 0.03579229 0.3012298
vt 0.0360589 0.3016789
vt 0.06405562 0.3039209
vt 0.06392329 0.3043606
vt 0.06427246 0.3039721
vt 0.03635138 0.3016302
vt 0.03622144 0.3011874
vt 0.0360589 0.3016789
vt 0.06364595 0.3042558
vt 0.06392329 0.3043606
vt 0.0638597 0.3038468
vt 0.03643101 0.3010968
vt 0.03622144 0.3011874
vt 0.03664797 0.301502
vt 0.06364595 0.3042558
vt 0.0638597 0.3038468
vt 0.06338 0.3040721
vt 0.03643101 0.3010968
vt 0.03664797 0.301502
vt 0.03661519 0.3009808
vt 0.06315618 0.3038602
vt 0.06338 0.3040721
vt 0.06351387 0.3035673
vt 0.03714519 0.3011253
vt 0.03678208 0.3008308
vt 0.03690886 0.3013377
vt 0.06296586 0.3036058
vt 0.06315618 0.3038602
vt 0.0633794 0.3033877
vt 0.06981074 0.2935365
vt 0.0698657 0.2935055
vt 0.06968277 0.2932406
vt 0.0722028 0.2973555
vt 0.07194286 0.2975229
vt 0.07224309 0.2974069
vt 0.06968188 0.292913
vt 0.06961661 0.2929199
vt 0.06974506 0.2932207
vt 0.07242667 0.2971369
vt 0.0722028 0.2973555
vt 0.07247704 0.2971793
vt 0.06961661 0.2929199
vt 0.06968188 0.292913
vt 0.06961733 0.2925911
vt 0.07260191 0.2968744
vt 0.07242667 0.2971369
vt 0.07266211 0.2969054
vt 0.06976097 0.2922729
vt 0.06969678 0.2922509
vt 0.06968295 0.2925984
vt 0.07260191 0.2968744
vt 0.07266211 0.2969054
vt 0.07272106 0.2965596
vt 0.06983077 0.2919584
vt 0.06969678 0.2922509
vt 0.06988871 0.2919912
vt 0.07272106 0.2965596
vt 0.07278484 0.2965766
vt 0.07277315 0.2962575
vt 0.07001262 0.2916885
vt 0.06983077 0.2919584
vt 0.07006216 0.2917308
vt 0.07277315 0.2962575
vt 0.07283884 0.2962629
vt 0.07277464 0.2959478
vt 0.07025516 0.2914593
vt 0.07001262 0.2916885
vt 0.07029461 0.2915107
vt 0.07276809 0.2956164
vt 0.07270771 0.2956356
vt 0.07283884 0.2959405
vt 0.07052767 0.291286
vt 0.07025516 0.2914593
vt 0.07055687 0.2913437
vt 0.07258599 0.2953504
vt 0.07270771 0.2956356
vt 0.07264316 0.2953199
vt 0.07082557 0.2911682
vt 0.07052767 0.291286
vt 0.0708422 0.2912294
vt 0.07241237 0.2950905
vt 0.07258599 0.2953504
vt 0.07246291 0.2950493
vt 0.07113724 0.2911177
vt 0.07082557 0.2911682
vt 0.07114219 0.2911801
vt 0.07218843 0.2948717
vt 0.07241237 0.2950905
vt 0.07223027 0.2948209
vt 0.07145321 0.2911822
vt 0.07146131 0.2911177
vt 0.07114219 0.2911801
vt 0.07192462 0.2946924
vt 0.07218843 0.2948717
vt 0.07195574 0.2946344
vt 0.07173728 0.2912543
vt 0.07175791 0.291194
vt 0.07145321 0.2911822
vt 0.07165181 0.2945819
vt 0.07192462 0.2946924
vt 0.07167118 0.2945214
vt 0.07205086 0.2913192
vt 0.07175791 0.291194
vt 0.07202059 0.2913718
vt 0.07135766 0.2945074
vt 0.07165181 0.2945819
vt 0.07136452 0.2944474
vt 0.07225728 0.2915518
vt 0.07229882 0.2915047
vt 0.07202059 0.2913718
vt 0.07106113 0.2945124
vt 0.07135766 0.2945074
vt 0.07105588 0.2944503
vt 0.07246643 0.2917694
vt 0.07251638 0.2917309
vt 0.07225728 0.2915518
vt 0.07076799 0.2945611
vt 0.07106113 0.2945124
vt 0.07075101 0.2945009
vt 0.07261854 0.2920296
vt 0.07267761 0.2920023
vt 0.07246643 0.2917694
vt 0.07049041 0.2946782
vt 0.07076799 0.2945611
vt 0.07046025 0.2946216
vt 0.07277804 0.2922972
vt 0.07267761 0.2920023
vt 0.07271724 0.2923121
vt 0.070239 0.2948494
vt 0.07049041 0.2946782
vt 0.07019478 0.2948
vt 0.072829 0.2926061
vt 0.07277804 0.2922972
vt 0.0727669 0.2926121
vt 0.070239 0.2948494
vt 0.07019478 0.2948
vt 0.07003295 0.2950878
vt 0.072829 0.2926061
vt 0.0727669 0.2926121
vt 0.07283884 0.2929245
vt 0.06980812 0.2953207
vt 0.06986588 0.2953495
vt 0.06998038 0.2950488
vt 0.07272368 0.2932265
vt 0.0727874 0.2932438
vt 0.07277506 0.2929205
vt 0.06986588 0.2953495
vt 0.06980812 0.2953207
vt 0.0697543 0.2956373
vt 0.07267028 0.2935439
vt 0.0727874 0.2932438
vt 0.07261353 0.2935151
vt 0.06963729 0.2959373
vt 0.06970155 0.2959419
vt 0.06969219 0.2956204
vt 0.07250148 0.2938105
vt 0.07267028 0.2935439
vt 0.07245051 0.2937726
vt 0.06970155 0.2959419
vt 0.06963729 0.2959373
vt 0.06970661 0.2962545
vt 0.07230919 0.2940358
vt 0.07250148 0.2938105
vt 0.07226806 0.2939895
vt 0.06970661 0.2962545
vt 0.06964218 0.2962608
vt 0.06975519 0.2965415
vt 0.07205742 0.2942076
vt 0.07230919 0.2940358
vt 0.0720281 0.2941549
vt 0.06975519 0.2965415
vt 0.0696941 0.2965575
vt 0.06985294 0.2968221
vt 0.07176077 0.2942718
vt 0.07177937 0.2943311
vt 0.0720281 0.2941549
vt 0.06985294 0.2968221
vt 0.0697968 0.2968485
vt 0.06999921 0.2970742
vt 0.07146465 0.2943267
vt 0.07147181 0.29439
vt 0.07176077 0.2942718
vt 0.07020431 0.2972882
vt 0.06999921 0.2970742
vt 0.07016211 0.2973347
vt 0.07115727 0.2943349
vt 0.07115215 0.2943993
vt 0.07146465 0.2943267
vt 0.07044571 0.2974732
vt 0.07020431 0.2972882
vt 0.07041323 0.297528
vt 0.07082182 0.2943357
vt 0.07115215 0.2943993
vt 0.07084059 0.2942704
vt 0.07071709 0.2976599
vt 0.07073849 0.2975968
vt 0.07041323 0.297528
vt 0.0705567 0.2941623
vt 0.0705263 0.2942204
vt 0.07084059 0.2942704
vt 0.07102578 0.2976704
vt 0.07073849 0.2975968
vt 0.07101809 0.2977337
vt 0.07023966 0.2940311
vt 0.0705263 0.2942204
vt 0.07028073 0.29398
vt 0.07134574 0.2976744
vt 0.07102578 0.2976704
vt 0.07135021 0.2977365
vt 0.07000339 0.2938059
vt 0.07023966 0.2940311
vt 0.0700528 0.2937633
vt 0.07164633 0.297627
vt 0.07134574 0.2976744
vt 0.07166135 0.2976885
vt 0.06981074 0.2935365
vt 0.07000339 0.2938059
vt 0.0698657 0.2935055
vt 0.07194286 0.2975229
vt 0.07164633 0.297627
vt 0.07197064 0.2975806
vt 0.07819306 0.2985524
vt 0.07947993 0.2997289
vt 0.07837927 0.2983066
vt 0.03323632 0.2797187
vt 0.03377485 0.280076
vt 0.03434348 0.2783698
vt 0.08015215 0.2986323
vt 0.07851392 0.2980291
vt 0.07987004 0.2992136
vt 0.03277796 0.2792632
vt 0.03323632 0.2797187
vt 0.03412473 0.2781525
vt 0.07859182 0.2977306
vt 0.07851392 0.2980291
vt 0.08031535 0.2980069
vt 0.03395259 0.2778965
vt 0.03241717 0.2787269
vt 0.03412473 0.2781525
vt 0.07859218 0.2974044
vt 0.07859182 0.2977306
vt 0.08031624 0.2973233
vt 0.03241717 0.2787269
vt 0.03395259 0.2778965
vt 0.03219044 0.2780821
vt 0.07854062 0.2971107
vt 0.07859218 0.2974044
vt 0.0802083 0.2967081
vt 0.03219044 0.2780821
vt 0.03384441 0.2775887
vt 0.03208893 0.2774657
vt 0.08005899 0.2960906
vt 0.0784499 0.2968186
vt 0.0802083 0.2967081
vt 0.03202587 0.2768336
vt 0.03208893 0.2774657
vt 0.03378516 0.2769889
vt 0.0784499 0.2968186
vt 0.08005899 0.2960906
vt 0.07828086 0.2965493
vt 0.03198146 0.2761553
vt 0.03202587 0.2768336
vt 0.03385561 0.2766789
vt 0.07828086 0.2965493
vt 0.07987666 0.2954357
vt 0.07807403 0.2963209
vt 0.03190761 0.275393
vt 0.03198146 0.2761553
vt 0.03397542 0.276395
vt 0.07941401 0.2938911
vt 0.07782953 0.2961334
vt 0.07969444 0.2946919
vt 0.03190761 0.2745446
vt 0.03190761 0.275393
vt 0.03414422 0.2761372
vt 0.0789799 0.2930907
vt 0.0775482 0.2960066
vt 0.07941401 0.2938911
vt 0.03205275 0.2736456
vt 0.03190761 0.2745446
vt 0.03436774 0.2759244
vt 0.07847338 0.292487
vt 0.07724928 0.2959198
vt 0.0789799 0.2930907
vt 0.03233122 0.2729084
vt 0.03205275 0.2736456
vt 0.03462111 0.2757437
vt 0.07695406 0.2959117
vt 0.07724928 0.2959198
vt 0.07688379 0.2941955
vt 0.03233122 0.2729084
vt 0.03462111 0.2757437
vt 0.03439623 0.2739956
vt 0.07622879 0.2942626
vt 0.07664144 0.2959436
vt 0.07688379 0.2941955
vt 0.03503656 0.2738424
vt 0.03439623 0.2739956
vt 0.03520268 0.2755654
vt 0.07635211 0.2960536
vt 0.07664144 0.2959436
vt 0.07562237 0.294493
vt 0.03503656 0.2738424
vt 0.03520268 0.2755654
vt 0.03568506 0.2738594
vt 0.07505983 0.2948042
vt 0.0760836 0.2962021
vt 0.07562237 0.294493
vt 0.03631895 0.2739671
vt 0.03568506 0.2738594
vt 0.0358147 0.2756249
vt 0.07585632 0.2964082
vt 0.0760836 0.2962021
vt 0.0745837 0.2952359
vt 0.03631895 0.2739671
vt 0.0358147 0.2756249
vt 0.03691095 0.2742173
vt 0.07585632 0.2964082
vt 0.0745837 0.2952359
vt 0.07567143 0.2966519
vt 0.03744548 0.2745714
vt 0.03691095 0.2742173
vt 0.03635233 0.2759133
vt 0.07556182 0.2969395
vt 0.07567143 0.2966519
vt 0.07396644 0.2963493
vt 0.03744548 0.2745714
vt 0.03635233 0.2759133
vt 0.03786152 0.2750641
vt 0.07556182 0.2969395
vt 0.07396644 0.2963493
vt 0.07548379 0.2972379
vt 0.03848916 0.2753973
vt 0.03786152 0.2750641
vt 0.03672307 0.2764043
vt 0.07546573 0.2975458
vt 0.07548379 0.2972379
vt 0.07367676 0.2976233
vt 0.03848916 0.2753973
vt 0.03672307 0.2764043
vt 0.03855592 0.2761707
vt 0.07550787 0.2978514
vt 0.07546573 0.2975458
vt 0.07385349 0.29826
vt 0.03690308 0.2769912
vt 0.03859955 0.2768301
vt 0.03684198 0.2766889
vt 0.0740652 0.2988707
vt 0.0756089 0.2981428
vt 0.07385349 0.29826
vt 0.03860163 0.2774764
vt 0.03859955 0.2768301
vt 0.03690409 0.2772996
vt 0.07433807 0.2994172
vt 0.07573914 0.2984036
vt 0.0740652 0.2988707
vt 0.03852474 0.2780824
vt 0.03860163 0.2774764
vt 0.03686743 0.2775888
vt 0.07594215 0.2986322
vt 0.07573914 0.2984036
vt 0.07476347 0.2998961
vt 0.03852474 0.2780824
vt 0.03686743 0.2775888
vt 0.03828144 0.278675
vt 0.07526844 0.3002893
vt 0.07618314 0.2988198
vt 0.07476347 0.2998961
vt 0.03793483 0.2792129
vt 0.03828144 0.278675
vt 0.03658592 0.2781284
vt 0.0764625 0.2989468
vt 0.07618314 0.2988198
vt 0.07585376 0.3005553
vt 0.03793483 0.2792129
vt 0.03658592 0.2781284
vt 0.03747034 0.2796575
vt 0.0764786 0.3007373
vt 0.0767607 0.2990336
vt 0.07585376 0.3005553
vt 0.03694075 0.2800357
vt 0.03747034 0.2796575
vt 0.03611147 0.2785211
vt 0.07707601 0.299041
vt 0.0767607 0.2990336
vt 0.07713931 0.3007526
vt 0.03581631 0.2786323
vt 0.03632223 0.2802685
vt 0.03611147 0.2785211
vt 0.077757 0.3006869
vt 0.07737076 0.2990097
vt 0.07713931 0.3007526
vt 0.03571766 0.2804108
vt 0.03632223 0.2802685
vt 0.0355277 0.2787001
vt 0.07767456 0.2988991
vt 0.07737076 0.2990097
vt 0.07839351 0.3004553
vt 0.03571766 0.2804108
vt 0.0355277 0.2787001
vt 0.03504037 0.2804025
vt 0.07767456 0.2988991
vt 0.07839351 0.3004553
vt 0.07794469 0.2987505
vt 0.03440326 0.2802957
vt 0.03504037 0.2804025
vt 0.03490048 0.2786451
vt 0.07947993 0.2997289
vt 0.07819306 0.2985524
vt 0.07895934 0.3001439
vt 0.03377485 0.280076
vt 0.03440326 0.2802957
vt 0.03460055 0.2785404
vt 0.07396644 0.2963493
vt 0.07297545 0.2962646
vt 0.07348406 0.2968712
vt 0.03904002 0.2751639
vt 0.03876882 0.2746566
vt 0.03848916 0.2753973
vt 0.07622879 0.2942626
vt 0.07688379 0.2941955
vt 0.07614034 0.2920027
vt 0.0327984 0.271294
vt 0.03439623 0.2739956
vt 0.03437316 0.2716803
vt 0.07562237 0.294493
vt 0.07622879 0.2942626
vt 0.07553386 0.2922331
vt 0.03437316 0.2716803
vt 0.03503656 0.2738424
vt 0.0350216 0.2716973
vt 0.07505983 0.2948042
vt 0.07562237 0.294493
vt 0.07497137 0.2925443
vt 0.0350216 0.2716973
vt 0.03568506 0.2738594
vt 0.03565537 0.271805
vt 0.0745837 0.2952359
vt 0.07505983 0.2948042
vt 0.07449525 0.292976
vt 0.03565537 0.271805
vt 0.03631895 0.2739671
vt 0.03624743 0.2720551
vt 0.07419621 0.2957468
vt 0.0745837 0.2952359
vt 0.07410782 0.2934869
vt 0.03744548 0.2745714
vt 0.03678202 0.2724092
vt 0.03691095 0.2742173
vt 0.07396644 0.2963493
vt 0.07419621 0.2957468
vt 0.07387804 0.2940894
vt 0.03678202 0.2724092
vt 0.03744548 0.2745714
vt 0.03719794 0.2729019
vt 0.07396644 0.2963493
vt 0.07387804 0.2940894
vt 0.07297545 0.2962646
vt 0.0381053 0.2724945
vt 0.03719794 0.2729019
vt 0.03876882 0.2746566
vt 0.0390886 0.271606
vt 0.0390886 0.2722523
vt 0.04119879 0.271606
vt 0.04330909 0.2716059
vt 0.04119879 0.271606
vt 0.04330909 0.2722522
vt 0.04119879 0.2709597
vt 0.0390886 0.2709597
vt 0.04119879 0.271606
vt 0.04119879 0.2709597
vt 0.04119879 0.271606
vt 0.04330909 0.2709596
vt 0.0390886 0.2703135
vt 0.0390886 0.2709597
vt 0.04119879 0.2703134
vt 0.04119879 0.2703134
vt 0.04119879 0.2709597
vt 0.04330909 0.2703134
vt 0.0390886 0.2696299
vt 0.0390886 0.2703135
vt 0.04119879 0.2696298
vt 0.04119879 0.2696298
vt 0.04119879 0.2703134
vt 0.04330903 0.2696298
vt 0.03908848 0.2690053
vt 0.0390886 0.2696299
vt 0.04119879 0.2690052
vt 0.04119879 0.2690052
vt 0.04119879 0.2696298
vt 0.04330903 0.2690051
vt 0.04119873 0.2683699
vt 0.03908848 0.26837
vt 0.04119879 0.2690052
vt 0.04119873 0.2683699
vt 0.04119879 0.2690052
vt 0.04330891 0.2683698
vt 0.03908848 0.26837
vt 0.04119873 0.2683699
vt 0.03908848 0.2676902
vt 0.04330891 0.2676901
vt 0.04119873 0.2676902
vt 0.04330891 0.2683698
vt 0.03908848 0.2676902
vt 0.04119873 0.2676902
vt 0.03908848 0.2669244
vt 0.04119861 0.2669243
vt 0.04119873 0.2676902
vt 0.04330891 0.2669242
vt 0.04119861 0.2660759
vt 0.03908842 0.266076
vt 0.04119861 0.2669243
vt 0.04119861 0.2660759
vt 0.04119861 0.2669243
vt 0.04330879 0.2660758
vt 0.03908842 0.2651654
vt 0.03908842 0.266076
vt 0.04119861 0.2651653
vt 0.04119861 0.2660759
vt 0.04330879 0.2660758
vt 0.04119861 0.2651653
vt 0.0390883 0.2643775
vt 0.03908842 0.2651654
vt 0.04119849 0.2643773
vt 0.04119849 0.2643773
vt 0.04119861 0.2651653
vt 0.04330873 0.2643772
vt 0.04119861 0.2800158
vt 0.0390883 0.2800156
vt 0.04119861 0.280792
vt 0.04119861 0.2800158
vt 0.04119861 0.280792
vt 0.04330903 0.2800158
vt 0.0390883 0.2793548
vt 0.0390883 0.2800156
vt 0.04119861 0.2793549
vt 0.04330903 0.279355
vt 0.04119861 0.2793549
vt 0.04330903 0.2800158
vt 0.04119873 0.2787086
vt 0.03908842 0.2787085
vt 0.04119861 0.2793549
vt 0.04119861 0.2793549
vt 0.04330903 0.279355
vt 0.04119873 0.2787086
vt 0.04119879 0.2780977
vt 0.03908842 0.2780976
vt 0.04119873 0.2787086
vt 0.04119873 0.2787086
vt 0.04330909 0.2787087
vt 0.04119879 0.2780977
vt 0.04119879 0.2774571
vt 0.03908848 0.277457
vt 0.04119879 0.2780977
vt 0.04119879 0.2780977
vt 0.04330909 0.2780978
vt 0.04119879 0.2774571
vt 0.04119879 0.2768172
vt 0.03908848 0.2768171
vt 0.04119879 0.2774571
vt 0.04119879 0.2768172
vt 0.04119879 0.2774571
vt 0.04330909 0.2768172
vt 0.03908848 0.2761741
vt 0.03908848 0.2768171
vt 0.04119879 0.2761742
vt 0.04119879 0.2768172
vt 0.04330909 0.2768172
vt 0.04119879 0.2761742
vt 0.04119879 0.2755233
vt 0.03908848 0.2755233
vt 0.04119879 0.2761742
vt 0.04119879 0.2761742
vt 0.04330921 0.2761742
vt 0.04119879 0.2755233
vt 0.03908848 0.2748624
vt 0.03908848 0.2755233
vt 0.04119879 0.2748624
vt 0.04119879 0.2748624
vt 0.04119879 0.2755233
vt 0.04330921 0.2748624
vt 0.0390886 0.2742413
vt 0.03908848 0.2748624
vt 0.04119879 0.2742413
vt 0.04119879 0.2742413
vt 0.04119879 0.2748624
vt 0.04330921 0.2742413
vt 0.0390886 0.273564
vt 0.0390886 0.2742413
vt 0.04119879 0.273564
vt 0.04119879 0.2742413
vt 0.04330921 0.2742413
vt 0.04119879 0.273564
vt 0.0390886 0.273564
vt 0.04119879 0.273564
vt 0.0390886 0.272918
vt 0.04330909 0.2729179
vt 0.04119879 0.272918
vt 0.04330921 0.273564
vt 0.04119879 0.2722523
vt 0.0390886 0.2722523
vt 0.04119879 0.272918
vt 0.04119879 0.272918
vt 0.04330909 0.2729179
vt 0.04119879 0.2722523
vt 0.06273943 0.3018952
vt 0.06273943 0.3012968
vt 0.06062912 0.3018952
vt 0.05851894 0.3018952
vt 0.06062912 0.3018952
vt 0.05851894 0.3012968
vt 0.03536242 0.2908045
vt 0.03747272 0.2908045
vt 0.03536242 0.2891831
vt 0.03536242 0.2908045
vt 0.03536242 0.2891831
vt 0.03325212 0.2908045
vt 0.03747272 0.2914532
vt 0.03747272 0.2908045
vt 0.03536242 0.2914532
vt 0.03536242 0.2914532
vt 0.03536242 0.2908045
vt 0.03325212 0.2914532
vt 0.03536242 0.2920961
vt 0.03747272 0.2920961
vt 0.03536242 0.2914532
vt 0.03536242 0.2914532
vt 0.03325212 0.2914532
vt 0.03536242 0.2920961
vt 0.0374726 0.2927388
vt 0.03747272 0.2920961
vt 0.03536242 0.2927388
vt 0.03536242 0.2927388
vt 0.03536242 0.2920961
vt 0.03325212 0.2927388
vt 0.0374726 0.29338
vt 0.0374726 0.2927388
vt 0.03536242 0.29338
vt 0.03325212 0.29338
vt 0.03536242 0.29338
vt 0.03325212 0.2927388
vt 0.03536242 0.2940248
vt 0.0374726 0.2940248
vt 0.03536242 0.29338
vt 0.03536242 0.2940248
vt 0.03536242 0.29338
vt 0.03325212 0.2940248
vt 0.03749477 0.2950191
vt 0.0374726 0.2940248
vt 0.03536242 0.2950194
vt 0.03323006 0.2950191
vt 0.03536242 0.2950194
vt 0.03325212 0.2940248
vt 0.04119849 0.2626655
vt 0.0390883 0.2626656
vt 0.04119849 0.2635586
vt 0.04119849 0.2626655
vt 0.04119849 0.2635586
vt 0.04330861 0.2626654
vt 0.04119849 0.2635586
vt 0.0390883 0.2635587
vt 0.04119849 0.2643773
vt 0.04119849 0.2635586
vt 0.04119849 0.2643773
vt 0.04330861 0.2635585
vt 0.07436007 0.3036371
vt 0.07647025 0.3036371
vt 0.07435995 0.3030624
vt 0.07436007 0.3036371
vt 0.07435995 0.3030624
vt 0.07224965 0.3036371
vt 0.07435995 0.3030624
vt 0.0764923 0.3030624
vt 0.07435995 0.3008008
vt 0.07435995 0.3030624
vt 0.07435995 0.3008008
vt 0.07222759 0.3030624
vt 0.05194985 0.8082698
vt 0.05250394 0.8105642
vt 0.0527594 0.808211
vt 0.05535286 0.8103506
vt 0.05485492 0.807788
vt 0.05426323 0.8102831
vt 0.05202281 0.8063856
vt 0.05194985 0.8082698
vt 0.05250436 0.8070317
vt 0.05387127 0.8080945
vt 0.05485492 0.807788
vt 0.05311673 0.8067763
vt 0.05250394 0.8105642
vt 0.05194985 0.8082698
vt 0.05021858 0.8107602
vt 0.04882574 0.8068281
vt 0.04980063 0.808797
vt 0.05202281 0.8063856
vt 0.05732631 0.8023515
vt 0.05296325 0.8040463
vt 0.05485492 0.807788
vt 0.05535286 0.8103506
vt 0.05927211 0.8101238
vt 0.05485492 0.807788
vt 0.05072778 0.8029003
vt 0.05296325 0.8040463
vt 0.053047 0.8004758
vt 0.05956524 0.7980024
vt 0.05560815 0.7959826
vt 0.05732631 0.8023515
vt 0.05695986 0.7889007
vt 0.06217432 0.7892052
vt 0.05721282 0.7843951
vt 0.06088733 0.7782971
vt 0.05664885 0.7792619
vt 0.06226611 0.7836001
vt 0.06088733 0.7782971
vt 0.05827373 0.7737083
vt 0.05664885 0.7792619
vt 0.04695904 0.8097452
vt 0.04531323 0.8102648
vt 0.04717922 0.810917
vt 0.04695904 0.8097452
vt 0.04618442 0.8087318
vt 0.04531323 0.8102648
vt 0.04524278 0.8077998
vt 0.04449516 0.8087684
vt 0.04618442 0.8087318
vt 0.04380798 0.8112059
vt 0.04418569 0.8111201
vt 0.04376244 0.8105722
vt 0.04413849 0.8105574
vt 0.04399389 0.8098972
vt 0.04376244 0.8105722
vt 0.04399389 0.8098972
vt 0.04380011 0.8093911
vt 0.04365932 0.8099076
vt 0.03212481 0.7860895
vt 0.03360986 0.7861979
vt 0.03408592 0.7817917
vt 0.03370887 0.7937028
vt 0.03237068 0.7909439
vt 0.03231042 0.793387
vt 0.0347917 0.7959755
vt 0.03370887 0.7937028
vt 0.03329294 0.7959888
vt 0.03550356 0.782242
vt 0.03788089 0.7769287
vt 0.03408592 0.7817917
vt 0.04260587 0.8072279
vt 0.04166364 0.8057524
vt 0.04201042 0.8072619
vt 0.05317127 0.810365
vt 0.05365228 0.8103458
vt 0.0527594 0.808211
vt 0.05320841 0.8080407
vt 0.05365228 0.8103458
vt 0.05387127 0.8080945
vt 0.05311673 0.8067763
vt 0.05323386 0.806017
vt 0.05253386 0.8065348
vt 0.0521689 0.8056871
vt 0.05202281 0.8063856
vt 0.05253386 0.8065348
vt 0.0527594 0.808211
vt 0.05320841 0.8080407
vt 0.05250436 0.8070317
vt 0.05253386 0.8065348
vt 0.05320841 0.8080407
vt 0.05311673 0.8067763
vt 0.05323386 0.806017
vt 0.05296325 0.8040463
vt 0.0521689 0.8056871
vt 0.0521689 0.8056871
vt 0.05048066 0.8055872
vt 0.05202281 0.8063856
vt 0.05296325 0.8040463
vt 0.05072778 0.8029003
vt 0.05048066 0.8055872
vt 0.05048066 0.8055872
vt 0.0491898 0.8042579
vt 0.04882574 0.8068281
vt 0.03728604 0.8012069
vt 0.03599995 0.7987466
vt 0.03639954 0.8012597
vt 0.03599995 0.7987466
vt 0.0347917 0.7959755
vt 0.03503745 0.7987947
vt 0.03231042 0.793387
vt 0.03139883 0.7910076
vt 0.03114527 0.7939728
vt 0.04530102 0.779945
vt 0.04223585 0.7788461
vt 0.04327124 0.7841471
vt 0.04223585 0.7788461
vt 0.03788089 0.7769287
vt 0.03842997 0.7828762
vt 0.04327124 0.7841471
vt 0.03842997 0.7828762
vt 0.04244989 0.7874412
vt 0.03842997 0.7828762
vt 0.03550356 0.782242
vt 0.03765869 0.786533
vt 0.04166036 0.7943205
vt 0.0421189 0.791163
vt 0.03762388 0.7938403
vt 0.03762388 0.7938403
vt 0.03735589 0.7907185
vt 0.03370887 0.7937028
vt 0.04140639 0.796483
vt 0.04166036 0.7943205
vt 0.03771036 0.7961011
vt 0.03771036 0.7961011
vt 0.03762388 0.7938403
vt 0.0347917 0.7959755
vt 0.04166364 0.8057524
vt 0.04087394 0.80538
vt 0.04129594 0.8061862
vt 0.04087394 0.80538
vt 0.03982836 0.8050989
vt 0.04004067 0.8055551
vt 0.04132813 0.8015597
vt 0.04133486 0.7991719
vt 0.03961592 0.8012851
vt 0.03961592 0.8012851
vt 0.03900319 0.7988544
vt 0.03728604 0.8012069
vt 0.04133486 0.7991719
vt 0.04140639 0.796483
vt 0.03900319 0.7988544
vt 0.03900319 0.7988544
vt 0.03771036 0.7961011
vt 0.03599995 0.7987466
vt 0.04166036 0.7943205
vt 0.04140639 0.796483
vt 0.04513859 0.7959573
vt 0.04513859 0.7959573
vt 0.04439401 0.798297
vt 0.04816192 0.7977166
vt 0.0421189 0.791163
vt 0.04166036 0.7943205
vt 0.04575479 0.7924654
vt 0.04575479 0.7924654
vt 0.04513859 0.7959573
vt 0.04986214 0.7943489
vt 0.04244989 0.7874412
vt 0.04641836 0.7877922
vt 0.04327124 0.7841471
vt 0.04641836 0.7877922
vt 0.05102163 0.7888128
vt 0.04683661 0.7843354
vt 0.04327124 0.7841471
vt 0.04683661 0.7843354
vt 0.04530102 0.779945
vt 0.04683661 0.7843354
vt 0.05242764 0.7844603
vt 0.04871535 0.7797795
vt 0.04166364 0.8057524
vt 0.04260587 0.8072279
vt 0.04305851 0.8061877
vt 0.04305851 0.8061877
vt 0.04332244 0.8076199
vt 0.04428714 0.806877
vt 0.043455 0.8088255
vt 0.04322439 0.8085207
vt 0.04322385 0.8089043
vt 0.04140639 0.796483
vt 0.04133486 0.7991719
vt 0.04439401 0.798297
vt 0.04439401 0.798297
vt 0.04367005 0.8003175
vt 0.04689306 0.8000423
vt 0.04133486 0.7991719
vt 0.04132813 0.8015597
vt 0.04367005 0.8003175
vt 0.04367005 0.8003175
vt 0.04343706 0.8023744
vt 0.04606395 0.8019889
vt 0.04871535 0.7797795
vt 0.0468325 0.776902
vt 0.04530102 0.779945
vt 0.0468325 0.776902
vt 0.04871535 0.7797795
vt 0.0501101 0.7764385
vt 0.03212481 0.7860895
vt 0.03408592 0.7817917
vt 0.02846258 0.7836569
vt 0.02846258 0.7836569
vt 0.03178751 0.7782003
vt 0.02510595 0.7805495
vt 0.03408592 0.7817917
vt 0.03646993 0.7760788
vt 0.03178751 0.7782003
vt 0.03178751 0.7782003
vt 0.03541249 0.7732169
vt 0.03040218 0.7741198
vt 0.06217432 0.7892052
vt 0.05695986 0.7889007
vt 0.06122738 0.7936649
vt 0.05638468 0.792413
vt 0.05560815 0.7959826
vt 0.06122738 0.7936649
vt 0.03139883 0.7910076
vt 0.03237068 0.7909439
vt 0.0315631 0.7886423
vt 0.0315631 0.7886423
vt 0.03285109 0.7886366
vt 0.03212481 0.7860895
vt 0.03765869 0.786533
vt 0.03756284 0.7886203
vt 0.04244989 0.7874412
vt 0.03756284 0.7886203
vt 0.03735589 0.7907185
vt 0.04230445 0.7893262
vt 0.03765869 0.786533
vt 0.03360986 0.7861979
vt 0.03756284 0.7886203
vt 0.03756284 0.7886203
vt 0.03285109 0.7886366
vt 0.03735589 0.7907185
vt 0.04575479 0.7924654
vt 0.04615902 0.7901356
vt 0.0421189 0.791163
vt 0.04615902 0.7901356
vt 0.04641836 0.7877922
vt 0.04230445 0.7893262
vt 0.04986214 0.7943489
vt 0.05032759 0.7914559
vt 0.04575479 0.7924654
vt 0.05032759 0.7914559
vt 0.05102163 0.7888128
vt 0.04615902 0.7901356
vt 0.02510595 0.7805495
vt 0.02664297 0.78493
vt 0.02846258 0.7836569
vt 0.0315631 0.7886423
vt 0.03212481 0.7860895
vt 0.02865499 0.7875672
vt 0.02865499 0.7875672
vt 0.02959644 0.7906402
vt 0.0315631 0.7886423
vt 0.0256462 0.7841681
vt 0.02534592 0.7850404
vt 0.02664297 0.78493
vt 0.02507245 0.7856229
vt 0.02797275 0.788012
vt 0.02534592 0.7850404
vt 0.03231042 0.793387
vt 0.03114527 0.7939728
vt 0.03329294 0.7959888
vt 0.03503745 0.7987947
vt 0.03329294 0.7959888
vt 0.03379285 0.7990135
vt 0.03639954 0.8012597
vt 0.03503745 0.7987947
vt 0.03556376 0.8015345
vt 0.04689306 0.8000423
vt 0.04945325 0.8017942
vt 0.04816192 0.7977166
vt 0.04945325 0.8017942
vt 0.05072778 0.8029003
vt 0.05131393 0.7993956
vt 0.04816192 0.7977166
vt 0.05131393 0.7993956
vt 0.04986214 0.7943489
vt 0.05131393 0.7993956
vt 0.053047 0.8004758
vt 0.053406 0.7953014
vt 0.05721282 0.7843951
vt 0.0557329 0.7843906
vt 0.05695986 0.7889007
vt 0.0557329 0.7843906
vt 0.05242764 0.7844603
vt 0.05495744 0.7889833
vt 0.05230551 0.7794812
vt 0.05242764 0.7844603
vt 0.05498129 0.7794356
vt 0.05498129 0.7794356
vt 0.0557329 0.7843906
vt 0.05664885 0.7792619
vt 0.04428714 0.806877
vt 0.04391807 0.8080418
vt 0.0449205 0.8074108
vt 0.0449205 0.8074108
vt 0.044308 0.808477
vt 0.04524278 0.8077998
vt 0.04380011 0.8093911
vt 0.04368728 0.8091658
vt 0.04351979 0.8094593
vt 0.04368728 0.8091658
vt 0.043455 0.8088255
vt 0.04340809 0.8092034
vt 0.04689306 0.8000423
vt 0.04606395 0.8019889
vt 0.04945325 0.8017942
vt 0.04789543 0.8035926
vt 0.0491898 0.8042579
vt 0.04945325 0.8017942
vt 0.04606395 0.8019889
vt 0.04577559 0.8038278
vt 0.04789543 0.8035926
vt 0.04701006 0.8045906
vt 0.04769742 0.8051521
vt 0.04789543 0.8035926
vt 0.0501101 0.7764385
vt 0.05230551 0.7794812
vt 0.05262082 0.7761795
vt 0.05262082 0.7761795
vt 0.05498129 0.7794356
vt 0.05444431 0.7760818
vt 0.05638468 0.792413
vt 0.05424588 0.7920747
vt 0.05560815 0.7959826
vt 0.05424588 0.7920747
vt 0.05032759 0.7914559
vt 0.053406 0.7953014
vt 0.05695986 0.7889007
vt 0.05495744 0.7889833
vt 0.05638468 0.792413
vt 0.05495744 0.7889833
vt 0.05102163 0.7888128
vt 0.05424588 0.7920747
vt 0.02917122 0.7966481
vt 0.03114527 0.7939728
vt 0.02777397 0.7934147
vt 0.02777397 0.7934147
vt 0.02959644 0.7906402
vt 0.02691119 0.7900138
vt 0.03106987 0.7988086
vt 0.03247475 0.7968246
vt 0.02917122 0.7966481
vt 0.03231304 0.8001872
vt 0.03379285 0.7990135
vt 0.03106987 0.7988086
vt 0.03475826 0.802595
vt 0.03556376 0.8015345
vt 0.03231304 0.8001872
vt 0.03040802 0.8059752
vt 0.02724945 0.8044284
vt 0.02938926 0.8114933
vt 0.03064012 0.8160702
vt 0.02938926 0.8114933
vt 0.02751964 0.8176697
vt 0.03352648 0.8074896
vt 0.03040802 0.8059752
vt 0.0329197 0.8111308
vt 0.0329197 0.8111308
vt 0.02938926 0.8114933
vt 0.03366756 0.8147774
vt 0.04980063 0.808797
vt 0.04821395 0.8093377
vt 0.05021858 0.8107602
vt 0.04821395 0.8093377
vt 0.04695904 0.8097452
vt 0.0484265 0.8108084
vt 0.04769742 0.8051521
vt 0.04637992 0.8067419
vt 0.04882574 0.8068281
vt 0.04737412 0.8080257
vt 0.04637992 0.8067419
vt 0.04618442 0.8087318
vt 0.04980063 0.808797
vt 0.04882574 0.8068281
vt 0.04821395 0.8093377
vt 0.04821395 0.8093377
vt 0.04737412 0.8080257
vt 0.04695904 0.8097452
vt 0.03982836 0.8050989
vt 0.03876036 0.8034942
vt 0.03942745 0.8053645
vt 0.03876036 0.8034942
vt 0.03728604 0.8012069
vt 0.03832161 0.8036095
vt 0.03961592 0.8012851
vt 0.04045921 0.8036216
vt 0.04132813 0.8015597
vt 0.04045921 0.8036216
vt 0.04087394 0.80538
vt 0.04158753 0.8039125
vt 0.03728604 0.8012069
vt 0.03876036 0.8034942
vt 0.03961592 0.8012851
vt 0.03876036 0.8034942
vt 0.03982836 0.8050989
vt 0.04045921 0.8036216
vt 0.04305851 0.8061877
vt 0.04325658 0.8045812
vt 0.04166364 0.8057524
vt 0.04325658 0.8045812
vt 0.04343706 0.8023744
vt 0.04158753 0.8039125
vt 0.04428714 0.806877
vt 0.04495358 0.8055826
vt 0.04305851 0.8061877
vt 0.04495358 0.8055826
vt 0.04577559 0.8038278
vt 0.04325658 0.8045812
vt 0.03556376 0.8015345
vt 0.03745323 0.8037411
vt 0.03639954 0.8012597
vt 0.03745323 0.8037411
vt 0.03864282 0.8048682
vt 0.03832161 0.8036095
vt 0.0449205 0.8074108
vt 0.04587674 0.8062496
vt 0.04428714 0.806877
vt 0.04587674 0.8062496
vt 0.04701006 0.8045906
vt 0.04495358 0.8055826
vt 0.04524278 0.8077998
vt 0.04637992 0.8067419
vt 0.0449205 0.8074108
vt 0.04637992 0.8067419
vt 0.04769742 0.8051521
vt 0.04587674 0.8062496
vt 0.03475826 0.802595
vt 0.03586906 0.8043272
vt 0.03556376 0.8015345
vt 0.04322439 0.8085207
vt 0.04277312 0.8081829
vt 0.04295188 0.8086087
vt 0.03352648 0.8074896
vt 0.0329197 0.8111308
vt 0.03470945 0.8078329
vt 0.0329197 0.8111308
vt 0.03366756 0.8147774
vt 0.03422737 0.811305
vt 0.03470945 0.8078329
vt 0.03422737 0.811305
vt 0.03503185 0.8079188
vt 0.03422737 0.811305
vt 0.03476101 0.8144255
vt 0.03458315 0.8113185
vt 0.03670608 0.8062775
vt 0.0361008 0.8059539
vt 0.03577178 0.8081254
vt 0.03670608 0.8062775
vt 0.03577178 0.8081254
vt 0.03723937 0.806562
vt 0.03723937 0.806562
vt 0.03663343 0.8084009
vt 0.03802299 0.8069736
vt 0.03748029 0.8043516
vt 0.0361008 0.8059539
vt 0.03775882 0.8048673
vt 0.03775882 0.8048673
vt 0.03670608 0.8062775
vt 0.0380451 0.8052704
vt 0.0380451 0.8052704
vt 0.03723937 0.806562
vt 0.03822368 0.8056962
vt 0.03802299 0.8069736
vt 0.03762549 0.8086978
vt 0.03881931 0.8072036
vt 0.03822368 0.8056962
vt 0.03802299 0.8069736
vt 0.03903567 0.8061138
vt 0.03881931 0.8072036
vt 0.03849154 0.8088913
vt 0.03927069 0.8073575
vt 0.03903567 0.8061138
vt 0.03881931 0.8072036
vt 0.03947293 0.8063822
vt 0.03927069 0.8073575
vt 0.03896754 0.809009
vt 0.04028719 0.8079052
vt 0.03947293 0.8063822
vt 0.03927069 0.8073575
vt 0.04066485 0.8071054
vt 0.04028719 0.8079052
vt 0.039918 0.8092961
vt 0.04109966 0.8083507
vt 0.04066485 0.8071054
vt 0.04028719 0.8079052
vt 0.04144102 0.8076858
vt 0.04109966 0.8083507
vt 0.04077291 0.8095524
vt 0.04169118 0.8086892
vt 0.04144102 0.8076858
vt 0.04109966 0.8083507
vt 0.04198688 0.8081131
vt 0.04169118 0.8086892
vt 0.04143536 0.8097291
vt 0.04194521 0.8088227
vt 0.04198688 0.8081131
vt 0.04169118 0.8086892
vt 0.04218369 0.8083121
vt 0.04194521 0.8088227
vt 0.0417248 0.809793
vt 0.04207402 0.8088571
vt 0.04228734 0.8083731
vt 0.04218369 0.8083121
vt 0.04207402 0.8088571
vt 0.04276472 0.8092058
vt 0.0425831 0.8099785
vt 0.04308307 0.8093822
vt 0.04295188 0.8086087
vt 0.04276472 0.8092058
vt 0.04322385 0.8089043
vt 0.04308307 0.8093822
vt 0.04294073 0.8100982
vt 0.04330444 0.8096888
vt 0.04322385 0.8089043
vt 0.04308307 0.8093822
vt 0.04340809 0.8092034
vt 0.04330444 0.8096888
vt 0.04319632 0.8103976
vt 0.04344362 0.8099502
vt 0.04340809 0.8092034
vt 0.04330444 0.8096888
vt 0.04351979 0.8094593
vt 0.04344362 0.8099502
vt 0.04335927 0.8106573
vt 0.04359251 0.8103936
vt 0.04351979 0.8094593
vt 0.04344362 0.8099502
vt 0.04365932 0.8099076
vt 0.04380798 0.8112059
vt 0.04376244 0.8105722
vt 0.04356002 0.8112005
vt 0.04207402 0.8088571
vt 0.04190063 0.8098307
vt 0.04258614 0.8090999
vt 0.04258614 0.8090999
vt 0.04236817 0.8099338
vt 0.04276472 0.8092058
vt 0.04228734 0.8083731
vt 0.04207402 0.8088571
vt 0.04260343 0.8082982
vt 0.04260343 0.8082982
vt 0.04258614 0.8090999
vt 0.04295188 0.8086087
vt 0.04319632 0.8103976
vt 0.04313933 0.8111901
vt 0.04335927 0.8106573
vt 0.04294073 0.8100982
vt 0.04284977 0.8111797
vt 0.04319632 0.8103976
vt 0.0425831 0.8099785
vt 0.04247039 0.8111644
vt 0.04294073 0.8100982
vt 0.04247039 0.8111644
vt 0.0425831 0.8099785
vt 0.04224455 0.8111548
vt 0.02777397 0.7934147
vt 0.02691119 0.7900138
vt 0.02511775 0.7932158
vt 0.02511775 0.7932158
vt 0.02491837 0.7888567
vt 0.02191066 0.7929495
vt 0.02917122 0.7966481
vt 0.02777397 0.7934147
vt 0.02655667 0.7976393
vt 0.02655667 0.7976393
vt 0.02511775 0.7932158
vt 0.02328377 0.7989414
vt 0.03106987 0.7988086
vt 0.02917122 0.7966481
vt 0.02848458 0.8003155
vt 0.02848458 0.8003155
vt 0.02655667 0.7976393
vt 0.0252307 0.8023651
vt 0.03231304 0.8001872
vt 0.03106987 0.7988086
vt 0.0299974 0.801884
vt 0.0299974 0.801884
vt 0.02848458 0.8003155
vt 0.02724945 0.8044284
vt 0.03475826 0.802595
vt 0.03231304 0.8001872
vt 0.03258275 0.8039847
vt 0.03258275 0.8039847
vt 0.0299974 0.801884
vt 0.03040802 0.8059752
vt 0.03586906 0.8043272
vt 0.03475826 0.802595
vt 0.03490042 0.8051942
vt 0.03490042 0.8051942
vt 0.03258275 0.8039847
vt 0.03352648 0.8074896
vt 0.03352648 0.8074896
vt 0.03470945 0.8078329
vt 0.03490042 0.8051942
vt 0.0361008 0.8059539
vt 0.03556889 0.8056365
vt 0.03503185 0.8079188
vt 0.03617107 0.8045312
vt 0.03586906 0.8043272
vt 0.03556889 0.8056365
vt 0.03748029 0.8043516
vt 0.03617107 0.8045312
vt 0.0361008 0.8059539
vt 0.03748029 0.8043516
vt 0.03745323 0.8037411
vt 0.03617107 0.8045312
vt 0.03810948 0.8049822
vt 0.0380451 0.8052704
vt 0.03817307 0.8052473
vt 0.03791117 0.8046331
vt 0.03775882 0.8048673
vt 0.03810948 0.8049822
vt 0.03064012 0.8160702
vt 0.02751964 0.8176697
vt 0.03203111 0.8184919
vt 0.03203111 0.8184919
vt 0.03006839 0.8203841
vt 0.03395003 0.8204088
vt 0.03366756 0.8147774
vt 0.03064012 0.8160702
vt 0.03451502 0.8163422
vt 0.03451502 0.8163422
vt 0.03203111 0.8184919
vt 0.03593248 0.8177646
vt 0.03366756 0.8147774
vt 0.03451502 0.8163422
vt 0.03476101 0.8144255
vt 0.03451502 0.8163422
vt 0.03593248 0.8177646
vt 0.03547382 0.8160277
vt 0.03476101 0.8144255
vt 0.03547382 0.8160277
vt 0.03506994 0.8143351
vt 0.03547382 0.8160277
vt 0.03651767 0.8175126
vt 0.03580427 0.8159446
vt 0.03506994 0.8143351
vt 0.03580427 0.8159446
vt 0.03569251 0.8141498
vt 0.03580427 0.8159446
vt 0.03688609 0.817472
vt 0.03636109 0.8157306
vt 0.03642797 0.8139163
vt 0.03569251 0.8141498
vt 0.03699409 0.8153334
vt 0.03699409 0.8153334
vt 0.03636109 0.8157306
vt 0.03787881 0.8165647
vt 0.03092736 0.8246798
vt 0.03250241 0.8222328
vt 0.0282641 0.8228451
vt 0.0282641 0.8228451
vt 0.03006839 0.8203841
vt 0.02550691 0.8201997
vt 0.02951133 0.8277492
vt 0.03092736 0.8246798
vt 0.02656835 0.8260851
vt 0.02656835 0.8260851
vt 0.0282641 0.8228451
vt 0.02349328 0.8234293
vt 0.02856719 0.8310524
vt 0.02951133 0.8277492
vt 0.0255807 0.8304491
vt 0.0255807 0.8304491
vt 0.02656835 0.8260851
vt 0.02222985 0.829192
vt 0.02865397 0.8333207
vt 0.02856719 0.8310524
vt 0.02581781 0.8337207
vt 0.02581781 0.8337207
vt 0.0255807 0.8304491
vt 0.022605 0.8337012
vt 0.03819739 0.8133125
vt 0.03735142 0.8135011
vt 0.03848958 0.8145357
vt 0.03848958 0.8145357
vt 0.03773319 0.8148179
vt 0.03877794 0.8156138
vt 0.0399053 0.8129067
vt 0.04010361 0.8139761
vt 0.04048681 0.8128061
vt 0.04076892 0.8138654
vt 0.04010361 0.8139761
vt 0.04084533 0.8144886
vt 0.04163998 0.8126881
vt 0.04141122 0.8126992
vt 0.04181826 0.8138282
vt 0.04181826 0.8138282
vt 0.04161179 0.8138779
vt 0.04185557 0.8142956
vt 0.04180747 0.8126717
vt 0.04163998 0.8126881
vt 0.04199451 0.8137849
vt 0.04199451 0.8137849
vt 0.04181826 0.8138282
vt 0.04198372 0.8143005
vt 0.04180747 0.8126717
vt 0.04199451 0.8137849
vt 0.04227495 0.8126199
vt 0.04199451 0.8137849
vt 0.04198372 0.8143005
vt 0.04246926 0.8136889
vt 0.0424726 0.812566
vt 0.04227495 0.8126199
vt 0.0426355 0.8135597
vt 0.0426355 0.8135597
vt 0.04246926 0.8136889
vt 0.04286193 0.814317
vt 0.04283386 0.8124671
vt 0.0424726 0.812566
vt 0.0429421 0.8133774
vt 0.0429421 0.8133774
vt 0.0426355 0.8135597
vt 0.04323548 0.8139135
vt 0.04311168 0.8122166
vt 0.04283386 0.8124671
vt 0.04322522 0.8129299
vt 0.04322522 0.8129299
vt 0.0429421 0.8133774
vt 0.04338949 0.8135474
vt 0.04331356 0.811845
vt 0.04311168 0.8122166
vt 0.04337507 0.8126687
vt 0.04337507 0.8126687
vt 0.04322522 0.8129299
vt 0.04350382 0.8131941
vt 0.04356002 0.8112005
vt 0.04331356 0.811845
vt 0.04360407 0.8122059
vt 0.04360407 0.8122059
vt 0.04337507 0.8126687
vt 0.04363274 0.812727
vt 0.04380798 0.8112059
vt 0.04356002 0.8112005
vt 0.04375743 0.8119201
vt 0.04311168 0.8122166
vt 0.04331356 0.811845
vt 0.04313933 0.8111901
vt 0.04283386 0.8124671
vt 0.04311168 0.8122166
vt 0.04284977 0.8111797
vt 0.0424726 0.812566
vt 0.04283386 0.8124671
vt 0.04247039 0.8111644
vt 0.04227495 0.8126199
vt 0.0424726 0.812566
vt 0.04224455 0.8111548
vt 0.02682906 0.8365675
vt 0.02581781 0.8337207
vt 0.02423822 0.8381843
vt 0.02865397 0.8333207
vt 0.02581781 0.8337207
vt 0.02891469 0.8343065
vt 0.03574109 0.8210949
vt 0.03395003 0.8204088
vt 0.03461909 0.8229954
vt 0.03720408 0.8182382
vt 0.03593248 0.8177646
vt 0.03574109 0.8210949
vt 0.03461909 0.8229954
vt 0.03250241 0.8222328
vt 0.03355723 0.8253022
vt 0.03355723 0.8253022
vt 0.03092736 0.8246798
vt 0.03234249 0.8277753
vt 0.03234249 0.8277753
vt 0.02951133 0.8277492
vt 0.03135275 0.8301133
vt 0.03135275 0.8301133
vt 0.02856719 0.8310524
vt 0.03021728 0.8317718
vt 0.03021728 0.8317718
vt 0.02865397 0.8333207
vt 0.02954775 0.8335355
vt 0.03743082 0.8171621
vt 0.0381577 0.8169925
vt 0.03787881 0.8165647
vt 0.0381577 0.8169925
vt 0.03743082 0.8171621
vt 0.03770667 0.8175274
vt 0.03770667 0.8175274
vt 0.03688609 0.817472
vt 0.03740245 0.8179501
vt 0.03593248 0.8177646
vt 0.03720408 0.8182382
vt 0.03651767 0.8175126
vt 0.0588662 0.8150542
vt 0.05927211 0.8101238
vt 0.05501544 0.8139378
vt 0.05250394 0.8105642
vt 0.05021858 0.8107602
vt 0.05217868 0.8133638
vt 0.05317127 0.810365
vt 0.05250394 0.8105642
vt 0.0530005 0.8134055
vt 0.05501544 0.8139378
vt 0.05535286 0.8103506
vt 0.05403935 0.8136
vt 0.04717922 0.810917
vt 0.04539608 0.8110674
vt 0.04708945 0.8123185
vt 0.05344265 0.8134903
vt 0.05365228 0.8103458
vt 0.0530005 0.8134055
vt 0.05426323 0.8102831
vt 0.05365228 0.8103458
vt 0.05403935 0.8136
vt 0.04999166 0.812971
vt 0.05021858 0.8107602
vt 0.04834985 0.8125514
vt 0.0484265 0.8108084
vt 0.04717922 0.810917
vt 0.04834985 0.8125514
vt 0.05711036 0.8192475
vt 0.0588662 0.8150542
vt 0.0537731 0.8164492
vt 0.05217868 0.8133638
vt 0.04999166 0.812971
vt 0.05201405 0.8158644
vt 0.0530005 0.8134055
vt 0.05217868 0.8133638
vt 0.05257618 0.8154278
vt 0.0537731 0.8164492
vt 0.05501544 0.8139378
vt 0.05324137 0.8158892
vt 0.04665112 0.8138603
vt 0.04708945 0.8123185
vt 0.04514855 0.813037
vt 0.05270367 0.8160224
vt 0.05344265 0.8134903
vt 0.05257618 0.8154278
vt 0.05403935 0.8136
vt 0.05344265 0.8134903
vt 0.05324137 0.8158892
vt 0.04916709 0.8153517
vt 0.04999166 0.812971
vt 0.04775273 0.8144578
vt 0.04775273 0.8144578
vt 0.04834985 0.8125514
vt 0.04665112 0.8138603
vt 0.05257618 0.8154278
vt 0.05201405 0.8158644
vt 0.05270367 0.8160224
vt 0.0537731 0.8164492
vt 0.05324137 0.8158892
vt 0.05249524 0.8165893
vt 0.04588341 0.8151472
vt 0.04665112 0.8138603
vt 0.04475551 0.8140014
vt 0.04780262 0.8173528
vt 0.04916709 0.8153517
vt 0.04672843 0.8160972
vt 0.04672843 0.8160972
vt 0.04775273 0.8144578
vt 0.04588341 0.8151472
vt 0.0537731 0.8164492
vt 0.05249524 0.8165893
vt 0.05241799 0.817759
vt 0.05933898 0.8228638
vt 0.05711036 0.8192475
vt 0.05490738 0.8250365
vt 0.06109905 0.8271194
vt 0.05933898 0.8228638
vt 0.05633783 0.8284809
vt 0.06218981 0.8318816
vt 0.06109905 0.8271194
vt 0.05740338 0.8319385
vt 0.06226617 0.8371847
vt 0.06218981 0.8318816
vt 0.05779224 0.8363519
vt 0.05249524 0.8165893
vt 0.05201405 0.8158644
vt 0.05073845 0.8168168
vt 0.04916709 0.8153517
vt 0.04780262 0.8173528
vt 0.05073845 0.8168168
vt 0.05711036 0.8192475
vt 0.05241799 0.817759
vt 0.05330705 0.8220664
vt 0.05241799 0.817759
vt 0.05073845 0.8168168
vt 0.05123305 0.8197872
vt 0.04199278 0.7769331
vt 0.0468325 0.776902
vt 0.04217642 0.774642
vt 0.03788089 0.7769287
vt 0.04199278 0.7769331
vt 0.03838044 0.7760615
vt 0.0468325 0.776902
vt 0.0501101 0.7764385
vt 0.04718452 0.774546
vt 0.05262082 0.7761795
vt 0.05444431 0.7760818
vt 0.05295884 0.7750588
vt 0.0501101 0.7764385
vt 0.05262082 0.7761795
vt 0.0502488 0.7758303
vt 0.04217642 0.774642
vt 0.04718452 0.774546
vt 0.04194873 0.7726743
vt 0.03838044 0.7760615
vt 0.04217642 0.774642
vt 0.03798907 0.773488
vt 0.04745817 0.7728761
vt 0.04718452 0.774546
vt 0.05086195 0.7737668
vt 0.05295884 0.7750588
vt 0.05430877 0.7748272
vt 0.05342262 0.7736642
vt 0.0502488 0.7758303
vt 0.05295884 0.7750588
vt 0.05086195 0.7737668
vt 0.04194873 0.7726743
vt 0.04745817 0.7728761
vt 0.04185354 0.7703691
vt 0.03798907 0.773488
vt 0.04194873 0.7726743
vt 0.03761911 0.7717291
vt 0.04787641 0.7706239
vt 0.04745817 0.7728761
vt 0.05154883 0.7715182
vt 0.05086195 0.7737668
vt 0.05342262 0.7736642
vt 0.05154883 0.7715182
vt 0.03788089 0.7769287
vt 0.03838044 0.7760615
vt 0.03646993 0.7760788
vt 0.03646993 0.7760788
vt 0.03798907 0.773488
vt 0.03541249 0.7732169
vt 0.04832839 0.7689093
vt 0.04240494 0.7691988
vt 0.04787641 0.7706239
vt 0.05291873 0.7701285
vt 0.04832839 0.7689093
vt 0.05154883 0.7715182
vt 0.05154883 0.7715182
vt 0.05418127 0.772414
vt 0.05291873 0.7701285
vt 0.05418127 0.772414
vt 0.05529046 0.7733542
vt 0.05533969 0.7713366
vt 0.04107356 0.8207108
vt 0.0423662 0.820661
vt 0.04204887 0.8189748
vt 0.04204887 0.8189748
vt 0.04310512 0.8187852
vt 0.04211294 0.8176075
vt 0.03982239 0.8287653
vt 0.04224753 0.8290859
vt 0.04019433 0.8264567
vt 0.03974795 0.831472
vt 0.04200786 0.8313875
vt 0.03982239 0.8287653
vt 0.03960943 0.8334794
vt 0.04206758 0.8334696
vt 0.03974795 0.831472
vt 0.04215323 0.8357568
vt 0.04206758 0.8334696
vt 0.03994196 0.835931
vt 0.04019433 0.8264567
vt 0.04307305 0.8258279
vt 0.04047816 0.8240571
vt 0.04047816 0.8240571
vt 0.04244941 0.8240281
vt 0.04077839 0.8223608
vt 0.0423662 0.820661
vt 0.04107356 0.8207108
vt 0.04229837 0.8222988
vt 0.04413259 0.8147986
vt 0.04373854 0.8152833
vt 0.04488325 0.8161566
vt 0.04518586 0.8174992
vt 0.044299 0.8181319
vt 0.04514873 0.8193885
vt 0.04488325 0.8161566
vt 0.04409587 0.816824
vt 0.04518586 0.8174992
vt 0.05039381 0.8266377
vt 0.04872649 0.8245312
vt 0.04906994 0.8271345
vt 0.05202466 0.8292537
vt 0.05039381 0.8266377
vt 0.05051535 0.8301214
vt 0.05202466 0.8292537
vt 0.05051535 0.8301214
vt 0.05289965 0.832171
vt 0.05289965 0.832171
vt 0.05160063 0.8328103
vt 0.05361914 0.8360243
vt 0.04872649 0.8245312
vt 0.04724037 0.8223677
vt 0.04747426 0.824906
vt 0.04724037 0.8223677
vt 0.04579901 0.821253
vt 0.04598402 0.8230336
vt 0.04514873 0.8193885
vt 0.04411935 0.819969
vt 0.04579901 0.821253
vt 0.04475551 0.8140014
vt 0.04444962 0.8144397
vt 0.04588341 0.8151472
vt 0.04444962 0.8144397
vt 0.04413259 0.8147986
vt 0.04537457 0.8157253
vt 0.04672843 0.8160972
vt 0.04596978 0.8169035
vt 0.04780262 0.8173528
vt 0.04596978 0.8169035
vt 0.04518586 0.8174992
vt 0.04637479 0.8186142
vt 0.04588341 0.8151472
vt 0.04537457 0.8157253
vt 0.04672843 0.8160972
vt 0.04537457 0.8157253
vt 0.04488325 0.8161566
vt 0.04596978 0.8169035
vt 0.05490738 0.8250365
vt 0.05330705 0.8220664
vt 0.05210983 0.8261082
vt 0.05210983 0.8261082
vt 0.05045306 0.8237197
vt 0.05039381 0.8266377
vt 0.05633783 0.8284809
vt 0.05490738 0.8250365
vt 0.05366504 0.829008
vt 0.05366504 0.829008
vt 0.05210983 0.8261082
vt 0.05202466 0.8292537
vt 0.05740338 0.8319385
vt 0.05633783 0.8284809
vt 0.05488193 0.8321026
vt 0.05488193 0.8321026
vt 0.05366504 0.829008
vt 0.05289965 0.832171
vt 0.05779224 0.8363519
vt 0.05740338 0.8319385
vt 0.0553407 0.8361379
vt 0.0553407 0.8361379
vt 0.05488193 0.8321026
vt 0.05361914 0.8360243
vt 0.05330705 0.8220664
vt 0.05123305 0.8197872
vt 0.05045306 0.8237197
vt 0.05045306 0.8237197
vt 0.04887878 0.821485
vt 0.04872649 0.8245312
vt 0.05123305 0.8197872
vt 0.04908019 0.8183148
vt 0.04887878 0.821485
vt 0.04887878 0.821485
vt 0.04723441 0.8201765
vt 0.04724037 0.8223677
vt 0.04780262 0.8173528
vt 0.04637479 0.8186142
vt 0.04908019 0.8183148
vt 0.04637479 0.8186142
vt 0.04514873 0.8193885
vt 0.04723441 0.8201765
vt 0.04906994 0.8271345
vt 0.04747426 0.824906
vt 0.0469473 0.8278951
vt 0.05051535 0.8301214
vt 0.04906994 0.8271345
vt 0.04855847 0.8304106
vt 0.05160063 0.8328103
vt 0.05051535 0.8301214
vt 0.04962092 0.8331331
vt 0.05160063 0.8328103
vt 0.04962092 0.8331331
vt 0.05146998 0.8361916
vt 0.04855847 0.8304106
vt 0.0469473 0.8278951
vt 0.04619526 0.8308662
vt 0.04962092 0.8331331
vt 0.04855847 0.8304106
vt 0.0469864 0.8331159
vt 0.0494138 0.836058
vt 0.04962092 0.8331331
vt 0.0477541 0.8358688
vt 0.04185605 0.8165535
vt 0.04132992 0.8167775
vt 0.04148793 0.8177261
vt 0.04204887 0.8189748
vt 0.04115641 0.819115
vt 0.04107356 0.8207108
vt 0.04115641 0.819115
vt 0.03984647 0.8187965
vt 0.03998428 0.8207595
vt 0.04211294 0.8176075
vt 0.04148793 0.8177261
vt 0.04204887 0.8189748
vt 0.04148793 0.8177261
vt 0.04079556 0.8179133
vt 0.04115641 0.819115
vt 0.04019433 0.8264567
vt 0.03743982 0.8268096
vt 0.03982239 0.8287653
vt 0.03974795 0.831472
vt 0.03982239 0.8287653
vt 0.03679704 0.8313008
vt 0.03960943 0.8334794
vt 0.03974795 0.831472
vt 0.03736263 0.8330563
vt 0.03994196 0.835931
vt 0.03960943 0.8334794
vt 0.03802514 0.8356546
vt 0.04047816 0.8240571
vt 0.03841072 0.8243621
vt 0.04019433 0.8264567
vt 0.04077839 0.8223608
vt 0.03932034 0.8223147
vt 0.04047816 0.8240571
vt 0.04107356 0.8207108
vt 0.03998428 0.8207595
vt 0.04077839 0.8223608
vt 0.03998428 0.8207595
vt 0.03829509 0.820676
vt 0.03932034 0.8223147
vt 0.03743982 0.8268096
vt 0.03586715 0.8270506
vt 0.03663963 0.8289415
vt 0.03586715 0.8270506
vt 0.03489476 0.8271567
vt 0.03528654 0.829223
vt 0.03663963 0.8289415
vt 0.03528654 0.829223
vt 0.03679704 0.8313008
vt 0.03528654 0.829223
vt 0.03445327 0.8295933
vt 0.03528416 0.8313815
vt 0.03736263 0.8330563
vt 0.03679704 0.8313008
vt 0.03588658 0.8331666
vt 0.03588658 0.8331666
vt 0.03528416 0.8313815
vt 0.03494417 0.8327191
vt 0.03802514 0.8356546
vt 0.03736263 0.8330563
vt 0.03654372 0.8356134
vt 0.03654372 0.8356134
vt 0.03588658 0.8331666
vt 0.03520369 0.8352917
vt 0.03841072 0.8243621
vt 0.03655493 0.8243242
vt 0.03743982 0.8268096
vt 0.03655493 0.8243242
vt 0.0364167 0.8240066
vt 0.03586715 0.8270506
vt 0.03932034 0.8223147
vt 0.03736513 0.8221391
vt 0.03841072 0.8243621
vt 0.04307305 0.8258279
vt 0.04514312 0.8285141
vt 0.04520636 0.8255168
vt 0.04418569 0.8111201
vt 0.04380798 0.8112059
vt 0.044169 0.8117868
vt 0.04363274 0.812727
vt 0.04403322 0.8125642
vt 0.04375743 0.8119201
vt 0.04350382 0.8131941
vt 0.04373371 0.813327
vt 0.04363274 0.812727
vt 0.04350382 0.8131941
vt 0.04338949 0.8135474
vt 0.04373371 0.813327
vt 0.04338949 0.8135474
vt 0.04323548 0.8139135
vt 0.04350334 0.8137146
vt 0.04373854 0.8152833
vt 0.04299628 0.8158913
vt 0.04409587 0.816824
vt 0.04299628 0.8158913
vt 0.04249727 0.8162929
vt 0.04357874 0.8171444
vt 0.044299 0.8181319
vt 0.0437023 0.8184457
vt 0.04411935 0.819969
vt 0.0437023 0.8184457
vt 0.04310512 0.8187852
vt 0.04344093 0.8202684
vt 0.04409587 0.816824
vt 0.04357874 0.8171444
vt 0.044299 0.8181319
vt 0.04357874 0.8171444
vt 0.04296672 0.8174115
vt 0.0437023 0.8184457
vt 0.04598402 0.8230336
vt 0.04469454 0.8216032
vt 0.04418903 0.8235906
vt 0.04389613 0.8218843
vt 0.04229837 0.8222988
vt 0.04418903 0.8235906
vt 0.04411935 0.819969
vt 0.04344093 0.8202684
vt 0.04469454 0.8216032
vt 0.04344093 0.8202684
vt 0.0423662 0.820661
vt 0.04389613 0.8218843
vt 0.04747426 0.824906
vt 0.04598402 0.8230336
vt 0.04520636 0.8255168
vt 0.04520636 0.8255168
vt 0.04418903 0.8235906
vt 0.04307305 0.8258279
vt 0.04323548 0.8139135
vt 0.04286193 0.814317
vt 0.04321581 0.8140932
vt 0.04286193 0.814317
vt 0.04250425 0.81475
vt 0.04300159 0.8146104
vt 0.05779224 0.8363519
vt 0.05748212 0.8384502
vt 0.06226617 0.8371847
vt 0.06188172 0.8395744
vt 0.05748212 0.8384502
vt 0.06113517 0.8427607
vt 0.05361914 0.8360243
vt 0.05146998 0.8361916
vt 0.05276864 0.8378701
vt 0.05276864 0.8378701
vt 0.05105233 0.8383065
vt 0.05148011 0.8408211
vt 0.05779224 0.8363519
vt 0.0553407 0.8361379
vt 0.05748212 0.8384502
vt 0.05748212 0.8384502
vt 0.0548169 0.8380818
vt 0.05661553 0.8414668
vt 0.0553407 0.8361379
vt 0.05361914 0.8360243
vt 0.0548169 0.8380818
vt 0.0548169 0.8380818
vt 0.05276864 0.8378701
vt 0.05349004 0.8411434
vt 0.04564017 0.8418251
vt 0.04930174 0.8411015
vt 0.04734551 0.8393437
vt 0.04734551 0.8393437
vt 0.04910206 0.8389431
vt 0.0477541 0.8358688
vt 0.03802514 0.8356546
vt 0.03834462 0.8389723
vt 0.03994196 0.835931
vt 0.03834462 0.8389723
vt 0.03870296 0.8412083
vt 0.04055809 0.8393476
vt 0.03870296 0.8412083
vt 0.03834462 0.8389723
vt 0.03571677 0.8393816
vt 0.03834462 0.8389723
vt 0.03802514 0.8356546
vt 0.03672629 0.8376875
vt 0.05146998 0.8361916
vt 0.0494138 0.836058
vt 0.05105233 0.8383065
vt 0.04260838 0.8393538
vt 0.04215323 0.8357568
vt 0.04055809 0.8393476
vt 0.03672629 0.8376875
vt 0.03654372 0.8356134
vt 0.0349828 0.837223
vt 0.05843573 0.8460246
vt 0.05477952 0.8446943
vt 0.05593901 0.8474813
vt 0.05477952 0.8446943
vt 0.05162358 0.8439873
vt 0.05374693 0.84677
vt 0.04492223 0.8457845
vt 0.04459893 0.8446598
vt 0.04279667 0.8458227
vt 0.04933214 0.8438758
vt 0.04711824 0.8443812
vt 0.04847234 0.8453363
vt 0.04711824 0.8443812
vt 0.04459893 0.8446598
vt 0.04676109 0.8458366
vt 0.04279667 0.8458227
vt 0.04177725 0.8447282
vt 0.04160296 0.8458699
vt 0.04160296 0.8458699
vt 0.04022723 0.8444212
vt 0.03999602 0.8455814
vt 0.04460519 0.8463311
vt 0.04492223 0.8457845
vt 0.04329705 0.8463441
vt 0.04676109 0.8458366
vt 0.04492223 0.8457845
vt 0.04580032 0.8462353
vt 0.04329705 0.8463441
vt 0.04279667 0.8458227
vt 0.04236102 0.8462018
vt 0.05047225 0.8458133
vt 0.04847234 0.8453363
vt 0.04766958 0.8475053
vt 0.04191148 0.8478923
vt 0.04160296 0.8458699
vt 0.04008042 0.8477006
vt 0.04523026 0.8481319
vt 0.04460519 0.8463311
vt 0.04377549 0.8481795
vt 0.04659193 0.847973
vt 0.04580032 0.8462353
vt 0.04523026 0.8481319
vt 0.04766958 0.8475053
vt 0.04676109 0.8458366
vt 0.04659193 0.847973
vt 0.04271364 0.848121
vt 0.04236102 0.8462018
vt 0.04191148 0.8478923
vt 0.04377549 0.8481795
vt 0.04329705 0.8463441
vt 0.04271364 0.848121
vt 0.04659193 0.847973
vt 0.04523026 0.8481319
vt 0.04518002 0.84997
vt 0.04766958 0.8475053
vt 0.04659193 0.847973
vt 0.04678547 0.8497754
vt 0.04377549 0.8481795
vt 0.04271364 0.848121
vt 0.04442936 0.8499861
vt 0.05162358 0.8439873
vt 0.04933214 0.8438758
vt 0.05047225 0.8458133
vt 0.05593901 0.8474813
vt 0.05374693 0.84677
vt 0.05329346 0.8494838
vt 0.04889523 0.8484042
vt 0.05141532 0.8476495
vt 0.04879474 0.8478738
vt 0.05329346 0.8494838
vt 0.05141532 0.8476495
vt 0.05104589 0.8508123
vt 0.04755258 0.853188
vt 0.05104589 0.8508123
vt 0.04706323 0.8505936
vt 0.04706323 0.8505936
vt 0.04889523 0.8484042
vt 0.04678547 0.8497754
vt 0.04755258 0.853188
vt 0.04706323 0.8505936
vt 0.04524528 0.8534362
vt 0.04524528 0.8534362
vt 0.0444889 0.8508895
vt 0.04185944 0.8533789
vt 0.04185944 0.8533789
vt 0.04151731 0.8505437
vt 0.03778785 0.8525277
vt 0.0381577 0.8169925
vt 0.03770667 0.8175274
vt 0.03906059 0.818021
vt 0.03720408 0.8182382
vt 0.03574109 0.8210949
vt 0.03769797 0.8190536
vt 0.03461909 0.8229954
vt 0.03491079 0.8231069
vt 0.03574109 0.8210949
vt 0.04129594 0.8061862
vt 0.04066485 0.8071054
vt 0.04201042 0.8072619
vt 0.04129594 0.8061862
vt 0.04004067 0.8055551
vt 0.04066485 0.8071054
vt 0.04004067 0.8055551
vt 0.03942745 0.8053645
vt 0.03947293 0.8063822
vt 0.03942745 0.8053645
vt 0.03864282 0.8048682
vt 0.03903567 0.8061138
vt 0.04619526 0.8308662
vt 0.04514312 0.8285141
vt 0.04400724 0.8311828
vt 0.04363393 0.8288728
vt 0.04224753 0.8290859
vt 0.04400724 0.8311828
vt 0.0469864 0.8331159
vt 0.04619526 0.8308662
vt 0.04448461 0.8333371
vt 0.04448461 0.8333371
vt 0.04400724 0.8311828
vt 0.04206758 0.8334696
vt 0.0477541 0.8358688
vt 0.0469864 0.8331159
vt 0.0446999 0.8359275
vt 0.0446999 0.8359275
vt 0.04448461 0.8333371
vt 0.04215323 0.8357568
vt 0.04215323 0.8357568
vt 0.04260838 0.8393538
vt 0.0446999 0.8359275
vt 0.0446999 0.8359275
vt 0.04506468 0.8393443
vt 0.0477541 0.8358688
vt 0.04260838 0.8393538
vt 0.04209017 0.8413688
vt 0.04506468 0.8393443
vt 0.03311866 0.8381293
vt 0.0349828 0.837223
vt 0.03353035 0.8359289
vt 0.03387171 0.8405586
vt 0.03571677 0.8393816
vt 0.03311866 0.8381293
vt 0.02944844 0.8402105
vt 0.03311866 0.8381293
vt 0.02899903 0.8378684
vt 0.03091043 0.8428367
vt 0.03387171 0.8405586
vt 0.02944844 0.8402105
vt 0.0260173 0.842431
vt 0.02944844 0.8402105
vt 0.0247938 0.8397996
vt 0.02813279 0.8455759
vt 0.03091043 0.8428367
vt 0.0260173 0.842431
vt 0.03778785 0.8525277
vt 0.03800034 0.8496742
vt 0.03377693 0.850563
vt 0.03800529 0.84435
vt 0.03617852 0.8461847
vt 0.03999602 0.8455814
vt 0.06113517 0.8427607
vt 0.05661553 0.8414668
vt 0.06033778 0.8445631
vt 0.06033778 0.8445631
vt 0.05553275 0.8429456
vt 0.05843573 0.8460246
vt 0.05148011 0.8408211
vt 0.04930174 0.8411015
vt 0.05051678 0.8423456
vt 0.05051678 0.8423456
vt 0.04825299 0.8426326
vt 0.04933214 0.8438758
vt 0.04930174 0.8411015
vt 0.04564017 0.8418251
vt 0.04825299 0.8426326
vt 0.04825299 0.8426326
vt 0.04515826 0.8431351
vt 0.04711824 0.8443812
vt 0.05661553 0.8414668
vt 0.05349004 0.8411434
vt 0.05553275 0.8429456
vt 0.05553275 0.8429456
vt 0.0526244 0.8425324
vt 0.05477952 0.8446943
vt 0.05349004 0.8411434
vt 0.05148011 0.8408211
vt 0.0526244 0.8425324
vt 0.0526244 0.8425324
vt 0.05051678 0.8423456
vt 0.05162358 0.8439873
vt 0.03870296 0.8412083
vt 0.03942167 0.8426834
vt 0.04209017 0.8413688
vt 0.03942167 0.8426834
vt 0.04022723 0.8444212
vt 0.04199391 0.8429174
vt 0.03571677 0.8393816
vt 0.03667122 0.8417011
vt 0.03870296 0.8412083
vt 0.03667122 0.8417011
vt 0.03800529 0.84435
vt 0.03942167 0.8426834
vt 0.04177725 0.8447282
vt 0.04459893 0.8446598
vt 0.04199391 0.8429174
vt 0.04199391 0.8429174
vt 0.04515826 0.8431351
vt 0.04209017 0.8413688
vt 0.03617852 0.8461847
vt 0.03800529 0.84435
vt 0.03472691 0.8431825
vt 0.03472691 0.8431825
vt 0.03667122 0.8417011
vt 0.03387171 0.8405586
vt 0.0349943 0.8479099
vt 0.03617852 0.8461847
vt 0.03267008 0.8454016
vt 0.03267008 0.8454016
vt 0.03472691 0.8431825
vt 0.03091043 0.8428367
vt 0.03377693 0.850563
vt 0.0349943 0.8479099
vt 0.03062069 0.8481876
vt 0.03062069 0.8481876
vt 0.03267008 0.8454016
vt 0.02813279 0.8455759
vt 0.04008042 0.8477006
vt 0.03617852 0.8461847
vt 0.03800034 0.8496742
vt 0.02423822 0.8381843
vt 0.02434271 0.8385039
vt 0.02682906 0.8365675
vt 0.02682906 0.8365675
vt 0.0272563 0.8368561
vt 0.02891469 0.8343065
vt 0.02891469 0.8343065
vt 0.02991384 0.8348278
vt 0.02954775 0.8335355
vt 0.02954775 0.8335355
vt 0.03051823 0.833933
vt 0.03021728 0.8317718
vt 0.03021728 0.8317718
vt 0.03126865 0.8320359
vt 0.03135275 0.8301133
vt 0.03234249 0.8277753
vt 0.03135275 0.8301133
vt 0.03280568 0.8281606
vt 0.03355723 0.8253022
vt 0.03234249 0.8277753
vt 0.03385299 0.825693
vt 0.03461909 0.8229954
vt 0.03355723 0.8253022
vt 0.03491079 0.8231069
vt 0.04148793 0.8177261
vt 0.04211294 0.8176075
vt 0.04185605 0.8165535
vt 0.04211294 0.8176075
vt 0.04296672 0.8174115
vt 0.04217541 0.8164442
vt 0.04440081 0.8105099
vt 0.04413849 0.8105574
vt 0.04444259 0.8111173
vt 0.04440081 0.8105099
vt 0.04423022 0.8098472
vt 0.04413849 0.8105574
vt 0.04423022 0.8098472
vt 0.04399472 0.8092887
vt 0.04399389 0.8098972
vt 0.04322439 0.8085207
vt 0.04332393 0.8083501
vt 0.04277312 0.8081829
vt 0.043455 0.8088255
vt 0.04362481 0.808685
vt 0.04322439 0.8085207
vt 0.043455 0.8088255
vt 0.04368728 0.8091658
vt 0.04362481 0.808685
vt 0.04380011 0.8093911
vt 0.04399472 0.8092887
vt 0.04368728 0.8091658
vt 0.04441964 0.8118243
vt 0.04444259 0.8111173
vt 0.044169 0.8117868
vt 0.04429191 0.8126302
vt 0.04441964 0.8118243
vt 0.04403322 0.8125642
vt 0.04429191 0.8126302
vt 0.04403322 0.8125642
vt 0.04400372 0.8134265
vt 0.04310876 0.8147661
vt 0.04351711 0.8142143
vt 0.04300159 0.8146104
vt 0.04378408 0.8138305
vt 0.04350334 0.8137146
vt 0.04351711 0.8142143
vt 0.04400372 0.8134265
vt 0.04373371 0.813327
vt 0.04378408 0.8138305
vt 0.04267722 0.8151766
vt 0.04310876 0.8147661
vt 0.04259663 0.8149382
vt 0.04531323 0.8102648
vt 0.044752 0.8104236
vt 0.04539608 0.8110674
vt 0.044752 0.8104236
vt 0.04440081 0.8105099
vt 0.04480755 0.8110949
vt 0.04531323 0.8102648
vt 0.0449289 0.8094873
vt 0.044752 0.8104236
vt 0.0444951 0.8097144
vt 0.04423022 0.8098472
vt 0.044752 0.8104236
vt 0.04449516 0.8087684
vt 0.04420971 0.8090967
vt 0.0449289 0.8094873
vt 0.04420971 0.8090967
vt 0.04399472 0.8092887
vt 0.0444951 0.8097144
vt 0.04332393 0.8083501
vt 0.0433678 0.8080676
vt 0.0427373 0.8079616
vt 0.0433678 0.8080676
vt 0.04332244 0.8076199
vt 0.04268014 0.807661
vt 0.04362481 0.808685
vt 0.04376745 0.8084412
vt 0.04332393 0.8083501
vt 0.04376745 0.8084412
vt 0.04391807 0.8080418
vt 0.0433678 0.8080676
vt 0.04388481 0.8090616
vt 0.04406839 0.8088451
vt 0.04362481 0.808685
vt 0.04406839 0.8088451
vt 0.044308 0.808477
vt 0.04376745 0.8084412
vt 0.04399472 0.8092887
vt 0.04420971 0.8090967
vt 0.04388481 0.8090616
vt 0.04420971 0.8090967
vt 0.04449516 0.8087684
vt 0.04406839 0.8088451
vt 0.04531431 0.8119939
vt 0.04539608 0.8110674
vt 0.04478174 0.8118848
vt 0.04478174 0.8118848
vt 0.04480755 0.8110949
vt 0.04441964 0.8118243
vt 0.04514855 0.813037
vt 0.04531431 0.8119939
vt 0.04462665 0.812791
vt 0.04462665 0.812791
vt 0.04478174 0.8118848
vt 0.04429191 0.8126302
vt 0.04475551 0.8140014
vt 0.04514855 0.813037
vt 0.0443018 0.8136556
vt 0.0443018 0.8136556
vt 0.04462665 0.812791
vt 0.04400372 0.8134265
vt 0.04373854 0.8152833
vt 0.04413259 0.8147986
vt 0.04342824 0.8149424
vt 0.04378128 0.814428
vt 0.04351711 0.8142143
vt 0.04342824 0.8149424
vt 0.04413259 0.8147986
vt 0.04444962 0.8144397
vt 0.04378128 0.814428
vt 0.04378128 0.814428
vt 0.04405498 0.8140631
vt 0.04351711 0.8142143
vt 0.04444962 0.8144397
vt 0.04475551 0.8140014
vt 0.04405498 0.8140631
vt 0.04405498 0.8140631
vt 0.0443018 0.8136556
vt 0.04378408 0.8138305
vt 0.04299628 0.8158913
vt 0.04373854 0.8152833
vt 0.04282146 0.8154752
vt 0.04342824 0.8149424
vt 0.04310876 0.8147661
vt 0.04282146 0.8154752
vt 0.04048681 0.8128061
vt 0.04076892 0.8138654
vt 0.04098409 0.8127329
vt 0.04098409 0.8127329
vt 0.04137104 0.8138635
vt 0.04141122 0.8126992
vt 0.04084533 0.8144886
vt 0.04137426 0.8143482
vt 0.04076892 0.8138654
vt 0.04137426 0.8143482
vt 0.04154211 0.8143303
vt 0.04137104 0.8138635
vt 0.04282146 0.8154752
vt 0.04231041 0.8161932
vt 0.04299628 0.8158913
vt 0.02434271 0.8385039
vt 0.02452987 0.8390607
vt 0.0272563 0.8368561
vt 0.02887368 0.8373281
vt 0.02452987 0.8390607
vt 0.02899903 0.8378684
vt 0.0272563 0.8368561
vt 0.02887368 0.8373281
vt 0.02991384 0.8348278
vt 0.02887368 0.8373281
vt 0.02899903 0.8378684
vt 0.03305953 0.8352521
vt 0.02991384 0.8348278
vt 0.03305953 0.8352521
vt 0.03051823 0.833933
vt 0.03305953 0.8352521
vt 0.03353035 0.8359289
vt 0.03346395 0.8344942
vt 0.03051823 0.833933
vt 0.03346395 0.8344942
vt 0.03126865 0.8320359
vt 0.03351253 0.8324094
vt 0.03346395 0.8344942
vt 0.03494417 0.8327191
vt 0.03204029 0.8303698
vt 0.03126865 0.8320359
vt 0.03334987 0.8310478
vt 0.03334987 0.8310478
vt 0.03351253 0.8324094
vt 0.03454512 0.8312728
vt 0.03280568 0.8281606
vt 0.03204029 0.8303698
vt 0.03353303 0.8287897
vt 0.03353303 0.8287897
vt 0.03334987 0.8310478
vt 0.03445327 0.8295933
vt 0.03385299 0.825693
vt 0.03280568 0.8281606
vt 0.03431749 0.8263327
vt 0.03431749 0.8263327
vt 0.03353303 0.8287897
vt 0.03489476 0.8271567
vt 0.03491079 0.8231069
vt 0.03385299 0.825693
vt 0.03551983 0.8235364
vt 0.03551983 0.8235364
vt 0.03431749 0.8263327
vt 0.0364167 0.8240066
vt 0.0364167 0.8240066
vt 0.03736513 0.8221391
vt 0.03551983 0.8235364
vt 0.03551983 0.8235364
vt 0.03652769 0.821616
vt 0.03491079 0.8231069
vt 0.03736513 0.8221391
vt 0.03829509 0.820676
vt 0.03652769 0.821616
vt 0.03652769 0.821616
vt 0.03777092 0.8197846
vt 0.03590863 0.8212045
vt 0.04079556 0.8179133
vt 0.04132992 0.8167775
vt 0.04054117 0.8174425
vt 0.04054117 0.8174425
vt 0.04116785 0.8165529
vt 0.04042565 0.8170987
vt 0.03984647 0.8187965
vt 0.04079556 0.8179133
vt 0.03935623 0.8183629
vt 0.03935623 0.8183629
vt 0.04054117 0.8174425
vt 0.03906059 0.818021
vt 0.03829509 0.820676
vt 0.03984647 0.8187965
vt 0.03777092 0.8197846
vt 0.03777092 0.8197846
vt 0.03935623 0.8183629
vt 0.03769797 0.8190536
vt 0.04185605 0.8165535
vt 0.04217541 0.8164442
vt 0.04192268 0.8161058
vt 0.04132992 0.8167775
vt 0.04185605 0.8165535
vt 0.04116785 0.8165529
vt 0.04250425 0.81475
vt 0.04226088 0.814867
vt 0.04259663 0.8149382
vt 0.04226088 0.814867
vt 0.04201561 0.814942
vt 0.0422753 0.815079
vt 0.04259663 0.8149382
vt 0.0422753 0.815079
vt 0.04267722 0.8151766
vt 0.0422753 0.815079
vt 0.04196584 0.8151894
vt 0.04230827 0.815324
vt 0.04152953 0.8158511
vt 0.04217016 0.8157704
vt 0.04192608 0.8154484
vt 0.04217016 0.8157704
vt 0.04282146 0.8154752
vt 0.04230827 0.815324
vt 0.04282146 0.8154752
vt 0.04217016 0.8157704
vt 0.04231041 0.8161932
vt 0.04192268 0.8161058
vt 0.04152953 0.8158511
vt 0.04116785 0.8165529
vt 0.03699409 0.8153334
vt 0.0375365 0.8149625
vt 0.03642797 0.8139163
vt 0.0375365 0.8149625
vt 0.03773319 0.8148179
vt 0.0370115 0.8136625
vt 0.03787881 0.8165647
vt 0.03798693 0.8161457
vt 0.03699409 0.8153334
vt 0.03798693 0.8161457
vt 0.03803622 0.8159971
vt 0.0375365 0.8149625
vt 0.04084533 0.8144886
vt 0.04027462 0.8146515
vt 0.04092794 0.8150965
vt 0.04092794 0.8150965
vt 0.0402112 0.8156917
vt 0.04114818 0.8153128
vt 0.04185557 0.8142956
vt 0.04154211 0.8143303
vt 0.04184025 0.8144326
vt 0.04184025 0.8144326
vt 0.04155254 0.8144889
vt 0.04172706 0.8147379
vt 0.04198372 0.8143005
vt 0.04185557 0.8142956
vt 0.0419631 0.8144128
vt 0.0419631 0.8144128
vt 0.04184025 0.8144326
vt 0.04191964 0.8147082
vt 0.03787881 0.8165647
vt 0.03891587 0.8163621
vt 0.03798693 0.8161457
vt 0.03798693 0.8161457
vt 0.03880453 0.8158305
vt 0.03803622 0.8159971
vt 0.04154211 0.8143303
vt 0.04137426 0.8143482
vt 0.04155254 0.8144889
vt 0.04155254 0.8144889
vt 0.04116612 0.8149247
vt 0.04157167 0.8148484
vt 0.04137426 0.8143482
vt 0.04084533 0.8144886
vt 0.04116612 0.8149247
vt 0.04092794 0.8150965
vt 0.04114818 0.8153128
vt 0.04116612 0.8149247
vt 0.04114818 0.8153128
vt 0.04011356 0.8161103
vt 0.04096746 0.8157488
vt 0.04096746 0.8157488
vt 0.0399748 0.8164259
vt 0.04115509 0.8163384
vt 0.04172706 0.8147379
vt 0.0418657 0.8149187
vt 0.04191964 0.8147082
vt 0.04195123 0.8147867
vt 0.0418657 0.8149187
vt 0.04201561 0.814942
vt 0.04172706 0.8147379
vt 0.04157167 0.8148484
vt 0.0418657 0.8149187
vt 0.0418657 0.8149187
vt 0.04175847 0.8151263
vt 0.04196584 0.8151894
vt 0.04115509 0.8163384
vt 0.04152953 0.8158511
vt 0.04096746 0.8157488
vt 0.04096746 0.8157488
vt 0.04134166 0.8154123
vt 0.04114818 0.8153128
vt 0.04152953 0.8158511
vt 0.04192608 0.8154484
vt 0.04134166 0.8154123
vt 0.04134166 0.8154123
vt 0.04175847 0.8151263
vt 0.04138123 0.8151189
vt 0.03848958 0.8145357
vt 0.0389353 0.814368
vt 0.03819739 0.8133125
vt 0.0389353 0.814368
vt 0.04010361 0.8139761
vt 0.03870493 0.8132095
vt 0.03877794 0.8156138
vt 0.03921574 0.8152898
vt 0.03848958 0.8145357
vt 0.03921574 0.8152898
vt 0.04027462 0.8146515
vt 0.0389353 0.814368
vt 0.03877794 0.8156138
vt 0.03880453 0.8158305
vt 0.03921574 0.8152898
vt 0.03938025 0.8160393
vt 0.0402112 0.8156917
vt 0.03921574 0.8152898
vt 0.03880453 0.8158305
vt 0.03891587 0.8163621
vt 0.03938025 0.8160393
vt 0.03964352 0.8161811
vt 0.04011356 0.8161103
vt 0.03938025 0.8160393
vt 0.03890955 0.8168847
vt 0.03951632 0.8166194
vt 0.03891587 0.8163621
vt 0.03951632 0.8166194
vt 0.0399748 0.8164259
vt 0.03964352 0.8161811
vt 0.04277312 0.8081829
vt 0.0427373 0.8079616
vt 0.04247874 0.8082201
vt 0.04247874 0.8082201
vt 0.04236763 0.8079952
vt 0.04218369 0.8083121
vt 0.04260343 0.8082982
vt 0.04247874 0.8082201
vt 0.04228734 0.8083731
vt 0.04236763 0.8079952
vt 0.04201042 0.8072619
vt 0.04198688 0.8081131
vt 0.04201042 0.8072619
vt 0.04236763 0.8079952
vt 0.04268014 0.807661
vt 0.09315967 0.7760912
vt 0.09214043 0.7752932
vt 0.09032529 0.7767138
vt 0.09506756 0.7757165
vt 0.0942583 0.7748772
vt 0.09315967 0.7760912
vt 0.09800899 0.7752507
vt 0.09752327 0.7743609
vt 0.09506756 0.7757165
vt 0.1002206 0.7747412
vt 0.0999732 0.7737947
vt 0.09800899 0.7752507
vt 0.1025379 0.7728358
vt 0.0999732 0.7737947
vt 0.1025354 0.7738755
vt 0.09069514 0.7906172
vt 0.09280645 0.7913228
vt 0.09068244 0.7900541
vt 0.09280645 0.7913228
vt 0.09510987 0.7921107
vt 0.0937587 0.7905173
vt 0.09510987 0.7921107
vt 0.09759044 0.7928969
vt 0.09583306 0.7912269
vt 0.09759044 0.7928969
vt 0.1004185 0.7934854
vt 0.09806603 0.7919347
vt 0.1004185 0.7934854
vt 0.1017791 0.7934948
vt 0.1006116 0.7924656
vt 0.1017791 0.7934948
vt 0.1035947 0.7934339
vt 0.1018363 0.792475
vt 0.1058979 0.7926556
vt 0.1070486 0.7915916
vt 0.1055489 0.7917205
vt 0.1081242 0.7901226
vt 0.1087387 0.7888142
vt 0.1075615 0.7894351
vt 0.1087387 0.7888142
vt 0.1097569 0.7866235
vt 0.1081184 0.7882494
vt 0.1097569 0.7866235
vt 0.1099801 0.785331
vt 0.1090422 0.7862762
vt 0.1070486 0.7915916
vt 0.1081242 0.7901226
vt 0.1065877 0.7907607
vt 0.1099801 0.785331
vt 0.1102081 0.7834594
vt 0.1092382 0.7851175
vt 0.1094427 0.783435
vt 0.1102081 0.7834594
vt 0.1093799 0.7813649
vt 0.1045092 0.7752489
vt 0.1047293 0.7743625
vt 0.1034282 0.774229
vt 0.1058205 0.7766155
vt 0.1061856 0.7758815
vt 0.1045092 0.7752489
vt 0.1101387 0.781159
vt 0.1088871 0.7790221
vt 0.1093799 0.7813649
vt 0.1035947 0.7934339
vt 0.1046336 0.7930779
vt 0.1034715 0.7924208
vt 0.1046336 0.7930779
vt 0.1058979 0.7926556
vt 0.1044079 0.7921001
vt 0.1082531 0.7794416
vt 0.1088871 0.7790221
vt 0.1069954 0.7779528
vt 0.1069954 0.7779528
vt 0.1074903 0.7773678
vt 0.1058205 0.7766155
vt 0.102714 0.7739464
vt 0.1027362 0.7729145
vt 0.1025354 0.7738755
vt 0.1034282 0.774229
vt 0.1035292 0.7732289
vt 0.1030175 0.7740667
vt 0.1030175 0.7740667
vt 0.1030733 0.7730482
vt 0.102714 0.7739464
vt 0.08169382 0.7909028
vt 0.08355194 0.7906616
vt 0.08168303 0.7903353
vt 0.08355194 0.7906616
vt 0.08576101 0.7904043
vt 0.08353811 0.7901127
vt 0.08614891 0.775839
vt 0.08123719 0.776151
vt 0.08617693 0.7767647
vt 0.09032529 0.7767138
vt 0.0902974 0.7757953
vt 0.08617693 0.7767647
vt 0.08574688 0.7898758
vt 0.08576101 0.7904043
vt 0.08832019 0.7899777
vt 0.08832019 0.7899777
vt 0.0883345 0.7905248
vt 0.09068244 0.7900541
vt 0.02507245 0.7856229
vt 0.02491837 0.7888567
vt 0.02797275 0.788012
vt 0.04240494 0.7691988
vt 0.03820437 0.7700363
vt 0.04185354 0.7703691
vt 0.03541249 0.7732169
vt 0.03761911 0.7717291
vt 0.03711742 0.7703749
vt 0.07846814 0.7908629
vt 0.07939338 0.7916407
vt 0.08168303 0.7903353
vt 0.07206165 0.7930649
vt 0.07227343 0.7940888
vt 0.074566 0.7923443
vt 0.06933778 0.7943528
vt 0.07227343 0.7940888
vt 0.06941974 0.7933026
vt 0.06658595 0.7938177
vt 0.06933778 0.7943528
vt 0.06694316 0.7928213
vt 0.06754636 0.7745523
vt 0.06462484 0.7782975
vt 0.06788086 0.7754704
vt 0.06462484 0.7782975
vt 0.06292349 0.7808319
vt 0.06516617 0.7788369
vt 0.06889176 0.7731394
vt 0.06754636 0.7745523
vt 0.06903868 0.7740869
vt 0.06931251 0.7728719
vt 0.06889176 0.7731394
vt 0.06938248 0.7738677
vt 0.06970596 0.7728358
vt 0.06931251 0.7728719
vt 0.06971341 0.7738348
vt 0.074566 0.7923443
vt 0.07505607 0.7932881
vt 0.07649987 0.7915912
vt 0.07649987 0.7915912
vt 0.07720518 0.792451
vt 0.07846814 0.7908629
vt 0.07085877 0.7747633
vt 0.07103592 0.7737619
vt 0.06971341 0.7738348
vt 0.07361179 0.7757509
vt 0.07399624 0.7748827
vt 0.07085877 0.7747633
vt 0.07743185 0.775495
vt 0.07399624 0.7748827
vt 0.07670831 0.7763222
vt 0.07962054 0.7758205
vt 0.07743185 0.775495
vt 0.07867395 0.7766232
vt 0.08123719 0.776151
vt 0.07962054 0.7758205
vt 0.08126938 0.7770595
vt 0.0648421 0.790573
vt 0.06425178 0.7913192
vt 0.06555837 0.7916581
vt 0.06555837 0.7916581
vt 0.0650472 0.792525
vt 0.06603103 0.7921836
vt 0.06603103 0.7921836
vt 0.06557232 0.793109
vt 0.06694316 0.7928213
vt 0.06292349 0.7808319
vt 0.06292647 0.782238
vt 0.06364166 0.7811296
vt 0.06364738 0.7823993
vt 0.06292647 0.782238
vt 0.06351363 0.7829747
vt 0.06351363 0.7829747
vt 0.06277734 0.7828767
vt 0.06314212 0.7853276
vt 0.06314212 0.7853276
vt 0.06236404 0.7854915
vt 0.06379699 0.7884179
vt 0.06379699 0.7884179
vt 0.06309103 0.788925
vt 0.0648421 0.790573
vt 0.1240495 0.820197
vt 0.1242572 0.821324
vt 0.1244689 0.8203578
vt 0.1252949 0.8191945
vt 0.124893 0.8189871
vt 0.1244689 0.8203578
vt 0.1313571 0.8259507
vt 0.1311545 0.8264978
vt 0.131873 0.8261964
vt 0.132117 0.8265598
vt 0.1330296 0.8257124
vt 0.131873 0.8261964
vt 0.1267417 0.8183606
vt 0.1264007 0.8181004
vt 0.1252949 0.8191945
vt 0.1270896 0.8163386
vt 0.1264007 0.8181004
vt 0.12748 0.8166575
vt 0.1282275 0.815831
vt 0.1278266 0.8155942
vt 0.12748 0.8166575
vt 0.1299632 0.8143039
vt 0.1295757 0.8140761
vt 0.1282275 0.815831
vt 0.1313533 0.8126727
vt 0.1309864 0.8123894
vt 0.1299632 0.8143039
vt 0.1321202 0.8105383
vt 0.1309864 0.8123894
vt 0.1325385 0.8108916
vt 0.132592 0.8094988
vt 0.1321202 0.8105383
vt 0.133013 0.8098437
vt 0.1335701 0.8094957
vt 0.133194 0.8091446
vt 0.133013 0.8098437
vt 0.134732 0.8097071
vt 0.1349154 0.8091446
vt 0.1335701 0.8094957
vt 0.1332712 0.8234847
vt 0.1335452 0.823775
vt 0.1344516 0.8226483
vt 0.1369515 0.8198247
vt 0.1378976 0.8186651
vt 0.1366723 0.8195021
vt 0.1393923 0.8165676
vt 0.1397607 0.8168793
vt 0.1400192 0.8161209
vt 0.1403668 0.8164233
vt 0.1405895 0.8159117
vt 0.1400192 0.8161209
vt 0.1405895 0.8159117
vt 0.1404144 0.8144509
vt 0.1402479 0.815638
vt 0.1375757 0.8183734
vt 0.1378976 0.8186651
vt 0.1388615 0.8178232
vt 0.1392244 0.8181056
vt 0.1397607 0.8168793
vt 0.1388615 0.8178232
vt 0.1330296 0.8257124
vt 0.1333958 0.8243163
vt 0.1327421 0.8253638
vt 0.1333958 0.8243163
vt 0.1335452 0.823775
vt 0.1331009 0.823952
vt 0.1344516 0.8226483
vt 0.134782 0.8229136
vt 0.1352332 0.8219145
vt 0.1355517 0.8222455
vt 0.1369515 0.8198247
vt 0.1352332 0.8219145
vt 0.1247574 0.8209731
vt 0.1242572 0.821324
vt 0.1281084 0.8239297
vt 0.1277543 0.8244072
vt 0.1311545 0.8264978
vt 0.1281084 0.8239297
vt 0.1399241 0.8146786
vt 0.1404144 0.8144509
vt 0.1373054 0.8117869
vt 0.137674 0.8114026
vt 0.1349154 0.8091446
vt 0.1373054 0.8117869
vt 0.0444889 0.8508895
vt 0.04442936 0.8499861
vt 0.04151731 0.8505437
vt 0.04166662 0.8498585
vt 0.04008042 0.8477006
vt 0.04151731 0.8505437
vt 0.0444889 0.8508895
vt 0.04706323 0.8505936
vt 0.04518002 0.84997
vt 0.0700314 0.3006068
vt 0.07057172 0.3000634
vt 0.0700314 0.2977847
vt 0.05301386 0.3045933
vt 0.05768424 0.3046173
vt 0.05306679 0.3038288
vt 0.05789387 0.3031434
vt 0.05534529 0.3013367
vt 0.05306679 0.3038288
vt 0.05789387 0.3031434
vt 0.05789387 0.3016547
vt 0.05534529 0.3013367
vt 0.05616819 0.3003464
vt 0.05584925 0.3009185
vt 0.05768448 0.3001809
vt 0.05407005 0.3015143
vt 0.05294865 0.3030716
vt 0.05472427 0.3015447
vt 0.8599169 0.1993218
vt 0.8564853 0.2135177
vt 0.869475 0.2042463
vt 0.8564853 0.2135177
vt 0.8545984 0.2261402
vt 0.8672863 0.2159172
vt 0.8545984 0.2261402
vt 0.8549136 0.2383402
vt 0.8667046 0.2268364
vt 0.8118496 0.1959913
vt 0.7984133 0.2031612
vt 0.8048077 0.2110822
vt 0.8048077 0.2110822
vt 0.7947394 0.2143229
vt 0.798812 0.224239
vt 0.798812 0.224239
vt 0.7910479 0.2242895
vt 0.7901296 0.2365063
vt 0.7984133 0.2031612
vt 0.7854571 0.2073214
vt 0.7947394 0.2143229
vt 0.7947394 0.2143229
vt 0.7839643 0.2158637
vt 0.7910479 0.2242895
vt 0.7910479 0.2242895
vt 0.781923 0.2236476
vt 0.7867818 0.2343417
vt 0.7854571 0.2073214
vt 0.7788127 0.2096307
vt 0.7839643 0.2158637
vt 0.7839643 0.2158637
vt 0.7775925 0.2163753
vt 0.781923 0.2236476
vt 0.781923 0.2236476
vt 0.7757846 0.2225744
vt 0.7790567 0.2311281
vt 0.7788127 0.2096307
vt 0.774998 0.2117937
vt 0.7775925 0.2163753
vt 0.7775925 0.2163753
vt 0.7735595 0.2165546
vt 0.7757846 0.2225744
vt 0.772095 0.2208736
vt 0.7706122 0.2248966
vt 0.7757846 0.2225744
vt 0.772095 0.2208736
vt 0.7735595 0.2165546
vt 0.7702428 0.2196613
vt 0.8822071 0.2060538
vt 0.869475 0.2042463
vt 0.881532 0.2169724
vt 0.8672863 0.2159172
vt 0.8667046 0.2268364
vt 0.881532 0.2169724
vt 0.8667046 0.2268364
vt 0.8671114 0.2375812
vt 0.8826756 0.227556
vt 0.8822071 0.2060538
vt 0.881532 0.2169724
vt 0.8928063 0.2074814
vt 0.881532 0.2169724
vt 0.8826756 0.227556
vt 0.892095 0.2173847
vt 0.8826756 0.227556
vt 0.8845853 0.2376665
vt 0.8923091 0.2271385
vt 0.8928063 0.2074814
vt 0.892095 0.2173847
vt 0.9025413 0.2111877
vt 0.9028608 0.2185585
vt 0.892095 0.2173847
vt 0.9028109 0.2257243
vt 0.9028109 0.2257243
vt 0.8923091 0.2271385
vt 0.9031046 0.2327522
vt 0.9028109 0.2257243
vt 0.9081729 0.2262025
vt 0.9028608 0.2185585
vt 0.8724351 0.1497432
vt 0.8591621 0.1489143
vt 0.8655358 0.1546802
vt 0.8591621 0.1489143
vt 0.8460803 0.1470037
vt 0.8551929 0.1541605
vt 0.8450421 0.1527558
vt 0.8460803 0.1470037
vt 0.8344957 0.1506193
vt 0.8655358 0.1546802
vt 0.8551929 0.1541605
vt 0.8592466 0.161815
vt 0.8551929 0.1541605
vt 0.8450421 0.1527558
vt 0.8509371 0.1614696
vt 0.8428072 0.1607279
vt 0.8450421 0.1527558
vt 0.8347339 0.1596302
vt 0.8592466 0.161815
vt 0.8509371 0.1614696
vt 0.8556239 0.1690462
vt 0.8509371 0.1614696
vt 0.8428072 0.1607279
vt 0.8478486 0.169049
vt 0.8428072 0.1607279
vt 0.8347339 0.1596302
vt 0.8404249 0.1685707
vt 0.8556239 0.1690462
vt 0.8478486 0.169049
vt 0.8539003 0.1749061
vt 0.8478486 0.169049
vt 0.8404249 0.1685707
vt 0.8455621 0.1751176
vt 0.8404249 0.1685707
vt 0.8332887 0.1678338
vt 0.8376669 0.1749216
vt 0.8539003 0.1749061
vt 0.8455621 0.1751176
vt 0.8529768 0.1809565
vt 0.8455621 0.1751176
vt 0.8376669 0.1749216
vt 0.8435993 0.1811913
vt 0.8376669 0.1749216
vt 0.830878 0.1742491
vt 0.8348013 0.1809977
vt 0.8529768 0.1809565
vt 0.8435993 0.1811913
vt 0.8532721 0.186628
vt 0.8435993 0.1811913
vt 0.8348013 0.1809977
vt 0.8422465 0.1869104
vt 0.8348013 0.1809977
vt 0.8272261 0.1803795
vt 0.8320541 0.1866074
vt 0.8548501 0.1923345
vt 0.8532721 0.186628
vt 0.8413163 0.1924457
vt 0.8422465 0.1869104
vt 0.8320541 0.1866074
vt 0.8413163 0.1924457
vt 0.8320541 0.1866074
vt 0.8231363 0.1858225
vt 0.8289442 0.1920722
vt 0.8599169 0.1993218
vt 0.8548501 0.1923345
vt 0.8423629 0.198642
vt 0.8413163 0.1924457
vt 0.8289442 0.1920722
vt 0.8423629 0.198642
vt 0.8289442 0.1920722
vt 0.8180011 0.1910307
vt 0.8264819 0.1977068
vt 0.7901296 0.2365063
vt 0.7975918 0.2428247
vt 0.8124851 0.2367046
vt 0.8134728 0.2422249
vt 0.8282741 0.2417855
vt 0.8124851 0.2367046
vt 0.8282741 0.2417855
vt 0.8454862 0.2421718
vt 0.8316788 0.2368382
vt 0.7975918 0.2428247
vt 0.8013025 0.2506043
vt 0.8134728 0.2422249
vt 0.8138061 0.2496179
vt 0.8257959 0.2486117
vt 0.8134728 0.2422249
vt 0.8257959 0.2486117
vt 0.8388292 0.2484522
vt 0.8282741 0.2417855
vt 0.8013025 0.2506043
vt 0.8046032 0.2614992
vt 0.8138061 0.2496179
vt 0.814405 0.2605665
vt 0.824027 0.2587581
vt 0.8138061 0.2496179
vt 0.824027 0.2587581
vt 0.8340563 0.2570985
vt 0.8257959 0.2486117
vt 0.8046032 0.2614992
vt 0.809002 0.2698875
vt 0.814405 0.2605665
vt 0.8161732 0.2692258
vt 0.8228976 0.2675844
vt 0.814405 0.2605665
vt 0.8228976 0.2675844
vt 0.8300977 0.2654263
vt 0.824027 0.2587581
vt 0.824656 0.2720843
vt 0.8228976 0.2675844
vt 0.816226 0.2735532
vt 0.8048077 0.2110822
vt 0.8212069 0.2117376
vt 0.8118496 0.1959913
vt 0.8212069 0.2117376
vt 0.8378506 0.2125676
vt 0.8264819 0.1977068
vt 0.8378506 0.2125676
vt 0.8564853 0.2135177
vt 0.8423629 0.198642
vt 0.798812 0.224239
vt 0.8166853 0.2243323
vt 0.8048077 0.2110822
vt 0.8166853 0.2243323
vt 0.834499 0.2249444
vt 0.8212069 0.2117376
vt 0.834499 0.2249444
vt 0.8545984 0.2261402
vt 0.8378506 0.2125676
vt 0.7901296 0.2365063
vt 0.8124851 0.2367046
vt 0.798812 0.224239
vt 0.8124851 0.2367046
vt 0.8316788 0.2368382
vt 0.8166853 0.2243323
vt 0.8316788 0.2368382
vt 0.8549136 0.2383402
vt 0.834499 0.2249444
vt 0.8833118 0.1203705
vt 0.8740243 0.1197723
vt 0.8820863 0.1282385
vt 0.8820863 0.1282385
vt 0.8732851 0.1288896
vt 0.8812339 0.1366087
vt 0.8812339 0.1366087
vt 0.8727124 0.1386923
vt 0.8809885 0.1458477
vt 0.8928694 0.1212305
vt 0.8833118 0.1203705
vt 0.890824 0.1279994
vt 0.890824 0.1279994
vt 0.8820863 0.1282385
vt 0.8893617 0.1353798
vt 0.8893617 0.1353798
vt 0.8812339 0.1366087
vt 0.8885434 0.1435176
vt 0.8983837 0.122485
vt 0.8928694 0.1212305
vt 0.8971499 0.1282975
vt 0.8971499 0.1282975
vt 0.890824 0.1279994
vt 0.895951 0.1347159
vt 0.895951 0.1347159
vt 0.8893617 0.1353798
vt 0.8952345 0.1414596
vt 0.8983837 0.122485
vt 0.8971499 0.1282975
vt 0.9023662 0.1255465
vt 0.8971499 0.1282975
vt 0.895951 0.1347159
vt 0.9014886 0.130292
vt 0.9006202 0.1348381
vt 0.895951 0.1347159
vt 0.8997696 0.1392834
vt 0.9006202 0.1348381
vt 0.903264 0.1354739
vt 0.9014886 0.130292
vt 0.8221468 0.1138949
vt 0.8208512 0.1130845
vt 0.8205366 0.1162392
vt 0.8205366 0.1162392
vt 0.8188468 0.1183263
vt 0.823185 0.1189082
vt 0.8205366 0.1162392
vt 0.823185 0.1189082
vt 0.8221468 0.1138949
vt 0.8221468 0.1138949
vt 0.825919 0.11505
vt 0.8238301 0.1113234
vt 0.823185 0.1189082
vt 0.8197076 0.1223779
vt 0.8321532 0.1259137
vt 0.823185 0.1189082
vt 0.8321532 0.1259137
vt 0.825919 0.11505
vt 0.825919 0.11505
vt 0.8356427 0.11949
vt 0.8281767 0.1107483
vt 0.8323993 0.1432798
vt 0.8395719 0.1329585
vt 0.8270007 0.1326517
vt 0.8395719 0.1329585
vt 0.8446574 0.1241873
vt 0.8321532 0.1259137
vt 0.8356427 0.11949
vt 0.8446574 0.1241873
vt 0.8384559 0.1130744
vt 0.8323993 0.1432798
vt 0.8460803 0.1470037
vt 0.8395719 0.1329585
vt 0.8395719 0.1329585
vt 0.850571 0.1360291
vt 0.8446574 0.1241873
vt 0.8446574 0.1241873
vt 0.8540574 0.126484
vt 0.848599 0.1158259
vt 0.8460803 0.1470037
vt 0.8591621 0.1489143
vt 0.850571 0.1360291
vt 0.850571 0.1360291
vt 0.861634 0.1378403
vt 0.8540574 0.126484
vt 0.8540574 0.126484
vt 0.8636056 0.1279344
vt 0.8569679 0.1176419
vt 0.8591621 0.1489143
vt 0.8724351 0.1497432
vt 0.861634 0.1378403
vt 0.861634 0.1378403
vt 0.8727124 0.1386923
vt 0.8636056 0.1279344
vt 0.8636056 0.1279344
vt 0.8732851 0.1288896
vt 0.8653908 0.1187953
vt 0.8928694 0.1212305
vt 0.8983837 0.122485
vt 0.8970776 0.1138344
vt 0.8833118 0.1203705
vt 0.8928694 0.1212305
vt 0.8863198 0.1118226
vt 0.8983837 0.122485
vt 0.9023662 0.1255465
vt 0.90405 0.1171491
vt 0.9023662 0.1255465
vt 0.9044013 0.1300353
vt 0.9093804 0.1224674
vt 0.903264 0.1354739
vt 0.9109802 0.1366283
vt 0.9044013 0.1300353
vt 0.8952345 0.1414596
vt 0.9014422 0.1468756
vt 0.8997696 0.1392834
vt 0.8885434 0.1435176
vt 0.8944776 0.1502696
vt 0.8952345 0.1414596
vt 0.8809885 0.1458477
vt 0.8876761 0.1528222
vt 0.8885434 0.1435176
vt 0.8724351 0.1497432
vt 0.8806998 0.1554917
vt 0.8809885 0.1458477
vt 0.8655358 0.1546802
vt 0.8750991 0.158426
vt 0.8724351 0.1497432
vt 0.8592466 0.161815
vt 0.8694941 0.1626136
vt 0.8655358 0.1546802
vt 0.8556239 0.1690462
vt 0.8657886 0.1674299
vt 0.8592466 0.161815
vt 0.8539003 0.1749061
vt 0.8638189 0.1719549
vt 0.8556239 0.1690462
vt 0.8529768 0.1809565
vt 0.8624605 0.1769114
vt 0.8539003 0.1749061
vt 0.8532721 0.186628
vt 0.8623507 0.1818424
vt 0.8529768 0.1809565
vt 0.8548501 0.1923345
vt 0.8634335 0.1869407
vt 0.8532721 0.186628
vt 0.8599169 0.1993218
vt 0.8677628 0.1933893
vt 0.8548501 0.1923345
vt 0.8344957 0.1506193
vt 0.8323993 0.1432798
vt 0.8232554 0.1496953
vt 0.8347339 0.1596302
vt 0.8344957 0.1506193
vt 0.8250731 0.1547956
vt 0.8332887 0.1678338
vt 0.8347339 0.1596302
vt 0.8254279 0.1605076
vt 0.830878 0.1742491
vt 0.8332887 0.1678338
vt 0.8245954 0.1657707
vt 0.8272261 0.1803795
vt 0.830878 0.1742491
vt 0.8223883 0.171487
vt 0.8231363 0.1858225
vt 0.8272261 0.1803795
vt 0.8190925 0.176789
vt 0.8180011 0.1910307
vt 0.8231363 0.1858225
vt 0.8145143 0.1819886
vt 0.8740243 0.1197723
vt 0.8833118 0.1203705
vt 0.8768631 0.1108912
vt 0.8599169 0.1993218
vt 0.869475 0.2042463
vt 0.8677628 0.1933893
vt 0.8118496 0.1959913
vt 0.8180011 0.1910307
vt 0.80861 0.1868789
vt 0.7854571 0.2073214
vt 0.7984133 0.2031612
vt 0.7819144 0.1987733
vt 0.7854571 0.2073214
vt 0.7819144 0.1987733
vt 0.7788127 0.2096307
vt 0.774998 0.2117937
vt 0.7691611 0.2062238
vt 0.7719475 0.2151379
vt 0.7719475 0.2151379
vt 0.764993 0.211973
vt 0.7702428 0.2196613
vt 0.7702428 0.2196613
vt 0.7629118 0.2195361
vt 0.7706122 0.2248966
vt 0.7733457 0.2282882
vt 0.7706122 0.2248966
vt 0.7671534 0.2330972
vt 0.7790567 0.2311281
vt 0.7733457 0.2282882
vt 0.77362 0.2380825
vt 0.7867818 0.2343417
vt 0.7790567 0.2311281
vt 0.7815638 0.2422719
vt 0.7901296 0.2365063
vt 0.7867818 0.2343417
vt 0.7848358 0.244335
vt 0.8188468 0.1183263
vt 0.8112801 0.1178757
vt 0.8197076 0.1223779
vt 0.8188468 0.1183263
vt 0.8189461 0.1156683
vt 0.8112801 0.1178757
vt 0.8189461 0.1156683
vt 0.8208512 0.1130845
vt 0.812987 0.1119718
vt 0.8208512 0.1130845
vt 0.8238301 0.1113234
vt 0.817384 0.1066469
vt 0.8238301 0.1113234
vt 0.8281767 0.1107483
vt 0.8230808 0.1038384
vt 0.8281767 0.1107483
vt 0.8384559 0.1130744
vt 0.8298752 0.1030738
vt 0.8384559 0.1130744
vt 0.848599 0.1158259
vt 0.8424115 0.1053352
vt 0.8197076 0.1223779
vt 0.8126956 0.1250968
vt 0.8270007 0.1326517
vt 0.8323993 0.1432798
vt 0.8270007 0.1326517
vt 0.8215034 0.1454949
vt 0.8997696 0.1392834
vt 0.9067535 0.1428282
vt 0.903264 0.1354739
vt 0.869475 0.2042463
vt 0.8822071 0.2060538
vt 0.8766974 0.1976728
vt 0.8822071 0.2060538
vt 0.8928063 0.2074814
vt 0.8891068 0.1997555
vt 0.8928063 0.2074814
vt 0.9025413 0.2111877
vt 0.9002373 0.2023119
vt 0.9025413 0.2111877
vt 0.9079249 0.2165018
vt 0.9108199 0.2080434
vt 0.9079249 0.2165018
vt 0.9081729 0.2262025
vt 0.9166846 0.2155644
vt 0.893231 0.2368075
vt 0.9006649 0.2416213
vt 0.9031046 0.2327522
vt 0.8845853 0.2376665
vt 0.8910418 0.2439952
vt 0.893231 0.2368075
vt 0.8671114 0.2375812
vt 0.8732846 0.2448344
vt 0.8845853 0.2376665
vt 0.8549136 0.2383402
vt 0.8611232 0.2455228
vt 0.8671114 0.2375812
vt 0.7984133 0.2031612
vt 0.8118496 0.1959913
vt 0.7953975 0.1941281
vt 0.7788127 0.2096307
vt 0.7740696 0.202488
vt 0.774998 0.2117937
vt 0.9031046 0.2327522
vt 0.9113758 0.2354545
vt 0.9081729 0.2262025
vt 0.7901296 0.2365063
vt 0.7848358 0.244335
vt 0.7975918 0.2428247
vt 0.7975918 0.2428247
vt 0.7919163 0.250605
vt 0.8013025 0.2506043
vt 0.8013025 0.2506043
vt 0.796062 0.2581684
vt 0.8046032 0.2614992
vt 0.8046032 0.2614992
vt 0.8006463 0.2694725
vt 0.809002 0.2698875
vt 0.809002 0.2698875
vt 0.8067084 0.2784403
vt 0.816226 0.2735532
vt 0.824656 0.2720843
vt 0.816226 0.2735532
vt 0.8255705 0.2808413
vt 0.8300977 0.2654263
vt 0.824656 0.2720843
vt 0.8331489 0.2739836
vt 0.8340563 0.2570985
vt 0.8300977 0.2654263
vt 0.8385143 0.2649832
vt 0.8388292 0.2484522
vt 0.8340563 0.2570985
vt 0.8444091 0.2557207
vt 0.8454862 0.2421718
vt 0.8388292 0.2484522
vt 0.8516578 0.2493998
vt 0.8454862 0.2421718
vt 0.8516578 0.2493998
vt 0.8549136 0.2383402
vt 0.8653908 0.1187953
vt 0.8740243 0.1197723
vt 0.8685628 0.1099414
vt 0.8569679 0.1176419
vt 0.8653908 0.1187953
vt 0.8606427 0.1090369
vt 0.848599 0.1158259
vt 0.8569679 0.1176419
vt 0.8527054 0.1076035
usemtl uvAnkle
f 1/1 2/2 3/3
f 3/4 5/5 6/6
f 6/7 5/8 7/9
f 9/10 10/11 11/12
f 9/13 12/14 14/15
f 14/16 15/17 16/18
f 17/19 18/20 19/21
f 20/22 21/23 22/24
f 23/25 24/26 25/27
f 26/28 27/29 28/30
f 29/31 30/32 31/33
f 32/34 33/35 34/36
f 35/37 36/38 37/39
f 38/40 39/41 40/42
f 41/43 42/44 43/45
f 44/46 45/47 46/48
f 47/49 48/50 49/51
f 51/52 52/53 53/54
f 55/55 56/56 57/57
f 51/58 25/59 24/60
f 58/61 59/62 54/63
f 60/64 61/65 50/66
f 62/67 63/68 56/69
f 59/70 58/71 65/72
f 66/73 61/74 60/75
f 68/76 69/77 63/78
f 23/79 25/80 71/81
f 64/82 65/83 73/84
f 74/85 66/86 67/87
f 76/88 77/89 69/90
f 29/91 31/92 78/93
f 79/94 78/95 80/96
f 30/97 29/98 83/99
f 70/100 71/101 21/102
f 84/103 72/104 73/105
f 80/106 86/107 87/108
f 74/109 75/110 18/111
f 76/112 88/113 89/114
f 83/115 90/116 91/117
f 86/118 92/119 93/120
f 95/121 91/122 90/123
f 19/124 96/125 97/126
f 88/127 98/128 99/129
f 93/130 92/131 100/132
f 84/133 85/134 103/135
f 97/136 96/137 105/138
f 107/139 95/140 94/141
f 100/142 108/143 109/144
f 98/145 110/146 111/147
f 104/148 105/149 27/150
f 113/151 107/152 106/153
f 108/154 114/155 115/156
f 110/157 116/158 117/159
f 102/160 103/161 119/162
f 120/163 26/164 28/165
f 122/166 123/167 113/168
f 114/169 124/170 125/171
f 126/172 120/173 121/174
f 128/175 129/176 123/177
f 124/178 130/179 131/180
f 130/181 129/182 128/183
f 132/184 133/185 117/186
f 134/187 135/188 133/189
f 118/190 119/191 137/192
f 134/193 138/194 139/195
f 138/196 140/197 141/198
f 136/199 137/200 143/201
f 140/202 144/203 145/204
f 146/205 147/206 145/207
f 142/208 143/209 149/210
f 150/211 151/212 152/213
f 151/214 154/215 155/216
f 156/217 150/218 153/219
f 154/220 158/221 159/222
f 160/223 156/224 157/225
f 158/226 162/227 163/228
f 164/229 160/230 161/231
f 166/232 167/233 163/234
f 164/235 165/236 169/237
f 168/238 169/239 171/240
f 166/241 172/242 173/243
f 174/244 170/245 171/246
f 174/247 175/248 177/249
f 172/250 178/251 179/252
f 180/253 176/254 177/255
f 182/256 180/257 181/258
f 178/259 184/260 185/261
f 182/262 183/263 187/264
f 186/265 187/266 189/267
f 184/268 190/269 191/270
f 188/271 189/272 193/273
f 194/274 192/275 193/276
f 196/277 197/278 191/279
f 32/280 198/281 199/282
f 201/283 199/284 198/285
f 34/286 202/287 203/288
f 204/289 205/290 201/291
f 203/292 202/293 206/294
f 208/295 209/296 205/297
f 207/298 206/299 210/300
f 213/301 209/302 208/303
f 211/304 210/305 214/306
f 216/307 217/308 213/309
f 215/310 214/311 218/312
f 220/313 221/314 217/315
f 218/316 222/317 223/318
f 224/319 225/320 221/321
f 222/322 226/323 227/324
f 228/325 229/326 225/327
f 227/328 226/329 229/330
f 230/331 231/332 232/333
f 234/334 230/335 233/336
f 236/337 237/338 232/339
f 234/340 235/341 42/342
f 238/343 239/344 237/345
f 241/346 41/347 43/348
f 238/349 44/350 46/351
f 40/352 241/353 240/354
f 242/355 243/356 45/357
f 242/358 244/359 245/360
f 37/361 245/362 244/363
f 246/364 247/365 36/366
f 248/367 249/368 247/369
f 251/370 252/371 253/372
f 253/373 252/374 254/375
f 256/376 257/377 251/378
f 255/379 254/380 258/381
f 261/382 257/383 256/384
f 258/385 262/386 263/387
f 264/388 265/389 261/390
f 263/391 262/392 266/393
f 269/394 265/395 264/396
f 266/397 270/398 271/399
f 272/400 273/401 269/402
f 270/403 274/404 275/405
f 48/406 47/407 273/408
f 275/409 274/410 276/411
f 279/412 47/413 49/414
f 277/415 276/416 280/417
f 283/418 279/419 278/420
f 281/421 280/422 284/423
f 286/424 287/425 283/426
f 284/427 288/428 289/429
f 291/430 287/431 286/432
f 289/433 288/434 292/435
f 295/436 291/437 290/438
f 293/439 292/440 296/441
f 298/442 299/443 295/444
f 296/445 300/446 301/447
f 301/448 300/449 299/450
f 303/451 304/452 305/453
f 38/454 306/455 307/456
f 306/457 308/458 309/459
f 309/460 308/461 310/462
f 312/463 313/464 310/465
f 314/466 315/467 313/468
f 317/469 318/470 319/471
f 316/472 319/473 321/474
f 320/475 321/476 323/477
f 322/478 323/479 325/480
f 324/481 325/482 326/483
f 328/484 327/485 326/486
f 328/487 329/488 331/489
f 332/490 330/491 331/492
f 332/493 333/494 335/495
f 335/496 336/497 337/498
f 337/499 336/500 68/501
f 338/502 339/503 340/504
f 342/505 338/506 341/507
f 344/508 342/509 343/510
f 346/511 344/512 345/513
f 347/514 348/515 349/516
f 350/517 351/518 349/519
f 353/520 351/521 350/522
f 354/523 355/524 353/525
f 357/526 355/527 354/528
f 358/529 359/530 357/531
f 358/532 156/533 160/534
f 149/535 360/536 361/537
f 362/538 363/539 147/540
f 364/541 365/542 194/543
f 196/544 366/545 367/546
f 304/547 368/548 369/549
f 370/550 371/551 315/552
f 372/553 373/554 318/555
f 339/556 374/557 375/558
f 360/559 376/560 377/561
f 378/562 379/563 363/564
f 364/565 380/566 381/567
f 366/568 382/569 383/570
f 368/571 384/572 385/573
f 386/574 387/575 371/576
f 388/577 389/578 373/579
f 374/580 390/581 391/582
f 376/583 392/584 393/585
f 394/586 395/587 379/588
f 396/589 397/590 381/591
f 382/592 398/593 399/594
f 384/595 400/596 401/597
f 402/598 403/599 387/600
f 404/601 405/602 389/603
f 390/604 406/605 407/606
f 409/607 410/608 411/609
f 412/610 413/611 414/612
f 417/613 418/614 419/615
f 421/616 422/617 423/618
f 424/619 419/620 418/621
f 420/622 423/623 426/624
f 424/625 425/626 428/627
f 430/628 427/629 426/630
f 429/631 428/632 433/633
f 431/634 434/635 435/636
f 432/637 433/638 437/639
f 434/640 438/641 439/642
f 440/643 436/644 437/645
f 439/646 438/647 442/648
f 440/649 441/650 444/651
f 446/652 443/653 442/654
f 445/655 444/656 448/657
f 450/658 446/659 447/660
f 452/661 449/662 448/663
f 450/664 451/665 454/666
f 452/667 453/668 457/669
f 454/670 458/671 459/672
f 460/673 456/674 457/675
f 459/676 458/677 462/678
f 460/679 461/680 465/681
f 462/682 466/683 467/684
f 468/685 464/686 465/687
f 467/688 466/689 470/690
f 468/691 469/692 473/693
f 470/694 474/695 475/696
f 476/697 472/698 473/699
f 475/700 474/701 478/702
f 476/703 477/704 481/705
f 478/706 482/707 483/708
f 481/709 484/710 485/711
f 483/712 482/713 487/714
f 485/715 484/716 489/717
f 487/718 490/719 491/720
f 489/721 492/722 493/723
f 491/724 490/725 495/726
f 496/727 493/728 492/729
f 494/730 495/731 498/732
f 497/733 500/734 501/735
f 499/736 498/737 503/738
f 504/739 501/740 500/741
f 502/742 503/743 506/744
f 508/745 504/746 505/747
f 507/748 506/749 510/750
f 508/751 509/752 513/753
f 510/754 514/755 515/756
f 516/757 512/758 513/759
f 515/760 514/761 518/762
f 516/763 517/764 521/765
f 518/766 522/767 523/768
f 524/769 520/770 521/771
f 523/772 522/773 526/774
f 524/775 525/776 528/777
f 530/778 527/779 526/780
f 532/781 529/782 528/783
f 530/784 531/785 534/786
f 532/787 533/788 537/789
f 534/790 538/791 539/792
f 537/793 540/794 541/795
f 539/796 538/797 543/798
f 416/799 541/800 540/801
f 542/802 543/803 422/804
f 545/805 546/806 547/807
f 548/808 549/809 550/810
f 547/811 546/812 553/813
f 551/814 554/815 555/816
f 553/817 556/818 557/819
f 558/820 555/821 554/822
f 560/823 557/824 556/825
f 559/826 562/827 563/828
f 564/829 560/830 561/831
f 563/832 562/833 566/834
f 564/835 565/836 569/837
f 567/838 566/839 570/840
f 569/841 572/842 573/843
f 571/844 570/845 575/846
f 573/847 572/848 576/849
f 574/850 575/851 579/852
f 577/853 576/854 581/855
f 578/856 579/857 582/858
f 584/859 580/860 581/861
f 583/862 582/863 586/864
f 584/865 585/866 589/867
f 587/868 586/869 590/870
f 588/871 589/872 593/873
f 590/874 594/875 595/876
f 596/877 592/878 593/879
f 595/880 594/881 598/882
f 596/883 597/884 601/885
f 598/886 602/887 603/888
f 604/889 600/890 601/891
f 603/892 602/893 606/894
f 604/895 605/896 609/897
f 606/898 610/899 611/900
f 609/901 612/902 613/903
f 614/904 611/905 610/906
f 613/907 612/908 617/909
f 615/910 618/911 619/912
f 617/913 620/914 621/915
f 619/916 618/917 623/918
f 624/919 621/920 620/921
f 623/922 626/923 627/924
f 625/925 628/926 629/927
f 630/928 627/929 626/930
f 632/931 629/932 628/933
f 631/934 634/935 635/936
f 632/937 633/938 637/939
f 634/940 638/941 639/942
f 636/943 637/944 641/945
f 639/946 638/947 642/948
f 644/949 640/950 641/951
f 642/952 646/953 647/954
f 648/955 644/956 645/957
f 646/958 650/959 651/960
f 648/961 649/962 653/963
f 651/964 650/965 654/966
f 653/967 656/968 657/969
f 658/970 655/971 654/972
f 657/973 656/974 661/975
f 658/976 659/977 662/978
f 660/979 661/980 665/981
f 662/982 666/983 667/984
f 665/985 668/986 669/987
f 670/988 667/989 666/990
f 669/991 668/992 545/993
f 671/994 550/995 549/996
f 673/997 674/998 675/999
f 677/1000 678/1001 679/1002
f 680/1003 675/1004 674/1005
f 676/1006 679/1007 682/1008
f 680/1009 681/1010 684/1011
f 686/1012 683/1013 682/1014
f 685/1015 684/1016 689/1017
f 687/1018 690/1019 691/1020
f 688/1021 689/1022 693/1023
f 690/1024 694/1025 695/1026
f 696/1027 692/1028 693/1029
f 695/1030 694/1031 698/1032
f 696/1033 697/1034 700/1035
f 702/1036 699/1037 698/1038
f 701/1039 700/1040 704/1041
f 706/1042 702/1043 703/1044
f 708/1045 705/1046 704/1047
f 706/1048 707/1049 710/1050
f 708/1051 709/1052 713/1053
f 710/1054 714/1055 715/1056
f 716/1057 712/1058 713/1059
f 715/1060 714/1061 718/1062
f 716/1063 717/1064 721/1065
f 718/1066 722/1067 723/1068
f 724/1069 720/1070 721/1071
f 723/1072 722/1073 726/1074
f 724/1075 725/1076 729/1077
f 726/1078 730/1079 731/1080
f 732/1081 728/1082 729/1083
f 731/1084 730/1085 734/1086
f 732/1087 733/1088 737/1089
f 734/1090 738/1091 739/1092
f 737/1093 740/1094 741/1095
f 739/1096 738/1097 743/1098
f 741/1099 740/1100 745/1101
f 743/1102 746/1103 747/1104
f 745/1105 748/1106 749/1107
f 747/1108 746/1109 751/1110
f 752/1111 749/1112 748/1113
f 750/1114 751/1115 754/1116
f 753/1117 756/1118 757/1119
f 755/1120 754/1121 759/1122
f 760/1123 757/1124 756/1125
f 758/1126 759/1127 762/1128
f 764/1129 760/1130 761/1131
f 763/1132 762/1133 766/1134
f 764/1135 765/1136 769/1137
f 766/1138 770/1139 771/1140
f 772/1141 768/1142 769/1143
f 771/1144 770/1145 774/1146
f 772/1147 773/1148 777/1149
f 774/1150 778/1151 779/1152
f 780/1153 776/1154 777/1155
f 779/1156 778/1157 782/1158
f 780/1159 781/1160 784/1161
f 786/1162 783/1163 782/1164
f 788/1165 785/1166 784/1167
f 786/1168 787/1169 790/1170
f 788/1171 789/1172 793/1173
f 790/1174 794/1175 795/1176
f 793/1177 796/1178 797/1179
f 795/1180 794/1181 799/1182
f 672/1183 797/1184 796/1185
f 798/1186 799/1187 678/1188
f 801/1189 802/1190 803/1191
f 805/1192 806/1193 807/1194
f 808/1195 803/1196 802/1197
f 804/1198 807/1199 810/1200
f 809/1201 812/1202 813/1203
f 814/1204 811/1205 810/1206
f 816/1207 813/1208 812/1209
f 815/1210 818/1211 819/1212
f 820/1213 816/1214 817/1215
f 818/1216 822/1217 823/1218
f 820/1219 821/1220 825/1221
f 822/1222 826/1223 827/1224
f 825/1225 828/1226 829/1227
f 830/1228 827/1229 826/1230
f 828/1231 832/1232 833/1233
f 834/1234 830/1235 831/1236
f 836/1237 833/1238 832/1239
f 835/1240 838/1241 839/1242
f 836/1243 837/1244 841/1245
f 839/1246 838/1247 842/1248
f 844/1249 840/1250 841/1251
f 843/1252 842/1253 846/1254
f 848/1255 844/1256 845/1257
f 847/1258 846/1259 850/1260
f 848/1261 849/1262 853/1263
f 851/1264 850/1265 854/1266
f 852/1267 853/1268 857/1269
f 854/1270 858/1271 859/1272
f 860/1273 856/1274 857/1275
f 859/1276 858/1277 862/1278
f 864/1279 860/1280 861/1281
f 862/1282 866/1283 867/1284
f 864/1285 865/1286 868/1287
f 867/1288 866/1289 871/1290
f 872/1291 869/1292 868/1293
f 870/1294 871/1295 874/1296
f 873/1297 876/1298 877/1299
f 875/1300 874/1301 879/1302
f 877/1303 876/1304 881/1305
f 878/1306 879/1307 882/1308
f 881/1309 884/1310 885/1311
f 883/1312 882/1313 887/1314
f 885/1315 884/1316 889/1317
f 886/1318 887/1319 890/1320
f 888/1321 889/1322 893/1323
f 891/1324 890/1325 894/1326
f 892/1327 893/1328 897/1329
f 895/1330 894/1331 898/1332
f 896/1333 897/1334 901/1335
f 899/1336 898/1337 902/1338
f 904/1339 900/1340 901/1341
f 902/1342 906/1343 907/1344
f 904/1345 905/1346 909/1347
f 907/1348 906/1349 910/1350
f 909/1351 912/1352 913/1353
f 914/1354 911/1355 910/1356
f 913/1357 912/1358 917/1359
f 915/1360 918/1361 919/1362
f 916/1363 917/1364 921/1365
f 918/1366 922/1367 923/1368
f 920/1369 921/1370 924/1371
f 923/1372 922/1373 927/1374
f 800/1375 925/1376 924/1377
f 927/1378 806/1379 805/1380
f 929/1381 930/1382 931/1383
f 933/1384 934/1385 935/1386
f 936/1387 931/1388 930/1389
f 932/1390 935/1391 938/1392
f 936/1393 937/1394 940/1395
f 942/1396 939/1397 938/1398
f 941/1399 940/1400 945/1401
f 943/1402 946/1403 947/1404
f 944/1405 945/1406 949/1407
f 946/1408 950/1409 951/1410
f 952/1411 948/1412 949/1413
f 951/1414 950/1415 954/1416
f 952/1417 953/1418 956/1419
f 958/1420 955/1421 954/1422
f 957/1423 956/1424 960/1425
f 962/1426 958/1427 959/1428
f 964/1429 961/1430 960/1431
f 962/1432 963/1433 966/1434
f 964/1435 965/1436 969/1437
f 966/1438 970/1439 971/1440
f 972/1441 968/1442 969/1443
f 971/1444 970/1445 974/1446
f 972/1447 973/1448 977/1449
f 974/1450 978/1451 979/1452
f 980/1453 976/1454 977/1455
f 979/1456 978/1457 982/1458
f 980/1459 981/1460 985/1461
f 982/1462 986/1463 987/1464
f 988/1465 984/1466 985/1467
f 987/1468 986/1469 990/1470
f 988/1471 989/1472 993/1473
f 990/1474 994/1475 995/1476
f 993/1477 996/1478 997/1479
f 995/1480 994/1481 999/1482
f 997/1483 996/1484 1001/1485
f 999/1486 1002/1487 1003/1488
f 1001/1489 1004/1490 1005/1491
f 1003/1492 1002/1493 1007/1494
f 1008/1495 1005/1496 1004/1497
f 1006/1498 1007/1499 1010/1500
f 1009/1501 1012/1502 1013/1503
f 1011/1504 1010/1505 1015/1506
f 1016/1507 1013/1508 1012/1509
f 1014/1510 1015/1511 1018/1512
f 1020/1513 1016/1514 1017/1515
f 1019/1516 1018/1517 1022/1518
f 1020/1519 1021/1520 1025/1521
f 1022/1522 1026/1523 1027/1524
f 1028/1525 1024/1526 1025/1527
f 1027/1528 1026/1529 1030/1530
f 1028/1531 1029/1532 1033/1533
f 1030/1534 1034/1535 1035/1536
f 1036/1537 1032/1538 1033/1539
f 1035/1540 1034/1541 1038/1542
f 1036/1543 1037/1544 1040/1545
f 1042/1546 1039/1547 1038/1548
f 1044/1549 1041/1550 1040/1551
f 1042/1552 1043/1553 1046/1554
f 1044/1555 1045/1556 1049/1557
f 1046/1558 1050/1559 1051/1560
f 1049/1561 1052/1562 1053/1563
f 1051/1564 1050/1565 1055/1566
f 928/1567 1053/1568 1052/1569
f 1054/1570 1055/1571 934/1572
f 1057/1573 1058/1574 1059/1575
f 1061/1576 1062/1577 1063/1578
f 1064/1579 1059/1580 1058/1581
f 1060/1582 1063/1583 1066/1584
f 1065/1585 1068/1586 1069/1587
f 1067/1588 1066/1589 1071/1590
f 1072/1591 1069/1592 1068/1593
f 1071/1594 1074/1595 1075/1596
f 1072/1597 1073/1598 1077/1599
f 1074/1600 1078/1601 1079/1602
f 1076/1603 1077/1604 1081/1605
f 1078/1606 1082/1607 1083/1608
f 1080/1609 1081/1610 1084/1611
f 1086/1612 1083/1613 1082/1614
f 1085/1615 1084/1616 1088/1617
f 1086/1618 1087/1619 1091/1620
f 1089/1621 1088/1622 1093/1623
f 1090/1624 1091/1625 1094/1626
f 1092/1627 1093/1628 1097/1629
f 1095/1630 1094/1631 1098/1632
f 1100/1633 1096/1634 1097/1635
f 1099/1636 1098/1637 1102/1638
f 1104/1639 1100/1640 1101/1641
f 1103/1642 1102/1643 1106/1644
f 1104/1645 1105/1646 1109/1647
f 1107/1648 1106/1649 1110/1650
f 1112/1651 1108/1652 1109/1653
f 1111/1654 1110/1655 1114/1656
f 1116/1657 1112/1658 1113/1659
f 1115/1660 1114/1661 1118/1662
f 1120/1663 1116/1664 1117/1665
f 1119/1666 1118/1667 1122/1668
f 1120/1669 1121/1670 1124/1671
f 1123/1672 1122/1673 1127/1674
f 1125/1675 1124/1676 1129/1677
f 1127/1678 1130/1679 1131/1680
f 1129/1681 1132/1682 1133/1683
f 1134/1684 1131/1685 1130/1686
f 1136/1687 1133/1688 1132/1689
f 1135/1690 1138/1691 1139/1692
f 1136/1693 1137/1694 1140/1695
f 1142/1696 1139/1697 1138/1698
f 1141/1699 1140/1700 1145/1701
f 1143/1702 1146/1703 1147/1704
f 1144/1705 1145/1706 1149/1707
f 1146/1708 1150/1709 1151/1710
f 1148/1711 1149/1712 1153/1713
f 1150/1714 1154/1715 1155/1716
f 1156/1717 1152/1718 1153/1719
f 1154/1720 1158/1721 1159/1722
f 1160/1723 1156/1724 1157/1725
f 1159/1726 1158/1727 1162/1728
f 1164/1729 1160/1730 1161/1731
f 1163/1732 1162/1733 1166/1734
f 1164/1735 1165/1736 1168/1737
f 1170/1738 1167/1739 1166/1740
f 1172/1741 1169/1742 1168/1743
f 1170/1744 1171/1745 1174/1746
f 1172/1747 1173/1748 1177/1749
f 1175/1750 1174/1751 1178/1752
f 1176/1753 1177/1754 1180/1755
f 1179/1756 1178/1757 1183/1758
f 1181/1759 1180/1760 1057/1761
f 1182/1762 1183/1763 1062/1764
f 1185/1765 1186/1766 1187/1767
f 1189/1768 1190/1769 1191/1770
f 1192/1771 1187/1772 1186/1773
f 1188/1774 1191/1775 1194/1776
f 1192/1777 1193/1778 1196/1779
f 1198/1780 1195/1781 1194/1782
f 1197/1783 1196/1784 1201/1785
f 1199/1786 1202/1787 1203/1788
f 1200/1789 1201/1790 1205/1791
f 1202/1792 1206/1793 1207/1794
f 1208/1795 1204/1796 1205/1797
f 1207/1798 1206/1799 1210/1800
f 1209/1801 1212/1802 1213/1803
f 1211/1804 1210/1805 1215/1806
f 1212/1807 1216/1808 1217/1809
f 1214/1810 1215/1811 1219/1812
f 1220/1813 1217/1814 1216/1815
f 1218/1816 1219/1817 1222/1818
f 1224/1819 1220/1820 1221/1821
f 1223/1822 1222/1823 1226/1824
f 1228/1825 1224/1826 1225/1827
f 1227/1828 1226/1829 1230/1830
f 1228/1831 1229/1832 1233/1833
f 1230/1834 1234/1835 1235/1836
f 1236/1837 1232/1838 1233/1839
f 1235/1840 1234/1841 1238/1842
f 1236/1843 1237/1844 1241/1845
f 1238/1846 1242/1847 1243/1848
f 1244/1849 1240/1850 1241/1851
f 1243/1852 1242/1853 1246/1854
f 1244/1855 1245/1856 1249/1857
f 1246/1858 1250/1859 1251/1860
f 1249/1861 1252/1862 1253/1863
f 1251/1864 1250/1865 1255/1866
f 1253/1867 1252/1868 1257/1869
f 1255/1870 1258/1871 1259/1872
f 1257/1873 1260/1874 1261/1875
f 1259/1876 1258/1877 1263/1878
f 1261/1879 1260/1880 1265/1881
f 1263/1882 1266/1883 1267/1884
f 1264/1885 1265/1886 1268/1887
f 1270/1888 1267/1889 1266/1890
f 1272/1891 1269/1892 1268/1893
f 1270/1894 1271/1895 1274/1896
f 1276/1897 1272/1898 1273/1899
f 1275/1900 1274/1901 1278/1902
f 1276/1903 1277/1904 1281/1905
f 1278/1906 1282/1907 1283/1908
f 1284/1909 1280/1910 1281/1911
f 1283/1912 1282/1913 1286/1914
f 1284/1915 1285/1916 1289/1917
f 1286/1918 1290/1919 1291/1920
f 1292/1921 1288/1922 1289/1923
f 1291/1924 1290/1925 1294/1926
f 1292/1927 1293/1928 1296/1929
f 1298/1930 1295/1931 1294/1932
f 1300/1933 1297/1934 1296/1935
f 1298/1936 1299/1937 1302/1938
f 1300/1939 1301/1940 1305/1941
f 1302/1942 1306/1943 1307/1944
f 1305/1945 1308/1946 1309/1947
f 1307/1948 1306/1949 1311/1950
f 1184/1951 1309/1952 1308/1953
f 1310/1954 1311/1955 1190/1956
f 1312/1957 1313/1958 1260/1959
f 1315/1960 1259/1961 1262/1962
f 1233/1963 1316/1964 1317/1965
f 1235/1966 1239/1967 1319/1968
f 1237/1969 1317/1970 1320/1971
f 1239/1972 1243/1973 1321/1974
f 1241/1975 1320/1976 1322/1977
f 1243/1978 1247/1979 1323/1980
f 1245/1981 1322/1982 1324/1983
f 1247/1984 1251/1985 1325/1986
f 1249/1987 1324/1988 1326/1989
f 1327/1990 1325/1991 1251/1992
f 1252/1993 1326/1994 1328/1995
f 1254/1996 1259/1997 1329/1998
f 1328/1999 1330/2000 1312/2001
f 1329/2002 1259/2003 1315/2004
f 1229/2005 1332/2006 1233/2007
f 1333/2008 1231/2009 1235/2010
f 1332/2011 1316/2012 1233/2013
f 1318/2014 1333/2015 1235/2016
f 1334/2017 1335/2018 1336/2019
f 1336/2020 1335/2021 1338/2022
f 1340/2023 1337/2024 1336/2025
f 1336/2026 1339/2027 1342/2028
f 1340/2029 1341/2030 1343/2031
f 1341/2032 1342/2033 1345/2034
f 1344/2035 1343/2036 1347/2037
f 1343/2038 1345/2039 1348/2040
f 1346/2041 1347/2042 1350/2043
f 1347/2044 1348/2045 1351/2046
f 1352/2047 1349/2048 1350/2049
f 1350/2050 1351/2051 1354/2052
f 1353/2053 1355/2054 1356/2055
f 1355/2056 1353/2057 1354/2058
f 1355/2059 1358/2060 1359/2061
f 1355/2062 1357/2063 1360/2064
f 1361/2065 1359/2066 1358/2067
f 1358/2068 1360/2069 1363/2070
f 1361/2071 1362/2072 1365/2073
f 1363/2074 1366/2075 1365/2076
f 1364/2077 1365/2078 1368/2079
f 1365/2080 1366/2081 1369/2082
f 1370/2083 1371/2084 1372/2085
f 1372/2086 1374/2087 1375/2088
f 1370/2089 1373/2090 1376/2091
f 1376/2092 1373/2093 1375/2094
f 1379/2095 1377/2096 1376/2097
f 1378/2098 1381/2099 1380/2100
f 1382/2101 1379/2102 1380/2103
f 1381/2104 1384/2105 1383/2106
f 1385/2107 1382/2108 1383/2109
f 1384/2110 1387/2111 1386/2112
f 1388/2113 1385/2114 1386/2115
f 1386/2116 1387/2117 1390/2118
f 1388/2119 1389/2120 1392/2121
f 1390/2122 1393/2123 1392/2124
f 1394/2125 1391/2126 1392/2127
f 1393/2128 1396/2129 1395/2130
f 1394/2131 1395/2132 1397/2133
f 1395/2134 1396/2135 1399/2136
f 1398/2137 1397/2138 1401/2139
f 1397/2140 1399/2141 1402/2142
f 1400/2143 1401/2144 1404/2145
f 1402/2146 1405/2147 1404/2148
f 1404/2149 1406/2150 1407/2151
f 1406/2152 1404/2153 1405/2154
f 1334/2155 1407/2156 1406/2157
f 1408/2158 1338/2159 1335/2160
f 1409/2161 1410/2162 1411/2163
f 1411/2164 1410/2165 1413/2166
f 1415/2167 1416/2168 1417/2169
f 1417/2170 1419/2171 1420/2172
f 1415/2173 1418/2174 1422/2175
f 1418/2176 1420/2177 1423/2178
f 1424/2179 1421/2180 1422/2181
f 1423/2182 1426/2183 1425/2184
f 1424/2185 1425/2186 1428/2187
f 1425/2188 1426/2189 1429/2190
f 1427/2191 1428/2192 1430/2193
f 1430/2194 1428/2195 1429/2196
f 1433/2197 1431/2198 1430/2199
f 1430/2200 1432/2201 1435/2202
f 1433/2203 1434/2204 1436/2205
f 1436/2206 1434/2207 1435/2208
f 1439/2209 1440/2210 1441/2211
f 1441/2212 1443/2213 1444/2214
f 1440/2215 1367/2216 1368/2217
f 1368/2218 1369/2219 1443/2220
f 1445/2221 1446/2222 1447/2223
f 1448/2224 1449/2225 1450/2226
f 1445/2227 1451/2228 1446/2229
f 1452/2230 1449/2231 1448/2232
f 1453/2233 1446/2234 1451/2235
f 1448/2236 1454/2237 1452/2238
f 1453/2239 1455/2240 1446/2241
f 1456/2242 1454/2243 1448/2244
f 1455/2245 1457/2246 1446/2247
f 1458/2248 1456/2249 1448/2250
f 1457/2251 1459/2252 1446/2253
f 1460/2254 1458/2255 1448/2256
f 1461/2257 1446/2258 1459/2259
f 1448/2260 1462/2261 1460/2262
f 1463/2263 1446/2264 1461/2265
f 1448/2266 1464/2267 1462/2268
f 1463/2269 1465/2270 1446/2271
f 1466/2272 1464/2273 1448/2274
f 1465/2275 1467/2276 1446/2277
f 1468/2278 1466/2279 1448/2280
f 1467/2281 1469/2282 1446/2283
f 1470/2284 1468/2285 1448/2286
f 1469/2287 1471/2288 1446/2289
f 1472/2290 1470/2291 1448/2292
f 1471/2293 1473/2294 1446/2295
f 1474/2296 1472/2297 1448/2298
f 1473/2299 1475/2300 1446/2301
f 1476/2302 1474/2303 1448/2304
f 1475/2305 1477/2306 1446/2307
f 1478/2308 1476/2309 1448/2310
f 1477/2311 1479/2312 1446/2313
f 1480/2314 1478/2315 1448/2316
f 1481/2317 1446/2318 1479/2319
f 1448/2320 1482/2321 1480/2322
f 1481/2323 1483/2324 1446/2325
f 1484/2326 1482/2327 1448/2328
f 1485/2329 1446/2330 1483/2331
f 1448/2332 1486/2333 1484/2334
f 1485/2335 1487/2336 1446/2337
f 1488/2338 1486/2339 1448/2340
f 1489/2341 1446/2342 1487/2343
f 1448/2344 1490/2345 1488/2346
f 1489/2347 1491/2348 1446/2349
f 1492/2350 1490/2351 1448/2352
f 1491/2353 1493/2354 1446/2355
f 1494/2356 1492/2357 1448/2358
f 1493/2359 1495/2360 1446/2361
f 1496/2362 1494/2363 1448/2364
f 1495/2365 1497/2366 1446/2367
f 1498/2368 1496/2369 1448/2370
f 1497/2371 1499/2372 1446/2373
f 1500/2374 1498/2375 1448/2376
f 1499/2377 1501/2378 1446/2379
f 1502/2380 1500/2381 1448/2382
f 1503/2383 1446/2384 1501/2385
f 1448/2386 1504/2387 1502/2388
f 1503/2389 1505/2390 1446/2391
f 1506/2392 1504/2393 1448/2394
f 1505/2395 1507/2396 1446/2397
f 1508/2398 1506/2399 1448/2400
f 1509/2401 1446/2402 1507/2403
f 1448/2404 1510/2405 1508/2406
f 1446/2407 1509/2408 1447/2409
f 1510/2410 1448/2411 1450/2412
f 1511/2413 1512/2414 1513/2415
f 1513/2416 1515/2417 1516/2418
f 1512/2419 1517/2420 1518/2421
f 1518/2422 1519/2423 1515/2424
f 1521/2425 1522/2426 1523/2427
f 1525/2428 1526/2429 1527/2430
f 1520/2431 1523/2432 1529/2433
f 1525/2434 1530/2435 1531/2436
f 1520/2437 1532/2438 1533/2439
f 1532/2440 1520/2441 1528/2442
f 1535/2443 1530/2444 1525/2445
f 1536/2446 1525/2447 1537/2448
f 1538/2449 1537/2450 1525/2451
f 1535/2452 1536/2453 1539/2454
f 1542/2455 1539/2456 1536/2457
f 1543/2458 1544/2459 1545/2460
f 1548/2461 1545/2462 1544/2463
f 1549/2464 1550/2465 1548/2466
f 1552/2467 1553/2468 1554/2469
f 1555/2470 1556/2471 1552/2472
f 1558/2473 1556/2474 1555/2475
f 1559/2476 1560/2477 1561/2478
f 1563/2479 1564/2480 1561/2481
f 1565/2482 1566/2483 1564/2484
f 1567/2485 1568/2486 1569/2487
f 1572/2488 1573/2489 1574/2490
f 1571/2491 1574/2492 1576/2493
f 1577/2494 1578/2495 1569/2496
f 1580/2497 1581/2498 1582/2499
f 1583/2500 1584/2501 1523/2502
f 1583/2503 1527/2504 1526/2505
f 1530/2506 1585/2507 1586/2508
f 1528/2509 1529/2510 1586/2511
f 1584/2512 1586/2513 1529/2514
f 1584/2515 1526/2516 1531/2517
f 1535/2518 1587/2519 1585/2520
f 1587/2521 1534/2522 1528/2523
f 1540/2524 1588/2525 1587/2526
f 1588/2527 1589/2528 1534/2529
f 1591/2530 1592/2531 1593/2532
f 1575/2533 1576/2534 1592/2535
f 1573/2536 1594/2537 1595/2538
f 1596/2539 1577/2540 1597/2541
f 1597/2542 1599/2543 1600/2544
f 1577/2545 1568/2546 1599/2547
f 1599/2548 1601/2549 1602/2550
f 1568/2551 1567/2552 1601/2553
f 1603/2554 1604/2555 1605/2556
f 1604/2557 1572/2558 1571/2559
f 1606/2560 1605/2561 1607/2562
f 1605/2563 1571/2564 1575/2565
f 1609/2566 1610/2567 1581/2568
f 1611/2569 1612/2570 1610/2571
f 1613/2572 1614/2573 1615/2574
f 1614/2575 1591/2576 1590/2577
f 1608/2578 1607/2579 1614/2580
f 1607/2581 1575/2582 1591/2583
f 1608/2584 1617/2585 1618/2586
f 1617/2587 1619/2588 1620/2589
f 1606/2590 1618/2591 1621/2592
f 1618/2593 1620/2594 1622/2595
f 1623/2596 1624/2597 1600/2598
f 1625/2599 1626/2600 1624/2601
f 1624/2602 1627/2603 1598/2604
f 1626/2605 1628/2606 1627/2607
f 1579/2608 1629/2609 1630/2610
f 1629/2611 1631/2612 1632/2613
f 1634/2614 1635/2615 1636/2616
f 1613/2617 1637/2618 1617/2619
f 1637/2620 1638/2621 1619/2622
f 1616/2623 1639/2624 1637/2625
f 1639/2626 1640/2627 1638/2628
f 1596/2629 1597/2630 1598/2631
f 1641/2632 1596/2633 1598/2634
f 1627/2635 1628/2636 1642/2637
f 1569/2638 1643/2639 1644/2640
f 1643/2641 1645/2642 1646/2643
f 1578/2644 1647/2645 1643/2646
f 1647/2647 1648/2648 1645/2649
f 1546/2650 1649/2651 1650/2652
f 1542/2653 1541/2654 1650/2655
f 1572/2656 1651/2657 1652/2658
f 1651/2659 1567/2660 1570/2661
f 1653/2662 1654/2663 1602/2664
f 1604/2665 1603/2666 1654/2667
f 1567/2668 1651/2669 1653/2670
f 1651/2671 1572/2672 1604/2673
f 1655/2674 1654/2675 1603/2676
f 1623/2677 1602/2678 1654/2679
f 1656/2680 1655/2681 1621/2682
f 1625/2683 1623/2684 1655/2685
f 1657/2686 1658/2687 1644/2688
f 1657/2689 1646/2690 1659/2691
f 1570/2692 1644/2693 1658/2694
f 1594/2695 1573/2696 1652/2697
f 1660/2698 1658/2699 1657/2700
f 1661/2701 1594/2702 1658/2703
f 1661/2704 1658/2705 1660/2706
f 1595/2707 1663/2708 1576/2709
f 1576/2710 1663/2711 1664/2712
f 1592/2713 1664/2714 1665/2715
f 1666/2716 1667/2717 1620/2718
f 1540/2719 1539/2720 1667/2721
f 1667/2722 1668/2723 1622/2724
f 1539/2725 1542/2726 1668/2727
f 1669/2728 1670/2729 1546/2730
f 1626/2731 1625/2732 1670/2733
f 1626/2734 1669/2735 1671/2736
f 1669/2737 1545/2738 1548/2739
f 1631/2740 1672/2741 1673/2742
f 1672/2743 1558/2744 1557/2745
f 1674/2746 1675/2747 1566/2748
f 1633/2749 1636/2750 1675/2751
f 1638/2752 1676/2753 1666/2754
f 1588/2755 1540/2756 1666/2757
f 1640/2758 1677/2759 1676/2760
f 1589/2761 1588/2762 1676/2763
f 1628/2764 1671/2765 1678/2766
f 1671/2767 1548/2768 1550/2769
f 1679/2770 1668/2771 1542/2772
f 1656/2773 1622/2774 1668/2775
f 1670/2776 1679/2777 1649/2778
f 1625/2779 1656/2780 1679/2781
f 1595/2782 1594/2783 1680/2784
f 1594/2785 1661/2786 1682/2787
f 1663/2788 1595/2789 1681/2790
f 1664/2791 1663/2792 1683/2793
f 1665/2794 1664/2795 1684/2796
f 1687/2797 1688/2798 1689/2799
f 1689/2800 1688/2801 1690/2802
f 1686/2803 1689/2804 1692/2805
f 1689/2806 1691/2807 1694/2808
f 1695/2809 1696/2810 1533/2811
f 1551/2812 1554/2813 1696/2814
f 1697/2815 1698/2816 1534/2817
f 1697/2818 1557/2819 1555/2820
f 1534/2821 1698/2822 1695/2823
f 1698/2824 1555/2825 1551/2826
f 1699/2827 1700/2828 1612/2829
f 1590/2830 1593/2831 1700/2832
f 1701/2833 1702/2834 1616/2835
f 1609/2836 1580/2837 1702/2838
f 1699/2839 1701/2840 1615/2841
f 1611/2842 1609/2843 1701/2844
f 1703/2845 1702/2846 1580/2847
f 1639/2848 1616/2849 1702/2850
f 1704/2851 1703/2852 1630/2853
f 1640/2854 1639/2855 1703/2856
f 1705/2857 1700/2858 1593/2859
f 1706/2860 1612/2861 1700/2862
f 1707/2863 1704/2864 1632/2865
f 1677/2866 1640/2867 1704/2868
f 1697/2869 1707/2870 1673/2871
f 1589/2872 1677/2873 1707/2874
f 1708/2875 1705/2876 1665/2877
f 1709/2878 1710/2879 1635/2880
f 1692/2881 1711/2882 1712/2883
f 1694/2884 1713/2885 1711/2886
f 1711/2887 1714/2888 1715/2889
f 1713/2890 1716/2891 1714/2892
f 1717/2893 1715/2894 1718/2895
f 1718/2896 1720/2897 1721/2898
f 1720/2899 1722/2900 1723/2901
f 1717/2902 1719/2903 1724/2904
f 1719/2905 1721/2906 1726/2907
f 1721/2908 1723/2909 1727/2910
f 1722/2911 1728/2912 1729/2913
f 1723/2914 1729/2915 1730/2916
f 1728/2917 1731/2918 1732/2919
f 1729/2920 1732/2921 1733/2922
f 1731/2923 1734/2924 1735/2925
f 1732/2926 1735/2927 1736/2928
f 1734/2929 1737/2930 1738/2931
f 1735/2932 1738/2933 1739/2934
f 1737/2935 1740/2936 1741/2937
f 1738/2938 1741/2939 1742/2940
f 1740/2941 1743/2942 1744/2943
f 1741/2944 1744/2945 1745/2946
f 1743/2947 1746/2948 1747/2949
f 1745/2950 1744/2951 1747/2952
f 1750/2953 1751/2954 1752/2955
f 1749/2956 1752/2957 1636/2958
f 1751/2959 1753/2960 1754/2961
f 1752/2962 1754/2963 1675/2964
f 1753/2965 1755/2966 1756/2967
f 1754/2968 1756/2969 1566/2970
f 1755/2971 1757/2972 1758/2973
f 1756/2974 1758/2975 1564/2976
f 1561/2977 1758/2978 1757/2979
f 1746/2980 1759/2981 1760/2982
f 1759/2983 1750/2984 1749/2985
f 1747/2986 1760/2987 1710/2988
f 1760/2989 1749/2990 1635/2991
f 1755/2992 1761/2993 1757/2994
f 1762/2995 1761/2996 1755/2997
f 1763/2998 1762/2999 1753/3000
f 1764/3001 1763/3002 1751/3003
f 1750/3004 1759/3005 1765/3006
f 1561/3007 1564/3008 1758/3009
f 1766/3010 1767/3011 1662/3012
f 1682/3013 1767/3014 1768/3015
f 1767/3016 1766/3017 1769/3018
f 1680/3019 1768/3020 1770/3021
f 1768/3022 1769/3023 1771/3024
f 1681/3025 1770/3026 1772/3027
f 1770/3028 1771/3029 1773/3030
f 1683/3031 1772/3032 1774/3033
f 1772/3034 1773/3035 1687/3036
f 1684/3037 1774/3038 1775/3039
f 1774/3040 1687/3041 1686/3042
f 1685/3043 1775/3044 1776/3045
f 1775/3046 1686/3047 1693/3048
f 1712/3049 1777/3050 1776/3051
f 1777/3052 1712/3053 1715/3054
f 1708/3055 1776/3056 1777/3057
f 1778/3058 1777/3059 1717/3060
f 1705/3061 1708/3062 1778/3063
f 1726/3064 1727/3065 1779/3066
f 1724/3067 1726/3068 1780/3069
f 1724/3070 1781/3071 1725/3072
f 1690/3073 1782/3074 1783/3075
f 1782/3076 1784/3077 1785/3078
f 1691/3079 1783/3080 1786/3081
f 1783/3082 1785/3083 1787/3084
f 1786/3085 1788/3086 1713/3087
f 1787/3088 1789/3089 1788/3090
f 1788/3091 1790/3092 1716/3093
f 1789/3094 1791/3095 1790/3096
f 1790/3097 1792/3098 1793/3099
f 1791/3100 1794/3101 1792/3102
f 1793/3103 1792/3104 1795/3105
f 1792/3106 1794/3107 1797/3108
f 1784/3109 1782/3110 1798/3111
f 1782/3112 1690/3113 1800/3114
f 1799/3115 1798/3116 1801/3117
f 1798/3118 1800/3119 1803/3120
f 1802/3121 1801/3122 1804/3123
f 1801/3124 1803/3125 1806/3126
f 1805/3127 1804/3128 1807/3129
f 1804/3130 1806/3131 1809/3132
f 1810/3133 1811/3134 1812/3135
f 1811/3136 1814/3137 1815/3138
f 1817/3139 1818/3140 1819/3141
f 1817/3142 1820/3143 1821/3144
f 1822/3145 1823/3146 1824/3147
f 1823/3148 1826/3149 1827/3150
f 1825/3151 1824/3152 1828/3153
f 1824/3154 1827/3155 1830/3156
f 1828/3157 1831/3158 1832/3159
f 1830/3160 1833/3161 1831/3162
f 1832/3163 1831/3164 1834/3165
f 1831/3166 1833/3167 1836/3168
f 1835/3169 1834/3170 1837/3171
f 1834/3172 1836/3173 1839/3174
f 1838/3175 1837/3176 1840/3177
f 1837/3178 1839/3179 1842/3180
f 1841/3181 1840/3182 1843/3183
f 1840/3184 1842/3185 1845/3186
f 1844/3187 1843/3188 1846/3189
f 1843/3190 1845/3191 1847/3192
f 1757/3193 1846/3194 1848/3195
f 1844/3196 1757/3197 1761/3198
f 1844/3199 1761/3200 1762/3201
f 1841/3202 1762/3203 1763/3204
f 1838/3205 1763/3206 1764/3207
f 1835/3208 1764/3209 1765/3210
f 1846/3211 1847/3212 1848/3213
f 1807/3214 1809/3215 1849/3216
f 1807/3217 1850/3218 1851/3219
f 1785/3220 1784/3221 1852/3222
f 1787/3223 1785/3224 1853/3225
f 1784/3226 1799/3227 1855/3228
f 1799/3229 1802/3230 1856/3231
f 1802/3232 1805/3233 1857/3234
f 1805/3235 1808/3236 1858/3237
f 1808/3238 1851/3239 1859/3240
f 1860/3241 1861/3242 1797/3243
f 1794/3244 1791/3245 1862/3246
f 1791/3247 1789/3248 1863/3249
f 1854/3250 1863/3251 1789/3252
f 1538/3253 1524/3254 1864/3255
f 1533/3256 1866/3257 1867/3258
f 1521/3259 1867/3260 1868/3261
f 1524/3262 1527/3263 1869/3264
f 1553/3265 1870/3266 1871/3267
f 1583/3268 1522/3269 1868/3270
f 1583/3271 1872/3272 1869/3273
f 1533/3274 1696/3275 1873/3276
f 1554/3277 1871/3278 1873/3279
f 1865/3280 1864/3281 1874/3282
f 1866/3283 1876/3284 1877/3285
f 1867/3286 1877/3287 1878/3288
f 1864/3289 1869/3290 1879/3291
f 1871/3292 1870/3293 1880/3294
f 1872/3295 1868/3296 1878/3297
f 1872/3298 1882/3299 1879/3300
f 1866/3301 1873/3302 1883/3303
f 1873/3304 1871/3305 1881/3306
f 1877/3307 1884/3308 1882/3309
f 1879/3310 1882/3311 1884/3312
f 1881/3313 1880/3314 1885/3315
f 1876/3316 1883/3317 1887/3318
f 1883/3319 1881/3320 1886/3321
f 1884/3322 1889/3323 1890/3324
f 1875/3325 1891/3326 1892/3327
f 1893/3328 1892/3329 1894/3330
f 1895/3331 1894/3332 1896/3333
f 1897/3334 1896/3335 1898/3336
f 1877/3337 1876/3338 1889/3339
f 1888/3340 1900/3341 1889/3342
f 1875/3343 1874/3344 1890/3345
f 1890/3346 1901/3347 1891/3348
f 1889/3349 1900/3350 1901/3351
f 1641/3352 1902/3353 1903/3354
f 1596/3355 1903/3356 1904/3357
f 1642/3358 1905/3359 1902/3360
f 1550/3361 1906/3362 1907/3363
f 1678/3364 1907/3365 1905/3366
f 1902/3367 1908/3368 1909/3369
f 1903/3370 1909/3371 1910/3372
f 1902/3373 1905/3374 1911/3375
f 1906/3376 1912/3377 1913/3378
f 1907/3379 1913/3380 1911/3381
f 1908/3382 1914/3383 1915/3384
f 1909/3385 1915/3386 1916/3387
f 1908/3388 1911/3389 1917/3390
f 1913/3391 1912/3392 1918/3393
f 1913/3394 1918/3395 1917/3396
f 1904/3397 1910/3398 1578/3399
f 1910/3400 1916/3401 1647/3402
f 1920/3403 1915/3404 1914/3405
f 1919/3406 1914/3407 1917/3408
f 1918/3409 1922/3410 1921/3411
f 1912/3412 1923/3413 1922/3414
f 1550/3415 1549/3416 1906/3417
f 1912/3418 1906/3419 1549/3420
f 1549/3421 1923/3422 1912/3423
f 1924/3424 1925/3425 1926/3426
f 1925/3427 1928/3428 1929/3429
f 1930/3430 1931/3431 1932/3432
f 1934/3433 1930/3434 1933/3435
f 1936/3436 1934/3437 1935/3438
f 1936/3439 1937/3440 1939/3441
f 1931/3442 1940/3443 1941/3444
f 1940/3445 1942/3446 1943/3447
f 1927/3448 1943/3449 1942/3450
f 1945/3451 1946/3452 1947/3453
f 1949/3454 1950/3455 1951/3456
f 1946/3457 1949/3458 1948/3459
f 1952/3460 1953/3461 1954/3462
f 1955/3463 1954/3464 1956/3465
f 1956/3466 1958/3467 1959/3468
f 1958/3469 1960/3470 1961/3471
f 1962/3472 1963/3473 1953/3474
f 1964/3475 1965/3476 1963/3477
f 1950/3478 1965/3479 1964/3480
f 1966/3481 1967/3482 1886/3483
f 1944/3484 1947/3485 1967/3486
f 1968/3487 1969/3488 1888/3489
f 1948/3490 1951/3491 1969/3492
f 1967/3493 1968/3494 1887/3495
f 1947/3496 1948/3497 1968/3498
f 1891/3499 1970/3500 1971/3501
f 1970/3502 1952/3503 1955/3504
f 1892/3505 1971/3506 1972/3507
f 1971/3508 1955/3509 1957/3510
f 1894/3511 1972/3512 1973/3513
f 1972/3514 1957/3515 1959/3516
f 1896/3517 1973/3518 1974/3519
f 1973/3520 1959/3521 1961/3522
f 1901/3523 1975/3524 1970/3525
f 1975/3526 1962/3527 1952/3528
f 1900/3529 1976/3530 1975/3531
f 1976/3532 1964/3533 1962/3534
f 1969/3535 1976/3536 1900/3537
f 1951/3538 1964/3539 1976/3540
f 1953/3541 1977/3542 1978/3543
f 1954/3544 1978/3545 1979/3546
f 1956/3547 1979/3548 1980/3549
f 1980/3550 1981/3551 1960/3552
f 1978/3553 1982/3554 1983/3555
f 1979/3556 1983/3557 1984/3558
f 1980/3559 1984/3560 1985/3561
f 1987/3562 1988/3563 1989/3564
f 1990/3565 1991/3566 1927/3567
f 1992/3568 1993/3569 1991/3570
f 1989/3571 1990/3572 1926/3573
f 1988/3574 1992/3575 1990/3576
f 1994/3577 1995/3578 1933/3579
f 1933/3580 1995/3581 1996/3582
f 1935/3583 1996/3584 1997/3585
f 1937/3586 1997/3587 1998/3588
f 1999/3589 1994/3590 1932/3591
f 2000/3592 1999/3593 1941/3594
f 1991/3595 2000/3596 1943/3597
f 1993/3598 2001/3599 2000/3600
f 2002/3601 2003/3602 1995/3603
f 2004/3604 2005/3605 2003/3606
f 2003/3607 2006/3608 1996/3609
f 2005/3610 2007/3611 2006/3612
f 1996/3613 2006/3614 2008/3615
f 2006/3616 2007/3617 2009/3618
f 1997/3619 2008/3620 2010/3621
f 2008/3622 2009/3623 2011/3624
f 2012/3625 2002/3626 1994/3627
f 2013/3628 2004/3629 2002/3630
f 2013/3631 2012/3632 2001/3633
f 2001/3634 2012/3635 1999/3636
f 1982/3637 1978/3638 1977/3639
f 1562/3640 1848/3641 2014/3642
f 2015/3643 2014/3644 1848/3645
f 2016/3646 2015/3647 1847/3648
f 1842/3649 2017/3650 2016/3651
f 1839/3652 2018/3653 2017/3654
f 2019/3655 2020/3656 1946/3657
f 2021/3658 1928/3659 2020/3660
f 2022/3661 2023/3662 1950/3663
f 1925/3664 1924/3665 2023/3666
f 2020/3667 2022/3668 1949/3669
f 1928/3670 1925/3671 2022/3672
f 1965/3673 2024/3674 2025/3675
f 1942/3676 1940/3677 2025/3678
f 2023/3679 2024/3680 1965/3681
f 1924/3682 1942/3683 2024/3684
f 1963/3685 2025/3686 1977/3687
f 2025/3688 1940/3689 1931/3690
f 1836/3691 2026/3692 2018/3693
f 1833/3694 2027/3695 2026/3696
f 2028/3697 2029/3698 1899/3699
f 2028/3700 2030/3701 2031/3702
f 1960/3703 2032/3704 2033/3705
f 2032/3706 2034/3707 2035/3708
f 1974/3709 2036/3710 2028/3711
f 2036/3712 2037/3713 2030/3714
f 1961/3715 2033/3716 2036/3717
f 2033/3718 2035/3719 2037/3720
f 2034/3721 2038/3722 2039/3723
f 2038/3724 1981/3725 1985/3726
f 2038/3727 2034/3728 2032/3729
f 2041/3730 2042/3731 1939/3732
f 2043/3733 2044/3734 2042/3735
f 2041/3736 2045/3737 2046/3738
f 1998/3739 2010/3740 2045/3741
f 2042/3742 2044/3743 2047/3744
f 2048/3745 2046/3746 2045/3747
f 1981/3748 2038/3749 2032/3750
f 1938/3751 1939/3752 2042/3753
f 2010/3754 2011/3755 2048/3756
f 2050/3757 2051/3758 2052/3759
f 2053/3760 2054/3761 2051/3762
f 2055/3763 2056/3764 2057/3765
f 2060/3766 2061/3767 2062/3768
f 2055/3769 2058/3770 2061/3771
f 2056/3772 2063/3773 2064/3774
f 2063/3775 2065/3776 2066/3777
f 2058/3778 2057/3779 2067/3780
f 2058/3781 2068/3782 2069/3783
f 2057/3784 2064/3785 2070/3786
f 2062/3787 2061/3788 2071/3789
f 2064/3790 2066/3791 2072/3792
f 2068/3793 2067/3794 2074/3795
f 2069/3796 2068/3797 2075/3798
f 2061/3799 2069/3800 2076/3801
f 2070/3802 2064/3803 2073/3804
f 2067/3805 2070/3806 2077/3807
f 2073/3808 2072/3809 2078/3810
f 2075/3811 2074/3812 2079/3813
f 2075/3814 2079/3815 2080/3816
f 2076/3817 2080/3818 2081/3819
f 2077/3820 2073/3821 2078/3822
f 2077/3823 2078/3824 2079/3825
f 2059/3826 2062/3827 2054/3828
f 2051/3829 2082/3830 2083/3831
f 2051/3832 2054/3833 2082/3834
f 2084/3835 2071/3836 2081/3837
f 2084/3838 2054/3839 2071/3840
f 2082/3841 2054/3842 2084/3843
f 2082/3844 2085/3845 2086/3846
f 2086/3847 2085/3848 2087/3849
f 2085/3850 2084/3851 2081/3852
f 2089/3853 2080/3854 2079/3855
f 2087/3856 2089/3857 2090/3858
f 2089/3859 2091/3860 2092/3861
f 2091/3862 2093/3863 2094/3864
f 1862/3865 2095/3866 2096/3867
f 1862/3868 1863/3869 2095/3870
f 1854/3871 2095/3872 1863/3873
f 1853/3874 2097/3875 2095/3876
f 2098/3877 2097/3878 1853/3879
f 1736/3880 1739/3881 1582/3882
f 1610/3883 1733/3884 1736/3885
f 1612/3886 1730/3887 1733/3888
f 1706/3889 1727/3890 1730/3891
f 1725/3892 1781/3893 1705/3894
f 1781/3895 1706/3896 1705/3897
f 1706/3898 1781/3899 1780/3900
f 1706/3901 1780/3902 1779/3903
f 1706/3904 1779/3905 1727/3906
f 1930/3907 2099/3908 1931/3909
f 2099/3910 1982/3911 1931/3912
f 1982/3913 2099/3914 2100/3915
f 1930/3916 1934/3917 2100/3918
f 1983/3919 2100/3920 2101/3921
f 2100/3922 1934/3923 1936/3924
f 1984/3925 2101/3926 2102/3927
f 2101/3928 1936/3929 1938/3930
f 2047/3931 2103/3932 2102/3933
f 2103/3934 2039/3935 1985/3936
f 2044/3937 2040/3938 2103/3939
f 2040/3940 2039/3941 2103/3942
f 2048/3943 2011/3944 2104/3945
f 2046/3946 2048/3947 2105/3948
f 2105/3949 2104/3950 2107/3951
f 2106/3952 2105/3953 2108/3954
f 2108/3955 2107/3956 2110/3957
f 2109/3958 2108/3959 2111/3960
f 2093/3961 2113/3962 2114/3963
f 2115/3964 2072/3965 2066/3966
f 2030/3967 2116/3968 2117/3969
f 2116/3970 2050/3971 2049/3972
f 2034/3973 2118/3974 2119/3975
f 2118/3976 2060/3977 2059/3978
f 2040/3979 2120/3980 2118/3981
f 2120/3982 2055/3983 2060/3984
f 2037/3985 2121/3986 2116/3987
f 2121/3988 2053/3989 2050/3990
f 2035/3991 2119/3992 2121/3993
f 2119/3994 2059/3995 2053/3996
f 2122/3997 2123/3998 2044/3999
f 2063/4000 2056/4001 2123/4002
f 2124/4003 2122/4004 2043/4005
f 2065/4006 2063/4007 2122/4008
f 2055/4009 2120/4010 2123/4011
f 2120/4012 2040/4013 2044/4014
f 2065/4015 2124/4016 2125/4017
f 2124/4018 2046/4019 2106/4020
f 2115/4021 2125/4022 2126/4023
f 2125/4024 2106/4025 2109/4026
f 2113/4027 2126/4028 2127/4029
f 2126/4030 2109/4031 2112/4032
f 2115/4033 2113/4034 2093/4035
f 2128/4036 2129/4037 1850/4038
f 2129/4039 2130/4040 1851/4041
f 2130/4042 2131/4043 1859/4044
f 2131/4045 2132/4046 1858/4047
f 2132/4048 2133/4049 1857/4050
f 1857/4051 2133/4052 2134/4053
f 1856/4054 2134/4055 2135/4056
f 1855/4057 2135/4058 2098/4059
f 1929/4060 2136/4061 1986/4062
f 1928/4063 2021/4064 2136/4065
f 1560/4066 1559/4067 2138/4068
f 2139/4069 1563/4070 1560/4071
f 2140/4072 1565/4073 1563/4074
f 2141/4075 2142/4076 1709/4077
f 2143/4078 2141/4079 1634/4080
f 1674/4081 2144/4082 2143/4083
f 2140/4084 2144/4085 1674/4086
f 2138/4087 1559/4088 2014/4089
f 2145/4090 2014/4091 2015/4092
f 2015/4093 2016/4094 2147/4095
f 2148/4096 2018/4097 2026/4098
f 2017/4099 2018/4100 2148/4101
f 2016/4102 2017/4103 2150/4104
f 2149/4105 2026/4106 2027/4107
f 2152/4108 2153/4109 1553/4110
f 2137/4111 2138/4112 2153/4113
f 1556/4114 2154/4115 2152/4116
f 2139/4117 2137/4118 2152/4119
f 2155/4120 2154/4121 1556/4122
f 2140/4123 2139/4124 2154/4125
f 2156/4126 2157/4127 2142/4128
f 1629/4129 1579/4130 2157/4131
f 2158/4132 2156/4133 2141/4134
f 1631/4135 1629/4136 2156/4137
f 2159/4138 2158/4139 2143/4140
f 1672/4141 1631/4142 2158/4143
f 2155/4144 2159/4145 2144/4146
f 1558/4147 1672/4148 2159/4149
f 1553/4150 2153/4151 2160/4152
f 2153/4153 2138/4154 2145/4155
f 1870/4156 2160/4157 2161/4158
f 2160/4159 2145/4160 2146/4161
f 1880/4162 2161/4163 2162/4164
f 2161/4165 2146/4166 2147/4167
f 1944/4168 2163/4169 2164/4170
f 2148/4171 2149/4172 2164/4173
f 1966/4174 2165/4175 2163/4176
f 2165/4177 2150/4178 2148/4179
f 1885/4180 2162/4181 2165/4182
f 2162/4183 2147/4184 2150/4185
f 1945/4186 2164/4187 2166/4188
f 2149/4189 2151/4190 2166/4191
f 1579/4192 1582/4193 2157/4194
f 1818/4195 2167/4196 2168/4197
f 2167/4198 1823/4199 1822/4200
f 2169/4201 2167/4202 1818/4203
f 1826/4204 1823/4205 2167/4206
f 2170/4207 2021/4208 2019/4209
f 2171/4210 2172/4211 2129/4212
f 2171/4213 2110/4214 2107/4215
f 2172/4216 2173/4217 2130/4218
f 2107/4219 2104/4220 2173/4221
f 2173/4222 2174/4223 2131/4224
f 2104/4225 2011/4226 2174/4227
f 2174/4228 2175/4229 2132/4230
f 2174/4231 2011/4232 2009/4233
f 2132/4234 2175/4235 2176/4236
f 2175/4237 2009/4238 2007/4239
f 2133/4240 2176/4241 2177/4242
f 2176/4243 2007/4244 2005/4245
f 2134/4246 2177/4247 2178/4248
f 2177/4249 2005/4250 2004/4251
f 2135/4252 2178/4253 2179/4254
f 2178/4255 2004/4256 2013/4257
f 2001/4258 2180/4259 2179/4260
f 2180/4261 2097/4262 2098/4263
f 1993/4264 2181/4265 2180/4266
f 2181/4267 2095/4268 2097/4269
f 1987/4270 2182/4271 2183/4272
f 2182/4273 2184/4274 2185/4275
f 1988/4276 2183/4277 2186/4278
f 2183/4279 2185/4280 2096/4281
f 1992/4282 2186/4283 2181/4284
f 2186/4285 2096/4286 2095/4287
f 2136/4288 2170/4289 2187/4290
f 1986/4291 2187/4292 2182/4293
f 2170/4294 2136/4295 2021/4296
f 2188/4297 1833/4298 1830/4299
f 2188/4300 2189/4301 2027/4302
f 2190/4303 2191/4304 2189/4305
f 2189/4306 2192/4307 2151/4308
f 2191/4309 2193/4310 2192/4311
f 2195/4312 2192/4313 2193/4314
f 2166/4315 2151/4316 2192/4317
f 2195/4318 2194/4319 2187/4320
f 2195/4321 2187/4322 2170/4323
f 2194/4324 2184/4325 2182/4326
f 2196/4327 2197/4328 1796/4329
f 1811/4330 1810/4331 2197/4332
f 2198/4333 2196/4334 1795/4335
f 1814/4336 1811/4337 2196/4338
f 1820/4339 2199/4340 2200/4341
f 2199/4342 2201/4343 2202/4344
f 1826/4345 2203/4346 2204/4347
f 2203/4348 2205/4349 2206/4350
f 1827/4351 2204/4352 2207/4353
f 2204/4354 2206/4355 2208/4356
f 1861/4357 2209/4358 2198/4359
f 2209/4360 1815/4361 1814/4362
f 2169/4363 2210/4364 2203/4365
f 2210/4366 2211/4367 2205/4368
f 1821/4369 2200/4370 2210/4371
f 2202/4372 2211/4373 2210/4374
f 1830/4375 2207/4376 2188/4377
f 2207/4378 2208/4379 2188/4380
f 2201/4381 2212/4382 2213/4383
f 2212/4384 2185/4385 2184/4386
f 2096/4387 2214/4388 1860/4389
f 2214/4390 1861/4391 1860/4392
f 2215/4393 2216/4394 2208/4395
f 2215/4396 2191/4397 2190/4398
f 2205/4399 2217/4400 2215/4401
f 2217/4402 2193/4403 2191/4404
f 2194/4405 2218/4406 2213/4407
f 2218/4408 2211/4409 2202/4410
f 2193/4411 2217/4412 2218/4413
f 2217/4414 2205/4415 2211/4416
f 2208/4417 2216/4418 2188/4419
f 2216/4420 2190/4421 2188/4422
f 2219/4423 2220/4424 1813/4425
f 1817/4426 1816/4427 2220/4428
f 2221/4429 2219/4430 1812/4431
f 1820/4432 1817/4433 2219/4434
f 2209/4435 2222/4436 2221/4437
f 2199/4438 1820/4439 2221/4440
f 1861/4441 2223/4442 2222/4443
f 2201/4444 2199/4445 2222/4446
f 2224/4447 2223/4448 1861/4449
f 2212/4450 2201/4451 2223/4452
f 2224/4453 2096/4454 2185/4455
f 2212/4456 2224/4457 2185/4458
f 2224/4459 2214/4460 2096/4461
f 1709/4462 2225/4463 1710/4464
f 2142/4465 2226/4466 2225/4467
f 2226/4468 1742/4469 1745/4470
f 2225/4471 1745/4472 1748/4473
f 1582/4474 1739/4475 1742/4476
f 2226/4477 2142/4478 2157/4479
f 2227/4480 2228/4481 2229/4482
f 2231/4483 2227/4484 2230/4485
f 2233/4486 2231/4487 2232/4488
f 2235/4489 2233/4490 2234/4491
f 2235/4492 2236/4493 2238/4494
f 2240/4495 2241/4496 2242/4497
f 2243/4498 2244/4499 2241/4500
f 2245/4501 2246/4502 2244/4503
f 2247/4504 2248/4505 2246/4506
f 2249/4507 2250/4508 2248/4509
f 2251/4510 2252/4511 2250/4512
f 2254/4513 2255/4514 2256/4515
f 2258/4516 2259/4517 2260/4518
f 2261/4519 2262/4520 2259/4521
f 2263/4522 2264/4523 2262/4524
f 2257/4525 2260/4526 2255/4527
f 2265/4528 2266/4529 2264/4530
f 2265/4531 2267/4532 2268/4533
f 2269/4534 2270/4535 2271/4536
f 2273/4537 2269/4538 2272/4539
f 2275/4540 2276/4541 2268/4542
f 2277/4543 2278/4544 2252/4545
f 2253/4546 2256/4547 2278/4548
f 2275/4549 2279/4550 2280/4551
f 2279/4552 2273/4553 2274/4554
f 2281/4555 2237/4556 2238/4557
f 2270/4558 2283/4559 2284/4560
f 2283/4561 2281/4562 2282/4563
f 2286/4564 2287/4565 2288/4566
f 2289/4567 2290/4568 2287/4569
f 2292/4570 2293/4571 2294/4572
f 2228/4573 2291/4574 2294/4575
f 2289/4576 2295/4577 2296/4578
f 2295/4579 2239/4580 2242/4581
f 2297/4582 1648/4583 1647/4584
f 1767/4585 1682/4586 1661/4587
f 2298/4588 1916/4589 1915/4590
f 1916/4591 2298/4592 2297/4593
f 2299/4594 2285/4595 2288/4596
f 2301/4597 2302/4598 2303/4599
f 2301/4600 2304/4601 2306/4602
f 2305/4603 2306/4604 2308/4605
f 2310/4606 2311/4607 2312/4608
f 2313/4609 2314/4610 2311/4611
f 2309/4612 2312/4613 2316/4614
f 2315/4615 2316/4616 2318/4617
f 2317/4618 2318/4619 2320/4620
f 2302/4621 2321/4622 2322/4623
f 2321/4624 2299/4625 2300/4626
f 2323/4627 2319/4628 2320/4629
f 2325/4630 2323/4631 2324/4632
f 2325/4633 2326/4634 2328/4635
f 2327/4636 2328/4637 2330/4638
f 2329/4639 2330/4640 2293/4641
f 2331/4642 2332/4643 2333/4644
f 2332/4645 2335/4646 2336/4647
f 2335/4648 2307/4649 2308/4650
f 2337/4651 2338/4652 2314/4653
f 2337/4654 2339/4655 2340/4656
f 2339/4657 2341/4658 2342/4659
f 2341/4660 2343/4661 2344/4662
f 2343/4663 2331/4664 2334/4665
f 2346/4666 2347/4667 2348/4668
f 2349/4669 2345/4670 2348/4671
f 2351/4672 2352/4673 2353/4674
f 2355/4675 2356/4676 2353/4677
f 2357/4678 2349/4679 2350/4680
f 2357/4681 2358/4682 2360/4683
f 2361/4684 2359/4685 2360/4686
f 2363/4687 2361/4688 2362/4689
f 2365/4690 2363/4691 2364/4692
f 2365/4693 2366/4694 2368/4695
f 2367/4696 2368/4697 2370/4698
f 2371/4699 2369/4700 2370/4701
f 2373/4702 2371/4703 2372/4704
f 2375/4705 2376/4706 2377/4707
f 2380/4708 2381/4709 2382/4710
f 2383/4711 2384/4712 2385/4713
f 2387/4714 2388/4715 2385/4716
f 2389/4717 2390/4718 2388/4719
f 2380/4720 2391/4721 2392/4722
f 2383/4723 2386/4724 2392/4725
f 2393/4726 2394/4727 2356/4728
f 2375/4729 2378/4730 2394/4731
f 2376/4732 2395/4733 2396/4734
f 2379/4735 2382/4736 2396/4737
f 2346/4738 2397/4739 2398/4740
f 2351/4741 2354/4742 2398/4743
f 2389/4744 2399/4745 2400/4746
f 2373/4747 2374/4748 2400/4749
f 2079/4750 2078/4751 2091/4752
f 2072/4753 2093/4754 2091/4755
f 2087/4756 2081/4757 2080/4758
f 2401/4759 2402/4760 2403/4761
f 2405/4762 2406/4763 2407/4764
f 2409/4765 2410/4766 2407/4767
f 2411/4768 2412/4769 2409/4770
f 2412/4771 2411/4772 2414/4773
f 2415/4774 2407/4775 2410/4776
f 2418/4777 2419/4778 2420/4779
f 2421/4780 2422/4781 2419/4782
f 2423/4783 2424/4784 2422/4785
f 2425/4786 2426/4787 2427/4788
f 2426/4789 2429/4790 2430/4791
f 2429/4792 2431/4793 2432/4794
f 2433/4795 2434/4796 2426/4797
f 2434/4798 2435/4799 2429/4800
f 2435/4801 2436/4802 2431/4803
f 2437/4804 2438/4805 2434/4806
f 2438/4807 2439/4808 2435/4809
f 2439/4810 2440/4811 2436/4812
f 2441/4813 2442/4814 2438/4815
f 2442/4816 2443/4817 2439/4818
f 2444/4819 2440/4820 2439/4821
f 2442/4822 2445/4823 2446/4824
f 2444/4825 2443/4826 2446/4827
f 2442/4828 2441/4829 2445/4830
f 2420/4831 2419/4832 2447/4833
f 2422/4834 2449/4835 2447/4836
f 2424/4837 2450/4838 2449/4839
f 2447/4840 2451/4841 2452/4842
f 2449/4843 2453/4844 2451/4845
f 2450/4846 2454/4847 2453/4848
f 2451/4849 2455/4850 2456/4851
f 2451/4852 2453/4853 2457/4854
f 2453/4855 2454/4856 2458/4857
f 2459/4858 2460/4859 2455/4860
f 2458/4861 2459/4862 2457/4863
f 2455/4864 2460/4865 2456/4866
f 2462/4867 2463/4868 2464/4869
f 2465/4870 2466/4871 2463/4872
f 2465/4873 2467/4874 2468/4875
f 2463/4876 2469/4877 2470/4878
f 2466/4879 2471/4880 2469/4881
f 2466/4882 2468/4883 2472/4884
f 2469/4885 2473/4886 2474/4887
f 2471/4888 2475/4889 2473/4890
f 2472/4891 2476/4892 2475/4893
f 2473/4894 2477/4895 2478/4896
f 2475/4897 2479/4898 2477/4899
f 2476/4900 2480/4901 2479/4902
f 2477/4903 2481/4904 2482/4905
f 2479/4906 2483/4907 2481/4908
f 2480/4909 2484/4910 2483/4911
f 2481/4912 2485/4913 2486/4914
f 2483/4915 2487/4916 2485/4917
f 2484/4918 2488/4919 2487/4920
f 2486/4921 2485/4922 2489/4923
f 2487/4924 2491/4925 2489/4926
f 2488/4927 2492/4928 2491/4929
f 2490/4930 2489/4931 2493/4932
f 2491/4933 2494/4934 2493/4935
f 2492/4936 2428/4937 2494/4938
f 2495/4939 2496/4940 2497/4941
f 2498/4942 2499/4943 2497/4944
f 2500/4945 2423/4946 2499/4947
f 2501/4948 2502/4949 2496/4950
f 2503/4951 2498/4952 2496/4953
f 2504/4954 2500/4955 2498/4956
f 2505/4957 2506/4958 2502/4959
f 2507/4960 2503/4961 2502/4962
f 2508/4963 2504/4964 2503/4965
f 2509/4966 2510/4967 2506/4968
f 2511/4969 2507/4970 2506/4971
f 2512/4972 2508/4973 2507/4974
f 2511/4975 2510/4976 2513/4977
f 2512/4978 2511/4979 2514/4980
f 2510/4981 2509/4982 2513/4983
f 2515/4984 2494/4985 2428/4986
f 2516/4987 2493/4988 2494/4989
f 2418/4990 2417/4991 2493/4992
f 2517/4993 2515/4994 2427/4995
f 2518/4996 2516/4997 2515/4998
f 2421/4999 2418/5000 2516/5001
f 2497/5002 2517/5003 2430/5004
f 2499/5005 2518/5006 2517/5007
f 2423/5008 2421/5009 2518/5010
f 2519/5011 2520/5012 2521/5013
f 2520/5014 2523/5015 2524/5016
f 2523/5017 2461/5018 2525/5019
f 2522/5020 2521/5021 2526/5022
f 2521/5023 2524/5024 2528/5025
f 2524/5026 2525/5027 2529/5028
f 2527/5029 2526/5030 2530/5031
f 2526/5032 2528/5033 2532/5034
f 2528/5035 2529/5036 2533/5037
f 2530/5038 2534/5039 2535/5040
f 2532/5041 2536/5042 2534/5043
f 2532/5044 2533/5045 2537/5046
f 2538/5047 2539/5048 2534/5049
f 2537/5050 2538/5051 2536/5052
f 2534/5053 2539/5054 2535/5055
f 2541/5056 2542/5057 2543/5058
f 2544/5059 2541/5060 2540/5061
f 2543/5062 2542/5063 2545/5064
f 2545/5065 2546/5066 2547/5067
f 2547/5068 2548/5069 2540/5070
f 2548/5071 2549/5072 2544/5073
f 2546/5074 2550/5075 2551/5076
f 2551/5077 2552/5078 2548/5079
f 2552/5080 2553/5081 2549/5082
f 2554/5083 2551/5084 2550/5085
f 2555/5086 2552/5087 2551/5088
f 2555/5089 2556/5090 2553/5091
f 2465/5092 2557/5093 2554/5094
f 2557/5095 2558/5096 2555/5097
f 2558/5098 2559/5099 2556/5100
f 2462/5101 2560/5102 2557/5103
f 2560/5104 2561/5105 2558/5106
f 2561/5107 2562/5108 2559/5109
f 2461/5110 2523/5111 2560/5112
f 2523/5113 2520/5114 2561/5115
f 2520/5116 2519/5117 2562/5118
f 2531/5119 2563/5120 2564/5121
f 2527/5122 2564/5123 2565/5124
f 2535/5125 2566/5126 2563/5127
f 2539/5128 2567/5129 2566/5130
f 2568/5131 2567/5132 2539/5133
f 2569/5134 2570/5135 2537/5136
f 2571/5137 2569/5138 2533/5139
f 2572/5140 2571/5141 2529/5142
f 2573/5143 2572/5144 2525/5145
f 2574/5146 2573/5147 2461/5148
f 2575/5149 2574/5150 2464/5151
f 2576/5152 2575/5153 2470/5154
f 2577/5155 2576/5156 2474/5157
f 2578/5158 2577/5159 2478/5160
f 2579/5161 2578/5162 2482/5163
f 2580/5164 2579/5165 2486/5166
f 2581/5167 2580/5168 2490/5169
f 2467/5170 2582/5171 2583/5172
f 2468/5173 2583/5174 2584/5175
f 2472/5176 2584/5177 2585/5178
f 2476/5179 2585/5180 2586/5181
f 2480/5182 2586/5183 2587/5184
f 2484/5185 2587/5186 2588/5187
f 2488/5188 2588/5189 2589/5190
f 2522/5191 2565/5192 2590/5193
f 2420/5194 2591/5195 2581/5196
f 2492/5197 2589/5198 2592/5199
f 2425/5200 2593/5201 2594/5202
f 2594/5203 2595/5204 2437/5205
f 2596/5206 2597/5207 2445/5208
f 2597/5209 2598/5210 2446/5211
f 2598/5212 2599/5213 2444/5214
f 2444/5215 2599/5216 2600/5217
f 2440/5218 2600/5219 2601/5220
f 2436/5221 2601/5222 2602/5223
f 2431/5224 2602/5225 2603/5226
f 2604/5227 2605/5228 2546/5229
f 2542/5230 2606/5231 2604/5232
f 2541/5233 2607/5234 2606/5235
f 2544/5236 2608/5237 2607/5238
f 2549/5239 2609/5240 2608/5241
f 2553/5242 2610/5243 2609/5244
f 2556/5245 2611/5246 2610/5247
f 2605/5248 2612/5249 2550/5250
f 2550/5251 2612/5252 2582/5253
f 2570/5254 2568/5255 2538/5256
f 2448/5257 2613/5258 2591/5259
f 2452/5260 2614/5261 2613/5262
f 2456/5263 2615/5264 2614/5265
f 2460/5266 2616/5267 2615/5268
f 2459/5269 2617/5270 2616/5271
f 2618/5272 2619/5273 2458/5274
f 2620/5275 2618/5276 2454/5277
f 2621/5278 2620/5279 2450/5280
f 2622/5281 2621/5282 2424/5283
f 2428/5284 2592/5285 2593/5286
f 2595/5287 2596/5288 2441/5289
f 2619/5290 2617/5291 2459/5292
f 2603/5293 2623/5294 2495/5295
f 2623/5296 2624/5297 2501/5298
f 2624/5299 2625/5300 2505/5301
f 2625/5302 2626/5303 2509/5304
f 2626/5305 2627/5306 2513/5307
f 2513/5308 2627/5309 2628/5310
f 2514/5311 2628/5312 2629/5313
f 2512/5314 2629/5315 2630/5316
f 2508/5317 2630/5318 2631/5319
f 2504/5320 2631/5321 2632/5322
f 2632/5323 2622/5324 2423/5325
f 2519/5326 2590/5327 2633/5328
f 2562/5329 2633/5330 2634/5331
f 2559/5332 2634/5333 2611/5334
f 4/5335 1/5336 3/5337
f 4/5338 3/5339 6/5340
f 8/5341 6/5342 7/5343
f 12/5344 9/5345 11/5346
f 13/5347 9/5348 14/5349
f 13/5350 14/5351 16/5352
f 50/5353 51/5354 53/5355
f 54/5356 55/5357 57/5358
f 52/5359 51/5360 24/5361
f 57/5362 58/5363 54/5364
f 53/5365 60/5366 50/5367
f 55/5368 62/5369 56/5370
f 64/5371 59/5372 65/5373
f 67/5374 66/5375 60/5376
f 62/5377 68/5378 63/5379
f 70/5380 23/5381 71/5382
f 72/5383 64/5384 73/5385
f 75/5386 74/5387 67/5388
f 68/5389 76/5390 69/5391
f 79/5392 29/5393 78/5394
f 81/5395 79/5396 80/5397
f 82/5398 30/5399 83/5400
f 20/5401 70/5402 21/5403
f 85/5404 84/5405 73/5406
f 81/5407 80/5408 87/5409
f 17/5410 74/5411 18/5412
f 77/5413 76/5414 89/5415
f 82/5416 83/5417 91/5418
f 87/5419 86/5420 93/5421
f 94/5422 95/5423 90/5424
f 17/5425 19/5426 97/5427
f 89/5428 88/5429 99/5430
f 101/5431 93/5432 100/5433
f 102/5434 84/5435 103/5436
f 104/5437 97/5438 105/5439
f 106/5440 107/5441 94/5442
f 101/5443 100/5444 109/5445
f 99/5446 98/5447 111/5448
f 26/5449 104/5450 27/5451
f 112/5452 113/5453 106/5454
f 109/5455 108/5456 115/5457
f 111/5458 110/5459 117/5460
f 118/5461 102/5462 119/5463
f 121/5464 120/5465 28/5466
f 112/5467 122/5468 113/5469
f 115/5470 114/5471 125/5472
f 127/5473 126/5474 121/5475
f 122/5476 128/5477 123/5478
f 125/5479 124/5480 131/5481
f 131/5482 130/5483 128/5484
f 116/5485 132/5486 117/5487
f 132/5488 134/5489 133/5490
f 136/5491 118/5492 137/5493
f 135/5494 134/5495 139/5496
f 139/5497 138/5498 141/5499
f 142/5500 136/5501 143/5502
f 141/5503 140/5504 145/5505
f 144/5506 146/5507 145/5508
f 148/5509 142/5510 149/5511
f 153/5512 150/5513 152/5514
f 152/5515 151/5516 155/5517
f 157/5518 156/5519 153/5520
f 155/5521 154/5522 159/5523
f 161/5524 160/5525 157/5526
f 159/5527 158/5528 163/5529
f 165/5530 164/5531 161/5532
f 162/5533 166/5534 163/5535
f 168/5536 164/5537 169/5538
f 170/5539 168/5540 171/5541
f 167/5542 166/5543 173/5544
f 175/5545 174/5546 171/5547
f 176/5548 174/5549 177/5550
f 173/5551 172/5552 179/5553
f 181/5554 180/5555 177/5556
f 183/5557 182/5558 181/5559
f 179/5560 178/5561 185/5562
f 186/5563 182/5564 187/5565
f 188/5566 186/5567 189/5568
f 185/5569 184/5570 191/5571
f 192/5572 188/5573 193/5574
f 195/5575 194/5576 193/5577
f 190/5578 196/5579 191/5580
f 33/5581 32/5582 199/5583
f 200/5584 201/5585 198/5586
f 32/5587 34/5588 203/5589
f 200/5590 204/5591 201/5592
f 207/5593 203/5594 206/5595
f 204/5596 208/5597 205/5598
f 211/5599 207/5600 210/5601
f 212/5602 213/5603 208/5604
f 215/5605 211/5606 214/5607
f 212/5608 216/5609 213/5610
f 219/5611 215/5612 218/5613
f 216/5614 220/5615 217/5616
f 219/5617 218/5618 223/5619
f 220/5620 224/5621 221/5622
f 223/5623 222/5624 227/5625
f 224/5626 228/5627 225/5628
f 228/5629 227/5630 229/5631
f 233/5632 230/5633 232/5634
f 235/5635 234/5636 233/5637
f 231/5638 236/5639 232/5640
f 41/5641 234/5642 42/5643
f 236/5644 238/5645 237/5646
f 240/5647 241/5648 43/5649
f 239/5650 238/5651 46/5652
f 38/5653 40/5654 240/5655
f 44/5656 242/5657 45/5658
f 243/5659 242/5660 245/5661
f 35/5662 37/5663 244/5664
f 35/5665 246/5666 36/5667
f 246/5668 248/5669 247/5670
f 250/5671 251/5672 253/5673
f 255/5674 253/5675 254/5676
f 250/5677 256/5678 251/5679
f 259/5680 255/5681 258/5682
f 260/5683 261/5684 256/5685
f 259/5686 258/5687 263/5688
f 260/5689 264/5690 261/5691
f 267/5692 263/5693 266/5694
f 268/5695 269/5696 264/5697
f 267/5698 266/5699 271/5700
f 268/5701 272/5702 269/5703
f 271/5704 270/5705 275/5706
f 272/5707 48/5708 273/5709
f 277/5710 275/5711 276/5712
f 278/5713 279/5714 49/5715
f 281/5716 277/5717 280/5718
f 282/5719 283/5720 278/5721
f 285/5722 281/5723 284/5724
f 282/5725 286/5726 283/5727
f 285/5728 284/5729 289/5730
f 290/5731 291/5732 286/5733
f 293/5734 289/5735 292/5736
f 294/5737 295/5738 290/5739
f 297/5740 293/5741 296/5742
f 294/5743 298/5744 295/5745
f 297/5746 296/5747 301/5748
f 298/5749 301/5750 299/5751
f 302/5752 303/5753 305/5754
f 39/5755 38/5756 307/5757
f 307/5758 306/5759 309/5760
f 311/5761 309/5762 310/5763
f 308/5764 312/5765 310/5766
f 312/5767 314/5768 313/5769
f 316/5770 317/5771 319/5772
f 320/5773 316/5774 321/5775
f 322/5776 320/5777 323/5778
f 324/5779 322/5780 325/5781
f 327/5782 324/5783 326/5784
f 329/5785 328/5786 326/5787
f 330/5788 328/5789 331/5790
f 333/5791 332/5792 331/5793
f 334/5794 332/5795 335/5796
f 334/5797 335/5798 337/5799
f 62/5800 337/5801 68/5802
f 341/5803 338/5804 340/5805
f 343/5806 342/5807 341/5808
f 345/5809 344/5810 343/5811
f 347/5812 346/5813 345/5814
f 346/5815 347/5816 349/5817
f 348/5818 350/5819 349/5820
f 352/5821 353/5822 350/5823
f 352/5824 354/5825 353/5826
f 356/5827 357/5828 354/5829
f 356/5830 358/5831 357/5832
f 359/5833 358/5834 160/5835
f 148/5836 149/5837 361/5838
f 146/5839 362/5840 147/5841
f 195/5842 364/5843 194/5844
f 197/5845 196/5846 367/5847
f 305/5848 304/5849 369/5850
f 314/5851 370/5852 315/5853
f 317/5854 372/5855 318/5856
f 340/5857 339/5858 375/5859
f 361/5860 360/5861 377/5862
f 362/5863 378/5864 363/5865
f 365/5866 364/5867 381/5868
f 367/5869 366/5870 383/5871
f 369/5872 368/5873 385/5874
f 370/5875 386/5876 371/5877
f 372/5878 388/5879 373/5880
f 375/5881 374/5882 391/5883
f 377/5884 376/5885 393/5886
f 378/5887 394/5888 379/5889
f 380/5890 396/5891 381/5892
f 383/5893 382/5894 399/5895
f 385/5896 384/5897 401/5898
f 386/5899 402/5900 387/5901
f 388/5902 404/5903 389/5904
f 391/5905 390/5906 407/5907
f 408/5908 409/5909 411/5910
f 415/5911 412/5912 414/5913
f 416/5914 417/5915 419/5916
f 420/5917 421/5918 423/5919
f 425/5920 424/5921 418/5922
f 427/5923 420/5924 426/5925
f 429/5926 424/5927 428/5928
f 431/5929 430/5930 426/5931
f 432/5932 429/5933 433/5934
f 430/5935 431/5936 435/5937
f 436/5938 432/5939 437/5940
f 435/5941 434/5942 439/5943
f 441/5944 440/5945 437/5946
f 443/5947 439/5948 442/5949
f 445/5950 440/5951 444/5952
f 447/5953 446/5954 442/5955
f 449/5956 445/5957 448/5958
f 451/5959 450/5960 447/5961
f 453/5962 452/5963 448/5964
f 455/5965 450/5966 454/5967
f 456/5968 452/5969 457/5970
f 455/5971 454/5972 459/5973
f 461/5974 460/5975 457/5976
f 463/5977 459/5978 462/5979
f 464/5980 460/5981 465/5982
f 463/5983 462/5984 467/5985
f 469/5986 468/5987 465/5988
f 471/5989 467/5990 470/5991
f 472/5992 468/5993 473/5994
f 471/5995 470/5996 475/5997
f 477/5998 476/5999 473/6000
f 479/6001 475/6002 478/6003
f 480/6004 476/6005 481/6006
f 479/6007 478/6008 483/6009
f 480/6010 481/6011 485/6012
f 486/6013 483/6014 487/6015
f 488/6016 485/6017 489/6018
f 486/6019 487/6020 491/6021
f 488/6022 489/6023 493/6024
f 494/6025 491/6026 495/6027
f 497/6028 496/6029 492/6030
f 499/6031 494/6032 498/6033
f 496/6034 497/6035 501/6036
f 502/6037 499/6038 503/6039
f 505/6040 504/6041 500/6042
f 507/6043 502/6044 506/6045
f 509/6046 508/6047 505/6048
f 511/6049 507/6050 510/6051
f 512/6052 508/6053 513/6054
f 511/6055 510/6056 515/6057
f 517/6058 516/6059 513/6060
f 519/6061 515/6062 518/6063
f 520/6064 516/6065 521/6066
f 519/6067 518/6068 523/6069
f 525/6070 524/6071 521/6072
f 527/6073 523/6074 526/6075
f 529/6076 524/6077 528/6078
f 531/6079 530/6080 526/6081
f 533/6082 532/6083 528/6084
f 535/6085 530/6086 534/6087
f 536/6088 532/6089 537/6090
f 535/6091 534/6092 539/6093
f 536/6094 537/6095 541/6096
f 542/6097 539/6098 543/6099
f 417/6100 416/6101 540/6102
f 421/6103 542/6104 422/6105
f 544/6106 545/6107 547/6108
f 551/6109 548/6110 550/6111
f 552/6112 547/6113 553/6114
f 548/6115 551/6116 555/6117
f 552/6118 553/6119 557/6120
f 559/6121 558/6122 554/6123
f 561/6124 560/6125 556/6126
f 558/6127 559/6128 563/6129
f 565/6130 564/6131 561/6132
f 567/6133 563/6134 566/6135
f 568/6136 564/6137 569/6138
f 571/6139 567/6140 570/6141
f 568/6142 569/6143 573/6144
f 574/6145 571/6146 575/6147
f 577/6148 573/6149 576/6150
f 578/6151 574/6152 579/6153
f 580/6154 577/6155 581/6156
f 583/6157 578/6158 582/6159
f 585/6160 584/6161 581/6162
f 587/6163 583/6164 586/6165
f 588/6166 584/6167 589/6168
f 591/6169 587/6170 590/6171
f 592/6172 588/6173 593/6174
f 591/6175 590/6176 595/6177
f 597/6178 596/6179 593/6180
f 599/6181 595/6182 598/6183
f 600/6184 596/6185 601/6186
f 599/6187 598/6188 603/6189
f 605/6190 604/6191 601/6192
f 607/6193 603/6194 606/6195
f 608/6196 604/6197 609/6198
f 607/6199 606/6200 611/6201
f 608/6202 609/6203 613/6204
f 615/6205 614/6206 610/6207
f 616/6208 613/6209 617/6210
f 614/6211 615/6212 619/6213
f 616/6214 617/6215 621/6216
f 622/6217 619/6218 623/6219
f 625/6220 624/6221 620/6222
f 622/6223 623/6224 627/6225
f 624/6226 625/6227 629/6228
f 631/6229 630/6230 626/6231
f 633/6232 632/6233 628/6234
f 630/6235 631/6236 635/6237
f 636/6238 632/6239 637/6240
f 635/6241 634/6242 639/6243
f 640/6244 636/6245 641/6246
f 643/6247 639/6248 642/6249
f 645/6250 644/6251 641/6252
f 643/6253 642/6254 647/6255
f 649/6256 648/6257 645/6258
f 647/6259 646/6260 651/6261
f 652/6262 648/6263 653/6264
f 655/6265 651/6266 654/6267
f 652/6268 653/6269 657/6270
f 659/6271 658/6272 654/6273
f 660/6274 657/6275 661/6276
f 663/6277 658/6278 662/6279
f 664/6280 660/6281 665/6282
f 663/6283 662/6284 667/6285
f 664/6286 665/6287 669/6288
f 671/6289 670/6290 666/6291
f 544/6292 669/6293 545/6294
f 670/6295 671/6296 549/6297
f 672/6298 673/6299 675/6300
f 676/6301 677/6302 679/6303
f 681/6304 680/6305 674/6306
f 683/6307 676/6308 682/6309
f 685/6310 680/6311 684/6312
f 687/6313 686/6314 682/6315
f 688/6316 685/6317 689/6318
f 686/6319 687/6320 691/6321
f 692/6322 688/6323 693/6324
f 691/6325 690/6326 695/6327
f 697/6328 696/6329 693/6330
f 699/6331 695/6332 698/6333
f 701/6334 696/6335 700/6336
f 703/6337 702/6338 698/6339
f 705/6340 701/6341 704/6342
f 707/6343 706/6344 703/6345
f 709/6346 708/6347 704/6348
f 711/6349 706/6350 710/6351
f 712/6352 708/6353 713/6354
f 711/6355 710/6356 715/6357
f 717/6358 716/6359 713/6360
f 719/6361 715/6362 718/6363
f 720/6364 716/6365 721/6366
f 719/6367 718/6368 723/6369
f 725/6370 724/6371 721/6372
f 727/6373 723/6374 726/6375
f 728/6376 724/6377 729/6378
f 727/6379 726/6380 731/6381
f 733/6382 732/6383 729/6384
f 735/6385 731/6386 734/6387
f 736/6388 732/6389 737/6390
f 735/6391 734/6392 739/6393
f 736/6394 737/6395 741/6396
f 742/6397 739/6398 743/6399
f 744/6400 741/6401 745/6402
f 742/6403 743/6404 747/6405
f 744/6406 745/6407 749/6408
f 750/6409 747/6410 751/6411
f 753/6412 752/6413 748/6414
f 755/6415 750/6416 754/6417
f 752/6418 753/6419 757/6420
f 758/6421 755/6422 759/6423
f 761/6424 760/6425 756/6426
f 763/6427 758/6428 762/6429
f 765/6430 764/6431 761/6432
f 767/6433 763/6434 766/6435
f 768/6436 764/6437 769/6438
f 767/6439 766/6440 771/6441
f 773/6442 772/6443 769/6444
f 775/6445 771/6446 774/6447
f 776/6448 772/6449 777/6450
f 775/6451 774/6452 779/6453
f 781/6454 780/6455 777/6456
f 783/6457 779/6458 782/6459
f 785/6460 780/6461 784/6462
f 787/6463 786/6464 782/6465
f 789/6466 788/6467 784/6468
f 791/6469 786/6470 790/6471
f 792/6472 788/6473 793/6474
f 791/6475 790/6476 795/6477
f 792/6478 793/6479 797/6480
f 798/6481 795/6482 799/6483
f 673/6484 672/6485 796/6486
f 677/6487 798/6488 678/6489
f 800/6490 801/6491 803/6492
f 804/6493 805/6494 807/6495
f 809/6496 808/6497 802/6498
f 811/6499 804/6500 810/6501
f 808/6502 809/6503 813/6504
f 815/6505 814/6506 810/6507
f 817/6508 816/6509 812/6510
f 814/6511 815/6512 819/6513
f 821/6514 820/6515 817/6516
f 819/6517 818/6518 823/6519
f 824/6520 820/6521 825/6522
f 823/6523 822/6524 827/6525
f 824/6526 825/6527 829/6528
f 831/6529 830/6530 826/6531
f 829/6532 828/6533 833/6534
f 835/6535 834/6536 831/6537
f 837/6538 836/6539 832/6540
f 834/6541 835/6542 839/6543
f 840/6544 836/6545 841/6546
f 843/6547 839/6548 842/6549
f 845/6550 844/6551 841/6552
f 847/6553 843/6554 846/6555
f 849/6556 848/6557 845/6558
f 851/6559 847/6560 850/6561
f 852/6562 848/6563 853/6564
f 855/6565 851/6566 854/6567
f 856/6568 852/6569 857/6570
f 855/6571 854/6572 859/6573
f 861/6574 860/6575 857/6576
f 863/6577 859/6578 862/6579
f 865/6580 864/6581 861/6582
f 863/6583 862/6584 867/6585
f 869/6586 864/6587 868/6588
f 870/6589 867/6590 871/6591
f 873/6592 872/6593 868/6594
f 875/6595 870/6596 874/6597
f 872/6598 873/6599 877/6600
f 878/6601 875/6602 879/6603
f 880/6604 877/6605 881/6606
f 883/6607 878/6608 882/6609
f 880/6610 881/6611 885/6612
f 886/6613 883/6614 887/6615
f 888/6616 885/6617 889/6618
f 891/6619 886/6620 890/6621
f 892/6622 888/6623 893/6624
f 895/6625 891/6626 894/6627
f 896/6628 892/6629 897/6630
f 899/6631 895/6632 898/6633
f 900/6634 896/6635 901/6636
f 903/6637 899/6638 902/6639
f 905/6640 904/6641 901/6642
f 903/6643 902/6644 907/6645
f 908/6646 904/6647 909/6648
f 911/6649 907/6650 910/6651
f 908/6652 909/6653 913/6654
f 915/6655 914/6656 910/6657
f 916/6658 913/6659 917/6660
f 914/6661 915/6662 919/6663
f 920/6664 916/6665 921/6666
f 919/6667 918/6668 923/6669
f 925/6670 920/6671 924/6672
f 926/6673 923/6674 927/6675
f 801/6676 800/6677 924/6678
f 926/6679 927/6680 805/6681
f 928/6682 929/6683 931/6684
f 932/6685 933/6686 935/6687
f 937/6688 936/6689 930/6690
f 939/6691 932/6692 938/6693
f 941/6694 936/6695 940/6696
f 943/6697 942/6698 938/6699
f 944/6700 941/6701 945/6702
f 942/6703 943/6704 947/6705
f 948/6706 944/6707 949/6708
f 947/6709 946/6710 951/6711
f 953/6712 952/6713 949/6714
f 955/6715 951/6716 954/6717
f 957/6718 952/6719 956/6720
f 959/6721 958/6722 954/6723
f 961/6724 957/6725 960/6726
f 963/6727 962/6728 959/6729
f 965/6730 964/6731 960/6732
f 967/6733 962/6734 966/6735
f 968/6736 964/6737 969/6738
f 967/6739 966/6740 971/6741
f 973/6742 972/6743 969/6744
f 975/6745 971/6746 974/6747
f 976/6748 972/6749 977/6750
f 975/6751 974/6752 979/6753
f 981/6754 980/6755 977/6756
f 983/6757 979/6758 982/6759
f 984/6760 980/6761 985/6762
f 983/6763 982/6764 987/6765
f 989/6766 988/6767 985/6768
f 991/6769 987/6770 990/6771
f 992/6772 988/6773 993/6774
f 991/6775 990/6776 995/6777
f 992/6778 993/6779 997/6780
f 998/6781 995/6782 999/6783
f 1000/6784 997/6785 1001/6786
f 998/6787 999/6788 1003/6789
f 1000/6790 1001/6791 1005/6792
f 1006/6793 1003/6794 1007/6795
f 1009/6796 1008/6797 1004/6798
f 1011/6799 1006/6800 1010/6801
f 1008/6802 1009/6803 1013/6804
f 1014/6805 1011/6806 1015/6807
f 1017/6808 1016/6809 1012/6810
f 1019/6811 1014/6812 1018/6813
f 1021/6814 1020/6815 1017/6816
f 1023/6817 1019/6818 1022/6819
f 1024/6820 1020/6821 1025/6822
f 1023/6823 1022/6824 1027/6825
f 1029/6826 1028/6827 1025/6828
f 1031/6829 1027/6830 1030/6831
f 1032/6832 1028/6833 1033/6834
f 1031/6835 1030/6836 1035/6837
f 1037/6838 1036/6839 1033/6840
f 1039/6841 1035/6842 1038/6843
f 1041/6844 1036/6845 1040/6846
f 1043/6847 1042/6848 1038/6849
f 1045/6850 1044/6851 1040/6852
f 1047/6853 1042/6854 1046/6855
f 1048/6856 1044/6857 1049/6858
f 1047/6859 1046/6860 1051/6861
f 1048/6862 1049/6863 1053/6864
f 1054/6865 1051/6866 1055/6867
f 929/6868 928/6869 1052/6870
f 933/6871 1054/6872 934/6873
f 1056/6874 1057/6875 1059/6876
f 1060/6877 1061/6878 1063/6879
f 1065/6880 1064/6881 1058/6882
f 1067/6883 1060/6884 1066/6885
f 1064/6886 1065/6887 1069/6888
f 1070/6889 1067/6890 1071/6891
f 1073/6892 1072/6893 1068/6894
f 1070/6895 1071/6896 1075/6897
f 1076/6898 1072/6899 1077/6900
f 1075/6901 1074/6902 1079/6903
f 1080/6904 1076/6905 1081/6906
f 1079/6907 1078/6908 1083/6909
f 1085/6910 1080/6911 1084/6912
f 1087/6913 1086/6914 1082/6915
f 1089/6916 1085/6917 1088/6918
f 1090/6919 1086/6920 1091/6921
f 1092/6922 1089/6923 1093/6924
f 1095/6925 1090/6926 1094/6927
f 1096/6928 1092/6929 1097/6930
f 1099/6931 1095/6932 1098/6933
f 1101/6934 1100/6935 1097/6936
f 1103/6937 1099/6938 1102/6939
f 1105/6940 1104/6941 1101/6942
f 1107/6943 1103/6944 1106/6945
f 1108/6946 1104/6947 1109/6948
f 1111/6949 1107/6950 1110/6951
f 1113/6952 1112/6953 1109/6954
f 1115/6955 1111/6956 1114/6957
f 1117/6958 1116/6959 1113/6960
f 1119/6961 1115/6962 1118/6963
f 1121/6964 1120/6965 1117/6966
f 1123/6967 1119/6968 1122/6969
f 1125/6970 1120/6971 1124/6972
f 1126/6973 1123/6974 1127/6975
f 1128/6976 1125/6977 1129/6978
f 1126/6979 1127/6980 1131/6981
f 1128/6982 1129/6983 1133/6984
f 1135/6985 1134/6986 1130/6987
f 1137/6988 1136/6989 1132/6990
f 1134/6991 1135/6992 1139/6993
f 1141/6994 1136/6995 1140/6996
f 1143/6997 1142/6998 1138/6999
f 1144/7000 1141/7001 1145/7002
f 1142/7003 1143/7004 1147/7005
f 1148/7006 1144/7007 1149/7008
f 1147/7009 1146/7010 1151/7011
f 1152/7012 1148/7013 1153/7014
f 1151/7015 1150/7016 1155/7017
f 1157/7018 1156/7019 1153/7020
f 1155/7021 1154/7022 1159/7023
f 1161/7024 1160/7025 1157/7026
f 1163/7027 1159/7028 1162/7029
f 1165/7030 1164/7031 1161/7032
f 1167/7033 1163/7034 1166/7035
f 1169/7036 1164/7037 1168/7038
f 1171/7039 1170/7040 1166/7041
f 1173/7042 1172/7043 1168/7044
f 1175/7045 1170/7046 1174/7047
f 1176/7048 1172/7049 1177/7050
f 1179/7051 1175/7052 1178/7053
f 1181/7054 1176/7055 1180/7056
f 1182/7057 1179/7058 1183/7059
f 1056/7060 1181/7061 1057/7062
f 1061/7063 1182/7064 1062/7065
f 1184/7066 1185/7067 1187/7068
f 1188/7069 1189/7070 1191/7071
f 1193/7072 1192/7073 1186/7074
f 1195/7075 1188/7076 1194/7077
f 1197/7078 1192/7079 1196/7080
f 1199/7081 1198/7082 1194/7083
f 1200/7084 1197/7085 1201/7086
f 1198/7087 1199/7088 1203/7089
f 1204/7090 1200/7091 1205/7092
f 1203/7093 1202/7094 1207/7095
f 1209/7096 1208/7097 1205/7098
f 1211/7099 1207/7100 1210/7101
f 1208/7102 1209/7103 1213/7104
f 1214/7105 1211/7106 1215/7107
f 1213/7108 1212/7109 1217/7110
f 1218/7111 1214/7112 1219/7113
f 1221/7114 1220/7115 1216/7116
f 1223/7117 1218/7118 1222/7119
f 1225/7120 1224/7121 1221/7122
f 1227/7123 1223/7124 1226/7125
f 1229/7126 1228/7127 1225/7128
f 1231/7129 1227/7130 1230/7131
f 1232/7132 1228/7133 1233/7134
f 1231/7135 1230/7136 1235/7137
f 1237/7138 1236/7139 1233/7140
f 1239/7141 1235/7142 1238/7143
f 1240/7144 1236/7145 1241/7146
f 1239/7147 1238/7148 1243/7149
f 1245/7150 1244/7151 1241/7152
f 1247/7153 1243/7154 1246/7155
f 1248/7156 1244/7157 1249/7158
f 1247/7159 1246/7160 1251/7161
f 1248/7162 1249/7163 1253/7164
f 1254/7165 1251/7166 1255/7167
f 1256/7168 1253/7169 1257/7170
f 1254/7171 1255/7172 1259/7173
f 1256/7174 1257/7175 1261/7176
f 1262/7177 1259/7178 1263/7179
f 1264/7180 1261/7181 1265/7182
f 1262/7183 1263/7184 1267/7185
f 1269/7186 1264/7187 1268/7188
f 1271/7189 1270/7190 1266/7191
f 1273/7192 1272/7193 1268/7194
f 1275/7195 1270/7196 1274/7197
f 1277/7198 1276/7199 1273/7200
f 1279/7201 1275/7202 1278/7203
f 1280/7204 1276/7205 1281/7206
f 1279/7207 1278/7208 1283/7209
f 1285/7210 1284/7211 1281/7212
f 1287/7213 1283/7214 1286/7215
f 1288/7216 1284/7217 1289/7218
f 1287/7219 1286/7220 1291/7221
f 1293/7222 1292/7223 1289/7224
f 1295/7225 1291/7226 1294/7227
f 1297/7228 1292/7229 1296/7230
f 1299/7231 1298/7232 1294/7233
f 1301/7234 1300/7235 1296/7236
f 1303/7237 1298/7238 1302/7239
f 1304/7240 1300/7241 1305/7242
f 1303/7243 1302/7244 1307/7245
f 1304/7246 1305/7247 1309/7248
f 1310/7249 1307/7250 1311/7251
f 1185/7252 1184/7253 1308/7254
f 1189/7255 1310/7256 1190/7257
f 1257/7258 1312/7259 1260/7260
f 1314/7261 1315/7262 1262/7263
f 1237/7264 1233/7265 1317/7266
f 1318/7267 1235/7268 1319/7269
f 1241/7270 1237/7271 1320/7272
f 1319/7273 1239/7274 1321/7275
f 1245/7276 1241/7277 1322/7278
f 1321/7279 1243/7280 1323/7281
f 1249/7282 1245/7283 1324/7284
f 1323/7285 1247/7286 1325/7287
f 1252/7288 1249/7289 1326/7290
f 1254/7291 1327/7292 1251/7293
f 1257/7294 1252/7295 1328/7296
f 1327/7297 1254/7298 1329/7299
f 1257/7300 1328/7301 1312/7302
f 1331/7303 1329/7304 1315/7305
f 1337/7306 1334/7307 1336/7308
f 1339/7309 1336/7310 1338/7311
f 1341/7312 1340/7313 1336/7314
f 1341/7315 1336/7316 1342/7317
f 1344/7318 1340/7319 1343/7320
f 1343/7321 1341/7322 1345/7323
f 1346/7324 1344/7325 1347/7326
f 1347/7327 1343/7328 1348/7329
f 1349/7330 1346/7331 1350/7332
f 1350/7333 1347/7334 1351/7335
f 1353/7336 1352/7337 1350/7338
f 1353/7339 1350/7340 1354/7341
f 1352/7342 1353/7343 1356/7344
f 1357/7345 1355/7346 1354/7347
f 1356/7348 1355/7349 1359/7350
f 1358/7351 1355/7352 1360/7353
f 1362/7354 1361/7355 1358/7356
f 1362/7357 1358/7358 1363/7359
f 1364/7360 1361/7361 1365/7362
f 1362/7363 1363/7364 1365/7365
f 1367/7366 1364/7367 1368/7368
f 1368/7369 1365/7370 1369/7371
f 1373/7372 1370/7373 1372/7374
f 1373/7375 1372/7376 1375/7377
f 1377/7378 1370/7379 1376/7380
f 1378/7381 1376/7382 1375/7383
f 1380/7384 1379/7385 1376/7386
f 1376/7387 1378/7388 1380/7389
f 1383/7390 1382/7391 1380/7392
f 1380/7393 1381/7394 1383/7395
f 1386/7396 1385/7397 1383/7398
f 1383/7399 1384/7400 1386/7401
f 1389/7402 1388/7403 1386/7404
f 1389/7405 1386/7406 1390/7407
f 1391/7408 1388/7409 1392/7410
f 1389/7411 1390/7412 1392/7413
f 1395/7414 1394/7415 1392/7416
f 1392/7417 1393/7418 1395/7419
f 1398/7420 1394/7421 1397/7422
f 1397/7423 1395/7424 1399/7425
f 1400/7426 1398/7427 1401/7428
f 1401/7429 1397/7430 1402/7431
f 1403/7432 1400/7433 1404/7434
f 1401/7435 1402/7436 1404/7437
f 1403/7438 1404/7439 1407/7440
f 1408/7441 1406/7442 1405/7443
f 1335/7444 1334/7445 1406/7446
f 1406/7447 1408/7448 1335/7449
f 1412/7450 1409/7451 1411/7452
f 1414/7453 1411/7454 1413/7455
f 1418/7456 1415/7457 1417/7458
f 1418/7459 1417/7460 1420/7461
f 1421/7462 1415/7463 1422/7464
f 1422/7465 1418/7466 1423/7467
f 1425/7468 1424/7469 1422/7470
f 1422/7471 1423/7472 1425/7473
f 1427/7474 1424/7475 1428/7476
f 1428/7477 1425/7478 1429/7479
f 1431/7480 1427/7481 1430/7482
f 1432/7483 1430/7484 1429/7485
f 1434/7486 1433/7487 1430/7488
f 1434/7489 1430/7490 1435/7491
f 1437/7492 1433/7493 1436/7494
f 1438/7495 1436/7496 1435/7497
f 1442/7498 1439/7499 1441/7500
f 1442/7501 1441/7502 1444/7503
f 1441/7504 1440/7505 1368/7506
f 1441/7507 1368/7508 1443/7509
f 1514/7510 1511/7511 1513/7512
f 1514/7513 1513/7514 1516/7515
f 1513/7516 1512/7517 1518/7518
f 1513/7519 1518/7520 1515/7521
f 1520/7522 1521/7523 1523/7524
f 1524/7525 1525/7526 1527/7527
f 1528/7528 1520/7529 1529/7530
f 1526/7531 1525/7532 1531/7533
f 1521/7534 1520/7535 1533/7536
f 1534/7537 1532/7538 1528/7539
f 1536/7540 1535/7541 1525/7542
f 1524/7543 1538/7544 1525/7545
f 1540/7546 1535/7547 1539/7548
f 1541/7549 1542/7550 1536/7551
f 1546/7552 1543/7553 1545/7554
f 1547/7555 1548/7556 1544/7557
f 1547/7558 1549/7559 1548/7560
f 1551/7561 1552/7562 1554/7563
f 1551/7564 1555/7565 1552/7566
f 1557/7567 1558/7568 1555/7569
f 1562/7570 1559/7571 1561/7572
f 1560/7573 1563/7574 1561/7575
f 1563/7576 1565/7577 1564/7578
f 1570/7579 1567/7580 1569/7581
f 1571/7582 1572/7583 1574/7584
f 1575/7585 1571/7586 1576/7587
f 1568/7588 1577/7589 1569/7590
f 1579/7591 1580/7592 1582/7593
f 1522/7594 1583/7595 1523/7596
f 1584/7597 1583/7598 1526/7599
f 1531/7600 1530/7601 1586/7602
f 1585/7603 1528/7604 1586/7605
f 1523/7606 1584/7607 1529/7608
f 1586/7609 1584/7610 1531/7611
f 1530/7612 1535/7613 1585/7614
f 1585/7615 1587/7616 1528/7617
f 1535/7618 1540/7619 1587/7620
f 1587/7621 1588/7622 1534/7623
f 1590/7624 1591/7625 1593/7626
f 1591/7627 1575/7628 1592/7629
f 1574/7630 1573/7631 1595/7632
f 1598/7633 1597/7634 1600/7635
f 1597/7636 1577/7637 1599/7638
f 1600/7639 1599/7640 1602/7641
f 1599/7642 1568/7643 1601/7644
f 1606/7645 1603/7646 1605/7647
f 1605/7648 1604/7649 1571/7650
f 1608/7651 1606/7652 1607/7653
f 1607/7654 1605/7655 1575/7656
f 1580/7657 1609/7658 1581/7659
f 1609/7660 1611/7661 1610/7662
f 1616/7663 1613/7664 1615/7665
f 1615/7666 1614/7667 1590/7668
f 1613/7669 1608/7670 1614/7671
f 1614/7672 1607/7673 1591/7674
f 1606/7675 1608/7676 1618/7677
f 1618/7678 1617/7679 1620/7680
f 1603/7681 1606/7682 1621/7683
f 1621/7684 1618/7685 1622/7686
f 1602/7687 1623/7688 1600/7689
f 1623/7690 1625/7691 1624/7692
f 1600/7693 1624/7694 1598/7695
f 1624/7696 1626/7697 1627/7698
f 1580/7699 1579/7700 1630/7701
f 1630/7702 1629/7703 1632/7704
f 1633/7705 1634/7706 1636/7707
f 1608/7708 1613/7709 1617/7710
f 1617/7711 1637/7712 1619/7713
f 1613/7714 1616/7715 1637/7716
f 1637/7717 1639/7718 1638/7719
f 1627/7720 1641/7721 1598/7722
f 1641/7723 1627/7724 1642/7725
f 1570/7726 1569/7727 1644/7728
f 1644/7729 1643/7730 1646/7731
f 1569/7732 1578/7733 1643/7734
f 1643/7735 1647/7736 1645/7737
f 1543/7738 1546/7739 1650/7740
f 1649/7741 1542/7742 1650/7743
f 1573/7744 1572/7745 1652/7746
f 1652/7747 1651/7748 1570/7749
f 1601/7750 1653/7751 1602/7752
f 1653/7753 1604/7754 1654/7755
f 1601/7756 1567/7757 1653/7758
f 1653/7759 1651/7760 1604/7761
f 1621/7762 1655/7763 1603/7764
f 1655/7765 1623/7766 1654/7767
f 1622/7768 1656/7769 1621/7770
f 1656/7771 1625/7772 1655/7773
f 1646/7774 1657/7775 1644/7776
f 1652/7777 1570/7778 1658/7779
f 1658/7780 1594/7781 1652/7782
f 1659/7783 1660/7784 1657/7785
f 1662/7786 1661/7787 1660/7788
f 1574/7789 1595/7790 1576/7791
f 1592/7792 1576/7793 1664/7794
f 1593/7795 1592/7796 1665/7797
f 1619/7798 1666/7799 1620/7800
f 1666/7801 1540/7802 1667/7803
f 1620/7804 1667/7805 1622/7806
f 1667/7807 1539/7808 1668/7809
f 1545/7810 1669/7811 1546/7812
f 1669/7813 1626/7814 1670/7815
f 1628/7816 1626/7817 1671/7818
f 1671/7819 1669/7820 1548/7821
f 1632/7822 1631/7823 1673/7824
f 1673/7825 1672/7826 1557/7827
f 1565/7828 1674/7829 1566/7830
f 1674/7831 1633/7832 1675/7833
f 1619/7834 1638/7835 1666/7836
f 1676/7837 1588/7838 1666/7839
f 1638/7840 1640/7841 1676/7842
f 1677/7843 1589/7844 1676/7845
f 1642/7846 1628/7847 1678/7848
f 1678/7849 1671/7850 1550/7851
f 1649/7852 1679/7853 1542/7854
f 1679/7855 1656/7856 1668/7857
f 1546/7858 1670/7859 1649/7860
f 1670/7861 1625/7862 1679/7863
f 1681/7864 1595/7865 1680/7866
f 1680/7867 1594/7868 1682/7869
f 1683/7870 1663/7871 1681/7872
f 1684/7873 1664/7874 1683/7875
f 1685/7876 1665/7877 1684/7878
f 1686/7879 1687/7880 1689/7881
f 1691/7882 1689/7883 1690/7884
f 1693/7885 1686/7886 1692/7887
f 1692/7888 1689/7889 1694/7890
f 1532/7891 1695/7892 1533/7893
f 1695/7894 1551/7895 1696/7896
f 1589/7897 1697/7898 1534/7899
f 1698/7900 1697/7901 1555/7902
f 1532/7903 1534/7904 1695/7905
f 1695/7906 1698/7907 1551/7908
f 1611/7909 1699/7910 1612/7911
f 1699/7912 1590/7913 1700/7914
f 1615/7915 1701/7916 1616/7917
f 1701/7918 1609/7919 1702/7920
f 1590/7921 1699/7922 1615/7923
f 1699/7924 1611/7925 1701/7926
f 1630/7927 1703/7928 1580/7929
f 1703/7930 1639/7931 1702/7932
f 1632/7933 1704/7934 1630/7935
f 1704/7936 1640/7937 1703/7938
f 1665/7939 1705/7940 1593/7941
f 1705/7942 1706/7943 1700/7944
f 1673/7945 1707/7946 1632/7947
f 1707/7948 1677/7949 1704/7950
f 1557/7951 1697/7952 1673/7953
f 1697/7954 1589/7955 1707/7956
f 1685/7957 1708/7958 1665/7959
f 1634/7960 1709/7961 1635/7962
f 1693/7963 1692/7964 1712/7965
f 1692/7966 1694/7967 1711/7968
f 1712/7969 1711/7970 1715/7971
f 1711/7972 1713/7973 1714/7974
f 1719/7975 1717/7976 1718/7977
f 1719/7978 1718/7979 1721/7980
f 1721/7981 1720/7982 1723/7983
f 1725/7984 1717/7985 1724/7986
f 1724/7987 1719/7988 1726/7989
f 1726/7990 1721/7991 1727/7992
f 1723/7993 1722/7994 1729/7995
f 1727/7996 1723/7997 1730/7998
f 1729/7999 1728/8000 1732/8001
f 1730/8002 1729/8003 1733/8004
f 1732/8005 1731/8006 1735/8007
f 1733/8008 1732/8009 1736/8010
f 1735/8011 1734/8012 1738/8013
f 1736/8014 1735/8015 1739/8016
f 1738/8017 1737/8018 1741/8019
f 1739/8020 1738/8021 1742/8022
f 1741/8023 1740/8024 1744/8025
f 1742/8026 1741/8027 1745/8028
f 1744/8029 1743/8030 1747/8031
f 1748/8032 1745/8033 1747/8034
f 1749/8035 1750/8036 1752/8037
f 1635/8038 1749/8039 1636/8040
f 1752/8041 1751/8042 1754/8043
f 1636/8044 1752/8045 1675/8046
f 1754/8047 1753/8048 1756/8049
f 1675/8050 1754/8051 1566/8052
f 1756/8053 1755/8054 1758/8055
f 1566/8056 1756/8057 1564/8058
f 1562/8059 1561/8060 1757/8061
f 1747/8062 1746/8063 1760/8064
f 1760/8065 1759/8066 1749/8067
f 1748/8068 1747/8069 1710/8070
f 1710/8071 1760/8072 1635/8073
f 1753/8074 1762/8075 1755/8076
f 1751/8077 1763/8078 1753/8079
f 1750/8080 1764/8081 1751/8082
f 1764/8083 1750/8084 1765/8085
f 1680/8086 1682/8087 1768/8088
f 1768/8089 1767/8090 1769/8091
f 1681/8092 1680/8093 1770/8094
f 1770/8095 1768/8096 1771/8097
f 1683/8098 1681/8099 1772/8100
f 1772/8101 1770/8102 1773/8103
f 1684/8104 1683/8105 1774/8106
f 1774/8107 1772/8108 1687/8109
f 1685/8110 1684/8111 1775/8112
f 1775/8113 1774/8114 1686/8115
f 1708/8116 1685/8117 1776/8118
f 1776/8119 1775/8120 1693/8121
f 1693/8122 1712/8123 1776/8124
f 1717/8125 1777/8126 1715/8127
f 1778/8128 1708/8129 1777/8130
f 1725/8131 1778/8132 1717/8133
f 1725/8134 1705/8135 1778/8136
f 1780/8137 1726/8138 1779/8139
f 1781/8140 1724/8141 1780/8142
f 1691/8143 1690/8144 1783/8145
f 1783/8146 1782/8147 1785/8148
f 1694/8149 1691/8150 1786/8151
f 1786/8152 1783/8153 1787/8154
f 1694/8155 1786/8156 1713/8157
f 1786/8158 1787/8159 1788/8160
f 1713/8161 1788/8162 1716/8163
f 1788/8164 1789/8165 1790/8166
f 1716/8167 1790/8168 1793/8169
f 1790/8170 1791/8171 1792/8172
f 1796/8173 1793/8174 1795/8175
f 1795/8176 1792/8177 1797/8178
f 1799/8179 1784/8180 1798/8181
f 1798/8182 1782/8183 1800/8184
f 1802/8185 1799/8186 1801/8187
f 1801/8188 1798/8189 1803/8190
f 1805/8191 1802/8192 1804/8193
f 1804/8194 1801/8195 1806/8196
f 1808/8197 1805/8198 1807/8199
f 1807/8200 1804/8201 1809/8202
f 1813/8203 1810/8204 1812/8205
f 1812/8206 1811/8207 1815/8208
f 1816/8209 1817/8210 1819/8211
f 1818/8212 1817/8213 1821/8214
f 1825/8215 1822/8216 1824/8217
f 1824/8218 1823/8219 1827/8220
f 1829/8221 1825/8222 1828/8223
f 1828/8224 1824/8225 1830/8226
f 1829/8227 1828/8228 1832/8229
f 1828/8230 1830/8231 1831/8232
f 1835/8233 1832/8234 1834/8235
f 1834/8236 1831/8237 1836/8238
f 1838/8239 1835/8240 1837/8241
f 1837/8242 1834/8243 1839/8244
f 1841/8245 1838/8246 1840/8247
f 1840/8248 1837/8249 1842/8250
f 1844/8251 1841/8252 1843/8253
f 1843/8254 1840/8255 1845/8256
f 1757/8257 1844/8258 1846/8259
f 1846/8260 1843/8261 1847/8262
f 1562/8263 1757/8264 1848/8265
f 1841/8266 1844/8267 1762/8268
f 1838/8269 1841/8270 1763/8271
f 1835/8272 1838/8273 1764/8274
f 1832/8275 1835/8276 1765/8277
f 1850/8278 1807/8279 1849/8280
f 1808/8281 1807/8282 1851/8283
f 1853/8284 1785/8285 1852/8286
f 1854/8287 1787/8288 1853/8289
f 1852/8290 1784/8291 1855/8292
f 1855/8293 1799/8294 1856/8295
f 1856/8296 1802/8297 1857/8298
f 1857/8299 1805/8300 1858/8301
f 1858/8302 1808/8303 1859/8304
f 1794/8305 1860/8306 1797/8307
f 1860/8308 1794/8309 1862/8310
f 1862/8311 1791/8312 1863/8313
f 1787/8314 1854/8315 1789/8316
f 1865/8317 1538/8318 1864/8319
f 1521/8320 1533/8321 1867/8322
f 1522/8323 1521/8324 1868/8325
f 1864/8326 1524/8327 1869/8328
f 1554/8329 1553/8330 1871/8331
f 1872/8332 1583/8333 1868/8334
f 1527/8335 1583/8336 1869/8337
f 1866/8338 1533/8339 1873/8340
f 1696/8341 1554/8342 1873/8343
f 1875/8344 1865/8345 1874/8346
f 1867/8347 1866/8348 1877/8349
f 1868/8350 1867/8351 1878/8352
f 1874/8353 1864/8354 1879/8355
f 1881/8356 1871/8357 1880/8358
f 1882/8359 1872/8360 1878/8361
f 1869/8362 1872/8363 1879/8364
f 1876/8365 1866/8366 1883/8367
f 1883/8368 1873/8369 1881/8370
f 1878/8371 1877/8372 1882/8373
f 1874/8374 1879/8375 1884/8376
f 1886/8377 1881/8378 1885/8379
f 1888/8380 1876/8381 1887/8382
f 1887/8383 1883/8384 1886/8385
f 1874/8386 1884/8387 1890/8388
f 1893/8389 1875/8390 1892/8391
f 1895/8392 1893/8393 1894/8394
f 1897/8395 1895/8396 1896/8397
f 1899/8398 1897/8399 1898/8400
f 1884/8401 1877/8402 1889/8403
f 1876/8404 1888/8405 1889/8406
f 1875/8407 1890/8408 1891/8409
f 1890/8410 1889/8411 1901/8412
f 1596/8413 1641/8414 1903/8415
f 1577/8416 1596/8417 1904/8418
f 1641/8419 1642/8420 1902/8421
f 1678/8422 1550/8423 1907/8424
f 1642/8425 1678/8426 1905/8427
f 1903/8428 1902/8429 1909/8430
f 1904/8431 1903/8432 1910/8433
f 1908/8434 1902/8435 1911/8436
f 1907/8437 1906/8438 1913/8439
f 1905/8440 1907/8441 1911/8442
f 1909/8443 1908/8444 1915/8445
f 1910/8446 1909/8447 1916/8448
f 1914/8449 1908/8450 1917/8451
f 1911/8452 1913/8453 1917/8454
f 1577/8455 1904/8456 1578/8457
f 1578/8458 1910/8459 1647/8460
f 1919/8461 1920/8462 1914/8463
f 1921/8464 1919/8465 1917/8466
f 1917/8467 1918/8468 1921/8469
f 1918/8470 1912/8471 1922/8472
f 1927/8473 1924/8474 1926/8475
f 1926/8476 1925/8477 1929/8478
f 1933/8479 1930/8480 1932/8481
f 1935/8482 1934/8483 1933/8484
f 1937/8485 1936/8486 1935/8487
f 1938/8488 1936/8489 1939/8490
f 1932/8491 1931/8492 1941/8493
f 1941/8494 1940/8495 1943/8496
f 1924/8497 1927/8498 1942/8499
f 1944/8500 1945/8501 1947/8502
f 1948/8503 1949/8504 1951/8505
f 1947/8506 1946/8507 1948/8508
f 1955/8509 1952/8510 1954/8511
f 1957/8512 1955/8513 1956/8514
f 1957/8515 1956/8516 1959/8517
f 1959/8518 1958/8519 1961/8520
f 1952/8521 1962/8522 1953/8523
f 1962/8524 1964/8525 1963/8526
f 1951/8527 1950/8528 1964/8529
f 1885/8530 1966/8531 1886/8532
f 1966/8533 1944/8534 1967/8535
f 1887/8536 1968/8537 1888/8538
f 1968/8539 1948/8540 1969/8541
f 1886/8542 1967/8543 1887/8544
f 1967/8545 1947/8546 1968/8547
f 1892/8548 1891/8549 1971/8550
f 1971/8551 1970/8552 1955/8553
f 1894/8554 1892/8555 1972/8556
f 1972/8557 1971/8558 1957/8559
f 1896/8560 1894/8561 1973/8562
f 1973/8563 1972/8564 1959/8565
f 1898/8566 1896/8567 1974/8568
f 1974/8569 1973/8570 1961/8571
f 1891/8572 1901/8573 1970/8574
f 1970/8575 1975/8576 1952/8577
f 1901/8578 1900/8579 1975/8580
f 1975/8581 1976/8582 1962/8583
f 1888/8584 1969/8585 1900/8586
f 1969/8587 1951/8588 1976/8589
f 1954/8590 1953/8591 1978/8592
f 1956/8593 1954/8594 1979/8595
f 1958/8596 1956/8597 1980/8598
f 1958/8599 1980/8600 1960/8601
f 1979/8602 1978/8603 1983/8604
f 1980/8605 1979/8606 1984/8607
f 1981/8608 1980/8609 1985/8610
f 1986/8611 1987/8612 1989/8613
f 1926/8614 1990/8615 1927/8616
f 1990/8617 1992/8618 1991/8619
f 1929/8620 1989/8621 1926/8622
f 1989/8623 1988/8624 1990/8625
f 1932/8626 1994/8627 1933/8628
f 1935/8629 1933/8630 1996/8631
f 1937/8632 1935/8633 1997/8634
f 1939/8635 1937/8636 1998/8637
f 1941/8638 1999/8639 1932/8640
f 1943/8641 2000/8642 1941/8643
f 1927/8644 1991/8645 1943/8646
f 1991/8647 1993/8648 2000/8649
f 1994/8650 2002/8651 1995/8652
f 2002/8653 2004/8654 2003/8655
f 1995/8656 2003/8657 1996/8658
f 2003/8659 2005/8660 2006/8661
f 1997/8662 1996/8663 2008/8664
f 2008/8665 2006/8666 2009/8667
f 1998/8668 1997/8669 2010/8670
f 2010/8671 2008/8672 2011/8673
f 1999/8674 2012/8675 1994/8676
f 2012/8677 2013/8678 2002/8679
f 2000/8680 2001/8681 1999/8682
f 1931/8683 1982/8684 1977/8685
f 1559/8686 1562/8687 2014/8688
f 1847/8689 2015/8690 1848/8691
f 1845/8692 2016/8693 1847/8694
f 1845/8695 1842/8696 2016/8697
f 1842/8698 1839/8699 2017/8700
f 1945/8701 2019/8702 1946/8703
f 2019/8704 2021/8705 2020/8706
f 1949/8707 2022/8708 1950/8709
f 2022/8710 1925/8711 2023/8712
f 1946/8713 2020/8714 1949/8715
f 2020/8716 1928/8717 2022/8718
f 1963/8719 1965/8720 2025/8721
f 2024/8722 1942/8723 2025/8724
f 1950/8725 2023/8726 1965/8727
f 2023/8728 1924/8729 2024/8730
f 1953/8731 1963/8732 1977/8733
f 1977/8734 2025/8735 1931/8736
f 1839/8737 1836/8738 2018/8739
f 1836/8740 1833/8741 2026/8742
f 1898/8743 2028/8744 1899/8745
f 2029/8746 2028/8747 2031/8748
f 1961/8749 1960/8750 2033/8751
f 2033/8752 2032/8753 2035/8754
f 1898/8755 1974/8756 2028/8757
f 2028/8758 2036/8759 2030/8760
f 1974/8761 1961/8762 2036/8763
f 2036/8764 2033/8765 2037/8766
f 2040/8767 2034/8768 2039/8769
f 2039/8770 2038/8771 1985/8772
f 1998/8773 2041/8774 1939/8775
f 2041/8776 2043/8777 2042/8778
f 2043/8779 2041/8780 2046/8781
f 2041/8782 1998/8783 2045/8784
f 1960/8785 1981/8786 2032/8787
f 2047/8788 1938/8789 2042/8790
f 2045/8791 2010/8792 2048/8793
f 2049/8794 2050/8795 2052/8796
f 2050/8797 2053/8798 2051/8799
f 2058/8800 2055/8801 2057/8802
f 2059/8803 2060/8804 2062/8805
f 2060/8806 2055/8807 2061/8808
f 2057/8809 2056/8810 2064/8811
f 2064/8812 2063/8813 2066/8814
f 2068/8815 2058/8816 2067/8817
f 2061/8818 2058/8819 2069/8820
f 2067/8821 2057/8822 2070/8823
f 2054/8824 2062/8825 2071/8826
f 2073/8827 2064/8828 2072/8829
f 2075/8830 2068/8831 2074/8832
f 2076/8833 2069/8834 2075/8835
f 2071/8836 2061/8837 2076/8838
f 2077/8839 2070/8840 2073/8841
f 2074/8842 2067/8843 2077/8844
f 2076/8845 2075/8846 2080/8847
f 2071/8848 2076/8849 2081/8850
f 2074/8851 2077/8852 2079/8853
f 2053/8854 2059/8855 2054/8856
f 2052/8857 2051/8858 2083/8859
f 2085/8860 2082/8861 2084/8862
f 2083/8863 2082/8864 2086/8865
f 2088/8866 2086/8867 2087/8868
f 2087/8869 2085/8870 2081/8871
f 2088/8872 2087/8873 2090/8874
f 2090/8875 2089/8876 2092/8877
f 2092/8878 2091/8879 2094/8880
f 1860/8881 1862/8882 2096/8883
f 1854/8884 1853/8885 2095/8886
f 1852/8887 2098/8888 1853/8889
f 1581/8890 1736/8891 1582/8892
f 1581/8893 1610/8894 1736/8895
f 1610/8896 1612/8897 1733/8898
f 1612/8899 1706/8900 1730/8901
f 1983/8902 1982/8903 2100/8904
f 2099/8905 1930/8906 2100/8907
f 1984/8908 1983/8909 2101/8910
f 2101/8911 2100/8912 1936/8913
f 1985/8914 1984/8915 2102/8916
f 2102/8917 2101/8918 1938/8919
f 1938/8920 2047/8921 2102/8922
f 2102/8923 2103/8924 1985/8925
f 2047/8926 2044/8927 2103/8928
f 2105/8929 2048/8930 2104/8931
f 2106/8932 2046/8933 2105/8934
f 2108/8935 2105/8936 2107/8937
f 2109/8938 2106/8939 2108/8940
f 2111/8941 2108/8942 2110/8943
f 2112/8944 2109/8945 2111/8946
f 2094/8947 2093/8948 2114/8949
f 2065/8950 2115/8951 2066/8952
f 2031/8953 2030/8954 2117/8955
f 2117/8956 2116/8957 2049/8958
f 2035/8959 2034/8960 2119/8961
f 2119/8962 2118/8963 2059/8964
f 2034/8965 2040/8966 2118/8967
f 2118/8968 2120/8969 2060/8970
f 2030/8971 2037/8972 2116/8973
f 2116/8974 2121/8975 2050/8976
f 2037/8977 2035/8978 2121/8979
f 2121/8980 2119/8981 2053/8982
f 2043/8983 2122/8984 2044/8985
f 2122/8986 2063/8987 2123/8988
f 2046/8989 2124/8990 2043/8991
f 2124/8992 2065/8993 2122/8994
f 2056/8995 2055/8996 2123/8997
f 2123/8998 2120/8999 2044/9000
f 2115/9001 2065/9002 2125/9003
f 2125/9004 2124/9005 2106/9006
f 2113/9007 2115/9008 2126/9009
f 2126/9010 2125/9011 2109/9012
f 2114/9013 2113/9014 2127/9015
f 2127/9016 2126/9017 2112/9018
f 2072/9019 2115/9020 2093/9021
f 1849/9022 2128/9023 1850/9024
f 1850/9025 2129/9026 1851/9027
f 1851/9028 2130/9029 1859/9030
f 1859/9031 2131/9032 1858/9033
f 1858/9034 2132/9035 1857/9036
f 1856/9037 1857/9038 2134/9039
f 1855/9040 1856/9041 2135/9042
f 1852/9043 1855/9044 2098/9045
f 1989/9046 1929/9047 1986/9048
f 1929/9049 1928/9050 2136/9051
f 2137/9052 1560/9053 2138/9054
f 2137/9055 2139/9056 1560/9057
f 2139/9058 2140/9059 1563/9060
f 1634/9061 2141/9062 1709/9063
f 1633/9064 2143/9065 1634/9066
f 1633/9067 1674/9068 2143/9069
f 1565/9070 2140/9071 1674/9072
f 2145/9073 2138/9074 2014/9075
f 2146/9076 2145/9077 2015/9078
f 2146/9079 2015/9080 2147/9081
f 2149/9082 2148/9083 2026/9084
f 2150/9085 2017/9086 2148/9087
f 2147/9088 2016/9089 2150/9090
f 2151/9091 2149/9092 2027/9093
f 1552/9094 2152/9095 1553/9096
f 2152/9097 2137/9098 2153/9099
f 1552/9100 1556/9101 2152/9102
f 2154/9103 2139/9104 2152/9105
f 1558/9106 2155/9107 1556/9108
f 2155/9109 2140/9110 2154/9111
f 2141/9112 2156/9113 2142/9114
f 2156/9115 1629/9116 2157/9117
f 2143/9118 2158/9119 2141/9120
f 2158/9121 1631/9122 2156/9123
f 2144/9124 2159/9125 2143/9126
f 2159/9127 1672/9128 2158/9129
f 2140/9130 2155/9131 2144/9132
f 2155/9133 1558/9134 2159/9135
f 1870/9136 1553/9137 2160/9138
f 2160/9139 2153/9140 2145/9141
f 1880/9142 1870/9143 2161/9144
f 2161/9145 2160/9146 2146/9147
f 1885/9148 1880/9149 2162/9150
f 2162/9151 2161/9152 2147/9153
f 1945/9154 1944/9155 2164/9156
f 2163/9157 2148/9158 2164/9159
f 1944/9160 1966/9161 2163/9162
f 2163/9163 2165/9164 2148/9165
f 1966/9166 1885/9167 2165/9168
f 2165/9169 2162/9170 2150/9171
f 2019/9172 1945/9173 2166/9174
f 2164/9175 2149/9176 2166/9177
f 1819/9178 1818/9179 2168/9180
f 2168/9181 2167/9182 1822/9183
f 1821/9184 2169/9185 1818/9186
f 2169/9187 1826/9188 2167/9189
f 2166/9190 2170/9191 2019/9192
f 2128/9193 2171/9194 2129/9195
f 2172/9196 2171/9197 2107/9198
f 2129/9199 2172/9200 2130/9201
f 2172/9202 2107/9203 2173/9204
f 2130/9205 2173/9206 2131/9207
f 2173/9208 2104/9209 2174/9210
f 2131/9211 2174/9212 2132/9213
f 2175/9214 2174/9215 2009/9216
f 2133/9217 2132/9218 2176/9219
f 2176/9220 2175/9221 2007/9222
f 2134/9223 2133/9224 2177/9225
f 2177/9226 2176/9227 2005/9228
f 2135/9229 2134/9230 2178/9231
f 2178/9232 2177/9233 2004/9234
f 2098/9235 2135/9236 2179/9237
f 2179/9238 2178/9239 2013/9240
f 2013/9241 2001/9242 2179/9243
f 2179/9244 2180/9245 2098/9246
f 2001/9247 1993/9248 2180/9249
f 2180/9250 2181/9251 2097/9252
f 1988/9253 1987/9254 2183/9255
f 2183/9256 2182/9257 2185/9258
f 1992/9259 1988/9260 2186/9261
f 2186/9262 2183/9263 2096/9264
f 1993/9265 1992/9266 2181/9267
f 2181/9268 2186/9269 2095/9270
f 1986/9271 2136/9272 2187/9273
f 1987/9274 1986/9275 2182/9276
f 1833/9277 2188/9278 2027/9279
f 2188/9280 2190/9281 2189/9282
f 2027/9283 2189/9284 2151/9285
f 2189/9286 2191/9287 2192/9288
f 2194/9289 2195/9290 2193/9291
f 2195/9292 2166/9293 2192/9294
f 2166/9295 2195/9296 2170/9297
f 2187/9298 2194/9299 2182/9300
f 1795/9301 2196/9302 1796/9303
f 2196/9304 1811/9305 2197/9306
f 1797/9307 2198/9308 1795/9309
f 2198/9310 1814/9311 2196/9312
f 1821/9313 1820/9314 2200/9315
f 2200/9316 2199/9317 2202/9318
f 1827/9319 1826/9320 2204/9321
f 2204/9322 2203/9323 2206/9324
f 1830/9325 1827/9326 2207/9327
f 2207/9328 2204/9329 2208/9330
f 1797/9331 1861/9332 2198/9333
f 2198/9334 2209/9335 1814/9336
f 1826/9337 2169/9338 2203/9339
f 2203/9340 2210/9341 2205/9342
f 2169/9343 1821/9344 2210/9345
f 2200/9346 2202/9347 2210/9348
f 2202/9349 2201/9350 2213/9351
f 2213/9352 2212/9353 2184/9354
f 2206/9355 2215/9356 2208/9357
f 2216/9358 2215/9359 2190/9360
f 2206/9361 2205/9362 2215/9363
f 2215/9364 2217/9365 2191/9366
f 2184/9367 2194/9368 2213/9369
f 2213/9370 2218/9371 2202/9372
f 2194/9373 2193/9374 2218/9375
f 2218/9376 2217/9377 2211/9378
f 1812/9379 2219/9380 1813/9381
f 2219/9382 1817/9383 2220/9384
f 1815/9385 2221/9386 1812/9387
f 2221/9388 1820/9389 2219/9390
f 1815/9391 2209/9392 2221/9393
f 2222/9394 2199/9395 2221/9396
f 2209/9397 1861/9398 2222/9399
f 2223/9400 2201/9401 2222/9402
f 2214/9403 2224/9404 1861/9405
f 2224/9406 2212/9407 2223/9408
f 1709/9409 2142/9410 2225/9411
f 2225/9412 2226/9413 1745/9414
f 1710/9415 2225/9416 1748/9417
f 2226/9418 1582/9419 1742/9420
f 1582/9421 2226/9422 2157/9423
f 2230/9424 2227/9425 2229/9426
f 2232/9427 2231/9428 2230/9429
f 2234/9430 2233/9431 2232/9432
f 2236/9433 2235/9434 2234/9435
f 2237/9436 2235/9437 2238/9438
f 2239/9439 2240/9440 2242/9441
f 2240/9442 2243/9443 2241/9444
f 2243/9445 2245/9446 2244/9447
f 2245/9448 2247/9449 2246/9450
f 2247/9451 2249/9452 2248/9453
f 2249/9454 2251/9455 2250/9456
f 2253/9457 2254/9458 2256/9459
f 2257/9460 2258/9461 2260/9462
f 2258/9463 2261/9464 2259/9465
f 2261/9466 2263/9467 2262/9468
f 2254/9469 2257/9470 2255/9471
f 2263/9472 2265/9473 2264/9474
f 2266/9475 2265/9476 2268/9477
f 2272/9478 2269/9479 2271/9480
f 2274/9481 2273/9482 2272/9483
f 2267/9484 2275/9485 2268/9486
f 2251/9487 2277/9488 2252/9489
f 2277/9490 2253/9491 2278/9492
f 2276/9493 2275/9494 2280/9495
f 2280/9496 2279/9497 2274/9498
f 2282/9499 2281/9500 2238/9501
f 2271/9502 2270/9503 2284/9504
f 2284/9505 2283/9506 2282/9507
f 2285/9508 2286/9509 2288/9510
f 2286/9511 2289/9512 2287/9513
f 2291/9514 2292/9515 2294/9516
f 2229/9517 2228/9518 2294/9519
f 2290/9520 2289/9521 2296/9522
f 2296/9523 2295/9524 2242/9525
f 1662/9526 1767/9527 1661/9528
f 1920/9529 2298/9530 1915/9531
f 1647/9532 1916/9533 2297/9534
f 2300/9535 2299/9536 2288/9537
f 2304/9538 2301/9539 2303/9540
f 2305/9541 2301/9542 2306/9543
f 2307/9544 2305/9545 2308/9546
f 2309/9547 2310/9548 2312/9549
f 2310/9550 2313/9551 2311/9552
f 2315/9553 2309/9554 2316/9555
f 2317/9556 2315/9557 2318/9558
f 2319/9559 2317/9560 2320/9561
f 2303/9562 2302/9563 2322/9564
f 2322/9565 2321/9566 2300/9567
f 2324/9568 2323/9569 2320/9570
f 2326/9571 2325/9572 2324/9573
f 2327/9574 2325/9575 2328/9576
f 2329/9577 2327/9578 2330/9579
f 2292/9580 2329/9581 2293/9582
f 2334/9583 2331/9584 2333/9585
f 2333/9586 2332/9587 2336/9588
f 2336/9589 2335/9590 2308/9591
f 2313/9592 2337/9593 2314/9594
f 2338/9595 2337/9596 2340/9597
f 2340/9598 2339/9599 2342/9600
f 2342/9601 2341/9602 2344/9603
f 2344/9604 2343/9605 2334/9606
f 2345/9607 2346/9608 2348/9609
f 2350/9610 2349/9611 2348/9612
f 2354/9613 2351/9614 2353/9615
f 2352/9616 2355/9617 2353/9618
f 2358/9619 2357/9620 2350/9621
f 2359/9622 2357/9623 2360/9624
f 2362/9625 2361/9626 2360/9627
f 2364/9628 2363/9629 2362/9630
f 2366/9631 2365/9632 2364/9633
f 2367/9634 2365/9635 2368/9636
f 2369/9637 2367/9638 2370/9639
f 2372/9640 2371/9641 2370/9642
f 2374/9643 2373/9644 2372/9645
f 2378/9646 2375/9647 2377/9648
f 2379/9649 2380/9650 2382/9651
f 2386/9652 2383/9653 2385/9654
f 2384/9655 2387/9656 2385/9657
f 2387/9658 2389/9659 2388/9660
f 2381/9661 2380/9662 2392/9663
f 2391/9664 2383/9665 2392/9666
f 2355/9667 2393/9668 2356/9669
f 2393/9670 2375/9671 2394/9672
f 2377/9673 2376/9674 2396/9675
f 2395/9676 2379/9677 2396/9678
f 2347/9679 2346/9680 2398/9681
f 2397/9682 2351/9683 2398/9684
f 2390/9685 2389/9686 2400/9687
f 2399/9688 2373/9689 2400/9690
f 2089/9691 2079/9692 2091/9693
f 2078/9694 2072/9695 2091/9696
f 2089/9697 2087/9698 2080/9699
f 2404/9700 2401/9701 2403/9702
f 2408/9703 2405/9704 2407/9705
f 2406/9706 2409/9707 2407/9708
f 2406/9709 2411/9710 2409/9711
f 2413/9712 2412/9713 2414/9714
f 2416/9715 2415/9716 2410/9717
f 2417/9718 2418/9719 2420/9720
f 2418/9721 2421/9722 2419/9723
f 2421/9724 2423/9725 2422/9726
f 2428/9727 2425/9728 2427/9729
f 2427/9730 2426/9731 2430/9732
f 2430/9733 2429/9734 2432/9735
f 2425/9736 2433/9737 2426/9738
f 2426/9739 2434/9740 2429/9741
f 2429/9742 2435/9743 2431/9744
f 2433/9745 2437/9746 2434/9747
f 2434/9748 2438/9749 2435/9750
f 2435/9751 2439/9752 2436/9753
f 2437/9754 2441/9755 2438/9756
f 2438/9757 2442/9758 2439/9759
f 2443/9760 2444/9761 2439/9762
f 2443/9763 2442/9764 2446/9765
f 2448/9766 2420/9767 2447/9768
f 2419/9769 2422/9770 2447/9771
f 2422/9772 2424/9773 2449/9774
f 2448/9775 2447/9776 2452/9777
f 2447/9778 2449/9779 2451/9780
f 2449/9781 2450/9782 2453/9783
f 2452/9784 2451/9785 2456/9786
f 2455/9787 2451/9788 2457/9789
f 2457/9790 2453/9791 2458/9792
f 2457/9793 2459/9794 2455/9795
f 2461/9796 2462/9797 2464/9798
f 2462/9799 2465/9800 2463/9801
f 2466/9802 2465/9803 2468/9804
f 2464/9805 2463/9806 2470/9807
f 2463/9808 2466/9809 2469/9810
f 2471/9811 2466/9812 2472/9813
f 2470/9814 2469/9815 2474/9816
f 2469/9817 2471/9818 2473/9819
f 2471/9820 2472/9821 2475/9822
f 2474/9823 2473/9824 2478/9825
f 2473/9826 2475/9827 2477/9828
f 2475/9829 2476/9830 2479/9831
f 2478/9832 2477/9833 2482/9834
f 2477/9835 2479/9836 2481/9837
f 2479/9838 2480/9839 2483/9840
f 2482/9841 2481/9842 2486/9843
f 2481/9844 2483/9845 2485/9846
f 2483/9847 2484/9848 2487/9849
f 2490/9850 2486/9851 2489/9852
f 2485/9853 2487/9854 2489/9855
f 2487/9856 2488/9857 2491/9858
f 2417/9859 2490/9860 2493/9861
f 2489/9862 2491/9863 2493/9864
f 2491/9865 2492/9866 2494/9867
f 2432/9868 2495/9869 2497/9870
f 2496/9871 2498/9872 2497/9873
f 2498/9874 2500/9875 2499/9876
f 2495/9877 2501/9878 2496/9879
f 2502/9880 2503/9881 2496/9882
f 2503/9883 2504/9884 2498/9885
f 2501/9886 2505/9887 2502/9888
f 2506/9889 2507/9890 2502/9891
f 2507/9892 2508/9893 2503/9894
f 2505/9895 2509/9896 2506/9897
f 2510/9898 2511/9899 2506/9900
f 2511/9901 2512/9902 2507/9903
f 2514/9904 2511/9905 2513/9906
f 2427/9907 2515/9908 2428/9909
f 2515/9910 2516/9911 2494/9912
f 2516/9913 2418/9914 2493/9915
f 2430/9916 2517/9917 2427/9918
f 2517/9919 2518/9920 2515/9921
f 2518/9922 2421/9923 2516/9924
f 2432/9925 2497/9926 2430/9927
f 2497/9928 2499/9929 2517/9930
f 2499/9931 2423/9932 2518/9933
f 2522/9934 2519/9935 2521/9936
f 2521/9937 2520/9938 2524/9939
f 2524/9940 2523/9941 2525/9942
f 2527/9943 2522/9944 2526/9945
f 2526/9946 2521/9947 2528/9948
f 2528/9949 2524/9950 2529/9951
f 2531/9952 2527/9953 2530/9954
f 2530/9955 2526/9956 2532/9957
f 2532/9958 2528/9959 2533/9960
f 2531/9961 2530/9962 2535/9963
f 2530/9964 2532/9965 2534/9966
f 2536/9967 2532/9968 2537/9969
f 2536/9970 2538/9971 2534/9972
f 2540/9973 2541/9974 2543/9975
f 2543/9976 2545/9977 2547/9978
f 2543/9979 2547/9980 2540/9981
f 2540/9982 2548/9983 2544/9984
f 2547/9985 2546/9986 2551/9987
f 2547/9988 2551/9989 2548/9990
f 2548/9991 2552/9992 2549/9993
f 2467/9994 2554/9995 2550/9996
f 2554/9997 2555/9998 2551/9999
f 2552/10000 2555/10001 2553/10002
f 2467/10003 2465/10004 2554/10005
f 2554/10006 2557/10007 2555/10008
f 2555/10009 2558/10010 2556/10011
f 2465/10012 2462/10013 2557/10014
f 2557/10015 2560/10016 2558/10017
f 2558/10018 2561/10019 2559/10020
f 2462/10021 2461/10022 2560/10023
f 2560/10024 2523/10025 2561/10026
f 2561/10027 2520/10028 2562/10029
f 2527/10030 2531/10031 2564/10032
f 2522/10033 2527/10034 2565/10035
f 2531/10036 2535/10037 2563/10038
f 2535/10039 2539/10040 2566/10041
f 2538/10042 2568/10043 2539/10044
f 2533/10045 2569/10046 2537/10047
f 2529/10048 2571/10049 2533/10050
f 2525/10051 2572/10052 2529/10053
f 2461/10054 2573/10055 2525/10056
f 2464/10057 2574/10058 2461/10059
f 2470/10060 2575/10061 2464/10062
f 2474/10063 2576/10064 2470/10065
f 2478/10066 2577/10067 2474/10068
f 2482/10069 2578/10070 2478/10071
f 2486/10072 2579/10073 2482/10074
f 2490/10075 2580/10076 2486/10077
f 2417/10078 2581/10079 2490/10080
f 2468/10081 2467/10082 2583/10083
f 2472/10084 2468/10085 2584/10086
f 2476/10087 2472/10088 2585/10089
f 2480/10090 2476/10091 2586/10092
f 2484/10093 2480/10094 2587/10095
f 2488/10096 2484/10097 2588/10098
f 2492/10099 2488/10100 2589/10101
f 2519/10102 2522/10103 2590/10104
f 2417/10105 2420/10106 2581/10107
f 2428/10108 2492/10109 2592/10110
f 2433/10111 2425/10112 2594/10113
f 2433/10114 2594/10115 2437/10116
f 2441/10117 2596/10118 2445/10119
f 2445/10120 2597/10121 2446/10122
f 2446/10123 2598/10124 2444/10125
f 2440/10126 2444/10127 2600/10128
f 2436/10129 2440/10130 2601/10131
f 2431/10132 2436/10133 2602/10134
f 2432/10135 2431/10136 2603/10137
f 2545/10138 2604/10139 2546/10140
f 2545/10141 2542/10142 2604/10143
f 2542/10144 2541/10145 2606/10146
f 2541/10147 2544/10148 2607/10149
f 2544/10150 2549/10151 2608/10152
f 2549/10153 2553/10154 2609/10155
f 2553/10156 2556/10157 2610/10158
f 2546/10159 2605/10160 2550/10161
f 2467/10162 2550/10163 2582/10164
f 2537/10165 2570/10166 2538/10167
f 2420/10168 2448/10169 2591/10170
f 2448/10171 2452/10172 2613/10173
f 2452/10174 2456/10175 2614/10176
f 2456/10177 2460/10178 2615/10179
f 2460/10180 2459/10181 2616/10182
f 2454/10183 2618/10184 2458/10185
f 2450/10186 2620/10187 2454/10188
f 2424/10189 2621/10190 2450/10191
f 2423/10192 2622/10193 2424/10194
f 2425/10195 2428/10196 2593/10197
f 2437/10198 2595/10199 2441/10200
f 2458/10201 2619/10202 2459/10203
f 2432/10204 2603/10205 2495/10206
f 2495/10207 2623/10208 2501/10209
f 2501/10210 2624/10211 2505/10212
f 2505/10213 2625/10214 2509/10215
f 2509/10216 2626/10217 2513/10218
f 2514/10219 2513/10220 2628/10221
f 2512/10222 2514/10223 2629/10224
f 2508/10225 2512/10226 2630/10227
f 2504/10228 2508/10229 2631/10230
f 2500/10231 2504/10232 2632/10233
f 2500/10234 2632/10235 2423/10236
f 2562/10237 2519/10238 2633/10239
f 2559/10240 2562/10241 2634/10242
f 2556/10243 2559/10244 2611/10245
