mtllib RThumb1.mtl
o RThumb1
usemtl nao_texture
v 0.02752762 0.001685333 -0.001822109
v 0.01939285 0.001685333 0.0164488
v 0.001121978 0.001685333 0.008314076
v 0.009256744 0.001685333 -0.009956837
v 0.02594116 -0.06915855 -0.01228386
v 0.01970627 -0.06675125 -0.01559111
v 0.02044159 -0.06835861 -0.01913506
v 0.02777664 -0.07074753 -0.01517158
v 0.01467606 -0.06538025 -0.02080196
v 0.01641525 -0.06511009 -0.02367407
v 0.02302521 -0.06807472 -0.02279936
v 0.02656723 -0.05955406 0.01928661
v 0.02668396 -0.03432404 0.01955965
v 0.02987076 -0.05962364 0.0157934
v 0.03044357 -0.07122955 -0.006717587
v 0.03302353 -0.07064171 -0.001780929
v 0.03405579 -0.06835083 0.0008990859
v 0.03354614 -0.03452576 0.005950165
v 0.03372574 -0.05975014 0.00586525
v 0.03246414 -0.05969452 0.01108482
v 0.0158432 -0.01126938 0.01091316
v 0.01559219 -0.03226875 0.01109035
v 0.01083084 -0.03221512 0.01063278
v 0.01630157 -0.00925415 0.01285376
v 0.01335403 -0.009134827 0.02337917
v 0.02705185 -0.009338455 0.01873138
v 0.005787964 -0.009176788 0.008274555
v -0.005865784 -0.009073258 0.003713265
v -0.0001565551 -0.009027023 0.01735353
v 0.01178925 -0.03436462 -0.005980167
v 0.00161499 -0.0342897 -0.01199181
v 0.01599136 -0.03449997 -0.01614746
v -0.0005397033 -0.02969528 -0.02618185
v -0.002619934 -0.04171509 -0.01739374
v -0.004077454 -0.03428558 -0.019191
v 0.02787186 -0.05264961 -0.06222912
v 0.03353409 -0.052911 -0.07534115
v 0.03758514 -0.0653447 -0.06502209
v 0.0608316 -0.05663574 -0.1420398
v 0.05985092 -0.05199165 -0.1426492
v 0.06241501 -0.05461479 -0.1443971
v 0.077061 -0.06883926 -0.1205018
v 0.08185563 -0.06884926 -0.1363788
v 0.08413605 -0.06951088 -0.1241473
v 0.05045227 -0.07062653 -0.1087503
v 0.051064 -0.06402817 -0.1109877
v 0.05354752 -0.06632133 -0.1089075
v 0.06650269 -0.03695274 -0.111117
v 0.05565369 -0.03695274 -0.1196613
v 0.05869614 -0.04754799 -0.1151873
v 0.05595154 -0.03695244 -0.1477218
v 0.05552765 -0.04212578 -0.1482159
v 0.05244308 -0.03021301 -0.1522336
v 0.04836884 -0.03169235 -0.1514535
v 0.05642456 -0.05920372 -0.1410001
v 0.03480225 0.05450996 -0.07621883
v 0.02914398 0.05460152 -0.06311874
v 0.03915802 0.06701019 -0.0661182
v 0.07868286 0.06866974 -0.1216415
v 0.08110215 0.06911919 -0.1185955
v 0.08577073 0.06909683 -0.1252909
v 0.01264496 0.03762505 -0.006570988
v 0.01683807 0.03749428 -0.01674814
v 0.00247055 0.03769997 -0.01258263
v 0.03439728 0.03746979 0.005366116
v 0.0220459 0.03764885 0.009404564
v 0.02753967 0.03766563 0.01896885
v 0.01085571 0.03780006 0.01188797
v 9.201049e-05 0.03797714 0.01727251
v 0.0138942 0.03785942 0.02342278
v 0.03472183 0.07346008 -0.002974339
v 0.0354512 0.06268417 2.553939e-05
v 0.03485214 0.07264702 -0.0007608604
v 0.02801666 0.0628788 0.01827917
v 0.03137344 0.06280548 0.01470554
v 0.03393555 0.06273903 0.01001724
v 0.03517929 0.06268471 0.004814491
v 0.03187393 0.03765579 0.02438688
v 0.03246796 0.05424019 0.02429268
v 0.03080902 0.06304291 0.02177275
v 0.01655609 0.01273666 0.01267143
v 0.02731094 0.01266121 0.01855917
v 0.0136174 0.01285889 0.02320013
v 0.006047058 0.01282288 0.008102322
v 0.0001068115 0.01296669 0.01717451
v -0.005602265 0.01292809 0.003527737
v 0.0001182556 0.03293632 -0.02670698
v 0.005096588 0.0475843 -0.02623297
v -0.004008789 0.03523788 -0.02977619
v 0.04762482 0.0554554 -0.1158438
v 0.04614227 0.06351463 -0.1137132
v 0.05011703 0.06108185 -0.1139248
v 0.05644623 0.03686172 -0.1450986
v 0.05682236 0.03683685 -0.1483351
v 0.06106537 0.0368013 -0.1431799
v 0.08154129 0.0368013 -0.1136507
v 0.06737335 0.0368013 -0.1117303
v 0.0742775 0.0368013 -0.1197889
v 0.07602524 0.0368013 -0.1377742
v 0.07487259 0.0368013 -0.146868
v 0.08702057 0.0368013 -0.1393161
v 0.05981567 0.04790268 -0.11598
v 0.0658876 0.05668396 -0.1121013
v 0.06123093 0.05120331 -0.1147443
v 0.0629071 0.05380913 -0.113575
v 0.08397675 0.0628138 -0.1148012
v 0.08208512 0.06284988 -0.113478
v 0.05469574 0.03618072 -0.1509954
v 0.05315109 0.03010445 -0.1527327
v 0.0491188 0.03168434 -0.1519772
v 0.05778275 0.05932304 -0.1422224
v 0.06217743 0.05648499 -0.142975
v 0.01163681 0.03577446 0.01006903
v 0.01639389 0.03572678 0.01053337
v 0.01614716 0.01472145 0.01070377
v 0.04851166 -0.04628906 0.04682682
v 0.03991425 -0.0566848 0.03601561
v 0.04656799 -0.05711601 0.02810204
v 0.05834396 -0.04650536 0.0366276
v 0.0543753 -0.0292009 0.05396723
v 0.0662088 -0.02953979 0.04216307
v 0.02857834 -0.0596859 0.02180519
v 0.03245407 -0.05996811 0.01770229
v 0.05182083 -0.05726402 0.01857101
v 0.06545227 -0.04669533 0.02373005
v 0.07453644 -0.02976654 0.0270467
v 0.03545822 -0.06004967 0.01225077
v 0.05438339 -0.05737541 0.007994938
v 0.06891541 -0.04685303 0.009420433
v 0.03713928 -0.07116631 0.0006623268
v 0.03613266 -0.07278244 -0.001199874
v 0.03553986 -0.07361198 -0.003789196
v 0.04631195 -0.07150658 -0.00712368
v 0.04512558 -0.07153862 -0.001305561
v 0.03691986 -0.06011719 0.006196346
v 0.04468307 -0.07028885 6.538391e-05
v 0.04764465 -0.05949844 -5.542755e-05
v 0.03685303 -0.05990074 0.0008054733
v 0.06912537 -0.008456497 0.04395925
v 0.05720215 -0.008215942 0.05642624
v 0.05719269 -0.06834877 -0.002155895
v 0.05658874 -0.06706909 -0.0008568191
v 0.05421051 -0.0570755 -0.0005678749
v 0.03481125 -0.07346481 -0.006476135
v 0.03196091 -0.07192467 -0.004842358
v 0.0336026 -0.06061935 0.0006454849
v 0.03341476 -0.07281059 -0.008976097
v 0.07859558 -0.0299543 0.01026918
v 0.0593782 -0.06929207 -0.007862015
v 0.06873306 -0.06243683 -0.002944298
v 0.06778473 -0.06106895 -0.001695251
v 0.0778862 -0.008693771 0.02806974
v 0.05069382 -0.07017075 -0.0192552
v 0.06465744 -0.06677917 -0.01750891
v 0.03921936 -0.07009972 -0.02090366
v 0.02939484 -0.03460213 -0.008777599
v 0.06221237 -0.05306885 -0.001171436
v 0.06982315 -0.06273369 -0.00827219
v 0.07071594 -0.06497711 -0.01592842
v 0.05628372 -0.07789146 -0.02394287
v 0.05267975 -0.07762764 -0.02065208
v 0.0373999 -0.07710838 -0.02266067
v 0.03943832 -0.07690132 -0.02622892
v 0.07245773 -0.07402542 -0.02162918
v 0.0680751 -0.07464699 -0.01862013
v 0.05846741 -0.07211578 -0.05599649
v 0.06892151 -0.07254387 -0.05143097
v 0.0754715 -0.05517883 -0.002254753
v 0.06876526 -0.04674942 -0.001631698
v 0.08216797 -0.06959991 -0.04571144
v 0.07743134 -0.05922775 -0.01595295
v 0.07798752 -0.05759796 -0.008587017
v 0.07276489 -0.04201073 -0.001903305
v 0.07856781 -0.03041542 -0.00225048
v 0.02119919 -0.0343454 0.01000523
v 0.01304749 -0.0341349 0.02402348
v -0.0007637023 -0.03402 0.01786993
v 0.01 -0.03418953 0.01247885
v 0.08562912 -0.06526352 -0.01864555
v 0.08282761 -0.06729065 -0.01666967
v 0.02233932 -0.07413422 -0.02521889
v 0.02246796 -0.07456787 -0.02848175
v 0.08214966 -0.008891754 0.01044401
v 0.01438095 -0.06950096 -0.02595846
v 0.01818634 -0.07198952 -0.02940989
v 0.01517639 -0.06387733 -0.01634741
v 0.08443253 -0.04537079 -0.00478426
v 0.08317841 -0.04485992 -0.002776203
v 0.076371 -0.05639526 -0.003487587
v 0.01408005 -0.06922005 -0.03028692
v 0.08667527 -0.04563927 -0.008754234
v 0.04276062 -0.06950165 -0.0627116
v 0.04801346 -0.07168777 -0.06056202
v -0.006595612 -0.03406525 0.003927155
v 0.004195557 -0.03420021 0.00260334
v 0.008583984 -0.05963005 -0.02124098
v 0.0103212 -0.05863693 -0.01615723
v 0.08793 -0.04681457 -0.01473852
v 0.0954506 -0.05448173 -0.01500811
v 0.02229385 -0.03445236 -0.001397686
v 0.00829422 -0.06136284 -0.03150681
v 0.00788971 -0.06143036 -0.02711449
v 0.02163254 -0.03239593 0.004271202
v 0.02188354 -0.01139656 0.004094029
v 0.007240601 -0.03219963 0.007453384
v 0.007491608 -0.01120026 0.007276154
v 0.1041315 -0.03732742 -0.01390968
v 0.09454667 -0.03218864 -0.01403568
v 0.08825959 -0.03385307 -0.003065395
v 0.09110764 -0.0334893 -0.003415909
v -0.004798737 -0.03196449 -0.02922335
v -0.003544312 -0.03293358 -0.03371016
v -0.001614685 -0.03429184 -0.01607393
v -0.001177978 -0.02171272 -0.01617702
v 0.1065166 -0.03592628 -0.01641617
v 0.0977472 -0.05227188 -0.0178047
v 0.01700912 -0.03240295 -0.003582001
v 0.01726013 -0.01141113 -0.003752613
v 0.09182633 -0.0323304 -0.008825321
v 0.01044632 -0.05910446 -0.02458096
v 0.008114014 -0.03228523 -0.001614341
v 0.008365021 -0.01128586 -0.001791496
v 0.09318802 -0.01301041 -0.003252316
v 0.08229142 -0.008995743 -0.002335948
v 0.09548829 -0.01352753 -0.0047472
v 0.09716523 -0.01582153 -0.00888216
v 0.112115 -0.03470688 -0.03313763
v 0.1047774 -0.05032043 -0.03612394
v 0.1105115 -0.0175013 -0.0158416
v 0.1094469 -0.01860168 -0.01331373
v 0.02389526 -0.009418488 0.004270306
v 0.03653137 -0.009599228 0.0006700325
v -0.004909668 -0.02789192 -0.0205644
v 0.02061142 -0.02986008 -0.06173508
v 0.1137799 -0.05302803 -0.05336721
v 0.1192868 -0.03823059 -0.0495014
v 0.006891632 -0.009280777 -0.003125038
v 0.0003184509 -0.009284821 -0.01294537
v 0.08992844 -0.07561874 -0.07166576
v 0.09249711 -0.07533279 -0.07423317
v 0.1046268 -0.06567833 -0.06377418
v 0.1043756 -0.06577141 -0.06125843
v 0.01808197 -0.009431992 -0.00560854
v 0.02974411 -0.009606323 -0.009715614
v 0.03233185 -0.009636459 -0.009969959
v 0.0927446 -0.06981834 -0.07622082
v 0.1031302 -0.06288948 -0.06769546
v 0.08054673 -0.07846382 -0.08400055
v 0.08149689 -0.07365501 -0.08552109
v 0.07801147 -0.07852562 -0.08123745
v 0.09648545 0.000637207 -0.005468979
v 0.09379471 0.0004708862 -0.003159371
v 0.06713013 -0.07806274 -0.09014676
v 0.06066879 -0.07778732 -0.09543747
v -0.0001560974 0.001695709 -0.01606125
v -0.00658844 0.001700134 -0.02421562
v 0.0991716 -0.0161972 -0.01360373
v -0.004653015 0.001661682 -0.02701591
v -0.009607697 0.001697692 -0.0302593
v 0.1139177 -0.05490295 -0.05717031
v 0.1207523 -0.03772842 -0.05198559
v 0.1169379 -0.01730759 -0.03127707
v 0.1238234 -0.01795593 -0.04649204
v 0.1006288 -0.06049744 -0.06981441
v 0.09238038 -0.06713402 -0.07656715
v 0.06851318 -0.07806808 -0.09395638
v 0.070345 -0.0717865 -0.09484227
v 0.1123747 -0.05294983 -0.06017422
v 0.01860764 -0.009525223 -0.01647751
v 0.1010954 0.0005175018 -0.013522
v 0.09942688 0.0005747222 -0.008952999
v 0.1114918 0.0004004669 -0.01369949
v 0.1135193 0.0003553009 -0.01544376
v 0.05438797 -0.07572288 -0.101432
v 0.1083051 -0.04879974 -0.06363564
v 0.1005473 -0.06389145 -0.07882088
v 0.09110398 -0.07045441 -0.08974179
v 0.1188377 -0.03567276 -0.05509911
v 0.04740814 -0.07079178 -0.1057849
v 0.0004789733 0.001700363 -0.01473534
v 0.02913956 -0.0301712 -0.08158421
v 0.05684921 -0.07467918 -0.1037398
v 0.05836319 -0.06930298 -0.1048707
v 0.01289124 -0.009501038 -0.02193613
v 0.007371826 -0.009406586 -0.0181044
v 0.09447525 -0.07061928 -0.09442337
v 0.1037346 -0.0634803 -0.08323781
v -0.008610382 0.001643524 -0.03488371
v 0.1094096 -0.05248581 -0.06904312
v 0.119303 0.0001681518 -0.03049267
v 0.1040599 -0.0601416 -0.08648472
v 0.09534745 -0.06609123 -0.09742005
v 0.113952 -0.03345024 -0.05921425
v 0.1116705 -0.05138329 -0.07391247
v 0.1171976 -0.03536095 -0.06770233
v 0.1149843 -0.03576912 -0.06345188
v 0.1263695 -4.379272e-05 -0.04495037
v 0.01644012 0.001111297 -0.06297996
v 0.08480927 -0.07370544 -0.1063191
v 0.08496827 -0.06883018 -0.110497
v 0.1114635 -0.049254 -0.07721996
v 0.1168603 -0.0343087 -0.07052475
v 0.0940001 -0.06175301 -0.099184
v 0.103024 -0.05451515 -0.08783905
v 0.1226669 -0.0178627 -0.05223373
v 0.124984 -0.01899155 -0.04894207
v 0.117818 -0.01673813 -0.0562986
v 0.08188889 -0.07448601 -0.1006081
v 0.07170608 -0.07295143 -0.1132932
v 0.07514465 -0.07349777 -0.1183964
v 0.113217 -0.03005394 -0.07517456
v 0.1091098 -0.04378532 -0.08024079
v 0.04229965 -0.06241447 -0.1096336
v 0.04519913 -0.06247414 -0.1127039
v 0.04867081 -0.06046394 -0.1129204
v 0.03287384 -0.03270264 -0.1174886
v 0.06214142 -0.07121582 -0.1252635
v 0.05661865 -0.06686844 -0.1307597
v 0.07946365 -0.06931114 -0.1174464
v 0.06575272 -0.07015991 -0.1301291
v 0.120374 -0.01740387 -0.06624763
v 0.1206332 -0.01784058 -0.06402763
v 0.0524205 -0.05912804 -0.1352486
v 0.08248764 -0.06473328 -0.1137197
v 0.08868699 -0.06497818 -0.1227715
v 0.1193857 -4.180908e-05 -0.05529453
v 0.1256689 -7.04956e-05 -0.05000977
v 0.07064682 -0.06284332 -0.1097914
v 0.07691483 -0.0629248 -0.1107378
v 0.08066605 -0.03695274 -0.1130475
v 0.06454636 -0.05641289 -0.1111693
v 0.06453445 -0.06278542 -0.11097
v 0.0889592 -0.03695274 -0.1246862
v 0.08249787 -0.06301712 -0.1137465
v 0.02566833 0.0008303833 -0.08448357
v 0.03534561 -0.03320389 -0.1214279
v 0.04019699 -0.03107262 -0.1206889
v 0.06058014 -0.06679787 -0.1362526
v 0.06799927 -0.066073 -0.1320234
v 0.07174805 -0.06594276 -0.1425846
v 0.1219897 -0.0001455688 -0.0643573
v 0.1218352 -0.0001366424 -0.06276604
v 0.1149712 -0.01713081 -0.07307896
v 0.1154134 -0.0001342773 -0.07267067
v 0.08626542 -0.06440895 -0.1386801
v 0.08614533 -0.03695274 -0.138713
v 0.06382919 -0.06273407 -0.1373704
v 0.04493469 -0.03232582 -0.1443872
v 0.06440948 -0.06113953 -0.1430096
v 0.07387909 -0.06168785 -0.1464596
v 0.02893127 0.0004841613 -0.1211227
v 0.03150864 0.000430603 -0.1242309
v 0.0601947 -0.03695274 -0.1425666
v 0.07400192 -0.03695274 -0.1462548
v 0.04866348 0.000183258 -0.1295156
v 0.04887222 -0.03671905 -0.1291967
v 0.05557541 -0.03692757 -0.1444854
v 0.05539612 -2.647399e-05 -0.1450945
v 0.05576797 -5.325317e-05 -0.1482876
v 0.05012787 0.0002372741 -0.1206274
v 0.05307983 -0.03044022 -0.1153038
v 0.04162353 0.0001052093 -0.1488579
v 0.03711487 0.0003656005 -0.1238191
v 0.04397461 1.716613e-05 -0.1543151
v 0.04909668 -4.91333e-05 -0.1567303
v 0.05742615 0.01144165 0.05626364
v 0.05516785 0.03211136 0.05354252
v 0.0503717 0.02782303 0.04750746
v 0.05181534 0.01145546 0.04922733
v 0.06720154 0.03197609 0.04146936
v 0.06955795 0.01119888 0.04353519
v 0.07819382 0.01096436 0.02770996
v 0.07543991 0.03174927 0.02638361
v 0.08239991 0.01076843 0.01017797
v 0.07945038 0.03156692 0.009673157
v 0.05996002 0.04887749 0.03587742
v 0.05033188 0.048218 0.04695847
v 0.06703232 0.04868362 0.02293001
v 0.007795715 0.01479057 0.007066784
v 0.02415878 0.01257523 0.004091301
v 0.0367807 0.01239891 0.0003744888
v 0.08252442 0.01066483 -0.002495269
v 0.08119553 0.02503944 -0.002742348
v 0.0825499 0.0008344268 -0.002256546
v 0.09351487 0.01441032 -0.003481865
v 0.09582276 0.01484146 -0.004985752
v 0.09766739 0.01708565 -0.009185696
v 0.02218765 0.01459427 0.003884659
v 0.02243866 0.03559364 0.003707428
v 0.007154999 0.01272049 -0.003310623
v 0.008677979 0.01470787 -0.001997585
v 0.0005818176 0.01271645 -0.01313095
v 0.07046387 0.04852348 0.008587265
v 0.00804657 0.03578995 0.00688961
v 0.01834534 0.01256172 -0.005787582
v 0.01737427 0.01248093 -0.0171397
v 0.03008224 0.0123925 -0.01010172
v -0.005748901 0.037929 0.003326454
v 0.04129456 0.05996933 0.03505133
v 0.03754562 0.05256248 0.03073313
v 0.04566254 0.04212166 0.0414299
v 0.04874283 0.05973572 0.02746811
v 0.1098997 0.01944153 -0.01362043
v 0.09962525 0.01688713 -0.0138715
v 0.01757309 0.01459015 -0.003965302
v 0.01781509 0.0355867 -0.004145775
v 0.03245087 0.01236443 -0.01033792
v -0.0006188964 0.02512245 -0.01655878
v 0.008919983 0.03570442 -0.002178058
v 0.05402588 0.05959228 0.01779022
v 0.09266633 0.02913887 -0.004951534
v 0.09081269 0.02851715 -0.003606224
v 0.07949142 0.03145493 -0.002766209
v 0.1173532 0.01767052 -0.03156589
v 0.1116687 0.01839714 -0.01602133
v 0.005042267 0.03778656 0.00200922
v 0.01191528 0.01250267 -0.02220671
v 0.05660538 0.0594738 0.007054005
v 0.02314957 0.03754486 -0.001995086
v 0.03024612 0.03740089 -0.009368267
v 0.1050308 0.03827324 -0.01453203
v 0.09533539 0.03336044 -0.01458111
v 0.09411271 0.03175743 -0.009367733
v 0.1251125 0.01748688 -0.04611458
v -0.004200897 0.0313163 -0.02105646
v 0.08765213 0.04271858 -0.0048065
v 0.08620881 0.04195808 -0.003575592
v 0.106272 0.03900246 -0.01724211
v 0.1129454 0.03514481 -0.03371313
v -0.0007589721 0.03770538 -0.01667133
v 0.07034393 0.04827194 -0.00244585
v 0.03498367 0.06317642 0.01733929
v 0.03810211 0.06309174 0.0116103
v 0.06178909 0.05643669 -0.001953544
v -0.002873535 0.03477356 -0.03429291
v 0.0213472 0.03200043 -0.0622464
v 0.03962448 0.06301826 0.005275307
v 0.02761124 0.07197029 -0.01344505
v 0.03369919 0.07472198 -0.006056442
v 0.02132446 0.06965431 -0.01671698
v 0.01672592 0.0668837 -0.01742853
v 0.08958191 0.04342659 -0.009488239
v 0.1182056 0.0166671 -0.05657886
v 0.1235886 0.01784241 -0.05211744
v 0.09675477 0.05560944 -0.01591494
v 0.08905686 0.04812462 -0.01552393
v 0.003987885 0.04686142 -0.01384949
v 0.000125122 0.04735352 -0.01921843
v 0.07898071 0.05395027 -0.003280888
v 0.06926681 0.06307251 -0.002722969
v 0.1208467 -7.957458e-05 -0.05813839
v 0.1198184 0.01658272 -0.05943089
v 0.01174576 0.06176239 -0.01715153
v 0.05177933 0.06127541 -0.001266822
v 0.105975 0.05088196 -0.03696024
v 0.09962769 0.05355492 -0.01857836
v 0.1207742 0.01710762 -0.06653851
v 0.1210547 0.01757889 -0.064328
v 0.0395459 0.06277191 -0.0003108787
v 0.1206665 0.03848389 -0.04977737
v 0.1154924 0.01301605 -0.07306141
v 0.05820251 0.0693499 -0.001982536
v 0.009377747 0.06442574 -0.02815567
v 0.009776917 0.06427559 -0.03255383
v 0.1216463 0.03765472 -0.05261379
v 0.1254315 0.01887901 -0.04926414
v 0.08443543 0.06868698 -0.01778378
v 0.07885437 0.06076157 -0.01694534
v 0.04638702 0.07288399 -0.00111227
v 0.03815186 0.07432899 -0.0008036231
v 0.1199614 0.03578407 -0.05546455
v 0.01003311 0.06270592 -0.02225288
v 0.01188248 0.06208046 -0.0255728
v 0.02986679 0.03177574 -0.08208775
v 0.1147543 0.03342094 -0.05975101
v 0.08019684 0.05497108 -0.004517288
v 0.07919952 0.05886658 -0.009532356
v 0.07173843 0.06520721 -0.009375286
v 0.07023331 0.06439133 -0.003997574
v 0.05883301 0.07058853 -0.003302403
v 0.04684708 0.07407471 -0.002501583
v 0.06587677 0.06918587 -0.009213047
v 0.04819122 0.0746138 -0.008378143
v 0.1180302 0.03510956 -0.068284
v 0.1165877 0.03488426 -0.06320316
v 0.03797272 0.07514915 -0.001916351
v 0.1176677 0.0340239 -0.07109112
v 0.1138879 0.02999153 -0.07572659
v 0.03658218 0.07615616 -0.007705803
v 0.06626312 0.06859482 -0.01863005
v 0.05239105 0.07229988 -0.02043097
v 0.0851323 0.06981201 -0.02114893
v 0.1154033 0.05315102 -0.05396505
v 0.0294841 0.07346901 -0.01637041
v 0.1061064 0.06637741 -0.0613562
v 0.09601868 0.06309166 -0.04145515
v 0.1152162 0.05490349 -0.05808376
v 0.06985977 0.07635597 -0.01986382
v 0.1139128 0.05183128 -0.06079109
v 0.01626251 0.06831947 -0.02190912
v 0.01799515 0.06794701 -0.024772
v 0.1105634 0.04687881 -0.06348659
v 0.0220929 0.07117798 -0.02029472
v 0.0394841 0.0742437 -0.02209217
v 0.07026367 0.07732834 -0.02347889
v 0.0246698 0.07078194 -0.02394686
v 0.02421341 0.0761261 -0.02608183
v 0.01606262 0.07236137 -0.02713119
v 0.05453964 0.07966263 -0.02194971
v 0.01619095 0.07252235 -0.03140057
v 0.03924393 0.07946915 -0.02395321
v 0.112886 0.05115807 -0.07476662
v 0.1118669 0.0495224 -0.068535
v 0.02425949 0.07718971 -0.02974335
v 0.0548082 0.08060021 -0.02574099
v 0.04442886 0.07108292 -0.06387245
v 0.03945297 0.08020226 -0.0278264
v 0.1056418 0.06790527 -0.06606571
v 0.1019481 0.06073242 -0.07092167
v 0.1051256 0.06403641 -0.0683342
v 0.04973862 0.03707619 -0.1298033
v 0.05380051 0.03091644 -0.1158142
v 0.03365631 0.03361855 -0.1180316
v 0.09396943 0.06731857 -0.07767887
v 0.09454743 0.07066002 -0.07726044
v 0.09428132 0.07554367 -0.075485
v 0.03613556 0.03400604 -0.1219873
v 0.04120575 0.03298958 -0.1210063
v 0.0454335 0.03135933 -0.1451958
v 0.09485047 0.07499786 -0.07038136
v 0.104483 0.06197197 -0.07701805
v 0.09526947 0.06991318 -0.08787491
v 0.05652008 0.0368013 -0.1202678
v 0.06756409 0.06303543 -0.1115085
v 0.06602676 0.06305717 -0.1120114
v 0.08332291 0.07364502 -0.08667149
v 0.08240647 0.07878906 -0.08529534
v 0.05382477 0.05928383 -0.1362226
v 0.09694214 0.06601715 -0.09847912
v 0.1043466 0.06129585 -0.08896275
v 0.1042203 0.0543956 -0.08886559
v 0.09675904 0.06113319 -0.09855149
v 0.04378693 0.0632328 -0.1106705
v 0.06404205 0.0368013 -0.1242466
v 0.08168488 0.0368013 -0.1281411
v 0.08982987 0.0368013 -0.1252995
v 0.08045533 0.07982849 -0.08203324
v 0.04923477 0.07139229 -0.1068482
v 0.06898758 0.07969505 -0.09139557
v 0.0612352 0.07583244 -0.05977421
v 0.07160965 0.07366425 -0.05483673
v 0.06767319 0.07937386 -0.09247399
v 0.04974564 0.07315468 -0.0617437
v 0.09021882 0.06448128 -0.1238377
v 0.0561853 0.07638641 -0.1026862
v 0.0718576 0.07328392 -0.0962032
v 0.07036621 0.0785199 -0.09525219
v 0.07184036 0.07216881 -0.09620274
v 0.08123444 0.07184898 -0.08837193
v 0.08309281 0.07420593 -0.1025348
v 0.09614518 0.07044243 -0.09558537
v 0.08655426 0.0735688 -0.1075292
v 0.08785737 0.06857506 -0.1100263
v 0.06511627 0.0368013 -0.1353559
v 0.06043793 0.0704351 -0.1056642
v 0.05862122 0.07524742 -0.1049693
v 0.07331985 0.07396728 -0.11453
v 0.08777451 0.06370277 -0.1397385
v 0.05819244 0.066968 -0.1318319
v 0.05669769 0.06828522 -0.1087379
v 0.06382523 0.07129509 -0.1264387
v 0.05212936 0.07125679 -0.1099294
v 0.07688385 0.07338745 -0.1196111
v 0.08348084 0.0682959 -0.1375094
v 0.06955749 0.06591217 -0.133117
v 0.06746017 0.07041748 -0.1314503
v 0.07407577 0.06576469 -0.1434965
v 0.06531082 0.06258377 -0.1384045
v 0.06585754 0.06088341 -0.1440151
v 0.06776764 0.05779388 -0.1469941
v 0.06216156 0.06674377 -0.1373582
v 0.07611847 0.06133118 -0.1473455
v 0.08029603 0.07175232 -0.04833982
v 0.1259796 -5.943298e-05 -0.04771814
v 0.1185706 -0.01810585 -0.06006985
v 0.1052347 0.06328079 -0.08429181
v 0.0945366 -0.06236786 -0.04041613
v 0.08558365 -0.06419785 -0.1102236
v 0.0664032 -0.05814766 -0.146035
v 0.1129454 0.04818741 -0.07768639
v 0.1100717 0.04369163 -0.08105538
v 0.0897432 0.06333916 -0.107513
v 0.0554303 0.03713272 -0.1140993
v 0.05455948 -0.03665657 -0.1134859
v 0.1045837 0.05762863 -0.07673885
v 0.1114424 -0.05037842 -0.07368515
v 0.08158387 -0.06937836 -0.1111125
v 0.07946259 0.07006889 -0.1186248
v 0.1179439 0.02101356 -0.06860126
v 0.117937 -0.01584877 -0.06860428
v 0.04679916 -0.03565804 -0.1331675
v 0.05072998 0.04807884 -0.1314173
v 0.06442612 -0.007954865 0.0395895
v 0.05333755 -0.007731094 0.0511838
v 0.0765387 -0.00835968 0.008420296
v 0.0725737 -0.008175507 0.02481224
v 0.07667053 -0.008456345 -0.003465061
v 0.0728598 0.01010651 0.02447763
v 0.07677155 0.009924317 0.008172894
v 0.06482849 0.01032463 0.03919512
v 0.07652451 0.01066483 -0.003495274
vt 0.2167836 0.8590684
vt 0.2088516 0.8590684
vt 0.2088516 0.8670003
vt 0.1251831 0.7644254
vt 0.1249901 0.7656724
vt 0.1255372 0.7660874
vt 0.1255604 0.7673216
vt 0.1261972 0.7663915
vt 0.1255372 0.7660874
vt 0.1215389 0.7599417
vt 0.1205993 0.7624614
vt 0.121914 0.7601653
vt 0.1252385 0.7633852
vt 0.1250182 0.7626663
vt 0.1247932 0.7622818
vt 0.1218921 0.7629334
vt 0.1230654 0.7612402
vt 0.1224464 0.760593
vt 0.1189939 0.7636702
vt 0.118873 0.7638647
vt 0.1188565 0.7638936
vt 0.1190801 0.7635268
vt 0.1195033 0.7635672
vt 0.1193512 0.7628677
vt 0.1191072 0.7642352
vt 0.1193434 0.7648971
vt 0.1195154 0.7642084
vt 0.121673 0.7649513
vt 0.1214781 0.7661373
vt 0.1223608 0.7651307
vt 0.1209117 0.7692134
vt 0.1220316 0.7673395
vt 0.1212394 0.7675901
vt 0.128809 0.7776449
vt 0.130988 0.7815584
vt 0.1331278 0.7763086
vt 0.1483303 0.8166928
vt 0.146205 0.8200634
vt 0.1488637 0.8189613
vt 0.1626191 0.8017471
vt 0.1620042 0.8116919
vt 0.1660414 0.8058275
vt 0.143423 0.7917439
vt 0.1433957 0.7955288
vt 0.1450634 0.7937329
vt 0.1991759 0.8115047
vt 0.2088091 0.8055451
vt 0.2005845 0.800293
vt 0.1350758 0.831204
vt 0.137589 0.8261332
vt 0.1282145 0.8291951
vt 0.1287887 0.8258136
vt 0.1282145 0.8291951
vt 0.137589 0.8261332
vt 0.1465181 0.8141412
vt 0.137589 0.8261332
vt 0.146205 0.8200634
vt 0.1014941 0.779421
vt 0.1040772 0.776068
vt 0.1002175 0.7743636
vt 0.07444149 0.7961339
vt 0.07180154 0.7952875
vt 0.07292562 0.7990951
vt 0.1129056 0.764622
vt 0.1121587 0.7648457
vt 0.113016 0.765887
vt 0.1127579 0.7626032
vt 0.1135364 0.7629985
vt 0.1140844 0.7618843
vt 0.1139119 0.7636279
vt 0.1144013 0.7639265
vt 0.1144204 0.7630554
vt 0.1093084 0.762689
vt 0.1106567 0.7621186
vt 0.1094772 0.7624935
vt 0.1127023 0.7604338
vt 0.1124492 0.7606085
vt 0.1140844 0.7618843
vt 0.1127579 0.7626032
vt 0.1119875 0.760977
vt 0.111385 0.7614859
vt 0.1140844 0.7618843
vt 0.1144944 0.760841
vt 0.1134443 0.7602618
vt 0.1127023 0.7604338
vt 0.1134443 0.7602618
vt 0.1128196 0.7602409
vt 0.1164104 0.7632262
vt 0.1164599 0.7620751
vt 0.1158624 0.7631006
vt 0.1161848 0.7640394
vt 0.1156755 0.7639031
vt 0.1157306 0.7647188
vt 0.1132399 0.7690282
vt 0.1111744 0.7684344
vt 0.1126883 0.7701449
vt 0.09217816 0.7941797
vt 0.09146177 0.7906288
vt 0.09013336 0.7920576
vt 0.08488827 0.816612
vt 0.08623754 0.8155838
vt 0.08209294 0.8141238
vt 0.06869566 0.810647
vt 0.06646364 0.8157764
vt 0.07026493 0.8138291
vt 0.07565051 0.8118333
vt 0.07760328 0.8105139
vt 0.0747348 0.809272
vt 0.06036758 0.8200241
vt 0.05754619 0.8120922
vt 0.05894225 0.8175968
vt 0.05894225 0.8175968
vt 0.05754619 0.8120922
vt 0.05804783 0.8153111
vt 0.06869566 0.810647
vt 0.06561732 0.7985594
vt 0.0626583 0.8009505
vt 0.08831512 0.8149852
vt 0.09178274 0.818001
vt 0.09246611 0.8154744
vt 0.08406186 0.8033569
vt 0.08273577 0.8049072
vt 0.08831512 0.8149852
vt 0.08406186 0.8033569
vt 0.08831512 0.8149852
vt 0.09246611 0.8154744
vt 0.1165864 0.7638103
vt 0.116573 0.7637798
vt 0.1164861 0.7634904
vt 0.1210734 0.7573165
vt 0.1217387 0.757392
vt 0.1212795 0.755408
vt 0.1206046 0.7553545
vt 0.1212795 0.755408
vt 0.1206482 0.7535667
vt 0.1215229 0.7594098
vt 0.1219736 0.7596856
vt 0.1217387 0.757392
vt 0.1217387 0.757392
vt 0.1226009 0.757647
vt 0.1221441 0.7555488
vt 0.1212795 0.755408
vt 0.1221441 0.7555488
vt 0.1211971 0.7538369
vt 0.1215389 0.7599417
vt 0.121914 0.7601653
vt 0.1219736 0.7596856
vt 0.1219736 0.7596856
vt 0.1225823 0.7601281
vt 0.1226009 0.757647
vt 0.1221441 0.7555488
vt 0.1226009 0.757647
vt 0.1237466 0.7581018
vt 0.1219736 0.7596856
vt 0.121914 0.7601653
vt 0.1224464 0.760593
vt 0.1218921 0.7629334
vt 0.1224464 0.760593
vt 0.121914 0.7601653
vt 0.1251839 0.7621302
vt 0.1247932 0.7622818
vt 0.1250182 0.7626663
vt 0.1254619 0.7626873
vt 0.1264618 0.761807
vt 0.1257508 0.7614513
vt 0.1230654 0.7612402
vt 0.1232557 0.7607108
vt 0.1225823 0.7601281
vt 0.1226009 0.757647
vt 0.1225823 0.7601281
vt 0.1232557 0.7607108
vt 0.1255642 0.7612304
vt 0.1245456 0.7597956
vt 0.123917 0.7613485
vt 0.1206482 0.7535667
vt 0.1199957 0.75233
vt 0.1199854 0.748867
vt 0.1257508 0.7614513
vt 0.1264374 0.7598651
vt 0.1262036 0.7595919
vt 0.1245456 0.7597956
vt 0.1255642 0.7612304
vt 0.1262036 0.7595919
vt 0.1255888 0.763004
vt 0.1254619 0.7626873
vt 0.1252201 0.7630629
vt 0.1252385 0.7633852
vt 0.1252201 0.7630629
vt 0.1250182 0.7626663
vt 0.1252385 0.7633852
vt 0.1247932 0.7622818
vt 0.1238398 0.7621366
vt 0.1257592 0.7633594
vt 0.1255888 0.763004
vt 0.1252201 0.7630629
vt 0.1221441 0.7555488
vt 0.1234413 0.7556591
vt 0.1220939 0.7535369
vt 0.1264618 0.761807
vt 0.1273419 0.7600714
vt 0.1264374 0.7598651
vt 0.1264374 0.7598651
vt 0.1268789 0.7578905
vt 0.1265439 0.7576544
vt 0.1199957 0.75233
vt 0.1206482 0.7535667
vt 0.1211971 0.7538369
vt 0.123917 0.7613485
vt 0.1245456 0.7597956
vt 0.1232557 0.7607108
vt 0.1237466 0.7581018
vt 0.1232557 0.7607108
vt 0.1245456 0.7597956
vt 0.1273419 0.7600714
vt 0.1264618 0.761807
vt 0.1284695 0.7624361
vt 0.1276427 0.7642031
vt 0.1284695 0.7624361
vt 0.1255888 0.763004
vt 0.1238398 0.7621366
vt 0.1232557 0.7607108
vt 0.1230654 0.7612402
vt 0.1238398 0.7621366
vt 0.1230654 0.7612402
vt 0.1218921 0.7629334
vt 0.124979 0.7572083
vt 0.1237466 0.7581018
vt 0.1248378 0.758667
vt 0.1252385 0.7633852
vt 0.1251831 0.7644254
vt 0.1257985 0.7646696
vt 0.1251831 0.7644254
vt 0.1252385 0.7633852
vt 0.1238398 0.7621366
vt 0.1273419 0.7600714
vt 0.1278185 0.7580318
vt 0.1268789 0.7578905
vt 0.1292053 0.7598343
vt 0.1293547 0.7584813
vt 0.1278185 0.7580318
vt 0.1298109 0.7631079
vt 0.1284484 0.7653392
vt 0.129088 0.7657879
vt 0.1308369 0.7603233
vt 0.1298109 0.7631079
vt 0.1306722 0.7631644
vt 0.1251831 0.7644254
vt 0.1224126 0.7639289
vt 0.1249901 0.7656724
vt 0.1276427 0.7642031
vt 0.1257592 0.7633594
vt 0.1257985 0.7646696
vt 0.1261972 0.7663915
vt 0.1276427 0.7642031
vt 0.1257985 0.7646696
vt 0.1366744 0.7688751
vt 0.137789 0.7651301
vt 0.1306722 0.7631644
vt 0.1292053 0.7598343
vt 0.1284695 0.7624361
vt 0.1298109 0.7631079
vt 0.1265187 0.7560195
vt 0.1247887 0.7557156
vt 0.124979 0.7572083
vt 0.1284695 0.7624361
vt 0.1276427 0.7642031
vt 0.1284484 0.7653392
vt 0.137789 0.7651301
vt 0.1383011 0.7600238
vt 0.1317183 0.7599544
vt 0.1291919 0.7565712
vt 0.1277508 0.7562485
vt 0.1278185 0.7580318
vt 0.124979 0.7572083
vt 0.1247887 0.7557156
vt 0.1234413 0.7556591
vt 0.124365 0.7546969
vt 0.1234413 0.7556591
vt 0.1247887 0.7557156
vt 0.124365 0.7546969
vt 0.1231203 0.7528835
vt 0.1220939 0.7535369
vt 0.1204294 0.7635151
vt 0.12045 0.7642863
vt 0.1208428 0.7640239
vt 0.1211429 0.7633969
vt 0.1218921 0.7629334
vt 0.1205993 0.7624614
vt 0.1205993 0.7624614
vt 0.1193512 0.7628677
vt 0.1195033 0.7635672
vt 0.1317183 0.7599544
vt 0.1316034 0.7563933
vt 0.1312201 0.7568667
vt 0.1284484 0.7653392
vt 0.1269428 0.7671392
vt 0.1270718 0.7676704
vt 0.1211971 0.7538369
vt 0.1220939 0.7535369
vt 0.1197898 0.752463
vt 0.1312201 0.7568667
vt 0.1291919 0.7565712
vt 0.1293547 0.7584813
vt 0.1269428 0.7671392
vt 0.1261906 0.7679456
vt 0.1268529 0.7680737
vt 0.1249901 0.7656724
vt 0.1246764 0.7664205
vt 0.125135 0.7669804
vt 0.1249901 0.7656724
vt 0.1224126 0.7639289
vt 0.1223608 0.7651307
vt 0.1257466 0.7537495
vt 0.1265187 0.7560195
vt 0.1268289 0.7562485
vt 0.1265187 0.7560195
vt 0.1257466 0.7537495
vt 0.124365 0.7546969
vt 0.1195033 0.7635672
vt 0.1195154 0.7642084
vt 0.12045 0.7642863
vt 0.1268529 0.7680737
vt 0.1261906 0.7679456
vt 0.1266056 0.7685704
vt 0.1261018 0.7537519
vt 0.1268289 0.7562485
vt 0.1277508 0.7562485
vt 0.1270718 0.7676704
vt 0.1268529 0.7680737
vt 0.1342247 0.7742877
vt 0.12045 0.7642863
vt 0.1206592 0.7650994
vt 0.1210634 0.7648091
vt 0.1243498 0.7676465
vt 0.125135 0.7669804
vt 0.1246764 0.7664205
vt 0.1268529 0.7680737
vt 0.1266056 0.7685704
vt 0.1331278 0.7763086
vt 0.1291919 0.7565712
vt 0.1312201 0.7568667
vt 0.1303128 0.752868
vt 0.1277508 0.7562485
vt 0.1291919 0.7565712
vt 0.127945 0.7532117
vt 0.1217852 0.7639862
vt 0.1224126 0.7639289
vt 0.1218921 0.7629334
vt 0.1266056 0.7685704
vt 0.1261906 0.7679456
vt 0.1252303 0.768949
vt 0.1188383 0.7638409
vt 0.118873 0.7638647
vt 0.1189939 0.7636702
vt 0.1190175 0.7640929
vt 0.1189939 0.7636702
vt 0.1188565 0.7638936
vt 0.1275138 0.7489676
vt 0.1255195 0.7503855
vt 0.127945 0.7532117
vt 0.1231203 0.7528835
vt 0.124365 0.7546969
vt 0.1257466 0.7537495
vt 0.1261018 0.7537519
vt 0.1244094 0.7518065
vt 0.1243185 0.7519632
vt 0.1252303 0.768949
vt 0.1211683 0.7704772
vt 0.1214239 0.7716177
vt 0.1210634 0.7648091
vt 0.1206592 0.7650994
vt 0.1214781 0.7661373
vt 0.1195154 0.7642084
vt 0.1193434 0.7648971
vt 0.1206592 0.7650994
vt 0.1206592 0.7650994
vt 0.1193434 0.7648971
vt 0.1198212 0.7667991
vt 0.1275138 0.7489676
vt 0.1303128 0.752868
vt 0.1306869 0.7522057
vt 0.1188383 0.7638409
vt 0.1187701 0.7634565
vt 0.1186845 0.763935
vt 0.1220316 0.7673395
vt 0.1243498 0.7676465
vt 0.1240932 0.7668978
vt 0.127945 0.7532117
vt 0.1255195 0.7503855
vt 0.1248856 0.7511796
vt 0.1266056 0.7685704
vt 0.1257542 0.7697254
vt 0.128809 0.7776449
vt 0.1220316 0.7673395
vt 0.1209117 0.7692134
vt 0.1247473 0.7682221
vt 0.1223608 0.7651307
vt 0.1224126 0.7639289
vt 0.1217852 0.7639862
vt 0.1188467 0.7639523
vt 0.1188343 0.7643196
vt 0.1190175 0.7640929
vt 0.1214781 0.7661373
vt 0.1211803 0.7668873
vt 0.1220316 0.7673395
vt 0.1188259 0.7639007
vt 0.1186845 0.763935
vt 0.1188343 0.7643196
vt 0.1220316 0.7673395
vt 0.1211803 0.7668873
vt 0.1212394 0.7675901
vt 0.1206592 0.7650994
vt 0.1211803 0.7668873
vt 0.1214781 0.7661373
vt 0.1206246 0.7498809
vt 0.1196513 0.7514053
vt 0.1231203 0.7528835
vt 0.1191072 0.7642352
vt 0.1195154 0.7642084
vt 0.1195033 0.7635672
vt 0.1244094 0.7518065
vt 0.120832 0.7496509
vt 0.1206246 0.7498809
vt 0.1244094 0.7518065
vt 0.1248856 0.7511796
vt 0.1215854 0.7491619
vt 0.1276543 0.7482941
vt 0.1306869 0.7522057
vt 0.1351673 0.7490657
vt 0.123085 0.7461208
vt 0.1275138 0.7489676
vt 0.1276543 0.7482941
vt 0.1196513 0.7514053
vt 0.1197898 0.752463
vt 0.1220939 0.7535369
vt 0.1191072 0.7642352
vt 0.1190801 0.7635268
vt 0.1189939 0.7636702
vt 0.1189939 0.7636702
vt 0.1190801 0.7635268
vt 0.1186985 0.762994
vt 0.1186985 0.762994
vt 0.1190801 0.7635268
vt 0.1193512 0.7628677
vt 0.1211803 0.7668873
vt 0.1198212 0.7667991
vt 0.1204553 0.7678707
vt 0.1257542 0.7697254
vt 0.1214239 0.7716177
vt 0.1231408 0.7792247
vt 0.1368126 0.7393153
vt 0.1307219 0.7442121
vt 0.1351673 0.7490657
vt 0.1188217 0.764716
vt 0.1191072 0.7642352
vt 0.1190175 0.7640929
vt 0.1209117 0.7692134
vt 0.1212394 0.7675901
vt 0.1204553 0.7678707
vt 0.1188217 0.764716
vt 0.1186487 0.7659252
vt 0.1193434 0.7648971
vt 0.1498962 0.7633254
vt 0.1516935 0.7629911
vt 0.148938 0.7532488
vt 0.1186985 0.762994
vt 0.1185899 0.7639933
vt 0.1186845 0.763935
vt 0.1180518 0.7634416
vt 0.1186985 0.762994
vt 0.1177735 0.7614421
vt 0.1193434 0.7648971
vt 0.1186487 0.7659252
vt 0.1198212 0.7667991
vt 0.1516935 0.7629911
vt 0.1548838 0.7620296
vt 0.1518129 0.7528121
vt 0.1554459 0.772715
vt 0.1548838 0.7620296
vt 0.1516935 0.7629911
vt 0.1185899 0.7639933
vt 0.1188217 0.764716
vt 0.1188343 0.7643196
vt 0.1498962 0.7633254
vt 0.1499752 0.7717908
vt 0.1521764 0.772176
vt 0.1178899 0.7495318
vt 0.1206246 0.7498809
vt 0.120832 0.7496509
vt 0.1499752 0.7717908
vt 0.137789 0.7651301
vt 0.1366744 0.7688751
vt 0.1480147 0.7790289
vt 0.1366744 0.7688751
vt 0.1350355 0.7723463
vt 0.1171848 0.7685076
vt 0.1204553 0.7678707
vt 0.1198212 0.7667991
vt 0.1255195 0.7503855
vt 0.1275138 0.7489676
vt 0.123085 0.7461208
vt 0.1168431 0.7708962
vt 0.1211683 0.7704772
vt 0.1209117 0.7692134
vt 0.1426923 0.7454901
vt 0.1447212 0.7458408
vt 0.1376063 0.738129
vt 0.1230055 0.7455625
vt 0.1276543 0.7482941
vt 0.1307219 0.7442121
vt 0.1273016 0.7341086
vt 0.124608 0.7407698
vt 0.1307219 0.7442121
vt 0.1544392 0.7526303
vt 0.1518129 0.7528121
vt 0.1548838 0.7620296
vt 0.1521764 0.772176
vt 0.1499752 0.7717908
vt 0.1480147 0.7790289
vt 0.149523 0.7807094
vt 0.1528245 0.782434
vt 0.1554459 0.772715
vt 0.148938 0.7532488
vt 0.1518129 0.7528121
vt 0.146381 0.7448562
vt 0.1185899 0.7639933
vt 0.1186985 0.762994
vt 0.1180518 0.7634416
vt 0.1177937 0.7483277
vt 0.1215854 0.7491619
vt 0.1220088 0.7483207
vt 0.1220088 0.7483207
vt 0.123085 0.7461208
vt 0.117748 0.7450249
vt 0.117748 0.7450249
vt 0.123085 0.7461208
vt 0.1230055 0.7455625
vt 0.1554459 0.772715
vt 0.1564588 0.7614688
vt 0.1548838 0.7620296
vt 0.1342247 0.7742877
vt 0.1446262 0.7872742
vt 0.146328 0.783138
vt 0.1518129 0.7528121
vt 0.1544392 0.7526303
vt 0.1496723 0.7423376
vt 0.1564588 0.7614688
vt 0.1554459 0.772715
vt 0.1634516 0.7698388
vt 0.146381 0.7448562
vt 0.1387131 0.7362057
vt 0.1376063 0.738129
vt 0.146328 0.783138
vt 0.149523 0.7807094
vt 0.1480147 0.7790289
vt 0.1446262 0.7872742
vt 0.1342247 0.7742877
vt 0.1331278 0.7763086
vt 0.1173526 0.7667606
vt 0.1198212 0.7667991
vt 0.1186487 0.7659252
vt 0.128809 0.7776449
vt 0.1231408 0.7792247
vt 0.1244882 0.7856535
vt 0.1458848 0.7883201
vt 0.1476611 0.7907522
vt 0.1528245 0.782434
vt 0.1181624 0.7653177
vt 0.1185899 0.7639933
vt 0.1181279 0.7644634
vt 0.1458848 0.7883201
vt 0.149523 0.7807094
vt 0.146328 0.783138
vt 0.1634516 0.7698388
vt 0.1685732 0.7709494
vt 0.165734 0.7556476
vt 0.1166711 0.7721103
vt 0.1214239 0.7716177
vt 0.1211683 0.7704772
vt 0.1547269 0.74345
vt 0.1496723 0.7423376
vt 0.1544392 0.7526303
vt 0.1177301 0.7445043
vt 0.1230055 0.7455625
vt 0.124608 0.7407698
vt 0.1699223 0.7541938
vt 0.165734 0.7556476
vt 0.1685732 0.7709494
vt 0.1496723 0.7423376
vt 0.1414527 0.7329518
vt 0.1387131 0.7362057
vt 0.1477267 0.7289849
vt 0.1450967 0.7319662
vt 0.1547269 0.74345
vt 0.124608 0.7407698
vt 0.1273016 0.7341086
vt 0.1177624 0.7327344
vt 0.1160303 0.7797716
vt 0.1231408 0.7792247
vt 0.1214239 0.7716177
vt 0.1742458 0.7710455
vt 0.1685732 0.7709494
vt 0.166517 0.7863428
vt 0.1446262 0.7872742
vt 0.1420127 0.7905542
vt 0.143423 0.7917439
vt 0.1699223 0.7541938
vt 0.1616333 0.7392067
vt 0.1587179 0.7412994
vt 0.1616333 0.7392067
vt 0.1492886 0.7267817
vt 0.1477267 0.7289849
vt 0.1801789 0.7717417
vt 0.1753735 0.7499351
vt 0.1699223 0.7541938
vt 0.1282823 0.7330506
vt 0.1376063 0.738129
vt 0.1387131 0.7362057
vt 0.1387131 0.7362057
vt 0.1414527 0.7329518
vt 0.1300942 0.7270193
vt 0.1575148 0.7944407
vt 0.1604947 0.7983037
vt 0.166517 0.7863428
vt 0.1492886 0.7267817
vt 0.1616333 0.7392067
vt 0.1659591 0.7329941
vt 0.130988 0.7815584
vt 0.1387929 0.7939271
vt 0.1420127 0.7905542
vt 0.140149 0.7956193
vt 0.143423 0.7917439
vt 0.1420127 0.7905542
vt 0.1476611 0.7907522
vt 0.1458848 0.7883201
vt 0.143423 0.7917439
vt 0.1433957 0.7955288
vt 0.143423 0.7917439
vt 0.140149 0.7956193
vt 0.1387929 0.7939271
vt 0.130988 0.7815584
vt 0.1244882 0.7856535
vt 0.1520064 0.8028197
vt 0.1450634 0.7937329
vt 0.1433957 0.7955288
vt 0.1604947 0.7983037
vt 0.1626191 0.8017471
vt 0.1659262 0.7994132
vt 0.1520064 0.8028197
vt 0.1536768 0.8057846
vt 0.1604947 0.7983037
vt 0.1492886 0.7267817
vt 0.1338043 0.7194888
vt 0.1332905 0.7213606
vt 0.1483847 0.8065152
vt 0.1433957 0.7955288
vt 0.1413408 0.7976096
vt 0.1659262 0.7994132
vt 0.1660414 0.8058275
vt 0.1699711 0.8074658
vt 0.1177274 0.7254279
vt 0.1177341 0.7304462
vt 0.12875 0.7308324
vt 0.1845944 0.7956571
vt 0.1802499 0.7985149
vt 0.1894569 0.8180639
vt 0.1917732 0.7972715
vt 0.1888955 0.7929047
vt 0.1845944 0.7956571
vt 0.1699711 0.8074658
vt 0.179915 0.8248737
vt 0.1759364 0.801424
vt 0.1659262 0.7994132
vt 0.1626191 0.8017471
vt 0.1660414 0.8058275
vt 0.1894569 0.8180639
vt 0.1802499 0.7985149
vt 0.1759364 0.801424
vt 0.1153039 0.7868322
vt 0.1244882 0.7856535
vt 0.1231408 0.7792247
vt 0.1270264 0.8024644
vt 0.1269268 0.8056637
vt 0.1413408 0.7976096
vt 0.1536768 0.8057846
vt 0.1520064 0.8028197
vt 0.1483847 0.8065152
vt 0.1626191 0.8017471
vt 0.1604947 0.7983037
vt 0.1536768 0.8057846
vt 0.1549554 0.8081735
vt 0.1561794 0.8142397
vt 0.1620042 0.8116919
vt 0.1338043 0.7194888
vt 0.1176809 0.718279
vt 0.1177151 0.7194754
vt 0.1338043 0.7194888
vt 0.1375522 0.7114735
vt 0.1179051 0.7077584
vt 0.1660414 0.8058275
vt 0.1620042 0.8116919
vt 0.163359 0.8139449
vt 0.163359 0.8139449
vt 0.1698461 0.8307012
vt 0.179915 0.8248737
vt 0.1443148 0.8104568
vt 0.1465181 0.8141412
vt 0.1503418 0.8094209
vt 0.1917732 0.7972715
vt 0.1991759 0.8115047
vt 0.2005845 0.800293
vt 0.1503418 0.8094209
vt 0.1517077 0.8119064
vt 0.1549554 0.8081735
vt 0.1269268 0.8056637
vt 0.1288276 0.8197955
vt 0.1443148 0.8104568
vt 0.1517077 0.8119064
vt 0.1518235 0.8154898
vt 0.1561794 0.8142397
vt 0.1517077 0.8119064
vt 0.1503418 0.8094209
vt 0.1465181 0.8141412
vt 0.1620042 0.8116919
vt 0.1561794 0.8142397
vt 0.1563544 0.8171178
vt 0.1288276 0.8197955
vt 0.1287887 0.8258136
vt 0.1465181 0.8141412
vt 0.1517077 0.8119064
vt 0.1483303 0.8166928
vt 0.1518235 0.8154898
vt 0.1465181 0.8141412
vt 0.1287887 0.8258136
vt 0.137589 0.8261332
vt 0.1465181 0.8141412
vt 0.146205 0.8200634
vt 0.1483303 0.8166928
vt 0.126713 0.7997871
vt 0.1135568 0.8010094
vt 0.1130501 0.8037428
vt 0.1428663 0.8347175
vt 0.1581438 0.8345477
vt 0.1488637 0.8189613
vt 0.1329408 0.849597
vt 0.1357249 0.8347651
vt 0.1046816 0.8362015
vt 0.1428663 0.8347175
vt 0.146205 0.8200634
vt 0.137589 0.8261332
vt 0.1350758 0.831204
vt 0.1051502 0.836812
vt 0.1046816 0.8362015
vt 0.1350758 0.831204
vt 0.1282145 0.8291951
vt 0.1051502 0.836812
vt 0.1273977 0.8632067
vt 0.1329408 0.849597
vt 0.09963995 0.8468172
vt 0.1288276 0.8197955
vt 0.1269268 0.8056637
vt 0.1124028 0.8072191
vt 0.1287887 0.8258136
vt 0.1288276 0.8197955
vt 0.1094672 0.8219463
vt 0.1081747 0.8277637
vt 0.1067698 0.833792
vt 0.1282145 0.8291951
vt 0.1067698 0.833792
vt 0.1051502 0.836812
vt 0.1282145 0.8291951
vt 0.1178312 0.7556238
vt 0.1159855 0.7568503
vt 0.11615 0.7570047
vt 0.1155433 0.7561042
vt 0.1159855 0.7568503
vt 0.1178312 0.7556238
vt 0.1147992 0.755323
vt 0.1155433 0.7561042
vt 0.1173012 0.7548435
vt 0.1158624 0.7631006
vt 0.1156755 0.7639031
vt 0.1161848 0.7640394
vt 0.1158624 0.7631006
vt 0.1164599 0.7620751
vt 0.1140844 0.7618843
vt 0.116242 0.7529596
vt 0.1137023 0.7543156
vt 0.1147992 0.755323
vt 0.1155433 0.7561042
vt 0.1141615 0.7574149
vt 0.1147708 0.7579541
vt 0.1132839 0.7568962
vt 0.1141615 0.7574149
vt 0.1155433 0.7561042
vt 0.1156755 0.7639031
vt 0.1158624 0.7631006
vt 0.1144204 0.7630554
vt 0.1164104 0.7632262
vt 0.1161848 0.7640394
vt 0.1163411 0.7639372
vt 0.1170489 0.7630984
vt 0.1184237 0.7625008
vt 0.1164599 0.7620751
vt 0.116242 0.7529596
vt 0.1161769 0.751647
vt 0.1135948 0.7526145
vt 0.1161769 0.751647
vt 0.1179151 0.7512101
vt 0.1178899 0.7495318
vt 0.115013 0.750008
vt 0.1178899 0.7495318
vt 0.1178239 0.7490617
vt 0.1177937 0.7483277
vt 0.1139565 0.7491633
vt 0.1147669 0.7497252
vt 0.116817 0.76345
vt 0.1170489 0.7630984
vt 0.1164104 0.7632262
vt 0.1166176 0.7637714
vt 0.116817 0.76345
vt 0.1164861 0.7634904
vt 0.1163411 0.7639372
vt 0.1161848 0.7640394
vt 0.1164517 0.764655
vt 0.1164517 0.764655
vt 0.1161848 0.7640394
vt 0.1157306 0.7647188
vt 0.1119104 0.7564164
vt 0.1132839 0.7568962
vt 0.1147992 0.755323
vt 0.1165864 0.7638103
vt 0.1164861 0.7634904
vt 0.1163411 0.7639372
vt 0.1167977 0.7640477
vt 0.117127 0.7646545
vt 0.1174395 0.7638633
vt 0.1157306 0.7647188
vt 0.1156755 0.7639031
vt 0.1144013 0.7639265
vt 0.1136543 0.7590986
vt 0.1138368 0.7596009
vt 0.1150128 0.758422
vt 0.1136543 0.7590986
vt 0.1147708 0.7579541
vt 0.1141615 0.7574149
vt 0.117748 0.7450249
vt 0.1123884 0.7460712
vt 0.1135975 0.7482846
vt 0.1167432 0.7639435
vt 0.1167977 0.7640477
vt 0.1170489 0.7630984
vt 0.1166176 0.7637714
vt 0.1166152 0.7638388
vt 0.1167432 0.7639435
vt 0.1174395 0.7638633
vt 0.117005 0.7637957
vt 0.1184237 0.7625008
vt 0.1135975 0.7482846
vt 0.1139565 0.7491633
vt 0.1177937 0.7483277
vt 0.1165043 0.7642535
vt 0.1164517 0.764655
vt 0.1167977 0.7640477
vt 0.1173526 0.7667606
vt 0.1174157 0.7663364
vt 0.1163214 0.7658506
vt 0.1165585 0.7638328
vt 0.1163411 0.7639372
vt 0.1165043 0.7642535
vt 0.1123431 0.7586253
vt 0.1131254 0.7587947
vt 0.1141615 0.7574149
vt 0.1165775 0.7638768
vt 0.1165043 0.7642535
vt 0.1167432 0.7639435
vt 0.1122708 0.7513932
vt 0.115013 0.750008
vt 0.1147669 0.7497252
vt 0.1140844 0.7618843
vt 0.1134443 0.7602618
vt 0.1127023 0.7604338
vt 0.1135364 0.7629985
vt 0.1139119 0.7636279
vt 0.1144204 0.7630554
vt 0.1124492 0.7606085
vt 0.1119875 0.760977
vt 0.1127579 0.7626032
vt 0.1157306 0.7647188
vt 0.1148234 0.7667157
vt 0.1163214 0.7658506
vt 0.115013 0.750008
vt 0.1122708 0.7513932
vt 0.1135948 0.7526145
vt 0.1124967 0.7533922
vt 0.1137023 0.7543156
vt 0.1135948 0.7526145
vt 0.110834 0.7406783
vt 0.1124092 0.7454579
vt 0.1177301 0.7445043
vt 0.1136562 0.764516
vt 0.1141155 0.7648078
vt 0.1144013 0.7639265
vt 0.1171541 0.7651541
vt 0.117127 0.7646545
vt 0.1167977 0.7640477
vt 0.1111509 0.7586997
vt 0.1123431 0.7586253
vt 0.1132839 0.7568962
vt 0.1128535 0.7636586
vt 0.1135364 0.7629985
vt 0.1127579 0.7626032
vt 0.1098832 0.7504486
vt 0.1135975 0.7482846
vt 0.1123884 0.7460712
vt 0.1119546 0.7512767
vt 0.1147669 0.7497252
vt 0.1139565 0.7491633
vt 0.1177624 0.7327344
vt 0.1085336 0.7340344
vt 0.110834 0.7406783
vt 0.110919 0.7509851
vt 0.1139565 0.7491633
vt 0.1135975 0.7482846
vt 0.1171848 0.7685076
vt 0.1173526 0.7667606
vt 0.1148234 0.7667157
vt 0.1101859 0.7533397
vt 0.1122708 0.7513932
vt 0.1119546 0.7512767
vt 0.1124092 0.7454579
vt 0.110834 0.7406783
vt 0.1046317 0.7440441
vt 0.1148234 0.7667157
vt 0.1157306 0.7647188
vt 0.1141155 0.7648078
vt 0.1119104 0.7564164
vt 0.1137023 0.7543156
vt 0.1124967 0.7533922
vt 0.1136562 0.764516
vt 0.1129056 0.764622
vt 0.113016 0.765887
vt 0.113016 0.765887
vt 0.1132708 0.7667009
vt 0.1141155 0.7648078
vt 0.1136543 0.7590986
vt 0.1131254 0.7587947
vt 0.1124687 0.7602565
vt 0.1123431 0.7586253
vt 0.1118928 0.7605016
vt 0.1124687 0.7602565
vt 0.1104576 0.756097
vt 0.1099591 0.7579955
vt 0.1119104 0.7564164
vt 0.1160303 0.7797716
vt 0.1166711 0.7721103
vt 0.11229 0.7712724
vt 0.1128535 0.7636586
vt 0.1121836 0.7636411
vt 0.1121587 0.7648457
vt 0.1111848 0.7609059
vt 0.1118928 0.7605016
vt 0.1123431 0.7586253
vt 0.1124687 0.7602565
vt 0.1124492 0.7606085
vt 0.1127023 0.7604338
vt 0.11229 0.7712724
vt 0.1166711 0.7721103
vt 0.1168431 0.7708962
vt 0.1127579 0.7626032
vt 0.111385 0.7614859
vt 0.1106567 0.7621186
vt 0.109043 0.7642931
vt 0.1121836 0.7636411
vt 0.1106567 0.7621186
vt 0.1121587 0.7648457
vt 0.1121836 0.7636411
vt 0.1091648 0.7654108
vt 0.109043 0.7642931
vt 0.1091648 0.7654108
vt 0.1121836 0.7636411
vt 0.1168431 0.7708962
vt 0.1170242 0.7695269
vt 0.1132399 0.7690282
vt 0.110919 0.7509851
vt 0.1090084 0.7529463
vt 0.1098403 0.7533487
vt 0.1119875 0.760977
vt 0.1124492 0.7606085
vt 0.1124687 0.7602565
vt 0.1177274 0.7254279
vt 0.1055215 0.7269967
vt 0.1069244 0.7311348
vt 0.1072654 0.7532708
vt 0.1098832 0.7504486
vt 0.1078232 0.7489455
vt 0.1098832 0.7504486
vt 0.1072654 0.7532708
vt 0.1090084 0.7529463
vt 0.1118667 0.7664287
vt 0.113016 0.765887
vt 0.1121587 0.7648457
vt 0.1139043 0.7677659
vt 0.1148234 0.7667157
vt 0.1132708 0.7667009
vt 0.1084101 0.7578165
vt 0.1099591 0.7579955
vt 0.1104576 0.756097
vt 0.117701 0.723155
vt 0.104778 0.7248074
vt 0.1055215 0.7269967
vt 0.1094275 0.7660788
vt 0.1099665 0.7665325
vt 0.1118667 0.7664287
vt 0.111385 0.7614859
vt 0.1119875 0.760977
vt 0.1118928 0.7605016
vt 0.1099591 0.7579955
vt 0.110049 0.759711
vt 0.1111509 0.7586997
vt 0.1000458 0.7487183
vt 0.1044238 0.7519567
vt 0.1071597 0.7487463
vt 0.1020316 0.7196937
vt 0.1024806 0.7214667
vt 0.1177151 0.7194754
vt 0.1106567 0.7621186
vt 0.111385 0.7614859
vt 0.1111848 0.7609059
vt 0.1111848 0.7609059
vt 0.1111509 0.7586997
vt 0.110049 0.759711
vt 0.1085336 0.7340344
vt 0.09867352 0.7390839
vt 0.1046317 0.7440441
vt 0.1176809 0.718279
vt 0.1179051 0.7077584
vt 0.1023482 0.7101673
vt 0.1099591 0.7579955
vt 0.1084101 0.7578165
vt 0.1085528 0.75969
vt 0.1126883 0.7701449
vt 0.1087234 0.7683198
vt 0.1081422 0.7690199
vt 0.09867352 0.7390839
vt 0.1085336 0.7340344
vt 0.1072404 0.7329537
vt 0.1048323 0.7527275
vt 0.1037095 0.7567253
vt 0.1057686 0.7566022
vt 0.110049 0.759711
vt 0.1085528 0.75969
vt 0.1089493 0.7613016
vt 0.1089493 0.7613016
vt 0.109233 0.7622608
vt 0.1104994 0.7614061
vt 0.1072404 0.7329537
vt 0.1069244 0.7311348
vt 0.09683912 0.7361108
vt 0.1093084 0.762689
vt 0.1090232 0.7630133
vt 0.1106567 0.7621186
vt 0.1118335 0.7673039
vt 0.1118667 0.7664287
vt 0.1099665 0.7665325
vt 0.1096413 0.7672272
vt 0.1092471 0.7677122
vt 0.1111744 0.7684344
vt 0.1092088 0.7782434
vt 0.1067655 0.7841055
vt 0.1153039 0.7868322
vt 0.1055215 0.7269967
vt 0.09408795 0.732556
vt 0.09683912 0.7361108
vt 0.1073091 0.7563404
vt 0.1071206 0.7580563
vt 0.1080378 0.7580299
vt 0.1087234 0.7683198
vt 0.1126883 0.7701449
vt 0.1111744 0.7684344
vt 0.1087207 0.7614882
vt 0.1089493 0.7613016
vt 0.1085528 0.75969
vt 0.1057686 0.7566022
vt 0.1071206 0.7580563
vt 0.1073091 0.7563404
vt 0.1079562 0.7617628
vt 0.1087207 0.7614882
vt 0.1082544 0.7598817
vt 0.09127193 0.7311066
vt 0.104778 0.7248074
vt 0.1024806 0.7214667
vt 0.109233 0.7622608
vt 0.1091341 0.762369
vt 0.1093084 0.762689
vt 0.1089493 0.7613016
vt 0.1087207 0.7614882
vt 0.1091341 0.762369
vt 0.1020316 0.7196937
vt 0.1023482 0.7101673
vt 0.08367639 0.7187313
vt 0.1024806 0.7214667
vt 0.1020316 0.7196937
vt 0.08637303 0.726073
vt 0.1092088 0.7782434
vt 0.11229 0.7712724
vt 0.1081422 0.7690199
vt 0.1086761 0.7629393
vt 0.1090232 0.7630133
vt 0.1093084 0.762689
vt 0.1087207 0.7614882
vt 0.1079562 0.7617628
vt 0.1086761 0.7629393
vt 0.1054892 0.759626
vt 0.107147 0.7592076
vt 0.1071206 0.7580563
vt 0.1059477 0.7621192
vt 0.1079562 0.7617628
vt 0.107147 0.7592076
vt 0.1048323 0.7527275
vt 0.1044238 0.7519567
vt 0.1029557 0.7570478
vt 0.1000458 0.7487183
vt 0.1046317 0.7440441
vt 0.09867352 0.7390839
vt 0.1083833 0.7645083
vt 0.109043 0.7642931
vt 0.1090232 0.7630133
vt 0.1079562 0.7617628
vt 0.1059477 0.7621192
vt 0.1086761 0.7629393
vt 0.09280544 0.744944
vt 0.08822542 0.7524791
vt 0.09744697 0.7540762
vt 0.09781968 0.7378328
vt 0.09059858 0.7452494
vt 0.09280544 0.744944
vt 0.1054892 0.759626
vt 0.1057686 0.7566022
vt 0.1037095 0.7567253
vt 0.09781968 0.7378328
vt 0.09683912 0.7361108
vt 0.08916556 0.7436017
vt 0.1092471 0.7677122
vt 0.1096413 0.7672272
vt 0.1089413 0.7665878
vt 0.09683912 0.7361108
vt 0.09408795 0.732556
vt 0.08660775 0.7403798
vt 0.1089413 0.7665878
vt 0.1094275 0.7660788
vt 0.1091648 0.7654108
vt 0.1085919 0.7657757
vt 0.1091648 0.7654108
vt 0.109043 0.7642931
vt 0.1066805 0.7641005
vt 0.1083833 0.7645083
vt 0.1086761 0.7629393
vt 0.1029557 0.7570478
vt 0.1030667 0.7604759
vt 0.1038013 0.7600266
vt 0.1085053 0.766891
vt 0.1089413 0.7665878
vt 0.1085919 0.7657757
vt 0.1079285 0.7660358
vt 0.1085919 0.7657757
vt 0.1083833 0.7645083
vt 0.1079285 0.7660358
vt 0.1071814 0.7665996
vt 0.1078663 0.7674443
vt 0.1045955 0.7627166
vt 0.1059477 0.7621192
vt 0.1054892 0.759626
vt 0.1087234 0.7683198
vt 0.1078663 0.7674443
vt 0.1074457 0.7679866
vt 0.1045955 0.7627166
vt 0.1066805 0.7641005
vt 0.1059477 0.7621192
vt 0.1040772 0.776068
vt 0.1014941 0.779421
vt 0.1067655 0.7841055
vt 0.105844 0.7648284
vt 0.1066805 0.7641005
vt 0.1045955 0.7627166
vt 0.08208477 0.7406132
vt 0.09127193 0.7311066
vt 0.08787906 0.7283235
vt 0.1078663 0.7674443
vt 0.1071814 0.7665996
vt 0.1068112 0.7671448
vt 0.1040772 0.776068
vt 0.1081422 0.7690199
vt 0.1074457 0.7679866
vt 0.1045955 0.7627166
vt 0.1038013 0.7600266
vt 0.1030667 0.7604759
vt 0.1002175 0.7743636
vt 0.1074457 0.7679866
vt 0.1068112 0.7671448
vt 0.1052629 0.7654643
vt 0.1068112 0.7671448
vt 0.1071814 0.7665996
vt 0.08822542 0.7524791
vt 0.09280544 0.744944
vt 0.09059858 0.7452494
vt 0.08056181 0.7520667
vt 0.0838505 0.7524336
vt 0.08916556 0.7436017
vt 0.09059858 0.7452494
vt 0.08916556 0.7436017
vt 0.0838505 0.7524336
vt 0.09963995 0.8468172
vt 0.0770983 0.824527
vt 0.07032078 0.8350152
vt 0.0770983 0.824527
vt 0.09963995 0.8468172
vt 0.1046816 0.8362015
vt 0.1153039 0.7868322
vt 0.1067655 0.7841055
vt 0.101819 0.7965496
vt 0.08056181 0.7520667
vt 0.0786603 0.7608762
vt 0.08071595 0.7613072
vt 0.08586549 0.7536017
vt 0.0838505 0.7524336
vt 0.08071595 0.7613072
vt 0.1130501 0.8037428
vt 0.1135568 0.8010094
vt 0.101819 0.7965496
vt 0.1124028 0.8072191
vt 0.1130501 0.8037428
vt 0.1007667 0.7986613
vt 0.1124028 0.8072191
vt 0.09960389 0.8009909
vt 0.09490334 0.812056
vt 0.08557236 0.7603399
vt 0.08822542 0.7524791
vt 0.08586549 0.7536017
vt 0.1067698 0.833792
vt 0.09178274 0.818001
vt 0.1051502 0.836812
vt 0.08623754 0.8155838
vt 0.08488827 0.816612
vt 0.1046816 0.8362015
vt 0.09178274 0.818001
vt 0.08831512 0.8149852
vt 0.08623754 0.8155838
vt 0.07538282 0.7526123
vt 0.07200592 0.7656963
vt 0.0786603 0.7608762
vt 0.06646364 0.8157764
vt 0.05754619 0.8120922
vt 0.06036758 0.8200241
vt 0.05645811 0.8074849
vt 0.05543446 0.8080327
vt 0.05754619 0.8120922
vt 0.06869566 0.810647
vt 0.0626583 0.8009505
vt 0.05645811 0.8074849
vt 0.08343899 0.761997
vt 0.08071595 0.7613072
vt 0.08034306 0.7705483
vt 0.09960389 0.8009909
vt 0.09217816 0.7941797
vt 0.08593481 0.8013808
vt 0.0645706 0.7561113
vt 0.05972033 0.7494439
vt 0.0554344 0.7688676
vt 0.1007667 0.7986613
vt 0.101819 0.7965496
vt 0.09258639 0.7894753
vt 0.06646364 0.8157764
vt 0.06885522 0.8243834
vt 0.07187646 0.8188029
vt 0.06869566 0.810647
vt 0.07026493 0.8138291
vt 0.07266157 0.8110458
vt 0.08500975 0.7694784
vt 0.08557236 0.7603399
vt 0.08343899 0.761997
vt 0.09258639 0.7894753
vt 0.101819 0.7965496
vt 0.1067655 0.7841055
vt 0.09024178 0.7864424
vt 0.09258639 0.7894753
vt 0.1014941 0.779421
vt 0.0966553 0.7680799
vt 0.09597074 0.7643415
vt 0.08500975 0.7694784
vt 0.09246611 0.8154744
vt 0.1081747 0.8277637
vt 0.1094672 0.8219463
vt 0.08629727 0.7772926
vt 0.09875875 0.7709173
vt 0.0966553 0.7680799
vt 0.07266157 0.8110458
vt 0.07565051 0.8118333
vt 0.0747348 0.809272
vt 0.06561732 0.7985594
vt 0.06869566 0.810647
vt 0.07191848 0.8090245
vt 0.09943991 0.7725195
vt 0.09875875 0.7709173
vt 0.08629727 0.7772926
vt 0.08317106 0.7701593
vt 0.08034306 0.7705483
vt 0.08196181 0.7791255
vt 0.08149003 0.7797146
vt 0.07932299 0.7725983
vt 0.07340198 0.7809985
vt 0.0770983 0.824527
vt 0.08488827 0.816612
vt 0.08209294 0.8141238
vt 0.08317106 0.7701593
vt 0.08454358 0.7779519
vt 0.08611947 0.7763748
vt 0.07340198 0.7809985
vt 0.07200592 0.7656963
vt 0.06687802 0.7701114
vt 0.06148833 0.7706993
vt 0.06543701 0.7876705
vt 0.06973582 0.784321
vt 0.07720386 0.8157117
vt 0.08209294 0.8141238
vt 0.07760328 0.8105139
vt 0.08149003 0.7797146
vt 0.08547085 0.7862655
vt 0.08196181 0.7791255
vt 0.08712327 0.7845475
vt 0.08454358 0.7779519
vt 0.08196181 0.7791255
vt 0.08149003 0.7797146
vt 0.07340198 0.7809985
vt 0.07772397 0.7898923
vt 0.07191848 0.8090245
vt 0.0747348 0.809272
vt 0.07523274 0.8027582
vt 0.08629727 0.7772926
vt 0.08611947 0.7763748
vt 0.08454358 0.7779519
vt 0.08712327 0.7845475
vt 0.08826571 0.7835774
vt 0.08629727 0.7772926
vt 0.09178274 0.818001
vt 0.1067698 0.833792
vt 0.1081747 0.8277637
vt 0.09217816 0.7941797
vt 0.09013336 0.7920576
vt 0.08377695 0.7983973
vt 0.08406186 0.8033569
vt 0.09246611 0.8154744
vt 0.09490334 0.812056
vt 0.08677136 0.7882976
vt 0.08547085 0.7862655
vt 0.07772397 0.7898923
vt 0.08712327 0.7845475
vt 0.08547085 0.7862655
vt 0.08677136 0.7882976
vt 0.09146177 0.7906288
vt 0.09258639 0.7894753
vt 0.09024178 0.7864424
vt 0.09013336 0.7920576
vt 0.08677136 0.7882976
vt 0.08165651 0.7957916
vt 0.08209294 0.8141238
vt 0.08273577 0.8049072
vt 0.07760328 0.8105139
vt 0.08896911 0.787417
vt 0.09024178 0.7864424
vt 0.08826571 0.7835774
vt 0.08209294 0.8141238
vt 0.08623754 0.8155838
vt 0.08831512 0.8149852
vt 0.06973582 0.784321
vt 0.07567203 0.793345
vt 0.07772397 0.7898923
vt 0.07180154 0.7952875
vt 0.06561732 0.7985594
vt 0.07113045 0.8007843
vt 0.07444149 0.7961339
vt 0.07567203 0.793345
vt 0.07180154 0.7952875
vt 0.07563573 0.8016524
vt 0.07444149 0.7961339
vt 0.07292562 0.7990951
vt 0.08034855 0.7977716
vt 0.07567203 0.793345
vt 0.07444149 0.7961339
vt 0.07939463 0.7993253
vt 0.07444149 0.7961339
vt 0.07563573 0.8016524
vt 0.07567203 0.793345
vt 0.08034855 0.7977716
vt 0.08165651 0.7957916
vt 0.08273577 0.8049072
vt 0.08118832 0.801587
vt 0.08087438 0.8035762
vt 0.08037281 0.8047328
vt 0.08273577 0.8049072
vt 0.08087438 0.8035762
vt 0.08593481 0.8013808
vt 0.08377695 0.7983973
vt 0.08223742 0.8001541
vt 0.08034855 0.7977716
vt 0.08223742 0.8001541
vt 0.08377695 0.7983973
vt 0.07939463 0.7993253
vt 0.08118832 0.801587
vt 0.08223742 0.8001541
vt 0.08406186 0.8033569
vt 0.08223742 0.8001541
vt 0.08118832 0.801587
vt 0.07292562 0.7990951
vt 0.07113045 0.8007843
vt 0.07523274 0.8027582
vt 0.07829242 0.8039356
vt 0.07846319 0.8026265
vt 0.07563573 0.8016524
vt 0.1030667 0.7604759
vt 0.09641778 0.7605716
vt 0.09597074 0.7643415
vt 0.129088 0.7657879
vt 0.1270718 0.7676704
vt 0.1350355 0.7723463
vt 0.12875 0.7308324
vt 0.1177341 0.7304462
vt 0.1177603 0.7314702
vt 0.1069244 0.7311348
vt 0.1072404 0.7329537
vt 0.1177603 0.7314702
vt 0.1177603 0.7314702
vt 0.1072404 0.7329537
vt 0.1085336 0.7340344
vt 0.1273016 0.7341086
vt 0.1282823 0.7330506
vt 0.1177603 0.7314702
vt 0.1368126 0.7393153
vt 0.1376063 0.738129
vt 0.1282823 0.7330506
vt 0.1414527 0.7329518
vt 0.1450967 0.7319662
vt 0.1321582 0.7247918
vt 0.1300942 0.7270193
vt 0.1321582 0.7247918
vt 0.117701 0.723155
vt 0.1177151 0.7194754
vt 0.117701 0.723155
vt 0.1321582 0.7247918
vt 0.1177151 0.7194754
vt 0.1024806 0.7214667
vt 0.104778 0.7248074
vt 0.09408795 0.732556
vt 0.1055215 0.7269967
vt 0.104778 0.7248074
vt 0.09127193 0.7311066
vt 0.08208477 0.7406132
vt 0.08660775 0.7403798
vt 0.1039216 0.763271
vt 0.09597074 0.7643415
vt 0.0966553 0.7680799
vt 0.1052629 0.7654643
vt 0.09875875 0.7709173
vt 0.09943991 0.7725195
vt 0.08826571 0.7835774
vt 0.09024178 0.7864424
vt 0.1002175 0.7743636
vt 0.1039216 0.763271
vt 0.0966553 0.7680799
vt 0.09875875 0.7709173
vt 0.09641778 0.7605716
vt 0.1030667 0.7604759
vt 0.1029557 0.7570478
vt 0.1044238 0.7519567
vt 0.1048323 0.7527275
vt 0.1078232 0.7489455
vt 0.08208477 0.7406132
vt 0.07538282 0.7526123
vt 0.08056181 0.7520667
vt 0.07538282 0.7526123
vt 0.08208477 0.7406132
vt 0.07644391 0.7404758
vt 0.06943219 0.7551655
vt 0.06687802 0.7701114
vt 0.07200592 0.7656963
vt 0.06687802 0.7701114
vt 0.06943219 0.7551655
vt 0.0645706 0.7561113
vt 0.1387929 0.7939271
vt 0.126713 0.7997871
vt 0.1270264 0.8024644
vt 0.126713 0.7997871
vt 0.1244882 0.7856535
vt 0.1153039 0.7868322
vt 0.08557236 0.7603399
vt 0.08500975 0.7694784
vt 0.09597074 0.7643415
vt 0.105844 0.7648284
vt 0.1045955 0.7627166
vt 0.1039216 0.763271
vt 0.1098403 0.7533487
vt 0.1084808 0.7557404
vt 0.1088359 0.755609
vt 0.1080378 0.7580299
vt 0.1084101 0.7578165
vt 0.1088359 0.755609
vt 0.1383011 0.7600238
vt 0.1498962 0.7633254
vt 0.1475988 0.753195
vt 0.137789 0.7651301
vt 0.1499752 0.7717908
vt 0.1498962 0.7633254
vt 0.1685732 0.7709494
vt 0.1634516 0.7698388
vt 0.1621065 0.7825167
vt 0.1714367 0.7912759
vt 0.1776449 0.7921523
vt 0.1801789 0.7717417
vt 0.1732953 0.7990888
vt 0.1759364 0.801424
vt 0.1776449 0.7921523
vt 0.1522235 0.8181218
vt 0.1488637 0.8189613
vt 0.1581438 0.8345477
vt 0.1563544 0.8171178
vt 0.1522235 0.8181218
vt 0.1581438 0.8345477
vt 0.1518235 0.8154898
vt 0.1483303 0.8166928
vt 0.1488637 0.8189613
vt 0.1522235 0.8181218
vt 0.1563544 0.8171178
vt 0.1561794 0.8142397
vt 0.1383011 0.7600238
vt 0.1375754 0.7545985
vt 0.1316034 0.7563933
vt 0.1267557 0.7534447
vt 0.1248856 0.7511796
vt 0.1244094 0.7518065
vt 0.1215854 0.7491619
vt 0.1248856 0.7511796
vt 0.1255195 0.7503855
vt 0.120832 0.7496509
vt 0.1215854 0.7491619
vt 0.1177937 0.7483277
vt 0.1255888 0.763004
vt 0.1284695 0.7624361
vt 0.1264618 0.761807
vt 0.1278185 0.7580318
vt 0.1277508 0.7562485
vt 0.1268289 0.7562485
vt 0.1268789 0.7578905
vt 0.1268289 0.7562485
vt 0.1265187 0.7560195
vt 0.1251839 0.7621302
vt 0.1253142 0.7624079
vt 0.1257508 0.7614513
vt 0.1248378 0.758667
vt 0.1262036 0.7595919
vt 0.1265439 0.7576544
vt 0.1252303 0.768949
vt 0.1261906 0.7679456
vt 0.1255604 0.7673216
vt 0.125135 0.7669804
vt 0.1243498 0.7676465
vt 0.1247473 0.7682221
vt 0.07760328 0.8105139
vt 0.08273577 0.8049072
vt 0.08037281 0.8047328
vt 0.07760328 0.8105139
vt 0.08037281 0.8047328
vt 0.07829242 0.8039356
vt 0.1587179 0.7412994
vt 0.1547269 0.74345
vt 0.1611277 0.7563708
vt 0.1450634 0.7937329
vt 0.1520064 0.8028197
vt 0.1575148 0.7944407
vt 0.1621065 0.7825167
vt 0.1634516 0.7698388
vt 0.1554459 0.772715
vt 0.1611277 0.7563708
vt 0.1547269 0.74345
vt 0.1544392 0.7526303
vt 0.1528245 0.782434
vt 0.1476611 0.7907522
vt 0.1575148 0.7944407
vt 0.08896911 0.787417
vt 0.08677136 0.7882976
vt 0.09013336 0.7920576
vt 0.1250182 0.7626663
vt 0.1252201 0.7630629
vt 0.1254619 0.7626873
vt 0.123917 0.7613485
vt 0.1238398 0.7621366
vt 0.1247932 0.7622818
vt 0.1090084 0.7529463
vt 0.1073091 0.7563404
vt 0.1084808 0.7557404
vt 0.107147 0.7592076
vt 0.1082544 0.7598817
vt 0.1080378 0.7580299
vt 0.1084101 0.7578165
vt 0.1080378 0.7580299
vt 0.1082544 0.7598817
vt 0.1072654 0.7532708
vt 0.1057686 0.7566022
vt 0.1073091 0.7563404
vt 0.1104994 0.7614061
vt 0.109233 0.7622608
vt 0.1094772 0.7624935
vt 0.1122708 0.7513932
vt 0.1101859 0.7533397
vt 0.1124967 0.7533922
vt 0.1101859 0.7533397
vt 0.1088359 0.755609
vt 0.1104576 0.756097
vt 0.09744697 0.7540762
vt 0.1029557 0.7570478
vt 0.1044238 0.7519567
vt 0.1124092 0.7454579
vt 0.1123884 0.7460712
vt 0.117748 0.7450249
vt 0.1071597 0.7487463
vt 0.1078232 0.7489455
vt 0.1123884 0.7460712
vt 0.1753735 0.7499351
vt 0.1659591 0.7329941
vt 0.1616333 0.7392067
vt 0.1338043 0.7194888
vt 0.1492886 0.7267817
vt 0.152062 0.7194286
vt 0.08787906 0.7283235
vt 0.08637303 0.726073
vt 0.07388406 0.7375023
vt 0.08637303 0.726073
vt 0.08367639 0.7187313
vt 0.06911855 0.7321739
vt 0.05972033 0.7494439
vt 0.0645706 0.7561113
vt 0.07388406 0.7375023
vt 0.06943219 0.7551655
vt 0.07644391 0.7404758
vt 0.07388406 0.7375023
vt 0.05806815 0.7864029
vt 0.06543701 0.7876705
vt 0.06148833 0.7706993
vt 0.1096413 0.7672272
vt 0.1099665 0.7665325
vt 0.1094275 0.7660788
vt 0.1170242 0.7695269
vt 0.1209117 0.7692134
vt 0.1204553 0.7678707
vt 0.1139043 0.7677659
vt 0.1132399 0.7690282
vt 0.1170242 0.7695269
vt 0.1132399 0.7690282
vt 0.1139043 0.7677659
vt 0.1118335 0.7673039
vt 0.1178899 0.7495318
vt 0.1179151 0.7512101
vt 0.1196513 0.7514053
vt 0.1428663 0.8347175
vt 0.1350758 0.831204
vt 0.1357249 0.8347651
vt 0.1428663 0.8347175
vt 0.1357249 0.8347651
vt 0.1329408 0.849597
vt 0.08118832 0.801587
vt 0.07939463 0.7993253
vt 0.07846319 0.8026265
vt 0.1159855 0.7568503
vt 0.1147708 0.7579541
vt 0.1150128 0.758422
vt 0.1134443 0.7602618
vt 0.1138368 0.7596009
vt 0.1136543 0.7590986
vt 0.1085053 0.766891
vt 0.1078663 0.7674443
vt 0.1087234 0.7683198
vt 0.1163214 0.7658506
vt 0.1171541 0.7651541
vt 0.1167977 0.7640477
vt 0.1188217 0.764716
vt 0.1185899 0.7639933
vt 0.1181624 0.7653177
vt 0.1211683 0.7704772
vt 0.1252303 0.768949
vt 0.1247473 0.7682221
vt 0.1698461 0.8307012
vt 0.163359 0.8139449
vt 0.1563544 0.8171178
vt 0.07829242 0.8039356
vt 0.07523274 0.8027582
vt 0.0747348 0.809272
vt 0.1332905 0.7213606
vt 0.1321582 0.7247918
vt 0.1450967 0.7319662
vt 0.07200592 0.7656963
vt 0.07340198 0.7809985
vt 0.07932299 0.7725983
vt 0.0786603 0.7608762
vt 0.07932299 0.7725983
vt 0.08034306 0.7705483
vt 0.07932299 0.7725983
vt 0.08149003 0.7797146
vt 0.08196181 0.7791255
vt 0.1450967 0.7319662
vt 0.1414527 0.7329518
vt 0.1496723 0.7423376
vt 0.1066805 0.7641005
vt 0.105844 0.7648284
vt 0.1071814 0.7665996
vt 0.06885522 0.8243834
vt 0.08209294 0.8141238
vt 0.07720386 0.8157117
vt 0.1240932 0.7668978
vt 0.1246764 0.7664205
vt 0.1223608 0.7651307
vt 0.1316034 0.7563933
vt 0.1306869 0.7522057
vt 0.1303128 0.752868
vt 0.1447212 0.7458408
vt 0.1426923 0.7454901
vt 0.1475988 0.753195
vt 0.09641778 0.7605716
vt 0.09744697 0.7540762
vt 0.08822542 0.7524791
vt 0.1306869 0.7522057
vt 0.1316034 0.7563933
vt 0.1375754 0.7545985
vt 0.1375754 0.7545985
vt 0.1475988 0.753195
vt 0.1426923 0.7454901
vt 0.1269268 0.8056637
vt 0.1270264 0.8024644
vt 0.1130501 0.8037428
vt 0.07846319 0.8026265
vt 0.07829242 0.8039356
vt 0.08037281 0.8047328
vt 0.06561732 0.7985594
vt 0.07180154 0.7952875
vt 0.06543701 0.7876705
vt 0.07180154 0.7952875
vt 0.07567203 0.793345
vt 0.06973582 0.784321
vt 0.1308369 0.7603233
vt 0.1312201 0.7568667
vt 0.1293547 0.7584813
vt 0.1308369 0.7603233
vt 0.1293547 0.7584813
vt 0.1292053 0.7598343
vt 0.1261972 0.7663915
vt 0.1255604 0.7673216
vt 0.1261906 0.7679456
vt 0.1284484 0.7653392
vt 0.1276427 0.7642031
vt 0.1261972 0.7663915
vt 0.06885522 0.8243834
vt 0.06260687 0.8302334
vt 0.07032078 0.8350152
vt 0.1273977 0.8632067
vt 0.1345633 0.8670004
vt 0.136825 0.8596795
vt 0.1659262 0.7994132
vt 0.1714367 0.7912759
vt 0.166517 0.7863428
vt 0.1714367 0.7912759
vt 0.1659262 0.7994132
vt 0.1732953 0.7990888
vt 0.1007667 0.7986613
vt 0.09146177 0.7906288
vt 0.09217816 0.7941797
vt 0.1132708 0.7667009
vt 0.113016 0.765887
vt 0.1118667 0.7664287
vt 0.0554344 0.6771183
vt 0.05573809 0.6975449
vt 0.1079393 0.6790201
vt 0.0554344 0.6771183
vt 0.09598529 0.6629996
vt 0.08019417 0.6629996
vt 0.1079393 0.6790201
vt 0.05573809 0.6975449
vt 0.07423728 0.7077158
vt 0.1199957 0.75233
vt 0.1194533 0.752854
vt 0.1203557 0.7523851
vt 0.1197898 0.752463
vt 0.1190578 0.7523397
vt 0.1191274 0.7529824
vt 0.1196513 0.7514053
vt 0.1190444 0.7516006
vt 0.1190578 0.7523397
vt 0.116242 0.7529596
vt 0.1167559 0.7540598
vt 0.1174237 0.7536448
vt 0.1167559 0.7540598
vt 0.1173012 0.7548435
vt 0.1179301 0.7543325
vt 0.1198154 0.7529846
vt 0.1191274 0.7529824
vt 0.1194533 0.752854
vt 0.1185719 0.7554091
vt 0.1179301 0.7543325
vt 0.1173012 0.7548435
vt 0.1170083 0.7526504
vt 0.1168158 0.7518007
vt 0.1161769 0.751647
vt 0.1196513 0.7514053
vt 0.1179151 0.7512101
vt 0.1190444 0.7516006
vt 0.1179151 0.7512101
vt 0.1161769 0.751647
vt 0.1168158 0.7518007
vt 0.1203557 0.7523851
vt 0.1194533 0.752854
vt 0.1179301 0.7543325
vt 0.1191274 0.7529824
vt 0.1174237 0.7536448
vt 0.1179301 0.7543325
vt 0.1190578 0.7523397
vt 0.1170083 0.7526504
vt 0.1174237 0.7536448
vt 0.1190444 0.7516006
vt 0.1168158 0.7518007
vt 0.1170083 0.7526504
vt 0.2167836 0.8670004
vt 0.2167836 0.8590684
vt 0.2088516 0.8670003
vt 0.1257985 0.7646696
vt 0.1251831 0.7644254
vt 0.1255372 0.7660874
vt 0.125135 0.7669804
vt 0.1255604 0.7673216
vt 0.1255372 0.7660874
vt 0.1206046 0.7553545
vt 0.1210734 0.7573165
vt 0.1212795 0.755408
vt 0.1201479 0.7529191
vt 0.1206046 0.7553545
vt 0.1206482 0.7535667
vt 0.1210734 0.7573165
vt 0.1215229 0.7594098
vt 0.1217387 0.757392
vt 0.1212795 0.755408
vt 0.1217387 0.757392
vt 0.1221441 0.7555488
vt 0.1206482 0.7535667
vt 0.1212795 0.755408
vt 0.1211971 0.7538369
vt 0.1215229 0.7594098
vt 0.1215389 0.7599417
vt 0.1219736 0.7596856
vt 0.1217387 0.757392
vt 0.1219736 0.7596856
vt 0.1226009 0.757647
vt 0.1234413 0.7556591
vt 0.1221441 0.7555488
vt 0.1237466 0.7581018
vt 0.1225823 0.7601281
vt 0.1219736 0.7596856
vt 0.1224464 0.760593
vt 0.1205993 0.7624614
vt 0.1218921 0.7629334
vt 0.121914 0.7601653
vt 0.1253142 0.7624079
vt 0.1251839 0.7621302
vt 0.1250182 0.7626663
vt 0.1253142 0.7624079
vt 0.1254619 0.7626873
vt 0.1257508 0.7614513
vt 0.1224464 0.760593
vt 0.1230654 0.7612402
vt 0.1225823 0.7601281
vt 0.1237466 0.7581018
vt 0.1226009 0.757647
vt 0.1232557 0.7607108
vt 0.1251839 0.7621302
vt 0.1255642 0.7612304
vt 0.123917 0.7613485
vt 0.1201479 0.7529191
vt 0.1206482 0.7535667
vt 0.1199854 0.748867
vt 0.1255642 0.7612304
vt 0.1257508 0.7614513
vt 0.1262036 0.7595919
vt 0.1248378 0.758667
vt 0.1245456 0.7597956
vt 0.1262036 0.7595919
vt 0.1252385 0.7633852
vt 0.1257592 0.7633594
vt 0.1252201 0.7630629
vt 0.1211971 0.7538369
vt 0.1221441 0.7555488
vt 0.1220939 0.7535369
vt 0.1257508 0.7614513
vt 0.1264618 0.761807
vt 0.1264374 0.7598651
vt 0.1262036 0.7595919
vt 0.1264374 0.7598651
vt 0.1265439 0.7576544
vt 0.1198154 0.7529846
vt 0.1199957 0.75233
vt 0.1211971 0.7538369
vt 0.1238398 0.7621366
vt 0.123917 0.7613485
vt 0.1232557 0.7607108
vt 0.1248378 0.758667
vt 0.1237466 0.7581018
vt 0.1245456 0.7597956
vt 0.1292053 0.7598343
vt 0.1273419 0.7600714
vt 0.1284695 0.7624361
vt 0.1257592 0.7633594
vt 0.1276427 0.7642031
vt 0.1255888 0.763004
vt 0.1224126 0.7639289
vt 0.1238398 0.7621366
vt 0.1218921 0.7629334
vt 0.1257592 0.7633594
vt 0.1252385 0.7633852
vt 0.1257985 0.7646696
vt 0.1224126 0.7639289
vt 0.1251831 0.7644254
vt 0.1238398 0.7621366
vt 0.1264374 0.7598651
vt 0.1273419 0.7600714
vt 0.1268789 0.7578905
vt 0.1273419 0.7600714
vt 0.1292053 0.7598343
vt 0.1278185 0.7580318
vt 0.1306722 0.7631644
vt 0.1298109 0.7631079
vt 0.129088 0.7657879
vt 0.1317183 0.7599544
vt 0.1308369 0.7603233
vt 0.1306722 0.7631644
vt 0.1255372 0.7660874
vt 0.1261972 0.7663915
vt 0.1257985 0.7646696
vt 0.129088 0.7657879
vt 0.1366744 0.7688751
vt 0.1306722 0.7631644
vt 0.1308369 0.7603233
vt 0.1292053 0.7598343
vt 0.1298109 0.7631079
vt 0.1265439 0.7576544
vt 0.1265187 0.7560195
vt 0.124979 0.7572083
vt 0.1298109 0.7631079
vt 0.1284695 0.7624361
vt 0.1284484 0.7653392
vt 0.1306722 0.7631644
vt 0.137789 0.7651301
vt 0.1317183 0.7599544
vt 0.1293547 0.7584813
vt 0.1291919 0.7565712
vt 0.1278185 0.7580318
vt 0.1237466 0.7581018
vt 0.124979 0.7572083
vt 0.1234413 0.7556591
vt 0.1234413 0.7556591
vt 0.124365 0.7546969
vt 0.1220939 0.7535369
vt 0.1211429 0.7633969
vt 0.1204294 0.7635151
vt 0.1208428 0.7640239
vt 0.1204294 0.7635151
vt 0.1211429 0.7633969
vt 0.1205993 0.7624614
vt 0.1204294 0.7635151
vt 0.1205993 0.7624614
vt 0.1195033 0.7635672
vt 0.1308369 0.7603233
vt 0.1317183 0.7599544
vt 0.1312201 0.7568667
vt 0.129088 0.7657879
vt 0.1284484 0.7653392
vt 0.1270718 0.7676704
vt 0.1198154 0.7529846
vt 0.1211971 0.7538369
vt 0.1197898 0.752463
vt 0.1270718 0.7676704
vt 0.1269428 0.7671392
vt 0.1268529 0.7680737
vt 0.1255372 0.7660874
vt 0.1249901 0.7656724
vt 0.125135 0.7669804
vt 0.1246764 0.7664205
vt 0.1249901 0.7656724
vt 0.1223608 0.7651307
vt 0.1261018 0.7537519
vt 0.1257466 0.7537495
vt 0.1268289 0.7562485
vt 0.1247887 0.7557156
vt 0.1265187 0.7560195
vt 0.124365 0.7546969
vt 0.1204294 0.7635151
vt 0.1195033 0.7635672
vt 0.12045 0.7642863
vt 0.1267557 0.7534447
vt 0.1261018 0.7537519
vt 0.1277508 0.7562485
vt 0.1350355 0.7723463
vt 0.1270718 0.7676704
vt 0.1342247 0.7742877
vt 0.1208428 0.7640239
vt 0.12045 0.7642863
vt 0.1210634 0.7648091
vt 0.1240932 0.7668978
vt 0.1243498 0.7676465
vt 0.1246764 0.7664205
vt 0.1342247 0.7742877
vt 0.1268529 0.7680737
vt 0.1331278 0.7763086
vt 0.127945 0.7532117
vt 0.1291919 0.7565712
vt 0.1303128 0.752868
vt 0.1267557 0.7534447
vt 0.1277508 0.7562485
vt 0.127945 0.7532117
vt 0.1211429 0.7633969
vt 0.1217852 0.7639862
vt 0.1218921 0.7629334
vt 0.1257542 0.7697254
vt 0.1266056 0.7685704
vt 0.1252303 0.768949
vt 0.1187701 0.7634565
vt 0.1188383 0.7638409
vt 0.1189939 0.7636702
vt 0.118871 0.7639215
vt 0.1190175 0.7640929
vt 0.1188565 0.7638936
vt 0.1303128 0.752868
vt 0.1275138 0.7489676
vt 0.127945 0.7532117
vt 0.1243185 0.7519632
vt 0.1231203 0.7528835
vt 0.1257466 0.7537495
vt 0.1257466 0.7537495
vt 0.1261018 0.7537519
vt 0.1243185 0.7519632
vt 0.1257542 0.7697254
vt 0.1252303 0.768949
vt 0.1214239 0.7716177
vt 0.121673 0.7649513
vt 0.1210634 0.7648091
vt 0.1214781 0.7661373
vt 0.12045 0.7642863
vt 0.1195154 0.7642084
vt 0.1206592 0.7650994
vt 0.1211803 0.7668873
vt 0.1206592 0.7650994
vt 0.1198212 0.7667991
vt 0.1276543 0.7482941
vt 0.1275138 0.7489676
vt 0.1306869 0.7522057
vt 0.1188259 0.7639007
vt 0.1188383 0.7638409
vt 0.1186845 0.763935
vt 0.1214781 0.7661373
vt 0.1220316 0.7673395
vt 0.1240932 0.7668978
vt 0.1267557 0.7534447
vt 0.127945 0.7532117
vt 0.1248856 0.7511796
vt 0.1331278 0.7763086
vt 0.1266056 0.7685704
vt 0.128809 0.7776449
vt 0.1243498 0.7676465
vt 0.1220316 0.7673395
vt 0.1247473 0.7682221
vt 0.121673 0.7649513
vt 0.1223608 0.7651307
vt 0.1217852 0.7639862
vt 0.118871 0.7639215
vt 0.1188467 0.7639523
vt 0.1190175 0.7640929
vt 0.1188467 0.7639523
vt 0.1188259 0.7639007
vt 0.1188343 0.7643196
vt 0.1243185 0.7519632
vt 0.1206246 0.7498809
vt 0.1231203 0.7528835
vt 0.1190801 0.7635268
vt 0.1191072 0.7642352
vt 0.1195033 0.7635672
vt 0.1243185 0.7519632
vt 0.1244094 0.7518065
vt 0.1206246 0.7498809
vt 0.120832 0.7496509
vt 0.1244094 0.7518065
vt 0.1215854 0.7491619
vt 0.1307219 0.7442121
vt 0.1276543 0.7482941
vt 0.1351673 0.7490657
vt 0.1230055 0.7455625
vt 0.123085 0.7461208
vt 0.1276543 0.7482941
vt 0.1231203 0.7528835
vt 0.1196513 0.7514053
vt 0.1220939 0.7535369
vt 0.1190175 0.7640929
vt 0.1191072 0.7642352
vt 0.1189939 0.7636702
vt 0.1187701 0.7634565
vt 0.1189939 0.7636702
vt 0.1186985 0.762994
vt 0.1177735 0.7614421
vt 0.1186985 0.762994
vt 0.1193512 0.7628677
vt 0.1212394 0.7675901
vt 0.1211803 0.7668873
vt 0.1204553 0.7678707
vt 0.128809 0.7776449
vt 0.1257542 0.7697254
vt 0.1231408 0.7792247
vt 0.1426923 0.7454901
vt 0.1368126 0.7393153
vt 0.1351673 0.7490657
vt 0.1188343 0.7643196
vt 0.1188217 0.764716
vt 0.1190175 0.7640929
vt 0.1191072 0.7642352
vt 0.1188217 0.764716
vt 0.1193434 0.7648971
vt 0.1475988 0.753195
vt 0.1498962 0.7633254
vt 0.148938 0.7532488
vt 0.1187701 0.7634565
vt 0.1186985 0.762994
vt 0.1186845 0.763935
vt 0.1186014 0.7634914
vt 0.1180518 0.7634416
vt 0.1177735 0.7614421
vt 0.148938 0.7532488
vt 0.1516935 0.7629911
vt 0.1518129 0.7528121
vt 0.1521764 0.772176
vt 0.1554459 0.772715
vt 0.1516935 0.7629911
vt 0.1186845 0.763935
vt 0.1185899 0.7639933
vt 0.1188343 0.7643196
vt 0.1516935 0.7629911
vt 0.1498962 0.7633254
vt 0.1521764 0.772176
vt 0.1178239 0.7490617
vt 0.1178899 0.7495318
vt 0.120832 0.7496509
vt 0.1480147 0.7790289
vt 0.1499752 0.7717908
vt 0.1366744 0.7688751
vt 0.146328 0.783138
vt 0.1480147 0.7790289
vt 0.1350355 0.7723463
vt 0.1173526 0.7667606
vt 0.1171848 0.7685076
vt 0.1198212 0.7667991
vt 0.1220088 0.7483207
vt 0.1255195 0.7503855
vt 0.123085 0.7461208
vt 0.1170242 0.7695269
vt 0.1168431 0.7708962
vt 0.1209117 0.7692134
vt 0.1368126 0.7393153
vt 0.1426923 0.7454901
vt 0.1376063 0.738129
vt 0.124608 0.7407698
vt 0.1230055 0.7455625
vt 0.1307219 0.7442121
vt 0.1368126 0.7393153
vt 0.1273016 0.7341086
vt 0.1307219 0.7442121
vt 0.1564588 0.7614688
vt 0.1544392 0.7526303
vt 0.1548838 0.7620296
vt 0.149523 0.7807094
vt 0.1521764 0.772176
vt 0.1480147 0.7790289
vt 0.1521764 0.772176
vt 0.149523 0.7807094
vt 0.1554459 0.772715
vt 0.1447212 0.7458408
vt 0.148938 0.7532488
vt 0.146381 0.7448562
vt 0.1181279 0.7644634
vt 0.1185899 0.7639933
vt 0.1180518 0.7634416
vt 0.1177699 0.7474541
vt 0.1177937 0.7483277
vt 0.1220088 0.7483207
vt 0.1177699 0.7474541
vt 0.1220088 0.7483207
vt 0.117748 0.7450249
vt 0.1177301 0.7445043
vt 0.117748 0.7450249
vt 0.1230055 0.7455625
vt 0.1350355 0.7723463
vt 0.1342247 0.7742877
vt 0.146328 0.783138
vt 0.146381 0.7448562
vt 0.1518129 0.7528121
vt 0.1496723 0.7423376
vt 0.1611277 0.7563708
vt 0.1564588 0.7614688
vt 0.1634516 0.7698388
vt 0.1447212 0.7458408
vt 0.146381 0.7448562
vt 0.1376063 0.738129
vt 0.1420127 0.7905542
vt 0.1446262 0.7872742
vt 0.1331278 0.7763086
vt 0.1174157 0.7663364
vt 0.1173526 0.7667606
vt 0.1186487 0.7659252
vt 0.130988 0.7815584
vt 0.128809 0.7776449
vt 0.1244882 0.7856535
vt 0.149523 0.7807094
vt 0.1458848 0.7883201
vt 0.1528245 0.782434
vt 0.1180536 0.7649403
vt 0.1181624 0.7653177
vt 0.1181279 0.7644634
vt 0.1446262 0.7872742
vt 0.1458848 0.7883201
vt 0.146328 0.783138
vt 0.1611277 0.7563708
vt 0.1634516 0.7698388
vt 0.165734 0.7556476
vt 0.1168431 0.7708962
vt 0.1166711 0.7721103
vt 0.1211683 0.7704772
vt 0.1177325 0.7395717
vt 0.1177301 0.7445043
vt 0.124608 0.7407698
vt 0.1742458 0.7710455
vt 0.1699223 0.7541938
vt 0.1685732 0.7709494
vt 0.146381 0.7448562
vt 0.1496723 0.7423376
vt 0.1387131 0.7362057
vt 0.1587179 0.7412994
vt 0.1477267 0.7289849
vt 0.1547269 0.74345
vt 0.1177325 0.7395717
vt 0.124608 0.7407698
vt 0.1177624 0.7327344
vt 0.1166711 0.7721103
vt 0.1160303 0.7797716
vt 0.1214239 0.7716177
vt 0.1714367 0.7912759
vt 0.1742458 0.7710455
vt 0.166517 0.7863428
vt 0.1458848 0.7883201
vt 0.1446262 0.7872742
vt 0.143423 0.7917439
vt 0.165734 0.7556476
vt 0.1699223 0.7541938
vt 0.1587179 0.7412994
vt 0.1587179 0.7412994
vt 0.1616333 0.7392067
vt 0.1477267 0.7289849
vt 0.1742458 0.7710455
vt 0.1801789 0.7717417
vt 0.1699223 0.7541938
vt 0.12875 0.7308324
vt 0.1282823 0.7330506
vt 0.1387131 0.7362057
vt 0.12875 0.7308324
vt 0.1387131 0.7362057
vt 0.1300942 0.7270193
vt 0.1621065 0.7825167
vt 0.1575148 0.7944407
vt 0.166517 0.7863428
vt 0.152062 0.7194286
vt 0.1492886 0.7267817
vt 0.1659591 0.7329941
vt 0.1331278 0.7763086
vt 0.130988 0.7815584
vt 0.1420127 0.7905542
vt 0.1387929 0.7939271
vt 0.140149 0.7956193
vt 0.1420127 0.7905542
vt 0.1450634 0.7937329
vt 0.1476611 0.7907522
vt 0.143423 0.7917439
vt 0.1413408 0.7976096
vt 0.1433957 0.7955288
vt 0.140149 0.7956193
vt 0.126713 0.7997871
vt 0.1387929 0.7939271
vt 0.1244882 0.7856535
vt 0.1483847 0.8065152
vt 0.1520064 0.8028197
vt 0.1433957 0.7955288
vt 0.166517 0.7863428
vt 0.1604947 0.7983037
vt 0.1659262 0.7994132
vt 0.1575148 0.7944407
vt 0.1520064 0.8028197
vt 0.1604947 0.7983037
vt 0.1477267 0.7289849
vt 0.1492886 0.7267817
vt 0.1332905 0.7213606
vt 0.1443148 0.8104568
vt 0.1483847 0.8065152
vt 0.1413408 0.7976096
vt 0.1732953 0.7990888
vt 0.1659262 0.7994132
vt 0.1699711 0.8074658
vt 0.1300942 0.7270193
vt 0.1177274 0.7254279
vt 0.12875 0.7308324
vt 0.1991759 0.8115047
vt 0.1845944 0.7956571
vt 0.1894569 0.8180639
vt 0.1991759 0.8115047
vt 0.1917732 0.7972715
vt 0.1845944 0.7956571
vt 0.1732953 0.7990888
vt 0.1699711 0.8074658
vt 0.1759364 0.801424
vt 0.179915 0.8248737
vt 0.1894569 0.8180639
vt 0.1759364 0.801424
vt 0.1160303 0.7797716
vt 0.1153039 0.7868322
vt 0.1231408 0.7792247
vt 0.140149 0.7956193
vt 0.1270264 0.8024644
vt 0.1413408 0.7976096
vt 0.1503418 0.8094209
vt 0.1536768 0.8057846
vt 0.1483847 0.8065152
vt 0.1549554 0.8081735
vt 0.1626191 0.8017471
vt 0.1536768 0.8057846
vt 0.1626191 0.8017471
vt 0.1549554 0.8081735
vt 0.1620042 0.8116919
vt 0.1332905 0.7213606
vt 0.1338043 0.7194888
vt 0.1177151 0.7194754
vt 0.1176809 0.718279
vt 0.1338043 0.7194888
vt 0.1179051 0.7077584
vt 0.1699711 0.8074658
vt 0.1660414 0.8058275
vt 0.163359 0.8139449
vt 0.1699711 0.8074658
vt 0.163359 0.8139449
vt 0.179915 0.8248737
vt 0.1483847 0.8065152
vt 0.1443148 0.8104568
vt 0.1503418 0.8094209
vt 0.1536768 0.8057846
vt 0.1503418 0.8094209
vt 0.1549554 0.8081735
vt 0.1413408 0.7976096
vt 0.1269268 0.8056637
vt 0.1443148 0.8104568
vt 0.1549554 0.8081735
vt 0.1517077 0.8119064
vt 0.1561794 0.8142397
vt 0.1483303 0.8166928
vt 0.1517077 0.8119064
vt 0.1465181 0.8141412
vt 0.163359 0.8139449
vt 0.1620042 0.8116919
vt 0.1563544 0.8171178
vt 0.1443148 0.8104568
vt 0.1288276 0.8197955
vt 0.1465181 0.8141412
vt 0.1270264 0.8024644
vt 0.126713 0.7997871
vt 0.1130501 0.8037428
vt 0.146205 0.8200634
vt 0.1428663 0.8347175
vt 0.1488637 0.8189613
vt 0.09963995 0.8468172
vt 0.1329408 0.849597
vt 0.1046816 0.8362015
vt 0.1350758 0.831204
vt 0.1428663 0.8347175
vt 0.137589 0.8261332
vt 0.1357249 0.8347651
vt 0.1350758 0.831204
vt 0.1046816 0.8362015
vt 0.09618079 0.8539045
vt 0.1273977 0.8632067
vt 0.09963995 0.8468172
vt 0.1094672 0.8219463
vt 0.1288276 0.8197955
vt 0.1124028 0.8072191
vt 0.1081747 0.8277637
vt 0.1287887 0.8258136
vt 0.1094672 0.8219463
vt 0.1287887 0.8258136
vt 0.1081747 0.8277637
vt 0.1282145 0.8291951
vt 0.1185719 0.7554091
vt 0.1178312 0.7556238
vt 0.11615 0.7570047
vt 0.1173012 0.7548435
vt 0.1155433 0.7561042
vt 0.1178312 0.7556238
vt 0.1167559 0.7540598
vt 0.1147992 0.755323
vt 0.1173012 0.7548435
vt 0.1164104 0.7632262
vt 0.1158624 0.7631006
vt 0.1161848 0.7640394
vt 0.1144204 0.7630554
vt 0.1158624 0.7631006
vt 0.1140844 0.7618843
vt 0.1167559 0.7540598
vt 0.116242 0.7529596
vt 0.1147992 0.755323
vt 0.1159855 0.7568503
vt 0.1155433 0.7561042
vt 0.1147708 0.7579541
vt 0.1147992 0.755323
vt 0.1132839 0.7568962
vt 0.1155433 0.7561042
vt 0.1144013 0.7639265
vt 0.1156755 0.7639031
vt 0.1144204 0.7630554
vt 0.1164861 0.7634904
vt 0.1164104 0.7632262
vt 0.1163411 0.7639372
vt 0.1164104 0.7632262
vt 0.1170489 0.7630984
vt 0.1164599 0.7620751
vt 0.1137023 0.7543156
vt 0.116242 0.7529596
vt 0.1135948 0.7526145
vt 0.115013 0.750008
vt 0.1161769 0.751647
vt 0.1178899 0.7495318
vt 0.1147669 0.7497252
vt 0.115013 0.750008
vt 0.1178239 0.7490617
vt 0.1178239 0.7490617
vt 0.1177937 0.7483277
vt 0.1147669 0.7497252
vt 0.1164861 0.7634904
vt 0.116817 0.76345
vt 0.1164104 0.7632262
vt 0.116573 0.7637798
vt 0.1166176 0.7637714
vt 0.1164861 0.7634904
vt 0.1165043 0.7642535
vt 0.1163411 0.7639372
vt 0.1164517 0.764655
vt 0.1163214 0.7658506
vt 0.1164517 0.764655
vt 0.1157306 0.7647188
vt 0.1137023 0.7543156
vt 0.1119104 0.7564164
vt 0.1147992 0.755323
vt 0.1165585 0.7638328
vt 0.1165864 0.7638103
vt 0.1163411 0.7639372
vt 0.1170489 0.7630984
vt 0.1167977 0.7640477
vt 0.1174395 0.7638633
vt 0.1141155 0.7648078
vt 0.1157306 0.7647188
vt 0.1144013 0.7639265
vt 0.1147708 0.7579541
vt 0.1136543 0.7590986
vt 0.1150128 0.758422
vt 0.1131254 0.7587947
vt 0.1136543 0.7590986
vt 0.1141615 0.7574149
vt 0.1177699 0.7474541
vt 0.117748 0.7450249
vt 0.1135975 0.7482846
vt 0.116817 0.76345
vt 0.1167432 0.7639435
vt 0.1170489 0.7630984
vt 0.116817 0.76345
vt 0.1166176 0.7637714
vt 0.1167432 0.7639435
vt 0.1170489 0.7630984
vt 0.1174395 0.7638633
vt 0.1184237 0.7625008
vt 0.1177699 0.7474541
vt 0.1135975 0.7482846
vt 0.1177937 0.7483277
vt 0.1167432 0.7639435
vt 0.1165043 0.7642535
vt 0.1167977 0.7640477
vt 0.1148234 0.7667157
vt 0.1173526 0.7667606
vt 0.1163214 0.7658506
vt 0.1165775 0.7638768
vt 0.1165585 0.7638328
vt 0.1165043 0.7642535
vt 0.1132839 0.7568962
vt 0.1123431 0.7586253
vt 0.1141615 0.7574149
vt 0.1166152 0.7638388
vt 0.1165775 0.7638768
vt 0.1167432 0.7639435
vt 0.1119546 0.7512767
vt 0.1122708 0.7513932
vt 0.1147669 0.7497252
vt 0.1140844 0.7618843
vt 0.1135364 0.7629985
vt 0.1144204 0.7630554
vt 0.1140844 0.7618843
vt 0.1124492 0.7606085
vt 0.1127579 0.7626032
vt 0.1161769 0.751647
vt 0.115013 0.750008
vt 0.1135948 0.7526145
vt 0.1177325 0.7395717
vt 0.110834 0.7406783
vt 0.1177301 0.7445043
vt 0.1139119 0.7636279
vt 0.1136562 0.764516
vt 0.1144013 0.7639265
vt 0.1119104 0.7564164
vt 0.1111509 0.7586997
vt 0.1132839 0.7568962
vt 0.1121836 0.7636411
vt 0.1128535 0.7636586
vt 0.1127579 0.7626032
vt 0.1078232 0.7489455
vt 0.1098832 0.7504486
vt 0.1123884 0.7460712
vt 0.110919 0.7509851
vt 0.1119546 0.7512767
vt 0.1139565 0.7491633
vt 0.1177325 0.7395717
vt 0.1177624 0.7327344
vt 0.110834 0.7406783
vt 0.1098832 0.7504486
vt 0.110919 0.7509851
vt 0.1135975 0.7482846
vt 0.1139043 0.7677659
vt 0.1171848 0.7685076
vt 0.1148234 0.7667157
vt 0.1098403 0.7533487
vt 0.1101859 0.7533397
vt 0.1119546 0.7512767
vt 0.1071597 0.7487463
vt 0.1124092 0.7454579
vt 0.1046317 0.7440441
vt 0.1132708 0.7667009
vt 0.1148234 0.7667157
vt 0.1141155 0.7648078
vt 0.1104576 0.756097
vt 0.1119104 0.7564164
vt 0.1124967 0.7533922
vt 0.1141155 0.7648078
vt 0.1136562 0.764516
vt 0.113016 0.765887
vt 0.1128196 0.7602409
vt 0.1136543 0.7590986
vt 0.1124687 0.7602565
vt 0.1131254 0.7587947
vt 0.1123431 0.7586253
vt 0.1124687 0.7602565
vt 0.1092088 0.7782434
vt 0.1160303 0.7797716
vt 0.11229 0.7712724
vt 0.1129056 0.764622
vt 0.1128535 0.7636586
vt 0.1121587 0.7648457
vt 0.1111509 0.7586997
vt 0.1111848 0.7609059
vt 0.1123431 0.7586253
vt 0.1128196 0.7602409
vt 0.1124687 0.7602565
vt 0.1127023 0.7604338
vt 0.1126883 0.7701449
vt 0.11229 0.7712724
vt 0.1168431 0.7708962
vt 0.1121836 0.7636411
vt 0.1127579 0.7626032
vt 0.1106567 0.7621186
vt 0.1090232 0.7630133
vt 0.109043 0.7642931
vt 0.1106567 0.7621186
vt 0.1094275 0.7660788
vt 0.1121587 0.7648457
vt 0.1091648 0.7654108
vt 0.1126883 0.7701449
vt 0.1168431 0.7708962
vt 0.1132399 0.7690282
vt 0.1119546 0.7512767
vt 0.110919 0.7509851
vt 0.1098403 0.7533487
vt 0.1118928 0.7605016
vt 0.1119875 0.760977
vt 0.1124687 0.7602565
vt 0.1177341 0.7304462
vt 0.1177274 0.7254279
vt 0.1069244 0.7311348
vt 0.1048323 0.7527275
vt 0.1072654 0.7532708
vt 0.1078232 0.7489455
vt 0.110919 0.7509851
vt 0.1098832 0.7504486
vt 0.1090084 0.7529463
vt 0.1118335 0.7673039
vt 0.1139043 0.7677659
vt 0.1132708 0.7667009
vt 0.1088359 0.755609
vt 0.1084101 0.7578165
vt 0.1104576 0.756097
vt 0.1177274 0.7254279
vt 0.117701 0.723155
vt 0.1055215 0.7269967
vt 0.1121587 0.7648457
vt 0.1094275 0.7660788
vt 0.1118667 0.7664287
vt 0.1111848 0.7609059
vt 0.111385 0.7614859
vt 0.1118928 0.7605016
vt 0.1119104 0.7564164
vt 0.1099591 0.7579955
vt 0.1111509 0.7586997
vt 0.1046317 0.7440441
vt 0.1000458 0.7487183
vt 0.1071597 0.7487463
vt 0.1176809 0.718279
vt 0.1020316 0.7196937
vt 0.1177151 0.7194754
vt 0.1104994 0.7614061
vt 0.1106567 0.7621186
vt 0.1111848 0.7609059
vt 0.1104994 0.7614061
vt 0.1111848 0.7609059
vt 0.110049 0.759711
vt 0.110834 0.7406783
vt 0.1085336 0.7340344
vt 0.1046317 0.7440441
vt 0.1020316 0.7196937
vt 0.1176809 0.718279
vt 0.1023482 0.7101673
vt 0.110049 0.759711
vt 0.1099591 0.7579955
vt 0.1085528 0.75969
vt 0.11229 0.7712724
vt 0.1126883 0.7701449
vt 0.1081422 0.7690199
vt 0.09781968 0.7378328
vt 0.09867352 0.7390839
vt 0.1072404 0.7329537
vt 0.1072654 0.7532708
vt 0.1048323 0.7527275
vt 0.1057686 0.7566022
vt 0.110049 0.759711
vt 0.1089493 0.7613016
vt 0.1104994 0.7614061
vt 0.09781968 0.7378328
vt 0.1072404 0.7329537
vt 0.09683912 0.7361108
vt 0.1096413 0.7672272
vt 0.1118335 0.7673039
vt 0.1099665 0.7665325
vt 0.1118335 0.7673039
vt 0.1096413 0.7672272
vt 0.1111744 0.7684344
vt 0.1160303 0.7797716
vt 0.1092088 0.7782434
vt 0.1153039 0.7868322
vt 0.1069244 0.7311348
vt 0.1055215 0.7269967
vt 0.09683912 0.7361108
vt 0.1084808 0.7557404
vt 0.1073091 0.7563404
vt 0.1080378 0.7580299
vt 0.1092471 0.7677122
vt 0.1087234 0.7683198
vt 0.1111744 0.7684344
vt 0.1082544 0.7598817
vt 0.1087207 0.7614882
vt 0.1085528 0.75969
vt 0.107147 0.7592076
vt 0.1079562 0.7617628
vt 0.1082544 0.7598817
vt 0.08787906 0.7283235
vt 0.09127193 0.7311066
vt 0.1024806 0.7214667
vt 0.1094772 0.7624935
vt 0.109233 0.7622608
vt 0.1093084 0.762689
vt 0.109233 0.7622608
vt 0.1089493 0.7613016
vt 0.1091341 0.762369
vt 0.08637303 0.726073
vt 0.1020316 0.7196937
vt 0.08367639 0.7187313
vt 0.08787906 0.7283235
vt 0.1024806 0.7214667
vt 0.08637303 0.726073
vt 0.1040772 0.776068
vt 0.1092088 0.7782434
vt 0.1081422 0.7690199
vt 0.1091341 0.762369
vt 0.1086761 0.7629393
vt 0.1093084 0.762689
vt 0.1091341 0.762369
vt 0.1087207 0.7614882
vt 0.1086761 0.7629393
vt 0.1057686 0.7566022
vt 0.1054892 0.759626
vt 0.1071206 0.7580563
vt 0.1054892 0.759626
vt 0.1059477 0.7621192
vt 0.107147 0.7592076
vt 0.1037095 0.7567253
vt 0.1048323 0.7527275
vt 0.1029557 0.7570478
vt 0.09280544 0.744944
vt 0.1000458 0.7487183
vt 0.09867352 0.7390839
vt 0.1086761 0.7629393
vt 0.1083833 0.7645083
vt 0.1090232 0.7630133
vt 0.1000458 0.7487183
vt 0.09280544 0.744944
vt 0.09744697 0.7540762
vt 0.09867352 0.7390839
vt 0.09781968 0.7378328
vt 0.09280544 0.744944
vt 0.1038013 0.7600266
vt 0.1054892 0.759626
vt 0.1037095 0.7567253
vt 0.09059858 0.7452494
vt 0.09781968 0.7378328
vt 0.08916556 0.7436017
vt 0.1085053 0.766891
vt 0.1092471 0.7677122
vt 0.1089413 0.7665878
vt 0.08916556 0.7436017
vt 0.09683912 0.7361108
vt 0.08660775 0.7403798
vt 0.1085919 0.7657757
vt 0.1089413 0.7665878
vt 0.1091648 0.7654108
vt 0.1083833 0.7645083
vt 0.1085919 0.7657757
vt 0.109043 0.7642931
vt 0.1059477 0.7621192
vt 0.1066805 0.7641005
vt 0.1086761 0.7629393
vt 0.1037095 0.7567253
vt 0.1029557 0.7570478
vt 0.1038013 0.7600266
vt 0.1079285 0.7660358
vt 0.1085053 0.766891
vt 0.1085919 0.7657757
vt 0.1066805 0.7641005
vt 0.1079285 0.7660358
vt 0.1083833 0.7645083
vt 0.1085053 0.766891
vt 0.1079285 0.7660358
vt 0.1078663 0.7674443
vt 0.1038013 0.7600266
vt 0.1045955 0.7627166
vt 0.1054892 0.759626
vt 0.1081422 0.7690199
vt 0.1087234 0.7683198
vt 0.1074457 0.7679866
vt 0.1092088 0.7782434
vt 0.1040772 0.776068
vt 0.1067655 0.7841055
vt 0.07644391 0.7404758
vt 0.08208477 0.7406132
vt 0.08787906 0.7283235
vt 0.1074457 0.7679866
vt 0.1078663 0.7674443
vt 0.1068112 0.7671448
vt 0.1002175 0.7743636
vt 0.1040772 0.776068
vt 0.1074457 0.7679866
vt 0.1039216 0.763271
vt 0.1045955 0.7627166
vt 0.1030667 0.7604759
vt 0.09943991 0.7725195
vt 0.1002175 0.7743636
vt 0.1068112 0.7671448
vt 0.105844 0.7648284
vt 0.1052629 0.7654643
vt 0.1071814 0.7665996
vt 0.08586549 0.7536017
vt 0.08822542 0.7524791
vt 0.09059858 0.7452494
vt 0.08660775 0.7403798
vt 0.08056181 0.7520667
vt 0.08916556 0.7436017
vt 0.08586549 0.7536017
vt 0.09059858 0.7452494
vt 0.0838505 0.7524336
vt 0.09618079 0.8539045
vt 0.09963995 0.8468172
vt 0.07032078 0.8350152
vt 0.08488827 0.816612
vt 0.0770983 0.824527
vt 0.1046816 0.8362015
vt 0.1135568 0.8010094
vt 0.1153039 0.7868322
vt 0.101819 0.7965496
vt 0.0838505 0.7524336
vt 0.08056181 0.7520667
vt 0.08071595 0.7613072
vt 0.08343899 0.761997
vt 0.08586549 0.7536017
vt 0.08071595 0.7613072
vt 0.1007667 0.7986613
vt 0.1130501 0.8037428
vt 0.101819 0.7965496
vt 0.09960389 0.8009909
vt 0.1124028 0.8072191
vt 0.1007667 0.7986613
vt 0.1094672 0.8219463
vt 0.1124028 0.8072191
vt 0.09490334 0.812056
vt 0.08343899 0.761997
vt 0.08557236 0.7603399
vt 0.08586549 0.7536017
vt 0.1051502 0.836812
vt 0.08623754 0.8155838
vt 0.1046816 0.8362015
vt 0.1051502 0.836812
vt 0.09178274 0.818001
vt 0.08623754 0.8155838
vt 0.08056181 0.7520667
vt 0.07538282 0.7526123
vt 0.0786603 0.7608762
vt 0.06885522 0.8243834
vt 0.06646364 0.8157764
vt 0.06036758 0.8200241
vt 0.06646364 0.8157764
vt 0.05645811 0.8074849
vt 0.05754619 0.8120922
vt 0.06646364 0.8157764
vt 0.06869566 0.810647
vt 0.05645811 0.8074849
vt 0.08317106 0.7701593
vt 0.08343899 0.761997
vt 0.08034306 0.7705483
vt 0.09490334 0.812056
vt 0.09960389 0.8009909
vt 0.08593481 0.8013808
vt 0.06148833 0.7706993
vt 0.0645706 0.7561113
vt 0.0554344 0.7688676
vt 0.09146177 0.7906288
vt 0.1007667 0.7986613
vt 0.09258639 0.7894753
vt 0.07026493 0.8138291
vt 0.06646364 0.8157764
vt 0.07187646 0.8188029
vt 0.07191848 0.8090245
vt 0.06869566 0.810647
vt 0.07266157 0.8110458
vt 0.08317106 0.7701593
vt 0.08500975 0.7694784
vt 0.08343899 0.761997
vt 0.1014941 0.779421
vt 0.09258639 0.7894753
vt 0.1067655 0.7841055
vt 0.1002175 0.7743636
vt 0.09024178 0.7864424
vt 0.1014941 0.779421
vt 0.08611947 0.7763748
vt 0.0966553 0.7680799
vt 0.08500975 0.7694784
vt 0.09490334 0.812056
vt 0.09246611 0.8154744
vt 0.1094672 0.8219463
vt 0.08611947 0.7763748
vt 0.08629727 0.7772926
vt 0.0966553 0.7680799
vt 0.07191848 0.8090245
vt 0.07266157 0.8110458
vt 0.0747348 0.809272
vt 0.07113045 0.8007843
vt 0.06561732 0.7985594
vt 0.07191848 0.8090245
vt 0.08826571 0.7835774
vt 0.09943991 0.7725195
vt 0.08629727 0.7772926
vt 0.08454358 0.7779519
vt 0.08317106 0.7701593
vt 0.08196181 0.7791255
vt 0.06885522 0.8243834
vt 0.0770983 0.824527
vt 0.08209294 0.8141238
vt 0.08500975 0.7694784
vt 0.08317106 0.7701593
vt 0.08611947 0.7763748
vt 0.06973582 0.784321
vt 0.07340198 0.7809985
vt 0.06687802 0.7701114
vt 0.06687802 0.7701114
vt 0.06148833 0.7706993
vt 0.06973582 0.784321
vt 0.07565051 0.8118333
vt 0.07720386 0.8157117
vt 0.07760328 0.8105139
vt 0.08547085 0.7862655
vt 0.08712327 0.7845475
vt 0.08196181 0.7791255
vt 0.08547085 0.7862655
vt 0.08149003 0.7797146
vt 0.07772397 0.7898923
vt 0.07113045 0.8007843
vt 0.07191848 0.8090245
vt 0.07523274 0.8027582
vt 0.08454358 0.7779519
vt 0.08712327 0.7845475
vt 0.08629727 0.7772926
vt 0.09246611 0.8154744
vt 0.09178274 0.818001
vt 0.1081747 0.8277637
vt 0.08593481 0.8013808
vt 0.09217816 0.7941797
vt 0.08377695 0.7983973
vt 0.08593481 0.8013808
vt 0.08406186 0.8033569
vt 0.09490334 0.812056
vt 0.08165651 0.7957916
vt 0.08677136 0.7882976
vt 0.07772397 0.7898923
vt 0.08896911 0.787417
vt 0.08712327 0.7845475
vt 0.08677136 0.7882976
vt 0.08896911 0.787417
vt 0.09146177 0.7906288
vt 0.09024178 0.7864424
vt 0.08377695 0.7983973
vt 0.09013336 0.7920576
vt 0.08165651 0.7957916
vt 0.08712327 0.7845475
vt 0.08896911 0.787417
vt 0.08826571 0.7835774
vt 0.08273577 0.8049072
vt 0.08209294 0.8141238
vt 0.08831512 0.8149852
vt 0.07340198 0.7809985
vt 0.06973582 0.784321
vt 0.07772397 0.7898923
vt 0.07292562 0.7990951
vt 0.07180154 0.7952875
vt 0.07113045 0.8007843
vt 0.07939463 0.7993253
vt 0.08034855 0.7977716
vt 0.07444149 0.7961339
vt 0.07846319 0.8026265
vt 0.07939463 0.7993253
vt 0.07563573 0.8016524
vt 0.07772397 0.7898923
vt 0.07567203 0.793345
vt 0.08165651 0.7957916
vt 0.08406186 0.8033569
vt 0.08593481 0.8013808
vt 0.08223742 0.8001541
vt 0.08165651 0.7957916
vt 0.08034855 0.7977716
vt 0.08377695 0.7983973
vt 0.08034855 0.7977716
vt 0.07939463 0.7993253
vt 0.08223742 0.8001541
vt 0.08273577 0.8049072
vt 0.08406186 0.8033569
vt 0.08118832 0.801587
vt 0.07563573 0.8016524
vt 0.07292562 0.7990951
vt 0.07523274 0.8027582
vt 0.07523274 0.8027582
vt 0.07829242 0.8039356
vt 0.07563573 0.8016524
vt 0.1039216 0.763271
vt 0.1030667 0.7604759
vt 0.09597074 0.7643415
vt 0.1366744 0.7688751
vt 0.129088 0.7657879
vt 0.1350355 0.7723463
vt 0.1282823 0.7330506
vt 0.12875 0.7308324
vt 0.1177603 0.7314702
vt 0.1177341 0.7304462
vt 0.1069244 0.7311348
vt 0.1177603 0.7314702
vt 0.1177624 0.7327344
vt 0.1177603 0.7314702
vt 0.1085336 0.7340344
vt 0.1177624 0.7327344
vt 0.1273016 0.7341086
vt 0.1177603 0.7314702
vt 0.1273016 0.7341086
vt 0.1368126 0.7393153
vt 0.1282823 0.7330506
vt 0.1300942 0.7270193
vt 0.1414527 0.7329518
vt 0.1321582 0.7247918
vt 0.1177274 0.7254279
vt 0.1300942 0.7270193
vt 0.117701 0.723155
vt 0.1332905 0.7213606
vt 0.1177151 0.7194754
vt 0.1321582 0.7247918
vt 0.117701 0.723155
vt 0.1177151 0.7194754
vt 0.104778 0.7248074
vt 0.09127193 0.7311066
vt 0.09408795 0.732556
vt 0.104778 0.7248074
vt 0.09408795 0.732556
vt 0.09127193 0.7311066
vt 0.08660775 0.7403798
vt 0.1068112 0.7671448
vt 0.1052629 0.7654643
vt 0.09943991 0.7725195
vt 0.09943991 0.7725195
vt 0.08826571 0.7835774
vt 0.1002175 0.7743636
vt 0.1052629 0.7654643
vt 0.1039216 0.763271
vt 0.09875875 0.7709173
vt 0.09744697 0.7540762
vt 0.09641778 0.7605716
vt 0.1029557 0.7570478
vt 0.1071597 0.7487463
vt 0.1044238 0.7519567
vt 0.1078232 0.7489455
vt 0.08660775 0.7403798
vt 0.08208477 0.7406132
vt 0.08056181 0.7520667
vt 0.06943219 0.7551655
vt 0.07538282 0.7526123
vt 0.07644391 0.7404758
vt 0.07538282 0.7526123
vt 0.06943219 0.7551655
vt 0.07200592 0.7656963
vt 0.06148833 0.7706993
vt 0.06687802 0.7701114
vt 0.0645706 0.7561113
vt 0.140149 0.7956193
vt 0.1387929 0.7939271
vt 0.1270264 0.8024644
vt 0.1135568 0.8010094
vt 0.126713 0.7997871
vt 0.1153039 0.7868322
vt 0.09641778 0.7605716
vt 0.08557236 0.7603399
vt 0.09597074 0.7643415
vt 0.1052629 0.7654643
vt 0.105844 0.7648284
vt 0.1039216 0.763271
vt 0.1101859 0.7533397
vt 0.1098403 0.7533487
vt 0.1088359 0.755609
vt 0.1084808 0.7557404
vt 0.1080378 0.7580299
vt 0.1088359 0.755609
vt 0.1375754 0.7545985
vt 0.1383011 0.7600238
vt 0.1475988 0.753195
vt 0.1383011 0.7600238
vt 0.137789 0.7651301
vt 0.1498962 0.7633254
vt 0.166517 0.7863428
vt 0.1685732 0.7709494
vt 0.1621065 0.7825167
vt 0.1742458 0.7710455
vt 0.1714367 0.7912759
vt 0.1801789 0.7717417
vt 0.1714367 0.7912759
vt 0.1732953 0.7990888
vt 0.1776449 0.7921523
vt 0.1522235 0.8181218
vt 0.1518235 0.8154898
vt 0.1488637 0.8189613
vt 0.1518235 0.8154898
vt 0.1522235 0.8181218
vt 0.1561794 0.8142397
vt 0.1317183 0.7599544
vt 0.1383011 0.7600238
vt 0.1316034 0.7563933
vt 0.1261018 0.7537519
vt 0.1267557 0.7534447
vt 0.1244094 0.7518065
vt 0.1220088 0.7483207
vt 0.1215854 0.7491619
vt 0.1255195 0.7503855
vt 0.1178239 0.7490617
vt 0.120832 0.7496509
vt 0.1177937 0.7483277
vt 0.1254619 0.7626873
vt 0.1255888 0.763004
vt 0.1264618 0.761807
vt 0.1268789 0.7578905
vt 0.1278185 0.7580318
vt 0.1268289 0.7562485
vt 0.1265439 0.7576544
vt 0.1268789 0.7578905
vt 0.1265187 0.7560195
vt 0.1255642 0.7612304
vt 0.1251839 0.7621302
vt 0.1257508 0.7614513
vt 0.124979 0.7572083
vt 0.1248378 0.758667
vt 0.1265439 0.7576544
vt 0.1247473 0.7682221
vt 0.1252303 0.768949
vt 0.1255604 0.7673216
vt 0.1255604 0.7673216
vt 0.125135 0.7669804
vt 0.1247473 0.7682221
vt 0.165734 0.7556476
vt 0.1587179 0.7412994
vt 0.1611277 0.7563708
vt 0.1476611 0.7907522
vt 0.1450634 0.7937329
vt 0.1575148 0.7944407
vt 0.1528245 0.782434
vt 0.1621065 0.7825167
vt 0.1554459 0.772715
vt 0.1564588 0.7614688
vt 0.1611277 0.7563708
vt 0.1544392 0.7526303
vt 0.1621065 0.7825167
vt 0.1528245 0.782434
vt 0.1575148 0.7944407
vt 0.09146177 0.7906288
vt 0.08896911 0.787417
vt 0.09013336 0.7920576
vt 0.1253142 0.7624079
vt 0.1250182 0.7626663
vt 0.1254619 0.7626873
vt 0.1251839 0.7621302
vt 0.123917 0.7613485
vt 0.1247932 0.7622818
vt 0.1098403 0.7533487
vt 0.1090084 0.7529463
vt 0.1084808 0.7557404
vt 0.1071206 0.7580563
vt 0.107147 0.7592076
vt 0.1080378 0.7580299
vt 0.1085528 0.75969
vt 0.1084101 0.7578165
vt 0.1082544 0.7598817
vt 0.1090084 0.7529463
vt 0.1072654 0.7532708
vt 0.1073091 0.7563404
vt 0.1106567 0.7621186
vt 0.1104994 0.7614061
vt 0.1094772 0.7624935
vt 0.1135948 0.7526145
vt 0.1122708 0.7513932
vt 0.1124967 0.7533922
vt 0.1124967 0.7533922
vt 0.1101859 0.7533397
vt 0.1104576 0.756097
vt 0.1000458 0.7487183
vt 0.09744697 0.7540762
vt 0.1044238 0.7519567
vt 0.1177301 0.7445043
vt 0.1124092 0.7454579
vt 0.117748 0.7450249
vt 0.1124092 0.7454579
vt 0.1071597 0.7487463
vt 0.1123884 0.7460712
vt 0.1699223 0.7541938
vt 0.1753735 0.7499351
vt 0.1616333 0.7392067
vt 0.1375522 0.7114735
vt 0.1338043 0.7194888
vt 0.152062 0.7194286
vt 0.07644391 0.7404758
vt 0.08787906 0.7283235
vt 0.07388406 0.7375023
vt 0.07388406 0.7375023
vt 0.08637303 0.726073
vt 0.06911855 0.7321739
vt 0.06911855 0.7321739
vt 0.05972033 0.7494439
vt 0.07388406 0.7375023
vt 0.0645706 0.7561113
vt 0.06943219 0.7551655
vt 0.07388406 0.7375023
vt 0.0554344 0.7688676
vt 0.05806815 0.7864029
vt 0.06148833 0.7706993
vt 0.1089413 0.7665878
vt 0.1096413 0.7672272
vt 0.1094275 0.7660788
vt 0.1171848 0.7685076
vt 0.1170242 0.7695269
vt 0.1204553 0.7678707
vt 0.1171848 0.7685076
vt 0.1139043 0.7677659
vt 0.1170242 0.7695269
vt 0.1111744 0.7684344
vt 0.1132399 0.7690282
vt 0.1118335 0.7673039
vt 0.1206246 0.7498809
vt 0.1178899 0.7495318
vt 0.1196513 0.7514053
vt 0.136825 0.8596795
vt 0.1428663 0.8347175
vt 0.1329408 0.849597
vt 0.08087438 0.8035762
vt 0.08118832 0.801587
vt 0.07846319 0.8026265
vt 0.11615 0.7570047
vt 0.1159855 0.7568503
vt 0.1150128 0.758422
vt 0.1128196 0.7602409
vt 0.1134443 0.7602618
vt 0.1136543 0.7590986
vt 0.1092471 0.7677122
vt 0.1085053 0.766891
vt 0.1087234 0.7683198
vt 0.1164517 0.764655
vt 0.1163214 0.7658506
vt 0.1167977 0.7640477
vt 0.1186487 0.7659252
vt 0.1188217 0.764716
vt 0.1181624 0.7653177
vt 0.1209117 0.7692134
vt 0.1211683 0.7704772
vt 0.1247473 0.7682221
vt 0.1581438 0.8345477
vt 0.1698461 0.8307012
vt 0.1563544 0.8171178
vt 0.07760328 0.8105139
vt 0.07829242 0.8039356
vt 0.0747348 0.809272
vt 0.1477267 0.7289849
vt 0.1332905 0.7213606
vt 0.1450967 0.7319662
vt 0.0786603 0.7608762
vt 0.07200592 0.7656963
vt 0.07932299 0.7725983
vt 0.08071595 0.7613072
vt 0.0786603 0.7608762
vt 0.08034306 0.7705483
vt 0.08034306 0.7705483
vt 0.07932299 0.7725983
vt 0.08196181 0.7791255
vt 0.1547269 0.74345
vt 0.1450967 0.7319662
vt 0.1496723 0.7423376
vt 0.1079285 0.7660358
vt 0.1066805 0.7641005
vt 0.1071814 0.7665996
vt 0.07187646 0.8188029
vt 0.06885522 0.8243834
vt 0.07720386 0.8157117
vt 0.1214781 0.7661373
vt 0.1240932 0.7668978
vt 0.1223608 0.7651307
vt 0.1312201 0.7568667
vt 0.1316034 0.7563933
vt 0.1303128 0.752868
vt 0.148938 0.7532488
vt 0.1447212 0.7458408
vt 0.1475988 0.753195
vt 0.08557236 0.7603399
vt 0.09641778 0.7605716
vt 0.08822542 0.7524791
vt 0.1351673 0.7490657
vt 0.1306869 0.7522057
vt 0.1375754 0.7545985
vt 0.1351673 0.7490657
vt 0.1375754 0.7545985
vt 0.1426923 0.7454901
vt 0.1124028 0.8072191
vt 0.1269268 0.8056637
vt 0.1130501 0.8037428
vt 0.08087438 0.8035762
vt 0.07846319 0.8026265
vt 0.08037281 0.8047328
vt 0.05806815 0.7864029
vt 0.06561732 0.7985594
vt 0.06543701 0.7876705
vt 0.06543701 0.7876705
vt 0.07180154 0.7952875
vt 0.06973582 0.784321
vt 0.1269428 0.7671392
vt 0.1261972 0.7663915
vt 0.1261906 0.7679456
vt 0.1269428 0.7671392
vt 0.1284484 0.7653392
vt 0.1261972 0.7663915
vt 0.0770983 0.824527
vt 0.06885522 0.8243834
vt 0.07032078 0.8350152
vt 0.1329408 0.849597
vt 0.1273977 0.8632067
vt 0.136825 0.8596795
vt 0.09960389 0.8009909
vt 0.1007667 0.7986613
vt 0.09217816 0.7941797
vt 0.1118335 0.7673039
vt 0.1132708 0.7667009
vt 0.1118667 0.7664287
vt 0.09598529 0.6629996
vt 0.0554344 0.6771183
vt 0.1079393 0.6790201
vt 0.0667479 0.6687376
vt 0.0554344 0.6771183
vt 0.08019417 0.6629996
vt 0.1044556 0.6938361
vt 0.1079393 0.6790201
vt 0.07423728 0.7077158
vt 0.1199854 0.748867
vt 0.1199957 0.75233
vt 0.1203557 0.7523851
vt 0.1198154 0.7529846
vt 0.1197898 0.752463
vt 0.1191274 0.7529824
vt 0.1197898 0.752463
vt 0.1196513 0.7514053
vt 0.1190578 0.7523397
vt 0.1170083 0.7526504
vt 0.116242 0.7529596
vt 0.1174237 0.7536448
vt 0.1174237 0.7536448
vt 0.1167559 0.7540598
vt 0.1179301 0.7543325
vt 0.1199957 0.75233
vt 0.1198154 0.7529846
vt 0.1194533 0.752854
vt 0.1178312 0.7556238
vt 0.1185719 0.7554091
vt 0.1173012 0.7548435
vt 0.116242 0.7529596
vt 0.1170083 0.7526504
vt 0.1161769 0.751647
vt 0.1190444 0.7516006
vt 0.1179151 0.7512101
vt 0.1168158 0.7518007
vt 0.1185719 0.7554091
vt 0.1203557 0.7523851
vt 0.1179301 0.7543325
vt 0.1194533 0.752854
vt 0.1191274 0.7529824
vt 0.1179301 0.7543325
vt 0.1191274 0.7529824
vt 0.1190578 0.7523397
vt 0.1174237 0.7536448
vt 0.1190578 0.7523397
vt 0.1190444 0.7516006
vt 0.1170083 0.7526504
usemtl RThumb1UV
f 2/1 3/2 4/3
f 5/4 6/5 7/6
f 10/7 11/8 7/9
f 12/10 13/11 14/12
f 15/13 16/14 17/15
f 18/16 19/17 20/18
f 21/19 22/20 23/21
f 24/22 25/23 26/24
f 27/25 28/26 29/27
f 30/28 31/29 32/30
f 33/31 34/32 35/33
f 36/34 37/35 38/36
f 39/37 40/38 41/39
f 42/40 43/41 44/42
f 45/43 46/44 47/45
f 48/46 49/47 50/48
f 51/49 52/50 53/51
f 54/52 53/53 52/54
f 55/55 52/56 40/57
f 56/58 57/59 58/60
f 59/61 60/62 61/63
f 62/64 63/65 64/66
f 65/67 66/68 67/69
f 68/70 69/71 70/72
f 71/73 72/74 73/75
f 74/76 75/77 67/78
f 65/79 76/80 77/81
f 67/82 78/83 79/84
f 74/85 79/86 80/87
f 81/88 82/89 83/90
f 84/91 85/92 86/93
f 87/94 88/95 89/96
f 90/97 91/98 92/99
f 93/100 94/101 95/102
f 96/103 97/104 98/105
f 99/106 100/107 101/108
f 102/109 103/110 104/111
f 104/112 103/113 105/114
f 96/115 106/116 107/117
f 108/118 109/119 110/120
f 111/121 112/122 108/123
f 111/124 108/125 110/126
f 113/127 114/128 115/129
f 117/130 118/131 119/132
f 116/133 119/134 121/135
f 122/136 123/137 118/138
f 118/139 124/140 125/141
f 119/142 125/143 126/144
f 12/145 14/146 123/147
f 123/148 127/149 124/150
f 125/151 124/152 128/153
f 123/154 14/155 20/156
f 18/157 20/158 14/159
f 130/160 17/161 16/162
f 132/163 133/164 134/165
f 19/166 135/167 127/168
f 124/169 127/170 135/171
f 136/172 137/173 138/174
f 121/175 139/176 140/177
f 134/178 141/179 142/180
f 137/181 136/182 142/183
f 144/184 132/185 145/186
f 15/187 145/188 16/189
f 15/190 17/191 146/192
f 147/193 144/194 145/195
f 125/196 129/197 148/198
f 133/199 149/200 141/201
f 141/202 150/203 151/204
f 139/205 121/206 126/207
f 138/208 137/209 135/210
f 128/211 135/212 137/213
f 149/214 133/215 153/216
f 155/217 153/218 144/219
f 146/220 135/221 19/222
f 146/223 19/224 18/225
f 157/226 128/227 143/228
f 15/229 5/230 8/231
f 5/232 15/233 146/234
f 149/235 158/236 150/237
f 154/238 159/239 158/240
f 161/241 162/242 163/243
f 165/244 161/245 160/246
f 5/247 156/248 6/249
f 155/250 147/251 8/252
f 11/253 155/254 8/255
f 166/256 167/257 160/258
f 154/259 153/260 161/261
f 168/262 169/263 157/264
f 153/265 155/266 162/267
f 167/268 170/269 164/270
f 171/271 172/272 158/273
f 157/274 169/275 129/276
f 173/277 129/278 169/279
f 173/280 174/281 148/282
f 176/283 177/284 178/285
f 175/286 18/287 13/288
f 13/289 26/290 25/291
f 164/292 179/293 180/294
f 162/295 181/296 182/297
f 126/298 148/299 183/300
f 180/301 171/302 159/303
f 181/304 184/305 185/306
f 6/307 186/308 9/309
f 6/310 156/311 32/312
f 188/313 168/314 189/315
f 168/316 188/317 173/318
f 25/319 29/320 177/321
f 185/322 184/323 190/324
f 187/325 189/326 172/327
f 182/328 185/329 192/330
f 177/331 194/332 195/333
f 196/334 9/335 186/336
f 185/337 190/338 38/339
f 171/340 180/341 199/342
f 172/343 171/344 198/345
f 200/346 156/347 18/348
f 190/349 184/350 202/351
f 203/352 22/353 21/354
f 206/355 21/356 23/357
f 207/358 208/359 198/360
f 174/361 173/362 188/363
f 187/364 210/365 209/366
f 202/367 211/368 212/369
f 195/370 194/371 31/372
f 29/373 28/374 194/375
f 194/376 28/377 214/378
f 207/379 199/380 216/381
f 203/382 204/383 218/384
f 34/385 196/386 197/387
f 198/388 208/389 219/390
f 190/391 201/392 36/393
f 34/394 33/395 220/396
f 32/397 156/398 200/399
f 221/400 222/401 206/402
f 31/403 213/404 34/405
f 217/406 218/407 222/408
f 34/409 213/410 35/411
f 194/412 213/413 31/414
f 223/415 224/416 174/417
f 27/418 29/419 25/420
f 210/421 225/422 223/423
f 210/424 219/425 226/426
f 215/427 216/428 228/429
f 230/430 207/431 215/432
f 224/433 183/434 148/435
f 27/436 24/437 21/438
f 21/439 24/440 231/441
f 231/442 24/443 26/444
f 213/445 214/446 233/447
f 201/448 212/449 234/450
f 236/451 227/452 228/453
f 237/454 27/455 206/456
f 33/457 35/458 233/459
f 237/460 238/461 28/462
f 239/463 240/464 241/465
f 231/466 243/467 218/468
f 244/469 231/470 232/471
f 28/472 238/473 214/474
f 240/475 246/476 247/477
f 249/478 246/479 240/480
f 243/481 237/482 222/483
f 239/484 250/485 248/486
f 252/487 223/488 225/489
f 250/490 167/491 166/492
f 253/493 166/494 193/495
f 256/496 233/497 214/498
f 208/499 207/500 230/501
f 259/502 211/503 33/504
f 235/505 260/506 261/507
f 229/508 215/509 227/510
f 263/511 262/512 227/513
f 264/514 247/515 246/516
f 248/517 250/518 253/519
f 266/520 267/521 249/522
f 241/523 247/524 268/525
f 243/526 231/527 244/528
f 271/529 226/530 257/531
f 257/532 230/533 272/534
f 272/535 230/536 229/537
f 249/538 265/539 246/540
f 192/541 274/542 254/543
f 247/544 264/545 275/546
f 265/547 249/548 277/549
f 268/550 278/551 261/552
f 254/553 266/554 253/555
f 274/556 192/557 38/558
f 255/559 214/560 238/561
f 36/562 234/563 281/564
f 282/565 283/566 267/567
f 285/568 243/569 269/570
f 282/571 266/572 254/573
f 277/574 286/575 287/576
f 288/577 212/578 211/579
f 289/580 275/581 264/582
f 273/583 229/584 262/585
f 291/586 287/587 286/588
f 275/589 293/590 278/591
f 295/592 296/593 289/594
f 262/595 263/596 297/597
f 298/598 234/599 212/600
f 292/601 286/602 299/603
f 274/604 279/605 45/606
f 291/607 301/608 294/609
f 301/610 302/611 295/612
f 303/613 304/614 291/615
f 306/616 261/617 278/618
f 278/619 293/620 307/621
f 309/622 310/623 299/624
f 302/625 301/626 312/627
f 37/628 313/629 279/630
f 314/631 45/632 279/633
f 283/634 282/635 45/636
f 46/637 45/638 314/639
f 313/640 37/641 281/642
f 317/643 47/644 46/645
f 310/646 42/647 319/648
f 317/649 320/650 310/651
f 302/652 321/653 322/654
f 318/655 46/656 315/657
f 319/658 44/659 325/660
f 326/661 327/662 305/663
f 328/664 329/665 330/666
f 331/667 332/668 328/669
f 325/670 333/671 334/672
f 319/673 42/674 44/675
f 330/676 329/677 334/678
f 335/679 281/680 234/681
f 336/682 337/683 315/684
f 320/685 317/686 318/687
f 42/688 310/689 320/690
f 339/691 340/692 43/693
f 321/694 341/695 342/696
f 321/697 343/698 344/699
f 44/700 43/701 345/702
f 345/703 346/704 333/705
f 323/706 55/707 338/708
f 331/709 48/710 50/711
f 338/712 347/713 339/714
f 337/715 348/716 323/717
f 347/718 349/719 340/720
f 347/721 338/722 55/723
f 43/724 340/725 350/726
f 348/727 54/728 55/729
f 347/730 39/731 349/732
f 55/733 54/734 52/735
f 55/736 40/737 39/738
f 316/739 351/740 352/741
f 353/742 354/743 41/744
f 356/745 357/746 358/747
f 353/748 40/749 52/750
f 51/751 359/752 358/753
f 51/754 53/755 359/756
f 361/757 356/758 355/759
f 348/760 337/761 363/762
f 54/763 348/764 362/765
f 364/766 365/767 53/768
f 365/769 359/770 53/771
f 366/772 367/773 368/774
f 370/775 367/776 366/777
f 373/778 370/779 371/780
f 83/781 85/782 84/783
f 83/784 82/785 67/786
f 374/787 375/788 373/789
f 370/790 376/791 377/792
f 378/793 376/794 370/795
f 85/796 83/797 70/798
f 81/799 84/800 379/801
f 380/802 381/803 82/804
f 374/805 382/806 383/807
f 382/808 384/809 252/810
f 385/811 252/812 251/813
f 271/814 387/815 386/816
f 388/817 380/818 81/819
f 389/820 388/821 115/822
f 379/823 84/824 390/825
f 390/826 84/827 86/828
f 393/829 378/830 373/831
f 113/832 115/833 379/834
f 395/835 396/836 397/837
f 86/838 85/839 69/840
f 399/841 400/842 401/843
f 399/844 377/845 376/846
f 272/847 403/848 404/849
f 405/850 395/851 380/852
f 389/853 406/854 405/855
f 397/856 407/857 381/858
f 404/859 387/860 271/861
f 391/862 390/863 395/864
f 255/865 280/866 392/867
f 394/868 379/869 391/870
f 410/871 402/872 376/873
f 409/874 391/875 405/876
f 412/877 385/878 386/879
f 67/880 79/881 74/882
f 66/883 68/884 70/885
f 75/886 76/887 65/888
f 86/889 408/890 392/891
f 385/892 412/893 383/894
f 413/895 375/896 383/897
f 414/898 415/899 273/900
f 416/901 398/902 69/903
f 417/904 396/905 395/906
f 418/907 410/908 378/909
f 419/910 66/911 65/912
f 422/913 404/914 403/915
f 411/916 386/917 387/918
f 297/919 424/920 414/921
f 423/922 387/923 404/924
f 256/925 255/926 408/927
f 427/928 412/929 411/930
f 415/931 414/932 429/933
f 408/934 86/935 398/936
f 393/937 375/938 413/939
f 416/940 62/941 64/942
f 64/943 430/944 398/945
f 399/946 402/947 432/948
f 410/949 433/950 432/951
f 431/952 434/953 393/954
f 298/955 288/956 435/957
f 419/958 420/959 63/960
f 437/961 433/962 410/963
f 432/964 75/965 74/966
f 435/967 288/968 259/969
f 65/970 77/971 72/972
f 438/973 420/974 72/975
f 63/976 420/977 440/978
f 438/979 440/980 420/981
f 259/982 258/983 87/984
f 423/985 442/986 426/987
f 76/988 75/989 432/990
f 326/991 443/992 444/993
f 446/994 422/995 421/996
f 422/997 446/998 442/999
f 447/1000 64/1001 63/1002
f 425/1003 408/1004 430/1005
f 450/1006 434/1007 431/1008
f 451/1009 452/1010 443/1011
f 441/1012 453/1013 447/1014
f 77/1015 76/1016 433/1017
f 434/1018 454/1019 418/1020
f 455/1021 456/1022 428/1023
f 457/1024 458/1025 342/1026
f 72/1027 77/1028 437/1029
f 437/1030 418/1031 454/1032
f 424/1033 460/1034 429/1035
f 341/1036 344/1037 461/1038
f 434/1039 450/1040 462/1041
f 89/1042 463/1043 464/1044
f 460/1045 424/1046 466/1047
f 445/1048 467/1049 468/1050
f 454/1051 462/1052 469/1053
f 469/1054 470/1055 459/1056
f 466/1057 444/1058 471/1059
f 71/1060 439/1061 72/1062
f 448/1063 447/1064 453/1065
f 472/1066 473/1067 88/1068
f 436/1069 474/1070 335/1071
f 443/1072 475/1073 471/1074
f 477/1075 478/1076 479/1077
f 463/1078 89/1079 88/1080
f 481/1081 469/1082 462/1083
f 468/1084 478/1085 477/1086
f 483/1087 481/1088 480/1089
f 485/1090 452/1091 458/1092
f 470/1093 486/1094 71/1095
f 469/1096 481/1097 486/1098
f 457/1099 461/1100 488/1101
f 458/1102 457/1103 487/1104
f 436/1105 435/1106 464/1107
f 489/1108 439/1109 71/1110
f 481/1111 483/1112 489/1113
f 490/1114 482/1115 478/1116
f 491/1117 483/1118 482/1119
f 445/1120 456/1121 492/1122
f 455/1123 429/1124 460/1125
f 494/1126 438/1127 439/1128
f 483/1129 491/1130 489/1131
f 493/1132 495/1133 496/1134
f 465/1135 497/1136 493/1137
f 490/1138 468/1139 467/1140
f 465/1141 471/1142 499/1143
f 473/1144 472/1145 500/1146
f 471/1147 475/1148 502/1149
f 500/1150 441/1151 440/1152
f 503/1153 440/1154 438/1155
f 504/1156 494/1157 489/1158
f 492/1159 505/1160 498/1161
f 501/1162 500/1163 503/1164
f 506/1165 503/1166 494/1167
f 506/1168 507/1169 508/1170
f 509/1171 491/1172 490/1173
f 463/1174 508/1175 510/1176
f 509/1177 504/1178 491/1179
f 57/1180 56/1181 474/1182
f 511/1183 504/1184 509/1185
f 513/1186 485/1187 484/1188
f 508/1189 507/1190 514/1191
f 57/1192 464/1193 510/1194
f 509/1195 498/1196 505/1197
f 58/1198 510/1199 514/1200
f 517/1201 514/1202 507/1203
f 495/1204 493/1205 497/1206
f 519/1207 520/1208 499/1209
f 497/1210 499/1211 520/1212
f 355/1213 521/1214 522/1215
f 521/1216 355/1217 358/1218
f 335/1219 474/1220 523/1221
f 519/1222 524/1223 525/1224
f 518/1225 520/1226 525/1227
f 352/1228 351/1229 523/1230
f 363/1231 352/1232 527/1233
f 363/1234 528/1235 529/1236
f 530/1237 495/1238 518/1239
f 365/1240 109/1241 359/1242
f 94/1243 93/1244 358/1245
f 109/1246 108/1247 94/1248
f 531/1249 532/1250 524/1251
f 97/1252 103/1253 102/1254
f 534/1255 535/1256 103/1257
f 96/1258 107/1259 534/1260
f 526/1261 525/1262 536/1263
f 528/1264 90/1265 538/1266
f 540/1267 541/1268 542/1269
f 527/1270 523/1271 543/1272
f 97/1273 533/1274 544/1275
f 96/1276 98/1277 545/1278
f 547/1279 530/1280 526/1281
f 543/1282 523/1283 474/1284
f 548/1285 543/1286 56/1287
f 550/1288 551/1289 547/1290
f 110/1291 364/1292 362/1293
f 552/1294 553/1295 550/1296
f 545/1297 99/1298 101/1299
f 106/1300 96/1301 546/1302
f 516/1303 553/1304 552/1305
f 537/1306 536/1307 556/1308
f 558/1309 559/1310 560/1311
f 521/1312 93/1313 95/1314
f 537/1315 557/1316 549/1317
f 560/1318 532/1319 561/1320
f 539/1321 563/1322 562/1323
f 564/1324 95/1325 100/1326
f 558/1327 565/1328 556/1329
f 566/1330 557/1331 556/1332
f 558/1333 560/1334 567/1335
f 546/1336 101/1337 568/1338
f 552/1339 549/1340 557/1341
f 566/1342 555/1343 552/1344
f 109/1345 365/1346 364/1347
f 90/1348 92/1349 569/1350
f 111/1351 110/1352 529/1353
f 570/1354 565/1355 567/1356
f 566/1357 565/1358 570/1359
f 91/1360 543/1361 548/1362
f 92/1363 570/1364 571/1365
f 95/1366 112/1367 100/1368
f 572/1369 548/1370 555/1371
f 95/1372 94/1373 108/1374
f 562/1375 573/1376 567/1377
f 60/1378 106/1379 554/1380
f 59/1381 573/1382 60/1383
f 574/1384 59/1385 61/1386
f 576/1387 573/1388 59/1389
f 575/1390 59/1391 574/1392
f 573/1393 576/1394 571/1395
f 112/1396 578/1397 579/1398
f 580/1399 112/1400 579/1401
f 538/1402 569/1403 581/1404
f 576/1405 581/1406 569/1407
f 575/1408 578/1409 581/1410
f 111/1411 581/1412 578/1413
f 61/1414 554/1415 568/1416
f 582/1417 577/1418 574/1419
f 505/1420 583/1421 551/1422
f 163/1423 182/1424 193/1425
f 305/1426 327/1427 584/1428
f 444/1429 466/1430 584/1431
f 584/1432 466/1433 424/1434
f 263/1435 306/1436 584/1437
f 236/1438 261/1439 306/1440
f 293/1441 296/1442 585/1443
f 307/1444 585/1445 451/1446
f 342/1447 451/1448 585/1449
f 342/1450 458/1451 452/1452
f 475/1453 443/1454 452/1455
f 485/1456 513/1457 502/1458
f 515/1459 551/1460 550/1461
f 517/1462 553/1463 516/1464
f 555/1465 548/1466 58/1467
f 515/1468 550/1469 553/1470
f 583/1471 505/1472 492/1473
f 456/1474 445/1475 421/1476
f 513/1477 531/1478 519/1479
f 531/1480 513/1481 512/1482
f 586/1483 561/1484 532/1485
f 561/1486 586/1487 540/1488
f 313/1489 316/1490 336/1491
f 316/1492 281/1493 335/1494
f 530/1495 547/1496 551/1497
f 511/1498 509/1499 515/1500
f 426/1501 476/1502 449/1503
f 479/1504 450/1505 449/1506
f 170/1507 239/1508 242/1509
f 167/1510 250/1511 239/1512
f 286/1513 277/1514 308/1515
f 300/1516 588/1517 303/1518
f 324/1519 334/1520 588/1521
f 589/1522 41/1523 354/1524
f 350/1525 589/1526 354/1527
f 349/1528 39/1529 41/1530
f 589/1531 350/1532 340/1533
f 170/1534 587/1535 179/1536
f 191/1537 219/1538 210/1539
f 226/1540 219/1541 208/1542
f 225/1543 226/1544 271/1545
f 144/1546 153/1547 133/1548
f 158/1549 172/1550 189/1551
f 150/1552 189/1553 168/1554
f 130/1555 131/1556 134/1557
f 143/1558 142/1559 151/1560
f 202/1561 184/1562 10/1563
f 9/1564 196/1565 220/1566
f 100/1567 112/1568 580/1569
f 100/1570 580/1571 582/1572
f 294/1573 289/1574 276/1575
f 47/1576 317/1577 309/1578
f 308/1579 277/1580 249/1581
f 276/1582 289/1583 264/1584
f 267/1585 283/1586 309/1587
f 572/1588 570/1589 92/1590
f 16/1591 145/1592 132/1593
f 138/1594 146/1595 17/1596
f 442/1597 477/1598 476/1599
f 482/1600 480/1601 479/1602
f 450/1603 479/1604 480/1605
f 446/1606 468/1607 477/1608
f 459/1609 470/1610 73/1611
f 412/1612 427/1613 413/1614
f 427/1615 449/1616 431/1617
f 496/1618 492/1619 456/1620
f 415/1621 403/1622 272/1623
f 428/1624 421/1625 403/1626
f 304/1627 312/1628 301/1629
f 321/1630 302/1631 311/1632
f 484/1633 487/1634 590/1635
f 487/1636 488/1637 591/1638
f 541/1639 540/1640 590/1641
f 586/1642 512/1643 590/1644
f 592/1645 563/1646 539/1647
f 472/1648 453/1649 441/1650
f 258/1651 33/1652 233/1653
f 425/1654 87/1655 258/1656
f 87/1657 425/1658 448/1659
f 252/1660 384/1661 224/1662
f 353/1663 51/1664 357/1665
f 353/1666 357/1667 356/1668
f 578/1669 575/1670 577/1671
f 367/1672 377/1673 401/1674
f 79/1675 400/1676 399/1677
f 501/1678 508/1679 463/1680
f 392/1681 417/1682 395/1683
f 237/1684 243/1685 285/1686
f 211/1687 202/1688 220/1689
f 346/1690 345/1691 350/1692
f 582/1693 568/1694 101/1695
f 322/1696 585/1697 296/1698
f 532/1699 560/1700 559/1701
f 524/1702 559/1703 536/1704
f 559/1705 558/1706 556/1707
f 296/1708 293/1709 275/1710
f 504/1711 511/1712 507/1713
f 533/1714 95/1715 564/1716
f 197/1717 186/1718 32/1719
f 179/1720 216/1721 199/1722
f 260/1723 235/1724 242/1725
f 583/1726 496/1727 495/1728
f 216/1729 179/1730 587/1731
f 587/1732 242/1733 235/1734
f 337/1735 336/1736 352/1737
f 577/1738 582/1739 580/1740
f 106/1741 60/1742 563/1743
f 60/1744 573/1745 562/1746
f 165/1747 180/1748 159/1749
f 165/1750 159/1751 154/1752
f 11/1753 10/1754 184/1755
f 162/1756 155/1757 11/1758
f 533/1759 593/1760 522/1761
f 361/1762 594/1763 49/1764
f 319/1765 300/1766 299/1767
f 300/1768 319/1769 324/1770
f 527/1771 91/1772 90/1773
f 430/1774 64/1775 447/1776
f 596/1777 597/1778 598/1779
f 596/1780 595/1781 599/1782
f 598/1783 597/1784 601/1785
f 139/1786 603/1787 604/1788
f 183/1789 605/1790 606/1791
f 224/1792 607/1793 605/1794
f 374/1795 372/1796 608/1797
f 372/1798 371/1799 610/1800
f 152/1801 606/1802 603/1803
f 369/1804 610/1805 371/1806
f 609/1807 611/1808 382/1809
f 224/1810 384/1811 607/1812
f 384/1813 382/1814 611/1815
f 604/1816 603/1817 610/1818
f 606/1819 608/1820 610/1821
f 605/1822 609/1823 608/1824
f 607/1825 611/1826 609/1827
f 1/1828 2/1829 4/1830
f 8/1831 5/1832 7/1833
f 9/1834 10/1835 7/1836
f 116/1837 117/1838 119/1839
f 120/1840 116/1841 121/1842
f 117/1843 122/1844 118/1845
f 119/1846 118/1847 125/1848
f 121/1849 119/1850 126/1851
f 122/1852 12/1853 123/1854
f 118/1855 123/1856 124/1857
f 129/1858 125/1859 128/1860
f 127/1861 123/1862 20/1863
f 13/1864 18/1865 14/1866
f 131/1867 130/1868 16/1869
f 131/1870 132/1871 134/1872
f 20/1873 19/1874 127/1875
f 128/1876 124/1877 135/1878
f 130/1879 136/1880 138/1881
f 120/1882 121/1883 140/1884
f 136/1885 134/1886 142/1887
f 143/1888 137/1889 142/1890
f 15/1891 147/1892 145/1893
f 126/1894 125/1895 148/1896
f 134/1897 133/1898 141/1899
f 142/1900 141/1901 151/1902
f 152/1903 139/1904 126/1905
f 146/1906 138/1907 135/1908
f 143/1909 128/1910 137/1911
f 154/1912 149/1913 153/1914
f 147/1915 155/1916 144/1917
f 156/1918 146/1919 18/1920
f 147/1921 15/1922 8/1923
f 156/1924 5/1925 146/1926
f 141/1927 149/1928 150/1929
f 149/1930 154/1931 158/1932
f 160/1933 161/1934 163/1935
f 164/1936 165/1937 160/1938
f 7/1939 11/1940 8/1941
f 163/1942 166/1943 160/1944
f 165/1945 154/1946 161/1947
f 151/1948 168/1949 157/1950
f 161/1951 153/1952 162/1953
f 160/1954 167/1955 164/1956
f 159/1957 171/1958 158/1959
f 128/1960 157/1961 129/1962
f 129/1963 173/1964 148/1965
f 175/1966 176/1967 178/1968
f 176/1969 175/1970 13/1971
f 176/1972 13/1973 25/1974
f 165/1975 164/1976 180/1977
f 163/1978 162/1979 182/1980
f 152/1981 126/1982 183/1983
f 182/1984 181/1985 185/1986
f 7/1987 6/1988 9/1989
f 186/1990 6/1991 32/1992
f 187/1993 188/1994 189/1995
f 169/1996 168/1997 173/1998
f 176/1999 25/2000 177/2001
f 191/2002 187/2003 172/2004
f 193/2005 182/2006 192/2007
f 178/2008 177/2009 195/2010
f 197/2011 196/2012 186/2013
f 192/2014 185/2015 38/2016
f 198/2017 171/2018 199/2019
f 191/2020 172/2021 198/2022
f 175/2023 200/2024 18/2025
f 201/2026 190/2027 202/2028
f 204/2029 203/2030 21/2031
f 205/2032 206/2033 23/2034
f 199/2035 207/2036 198/2037
f 209/2038 174/2039 188/2040
f 188/2041 187/2042 209/2043
f 201/2044 202/2045 212/2046
f 30/2047 195/2048 31/2049
f 177/2050 29/2051 194/2052
f 213/2053 194/2054 214/2055
f 215/2056 207/2057 216/2058
f 217/2059 203/2060 218/2061
f 31/2062 34/2063 197/2064
f 191/2065 198/2066 219/2067
f 38/2068 190/2069 36/2070
f 196/2071 34/2072 220/2073
f 30/2074 32/2075 200/2076
f 205/2077 221/2078 206/2079
f 221/2080 217/2081 222/2082
f 209/2083 223/2084 174/2085
f 24/2086 27/2087 25/2088
f 209/2089 210/2090 223/2091
f 225/2092 210/2093 226/2094
f 227/2095 215/2096 228/2097
f 229/2098 230/2099 215/2100
f 174/2101 224/2102 148/2103
f 206/2104 27/2105 21/2106
f 204/2107 21/2108 231/2109
f 232/2110 231/2111 26/2112
f 35/2113 213/2114 233/2115
f 36/2116 201/2117 234/2118
f 235/2119 236/2120 228/2121
f 222/2122 237/2123 206/2124
f 27/2125 237/2126 28/2127
f 242/2128 239/2129 241/2130
f 204/2131 231/2132 218/2133
f 245/2134 244/2135 232/2136
f 241/2137 240/2138 247/2139
f 248/2140 249/2141 240/2142
f 218/2143 243/2144 222/2145
f 240/2146 239/2147 248/2148
f 251/2149 252/2150 225/2151
f 253/2152 250/2153 166/2154
f 254/2155 253/2156 193/2157
f 255/2158 256/2159 214/2160
f 257/2161 208/2162 230/2163
f 258/2164 259/2165 33/2166
f 236/2167 235/2168 261/2169
f 262/2170 229/2171 227/2172
f 236/2173 263/2174 227/2175
f 265/2176 264/2177 246/2178
f 266/2179 248/2180 253/2181
f 248/2182 266/2183 249/2184
f 260/2185 241/2186 268/2187
f 269/2188 243/2189 244/2190
f 270/2191 271/2192 257/2193
f 270/2194 257/2195 272/2196
f 273/2197 272/2198 229/2199
f 193/2200 192/2201 254/2202
f 268/2203 247/2204 275/2205
f 276/2206 265/2207 277/2208
f 260/2209 268/2210 261/2211
f 279/2212 274/2213 38/2214
f 280/2215 255/2216 238/2217
f 37/2218 36/2219 281/2220
f 266/2221 282/2222 267/2223
f 284/2224 285/2225 269/2226
f 274/2227 282/2228 254/2229
f 276/2230 277/2231 287/2232
f 259/2233 288/2234 211/2235
f 290/2236 273/2237 262/2238
f 292/2239 291/2240 286/2241
f 268/2242 275/2243 278/2244
f 294/2245 295/2246 289/2247
f 290/2248 262/2249 297/2250
f 288/2251 298/2252 212/2253
f 300/2254 292/2255 299/2256
f 282/2257 274/2258 45/2259
f 287/2260 291/2261 294/2262
f 294/2263 301/2264 295/2265
f 292/2266 303/2267 291/2268
f 305/2269 306/2270 278/2271
f 305/2272 278/2273 307/2274
f 308/2275 309/2276 299/2277
f 311/2278 302/2279 312/2280
f 38/2281 37/2282 279/2283
f 313/2284 314/2285 279/2286
f 47/2287 283/2288 45/2289
f 315/2290 46/2291 314/2292
f 316/2293 313/2294 281/2295
f 318/2296 317/2297 46/2298
f 299/2299 310/2300 319/2301
f 309/2302 317/2303 310/2304
f 295/2305 302/2306 322/2307
f 323/2308 318/2309 315/2310
f 324/2311 319/2312 325/2313
f 307/2314 326/2315 305/2316
f 48/2317 328/2318 330/2319
f 48/2320 331/2321 328/2322
f 324/2323 325/2324 334/2325
f 333/2326 330/2327 334/2328
f 298/2329 335/2330 234/2331
f 314/2332 336/2333 315/2334
f 338/2335 320/2336 318/2337
f 339/2338 42/2339 320/2340
f 42/2341 339/2342 43/2343
f 322/2344 321/2345 342/2346
f 341/2347 321/2348 344/2349
f 325/2350 44/2351 345/2352
f 325/2353 345/2354 333/2355
f 318/2356 323/2357 338/2358
f 320/2359 338/2360 339/2361
f 315/2362 337/2363 323/2364
f 339/2365 347/2366 340/2367
f 39/2368 347/2369 55/2370
f 345/2371 43/2372 350/2373
f 323/2374 348/2375 55/2376
f 336/2377 316/2378 352/2379
f 40/2380 353/2381 41/2382
f 355/2383 356/2384 358/2385
f 51/2386 353/2387 52/2388
f 357/2389 51/2390 358/2391
f 360/2392 361/2393 355/2394
f 362/2395 348/2396 363/2397
f 364/2398 54/2399 362/2400
f 54/2401 364/2402 53/2403
f 369/2404 366/2405 368/2406
f 371/2407 370/2408 366/2409
f 372/2410 373/2411 371/2412
f 81/2413 83/2414 84/2415
f 70/2416 83/2417 67/2418
f 372/2419 374/2420 373/2421
f 367/2422 370/2423 377/2424
f 373/2425 378/2426 370/2427
f 69/2428 85/2429 70/2430
f 115/2431 81/2432 379/2433
f 81/2434 380/2435 82/2436
f 375/2437 374/2438 383/2439
f 385/2440 382/2441 252/2442
f 386/2443 385/2444 251/2445
f 251/2446 271/2447 386/2448
f 115/2449 388/2450 81/2451
f 114/2452 389/2453 115/2454
f 391/2455 379/2456 390/2457
f 392/2458 390/2459 86/2460
f 375/2461 393/2462 373/2463
f 394/2464 113/2465 379/2466
f 380/2467 395/2468 397/2469
f 398/2470 86/2471 69/2472
f 377/2473 399/2474 401/2475
f 402/2476 399/2477 376/2478
f 270/2479 272/2480 404/2481
f 388/2482 405/2483 380/2484
f 388/2485 389/2486 405/2487
f 380/2488 397/2489 381/2490
f 270/2491 404/2492 271/2493
f 405/2494 391/2495 395/2496
f 408/2497 255/2498 392/2499
f 409/2500 394/2501 391/2502
f 378/2503 410/2504 376/2505
f 406/2506 409/2507 405/2508
f 411/2509 412/2510 386/2511
f 67/2512 66/2513 70/2514
f 67/2515 75/2516 65/2517
f 382/2518 385/2519 383/2520
f 290/2521 414/2522 273/2523
f 68/2524 416/2525 69/2526
f 393/2527 418/2528 378/2529
f 420/2530 419/2531 65/2532
f 421/2533 422/2534 403/2535
f 423/2536 411/2537 387/2538
f 290/2539 297/2540 414/2541
f 422/2542 423/2543 404/2544
f 425/2545 256/2546 408/2547
f 426/2548 427/2549 411/2550
f 428/2551 415/2552 429/2553
f 430/2554 408/2555 398/2556
f 431/2557 393/2558 413/2559
f 398/2560 416/2561 64/2562
f 80/2563 399/2564 432/2565
f 402/2566 410/2567 432/2568
f 436/2569 298/2570 435/2571
f 62/2572 419/2573 63/2574
f 418/2575 437/2576 410/2577
f 80/2578 432/2579 74/2580
f 89/2581 435/2582 259/2583
f 420/2584 65/2585 72/2586
f 439/2587 438/2588 72/2589
f 441/2590 63/2591 440/2592
f 89/2593 259/2594 87/2595
f 411/2596 423/2597 426/2598
f 433/2599 76/2600 432/2601
f 327/2602 326/2603 444/2604
f 445/2605 446/2606 421/2607
f 423/2608 422/2609 442/2610
f 448/2611 425/2612 430/2613
f 449/2614 450/2615 431/2616
f 326/2617 451/2618 443/2619
f 63/2620 441/2621 447/2622
f 437/2623 77/2624 433/2625
f 393/2626 434/2627 418/2628
f 429/2629 455/2630 428/2631
f 341/2632 457/2633 342/2634
f 459/2635 72/2636 437/2637
f 459/2638 437/2639 454/2640
f 414/2641 424/2642 429/2643
f 457/2644 341/2645 461/2646
f 454/2647 434/2648 462/2649
f 435/2650 89/2651 464/2652
f 465/2653 460/2654 466/2655
f 446/2656 445/2657 468/2658
f 454/2659 469/2660 459/2661
f 465/2662 466/2663 471/2664
f 472/2665 448/2666 453/2667
f 448/2668 472/2669 88/2670
f 298/2671 436/2672 335/2673
f 444/2674 443/2675 471/2676
f 476/2677 477/2678 479/2679
f 473/2680 463/2681 88/2682
f 480/2683 481/2684 462/2685
f 482/2686 483/2687 480/2688
f 484/2689 485/2690 458/2691
f 73/2692 470/2693 71/2694
f 470/2695 469/2696 486/2697
f 487/2698 457/2699 488/2700
f 484/2701 458/2702 487/2703
f 57/2704 436/2705 464/2706
f 486/2707 489/2708 71/2709
f 486/2710 481/2711 489/2712
f 468/2713 490/2714 478/2715
f 490/2716 491/2717 482/2718
f 467/2719 445/2720 492/2721
f 493/2722 455/2723 460/2724
f 489/2725 494/2726 439/2727
f 455/2728 493/2729 496/2730
f 460/2731 465/2732 493/2733
f 498/2734 490/2735 467/2736
f 497/2737 465/2738 499/2739
f 501/2740 473/2741 500/2742
f 499/2743 471/2744 502/2745
f 503/2746 500/2747 440/2748
f 494/2749 503/2750 438/2751
f 491/2752 504/2753 489/2754
f 467/2755 492/2756 498/2757
f 506/2758 501/2759 503/2760
f 504/2761 506/2762 494/2763
f 501/2764 506/2765 508/2766
f 498/2767 509/2768 490/2769
f 464/2770 463/2771 510/2772
f 436/2773 57/2774 474/2775
f 512/2776 513/2777 484/2778
f 510/2779 508/2780 514/2781
f 58/2782 57/2783 510/2784
f 515/2785 509/2786 505/2787
f 516/2788 58/2789 514/2790
f 511/2791 517/2792 507/2793
f 518/2794 495/2795 497/2796
f 502/2797 519/2798 499/2799
f 518/2800 497/2801 520/2802
f 360/2803 355/2804 522/2805
f 93/2806 521/2807 358/2808
f 351/2809 335/2810 523/2811
f 520/2812 519/2813 525/2814
f 526/2815 518/2816 525/2817
f 527/2818 352/2819 523/2820
f 528/2821 363/2822 527/2823
f 362/2824 363/2825 529/2826
f 526/2827 530/2828 518/2829
f 359/2830 94/2831 358/2832
f 359/2833 109/2834 94/2835
f 519/2836 531/2837 524/2838
f 533/2839 97/2840 102/2841
f 97/2842 534/2843 103/2844
f 97/2845 96/2846 534/2847
f 537/2848 526/2849 536/2850
f 529/2851 528/2852 538/2853
f 539/2854 540/2855 542/2856
f 91/2857 527/2858 543/2859
f 98/2860 97/2861 544/2862
f 546/2863 96/2864 545/2865
f 537/2866 547/2867 526/2868
f 56/2869 543/2870 474/2871
f 58/2872 548/2873 56/2874
f 549/2875 550/2876 547/2877
f 529/2878 110/2879 362/2880
f 549/2881 552/2882 550/2883
f 546/2884 545/2885 101/2886
f 554/2887 106/2888 546/2889
f 555/2890 516/2891 552/2892
f 557/2893 537/2894 556/2895
f 533/2896 521/2897 95/2898
f 547/2899 537/2900 549/2901
f 562/2902 560/2903 561/2904
f 561/2905 539/2906 562/2907
f 99/2908 564/2909 100/2910
f 565/2911 566/2912 556/2913
f 565/2914 558/2915 567/2916
f 554/2917 546/2918 568/2919
f 557/2920 566/2921 552/2922
f 110/2923 109/2924 364/2925
f 538/2926 90/2927 569/2928
f 538/2929 111/2930 529/2931
f 571/2932 570/2933 567/2934
f 572/2935 566/2936 570/2937
f 572/2938 91/2939 548/2940
f 569/2941 92/2942 571/2943
f 566/2944 572/2945 555/2946
f 112/2947 95/2948 108/2949
f 560/2950 562/2951 567/2952
f 61/2953 60/2954 554/2955
f 575/2956 576/2957 59/2958
f 577/2959 575/2960 574/2961
f 567/2962 573/2963 571/2964
f 111/2965 538/2966 581/2967
f 571/2968 576/2969 569/2970
f 576/2971 575/2972 581/2973
f 112/2974 111/2975 578/2976
f 574/2977 61/2978 568/2979
f 568/2980 582/2981 574/2982
f 515/2983 505/2984 551/2985
f 166/2986 163/2987 193/2988
f 306/2989 305/2990 584/2991
f 327/2992 444/2993 584/2994
f 297/2995 584/2996 424/2997
f 297/2998 263/2999 584/3000
f 263/3001 236/3002 306/3003
f 307/3004 293/3005 585/3006
f 326/3007 307/3008 451/3009
f 322/3010 342/3011 585/3012
f 451/3013 342/3014 452/3015
f 485/3016 475/3017 452/3018
f 475/3019 485/3020 502/3021
f 514/3022 517/3023 516/3024
f 516/3025 555/3026 58/3027
f 517/3028 515/3029 553/3030
f 496/3031 583/3032 492/3033
f 428/3034 456/3035 421/3036
f 502/3037 513/3038 519/3039
f 586/3040 531/3041 512/3042
f 531/3043 586/3044 532/3045
f 539/3046 561/3047 540/3048
f 314/3049 313/3050 336/3051
f 351/3052 316/3053 335/3054
f 583/3055 530/3056 551/3057
f 517/3058 511/3059 515/3060
f 427/3061 426/3062 449/3063
f 476/3064 479/3065 449/3066
f 587/3067 170/3068 242/3069
f 170/3070 167/3071 239/3072
f 299/3073 286/3074 308/3075
f 292/3076 300/3077 303/3078
f 300/3079 324/3080 588/3081
f 589/3082 349/3083 41/3084
f 349/3085 589/3086 340/3087
f 164/3088 170/3089 179/3090
f 187/3091 191/3092 210/3093
f 257/3094 226/3095 208/3096
f 251/3097 225/3098 271/3099
f 132/3100 144/3101 133/3102
f 150/3103 158/3104 189/3105
f 151/3106 150/3107 168/3108
f 136/3109 130/3110 134/3111
f 157/3112 143/3113 151/3114
f 220/3115 202/3116 10/3117
f 10/3118 9/3119 220/3120
f 287/3121 294/3122 276/3123
f 283/3124 47/3125 309/3126
f 267/3127 308/3128 249/3129
f 265/3130 276/3131 264/3132
f 308/3133 267/3134 309/3135
f 91/3136 572/3137 92/3138
f 131/3139 16/3140 132/3141
f 130/3142 138/3143 17/3144
f 426/3145 442/3146 476/3147
f 478/3148 482/3149 479/3150
f 462/3151 450/3152 480/3153
f 442/3154 446/3155 477/3156
f 72/3157 459/3158 73/3159
f 383/3160 412/3161 413/3162
f 413/3163 427/3164 431/3165
f 455/3166 496/3167 456/3168
f 273/3169 415/3170 272/3171
f 415/3172 428/3173 403/3174
f 291/3175 304/3176 301/3177
f 343/3178 321/3179 311/3180
f 512/3181 484/3182 590/3183
f 590/3184 487/3185 591/3186
f 591/3187 541/3188 590/3189
f 540/3190 586/3191 590/3192
f 542/3193 592/3194 539/3195
f 500/3196 472/3197 441/3198
f 256/3199 258/3200 233/3201
f 256/3202 425/3203 258/3204
f 88/3205 87/3206 448/3207
f 223/3208 252/3209 224/3210
f 49/3211 353/3212 356/3213
f 579/3214 578/3215 577/3216
f 368/3217 367/3218 401/3219
f 80/3220 79/3221 399/3222
f 473/3223 501/3224 463/3225
f 390/3226 392/3227 395/3228
f 238/3229 237/3230 285/3231
f 33/3232 211/3233 220/3234
f 354/3235 346/3236 350/3237
f 100/3238 582/3239 101/3240
f 295/3241 322/3242 296/3243
f 524/3244 532/3245 559/3246
f 525/3247 524/3248 536/3249
f 536/3250 559/3251 556/3252
f 289/3253 296/3254 275/3255
f 506/3256 504/3257 507/3258
f 544/3259 533/3260 564/3261
f 31/3262 197/3263 32/3264
f 180/3265 179/3266 199/3267
f 241/3268 260/3269 242/3270
f 530/3271 583/3272 495/3273
f 228/3274 216/3275 587/3276
f 228/3277 587/3278 235/3279
f 363/3280 337/3281 352/3282
f 579/3283 577/3284 580/3285
f 592/3286 106/3287 563/3288
f 563/3289 60/3290 562/3291
f 181/3292 11/3293 184/3294
f 181/3295 162/3296 11/3297
f 521/3298 533/3299 522/3300
f 356/3301 361/3302 49/3303
f 528/3304 527/3305 90/3306
f 448/3307 430/3308 447/3309
f 595/3310 596/3311 598/3312
f 600/3313 596/3314 599/3315
f 602/3316 598/3317 601/3318
f 140/3319 139/3320 604/3321
f 152/3322 183/3323 606/3324
f 183/3325 224/3326 605/3327
f 609/3328 374/3329 608/3330
f 608/3331 372/3332 610/3333
f 139/3334 152/3335 603/3336
f 366/3337 369/3338 371/3339
f 374/3340 609/3341 382/3342
f 607/3343 384/3344 611/3345
f 369/3346 604/3347 610/3348
f 603/3349 606/3350 610/3351
f 606/3352 605/3353 608/3354
f 605/3355 607/3356 609/3357
